2026-09-12 22:09:21,216 INFO request {"path": "/enter", "payload": {"arena_id": "default", "robot_id": "202601002029", "request_id": "a16b19df47d54a78ae01daab72fe960e"}, "attempt": 1}
2026-09-12 22:09:21,221 INFO response {"request_id": "a16b19df47d54a78ae01daab72fe960e", "http_status": 200, "body": {"accepted": true, "real_timestamp_ms": 1789222158090, "virtual_time_s": 0, "max_virtual_duration_s": 360000, "max_real_duration_s": 1200, "remaining_real_duration_s": 1200}}
2026-09-12 22:09:21,251 INFO request {"path": "/measure", "payload": {"arena_id": "default", "robot_id": "202601002029", "request_id": "0120c3e05663402d8a2480598d0f3553", "position": {"x": 0.0, "y": 0.0}, "channel": 1}, "attempt": 1}
2026-09-12 22:09:21,267 INFO response {"request_id": "0120c3e05663402d8a2480598d0f3553", "http_status": 200, "body": {"accepted": true, "real_timestamp_ms": 1789222158136, "virtual_time_s": 5, "measure_result": "direction", "svd_deg": 13.58}}
2026-09-12 22:09:21,280 INFO request {"path": "/measure", "payload": {"arena_id": "default", "robot_id": "202601002029", "request_id": "1849f10fd703491a97267991d8e16e78", "position": {"x": 0.0, "y": 0.0}, "channel": 2}, "attempt": 1}
2026-09-12 22:09:21,282 INFO response {"request_id": "1849f10fd703491a97267991d8e16e78", "http_status": 200, "body": {"accepted": true, "real_timestamp_ms": 1789222158150, "virtual_time_s": 11, "measure_result": "no_signal"}}
2026-09-12 22:09:21,313 INFO request {"path": "/measure", "payload": {"arena_id": "default", "robot_id": "202601002029", "request_id": "8ac6837db1b6441589b20e74ec39bf49", "position": {"x": 0.0, "y": 0.0}, "channel": 3}, "attempt": 1}
2026-09-12 22:09:21,314 INFO response {"request_id": "8ac6837db1b6441589b20e74ec39bf49", "http_status": 200, "body": {"accepted": true, "real_timestamp_ms": 1789222158182, "virtual_time_s": 17, "measure_result": "no_signal"}}
2026-09-12 22:09:21,345 INFO request {"path": "/measure", "payload": {"arena_id": "default", "robot_id": "202601002029", "request_id": "f71c9a8077c846bf893ba847845fcbc1", "position": {"x": 0.0, "y": 0.0}, "channel": 4}, "attempt": 1}
2026-09-12 22:09:21,346 INFO response {"request_id": "f71c9a8077c846bf893ba847845fcbc1", "http_status": 200, "body": {"accepted": true, "real_timestamp_ms": 1789222158215, "virtual_time_s": 23, "measure_result": "direction", "svd_deg": 244.52}}
2026-09-12 22:09:21,363 INFO request {"path": "/measure", "payload": {"arena_id": "default", "robot_id": "202601002029", "request_id": "5b4761220e42406385f20aa258d4880c", "position": {"x": 0.0, "y": 0.0}, "channel": 5}, "attempt": 1}
2026-09-12 22:09:21,378 INFO response {"request_id": "5b4761220e42406385f20aa258d4880c", "http_status": 200, "body": {"accepted": true, "real_timestamp_ms": 1789222158247, "virtual_time_s": 29, "measure_result": "no_signal"}}
2026-09-12 22:09:21,393 INFO request {"path": "/measure", "payload": {"arena_id": "default", "robot_id": "202601002029", "request_id": "76104960270a4fb3bf86fc0f095b258b", "position": {"x": 0.0, "y": 0.0}, "channel": 6}, "attempt": 1}
2026-09-12 22:09:21,405 INFO response {"request_id": "76104960270a4fb3bf86fc0f095b258b", "http_status": 200, "body": {"accepted": true, "real_timestamp_ms": 1789222158274, "virtual_time_s": 35, "measure_result": "no_signal"}}
2026-09-12 22:09:21,421 INFO request {"path": "/measure", "payload": {"arena_id": "default", "robot_id": "202601002029", "request_id": "386622799aee4f66a287953ab9b79f5f", "position": {"x": 0.0, "y": 0.0}, "channel": 7}, "attempt": 1}
2026-09-12 22:09:21,423 INFO response {"request_id": "386622799aee4f66a287953ab9b79f5f", "http_status": 200, "body": {"accepted": true, "real_timestamp_ms": 1789222158292, "virtual_time_s": 41, "measure_result": "no_signal"}}
2026-09-12 22:09:21,454 INFO request {"path": "/measure", "payload": {"arena_id": "default", "robot_id": "202601002029", "request_id": "0017181acb6340eba5e6325fc5268ee8", "position": {"x": 0.0, "y": 0.0}, "channel": 8}, "attempt": 1}
2026-09-12 22:09:21,456 INFO response {"request_id": "0017181acb6340eba5e6325fc5268ee8", "http_status": 200, "body": {"accepted": true, "real_timestamp_ms": 1789222158325, "virtual_time_s": 47, "measure_result": "no_signal"}}
2026-09-12 22:09:21,487 INFO request {"path": "/measure", "payload": {"arena_id": "default", "robot_id": "202601002029", "request_id": "98637747e0b64197944969fc73fa472d", "position": {"x": 0.0, "y": 0.0}, "channel": 9}, "attempt": 1}
2026-09-12 22:09:21,505 INFO response {"request_id": "98637747e0b64197944969fc73fa472d", "http_status": 200, "body": {"accepted": true, "real_timestamp_ms": 1789222158374, "virtual_time_s": 53, "measure_result": "direction", "svd_deg": 84.29}}
2026-09-12 22:09:21,510 INFO request {"path": "/measure", "payload": {"arena_id": "default", "robot_id": "202601002029", "request_id": "a4243a47370b4dd18738e4fcabdf3554", "position": {"x": 0.0, "y": 0.0}, "channel": 10}, "attempt": 1}
2026-09-12 22:09:21,525 INFO response {"request_id": "a4243a47370b4dd18738e4fcabdf3554", "http_status": 200, "body": {"accepted": true, "real_timestamp_ms": 1789222158394, "virtual_time_s": 59, "measure_result": "no_signal"}}
2026-09-12 22:09:21,541 INFO request {"path": "/measure", "payload": {"arena_id": "default", "robot_id": "202601002029", "request_id": "073557e9b9514b64a7e6d4e6bfa87860", "position": {"x": 0.0, "y": 0.0}, "channel": 11}, "attempt": 1}
2026-09-12 22:09:21,555 INFO response {"request_id": "073557e9b9514b64a7e6d4e6bfa87860", "http_status": 200, "body": {"accepted": true, "real_timestamp_ms": 1789222158423, "virtual_time_s": 65, "measure_result": "no_signal"}}
2026-09-12 22:09:21,570 INFO request {"path": "/measure", "payload": {"arena_id": "default", "robot_id": "202601002029", "request_id": "d25a81087af34760bcd9cef1279a593a", "position": {"x": 0.0, "y": 0.0}, "channel": 12}, "attempt": 1}
2026-09-12 22:09:21,585 INFO response {"request_id": "d25a81087af34760bcd9cef1279a593a", "http_status": 200, "body": {"accepted": true, "real_timestamp_ms": 1789222158454, "virtual_time_s": 71, "measure_result": "direction", "svd_deg": 75.59}}
2026-09-12 22:09:21,605 INFO request {"path": "/measure", "payload": {"arena_id": "default", "robot_id": "202601002029", "request_id": "d1f1fbbdcfcf4d2f8abddb5a2dc47f77", "position": {"x": 0.0, "y": 0.0}, "channel": 13}, "attempt": 1}
2026-09-12 22:09:21,607 INFO response {"request_id": "d1f1fbbdcfcf4d2f8abddb5a2dc47f77", "http_status": 200, "body": {"accepted": true, "real_timestamp_ms": 1789222158476, "virtual_time_s": 77, "measure_result": "direction", "svd_deg": 314.39}}
2026-09-12 22:09:21,629 INFO request {"path": "/measure", "payload": {"arena_id": "default", "robot_id": "202601002029", "request_id": "0a68da75671c4b3abe56628794ddeae2", "position": {"x": 0.0, "y": 0.0}, "channel": 14}, "attempt": 1}
2026-09-12 22:09:21,645 INFO response {"request_id": "0a68da75671c4b3abe56628794ddeae2", "http_status": 200, "body": {"accepted": true, "real_timestamp_ms": 1789222158514, "virtual_time_s": 83, "measure_result": "no_signal"}}
2026-09-12 22:09:21,661 INFO request {"path": "/measure", "payload": {"arena_id": "default", "robot_id": "202601002029", "request_id": "748bf046f0f841aea84c612e18b79687", "position": {"x": 0.0, "y": 0.0}, "channel": 15}, "attempt": 1}
2026-09-12 22:09:21,673 INFO response {"request_id": "748bf046f0f841aea84c612e18b79687", "http_status": 200, "body": {"accepted": true, "real_timestamp_ms": 1789222158542, "virtual_time_s": 89, "measure_result": "direction", "svd_deg": 261.34}}
2026-09-12 22:09:21,706 INFO request {"path": "/measure", "payload": {"arena_id": "default", "robot_id": "202601002029", "request_id": "75e8fcdf1b4e49ab9d66544f74ef78d6", "position": {"x": 0.0, "y": 0.0}, "channel": 16}, "attempt": 1}
2026-09-12 22:09:21,722 INFO response {"request_id": "75e8fcdf1b4e49ab9d66544f74ef78d6", "http_status": 200, "body": {"accepted": true, "real_timestamp_ms": 1789222158591, "virtual_time_s": 95, "measure_result": "direction", "svd_deg": 28.52}}
2026-09-12 22:09:21,725 INFO request {"path": "/measure", "payload": {"arena_id": "default", "robot_id": "202601002029", "request_id": "9cddfd35d1d746899645746d13427897", "position": {"x": 0.0, "y": 0.0}, "channel": 17}, "attempt": 1}
2026-09-12 22:09:21,726 INFO response {"request_id": "9cddfd35d1d746899645746d13427897", "http_status": 200, "body": {"accepted": true, "real_timestamp_ms": 1789222158595, "virtual_time_s": 101, "measure_result": "no_signal"}}
2026-09-12 22:09:21,757 INFO request {"path": "/measure", "payload": {"arena_id": "default", "robot_id": "202601002029", "request_id": "b4b5cfca9103423d9fbeae61f050a0f8", "position": {"x": 0.0, "y": 0.0}, "channel": 18}, "attempt": 1}
2026-09-12 22:09:21,758 INFO response {"request_id": "b4b5cfca9103423d9fbeae61f050a0f8", "http_status": 200, "body": {"accepted": true, "real_timestamp_ms": 1789222158627, "virtual_time_s": 107, "measure_result": "no_signal"}}
2026-09-12 22:09:21,789 INFO request {"path": "/measure", "payload": {"arena_id": "default", "robot_id": "202601002029", "request_id": "c3f2a59b378d4194871f62dca873cb83", "position": {"x": 0.0, "y": 0.0}, "channel": 19}, "attempt": 1}
2026-09-12 22:09:21,802 INFO response {"request_id": "c3f2a59b378d4194871f62dca873cb83", "http_status": 200, "body": {"accepted": true, "real_timestamp_ms": 1789222158670, "virtual_time_s": 113, "measure_result": "direction", "svd_deg": 197.9}}
2026-09-12 22:09:21,822 INFO request {"path": "/measure", "payload": {"arena_id": "default", "robot_id": "202601002029", "request_id": "4cb00b8660ff4fa899f66efd768d6ffb", "position": {"x": 0.0, "y": 0.0}, "channel": 20}, "attempt": 1}
2026-09-12 22:09:21,824 INFO response {"request_id": "4cb00b8660ff4fa899f66efd768d6ffb", "http_status": 200, "body": {"accepted": true, "real_timestamp_ms": 1789222158693, "virtual_time_s": 119, "measure_result": "no_signal"}}
2026-09-12 22:09:21,858 INFO request {"path": "/measure", "payload": {"arena_id": "default", "robot_id": "202601002029", "request_id": "070749ce86574bd286766339d2b40d1c", "position": {"x": 980.0, "y": 0.0}, "channel": 20}, "attempt": 1}
2026-09-12 22:09:21,869 INFO response {"request_id": "070749ce86574bd286766339d2b40d1c", "http_status": 200, "body": {"accepted": true, "real_timestamp_ms": 1789222158738, "virtual_time_s": 320, "measure_result": "no_signal"}}
2026-09-12 22:09:21,884 INFO request {"path": "/measure", "payload": {"arena_id": "default", "robot_id": "202601002029", "request_id": "2813d2102bc6409e9074649679479595", "position": {"x": 980.0, "y": 0.0}, "channel": 2}, "attempt": 1}
2026-09-12 22:09:21,899 INFO response {"request_id": "2813d2102bc6409e9074649679479595", "http_status": 200, "body": {"accepted": true, "real_timestamp_ms": 1789222158767, "virtual_time_s": 326, "measure_result": "no_signal"}}
2026-09-12 22:09:21,914 INFO request {"path": "/measure", "payload": {"arena_id": "default", "robot_id": "202601002029", "request_id": "ad8e317c055a481da72b295a74293610", "position": {"x": 980.0, "y": 0.0}, "channel": 3}, "attempt": 1}
2026-09-12 22:09:21,929 INFO response {"request_id": "ad8e317c055a481da72b295a74293610", "http_status": 200, "body": {"accepted": true, "real_timestamp_ms": 1789222158798, "virtual_time_s": 332, "measure_result": "no_signal"}}
2026-09-12 22:09:21,944 INFO request {"path": "/measure", "payload": {"arena_id": "default", "robot_id": "202601002029", "request_id": "49489deeb4824110b5d5a3b8fbda8055", "position": {"x": 980.0, "y": 0.0}, "channel": 5}, "attempt": 1}
2026-09-12 22:09:21,958 INFO response {"request_id": "49489deeb4824110b5d5a3b8fbda8055", "http_status": 200, "body": {"accepted": true, "real_timestamp_ms": 1789222158827, "virtual_time_s": 338, "measure_result": "no_signal"}}
2026-09-12 22:09:21,973 INFO request {"path": "/measure", "payload": {"arena_id": "default", "robot_id": "202601002029", "request_id": "bb49906915d14fa5bd980136a1dab671", "position": {"x": 980.0, "y": 0.0}, "channel": 6}, "attempt": 1}
2026-09-12 22:09:21,986 INFO response {"request_id": "bb49906915d14fa5bd980136a1dab671", "http_status": 200, "body": {"accepted": true, "real_timestamp_ms": 1789222158855, "virtual_time_s": 344, "measure_result": "no_signal"}}
2026-09-12 22:09:22,017 INFO request {"path": "/measure", "payload": {"arena_id": "default", "robot_id": "202601002029", "request_id": "ea45bf6b08084afe92f7c36d24436a2b", "position": {"x": 980.0, "y": 0.0}, "channel": 7}, "attempt": 1}
2026-09-12 22:09:22,037 INFO response {"request_id": "ea45bf6b08084afe92f7c36d24436a2b", "http_status": 200, "body": {"accepted": true, "real_timestamp_ms": 1789222158906, "virtual_time_s": 350, "measure_result": "direction", "svd_deg": 1.86}}
2026-09-12 22:09:22,038 INFO request {"path": "/measure", "payload": {"arena_id": "default", "robot_id": "202601002029", "request_id": "f15bec01632243ecb86ee39e262f0c6a", "position": {"x": 980.0, "y": 0.0}, "channel": 8}, "attempt": 1}
2026-09-12 22:09:22,056 INFO response {"request_id": "f15bec01632243ecb86ee39e262f0c6a", "http_status": 200, "body": {"accepted": true, "real_timestamp_ms": 1789222158926, "virtual_time_s": 356, "measure_result": "no_signal"}}
2026-09-12 22:09:22,071 INFO request {"path": "/measure", "payload": {"arena_id": "default", "robot_id": "202601002029", "request_id": "93fdf6827f6a4c6388996d05a7cfb07f", "position": {"x": 980.0, "y": 0.0}, "channel": 10}, "attempt": 1}
2026-09-12 22:09:22,087 INFO response {"request_id": "93fdf6827f6a4c6388996d05a7cfb07f", "http_status": 200, "body": {"accepted": true, "real_timestamp_ms": 1789222158955, "virtual_time_s": 362, "measure_result": "direction", "svd_deg": 273.12}}
2026-09-12 22:09:22,107 INFO request {"path": "/measure", "payload": {"arena_id": "default", "robot_id": "202601002029", "request_id": "7f2f1068923948e3ad446c84cf7a75af", "position": {"x": 980.0, "y": 0.0}, "channel": 11}, "attempt": 1}
2026-09-12 22:09:22,110 INFO response {"request_id": "7f2f1068923948e3ad446c84cf7a75af", "http_status": 200, "body": {"accepted": true, "real_timestamp_ms": 1789222158978, "virtual_time_s": 368, "measure_result": "no_signal"}}
2026-09-12 22:09:22,140 INFO request {"path": "/measure", "payload": {"arena_id": "default", "robot_id": "202601002029", "request_id": "9b93772dd73c4b23abf69bd72c2c5843", "position": {"x": 980.0, "y": 0.0}, "channel": 14}, "attempt": 1}
2026-09-12 22:09:22,142 INFO response {"request_id": "9b93772dd73c4b23abf69bd72c2c5843", "http_status": 200, "body": {"accepted": true, "real_timestamp_ms": 1789222159011, "virtual_time_s": 374, "measure_result": "direction", "svd_deg": 305.1}}
2026-09-12 22:09:22,163 INFO request {"path": "/measure", "payload": {"arena_id": "default", "robot_id": "202601002029", "request_id": "0d854d9ff66e49e8af7756e1a0bbed19", "position": {"x": 980.0, "y": 0.0}, "channel": 17}, "attempt": 1}
2026-09-12 22:09:22,165 INFO response {"request_id": "0d854d9ff66e49e8af7756e1a0bbed19", "http_status": 200, "body": {"accepted": true, "real_timestamp_ms": 1789222159033, "virtual_time_s": 380, "measure_result": "no_signal"}}
2026-09-12 22:09:22,196 INFO request {"path": "/measure", "payload": {"arena_id": "default", "robot_id": "202601002029", "request_id": "19a2ef1366304b0fbcff27675ee967a7", "position": {"x": 980.0, "y": 0.0}, "channel": 18}, "attempt": 1}
2026-09-12 22:09:22,197 INFO response {"request_id": "19a2ef1366304b0fbcff27675ee967a7", "http_status": 200, "body": {"accepted": true, "real_timestamp_ms": 1789222159066, "virtual_time_s": 386, "measure_result": "no_signal"}}
2026-09-12 22:09:22,263 INFO request {"path": "/measure", "payload": {"arena_id": "default", "robot_id": "202601002029", "request_id": "dd7ee955d7a44a038cac43530c799176", "position": {"x": 980.0, "y": 0.0}, "channel": 13}, "attempt": 1}
2026-09-12 22:09:22,264 INFO response {"request_id": "dd7ee955d7a44a038cac43530c799176", "http_status": 200, "body": {"accepted": true, "real_timestamp_ms": 1789222159133, "virtual_time_s": 392, "measure_result": "direction", "svd_deg": 268.61}}
2026-09-12 22:09:22,297 INFO request {"path": "/measure", "payload": {"arena_id": "default", "robot_id": "202601002029", "request_id": "91a2800d6d724a9c8fe5fac302c65f94", "position": {"x": 980.0, "y": 0.0}, "channel": 16}, "attempt": 1}
2026-09-12 22:09:22,313 INFO response {"request_id": "91a2800d6d724a9c8fe5fac302c65f94", "http_status": 200, "body": {"accepted": true, "real_timestamp_ms": 1789222159183, "virtual_time_s": 398, "measure_result": "direction", "svd_deg": 159.07}}
2026-09-12 22:09:22,317 INFO request {"path": "/measure", "payload": {"arena_id": "default", "robot_id": "202601002029", "request_id": "d906cabe6b4247d2a9ccc73d5a45db01", "position": {"x": 848.70489570875, "y": 489.99999999999994}, "channel": 2}, "attempt": 1}
2026-09-12 22:09:22,318 INFO response {"request_id": "d906cabe6b4247d2a9ccc73d5a45db01", "http_status": 200, "body": {"accepted": true, "real_timestamp_ms": 1789222159187, "virtual_time_s": 505.457066, "measure_result": "direction", "svd_deg": 101.34}}
2026-09-12 22:09:22,350 INFO request {"path": "/measure", "payload": {"arena_id": "default", "robot_id": "202601002029", "request_id": "b656270efa6e4b9fad5e9220ef9b0940", "position": {"x": 848.70489570875, "y": 489.99999999999994}, "channel": 3}, "attempt": 1}
2026-09-12 22:09:22,351 INFO response {"request_id": "b656270efa6e4b9fad5e9220ef9b0940", "http_status": 200, "body": {"accepted": true, "real_timestamp_ms": 1789222159220, "virtual_time_s": 511.457066, "measure_result": "no_signal"}}
2026-09-12 22:09:22,381 INFO request {"path": "/measure", "payload": {"arena_id": "default", "robot_id": "202601002029", "request_id": "2ec4d7f33f52487bad6ca66e852e1553", "position": {"x": 848.70489570875, "y": 489.99999999999994}, "channel": 5}, "attempt": 1}
2026-09-12 22:09:22,382 INFO response {"request_id": "2ec4d7f33f52487bad6ca66e852e1553", "http_status": 200, "body": {"accepted": true, "real_timestamp_ms": 1789222159252, "virtual_time_s": 517.457066, "measure_result": "no_signal"}}
2026-09-12 22:09:22,413 INFO request {"path": "/measure", "payload": {"arena_id": "default", "robot_id": "202601002029", "request_id": "6be9b635771b4ad5b6be7661c09825c4", "position": {"x": 848.70489570875, "y": 489.99999999999994}, "channel": 6}, "attempt": 1}
2026-09-12 22:09:22,431 INFO response {"request_id": "6be9b635771b4ad5b6be7661c09825c4", "http_status": 200, "body": {"accepted": true, "real_timestamp_ms": 1789222159300, "virtual_time_s": 523.457066, "measure_result": "no_signal"}}
2026-09-12 22:09:22,446 INFO request {"path": "/measure", "payload": {"arena_id": "default", "robot_id": "202601002029", "request_id": "1cfdbaa64c784e288d4cd5a743f7cd8a", "position": {"x": 848.70489570875, "y": 489.99999999999994}, "channel": 8}, "attempt": 1}
2026-09-12 22:09:22,460 INFO response {"request_id": "1cfdbaa64c784e288d4cd5a743f7cd8a", "http_status": 200, "body": {"accepted": true, "real_timestamp_ms": 1789222159329, "virtual_time_s": 529.457066, "measure_result": "no_signal"}}
2026-09-12 22:09:22,475 INFO request {"path": "/measure", "payload": {"arena_id": "default", "robot_id": "202601002029", "request_id": "828af3619c8e4513984a324861f85640", "position": {"x": 848.70489570875, "y": 489.99999999999994}, "channel": 11}, "attempt": 1}
2026-09-12 22:09:22,491 INFO response {"request_id": "828af3619c8e4513984a324861f85640", "http_status": 200, "body": {"accepted": true, "real_timestamp_ms": 1789222159360, "virtual_time_s": 535.457066, "measure_result": "no_signal"}}
2026-09-12 22:09:22,505 INFO request {"path": "/measure", "payload": {"arena_id": "default", "robot_id": "202601002029", "request_id": "dc615593b9d842e4968c284d6d981265", "position": {"x": 848.70489570875, "y": 489.99999999999994}, "channel": 17}, "attempt": 1}
2026-09-12 22:09:22,519 INFO response {"request_id": "dc615593b9d842e4968c284d6d981265", "http_status": 200, "body": {"accepted": true, "real_timestamp_ms": 1789222159388, "virtual_time_s": 541.457066, "measure_result": "no_signal"}}
2026-09-12 22:09:22,535 INFO request {"path": "/measure", "payload": {"arena_id": "default", "robot_id": "202601002029", "request_id": "2b3ea9e62d564b02a1a205f4aface508", "position": {"x": 848.70489570875, "y": 489.99999999999994}, "channel": 18}, "attempt": 1}
2026-09-12 22:09:22,549 INFO response {"request_id": "2b3ea9e62d564b02a1a205f4aface508", "http_status": 200, "body": {"accepted": true, "real_timestamp_ms": 1789222159417, "virtual_time_s": 547.457066, "measure_result": "no_signal"}}
2026-09-12 22:09:22,580 INFO request {"path": "/measure", "payload": {"arena_id": "default", "robot_id": "202601002029", "request_id": "871386cd21e04b908bc59c5ee4b72a9f", "position": {"x": 848.70489570875, "y": 489.99999999999994}, "channel": 20}, "attempt": 1}
2026-09-12 22:09:22,597 INFO response {"request_id": "871386cd21e04b908bc59c5ee4b72a9f", "http_status": 200, "body": {"accepted": true, "real_timestamp_ms": 1789222159466, "virtual_time_s": 553.457066, "measure_result": "no_signal"}}
2026-09-12 22:09:22,703 INFO request {"path": "/measure", "payload": {"arena_id": "default", "robot_id": "202601002029", "request_id": "cd6debd9465c4a3491fc84146483f567", "position": {"x": 848.70489570875, "y": 489.99999999999994}, "channel": 12}, "attempt": 1}
2026-09-12 22:09:22,704 INFO response {"request_id": "cd6debd9465c4a3491fc84146483f567", "http_status": 200, "body": {"accepted": true, "real_timestamp_ms": 1789222159573, "virtual_time_s": 559.457066, "measure_result": "direction", "svd_deg": 179.82}}
2026-09-12 22:09:22,722 INFO request {"path": "/measure", "payload": {"arena_id": "default", "robot_id": "202601002029", "request_id": "d06237227deb414da9e87549b91a16f6", "position": {"x": 848.70489570875, "y": 489.99999999999994}, "channel": 9}, "attempt": 1}
2026-09-12 22:09:22,736 INFO response {"request_id": "d06237227deb414da9e87549b91a16f6", "http_status": 200, "body": {"accepted": true, "real_timestamp_ms": 1789222159604, "virtual_time_s": 565.457066, "measure_result": "direction", "svd_deg": 140.01}}
2026-09-12 22:09:22,757 INFO request {"path": "/measure", "payload": {"arena_id": "default", "robot_id": "202601002029", "request_id": "12baa4aac63d4b4e919c1389725a6c05", "position": {"x": 490.0000000000001, "y": 848.7048957087499}, "channel": 3}, "attempt": 1}
2026-09-12 22:09:22,759 INFO response {"request_id": "12baa4aac63d4b4e919c1389725a6c05", "http_status": 200, "body": {"accepted": true, "real_timestamp_ms": 1789222159628, "virtual_time_s": 672.914132, "measure_result": "no_signal"}}
2026-09-12 22:09:22,790 INFO request {"path": "/measure", "payload": {"arena_id": "default", "robot_id": "202601002029", "request_id": "95cafe0cc5ae43e8ac3ddb7382e2570d", "position": {"x": 490.0000000000001, "y": 848.7048957087499}, "channel": 5}, "attempt": 1}
2026-09-12 22:09:22,804 INFO response {"request_id": "95cafe0cc5ae43e8ac3ddb7382e2570d", "http_status": 200, "body": {"accepted": true, "real_timestamp_ms": 1789222159672, "virtual_time_s": 678.914132, "measure_result": "no_signal"}}
2026-09-12 22:09:22,819 INFO request {"path": "/measure", "payload": {"arena_id": "default", "robot_id": "202601002029", "request_id": "0204755fa6604b9c846b2ed918a7e2ea", "position": {"x": 490.0000000000001, "y": 848.7048957087499}, "channel": 6}, "attempt": 1}
2026-09-12 22:09:22,832 INFO response {"request_id": "0204755fa6604b9c846b2ed918a7e2ea", "http_status": 200, "body": {"accepted": true, "real_timestamp_ms": 1789222159701, "virtual_time_s": 684.914132, "measure_result": "no_signal"}}
2026-09-12 22:09:22,846 INFO request {"path": "/measure", "payload": {"arena_id": "default", "robot_id": "202601002029", "request_id": "0600ec43d0b3417e8d16bc79175dc023", "position": {"x": 490.0000000000001, "y": 848.7048957087499}, "channel": 8}, "attempt": 1}
2026-09-12 22:09:22,860 INFO response {"request_id": "0600ec43d0b3417e8d16bc79175dc023", "http_status": 200, "body": {"accepted": true, "real_timestamp_ms": 1789222159728, "virtual_time_s": 690.914132, "measure_result": "no_signal"}}
2026-09-12 22:09:22,876 INFO request {"path": "/measure", "payload": {"arena_id": "default", "robot_id": "202601002029", "request_id": "94155d7901fa4c4191b89dd0994b51b5", "position": {"x": 490.0000000000001, "y": 848.7048957087499}, "channel": 11}, "attempt": 1}
2026-09-12 22:09:22,890 INFO response {"request_id": "94155d7901fa4c4191b89dd0994b51b5", "http_status": 200, "body": {"accepted": true, "real_timestamp_ms": 1789222159759, "virtual_time_s": 696.914132, "measure_result": "no_signal"}}
2026-09-12 22:09:22,906 INFO request {"path": "/measure", "payload": {"arena_id": "default", "robot_id": "202601002029", "request_id": "f7379fc27132433fa1c73d81df451268", "position": {"x": 490.0000000000001, "y": 848.7048957087499}, "channel": 17}, "attempt": 1}
2026-09-12 22:09:22,920 INFO response {"request_id": "f7379fc27132433fa1c73d81df451268", "http_status": 200, "body": {"accepted": true, "real_timestamp_ms": 1789222159789, "virtual_time_s": 702.914132, "measure_result": "no_signal"}}
2026-09-12 22:09:22,935 INFO request {"path": "/measure", "payload": {"arena_id": "default", "robot_id": "202601002029", "request_id": "01c4ad340e3546b889e33007f612cd21", "position": {"x": 490.0000000000001, "y": 848.7048957087499}, "channel": 18}, "attempt": 1}
2026-09-12 22:09:22,950 INFO response {"request_id": "01c4ad340e3546b889e33007f612cd21", "http_status": 200, "body": {"accepted": true, "real_timestamp_ms": 1789222159819, "virtual_time_s": 708.914132, "measure_result": "no_signal"}}
2026-09-12 22:09:22,966 INFO request {"path": "/measure", "payload": {"arena_id": "default", "robot_id": "202601002029", "request_id": "a931add919b54d62adf891793cc9d033", "position": {"x": 490.0000000000001, "y": 848.7048957087499}, "channel": 20}, "attempt": 1}
2026-09-12 22:09:22,979 INFO response {"request_id": "a931add919b54d62adf891793cc9d033", "http_status": 200, "body": {"accepted": true, "real_timestamp_ms": 1789222159848, "virtual_time_s": 714.914132, "measure_result": "no_signal"}}
2026-09-12 22:09:23,078 INFO request {"path": "/measure", "payload": {"arena_id": "default", "robot_id": "202601002029", "request_id": "dbd5479d9bad4bd4920821e217012f06", "position": {"x": 490.0000000000001, "y": 848.7048957087499}, "channel": 1}, "attempt": 1}
2026-09-12 22:09:23,080 INFO response {"request_id": "dbd5479d9bad4bd4920821e217012f06", "http_status": 200, "body": {"accepted": true, "real_timestamp_ms": 1789222159948, "virtual_time_s": 720.914132, "measure_result": "direction", "svd_deg": 316.57}}
2026-09-12 22:09:23,097 INFO request {"path": "/measure", "payload": {"arena_id": "default", "robot_id": "202601002029", "request_id": "1ba794c46b8d41839f670ef61638c4f3", "position": {"x": 490.0000000000001, "y": 848.7048957087499}, "channel": 2}, "attempt": 1}
2026-09-12 22:09:23,116 INFO response {"request_id": "1ba794c46b8d41839f670ef61638c4f3", "http_status": 200, "body": {"accepted": true, "real_timestamp_ms": 1789222159986, "virtual_time_s": 726.914132, "measure_result": "direction", "svd_deg": 68.83}}
2026-09-12 22:09:23,119 INFO request {"path": "/measure", "payload": {"arena_id": "default", "robot_id": "202601002029", "request_id": "4b9dc472862249ac8e1d0382b30e840c", "position": {"x": 6.000769315822031e-14, "y": 980.0}, "channel": 3}, "attempt": 1}
2026-09-12 22:09:23,136 INFO response {"request_id": "4b9dc472862249ac8e1d0382b30e840c", "http_status": 200, "body": {"accepted": true, "real_timestamp_ms": 1789222160005, "virtual_time_s": 834.371198, "measure_result": "no_signal"}}
2026-09-12 22:09:23,151 INFO request {"path": "/measure", "payload": {"arena_id": "default", "robot_id": "202601002029", "request_id": "6194113bcc25438d99a3b16f31d2554c", "position": {"x": 6.000769315822031e-14, "y": 980.0}, "channel": 5}, "attempt": 1}
2026-09-12 22:09:23,152 INFO response {"request_id": "6194113bcc25438d99a3b16f31d2554c", "http_status": 200, "body": {"accepted": true, "real_timestamp_ms": 1789222160021, "virtual_time_s": 840.371198, "measure_result": "no_signal"}}
2026-09-12 22:09:23,183 INFO request {"path": "/measure", "payload": {"arena_id": "default", "robot_id": "202601002029", "request_id": "9cf6055a72bd4cec87027909383ca9ff", "position": {"x": 6.000769315822031e-14, "y": 980.0}, "channel": 6}, "attempt": 1}
2026-09-12 22:09:23,184 INFO response {"request_id": "9cf6055a72bd4cec87027909383ca9ff", "http_status": 200, "body": {"accepted": true, "real_timestamp_ms": 1789222160053, "virtual_time_s": 846.371198, "measure_result": "no_signal"}}
2026-09-12 22:09:23,214 INFO request {"path": "/measure", "payload": {"arena_id": "default", "robot_id": "202601002029", "request_id": "359cff1a6a8e4812bbef38e323749df6", "position": {"x": 6.000769315822031e-14, "y": 980.0}, "channel": 8}, "attempt": 1}
2026-09-12 22:09:23,217 INFO response {"request_id": "359cff1a6a8e4812bbef38e323749df6", "http_status": 200, "body": {"accepted": true, "real_timestamp_ms": 1789222160085, "virtual_time_s": 852.371198, "measure_result": "no_signal"}}
2026-09-12 22:09:23,247 INFO request {"path": "/measure", "payload": {"arena_id": "default", "robot_id": "202601002029", "request_id": "957d3c5e948840298f57decd6fc70a0b", "position": {"x": 6.000769315822031e-14, "y": 980.0}, "channel": 11}, "attempt": 1}
2026-09-12 22:09:23,265 INFO response {"request_id": "957d3c5e948840298f57decd6fc70a0b", "http_status": 200, "body": {"accepted": true, "real_timestamp_ms": 1789222160134, "virtual_time_s": 858.371198, "measure_result": "no_signal"}}
2026-09-12 22:09:23,280 INFO request {"path": "/measure", "payload": {"arena_id": "default", "robot_id": "202601002029", "request_id": "c79a342955b143ff962e4970f94275e7", "position": {"x": 6.000769315822031e-14, "y": 980.0}, "channel": 17}, "attempt": 1}
2026-09-12 22:09:23,294 INFO response {"request_id": "c79a342955b143ff962e4970f94275e7", "http_status": 200, "body": {"accepted": true, "real_timestamp_ms": 1789222160163, "virtual_time_s": 864.371198, "measure_result": "no_signal"}}
2026-09-12 22:09:23,308 INFO request {"path": "/measure", "payload": {"arena_id": "default", "robot_id": "202601002029", "request_id": "6a397f9fc8e349239b00add48f04bfe5", "position": {"x": 6.000769315822031e-14, "y": 980.0}, "channel": 18}, "attempt": 1}
2026-09-12 22:09:23,323 INFO response {"request_id": "6a397f9fc8e349239b00add48f04bfe5", "http_status": 200, "body": {"accepted": true, "real_timestamp_ms": 1789222160192, "virtual_time_s": 870.371198, "measure_result": "no_signal"}}
2026-09-12 22:09:23,339 INFO request {"path": "/measure", "payload": {"arena_id": "default", "robot_id": "202601002029", "request_id": "b5fa5245ef764b0fb2071054360bfea0", "position": {"x": 6.000769315822031e-14, "y": 980.0}, "channel": 20}, "attempt": 1}
2026-09-12 22:09:23,352 INFO response {"request_id": "b5fa5245ef764b0fb2071054360bfea0", "http_status": 200, "body": {"accepted": true, "real_timestamp_ms": 1789222160221, "virtual_time_s": 876.371198, "measure_result": "no_signal"}}
2026-09-12 22:09:23,430 INFO request {"path": "/measure", "payload": {"arena_id": "default", "robot_id": "202601002029", "request_id": "207a1b47a16940339a47ef79c8a68090", "position": {"x": 6.000769315822031e-14, "y": 980.0}, "channel": 9}, "attempt": 1}
2026-09-12 22:09:23,431 INFO response {"request_id": "207a1b47a16940339a47ef79c8a68090", "http_status": 200, "body": {"accepted": true, "real_timestamp_ms": 1789222160300, "virtual_time_s": 882.371198, "measure_result": "no_signal"}}
2026-09-12 22:09:23,462 INFO request {"path": "/measure", "payload": {"arena_id": "default", "robot_id": "202601002029", "request_id": "203c30b94e2c4d94a15b75fe209ab0c3", "position": {"x": 6.000769315822031e-14, "y": 980.0}, "channel": 2}, "attempt": 1}
2026-09-12 22:09:23,479 INFO response {"request_id": "203c30b94e2c4d94a15b75fe209ab0c3", "http_status": 200, "body": {"accepted": true, "real_timestamp_ms": 1789222160348, "virtual_time_s": 888.371198, "measure_result": "direction", "svd_deg": 29.02}}
2026-09-12 22:09:23,503 INFO request {"path": "/measure", "payload": {"arena_id": "default", "robot_id": "202601002029", "request_id": "b4110b2b9c81411098c1d809fd431fac", "position": {"x": -489.9999999999998, "y": 848.70489570875}, "channel": 3}, "attempt": 1}
2026-09-12 22:09:23,518 INFO response {"request_id": "b4110b2b9c81411098c1d809fd431fac", "http_status": 200, "body": {"accepted": true, "real_timestamp_ms": 1789222160387, "virtual_time_s": 995.828264, "measure_result": "no_signal"}}
2026-09-12 22:09:23,533 INFO request {"path": "/measure", "payload": {"arena_id": "default", "robot_id": "202601002029", "request_id": "d8b04c24fc1e431ab494415b3675612a", "position": {"x": -489.9999999999998, "y": 848.70489570875}, "channel": 5}, "attempt": 1}
2026-09-12 22:09:23,548 INFO response {"request_id": "d8b04c24fc1e431ab494415b3675612a", "http_status": 200, "body": {"accepted": true, "real_timestamp_ms": 1789222160417, "virtual_time_s": 1001.828264, "measure_result": "no_signal"}}
2026-09-12 22:09:23,563 INFO request {"path": "/measure", "payload": {"arena_id": "default", "robot_id": "202601002029", "request_id": "1a05278f20a84756aa80ae63b5959cd9", "position": {"x": -489.9999999999998, "y": 848.70489570875}, "channel": 6}, "attempt": 1}
2026-09-12 22:09:23,565 INFO response {"request_id": "1a05278f20a84756aa80ae63b5959cd9", "http_status": 200, "body": {"accepted": true, "real_timestamp_ms": 1789222160433, "virtual_time_s": 1007.828264, "measure_result": "no_signal"}}
2026-09-12 22:09:23,596 INFO request {"path": "/measure", "payload": {"arena_id": "default", "robot_id": "202601002029", "request_id": "0091618789d247afa2122f8c79f770bd", "position": {"x": -489.9999999999998, "y": 848.70489570875}, "channel": 8}, "attempt": 1}
2026-09-12 22:09:23,598 INFO response {"request_id": "0091618789d247afa2122f8c79f770bd", "http_status": 200, "body": {"accepted": true, "real_timestamp_ms": 1789222160467, "virtual_time_s": 1013.828264, "measure_result": "no_signal"}}
2026-09-12 22:09:23,614 INFO request {"path": "/measure", "payload": {"arena_id": "default", "robot_id": "202601002029", "request_id": "8443a7965357412f91b90e67cc96412d", "position": {"x": -489.9999999999998, "y": 848.70489570875}, "channel": 11}, "attempt": 1}
2026-09-12 22:09:23,629 INFO response {"request_id": "8443a7965357412f91b90e67cc96412d", "http_status": 200, "body": {"accepted": true, "real_timestamp_ms": 1789222160495, "virtual_time_s": 1019.828264, "measure_result": "no_signal"}}
2026-09-12 22:09:23,644 INFO request {"path": "/measure", "payload": {"arena_id": "default", "robot_id": "202601002029", "request_id": "871193cec738406294c1e9c95fd63317", "position": {"x": -489.9999999999998, "y": 848.70489570875}, "channel": 17}, "attempt": 1}
2026-09-12 22:09:23,646 INFO response {"request_id": "871193cec738406294c1e9c95fd63317", "http_status": 200, "body": {"accepted": true, "real_timestamp_ms": 1789222160514, "virtual_time_s": 1025.828264, "measure_result": "no_signal"}}
2026-09-12 22:09:23,662 INFO request {"path": "/measure", "payload": {"arena_id": "default", "robot_id": "202601002029", "request_id": "72f85c43b6e9410eb08418cc93985679", "position": {"x": -489.9999999999998, "y": 848.70489570875}, "channel": 18}, "attempt": 1}
2026-09-12 22:09:23,675 INFO response {"request_id": "72f85c43b6e9410eb08418cc93985679", "http_status": 200, "body": {"accepted": true, "real_timestamp_ms": 1789222160544, "virtual_time_s": 1031.828264, "measure_result": "no_signal"}}
2026-09-12 22:09:23,690 INFO request {"path": "/measure", "payload": {"arena_id": "default", "robot_id": "202601002029", "request_id": "8204a8526ddd4316a2d1f21f0b500e1b", "position": {"x": -489.9999999999998, "y": 848.70489570875}, "channel": 20}, "attempt": 1}
2026-09-12 22:09:23,705 INFO response {"request_id": "8204a8526ddd4316a2d1f21f0b500e1b", "http_status": 200, "body": {"accepted": true, "real_timestamp_ms": 1789222160573, "virtual_time_s": 1037.828264, "measure_result": "no_signal"}}
2026-09-12 22:09:23,757 INFO request {"path": "/measure", "payload": {"arena_id": "default", "robot_id": "202601002029", "request_id": "9f24509416eb4a58932bb5aa024c02b3", "position": {"x": -489.9999999999998, "y": 848.70489570875}, "channel": 9}, "attempt": 1}
2026-09-12 22:09:23,774 INFO response {"request_id": "9f24509416eb4a58932bb5aa024c02b3", "http_status": 200, "body": {"accepted": true, "real_timestamp_ms": 1789222160643, "virtual_time_s": 1043.828264, "measure_result": "no_signal"}}
2026-09-12 22:09:23,790 INFO request {"path": "/measure", "payload": {"arena_id": "default", "robot_id": "202601002029", "request_id": "82d8cafdf094451f8aa02a7bfcd93bb5", "position": {"x": -848.7048957087497, "y": 490.00000000000034}, "channel": 3}, "attempt": 1}
2026-09-12 22:09:23,803 INFO response {"request_id": "82d8cafdf094451f8aa02a7bfcd93bb5", "http_status": 200, "body": {"accepted": true, "real_timestamp_ms": 1789222160672, "virtual_time_s": 1151.28533, "measure_result": "no_signal"}}
2026-09-12 22:09:23,817 INFO request {"path": "/measure", "payload": {"arena_id": "default", "robot_id": "202601002029", "request_id": "800e2bf26eba4818bd53f68d8b10f59a", "position": {"x": -848.7048957087497, "y": 490.00000000000034}, "channel": 5}, "attempt": 1}
2026-09-12 22:09:23,832 INFO response {"request_id": "800e2bf26eba4818bd53f68d8b10f59a", "http_status": 200, "body": {"accepted": true, "real_timestamp_ms": 1789222160700, "virtual_time_s": 1157.28533, "measure_result": "no_signal"}}
2026-09-12 22:09:23,846 INFO request {"path": "/measure", "payload": {"arena_id": "default", "robot_id": "202601002029", "request_id": "b4d38bf817de48e4bfa7cb7c39bb4593", "position": {"x": -848.7048957087497, "y": 490.00000000000034}, "channel": 6}, "attempt": 1}
2026-09-12 22:09:23,862 INFO response {"request_id": "b4d38bf817de48e4bfa7cb7c39bb4593", "http_status": 200, "body": {"accepted": true, "real_timestamp_ms": 1789222160731, "virtual_time_s": 1163.28533, "measure_result": "no_signal"}}
2026-09-12 22:09:23,878 INFO request {"path": "/measure", "payload": {"arena_id": "default", "robot_id": "202601002029", "request_id": "32433a7d61354ea5884d9b0d3b594cf9", "position": {"x": -848.7048957087497, "y": 490.00000000000034}, "channel": 8}, "attempt": 1}
2026-09-12 22:09:23,879 INFO response {"request_id": "32433a7d61354ea5884d9b0d3b594cf9", "http_status": 200, "body": {"accepted": true, "real_timestamp_ms": 1789222160748, "virtual_time_s": 1169.28533, "measure_result": "no_signal"}}
2026-09-12 22:09:23,893 INFO request {"path": "/measure", "payload": {"arena_id": "default", "robot_id": "202601002029", "request_id": "1edc2786f4db4467b6e18df452c47f49", "position": {"x": -848.7048957087497, "y": 490.00000000000034}, "channel": 11}, "attempt": 1}
2026-09-12 22:09:23,908 INFO response {"request_id": "1edc2786f4db4467b6e18df452c47f49", "http_status": 200, "body": {"accepted": true, "real_timestamp_ms": 1789222160777, "virtual_time_s": 1175.28533, "measure_result": "no_signal"}}
2026-09-12 22:09:23,924 INFO request {"path": "/measure", "payload": {"arena_id": "default", "robot_id": "202601002029", "request_id": "13b8b3a82e7b4b68b0480e367493d551", "position": {"x": -848.7048957087497, "y": 490.00000000000034}, "channel": 17}, "attempt": 1}
2026-09-12 22:09:23,925 INFO response {"request_id": "13b8b3a82e7b4b68b0480e367493d551", "http_status": 200, "body": {"accepted": true, "real_timestamp_ms": 1789222160794, "virtual_time_s": 1181.28533, "measure_result": "no_signal"}}
2026-09-12 22:09:23,956 INFO request {"path": "/measure", "payload": {"arena_id": "default", "robot_id": "202601002029", "request_id": "a9ac133243a4485caee7ea82261243e5", "position": {"x": -848.7048957087497, "y": 490.00000000000034}, "channel": 18}, "attempt": 1}
2026-09-12 22:09:23,958 INFO response {"request_id": "a9ac133243a4485caee7ea82261243e5", "http_status": 200, "body": {"accepted": true, "real_timestamp_ms": 1789222160826, "virtual_time_s": 1187.28533, "measure_result": "no_signal"}}
2026-09-12 22:09:23,972 INFO request {"path": "/measure", "payload": {"arena_id": "default", "robot_id": "202601002029", "request_id": "d7fa69aea29c4d309a65c58824725bc4", "position": {"x": -848.7048957087497, "y": 490.00000000000034}, "channel": 20}, "attempt": 1}
2026-09-12 22:09:23,974 INFO response {"request_id": "d7fa69aea29c4d309a65c58824725bc4", "http_status": 200, "body": {"accepted": true, "real_timestamp_ms": 1789222160842, "virtual_time_s": 1193.28533, "measure_result": "no_signal"}}
2026-09-12 22:09:24,010 INFO request {"path": "/measure", "payload": {"arena_id": "default", "robot_id": "202601002029", "request_id": "6bc1e8307d2f45fba365dacca659c63c", "position": {"x": -848.7048957087497, "y": 490.00000000000034}, "channel": 19}, "attempt": 1}
2026-09-12 22:09:24,025 INFO response {"request_id": "6bc1e8307d2f45fba365dacca659c63c", "http_status": 200, "body": {"accepted": true, "real_timestamp_ms": 1789222160894, "virtual_time_s": 1199.28533, "measure_result": "direction", "svd_deg": 290.63}}
2026-09-12 22:09:24,043 INFO request {"path": "/measure", "payload": {"arena_id": "default", "robot_id": "202601002029", "request_id": "c88ced3ade524ac49c3d8ac1fc5d5ba5", "position": {"x": -980.0, "y": 1.2001538631644062e-13}, "channel": 3}, "attempt": 1}
2026-09-12 22:09:24,044 INFO response {"request_id": "c88ced3ade524ac49c3d8ac1fc5d5ba5", "http_status": 200, "body": {"accepted": true, "real_timestamp_ms": 1789222160913, "virtual_time_s": 1306.742396, "measure_result": "no_signal"}}
2026-09-12 22:09:24,075 INFO request {"path": "/measure", "payload": {"arena_id": "default", "robot_id": "202601002029", "request_id": "95f5c89e75b14ed28ba541315cd5033c", "position": {"x": -980.0, "y": 1.2001538631644062e-13}, "channel": 5}, "attempt": 1}
2026-09-12 22:09:24,093 INFO response {"request_id": "95f5c89e75b14ed28ba541315cd5033c", "http_status": 200, "body": {"accepted": true, "real_timestamp_ms": 1789222160962, "virtual_time_s": 1312.742396, "measure_result": "no_signal"}}
2026-09-12 22:09:24,108 INFO request {"path": "/measure", "payload": {"arena_id": "default", "robot_id": "202601002029", "request_id": "62c06263aadb4e6c907f325ec97040f6", "position": {"x": -980.0, "y": 1.2001538631644062e-13}, "channel": 6}, "attempt": 1}
2026-09-12 22:09:24,125 INFO response {"request_id": "62c06263aadb4e6c907f325ec97040f6", "http_status": 200, "body": {"accepted": true, "real_timestamp_ms": 1789222160993, "virtual_time_s": 1318.742396, "measure_result": "no_signal"}}
2026-09-12 22:09:24,140 INFO request {"path": "/measure", "payload": {"arena_id": "default", "robot_id": "202601002029", "request_id": "721fef6a503c4b5b871679e30028b5d2", "position": {"x": -980.0, "y": 1.2001538631644062e-13}, "channel": 8}, "attempt": 1}
2026-09-12 22:09:24,155 INFO response {"request_id": "721fef6a503c4b5b871679e30028b5d2", "http_status": 200, "body": {"accepted": true, "real_timestamp_ms": 1789222161023, "virtual_time_s": 1324.742396, "measure_result": "no_signal"}}
2026-09-12 22:09:24,171 INFO request {"path": "/measure", "payload": {"arena_id": "default", "robot_id": "202601002029", "request_id": "16968e077a5647a3a2bfe4af15c80e0c", "position": {"x": -980.0, "y": 1.2001538631644062e-13}, "channel": 11}, "attempt": 1}
2026-09-12 22:09:24,184 INFO response {"request_id": "16968e077a5647a3a2bfe4af15c80e0c", "http_status": 200, "body": {"accepted": true, "real_timestamp_ms": 1789222161052, "virtual_time_s": 1330.742396, "measure_result": "no_signal"}}
2026-09-12 22:09:24,198 INFO request {"path": "/measure", "payload": {"arena_id": "default", "robot_id": "202601002029", "request_id": "ab9223f8961a4012a01f9085bb1e8705", "position": {"x": -980.0, "y": 1.2001538631644062e-13}, "channel": 17}, "attempt": 1}
2026-09-12 22:09:24,212 INFO response {"request_id": "ab9223f8961a4012a01f9085bb1e8705", "http_status": 200, "body": {"accepted": true, "real_timestamp_ms": 1789222161081, "virtual_time_s": 1336.742396, "measure_result": "no_signal"}}
2026-09-12 22:09:24,228 INFO request {"path": "/measure", "payload": {"arena_id": "default", "robot_id": "202601002029", "request_id": "99ddf56187224860bf36e8a7b5f61412", "position": {"x": -980.0, "y": 1.2001538631644062e-13}, "channel": 18}, "attempt": 1}
2026-09-12 22:09:24,242 INFO response {"request_id": "99ddf56187224860bf36e8a7b5f61412", "http_status": 200, "body": {"accepted": true, "real_timestamp_ms": 1789222161111, "virtual_time_s": 1342.742396, "measure_result": "no_signal"}}
2026-09-12 22:09:24,257 INFO request {"path": "/measure", "payload": {"arena_id": "default", "robot_id": "202601002029", "request_id": "3c5166918cf241fdb93c757e96efc20a", "position": {"x": -980.0, "y": 1.2001538631644062e-13}, "channel": 20}, "attempt": 1}
2026-09-12 22:09:24,271 INFO response {"request_id": "3c5166918cf241fdb93c757e96efc20a", "http_status": 200, "body": {"accepted": true, "real_timestamp_ms": 1789222161140, "virtual_time_s": 1348.742396, "measure_result": "no_signal"}}
2026-09-12 22:09:24,306 INFO request {"path": "/measure", "payload": {"arena_id": "default", "robot_id": "202601002029", "request_id": "56977c183fd24dabaf189e846b13bdcb", "position": {"x": -980.0, "y": 1.2001538631644062e-13}, "channel": 4}, "attempt": 1}
2026-09-12 22:09:24,321 INFO response {"request_id": "56977c183fd24dabaf189e846b13bdcb", "http_status": 200, "body": {"accepted": true, "real_timestamp_ms": 1789222161190, "virtual_time_s": 1354.742396, "measure_result": "direction", "svd_deg": 301.91}}
2026-09-12 22:09:24,341 INFO request {"path": "/measure", "payload": {"arena_id": "default", "robot_id": "202601002029", "request_id": "94a73d02c4fc461186725b90de550d43", "position": {"x": -848.7048957087501, "y": -489.9999999999997}, "channel": 3}, "attempt": 1}
2026-09-12 22:09:24,342 INFO response {"request_id": "94a73d02c4fc461186725b90de550d43", "http_status": 200, "body": {"accepted": true, "real_timestamp_ms": 1789222161211, "virtual_time_s": 1462.199462, "measure_result": "no_signal"}}
2026-09-12 22:09:24,373 INFO request {"path": "/measure", "payload": {"arena_id": "default", "robot_id": "202601002029", "request_id": "b441cc0168214e909bfcc47196e3c2b8", "position": {"x": -848.7048957087501, "y": -489.9999999999997}, "channel": 5}, "attempt": 1}
2026-09-12 22:09:24,391 INFO response {"request_id": "b441cc0168214e909bfcc47196e3c2b8", "http_status": 200, "body": {"accepted": true, "real_timestamp_ms": 1789222161260, "virtual_time_s": 1468.199462, "measure_result": "no_signal"}}
2026-09-12 22:09:24,406 INFO request {"path": "/measure", "payload": {"arena_id": "default", "robot_id": "202601002029", "request_id": "d895c3498e5e46b5a9afe7ff177ea021", "position": {"x": -848.7048957087501, "y": -489.9999999999997}, "channel": 6}, "attempt": 1}
2026-09-12 22:09:24,407 INFO response {"request_id": "d895c3498e5e46b5a9afe7ff177ea021", "http_status": 200, "body": {"accepted": true, "real_timestamp_ms": 1789222161276, "virtual_time_s": 1474.199462, "measure_result": "no_signal"}}
2026-09-12 22:09:24,438 INFO request {"path": "/measure", "payload": {"arena_id": "default", "robot_id": "202601002029", "request_id": "12be0f5862ba4e7da04cd1b610071a10", "position": {"x": -848.7048957087501, "y": -489.9999999999997}, "channel": 8}, "attempt": 1}
2026-09-12 22:09:24,441 INFO response {"request_id": "12be0f5862ba4e7da04cd1b610071a10", "http_status": 200, "body": {"accepted": true, "real_timestamp_ms": 1789222161310, "virtual_time_s": 1480.199462, "measure_result": "no_signal"}}
2026-09-12 22:09:24,458 INFO request {"path": "/measure", "payload": {"arena_id": "default", "robot_id": "202601002029", "request_id": "12d23fe0f9ce4ec9864902b6e4311384", "position": {"x": -848.7048957087501, "y": -489.9999999999997}, "channel": 11}, "attempt": 1}
2026-09-12 22:09:24,459 INFO response {"request_id": "12d23fe0f9ce4ec9864902b6e4311384", "http_status": 200, "body": {"accepted": true, "real_timestamp_ms": 1789222161328, "virtual_time_s": 1486.199462, "measure_result": "no_signal"}}
2026-09-12 22:09:24,490 INFO request {"path": "/measure", "payload": {"arena_id": "default", "robot_id": "202601002029", "request_id": "7c081a20903b494aa628df5759f47998", "position": {"x": -848.7048957087501, "y": -489.9999999999997}, "channel": 17}, "attempt": 1}
2026-09-12 22:09:24,507 INFO response {"request_id": "7c081a20903b494aa628df5759f47998", "http_status": 200, "body": {"accepted": true, "real_timestamp_ms": 1789222161377, "virtual_time_s": 1492.199462, "measure_result": "no_signal"}}
2026-09-12 22:09:24,522 INFO request {"path": "/measure", "payload": {"arena_id": "default", "robot_id": "202601002029", "request_id": "17751f2372de4395b1122df720d99e9f", "position": {"x": -848.7048957087501, "y": -489.9999999999997}, "channel": 18}, "attempt": 1}
2026-09-12 22:09:24,538 INFO response {"request_id": "17751f2372de4395b1122df720d99e9f", "http_status": 200, "body": {"accepted": true, "real_timestamp_ms": 1789222161406, "virtual_time_s": 1498.199462, "measure_result": "no_signal"}}
2026-09-12 22:09:24,553 INFO request {"path": "/measure", "payload": {"arena_id": "default", "robot_id": "202601002029", "request_id": "3f7803ce90ff4f1e9e40c9f6c7fc8f0b", "position": {"x": -848.7048957087501, "y": -489.9999999999997}, "channel": 20}, "attempt": 1}
2026-09-12 22:09:24,556 INFO response {"request_id": "3f7803ce90ff4f1e9e40c9f6c7fc8f0b", "http_status": 200, "body": {"accepted": true, "real_timestamp_ms": 1789222161423, "virtual_time_s": 1504.199462, "measure_result": "no_signal"}}
2026-09-12 22:09:24,626 INFO request {"path": "/measure", "payload": {"arena_id": "default", "robot_id": "202601002029", "request_id": "da4e6461db2f4c2bb1cbd6ab56674bf7", "position": {"x": -848.7048957087501, "y": -489.9999999999997}, "channel": 15}, "attempt": 1}
2026-09-12 22:09:24,627 INFO response {"request_id": "da4e6461db2f4c2bb1cbd6ab56674bf7", "http_status": 200, "body": {"accepted": true, "real_timestamp_ms": 1789222161496, "virtual_time_s": 1510.199462, "measure_result": "direction", "svd_deg": 316.92}}
2026-09-12 22:09:24,645 INFO request {"path": "/measure", "payload": {"arena_id": "default", "robot_id": "202601002029", "request_id": "da540de7aae74909a888ee7b9c7f46d3", "position": {"x": -490.00000000000045, "y": -848.7048957087497}, "channel": 3}, "attempt": 1}
2026-09-12 22:09:24,657 INFO response {"request_id": "da540de7aae74909a888ee7b9c7f46d3", "http_status": 200, "body": {"accepted": true, "real_timestamp_ms": 1789222161526, "virtual_time_s": 1617.656528, "measure_result": "no_signal"}}
2026-09-12 22:09:24,688 INFO request {"path": "/measure", "payload": {"arena_id": "default", "robot_id": "202601002029", "request_id": "a72e89b2cc4b41d4aa48b92c31ecf261", "position": {"x": -490.00000000000045, "y": -848.7048957087497}, "channel": 5}, "attempt": 1}
2026-09-12 22:09:24,690 INFO response {"request_id": "a72e89b2cc4b41d4aa48b92c31ecf261", "http_status": 200, "body": {"accepted": true, "real_timestamp_ms": 1789222161559, "virtual_time_s": 1623.656528, "measure_result": "no_signal"}}
2026-09-12 22:09:24,721 INFO request {"path": "/measure", "payload": {"arena_id": "default", "robot_id": "202601002029", "request_id": "7f1dab9ff90746a098db34d45beb5ae1", "position": {"x": -490.00000000000045, "y": -848.7048957087497}, "channel": 6}, "attempt": 1}
2026-09-12 22:09:24,724 INFO response {"request_id": "7f1dab9ff90746a098db34d45beb5ae1", "http_status": 200, "body": {"accepted": true, "real_timestamp_ms": 1789222161592, "virtual_time_s": 1629.656528, "measure_result": "no_signal"}}
2026-09-12 22:09:24,739 INFO request {"path": "/measure", "payload": {"arena_id": "default", "robot_id": "202601002029", "request_id": "2c0ca13263524958b8dee5a905c14be6", "position": {"x": -490.00000000000045, "y": -848.7048957087497}, "channel": 8}, "attempt": 1}
2026-09-12 22:09:24,756 INFO response {"request_id": "2c0ca13263524958b8dee5a905c14be6", "http_status": 200, "body": {"accepted": true, "real_timestamp_ms": 1789222161624, "virtual_time_s": 1635.656528, "measure_result": "no_signal"}}
2026-09-12 22:09:24,770 INFO request {"path": "/measure", "payload": {"arena_id": "default", "robot_id": "202601002029", "request_id": "0283af488e7f46a687377c04d0e5e491", "position": {"x": -490.00000000000045, "y": -848.7048957087497}, "channel": 11}, "attempt": 1}
2026-09-12 22:09:24,772 INFO response {"request_id": "0283af488e7f46a687377c04d0e5e491", "http_status": 200, "body": {"accepted": true, "real_timestamp_ms": 1789222161641, "virtual_time_s": 1641.656528, "measure_result": "no_signal"}}
2026-09-12 22:09:24,804 INFO request {"path": "/measure", "payload": {"arena_id": "default", "robot_id": "202601002029", "request_id": "5bbae2e0788a4ea1b6f849907ebe70b9", "position": {"x": -490.00000000000045, "y": -848.7048957087497}, "channel": 17}, "attempt": 1}
2026-09-12 22:09:24,824 INFO response {"request_id": "5bbae2e0788a4ea1b6f849907ebe70b9", "http_status": 200, "body": {"accepted": true, "real_timestamp_ms": 1789222161693, "virtual_time_s": 1647.656528, "measure_result": "no_signal"}}
2026-09-12 22:09:24,840 INFO request {"path": "/measure", "payload": {"arena_id": "default", "robot_id": "202601002029", "request_id": "f3bb00d1b9b1482bb747d780c11718f9", "position": {"x": -490.00000000000045, "y": -848.7048957087497}, "channel": 18}, "attempt": 1}
2026-09-12 22:09:24,842 INFO response {"request_id": "f3bb00d1b9b1482bb747d780c11718f9", "http_status": 200, "body": {"accepted": true, "real_timestamp_ms": 1789222161711, "virtual_time_s": 1653.656528, "measure_result": "no_signal"}}
2026-09-12 22:09:24,873 INFO request {"path": "/measure", "payload": {"arena_id": "default", "robot_id": "202601002029", "request_id": "fbc7f6ae468c4dde96339118b1ee917b", "position": {"x": -490.00000000000045, "y": -848.7048957087497}, "channel": 20}, "attempt": 1}
2026-09-12 22:09:24,893 INFO response {"request_id": "fbc7f6ae468c4dde96339118b1ee917b", "http_status": 200, "body": {"accepted": true, "real_timestamp_ms": 1789222161762, "virtual_time_s": 1659.656528, "measure_result": "no_signal"}}
2026-09-12 22:09:24,976 INFO request {"path": "/measure", "payload": {"arena_id": "default", "robot_id": "202601002029", "request_id": "bef73ed85fa748f9ae0c266d8a19163b", "position": {"x": -490.00000000000045, "y": -848.7048957087497}, "channel": 4}, "attempt": 1}
2026-09-12 22:09:24,977 INFO response {"request_id": "bef73ed85fa748f9ae0c266d8a19163b", "http_status": 200, "body": {"accepted": true, "real_timestamp_ms": 1789222161846, "virtual_time_s": 1665.656528, "measure_result": "direction", "svd_deg": 330.34}}
2026-09-12 22:09:25,011 INFO request {"path": "/measure", "payload": {"arena_id": "default", "robot_id": "202601002029", "request_id": "dc985768198e4695ae3cd0bcd4b248e2", "position": {"x": -1.8002307947466092e-13, "y": -980.0}, "channel": 3}, "attempt": 1}
2026-09-12 22:09:25,012 INFO response {"request_id": "dc985768198e4695ae3cd0bcd4b248e2", "http_status": 200, "body": {"accepted": true, "real_timestamp_ms": 1789222161881, "virtual_time_s": 1773.113594, "measure_result": "no_signal"}}
2026-09-12 22:09:25,043 INFO request {"path": "/measure", "payload": {"arena_id": "default", "robot_id": "202601002029", "request_id": "264ef663dd3d41379cd5b972b5d935d7", "position": {"x": -1.8002307947466092e-13, "y": -980.0}, "channel": 5}, "attempt": 1}
2026-09-12 22:09:25,061 INFO response {"request_id": "264ef663dd3d41379cd5b972b5d935d7", "http_status": 200, "body": {"accepted": true, "real_timestamp_ms": 1789222161929, "virtual_time_s": 1779.113594, "measure_result": "no_signal"}}
2026-09-12 22:09:25,075 INFO request {"path": "/measure", "payload": {"arena_id": "default", "robot_id": "202601002029", "request_id": "6417e628670e48548d190593a92fde45", "position": {"x": -1.8002307947466092e-13, "y": -980.0}, "channel": 6}, "attempt": 1}
2026-09-12 22:09:25,090 INFO response {"request_id": "6417e628670e48548d190593a92fde45", "http_status": 200, "body": {"accepted": true, "real_timestamp_ms": 1789222161959, "virtual_time_s": 1785.113594, "measure_result": "no_signal"}}
2026-09-12 22:09:25,105 INFO request {"path": "/measure", "payload": {"arena_id": "default", "robot_id": "202601002029", "request_id": "ac4d12564ea4476fa5b6c7f095c9b51b", "position": {"x": -1.8002307947466092e-13, "y": -980.0}, "channel": 8}, "attempt": 1}
2026-09-12 22:09:25,105 INFO response {"request_id": "ac4d12564ea4476fa5b6c7f095c9b51b", "http_status": 200, "body": {"accepted": true, "real_timestamp_ms": 1789222161975, "virtual_time_s": 1791.113594, "measure_result": "no_signal"}}
2026-09-12 22:09:25,136 INFO request {"path": "/measure", "payload": {"arena_id": "default", "robot_id": "202601002029", "request_id": "6c62826d9d1b41439bc48d0028a0077e", "position": {"x": -1.8002307947466092e-13, "y": -980.0}, "channel": 11}, "attempt": 1}
2026-09-12 22:09:25,138 INFO response {"request_id": "6c62826d9d1b41439bc48d0028a0077e", "http_status": 200, "body": {"accepted": true, "real_timestamp_ms": 1789222162007, "virtual_time_s": 1797.113594, "measure_result": "no_signal"}}
2026-09-12 22:09:25,168 INFO request {"path": "/measure", "payload": {"arena_id": "default", "robot_id": "202601002029", "request_id": "3635ed2ecc0a4048a4bd188323de67af", "position": {"x": -1.8002307947466092e-13, "y": -980.0}, "channel": 17}, "attempt": 1}
2026-09-12 22:09:25,169 INFO response {"request_id": "3635ed2ecc0a4048a4bd188323de67af", "http_status": 200, "body": {"accepted": true, "real_timestamp_ms": 1789222162038, "virtual_time_s": 1803.113594, "measure_result": "no_signal"}}
2026-09-12 22:09:25,200 INFO request {"path": "/measure", "payload": {"arena_id": "default", "robot_id": "202601002029", "request_id": "ee30b887fd3849919718ec9842aedb17", "position": {"x": -1.8002307947466092e-13, "y": -980.0}, "channel": 18}, "attempt": 1}
2026-09-12 22:09:25,218 INFO response {"request_id": "ee30b887fd3849919718ec9842aedb17", "http_status": 200, "body": {"accepted": true, "real_timestamp_ms": 1789222162087, "virtual_time_s": 1809.113594, "measure_result": "no_signal"}}
2026-09-12 22:09:25,233 INFO request {"path": "/measure", "payload": {"arena_id": "default", "robot_id": "202601002029", "request_id": "c15294b5c330414492a2b7c5e2a5f9a5", "position": {"x": -1.8002307947466092e-13, "y": -980.0}, "channel": 20}, "attempt": 1}
2026-09-12 22:09:25,248 INFO response {"request_id": "c15294b5c330414492a2b7c5e2a5f9a5", "http_status": 200, "body": {"accepted": true, "real_timestamp_ms": 1789222162117, "virtual_time_s": 1815.113594, "measure_result": "no_signal"}}
2026-09-12 22:09:25,311 INFO request {"path": "/measure", "payload": {"arena_id": "default", "robot_id": "202601002029", "request_id": "6289d4abd39e4f84b6673227c7f5bbeb", "position": {"x": -1.8002307947466092e-13, "y": -980.0}, "channel": 15}, "attempt": 1}
2026-09-12 22:09:25,313 INFO response {"request_id": "6289d4abd39e4f84b6673227c7f5bbeb", "http_status": 200, "body": {"accepted": true, "real_timestamp_ms": 1789222162181, "virtual_time_s": 1821.113594, "measure_result": "direction", "svd_deg": 215.55}}
2026-09-12 22:09:25,346 INFO request {"path": "/measure", "payload": {"arena_id": "default", "robot_id": "202601002029", "request_id": "2d8c6d63aae54ee998274f75a7980ac6", "position": {"x": 489.9999999999994, "y": -848.7048957087503}, "channel": 3}, "attempt": 1}
2026-09-12 22:09:25,367 INFO response {"request_id": "2d8c6d63aae54ee998274f75a7980ac6", "http_status": 200, "body": {"accepted": true, "real_timestamp_ms": 1789222162236, "virtual_time_s": 1928.57066, "measure_result": "no_signal"}}
2026-09-12 22:09:25,367 INFO request {"path": "/measure", "payload": {"arena_id": "default", "robot_id": "202601002029", "request_id": "d47af38fc1cb4aa88d83269d32f15235", "position": {"x": 489.9999999999994, "y": -848.7048957087503}, "channel": 5}, "attempt": 1}
2026-09-12 22:09:25,369 INFO response {"request_id": "d47af38fc1cb4aa88d83269d32f15235", "http_status": 200, "body": {"accepted": true, "real_timestamp_ms": 1789222162238, "virtual_time_s": 1934.57066, "measure_result": "no_signal"}}
2026-09-12 22:09:25,400 INFO request {"path": "/measure", "payload": {"arena_id": "default", "robot_id": "202601002029", "request_id": "bd3347c6372045edbdde472bde1b8e24", "position": {"x": 489.9999999999994, "y": -848.7048957087503}, "channel": 6}, "attempt": 1}
2026-09-12 22:09:25,417 INFO response {"request_id": "bd3347c6372045edbdde472bde1b8e24", "http_status": 200, "body": {"accepted": true, "real_timestamp_ms": 1789222162286, "virtual_time_s": 1940.57066, "measure_result": "no_signal"}}
2026-09-12 22:09:25,432 INFO request {"path": "/measure", "payload": {"arena_id": "default", "robot_id": "202601002029", "request_id": "7f3394c3a2cb460087a74f2095ae8c02", "position": {"x": 489.9999999999994, "y": -848.7048957087503}, "channel": 8}, "attempt": 1}
2026-09-12 22:09:25,434 INFO response {"request_id": "7f3394c3a2cb460087a74f2095ae8c02", "http_status": 200, "body": {"accepted": true, "real_timestamp_ms": 1789222162302, "virtual_time_s": 1946.57066, "measure_result": "no_signal"}}
2026-09-12 22:09:25,465 INFO request {"path": "/measure", "payload": {"arena_id": "default", "robot_id": "202601002029", "request_id": "9a370380560c437c9265dda1933191a4", "position": {"x": 489.9999999999994, "y": -848.7048957087503}, "channel": 11}, "attempt": 1}
2026-09-12 22:09:25,466 INFO response {"request_id": "9a370380560c437c9265dda1933191a4", "http_status": 200, "body": {"accepted": true, "real_timestamp_ms": 1789222162335, "virtual_time_s": 1952.57066, "measure_result": "no_signal"}}
2026-09-12 22:09:25,496 INFO request {"path": "/measure", "payload": {"arena_id": "default", "robot_id": "202601002029", "request_id": "c93eb91b46264d14b71d5cbf3600c3c6", "position": {"x": 489.9999999999994, "y": -848.7048957087503}, "channel": 17}, "attempt": 1}
2026-09-12 22:09:25,515 INFO response {"request_id": "c93eb91b46264d14b71d5cbf3600c3c6", "http_status": 200, "body": {"accepted": true, "real_timestamp_ms": 1789222162385, "virtual_time_s": 1958.57066, "measure_result": "no_signal"}}
2026-09-12 22:09:25,530 INFO request {"path": "/measure", "payload": {"arena_id": "default", "robot_id": "202601002029", "request_id": "8f47bba7b50845a0bbe99622a23f3750", "position": {"x": 489.9999999999994, "y": -848.7048957087503}, "channel": 18}, "attempt": 1}
2026-09-12 22:09:25,532 INFO response {"request_id": "8f47bba7b50845a0bbe99622a23f3750", "http_status": 200, "body": {"accepted": true, "real_timestamp_ms": 1789222162400, "virtual_time_s": 1964.57066, "measure_result": "no_signal"}}
2026-09-12 22:09:25,562 INFO request {"path": "/measure", "payload": {"arena_id": "default", "robot_id": "202601002029", "request_id": "f26d0755eba44905b1f006152dc1bda0", "position": {"x": 489.9999999999994, "y": -848.7048957087503}, "channel": 20}, "attempt": 1}
2026-09-12 22:09:25,575 INFO response {"request_id": "f26d0755eba44905b1f006152dc1bda0", "http_status": 200, "body": {"accepted": true, "real_timestamp_ms": 1789222162444, "virtual_time_s": 1970.57066, "measure_result": "no_signal"}}
2026-09-12 22:09:25,666 INFO request {"path": "/measure", "payload": {"arena_id": "default", "robot_id": "202601002029", "request_id": "3670cf641c9f449893f540a711f48b93", "position": {"x": 489.9999999999994, "y": -848.7048957087503}, "channel": 16}, "attempt": 1}
2026-09-12 22:09:25,666 INFO response {"request_id": "3670cf641c9f449893f540a711f48b93", "http_status": 200, "body": {"accepted": true, "real_timestamp_ms": 1789222162535, "virtual_time_s": 1976.57066, "measure_result": "direction", "svd_deg": 95.02}}
2026-09-12 22:09:25,701 INFO request {"path": "/measure", "payload": {"arena_id": "default", "robot_id": "202601002029", "request_id": "9b3d21b431a740c5b35d22e70c3234cb", "position": {"x": 489.9999999999994, "y": -848.7048957087503}, "channel": 10}, "attempt": 1}
2026-09-12 22:09:25,702 INFO response {"request_id": "9b3d21b431a740c5b35d22e70c3234cb", "http_status": 200, "body": {"accepted": true, "real_timestamp_ms": 1789222162571, "virtual_time_s": 1982.57066, "measure_result": "direction", "svd_deg": 320.27}}
2026-09-12 22:09:25,735 INFO request {"path": "/measure", "payload": {"arena_id": "default", "robot_id": "202601002029", "request_id": "e5119eff7964497893716d58e14046aa", "position": {"x": 848.7048957087496, "y": -490.00000000000045}, "channel": 3}, "attempt": 1}
2026-09-12 22:09:25,737 INFO response {"request_id": "e5119eff7964497893716d58e14046aa", "http_status": 200, "body": {"accepted": true, "real_timestamp_ms": 1789222162606, "virtual_time_s": 2090.027726, "measure_result": "no_signal"}}
2026-09-12 22:09:25,753 INFO request {"path": "/measure", "payload": {"arena_id": "default", "robot_id": "202601002029", "request_id": "7f9d793a00184d20b6c2e8a4080e59a6", "position": {"x": 848.7048957087496, "y": -490.00000000000045}, "channel": 5}, "attempt": 1}
2026-09-12 22:09:25,756 INFO response {"request_id": "7f9d793a00184d20b6c2e8a4080e59a6", "http_status": 200, "body": {"accepted": true, "real_timestamp_ms": 1789222162624, "virtual_time_s": 2096.027726, "measure_result": "no_signal"}}
2026-09-12 22:09:25,771 INFO request {"path": "/measure", "payload": {"arena_id": "default", "robot_id": "202601002029", "request_id": "f66c039db8774c6a97368b5c1619abb4", "position": {"x": 848.7048957087496, "y": -490.00000000000045}, "channel": 6}, "attempt": 1}
2026-09-12 22:09:25,776 INFO response {"request_id": "f66c039db8774c6a97368b5c1619abb4", "http_status": 200, "body": {"accepted": true, "real_timestamp_ms": 1789222162643, "virtual_time_s": 2102.027726, "measure_result": "no_signal"}}
2026-09-12 22:09:25,807 INFO request {"path": "/measure", "payload": {"arena_id": "default", "robot_id": "202601002029", "request_id": "1813d7b2395d43298ba9c9cad234a09c", "position": {"x": 848.7048957087496, "y": -490.00000000000045}, "channel": 8}, "attempt": 1}
2026-09-12 22:09:25,809 INFO response {"request_id": "1813d7b2395d43298ba9c9cad234a09c", "http_status": 200, "body": {"accepted": true, "real_timestamp_ms": 1789222162678, "virtual_time_s": 2108.027726, "measure_result": "no_signal"}}
2026-09-12 22:09:25,840 INFO request {"path": "/measure", "payload": {"arena_id": "default", "robot_id": "202601002029", "request_id": "175b5dd0e63449b5ad7dd70051a41ef5", "position": {"x": 848.7048957087496, "y": -490.00000000000045}, "channel": 11}, "attempt": 1}
2026-09-12 22:09:25,846 INFO response {"request_id": "175b5dd0e63449b5ad7dd70051a41ef5", "http_status": 200, "body": {"accepted": true, "real_timestamp_ms": 1789222162713, "virtual_time_s": 2114.027726, "measure_result": "no_signal"}}
2026-09-12 22:09:25,877 INFO request {"path": "/measure", "payload": {"arena_id": "default", "robot_id": "202601002029", "request_id": "5858ceb3f1e1481989841b3764520123", "position": {"x": 848.7048957087496, "y": -490.00000000000045}, "channel": 17}, "attempt": 1}
2026-09-12 22:09:25,891 INFO response {"request_id": "5858ceb3f1e1481989841b3764520123", "http_status": 200, "body": {"accepted": true, "real_timestamp_ms": 1789222162759, "virtual_time_s": 2120.027726, "measure_result": "no_signal"}}
2026-09-12 22:09:25,906 INFO request {"path": "/measure", "payload": {"arena_id": "default", "robot_id": "202601002029", "request_id": "bb328eafcfab471da8237272c04b9de0", "position": {"x": 848.7048957087496, "y": -490.00000000000045}, "channel": 18}, "attempt": 1}
2026-09-12 22:09:25,919 INFO response {"request_id": "bb328eafcfab471da8237272c04b9de0", "http_status": 200, "body": {"accepted": true, "real_timestamp_ms": 1789222162788, "virtual_time_s": 2126.027726, "measure_result": "no_signal"}}
2026-09-12 22:09:25,935 INFO request {"path": "/measure", "payload": {"arena_id": "default", "robot_id": "202601002029", "request_id": "dee08d51d8cb4cd891207878b3dc6ddc", "position": {"x": 848.7048957087496, "y": -490.00000000000045}, "channel": 20}, "attempt": 1}
2026-09-12 22:09:25,949 INFO response {"request_id": "dee08d51d8cb4cd891207878b3dc6ddc", "http_status": 200, "body": {"accepted": true, "real_timestamp_ms": 1789222162817, "virtual_time_s": 2132.027726, "measure_result": "no_signal"}}
2026-09-12 22:09:26,003 INFO request {"path": "/measure", "payload": {"arena_id": "default", "robot_id": "202601002029", "request_id": "4a318fbe1ce140afb36b1d7fada4b9e7", "position": {"x": 848.7048957087496, "y": -490.00000000000045}, "channel": 14}, "attempt": 1}
2026-09-12 22:09:26,017 INFO response {"request_id": "4a318fbe1ce140afb36b1d7fada4b9e7", "http_status": 200, "body": {"accepted": true, "real_timestamp_ms": 1789222162886, "virtual_time_s": 2138.027726, "measure_result": "direction", "svd_deg": 17.98}}
2026-09-12 22:09:26,036 INFO request {"path": "/measure", "payload": {"arena_id": "default", "robot_id": "202601002029", "request_id": "e16ac8744e4e4632b4c92af76dee9818", "position": {"x": 848.7048957087496, "y": -490.00000000000045}, "channel": 7}, "attempt": 1}
2026-09-12 22:09:26,037 INFO response {"request_id": "e16ac8744e4e4632b4c92af76dee9818", "http_status": 200, "body": {"accepted": true, "real_timestamp_ms": 1789222162906, "virtual_time_s": 2144.027726, "measure_result": "direction", "svd_deg": 34.38}}
2026-09-12 22:09:26,072 INFO request {"path": "/measure", "payload": {"arena_id": "default", "robot_id": "202601002029", "request_id": "10b32507ad184235ac64631a864bb1b6", "position": {"x": 1801.9999999999995, "y": -482.84444476088464}, "channel": 3}, "attempt": 1}
2026-09-12 22:09:26,074 INFO response {"request_id": "10b32507ad184235ac64631a864bb1b6", "http_status": 200, "body": {"accepted": true, "real_timestamp_ms": 1789222162943, "virtual_time_s": 2340.692118, "measure_result": "no_signal"}}
2026-09-12 22:09:26,105 INFO request {"path": "/measure", "payload": {"arena_id": "default", "robot_id": "202601002029", "request_id": "0103c7d8dd6c49f391809ce12dd28082", "position": {"x": 1801.9999999999995, "y": -482.84444476088464}, "channel": 5}, "attempt": 1}
2026-09-12 22:09:26,123 INFO response {"request_id": "0103c7d8dd6c49f391809ce12dd28082", "http_status": 200, "body": {"accepted": true, "real_timestamp_ms": 1789222162992, "virtual_time_s": 2346.692118, "measure_result": "no_signal"}}
2026-09-12 22:09:26,138 INFO request {"path": "/measure", "payload": {"arena_id": "default", "robot_id": "202601002029", "request_id": "dda2904e9ed7488599ca8f69a71a5a8f", "position": {"x": 1801.9999999999995, "y": -482.84444476088464}, "channel": 6}, "attempt": 1}
2026-09-12 22:09:26,152 INFO response {"request_id": "dda2904e9ed7488599ca8f69a71a5a8f", "http_status": 200, "body": {"accepted": true, "real_timestamp_ms": 1789222163022, "virtual_time_s": 2352.692118, "measure_result": "no_signal"}}
2026-09-12 22:09:26,168 INFO request {"path": "/measure", "payload": {"arena_id": "default", "robot_id": "202601002029", "request_id": "3503cfc153b54119908a75adda483c1c", "position": {"x": 1801.9999999999995, "y": -482.84444476088464}, "channel": 8}, "attempt": 1}
2026-09-12 22:09:26,169 INFO response {"request_id": "3503cfc153b54119908a75adda483c1c", "http_status": 200, "body": {"accepted": true, "real_timestamp_ms": 1789222163038, "virtual_time_s": 2358.692118, "measure_result": "no_signal"}}
2026-09-12 22:09:26,200 INFO request {"path": "/measure", "payload": {"arena_id": "default", "robot_id": "202601002029", "request_id": "3f80a4be06a64da780d5bf703a68344f", "position": {"x": 1801.9999999999995, "y": -482.84444476088464}, "channel": 11}, "attempt": 1}
2026-09-12 22:09:26,211 INFO response {"request_id": "3f80a4be06a64da780d5bf703a68344f", "http_status": 200, "body": {"accepted": true, "real_timestamp_ms": 1789222163081, "virtual_time_s": 2364.692118, "measure_result": "no_signal"}}
2026-09-12 22:09:26,226 INFO request {"path": "/measure", "payload": {"arena_id": "default", "robot_id": "202601002029", "request_id": "2717ac55c58843eb98a202b72631bcad", "position": {"x": 1801.9999999999995, "y": -482.84444476088464}, "channel": 17}, "attempt": 1}
2026-09-12 22:09:26,241 INFO response {"request_id": "2717ac55c58843eb98a202b72631bcad", "http_status": 200, "body": {"accepted": true, "real_timestamp_ms": 1789222163111, "virtual_time_s": 2370.692118, "measure_result": "no_signal"}}
2026-09-12 22:09:26,256 INFO request {"path": "/measure", "payload": {"arena_id": "default", "robot_id": "202601002029", "request_id": "9cc3e1279e324256b14ff17db842a86b", "position": {"x": 1801.9999999999995, "y": -482.84444476088464}, "channel": 18}, "attempt": 1}
2026-09-12 22:09:26,271 INFO response {"request_id": "9cc3e1279e324256b14ff17db842a86b", "http_status": 200, "body": {"accepted": true, "real_timestamp_ms": 1789222163140, "virtual_time_s": 2376.692118, "measure_result": "no_signal"}}
2026-09-12 22:09:26,287 INFO request {"path": "/measure", "payload": {"arena_id": "default", "robot_id": "202601002029", "request_id": "74d02ac393ba4f6badfa1f24d9c430b1", "position": {"x": 1801.9999999999995, "y": -482.84444476088464}, "channel": 20}, "attempt": 1}
2026-09-12 22:09:26,301 INFO response {"request_id": "74d02ac393ba4f6badfa1f24d9c430b1", "http_status": 200, "body": {"accepted": true, "real_timestamp_ms": 1789222163170, "virtual_time_s": 2382.692118, "measure_result": "no_signal"}}
2026-09-12 22:09:26,358 INFO request {"path": "/measure", "payload": {"arena_id": "default", "robot_id": "202601002029", "request_id": "88390da3a3424971b894b00a82ff794e", "position": {"x": 1801.9999999999995, "y": -482.84444476088464}, "channel": 7}, "attempt": 1}
2026-09-12 22:09:26,359 INFO response {"request_id": "88390da3a3424971b894b00a82ff794e", "http_status": 200, "body": {"accepted": true, "real_timestamp_ms": 1789222163228, "virtual_time_s": 2388.692118, "measure_result": "direction", "svd_deg": 111.83}}
2026-09-12 22:09:26,378 INFO request {"path": "/measure", "payload": {"arena_id": "default", "robot_id": "202601002029", "request_id": "60c8e61c9faf41fb8c8fa987707926cf", "position": {"x": 1801.9999999999995, "y": -482.84444476088464}, "channel": 13}, "attempt": 1}
2026-09-12 22:09:26,380 INFO response {"request_id": "60c8e61c9faf41fb8c8fa987707926cf", "http_status": 200, "body": {"accepted": true, "real_timestamp_ms": 1789222163249, "virtual_time_s": 2394.692118, "measure_result": "direction", "svd_deg": 210.15}}
2026-09-12 22:09:26,415 INFO request {"path": "/measure", "payload": {"arena_id": "default", "robot_id": "202601002029", "request_id": "3f94d5047dd9484cb75e756a0d19c85a", "position": {"x": 1319.1555552391164, "y": -1319.1555552391171}, "channel": 3}, "attempt": 1}
2026-09-12 22:09:26,428 INFO response {"request_id": "3f94d5047dd9484cb75e756a0d19c85a", "http_status": 200, "body": {"accepted": true, "real_timestamp_ms": 1789222163298, "virtual_time_s": 2593.829896, "measure_result": "no_signal"}}
2026-09-12 22:09:26,443 INFO request {"path": "/measure", "payload": {"arena_id": "default", "robot_id": "202601002029", "request_id": "d0bdd5f907bb4ddfa2cf7f7653137c76", "position": {"x": 1319.1555552391164, "y": -1319.1555552391171}, "channel": 5}, "attempt": 1}
2026-09-12 22:09:26,459 INFO response {"request_id": "d0bdd5f907bb4ddfa2cf7f7653137c76", "http_status": 200, "body": {"accepted": true, "real_timestamp_ms": 1789222163327, "virtual_time_s": 2599.829896, "measure_result": "no_signal"}}
2026-09-12 22:09:26,474 INFO request {"path": "/measure", "payload": {"arena_id": "default", "robot_id": "202601002029", "request_id": "48f29afc7f2e443e869397b2fcd25c66", "position": {"x": 1319.1555552391164, "y": -1319.1555552391171}, "channel": 6}, "attempt": 1}
2026-09-12 22:09:26,488 INFO response {"request_id": "48f29afc7f2e443e869397b2fcd25c66", "http_status": 200, "body": {"accepted": true, "real_timestamp_ms": 1789222163356, "virtual_time_s": 2605.829896, "measure_result": "no_signal"}}
2026-09-12 22:09:26,503 INFO request {"path": "/measure", "payload": {"arena_id": "default", "robot_id": "202601002029", "request_id": "4950e90c138b402d9cb2cbfb8854df9b", "position": {"x": 1319.1555552391164, "y": -1319.1555552391171}, "channel": 8}, "attempt": 1}
2026-09-12 22:09:26,505 INFO response {"request_id": "4950e90c138b402d9cb2cbfb8854df9b", "http_status": 200, "body": {"accepted": true, "real_timestamp_ms": 1789222163373, "virtual_time_s": 2611.829896, "measure_result": "no_signal"}}
2026-09-12 22:09:26,520 INFO request {"path": "/measure", "payload": {"arena_id": "default", "robot_id": "202601002029", "request_id": "6338ebbed1be4ff28543b75fbf618a72", "position": {"x": 1319.1555552391164, "y": -1319.1555552391171}, "channel": 11}, "attempt": 1}
2026-09-12 22:09:26,537 INFO response {"request_id": "6338ebbed1be4ff28543b75fbf618a72", "http_status": 200, "body": {"accepted": true, "real_timestamp_ms": 1789222163406, "virtual_time_s": 2617.829896, "measure_result": "no_signal"}}
2026-09-12 22:09:26,552 INFO request {"path": "/measure", "payload": {"arena_id": "default", "robot_id": "202601002029", "request_id": "c29bcb52c95c4cb79b08631a149ec104", "position": {"x": 1319.1555552391164, "y": -1319.1555552391171}, "channel": 17}, "attempt": 1}
2026-09-12 22:09:26,553 INFO response {"request_id": "c29bcb52c95c4cb79b08631a149ec104", "http_status": 200, "body": {"accepted": true, "real_timestamp_ms": 1789222163422, "virtual_time_s": 2623.829896, "measure_result": "no_signal"}}
2026-09-12 22:09:26,585 INFO request {"path": "/measure", "payload": {"arena_id": "default", "robot_id": "202601002029", "request_id": "5cb82bb99bf24d41909e5cdffdd7393f", "position": {"x": 1319.1555552391164, "y": -1319.1555552391171}, "channel": 18}, "attempt": 1}
2026-09-12 22:09:26,587 INFO response {"request_id": "5cb82bb99bf24d41909e5cdffdd7393f", "http_status": 200, "body": {"accepted": true, "real_timestamp_ms": 1789222163455, "virtual_time_s": 2629.829896, "measure_result": "no_signal"}}
2026-09-12 22:09:26,617 INFO request {"path": "/measure", "payload": {"arena_id": "default", "robot_id": "202601002029", "request_id": "76e08a49144a4777a113cfc2d74e9da3", "position": {"x": 1319.1555552391164, "y": -1319.1555552391171}, "channel": 20}, "attempt": 1}
2026-09-12 22:09:26,635 INFO response {"request_id": "76e08a49144a4777a113cfc2d74e9da3", "http_status": 200, "body": {"accepted": true, "real_timestamp_ms": 1789222163504, "virtual_time_s": 2635.829896, "measure_result": "no_signal"}}
2026-09-12 22:09:26,651 INFO request {"path": "/measure", "payload": {"arena_id": "default", "robot_id": "202601002029", "request_id": "412e91e7da0944838db693e2d679bf84", "position": {"x": 482.84444476088225, "y": -1802.0000000000002}, "channel": 20}, "attempt": 1}
2026-09-12 22:09:26,663 INFO response {"request_id": "412e91e7da0944838db693e2d679bf84", "http_status": 200, "body": {"accepted": true, "real_timestamp_ms": 1789222163533, "virtual_time_s": 2833.967674, "measure_result": "no_signal"}}
2026-09-12 22:09:26,678 INFO request {"path": "/measure", "payload": {"arena_id": "default", "robot_id": "202601002029", "request_id": "53bcdfd70a7448ed81dfa5fa8abb52fd", "position": {"x": 482.84444476088225, "y": -1802.0000000000002}, "channel": 3}, "attempt": 1}
2026-09-12 22:09:26,693 INFO response {"request_id": "53bcdfd70a7448ed81dfa5fa8abb52fd", "http_status": 200, "body": {"accepted": true, "real_timestamp_ms": 1789222163562, "virtual_time_s": 2839.967674, "measure_result": "no_signal"}}
2026-09-12 22:09:26,709 INFO request {"path": "/measure", "payload": {"arena_id": "default", "robot_id": "202601002029", "request_id": "28f7c1e371cd42638cdee3c007512984", "position": {"x": 482.84444476088225, "y": -1802.0000000000002}, "channel": 5}, "attempt": 1}
2026-09-12 22:09:26,724 INFO response {"request_id": "28f7c1e371cd42638cdee3c007512984", "http_status": 200, "body": {"accepted": true, "real_timestamp_ms": 1789222163592, "virtual_time_s": 2845.967674, "measure_result": "no_signal"}}
2026-09-12 22:09:26,739 INFO request {"path": "/measure", "payload": {"arena_id": "default", "robot_id": "202601002029", "request_id": "6943dccb0d9a433eb2014c0b27bb971c", "position": {"x": 482.84444476088225, "y": -1802.0000000000002}, "channel": 6}, "attempt": 1}
2026-09-12 22:09:26,754 INFO response {"request_id": "6943dccb0d9a433eb2014c0b27bb971c", "http_status": 200, "body": {"accepted": true, "real_timestamp_ms": 1789222163623, "virtual_time_s": 2851.967674, "measure_result": "no_signal"}}
2026-09-12 22:09:26,769 INFO request {"path": "/measure", "payload": {"arena_id": "default", "robot_id": "202601002029", "request_id": "5ca6230ba1304a298d4a4be30e067b72", "position": {"x": 482.84444476088225, "y": -1802.0000000000002}, "channel": 8}, "attempt": 1}
2026-09-12 22:09:26,784 INFO response {"request_id": "5ca6230ba1304a298d4a4be30e067b72", "http_status": 200, "body": {"accepted": true, "real_timestamp_ms": 1789222163652, "virtual_time_s": 2857.967674, "measure_result": "no_signal"}}
2026-09-12 22:09:26,799 INFO request {"path": "/measure", "payload": {"arena_id": "default", "robot_id": "202601002029", "request_id": "3526419b184f46f4b952a129bb4f5e39", "position": {"x": 482.84444476088225, "y": -1802.0000000000002}, "channel": 11}, "attempt": 1}
2026-09-12 22:09:26,801 INFO response {"request_id": "3526419b184f46f4b952a129bb4f5e39", "http_status": 200, "body": {"accepted": true, "real_timestamp_ms": 1789222163670, "virtual_time_s": 2863.967674, "measure_result": "no_signal"}}
2026-09-12 22:09:26,816 INFO request {"path": "/measure", "payload": {"arena_id": "default", "robot_id": "202601002029", "request_id": "4e345c24599f4d4d9c490f67c02f7ca5", "position": {"x": 482.84444476088225, "y": -1802.0000000000002}, "channel": 17}, "attempt": 1}
2026-09-12 22:09:26,832 INFO response {"request_id": "4e345c24599f4d4d9c490f67c02f7ca5", "http_status": 200, "body": {"accepted": true, "real_timestamp_ms": 1789222163700, "virtual_time_s": 2869.967674, "measure_result": "no_signal"}}
2026-09-12 22:09:26,847 INFO request {"path": "/measure", "payload": {"arena_id": "default", "robot_id": "202601002029", "request_id": "ba791504926d4fc4bf376165c3ffc596", "position": {"x": 482.84444476088225, "y": -1802.0000000000002}, "channel": 18}, "attempt": 1}
2026-09-12 22:09:26,862 INFO response {"request_id": "ba791504926d4fc4bf376165c3ffc596", "http_status": 200, "body": {"accepted": true, "real_timestamp_ms": 1789222163731, "virtual_time_s": 2875.967674, "measure_result": "no_signal"}}
2026-09-12 22:09:26,899 INFO request {"path": "/measure", "payload": {"arena_id": "default", "robot_id": "202601002029", "request_id": "bf1288e33f52460fa64de21481d23dc1", "position": {"x": 482.84444476088225, "y": -1802.0000000000002}, "channel": 10}, "attempt": 1}
2026-09-12 22:09:26,912 INFO response {"request_id": "bf1288e33f52460fa64de21481d23dc1", "http_status": 200, "body": {"accepted": true, "real_timestamp_ms": 1789222163780, "virtual_time_s": 2881.967674, "measure_result": "direction", "svd_deg": 41.29}}
2026-09-12 22:09:26,937 INFO request {"path": "/measure", "payload": {"arena_id": "default", "robot_id": "202601002029", "request_id": "0d22932415f842e59da0635dedcfcf89", "position": {"x": -482.8444447608845, "y": -1801.9999999999995}, "channel": 3}, "attempt": 1}
2026-09-12 22:09:26,939 INFO response {"request_id": "0d22932415f842e59da0635dedcfcf89", "http_status": 200, "body": {"accepted": true, "real_timestamp_ms": 1789222163808, "virtual_time_s": 3081.105452, "measure_result": "no_signal"}}
2026-09-12 22:09:26,970 INFO request {"path": "/measure", "payload": {"arena_id": "default", "robot_id": "202601002029", "request_id": "c6856b5576fa4306870f6a7ed07f7f33", "position": {"x": -482.8444447608845, "y": -1801.9999999999995}, "channel": 5}, "attempt": 1}
2026-09-12 22:09:26,971 INFO response {"request_id": "c6856b5576fa4306870f6a7ed07f7f33", "http_status": 200, "body": {"accepted": true, "real_timestamp_ms": 1789222163840, "virtual_time_s": 3087.105452, "measure_result": "no_signal"}}
2026-09-12 22:09:26,987 INFO request {"path": "/measure", "payload": {"arena_id": "default", "robot_id": "202601002029", "request_id": "3e025edf27ca422e8550b23c29b03737", "position": {"x": -482.8444447608845, "y": -1801.9999999999995}, "channel": 6}, "attempt": 1}
2026-09-12 22:09:27,000 INFO response {"request_id": "3e025edf27ca422e8550b23c29b03737", "http_status": 200, "body": {"accepted": true, "real_timestamp_ms": 1789222163868, "virtual_time_s": 3093.105452, "measure_result": "no_signal"}}
2026-09-12 22:09:27,015 INFO request {"path": "/measure", "payload": {"arena_id": "default", "robot_id": "202601002029", "request_id": "b4f0eac426e040678b92098ae3b796e4", "position": {"x": -482.8444447608845, "y": -1801.9999999999995}, "channel": 8}, "attempt": 1}
2026-09-12 22:09:27,016 INFO response {"request_id": "b4f0eac426e040678b92098ae3b796e4", "http_status": 200, "body": {"accepted": true, "real_timestamp_ms": 1789222163885, "virtual_time_s": 3099.105452, "measure_result": "no_signal"}}
2026-09-12 22:09:27,047 INFO request {"path": "/measure", "payload": {"arena_id": "default", "robot_id": "202601002029", "request_id": "6e6ac702abea4fbf852b6d0c7668f369", "position": {"x": -482.8444447608845, "y": -1801.9999999999995}, "channel": 11}, "attempt": 1}
2026-09-12 22:09:27,068 INFO response {"request_id": "6e6ac702abea4fbf852b6d0c7668f369", "http_status": 200, "body": {"accepted": true, "real_timestamp_ms": 1789222163937, "virtual_time_s": 3105.105452, "measure_result": "no_signal"}}
2026-09-12 22:09:27,068 INFO request {"path": "/measure", "payload": {"arena_id": "default", "robot_id": "202601002029", "request_id": "7bce8178691f472db6c6e32e58e3f664", "position": {"x": -482.8444447608845, "y": -1801.9999999999995}, "channel": 17}, "attempt": 1}
2026-09-12 22:09:27,088 INFO response {"request_id": "7bce8178691f472db6c6e32e58e3f664", "http_status": 200, "body": {"accepted": true, "real_timestamp_ms": 1789222163956, "virtual_time_s": 3111.105452, "measure_result": "no_signal"}}
2026-09-12 22:09:27,102 INFO request {"path": "/measure", "payload": {"arena_id": "default", "robot_id": "202601002029", "request_id": "48d000437b854539a49f967a2319e36d", "position": {"x": -482.8444447608845, "y": -1801.9999999999995}, "channel": 18}, "attempt": 1}
2026-09-12 22:09:27,118 INFO response {"request_id": "48d000437b854539a49f967a2319e36d", "http_status": 200, "body": {"accepted": true, "real_timestamp_ms": 1789222163987, "virtual_time_s": 3117.105452, "measure_result": "no_signal"}}
2026-09-12 22:09:27,132 INFO request {"path": "/measure", "payload": {"arena_id": "default", "robot_id": "202601002029", "request_id": "7d1f9cb7cf1c42578dc85a4324e304ad", "position": {"x": -482.8444447608845, "y": -1801.9999999999995}, "channel": 20}, "attempt": 1}
2026-09-12 22:09:27,147 INFO response {"request_id": "7d1f9cb7cf1c42578dc85a4324e304ad", "http_status": 200, "body": {"accepted": true, "real_timestamp_ms": 1789222164016, "virtual_time_s": 3123.105452, "measure_result": "no_signal"}}
2026-09-12 22:09:27,165 INFO request {"path": "/measure", "payload": {"arena_id": "default", "robot_id": "202601002029", "request_id": "e32c51843caa4c0799ddc12bf08f4028", "position": {"x": -1319.1555552391176, "y": -1319.1555552391162}, "channel": 20}, "attempt": 1}
2026-09-12 22:09:27,167 INFO response {"request_id": "e32c51843caa4c0799ddc12bf08f4028", "http_status": 200, "body": {"accepted": true, "real_timestamp_ms": 1789222164035, "virtual_time_s": 3321.24323, "measure_result": "no_signal"}}
2026-09-12 22:09:27,198 INFO request {"path": "/measure", "payload": {"arena_id": "default", "robot_id": "202601002029", "request_id": "cf2eb61b6216497d9728999b3477451f", "position": {"x": -1319.1555552391176, "y": -1319.1555552391162}, "channel": 3}, "attempt": 1}
2026-09-12 22:09:27,217 INFO response {"request_id": "cf2eb61b6216497d9728999b3477451f", "http_status": 200, "body": {"accepted": true, "real_timestamp_ms": 1789222164086, "virtual_time_s": 3327.24323, "measure_result": "no_signal"}}
2026-09-12 22:09:27,232 INFO request {"path": "/measure", "payload": {"arena_id": "default", "robot_id": "202601002029", "request_id": "3fe414eb34004f0db820127fdf886ade", "position": {"x": -1319.1555552391176, "y": -1319.1555552391162}, "channel": 5}, "attempt": 1}
2026-09-12 22:09:27,246 INFO response {"request_id": "3fe414eb34004f0db820127fdf886ade", "http_status": 200, "body": {"accepted": true, "real_timestamp_ms": 1789222164114, "virtual_time_s": 3333.24323, "measure_result": "no_signal"}}
2026-09-12 22:09:27,261 INFO request {"path": "/measure", "payload": {"arena_id": "default", "robot_id": "202601002029", "request_id": "9f840111f5294c6598c7ab83d767425e", "position": {"x": -1319.1555552391176, "y": -1319.1555552391162}, "channel": 6}, "attempt": 1}
2026-09-12 22:09:27,263 INFO response {"request_id": "9f840111f5294c6598c7ab83d767425e", "http_status": 200, "body": {"accepted": true, "real_timestamp_ms": 1789222164131, "virtual_time_s": 3339.24323, "measure_result": "no_signal"}}
2026-09-12 22:09:27,294 INFO request {"path": "/measure", "payload": {"arena_id": "default", "robot_id": "202601002029", "request_id": "03016f03db514e9e9accf7ac3831e40e", "position": {"x": -1319.1555552391176, "y": -1319.1555552391162}, "channel": 8}, "attempt": 1}
2026-09-12 22:09:27,314 INFO response {"request_id": "03016f03db514e9e9accf7ac3831e40e", "http_status": 200, "body": {"accepted": true, "real_timestamp_ms": 1789222164183, "virtual_time_s": 3345.24323, "measure_result": "no_signal"}}
2026-09-12 22:09:27,329 INFO request {"path": "/measure", "payload": {"arena_id": "default", "robot_id": "202601002029", "request_id": "5a36646caa5a456fa3f03d8904a80d7b", "position": {"x": -1319.1555552391176, "y": -1319.1555552391162}, "channel": 11}, "attempt": 1}
2026-09-12 22:09:27,344 INFO response {"request_id": "5a36646caa5a456fa3f03d8904a80d7b", "http_status": 200, "body": {"accepted": true, "real_timestamp_ms": 1789222164212, "virtual_time_s": 3351.24323, "measure_result": "no_signal"}}
2026-09-12 22:09:27,358 INFO request {"path": "/measure", "payload": {"arena_id": "default", "robot_id": "202601002029", "request_id": "592397f313bb4c25b5a280b3226820d8", "position": {"x": -1319.1555552391176, "y": -1319.1555552391162}, "channel": 17}, "attempt": 1}
2026-09-12 22:09:27,373 INFO response {"request_id": "592397f313bb4c25b5a280b3226820d8", "http_status": 200, "body": {"accepted": true, "real_timestamp_ms": 1789222164242, "virtual_time_s": 3357.24323, "measure_result": "no_signal"}}
2026-09-12 22:09:27,388 INFO request {"path": "/measure", "payload": {"arena_id": "default", "robot_id": "202601002029", "request_id": "b7e7ce4b24f647048abacc8fc503bb55", "position": {"x": -1319.1555552391176, "y": -1319.1555552391162}, "channel": 18}, "attempt": 1}
2026-09-12 22:09:27,402 INFO response {"request_id": "b7e7ce4b24f647048abacc8fc503bb55", "http_status": 200, "body": {"accepted": true, "real_timestamp_ms": 1789222164272, "virtual_time_s": 3363.24323, "measure_result": "no_signal"}}
2026-09-12 22:09:27,419 INFO request {"path": "/measure", "payload": {"arena_id": "default", "robot_id": "202601002029", "request_id": "55e634b70a58445e8ddf5a5c314dd30c", "position": {"x": -1802.0000000000002, "y": -482.84444476088237}, "channel": 18}, "attempt": 1}
2026-09-12 22:09:27,432 INFO response {"request_id": "55e634b70a58445e8ddf5a5c314dd30c", "http_status": 200, "body": {"accepted": true, "real_timestamp_ms": 1789222164300, "virtual_time_s": 3561.381008, "measure_result": "no_signal"}}
2026-09-12 22:09:27,447 INFO request {"path": "/measure", "payload": {"arena_id": "default", "robot_id": "202601002029", "request_id": "500f288047264f74bf4c2e744a154333", "position": {"x": -1802.0000000000002, "y": -482.84444476088237}, "channel": 3}, "attempt": 1}
2026-09-12 22:09:27,447 INFO response {"request_id": "500f288047264f74bf4c2e744a154333", "http_status": 200, "body": {"accepted": true, "real_timestamp_ms": 1789222164317, "virtual_time_s": 3567.381008, "measure_result": "no_signal"}}
2026-09-12 22:09:27,478 INFO request {"path": "/measure", "payload": {"arena_id": "default", "robot_id": "202601002029", "request_id": "09ea03be88a6467893bd34d15d027b08", "position": {"x": -1802.0000000000002, "y": -482.84444476088237}, "channel": 5}, "attempt": 1}
2026-09-12 22:09:27,491 INFO response {"request_id": "09ea03be88a6467893bd34d15d027b08", "http_status": 200, "body": {"accepted": true, "real_timestamp_ms": 1789222164360, "virtual_time_s": 3573.381008, "measure_result": "no_signal"}}
2026-09-12 22:09:27,506 INFO request {"path": "/measure", "payload": {"arena_id": "default", "robot_id": "202601002029", "request_id": "5cc0a3b34e0b4d648227692996596292", "position": {"x": -1802.0000000000002, "y": -482.84444476088237}, "channel": 6}, "attempt": 1}
2026-09-12 22:09:27,521 INFO response {"request_id": "5cc0a3b34e0b4d648227692996596292", "http_status": 200, "body": {"accepted": true, "real_timestamp_ms": 1789222164390, "virtual_time_s": 3579.381008, "measure_result": "no_signal"}}
2026-09-12 22:09:27,536 INFO request {"path": "/measure", "payload": {"arena_id": "default", "robot_id": "202601002029", "request_id": "eb490a25d02b44f0b012f84d4508a0bc", "position": {"x": -1802.0000000000002, "y": -482.84444476088237}, "channel": 8}, "attempt": 1}
2026-09-12 22:09:27,537 INFO response {"request_id": "eb490a25d02b44f0b012f84d4508a0bc", "http_status": 200, "body": {"accepted": true, "real_timestamp_ms": 1789222164407, "virtual_time_s": 3585.381008, "measure_result": "no_signal"}}
2026-09-12 22:09:27,568 INFO request {"path": "/measure", "payload": {"arena_id": "default", "robot_id": "202601002029", "request_id": "4963c244b6c54d01bdf7df39cc0afa73", "position": {"x": -1802.0000000000002, "y": -482.84444476088237}, "channel": 11}, "attempt": 1}
2026-09-12 22:09:27,578 INFO response {"request_id": "4963c244b6c54d01bdf7df39cc0afa73", "http_status": 200, "body": {"accepted": true, "real_timestamp_ms": 1789222164448, "virtual_time_s": 3591.381008, "measure_result": "no_signal"}}
2026-09-12 22:09:27,609 INFO request {"path": "/measure", "payload": {"arena_id": "default", "robot_id": "202601002029", "request_id": "2bde347793ab4602b1a5d2d80e22b933", "position": {"x": -1802.0000000000002, "y": -482.84444476088237}, "channel": 17}, "attempt": 1}
2026-09-12 22:09:27,629 INFO response {"request_id": "2bde347793ab4602b1a5d2d80e22b933", "http_status": 200, "body": {"accepted": true, "real_timestamp_ms": 1789222164497, "virtual_time_s": 3597.381008, "measure_result": "no_signal"}}
2026-09-12 22:09:27,630 INFO request {"path": "/measure", "payload": {"arena_id": "default", "robot_id": "202601002029", "request_id": "a12d87d87130470f8eab1f9a0b5ff1b7", "position": {"x": -1802.0000000000002, "y": -482.84444476088237}, "channel": 20}, "attempt": 1}
2026-09-12 22:09:27,648 INFO response {"request_id": "a12d87d87130470f8eab1f9a0b5ff1b7", "http_status": 200, "body": {"accepted": true, "real_timestamp_ms": 1789222164517, "virtual_time_s": 3603.381008, "measure_result": "no_signal"}}
2026-09-12 22:09:27,666 INFO request {"path": "/measure", "payload": {"arena_id": "default", "robot_id": "202601002029", "request_id": "1e20c4da4c0344ee83578ceb5e2121a7", "position": {"x": -1801.9999999999998, "y": 482.84444476088356}, "channel": 20}, "attempt": 1}
2026-09-12 22:09:27,669 INFO response {"request_id": "1e20c4da4c0344ee83578ceb5e2121a7", "http_status": 200, "body": {"accepted": true, "real_timestamp_ms": 1789222164537, "virtual_time_s": 3801.518786, "measure_result": "no_signal"}}
2026-09-12 22:09:27,700 INFO request {"path": "/measure", "payload": {"arena_id": "default", "robot_id": "202601002029", "request_id": "5e1795db51044172bc05ae3f519e1e7c", "position": {"x": -1801.9999999999998, "y": 482.84444476088356}, "channel": 3}, "attempt": 1}
2026-09-12 22:09:27,701 INFO response {"request_id": "5e1795db51044172bc05ae3f519e1e7c", "http_status": 200, "body": {"accepted": true, "real_timestamp_ms": 1789222164570, "virtual_time_s": 3807.518786, "measure_result": "no_signal"}}
2026-09-12 22:09:27,732 INFO request {"path": "/measure", "payload": {"arena_id": "default", "robot_id": "202601002029", "request_id": "cad15d133bb84f29a98c6496c3a25eb8", "position": {"x": -1801.9999999999998, "y": 482.84444476088356}, "channel": 5}, "attempt": 1}
2026-09-12 22:09:27,733 INFO response {"request_id": "cad15d133bb84f29a98c6496c3a25eb8", "http_status": 200, "body": {"accepted": true, "real_timestamp_ms": 1789222164602, "virtual_time_s": 3813.518786, "measure_result": "no_signal"}}
2026-09-12 22:09:27,764 INFO request {"path": "/measure", "payload": {"arena_id": "default", "robot_id": "202601002029", "request_id": "9818325d2e57440a9dd922fbebd08f85", "position": {"x": -1801.9999999999998, "y": 482.84444476088356}, "channel": 6}, "attempt": 1}
2026-09-12 22:09:27,765 INFO response {"request_id": "9818325d2e57440a9dd922fbebd08f85", "http_status": 200, "body": {"accepted": true, "real_timestamp_ms": 1789222164634, "virtual_time_s": 3819.518786, "measure_result": "no_signal"}}
2026-09-12 22:09:27,795 INFO request {"path": "/measure", "payload": {"arena_id": "default", "robot_id": "202601002029", "request_id": "3e47101c0f1843f0897319cdb39669e9", "position": {"x": -1801.9999999999998, "y": 482.84444476088356}, "channel": 8}, "attempt": 1}
2026-09-12 22:09:27,814 INFO response {"request_id": "3e47101c0f1843f0897319cdb39669e9", "http_status": 200, "body": {"accepted": true, "real_timestamp_ms": 1789222164683, "virtual_time_s": 3825.518786, "measure_result": "no_signal"}}
2026-09-12 22:09:27,829 INFO request {"path": "/measure", "payload": {"arena_id": "default", "robot_id": "202601002029", "request_id": "3666def5a65d4d5d981af6bf4a158275", "position": {"x": -1801.9999999999998, "y": 482.84444476088356}, "channel": 11}, "attempt": 1}
2026-09-12 22:09:27,844 INFO response {"request_id": "3666def5a65d4d5d981af6bf4a158275", "http_status": 200, "body": {"accepted": true, "real_timestamp_ms": 1789222164712, "virtual_time_s": 3831.518786, "measure_result": "no_signal"}}
2026-09-12 22:09:27,858 INFO request {"path": "/measure", "payload": {"arena_id": "default", "robot_id": "202601002029", "request_id": "8e6be9848fca403fa63f2c6c6b371082", "position": {"x": -1801.9999999999998, "y": 482.84444476088356}, "channel": 17}, "attempt": 1}
2026-09-12 22:09:27,873 INFO response {"request_id": "8e6be9848fca403fa63f2c6c6b371082", "http_status": 200, "body": {"accepted": true, "real_timestamp_ms": 1789222164742, "virtual_time_s": 3837.518786, "measure_result": "no_signal"}}
2026-09-12 22:09:27,889 INFO request {"path": "/measure", "payload": {"arena_id": "default", "robot_id": "202601002029", "request_id": "5ad774fb32304043890d2f86fbd60a70", "position": {"x": -1801.9999999999998, "y": 482.84444476088356}, "channel": 18}, "attempt": 1}
2026-09-12 22:09:27,903 INFO response {"request_id": "5ad774fb32304043890d2f86fbd60a70", "http_status": 200, "body": {"accepted": true, "real_timestamp_ms": 1789222164771, "virtual_time_s": 3843.518786, "measure_result": "no_signal"}}
2026-09-12 22:09:27,920 INFO request {"path": "/measure", "payload": {"arena_id": "default", "robot_id": "202601002029", "request_id": "7e0650c9ae2e490a84a29dcbdd9d086d", "position": {"x": -1319.1555552391167, "y": 1319.155555239117}, "channel": 18}, "attempt": 1}
2026-09-12 22:09:27,923 INFO response {"request_id": "7e0650c9ae2e490a84a29dcbdd9d086d", "http_status": 200, "body": {"accepted": true, "real_timestamp_ms": 1789222164791, "virtual_time_s": 4041.656564, "measure_result": "no_signal"}}
2026-09-12 22:09:27,953 INFO request {"path": "/measure", "payload": {"arena_id": "default", "robot_id": "202601002029", "request_id": "0473f1f0bef24d9a96238c5025fd3e0f", "position": {"x": -1319.1555552391167, "y": 1319.155555239117}, "channel": 3}, "attempt": 1}
2026-09-12 22:09:27,971 INFO response {"request_id": "0473f1f0bef24d9a96238c5025fd3e0f", "http_status": 200, "body": {"accepted": true, "real_timestamp_ms": 1789222164840, "virtual_time_s": 4047.656564, "measure_result": "no_signal"}}
2026-09-12 22:09:27,986 INFO request {"path": "/measure", "payload": {"arena_id": "default", "robot_id": "202601002029", "request_id": "e23793cb5cd04c0dac8edabc8ec4c790", "position": {"x": -1319.1555552391167, "y": 1319.155555239117}, "channel": 5}, "attempt": 1}
2026-09-12 22:09:28,000 INFO response {"request_id": "e23793cb5cd04c0dac8edabc8ec4c790", "http_status": 200, "body": {"accepted": true, "real_timestamp_ms": 1789222164869, "virtual_time_s": 4053.656564, "measure_result": "no_signal"}}
2026-09-12 22:09:28,014 INFO request {"path": "/measure", "payload": {"arena_id": "default", "robot_id": "202601002029", "request_id": "c6f28b27bfc0431481b68def39560e1c", "position": {"x": -1319.1555552391167, "y": 1319.155555239117}, "channel": 6}, "attempt": 1}
2026-09-12 22:09:28,029 INFO response {"request_id": "c6f28b27bfc0431481b68def39560e1c", "http_status": 200, "body": {"accepted": true, "real_timestamp_ms": 1789222164898, "virtual_time_s": 4059.656564, "measure_result": "no_signal"}}
2026-09-12 22:09:28,045 INFO request {"path": "/measure", "payload": {"arena_id": "default", "robot_id": "202601002029", "request_id": "37f6563f933143fca891aa394d77d227", "position": {"x": -1319.1555552391167, "y": 1319.155555239117}, "channel": 8}, "attempt": 1}
2026-09-12 22:09:28,059 INFO response {"request_id": "37f6563f933143fca891aa394d77d227", "http_status": 200, "body": {"accepted": true, "real_timestamp_ms": 1789222164927, "virtual_time_s": 4065.656564, "measure_result": "no_signal"}}
2026-09-12 22:09:28,074 INFO request {"path": "/measure", "payload": {"arena_id": "default", "robot_id": "202601002029", "request_id": "41515c996ad04875b373ee44735f8111", "position": {"x": -1319.1555552391167, "y": 1319.155555239117}, "channel": 11}, "attempt": 1}
2026-09-12 22:09:28,088 INFO response {"request_id": "41515c996ad04875b373ee44735f8111", "http_status": 200, "body": {"accepted": true, "real_timestamp_ms": 1789222164957, "virtual_time_s": 4071.656564, "measure_result": "no_signal"}}
2026-09-12 22:09:28,104 INFO request {"path": "/measure", "payload": {"arena_id": "default", "robot_id": "202601002029", "request_id": "67d52b0883614f81807960ac1ab0d8ed", "position": {"x": -1319.1555552391167, "y": 1319.155555239117}, "channel": 17}, "attempt": 1}
2026-09-12 22:09:28,106 INFO response {"request_id": "67d52b0883614f81807960ac1ab0d8ed", "http_status": 200, "body": {"accepted": true, "real_timestamp_ms": 1789222164975, "virtual_time_s": 4077.656564, "measure_result": "no_signal"}}
2026-09-12 22:09:28,137 INFO request {"path": "/measure", "payload": {"arena_id": "default", "robot_id": "202601002029", "request_id": "d7fbdf48afc34f66807c7a0b52625f33", "position": {"x": -1319.1555552391167, "y": 1319.155555239117}, "channel": 20}, "attempt": 1}
2026-09-12 22:09:28,139 INFO response {"request_id": "d7fbdf48afc34f66807c7a0b52625f33", "http_status": 200, "body": {"accepted": true, "real_timestamp_ms": 1789222165007, "virtual_time_s": 4083.656564, "measure_result": "no_signal"}}
2026-09-12 22:09:28,170 INFO request {"path": "/measure", "payload": {"arena_id": "default", "robot_id": "202601002029", "request_id": "f65af1fde9d74842831d16c9c6fd6050", "position": {"x": -482.8444447608829, "y": 1802.0}, "channel": 20}, "attempt": 1}
2026-09-12 22:09:28,187 INFO response {"request_id": "f65af1fde9d74842831d16c9c6fd6050", "http_status": 200, "body": {"accepted": true, "real_timestamp_ms": 1789222165056, "virtual_time_s": 4281.794342, "measure_result": "no_signal"}}
2026-09-12 22:09:28,202 INFO request {"path": "/measure", "payload": {"arena_id": "default", "robot_id": "202601002029", "request_id": "051771078a0c4ae89dc925652386eb01", "position": {"x": -482.8444447608829, "y": 1802.0}, "channel": 3}, "attempt": 1}
2026-09-12 22:09:28,216 INFO response {"request_id": "051771078a0c4ae89dc925652386eb01", "http_status": 200, "body": {"accepted": true, "real_timestamp_ms": 1789222165085, "virtual_time_s": 4287.794342, "measure_result": "no_signal"}}
2026-09-12 22:09:28,231 INFO request {"path": "/measure", "payload": {"arena_id": "default", "robot_id": "202601002029", "request_id": "3cf6dc7bae714acb86d8997e1e0cf6f1", "position": {"x": -482.8444447608829, "y": 1802.0}, "channel": 5}, "attempt": 1}
2026-09-12 22:09:28,245 INFO response {"request_id": "3cf6dc7bae714acb86d8997e1e0cf6f1", "http_status": 200, "body": {"accepted": true, "real_timestamp_ms": 1789222165114, "virtual_time_s": 4293.794342, "measure_result": "no_signal"}}
2026-09-12 22:09:28,260 INFO request {"path": "/measure", "payload": {"arena_id": "default", "robot_id": "202601002029", "request_id": "a3f606b39f2e422082937f2994c583dd", "position": {"x": -482.8444447608829, "y": 1802.0}, "channel": 6}, "attempt": 1}
2026-09-12 22:09:28,275 INFO response {"request_id": "a3f606b39f2e422082937f2994c583dd", "http_status": 200, "body": {"accepted": true, "real_timestamp_ms": 1789222165143, "virtual_time_s": 4299.794342, "measure_result": "no_signal"}}
2026-09-12 22:09:28,291 INFO request {"path": "/measure", "payload": {"arena_id": "default", "robot_id": "202601002029", "request_id": "787b2f5aa4bb4801b003e587eb65ff48", "position": {"x": -482.8444447608829, "y": 1802.0}, "channel": 8}, "attempt": 1}
2026-09-12 22:09:28,304 INFO response {"request_id": "787b2f5aa4bb4801b003e587eb65ff48", "http_status": 200, "body": {"accepted": true, "real_timestamp_ms": 1789222165172, "virtual_time_s": 4305.794342, "measure_result": "no_signal"}}
2026-09-12 22:09:28,319 INFO request {"path": "/measure", "payload": {"arena_id": "default", "robot_id": "202601002029", "request_id": "35ce1b9a2ebe4870a5522ec3bef58b38", "position": {"x": -482.8444447608829, "y": 1802.0}, "channel": 11}, "attempt": 1}
2026-09-12 22:09:28,334 INFO response {"request_id": "35ce1b9a2ebe4870a5522ec3bef58b38", "http_status": 200, "body": {"accepted": true, "real_timestamp_ms": 1789222165203, "virtual_time_s": 4311.794342, "measure_result": "no_signal"}}
2026-09-12 22:09:28,348 INFO request {"path": "/measure", "payload": {"arena_id": "default", "robot_id": "202601002029", "request_id": "14016ee47e4444379bb2f2dc0daeeba5", "position": {"x": -482.8444447608829, "y": 1802.0}, "channel": 17}, "attempt": 1}
2026-09-12 22:09:28,363 INFO response {"request_id": "14016ee47e4444379bb2f2dc0daeeba5", "http_status": 200, "body": {"accepted": true, "real_timestamp_ms": 1789222165232, "virtual_time_s": 4317.794342, "measure_result": "no_signal"}}
2026-09-12 22:09:28,378 INFO request {"path": "/measure", "payload": {"arena_id": "default", "robot_id": "202601002029", "request_id": "d41380846737413090013e4afcc21023", "position": {"x": -482.8444447608829, "y": 1802.0}, "channel": 18}, "attempt": 1}
2026-09-12 22:09:28,392 INFO response {"request_id": "d41380846737413090013e4afcc21023", "http_status": 200, "body": {"accepted": true, "real_timestamp_ms": 1789222165260, "virtual_time_s": 4323.794342, "measure_result": "no_signal"}}
2026-09-12 22:09:28,403 INFO request {"path": "/measure", "payload": {"arena_id": "default", "robot_id": "202601002029", "request_id": "c02e3b07308b45b2b25d074627ae3e53", "position": {"x": 482.8444447608835, "y": 1801.9999999999998}, "channel": 18}, "attempt": 1}
2026-09-12 22:09:28,421 INFO response {"request_id": "c02e3b07308b45b2b25d074627ae3e53", "http_status": 200, "body": {"accepted": true, "real_timestamp_ms": 1789222165290, "virtual_time_s": 4521.93212, "measure_result": "no_signal"}}
2026-09-12 22:09:28,437 INFO request {"path": "/measure", "payload": {"arena_id": "default", "robot_id": "202601002029", "request_id": "20ad519d11b54f7c95a10658f2e2fa04", "position": {"x": 482.8444447608835, "y": 1801.9999999999998}, "channel": 3}, "attempt": 1}
2026-09-12 22:09:28,438 INFO response {"request_id": "20ad519d11b54f7c95a10658f2e2fa04", "http_status": 200, "body": {"accepted": true, "real_timestamp_ms": 1789222165307, "virtual_time_s": 4527.93212, "measure_result": "no_signal"}}
2026-09-12 22:09:28,469 INFO request {"path": "/measure", "payload": {"arena_id": "default", "robot_id": "202601002029", "request_id": "f214381a2e5c4c3d9af31e535f975989", "position": {"x": 482.8444447608835, "y": 1801.9999999999998}, "channel": 5}, "attempt": 1}
2026-09-12 22:09:28,470 INFO response {"request_id": "f214381a2e5c4c3d9af31e535f975989", "http_status": 200, "body": {"accepted": true, "real_timestamp_ms": 1789222165339, "virtual_time_s": 4533.93212, "measure_result": "no_signal"}}
2026-09-12 22:09:28,501 INFO request {"path": "/measure", "payload": {"arena_id": "default", "robot_id": "202601002029", "request_id": "26a4325aa2ce4410bceed81adcaf6fb4", "position": {"x": 482.8444447608835, "y": 1801.9999999999998}, "channel": 6}, "attempt": 1}
2026-09-12 22:09:28,519 INFO response {"request_id": "26a4325aa2ce4410bceed81adcaf6fb4", "http_status": 200, "body": {"accepted": true, "real_timestamp_ms": 1789222165388, "virtual_time_s": 4539.93212, "measure_result": "no_signal"}}
2026-09-12 22:09:28,519 INFO request {"path": "/measure", "payload": {"arena_id": "default", "robot_id": "202601002029", "request_id": "55a50ae28c8a4310988e36b4ee22ec02", "position": {"x": 482.8444447608835, "y": 1801.9999999999998}, "channel": 8}, "attempt": 1}
2026-09-12 22:09:28,539 INFO response {"request_id": "55a50ae28c8a4310988e36b4ee22ec02", "http_status": 200, "body": {"accepted": true, "real_timestamp_ms": 1789222165408, "virtual_time_s": 4545.93212, "measure_result": "no_signal"}}
2026-09-12 22:09:28,554 INFO request {"path": "/measure", "payload": {"arena_id": "default", "robot_id": "202601002029", "request_id": "5eb18ff7166d4d93b960d5911d5d814e", "position": {"x": 482.8444447608835, "y": 1801.9999999999998}, "channel": 11}, "attempt": 1}
2026-09-12 22:09:28,570 INFO response {"request_id": "5eb18ff7166d4d93b960d5911d5d814e", "http_status": 200, "body": {"accepted": true, "real_timestamp_ms": 1789222165439, "virtual_time_s": 4551.93212, "measure_result": "no_signal"}}
2026-09-12 22:09:28,586 INFO request {"path": "/measure", "payload": {"arena_id": "default", "robot_id": "202601002029", "request_id": "aea6ced35aa64951b7b0892f92cc32d0", "position": {"x": 482.8444447608835, "y": 1801.9999999999998}, "channel": 17}, "attempt": 1}
2026-09-12 22:09:28,601 INFO response {"request_id": "aea6ced35aa64951b7b0892f92cc32d0", "http_status": 200, "body": {"accepted": true, "real_timestamp_ms": 1789222165470, "virtual_time_s": 4557.93212, "measure_result": "no_signal"}}
2026-09-12 22:09:28,617 INFO request {"path": "/measure", "payload": {"arena_id": "default", "robot_id": "202601002029", "request_id": "601d2d771e4a4ad4b300257e10df5ee1", "position": {"x": 482.8444447608835, "y": 1801.9999999999998}, "channel": 20}, "attempt": 1}
2026-09-12 22:09:28,618 INFO response {"request_id": "601d2d771e4a4ad4b300257e10df5ee1", "http_status": 200, "body": {"accepted": true, "real_timestamp_ms": 1789222165487, "virtual_time_s": 4563.93212, "measure_result": "no_signal"}}
2026-09-12 22:09:28,655 INFO request {"path": "/measure", "payload": {"arena_id": "default", "robot_id": "202601002029", "request_id": "f08f9d5af0b54597a0d8e9dd9f7bf405", "position": {"x": 1319.155555239117, "y": 1319.155555239117}, "channel": 20}, "attempt": 1}
2026-09-12 22:09:28,656 INFO response {"request_id": "f08f9d5af0b54597a0d8e9dd9f7bf405", "http_status": 200, "body": {"accepted": true, "real_timestamp_ms": 1789222165525, "virtual_time_s": 4762.069898, "measure_result": "no_signal"}}
2026-09-12 22:09:28,687 INFO request {"path": "/measure", "payload": {"arena_id": "default", "robot_id": "202601002029", "request_id": "f932ea6f2304482e98af912de6761917", "position": {"x": 1319.155555239117, "y": 1319.155555239117}, "channel": 3}, "attempt": 1}
2026-09-12 22:09:28,688 INFO response {"request_id": "f932ea6f2304482e98af912de6761917", "http_status": 200, "body": {"accepted": true, "real_timestamp_ms": 1789222165557, "virtual_time_s": 4768.069898, "measure_result": "no_signal"}}
2026-09-12 22:09:28,719 INFO request {"path": "/measure", "payload": {"arena_id": "default", "robot_id": "202601002029", "request_id": "a6c2c4cb316547989360e8293eafda93", "position": {"x": 1319.155555239117, "y": 1319.155555239117}, "channel": 5}, "attempt": 1}
2026-09-12 22:09:28,720 INFO response {"request_id": "a6c2c4cb316547989360e8293eafda93", "http_status": 200, "body": {"accepted": true, "real_timestamp_ms": 1789222165589, "virtual_time_s": 4774.069898, "measure_result": "no_signal"}}
2026-09-12 22:09:28,751 INFO request {"path": "/measure", "payload": {"arena_id": "default", "robot_id": "202601002029", "request_id": "ba6a6a460b3542c3b23f867b57eccb23", "position": {"x": 1319.155555239117, "y": 1319.155555239117}, "channel": 6}, "attempt": 1}
2026-09-12 22:09:28,753 INFO response {"request_id": "ba6a6a460b3542c3b23f867b57eccb23", "http_status": 200, "body": {"accepted": true, "real_timestamp_ms": 1789222165622, "virtual_time_s": 4780.069898, "measure_result": "no_signal"}}
2026-09-12 22:09:28,784 INFO request {"path": "/measure", "payload": {"arena_id": "default", "robot_id": "202601002029", "request_id": "7b220eff1154407cb88ef6dc3241b566", "position": {"x": 1319.155555239117, "y": 1319.155555239117}, "channel": 8}, "attempt": 1}
2026-09-12 22:09:28,798 INFO response {"request_id": "7b220eff1154407cb88ef6dc3241b566", "http_status": 200, "body": {"accepted": true, "real_timestamp_ms": 1789222165666, "virtual_time_s": 4786.069898, "measure_result": "no_signal"}}
2026-09-12 22:09:28,813 INFO request {"path": "/measure", "payload": {"arena_id": "default", "robot_id": "202601002029", "request_id": "a637370656b1464bb5ba0962980e886f", "position": {"x": 1319.155555239117, "y": 1319.155555239117}, "channel": 11}, "attempt": 1}
2026-09-12 22:09:28,816 INFO response {"request_id": "a637370656b1464bb5ba0962980e886f", "http_status": 200, "body": {"accepted": true, "real_timestamp_ms": 1789222165685, "virtual_time_s": 4792.069898, "measure_result": "no_signal"}}
2026-09-12 22:09:28,833 INFO request {"path": "/measure", "payload": {"arena_id": "default", "robot_id": "202601002029", "request_id": "7d8193e39371407dbdff815c7f3a8feb", "position": {"x": 1319.155555239117, "y": 1319.155555239117}, "channel": 17}, "attempt": 1}
2026-09-12 22:09:28,835 INFO response {"request_id": "7d8193e39371407dbdff815c7f3a8feb", "http_status": 200, "body": {"accepted": true, "real_timestamp_ms": 1789222165703, "virtual_time_s": 4798.069898, "measure_result": "no_signal"}}
2026-09-12 22:09:28,866 INFO request {"path": "/measure", "payload": {"arena_id": "default", "robot_id": "202601002029", "request_id": "2915903ac60e4fd0946202e81757c7a1", "position": {"x": 1319.155555239117, "y": 1319.155555239117}, "channel": 18}, "attempt": 1}
2026-09-12 22:09:28,868 INFO response {"request_id": "2915903ac60e4fd0946202e81757c7a1", "http_status": 200, "body": {"accepted": true, "real_timestamp_ms": 1789222165736, "virtual_time_s": 4804.069898, "measure_result": "no_signal"}}
2026-09-12 22:09:28,911 INFO request {"path": "/measure", "payload": {"arena_id": "default", "robot_id": "202601002029", "request_id": "ecde09821a4d4a90808ff5bc794eba22", "position": {"x": 1319.155555239117, "y": 1319.155555239117}, "channel": 1}, "attempt": 1}
2026-09-12 22:09:28,913 INFO response {"request_id": "ecde09821a4d4a90808ff5bc794eba22", "http_status": 200, "body": {"accepted": true, "real_timestamp_ms": 1789222165782, "virtual_time_s": 4810.069898, "measure_result": "direction", "svd_deg": 259.35}}
2026-09-12 22:09:28,948 INFO request {"path": "/measure", "payload": {"arena_id": "default", "robot_id": "202601002029", "request_id": "c25fdb6ee9134284ab386adc70427e05", "position": {"x": 1802.0, "y": 482.84444476088305}, "channel": 3}, "attempt": 1}
2026-09-12 22:09:28,949 INFO response {"request_id": "c25fdb6ee9134284ab386adc70427e05", "http_status": 200, "body": {"accepted": true, "real_timestamp_ms": 1789222165817, "virtual_time_s": 5009.207676, "measure_result": "no_signal"}}
2026-09-12 22:09:28,979 INFO request {"path": "/measure", "payload": {"arena_id": "default", "robot_id": "202601002029", "request_id": "649021ed518f4e70a8b8747757961cde", "position": {"x": 1802.0, "y": 482.84444476088305}, "channel": 5}, "attempt": 1}
2026-09-12 22:09:28,993 INFO response {"request_id": "649021ed518f4e70a8b8747757961cde", "http_status": 200, "body": {"accepted": true, "real_timestamp_ms": 1789222165863, "virtual_time_s": 5015.207676, "measure_result": "no_signal"}}
2026-09-12 22:09:29,008 INFO request {"path": "/measure", "payload": {"arena_id": "default", "robot_id": "202601002029", "request_id": "d3316ea3397c47c0b0329c7fc80ed2c8", "position": {"x": 1802.0, "y": 482.84444476088305}, "channel": 6}, "attempt": 1}
2026-09-12 22:09:29,024 INFO response {"request_id": "d3316ea3397c47c0b0329c7fc80ed2c8", "http_status": 200, "body": {"accepted": true, "real_timestamp_ms": 1789222165893, "virtual_time_s": 5021.207676, "measure_result": "no_signal"}}
2026-09-12 22:09:29,040 INFO request {"path": "/measure", "payload": {"arena_id": "default", "robot_id": "202601002029", "request_id": "8b78018a76a54048ac611d816b1fcef1", "position": {"x": 1802.0, "y": 482.84444476088305}, "channel": 8}, "attempt": 1}
2026-09-12 22:09:29,053 INFO response {"request_id": "8b78018a76a54048ac611d816b1fcef1", "http_status": 200, "body": {"accepted": true, "real_timestamp_ms": 1789222165922, "virtual_time_s": 5027.207676, "measure_result": "no_signal"}}
2026-09-12 22:09:29,068 INFO request {"path": "/measure", "payload": {"arena_id": "default", "robot_id": "202601002029", "request_id": "73d506fdc59448f28ba56a19c05892c1", "position": {"x": 1802.0, "y": 482.84444476088305}, "channel": 11}, "attempt": 1}
2026-09-12 22:09:29,083 INFO response {"request_id": "73d506fdc59448f28ba56a19c05892c1", "http_status": 200, "body": {"accepted": true, "real_timestamp_ms": 1789222165951, "virtual_time_s": 5033.207676, "measure_result": "no_signal"}}
2026-09-12 22:09:29,097 INFO request {"path": "/measure", "payload": {"arena_id": "default", "robot_id": "202601002029", "request_id": "d331048966e64d70864728efbdfdfd96", "position": {"x": 1802.0, "y": 482.84444476088305}, "channel": 17}, "attempt": 1}
2026-09-12 22:09:29,112 INFO response {"request_id": "d331048966e64d70864728efbdfdfd96", "http_status": 200, "body": {"accepted": true, "real_timestamp_ms": 1789222165980, "virtual_time_s": 5039.207676, "measure_result": "no_signal"}}
2026-09-12 22:09:29,142 INFO request {"path": "/measure", "payload": {"arena_id": "default", "robot_id": "202601002029", "request_id": "c024106a5f51488b8384b7258763660f", "position": {"x": 1802.0, "y": 482.84444476088305}, "channel": 18}, "attempt": 1}
2026-09-12 22:09:29,161 INFO response {"request_id": "c024106a5f51488b8384b7258763660f", "http_status": 200, "body": {"accepted": true, "real_timestamp_ms": 1789222166029, "virtual_time_s": 5045.207676, "measure_result": "no_signal"}}
2026-09-12 22:09:29,161 INFO request {"path": "/measure", "payload": {"arena_id": "default", "robot_id": "202601002029", "request_id": "aba80b09e21d41b19d9052e3ea7dfb8d", "position": {"x": 1802.0, "y": 482.84444476088305}, "channel": 20}, "attempt": 1}
2026-09-12 22:09:29,180 INFO response {"request_id": "aba80b09e21d41b19d9052e3ea7dfb8d", "http_status": 200, "body": {"accepted": true, "real_timestamp_ms": 1789222166048, "virtual_time_s": 5051.207676, "measure_result": "no_signal"}}
2026-09-12 22:09:35,396 INFO request {"path": "/measure", "payload": {"arena_id": "default", "robot_id": "202601002029", "request_id": "adc072e06f3d4fdaaa55e5f398bd388d", "position": {"x": 1567.6589715860453, "y": 611.5214322179718}, "channel": 1}, "attempt": 1}
2026-09-12 22:09:35,397 INFO response {"request_id": "adc072e06f3d4fdaaa55e5f398bd388d", "http_status": 200, "body": {"accepted": true, "real_timestamp_ms": 1789222172266, "virtual_time_s": 5110.676727, "measure_result": "direction", "svd_deg": 217.87}}
2026-09-12 22:09:35,433 INFO request {"path": "/clear", "payload": {"arena_id": "default", "robot_id": "202601002029", "request_id": "7dd99dcfe4ba4e069e4c0d747a001efa", "position": {"x": 1115.7683572033084, "y": 257.056569413697}, "channel": 1}, "attempt": 1}
2026-09-12 22:09:35,434 INFO response {"request_id": "7dd99dcfe4ba4e069e4c0d747a001efa", "http_status": 200, "body": {"accepted": true, "real_timestamp_ms": 1789222172303, "virtual_time_s": 5230.541947, "clear_result": "success"}}
2026-09-12 22:09:40,086 INFO request {"path": "/clear", "payload": {"arena_id": "default", "robot_id": "202601002029", "request_id": "e9d8b452e3404d678df61043566065fe", "position": {"x": 398.9040464458884, "y": 220.9029705081125}, "channel": 16}, "attempt": 1}
2026-09-12 22:09:40,088 INFO response {"request_id": "e9d8b452e3404d678df61043566065fe", "http_status": 200, "body": {"accepted": true, "real_timestamp_ms": 1789222176957, "virtual_time_s": 5379.097027, "clear_result": "success"}}
2026-09-12 22:09:44,971 INFO request {"path": "/measure", "payload": {"arena_id": "default", "robot_id": "202601002029", "request_id": "b2d7a0a1841e44779a0cd67044002570", "position": {"x": 578.1134567541078, "y": -570.2963583755314}, "channel": 13}, "attempt": 1}
2026-09-12 22:09:44,986 INFO response {"request_id": "b2d7a0a1841e44779a0cd67044002570", "http_status": 200, "body": {"accepted": true, "real_timestamp_ms": 1789222181855, "virtual_time_s": 5547.34528, "measure_result": "direction", "svd_deg": 312.15}}
2026-09-12 22:09:47,857 INFO request {"path": "/clear", "payload": {"arena_id": "default", "robot_id": "202601002029", "request_id": "5f015e49cb8f455885fa2dbdc890f0df", "position": {"x": 951.5887849145901, "y": -978.3518499410063}, "channel": 13}, "attempt": 1}
2026-09-12 22:09:47,875 INFO response {"request_id": "5f015e49cb8f455885fa2dbdc890f0df", "http_status": 200, "body": {"accepted": true, "real_timestamp_ms": 1789222184744, "virtual_time_s": 5662.978567, "clear_result": "success"}}
2026-09-12 22:09:50,966 INFO request {"path": "/clear", "payload": {"arena_id": "default", "robot_id": "202601002029", "request_id": "b736fa92ae9f445e9e14a5007daad789", "position": {"x": 1046.1557229675682, "y": -1308.4769388126633}, "channel": 10}, "attempt": 1}
2026-09-12 22:09:50,967 INFO response {"request_id": "b736fa92ae9f445e9e14a5007daad789", "http_status": 200, "body": {"accepted": true, "real_timestamp_ms": 1789222187836, "virtual_time_s": 5736.659126, "clear_result": "success"}}
2026-09-12 22:09:50,999 INFO request {"path": "/clear", "payload": {"arena_id": "default", "robot_id": "202601002029", "request_id": "2a04f52eebc54198b03abaccd4794528", "position": {"x": -180.0538528304398, "y": -1112.2708031642348}, "channel": 15}, "attempt": 1}
2026-09-12 22:09:51,020 INFO response {"request_id": "2a04f52eebc54198b03abaccd4794528", "http_status": 200, "body": {"accepted": true, "real_timestamp_ms": 1789222187888, "virtual_time_s": 5990.020699, "clear_result": "success"}}
2026-09-12 22:09:53,954 INFO request {"path": "/clear", "payload": {"arena_id": "default", "robot_id": "202601002029", "request_id": "7309a2e5275e4ede9b02ae5a18cca606", "position": {"x": -422.79964380714284, "y": -887.3206775537963}, "channel": 4}, "attempt": 1}
2026-09-12 22:09:53,956 INFO response {"request_id": "7309a2e5275e4ede9b02ae5a18cca606", "http_status": 200, "body": {"accepted": true, "real_timestamp_ms": 1789222190824, "virtual_time_s": 6061.210752, "clear_result": "success"}}
2026-09-12 22:09:53,987 INFO request {"path": "/clear", "payload": {"arena_id": "default", "robot_id": "202601002029", "request_id": "6c8200e0ad9d4d9ebdb9bbc1b200b09c", "position": {"x": 126.7040652392601, "y": 492.0527437572978}, "channel": 12}, "attempt": 1}
2026-09-12 22:09:53,991 INFO response {"request_id": "6c8200e0ad9d4d9ebdb9bbc1b200b09c", "http_status": 200, "body": {"accepted": true, "real_timestamp_ms": 1789222190858, "virtual_time_s": 6363.17037, "clear_result": "success"}}
2026-09-12 22:09:56,876 INFO request {"path": "/measure", "payload": {"arena_id": "default", "robot_id": "202601002029", "request_id": "17b3e25399174c7f8715377aea23231b", "position": {"x": 174.89008467511616, "y": 1077.0229781151388}, "channel": 2}, "attempt": 1}
2026-09-12 22:09:56,893 INFO response {"request_id": "17b3e25399174c7f8715377aea23231b", "http_status": 200, "body": {"accepted": true, "real_timestamp_ms": 1789222193762, "virtual_time_s": 6486.560671, "measure_result": "direction", "svd_deg": 28.64}}
2026-09-12 22:09:58,347 INFO request {"path": "/measure", "payload": {"arena_id": "default", "robot_id": "202601002029", "request_id": "cf05c7f40e464656981093a1f3e945e2", "position": {"x": 145.8174442690929, "y": 1126.1130091817633}, "channel": 9}, "attempt": 1}
2026-09-12 22:09:58,367 INFO response {"request_id": "cf05c7f40e464656981093a1f3e945e2", "http_status": 200, "body": {"accepted": true, "real_timestamp_ms": 1789222195236, "virtual_time_s": 6503.971279, "measure_result": "no_signal"}}
2026-09-12 22:09:59,936 INFO request {"path": "/measure", "payload": {"arena_id": "default", "robot_id": "202601002029", "request_id": "84f607ad79e3410ca615a26f1b5fa6ff", "position": {"x": 181.22817469668132, "y": 1142.1415975113014}, "channel": 9}, "attempt": 1}
2026-09-12 22:09:59,937 INFO response {"request_id": "84f607ad79e3410ca615a26f1b5fa6ff", "http_status": 200, "body": {"accepted": true, "real_timestamp_ms": 1789222196806, "virtual_time_s": 6516.745172, "measure_result": "direction", "svd_deg": 220.01}}
2026-09-12 22:09:59,971 INFO request {"path": "/clear", "payload": {"arena_id": "default", "robot_id": "202601002029", "request_id": "e243383da02b4079af3b8f615003268c", "position": {"x": 120.8102423316036, "y": 1093.1986583445641}, "channel": 9}, "attempt": 1}
2026-09-12 22:09:59,986 INFO response {"request_id": "e243383da02b4079af3b8f615003268c", "http_status": 200, "body": {"accepted": true, "real_timestamp_ms": 1789222196854, "virtual_time_s": 6537.296041, "clear_result": "success"}}
2026-09-12 22:10:00,002 INFO request {"path": "/clear", "payload": {"arena_id": "default", "robot_id": "202601002029", "request_id": "66c357da65fa4e899ec1cd14ff849d12", "position": {"x": 678.6536382435285, "y": 1352.585907593544}, "channel": 2}, "attempt": 1}
2026-09-12 22:10:00,015 INFO response {"request_id": "66c357da65fa4e899ec1cd14ff849d12", "http_status": 200, "body": {"accepted": true, "real_timestamp_ms": 1789222196883, "virtual_time_s": 6665.336034, "clear_result": "success"}}
2026-09-12 22:10:00,030 INFO request {"path": "/clear", "payload": {"arena_id": "default", "robot_id": "202601002029", "request_id": "493fef088dff4a0f8d59bee5b5ad5b7a", "position": {"x": 1599.5461792989245, "y": 21.959656087007406}, "channel": 7}, "attempt": 1}
2026-09-12 22:10:00,046 INFO response {"request_id": "493fef088dff4a0f8d59bee5b5ad5b7a", "http_status": 200, "body": {"accepted": true, "real_timestamp_ms": 1789222196914, "virtual_time_s": 6993.978386, "clear_result": "success"}}
2026-09-12 22:10:00,061 INFO request {"path": "/clear", "payload": {"arena_id": "default", "robot_id": "202601002029", "request_id": "ec9f42fc62bc422d83d8b04db5ef27a2", "position": {"x": 1236.3128262515768, "y": -364.39764279699057}, "channel": 14}, "attempt": 1}
2026-09-12 22:10:00,075 INFO response {"request_id": "ec9f42fc62bc422d83d8b04db5ef27a2", "http_status": 200, "body": {"accepted": true, "real_timestamp_ms": 1789222196944, "virtual_time_s": 7105.036942, "clear_result": "success"}}
2026-09-12 22:10:00,090 INFO request {"path": "/clear", "payload": {"arena_id": "default", "robot_id": "202601002029", "request_id": "1d900639bc94460e90311049c7787ab6", "position": {"x": -592.1112358079079, "y": -191.00394850466333}, "channel": 19}, "attempt": 1}
2026-09-12 22:10:00,103 INFO response {"request_id": "1d900639bc94460e90311049c7787ab6", "http_status": 200, "body": {"accepted": true, "real_timestamp_ms": 1789222196972, "virtual_time_s": 7477.362407, "clear_result": "success"}}
2026-09-12 22:10:00,120 INFO request {"path": "/exit", "payload": {"arena_id": "default", "robot_id": "202601002029", "request_id": "c3962d9158b44ba4a58cdf12d552e910"}, "attempt": 1}
2026-09-12 22:10:00,133 INFO response {"request_id": "c3962d9158b44ba4a58cdf12d552e910", "http_status": 200, "body": {"accepted": true, "real_timestamp_ms": 1789222197002, "virtual_time_s": 7477.362407, "exit_reason": "user_exit"}}
