case_id,test_name,test_outcome,entrypoint,input_kind,observation_count,unique_detection_point_count,constraint_count_input,constraint_count_solver,elapsed_ms,status,vertex_count,diameter,circle_radius,max_vertex_distance,coverage_excess,same_diameter_covers,backend_mode,backend,stage_config_ms,stage_build_halfplanes_ms,stage_classify_ms,stage_projection_bounds_ms,stage_linprog_ms,stage_vertices_ms,stage_measure_ms,stage_measure_setup_ms,stage_diameter_ms,stage_coverage_ms,stage_degeneracy_ms,stage_sort_vertices_ms,stage_residual_and_output_ms,stage_other_ms
test_angle_wrap_and_two_input_styles__001,test_angle_wrap_and_two_input_styles,PASS,solve_q1,observations,2,2,4,4,8.720100000573439,POLYGON,4,39.5083406589872,19.7541703294936,19.754170329493604,3.552713678800501e-15,True,scipy_with_fraction_check,scipy_highs_with_fraction_check,,0.23639999926672317,7.241699999212869,0.06720000237692147,7.000699999480275,0.781299999289331,0.3448999996180646,0.0008999995770864189,0.11450000056356657,0.1432999997632578,0.026100000468431972,0.03119999928458128,0.02620000122988131,0.11580000318645034
test_angle_wrap_and_two_input_styles__002,test_angle_wrap_and_two_input_styles,PASS,solve_q1,observations,2,2,4,4,2.369699999690056,POLYGON,4,39.5083406589872,19.7541703294936,19.754170329493604,3.552713678800501e-15,True,scipy_with_fraction_check,scipy_highs_with_fraction_check,0.43740000000980217,0.021600000764010474,0.6580999997822801,0.05980000059935264,0.5849999997735722,0.7785999987390824,0.346200000421959,0.0009999985195463523,0.10210000073129777,0.15809999968041666,0.030299999707494862,0.02620000122988131,0.026300000172341242,0.1277999999729218
test_consistent_random_observations__001,test_consistent_random_observations,PASS,solve_q1,observations,3,3,6,6,2.6753999991342425,POLYGON,4,22.217638393864267,11.108819196932133,13.10623352407956,1.9974143271474265,False,scipy_with_fraction_check,scipy_highs_with_fraction_check,,0.04599999920174014,1.4575000004697358,0.08730000081413891,1.3670000007550698,0.8434999999735737,0.2566999992268393,0.0008000006346264854,0.08089999937510584,0.10470000052009709,0.01869999869086314,0.02330000097572338,0.026499999876250513,0.07170000026235357
test_consistent_random_observations__002,test_consistent_random_observations,PASS,solve_q1,observations,4,4,8,8,2.403000000413158,POLYGON,5,20.83521363032694,10.41760681516347,12.111275110271798,1.6936682951083277,False,scipy_with_fraction_check,scipy_highs_with_fraction_check,,0.052999999752501026,0.7055999994918238,0.11989999984507449,0.598699998590746,1.2174999992566882,0.3393000006326474,0.0005000001692678779,0.1204999989568023,0.1289000010729069,0.024499999199179,0.02680000034160912,0.036499999623629265,0.08760000127949752
test_consistent_random_observations__003,test_consistent_random_observations,PASS,solve_q1,observations,3,3,6,6,2.3301000001083594,POLYGON,6,30.04862541611205,15.024312708056025,16.885144174807255,1.8608314667512307,False,scipy_with_fraction_check,scipy_highs_with_fraction_check,,0.04020000051241368,0.6873999991512392,0.08570000136387534,0.5997999996907311,1.0645000002114102,0.4644999989977805,0.0005999991117278114,0.18459999955666717,0.1788000008673407,0.030100000003585592,0.03330000072310213,0.03529999958118424,0.07350000123551581
test_consistent_random_observations__004,test_consistent_random_observations,PASS,solve_q1,observations,4,4,8,8,2.3249999994732207,POLYGON,4,18.4296311073659,9.21481555368295,12.824010371268423,3.6091948175854736,False,scipy_with_fraction_check,scipy_highs_with_fraction_check,,0.04020000051241368,0.6747999996150611,0.11900000026798807,0.5685999985871604,1.237599999512895,0.2918999998655636,0.0008000006346264854,0.08449999950244091,0.12989999959245324,0.0197000008483883,0.022700000045006163,0.03169999945384916,0.0804999999672873
test_consistent_random_observations__005,test_consistent_random_observations,PASS,solve_q1,observations,3,3,6,6,2.1189999988564523,POLYGON,5,20.689194195656633,10.344597097828316,10.344597097828316,0.0,True,scipy_with_fraction_check,scipy_highs_with_fraction_check,,0.04400000034365803,0.6382999999914318,0.0866999998834217,0.5531000006158138,0.9893000005831709,0.37880000127188396,0.0005999991117278114,0.12700000115728471,0.16249999862338882,0.025999999706982635,0.02990000029967632,0.031200001103570685,0.06859999666630756
test_consistent_random_observations__006,test_consistent_random_observations,PASS,solve_q1,observations,4,4,8,8,3.1976999998732936,POLYGON,6,19.632239331280147,9.816119665640073,9.816119665640105,3.197442310920451e-14,True,scipy_with_fraction_check,scipy_highs_with_fraction_check,,0.03420000030018855,0.9986000004573725,0.11249999806750566,0.5572000009124167,1.5404000005219132,0.5436000010377029,0.0005999991117278114,0.18649999947228935,0.22810000155004673,0.03909999941242859,0.042100000428035855,0.04519999856711365,0.08089999755611643
test_consistent_random_observations__007,test_consistent_random_observations,PASS,solve_q1,observations,3,3,6,6,2.3993999984668335,POLYGON,4,27.108856643533624,13.554428321766812,22.29074433885397,8.736316017087157,False,scipy_with_fraction_check,scipy_highs_with_fraction_check,,0.028599999495781958,0.5997000007482711,0.109500004327856,0.515800000357558,1.3543999993999023,0.3484999997453997,0.0009000013960758224,0.11769999946409371,0.1458000006095972,0.026799998522619717,0.026100000468431972,0.028899999961140566,0.06819999907747842
test_consistent_random_observations__008,test_consistent_random_observations,PASS,solve_q1,observations,4,4,8,8,2.44369999927585,POLYGON,4,27.108856643533624,13.554428321766812,22.29074433885397,8.736316017087157,False,scipy_with_fraction_check,scipy_highs_with_fraction_check,,0.07000000005064066,0.7958999995025806,0.13469999976223335,0.6669000013062032,1.077300001270487,0.34139999843318947,0.0010999992809956893,0.08890000026440248,0.11180000001331791,0.021099998775753193,0.02530000165279489,0.08899999920686241,0.15910000001895241
test_consistent_random_observations__009,test_consistent_random_observations,PASS,solve_q1,observations,3,3,6,6,3.7987999985489296,POLYGON,5,24.936210746966673,12.468105373483336,13.790312456015865,1.322207082532529,False,scipy_with_fraction_check,scipy_highs_with_fraction_check,,0.15220000022964086,1.0889000004681293,0.12590000005729962,0.943199998800992,1.7098999996960629,0.7019999993644888,0.0015000005078036338,0.28219999876455404,0.1965000010386575,0.08879999950295314,0.06100000064179767,0.06829999983892776,0.1457999987906078
test_consistent_random_observations__010,test_consistent_random_observations,PASS,solve_q1,observations,4,4,8,8,4.6416999994107755,POLYGON,4,23.405927302466317,11.702963651233159,14.22557584244861,2.522612191215451,False,scipy_with_fraction_check,scipy_highs_with_fraction_check,,0.12590000005729962,1.3402000004134607,0.201000000743079,1.1349999986123294,2.183599999625585,0.7834999996703118,0.0015000005078036338,0.47760000052221585,0.1787999990483513,0.030299999707494862,0.0411000000895001,0.05070000042906031,0.20849999964411836
test_consistent_random_observations__011,test_consistent_random_observations,PASS,solve_q1,observations,3,3,6,6,2.3201000003609806,POLYGON,4,24.567064058789537,12.283532029394769,17.189747299423043,4.906215270028275,False,scipy_with_fraction_check,scipy_highs_with_fraction_check,,0.04839999928663019,0.7746999999653781,0.10569999903964344,0.6713000002491754,1.0686000005080132,0.3431000004638918,0.0008999995770864189,0.10699999984353781,0.14790000022912864,0.023399999918183312,0.029799999538226984,0.03220000144210644,0.0853000001370674
test_consistent_random_observations__012,test_consistent_random_observations,PASS,solve_q1,observations,4,4,8,8,4.763200000525103,POLYGON,5,20.179809411474533,10.089904705737267,15.739791625222104,5.649886919484837,False,scipy_with_fraction_check,scipy_highs_with_fraction_check,,0.09210000098391902,1.357099999950151,0.20060000133526046,1.1553000003914349,2.3701999998593237,0.7483999997930368,0.0017000002117129043,0.2535999992687721,0.3026000013051089,0.0473000000056345,0.05539999983739108,0.08369999886781443,0.1953999999386724
test_consistent_random_observations__013,test_consistent_random_observations,PASS,solve_q1,observations,3,3,6,6,2.3314999998547137,POLYGON,4,16.30451157914354,8.15225578957177,11.980298852679946,3.8280430631081757,False,scipy_with_fraction_check,scipy_highs_with_fraction_check,,0.06960000064282212,0.7561000002169749,0.11660000018309802,0.654499999654945,1.0930999997071922,0.3264999995735707,0.0008999995770864189,0.09979999958886765,0.14060000103199854,0.023799999326001853,0.028500000553322025,0.03119999928458128,0.08619999971415382
test_consistent_random_observations__014,test_consistent_random_observations,PASS,solve_q1,observations,4,4,8,8,2.9156000000511995,POLYGON,5,16.092325748953094,8.046162874476547,11.84262705696514,3.7964641824885934,False,scipy_with_fraction_check,scipy_highs_with_fraction_check,,0.06130000110715628,0.8185999995475868,0.13309999849298038,0.6939000013517216,1.5268999995896593,0.40800000169838313,0.0009999985195463523,0.14820000069448724,0.15460000031453092,0.029099999665049836,0.030900000638212077,0.0413999987358693,0.100799998108414
test_consistent_random_observations__015,test_consistent_random_observations,PASS,solve_q1,observations,3,3,6,6,3.526399999827845,POLYGON,5,30.187578062550447,15.093789031275223,19.38501609985523,4.291227068580005,False,scipy_with_fraction_check,scipy_highs_with_fraction_check,,0.08019999950192869,1.6451999999844702,0.16210000103455968,1.4742000003025169,1.1663000004773494,0.4816999989998294,0.0008999995770864189,0.15320000056817662,0.2002000001084525,0.03789999936998356,0.04450000051292591,0.04149999949731864,0.15300000086426735
test_consistent_random_observations__016,test_consistent_random_observations,PASS,solve_q1,observations,4,4,8,8,3.1941999986884184,POLYGON,5,23.882380565841423,11.941190282920711,15.47990021388992,3.5387099309692083,False,scipy_with_fraction_check,scipy_highs_with_fraction_check,,0.10289999954693485,0.8701999995537335,0.1438999988749856,0.724600000467035,1.6340000001946464,0.4605000012816163,0.0006999998731771484,0.1556999995955266,0.18210000052931719,0.03199999991920777,0.040299999454873614,0.04690000059781596,0.12659999811148737
test_consistent_random_observations__017,test_consistent_random_observations,PASS,solve_q1,observations,3,3,6,6,3.0975999998190673,POLYGON,4,22.436888193427947,11.218444096713974,14.766177723358174,3.5477336266442006,False,scipy_with_fraction_check,scipy_highs_with_fraction_check,,0.06939999911992345,0.8861999995133374,0.10969999857479706,0.7777000009809854,1.5297000009013573,0.5091000002721557,0.002200000380980782,0.18289999934495427,0.21940000078757294,0.028200000087963417,0.034199998481199145,0.03819999983534217,0.10320000001229346
test_consistent_random_observations__018,test_consistent_random_observations,PASS,solve_q1,observations,4,4,8,8,3.4630000009201467,POLYGON,5,22.436888193427947,11.218444096713974,11.21844409671399,1.5987211554602254e-14,True,scipy_with_fraction_check,scipy_highs_with_fraction_check,,0.08820000039122533,1.0836000001290813,0.1405000002705492,0.9464999984629685,1.6756000004534144,0.49839999883261044,0.0008000006346264854,0.16219999997701962,0.2069000001938548,0.0349000001733657,0.043599999116850086,0.0473000000056345,0.11720000111381523
test_consistent_random_observations__019,test_consistent_random_observations,PASS,solve_q1,observations,3,3,6,6,2.4166999992303317,POLYGON,3,9.246267005690134,4.623133502845067,5.634110328343506,1.0109768254984388,False,scipy_with_fraction_check,scipy_highs_with_fraction_check,,0.06510000093840063,0.9558999990986194,0.10479999946255703,0.8433999992121244,1.0337000003346475,0.26530000104685314,0.0010000003385357559,0.07289999848580919,0.11560000166355167,0.017299998944508843,0.025100000129896216,0.029999999242136255,0.09669999781181104
test_consistent_random_observations__020,test_consistent_random_observations,PASS,solve_q1,observations,4,4,8,8,2.657199998793658,POLYGON,3,9.246267005690134,4.623133502845067,5.634110328343506,1.0109768254984388,False,scipy_with_fraction_check,scipy_highs_with_fraction_check,,0.07989999903657008,0.9002000006148592,0.13669999862031545,0.7770000011078082,1.3058000004093628,0.2581999997346429,0.0010000003385357559,0.0667000003886642,0.09949999912350904,0.016900001355679706,0.024499999199179,0.04710000030172523,0.11309999899822287
test_consistent_random_observations__021,test_consistent_random_observations,PASS,solve_q1,observations,3,3,6,6,2.8579999998328276,POLYGON,4,26.442952148004508,13.221476074002254,14.27129854739037,1.0498224733881152,False,scipy_with_fraction_check,scipy_highs_with_fraction_check,,0.12070000047970098,1.2406999994709622,0.1719999982014997,1.1153000014019199,1.0647999988577794,0.32049999936134554,0.0008000006346264854,0.10409999958937988,0.1281000004382804,0.02350000067963265,0.030199998946045525,0.03130000004603062,0.11130000166303944
test_consistent_random_observations__022,test_consistent_random_observations,PASS,solve_q1,observations,4,4,8,8,2.6633999987097923,POLYGON,4,17.23703770541595,8.618518852707975,12.988327921397024,4.369809068689049,False,scipy_with_fraction_check,scipy_highs_with_fraction_check,,0.13869999929738697,0.8737999996810686,0.13020000005781185,0.7565999985672534,1.216700000441051,0.3175000001647277,0.0006999998731771484,0.09809999937715475,0.1264000002265675,0.025000001187436283,0.0289999989036005,0.03600000127335079,0.11669999912555795
test_consistent_random_observations__023,test_consistent_random_observations,PASS,solve_q1,observations,3,3,6,6,2.0512999999482417,POLYGON,4,22.901170157771865,11.450585078885933,11.450585078885947,1.4210854715202004e-14,True,scipy_with_fraction_check,scipy_highs_with_fraction_check,,0.03889999970851932,0.6675999993603909,0.08630000047560316,0.5682999999407912,0.9497000010014744,0.3151000000798376,0.0006999998731771484,0.09250000039173756,0.14509999891743064,0.021699999706470408,0.025600000299164094,0.02769999991869554,0.07999999979801942
test_consistent_random_observations__024,test_consistent_random_observations,PASS,solve_q1,observations,4,4,8,8,2.29360000048473,POLYGON,4,22.901170157771865,11.450585078885933,11.450585078885947,1.4210854715202004e-14,True,scipy_with_fraction_check,scipy_highs_with_fraction_check,,0.036100000215810724,0.6178000003274065,0.1275000013265526,0.5106000007799594,1.2487999993027188,0.30839999999443535,0.0006999998731771484,0.08999999954539817,0.13760000001639128,0.021500000002561137,0.024400000256719068,0.03260000084992498,0.0825000006443588
test_consistent_random_observations__025,test_consistent_random_observations,PASS,solve_q1,observations,3,3,6,6,2.330999999685446,POLYGON,6,27.042483552084324,13.521241776042162,13.521241776042165,3.552713678800501e-15,True,scipy_with_fraction_check,scipy_highs_with_fraction_check,,0.037900001188972965,0.6281000005401438,0.08679999882588163,0.5282000001898268,1.0652999990270473,0.5261999995127553,0.0005999991117278114,0.19250000150350388,0.21689999994123355,0.03599999945436139,0.03760000072361436,0.04039999839733355,0.07349999941652641
test_consistent_random_observations__026,test_consistent_random_observations,PASS,solve_q1,observations,4,4,8,8,2.5616000002628425,POLYGON,6,23.07626034780428,11.53813017390214,12.427104819446122,0.888974645543982,False,scipy_with_fraction_check,scipy_highs_with_fraction_check,,0.04489999992074445,0.6577000003744615,0.11319999975967221,0.5539999983739108,1.3390000003710156,0.43449999975564424,0.0006999998731771484,0.19379999866941944,0.12930000048072543,0.03119999928458128,0.03370000013092067,0.04400000034365803,0.08549999984097667
test_consistent_random_observations__027,test_consistent_random_observations,PASS,solve_q1,observations,3,3,6,6,2.135999999154592,POLYGON,5,26.043564992928037,13.021782496464018,13.021782496464045,2.6645352591003757e-14,True,scipy_with_fraction_check,scipy_highs_with_fraction_check,,0.03159999869239982,0.6106000000727363,0.09180000233754981,0.5225000004429603,1.0231999985990115,0.39789999937056564,0.0006000009307172149,0.1314999990427168,0.17690000095171854,0.02700000004551839,0.028700000257231295,0.03169999945384916,0.07270000241987873
test_consistent_random_observations__028,test_consistent_random_observations,PASS,solve_q1,observations,4,4,8,8,2.300199999808683,POLYGON,4,19.227330645630182,9.613665322815091,9.613665322815091,0.0,True,scipy_with_fraction_check,scipy_highs_with_fraction_check,,0.03749999996216502,0.7786999995005317,0.12140000217186753,0.6732999991072575,1.116000001275097,0.28329999986453913,0.0006999998731771484,0.07869999899412505,0.12910000077681616,0.019999999494757503,0.02300000051036477,0.030100000003585592,0.08469999920635018
test_consistent_random_observations__029,test_consistent_random_observations,PASS,solve_q1,observations,3,3,6,6,1.7292000011366326,POLYGON,4,20.1296607114347,10.06483035571735,14.367509026165235,4.302678670447886,False,scipy_with_fraction_check,scipy_highs_with_fraction_check,,0.028399999791872688,0.5538999994314509,0.08829999933368526,0.47280000035243575,0.8491000007779803,0.23599999985890463,0.0006000009307172149,0.07809999988239724,0.08929999967222102,0.019600000086938962,0.0213999992411118,0.02550000135670416,0.061800001276424155
test_consistent_random_observations__030,test_consistent_random_observations,PASS,solve_q1,observations,4,4,8,8,1.9924999996874249,POLYGON,4,20.1296607114347,10.06483035571735,14.367509026165235,4.302678670447886,False,scipy_with_fraction_check,scipy_highs_with_fraction_check,,0.032100000680657104,0.5636000005324604,0.11969999832217582,0.46460000157821923,1.0800000000017462,0.24279999888676684,0.0005000001692678779,0.07809999988239724,0.08929999967222102,0.018900000213761814,0.02119999953720253,0.03300000025774352,0.07399999958579428
test_consistent_random_observations__031,test_consistent_random_observations,PASS,solve_q1,observations,3,3,6,6,1.915299999382114,POLYGON,5,21.155216366145474,10.577608183072737,10.577608183072753,1.5987211554602254e-14,True,scipy_with_fraction_check,scipy_highs_with_fraction_check,,0.031000001399661414,0.5491000010806601,0.08590000288677402,0.4668000001402106,0.915000000532018,0.35630000093078706,0.0005999991117278114,0.12109999988751952,0.152900000102818,0.024500001018168405,0.026699999580159783,0.0289999989036005,0.06389999543898739
test_consistent_random_observations__032,test_consistent_random_observations,PASS,solve_q1,observations,4,4,8,8,2.373999999690568,POLYGON,6,16.14808659371456,8.07404329685728,8.19821205992348,0.12416876306619962,False,scipy_with_fraction_check,scipy_highs_with_fraction_check,,0.029499999072868377,0.5541999998968095,0.12169999899924733,0.4513000003498746,1.3288999998621875,0.38780000068072695,0.0006000009307172149,0.1677999989624368,0.11869999980262946,0.02789999962260481,0.03060000017285347,0.04059999992023222,0.07360000017797574
test_consistent_random_observations__033,test_consistent_random_observations,PASS,solve_q1,observations,3,3,6,6,2.0806000011361903,POLYGON,6,19.567795610403557,9.783897805201779,9.783897805201779,0.0,True,scipy_with_fraction_check,scipy_highs_with_fraction_check,,0.027999998565064743,0.5154999998921994,0.08479999814881012,0.43569999979808927,1.0154999999940628,0.4602999997587176,0.0005999991117278114,0.17180000031657983,0.1905999997688923,0.029200000426499173,0.032899999496294186,0.03380000089237001,0.06130000292614568
test_consistent_random_observations__034,test_consistent_random_observations,PASS,solve_q1,observations,4,4,8,8,2.4532999996154103,POLYGON,6,19.567795610403557,9.783897805201779,9.783897805201779,0.0,True,scipy_with_fraction_check,scipy_highs_with_fraction_check,,0.03259999903093558,0.5992999995214632,0.10469999870110769,0.5082000006950693,1.2919999990117503,0.45420000060403254,0.0006999998731771484,0.1695000009931391,0.18180000006395858,0.028899999961140566,0.031099998523131944,0.040800001443130895,0.07520000144722871
test_consistent_random_observations__035,test_consistent_random_observations,PASS,solve_q1,observations,3,3,6,6,2.0438000010472024,POLYGON,6,33.296676229903746,16.648338114951873,16.648338114951873,0.0,True,scipy_with_fraction_check,scipy_highs_with_fraction_check,,0.027300000510877,0.5095999986224342,0.08349999916390516,0.430199999755132,1.006000000415952,0.43849999929079786,0.0006999998731771484,0.16520000099262688,0.17949999892152846,0.028700000257231295,0.02970000059576705,0.033299998904112726,0.06240000220714137
test_consistent_random_observations__036,test_consistent_random_observations,PASS,solve_q1,observations,4,4,8,8,2.3080999999365304,POLYGON,5,18.03443480176642,9.01721740088321,9.758980307948145,0.7417629070649348,False,scipy_with_fraction_check,scipy_highs_with_fraction_check,,0.02950000089185778,0.5686000004061498,0.12340000284893904,0.46269999984360766,1.244000000951928,0.3890999996656319,0.0006000009307172149,0.13299999955052044,0.13799999942420982,0.03150000156892929,0.034899998354376294,0.04910000097879674,0.07689999802096281
test_consistent_random_observations__037,test_consistent_random_observations,PASS,solve_q1,observations,3,3,6,6,1.8392999991192482,POLYGON,5,29.430560528708686,14.715280264354343,14.715280264354346,3.552713678800501e-15,True,scipy_with_fraction_check,scipy_highs_with_fraction_check,,0.027300000510877,0.5286999985401053,0.08549999984097667,0.44689999958791304,0.8441999998467509,0.3758000002562767,0.0005999991117278114,0.12969999988854397,0.16219999997701962,0.026300000172341242,0.026300000172341242,0.029400000130408444,0.06329999996523838
test_consistent_random_observations__038,test_consistent_random_observations,PASS,solve_q1,observations,4,4,8,8,2.2427000003517605,POLYGON,4,10.544068518967078,5.272034259483539,5.598583283384244,0.3265490239007045,False,scipy_with_fraction_check,scipy_highs_with_fraction_check,,0.043000000005122274,0.6257000004552538,0.11549999726412352,0.518700000611716,1.19520000043849,0.29659999927389435,0.0005999991117278114,0.08450000132143032,0.13500000022759195,0.019499999325489625,0.024400000256719068,0.03060000017285347,0.0822000001790002
test_consistent_random_observations__039,test_consistent_random_observations,PASS,solve_q1,observations,3,3,6,6,1.9057999998040032,POLYGON,4,17.212272665764843,8.606136332882421,14.230868743170147,5.624732410287725,False,scipy_with_fraction_check,scipy_highs_with_fraction_check,,0.028200000087963417,0.5593000005319482,0.08499999967170879,0.47820000145293307,0.9841999999480322,0.2702000001590932,0.0006999998731771484,0.08180000077118166,0.11749999976018444,0.02010000025620684,0.022599999283556826,0.025699999241624027,0.0638999990769662
test_consistent_random_observations__040,test_consistent_random_observations,PASS,solve_q1,observations,4,4,8,8,2.2671000006084796,POLYGON,4,17.212272665764843,8.606136332882421,14.230868743170147,5.624732410287725,False,scipy_with_fraction_check,scipy_highs_with_fraction_check,,0.03339999966556206,0.5628999988402938,0.11420000009820797,0.4656000000977656,1.3135000008333009,0.2808999997796491,0.0006999998731771484,0.08170000000973232,0.1202000003104331,0.021899999410379678,0.02300000051036477,0.031800000215298496,0.07640000148967374
test_consistent_random_observations__041,test_consistent_random_observations,PASS,solve_q1,observations,3,3,6,6,2.0600000007107155,POLYGON,5,23.42281576551974,11.71140788275987,11.71140788275987,0.0,True,scipy_with_fraction_check,scipy_highs_with_fraction_check,,0.031400000807479955,0.559800000701216,0.0866999998834217,0.4763000015373109,1.025100000333623,0.37800000063725747,0.0005999991117278114,0.12869999955000822,0.16450000111944973,0.025499999537714757,0.02769999991869554,0.02970000059576705,0.06569999823113903
test_consistent_random_observations__042,test_consistent_random_observations,PASS,solve_q1,observations,4,4,8,8,2.62519999887445,POLYGON,6,23.42281576551974,11.71140788275987,11.71140788275987,0.0,True,scipy_with_fraction_check,scipy_highs_with_fraction_check,,0.035400000342633575,0.5972999988443917,0.12289999904169235,0.49220000073546544,1.442399998268229,0.4718000000139,0.0006999998731771484,0.17250000018975697,0.19270000120741315,0.029999999242136255,0.03300000025774352,0.04129999979340937,0.07830000140529592
test_consistent_random_observations__043,test_consistent_random_observations,PASS,solve_q1,observations,3,3,6,6,1.5880999999353662,POLYGON,3,11.57141590678283,5.785707953391415,9.737700054650201,3.951992101258786,False,scipy_with_fraction_check,scipy_highs_with_fraction_check,,0.02719999974942766,0.5326000009517884,0.08480000178678893,0.45260000115376897,0.7795999990776181,0.18529999942984432,0.0006999998731771484,0.05120000059832819,0.07879999975557439,0.012900000001536682,0.018900000213761814,0.021500000002561137,0.06340000072668772
test_consistent_random_observations__044,test_consistent_random_observations,PASS,solve_q1,observations,4,4,8,8,2.1428000000014435,POLYGON,4,11.564433577160434,5.782216788580217,9.44961523774773,3.6673984491675133,False,scipy_with_fraction_check,scipy_highs_with_fraction_check,,0.02970000059576705,0.5954999996902188,0.12059999971825164,0.4908999999315711,1.1564999986148905,0.28529999872262124,0.0015999994502635673,0.0866999998834217,0.12040000001434237,0.01900000097521115,0.024599999960628338,0.03139999898849055,0.07580000237794593
test_consistent_random_observations__045,test_consistent_random_observations,PASS,solve_q1,observations,3,3,6,6,1.9697999996424187,POLYGON,5,26.16949016307199,13.084745081535996,13.084745081535996,0.0,True,scipy_with_fraction_check,scipy_highs_with_fraction_check,,0.031600000511389226,0.565199999982724,0.08569999954488594,0.4836999996769009,0.9339000007457798,0.37319999864848796,0.0006000009307172149,0.12520000018412247,0.158200000441866,0.027999998565064743,0.02950000089185778,0.030199998946045525,0.06589999975403771
test_consistent_random_observations__046,test_consistent_random_observations,PASS,solve_q1,observations,4,4,8,8,2.3973000006662915,POLYGON,5,24.753980463880698,12.376990231940349,12.376990231940349,0.0,True,scipy_with_fraction_check,scipy_highs_with_fraction_check,,0.04309999894758221,0.632499999483116,0.12290000086068176,0.527299998793751,1.2439000001904787,0.38380000114557333,0.0006000009307172149,0.12849999984609894,0.16419999883510172,0.025100000129896216,0.027400001272326335,0.03609999839682132,0.09400000089954119
test_consistent_random_observations__047,test_consistent_random_observations,PASS,solve_q1,observations,3,3,6,6,1.9542999998520827,POLYGON,4,26.12226229183838,13.06113114591919,18.469711911849167,5.408580765929978,False,scipy_with_fraction_check,scipy_highs_with_fraction_check,,0.031800000215298496,0.5709999986720504,0.08499999967170879,0.48910000077739824,0.9946000009222189,0.2899999999499414,0.0006999998731771484,0.08269999852927867,0.11540000014065299,0.024500001018168405,0.029999999242136255,0.03470000046945643,0.06690000009257346
test_consistent_random_observations__048,test_consistent_random_observations,PASS,solve_q1,observations,4,4,8,8,2.4021000008360716,POLYGON,5,26.12226229183838,13.06113114591919,14.659043777974185,1.597912632054996,False,scipy_with_fraction_check,scipy_highs_with_fraction_check,,0.02970000059576705,0.5720999997720355,0.11810000250989106,0.47280000035243575,1.4021000006323447,0.3214999996998813,0.0006999998731771484,0.1252999991265824,0.10699999984353781,0.024200000552809797,0.026399999114801176,0.036299999919719994,0.07670000013604295
test_consistent_random_observations__049,test_consistent_random_observations,PASS,solve_q1,observations,3,3,6,6,2.1560999994107988,POLYGON,6,27.027300901021377,13.513650450510688,13.51365045051069,1.7763568394002505e-15,True,scipy_with_fraction_check,scipy_highs_with_fraction_check,,0.02849999873433262,0.5204999997658888,0.08479999996779952,0.4392000009829644,1.0683999989851145,0.47509999967587646,0.0005999991117278114,0.18219999947177712,0.19430000065767672,0.030499999411404133,0.03260000084992498,0.033299998904112726,0.0636000022495864
test_consistent_random_observations__050,test_consistent_random_observations,PASS,solve_q1,observations,4,4,8,8,2.7793999997811625,POLYGON,6,27.027300901021377,13.513650450510688,13.51365045051069,1.7763568394002505e-15,True,scipy_with_fraction_check,scipy_highs_with_fraction_check,,0.03259999903093558,0.6200999996508472,0.1264000020455569,0.5111999998916872,1.5330000005633337,0.5098000001453329,0.000700001692166552,0.19049999900744297,0.20820000099774916,0.03259999903093558,0.03429999924264848,0.04200000148557592,0.0839000003907131
test_consistent_random_observations__051,test_consistent_random_observations,PASS,solve_q1,observations,3,3,6,6,2.062199999272707,POLYGON,6,19.16836247120864,9.58418123560432,9.584181235604321,1.7763568394002505e-15,True,scipy_with_fraction_check,scipy_highs_with_fraction_check,,0.026900001103058457,0.5019000000174856,0.07449999975506216,0.42270000085409265,1.0087999999086605,0.46270000166259706,0.0006000009307172149,0.17730000035953708,0.18869999985327013,0.029499999072868377,0.03130000004603062,0.03389999983482994,0.06189999658090528
test_consistent_random_observations__052,test_consistent_random_observations,PASS,solve_q1,observations,4,4,8,8,2.2796000012021977,POLYGON,5,19.13245016188425,9.566225080942125,9.566225080942147,2.1316282072803006e-14,True,scipy_with_fraction_check,scipy_highs_with_fraction_check,,0.026300000172341242,0.503999999637017,0.11869999798364006,0.4074000007676659,1.3291000013850862,0.34979999873030465,0.0005000001692678779,0.11819999963336159,0.14869999904476572,0.023600001441081986,0.024399998437729664,0.03300000025774352,0.07040000127744861
test_consistent_random_observations__053,test_consistent_random_observations,PASS,solve_q1,observations,3,3,6,6,1.9991000008303672,POLYGON,6,20.640998148375722,10.320499074187861,10.83522584747656,0.5147267732886984,False,scipy_with_fraction_check,scipy_highs_with_fraction_check,,0.02719999974942766,0.5034000005252892,0.08299999899463728,0.4259000015736092,0.9805999998206971,0.4282000008970499,0.0006000009307172149,0.1640999998926418,0.1733999997668434,0.02700000004551839,0.029999999242136255,0.03170000127283856,0.059699999837903306
test_consistent_random_observations__054,test_consistent_random_observations,PASS,solve_q1,observations,4,4,8,8,2.414300000964431,POLYGON,6,19.3220843499491,9.66104217497455,9.88734038608564,0.2262982111110894,False,scipy_with_fraction_check,scipy_highs_with_fraction_check,,0.02750000021478627,0.5309000007400755,0.11869999980262946,0.43340000047464855,1.3146000001142966,0.47110000014072284,0.0006999998731771484,0.1812999998946907,0.18679999993764795,0.028100001145503484,0.031800000215298496,0.040899998566601425,0.07019999975454994
test_consistent_random_observations__055,test_consistent_random_observations,PASS,solve_q1,observations,3,3,6,6,2.977100000862265,POLYGON,4,26.501167804557774,13.250583902278887,13.250583902278898,1.0658141036401503e-14,True,scipy_with_fraction_check,scipy_highs_with_fraction_check,,0.03909999941242859,0.8507999991707038,0.12550000064948108,0.7236000001284992,1.5328000008594245,0.46659999861731194,0.0012000000424450263,0.13179999950807542,0.216500000533415,0.03459999970800709,0.03680000008898787,0.04329999865149148,0.0878000028023962
test_consistent_random_observations__056,test_consistent_random_observations,PASS,solve_q1,observations,4,4,8,8,4.92850000046019,POLYGON,5,22.805573939008273,11.402786969504136,11.402786969504136,0.0,True,scipy_with_fraction_check,scipy_highs_with_fraction_check,,0.050799999371520244,0.9921000000758795,0.20569999833242036,0.8070000003499445,2.8899999997520354,0.8593000002292683,0.0013999997463542968,0.2719000003708061,0.3882999990310054,0.05520000013348181,0.05670000064128544,0.0824999988253694,0.13630000103148632
test_consistent_random_observations__057,test_consistent_random_observations,PASS,solve_q1,observations,3,3,6,6,4.85110000045097,POLYGON,6,23.313649856317966,11.656824928158983,12.642625586619552,0.985800658460569,False,scipy_with_fraction_check,scipy_highs_with_fraction_check,,0.05690000034519471,1.30650000028254,0.36670000008598436,0.9320000008301577,2.3999999993975507,0.9623999994801125,0.0012000000424450263,0.3631999989011092,0.41740000051504467,0.055300000894931145,0.057899998864741065,0.06450000000768341,0.1253000009455718
test_consistent_random_observations__058,test_consistent_random_observations,PASS,solve_q1,observations,4,4,8,8,3.6177999991195975,POLYGON,6,17.74052334003286,8.87026167001643,9.003924806230152,0.13366313621372328,False,scipy_with_fraction_check,scipy_highs_with_fraction_check,,0.03960000140068587,0.694800000928808,0.1461000010749558,0.565100001040264,1.8851000004360685,0.8944000001065433,0.0006999998731771484,0.1950999994733138,0.561099999686121,0.041700001020217314,0.042499999835854396,0.05120000059832819,0.1038999962474918
test_consistent_random_observations__059,test_consistent_random_observations,PASS,solve_q1,observations,3,3,6,6,2.2783000003983034,POLYGON,6,24.78525038879993,12.392625194399965,16.236553279870343,3.8439280854703775,False,scipy_with_fraction_check,scipy_highs_with_fraction_check,,0.032300000384566374,0.5999999993946403,0.08339999840245582,0.514199999088305,1.0610999997879844,0.5178000010346295,0.0006000009307172149,0.21120000019436702,0.19859999883919954,0.031600000511389226,0.03459999970800709,0.039599999581696466,0.06709999979648273
test_consistent_random_observations__060,test_consistent_random_observations,PASS,solve_q1,observations,4,4,8,8,2.099000001180684,POLYGON,4,18.306402758889053,9.153201379444527,11.216273141037888,2.0630717615933616,False,scipy_with_fraction_check,scipy_highs_with_fraction_check,,0.04030000127386302,0.6100999999034684,0.11239999730605632,0.5130000008648494,1.109099999666796,0.2643999996507773,0.0006000009307172149,0.07969999933266081,0.11310000081721228,0.01779999911377672,0.022300000637187622,0.029099999665049836,0.07510000068577938
test_consistent_random_observations__061,test_consistent_random_observations,PASS,solve_q1,observations,3,3,6,6,2.066499999273219,POLYGON,5,19.613576799317446,9.806788399658723,11.905041925636667,2.0982535259779436,False,scipy_with_fraction_check,scipy_highs_with_fraction_check,,0.03740000101970509,0.6090000006224727,0.08490000072924886,0.5218000005697832,0.9857999993982958,0.3664999985630857,0.0006000009307172149,0.130899999930989,0.14989999908721074,0.025200000891345553,0.028200000087963417,0.030100000003585592,0.06779999966965988
test_consistent_random_observations__062,test_consistent_random_observations,PASS,solve_q1,observations,4,4,8,8,2.680599998711841,POLYGON,6,19.613576799317446,9.806788399658723,11.905041925636667,2.0982535259779436,False,scipy_with_fraction_check,scipy_highs_with_fraction_check,,0.03710000055434648,0.6366999987221789,0.12000000060652383,0.5329999985406175,1.4494000006379792,0.47869999980321154,0.0006999998731771484,0.1824000009946758,0.18509999972593505,0.032699999792384915,0.033599999369471334,0.042300000131945126,0.07869999899412505
test_consistent_random_observations__063,test_consistent_random_observations,PASS,solve_q1,observations,3,3,6,6,1.8870999992941506,POLYGON,3,27.501756484920143,13.750878242460072,21.756944316203334,8.006066073743263,False,scipy_with_fraction_check,scipy_highs_with_fraction_check,,0.030100000003585592,0.5764999987150077,0.08639999941806309,0.49110000145446975,0.9577000000717817,0.21489999926416203,0.0006999998731771484,0.05469999996421393,0.10210000073129777,0.013299999409355223,0.020000001313746907,0.022399999579647556,0.10790000123961363
test_consistent_random_observations__064,test_consistent_random_observations,PASS,solve_q1,observations,4,4,8,8,2.203899999585701,POLYGON,4,27.308153297295792,13.654076648647896,21.576154414551368,7.922077765903472,False,scipy_with_fraction_check,scipy_highs_with_fraction_check,,0.03330000072310213,0.5614000001514796,0.11790000098699238,0.46470000052067917,1.2700000006589107,0.2624000007926952,0.0005999991117278114,0.07670000013604295,0.11210000047867652,0.01799999881768599,0.021600000764010474,0.03199999991920777,0.07679999725951348
test_consistent_random_observations__065,test_consistent_random_observations,PASS,solve_q1,observations,3,3,6,6,1.7370999994454905,POLYGON,4,22.910479182973717,11.455239591486858,14.480793803952906,3.025554212466048,False,scipy_with_fraction_check,scipy_highs_with_fraction_check,,0.029400000130408444,0.5218000005697832,0.0732000007701572,0.4498999987845309,0.8350000007339986,0.28810000003431924,0.0006000009307172149,0.08089999937510584,0.1235999989148695,0.025600000299164094,0.02950000089185778,0.026599998818710446,0.0627999979769811
test_consistent_random_observations__066,test_consistent_random_observations,PASS,solve_q1,observations,4,4,8,8,1.950800000486197,POLYGON,4,22.910479182973717,11.455239591486858,14.480793803952906,3.025554212466048,False,scipy_with_fraction_check,scipy_highs_with_fraction_check,,0.026799998522619717,0.5074000000604428,0.10709999878599774,0.4179999996267725,1.0889999994105892,0.2578999992692843,0.0005000001692678779,0.07750000077066943,0.11049999920942355,0.017500000467407517,0.022199999875738285,0.028399999791872688,0.06970000322326086
test_consistent_random_observations__067,test_consistent_random_observations,PASS,solve_q1,observations,3,3,6,6,1.9315999998070765,POLYGON,6,23.685923450406495,11.842961725203248,12.485129755085659,0.6421680298824111,False,scipy_with_fraction_check,scipy_highs_with_fraction_check,,0.02499999936844688,0.5034999994677491,0.07400000140478369,0.42160000157309696,0.94110000100045,0.4024999998364365,0.0006000009307172149,0.16349999896192458,0.1498000001447508,0.027100000806967728,0.029400000130408444,0.030900000638212077,0.059500000133994035
test_consistent_random_observations__068,test_consistent_random_observations,PASS,solve_q1,observations,4,4,8,8,2.4311000015586615,POLYGON,6,23.685923450406495,11.842961725203248,12.485129755085659,0.6421680298824111,False,scipy_with_fraction_check,scipy_highs_with_fraction_check,,0.026599998818710446,0.5157999985385686,0.11180000001331791,0.4222999996272847,1.3634000006277347,0.45510000018111896,0.0006000009307172149,0.1823999991756864,0.1640999998926418,0.03020000076503493,0.032699999792384915,0.043399999412940815,0.07020000339252874
test_consistent_random_observations__069,test_consistent_random_observations,PASS,solve_q1,observations,3,3,6,6,2.1321000003808876,POLYGON,6,29.232435042508126,14.616217521254063,15.951188646296263,1.3349711250422,False,scipy_with_fraction_check,scipy_highs_with_fraction_check,,0.035799999750452116,0.6011999994370854,0.08070000149018597,0.5193999986659037,1.003899998977431,0.42349999966972973,0.0006999998731771484,0.17420000040146988,0.15769999845360871,0.028100001145503484,0.029999999242136255,0.031600000511389226,0.06770000254618935
test_consistent_random_observations__070,test_consistent_random_observations,PASS,solve_q1,observations,4,4,8,8,2.397099999143393,POLYGON,6,28.159568871784522,14.079784435892261,14.370238372068785,0.29045393617652415,False,scipy_with_fraction_check,scipy_highs_with_fraction_check,,0.02680000034160912,0.5825999996886821,0.12059999971825164,0.48379999861936085,1.3197000007494353,0.3909999995812541,0.0005000001692678779,0.16660000073898118,0.12649999916902743,0.028500000553322025,0.02950000089185778,0.0380000001314329,0.07699999878241215
test_consistent_random_observations__071,test_consistent_random_observations,PASS,solve_q1,observations,3,3,6,6,2.0155999991402496,POLYGON,6,34.37106650367972,17.18553325183986,17.185533251839885,2.4868995751603507e-14,True,scipy_with_fraction_check,scipy_highs_with_fraction_check,,0.02499999936844688,0.49510000098962337,0.0796999975136714,0.4180000014457619,0.9989999998651911,0.43480000022100285,0.0006000009307172149,0.16599999980826396,0.17280000065511558,0.0289999989036005,0.03099999958067201,0.03400000059627928,0.061699998695985414
test_consistent_random_observations__072,test_consistent_random_observations,PASS,solve_q1,observations,4,4,8,8,2.47029999991355,POLYGON,6,18.940515556184263,9.470257778092131,11.807226706537218,2.3369689284450867,False,scipy_with_fraction_check,scipy_highs_with_fraction_check,,0.028700000257231295,0.5091000002721557,0.1143000008596573,0.4124999995838152,1.4283999989856966,0.4287000010663178,0.0005000001692678779,0.16400000095018186,0.1689000000624219,0.027299998691887595,0.02860000131477136,0.0380000001314329,0.07539999933214858
test_consistent_random_observations__073,test_consistent_random_observations,PASS,solve_q1,observations,3,3,6,6,2.0642999988922384,POLYGON,5,20.50021025576835,10.250105127884176,10.702091804762697,0.451986676878521,False,scipy_with_fraction_check,scipy_highs_with_fraction_check,,0.024700000722077675,0.5059000013716286,0.08410000009462237,0.4258999997546198,1.0791999993671197,0.39339999966614414,0.0006000009307172149,0.12819999938074034,0.1723000004858477,0.03130000004603062,0.029499999072868377,0.02990000029967632,0.0610999977652682
test_consistent_random_observations__074,test_consistent_random_observations,PASS,solve_q1,observations,4,4,8,8,2.3594999984197784,POLYGON,6,20.50021025576835,10.250105127884176,10.493607449875348,0.24350232199117272,False,scipy_with_fraction_check,scipy_highs_with_fraction_check,,0.02879999919969123,0.5091000002721557,0.11480000102892518,0.41120000059891026,1.2977000005776063,0.44770000022253953,0.0005000001692678779,0.17039999875123613,0.17160000061267056,0.03020000076503493,0.03079999987676274,0.04259999877831433,0.07619999814778566
test_consistent_random_observations__075,test_consistent_random_observations,PASS,solve_q1,observations,3,3,6,6,2.0731000004161615,POLYGON,6,26.153691291495313,13.076845645747657,18.006338139936368,4.929492494188711,False,scipy_with_fraction_check,scipy_highs_with_fraction_check,,0.026699999580159783,0.48129999959201086,0.07800000093993731,0.40749999971012585,1.0468000000400934,0.45839999984309543,0.0006000009307172149,0.17970000044442713,0.17800000023271423,0.03219999962311704,0.032300000384566374,0.03409999953873921,0.05990000136080198
test_consistent_random_observations__076,test_consistent_random_observations,PASS,solve_q1,observations,4,4,8,8,2.24280000111321,POLYGON,5,23.89694708567158,11.94847354283579,11.94847354283579,0.0,True,scipy_with_fraction_check,scipy_highs_with_fraction_check,,0.03440000000409782,0.540399998499197,0.11600000289035961,0.44320000051811803,1.228699999046512,0.3616999983933056,0.0005999991117278114,0.12079999942216091,0.15239999993355013,0.024200000552809797,0.026300000172341242,0.03590000051190145,0.07760000517009757
test_consistent_random_observations__077,test_consistent_random_observations,PASS,solve_q1,observations,3,3,6,6,2.018099999986589,POLYGON,5,22.85584481912781,11.427922409563905,14.443539326102059,3.0156169165381534,False,scipy_with_fraction_check,scipy_highs_with_fraction_check,,0.028899999961140566,0.4877999999735039,0.08149999848683365,0.41009999949892517,1.0380000003351597,0.39959999958227854,0.0006000009307172149,0.12599999899975955,0.18510000154492445,0.030399998649954796,0.02620000122988131,0.029599999834317714,0.06380000013450626
test_consistent_random_observations__078,test_consistent_random_observations,PASS,solve_q1,observations,4,4,8,8,2.2171999989950564,POLYGON,5,20.079376434589125,10.039688217294563,12.715990388422426,2.6763021711278636,False,scipy_with_fraction_check,scipy_highs_with_fraction_check,,0.03190000097674783,0.5338000009942334,0.11629999971773941,0.4358000005595386,1.2174999992566882,0.35630000093078706,0.0005999991117278114,0.1199000016640639,0.15209999946819153,0.02300000051036477,0.02559999848017469,0.03360000118846074,0.0776999968365999
test_consistent_random_observations__079,test_consistent_random_observations,PASS,solve_q1,observations,3,3,6,6,1.994399999603047,POLYGON,5,23.599418860013905,11.799709430006953,12.094476571657177,0.2947671416502242,False,scipy_with_fraction_check,scipy_highs_with_fraction_check,,0.05580000106419902,0.5777000005764421,0.08609999895270448,0.49559999933990184,0.9584999988874188,0.32909999936237,0.0006000009307172149,0.12439999954949599,0.121900000522146,0.02519999907235615,0.0259000007645227,0.029599999834317714,0.07329999971261714
test_consistent_random_observations__080,test_consistent_random_observations,PASS,solve_q1,observations,4,4,8,8,2.5765999998839106,POLYGON,5,22.712282643557256,11.356141321778628,11.356141321778631,3.552713678800501e-15,True,scipy_with_fraction_check,scipy_highs_with_fraction_check,,0.032699999792384915,0.5809000012959586,0.124700001833844,0.47839999933785293,1.41780000012659,0.4616999995050719,0.0008000006346264854,0.1508999994257465,0.1940000001923181,0.038300000596791506,0.03239999932702631,0.043399999412940815,0.08349999916390516
test_consistent_random_observations__081,test_consistent_random_observations,PASS,solve_q1,observations,3,3,6,6,2.9971999992994824,POLYGON,6,32.289195351864606,16.144597675932303,16.144597675932314,1.0658141036401503e-14,True,scipy_with_fraction_check,scipy_highs_with_fraction_check,,0.03780000042752363,0.696000000971253,0.10859999929380137,0.5875999995623715,1.4768999990337761,0.7019000004220288,0.0008000006346264854,0.25119999918388203,0.31060000037541613,0.04450000051292591,0.04459999945538584,0.048200001401710324,0.08459999844490085
test_consistent_random_observations__082,test_consistent_random_observations,PASS,solve_q1,observations,4,4,8,8,4.810999998881016,POLYGON,6,26.3166136858927,13.15830684294635,13.39473235983642,0.23642551689006908,False,scipy_with_fraction_check,scipy_highs_with_fraction_check,,0.057499999456922524,1.0095999987242976,0.19770000108110253,0.826999999844702,2.6663999997253995,0.9363000008306699,0.0012000000424450263,0.35770000067714136,0.37319999864848796,0.06000000030326191,0.062400000388151966,0.07890000051702373,0.14120000014372636
test_consistent_random_observations__083,test_consistent_random_observations,PASS,solve_q1,observations,3,3,6,6,3.5053999999945518,POLYGON,4,17.528363083493996,8.764181541746998,11.130370220725672,2.3661886789786735,False,scipy_with_fraction_check,scipy_highs_with_fraction_check,,0.06409999878087547,1.0990999999194173,0.1644000003580004,0.925299998925766,1.7486999986431329,0.46040000052016694,0.0010999992809956893,0.15139999959501438,0.17350000052829273,0.036100000215810724,0.042800000301213004,0.05269999928714242,0.13310000213095918
test_consistent_random_observations__084,test_consistent_random_observations,PASS,solve_q1,observations,4,4,8,8,3.5865000008925563,POLYGON,5,17.528363083493996,8.764181541746998,9.469959750907634,0.7057782091606359,False,scipy_with_fraction_check,scipy_highs_with_fraction_check,,0.052999999752501026,0.8878000007825904,0.18539999837230425,0.7411999995383667,2.047999998467276,0.4760000010719523,0.0006999998731771484,0.18219999947177712,0.15840000014577527,0.034300001061637886,0.040099999750964344,0.057899998864741065,0.12170000081823673
test_consistent_random_observations__085,test_consistent_random_observations,PASS,solve_q1,observations,3,3,6,6,2.4537000008422183,POLYGON,6,32.314230614523254,16.157115307261627,16.157115307261634,7.105427357601002e-15,True,scipy_with_fraction_check,scipy_highs_with_fraction_check,,0.03719999949680641,0.6250999995245365,0.09489999865763821,0.5332999990059761,1.1938999996345956,0.5232999992585974,0.0006999998731771484,0.1902999993035337,0.22220000028028153,0.03339999966556206,0.03840000135824084,0.036299999919719994,0.07420000292768236
test_consistent_random_observations__086,test_consistent_random_observations,PASS,solve_q1,observations,4,4,8,8,3.254699999160948,POLYGON,6,32.314230614523254,16.157115307261627,16.157115307261634,7.105427357601002e-15,True,scipy_with_fraction_check,scipy_highs_with_fraction_check,,0.041500001316308044,0.6339999999909196,0.12719999904220458,0.5218999995122431,1.797499999156571,0.698499999998603,0.0008999995770864189,0.26310000066587236,0.2766999987215968,0.04680000165535603,0.04889999945589807,0.059500000133994035,0.08319999869854655
test_consistent_random_observations__087,test_consistent_random_observations,PASS,solve_q1,observations,3,3,6,6,2.0004000016342616,POLYGON,4,31.775242378748,15.887621189374,20.00510059847413,4.117479409100129,False,scipy_with_fraction_check,scipy_highs_with_fraction_check,,0.04400000034365803,0.7043999994493788,0.07790000199747737,0.5780000010418007,0.8895999999367632,0.29040000117674936,0.0005999991117278114,0.08510000043315813,0.11439999980211724,0.024400000256719068,0.03130000004603062,0.032699999792384915,0.07200000072771218
test_consistent_random_observations__088,test_consistent_random_observations,PASS,solve_q1,observations,4,4,8,8,2.4063999990175944,POLYGON,5,31.775242378748,15.887621189374,15.88762118937401,8.881784197001252e-15,True,scipy_with_fraction_check,scipy_highs_with_fraction_check,,0.03119999928458128,0.6004000006214483,0.11850000009872019,0.501500000609667,1.3099000007059658,0.3867999985232018,0.0006999998731771484,0.12859999878855888,0.1650000012887176,0.024899998606997542,0.029800001357216388,0.03639999886217993,0.07809999988239724
test_consistent_random_observations__089,test_consistent_random_observations,PASS,solve_q1,observations,3,3,6,6,2.2676999997202074,POLYGON,6,26.69702640099359,13.348513200496795,14.291716547498476,0.9432033470016812,False,scipy_with_fraction_check,scipy_highs_with_fraction_check,,0.033999998777289875,0.5640999988827389,0.08270000216725748,0.48070000048028305,1.0676000001694774,0.5299000004015397,0.0006999998731771484,0.17900000057124998,0.2198999991378514,0.032300000384566374,0.03280000055383425,0.06209999992279336,0.07210000148916151
test_consistent_random_observations__090,test_consistent_random_observations,PASS,solve_q1,observations,4,4,8,8,2.657299999555107,POLYGON,6,26.69702640099359,13.348513200496795,13.893042689463496,0.5445294889667007,False,scipy_with_fraction_check,scipy_highs_with_fraction_check,,0.03319999996165279,0.6150999997771578,0.12419999984558672,0.5087999998067971,1.4751999988220632,0.44969999908062164,0.0006999998731771484,0.1816000003600493,0.16010000035748817,0.03239999932702631,0.03149999974993989,0.04179999996267725,0.08410000191361178
test_consistent_random_observations__091,test_consistent_random_observations,PASS,solve_q1,observations,3,3,6,6,5.484300001626252,POLYGON,6,32.37987472002551,16.189937360012756,16.189937360012784,2.842170943040401e-14,True,scipy_with_fraction_check,scipy_highs_with_fraction_check,,0.053699999625678174,1.549999999042484,0.18079999972542282,1.3746999993600184,2.2362999989127275,1.5233000012813136,0.002499999027349986,0.738900000214926,0.5392000002757413,0.07569999979750719,0.07619999996677507,0.08520000119460747,0.12100000276404899
test_consistent_random_observations__092,test_consistent_random_observations,PASS,solve_q1,observations,4,4,8,8,4.216499999529333,POLYGON,5,23.02189947628377,11.510949738141885,12.33058192805251,0.8196321899106245,False,scipy_with_fraction_check,scipy_highs_with_fraction_check,,0.04540000009001233,0.7475000002159504,0.15150000035646372,0.6043999983376125,2.2540999998454936,1.074900001185597,0.0017000002117129043,0.35659999957715627,0.45540000064647757,0.07249999907799065,0.07879999975557439,0.10560000009718351,0.0945999981922796
test_consistent_random_observations__093,test_consistent_random_observations,PASS,solve_q1,observations,3,3,6,6,4.248200000802171,POLYGON,5,25.155948285436285,12.577974142718142,12.577974142718169,2.6645352591003757e-14,True,scipy_with_fraction_check,scipy_highs_with_fraction_check,,0.0870000003487803,1.225799998792354,0.16230000073846895,1.0622999998304294,2.1035000008851057,0.6850000008853385,0.0012999989849049598,0.22650000028079376,0.30760000117879827,0.04479999915929511,0.049500000386615284,0.05229999987932388,0.14689999989059288
test_consistent_random_observations__094,test_consistent_random_observations,PASS,solve_q1,observations,4,4,8,8,3.417500000068685,POLYGON,5,25.155948285436285,12.577974142718142,12.577974142718169,2.6645352591003757e-14,True,scipy_with_fraction_check,scipy_highs_with_fraction_check,,0.05549999877985101,0.7941999992908677,0.14760000158275943,0.6763000001228647,1.7530000004626345,0.7141000005503884,0.0010000003385357559,0.17909999951370992,0.3311000000394415,0.053499999921768904,0.05729999975301325,0.08900000102585182,0.10070000098494347
test_consistent_random_observations__095,test_consistent_random_observations,PASS,solve_q1,observations,3,3,6,6,2.926600000137114,POLYGON,3,12.782323619368027,6.3911618096840135,7.829863511063272,1.4387017013792587,False,scipy_with_fraction_check,scipy_highs_with_fraction_check,,0.05270000110613182,0.8465999999316409,0.11240000094403513,0.7263000006787479,1.4644000002590474,0.4647999994631391,0.0015000005078036338,0.11810000069090165,0.213699999221717,0.03020000076503493,0.046099999963189475,0.05149999924469739,0.09809999937715475
test_consistent_random_observations__096,test_consistent_random_observations,PASS,solve_q1,observations,4,4,8,8,3.2826000006025424,POLYGON,3,12.782323619368027,6.3911618096840135,7.829863511063272,1.4387017013792587,False,scipy_with_fraction_check,scipy_highs_with_fraction_check,,0.09110000064538326,0.8280999991256977,0.2554000020609237,0.6241000010049902,1.9642999995994614,0.21629999901051633,0.0006999998731771484,0.053899999329587445,0.09649999992689118,0.014000001101521775,0.02049999966402538,0.028599999495781958,0.18280000222148374
test_consistent_random_observations__097,test_consistent_random_observations,PASS,solve_q1,observations,3,3,6,6,2.087700000629411,POLYGON,5,27.910956732580164,13.955478366290082,14.039927292386345,0.08444892609626287,False,scipy_with_fraction_check,scipy_highs_with_fraction_check,,0.03819999983534217,0.651699998343247,0.08590000106778461,0.5665999997290783,0.9765000013430836,0.3505000004224712,0.0006000009307172149,0.134599999000784,0.12960000094608404,0.025999999706982635,0.027799998861155473,0.03020000076503493,0.07080000068526715
test_consistent_random_observations__098,test_consistent_random_observations,PASS,solve_q1,observations,4,4,8,8,4.108699999051169,POLYGON,5,20.24829273239503,10.124146366197515,10.124146366197515,0.0,True,scipy_with_fraction_check,scipy_highs_with_fraction_check,,0.03619999915827066,0.6832000017311657,0.13310000031196978,0.5638999991788296,2.483399999618996,0.8130000005621696,0.0006999998731771484,0.1478000012866687,0.4090999991603894,0.07170000026235357,0.07989999903657008,0.1005000012810342,0.0928999979805667
test_consistent_random_observations__099,test_consistent_random_observations,PASS,solve_q1,observations,3,3,6,6,2.1231999999145046,POLYGON,5,25.190219572291205,12.595109786145603,12.595109786145613,1.0658141036401503e-14,True,scipy_with_fraction_check,scipy_highs_with_fraction_check,,0.03220000144210644,0.698499999998603,0.0776999986555893,0.4867999996349681,0.9135000000242144,0.412200000937446,0.0005999991117278114,0.12770000103046186,0.19069999871135224,0.03190000097674783,0.02750000021478627,0.032300000384566374,0.06679999751213472
test_consistent_random_observations__100,test_consistent_random_observations,PASS,solve_q1,observations,4,4,8,8,2.6726000014605233,POLYGON,6,24.363353693465573,12.181676846732787,12.18167684673281,2.3092638912203256e-14,True,scipy_with_fraction_check,scipy_highs_with_fraction_check,,0.047900000936351717,0.6841000013082521,0.12170000081823673,0.5767000002379064,1.3763000006292714,0.4779999999300344,0.0008999995770864189,0.18180000006395858,0.1857999995991122,0.030300001526484266,0.03499999911582563,0.042100000428035855,0.08629999865661375
test_consistent_random_observations__101,test_consistent_random_observations,PASS,solve_q1,observations,3,3,6,6,2.169100000173785,POLYGON,4,23.416704374856483,11.708352187428241,14.576318795022905,2.8679666075946635,False,scipy_with_fraction_check,scipy_highs_with_fraction_check,,0.05529999907594174,0.8058999992499594,0.08039999920583796,0.7142000013118377,0.9214000001520617,0.30779999906371813,0.0008999995770864189,0.08660000094096176,0.1331999992544297,0.02479999966453761,0.02950000089185778,0.03119999928458128,0.07870000263210386
test_consistent_random_observations__102,test_consistent_random_observations,PASS,solve_q1,observations,4,4,8,8,2.5557999997545267,POLYGON,5,22.962850530763838,11.481425265381919,14.573144827573994,3.0917195621920754,False,scipy_with_fraction_check,scipy_highs_with_fraction_check,,0.04769999941345304,0.7452000008925097,0.12390000301820692,0.6364000000758097,1.3211999994382495,0.3567000003386056,0.0006000009307172149,0.12989999959245324,0.13659999967785552,0.02479999966453761,0.02660000063769985,0.036499999623629265,0.08499999967170879
test_consistent_random_observations__103,test_consistent_random_observations,PASS,solve_q1,observations,3,3,6,6,1.753800001097261,POLYGON,3,20.27150907190812,10.13575453595406,15.720415808989546,5.584661273035486,False,scipy_with_fraction_check,scipy_highs_with_fraction_check,,0.039000000469968654,0.5912999986321665,0.08570000136387534,0.5077999994682614,0.847799999974086,0.20880000010947697,0.0006999998731771484,0.05059999966761097,0.10490000022400636,0.013500000932253897,0.017099999240599573,0.02049999966402538,0.06690000191156287
test_consistent_random_observations__104,test_consistent_random_observations,PASS,solve_q1,observations,4,4,8,8,2.204399999754969,POLYGON,4,19.30347510956782,9.65173755478391,14.952746389677008,5.301008834893098,False,scipy_with_fraction_check,scipy_highs_with_fraction_check,,0.032500000088475645,0.574500001675915,0.12249999963387381,0.4745999995066086,1.2305999989621341,0.2870999996957835,0.0008999995770864189,0.08420000085607171,0.13190000026952475,0.018599999748403206,0.020399998902576044,0.02950000089185778,0.07969999933266081
test_consistent_random_observations__105,test_consistent_random_observations,PASS,solve_q1,observations,3,3,6,6,1.8720000007306226,POLYGON,4,18.01940247065873,9.009701235329365,12.127138136436844,3.11743690110748,False,scipy_with_fraction_check,scipy_highs_with_fraction_check,,0.03060000017285347,0.5739999996876577,0.0900999984878581,0.48880000031203963,0.9471000012126751,0.25549999918439426,0.0005000001692678779,0.08469999920635018,0.09750000026542693,0.019600000086938962,0.024900000425986946,0.026899999284069054,0.06480000047304202
test_consistent_random_observations__106,test_consistent_random_observations,PASS,solve_q1,observations,4,4,8,8,2.1908000016992446,POLYGON,4,18.01940247065873,9.009701235329365,12.127138136436844,3.11743690110748,False,scipy_with_fraction_check,scipy_highs_with_fraction_check,,0.03400000059627928,0.5827999993925914,0.1095000025088666,0.479500000437838,1.2253000004420755,0.2631999996083323,0.0005999991117278114,0.08400000115216244,0.09759999920788687,0.023599999622092582,0.024300001314259134,0.03149999974993989,0.08550000165996607
test_consistent_random_observations__107,test_consistent_random_observations,PASS,solve_q1,observations,3,3,6,6,2.1784999989904463,POLYGON,6,24.785486220032382,12.392743110016191,15.082403507669817,2.6896603976536255,False,scipy_with_fraction_check,scipy_highs_with_fraction_check,,0.025800000003073364,0.5029000003560213,0.0774000000092201,0.4264999988663476,1.0607000003801659,0.5302000008668983,0.0008000006346264854,0.19799999972747173,0.22449999960372224,0.03370000013092067,0.03459999970800709,0.03690000085043721,0.05889999738428742
test_consistent_random_observations__108,test_consistent_random_observations,PASS,solve_q1,observations,4,4,8,8,2.6080999996338505,POLYGON,6,24.169381095836204,12.084690547918102,12.084690547918102,0.0,True,scipy_with_fraction_check,scipy_highs_with_fraction_check,,0.02990000029967632,0.5746000006183749,0.11650000124063808,0.4740999993373407,1.4367000003403518,0.4915999998047482,0.0008000006346264854,0.18309999904886354,0.20089999998162966,0.03060000017285347,0.03260000084992498,0.04199999966658652,0.07529999857069924
test_consistent_random_observations__109,test_consistent_random_observations,PASS,solve_q1,observations,3,3,6,6,2.227500001026783,POLYGON,6,32.62811081792988,16.31405540896494,19.52154664493904,3.2074912359741,False,scipy_with_fraction_check,scipy_highs_with_fraction_check,,0.03169999945384916,0.5544000014197081,0.08080000407062471,0.47220000124070793,1.0849000009329757,0.488499999846681,0.0005999991117278114,0.19040000006498303,0.19350000002305023,0.030299999707494862,0.03670000114652794,0.03549999928509351,0.06799999937356915
test_consistent_random_observations__110,test_consistent_random_observations,PASS,solve_q1,observations,4,4,8,8,2.636799999891082,POLYGON,6,32.62110437306821,16.310552186534107,19.691313439996883,3.380761253462776,False,scipy_with_fraction_check,scipy_highs_with_fraction_check,,0.031100000342121348,0.5750000000261934,0.1247000000148546,0.4726999995909864,1.5108999996300554,0.4380999998829793,0.0005999991117278114,0.19260000044596381,0.1326000001427019,0.031100000342121348,0.036699999327538535,0.042800000301213004,0.08170000000973232
test_consistent_random_observations__111,test_consistent_random_observations,PASS,solve_q1,observations,3,3,6,6,2.1210999984759837,POLYGON,6,23.92802564192114,11.96401282096057,16.54500973528699,4.58099691432642,False,scipy_with_fraction_check,scipy_highs_with_fraction_check,,0.03220000144210644,0.5500999996002065,0.07720000030531082,0.4760000010719523,1.0498999999981606,0.42329999996582046,0.0013000008038943633,0.19049999900744297,0.12860000060754828,0.03099999958067201,0.03470000046945643,0.034500000765547156,0.0655999974696897
test_consistent_random_observations__112,test_consistent_random_observations,PASS,solve_q1,observations,4,4,8,8,2.6001000005635433,POLYGON,6,23.58562512287119,11.792812561435595,16.566754455161508,4.7739418937259135,False,scipy_with_fraction_check,scipy_highs_with_fraction_check,,0.03590000051190145,0.5677999997715233,0.12289999904169235,0.46629999997094274,1.4950000004319008,0.4234000007272698,0.0005999991117278114,0.18570000065665226,0.1281000004382804,0.03219999962311704,0.03280000055383425,0.04219999937049579,0.0779999991209479
test_consistent_random_observations__113,test_consistent_random_observations,PASS,solve_q1,observations,3,3,6,6,1.9814999996015104,POLYGON,5,23.996335681461492,11.998167840730746,14.92030749379433,2.9221396530635833,False,scipy_with_fraction_check,scipy_highs_with_fraction_check,,0.028200000087963417,0.5433999995148042,0.08029999844438862,0.46189999920898117,0.9972999996534782,0.349000001733657,0.0006000009307172149,0.12929999866173603,0.1357000001007691,0.024599999960628338,0.02750000021478627,0.02970000059576705,0.06359999861160759
test_consistent_random_observations__114,test_consistent_random_observations,PASS,solve_q1,observations,4,4,8,8,2.4068000002444023,POLYGON,5,23.971422298640526,11.985711149320263,11.985711149320263,0.0,True,scipy_with_fraction_check,scipy_highs_with_fraction_check,,0.026900001103058457,0.5259000008663861,0.1171000003523659,0.4259000015736092,1.3818000006722286,0.39759999890520703,0.0005999991117278114,0.13299999955052044,0.16959999993559904,0.026900001103058457,0.029799999538226984,0.036299999919719994,0.0745999986975221
test_consistent_random_observations__115,test_consistent_random_observations,PASS,solve_q1,observations,3,3,6,6,2.3302999998122687,POLYGON,5,21.19893530218919,10.599467651094596,12.805836067037188,2.206368415942592,False,scipy_with_fraction_check,scipy_highs_with_fraction_check,,0.027100000806967728,0.5455000009533251,0.0886999987415038,0.4623000004357891,1.16139999954612,0.5324000012478791,0.0006000009307172149,0.2479999984643655,0.17210000078193843,0.032500000088475645,0.035799999750452116,0.04140000055485871,0.06389999725797679
test_consistent_random_observations__116,test_consistent_random_observations,PASS,solve_q1,observations,4,4,8,8,2.384600000368664,POLYGON,5,19.90679392295804,9.95339696147902,9.95339696147902,0.0,True,scipy_with_fraction_check,scipy_highs_with_fraction_check,,0.03370000013092067,0.5748999992647441,0.11230000018258579,0.4764000004797708,1.302300001043477,0.39479999941249844,0.0006000009307172149,0.12849999984609894,0.16539999887754675,0.025800000003073364,0.03580000156944152,0.037099998735357076,0.07890000051702373
test_consistent_random_observations__117,test_consistent_random_observations,PASS,solve_q1,observations,3,3,6,6,1.7895999990287237,POLYGON,4,13.3338116271036,6.6669058135518,10.783862324599278,4.116956511047478,False,scipy_with_fraction_check,scipy_highs_with_fraction_check,,0.029400000130408444,0.5571000001509674,0.08499999967170879,0.4757000006065937,0.8727999993425328,0.2662999995663995,0.0005999991117278114,0.07779999941703863,0.12240000069141388,0.018700000509852543,0.02179999864893034,0.023800001144991256,0.06399999983841553
test_consistent_random_observations__118,test_consistent_random_observations,PASS,solve_q1,observations,4,4,8,8,2.0481000010477146,POLYGON,4,13.3338116271036,6.6669058135518,10.783862324599278,4.116956511047478,False,scipy_with_fraction_check,scipy_highs_with_fraction_check,,0.028700000257231295,0.5612000004475703,0.12849999802710954,0.4604999994626269,1.1085999994975282,0.26840000100492034,0.0005000001692678779,0.07670000013604295,0.12179999976069666,0.018300001102034003,0.0213999992411118,0.028300000849412754,0.08119999984046444
test_consistent_random_observations__119,test_consistent_random_observations,PASS,solve_q1,observations,3,3,6,6,1.8275000002176967,POLYGON,4,26.84440885344491,13.422204426722455,13.422204426722484,2.842170943040401e-14,True,scipy_with_fraction_check,scipy_highs_with_fraction_check,,0.029899998480686918,0.5409999994299142,0.08649999836052302,0.4579999986162875,0.9058000014192658,0.2857999988918891,0.0006999998731771484,0.08180000077118166,0.13279999984661117,0.019899998733308166,0.022899999748915434,0.026300000172341242,0.06500000199594069
test_consistent_random_observations__120,test_consistent_random_observations,PASS,solve_q1,observations,4,4,8,8,2.313700000740937,POLYGON,5,23.6521278839666,11.8260639419833,11.826063941983302,1.7763568394002505e-15,True,scipy_with_fraction_check,scipy_highs_with_fraction_check,,0.04059999992023222,0.6036000013409648,0.1081000009435229,0.500399999509682,1.2368999996397179,0.35199999911128543,0.0005999991117278114,0.11620000077527948,0.1494999996793922,0.02409999979136046,0.02680000034160912,0.0335000004270114,0.08060000072873663
test_consistent_random_observations__121,test_consistent_random_observations,PASS,solve_q1,observations,3,3,6,6,1.973599999473663,POLYGON,5,31.34122936737858,15.67061468368929,15.670614683689307,1.5987211554602254e-14,True,scipy_with_fraction_check,scipy_highs_with_fraction_check,,0.032300000384566374,0.5280999994283775,0.0808000004326459,0.45030000001133885,0.9649000003264518,0.3839999990304932,0.0006000009307172149,0.1326000001427019,0.16519999917363748,0.026300000172341242,0.02750000021478627,0.030299999707494862,0.06430000030377414
test_consistent_random_observations__122,test_consistent_random_observations,PASS,solve_q1,observations,4,4,8,8,2.1994999988237396,POLYGON,5,31.34122936737858,15.67061468368929,15.670614683689307,1.5987211554602254e-14,True,scipy_with_fraction_check,scipy_highs_with_fraction_check,,0.03219999962311704,0.5581000004895031,0.10030000157712493,0.46209999891289044,1.174499999251566,0.3556000010576099,0.0005999991117278114,0.11830000039481092,0.1511999998911051,0.025400000595254824,0.025800000003073364,0.03299999843875412,0.0790999984019436
test_consistent_random_observations__123,test_consistent_random_observations,PASS,solve_q1,observations,3,3,6,6,2.000399999815272,POLYGON,6,35.88335078499438,17.94167539249719,17.941675392497203,1.4210854715202004e-14,True,scipy_with_fraction_check,scipy_highs_with_fraction_check,,0.027499998395796865,0.49199999921256676,0.07809999624441843,0.41769999916141387,0.9699000002001412,0.44829999933426734,0.0005999991117278114,0.16520000099262688,0.17729999854054768,0.03260000084992498,0.03640000068116933,0.03479999941191636,0.06270000267249998
test_consistent_random_observations__124,test_consistent_random_observations,PASS,solve_q1,observations,4,4,8,8,2.3366999994323123,POLYGON,5,27.27107044553867,13.635535222769334,13.635535222769363,2.842170943040401e-14,True,scipy_with_fraction_check,scipy_highs_with_fraction_check,,0.032500000088475645,0.5763000008300878,0.12260000039532315,0.47620000077586155,1.27260000044771,0.378400000045076,0.0006000009307172149,0.13079999916953966,0.1627000001462875,0.023399999918183312,0.025999999706982635,0.03310000101919286,0.07689999802096281
test_consistent_random_observations__125,test_consistent_random_observations,PASS,solve_q1,observations,3,3,6,6,2.020099998844671,POLYGON,6,35.9569185639281,17.97845928196405,18.994368680705563,1.0159093987415133,False,scipy_with_fraction_check,scipy_highs_with_fraction_check,,0.029499999072868377,0.5334000015864149,0.08600000182923395,0.4506999994191574,0.9845999993558507,0.40889999945648015,0.0006000009307172149,0.1674999984970782,0.14280000141297933,0.030199998946045525,0.032300000384566374,0.03400000059627928,0.06369999937305693
test_consistent_random_observations__126,test_consistent_random_observations,PASS,solve_q1,observations,4,4,8,8,2.263299998958246,POLYGON,4,29.73829323158163,14.869146615790815,16.887122835674145,2.01797621988333,False,scipy_with_fraction_check,scipy_highs_with_fraction_check,,0.02970000059576705,0.5806000008306,0.11470000208646525,0.47869999980321154,1.269000000320375,0.30750000041734893,0.0006999998731771484,0.08379999962926377,0.12369999967631884,0.025600000299164094,0.02950000089185778,0.04219999937049579,0.07649999679415487
test_consistent_random_observations__127,test_consistent_random_observations,PASS,solve_q1,observations,3,3,6,6,2.2461999997176463,POLYGON,4,25.223157967782935,12.611578983891468,14.523436280262057,1.9118572963705898,False,scipy_with_fraction_check,scipy_highs_with_fraction_check,,0.05290000081004109,0.8247000005212612,0.10159999874304049,0.7296000003407244,0.9869999994407408,0.3008999992744066,0.0008999995770864189,0.09110000064538326,0.12909999895782676,0.021100000594742596,0.028599999495781958,0.02809999932651408,0.08069999967119657
test_consistent_random_observations__128,test_consistent_random_observations,PASS,solve_q1,observations,4,4,8,8,2.465699999447679,POLYGON,4,25.223157967782935,12.611578983891468,14.523436280262057,1.9118572963705898,False,scipy_with_fraction_check,scipy_highs_with_fraction_check,,0.035799999750452116,0.7243000000016764,0.10929999734798912,0.6238999994820915,1.2843999993492616,0.34299999970244244,0.0006999998731771484,0.09710000085760839,0.15050000001792796,0.024200000552809797,0.030199998946045525,0.03590000051190145,0.07820000064384658
test_consistent_random_observations__129,test_consistent_random_observations,PASS,solve_q1,observations,3,3,6,6,2.345299999433337,POLYGON,6,25.350880607598643,12.675440303799322,12.973479135836232,0.2980388320369105,False,scipy_with_fraction_check,scipy_highs_with_fraction_check,,0.03699999979289714,0.7045000002108281,0.08569999772589654,0.6159000004117843,1.0959999999613501,0.426500000685337,0.0008999995770864189,0.17910000133269932,0.14879999980621506,0.029099999665049836,0.03319999996165279,0.033299998904112726,0.08129999878292438
test_consistent_random_observations__130,test_consistent_random_observations,PASS,solve_q1,observations,4,4,8,8,2.263899999888963,POLYGON,4,12.686195811969542,6.343097905984771,6.343097905984776,5.329070518200751e-15,True,scipy_with_fraction_check,scipy_highs_with_fraction_check,,0.05149999924469739,0.6599999996979022,0.13419999959296547,0.5452000004879665,1.1733999999705702,0.274800000624964,0.0006999998731771484,0.07869999899412505,0.12460000107239466,0.01809999957913533,0.023099999452824704,0.028200000087963417,0.10420000035082921
test_consistent_random_observations__131,test_consistent_random_observations,PASS,solve_q1,observations,3,3,6,6,1.6187000001082197,POLYGON,3,26.835474185274858,13.417737092637429,16.699666448674503,3.2819293560370735,False,scipy_with_fraction_check,scipy_highs_with_fraction_check,,0.028899999961140566,0.5519999995158287,0.08449999950244091,0.4712999998446321,0.7763999983581016,0.19379999866941944,0.0006000009307172149,0.047599998652003706,0.09550000140734483,0.011899999663000926,0.017099999240599573,0.019799999790848233,0.06760000360372942
test_consistent_random_observations__132,test_consistent_random_observations,PASS,solve_q1,observations,4,4,8,8,2.131899998857989,POLYGON,4,26.835474185274858,13.417737092637429,13.417737092637434,5.329070518200751e-15,True,scipy_with_fraction_check,scipy_highs_with_fraction_check,,0.02719999974942766,0.5214000011619646,0.11420000191719737,0.4288000000087777,1.1415000008128118,0.370699999621138,0.0006000009307172149,0.11929999891435727,0.16320000031555537,0.026899999284069054,0.024900000425986946,0.03420000030018855,0.07109999751264695
test_consistent_random_observations__133,test_consistent_random_observations,PASS,solve_q1,observations,3,3,6,6,2.0545000006677583,POLYGON,5,20.546170899938325,10.273085449969162,16.12589986624213,5.852814416272967,False,scipy_with_fraction_check,scipy_highs_with_fraction_check,,0.028100001145503484,0.536600000486942,0.08940000043367036,0.4532000002654968,1.043099999151309,0.38270000004558824,0.0008000006346264854,0.13299999955052044,0.14340000052470714,0.032500000088475645,0.035799999750452116,0.035600000046542846,0.06399999983841553
test_consistent_random_observations__134,test_consistent_random_observations,PASS,solve_q1,observations,4,4,8,8,2.418000000034226,POLYGON,6,20.51773338550417,10.258866692752084,10.258866692752107,2.3092638912203256e-14,True,scipy_with_fraction_check,scipy_highs_with_fraction_check,,0.027800000680144876,0.522399999681511,0.11009999980160501,0.4298999992897734,1.311899999564048,0.4842000016651582,0.0005999991117278114,0.18090000048687216,0.19559999964258168,0.030499999411404133,0.03370000013092067,0.04149999949731864,0.07169999844336417
test_consistent_random_observations__135,test_consistent_random_observations,PASS,solve_q1,observations,3,3,6,6,1.937299999553943,POLYGON,5,17.92004184716972,8.96002092358486,9.549138863770946,0.5891179401860853,False,scipy_with_fraction_check,scipy_highs_with_fraction_check,,0.030100000003585592,0.524799999766401,0.08489999891025946,0.4460000000108266,0.975799999650917,0.343700001394609,0.0005999991117278114,0.1298000006499933,0.12629999946511816,0.02499999936844688,0.02769999991869554,0.032699999792384915,0.06289999873843044
test_consistent_random_observations__136,test_consistent_random_observations,PASS,solve_q1,observations,4,4,8,8,2.2967999993852573,POLYGON,5,17.92004184716972,8.96002092358486,9.549138863770946,0.5891179401860853,False,scipy_with_fraction_check,scipy_highs_with_fraction_check,,0.029299999368959107,0.5629000006592833,0.13040000158071052,0.45710000085819047,1.273100000616978,0.3544000010151649,0.0006000009307172149,0.1264000002265675,0.1336999994236976,0.025299999833805487,0.02950000089185778,0.03730000025825575,0.07709999772487208
test_consistent_random_observations__137,test_consistent_random_observations,PASS,solve_q1,observations,3,3,6,6,2.045400000497466,POLYGON,4,25.987897097450688,12.993948548725344,20.34574339427128,7.351794845545937,False,scipy_with_fraction_check,scipy_highs_with_fraction_check,,0.03569999898900278,0.6491000003734371,0.0776999986555893,0.5694999999832362,1.0344999991502846,0.26170000091951806,0.0005000001692678779,0.08399999933317304,0.10289999954693485,0.020200001017656177,0.02320000021427404,0.029099999665049836,0.06440000106522348
test_consistent_random_observations__138,test_consistent_random_observations,PASS,solve_q1,observations,4,4,8,8,2.708800000618794,POLYGON,5,25.987897097450688,12.993948548725344,16.38629054678608,3.3923419980607346,False,scipy_with_fraction_check,scipy_highs_with_fraction_check,,0.05149999924469739,0.7124000003386755,0.1171000003523659,0.6074000011722092,1.4542999997502193,0.4013999987364514,0.0006999998731771484,0.15249999887601007,0.1360000005661277,0.03060000017285347,0.03420000030018855,0.04509999962465372,0.08920000254875049
test_consistent_random_observations__139,test_consistent_random_observations,PASS,solve_q1,observations,3,3,6,6,2.9329000008146977,POLYGON,5,18.55282554527517,9.276412772637585,11.040324174163743,1.7639114015261583,False,scipy_with_fraction_check,scipy_highs_with_fraction_check,,0.052999999752501026,0.9054000001924578,0.13870000111637637,0.7557999997516163,1.3964999998279382,0.4747000002680579,0.0008999995770864189,0.1914000004035188,0.15919999896141235,0.036499999623629265,0.041200000850949436,0.043399999412940815,0.1033000007737428
test_consistent_random_observations__140,test_consistent_random_observations,PASS,solve_q1,observations,4,4,8,8,3.7219000005279668,POLYGON,6,17.7627306792776,8.8813653396388,10.735862738513486,1.8544973988746865,False,scipy_with_fraction_check,scipy_highs_with_fraction_check,,0.05050000072515104,0.9175000013783574,0.15940000048431102,0.7654999990336364,1.9962999995186692,0.6384000007528812,0.0009000013960758224,0.27129999944008887,0.2251999994768994,0.04000000080850441,0.044099999286117963,0.0548999996681232,0.11919999815290794
test_consistent_random_observations__141,test_consistent_random_observations,PASS,solve_q1,observations,3,3,6,6,3.031800000826479,POLYGON,5,19.302908920579394,9.651454460289697,9.686188153598927,0.03473369330922971,False,scipy_with_fraction_check,scipy_highs_with_fraction_check,,0.039000000469968654,0.7692999988648808,0.1281000004382804,0.6484000005002599,1.5265999991243007,0.6081999999878462,0.0008999995770864189,0.24000000121304765,0.23549999968963675,0.039000000469968654,0.04349999835540075,0.04680000165535603,0.08870000237948261
test_consistent_random_observations__142,test_consistent_random_observations,PASS,solve_q1,observations,4,4,8,8,3.0096999998932006,POLYGON,5,19.208580491575876,9.604290245787938,9.627962241979635,0.023671996191696465,False,scipy_with_fraction_check,scipy_highs_with_fraction_check,,0.04329999865149148,0.7216000012704171,0.15110000094864517,0.5940999999438645,1.6304000000673113,0.5203000000619795,0.0006999998731771484,0.16490000052726828,0.210000000151922,0.03499999911582563,0.046799999836366624,0.06070000017643906,0.09409999984200113
test_consistent_random_observations__143,test_consistent_random_observations,PASS,solve_q1,observations,3,3,6,6,2.129300000888179,POLYGON,4,31.011424830055763,15.505712415027881,15.505712415027896,1.4210854715202004e-14,True,scipy_with_fraction_check,scipy_highs_with_fraction_check,,0.04929999886371661,0.6290999990596902,0.09230000068782829,0.5390000005718321,1.0115000004589092,0.3569000000425149,0.0008000006346264854,0.10920000022451859,0.1550999986648094,0.026700001399149187,0.02809999932651408,0.0349000001733657,0.08250000246334821
test_consistent_random_observations__144,test_consistent_random_observations,PASS,solve_q1,observations,4,4,8,8,3.276400000686408,POLYGON,5,28.681728902376182,14.340864451188091,14.340864451188095,3.552713678800501e-15,True,scipy_with_fraction_check,scipy_highs_with_fraction_check,,0.060200000007171184,0.8268000001407927,0.17289999959757552,0.6898999999975786,1.7096999999921536,0.5643000004056375,0.0008000006346264854,0.15949999942677096,0.20480000057432335,0.06260000009206124,0.07919999916339293,0.05459999920276459,0.11540000014065299
test_consistent_random_observations__145,test_consistent_random_observations,PASS,solve_q1,observations,3,3,6,6,2.661200000147801,POLYGON,5,26.891954524394816,13.445977262197408,14.377575624125836,0.9315983619284278,False,scipy_with_fraction_check,scipy_highs_with_fraction_check,,0.037799998608534224,0.8116999997582752,0.1391000005241949,0.6673999996564817,1.2796999999409309,0.41899999996530823,0.0010000003385357559,0.15460000031453092,0.16169999980775174,0.03099999958067201,0.03260000084992498,0.03590000051190145,0.11300000187475234
test_consistent_random_observations__146,test_consistent_random_observations,PASS,solve_q1,observations,4,4,8,8,2.5853999995888444,POLYGON,5,18.626933282401094,9.313466641200547,10.161280450929183,0.8478138097286365,False,scipy_with_fraction_check,scipy_highs_with_fraction_check,,0.05700000110664405,0.7596999985253206,0.1559999982418958,0.6176000006234972,1.3238000010460382,0.32280000050377566,0.0006000009307172149,0.12790000073437113,0.10549999933573417,0.024499999199179,0.02680000034160912,0.036100000215810724,0.12209999840706587
test_consistent_random_observations__147,test_consistent_random_observations,PASS,solve_q1,observations,3,3,6,6,2.5437000003876165,POLYGON,5,16.28343874830061,8.141719374150306,10.020325876117752,1.8786065019674467,False,scipy_with_fraction_check,scipy_highs_with_fraction_check,,0.03339999966556206,0.9247999987564981,0.09979999958886765,0.8252000006905291,1.1387999984435737,0.3721000011864817,0.0006999998731771484,0.1295000001846347,0.15460000031453092,0.025899998945533298,0.029000000722589903,0.030699999115313403,0.0746000023355009
test_consistent_random_observations__148,test_consistent_random_observations,PASS,solve_q1,observations,4,4,8,8,2.3547000000689877,POLYGON,5,16.28343874830061,8.141719374150306,8.461997439298743,0.3202780651484378,False,scipy_with_fraction_check,scipy_highs_with_fraction_check,,0.036899999031447805,0.6085999993956648,0.11929999891435727,0.5067999991297256,1.2717999998130836,0.3586000002542278,0.0005000001692678779,0.12799999967683107,0.13860000035492703,0.025400000595254824,0.028599999495781958,0.036100000215810724,0.0788000015745638
test_consistent_random_observations__149,test_consistent_random_observations,PASS,solve_q1,observations,3,3,6,6,2.244799999971292,POLYGON,5,25.50987491365179,12.754937456825894,15.09940224474934,2.344464787923446,False,scipy_with_fraction_check,scipy_highs_with_fraction_check,,0.046499999371008016,0.6273999988479773,0.08800000068731606,0.5408999986684648,1.0982999992847908,0.40069999886327423,0.0009000013960758224,0.15659999917261302,0.13750000107393134,0.03099999958067201,0.03569999898900278,0.03730000025825575,0.07190000360424165
test_consistent_random_observations__150,test_consistent_random_observations,PASS,solve_q1,observations,4,4,8,8,2.6473999987501884,POLYGON,6,20.417231311133513,10.208615655566756,10.4551442336223,0.2465285780555444,False,scipy_with_fraction_check,scipy_highs_with_fraction_check,,0.038500000300700776,0.6207000005815644,0.10990000009769574,0.5166999999346444,1.4331999991554767,0.46410000140895136,0.0005999991117278114,0.1843999998527579,0.16940000023168977,0.031200001103570685,0.03449999894655775,0.042100000428035855,0.09089999730349518
test_consistent_random_observations__151,test_consistent_random_observations,PASS,solve_q1,observations,3,3,6,6,2.1440999989863485,POLYGON,6,30.782561073253586,15.391280536626793,16.05585177680175,0.664571240174956,False,scipy_with_fraction_check,scipy_highs_with_fraction_check,,0.03130000004603062,0.5464999994728714,0.08459999844490085,0.46579999980167486,1.0449999990669312,0.4568999993352918,0.0006999998731771484,0.18090000048687216,0.1768000001902692,0.030499999411404133,0.032500000088475645,0.03389999983482994,0.06440000106522348
test_consistent_random_observations__152,test_consistent_random_observations,PASS,solve_q1,observations,4,4,8,8,3.0287999998108717,POLYGON,6,30.395780286786067,15.197890143393034,15.19789014339304,7.105427357601002e-15,True,scipy_with_fraction_check,scipy_highs_with_fraction_check,,0.03639999886217993,0.6627000002481509,0.13870000293536577,0.5483999993884936,1.6618999998172512,0.5817999990540557,0.0006999998731771484,0.22329999956127722,0.22989999888523016,0.03670000114652794,0.0397000003431458,0.04959999932907522,0.08600000182923395
test_consistent_random_observations__153,test_consistent_random_observations,PASS,solve_q1,observations,3,3,6,6,2.5284000003011897,POLYGON,6,16.22981576796982,8.11490788398491,8.11490788398491,0.0,True,scipy_with_fraction_check,scipy_highs_with_fraction_check,,0.03199999991920777,0.6019999982527224,0.09509999836154748,0.5110999991302378,1.262599998881342,0.5619000003207475,0.0006999998731771484,0.2148000003217021,0.22840000019641593,0.03699999979289714,0.03809999907389283,0.041000001147040166,0.06990000292717014
test_consistent_random_observations__154,test_consistent_random_observations,PASS,solve_q1,observations,4,4,8,8,3.3486000011180295,POLYGON,7,15.66922215318764,7.83461107659382,8.24205703687934,0.4074459602855196,False,scipy_with_fraction_check,scipy_highs_with_fraction_check,,0.03889999970851932,0.7072999997035367,0.13030000081926119,0.5908000002818881,1.9606999994721264,0.5519999995158287,0.0008000006346264854,0.27580000096349977,0.1494999996793922,0.036299999919719994,0.038500000300700776,0.04909999915980734,0.08970000271801837
test_consistent_random_observations__155,test_consistent_random_observations,PASS,solve_q1,observations,3,3,6,6,2.02270000045246,POLYGON,3,14.531833146560603,7.265916573280301,10.978508424883996,3.712591851603695,False,scipy_with_fraction_check,scipy_highs_with_fraction_check,,0.04219999937049579,0.7822000006854068,0.11809999887191225,0.6632999993598787,0.8861000005708775,0.2196000004914822,0.0006999998731771484,0.05329999839887023,0.10770000153570436,0.01359999987471383,0.020599998606485315,0.022000000171829015,0.09259999933419749
test_consistent_random_observations__156,test_consistent_random_observations,PASS,solve_q1,observations,4,4,8,8,2.9168999990361044,POLYGON,3,5.042656613974294,2.521328306987147,3.9314127551999016,1.4100844482127548,False,scipy_with_fraction_check,scipy_highs_with_fraction_check,,0.08010000055946875,1.3486999996530358,0.1745000008668285,1.1706999994203215,1.080500000171014,0.24000000121304765,0.0007999988156370819,0.0577000009798212,0.11049999920942355,0.014500001270789653,0.022700000045006163,0.03169999945384916,0.16759999743953813
test_consistent_random_observations__157,test_consistent_random_observations,PASS,solve_q1,observations,3,3,6,6,3.845999999612104,POLYGON,5,24.743918081324423,12.371959040662212,12.371959040662224,1.2434497875801753e-14,True,scipy_with_fraction_check,scipy_highs_with_fraction_check,,0.05210000017541461,0.9702999996079598,0.13579999722423963,0.83710000035353,1.8944000003102701,0.812700000096811,0.0013999997463542968,0.25629999981902074,0.3739000003406545,0.0655999992886791,0.05300000157149043,0.05919999966863543,0.11649999942164868
test_consistent_random_observations__158,test_consistent_random_observations,PASS,solve_q1,observations,4,4,8,8,2.912700001616031,POLYGON,3,12.660570437339388,6.330285218669694,9.296109837786624,2.9658246191169297,False,scipy_with_fraction_check,scipy_highs_with_fraction_check,,0.06290000055741984,1.0125999997399049,0.15579999853798654,0.872200000230805,1.4580999995814636,0.26509999952395447,0.0009000013960758224,0.06659999962721486,0.11889999950653873,0.017500000467407517,0.025800000003073364,0.03339999966556206,0.1140000022132881
test_consistent_random_observations__159,test_consistent_random_observations,PASS,solve_q1,observations,3,3,6,6,3.385800000614836,POLYGON,5,23.86658576788942,11.93329288394471,15.065429420008051,3.132136536063342,False,scipy_with_fraction_check,scipy_highs_with_fraction_check,,0.05200000123295467,0.98479999905976,0.16249999680439942,0.8280000001832377,1.637299999856623,0.5926000012550503,0.0009000013960758224,0.20389999917824753,0.25099999947997276,0.04270000135875307,0.0427999984822236,0.049000000217347406,0.119099999210448
test_consistent_random_observations__160,test_consistent_random_observations,PASS,solve_q1,observations,4,4,8,8,3.7752000007458264,POLYGON,5,23.86658576788942,11.93329288394471,15.065429420008051,3.132136536063342,False,scipy_with_fraction_check,scipy_highs_with_fraction_check,,0.06360000043059699,1.0486999999557156,0.21240000023681205,0.8650999989185948,2.112799998940318,0.4137999985687202,0.0006999998731771484,0.12600000081874896,0.1678000007814262,0.03249999826948624,0.03400000059627928,0.05070000042906031,0.13630000285047572
test_consistent_random_observations__161,test_consistent_random_observations,PASS,solve_q1,observations,3,3,6,6,1.9757999998546438,POLYGON,4,25.581473800958232,12.790736900479116,15.957837228437715,3.1671003279585985,False,scipy_with_fraction_check,scipy_highs_with_fraction_check,,0.032300000384566374,0.5584999998973217,0.08680000064487103,0.474600001325598,1.0355999984312803,0.28329999986453913,0.0006000009307172149,0.0870000003487803,0.12319999950705096,0.019499999325489625,0.024500001018168405,0.026699999580159783,0.06610000127693638
test_consistent_random_observations__162,test_consistent_random_observations,PASS,solve_q1,observations,4,4,8,8,3.0494999991788063,POLYGON,6,22.870502577644604,11.435251288822302,13.114006339519833,1.6787550506975304,False,scipy_with_fraction_check,scipy_highs_with_fraction_check,,0.03870000000461005,0.6359000017255312,0.12539999625005294,0.531300000147894,1.7252999987249495,0.5694999999832362,0.0006999998731771484,0.22139999964565504,0.20910000057483558,0.03879999894706998,0.04410000110510737,0.053199999456410296,0.08009999874047935
test_consistent_random_observations__163,test_consistent_random_observations,PASS,solve_q1,observations,3,3,6,6,4.1412999999010935,POLYGON,6,28.44783122999307,14.223915614996535,14.223915614996557,2.1316282072803006e-14,True,scipy_with_fraction_check,scipy_highs_with_fraction_check,,0.05340000097930897,0.890600000275299,0.11460000132501591,0.7635000001755543,2.051099998425343,1.0392999993200647,0.0012000000424450263,0.3741000000445638,0.37930000144115184,0.05649999911838677,0.09090000094147399,0.13209999997343402,0.10690000090107787
test_consistent_random_observations__164,test_consistent_random_observations,PASS,solve_q1,observations,4,4,8,8,3.064099999392056,POLYGON,6,16.049549728366415,8.024774864183208,8.395012830816738,0.37023796663353004,False,scipy_with_fraction_check,scipy_highs_with_fraction_check,,0.05360000068321824,0.785300000643474,0.13750000107393134,0.6635000008827774,1.618899999812129,0.5042000011599157,0.0008000006346264854,0.1936999997269595,0.19740000061574392,0.03169999945384916,0.03370000013092067,0.04479999915929511,0.10209999709331896
test_consistent_random_observations__165,test_consistent_random_observations,PASS,solve_q1,observations,3,3,6,6,2.6227000016660895,POLYGON,6,23.772736553421012,11.886368276710506,11.886368276710506,0.0,True,scipy_with_fraction_check,scipy_highs_with_fraction_check,,0.03470000046945643,0.6138999997347128,0.08519999755662866,0.5287000003590947,1.3263000000733882,0.5769999988842756,0.0006999998731771484,0.1878000002761837,0.2600999996502651,0.04119999903196003,0.045500000851461664,0.0397000003431458,0.07080000250425655
test_consistent_random_observations__166,test_consistent_random_observations,PASS,solve_q1,observations,4,4,8,8,2.73159999960626,POLYGON,6,23.772736553421012,11.886368276710506,11.886368276710506,0.0,True,scipy_with_fraction_check,scipy_highs_with_fraction_check,,0.037599998904624954,0.6670000002486631,0.12040000183333177,0.5634999997710111,1.4435000011872035,0.5036000002291985,0.0006000009307172149,0.19489999976940453,0.19769999926211312,0.030700000934302807,0.035799999750452116,0.04169999920122791,0.07989999903657008
test_consistent_random_observations__167,test_consistent_random_observations,PASS,solve_q1,observations,3,3,6,6,1.8481000006431714,POLYGON,4,25.613012744259628,12.806506372129814,12.80650637212984,2.6645352591003757e-14,True,scipy_with_fraction_check,scipy_highs_with_fraction_check,,0.03780000042752363,0.61200000163808,0.08549999984097667,0.5275000003166497,0.8398999998462386,0.2903000004153,0.0008000006346264854,0.08279999929072801,0.13330000001587905,0.02069999936793465,0.02390000008745119,0.02700000004551839,0.06809999831602909
test_consistent_random_observations__168,test_consistent_random_observations,PASS,solve_q1,observations,4,4,8,8,2.3204000008263392,POLYGON,4,19.09083938013213,9.545419690066065,9.545419690066074,8.881784197001252e-15,True,scipy_with_fraction_check,scipy_highs_with_fraction_check,,0.06650000068475492,0.7648999999219086,0.12229999811097514,0.6523000010929536,1.0939000003418187,0.3013000005012145,0.0008999995770864189,0.08600000001024455,0.1351000009890413,0.02080000012938399,0.02429999949526973,0.031800000215298496,0.09379999937664252
test_consistent_random_observations__169,test_consistent_random_observations,PASS,solve_q1,observations,3,3,6,6,2.214300000559888,POLYGON,5,21.0435559471971,10.52177797359855,12.701437817551831,2.1796598439532815,False,scipy_with_fraction_check,scipy_highs_with_fraction_check,,0.03670000114652794,0.6198999999469379,0.0870000003487803,0.5342999993445119,1.0291999988112366,0.45900000077381264,0.0009000013960758224,0.14739999824087135,0.20910000057483558,0.028399999791872688,0.03459999970800709,0.03640000068116933,0.06949999988137279
test_consistent_random_observations__170,test_consistent_random_observations,PASS,solve_q1,observations,4,4,8,8,3.24699999873701,POLYGON,7,21.0435559471971,10.52177797359855,12.701437817551831,2.1796598439532815,False,scipy_with_fraction_check,scipy_highs_with_fraction_check,,0.05219999911787454,0.7303000002139015,0.11590000030992087,0.6202999993547564,1.6969000007520663,0.671600000714534,0.0015999994502635673,0.2623999989737058,0.2621000003273366,0.042300000131945126,0.04640000042854808,0.053499999921768904,0.0959999979386339
test_consistent_random_observations__171,test_consistent_random_observations,PASS,solve_q1,observations,3,3,6,6,3.1555999994452577,POLYGON,6,21.91320695917051,10.956603479585254,10.956603479585269,1.4210854715202004e-14,True,scipy_with_fraction_check,scipy_highs_with_fraction_check,,0.0794000006862916,1.3068999996903585,0.0838999967527343,1.2121999989176402,1.1350000004313188,0.5464000005304115,0.0006999998731771484,0.18249999993713573,0.24289999964821618,0.046799999836366624,0.03440000000409782,0.03699999979289714,0.08789999810687732
test_consistent_random_observations__172,test_consistent_random_observations,PASS,solve_q1,observations,4,4,8,8,2.686399999220157,POLYGON,6,19.904144780448533,9.952072390224266,10.085069966022342,0.13299757579807547,False,scipy_with_fraction_check,scipy_highs_with_fraction_check,,0.04380000063974876,0.681700001223362,0.11129999802506063,0.5767000002379064,1.3937000003352296,0.48120000064955093,0.0009000013960758224,0.1832999987527728,0.1869000006990973,0.030299999707494862,0.03380000089237001,0.043999998524668626,0.08599999637226574
test_consistent_random_observations__173,test_consistent_random_observations,PASS,solve_q1,observations,3,3,6,6,2.31780000103754,POLYGON,6,31.75158382503002,15.87579191251501,15.87579191251502,8.881784197001252e-15,True,scipy_with_fraction_check,scipy_highs_with_fraction_check,,0.05210000017541461,0.6295000002864981,0.09100000352191273,0.5435000002762536,1.0717000004660804,0.49369999942427967,0.0005999991117278114,0.18600000112201087,0.2051999999821419,0.03060000017285347,0.03339999966556206,0.03619999915827066,0.07080000068526715
test_consistent_random_observations__174,test_consistent_random_observations,PASS,solve_q1,observations,4,4,8,8,2.4678000008862,POLYGON,5,13.46589902881116,6.73294951440558,8.071725394475942,1.3387758800703624,False,scipy_with_fraction_check,scipy_highs_with_fraction_check,,0.042800000301213004,0.6709000008413568,0.12090000018361025,0.5689999998139683,1.3262999982543988,0.34810000033758115,0.0006999998731771484,0.1391000005241949,0.11069999891333282,0.030499999411404133,0.02890000178012997,0.036699999327538535,0.07970000115165021
test_consistent_random_observations__175,test_consistent_random_observations,PASS,solve_q1,observations,3,3,6,6,2.219600000898936,POLYGON,6,18.47240467265363,9.236202336326816,11.643535223063191,2.4073328867363752,False,scipy_with_fraction_check,scipy_highs_with_fraction_check,,0.0455999997939216,0.6343000004562782,0.0866999998834217,0.5505999997694744,1.0697999987314688,0.39920000017446,0.0006999998731771484,0.18260000069858506,0.12070000047970098,0.028700000257231295,0.03139999898849055,0.03330000072310213,0.07070000174280722
test_consistent_random_observations__176,test_consistent_random_observations,PASS,solve_q1,observations,4,4,8,8,2.6919000010821037,POLYGON,6,17.86918476743969,8.934592383719846,10.94162996469077,2.007037580970925,False,scipy_with_fraction_check,scipy_highs_with_fraction_check,,0.036699999327538535,0.72589999945194,0.12799999967683107,0.6099999991420191,1.4213999984349357,0.426500000685337,0.0005999991117278114,0.18850000014936086,0.12940000124217477,0.029699998776777647,0.03370000013092067,0.042800000301213004,0.08140000318235252
test_consistent_random_observations__177,test_consistent_random_observations,PASS,solve_q1,observations,3,3,6,6,2.081200000247918,POLYGON,5,18.167080593364368,9.083540296682184,9.27266433895939,0.18912404227720536,False,scipy_with_fraction_check,scipy_highs_with_fraction_check,,0.044099999286117963,0.666300000375486,0.09040000077220611,0.579400000788155,0.9339000007457798,0.3651999995781807,0.0005000001692678779,0.12799999967683107,0.1520000005257316,0.02499999936844688,0.02809999932651408,0.02990000029967632,0.07170000026235357
test_consistent_random_observations__178,test_consistent_random_observations,PASS,solve_q1,observations,4,4,8,8,2.4198000010073883,POLYGON,5,18.167080593364368,9.083540296682184,9.27266433895939,0.18912404227720536,False,scipy_with_fraction_check,scipy_highs_with_fraction_check,,0.04990000161342323,0.656899999739835,0.11139999878650997,0.5479999999806751,1.2592000002769055,0.3689999994094251,0.0007999988156370819,0.12799999967683107,0.1498000001447508,0.024500001018168405,0.02789999962260481,0.03640000068116933,0.08479999996779952
test_consistent_random_observations__179,test_consistent_random_observations,PASS,solve_q1,observations,3,3,6,6,2.1732000004703877,POLYGON,6,26.421712805055996,13.210856402527998,17.77190923039144,4.561052827863442,False,scipy_with_fraction_check,scipy_highs_with_fraction_check,,0.030499999411404133,0.5760999993071891,0.08880000132194255,0.4923999986203853,1.0492000001249835,0.4528999998001382,0.0005000001692678779,0.17420000040146988,0.1781999999366235,0.028399999791872688,0.036299999919719994,0.03389999983482994,0.06450000182667281
test_consistent_random_observations__180,test_consistent_random_observations,PASS,solve_q1,observations,4,4,8,8,2.7157999993505655,POLYGON,7,25.04011372687751,12.520056863438755,16.94851541681587,4.428458553377114,False,scipy_with_fraction_check,scipy_highs_with_fraction_check,,0.03680000008898787,0.6046000016795006,0.12179999794170726,0.5008999996789498,1.501799999459763,0.4915999998047482,0.0006999998731771484,0.22510000053443946,0.14559999908669852,0.03470000046945643,0.03780000042752363,0.046299999667098746,0.08099999831756577
test_consistent_random_observations__181,test_consistent_random_observations,PASS,solve_q1,observations,3,3,6,6,2.21869999950286,POLYGON,6,22.049994419460035,11.024997209730017,14.442755728578629,3.4177585188486113,False,scipy_with_fraction_check,scipy_highs_with_fraction_check,,0.027100000806967728,0.5833999985043192,0.08410000009462237,0.5029999992984813,1.0857999986910727,0.46130000009725336,0.0005999991117278114,0.1864000005298294,0.17640000078245066,0.03119999928458128,0.030499999411404133,0.03470000046945643,0.061100001403247006
test_consistent_random_observations__182,test_consistent_random_observations,PASS,solve_q1,observations,4,4,8,8,2.28640000023006,POLYGON,4,18.841193792468655,9.420596896234327,13.794048885883573,4.373451989649245,False,scipy_with_fraction_check,scipy_highs_with_fraction_check,,0.030900000638212077,0.6518000009236857,0.1109000004362315,0.5481999996845843,1.2569999998959247,0.2709000000322703,0.0005000001692678779,0.0776999986555893,0.1233000002685003,0.017899999875226058,0.022100000933278352,0.02809999932651408,0.07579999873996712
test_consistent_random_observations__183,test_consistent_random_observations,PASS,solve_q1,observations,3,3,6,6,1.7380999997840263,POLYGON,4,17.593011423252317,8.796505711626159,12.017280709809127,3.220774998182968,False,scipy_with_fraction_check,scipy_highs_with_fraction_check,,0.02769999991869554,0.536600000486942,0.08119999802147504,0.4586000013659941,0.8694000007380964,0.2401000001555076,0.0004999983502784744,0.07650000043213367,0.09339999996882398,0.019600000086938962,0.022899999748915434,0.025800000003073364,0.06429999848478474
test_consistent_random_observations__184,test_consistent_random_observations,PASS,solve_q1,observations,4,4,8,8,2.3086000001057982,POLYGON,5,17.593011423252317,8.796505711626159,11.586180163874873,2.7896744522487147,False,scipy_with_fraction_check,scipy_highs_with_fraction_check,,0.030100000003585592,0.5693000002793269,0.11170000107085798,0.46859999929438345,1.3278999995236518,0.30340000012074597,0.0005999991117278114,0.11840000115626026,0.10039999870059546,0.02330000097572338,0.025800000003073364,0.033499998608022,0.07790000017848797
test_consistent_random_observations__185,test_consistent_random_observations,PASS,solve_q1,observations,3,3,6,6,2.0346999990579206,POLYGON,6,29.58859029290227,14.794295146451136,15.666215679622413,0.8719205331712772,False,scipy_with_fraction_check,scipy_highs_with_fraction_check,,0.029299999368959107,0.5216999998083338,0.08520000119460747,0.4399999997986015,1.0206999995716615,0.4000000008090865,0.0006000009307172149,0.1677999989624368,0.14080000073590782,0.02829999903042335,0.029400000130408444,0.03170000127283856,0.06299999949987978
test_consistent_random_observations__186,test_consistent_random_observations,PASS,solve_q1,observations,4,4,8,8,2.5098000005527865,POLYGON,6,26.447954010706965,13.223977005353483,15.708333124572306,2.4843561192188233,False,scipy_with_fraction_check,scipy_highs_with_fraction_check,,0.02700000004551839,0.5701000009139534,0.11369999992894009,0.4743999998026993,1.3765000003331807,0.46550000115530565,0.0006999998731771484,0.17970000044442713,0.17939999997906853,0.030900000638212077,0.03189999915775843,0.04129999979340937,0.07069999810482841
test_consistent_random_observations__187,test_consistent_random_observations,PASS,solve_q1,observations,3,3,6,6,1.8478000001778128,POLYGON,4,27.2693152558022,13.6346576279011,20.206083190552533,6.571425562651433,False,scipy_with_fraction_check,scipy_highs_with_fraction_check,,0.0304000004689442,0.5369999998947605,0.0791000020399224,0.4606000002240762,0.9246999998140382,0.29489999906218145,0.0005999991117278114,0.08540000089851674,0.13719999878958333,0.02010000025620684,0.024500001018168405,0.025699999241624027,0.0608000009378884
test_consistent_random_observations__188,test_consistent_random_observations,PASS,solve_q1,observations,4,4,8,8,2.442700000756304,POLYGON,5,25.360129063609357,12.680064531804678,12.68006453180473,5.1514348342607263e-14,True,scipy_with_fraction_check,scipy_highs_with_fraction_check,,0.028200000087963417,0.5504000000655651,0.10960000145132653,0.45869999848946463,1.4052999995328719,0.38870000025781337,0.0006000009307172149,0.1295000001846347,0.16940000023168977,0.026300000172341242,0.027599999157246202,0.03370000013092067,0.07010000081209
test_consistent_random_observations__189,test_consistent_random_observations,PASS,solve_q1,observations,3,3,6,6,2.15099999877566,POLYGON,6,32.095407317363275,16.047703658681638,16.04770365868164,3.552713678800501e-15,True,scipy_with_fraction_check,scipy_highs_with_fraction_check,,0.02719999974942766,0.530100000105449,0.08170000000973232,0.44720000005327165,1.0559000002103858,0.4752000004373258,0.0005999991117278114,0.18199999976786785,0.19439999960013665,0.03000000106112566,0.03300000025774352,0.03389999983482994,0.06259999827307183
test_consistent_random_observations__190,test_consistent_random_observations,PASS,solve_q1,observations,4,4,8,8,2.9475999999704072,POLYGON,7,32.095407317363275,16.047703658681638,16.04770365868164,3.552713678800501e-15,True,scipy_with_fraction_check,scipy_highs_with_fraction_check,,0.030100000003585592,0.5385000004025642,0.13240000043879263,0.4407999986142386,1.5969000014592893,0.7019999993644888,0.0008999995770864189,0.30250000054365955,0.2727999999478925,0.03599999945436139,0.0380000001314329,0.049899999794433825,0.08009999874047935
test_consistent_random_observations__191,test_consistent_random_observations,PASS,solve_q1,observations,3,3,6,6,1.8866000009438721,POLYGON,4,18.55843083331396,9.27921541665698,11.240326457713197,1.961111041056217,False,scipy_with_fraction_check,scipy_highs_with_fraction_check,,0.02570000106061343,0.5332000000635162,0.08339999658346642,0.45280000085767824,0.9860999998636544,0.2803999996103812,0.0006000009307172149,0.08609999895270448,0.12260000039532315,0.02010000025620684,0.023799999326001853,0.025600000299164094,0.06120000034570694
test_consistent_random_observations__192,test_consistent_random_observations,PASS,solve_q1,observations,4,4,8,8,2.219800000602845,POLYGON,4,16.359992017934047,8.179996008967024,9.527935892170273,1.3479398832032494,False,scipy_with_fraction_check,scipy_highs_with_fraction_check,,0.03259999903093558,0.5632000011246419,0.11129999984405003,0.47000000085972715,1.261200000953977,0.2854999984265305,0.0006999998731771484,0.08870000056049321,0.11749999976018444,0.02029999996011611,0.024599999960628338,0.032100000680657104,0.07730000106676016
test_consistent_random_observations__193,test_consistent_random_observations,PASS,solve_q1,observations,3,3,6,6,2.0465999987209216,POLYGON,5,30.5646618518437,15.28233092592185,21.700051717882033,6.417720791960184,False,scipy_with_fraction_check,scipy_highs_with_fraction_check,,0.033599999369471334,0.5906000005779788,0.08579999848734587,0.5065999994258163,0.9761999990587356,0.3801000002567889,0.0005999991117278114,0.13330000001587905,0.1624000014999183,0.02519999907235615,0.02680000034160912,0.030499999411404133,0.06609999945794698
test_consistent_random_observations__194,test_consistent_random_observations,PASS,solve_q1,observations,4,4,8,8,2.370899999732501,POLYGON,5,29.926100232289183,14.963050116144592,14.963050116144617,2.4868995751603507e-14,True,scipy_with_fraction_check,scipy_highs_with_fraction_check,,0.03139999898849055,0.561099999686121,0.10299999848939478,0.4642999992938712,1.326100000369479,0.37989999873389024,0.0006999998731771484,0.12880000031145755,0.15999999959603883,0.02570000106061343,0.027099998987978324,0.03600000127335079,0.07240000195452012
test_consistent_random_observations__195,test_consistent_random_observations,PASS,solve_q1,observations,3,3,6,6,1.6092999994725687,POLYGON,3,23.61149311599478,11.80574655799739,16.787054456328583,4.981307898331194,False,scipy_with_fraction_check,scipy_highs_with_fraction_check,,0.03220000144210644,0.5395000007410999,0.07929999992484227,0.46330000077432487,0.7646000012755394,0.2120000008289935,0.0008000006346264854,0.051799999710056,0.103599999420112,0.013300001228344627,0.01889999839477241,0.02190000122936908,0.06099999518482946
test_consistent_random_observations__196,test_consistent_random_observations,PASS,solve_q1,observations,4,4,8,8,2.093500001137727,POLYGON,3,23.61149311599478,11.80574655799739,16.787054456328583,4.981307898331194,False,scipy_with_fraction_check,scipy_highs_with_fraction_check,,0.04640000042854808,0.6486999991466291,0.11830000221380033,0.54679999993823,1.0542999989411328,0.26330000036978163,0.0008999995770864189,0.05670000064128544,0.1269999993382953,0.017700000171316788,0.025499999537714757,0.03370000013092067,0.0808000022516353
test_consistent_random_observations__197,test_consistent_random_observations,PASS,solve_q1,observations,3,3,6,6,2.122199999575969,POLYGON,6,20.200666669200956,10.100333334600478,14.483456133250828,4.38312279865035,False,scipy_with_fraction_check,scipy_highs_with_fraction_check,,0.028200000087963417,0.5364000007830327,0.08259999958681874,0.45700000009674113,1.0354999994888203,0.45510000018111896,0.0006999998731771484,0.17689999913272914,0.17909999951370992,0.031800000215298496,0.031400000807479955,0.03370000013092067,0.0669999990350334
test_consistent_random_observations__198,test_consistent_random_observations,PASS,solve_q1,observations,4,4,8,8,2.7936999995290535,POLYGON,7,20.200666669200956,10.100333334600478,14.406400681457223,4.306067346856745,False,scipy_with_fraction_check,scipy_highs_with_fraction_check,,0.03219999962311704,0.5633000000671018,0.10790000123961363,0.46320000001287553,1.53150000005553,0.5891000000701752,0.0006999998731771484,0.2580999989731936,0.20260000019334257,0.03730000025825575,0.03870000000461005,0.050099999498343095,0.07759999971312936
test_consistent_random_observations__199,test_consistent_random_observations,PASS,solve_q1,observations,3,3,6,6,2.2360000002663583,POLYGON,6,34.018791863941445,17.009395931970722,17.009395931970726,3.552713678800501e-15,True,scipy_with_fraction_check,scipy_highs_with_fraction_check,,0.03699999979289714,0.5737999999837484,0.08430000161752105,0.49190000027010683,1.0762000001705019,0.4791000010300195,0.000700001692166552,0.18699999964155722,0.1922999999806052,0.030299999707494862,0.032899999496294186,0.03440000000409782,0.06989999928919133
test_consistent_random_observations__200,test_consistent_random_observations,PASS,solve_q1,observations,4,4,8,8,2.451600001222687,POLYGON,5,24.934925538381624,12.467462769190812,13.727563865361734,1.2601010961709225,False,scipy_with_fraction_check,scipy_highs_with_fraction_check,,0.039000000469968654,0.6522999992739642,0.12340000102994964,0.5445000006147893,1.3331000009202398,0.3453999997873325,0.0006999998731771484,0.13530000069295056,0.11420000009820797,0.02559999848017469,0.0304000004689442,0.03740000101970509,0.08180000077118166
test_constant_constraints__001,test_constant_constraints,PASS,solve_halfplanes,halfplanes,,,1,,0.46019999899726827,EMPTY,0,,,,,,scipy_with_fraction_check,not_run_or_early_return,0.4194999983155867,,,,,,,,,,,,,0.04070000068168156
test_constant_constraints__002,test_constant_constraints,PASS,solve_halfplanes,halfplanes,,,1,,0.39569999898958486,UNBOUNDED,0,Infinity,,,,,scipy_with_fraction_check,not_run_or_early_return,0.36360000012791716,,,,,,,,,,,,,0.0320999988616677
test_contradictory_parallel_constraints__001,test_contradictory_parallel_constraints,PASS,solve_halfplanes,halfplanes,,,2,2,0.8039999993343372,EMPTY,0,,,,,,scipy_with_fraction_check,scipy_highs_with_fraction_check,0.3249000001233071,,0.4177999999228632,0.03479999941191636,0.3708000003825873,,,,,,,,,0.06129999928816687
test_document_three_observations__001,test_document_three_observations,PASS,solve_q1,observations,3,3,6,6,2.1689000004698755,POLYGON,6,32.25187208460611,16.125936042303056,16.370309230688353,0.2443731883852962,False,scipy_with_fraction_check,scipy_highs_with_fraction_check,,0.04070000068168156,0.5709999986720504,0.07950000144774094,0.48489999971934594,1.0402999996586004,0.4415000003064051,0.0006999998731771484,0.17950000074051786,0.16279999908874743,0.03020000076503493,0.03260000084992498,0.03409999953873921,0.07540000115113799
test_document_two_observations__001,test_document_two_observations,PASS,solve_q1,observations,2,2,4,4,3.271899999162997,POLYGON,4,39.50834065898743,19.754170329493714,19.754170329493714,0.0,True,scipy_with_fraction_check,scipy_highs_with_fraction_check,,0.045000000682193786,2.2166999988257885,0.05559999954130035,2.1421000001282664,0.6412000002455898,0.30619999961345457,0.0007999988156370819,0.0957000011112541,0.14039999950909987,0.021100000594742596,0.024499999199179,0.021800000467919745,0.06279999979597051
test_duplicate_and_permutation__001,test_duplicate_and_permutation,PASS,solve_q1,observations,2,2,4,4,2.128699999957462,POLYGON,4,39.50834065898743,19.754170329493714,19.754170329493714,0.0,True,scipy_with_fraction_check,scipy_highs_with_fraction_check,,0.04890000127488747,0.7974000000103842,0.07369999912043568,0.7034000009298325,0.8230000003095483,0.3799999994953396,0.0008000006346264854,0.11269999959040433,0.1781999999366235,0.02719999974942766,0.03149999974993989,0.02750000021478627,0.0793999988673022
test_duplicate_and_permutation__002,test_duplicate_and_permutation,PASS,solve_q1,observations,4,2,8,4,1.516599999376922,POLYGON,4,39.50834065898743,19.754170329493714,19.754170329493714,0.0,True,scipy_with_fraction_check,scipy_highs_with_fraction_check,,0.044099999286117963,0.5401999987952877,0.05129999954078812,0.47869999980321154,0.5892999997740844,0.2793000003293855,0.0005000001692678779,0.07729999924777076,0.1339999998890562,0.021699999706470408,0.02390000008745119,0.020500001483014785,0.06370000119204633
test_empty_observation_intersection__001,test_empty_observation_intersection,PASS,solve_q1,observations,2,2,4,4,0.5043000001023756,EMPTY,0,,,,,,scipy_with_fraction_check,scipy_highs_with_fraction_check,,0.025999999706982635,0.4290999986551469,0.13099999887344893,0.28759999986505136,,,,,,,,,0.04920000174024608
test_invalid_inputs__001,test_invalid_inputs,PASS,solve_q1,observations,0,0,,,0.009499999578110874,EXCEPTION,,,,,,,scipy_with_fraction_check,,,0.006399999620043673,,,,,,,,,,,,0.003099999958067201
test_invalid_inputs__002,test_invalid_inputs,PASS,solve_q1,observations,1,1,,,0.014600000213249587,EXCEPTION,,,,,,,scipy_with_fraction_check,,,0.011500000255182385,,,,,,,,,,,,0.003099999958067201
test_invalid_inputs__003,test_invalid_inputs,PASS,solve_q1,observations,1,1,,,0.023399999918183312,EXCEPTION,,,,,,,scipy_with_fraction_check,,,0.02080000012938399,,,,,,,,,,,,0.002599999788799323
test_invalid_inputs__004,test_invalid_inputs,PASS,solve_q1,observations,1,1,,,0.02539999877626542,EXCEPTION,,,,,,,scipy_with_fraction_check,,,0.02260000110254623,,,,,,,,,,,,0.00279999767371919
test_invalid_inputs__005,test_invalid_inputs,PASS,solve_q1,observations,1,1,,,0.30700000024808105,EXCEPTION,,,,,,,scipy_with_fraction_check,,0.28779999956896063,,,,,,,,,,,,,0.01920000067912042
test_invalid_inputs__006,test_invalid_inputs,PASS,solve_q1,observations,1,1,,,0.3015000002051238,EXCEPTION,,,,,,,scipy_with_fraction_check,,0.2828999986377312,,,,,,,,,,,,,0.01860000156739261
test_invalid_inputs__007,test_invalid_inputs,PASS,solve_q1,observations,1,1,,,0.33830000029411167,EXCEPTION,,,,,,,scipy_with_fraction_check,,0.3197999994881684,,,,,,,,,,,,,0.018500000805943273
test_invalid_inputs__008,test_invalid_inputs,PASS,solve_q1,observations,1,1,,,0.3250999998272164,EXCEPTION,,,,,,,scipy_with_fraction_check,,0.3116999996564118,,,,,,,,,,,,,0.01340000017080456
test_invalid_inputs__009,test_invalid_inputs,PASS,solve_q1,observations,1,1,,,0.32050000118033495,EXCEPTION,,,,,,,scipy_with_fraction_check,,0.2905000001192093,,,,,,,,,,,,,0.03000000106112566
test_lp_numerical_failure_not_unbounded__001,test_lp_numerical_failure_not_unbounded,PASS,solve_q1,observations,2,2,4,4,1.0750000001280569,POLYGON,4,39.50834065898743,19.754170329493714,19.754170329493714,0.0,True,mocked_linprog,scipy_highs_with_fraction_check,,0.030299999707494862,0.05149999924469739,0.047799998355912976,0.02010000025620684,0.5575999985012459,0.384900000426569,0.0004999983502784744,0.1351000009890413,0.16230000073846895,0.026499999876250513,0.03099999958067201,0.028000000384054147,0.050700002248049714
test_lp_uses_free_variables__001,test_lp_uses_free_variables,PASS,solve_q1,observations,1,1,2,2,0.1067000011971686,UNBOUNDED,0,Infinity,,,,,mocked_linprog,scipy_highs_with_fraction_check,,0.02840000161086209,0.04129999979340937,0.01320000046689529,0.019899998733308166,,,,,,,,,0.03699999979289714
test_near_parallel_not_discarded__001,test_near_parallel_not_discarded,PASS,solve_halfplanes,halfplanes,,,3,3,0.8533999989595031,POLYGON,3,1000000000000.0,500000000000.0,500000000000.0,0.0,True,fraction_only,fraction_fourier_motzkin,0.3094000003329711,,0.04509999962465372,0.06819999725848902,,0.29319999885046855,0.14879999980621506,0.0005000001692678779,0.03239999932702631,0.07100000038917642,0.012799999240087345,0.014999999621068127,0.015500001609325409,0.05690000034519471
test_negative_coordinate_square__001,test_negative_coordinate_square,PASS,solve_halfplanes,halfplanes,,,4,4,1.4864999993733363,POLYGON,4,2.8284271247461903,1.4142135623730951,1.4142135623730951,0.0,True,scipy_with_fraction_check,scipy_highs_with_fraction_check,0.32889999965846073,,0.5612999993900303,0.11339999764459208,0.47029999950609636,0.3702000012708595,0.16429999959655106,0.0005999991117278114,0.04780000017490238,0.06919999941601418,0.012000000424450263,0.015699999494245276,0.017500000467407517,0.06179999945743475
test_point_and_segment_direct_constraints__001,test_point_and_segment_direct_constraints,PASS,solve_halfplanes,halfplanes,,,4,4,1.2194000009912997,POINT,1,0.0,0.0,0.0,0.0,True,scipy_with_fraction_check,scipy_highs_with_fraction_check,0.30329999935929663,,0.5281999983708374,0.10480000128154643,0.43790000017907005,0.3251999987696763,0.003499999365885742,0.0017999991541728377,,,,,,0.05920000512560364
test_point_and_segment_direct_constraints__002,test_point_and_segment_direct_constraints,PASS,solve_halfplanes,halfplanes,,,4,4,1.3158000001567416,SEGMENT,2,2.0,1.0,1.0,0.0,True,scipy_with_fraction_check,scipy_highs_with_fraction_check,0.28219999876455404,,0.5569000004470581,0.1117999963753391,0.455000001238659,0.3398000008019153,0.08150000030582305,0.0006999998731771484,0.017500000467407517,0.04269999953976367,0.006400001439033076,0.0005999991117278114,0.012099999366910197,0.05539999983739108
test_single_observation_unbounded__001,test_single_observation_unbounded,PASS,solve_q1,observations,1,1,2,2,0.5051000007370021,UNBOUNDED,0,Infinity,,,,,scipy_with_fraction_check,scipy_highs_with_fraction_check,,0.025600000299164094,0.43619999996735714,0.013500000932253897,0.3899000003002584,,,,,,,,,0.04330000047048088
test_strip_unbounded_with_no_vertices__001,test_strip_unbounded_with_no_vertices,PASS,solve_halfplanes,halfplanes,,,2,2,0.821600000563194,UNBOUNDED,0,Infinity,,,,,scipy_with_fraction_check,scipy_highs_with_fraction_check,0.2967000000353437,,0.4769000006490387,0.026999998226528987,0.41370000144524965,,,,,,,,,0.04799999987881165
test_thin_polygon_not_merged_into_segment__001,test_thin_polygon_not_merged_into_segment,PASS,solve_halfplanes,halfplanes,,,4,4,1.0106000008818228,POLYGON,4,1.0,0.5,0.5,0.0,True,fraction_only,fraction_fourier_motzkin,0.2859999985957984,,0.05830000009154901,0.09630000022298191,,0.3893000011885306,0.2198999991378514,0.0005999991117278114,0.054700001783203334,0.09539999882690609,0.0197000008483883,0.022500000341096893,0.025699999241624027,0.057100001868093386
test_translation_and_rotation__001,test_translation_and_rotation,PASS,solve_q1,observations,2,2,4,4,1.4513999994960614,POLYGON,4,39.50834065898743,19.754170329493714,19.754170329493714,0.0,True,scipy_with_fraction_check,scipy_highs_with_fraction_check,,0.03229999856557697,0.462800000605057,0.04949999856762588,0.40360000093642157,0.6207000005815644,0.28759999986505136,0.0006000009307172149,0.08440000055998098,0.13619999845104758,0.020200001017656177,0.023299999156733975,0.021400001060101204,0.04799999987881165
test_translation_and_rotation__002,test_translation_and_rotation,PASS,solve_q1,observations,2,2,4,4,1.4507000014418736,POLYGON,4,39.50834065898741,19.754170329493704,19.754170329493785,8.171241461241152e-14,True,scipy_with_fraction_check,scipy_highs_with_fraction_check,,0.025100000129896216,0.48149999929592013,0.05249999958323315,0.41930000043066684,0.6054000004951376,0.2890999985538656,0.0004999983502784744,0.0850000014906982,0.13559999933931977,0.021100000594742596,0.02479999966453761,0.020600000425474718,0.049600002967054024
test_translation_and_rotation__003,test_translation_and_rotation,PASS,solve_q1,observations,2,2,4,4,1.3894999992771773,POLYGON,4,39.50834065898749,19.754170329493746,19.754170329493746,0.0,True,scipy_with_fraction_check,scipy_highs_with_fraction_check,,0.025100000129896216,0.43059999916295055,0.05680000140273478,0.36730000101670157,0.6012999983795453,0.28360000032989774,0.0005000001692678779,0.08419999903708231,0.13310000031196978,0.02029999996011611,0.02330000097572338,0.020799998310394585,0.04890000127488747
