2026-09-13 12:15:31,047 INFO request {"path": "/enter", "payload": {"arena_id": "default", "robot_id": "202601002029", "request_id": "a4bcf3d7b5a741e0bd4834b4cbadb9cc"}, "attempt": 1}
2026-09-13 12:15:31,050 INFO response {"request_id": "a4bcf3d7b5a741e0bd4834b4cbadb9cc", "http_status": 200, "body": {"accepted": true, "real_timestamp_ms": 1789272927021, "virtual_time_s": 0, "max_virtual_duration_s": 360000, "max_real_duration_s": 1200, "remaining_real_duration_s": 1200}}
2026-09-13 12:15:31,076 INFO request {"path": "/measure", "payload": {"arena_id": "default", "robot_id": "202601002029", "request_id": "dc0c503a5237449295b9fd9da6f7a78e", "position": {"x": 0.0, "y": 0.0}, "channel": 1}, "attempt": 1}
2026-09-13 12:15:31,087 INFO response {"request_id": "dc0c503a5237449295b9fd9da6f7a78e", "http_status": 200, "body": {"accepted": true, "real_timestamp_ms": 1789272927057, "virtual_time_s": 5, "measure_result": "no_signal"}}
2026-09-13 12:15:31,102 INFO request {"path": "/measure", "payload": {"arena_id": "default", "robot_id": "202601002029", "request_id": "42d775e227da41fba95657e1337570e1", "position": {"x": 0.0, "y": 0.0}, "channel": 2}, "attempt": 1}
2026-09-13 12:15:31,119 INFO response {"request_id": "42d775e227da41fba95657e1337570e1", "http_status": 200, "body": {"accepted": true, "real_timestamp_ms": 1789272927089, "virtual_time_s": 11, "measure_result": "no_signal"}}
2026-09-13 12:15:31,134 INFO request {"path": "/measure", "payload": {"arena_id": "default", "robot_id": "202601002029", "request_id": "aab1f38b3dd846fabc5fe33c8eafdfc6", "position": {"x": 0.0, "y": 0.0}, "channel": 3}, "attempt": 1}
2026-09-13 12:15:31,149 INFO response {"request_id": "aab1f38b3dd846fabc5fe33c8eafdfc6", "http_status": 200, "body": {"accepted": true, "real_timestamp_ms": 1789272927119, "virtual_time_s": 17, "measure_result": "direction", "svd_deg": 89.31}}
2026-09-13 12:15:31,169 INFO request {"path": "/measure", "payload": {"arena_id": "default", "robot_id": "202601002029", "request_id": "d11f97da46d64d5e89ebcc3cb09b19a2", "position": {"x": 0.0, "y": 0.0}, "channel": 4}, "attempt": 1}
2026-09-13 12:15:31,181 INFO response {"request_id": "d11f97da46d64d5e89ebcc3cb09b19a2", "http_status": 200, "body": {"accepted": true, "real_timestamp_ms": 1789272927151, "virtual_time_s": 23, "measure_result": "no_signal"}}
2026-09-13 12:15:31,196 INFO request {"path": "/measure", "payload": {"arena_id": "default", "robot_id": "202601002029", "request_id": "5c128e67869340a59ac35f0a072eaab4", "position": {"x": 0.0, "y": 0.0}, "channel": 5}, "attempt": 1}
2026-09-13 12:15:31,213 INFO response {"request_id": "5c128e67869340a59ac35f0a072eaab4", "http_status": 200, "body": {"accepted": true, "real_timestamp_ms": 1789272927183, "virtual_time_s": 29, "measure_result": "no_signal"}}
2026-09-13 12:15:31,227 INFO request {"path": "/measure", "payload": {"arena_id": "default", "robot_id": "202601002029", "request_id": "43870d6ae8fe4da490c5b712e9f1a4d3", "position": {"x": 0.0, "y": 0.0}, "channel": 6}, "attempt": 1}
2026-09-13 12:15:31,243 INFO response {"request_id": "43870d6ae8fe4da490c5b712e9f1a4d3", "http_status": 200, "body": {"accepted": true, "real_timestamp_ms": 1789272927213, "virtual_time_s": 35, "measure_result": "no_signal"}}
2026-09-13 12:15:31,258 INFO request {"path": "/measure", "payload": {"arena_id": "default", "robot_id": "202601002029", "request_id": "52a567be3926416f9c2f4a2da66a7c46", "position": {"x": 0.0, "y": 0.0}, "channel": 7}, "attempt": 1}
2026-09-13 12:15:31,274 INFO response {"request_id": "52a567be3926416f9c2f4a2da66a7c46", "http_status": 200, "body": {"accepted": true, "real_timestamp_ms": 1789272927244, "virtual_time_s": 41, "measure_result": "direction", "svd_deg": 109.31}}
2026-09-13 12:15:31,292 INFO request {"path": "/measure", "payload": {"arena_id": "default", "robot_id": "202601002029", "request_id": "ca457a91d80b4a2380f8b2ee0a014699", "position": {"x": 0.0, "y": 0.0}, "channel": 8}, "attempt": 1}
2026-09-13 12:15:31,305 INFO response {"request_id": "ca457a91d80b4a2380f8b2ee0a014699", "http_status": 200, "body": {"accepted": true, "real_timestamp_ms": 1789272927275, "virtual_time_s": 47, "measure_result": "no_signal"}}
2026-09-13 12:15:31,320 INFO request {"path": "/measure", "payload": {"arena_id": "default", "robot_id": "202601002029", "request_id": "1aff2b21b0014fe6b09dd016e44cf1aa", "position": {"x": 0.0, "y": 0.0}, "channel": 9}, "attempt": 1}
2026-09-13 12:15:31,321 INFO response {"request_id": "1aff2b21b0014fe6b09dd016e44cf1aa", "http_status": 200, "body": {"accepted": true, "real_timestamp_ms": 1789272927292, "virtual_time_s": 53, "measure_result": "no_signal"}}
2026-09-13 12:15:31,352 INFO request {"path": "/measure", "payload": {"arena_id": "default", "robot_id": "202601002029", "request_id": "6c223172d0bb46e6b0ef68b62ef9b96d", "position": {"x": 0.0, "y": 0.0}, "channel": 10}, "attempt": 1}
2026-09-13 12:15:31,367 INFO response {"request_id": "6c223172d0bb46e6b0ef68b62ef9b96d", "http_status": 200, "body": {"accepted": true, "real_timestamp_ms": 1789272927338, "virtual_time_s": 59, "measure_result": "direction", "svd_deg": 316.89}}
2026-09-13 12:15:31,384 INFO request {"path": "/measure", "payload": {"arena_id": "default", "robot_id": "202601002029", "request_id": "a17a03cd40cc4787a59b3be9e19b88b6", "position": {"x": 0.0, "y": 0.0}, "channel": 11}, "attempt": 1}
2026-09-13 12:15:31,400 INFO response {"request_id": "a17a03cd40cc4787a59b3be9e19b88b6", "http_status": 200, "body": {"accepted": true, "real_timestamp_ms": 1789272927370, "virtual_time_s": 65, "measure_result": "direction", "svd_deg": 181.82}}
2026-09-13 12:15:31,419 INFO request {"path": "/measure", "payload": {"arena_id": "default", "robot_id": "202601002029", "request_id": "e2db7f57a5214b85a7df62e4fd5c12b4", "position": {"x": 0.0, "y": 0.0}, "channel": 12}, "attempt": 1}
2026-09-13 12:15:31,420 INFO response {"request_id": "e2db7f57a5214b85a7df62e4fd5c12b4", "http_status": 200, "body": {"accepted": true, "real_timestamp_ms": 1789272927390, "virtual_time_s": 71, "measure_result": "no_signal"}}
2026-09-13 12:15:31,451 INFO request {"path": "/measure", "payload": {"arena_id": "default", "robot_id": "202601002029", "request_id": "6a931ec17428428b92d87433d3f6c77c", "position": {"x": 0.0, "y": 0.0}, "channel": 13}, "attempt": 1}
2026-09-13 12:15:31,452 INFO response {"request_id": "6a931ec17428428b92d87433d3f6c77c", "http_status": 200, "body": {"accepted": true, "real_timestamp_ms": 1789272927422, "virtual_time_s": 77, "measure_result": "no_signal"}}
2026-09-13 12:15:31,483 INFO request {"path": "/measure", "payload": {"arena_id": "default", "robot_id": "202601002029", "request_id": "9f47dd61249a4507b7b132efdfe2e18e", "position": {"x": 0.0, "y": 0.0}, "channel": 14}, "attempt": 1}
2026-09-13 12:15:31,508 INFO response {"request_id": "9f47dd61249a4507b7b132efdfe2e18e", "http_status": 200, "body": {"accepted": true, "real_timestamp_ms": 1789272927478, "virtual_time_s": 83, "measure_result": "no_signal"}}
2026-09-13 12:15:31,509 INFO request {"path": "/measure", "payload": {"arena_id": "default", "robot_id": "202601002029", "request_id": "8ef899ba40c34b6aacb61845fe44ba4a", "position": {"x": 0.0, "y": 0.0}, "channel": 15}, "attempt": 1}
2026-09-13 12:15:31,523 INFO response {"request_id": "8ef899ba40c34b6aacb61845fe44ba4a", "http_status": 200, "body": {"accepted": true, "real_timestamp_ms": 1789272927493, "virtual_time_s": 89, "measure_result": "no_signal"}}
2026-09-13 12:15:31,538 INFO request {"path": "/measure", "payload": {"arena_id": "default", "robot_id": "202601002029", "request_id": "f9fad2535e78481f939d2885ee743b18", "position": {"x": 0.0, "y": 0.0}, "channel": 16}, "attempt": 1}
2026-09-13 12:15:31,555 INFO response {"request_id": "f9fad2535e78481f939d2885ee743b18", "http_status": 200, "body": {"accepted": true, "real_timestamp_ms": 1789272927525, "virtual_time_s": 95, "measure_result": "no_signal"}}
2026-09-13 12:15:31,570 INFO request {"path": "/measure", "payload": {"arena_id": "default", "robot_id": "202601002029", "request_id": "44d08d6e3074497dbdf5782a7180adbf", "position": {"x": 0.0, "y": 0.0}, "channel": 17}, "attempt": 1}
2026-09-13 12:15:31,573 INFO response {"request_id": "44d08d6e3074497dbdf5782a7180adbf", "http_status": 200, "body": {"accepted": true, "real_timestamp_ms": 1789272927543, "virtual_time_s": 101, "measure_result": "direction", "svd_deg": 160.03}}
2026-09-13 12:15:31,609 INFO request {"path": "/measure", "payload": {"arena_id": "default", "robot_id": "202601002029", "request_id": "ce40893b955f4172b99327c53c5c5603", "position": {"x": 0.0, "y": 0.0}, "channel": 18}, "attempt": 1}
2026-09-13 12:15:31,634 INFO response {"request_id": "ce40893b955f4172b99327c53c5c5603", "http_status": 200, "body": {"accepted": true, "real_timestamp_ms": 1789272927605, "virtual_time_s": 107, "measure_result": "no_signal"}}
2026-09-13 12:15:31,634 INFO request {"path": "/measure", "payload": {"arena_id": "default", "robot_id": "202601002029", "request_id": "a0c7d44ab2644343845d609e31034b28", "position": {"x": 0.0, "y": 0.0}, "channel": 19}, "attempt": 1}
2026-09-13 12:15:31,650 INFO response {"request_id": "a0c7d44ab2644343845d609e31034b28", "http_status": 200, "body": {"accepted": true, "real_timestamp_ms": 1789272927620, "virtual_time_s": 113, "measure_result": "no_signal"}}
2026-09-13 12:15:31,666 INFO request {"path": "/measure", "payload": {"arena_id": "default", "robot_id": "202601002029", "request_id": "4540742e47994655af33710a714f20a2", "position": {"x": 0.0, "y": 0.0}, "channel": 20}, "attempt": 1}
2026-09-13 12:15:31,667 INFO response {"request_id": "4540742e47994655af33710a714f20a2", "http_status": 200, "body": {"accepted": true, "real_timestamp_ms": 1789272927638, "virtual_time_s": 119, "measure_result": "no_signal"}}
2026-09-13 12:15:32,272 INFO request {"path": "/measure", "payload": {"arena_id": "default", "robot_id": "202601002029", "request_id": "f03571ddc91b4f47a5c6c1b4a7b63334", "position": {"x": -463.3969304197025, "y": 802.6270275583851}, "channel": 20}, "attempt": 1}
2026-09-13 12:15:32,273 INFO response {"request_id": "f03571ddc91b4f47a5c6c1b4a7b63334", "http_status": 200, "body": {"accepted": true, "real_timestamp_ms": 1789272928243, "virtual_time_s": 309.358772, "measure_result": "direction", "svd_deg": 53.8}}
2026-09-13 12:15:32,307 INFO request {"path": "/measure", "payload": {"arena_id": "default", "robot_id": "202601002029", "request_id": "4ff962ccf1954807903498454da47f37", "position": {"x": -463.3969304197025, "y": 802.6270275583851}, "channel": 1}, "attempt": 1}
2026-09-13 12:15:32,309 INFO response {"request_id": "4ff962ccf1954807903498454da47f37", "http_status": 200, "body": {"accepted": true, "real_timestamp_ms": 1789272928279, "virtual_time_s": 315.358772, "measure_result": "no_signal"}}
2026-09-13 12:15:32,340 INFO request {"path": "/measure", "payload": {"arena_id": "default", "robot_id": "202601002029", "request_id": "e0f6c306e6eb4952a2a1549bd0e1b3d0", "position": {"x": -463.3969304197025, "y": 802.6270275583851}, "channel": 2}, "attempt": 1}
2026-09-13 12:15:32,361 INFO response {"request_id": "e0f6c306e6eb4952a2a1549bd0e1b3d0", "http_status": 200, "body": {"accepted": true, "real_timestamp_ms": 1789272928330, "virtual_time_s": 321.358772, "measure_result": "no_signal"}}
2026-09-13 12:15:32,377 INFO request {"path": "/measure", "payload": {"arena_id": "default", "robot_id": "202601002029", "request_id": "f24223a3b7e141bf8022395351d5e281", "position": {"x": -463.3969304197025, "y": 802.6270275583851}, "channel": 4}, "attempt": 1}
2026-09-13 12:15:32,379 INFO response {"request_id": "f24223a3b7e141bf8022395351d5e281", "http_status": 200, "body": {"accepted": true, "real_timestamp_ms": 1789272928349, "virtual_time_s": 327.358772, "measure_result": "no_signal"}}
2026-09-13 12:15:32,394 INFO request {"path": "/measure", "payload": {"arena_id": "default", "robot_id": "202601002029", "request_id": "14cd3b6c046e4329bd618174af32e37a", "position": {"x": -463.3969304197025, "y": 802.6270275583851}, "channel": 5}, "attempt": 1}
2026-09-13 12:15:32,407 INFO response {"request_id": "14cd3b6c046e4329bd618174af32e37a", "http_status": 200, "body": {"accepted": true, "real_timestamp_ms": 1789272928377, "virtual_time_s": 333.358772, "measure_result": "no_signal"}}
2026-09-13 12:15:32,438 INFO request {"path": "/measure", "payload": {"arena_id": "default", "robot_id": "202601002029", "request_id": "e48854deee454f7a93c947b29f953d76", "position": {"x": -463.3969304197025, "y": 802.6270275583851}, "channel": 6}, "attempt": 1}
2026-09-13 12:15:32,440 INFO response {"request_id": "e48854deee454f7a93c947b29f953d76", "http_status": 200, "body": {"accepted": true, "real_timestamp_ms": 1789272928409, "virtual_time_s": 339.358772, "measure_result": "no_signal"}}
2026-09-13 12:15:32,470 INFO request {"path": "/measure", "payload": {"arena_id": "default", "robot_id": "202601002029", "request_id": "1c3cd434de7d4d3fb4abef5a2e5ee81f", "position": {"x": -463.3969304197025, "y": 802.6270275583851}, "channel": 8}, "attempt": 1}
2026-09-13 12:15:32,471 INFO response {"request_id": "1c3cd434de7d4d3fb4abef5a2e5ee81f", "http_status": 200, "body": {"accepted": true, "real_timestamp_ms": 1789272928442, "virtual_time_s": 345.358772, "measure_result": "no_signal"}}
2026-09-13 12:15:32,487 INFO request {"path": "/measure", "payload": {"arena_id": "default", "robot_id": "202601002029", "request_id": "c412f0f176e9457781a411887a6e83e6", "position": {"x": -463.3969304197025, "y": 802.6270275583851}, "channel": 9}, "attempt": 1}
2026-09-13 12:15:32,500 INFO response {"request_id": "c412f0f176e9457781a411887a6e83e6", "http_status": 200, "body": {"accepted": true, "real_timestamp_ms": 1789272928471, "virtual_time_s": 351.358772, "measure_result": "no_signal"}}
2026-09-13 12:15:32,531 INFO request {"path": "/measure", "payload": {"arena_id": "default", "robot_id": "202601002029", "request_id": "c1056e9c8e4e4715afdc0a96ec4cd650", "position": {"x": -463.3969304197025, "y": 802.6270275583851}, "channel": 12}, "attempt": 1}
2026-09-13 12:15:32,532 INFO response {"request_id": "c1056e9c8e4e4715afdc0a96ec4cd650", "http_status": 200, "body": {"accepted": true, "real_timestamp_ms": 1789272928502, "virtual_time_s": 357.358772, "measure_result": "direction", "svd_deg": 187.93}}
2026-09-13 12:15:32,564 INFO request {"path": "/measure", "payload": {"arena_id": "default", "robot_id": "202601002029", "request_id": "db07e0268b294b9b861cd4fa3120e6b3", "position": {"x": -463.3969304197025, "y": 802.6270275583851}, "channel": 13}, "attempt": 1}
2026-09-13 12:15:32,579 INFO response {"request_id": "db07e0268b294b9b861cd4fa3120e6b3", "http_status": 200, "body": {"accepted": true, "real_timestamp_ms": 1789272928550, "virtual_time_s": 363.358772, "measure_result": "no_signal"}}
2026-09-13 12:15:32,595 INFO request {"path": "/measure", "payload": {"arena_id": "default", "robot_id": "202601002029", "request_id": "9761ae36a45a44ac80ef82b8a38dfb3b", "position": {"x": -463.3969304197025, "y": 802.6270275583851}, "channel": 14}, "attempt": 1}
2026-09-13 12:15:32,611 INFO response {"request_id": "9761ae36a45a44ac80ef82b8a38dfb3b", "http_status": 200, "body": {"accepted": true, "real_timestamp_ms": 1789272928581, "virtual_time_s": 369.358772, "measure_result": "no_signal"}}
2026-09-13 12:15:32,627 INFO request {"path": "/measure", "payload": {"arena_id": "default", "robot_id": "202601002029", "request_id": "55b308f5248848b18731e723730cb4ec", "position": {"x": -463.3969304197025, "y": 802.6270275583851}, "channel": 15}, "attempt": 1}
2026-09-13 12:15:32,629 INFO response {"request_id": "55b308f5248848b18731e723730cb4ec", "http_status": 200, "body": {"accepted": true, "real_timestamp_ms": 1789272928599, "virtual_time_s": 375.358772, "measure_result": "no_signal"}}
2026-09-13 12:15:32,644 INFO request {"path": "/measure", "payload": {"arena_id": "default", "robot_id": "202601002029", "request_id": "b66c611b5d584a7e8a37e49ff1018a39", "position": {"x": -463.3969304197025, "y": 802.6270275583851}, "channel": 16}, "attempt": 1}
2026-09-13 12:15:32,658 INFO response {"request_id": "b66c611b5d584a7e8a37e49ff1018a39", "http_status": 200, "body": {"accepted": true, "real_timestamp_ms": 1789272928628, "virtual_time_s": 381.358772, "measure_result": "no_signal"}}
2026-09-13 12:15:32,689 INFO request {"path": "/measure", "payload": {"arena_id": "default", "robot_id": "202601002029", "request_id": "1f735b34f29743019dec3db1a7c0854e", "position": {"x": -463.3969304197025, "y": 802.6270275583851}, "channel": 18}, "attempt": 1}
2026-09-13 12:15:32,692 INFO response {"request_id": "1f735b34f29743019dec3db1a7c0854e", "http_status": 200, "body": {"accepted": true, "real_timestamp_ms": 1789272928662, "virtual_time_s": 387.358772, "measure_result": "no_signal"}}
2026-09-13 12:15:32,708 INFO request {"path": "/measure", "payload": {"arena_id": "default", "robot_id": "202601002029", "request_id": "393a7464f81246a69cd3e5bb32b8da03", "position": {"x": -463.3969304197025, "y": 802.6270275583851}, "channel": 19}, "attempt": 1}
2026-09-13 12:15:32,722 INFO response {"request_id": "393a7464f81246a69cd3e5bb32b8da03", "http_status": 200, "body": {"accepted": true, "real_timestamp_ms": 1789272928692, "virtual_time_s": 393.358772, "measure_result": "no_signal"}}
2026-09-13 12:15:32,793 INFO request {"path": "/measure", "payload": {"arena_id": "default", "robot_id": "202601002029", "request_id": "df8a778ca68847049ebee68e1078ad5c", "position": {"x": -463.3969304197025, "y": 802.6270275583851}, "channel": 17}, "attempt": 1}
2026-09-13 12:15:32,817 INFO response {"request_id": "df8a778ca68847049ebee68e1078ad5c", "http_status": 200, "body": {"accepted": true, "real_timestamp_ms": 1789272928786, "virtual_time_s": 399.358772, "measure_result": "direction", "svd_deg": 236.36}}
2026-09-13 12:15:32,820 INFO request {"path": "/measure", "payload": {"arena_id": "default", "robot_id": "202601002029", "request_id": "62e77b4f6ff34250a3d84a1916f68c2a", "position": {"x": -463.3969304197025, "y": 802.6270275583851}, "channel": 11}, "attempt": 1}
2026-09-13 12:15:32,821 INFO response {"request_id": "62e77b4f6ff34250a3d84a1916f68c2a", "http_status": 200, "body": {"accepted": true, "real_timestamp_ms": 1789272928791, "virtual_time_s": 405.358772, "measure_result": "direction", "svd_deg": 247.32}}
2026-09-13 12:15:32,856 INFO request {"path": "/measure", "payload": {"arena_id": "default", "robot_id": "202601002029", "request_id": "ee413ed280dd4f71bdd471856b92d674", "position": {"x": -463.3969304197025, "y": 802.6270275583851}, "channel": 3}, "attempt": 1}
2026-09-13 12:15:32,878 INFO response {"request_id": "ee413ed280dd4f71bdd471856b92d674", "http_status": 200, "body": {"accepted": true, "real_timestamp_ms": 1789272928848, "virtual_time_s": 411.358772, "measure_result": "direction", "svd_deg": 46.63}}
2026-09-13 12:15:33,534 INFO request {"path": "/measure", "payload": {"arena_id": "default", "robot_id": "202601002029", "request_id": "d6410bdea58d423eb169c350165cfb61", "position": {"x": -802.6270275583848, "y": 463.39693041970304}, "channel": 1}, "attempt": 1}
2026-09-13 12:15:33,557 INFO response {"request_id": "d6410bdea58d423eb169c350165cfb61", "http_status": 200, "body": {"accepted": true, "real_timestamp_ms": 1789272929528, "virtual_time_s": 513.307533, "measure_result": "no_signal"}}
2026-09-13 12:15:33,572 INFO request {"path": "/measure", "payload": {"arena_id": "default", "robot_id": "202601002029", "request_id": "053f30e2398c440785012cd8d13b0473", "position": {"x": -802.6270275583848, "y": 463.39693041970304}, "channel": 2}, "attempt": 1}
2026-09-13 12:15:33,573 INFO response {"request_id": "053f30e2398c440785012cd8d13b0473", "http_status": 200, "body": {"accepted": true, "real_timestamp_ms": 1789272929544, "virtual_time_s": 519.307533, "measure_result": "no_signal"}}
2026-09-13 12:15:33,604 INFO request {"path": "/measure", "payload": {"arena_id": "default", "robot_id": "202601002029", "request_id": "088eb99522144cb79dbc81b3c0aed1ad", "position": {"x": -802.6270275583848, "y": 463.39693041970304}, "channel": 4}, "attempt": 1}
2026-09-13 12:15:33,619 INFO response {"request_id": "088eb99522144cb79dbc81b3c0aed1ad", "http_status": 200, "body": {"accepted": true, "real_timestamp_ms": 1789272929589, "virtual_time_s": 525.307533, "measure_result": "no_signal"}}
2026-09-13 12:15:33,634 INFO request {"path": "/measure", "payload": {"arena_id": "default", "robot_id": "202601002029", "request_id": "7edb13d494e74b538c703246d002fe1a", "position": {"x": -802.6270275583848, "y": 463.39693041970304}, "channel": 5}, "attempt": 1}
2026-09-13 12:15:33,637 INFO response {"request_id": "7edb13d494e74b538c703246d002fe1a", "http_status": 200, "body": {"accepted": true, "real_timestamp_ms": 1789272929606, "virtual_time_s": 531.307533, "measure_result": "no_signal"}}
2026-09-13 12:15:33,667 INFO request {"path": "/measure", "payload": {"arena_id": "default", "robot_id": "202601002029", "request_id": "561840f6a7d1425baf9d682b3564980f", "position": {"x": -802.6270275583848, "y": 463.39693041970304}, "channel": 6}, "attempt": 1}
2026-09-13 12:15:33,670 INFO response {"request_id": "561840f6a7d1425baf9d682b3564980f", "http_status": 200, "body": {"accepted": true, "real_timestamp_ms": 1789272929640, "virtual_time_s": 537.307533, "measure_result": "no_signal"}}
2026-09-13 12:15:33,701 INFO request {"path": "/measure", "payload": {"arena_id": "default", "robot_id": "202601002029", "request_id": "bb9ddee97dda4d209faeae0ec5151774", "position": {"x": -802.6270275583848, "y": 463.39693041970304}, "channel": 8}, "attempt": 1}
2026-09-13 12:15:33,704 INFO response {"request_id": "bb9ddee97dda4d209faeae0ec5151774", "http_status": 200, "body": {"accepted": true, "real_timestamp_ms": 1789272929674, "virtual_time_s": 543.307533, "measure_result": "no_signal"}}
2026-09-13 12:15:33,735 INFO request {"path": "/measure", "payload": {"arena_id": "default", "robot_id": "202601002029", "request_id": "97603683b47c4151bd785b8e0758c5fd", "position": {"x": -802.6270275583848, "y": 463.39693041970304}, "channel": 9}, "attempt": 1}
2026-09-13 12:15:33,760 INFO response {"request_id": "97603683b47c4151bd785b8e0758c5fd", "http_status": 200, "body": {"accepted": true, "real_timestamp_ms": 1789272929731, "virtual_time_s": 549.307533, "measure_result": "no_signal"}}
2026-09-13 12:15:33,761 INFO request {"path": "/measure", "payload": {"arena_id": "default", "robot_id": "202601002029", "request_id": "1d1ef0d76bcc4be3b1283f74a5eff2e9", "position": {"x": -802.6270275583848, "y": 463.39693041970304}, "channel": 13}, "attempt": 1}
2026-09-13 12:15:33,775 INFO response {"request_id": "1d1ef0d76bcc4be3b1283f74a5eff2e9", "http_status": 200, "body": {"accepted": true, "real_timestamp_ms": 1789272929746, "virtual_time_s": 555.307533, "measure_result": "no_signal"}}
2026-09-13 12:15:33,791 INFO request {"path": "/measure", "payload": {"arena_id": "default", "robot_id": "202601002029", "request_id": "529fbff6c4c146bfa235daf0ba13db03", "position": {"x": -802.6270275583848, "y": 463.39693041970304}, "channel": 14}, "attempt": 1}
2026-09-13 12:15:33,793 INFO response {"request_id": "529fbff6c4c146bfa235daf0ba13db03", "http_status": 200, "body": {"accepted": true, "real_timestamp_ms": 1789272929763, "virtual_time_s": 561.307533, "measure_result": "no_signal"}}
2026-09-13 12:15:33,823 INFO request {"path": "/measure", "payload": {"arena_id": "default", "robot_id": "202601002029", "request_id": "3c614aa1537b4b6ba7913c772ba59eef", "position": {"x": -802.6270275583848, "y": 463.39693041970304}, "channel": 15}, "attempt": 1}
2026-09-13 12:15:33,840 INFO response {"request_id": "3c614aa1537b4b6ba7913c772ba59eef", "http_status": 200, "body": {"accepted": true, "real_timestamp_ms": 1789272929810, "virtual_time_s": 567.307533, "measure_result": "no_signal"}}
2026-09-13 12:15:33,855 INFO request {"path": "/measure", "payload": {"arena_id": "default", "robot_id": "202601002029", "request_id": "6e4fa9944b51486393bd11683b2ab764", "position": {"x": -802.6270275583848, "y": 463.39693041970304}, "channel": 16}, "attempt": 1}
2026-09-13 12:15:33,872 INFO response {"request_id": "6e4fa9944b51486393bd11683b2ab764", "http_status": 200, "body": {"accepted": true, "real_timestamp_ms": 1789272929842, "virtual_time_s": 573.307533, "measure_result": "no_signal"}}
2026-09-13 12:15:33,887 INFO request {"path": "/measure", "payload": {"arena_id": "default", "robot_id": "202601002029", "request_id": "dfec9e8d9cc64dbb9e538072fe6f6c20", "position": {"x": -802.6270275583848, "y": 463.39693041970304}, "channel": 18}, "attempt": 1}
2026-09-13 12:15:33,904 INFO response {"request_id": "dfec9e8d9cc64dbb9e538072fe6f6c20", "http_status": 200, "body": {"accepted": true, "real_timestamp_ms": 1789272929874, "virtual_time_s": 579.307533, "measure_result": "no_signal"}}
2026-09-13 12:15:33,920 INFO request {"path": "/measure", "payload": {"arena_id": "default", "robot_id": "202601002029", "request_id": "5b5b80d4aa344197a10d6be3fc1e9d11", "position": {"x": -802.6270275583848, "y": 463.39693041970304}, "channel": 19}, "attempt": 1}
2026-09-13 12:15:33,935 INFO response {"request_id": "5b5b80d4aa344197a10d6be3fc1e9d11", "http_status": 200, "body": {"accepted": true, "real_timestamp_ms": 1789272929905, "virtual_time_s": 585.307533, "measure_result": "direction", "svd_deg": 247.61}}
2026-09-13 12:15:34,041 INFO request {"path": "/measure", "payload": {"arena_id": "default", "robot_id": "202601002029", "request_id": "f5f7436c5e844c1595487b11d6b84806", "position": {"x": -802.6270275583848, "y": 463.39693041970304}, "channel": 11}, "attempt": 1}
2026-09-13 12:15:34,059 INFO response {"request_id": "f5f7436c5e844c1595487b11d6b84806", "http_status": 200, "body": {"accepted": true, "real_timestamp_ms": 1789272930030, "virtual_time_s": 591.307533, "measure_result": "direction", "svd_deg": 268.22}}
2026-09-13 12:15:34,080 INFO request {"path": "/measure", "payload": {"arena_id": "default", "robot_id": "202601002029", "request_id": "7d80d231b01e458ea8591cab4ec182fa", "position": {"x": -802.6270275583848, "y": 463.39693041970304}, "channel": 17}, "attempt": 1}
2026-09-13 12:15:34,105 INFO response {"request_id": "7d80d231b01e458ea8591cab4ec182fa", "http_status": 200, "body": {"accepted": true, "real_timestamp_ms": 1789272930075, "virtual_time_s": 597.307533, "measure_result": "direction", "svd_deg": 273.11}}
2026-09-13 12:15:34,113 INFO request {"path": "/measure", "payload": {"arena_id": "default", "robot_id": "202601002029", "request_id": "15559d2b9bca42809a7e365a480be15a", "position": {"x": -802.6270275583848, "y": 463.39693041970304}, "channel": 7}, "attempt": 1}
2026-09-13 12:15:34,137 INFO response {"request_id": "15559d2b9bca42809a7e365a480be15a", "http_status": 200, "body": {"accepted": true, "real_timestamp_ms": 1789272930106, "virtual_time_s": 603.307533, "measure_result": "no_signal"}}
2026-09-13 12:15:34,724 INFO request {"path": "/clear", "payload": {"arena_id": "default", "robot_id": "202601002029", "request_id": "3cdbea8479714b0cba504f24b1aaaef7", "position": {"x": -796.3996448980885, "y": 294.3725549901635}, "channel": 17}, "attempt": 1}
2026-09-13 12:15:34,737 INFO response {"request_id": "3cdbea8479714b0cba504f24b1aaaef7", "http_status": 200, "body": {"accepted": true, "real_timestamp_ms": 1789272930708, "virtual_time_s": 642.135344, "clear_result": "success"}}
2026-09-13 12:15:34,752 INFO request {"path": "/clear", "payload": {"arena_id": "default", "robot_id": "202601002029", "request_id": "92945db6f0bb4e94a3348a044859fcd4", "position": {"x": -818.1003431526881, "y": -26.16099619408653}, "channel": 11}, "attempt": 1}
2026-09-13 12:15:34,767 INFO response {"request_id": "92945db6f0bb4e94a3348a044859fcd4", "http_status": 200, "body": {"accepted": true, "real_timestamp_ms": 1789272930737, "virtual_time_s": 711.388804, "clear_result": "success"}}
2026-09-13 12:15:34,845 INFO request {"path": "/measure", "payload": {"arena_id": "default", "robot_id": "202601002029", "request_id": "0eb0a6f6b42d46fead3afab744cfd9e8", "position": {"x": -926.7938608394055, "y": 1.1349951351463954e-13}, "channel": 1}, "attempt": 1}
2026-09-13 12:15:34,847 INFO response {"request_id": "0eb0a6f6b42d46fead3afab744cfd9e8", "http_status": 200, "body": {"accepted": true, "real_timestamp_ms": 1789272930817, "virtual_time_s": 739.748302, "measure_result": "no_signal"}}
2026-09-13 12:15:34,863 INFO request {"path": "/measure", "payload": {"arena_id": "default", "robot_id": "202601002029", "request_id": "93b73b4db8c84ad387f7ddb0c8b86655", "position": {"x": -926.7938608394055, "y": 1.1349951351463954e-13}, "channel": 2}, "attempt": 1}
2026-09-13 12:15:34,864 INFO response {"request_id": "93b73b4db8c84ad387f7ddb0c8b86655", "http_status": 200, "body": {"accepted": true, "real_timestamp_ms": 1789272930834, "virtual_time_s": 745.748302, "measure_result": "no_signal"}}
2026-09-13 12:15:34,895 INFO request {"path": "/measure", "payload": {"arena_id": "default", "robot_id": "202601002029", "request_id": "4d2a01f1289648d4a2bc5d464e03c59c", "position": {"x": -926.7938608394055, "y": 1.1349951351463954e-13}, "channel": 4}, "attempt": 1}
2026-09-13 12:15:34,908 INFO response {"request_id": "4d2a01f1289648d4a2bc5d464e03c59c", "http_status": 200, "body": {"accepted": true, "real_timestamp_ms": 1789272930878, "virtual_time_s": 751.748302, "measure_result": "no_signal"}}
2026-09-13 12:15:34,939 INFO request {"path": "/measure", "payload": {"arena_id": "default", "robot_id": "202601002029", "request_id": "50de3960eb6a4aaaac38c9e1f4a69fbc", "position": {"x": -926.7938608394055, "y": 1.1349951351463954e-13}, "channel": 5}, "attempt": 1}
2026-09-13 12:15:34,955 INFO response {"request_id": "50de3960eb6a4aaaac38c9e1f4a69fbc", "http_status": 200, "body": {"accepted": true, "real_timestamp_ms": 1789272930925, "virtual_time_s": 757.748302, "measure_result": "direction", "svd_deg": 267.88}}
2026-09-13 12:15:34,958 INFO request {"path": "/measure", "payload": {"arena_id": "default", "robot_id": "202601002029", "request_id": "ecedf0d8976d4491b061784fc72e2d4e", "position": {"x": -926.7938608394055, "y": 1.1349951351463954e-13}, "channel": 6}, "attempt": 1}
2026-09-13 12:15:34,959 INFO response {"request_id": "ecedf0d8976d4491b061784fc72e2d4e", "http_status": 200, "body": {"accepted": true, "real_timestamp_ms": 1789272930930, "virtual_time_s": 763.748302, "measure_result": "no_signal"}}
2026-09-13 12:15:34,990 INFO request {"path": "/measure", "payload": {"arena_id": "default", "robot_id": "202601002029", "request_id": "64165142b946414884f8d28b47f7bb81", "position": {"x": -926.7938608394055, "y": 1.1349951351463954e-13}, "channel": 8}, "attempt": 1}
2026-09-13 12:15:35,016 INFO response {"request_id": "64165142b946414884f8d28b47f7bb81", "http_status": 200, "body": {"accepted": true, "real_timestamp_ms": 1789272930987, "virtual_time_s": 769.748302, "measure_result": "no_signal"}}
2026-09-13 12:15:35,031 INFO request {"path": "/measure", "payload": {"arena_id": "default", "robot_id": "202601002029", "request_id": "5501a4eec6234fd08299fb1dc8c749b5", "position": {"x": -926.7938608394055, "y": 1.1349951351463954e-13}, "channel": 9}, "attempt": 1}
2026-09-13 12:15:35,032 INFO response {"request_id": "5501a4eec6234fd08299fb1dc8c749b5", "http_status": 200, "body": {"accepted": true, "real_timestamp_ms": 1789272931003, "virtual_time_s": 775.748302, "measure_result": "no_signal"}}
2026-09-13 12:15:35,063 INFO request {"path": "/measure", "payload": {"arena_id": "default", "robot_id": "202601002029", "request_id": "36d25fbf523f464b9b05c8d29ce3658c", "position": {"x": -926.7938608394055, "y": 1.1349951351463954e-13}, "channel": 13}, "attempt": 1}
2026-09-13 12:15:35,079 INFO response {"request_id": "36d25fbf523f464b9b05c8d29ce3658c", "http_status": 200, "body": {"accepted": true, "real_timestamp_ms": 1789272931049, "virtual_time_s": 781.748302, "measure_result": "no_signal"}}
2026-09-13 12:15:35,080 INFO request {"path": "/measure", "payload": {"arena_id": "default", "robot_id": "202601002029", "request_id": "3557cf8ccfdb479eaf295d2e68b00746", "position": {"x": -926.7938608394055, "y": 1.1349951351463954e-13}, "channel": 14}, "attempt": 1}
2026-09-13 12:15:35,094 INFO response {"request_id": "3557cf8ccfdb479eaf295d2e68b00746", "http_status": 200, "body": {"accepted": true, "real_timestamp_ms": 1789272931065, "virtual_time_s": 787.748302, "measure_result": "no_signal"}}
2026-09-13 12:15:35,125 INFO request {"path": "/measure", "payload": {"arena_id": "default", "robot_id": "202601002029", "request_id": "1eefbc2b8e8b4fea96e1383abdf130e7", "position": {"x": -926.7938608394055, "y": 1.1349951351463954e-13}, "channel": 15}, "attempt": 1}
2026-09-13 12:15:35,141 INFO response {"request_id": "1eefbc2b8e8b4fea96e1383abdf130e7", "http_status": 200, "body": {"accepted": true, "real_timestamp_ms": 1789272931111, "virtual_time_s": 793.748302, "measure_result": "no_signal"}}
2026-09-13 12:15:35,156 INFO request {"path": "/measure", "payload": {"arena_id": "default", "robot_id": "202601002029", "request_id": "add6e89565114465a0e3954556f17b13", "position": {"x": -926.7938608394055, "y": 1.1349951351463954e-13}, "channel": 16}, "attempt": 1}
2026-09-13 12:15:35,172 INFO response {"request_id": "add6e89565114465a0e3954556f17b13", "http_status": 200, "body": {"accepted": true, "real_timestamp_ms": 1789272931142, "virtual_time_s": 799.748302, "measure_result": "no_signal"}}
2026-09-13 12:15:35,187 INFO request {"path": "/measure", "payload": {"arena_id": "default", "robot_id": "202601002029", "request_id": "0a288b2487e74a7fbb9bc24043b21b49", "position": {"x": -926.7938608394055, "y": 1.1349951351463954e-13}, "channel": 18}, "attempt": 1}
2026-09-13 12:15:35,188 INFO response {"request_id": "0a288b2487e74a7fbb9bc24043b21b49", "http_status": 200, "body": {"accepted": true, "real_timestamp_ms": 1789272931159, "virtual_time_s": 805.748302, "measure_result": "no_signal"}}
2026-09-13 12:15:35,280 INFO request {"path": "/measure", "payload": {"arena_id": "default", "robot_id": "202601002029", "request_id": "97344b27ad764614932802b6c163a6fd", "position": {"x": -926.7938608394055, "y": 1.1349951351463954e-13}, "channel": 12}, "attempt": 1}
2026-09-13 12:15:35,298 INFO response {"request_id": "97344b27ad764614932802b6c163a6fd", "http_status": 200, "body": {"accepted": true, "real_timestamp_ms": 1789272931269, "virtual_time_s": 811.748302, "measure_result": "direction", "svd_deg": 124.74}}
2026-09-13 12:15:35,306 INFO request {"path": "/measure", "payload": {"arena_id": "default", "robot_id": "202601002029", "request_id": "65765bf333924828b578c4faad02d79d", "position": {"x": -926.7938608394055, "y": 1.1349951351463954e-13}, "channel": 19}, "attempt": 1}
2026-09-13 12:15:35,307 INFO response {"request_id": "65765bf333924828b578c4faad02d79d", "http_status": 200, "body": {"accepted": true, "real_timestamp_ms": 1789272931277, "virtual_time_s": 817.748302, "measure_result": "direction", "svd_deg": 241.19}}
2026-09-13 12:15:35,889 INFO request {"path": "/measure", "payload": {"arena_id": "default", "robot_id": "202601002029", "request_id": "e375043f77d94976a5c5e9f626fc8675", "position": {"x": -802.6270275583852, "y": -463.39693041970247}, "channel": 1}, "attempt": 1}
2026-09-13 12:15:35,911 INFO response {"request_id": "e375043f77d94976a5c5e9f626fc8675", "http_status": 200, "body": {"accepted": true, "real_timestamp_ms": 1789272931881, "virtual_time_s": 919.697063, "measure_result": "no_signal"}}
2026-09-13 12:15:35,911 INFO request {"path": "/measure", "payload": {"arena_id": "default", "robot_id": "202601002029", "request_id": "1fada3ab944b4e5a8e9352b423b9150f", "position": {"x": -802.6270275583852, "y": -463.39693041970247}, "channel": 2}, "attempt": 1}
2026-09-13 12:15:35,927 INFO response {"request_id": "1fada3ab944b4e5a8e9352b423b9150f", "http_status": 200, "body": {"accepted": true, "real_timestamp_ms": 1789272931897, "virtual_time_s": 925.697063, "measure_result": "direction", "svd_deg": 231.69}}
2026-09-13 12:15:35,943 INFO request {"path": "/measure", "payload": {"arena_id": "default", "robot_id": "202601002029", "request_id": "ac60ec8511bf454392ce90665deb92ee", "position": {"x": -802.6270275583852, "y": -463.39693041970247}, "channel": 4}, "attempt": 1}
2026-09-13 12:15:35,945 INFO response {"request_id": "ac60ec8511bf454392ce90665deb92ee", "http_status": 200, "body": {"accepted": true, "real_timestamp_ms": 1789272931915, "virtual_time_s": 931.697063, "measure_result": "no_signal"}}
2026-09-13 12:15:35,975 INFO request {"path": "/measure", "payload": {"arena_id": "default", "robot_id": "202601002029", "request_id": "7f7fe06b1f4e422d807b384609fe1856", "position": {"x": -802.6270275583852, "y": -463.39693041970247}, "channel": 6}, "attempt": 1}
2026-09-13 12:15:35,991 INFO response {"request_id": "7f7fe06b1f4e422d807b384609fe1856", "http_status": 200, "body": {"accepted": true, "real_timestamp_ms": 1789272931961, "virtual_time_s": 937.697063, "measure_result": "no_signal"}}
2026-09-13 12:15:36,006 INFO request {"path": "/measure", "payload": {"arena_id": "default", "robot_id": "202601002029", "request_id": "def94cf318fb4a5a8316c0c4821fbdab", "position": {"x": -802.6270275583852, "y": -463.39693041970247}, "channel": 8}, "attempt": 1}
2026-09-13 12:15:36,021 INFO response {"request_id": "def94cf318fb4a5a8316c0c4821fbdab", "http_status": 200, "body": {"accepted": true, "real_timestamp_ms": 1789272931991, "virtual_time_s": 943.697063, "measure_result": "no_signal"}}
2026-09-13 12:15:36,036 INFO request {"path": "/measure", "payload": {"arena_id": "default", "robot_id": "202601002029", "request_id": "5819155e0dff4a718c596e957b515134", "position": {"x": -802.6270275583852, "y": -463.39693041970247}, "channel": 9}, "attempt": 1}
2026-09-13 12:15:36,052 INFO response {"request_id": "5819155e0dff4a718c596e957b515134", "http_status": 200, "body": {"accepted": true, "real_timestamp_ms": 1789272932021, "virtual_time_s": 949.697063, "measure_result": "no_signal"}}
2026-09-13 12:15:36,066 INFO request {"path": "/measure", "payload": {"arena_id": "default", "robot_id": "202601002029", "request_id": "11dd2f75e9794384ba3af0e2532a6ff4", "position": {"x": -802.6270275583852, "y": -463.39693041970247}, "channel": 13}, "attempt": 1}
2026-09-13 12:15:36,083 INFO response {"request_id": "11dd2f75e9794384ba3af0e2532a6ff4", "http_status": 200, "body": {"accepted": true, "real_timestamp_ms": 1789272932053, "virtual_time_s": 955.697063, "measure_result": "no_signal"}}
2026-09-13 12:15:36,097 INFO request {"path": "/measure", "payload": {"arena_id": "default", "robot_id": "202601002029", "request_id": "ebda9512c1ef4011a095ab3a001d2db0", "position": {"x": -802.6270275583852, "y": -463.39693041970247}, "channel": 14}, "attempt": 1}
2026-09-13 12:15:36,114 INFO response {"request_id": "ebda9512c1ef4011a095ab3a001d2db0", "http_status": 200, "body": {"accepted": true, "real_timestamp_ms": 1789272932084, "virtual_time_s": 961.697063, "measure_result": "no_signal"}}
2026-09-13 12:15:36,129 INFO request {"path": "/measure", "payload": {"arena_id": "default", "robot_id": "202601002029", "request_id": "2205e2c41449404499d9b549f260188c", "position": {"x": -802.6270275583852, "y": -463.39693041970247}, "channel": 15}, "attempt": 1}
2026-09-13 12:15:36,146 INFO response {"request_id": "2205e2c41449404499d9b549f260188c", "http_status": 200, "body": {"accepted": true, "real_timestamp_ms": 1789272932116, "virtual_time_s": 967.697063, "measure_result": "no_signal"}}
2026-09-13 12:15:36,162 INFO request {"path": "/measure", "payload": {"arena_id": "default", "robot_id": "202601002029", "request_id": "34608abc233743c78269e69b13a0c022", "position": {"x": -802.6270275583852, "y": -463.39693041970247}, "channel": 16}, "attempt": 1}
2026-09-13 12:15:36,176 INFO response {"request_id": "34608abc233743c78269e69b13a0c022", "http_status": 200, "body": {"accepted": true, "real_timestamp_ms": 1789272932146, "virtual_time_s": 973.697063, "measure_result": "no_signal"}}
2026-09-13 12:15:36,191 INFO request {"path": "/measure", "payload": {"arena_id": "default", "robot_id": "202601002029", "request_id": "32d9cbab40b04af29c3817720a986fe3", "position": {"x": -802.6270275583852, "y": -463.39693041970247}, "channel": 18}, "attempt": 1}
2026-09-13 12:15:36,194 INFO response {"request_id": "32d9cbab40b04af29c3817720a986fe3", "http_status": 200, "body": {"accepted": true, "real_timestamp_ms": 1789272932164, "virtual_time_s": 979.697063, "measure_result": "no_signal"}}
2026-09-13 12:15:36,286 INFO request {"path": "/measure", "payload": {"arena_id": "default", "robot_id": "202601002029", "request_id": "65f1f024776f4c85a1bf83b0ccb6078e", "position": {"x": -802.6270275583852, "y": -463.39693041970247}, "channel": 5}, "attempt": 1}
2026-09-13 12:15:36,287 INFO response {"request_id": "65f1f024776f4c85a1bf83b0ccb6078e", "http_status": 200, "body": {"accepted": true, "real_timestamp_ms": 1789272932257, "virtual_time_s": 985.697063, "measure_result": "direction", "svd_deg": 254.3}}
2026-09-13 12:15:36,321 INFO request {"path": "/measure", "payload": {"arena_id": "default", "robot_id": "202601002029", "request_id": "d6c200845ac346948275402fa0f6425b", "position": {"x": -802.6270275583852, "y": -463.39693041970247}, "channel": 19}, "attempt": 1}
2026-09-13 12:15:36,332 INFO response {"request_id": "d6c200845ac346948275402fa0f6425b", "http_status": 200, "body": {"accepted": true, "real_timestamp_ms": 1789272932302, "virtual_time_s": 991.697063, "measure_result": "direction", "svd_deg": 196.56}}
2026-09-13 12:15:37,213 INFO request {"path": "/measure", "payload": {"arena_id": "default", "robot_id": "202601002029", "request_id": "7bb6f6ec4fe6417eb5e11864449c8eff", "position": {"x": -463.39693041970315, "y": -802.6270275583848}, "channel": 1}, "attempt": 1}
2026-09-13 12:15:37,216 INFO response {"request_id": "7bb6f6ec4fe6417eb5e11864449c8eff", "http_status": 200, "body": {"accepted": true, "real_timestamp_ms": 1789272933186, "virtual_time_s": 1093.645824, "measure_result": "no_signal"}}
2026-09-13 12:15:37,246 INFO request {"path": "/measure", "payload": {"arena_id": "default", "robot_id": "202601002029", "request_id": "a064fd7c1c9e45fda9356faf52f4270c", "position": {"x": -463.39693041970315, "y": -802.6270275583848}, "channel": 4}, "attempt": 1}
2026-09-13 12:15:37,267 INFO response {"request_id": "a064fd7c1c9e45fda9356faf52f4270c", "http_status": 200, "body": {"accepted": true, "real_timestamp_ms": 1789272933236, "virtual_time_s": 1099.645824, "measure_result": "direction", "svd_deg": 328.74}}
2026-09-13 12:15:37,273 INFO request {"path": "/measure", "payload": {"arena_id": "default", "robot_id": "202601002029", "request_id": "0395b9779e0e4b1d9ec1433f9385c42f", "position": {"x": -463.39693041970315, "y": -802.6270275583848}, "channel": 6}, "attempt": 1}
2026-09-13 12:15:37,275 INFO response {"request_id": "0395b9779e0e4b1d9ec1433f9385c42f", "http_status": 200, "body": {"accepted": true, "real_timestamp_ms": 1789272933245, "virtual_time_s": 1105.645824, "measure_result": "direction", "svd_deg": 223.58}}
2026-09-13 12:15:37,311 INFO request {"path": "/measure", "payload": {"arena_id": "default", "robot_id": "202601002029", "request_id": "5a3eb4dff091445bae0f5b10dfaf5b21", "position": {"x": -463.39693041970315, "y": -802.6270275583848}, "channel": 8}, "attempt": 1}
2026-09-13 12:15:37,328 INFO response {"request_id": "5a3eb4dff091445bae0f5b10dfaf5b21", "http_status": 200, "body": {"accepted": true, "real_timestamp_ms": 1789272933298, "virtual_time_s": 1111.645824, "measure_result": "no_signal"}}
2026-09-13 12:15:37,345 INFO request {"path": "/measure", "payload": {"arena_id": "default", "robot_id": "202601002029", "request_id": "fb095cc1f22a4a97b7699907786722b3", "position": {"x": -463.39693041970315, "y": -802.6270275583848}, "channel": 9}, "attempt": 1}
2026-09-13 12:15:37,360 INFO response {"request_id": "fb095cc1f22a4a97b7699907786722b3", "http_status": 200, "body": {"accepted": true, "real_timestamp_ms": 1789272933329, "virtual_time_s": 1117.645824, "measure_result": "no_signal"}}
2026-09-13 12:15:37,376 INFO request {"path": "/measure", "payload": {"arena_id": "default", "robot_id": "202601002029", "request_id": "afaabe794ffd4cef9b47478560aa5355", "position": {"x": -463.39693041970315, "y": -802.6270275583848}, "channel": 13}, "attempt": 1}
2026-09-13 12:15:37,391 INFO response {"request_id": "afaabe794ffd4cef9b47478560aa5355", "http_status": 200, "body": {"accepted": true, "real_timestamp_ms": 1789272933361, "virtual_time_s": 1123.645824, "measure_result": "no_signal"}}
2026-09-13 12:15:37,406 INFO request {"path": "/measure", "payload": {"arena_id": "default", "robot_id": "202601002029", "request_id": "c62627a315e54fd78bb9fb2e1c5160d2", "position": {"x": -463.39693041970315, "y": -802.6270275583848}, "channel": 14}, "attempt": 1}
2026-09-13 12:15:37,422 INFO response {"request_id": "c62627a315e54fd78bb9fb2e1c5160d2", "http_status": 200, "body": {"accepted": true, "real_timestamp_ms": 1789272933391, "virtual_time_s": 1129.645824, "measure_result": "no_signal"}}
2026-09-13 12:15:37,437 INFO request {"path": "/measure", "payload": {"arena_id": "default", "robot_id": "202601002029", "request_id": "4bf22fd5284c4a0aa8773bf84ed02bf7", "position": {"x": -463.39693041970315, "y": -802.6270275583848}, "channel": 15}, "attempt": 1}
2026-09-13 12:15:37,453 INFO response {"request_id": "4bf22fd5284c4a0aa8773bf84ed02bf7", "http_status": 200, "body": {"accepted": true, "real_timestamp_ms": 1789272933423, "virtual_time_s": 1135.645824, "measure_result": "no_signal"}}
2026-09-13 12:15:37,469 INFO request {"path": "/measure", "payload": {"arena_id": "default", "robot_id": "202601002029", "request_id": "b181ed4a36cb43fcb5fc249fff5b4096", "position": {"x": -463.39693041970315, "y": -802.6270275583848}, "channel": 16}, "attempt": 1}
2026-09-13 12:15:37,485 INFO response {"request_id": "b181ed4a36cb43fcb5fc249fff5b4096", "http_status": 200, "body": {"accepted": true, "real_timestamp_ms": 1789272933455, "virtual_time_s": 1141.645824, "measure_result": "direction", "svd_deg": 93.14}}
2026-09-13 12:15:37,490 INFO request {"path": "/measure", "payload": {"arena_id": "default", "robot_id": "202601002029", "request_id": "2f2660d533d54cddb234fc1cd9555db3", "position": {"x": -463.39693041970315, "y": -802.6270275583848}, "channel": 18}, "attempt": 1}
2026-09-13 12:15:37,516 INFO response {"request_id": "2f2660d533d54cddb234fc1cd9555db3", "http_status": 200, "body": {"accepted": true, "real_timestamp_ms": 1789272933487, "virtual_time_s": 1147.645824, "measure_result": "no_signal"}}
2026-09-13 12:15:37,594 INFO request {"path": "/measure", "payload": {"arena_id": "default", "robot_id": "202601002029", "request_id": "0e8d3d1050fe45f48efbc35bb577e63b", "position": {"x": -463.39693041970315, "y": -802.6270275583848}, "channel": 19}, "attempt": 1}
2026-09-13 12:15:37,610 INFO response {"request_id": "0e8d3d1050fe45f48efbc35bb577e63b", "http_status": 200, "body": {"accepted": true, "real_timestamp_ms": 1789272933580, "virtual_time_s": 1153.645824, "measure_result": "direction", "svd_deg": 165.41}}
2026-09-13 12:15:37,614 INFO request {"path": "/measure", "payload": {"arena_id": "default", "robot_id": "202601002029", "request_id": "7ecf5b8824be4cd7b05aff057dbe9373", "position": {"x": -463.39693041970315, "y": -802.6270275583848}, "channel": 2}, "attempt": 1}
2026-09-13 12:15:37,625 INFO response {"request_id": "7ecf5b8824be4cd7b05aff057dbe9373", "http_status": 200, "body": {"accepted": true, "real_timestamp_ms": 1789272933595, "virtual_time_s": 1159.645824, "measure_result": "direction", "svd_deg": 200.91}}
2026-09-13 12:15:37,643 INFO request {"path": "/measure", "payload": {"arena_id": "default", "robot_id": "202601002029", "request_id": "28165a0b79ea470eb62c4fa4d5e10eb2", "position": {"x": -463.39693041970315, "y": -802.6270275583848}, "channel": 10}, "attempt": 1}
2026-09-13 12:15:37,656 INFO response {"request_id": "28165a0b79ea470eb62c4fa4d5e10eb2", "http_status": 200, "body": {"accepted": true, "real_timestamp_ms": 1789272933626, "virtual_time_s": 1165.645824, "measure_result": "direction", "svd_deg": 23.64}}
2026-09-13 12:15:39,119 INFO request {"path": "/measure", "payload": {"arena_id": "default", "robot_id": "202601002029", "request_id": "5946afe59d6344e0a247d14e3029983e", "position": {"x": -1.702492702719593e-13, "y": -926.7938608394055}, "channel": 1}, "attempt": 1}
2026-09-13 12:15:39,137 INFO response {"request_id": "5946afe59d6344e0a247d14e3029983e", "http_status": 200, "body": {"accepted": true, "real_timestamp_ms": 1789272935107, "virtual_time_s": 1267.594585, "measure_result": "no_signal"}}
2026-09-13 12:15:39,151 INFO request {"path": "/measure", "payload": {"arena_id": "default", "robot_id": "202601002029", "request_id": "c7f8cb0977c440f780c460673ff6b6b4", "position": {"x": -1.702492702719593e-13, "y": -926.7938608394055}, "channel": 8}, "attempt": 1}
2026-09-13 12:15:39,153 INFO response {"request_id": "c7f8cb0977c440f780c460673ff6b6b4", "http_status": 200, "body": {"accepted": true, "real_timestamp_ms": 1789272935123, "virtual_time_s": 1273.594585, "measure_result": "no_signal"}}
2026-09-13 12:15:39,184 INFO request {"path": "/measure", "payload": {"arena_id": "default", "robot_id": "202601002029", "request_id": "eb4e8ec4e47a47b49dc838fc0bdc60e1", "position": {"x": -1.702492702719593e-13, "y": -926.7938608394055}, "channel": 9}, "attempt": 1}
2026-09-13 12:15:39,185 INFO response {"request_id": "eb4e8ec4e47a47b49dc838fc0bdc60e1", "http_status": 200, "body": {"accepted": true, "real_timestamp_ms": 1789272935156, "virtual_time_s": 1279.594585, "measure_result": "no_signal"}}
2026-09-13 12:15:39,216 INFO request {"path": "/measure", "payload": {"arena_id": "default", "robot_id": "202601002029", "request_id": "6e3354619306418bad8f9397d8b0276c", "position": {"x": -1.702492702719593e-13, "y": -926.7938608394055}, "channel": 13}, "attempt": 1}
2026-09-13 12:15:39,231 INFO response {"request_id": "6e3354619306418bad8f9397d8b0276c", "http_status": 200, "body": {"accepted": true, "real_timestamp_ms": 1789272935201, "virtual_time_s": 1285.594585, "measure_result": "no_signal"}}
2026-09-13 12:15:39,247 INFO request {"path": "/measure", "payload": {"arena_id": "default", "robot_id": "202601002029", "request_id": "01a09f1146604344bc76cf8cda9b693b", "position": {"x": -1.702492702719593e-13, "y": -926.7938608394055}, "channel": 14}, "attempt": 1}
2026-09-13 12:15:39,263 INFO response {"request_id": "01a09f1146604344bc76cf8cda9b693b", "http_status": 200, "body": {"accepted": true, "real_timestamp_ms": 1789272935232, "virtual_time_s": 1291.594585, "measure_result": "no_signal"}}
2026-09-13 12:15:39,277 INFO request {"path": "/measure", "payload": {"arena_id": "default", "robot_id": "202601002029", "request_id": "f7ec5c2838b1450eaa856e04bc6d02e7", "position": {"x": -1.702492702719593e-13, "y": -926.7938608394055}, "channel": 15}, "attempt": 1}
2026-09-13 12:15:39,279 INFO response {"request_id": "f7ec5c2838b1450eaa856e04bc6d02e7", "http_status": 200, "body": {"accepted": true, "real_timestamp_ms": 1789272935249, "virtual_time_s": 1297.594585, "measure_result": "no_signal"}}
2026-09-13 12:15:39,310 INFO request {"path": "/measure", "payload": {"arena_id": "default", "robot_id": "202601002029", "request_id": "7a2d09f5f6414a76bfc540426717d236", "position": {"x": -1.702492702719593e-13, "y": -926.7938608394055}, "channel": 18}, "attempt": 1}
2026-09-13 12:15:39,326 INFO response {"request_id": "7a2d09f5f6414a76bfc540426717d236", "http_status": 200, "body": {"accepted": true, "real_timestamp_ms": 1789272935296, "virtual_time_s": 1303.594585, "measure_result": "direction", "svd_deg": 339.74}}
2026-09-13 12:15:39,410 INFO request {"path": "/measure", "payload": {"arena_id": "default", "robot_id": "202601002029", "request_id": "d7f0e07a7d6b4795a2c532c57d32f5cf", "position": {"x": -1.702492702719593e-13, "y": -926.7938608394055}, "channel": 10}, "attempt": 1}
2026-09-13 12:15:39,433 INFO response {"request_id": "d7f0e07a7d6b4795a2c532c57d32f5cf", "http_status": 200, "body": {"accepted": true, "real_timestamp_ms": 1789272935404, "virtual_time_s": 1309.594585, "measure_result": "direction", "svd_deg": 48.83}}
2026-09-13 12:15:39,440 INFO request {"path": "/measure", "payload": {"arena_id": "default", "robot_id": "202601002029", "request_id": "1d07d3e9bf994914a66aba2fc8a95bae", "position": {"x": -1.702492702719593e-13, "y": -926.7938608394055}, "channel": 4}, "attempt": 1}
2026-09-13 12:15:39,442 INFO response {"request_id": "1d07d3e9bf994914a66aba2fc8a95bae", "http_status": 200, "body": {"accepted": true, "real_timestamp_ms": 1789272935412, "virtual_time_s": 1315.594585, "measure_result": "direction", "svd_deg": 319.09}}
2026-09-13 12:15:39,479 INFO request {"path": "/measure", "payload": {"arena_id": "default", "robot_id": "202601002029", "request_id": "e8d91d39f08242d0b8bddde54f20f94f", "position": {"x": -1.702492702719593e-13, "y": -926.7938608394055}, "channel": 6}, "attempt": 1}
2026-09-13 12:15:39,496 INFO response {"request_id": "e8d91d39f08242d0b8bddde54f20f94f", "http_status": 200, "body": {"accepted": true, "real_timestamp_ms": 1789272935467, "virtual_time_s": 1321.594585, "measure_result": "direction", "svd_deg": 192.03}}
2026-09-13 12:15:41,249 INFO request {"path": "/measure", "payload": {"arena_id": "default", "robot_id": "202601002029", "request_id": "63fbdcd59b544cceb4a006781186b8e6", "position": {"x": 463.39693041970213, "y": -802.6270275583854}, "channel": 1}, "attempt": 1}
2026-09-13 12:15:41,251 INFO response {"request_id": "63fbdcd59b544cceb4a006781186b8e6", "http_status": 200, "body": {"accepted": true, "real_timestamp_ms": 1789272937221, "virtual_time_s": 1423.543346, "measure_result": "no_signal"}}
2026-09-13 12:15:41,282 INFO request {"path": "/measure", "payload": {"arena_id": "default", "robot_id": "202601002029", "request_id": "f37ae55822bf4beea375a76c92389a6c", "position": {"x": 463.39693041970213, "y": -802.6270275583854}, "channel": 8}, "attempt": 1}
2026-09-13 12:15:41,283 INFO response {"request_id": "f37ae55822bf4beea375a76c92389a6c", "http_status": 200, "body": {"accepted": true, "real_timestamp_ms": 1789272937253, "virtual_time_s": 1429.543346, "measure_result": "no_signal"}}
2026-09-13 12:15:41,298 INFO request {"path": "/measure", "payload": {"arena_id": "default", "robot_id": "202601002029", "request_id": "5904674260b84a8581b6340d16b913e7", "position": {"x": 463.39693041970213, "y": -802.6270275583854}, "channel": 9}, "attempt": 1}
2026-09-13 12:15:41,300 INFO response {"request_id": "5904674260b84a8581b6340d16b913e7", "http_status": 200, "body": {"accepted": true, "real_timestamp_ms": 1789272937270, "virtual_time_s": 1435.543346, "measure_result": "no_signal"}}
2026-09-13 12:15:41,315 INFO request {"path": "/measure", "payload": {"arena_id": "default", "robot_id": "202601002029", "request_id": "7ed16c37841d44d5b0d2ce5fe8ccda5c", "position": {"x": 463.39693041970213, "y": -802.6270275583854}, "channel": 13}, "attempt": 1}
2026-09-13 12:15:41,335 INFO response {"request_id": "7ed16c37841d44d5b0d2ce5fe8ccda5c", "http_status": 200, "body": {"accepted": true, "real_timestamp_ms": 1789272937306, "virtual_time_s": 1441.543346, "measure_result": "no_signal"}}
2026-09-13 12:15:41,350 INFO request {"path": "/measure", "payload": {"arena_id": "default", "robot_id": "202601002029", "request_id": "b7f0ef2d63294b41a5f62813407bd4ca", "position": {"x": 463.39693041970213, "y": -802.6270275583854}, "channel": 14}, "attempt": 1}
2026-09-13 12:15:41,367 INFO response {"request_id": "b7f0ef2d63294b41a5f62813407bd4ca", "http_status": 200, "body": {"accepted": true, "real_timestamp_ms": 1789272937337, "virtual_time_s": 1447.543346, "measure_result": "no_signal"}}
2026-09-13 12:15:41,382 INFO request {"path": "/measure", "payload": {"arena_id": "default", "robot_id": "202601002029", "request_id": "fb0e045cc03f4d2085f79058220292e0", "position": {"x": 463.39693041970213, "y": -802.6270275583854}, "channel": 15}, "attempt": 1}
2026-09-13 12:15:41,384 INFO response {"request_id": "fb0e045cc03f4d2085f79058220292e0", "http_status": 200, "body": {"accepted": true, "real_timestamp_ms": 1789272937354, "virtual_time_s": 1453.543346, "measure_result": "no_signal"}}
2026-09-13 12:15:41,505 INFO request {"path": "/measure", "payload": {"arena_id": "default", "robot_id": "202601002029", "request_id": "f2cab5b521e44043b47486aa0cc71cde", "position": {"x": 463.39693041970213, "y": -802.6270275583854}, "channel": 18}, "attempt": 1}
2026-09-13 12:15:41,525 INFO response {"request_id": "f2cab5b521e44043b47486aa0cc71cde", "http_status": 200, "body": {"accepted": true, "real_timestamp_ms": 1789272937495, "virtual_time_s": 1459.543346, "measure_result": "direction", "svd_deg": 308.32}}
2026-09-13 12:15:41,547 INFO request {"path": "/measure", "payload": {"arena_id": "default", "robot_id": "202601002029", "request_id": "49def309ce0a4d278efe0192b6d1964a", "position": {"x": 463.39693041970213, "y": -802.6270275583854}, "channel": 4}, "attempt": 1}
2026-09-13 12:15:41,550 INFO response {"request_id": "49def309ce0a4d278efe0192b6d1964a", "http_status": 200, "body": {"accepted": true, "real_timestamp_ms": 1789272937519, "virtual_time_s": 1465.543346, "measure_result": "direction", "svd_deg": 283.89}}
2026-09-13 12:15:43,339 INFO request {"path": "/measure", "payload": {"arena_id": "default", "robot_id": "202601002029", "request_id": "341175c991c3472ab0e22ec4cf4cddcd", "position": {"x": 802.6270275583847, "y": -463.39693041970315}, "channel": 1}, "attempt": 1}
2026-09-13 12:15:43,355 INFO response {"request_id": "341175c991c3472ab0e22ec4cf4cddcd", "http_status": 200, "body": {"accepted": true, "real_timestamp_ms": 1789272939324, "virtual_time_s": 1567.492107, "measure_result": "no_signal"}}
2026-09-13 12:15:43,370 INFO request {"path": "/measure", "payload": {"arena_id": "default", "robot_id": "202601002029", "request_id": "40ec013a473a4d54a4160f2a51cd1b99", "position": {"x": 802.6270275583847, "y": -463.39693041970315}, "channel": 8}, "attempt": 1}
2026-09-13 12:15:43,372 INFO response {"request_id": "40ec013a473a4d54a4160f2a51cd1b99", "http_status": 200, "body": {"accepted": true, "real_timestamp_ms": 1789272939342, "virtual_time_s": 1573.492107, "measure_result": "no_signal"}}
2026-09-13 12:15:43,402 INFO request {"path": "/measure", "payload": {"arena_id": "default", "robot_id": "202601002029", "request_id": "c9225fded9274a81a01c66eb85011420", "position": {"x": 802.6270275583847, "y": -463.39693041970315}, "channel": 9}, "attempt": 1}
2026-09-13 12:15:43,417 INFO response {"request_id": "c9225fded9274a81a01c66eb85011420", "http_status": 200, "body": {"accepted": true, "real_timestamp_ms": 1789272939387, "virtual_time_s": 1579.492107, "measure_result": "no_signal"}}
2026-09-13 12:15:43,433 INFO request {"path": "/measure", "payload": {"arena_id": "default", "robot_id": "202601002029", "request_id": "a23e69c94aaa4f27a883a230f3a2c0ff", "position": {"x": 802.6270275583847, "y": -463.39693041970315}, "channel": 13}, "attempt": 1}
2026-09-13 12:15:43,448 INFO response {"request_id": "a23e69c94aaa4f27a883a230f3a2c0ff", "http_status": 200, "body": {"accepted": true, "real_timestamp_ms": 1789272939418, "virtual_time_s": 1585.492107, "measure_result": "no_signal"}}
2026-09-13 12:15:43,464 INFO request {"path": "/measure", "payload": {"arena_id": "default", "robot_id": "202601002029", "request_id": "3549018fb7b8459fba499ee594ed11c8", "position": {"x": 802.6270275583847, "y": -463.39693041970315}, "channel": 14}, "attempt": 1}
2026-09-13 12:15:43,479 INFO response {"request_id": "3549018fb7b8459fba499ee594ed11c8", "http_status": 200, "body": {"accepted": true, "real_timestamp_ms": 1789272939449, "virtual_time_s": 1591.492107, "measure_result": "no_signal"}}
2026-09-13 12:15:43,495 INFO request {"path": "/measure", "payload": {"arena_id": "default", "robot_id": "202601002029", "request_id": "2106ffb7be21483398b9dbf17de39143", "position": {"x": 802.6270275583847, "y": -463.39693041970315}, "channel": 15}, "attempt": 1}
2026-09-13 12:15:43,510 INFO response {"request_id": "2106ffb7be21483398b9dbf17de39143", "http_status": 200, "body": {"accepted": true, "real_timestamp_ms": 1789272939480, "virtual_time_s": 1597.492107, "measure_result": "no_signal"}}
2026-09-13 12:15:43,579 INFO request {"path": "/measure", "payload": {"arena_id": "default", "robot_id": "202601002029", "request_id": "b21d7b58b41141e89e345d1b1efdf7b0", "position": {"x": 802.6270275583847, "y": -463.39693041970315}, "channel": 18}, "attempt": 1}
2026-09-13 12:15:43,580 INFO response {"request_id": "b21d7b58b41141e89e345d1b1efdf7b0", "http_status": 200, "body": {"accepted": true, "real_timestamp_ms": 1789272939550, "virtual_time_s": 1603.492107, "measure_result": "direction", "svd_deg": 270.77}}
2026-09-13 12:15:43,598 INFO request {"path": "/measure", "payload": {"arena_id": "default", "robot_id": "202601002029", "request_id": "dbd38d55d3ff4ab28e67f5a71daa79ad", "position": {"x": 802.6270275583847, "y": -463.39693041970315}, "channel": 4}, "attempt": 1}
2026-09-13 12:15:43,618 INFO response {"request_id": "dbd38d55d3ff4ab28e67f5a71daa79ad", "http_status": 200, "body": {"accepted": true, "real_timestamp_ms": 1789272939588, "virtual_time_s": 1609.492107, "measure_result": "direction", "svd_deg": 259.83}}
2026-09-13 12:15:45,494 INFO request {"path": "/measure", "payload": {"arena_id": "default", "robot_id": "202601002029", "request_id": "b98a726269c94dc6bdd3789365b6254f", "position": {"x": 926.7938608394055, "y": 0.0}, "channel": 1}, "attempt": 1}
2026-09-13 12:15:45,519 INFO response {"request_id": "b98a726269c94dc6bdd3789365b6254f", "http_status": 200, "body": {"accepted": true, "real_timestamp_ms": 1789272941489, "virtual_time_s": 1711.440868, "measure_result": "no_signal"}}
2026-09-13 12:15:45,520 INFO request {"path": "/measure", "payload": {"arena_id": "default", "robot_id": "202601002029", "request_id": "5fe909154f7c4990becc47d2e3141b38", "position": {"x": 926.7938608394055, "y": 0.0}, "channel": 8}, "attempt": 1}
2026-09-13 12:15:45,523 INFO response {"request_id": "5fe909154f7c4990becc47d2e3141b38", "http_status": 200, "body": {"accepted": true, "real_timestamp_ms": 1789272941492, "virtual_time_s": 1717.440868, "measure_result": "no_signal"}}
2026-09-13 12:15:45,553 INFO request {"path": "/measure", "payload": {"arena_id": "default", "robot_id": "202601002029", "request_id": "a378fe33a1774a12a01b1fb114aa431a", "position": {"x": 926.7938608394055, "y": 0.0}, "channel": 9}, "attempt": 1}
2026-09-13 12:15:45,555 INFO response {"request_id": "a378fe33a1774a12a01b1fb114aa431a", "http_status": 200, "body": {"accepted": true, "real_timestamp_ms": 1789272941526, "virtual_time_s": 1723.440868, "measure_result": "no_signal"}}
2026-09-13 12:15:45,586 INFO request {"path": "/measure", "payload": {"arena_id": "default", "robot_id": "202601002029", "request_id": "86175fc54e1f49edbc6e267fdc904d26", "position": {"x": 926.7938608394055, "y": 0.0}, "channel": 13}, "attempt": 1}
2026-09-13 12:15:45,610 INFO response {"request_id": "86175fc54e1f49edbc6e267fdc904d26", "http_status": 200, "body": {"accepted": true, "real_timestamp_ms": 1789272941580, "virtual_time_s": 1729.440868, "measure_result": "no_signal"}}
2026-09-13 12:15:45,626 INFO request {"path": "/measure", "payload": {"arena_id": "default", "robot_id": "202601002029", "request_id": "b4e03a7db8724694822c2a3ca6867f99", "position": {"x": 926.7938608394055, "y": 0.0}, "channel": 14}, "attempt": 1}
2026-09-13 12:15:45,628 INFO response {"request_id": "b4e03a7db8724694822c2a3ca6867f99", "http_status": 200, "body": {"accepted": true, "real_timestamp_ms": 1789272941598, "virtual_time_s": 1735.440868, "measure_result": "no_signal"}}
2026-09-13 12:15:45,643 INFO request {"path": "/measure", "payload": {"arena_id": "default", "robot_id": "202601002029", "request_id": "65b88d3b05354bf4814516eb5edb7f0c", "position": {"x": 926.7938608394055, "y": 0.0}, "channel": 15}, "attempt": 1}
2026-09-13 12:15:45,646 INFO response {"request_id": "65b88d3b05354bf4814516eb5edb7f0c", "http_status": 200, "body": {"accepted": true, "real_timestamp_ms": 1789272941616, "virtual_time_s": 1741.440868, "measure_result": "no_signal"}}
2026-09-13 12:15:47,403 INFO request {"path": "/measure", "payload": {"arena_id": "default", "robot_id": "202601002029", "request_id": "05d926bec36d41428b3a20273e14a64e", "position": {"x": 802.6270275583851, "y": 463.3969304197027}, "channel": 15}, "attempt": 1}
2026-09-13 12:15:47,423 INFO response {"request_id": "05d926bec36d41428b3a20273e14a64e", "http_status": 200, "body": {"accepted": true, "real_timestamp_ms": 1789272943393, "virtual_time_s": 1842.389629, "measure_result": "no_signal"}}
2026-09-13 12:15:47,438 INFO request {"path": "/measure", "payload": {"arena_id": "default", "robot_id": "202601002029", "request_id": "4bf126fe74524213a3e01dc5b3a116bf", "position": {"x": 802.6270275583851, "y": 463.3969304197027}, "channel": 1}, "attempt": 1}
2026-09-13 12:15:47,453 INFO response {"request_id": "4bf126fe74524213a3e01dc5b3a116bf", "http_status": 200, "body": {"accepted": true, "real_timestamp_ms": 1789272943423, "virtual_time_s": 1848.389629, "measure_result": "no_signal"}}
2026-09-13 12:15:47,469 INFO request {"path": "/measure", "payload": {"arena_id": "default", "robot_id": "202601002029", "request_id": "11c14b401f1d4883a05081aad193fc22", "position": {"x": 802.6270275583851, "y": 463.3969304197027}, "channel": 8}, "attempt": 1}
2026-09-13 12:15:47,472 INFO response {"request_id": "11c14b401f1d4883a05081aad193fc22", "http_status": 200, "body": {"accepted": true, "real_timestamp_ms": 1789272943441, "virtual_time_s": 1854.389629, "measure_result": "no_signal"}}
2026-09-13 12:15:47,488 INFO request {"path": "/measure", "payload": {"arena_id": "default", "robot_id": "202601002029", "request_id": "6e224c6c18e34ff9a34fe0e8fb5a6903", "position": {"x": 802.6270275583851, "y": 463.3969304197027}, "channel": 9}, "attempt": 1}
2026-09-13 12:15:47,500 INFO response {"request_id": "6e224c6c18e34ff9a34fe0e8fb5a6903", "http_status": 200, "body": {"accepted": true, "real_timestamp_ms": 1789272943470, "virtual_time_s": 1860.389629, "measure_result": "no_signal"}}
2026-09-13 12:15:47,531 INFO request {"path": "/measure", "payload": {"arena_id": "default", "robot_id": "202601002029", "request_id": "1eeeb1148aa341d3a09a215672b91352", "position": {"x": 802.6270275583851, "y": 463.3969304197027}, "channel": 13}, "attempt": 1}
2026-09-13 12:15:47,547 INFO response {"request_id": "1eeeb1148aa341d3a09a215672b91352", "http_status": 200, "body": {"accepted": true, "real_timestamp_ms": 1789272943517, "virtual_time_s": 1866.389629, "measure_result": "no_signal"}}
2026-09-13 12:15:47,562 INFO request {"path": "/measure", "payload": {"arena_id": "default", "robot_id": "202601002029", "request_id": "855cdc074d8542e9a7e602ef0241ced8", "position": {"x": 802.6270275583851, "y": 463.3969304197027}, "channel": 14}, "attempt": 1}
2026-09-13 12:15:47,565 INFO response {"request_id": "855cdc074d8542e9a7e602ef0241ced8", "http_status": 200, "body": {"accepted": true, "real_timestamp_ms": 1789272943534, "virtual_time_s": 1872.389629, "measure_result": "no_signal"}}
2026-09-13 12:15:47,622 INFO request {"path": "/measure", "payload": {"arena_id": "default", "robot_id": "202601002029", "request_id": "5bd8d941df0f46e595bedf1ee48efcc6", "position": {"x": 802.6270275583851, "y": 463.3969304197027}, "channel": 3}, "attempt": 1}
2026-09-13 12:15:47,624 INFO response {"request_id": "5bd8d941df0f46e595bedf1ee48efcc6", "http_status": 200, "body": {"accepted": true, "real_timestamp_ms": 1789272943594, "virtual_time_s": 1878.389629, "measure_result": "direction", "svd_deg": 133.32}}
2026-09-13 12:15:49,416 INFO request {"path": "/measure", "payload": {"arena_id": "default", "robot_id": "202601002029", "request_id": "c5d1f05f3c9a40e68363ef6430834dc3", "position": {"x": 463.39693041970287, "y": 802.627027558385}, "channel": 1}, "attempt": 1}
2026-09-13 12:15:49,417 INFO response {"request_id": "c5d1f05f3c9a40e68363ef6430834dc3", "http_status": 200, "body": {"accepted": true, "real_timestamp_ms": 1789272945387, "virtual_time_s": 1980.33839, "measure_result": "no_signal"}}
2026-09-13 12:15:49,448 INFO request {"path": "/measure", "payload": {"arena_id": "default", "robot_id": "202601002029", "request_id": "6bda2c08fa1a48a6b27327ca5b8b1054", "position": {"x": 463.39693041970287, "y": 802.627027558385}, "channel": 8}, "attempt": 1}
2026-09-13 12:15:49,449 INFO response {"request_id": "6bda2c08fa1a48a6b27327ca5b8b1054", "http_status": 200, "body": {"accepted": true, "real_timestamp_ms": 1789272945420, "virtual_time_s": 1986.33839, "measure_result": "no_signal"}}
2026-09-13 12:15:49,480 INFO request {"path": "/measure", "payload": {"arena_id": "default", "robot_id": "202601002029", "request_id": "5c8dab53d08c46aca9a5572ace4db3e8", "position": {"x": 463.39693041970287, "y": 802.627027558385}, "channel": 9}, "attempt": 1}
2026-09-13 12:15:49,482 INFO response {"request_id": "5c8dab53d08c46aca9a5572ace4db3e8", "http_status": 200, "body": {"accepted": true, "real_timestamp_ms": 1789272945452, "virtual_time_s": 1992.33839, "measure_result": "no_signal"}}
2026-09-13 12:15:49,513 INFO request {"path": "/measure", "payload": {"arena_id": "default", "robot_id": "202601002029", "request_id": "f38b877f844a4e64a218b716d14dd3c4", "position": {"x": 463.39693041970287, "y": 802.627027558385}, "channel": 13}, "attempt": 1}
2026-09-13 12:15:49,527 INFO response {"request_id": "f38b877f844a4e64a218b716d14dd3c4", "http_status": 200, "body": {"accepted": true, "real_timestamp_ms": 1789272945496, "virtual_time_s": 1998.33839, "measure_result": "no_signal"}}
2026-09-13 12:15:49,543 INFO request {"path": "/measure", "payload": {"arena_id": "default", "robot_id": "202601002029", "request_id": "1b1072b73267418593616ca17165b992", "position": {"x": 463.39693041970287, "y": 802.627027558385}, "channel": 14}, "attempt": 1}
2026-09-13 12:15:49,546 INFO response {"request_id": "1b1072b73267418593616ca17165b992", "http_status": 200, "body": {"accepted": true, "real_timestamp_ms": 1789272945515, "virtual_time_s": 2004.33839, "measure_result": "no_signal"}}
2026-09-13 12:15:49,577 INFO request {"path": "/measure", "payload": {"arena_id": "default", "robot_id": "202601002029", "request_id": "7f926c86cfd640abb7b68828ce1708ea", "position": {"x": 463.39693041970287, "y": 802.627027558385}, "channel": 15}, "attempt": 1}
2026-09-13 12:15:49,579 INFO response {"request_id": "7f926c86cfd640abb7b68828ce1708ea", "http_status": 200, "body": {"accepted": true, "real_timestamp_ms": 1789272945549, "virtual_time_s": 2010.33839, "measure_result": "no_signal"}}
2026-09-13 12:15:49,665 INFO request {"path": "/measure", "payload": {"arena_id": "default", "robot_id": "202601002029", "request_id": "7fe5e213f5804fa69dbadea9ac0151c9", "position": {"x": 463.39693041970287, "y": 802.627027558385}, "channel": 3}, "attempt": 1}
2026-09-13 12:15:49,682 INFO response {"request_id": "7fe5e213f5804fa69dbadea9ac0151c9", "http_status": 200, "body": {"accepted": true, "real_timestamp_ms": 1789272945653, "virtual_time_s": 2016.33839, "measure_result": "direction", "svd_deg": 131.59}}
2026-09-13 12:15:49,703 INFO request {"path": "/measure", "payload": {"arena_id": "default", "robot_id": "202601002029", "request_id": "b9266d9f14a0491faa97caf5539ea72d", "position": {"x": 463.39693041970287, "y": 802.627027558385}, "channel": 7}, "attempt": 1}
2026-09-13 12:15:49,730 INFO response {"request_id": "b9266d9f14a0491faa97caf5539ea72d", "http_status": 200, "body": {"accepted": true, "real_timestamp_ms": 1789272945700, "virtual_time_s": 2022.33839, "measure_result": "direction", "svd_deg": 210.78}}
2026-09-13 12:15:49,737 INFO request {"path": "/measure", "payload": {"arena_id": "default", "robot_id": "202601002029", "request_id": "e298f29f22574c73b246ba3e03b2e5ae", "position": {"x": 463.39693041970287, "y": 802.627027558385}, "channel": 20}, "attempt": 1}
2026-09-13 12:15:49,760 INFO response {"request_id": "e298f29f22574c73b246ba3e03b2e5ae", "http_status": 200, "body": {"accepted": true, "real_timestamp_ms": 1789272945731, "virtual_time_s": 2028.33839, "measure_result": "direction", "svd_deg": 105.31}}
2026-09-13 12:15:51,210 INFO request {"path": "/measure", "payload": {"arena_id": "default", "robot_id": "202601002029", "request_id": "a8838c2a13b64264872503ce826067ec", "position": {"x": 5.674975675731977e-14, "y": 926.7938608394055}, "channel": 1}, "attempt": 1}
2026-09-13 12:15:51,212 INFO response {"request_id": "a8838c2a13b64264872503ce826067ec", "http_status": 200, "body": {"accepted": true, "real_timestamp_ms": 1789272947182, "virtual_time_s": 2130.287151, "measure_result": "no_signal"}}
2026-09-13 12:15:51,242 INFO request {"path": "/measure", "payload": {"arena_id": "default", "robot_id": "202601002029", "request_id": "3ecf115273654a168437b9b79e832835", "position": {"x": 5.674975675731977e-14, "y": 926.7938608394055}, "channel": 8}, "attempt": 1}
2026-09-13 12:15:51,259 INFO response {"request_id": "3ecf115273654a168437b9b79e832835", "http_status": 200, "body": {"accepted": true, "real_timestamp_ms": 1789272947229, "virtual_time_s": 2136.287151, "measure_result": "no_signal"}}
2026-09-13 12:15:51,275 INFO request {"path": "/measure", "payload": {"arena_id": "default", "robot_id": "202601002029", "request_id": "adb3264cea5e4351915bec3152b89e52", "position": {"x": 5.674975675731977e-14, "y": 926.7938608394055}, "channel": 9}, "attempt": 1}
2026-09-13 12:15:51,277 INFO response {"request_id": "adb3264cea5e4351915bec3152b89e52", "http_status": 200, "body": {"accepted": true, "real_timestamp_ms": 1789272947247, "virtual_time_s": 2142.287151, "measure_result": "no_signal"}}
2026-09-13 12:15:51,308 INFO request {"path": "/measure", "payload": {"arena_id": "default", "robot_id": "202601002029", "request_id": "d5bd354cb0614825abfdfa1cbb08c405", "position": {"x": 5.674975675731977e-14, "y": 926.7938608394055}, "channel": 13}, "attempt": 1}
2026-09-13 12:15:51,308 INFO response {"request_id": "d5bd354cb0614825abfdfa1cbb08c405", "http_status": 200, "body": {"accepted": true, "real_timestamp_ms": 1789272947279, "virtual_time_s": 2148.287151, "measure_result": "no_signal"}}
2026-09-13 12:15:51,339 INFO request {"path": "/measure", "payload": {"arena_id": "default", "robot_id": "202601002029", "request_id": "bea803dee14348c5a97f83f0233a864c", "position": {"x": 5.674975675731977e-14, "y": 926.7938608394055}, "channel": 14}, "attempt": 1}
2026-09-13 12:15:51,352 INFO response {"request_id": "bea803dee14348c5a97f83f0233a864c", "http_status": 200, "body": {"accepted": true, "real_timestamp_ms": 1789272947323, "virtual_time_s": 2154.287151, "measure_result": "no_signal"}}
2026-09-13 12:15:51,368 INFO request {"path": "/measure", "payload": {"arena_id": "default", "robot_id": "202601002029", "request_id": "4b143b0fe84c403298430c9107ec6aa2", "position": {"x": 5.674975675731977e-14, "y": 926.7938608394055}, "channel": 15}, "attempt": 1}
2026-09-13 12:15:51,384 INFO response {"request_id": "4b143b0fe84c403298430c9107ec6aa2", "http_status": 200, "body": {"accepted": true, "real_timestamp_ms": 1789272947354, "virtual_time_s": 2160.287151, "measure_result": "no_signal"}}
2026-09-13 12:15:52,076 INFO request {"path": "/clear", "payload": {"arena_id": "default", "robot_id": "202601002029", "request_id": "35d8839bf38f49c6a111fb668cf236a8", "position": {"x": 14.458785918436718, "y": 1308.8041569418062}, "channel": 3}, "attempt": 1}
2026-09-13 12:15:52,077 INFO response {"request_id": "35d8839bf38f49c6a111fb668cf236a8", "http_status": 200, "body": {"accepted": true, "real_timestamp_ms": 1789272948048, "virtual_time_s": 2241.743916, "clear_result": "success"}}
2026-09-13 12:15:52,125 INFO request {"path": "/measure", "payload": {"arena_id": "default", "robot_id": "202601002029", "request_id": "d20d0e1fb4524734833d343ed5de04e0", "position": {"x": -482.8444447608829, "y": 1802.0}, "channel": 15}, "attempt": 1}
2026-09-13 12:15:52,125 INFO response {"request_id": "d20d0e1fb4524734833d343ed5de04e0", "http_status": 200, "body": {"accepted": true, "real_timestamp_ms": 1789272948096, "virtual_time_s": 2386.822843, "measure_result": "no_signal"}}
2026-09-13 12:15:52,156 INFO request {"path": "/measure", "payload": {"arena_id": "default", "robot_id": "202601002029", "request_id": "d3957ce7fbc0486980997c0c208a5752", "position": {"x": -482.8444447608829, "y": 1802.0}, "channel": 1}, "attempt": 1}
2026-09-13 12:15:52,157 INFO response {"request_id": "d3957ce7fbc0486980997c0c208a5752", "http_status": 200, "body": {"accepted": true, "real_timestamp_ms": 1789272948127, "virtual_time_s": 2392.822843, "measure_result": "no_signal"}}
2026-09-13 12:15:52,188 INFO request {"path": "/measure", "payload": {"arena_id": "default", "robot_id": "202601002029", "request_id": "ed338e6202e840559352713259dccda7", "position": {"x": -482.8444447608829, "y": 1802.0}, "channel": 8}, "attempt": 1}
2026-09-13 12:15:52,206 INFO response {"request_id": "ed338e6202e840559352713259dccda7", "http_status": 200, "body": {"accepted": true, "real_timestamp_ms": 1789272948176, "virtual_time_s": 2398.822843, "measure_result": "no_signal"}}
2026-09-13 12:15:52,206 INFO request {"path": "/measure", "payload": {"arena_id": "default", "robot_id": "202601002029", "request_id": "f5bf4408c4a44c74ad9ceb5f7571001d", "position": {"x": -482.8444447608829, "y": 1802.0}, "channel": 9}, "attempt": 1}
2026-09-13 12:15:52,208 INFO response {"request_id": "f5bf4408c4a44c74ad9ceb5f7571001d", "http_status": 200, "body": {"accepted": true, "real_timestamp_ms": 1789272948178, "virtual_time_s": 2404.822843, "measure_result": "no_signal"}}
2026-09-13 12:15:52,239 INFO request {"path": "/measure", "payload": {"arena_id": "default", "robot_id": "202601002029", "request_id": "bd2078e86f5c47fcb397e2d4a4222d6c", "position": {"x": -482.8444447608829, "y": 1802.0}, "channel": 13}, "attempt": 1}
2026-09-13 12:15:52,241 INFO response {"request_id": "bd2078e86f5c47fcb397e2d4a4222d6c", "http_status": 200, "body": {"accepted": true, "real_timestamp_ms": 1789272948212, "virtual_time_s": 2410.822843, "measure_result": "no_signal"}}
2026-09-13 12:15:52,272 INFO request {"path": "/measure", "payload": {"arena_id": "default", "robot_id": "202601002029", "request_id": "e4e73f11eb7246beb491471d1a81c4c2", "position": {"x": -482.8444447608829, "y": 1802.0}, "channel": 14}, "attempt": 1}
2026-09-13 12:15:52,274 INFO response {"request_id": "e4e73f11eb7246beb491471d1a81c4c2", "http_status": 200, "body": {"accepted": true, "real_timestamp_ms": 1789272948244, "virtual_time_s": 2416.822843, "measure_result": "no_signal"}}
2026-09-13 12:15:52,341 INFO request {"path": "/measure", "payload": {"arena_id": "default", "robot_id": "202601002029", "request_id": "a5a268544f57441c83e469b7dbf9c4f1", "position": {"x": -482.8444447608829, "y": 1802.0}, "channel": 20}, "attempt": 1}
2026-09-13 12:15:52,362 INFO response {"request_id": "a5a268544f57441c83e469b7dbf9c4f1", "http_status": 200, "body": {"accepted": true, "real_timestamp_ms": 1789272948332, "virtual_time_s": 2422.822843, "measure_result": "no_signal"}}
2026-09-13 12:15:53,500 INFO request {"path": "/measure", "payload": {"arena_id": "default", "robot_id": "202601002029", "request_id": "f7027f6e35dc43d4b19d2bf409b29ed3", "position": {"x": -1319.1555552391167, "y": 1319.155555239117}, "channel": 1}, "attempt": 1}
2026-09-13 12:15:53,516 INFO response {"request_id": "f7027f6e35dc43d4b19d2bf409b29ed3", "http_status": 200, "body": {"accepted": true, "real_timestamp_ms": 1789272949486, "virtual_time_s": 2621.960621, "measure_result": "no_signal"}}
2026-09-13 12:15:53,530 INFO request {"path": "/measure", "payload": {"arena_id": "default", "robot_id": "202601002029", "request_id": "8b961321109c44ef99152bbb556363d7", "position": {"x": -1319.1555552391167, "y": 1319.155555239117}, "channel": 8}, "attempt": 1}
2026-09-13 12:15:53,532 INFO response {"request_id": "8b961321109c44ef99152bbb556363d7", "http_status": 200, "body": {"accepted": true, "real_timestamp_ms": 1789272949502, "virtual_time_s": 2627.960621, "measure_result": "no_signal"}}
2026-09-13 12:15:53,563 INFO request {"path": "/measure", "payload": {"arena_id": "default", "robot_id": "202601002029", "request_id": "491e1bd4e6934716a38179022fd8bcc2", "position": {"x": -1319.1555552391167, "y": 1319.155555239117}, "channel": 9}, "attempt": 1}
2026-09-13 12:15:53,564 INFO response {"request_id": "491e1bd4e6934716a38179022fd8bcc2", "http_status": 200, "body": {"accepted": true, "real_timestamp_ms": 1789272949535, "virtual_time_s": 2633.960621, "measure_result": "no_signal"}}
2026-09-13 12:15:53,595 INFO request {"path": "/measure", "payload": {"arena_id": "default", "robot_id": "202601002029", "request_id": "34ec1d61055e4916bce94eb755fd27d9", "position": {"x": -1319.1555552391167, "y": 1319.155555239117}, "channel": 13}, "attempt": 1}
2026-09-13 12:15:53,597 INFO response {"request_id": "34ec1d61055e4916bce94eb755fd27d9", "http_status": 200, "body": {"accepted": true, "real_timestamp_ms": 1789272949568, "virtual_time_s": 2639.960621, "measure_result": "no_signal"}}
2026-09-13 12:15:53,613 INFO request {"path": "/measure", "payload": {"arena_id": "default", "robot_id": "202601002029", "request_id": "6884107b1fa443f98f0a6eced9b4ee37", "position": {"x": -1319.1555552391167, "y": 1319.155555239117}, "channel": 14}, "attempt": 1}
2026-09-13 12:15:53,627 INFO response {"request_id": "6884107b1fa443f98f0a6eced9b4ee37", "http_status": 200, "body": {"accepted": true, "real_timestamp_ms": 1789272949597, "virtual_time_s": 2645.960621, "measure_result": "no_signal"}}
2026-09-13 12:15:53,658 INFO request {"path": "/measure", "payload": {"arena_id": "default", "robot_id": "202601002029", "request_id": "10c02b0ff6f646e9811eb2446d0cd8cf", "position": {"x": -1319.1555552391167, "y": 1319.155555239117}, "channel": 15}, "attempt": 1}
2026-09-13 12:15:53,660 INFO response {"request_id": "10c02b0ff6f646e9811eb2446d0cd8cf", "http_status": 200, "body": {"accepted": true, "real_timestamp_ms": 1789272949630, "virtual_time_s": 2651.960621, "measure_result": "no_signal"}}
2026-09-13 12:15:53,708 INFO request {"path": "/measure", "payload": {"arena_id": "default", "robot_id": "202601002029", "request_id": "5ce35ca886e440c09f2fd0efa0f53317", "position": {"x": -1319.1555552391167, "y": 1319.155555239117}, "channel": 12}, "attempt": 1}
2026-09-13 12:15:53,709 INFO response {"request_id": "5ce35ca886e440c09f2fd0efa0f53317", "http_status": 200, "body": {"accepted": true, "real_timestamp_ms": 1789272949680, "virtual_time_s": 2657.960621, "measure_result": "direction", "svd_deg": 261.68}}
2026-09-13 12:15:54,223 INFO request {"path": "/clear", "payload": {"arena_id": "default", "robot_id": "202601002029", "request_id": "4442ef6fee5048bab71fdeb325626956", "position": {"x": -1409.061966759738, "y": 676.5409126155106}, "channel": 12}, "attempt": 1}
2026-09-13 12:15:54,244 INFO response {"request_id": "4442ef6fee5048bab71fdeb325626956", "http_status": 200, "body": {"accepted": true, "real_timestamp_ms": 1789272950214, "virtual_time_s": 2792.735309, "clear_result": "success"}}
2026-09-13 12:15:54,295 INFO request {"path": "/measure", "payload": {"arena_id": "default", "robot_id": "202601002029", "request_id": "59930b938d134ef1a521f7e42618a940", "position": {"x": -1801.9999999999998, "y": 482.84444476088356}, "channel": 1}, "attempt": 1}
2026-09-13 12:15:54,296 INFO response {"request_id": "59930b938d134ef1a521f7e42618a940", "http_status": 200, "body": {"accepted": true, "real_timestamp_ms": 1789272950267, "virtual_time_s": 2886.352344, "measure_result": "no_signal"}}
2026-09-13 12:15:54,327 INFO request {"path": "/measure", "payload": {"arena_id": "default", "robot_id": "202601002029", "request_id": "0b5f93b7111847f28b501d7bc975a763", "position": {"x": -1801.9999999999998, "y": 482.84444476088356}, "channel": 8}, "attempt": 1}
2026-09-13 12:15:54,329 INFO response {"request_id": "0b5f93b7111847f28b501d7bc975a763", "http_status": 200, "body": {"accepted": true, "real_timestamp_ms": 1789272950299, "virtual_time_s": 2892.352344, "measure_result": "no_signal"}}
2026-09-13 12:15:54,360 INFO request {"path": "/measure", "payload": {"arena_id": "default", "robot_id": "202601002029", "request_id": "babc685f73554f3d94c525a2aba87a28", "position": {"x": -1801.9999999999998, "y": 482.84444476088356}, "channel": 9}, "attempt": 1}
2026-09-13 12:15:54,362 INFO response {"request_id": "babc685f73554f3d94c525a2aba87a28", "http_status": 200, "body": {"accepted": true, "real_timestamp_ms": 1789272950332, "virtual_time_s": 2898.352344, "measure_result": "no_signal"}}
2026-09-13 12:15:54,377 INFO request {"path": "/measure", "payload": {"arena_id": "default", "robot_id": "202601002029", "request_id": "d6ba5eb53efa4d4db98af5417ba32637", "position": {"x": -1801.9999999999998, "y": 482.84444476088356}, "channel": 13}, "attempt": 1}
2026-09-13 12:15:54,379 INFO response {"request_id": "d6ba5eb53efa4d4db98af5417ba32637", "http_status": 200, "body": {"accepted": true, "real_timestamp_ms": 1789272950349, "virtual_time_s": 2904.352344, "measure_result": "no_signal"}}
2026-09-13 12:15:54,393 INFO request {"path": "/measure", "payload": {"arena_id": "default", "robot_id": "202601002029", "request_id": "4e58ed81a0b8438dbc6508ed778b89aa", "position": {"x": -1801.9999999999998, "y": 482.84444476088356}, "channel": 14}, "attempt": 1}
2026-09-13 12:15:54,417 INFO response {"request_id": "4e58ed81a0b8438dbc6508ed778b89aa", "http_status": 200, "body": {"accepted": true, "real_timestamp_ms": 1789272950387, "virtual_time_s": 2910.352344, "measure_result": "no_signal"}}
2026-09-13 12:15:54,432 INFO request {"path": "/measure", "payload": {"arena_id": "default", "robot_id": "202601002029", "request_id": "89e25afd102d4a3995e44288e5c8e3f7", "position": {"x": -1801.9999999999998, "y": 482.84444476088356}, "channel": 15}, "attempt": 1}
2026-09-13 12:15:54,434 INFO response {"request_id": "89e25afd102d4a3995e44288e5c8e3f7", "http_status": 200, "body": {"accepted": true, "real_timestamp_ms": 1789272950404, "virtual_time_s": 2916.352344, "measure_result": "no_signal"}}
2026-09-13 12:15:55,420 INFO request {"path": "/measure", "payload": {"arena_id": "default", "robot_id": "202601002029", "request_id": "6ebcc4c1809d45bf93ea371aae1d3e07", "position": {"x": -1802.0000000000002, "y": -482.84444476088237}, "channel": 15}, "attempt": 1}
2026-09-13 12:15:55,431 INFO response {"request_id": "6ebcc4c1809d45bf93ea371aae1d3e07", "http_status": 200, "body": {"accepted": true, "real_timestamp_ms": 1789272951401, "virtual_time_s": 3114.490122, "measure_result": "no_signal"}}
2026-09-13 12:15:55,446 INFO request {"path": "/measure", "payload": {"arena_id": "default", "robot_id": "202601002029", "request_id": "56ffa6518ac94007bbb9e8a0cffb8178", "position": {"x": -1802.0000000000002, "y": -482.84444476088237}, "channel": 1}, "attempt": 1}
2026-09-13 12:15:55,463 INFO response {"request_id": "56ffa6518ac94007bbb9e8a0cffb8178", "http_status": 200, "body": {"accepted": true, "real_timestamp_ms": 1789272951433, "virtual_time_s": 3120.490122, "measure_result": "no_signal"}}
2026-09-13 12:15:55,478 INFO request {"path": "/measure", "payload": {"arena_id": "default", "robot_id": "202601002029", "request_id": "d7c8db4394424f13ba2c143289c6a558", "position": {"x": -1802.0000000000002, "y": -482.84444476088237}, "channel": 8}, "attempt": 1}
2026-09-13 12:15:55,495 INFO response {"request_id": "d7c8db4394424f13ba2c143289c6a558", "http_status": 200, "body": {"accepted": true, "real_timestamp_ms": 1789272951465, "virtual_time_s": 3126.490122, "measure_result": "no_signal"}}
2026-09-13 12:15:55,510 INFO request {"path": "/measure", "payload": {"arena_id": "default", "robot_id": "202601002029", "request_id": "1937510d16ea42079302f9516675f737", "position": {"x": -1802.0000000000002, "y": -482.84444476088237}, "channel": 9}, "attempt": 1}
2026-09-13 12:15:55,513 INFO response {"request_id": "1937510d16ea42079302f9516675f737", "http_status": 200, "body": {"accepted": true, "real_timestamp_ms": 1789272951482, "virtual_time_s": 3132.490122, "measure_result": "no_signal"}}
2026-09-13 12:15:55,543 INFO request {"path": "/measure", "payload": {"arena_id": "default", "robot_id": "202601002029", "request_id": "7b95886e06564bd2bb97ae22684e3fa3", "position": {"x": -1802.0000000000002, "y": -482.84444476088237}, "channel": 13}, "attempt": 1}
2026-09-13 12:15:55,545 INFO response {"request_id": "7b95886e06564bd2bb97ae22684e3fa3", "http_status": 200, "body": {"accepted": true, "real_timestamp_ms": 1789272951515, "virtual_time_s": 3138.490122, "measure_result": "no_signal"}}
2026-09-13 12:15:55,575 INFO request {"path": "/measure", "payload": {"arena_id": "default", "robot_id": "202601002029", "request_id": "5afaec08669347cea24f1a9f33579d2c", "position": {"x": -1802.0000000000002, "y": -482.84444476088237}, "channel": 14}, "attempt": 1}
2026-09-13 12:15:55,577 INFO response {"request_id": "5afaec08669347cea24f1a9f33579d2c", "http_status": 200, "body": {"accepted": true, "real_timestamp_ms": 1789272951548, "virtual_time_s": 3144.490122, "measure_result": "no_signal"}}
2026-09-13 12:15:55,640 INFO request {"path": "/measure", "payload": {"arena_id": "default", "robot_id": "202601002029", "request_id": "6e333a48809e460880a5f4c67677bca9", "position": {"x": -1802.0000000000002, "y": -482.84444476088237}, "channel": 2}, "attempt": 1}
2026-09-13 12:15:55,643 INFO response {"request_id": "6e333a48809e460880a5f4c67677bca9", "http_status": 200, "body": {"accepted": true, "real_timestamp_ms": 1789272951612, "virtual_time_s": 3150.490122, "measure_result": "direction", "svd_deg": 307.54}}
2026-09-13 12:15:55,661 INFO request {"path": "/measure", "payload": {"arena_id": "default", "robot_id": "202601002029", "request_id": "e1d8808dc9c04936b9c4fae768b6bab8", "position": {"x": -1802.0000000000002, "y": -482.84444476088237}, "channel": 5}, "attempt": 1}
2026-09-13 12:15:55,683 INFO response {"request_id": "e1d8808dc9c04936b9c4fae768b6bab8", "http_status": 200, "body": {"accepted": true, "real_timestamp_ms": 1789272951652, "virtual_time_s": 3156.490122, "measure_result": "direction", "svd_deg": 323.47}}
2026-09-13 12:15:56,096 INFO request {"path": "/clear", "payload": {"arena_id": "default", "robot_id": "202601002029", "request_id": "17c2df110b524f588bb1df5e46c110d6", "position": {"x": -1314.98300343625, "y": -1120.6481214993978}, "channel": 2}, "attempt": 1}
2026-09-13 12:15:56,122 INFO response {"request_id": "17c2df110b524f588bb1df5e46c110d6", "http_status": 200, "body": {"accepted": true, "real_timestamp_ms": 1789272952092, "virtual_time_s": 3321.986737, "clear_result": "success"}}
2026-09-13 12:15:56,192 INFO request {"path": "/measure", "payload": {"arena_id": "default", "robot_id": "202601002029", "request_id": "794371524cd146daa1d652613903f2e5", "position": {"x": -1319.1555552391176, "y": -1319.1555552391162}, "channel": 1}, "attempt": 1}
2026-09-13 12:15:56,193 INFO response {"request_id": "794371524cd146daa1d652613903f2e5", "http_status": 200, "body": {"accepted": true, "real_timestamp_ms": 1789272952164, "virtual_time_s": 3367.696993, "measure_result": "no_signal"}}
2026-09-13 12:15:56,224 INFO request {"path": "/measure", "payload": {"arena_id": "default", "robot_id": "202601002029", "request_id": "a422cb4273dd45c09eec2aa35e6196aa", "position": {"x": -1319.1555552391176, "y": -1319.1555552391162}, "channel": 8}, "attempt": 1}
2026-09-13 12:15:56,245 INFO response {"request_id": "a422cb4273dd45c09eec2aa35e6196aa", "http_status": 200, "body": {"accepted": true, "real_timestamp_ms": 1789272952215, "virtual_time_s": 3373.696993, "measure_result": "no_signal"}}
2026-09-13 12:15:56,260 INFO request {"path": "/measure", "payload": {"arena_id": "default", "robot_id": "202601002029", "request_id": "8cda65301d4b4d7c850b59fd725b9260", "position": {"x": -1319.1555552391176, "y": -1319.1555552391162}, "channel": 9}, "attempt": 1}
2026-09-13 12:15:56,262 INFO response {"request_id": "8cda65301d4b4d7c850b59fd725b9260", "http_status": 200, "body": {"accepted": true, "real_timestamp_ms": 1789272952232, "virtual_time_s": 3379.696993, "measure_result": "no_signal"}}
2026-09-13 12:15:56,293 INFO request {"path": "/measure", "payload": {"arena_id": "default", "robot_id": "202601002029", "request_id": "78636d2df6b24c8f8316390491ec88fc", "position": {"x": -1319.1555552391176, "y": -1319.1555552391162}, "channel": 13}, "attempt": 1}
2026-09-13 12:15:56,305 INFO response {"request_id": "78636d2df6b24c8f8316390491ec88fc", "http_status": 200, "body": {"accepted": true, "real_timestamp_ms": 1789272952276, "virtual_time_s": 3385.696993, "measure_result": "no_signal"}}
2026-09-13 12:15:56,321 INFO request {"path": "/measure", "payload": {"arena_id": "default", "robot_id": "202601002029", "request_id": "06381e9ac9804d259178d356048ef0ac", "position": {"x": -1319.1555552391176, "y": -1319.1555552391162}, "channel": 14}, "attempt": 1}
2026-09-13 12:15:56,337 INFO response {"request_id": "06381e9ac9804d259178d356048ef0ac", "http_status": 200, "body": {"accepted": true, "real_timestamp_ms": 1789272952307, "virtual_time_s": 3391.696993, "measure_result": "no_signal"}}
2026-09-13 12:15:56,352 INFO request {"path": "/measure", "payload": {"arena_id": "default", "robot_id": "202601002029", "request_id": "025ff33f71a64bf5a09cd6f278f1aba7", "position": {"x": -1319.1555552391176, "y": -1319.1555552391162}, "channel": 15}, "attempt": 1}
2026-09-13 12:15:56,354 INFO response {"request_id": "025ff33f71a64bf5a09cd6f278f1aba7", "http_status": 200, "body": {"accepted": true, "real_timestamp_ms": 1789272952324, "virtual_time_s": 3397.696993, "measure_result": "no_signal"}}
2026-09-13 12:15:56,413 INFO request {"path": "/measure", "payload": {"arena_id": "default", "robot_id": "202601002029", "request_id": "a0752cdac7084b97a393815cd581eba7", "position": {"x": -1319.1555552391176, "y": -1319.1555552391162}, "channel": 5}, "attempt": 1}
2026-09-13 12:15:56,430 INFO response {"request_id": "a0752cdac7084b97a393815cd581eba7", "http_status": 200, "body": {"accepted": true, "real_timestamp_ms": 1789272952399, "virtual_time_s": 3403.696993, "measure_result": "direction", "svd_deg": 34.32}}
2026-09-13 12:15:57,067 INFO request {"path": "/measure", "payload": {"arena_id": "default", "robot_id": "202601002029", "request_id": "a5a61215feb947adb4e426310705b2d4", "position": {"x": -482.8444447608845, "y": -1801.9999999999995}, "channel": 1}, "attempt": 1}
2026-09-13 12:15:57,068 INFO response {"request_id": "a5a61215feb947adb4e426310705b2d4", "http_status": 200, "body": {"accepted": true, "real_timestamp_ms": 1789272953039, "virtual_time_s": 3602.834771, "measure_result": "no_signal"}}
2026-09-13 12:15:57,099 INFO request {"path": "/measure", "payload": {"arena_id": "default", "robot_id": "202601002029", "request_id": "9fefe1ad505145a18adf17ce181ca6a8", "position": {"x": -482.8444447608845, "y": -1801.9999999999995}, "channel": 8}, "attempt": 1}
2026-09-13 12:15:57,122 INFO response {"request_id": "9fefe1ad505145a18adf17ce181ca6a8", "http_status": 200, "body": {"accepted": true, "real_timestamp_ms": 1789272953091, "virtual_time_s": 3608.834771, "measure_result": "no_signal"}}
2026-09-13 12:15:57,136 INFO request {"path": "/measure", "payload": {"arena_id": "default", "robot_id": "202601002029", "request_id": "8db96fa0379847bdb6d28eb80362c68b", "position": {"x": -482.8444447608845, "y": -1801.9999999999995}, "channel": 9}, "attempt": 1}
2026-09-13 12:15:57,138 INFO response {"request_id": "8db96fa0379847bdb6d28eb80362c68b", "http_status": 200, "body": {"accepted": true, "real_timestamp_ms": 1789272953108, "virtual_time_s": 3614.834771, "measure_result": "no_signal"}}
2026-09-13 12:15:57,168 INFO request {"path": "/measure", "payload": {"arena_id": "default", "robot_id": "202601002029", "request_id": "a6313a4cf1b34791ba8d8f598360d8c1", "position": {"x": -482.8444447608845, "y": -1801.9999999999995}, "channel": 13}, "attempt": 1}
2026-09-13 12:15:57,171 INFO response {"request_id": "a6313a4cf1b34791ba8d8f598360d8c1", "http_status": 200, "body": {"accepted": true, "real_timestamp_ms": 1789272953140, "virtual_time_s": 3620.834771, "measure_result": "no_signal"}}
2026-09-13 12:15:57,201 INFO request {"path": "/measure", "payload": {"arena_id": "default", "robot_id": "202601002029", "request_id": "807eb8e0c92243df8be18b05c04f3828", "position": {"x": -482.8444447608845, "y": -1801.9999999999995}, "channel": 14}, "attempt": 1}
2026-09-13 12:15:57,203 INFO response {"request_id": "807eb8e0c92243df8be18b05c04f3828", "http_status": 200, "body": {"accepted": true, "real_timestamp_ms": 1789272953174, "virtual_time_s": 3626.834771, "measure_result": "no_signal"}}
2026-09-13 12:15:57,235 INFO request {"path": "/measure", "payload": {"arena_id": "default", "robot_id": "202601002029", "request_id": "1cf936d96f79448c8c72d63834843e36", "position": {"x": -482.8444447608845, "y": -1801.9999999999995}, "channel": 15}, "attempt": 1}
2026-09-13 12:15:57,261 INFO response {"request_id": "1cf936d96f79448c8c72d63834843e36", "http_status": 200, "body": {"accepted": true, "real_timestamp_ms": 1789272953230, "virtual_time_s": 3632.834771, "measure_result": "no_signal"}}
2026-09-13 12:15:57,347 INFO request {"path": "/measure", "payload": {"arena_id": "default", "robot_id": "202601002029", "request_id": "f66e7964c134420dbafc153661868118", "position": {"x": -482.8444447608845, "y": -1801.9999999999995}, "channel": 6}, "attempt": 1}
2026-09-13 12:15:57,369 INFO response {"request_id": "f66e7964c134420dbafc153661868118", "http_status": 200, "body": {"accepted": true, "real_timestamp_ms": 1789272953340, "virtual_time_s": 3638.834771, "measure_result": "direction", "svd_deg": 110.29}}
2026-09-13 12:15:57,389 INFO request {"path": "/measure", "payload": {"arena_id": "default", "robot_id": "202601002029", "request_id": "3f862c37d4d3463a8fd70a667b4028be", "position": {"x": -482.8444447608845, "y": -1801.9999999999995}, "channel": 4}, "attempt": 1}
2026-09-13 12:15:57,417 INFO response {"request_id": "3f862c37d4d3463a8fd70a667b4028be", "http_status": 200, "body": {"accepted": true, "real_timestamp_ms": 1789272953387, "virtual_time_s": 3644.834771, "measure_result": "direction", "svd_deg": 16.29}}
2026-09-13 12:15:57,838 INFO request {"path": "/measure", "payload": {"arena_id": "default", "robot_id": "202601002029", "request_id": "6f1386b30a734fa491dd7f3d7d54816e", "position": {"x": 482.84444476088225, "y": -1802.0000000000002}, "channel": 1}, "attempt": 1}
2026-09-13 12:15:57,838 INFO response {"request_id": "6f1386b30a734fa491dd7f3d7d54816e", "http_status": 200, "body": {"accepted": true, "real_timestamp_ms": 1789272953809, "virtual_time_s": 3843.972549, "measure_result": "no_signal"}}
2026-09-13 12:15:57,869 INFO request {"path": "/measure", "payload": {"arena_id": "default", "robot_id": "202601002029", "request_id": "f82e7b6a2da34faebff81b3682362634", "position": {"x": 482.84444476088225, "y": -1802.0000000000002}, "channel": 8}, "attempt": 1}
2026-09-13 12:15:57,872 INFO response {"request_id": "f82e7b6a2da34faebff81b3682362634", "http_status": 200, "body": {"accepted": true, "real_timestamp_ms": 1789272953841, "virtual_time_s": 3849.972549, "measure_result": "no_signal"}}
2026-09-13 12:15:57,902 INFO request {"path": "/measure", "payload": {"arena_id": "default", "robot_id": "202601002029", "request_id": "3559bcd405db41a998c834ce3bf4adfb", "position": {"x": 482.84444476088225, "y": -1802.0000000000002}, "channel": 9}, "attempt": 1}
2026-09-13 12:15:57,921 INFO response {"request_id": "3559bcd405db41a998c834ce3bf4adfb", "http_status": 200, "body": {"accepted": true, "real_timestamp_ms": 1789272953891, "virtual_time_s": 3855.972549, "measure_result": "no_signal"}}
2026-09-13 12:15:57,936 INFO request {"path": "/measure", "payload": {"arena_id": "default", "robot_id": "202601002029", "request_id": "dda21f0d233543dcaa458be026216d18", "position": {"x": 482.84444476088225, "y": -1802.0000000000002}, "channel": 13}, "attempt": 1}
2026-09-13 12:15:57,938 INFO response {"request_id": "dda21f0d233543dcaa458be026216d18", "http_status": 200, "body": {"accepted": true, "real_timestamp_ms": 1789272953908, "virtual_time_s": 3861.972549, "measure_result": "no_signal"}}
2026-09-13 12:15:57,969 INFO request {"path": "/measure", "payload": {"arena_id": "default", "robot_id": "202601002029", "request_id": "cc5daae2e12d4bea9e63f05c3c0e4fc4", "position": {"x": 482.84444476088225, "y": -1802.0000000000002}, "channel": 14}, "attempt": 1}
2026-09-13 12:15:57,972 INFO response {"request_id": "cc5daae2e12d4bea9e63f05c3c0e4fc4", "http_status": 200, "body": {"accepted": true, "real_timestamp_ms": 1789272953941, "virtual_time_s": 3867.972549, "measure_result": "no_signal"}}
2026-09-13 12:15:57,987 INFO request {"path": "/measure", "payload": {"arena_id": "default", "robot_id": "202601002029", "request_id": "560e200b8efb4b008856572c90ae2324", "position": {"x": 482.84444476088225, "y": -1802.0000000000002}, "channel": 15}, "attempt": 1}
2026-09-13 12:15:57,989 INFO response {"request_id": "560e200b8efb4b008856572c90ae2324", "http_status": 200, "body": {"accepted": true, "real_timestamp_ms": 1789272953959, "virtual_time_s": 3873.972549, "measure_result": "no_signal"}}
2026-09-13 12:15:58,078 INFO request {"path": "/measure", "payload": {"arena_id": "default", "robot_id": "202601002029", "request_id": "c2f53d2c43b047e1bd4a838ec3cf202d", "position": {"x": 482.84444476088225, "y": -1802.0000000000002}, "channel": 4}, "attempt": 1}
2026-09-13 12:15:58,080 INFO response {"request_id": "c2f53d2c43b047e1bd4a838ec3cf202d", "http_status": 200, "body": {"accepted": true, "real_timestamp_ms": 1789272954051, "virtual_time_s": 3879.972549, "measure_result": "direction", "svd_deg": 66.44}}
2026-09-13 12:15:58,106 INFO request {"path": "/measure", "payload": {"arena_id": "default", "robot_id": "202601002029", "request_id": "a557891ee9684c97b1b9fefe674b4a58", "position": {"x": 482.84444476088225, "y": -1802.0000000000002}, "channel": 18}, "attempt": 1}
2026-09-13 12:15:58,109 INFO response {"request_id": "a557891ee9684c97b1b9fefe674b4a58", "http_status": 200, "body": {"accepted": true, "real_timestamp_ms": 1789272954078, "virtual_time_s": 3885.972549, "measure_result": "direction", "svd_deg": 59.93}}
2026-09-13 12:15:58,213 INFO request {"path": "/clear", "payload": {"arena_id": "default", "robot_id": "202601002029", "request_id": "31c63fd73aa74deab03f8955e95b203a", "position": {"x": 628.8216155328907, "y": -1471.8935926266583}, "channel": 4}, "attempt": 1}
2026-09-13 12:15:58,214 INFO response {"request_id": "31c63fd73aa74deab03f8955e95b203a", "http_status": 200, "body": {"accepted": true, "real_timestamp_ms": 1789272954185, "virtual_time_s": 3963.161073, "clear_result": "success"}}
2026-09-13 12:15:58,247 INFO request {"path": "/clear", "payload": {"arena_id": "default", "robot_id": "202601002029", "request_id": "d27e49b3d0f04af194fdd14b57c47bbe", "position": {"x": 812.1311897322337, "y": -1233.0053344735384}, "channel": 18}, "attempt": 1}
2026-09-13 12:15:58,268 INFO response {"request_id": "d27e49b3d0f04af194fdd14b57c47bbe", "http_status": 200, "body": {"accepted": true, "real_timestamp_ms": 1789272954238, "virtual_time_s": 4028.383992, "clear_result": "success"}}
2026-09-13 12:15:58,295 INFO request {"path": "/measure", "payload": {"arena_id": "default", "robot_id": "202601002029", "request_id": "2bc0a75bdee740218ee02c451ec62a16", "position": {"x": 1319.1555552391164, "y": -1319.1555552391171}, "channel": 1}, "attempt": 1}
2026-09-13 12:15:58,296 INFO response {"request_id": "2bc0a75bdee740218ee02c451ec62a16", "http_status": 200, "body": {"accepted": true, "real_timestamp_ms": 1789272954267, "virtual_time_s": 4137.242257, "measure_result": "no_signal"}}
2026-09-13 12:15:58,327 INFO request {"path": "/measure", "payload": {"arena_id": "default", "robot_id": "202601002029", "request_id": "2e881977400e4523af2f26221f08f48b", "position": {"x": 1319.1555552391164, "y": -1319.1555552391171}, "channel": 8}, "attempt": 1}
2026-09-13 12:15:58,345 INFO response {"request_id": "2e881977400e4523af2f26221f08f48b", "http_status": 200, "body": {"accepted": true, "real_timestamp_ms": 1789272954315, "virtual_time_s": 4143.242257, "measure_result": "no_signal"}}
2026-09-13 12:15:58,360 INFO request {"path": "/measure", "payload": {"arena_id": "default", "robot_id": "202601002029", "request_id": "d52c51d40dc64263b0efc35e608a0b82", "position": {"x": 1319.1555552391164, "y": -1319.1555552391171}, "channel": 9}, "attempt": 1}
2026-09-13 12:15:58,363 INFO response {"request_id": "d52c51d40dc64263b0efc35e608a0b82", "http_status": 200, "body": {"accepted": true, "real_timestamp_ms": 1789272954333, "virtual_time_s": 4149.242257, "measure_result": "no_signal"}}
2026-09-13 12:15:58,378 INFO request {"path": "/measure", "payload": {"arena_id": "default", "robot_id": "202601002029", "request_id": "aa7b91e29f5249268a55f351fb040e8b", "position": {"x": 1319.1555552391164, "y": -1319.1555552391171}, "channel": 13}, "attempt": 1}
2026-09-13 12:15:58,380 INFO response {"request_id": "aa7b91e29f5249268a55f351fb040e8b", "http_status": 200, "body": {"accepted": true, "real_timestamp_ms": 1789272954351, "virtual_time_s": 4155.242257, "measure_result": "no_signal"}}
2026-09-13 12:15:58,412 INFO request {"path": "/measure", "payload": {"arena_id": "default", "robot_id": "202601002029", "request_id": "f8a4a2316b934171b395a2b5060c8a62", "position": {"x": 1319.1555552391164, "y": -1319.1555552391171}, "channel": 14}, "attempt": 1}
2026-09-13 12:15:58,414 INFO response {"request_id": "f8a4a2316b934171b395a2b5060c8a62", "http_status": 200, "body": {"accepted": true, "real_timestamp_ms": 1789272954384, "virtual_time_s": 4161.242257, "measure_result": "no_signal"}}
2026-09-13 12:15:58,445 INFO request {"path": "/measure", "payload": {"arena_id": "default", "robot_id": "202601002029", "request_id": "c6c28445b59e4514886f52a7493d4059", "position": {"x": 1319.1555552391164, "y": -1319.1555552391171}, "channel": 15}, "attempt": 1}
2026-09-13 12:15:58,446 INFO response {"request_id": "c6c28445b59e4514886f52a7493d4059", "http_status": 200, "body": {"accepted": true, "real_timestamp_ms": 1789272954416, "virtual_time_s": 4167.242257, "measure_result": "no_signal"}}
2026-09-13 12:15:58,578 INFO request {"path": "/measure", "payload": {"arena_id": "default", "robot_id": "202601002029", "request_id": "003045b36f624f1db94bf99c13c2ca6c", "position": {"x": 1801.9999999999995, "y": -482.84444476088464}, "channel": 15}, "attempt": 1}
2026-09-13 12:15:58,580 INFO response {"request_id": "003045b36f624f1db94bf99c13c2ca6c", "http_status": 200, "body": {"accepted": true, "real_timestamp_ms": 1789272954550, "virtual_time_s": 4365.380035, "measure_result": "no_signal"}}
2026-09-13 12:15:58,610 INFO request {"path": "/measure", "payload": {"arena_id": "default", "robot_id": "202601002029", "request_id": "ac86f79141b54a30b7a5bf711d373955", "position": {"x": 1801.9999999999995, "y": -482.84444476088464}, "channel": 1}, "attempt": 1}
2026-09-13 12:15:58,626 INFO response {"request_id": "ac86f79141b54a30b7a5bf711d373955", "http_status": 200, "body": {"accepted": true, "real_timestamp_ms": 1789272954596, "virtual_time_s": 4371.380035, "measure_result": "no_signal"}}
2026-09-13 12:15:58,641 INFO request {"path": "/measure", "payload": {"arena_id": "default", "robot_id": "202601002029", "request_id": "a244cd207f1d4cb09d6b951b4b049577", "position": {"x": 1801.9999999999995, "y": -482.84444476088464}, "channel": 8}, "attempt": 1}
2026-09-13 12:15:58,643 INFO response {"request_id": "a244cd207f1d4cb09d6b951b4b049577", "http_status": 200, "body": {"accepted": true, "real_timestamp_ms": 1789272954614, "virtual_time_s": 4377.380035, "measure_result": "no_signal"}}
2026-09-13 12:15:58,659 INFO request {"path": "/measure", "payload": {"arena_id": "default", "robot_id": "202601002029", "request_id": "022b954b924a4f2db3f4fbd517c32778", "position": {"x": 1801.9999999999995, "y": -482.84444476088464}, "channel": 9}, "attempt": 1}
2026-09-13 12:15:58,665 INFO response {"request_id": "022b954b924a4f2db3f4fbd517c32778", "http_status": 200, "body": {"accepted": true, "real_timestamp_ms": 1789272954635, "virtual_time_s": 4383.380035, "measure_result": "no_signal"}}
2026-09-13 12:15:58,696 INFO request {"path": "/measure", "payload": {"arena_id": "default", "robot_id": "202601002029", "request_id": "0cbb5d97f1d94ee4b740e95756010cd8", "position": {"x": 1801.9999999999995, "y": -482.84444476088464}, "channel": 13}, "attempt": 1}
2026-09-13 12:15:58,698 INFO response {"request_id": "0cbb5d97f1d94ee4b740e95756010cd8", "http_status": 200, "body": {"accepted": true, "real_timestamp_ms": 1789272954668, "virtual_time_s": 4389.380035, "measure_result": "no_signal"}}
2026-09-13 12:15:58,728 INFO request {"path": "/measure", "payload": {"arena_id": "default", "robot_id": "202601002029", "request_id": "c3493f2b4fb54580ad4f7683b2ccd614", "position": {"x": 1801.9999999999995, "y": -482.84444476088464}, "channel": 14}, "attempt": 1}
2026-09-13 12:15:58,731 INFO response {"request_id": "c3493f2b4fb54580ad4f7683b2ccd614", "http_status": 200, "body": {"accepted": true, "real_timestamp_ms": 1789272954701, "virtual_time_s": 4395.380035, "measure_result": "no_signal"}}
2026-09-13 12:15:58,855 INFO request {"path": "/measure", "payload": {"arena_id": "default", "robot_id": "202601002029", "request_id": "825e49cfb772435cb310ec69e3db5067", "position": {"x": 1802.0, "y": 482.84444476088305}, "channel": 14}, "attempt": 1}
2026-09-13 12:15:58,878 INFO response {"request_id": "825e49cfb772435cb310ec69e3db5067", "http_status": 200, "body": {"accepted": true, "real_timestamp_ms": 1789272954849, "virtual_time_s": 4593.517813, "measure_result": "no_signal"}}
2026-09-13 12:15:58,879 INFO request {"path": "/measure", "payload": {"arena_id": "default", "robot_id": "202601002029", "request_id": "aa27a19666d4490e8624b72f28487c8a", "position": {"x": 1802.0, "y": 482.84444476088305}, "channel": 1}, "attempt": 1}
2026-09-13 12:15:58,894 INFO response {"request_id": "aa27a19666d4490e8624b72f28487c8a", "http_status": 200, "body": {"accepted": true, "real_timestamp_ms": 1789272954864, "virtual_time_s": 4599.517813, "measure_result": "no_signal"}}
2026-09-13 12:15:58,910 INFO request {"path": "/measure", "payload": {"arena_id": "default", "robot_id": "202601002029", "request_id": "5b1eec0386844bdfb3333bab41012be2", "position": {"x": 1802.0, "y": 482.84444476088305}, "channel": 8}, "attempt": 1}
2026-09-13 12:15:58,912 INFO response {"request_id": "5b1eec0386844bdfb3333bab41012be2", "http_status": 200, "body": {"accepted": true, "real_timestamp_ms": 1789272954882, "virtual_time_s": 4605.517813, "measure_result": "no_signal"}}
2026-09-13 12:15:58,943 INFO request {"path": "/measure", "payload": {"arena_id": "default", "robot_id": "202601002029", "request_id": "807199563b8e4f5aa2e68c367a85d86a", "position": {"x": 1802.0, "y": 482.84444476088305}, "channel": 9}, "attempt": 1}
2026-09-13 12:15:58,945 INFO response {"request_id": "807199563b8e4f5aa2e68c367a85d86a", "http_status": 200, "body": {"accepted": true, "real_timestamp_ms": 1789272954915, "virtual_time_s": 4611.517813, "measure_result": "no_signal"}}
2026-09-13 12:15:58,976 INFO request {"path": "/measure", "payload": {"arena_id": "default", "robot_id": "202601002029", "request_id": "93f2745ad9254b2fb8e362300cde14ec", "position": {"x": 1802.0, "y": 482.84444476088305}, "channel": 13}, "attempt": 1}
2026-09-13 12:15:58,978 INFO response {"request_id": "93f2745ad9254b2fb8e362300cde14ec", "http_status": 200, "body": {"accepted": true, "real_timestamp_ms": 1789272954948, "virtual_time_s": 4617.517813, "measure_result": "no_signal"}}
2026-09-13 12:15:59,009 INFO request {"path": "/measure", "payload": {"arena_id": "default", "robot_id": "202601002029", "request_id": "dd1b86cd994f46e38f4efe6296876ff8", "position": {"x": 1802.0, "y": 482.84444476088305}, "channel": 15}, "attempt": 1}
2026-09-13 12:15:59,011 INFO response {"request_id": "dd1b86cd994f46e38f4efe6296876ff8", "http_status": 200, "body": {"accepted": true, "real_timestamp_ms": 1789272954981, "virtual_time_s": 4623.517813, "measure_result": "no_signal"}}
2026-09-13 12:15:59,091 INFO request {"path": "/measure", "payload": {"arena_id": "default", "robot_id": "202601002029", "request_id": "edecc401d3c7498f8a67b471624170b7", "position": {"x": 1319.155555239117, "y": 1319.155555239117}, "channel": 15}, "attempt": 1}
2026-09-13 12:15:59,092 INFO response {"request_id": "edecc401d3c7498f8a67b471624170b7", "http_status": 200, "body": {"accepted": true, "real_timestamp_ms": 1789272955062, "virtual_time_s": 4821.655591, "measure_result": "no_signal"}}
2026-09-13 12:15:59,123 INFO request {"path": "/measure", "payload": {"arena_id": "default", "robot_id": "202601002029", "request_id": "d9768bdf5a1e424c8975478a9192777e", "position": {"x": 1319.155555239117, "y": 1319.155555239117}, "channel": 1}, "attempt": 1}
2026-09-13 12:15:59,125 INFO response {"request_id": "d9768bdf5a1e424c8975478a9192777e", "http_status": 200, "body": {"accepted": true, "real_timestamp_ms": 1789272955095, "virtual_time_s": 4827.655591, "measure_result": "no_signal"}}
2026-09-13 12:15:59,156 INFO request {"path": "/measure", "payload": {"arena_id": "default", "robot_id": "202601002029", "request_id": "7c1d0497e5e64325a4f21f720008baee", "position": {"x": 1319.155555239117, "y": 1319.155555239117}, "channel": 8}, "attempt": 1}
2026-09-13 12:15:59,159 INFO response {"request_id": "7c1d0497e5e64325a4f21f720008baee", "http_status": 200, "body": {"accepted": true, "real_timestamp_ms": 1789272955128, "virtual_time_s": 4833.655591, "measure_result": "no_signal"}}
2026-09-13 12:15:59,173 INFO request {"path": "/measure", "payload": {"arena_id": "default", "robot_id": "202601002029", "request_id": "c2f9739e232f44d8b24cc6e929f23f63", "position": {"x": 1319.155555239117, "y": 1319.155555239117}, "channel": 9}, "attempt": 1}
2026-09-13 12:15:59,175 INFO response {"request_id": "c2f9739e232f44d8b24cc6e929f23f63", "http_status": 200, "body": {"accepted": true, "real_timestamp_ms": 1789272955145, "virtual_time_s": 4839.655591, "measure_result": "no_signal"}}
2026-09-13 12:15:59,190 INFO request {"path": "/measure", "payload": {"arena_id": "default", "robot_id": "202601002029", "request_id": "e26eeee4671d4c4da63fbb62a65092fa", "position": {"x": 1319.155555239117, "y": 1319.155555239117}, "channel": 13}, "attempt": 1}
2026-09-13 12:15:59,192 INFO response {"request_id": "e26eeee4671d4c4da63fbb62a65092fa", "http_status": 200, "body": {"accepted": true, "real_timestamp_ms": 1789272955162, "virtual_time_s": 4845.655591, "measure_result": "no_signal"}}
2026-09-13 12:15:59,223 INFO request {"path": "/measure", "payload": {"arena_id": "default", "robot_id": "202601002029", "request_id": "e88d5e0d9d5b40e1b922e6541ffd9f1b", "position": {"x": 1319.155555239117, "y": 1319.155555239117}, "channel": 14}, "attempt": 1}
2026-09-13 12:15:59,225 INFO response {"request_id": "e88d5e0d9d5b40e1b922e6541ffd9f1b", "http_status": 200, "body": {"accepted": true, "real_timestamp_ms": 1789272955195, "virtual_time_s": 4851.655591, "measure_result": "no_signal"}}
2026-09-13 12:15:59,257 INFO request {"path": "/measure", "payload": {"arena_id": "default", "robot_id": "202601002029", "request_id": "1802869611974acbb55dcda95864aa81", "position": {"x": 1319.155555239117, "y": 1319.155555239117}, "channel": 20}, "attempt": 1}
2026-09-13 12:15:59,280 INFO response {"request_id": "1802869611974acbb55dcda95864aa81", "http_status": 200, "body": {"accepted": true, "real_timestamp_ms": 1789272955250, "virtual_time_s": 4857.655591, "measure_result": "direction", "svd_deg": 161.2}}
2026-09-13 12:15:59,329 INFO request {"path": "/measure", "payload": {"arena_id": "default", "robot_id": "202601002029", "request_id": "5260e99b4c2e45e69cb9861bd08b111a", "position": {"x": 482.8444447608835, "y": 1801.9999999999998}, "channel": 1}, "attempt": 1}
2026-09-13 12:15:59,344 INFO response {"request_id": "5260e99b4c2e45e69cb9861bd08b111a", "http_status": 200, "body": {"accepted": true, "real_timestamp_ms": 1789272955314, "virtual_time_s": 5056.793369, "measure_result": "no_signal"}}
2026-09-13 12:15:59,358 INFO request {"path": "/measure", "payload": {"arena_id": "default", "robot_id": "202601002029", "request_id": "1b6e512c4b4d4bbeae6340364dfb41ca", "position": {"x": 482.8444447608835, "y": 1801.9999999999998}, "channel": 8}, "attempt": 1}
2026-09-13 12:15:59,362 INFO response {"request_id": "1b6e512c4b4d4bbeae6340364dfb41ca", "http_status": 200, "body": {"accepted": true, "real_timestamp_ms": 1789272955331, "virtual_time_s": 5062.793369, "measure_result": "no_signal"}}
2026-09-13 12:15:59,377 INFO request {"path": "/measure", "payload": {"arena_id": "default", "robot_id": "202601002029", "request_id": "f90f11341fc349d5bd220b5c7dce86be", "position": {"x": 482.8444447608835, "y": 1801.9999999999998}, "channel": 9}, "attempt": 1}
2026-09-13 12:15:59,378 INFO response {"request_id": "f90f11341fc349d5bd220b5c7dce86be", "http_status": 200, "body": {"accepted": true, "real_timestamp_ms": 1789272955349, "virtual_time_s": 5068.793369, "measure_result": "no_signal"}}
2026-09-13 12:15:59,393 INFO request {"path": "/measure", "payload": {"arena_id": "default", "robot_id": "202601002029", "request_id": "ecadf13ae0184b9ca9200da0a957265d", "position": {"x": 482.8444447608835, "y": 1801.9999999999998}, "channel": 13}, "attempt": 1}
2026-09-13 12:15:59,395 INFO response {"request_id": "ecadf13ae0184b9ca9200da0a957265d", "http_status": 200, "body": {"accepted": true, "real_timestamp_ms": 1789272955365, "virtual_time_s": 5074.793369, "measure_result": "no_signal"}}
2026-09-13 12:15:59,425 INFO request {"path": "/measure", "payload": {"arena_id": "default", "robot_id": "202601002029", "request_id": "68349cfd1c184e05832b73da4d994ad2", "position": {"x": 482.8444447608835, "y": 1801.9999999999998}, "channel": 14}, "attempt": 1}
2026-09-13 12:15:59,428 INFO response {"request_id": "68349cfd1c184e05832b73da4d994ad2", "http_status": 200, "body": {"accepted": true, "real_timestamp_ms": 1789272955398, "virtual_time_s": 5080.793369, "measure_result": "no_signal"}}
2026-09-13 12:15:59,460 INFO request {"path": "/measure", "payload": {"arena_id": "default", "robot_id": "202601002029", "request_id": "565170b59e76450bb483a66a4569ee66", "position": {"x": 482.8444447608835, "y": 1801.9999999999998}, "channel": 15}, "attempt": 1}
2026-09-13 12:15:59,462 INFO response {"request_id": "565170b59e76450bb483a66a4569ee66", "http_status": 200, "body": {"accepted": true, "real_timestamp_ms": 1789272955432, "virtual_time_s": 5086.793369, "measure_result": "no_signal"}}
2026-09-13 12:16:01,828 INFO request {"path": "/measure", "payload": {"arena_id": "default", "robot_id": "202601002029", "request_id": "a4a297d08a3849f0b013bbeaf4b50ec7", "position": {"x": 390.90661510775703, "y": 1653.3457372740636}, "channel": 20}, "attempt": 1}
2026-09-13 12:16:01,849 INFO response {"request_id": "a4a297d08a3849f0b013bbeaf4b50ec7", "http_status": 200, "body": {"accepted": true, "real_timestamp_ms": 1789272957819, "virtual_time_s": 5127.75086, "measure_result": "direction", "svd_deg": 165.05}}
2026-09-13 12:16:01,857 INFO request {"path": "/clear", "payload": {"arena_id": "default", "robot_id": "202601002029", "request_id": "c608838e8b8141dda833db5325a22335", "position": {"x": -152.3733713955837, "y": 435.626939668589}, "channel": 7}, "attempt": 1}
2026-09-13 12:16:01,859 INFO response {"request_id": "c608838e8b8141dda833db5325a22335", "http_status": 200, "body": {"accepted": true, "real_timestamp_ms": 1789272957829, "virtual_time_s": 5399.433609, "clear_result": "success"}}
2026-09-13 12:16:01,892 INFO request {"path": "/clear", "payload": {"arena_id": "default", "robot_id": "202601002029", "request_id": "44817ac508e04b52b86a87d57e203a52", "position": {"x": 208.94050239548372, "y": 1705.3518713976596}, "channel": 20}, "attempt": 1}
2026-09-13 12:16:01,894 INFO response {"request_id": "44817ac508e04b52b86a87d57e203a52", "http_status": 200, "body": {"accepted": true, "real_timestamp_ms": 1789272957863, "virtual_time_s": 5668.460056, "clear_result": "success"}}
2026-09-13 12:16:02,748 INFO request {"path": "/clear", "payload": {"arena_id": "default", "robot_id": "202601002029", "request_id": "9e748f049b53450981ea86912aff2d10", "position": {"x": 445.7775185512586, "y": -416.50434517031596}, "channel": 10}, "attempt": 1}
2026-09-13 12:16:02,749 INFO response {"request_id": "9e748f049b53450981ea86912aff2d10", "http_status": 200, "body": {"accepted": true, "real_timestamp_ms": 1789272958720, "virtual_time_s": 6100.46664, "clear_result": "success"}}
2026-09-13 12:16:02,774 INFO request {"path": "/measure", "payload": {"arena_id": "default", "robot_id": "202601002029", "request_id": "c0ca63b503f24d22802a94e1468caa69", "position": {"x": -468.3267623065122, "y": -712.7621470011404}, "channel": 16}, "attempt": 1}
2026-09-13 12:16:02,794 INFO response {"request_id": "c0ca63b503f24d22802a94e1468caa69", "http_status": 200, "body": {"accepted": true, "real_timestamp_ms": 1789272958765, "virtual_time_s": 6298.649399, "measure_result": "direction", "svd_deg": 93.11}}
2026-09-13 12:16:02,813 INFO request {"path": "/measure", "payload": {"arena_id": "default", "robot_id": "202601002029", "request_id": "35685def42b647249d9b9627039b7f44", "position": {"x": -484.20425294660987, "y": -644.586599398106}, "channel": 16}, "attempt": 1}
2026-09-13 12:16:02,815 INFO response {"request_id": "35685def42b647249d9b9627039b7f44", "http_status": 200, "body": {"accepted": true, "real_timestamp_ms": 1789272958785, "virtual_time_s": 6317.649399, "measure_result": "direction", "svd_deg": 90.7}}
2026-09-13 12:16:02,838 INFO request {"path": "/measure", "payload": {"arena_id": "default", "robot_id": "202601002029", "request_id": "73c7aed0e8a64caeb57929ab20ea193a", "position": {"x": -475.3866764556966, "y": -600.4589397635085}, "channel": 16}, "attempt": 1}
2026-09-13 12:16:02,840 INFO response {"request_id": "73c7aed0e8a64caeb57929ab20ea193a", "http_status": 200, "body": {"accepted": true, "real_timestamp_ms": 1789272958810, "virtual_time_s": 6331.649399, "measure_result": "direction", "svd_deg": 93.37}}
2026-09-13 12:16:02,868 INFO request {"path": "/measure", "payload": {"arena_id": "default", "robot_id": "202601002029", "request_id": "417d96868cbd44baa8e373ff02711205", "position": {"x": -480.3152775687304, "y": -575.9495764288847}, "channel": 16}, "attempt": 1}
2026-09-13 12:16:02,869 INFO response {"request_id": "417d96868cbd44baa8e373ff02711205", "http_status": 200, "body": {"accepted": true, "real_timestamp_ms": 1789272958840, "virtual_time_s": 6341.649399, "measure_result": "direction", "svd_deg": 92.5}}
2026-09-13 12:16:04,390 INFO request {"path": "/clear", "payload": {"arena_id": "default", "robot_id": "202601002029", "request_id": "71b7e910ba1a4b1f8dd8b5fd0cf0645f", "position": {"x": -749.4032277703903, "y": -1081.7513130001669}, "channel": 6}, "attempt": 1}
2026-09-13 12:16:04,405 INFO response {"request_id": "71b7e910ba1a4b1f8dd8b5fd0cf0645f", "http_status": 200, "body": {"accepted": true, "real_timestamp_ms": 1789272960375, "virtual_time_s": 6461.234515, "clear_result": "success"}}
2026-09-13 12:16:04,420 INFO request {"path": "/clear", "payload": {"arena_id": "default", "robot_id": "202601002029", "request_id": "cfd6e9c92ef1477fb3bb8bee218069e4", "position": {"x": -977.2707877245667, "y": -1088.9807588102615}, "channel": 5}, "attempt": 1}
2026-09-13 12:16:04,436 INFO response {"request_id": "cfd6e9c92ef1477fb3bb8bee218069e4", "http_status": 200, "body": {"accepted": true, "real_timestamp_ms": 1789272960406, "virtual_time_s": 6511.830958, "clear_result": "success"}}
2026-09-13 12:16:06,054 INFO request {"path": "/measure", "payload": {"arena_id": "default", "robot_id": "202601002029", "request_id": "69addbc5a3e64882a3017abc08223146", "position": {"x": -1014.9222588036803, "y": -672.2905760712637}, "channel": 16}, "attempt": 1}
2026-09-13 12:16:06,055 INFO response {"request_id": "69addbc5a3e64882a3017abc08223146", "http_status": 200, "body": {"accepted": true, "real_timestamp_ms": 1789272962026, "virtual_time_s": 6600.508516, "measure_result": "direction", "svd_deg": 27.36}}
2026-09-13 12:16:06,092 INFO request {"path": "/clear", "payload": {"arena_id": "default", "robot_id": "202601002029", "request_id": "6010e15ab9df4b528eab9c8ae37696fa", "position": {"x": -1251.3306066843732, "y": -597.7442985891721}, "channel": 19}, "attempt": 1}
2026-09-13 12:16:06,095 INFO response {"request_id": "6010e15ab9df4b528eab9c8ae37696fa", "http_status": 200, "body": {"accepted": true, "real_timestamp_ms": 1789272962065, "virtual_time_s": 6655.085145, "clear_result": "success"}}
2026-09-13 12:16:06,126 INFO request {"path": "/clear", "payload": {"arena_id": "default", "robot_id": "202601002029", "request_id": "c319b0f4a20a4267a4aa368582205909", "position": {"x": -487.531260589643, "y": -399.2287293890316}, "channel": 16}, "attempt": 1}
2026-09-13 12:16:06,127 INFO response {"request_id": "c319b0f4a20a4267a4aa368582205909", "http_status": 200, "body": {"accepted": true, "real_timestamp_ms": 1789272962097, "virtual_time_s": 6817.920233, "clear_result": "success"}}
2026-09-13 12:16:06,142 INFO request {"path": "/exit", "payload": {"arena_id": "default", "robot_id": "202601002029", "request_id": "ac24e0b3c32147eba2d4fe7223501c95"}, "attempt": 1}
2026-09-13 12:16:06,144 INFO response {"request_id": "ac24e0b3c32147eba2d4fe7223501c95", "http_status": 200, "body": {"accepted": true, "real_timestamp_ms": 1789272962114, "virtual_time_s": 6817.920233, "exit_reason": "user_exit"}}
