case_id,test_name,test_outcome,entrypoint,input_kind,observation_count,unique_detection_point_count,constraint_count_input,constraint_count_solver,elapsed_ms,status,vertex_count,diameter,circle_radius,max_vertex_distance,coverage_excess,same_diameter_covers,backend_mode,backend,stage_config_ms,stage_build_halfplanes_ms,stage_classify_ms,stage_projection_bounds_ms,stage_linprog_ms,stage_vertices_ms,stage_measure_ms,stage_measure_setup_ms,stage_diameter_ms,stage_coverage_ms,stage_degeneracy_ms,stage_sort_vertices_ms,stage_residual_and_output_ms,stage_other_ms
test_angle_wrap_and_two_input_styles__001,test_angle_wrap_and_two_input_styles,PASS,solve_q1,observations,2,2,4,4,13.4474999995291,POLYGON,4,39.5083406589872,19.7541703294936,19.754170329493604,3.552713678800501e-15,True,scipy_with_fraction_check,scipy_highs_with_fraction_check,,0.298099999781698,11.18039999892062,0.35480000042298343,10.501999999178224,1.3281999999890104,0.5382999988796655,0.0017000002117129043,0.18039999849861488,0.22030000036465935,0.041500001316308044,0.0503999999637017,0.04039999839733355,0.10250000195810571
test_angle_wrap_and_two_input_styles__002,test_angle_wrap_and_two_input_styles,PASS,solve_q1,observations,2,2,4,4,3.9651000006415416,POLYGON,4,39.5083406589872,19.7541703294936,19.754170329493604,3.552713678800501e-15,True,scipy_with_fraction_check,scipy_highs_with_fraction_check,0.4487999995035352,0.0213999992411118,2.3332000000664266,0.23859999964770395,2.071799999612267,0.7506000001740176,0.29849999918951653,0.0008999995770864189,0.09980000140785705,0.12409999908413738,0.023800001144991256,0.02519999907235615,0.022599999283556826,0.1126000024669338
test_consistent_random_observations__001,test_consistent_random_observations,PASS,solve_q1,observations,3,3,6,6,4.243499999574851,POLYGON,4,22.217638393864267,11.108819196932133,13.10623352407956,1.9974143271474265,False,scipy_with_fraction_check,scipy_highs_with_fraction_check,,0.04889999945589807,2.7573000006668735,0.4579999986162875,2.342400004636147,1.0921000011876458,0.272300001597614,0.0006000009307172149,0.08659999912197236,0.11100000119768083,0.019299999621580355,0.02519999907235615,0.02750000021478627,0.07289999666681979
test_consistent_random_observations__002,test_consistent_random_observations,PASS,solve_q1,observations,4,4,8,8,7.7313999991019955,POLYGON,5,20.83521363032694,10.41760681516347,12.111275110271798,1.6936682951083277,False,scipy_with_fraction_check,scipy_highs_with_fraction_check,,0.10569999903964344,4.15430000066408,1.2034999999741558,3.2785999992483994,2.6752000012493227,0.6456000010075513,0.0015000005078036338,0.2009999989240896,0.2627000012580538,0.05059999966761097,0.05810000038763974,0.06810000013501849,0.1505999971413985
test_consistent_random_observations__003,test_consistent_random_observations,PASS,solve_q1,observations,3,3,6,6,4.252799999449053,POLYGON,6,30.04862541611205,15.024312708056025,16.885144174807255,1.8608314667512307,False,scipy_with_fraction_check,scipy_highs_with_fraction_check,,0.03930000093532726,2.40250000024389,0.44749999869964086,2.0248000000719912,1.266199999008677,0.47230000018316787,0.0007999988156370819,0.18570000065665226,0.18350000027567148,0.03060000017285347,0.034199998481199145,0.035600000046542846,0.07249999907799065
test_consistent_random_observations__004,test_consistent_random_observations,PASS,solve_q1,observations,4,4,8,8,4.673600000387523,POLYGON,4,18.4296311073659,9.21481555368295,12.824010371268423,3.6091948175854736,False,scipy_with_fraction_check,scipy_highs_with_fraction_check,,0.03590000051190145,2.6051000004372327,0.8013000042410567,2.0268000043870416,1.644900001338101,0.307099999190541,0.0008000006346264854,0.08659999912197236,0.13790000048174988,0.02029999996011611,0.024499999199179,0.035000000934815034,0.08059999890974723
test_consistent_random_observations__005,test_consistent_random_observations,PASS,solve_q1,observations,3,3,6,6,4.799099999218015,POLYGON,5,20.689194195656633,10.344597097828316,10.344597097828316,0.0,True,scipy_with_fraction_check,scipy_highs_with_fraction_check,,0.04859999899053946,2.914200000304845,0.49340000077791046,2.4784999986877665,1.337499999863212,0.42409999878145754,0.0008999995770864189,0.14259999989008065,0.1824000009946758,0.02879999919969123,0.03219999962311704,0.03530000140017364,0.07470000127796084
test_consistent_random_observations__006,test_consistent_random_observations,PASS,solve_q1,observations,4,4,8,8,7.596699999339762,POLYGON,6,19.632239331280147,9.816119665640073,9.816119665640105,3.197442310920451e-14,True,scipy_with_fraction_check,scipy_highs_with_fraction_check,,0.09809999937715475,4.77859999955399,1.0541999999986729,3.8940999984333757,1.9925999986298848,0.5473000001074979,0.0009000013960758224,0.20339999900897965,0.22010000066075008,0.03449999894655775,0.03710000055434648,0.04889999945589807,0.18010000167123508
test_consistent_random_observations__007,test_consistent_random_observations,PASS,solve_q1,observations,3,3,6,6,4.366400000435533,POLYGON,4,27.108856643533624,13.554428321766812,22.29074433885397,8.736316017087157,False,scipy_with_fraction_check,scipy_highs_with_fraction_check,,0.051500001063686796,2.761899999313755,0.5360000013752142,2.32750000031956,1.1749000004783738,0.3006000006280374,0.0006999998731771484,0.09569999929226469,0.12299999980314169,0.022500000341096893,0.026899999284069054,0.029800001357216388,0.07749999895168003
test_consistent_random_observations__008,test_consistent_random_observations,PASS,solve_q1,observations,4,4,8,8,4.9552000000403496,POLYGON,4,27.108856643533624,13.554428321766812,22.29074433885397,8.736316017087157,False,scipy_with_fraction_check,scipy_highs_with_fraction_check,,0.045500000851461664,2.8851999995822553,0.8897999978216831,2.250600000479608,1.6211000001931097,0.31540000054519624,0.0010999992809956893,0.09719999980006833,0.12830000014218967,0.02320000021427404,0.02769999991869554,0.035200000638724305,0.08799999886832666
test_consistent_random_observations__009,test_consistent_random_observations,PASS,solve_q1,observations,3,3,6,6,4.475400000956142,POLYGON,5,24.936210746966673,12.468105373483336,13.790312456015865,1.322207082532529,False,scipy_with_fraction_check,scipy_highs_with_fraction_check,,0.05129999954078812,2.652800001669675,0.4927000009047333,2.2306999999273103,1.3347000003705034,0.36050000016984995,0.0008000006346264854,0.14379999993252568,0.12109999988751952,0.02769999991869554,0.03169999945384916,0.03330000072310213,0.07609999920532573
test_consistent_random_observations__010,test_consistent_random_observations,PASS,solve_q1,observations,4,4,8,8,5.428599999504513,POLYGON,4,23.405927302466317,11.702963651233159,14.22557584244861,2.522612191215451,False,scipy_with_fraction_check,scipy_highs_with_fraction_check,,0.04140000055485871,3.326200001538382,0.8526000019628555,2.7012000009563053,1.7047000001184642,0.2709000000322703,0.0005999991117278114,0.08999999954539817,0.09950000094249845,0.02049999966402538,0.025499999537714757,0.03290000131528359,0.08539999726053793
test_consistent_random_observations__011,test_consistent_random_observations,PASS,solve_q1,observations,3,3,6,6,3.8206999997782987,POLYGON,4,24.567064058789537,12.283532029394769,17.189747299423043,4.906215270028275,False,scipy_with_fraction_check,scipy_highs_with_fraction_check,,0.028000000384054147,2.3428999993484467,0.47820000145293307,1.9336000023031374,1.104299999497016,0.28219999876455404,0.0006000009307172149,0.08689999958733097,0.12269999933778308,0.0197000008483883,0.02409999979136046,0.026699999580159783,0.06330000178422779
test_consistent_random_observations__012,test_consistent_random_observations,PASS,solve_q1,observations,4,4,8,8,4.499000000578235,POLYGON,5,20.179809411474533,10.089904705737267,15.739791625222104,5.649886919484837,False,scipy_with_fraction_check,scipy_highs_with_fraction_check,,0.027599999157246202,2.471499999955995,0.7863999999244697,1.918100000693812,1.5847000013309298,0.34299999970244244,0.0004999983502784744,0.11950000043725595,0.13899999976274557,0.023399999918183312,0.025200000891345553,0.03389999983482994,0.07220000043162145
test_consistent_random_observations__013,test_consistent_random_observations,PASS,solve_q1,observations,3,3,6,6,3.783399999520043,POLYGON,4,16.30451157914354,8.15225578957177,11.980298852679946,3.8280430631081757,False,scipy_with_fraction_check,scipy_highs_with_fraction_check,,0.02750000021478627,2.2877999999764143,0.4535000007308554,1.9131000008201227,1.1331999994581565,0.2729999996518018,0.0005999991117278114,0.08239999988290947,0.11980000090261456,0.020399998902576044,0.022000000171829015,0.02620000122988131,0.06190000021888409
test_consistent_random_observations__014,test_consistent_random_observations,PASS,solve_q1,observations,4,4,8,8,6.1993999988771975,POLYGON,5,16.092325748953094,8.046162874476547,11.84262705696514,3.7964641824885934,False,scipy_with_fraction_check,scipy_highs_with_fraction_check,,0.03819999983534217,2.785599999697297,0.8201000000553904,2.1932000017841347,2.7982000010524644,0.4957000001013512,0.0013000008038943633,0.19519999841577373,0.18980000095325522,0.028899999961140566,0.03199999991920777,0.04479999915929511,0.08169999819074292
test_consistent_random_observations__015,test_consistent_random_observations,PASS,solve_q1,observations,3,3,6,6,6.746200000634417,POLYGON,5,30.187578062550447,15.093789031275223,19.38501609985523,4.291227068580005,False,scipy_with_fraction_check,scipy_highs_with_fraction_check,,0.04489999992074445,4.097500001080334,0.5861999998160172,3.578799998649629,1.8549999986134935,0.669999999445281,0.0013999997463542968,0.2297000010003103,0.3087999994022539,0.043399999412940815,0.042100000428035855,0.04040000021632295,0.0788000015745638
test_consistent_random_observations__016,test_consistent_random_observations,PASS,solve_q1,observations,4,4,8,8,5.31559999944875,POLYGON,5,23.882380565841423,11.941190282920711,15.47990021388992,3.5387099309692083,False,scipy_with_fraction_check,scipy_highs_with_fraction_check,,0.051799999710056,2.9654999998456333,0.8254000022134278,2.360900003623101,1.8248000014864374,0.3892999993695412,0.0006999998731771484,0.1359999987471383,0.1523000009910902,0.027099998987978324,0.03060000017285347,0.040099999750964344,0.08419999903708231
test_consistent_random_observations__017,test_consistent_random_observations,PASS,solve_q1,observations,3,3,6,6,4.3749000014940975,POLYGON,4,22.436888193427947,11.218444096713974,14.766177723358174,3.5477336266442006,False,scipy_with_fraction_check,scipy_highs_with_fraction_check,,0.06000000030326191,2.596699998321128,0.5099999980302528,2.17500000144355,1.3099999996484257,0.3264999995735707,0.0013000008038943633,0.0942999995459104,0.15170000006037299,0.021800000467919745,0.026699999580159783,0.028500000553322025,0.08170000364771113
test_consistent_random_observations__018,test_consistent_random_observations,PASS,solve_q1,observations,4,4,8,8,4.948499999954947,POLYGON,5,22.436888193427947,11.218444096713974,11.21844409671399,1.5987211554602254e-14,True,scipy_with_fraction_check,scipy_highs_with_fraction_check,,0.040299999454873614,2.652400000442867,0.8173999995051417,2.0596999984263675,1.7719999996188562,0.402000001486158,0.0006999998731771484,0.13450000005832408,0.16940000023168977,0.02769999991869554,0.02970000059576705,0.0380000001314329,0.08179999895219225
test_consistent_random_observations__019,test_consistent_random_observations,PASS,solve_q1,observations,3,3,6,6,3.4833999998227227,POLYGON,3,9.246267005690134,4.623133502845067,5.634110328343506,1.0109768254984388,False,scipy_with_fraction_check,scipy_highs_with_fraction_check,,0.033299998904112726,2.2678999994241167,0.4453000019566389,1.8985000024258625,0.9408999994775513,0.18000000090978574,0.0005000001692678779,0.04660000013245735,0.07170000026235357,0.012099999366910197,0.02680000034160912,0.020600000425474718,0.06130000110715628
test_consistent_random_observations__020,test_consistent_random_observations,PASS,solve_q1,observations,4,4,8,8,4.1262000013375655,POLYGON,3,9.246267005690134,4.623133502845067,5.634110328343506,1.0109768254984388,False,scipy_with_fraction_check,scipy_highs_with_fraction_check,,0.0304000004689442,2.4539999994885875,0.7488999981433153,1.9231999995099613,1.3872999988961965,0.18289999934495427,0.0005000001692678779,0.04669999907491729,0.0808000004326459,0.012399999832268804,0.01720000000204891,0.02390000008745119,0.07160000313888304
test_consistent_random_observations__021,test_consistent_random_observations,PASS,solve_q1,observations,3,3,6,6,3.954199999498087,POLYGON,4,26.442952148004508,13.221476074002254,14.27129854739037,1.0498224733881152,False,scipy_with_fraction_check,scipy_highs_with_fraction_check,,0.030199998946045525,2.5744000013219193,0.4473999979381915,2.205599999797414,1.0232999993604608,0.2648999998200452,0.0005999991117278114,0.08499999967170879,0.1083999995898921,0.019100001736660488,0.023699998564552516,0.025999999706982635,0.06140000004961621
test_consistent_random_observations__022,test_consistent_random_observations,PASS,solve_q1,observations,4,4,8,8,4.237699999066535,POLYGON,4,17.23703770541595,8.618518852707975,12.988327921397024,4.369809068689049,False,scipy_with_fraction_check,scipy_highs_with_fraction_check,,0.04140000055485871,2.442400000290945,0.7824000003893161,1.8893000014941208,1.4164000003802357,0.2554000002419343,0.0005999991117278114,0.07960000039020088,0.10209999891230837,0.018900000213761814,0.022700000045006163,0.029800001357216388,0.08209999759856146
test_consistent_random_observations__023,test_consistent_random_observations,PASS,solve_q1,observations,3,3,6,6,4.421199999342207,POLYGON,4,22.901170157771865,11.450585078885933,11.450585078885947,1.4210854715202004e-14,True,scipy_with_fraction_check,scipy_highs_with_fraction_check,,0.03509999987727497,2.852999999959138,0.4594000020006206,2.4640000010549556,1.1412000003474532,0.3209000005881535,0.0005999991117278114,0.09090000094147399,0.14899999951012433,0.023099999452824704,0.026300000172341242,0.02930000118794851,0.07099999857018702
test_consistent_random_observations__024,test_consistent_random_observations,PASS,solve_q1,observations,4,4,8,8,6.133599999884609,POLYGON,4,22.901170157771865,11.450585078885933,11.450585078885947,1.4210854715202004e-14,True,scipy_with_fraction_check,scipy_highs_with_fraction_check,,0.04479999915929511,3.6118999996688217,1.1965000030613737,2.7265999997325707,1.999699999942095,0.360099998943042,0.0006999998731771484,0.10250000013911631,0.16540000069653615,0.025800000003073364,0.028000000384054147,0.03599999945436139,0.1171000021713553
test_consistent_random_observations__025,test_consistent_random_observations,PASS,solve_q1,observations,3,3,6,6,4.239400001097238,POLYGON,6,27.042483552084324,13.521241776042162,13.521241776042165,3.552713678800501e-15,True,scipy_with_fraction_check,scipy_highs_with_fraction_check,,0.03389999983482994,2.4706999993213685,0.48690000039641745,2.053000001978944,1.2149000012868783,0.45309999950404745,0.0005999991117278114,0.17140000090876129,0.18970000019180588,0.02849999873433262,0.02970000059576705,0.031800000215298496,0.06680000115011353
test_consistent_random_observations__026,test_consistent_random_observations,PASS,solve_q1,observations,4,4,8,8,4.327000000557746,POLYGON,6,23.07626034780428,11.53813017390214,12.427104819446122,0.888974645543982,False,scipy_with_fraction_check,scipy_highs_with_fraction_check,,0.03119999928458128,2.2635000004811445,0.7400000013149111,1.7493000013928395,1.573199999256758,0.383700000384124,0.0005999991117278114,0.170000001162407,0.11619999895629007,0.027400001272326335,0.02919999860750977,0.038800000766059384,0.07540000115113799
test_consistent_random_observations__027,test_consistent_random_observations,PASS,solve_q1,observations,3,3,6,6,4.346100000475417,POLYGON,5,26.043564992928037,13.021782496464018,13.021782496464045,2.6645352591003757e-14,True,scipy_with_fraction_check,scipy_highs_with_fraction_check,,0.03139999898849055,2.77020000066841,0.4498999987845309,2.370200001678313,1.1230000000068685,0.3561999983503483,0.0006000009307172149,0.1204999989568023,0.1542999998491723,0.024599999960628338,0.026100000468431972,0.028599999495781958,0.0653000024612993
test_consistent_random_observations__028,test_consistent_random_observations,PASS,solve_q1,observations,4,4,8,8,5.664500000420958,POLYGON,4,19.227330645630182,9.613665322815091,9.613665322815091,0.0,True,scipy_with_fraction_check,scipy_highs_with_fraction_check,,0.030699999115313403,2.809300000080839,0.9747000021889107,2.175399999032379,2.2200000003067544,0.5192000007809838,0.0008999995770864189,0.130899999930989,0.24740000117162708,0.04259999877831433,0.04580000131682027,0.04909999915980734,0.0853000001370674
test_consistent_random_observations__029,test_consistent_random_observations,PASS,solve_q1,observations,3,3,6,6,4.66220000089379,POLYGON,4,20.1296607114347,10.06483035571735,14.367509026165235,4.302678670447886,False,scipy_with_fraction_check,scipy_highs_with_fraction_check,,0.03889999970851932,3.0234999994718237,0.6010000015521655,2.498199999536155,1.2436000015441095,0.26960000104736537,0.0005999991117278114,0.0915000000532018,0.10090000068885274,0.021899999410379678,0.024599999960628338,0.028399999791872688,0.08659999912197236
test_consistent_random_observations__030,test_consistent_random_observations,PASS,solve_q1,observations,4,4,8,8,4.222300000037649,POLYGON,4,20.1296607114347,10.06483035571735,14.367509026165235,4.302678670447886,False,scipy_with_fraction_check,scipy_highs_with_fraction_check,,0.02620000122988131,2.436999999190448,0.7375000022875611,1.9035999994230224,1.4547999999194872,0.2361999995628139,0.0006000009307172149,0.07790000017848797,0.08789999992586672,0.018999999156221747,0.020500001483014785,0.0289999989036005,0.06810000013501849
test_consistent_random_observations__031,test_consistent_random_observations,PASS,solve_q1,observations,3,3,6,6,3.6216000007698312,POLYGON,5,21.155216366145474,10.577608183072737,10.577608183072753,1.5987211554602254e-14,True,scipy_with_fraction_check,scipy_highs_with_fraction_check,,0.025100000129896216,2.068899999358109,0.43480000022100285,1.7127000010077609,1.1136999983136775,0.34980000054929405,0.0005000001692678779,0.11810000069090165,0.1522999991721008,0.02429999949526973,0.025200000891345553,0.028000000384054147,0.06410000241885427
test_consistent_random_observations__032,test_consistent_random_observations,PASS,solve_q1,observations,4,4,8,8,4.493300000831368,POLYGON,6,16.14808659371456,8.07404329685728,8.19821205992348,0.12416876306619962,False,scipy_with_fraction_check,scipy_highs_with_fraction_check,,0.026199999410891905,2.3472000011679484,0.7491000033041928,1.818299999285955,1.6636000000289641,0.3876999999192776,0.0005000001692678779,0.17160000061267056,0.11839999933727086,0.027400001272326335,0.029699998776777647,0.03870000000461005,0.06860000030428637
test_consistent_random_observations__033,test_consistent_random_observations,PASS,solve_q1,observations,3,3,6,6,3.8039999999455176,POLYGON,6,19.567795610403557,9.783897805201779,9.783897805201779,0.0,True,scipy_with_fraction_check,scipy_highs_with_fraction_check,,0.025299999833805487,2.086599999529426,0.4334999994171085,1.7394000005879207,1.1897000003955327,0.44549999984155875,0.0005000001692678779,0.16979999963950831,0.18420000014884863,0.02829999903042335,0.030100000003585592,0.03130000004603062,0.05690000034519471
test_consistent_random_observations__034,test_consistent_random_observations,PASS,solve_q1,observations,4,4,8,8,4.8349000007874565,POLYGON,6,19.567795610403557,9.783897805201779,9.783897805201779,0.0,True,scipy_with_fraction_check,scipy_highs_with_fraction_check,,0.02640000093379058,2.2790000002714805,0.7513000018661842,1.7437000005884329,1.8123999998351792,0.6470000007539056,0.0005000001692678779,0.21720000040659215,0.31090000084077474,0.03639999886217993,0.035799999750452116,0.044600001274375245,0.0700999989931006
test_consistent_random_observations__035,test_consistent_random_observations,PASS,solve_q1,observations,3,3,6,6,3.8932999996177386,POLYGON,6,33.296676229903746,16.648338114951873,16.648338114951873,0.0,True,scipy_with_fraction_check,scipy_highs_with_fraction_check,,0.023899998268461786,2.218400000856491,0.4270999979780754,1.8768000009004027,1.165099998615915,0.43000000005122274,0.0005999991117278114,0.16370000048482325,0.17579999985173345,0.028399999791872688,0.028500000553322025,0.03149999974993989,0.05590000182564836
test_consistent_random_observations__036,test_consistent_random_observations,PASS,solve_q1,observations,4,4,8,8,4.349300001194933,POLYGON,5,18.03443480176642,9.01721740088321,9.758980307948145,0.7417629070649348,False,scipy_with_fraction_check,scipy_highs_with_fraction_check,,0.02660000063769985,2.335000001039589,0.7366999998339452,1.7866999969555764,1.5411999993375503,0.37820000034116674,0.0006000009307172149,0.16770000001997687,0.11850000009872019,0.029699998776777647,0.0259000007645227,0.03420000030018855,0.06829999983892776
test_consistent_random_observations__037,test_consistent_random_observations,PASS,solve_q1,observations,3,3,6,6,3.5628999994514743,POLYGON,5,29.430560528708686,14.715280264354343,14.715280264354346,3.552713678800501e-15,True,scipy_with_fraction_check,scipy_highs_with_fraction_check,,0.024000000848900527,2.114400000209571,0.4490999981499044,1.7596000034245662,1.0229999988951022,0.3453999997873325,0.0005000001692678779,0.11620000077527948,0.15019999955256935,0.02409999979136046,0.024900000425986946,0.028000000384054147,0.05609999971056823
test_consistent_random_observations__038,test_consistent_random_observations,PASS,solve_q1,observations,4,4,8,8,4.238100000293343,POLYGON,4,10.544068518967078,5.272034259483539,5.598583283384244,0.3265490239007045,False,scipy_with_fraction_check,scipy_highs_with_fraction_check,,0.026799998522619717,2.3510000009991927,0.7373999997071223,1.8189999991591321,1.5127999995456776,0.2791999995679362,0.0005999991117278114,0.07980000009411015,0.12770000103046186,0.0182999992830446,0.022399999579647556,0.029099999665049836,0.06830000165791716
test_consistent_random_observations__039,test_consistent_random_observations,PASS,solve_q1,observations,3,3,6,6,3.5600000010163058,POLYGON,4,17.212272665764843,8.606136332882421,14.230868743170147,5.624732410287725,False,scipy_with_fraction_check,scipy_highs_with_fraction_check,,0.030100000003585592,2.119999999194988,0.41790000068431254,1.773799998773029,1.1056999992433703,0.2480000002833549,0.0005999991117278114,0.07560000085504726,0.10819999988598283,0.018400000044493936,0.020399998902576044,0.02350000067963265,0.05620000229100697
test_consistent_random_observations__040,test_consistent_random_observations,PASS,solve_q1,observations,4,4,8,8,4.249999999956344,POLYGON,4,17.212272665764843,8.606136332882421,14.230868743170147,5.624732410287725,False,scipy_with_fraction_check,scipy_highs_with_fraction_check,,0.025999999706982635,2.2492999996757135,0.7545999997091712,1.7264999987673946,1.633999998375657,0.27269999918644316,0.0005000001692678779,0.0810999990790151,0.11780000022554304,0.019799999790848233,0.022100000933278352,0.029999999242136255,0.06800000301154796
test_consistent_random_observations__041,test_consistent_random_observations,PASS,solve_q1,observations,3,3,6,6,3.8182999996934086,POLYGON,5,23.42281576551974,11.71140788275987,11.71140788275987,0.0,True,scipy_with_fraction_check,scipy_highs_with_fraction_check,,0.026199999410891905,2.190600000176346,0.45080000018060673,1.8228000008093659,1.1945999995077727,0.34810000033758115,0.0005000001692678779,0.11980000090261456,0.15039999925647862,0.023599999622092582,0.025600000299164094,0.02680000034160912,0.05880000026081689
test_consistent_random_observations__042,test_consistent_random_observations,PASS,solve_q1,observations,4,4,8,8,4.530199999862816,POLYGON,6,23.42281576551974,11.71140788275987,11.71140788275987,0.0,True,scipy_with_fraction_check,scipy_highs_with_fraction_check,,0.02570000106061343,2.214599999206257,0.725499998225132,1.698799998848699,1.7654999992373632,0.45449999925040174,0.0006999998731771484,0.1779000012902543,0.1784999985829927,0.028100001145503484,0.030199998946045525,0.03780000042752363,0.06990000110818073
test_consistent_random_observations__043,test_consistent_random_observations,PASS,solve_q1,observations,3,3,6,6,3.39209999947343,POLYGON,3,11.57141590678283,5.785707953391415,9.737700054650201,3.951992101258786,False,scipy_with_fraction_check,scipy_highs_with_fraction_check,,0.02860000131477136,2.2209999988263007,0.5214999982854351,1.7679000011412427,0.9078000002773479,0.17099999968195334,0.0005999991117278114,0.04690000059781596,0.0729000003047986,0.012099999366910197,0.01720000000204891,0.019999999494757503,0.06369999937305693
test_consistent_random_observations__044,test_consistent_random_observations,PASS,solve_q1,observations,4,4,8,8,4.134400000111782,POLYGON,4,11.564433577160434,5.782216788580217,9.44961523774773,3.6673984491675133,False,scipy_with_fraction_check,scipy_highs_with_fraction_check,,0.026699999580159783,2.2458999992522877,0.72829999953683,1.7322000003332505,1.4831999997113599,0.3099999994446989,0.0006000009307172149,0.08089999937510584,0.13609999950858764,0.02370000038354192,0.028399999791872688,0.03870000000461005,0.06860000212327577
test_consistent_random_observations__045,test_consistent_random_observations,PASS,solve_q1,observations,3,3,6,6,4.1119000015896745,POLYGON,5,26.16949016307199,13.084745081535996,13.084745081535996,0.0,True,scipy_with_fraction_check,scipy_highs_with_fraction_check,,0.0577000009798212,2.419099999315222,0.48149999929592013,2.0326000012573786,1.1872000013681827,0.3827999989880482,0.0006999998731771484,0.12900000001536682,0.1663999992160825,0.02680000034160912,0.028200000087963417,0.029999999242136255,0.06510000093840063
test_consistent_random_observations__046,test_consistent_random_observations,PASS,solve_q1,observations,4,4,8,8,5.405600000813138,POLYGON,5,24.753980463880698,12.376990231940349,12.376990231940349,0.0,True,scipy_with_fraction_check,scipy_highs_with_fraction_check,,0.03020000076503493,3.1326999996963423,0.784199999543489,2.413400003206334,1.7239999997400446,0.4362999989098171,0.0007999988156370819,0.1315000008617062,0.19529999917722307,0.03310000101919286,0.03429999924264848,0.0397000003431458,0.08240000170189887
test_consistent_random_observations__047,test_consistent_random_observations,PASS,solve_q1,observations,3,3,6,6,4.421999999976833,POLYGON,4,26.12226229183838,13.06113114591919,18.469711911849167,5.408580765929978,False,scipy_with_fraction_check,scipy_highs_with_fraction_check,,0.03310000101919286,2.464700000928133,0.48459999743499793,2.0678000000771135,1.4461999999184627,0.40809999882185366,0.0008000006346264854,0.20509999922069255,0.12010000136797316,0.02229999881819822,0.026900001103058457,0.031099998523131944,0.06989999928919133
test_consistent_random_observations__048,test_consistent_random_observations,PASS,solve_q1,observations,4,4,8,8,4.86329999876034,POLYGON,5,26.12226229183838,13.06113114591919,14.659043777974185,1.597912632054996,False,scipy_with_fraction_check,scipy_highs_with_fraction_check,,0.03149999974993989,2.4295999992318684,0.7746999999653781,1.8726000016613398,1.9190999992133584,0.37290000000211876,0.0006999998731771484,0.12969999988854397,0.14100000043981709,0.0335000004270114,0.028700000257231295,0.03749999996216502,0.11020000056305435
test_consistent_random_observations__049,test_consistent_random_observations,PASS,solve_q1,observations,3,3,6,6,4.305899999963003,POLYGON,6,27.027300901021377,13.513650450510688,13.51365045051069,1.7763568394002505e-15,True,scipy_with_fraction_check,scipy_highs_with_fraction_check,,0.02700000004551839,2.322299998922972,0.5959999998594867,1.9608000002335757,1.3846000001649372,0.5132999995112186,0.0006000009307172149,0.17130000014731195,0.218999999560765,0.03769999966607429,0.04090000038559083,0.04199999966658652,0.058700001318356954
test_consistent_random_observations__050,test_consistent_random_observations,PASS,solve_q1,observations,4,4,8,8,6.468300000051386,POLYGON,6,27.027300901021377,13.513650450510688,13.51365045051069,1.7763568394002505e-15,True,scipy_with_fraction_check,scipy_highs_with_fraction_check,,0.05160000000614673,4.015300000901334,1.176700001451536,3.0206999963411363,1.7994999998336425,0.5139999993843958,0.0008000006346264854,0.18819999968400225,0.21379999998316634,0.03159999869239982,0.035200000638724305,0.04260000059730373,0.08789999992586672
test_consistent_random_observations__051,test_consistent_random_observations,PASS,solve_q1,observations,3,3,6,6,4.22670000079961,POLYGON,6,19.16836247120864,9.58418123560432,9.584181235604321,1.7763568394002505e-15,True,scipy_with_fraction_check,scipy_highs_with_fraction_check,,0.025800000003073364,2.4462000001221895,0.4630999992514262,2.0670000012614764,1.258399999642279,0.43569999979808927,0.0005000001692678779,0.16660000073898118,0.17759999900590628,0.028000000384054147,0.030100000003585592,0.03130000004603062,0.06060000123397913
test_consistent_random_observations__052,test_consistent_random_observations,PASS,solve_q1,observations,4,4,8,8,7.775500000207103,POLYGON,5,19.13245016188425,9.566225080942125,9.566225080942147,2.1316282072803006e-14,True,scipy_with_fraction_check,scipy_highs_with_fraction_check,,0.09519999912299681,4.660900000089896,1.4423000011447584,3.8674000024911948,2.496699999028351,0.4186999994999496,0.0008000006346264854,0.130899999930989,0.1878000002761837,0.027299998691887595,0.028899999961140566,0.04020000051241368,0.10400000246590935
test_consistent_random_observations__053,test_consistent_random_observations,PASS,solve_q1,observations,3,3,6,6,4.493899999943096,POLYGON,6,20.640998148375722,10.320499074187861,10.83522584747656,0.5147267732886984,False,scipy_with_fraction_check,scipy_highs_with_fraction_check,,0.029999999242136255,2.4324999994860264,0.4628999995475169,2.0480000002862653,1.4276000001700595,0.5356000001484063,0.0008999995770864189,0.18319999981031287,0.22309999985736795,0.03819999983534217,0.04310000076657161,0.04459999945538584,0.06820000089646783
test_consistent_random_observations__054,test_consistent_random_observations,PASS,solve_q1,observations,4,4,8,8,5.669099999067839,POLYGON,6,19.3220843499491,9.66104217497455,9.88734038608564,0.2262982111110894,False,scipy_with_fraction_check,scipy_highs_with_fraction_check,,0.041700001020217314,2.739300000030198,0.8663000025990186,2.1568000011029653,2.150299998902483,0.658500001009088,0.0010000003385357559,0.23269999837793875,0.2737000013439683,0.0486999997519888,0.04850000004807953,0.05160000000614673,0.07929999810585286
test_consistent_random_observations__055,test_consistent_random_observations,PASS,solve_q1,observations,3,3,6,6,6.186399999933201,POLYGON,4,26.501167804557774,13.250583902278887,13.250583902278898,1.0658141036401503e-14,True,scipy_with_fraction_check,scipy_highs_with_fraction_check,,0.06380000013450626,3.7570000004052417,0.7426999982271809,3.110100002231775,1.828899999964051,0.42380000013508834,0.0008999995770864189,0.11780000022554304,0.19330000031914096,0.036499999623629265,0.03389999983482994,0.039200000173877925,0.1128999992943136
test_consistent_random_observations__056,test_consistent_random_observations,PASS,solve_q1,observations,4,4,8,8,4.778299999088631,POLYGON,5,22.805573939008273,11.402786969504136,11.402786969504136,0.0,True,scipy_with_fraction_check,scipy_highs_with_fraction_check,,0.03319999996165279,2.5526999997964595,0.7639999985258328,1.9897000001947163,1.7229999994015088,0.3858999989461154,0.0006999998731771484,0.12799999967683107,0.16590000086580403,0.02609999864944257,0.027100000806967728,0.0366000003850786,0.08350000098289456
test_consistent_random_observations__057,test_consistent_random_observations,PASS,solve_q1,observations,3,3,6,6,4.109199999220436,POLYGON,6,23.313649856317966,11.656824928158983,12.642625586619552,0.985800658460569,False,scipy_with_fraction_check,scipy_highs_with_fraction_check,,0.035200000638724305,2.329299999473733,0.4366999983176356,1.9636000051832525,1.2313000006543007,0.4392000009829644,0.0006000009307172149,0.16829999913170468,0.1778999994712649,0.028700000257231295,0.03060000017285347,0.03170000127283856,0.07419999747071415
test_consistent_random_observations__058,test_consistent_random_observations,PASS,solve_q1,observations,4,4,8,8,4.823399998713285,POLYGON,6,17.74052334003286,8.87026167001643,9.003924806230152,0.13366313621372328,False,scipy_with_fraction_check,scipy_highs_with_fraction_check,,0.029799999538226984,2.4367000005440786,0.7630000000062864,1.8988000010722317,1.811600001019542,0.4666999993787613,0.0006000009307172149,0.17689999913272914,0.1638000012462726,0.029899998480686918,0.052400000640773214,0.04160000025876798,0.07859999823267572
test_consistent_random_observations__059,test_consistent_random_observations,PASS,solve_q1,observations,3,3,6,6,5.841000000145868,POLYGON,6,24.78525038879993,12.392625194399965,16.236553279870343,3.8439280854703775,False,scipy_with_fraction_check,scipy_highs_with_fraction_check,,0.0349000001733657,2.9458000008162344,0.6390999988070689,2.4274999977933476,1.9584000001486856,0.8226999998441897,0.0008999995770864189,0.2906000008806586,0.3340999992360594,0.060399999711080454,0.06610000127693638,0.06789999861211982,0.07919999916339293
test_consistent_random_observations__060,test_consistent_random_observations,PASS,solve_q1,observations,4,4,8,8,6.670199998552562,POLYGON,4,18.306402758889053,9.153201379444527,11.216273141037888,2.0630717615933616,False,scipy_with_fraction_check,scipy_highs_with_fraction_check,,0.2203999993071193,3.8996999992377823,1.1821000025520334,2.9833999997208593,2.038999999058433,0.358899998900597,0.0008000006346264854,0.10829999882844277,0.15440000061062165,0.02479999966453761,0.03060000017285347,0.03780000042752363,0.15220000204863027
test_consistent_random_observations__061,test_consistent_random_observations,PASS,solve_q1,observations,3,3,6,6,4.133200000069337,POLYGON,5,19.613576799317446,9.806788399658723,11.905041925636667,2.0982535259779436,False,scipy_with_fraction_check,scipy_highs_with_fraction_check,,0.03809999907389283,2.5528999995003687,0.4639999988285126,2.1593000001303153,1.136900000346941,0.3388999994058395,0.0005000001692678779,0.119099999210448,0.13969999963592272,0.023399999918183312,0.026700001399149187,0.027799998861155473,0.06640000174229499
test_consistent_random_observations__062,test_consistent_random_observations,PASS,solve_q1,observations,4,4,8,8,4.815899999812245,POLYGON,6,19.613576799317446,9.806788399658723,11.905041925636667,2.0982535259779436,False,scipy_with_fraction_check,scipy_highs_with_fraction_check,,0.030300001526484266,2.5545999997120816,0.8079999988694908,1.9472000003588619,1.6877999987627845,0.4670999987865798,0.0006000009307172149,0.17289999959757552,0.18450000061420724,0.030899998819222674,0.034800001230905764,0.04160000025876798,0.07610000102431513
test_consistent_random_observations__063,test_consistent_random_observations,PASS,solve_q1,observations,3,3,6,6,3.6053999992873287,POLYGON,3,27.501756484920143,13.750878242460072,21.756944316203334,8.006066073743263,False,scipy_with_fraction_check,scipy_highs_with_fraction_check,,0.029499999072868377,2.2541999987879535,0.44469999920693226,1.8698000003496418,1.0653999997884966,0.1931000006152317,0.0005000001692678779,0.050299999202252366,0.09070000123756472,0.012099999366910197,0.017700000171316788,0.020399998902576044,0.06320000102277845
test_consistent_random_observations__064,test_consistent_random_observations,PASS,solve_q1,observations,4,4,8,8,5.024699999921722,POLYGON,4,27.308153297295792,13.654076648647896,21.576154414551368,7.922077765903472,False,scipy_with_fraction_check,scipy_highs_with_fraction_check,,0.0349000001733657,2.6359000003139954,0.7904999984020833,2.0721999972010963,1.9051000017498154,0.3707000014401274,0.0009000013960758224,0.10989999827870633,0.15980000171111897,0.026399999114801176,0.03079999987676274,0.04090000038559083,0.07809999624441843
test_consistent_random_observations__065,test_consistent_random_observations,PASS,solve_q1,observations,3,3,6,6,4.024300000310177,POLYGON,4,22.910479182973717,11.455239591486858,14.480793803952906,3.025554212466048,False,scipy_with_fraction_check,scipy_highs_with_fraction_check,,0.034500000765547156,2.584400001069298,0.5306999992171768,2.1071000010124408,1.0427999986859504,0.27860000045620836,0.0006000009307172149,0.08469999920635018,0.12150000111432746,0.019600000086938962,0.02479999966453761,0.025699999241624027,0.08399999933317304
test_consistent_random_observations__066,test_consistent_random_observations,PASS,solve_q1,observations,4,4,8,8,4.244199999448028,POLYGON,4,22.910479182973717,11.455239591486858,14.480793803952906,3.025554212466048,False,scipy_with_fraction_check,scipy_highs_with_fraction_check,,0.03860000106215011,2.43889999910607,0.7145000017771963,1.9085000003542518,1.4146999983495334,0.27629999931377824,0.0005999991117278114,0.08110000089800451,0.11989999984507449,0.019299999621580355,0.02409999979136046,0.02950000089185778,0.07570000161649659
test_consistent_random_observations__067,test_consistent_random_observations,PASS,solve_q1,observations,3,3,6,6,4.120999999940977,POLYGON,6,23.685923450406495,11.842961725203248,12.485129755085659,0.6421680298824111,False,scipy_with_fraction_check,scipy_highs_with_fraction_check,,0.031200001103570685,2.3225999993883306,0.44659999730356503,1.9590000010794029,1.2594999989232747,0.44580000030691735,0.0006999998731771484,0.18000000090978574,0.16519999917363748,0.03149999974993989,0.03220000144210644,0.03440000000409782,0.06190000021888409
test_consistent_random_observations__068,test_consistent_random_observations,PASS,solve_q1,observations,4,4,8,8,4.670800000894815,POLYGON,6,23.685923450406495,11.842961725203248,12.485129755085659,0.6421680298824111,False,scipy_with_fraction_check,scipy_highs_with_fraction_check,,0.031600000511389226,2.3308999989239965,0.7592000019940315,1.798600000256556,1.7781000005925307,0.4607999999279855,0.0006999998731771484,0.17899999875226058,0.1733999997668434,0.030500001230393536,0.03319999996165279,0.042300000131945126,0.06940000093891285
test_consistent_random_observations__069,test_consistent_random_observations,PASS,solve_q1,observations,3,3,6,6,4.017699999167235,POLYGON,6,29.232435042508126,14.616217521254063,15.951188646296263,1.3349711250422,False,scipy_with_fraction_check,scipy_highs_with_fraction_check,,0.02750000021478627,2.305200001501362,0.44639999941864517,1.8781999970087782,1.2010999998892657,0.42550000034680124,0.0005000001692678779,0.16399999913119245,0.1604999997653067,0.02990000029967632,0.032699999792384915,0.036299999919719994,0.05839999721501954
test_consistent_random_observations__070,test_consistent_random_observations,PASS,solve_q1,observations,4,4,8,8,4.61159999940719,POLYGON,6,28.159568871784522,14.079784435892261,14.370238372068785,0.29045393617652415,False,scipy_with_fraction_check,scipy_highs_with_fraction_check,,0.029799999538226984,2.439300000332878,0.7876000017859042,1.8837000025087036,1.6710999989300035,0.3980999990744749,0.0006000009307172149,0.16839999989315402,0.1283999990846496,0.027100000806967728,0.029099999665049836,0.04310000076657161,0.07330000153160654
test_consistent_random_observations__071,test_consistent_random_observations,PASS,solve_q1,observations,3,3,6,6,4.456399999980931,POLYGON,6,34.37106650367972,17.18553325183986,17.185533251839885,2.4868995751603507e-14,True,scipy_with_fraction_check,scipy_highs_with_fraction_check,,0.025600000299164094,2.2015000013198005,0.4395000032673124,1.8497000019124243,1.3543999993999023,0.8158000000548782,0.0005999991117278114,0.1771000006556278,0.408199999583303,0.038100000892882235,0.14829999963694718,0.04160000025876798,0.05909999890718609
test_consistent_random_observations__072,test_consistent_random_observations,PASS,solve_q1,observations,4,4,8,8,5.409400000644382,POLYGON,6,18.940515556184263,9.470257778092131,11.807226706537218,2.3369689284450867,False,scipy_with_fraction_check,scipy_highs_with_fraction_check,,0.0382999987778021,2.9419000002235407,0.7930999981908826,2.371599999605678,1.8749000009847805,0.47509999967587646,0.0005999991117278114,0.1816000003600493,0.18629999976838008,0.02990000029967632,0.032699999792384915,0.04179999996267725,0.07920000098238233
test_consistent_random_observations__073,test_consistent_random_observations,PASS,solve_q1,observations,3,3,6,6,3.8561000001209322,POLYGON,5,20.50021025576835,10.250105127884176,10.702091804762697,0.451986676878521,False,scipy_with_fraction_check,scipy_highs_with_fraction_check,,0.051300001359777525,2.1730999997089384,0.4630999992514262,1.8021999985649018,1.173999999082298,0.36750000072061084,0.0005999991117278114,0.1277999999729218,0.1554000009491574,0.025299999833805487,0.02680000034160912,0.029999999242136255,0.09019999924930744
test_consistent_random_observations__074,test_consistent_random_observations,PASS,solve_q1,observations,4,4,8,8,4.470099998798105,POLYGON,6,20.50021025576835,10.250105127884176,10.493607449875348,0.24350232199117272,False,scipy_with_fraction_check,scipy_highs_with_fraction_check,,0.028599999495781958,2.2874999995110556,0.73319999864907,1.7723999990266748,1.6632999995636055,0.41739999869605526,0.0005000001692678779,0.16649999997753184,0.15349999921454582,0.028200000087963417,0.029299999368959107,0.0380000001314329,0.07330000153160654
test_consistent_random_observations__075,test_consistent_random_observations,PASS,solve_q1,observations,3,3,6,6,4.238199999235803,POLYGON,6,26.153691291495313,13.076845645747657,18.006338139936368,4.929492494188711,False,scipy_with_fraction_check,scipy_highs_with_fraction_check,,0.027299998691887595,2.427400000669877,0.4357999987405492,2.07119999868155,1.2614000006578863,0.45449999925040174,0.0006000009307172149,0.17969999862543773,0.1765000015439,0.030100000003585592,0.03199999991920777,0.03370000013092067,0.06759999996575061
test_consistent_random_observations__076,test_consistent_random_observations,PASS,solve_q1,observations,4,4,8,8,4.766599999129539,POLYGON,5,23.89694708567158,11.94847354283579,11.94847354283579,0.0,True,scipy_with_fraction_check,scipy_highs_with_fraction_check,,0.04400000034365803,2.5157000000035623,0.7916000013210578,1.9601000003603986,1.6942000002018176,0.4321999986132141,0.0006999998731771484,0.13039999976172112,0.20349999977042899,0.028399999791872688,0.02950000089185778,0.037799998608534224,0.0804999999672873
test_consistent_random_observations__077,test_consistent_random_observations,PASS,solve_q1,observations,3,3,6,6,3.92199999987497,POLYGON,5,22.85584481912781,11.427922409563905,14.443539326102059,3.0156169165381534,False,scipy_with_fraction_check,scipy_highs_with_fraction_check,,0.03319999996165279,2.2449999996752013,0.4566000006889226,1.8671000016183825,1.1967999998887535,0.38219999987632036,0.0005999991117278114,0.12930000048072543,0.16660000073898118,0.025100000129896216,0.02869999843824189,0.030300001526484266,0.06480000047304202
test_consistent_random_observations__078,test_consistent_random_observations,PASS,solve_q1,observations,4,4,8,8,4.665500000555767,POLYGON,5,20.079376434589125,10.039688217294563,12.715990388422426,2.6763021711278636,False,scipy_with_fraction_check,scipy_highs_with_fraction_check,,0.036899999031447805,2.441700000417768,0.789400000940077,1.8901000003097579,1.7155000005004695,0.3949000001739478,0.0008999995770864189,0.130899999930989,0.16970000069704838,0.025200000891345553,0.029499999072868377,0.03710000055434648,0.07650000043213367
test_consistent_random_observations__079,test_consistent_random_observations,PASS,solve_q1,observations,3,3,6,6,4.0039999985310715,POLYGON,5,23.599418860013905,11.799709430006953,12.094476571657177,0.2947671416502242,False,scipy_with_fraction_check,scipy_highs_with_fraction_check,,0.038300000596791506,2.3889000003691763,0.45870000030845404,2.008500001466018,1.175100000182283,0.3361999988555908,0.0006000009307172149,0.12740000056510326,0.12399999832268804,0.02550000135670416,0.02719999974942766,0.029799999538226984,0.06549999852722976
test_consistent_random_observations__080,test_consistent_random_observations,PASS,solve_q1,observations,4,4,8,8,4.823899998882553,POLYGON,5,22.712282643557256,11.356141321778628,11.356141321778631,3.552713678800501e-15,True,scipy_with_fraction_check,scipy_highs_with_fraction_check,,0.04529999932856299,2.5932999997166917,0.7938999970065197,2.0261999998183455,1.7126000002463115,0.39010000000416767,0.0006999998731771484,0.12930000048072543,0.16700000014679972,0.026199999410891905,0.027200001568417065,0.037799998608534224,0.08259999958681874
test_consistent_random_observations__081,test_consistent_random_observations,PASS,solve_q1,observations,3,3,6,6,4.438899999513524,POLYGON,6,32.289195351864606,16.144597675932303,16.144597675932314,1.0658141036401503e-14,True,scipy_with_fraction_check,scipy_highs_with_fraction_check,,0.037599998904624954,2.4998000008054078,0.4673999992519384,2.1108999990246957,1.2955000001966255,0.5365999986679526,0.0007999988156370819,0.1864000005298294,0.24470000062137842,0.03139999898849055,0.03599999945436139,0.03530000140017364,0.06940000093891285
test_consistent_random_observations__082,test_consistent_random_observations,PASS,solve_q1,observations,4,4,8,8,4.90910000007716,POLYGON,6,26.3166136858927,13.15830684294635,13.39473235983642,0.23642551689006908,False,scipy_with_fraction_check,scipy_highs_with_fraction_check,,0.0397000003431458,2.5492000004305737,0.7918999981484376,1.9856999952025944,1.7680000000837026,0.4724000009446172,0.0006999998731771484,0.1833000005717622,0.18210000052931719,0.02970000059576705,0.033599999369471334,0.04129999979340937,0.07979999827512074
test_consistent_random_observations__083,test_consistent_random_observations,PASS,solve_q1,observations,3,3,6,6,4.222300000037649,POLYGON,4,17.528363083493996,8.764181541746998,11.130370220725672,2.3661886789786735,False,scipy_with_fraction_check,scipy_highs_with_fraction_check,,0.03409999953873921,2.752100001089275,0.46099999963189475,2.310199999556062,1.119299999118084,0.2506000000721542,0.0006999998731771484,0.08349999916390516,0.09560000034980476,0.019799999790848233,0.023099999452824704,0.026100000468431972,0.06620000021939632
test_consistent_random_observations__084,test_consistent_random_observations,PASS,solve_q1,observations,4,4,8,8,5.023800000344636,POLYGON,5,17.528363083493996,8.764181541746998,9.469959750907634,0.7057782091606359,False,scipy_with_fraction_check,scipy_highs_with_fraction_check,,0.0397000003431458,2.629099999467144,0.8616000013716985,2.007700002650381,1.8970000000990694,0.3764000011869939,0.0005999991117278114,0.12960000094608404,0.14879999980621506,0.026199999410891905,0.029200000426499173,0.039799999285605736,0.08159999924828298
test_consistent_random_observations__085,test_consistent_random_observations,PASS,solve_q1,observations,3,3,6,6,4.432799998539849,POLYGON,6,32.314230614523254,16.157115307261627,16.157115307261634,7.105427357601002e-15,True,scipy_with_fraction_check,scipy_highs_with_fraction_check,,0.04140000055485871,2.4622999990242533,0.48160000005736947,2.062399998976616,1.3527999999496387,0.5037000009906478,0.000700001692166552,0.1899999988381751,0.20480000057432335,0.03280000055383425,0.03599999945436139,0.03730000025825575,0.07259999802045058
test_consistent_random_observations__086,test_consistent_random_observations,PASS,solve_q1,observations,4,4,8,8,5.469499999890104,POLYGON,6,32.314230614523254,16.157115307261627,16.157115307261634,7.105427357601002e-15,True,scipy_with_fraction_check,scipy_highs_with_fraction_check,,0.04290000106266234,2.6676999987103045,0.8336999981111148,2.0760000006703194,2.10259999948903,0.5724999991798541,0.0008000006346264854,0.19409999913477805,0.2441000015096506,0.04289999924367294,0.042800000301213004,0.045700000555370934,0.08380000144825317
test_consistent_random_observations__087,test_consistent_random_observations,PASS,solve_q1,observations,3,3,6,6,4.163100000369013,POLYGON,4,31.775242378748,15.887621189374,20.00510059847413,4.117479409100129,False,scipy_with_fraction_check,scipy_highs_with_fraction_check,,0.03739999920071568,2.5169000000460073,0.49370000124326907,2.108099999531987,1.201299999593175,0.33509999957459513,0.0008999995770864189,0.09239999963028822,0.13890000082028564,0.030899998819222674,0.03459999970800709,0.03470000046945643,0.07240000195452012
test_consistent_random_observations__088,test_consistent_random_observations,PASS,solve_q1,observations,4,4,8,8,6.577899999683723,POLYGON,5,31.775242378748,15.887621189374,15.88762118937401,8.881784197001252e-15,True,scipy_with_fraction_check,scipy_highs_with_fraction_check,,0.04650000118999742,4.168500001469511,0.8560999995097518,3.511700002491125,1.8359000005148118,0.43849999929079786,0.0011000010999850929,0.1412999990861863,0.19220000103814527,0.028399999791872688,0.03259999903093558,0.04070000068168156,0.08849999721860513
test_consistent_random_observations__089,test_consistent_random_observations,PASS,solve_q1,observations,3,3,6,6,4.323400000430411,POLYGON,6,26.69702640099359,13.348513200496795,14.291716547498476,0.9432033470016812,False,scipy_with_fraction_check,scipy_highs_with_fraction_check,,0.04289999924367294,2.4075000001175795,0.4839999983232701,2.0105000003241003,1.3345000006665941,0.4695000006904593,0.0008999995770864189,0.19260000044596381,0.17409999964002054,0.031400000807479955,0.033099999200203456,0.03549999928509351,0.06899999971210491
test_consistent_random_observations__090,test_consistent_random_observations,PASS,solve_q1,observations,4,4,8,8,5.072599999039085,POLYGON,6,26.69702640099359,13.348513200496795,13.893042689463496,0.5445294889667007,False,scipy_with_fraction_check,scipy_highs_with_fraction_check,,0.04380000063974876,2.570499998910236,0.809000001027016,2.002500001253793,1.927600000271923,0.450999999884516,0.0005999991117278114,0.18150000141758937,0.16239999968092889,0.030100000003585592,0.03189999915775843,0.04270000135875307,0.07969999933266081
test_consistent_random_observations__091,test_consistent_random_observations,PASS,solve_q1,observations,3,3,6,6,4.12270000015269,POLYGON,6,32.37987472002551,16.189937360012756,16.189937360012784,2.842170943040401e-14,True,scipy_with_fraction_check,scipy_highs_with_fraction_check,,0.04260000059730373,2.297799999723793,0.4533000028459355,1.9211000017094193,1.2418000005709473,0.47650000124122016,0.0005999991117278114,0.18029999955615494,0.1953999999386724,0.03170000127283856,0.032899999496294186,0.03400000059627928,0.06399999801942613
test_consistent_random_observations__092,test_consistent_random_observations,PASS,solve_q1,observations,4,4,8,8,4.563500000585918,POLYGON,5,23.02189947628377,11.510949738141885,12.33058192805251,0.8196321899106245,False,scipy_with_fraction_check,scipy_highs_with_fraction_check,,0.03170000127283856,2.4096000015561003,0.7912000019132392,1.851399996667169,1.679699998931028,0.3676999986055307,0.000700001692166552,0.12679999963438604,0.14840000039839651,0.025899998945533298,0.02789999962260481,0.036299999919719994,0.07480000022042077
test_consistent_random_observations__093,test_consistent_random_observations,PASS,solve_q1,observations,3,3,6,6,3.860200000417535,POLYGON,5,25.155948285436285,12.577974142718142,12.577974142718169,2.6645352591003757e-14,True,scipy_with_fraction_check,scipy_highs_with_fraction_check,,0.03239999932702631,2.201999999670079,0.4484000000957167,1.82439999844064,1.1938999996345956,0.3689999994094251,0.0006000009307172149,0.1266999988729367,0.158200000441866,0.025100000129896216,0.027799998861155473,0.02890000178012997,0.06290000237640925
test_consistent_random_observations__094,test_consistent_random_observations,PASS,solve_q1,observations,4,4,8,8,4.54619999982242,POLYGON,5,25.155948285436285,12.577974142718142,12.577974142718169,2.6645352591003757e-14,True,scipy_with_fraction_check,scipy_highs_with_fraction_check,,0.028700000257231295,2.3670999999012565,0.7657000005565351,1.8250000011903467,1.6935000003286405,0.3780999995797174,0.0006000009307172149,0.1298000006499933,0.15859999984968454,0.02469999890308827,0.02860000131477136,0.034199998481199145,0.07879999975557439
test_consistent_random_observations__095,test_consistent_random_observations,PASS,solve_q1,observations,3,3,6,6,3.5884999997506384,POLYGON,3,12.782323619368027,6.3911618096840135,7.829863511063272,1.4387017013792587,False,scipy_with_fraction_check,scipy_highs_with_fraction_check,,0.035000000934815034,2.196199999161763,0.44750000051863026,1.8192000025010202,1.085800000510062,0.20530000074359123,0.0006000009307172149,0.05249999958323315,0.09490000047662761,0.013700000636163168,0.02029999996011611,0.02179999864893034,0.06619999840040691
test_consistent_random_observations__096,test_consistent_random_observations,PASS,solve_q1,observations,4,4,8,8,4.19520000104967,POLYGON,3,12.782323619368027,6.3911618096840135,7.829863511063272,1.4387017013792587,False,scipy_with_fraction_check,scipy_highs_with_fraction_check,,0.02849999873433262,2.4183999994420446,0.7759000000078231,1.8708999996306375,1.4729999984410824,0.20229999972798396,0.0005000001692678779,0.051399998483248055,0.0915000000532018,0.013600001693703234,0.019299999621580355,0.024499999199179,0.07300000470422674
test_consistent_random_observations__097,test_consistent_random_observations,PASS,solve_q1,observations,3,3,6,6,3.8069000001996756,POLYGON,5,27.910956732580164,13.955478366290082,14.039927292386345,0.08444892609626287,False,scipy_with_fraction_check,scipy_highs_with_fraction_check,,0.029800001357216388,2.2320999996736646,0.452199999926961,1.8522999998822343,1.1566000011953292,0.325400000292575,0.0005000001692678779,0.12459999925340526,0.11989999984507449,0.024599999960628338,0.026300000172341242,0.028000000384054147,0.06299999768089037
test_consistent_random_observations__098,test_consistent_random_observations,PASS,solve_q1,observations,4,4,8,8,4.649200000130804,POLYGON,5,20.24829273239503,10.124146366197515,10.124146366197515,0.0,True,scipy_with_fraction_check,scipy_highs_with_fraction_check,,0.030500001230393536,2.446599999530008,0.7955000000947621,1.8858999992517056,1.7047000001184642,0.3935999993700534,0.0005999991117278114,0.1306000012846198,0.16870000035851263,0.026399999114801176,0.02970000059576705,0.036100000215810724,0.07379999988188501
test_consistent_random_observations__099,test_consistent_random_observations,PASS,solve_q1,observations,3,3,6,6,3.7824999999429565,POLYGON,5,25.190219572291205,12.595109786145603,12.595109786145613,1.0658141036401503e-14,True,scipy_with_fraction_check,scipy_highs_with_fraction_check,,0.028800001018680632,2.212100000178907,0.4607999999279855,1.8364000025030691,1.104200000554556,0.37490000067919027,0.0006000009307172149,0.12689999857684597,0.16290000166918617,0.026599998818710446,0.026900001103058457,0.029499999072868377,0.062499997511622496
test_consistent_random_observations__100,test_consistent_random_observations,PASS,solve_q1,observations,4,4,8,8,5.081400000563008,POLYGON,6,24.363353693465573,12.181676846732787,12.18167684673281,2.3092638912203256e-14,True,scipy_with_fraction_check,scipy_highs_with_fraction_check,,0.07869999899412505,2.6034999991679797,0.9412999988853699,1.8974000013258774,1.7164000000775559,0.4876000002695946,0.0005999991117278114,0.18350000027567148,0.19600000086938962,0.03189999915775843,0.032699999792384915,0.041500001316308044,0.19520000205375254
test_consistent_random_observations__101,test_consistent_random_observations,PASS,solve_q1,observations,3,3,6,6,3.6278999996284256,POLYGON,4,23.416704374856483,11.708352187428241,14.576318795022905,2.8679666075946635,False,scipy_with_fraction_check,scipy_highs_with_fraction_check,,0.026799998522619717,2.1938000008958625,0.4569000011542812,1.8187999994552229,1.0755000002973247,0.27120000049762893,0.0005999991117278114,0.08309999975608662,0.10600000132399146,0.032899999496294186,0.022000000171829015,0.025299999833805487,0.060599999414989725
test_consistent_random_observations__102,test_consistent_random_observations,PASS,solve_q1,observations,4,4,8,8,5.9726999988924945,POLYGON,5,22.962850530763838,11.481425265381919,14.573144827573994,3.0917195621920754,False,scipy_with_fraction_check,scipy_highs_with_fraction_check,,0.0304000004689442,2.8906000006827526,0.9336000002804212,2.263800000946503,2.3492000000260305,0.6236999997781822,0.0010000003385357559,0.20279999989725184,0.24540000049455557,0.05169999894860666,0.052800000048591755,0.06750000102329068,0.07879999793658499
test_consistent_random_observations__103,test_consistent_random_observations,PASS,solve_q1,observations,3,3,6,6,3.5291000003780937,POLYGON,3,20.27150907190812,10.13575453595406,15.720415808989546,5.584661273035486,False,scipy_with_fraction_check,scipy_highs_with_fraction_check,,0.026699999580159783,2.229899999292684,0.4369000016595237,1.8607999991218094,0.994199999695411,0.2179000002797693,0.0006999998731771484,0.05120000059832819,0.10730000030889641,0.01469999915570952,0.01880000127130188,0.023599999622092582,0.06040000153006986
test_consistent_random_observations__104,test_consistent_random_observations,PASS,solve_q1,observations,4,4,8,8,4.686099999162252,POLYGON,4,19.30347510956782,9.65173755478391,14.952746389677008,5.301008834893098,False,scipy_with_fraction_check,scipy_highs_with_fraction_check,,0.03719999949680641,2.714199999900302,0.8576000036555342,2.0761000014317688,1.5614000003552064,0.2820999998220941,0.0006000009307172149,0.0793999988673022,0.12880000031145755,0.01990000055229757,0.02099999983329326,0.03099999958067201,0.0911999995878432
test_consistent_random_observations__105,test_consistent_random_observations,PASS,solve_q1,observations,3,3,6,6,4.584199999953853,POLYGON,4,18.01940247065873,9.009701235329365,12.127138136436844,3.11743690110748,False,scipy_with_fraction_check,scipy_highs_with_fraction_check,,0.02719999974942766,2.282399998875917,0.4802000003110152,1.9082999988313532,1.9221999991714256,0.2902999985963106,0.0005999991117278114,0.08400000115216244,0.11399999857530929,0.024100001610349864,0.030699999115313403,0.03509999987727497,0.062100003560772166
test_consistent_random_observations__106,test_consistent_random_observations,PASS,solve_q1,observations,4,4,8,8,4.876999999396503,POLYGON,4,18.01940247065873,9.009701235329365,12.127138136436844,3.11743690110748,False,scipy_with_fraction_check,scipy_highs_with_fraction_check,,0.028599999495781958,2.6674999990063952,0.8749000007810537,2.0286999988456955,1.8046000004687812,0.3025999994861195,0.0008000006346264854,0.10040000051958486,0.1111999990826007,0.023100001271814108,0.02869999843824189,0.03650000144261867,0.07370000093942508
test_consistent_random_observations__107,test_consistent_random_observations,PASS,solve_q1,observations,3,3,6,6,4.494699998758733,POLYGON,6,24.785486220032382,12.392743110016191,15.082403507669817,2.6896603976536255,False,scipy_with_fraction_check,scipy_highs_with_fraction_check,,0.04380000063974876,2.4985000000015134,0.5395999996835599,2.0490999977482716,1.3376999995671213,0.47979999908420723,0.0005999991117278114,0.1874999998108251,0.18810000074154232,0.030899998819222674,0.03400000059627928,0.03699999979289714,0.13489999946614262
test_consistent_random_observations__108,test_consistent_random_observations,PASS,solve_q1,observations,4,4,8,8,5.103100000269478,POLYGON,6,24.169381095836204,12.084690547918102,12.084690547918102,0.0,True,scipy_with_fraction_check,scipy_highs_with_fraction_check,,0.031400000807479955,2.415199998722528,0.7969000016601058,1.8473999989510048,2.029499999480322,0.5498999998962972,0.0006999998731771484,0.18740000086836517,0.23399999918183312,0.04000000080850441,0.042499999835854396,0.043399999412940815,0.07710000136285089
test_consistent_random_observations__109,test_consistent_random_observations,PASS,solve_q1,observations,3,3,6,6,4.024399999252637,POLYGON,6,32.62811081792988,16.31405540896494,19.52154664493904,3.2074912359741,False,scipy_with_fraction_check,scipy_highs_with_fraction_check,,0.03570000080799218,2.2546000000147615,0.433899998824927,1.8898000016633887,1.2192000012873905,0.44949999937671237,0.0005999991117278114,0.17490000027464703,0.17470000057073776,0.029499999072868377,0.034300001061637886,0.033799999073380604,0.06539999776578043
test_consistent_random_observations__110,test_consistent_random_observations,PASS,solve_q1,observations,4,4,8,8,6.160200000522309,POLYGON,6,32.62110437306821,16.310552186534107,19.691313439996883,3.380761253462776,False,scipy_with_fraction_check,scipy_highs_with_fraction_check,,0.0380000001314329,2.793900001051952,1.2288000016269507,2.1624999990308424,2.5371000010636635,0.7068000013532583,0.0007999988156370819,0.2799000012601027,0.25379999897268135,0.04960000114806462,0.05469999996421393,0.06489999941550195,0.08439999692200217
test_consistent_random_observations__111,test_consistent_random_observations,PASS,solve_q1,observations,3,3,6,6,4.778200000146171,POLYGON,6,23.92802564192114,11.96401282096057,16.54500973528699,4.58099691432642,False,scipy_with_fraction_check,scipy_highs_with_fraction_check,,0.04810000064026099,2.9768000003969064,0.4993999991711462,2.5337000006402377,1.2683999993896578,0.4095999993296573,0.0006999998731771484,0.1830000001064036,0.12400000014167745,0.030499999411404133,0.035200000638724305,0.03449999894655775,0.07530000038968865
test_consistent_random_observations__112,test_consistent_random_observations,PASS,solve_q1,observations,4,4,8,8,5.281300000206102,POLYGON,6,23.58562512287119,11.792812561435595,16.566754455161508,4.7739418937259135,False,scipy_with_fraction_check,scipy_highs_with_fraction_check,,0.04220000118948519,2.8554000000440283,0.8881000030669384,2.1846999989065807,1.868899998953566,0.43419999929028563,0.0006999998731771484,0.18639999871084,0.13550000039685983,0.031400000807479955,0.03449999894655775,0.04389999958220869,0.08060000072873663
test_consistent_random_observations__113,test_consistent_random_observations,PASS,solve_q1,observations,3,3,6,6,3.90019999940705,POLYGON,5,23.996335681461492,11.998167840730746,14.92030749379433,2.9221396530635833,False,scipy_with_fraction_check,scipy_highs_with_fraction_check,,0.04509999962465372,2.2504999997181585,0.4573999995045597,1.8751999978121603,1.1970999985351227,0.3416999988985481,0.0006999998731771484,0.12400000014167745,0.13419999959296547,0.025299999833805487,0.02680000034160912,0.029299999368959107,0.06580000263056718
test_consistent_random_observations__114,test_consistent_random_observations,PASS,solve_q1,observations,4,4,8,8,4.641999999876134,POLYGON,5,23.971422298640526,11.985711149320263,11.985711149320263,0.0,True,scipy_with_fraction_check,scipy_highs_with_fraction_check,,0.0304000004689442,2.4599999997008126,0.7937999980640598,1.89959999624989,1.6793999984656693,0.3896999987773597,0.0006000009307172149,0.12869999955000822,0.16649999997753184,0.0259000007645227,0.02769999991869554,0.03879999894706998,0.08250000246334821
test_consistent_random_observations__115,test_consistent_random_observations,PASS,solve_q1,observations,3,3,6,6,4.1519000005791895,POLYGON,5,21.19893530218919,10.599467651094596,12.805836067037188,2.206368415942592,False,scipy_with_fraction_check,scipy_highs_with_fraction_check,,0.027600000976235606,2.309600000444334,0.4554999995889375,1.9343999992997851,1.3132999993104022,0.43799999912153,0.0006999998731771484,0.1472000003559515,0.17870000010589138,0.03370000013092067,0.03569999898900278,0.04000000080850441,0.06340000072668772
test_consistent_random_observations__116,test_consistent_random_observations,PASS,solve_q1,observations,4,4,8,8,4.718999998658546,POLYGON,5,19.90679392295804,9.95339696147902,9.95339696147902,0.0,True,scipy_with_fraction_check,scipy_highs_with_fraction_check,,0.03219999962311704,2.457100001265644,0.807399999757763,1.8781999988277676,1.7489000001660315,0.40389999958279077,0.0005000001692678779,0.13129999933880754,0.17920000027515925,0.026300000172341242,0.028700000257231295,0.036299999919719994,0.07689999802096281
test_consistent_random_observations__117,test_consistent_random_observations,PASS,solve_q1,observations,3,3,6,6,3.7473000011232216,POLYGON,4,13.3338116271036,6.6669058135518,10.783862324599278,4.116956511047478,False,scipy_with_fraction_check,scipy_highs_with_fraction_check,,0.026900001103058457,2.2795999993832083,0.46599999950558413,1.8943999984912807,1.1109999995824182,0.2686000007088296,0.0005999991117278114,0.07759999971312936,0.1247000000148546,0.01860000156739261,0.021899999410379678,0.02390000008745119,0.06120000034570694
test_consistent_random_observations__118,test_consistent_random_observations,PASS,solve_q1,observations,4,4,8,8,4.317400000218186,POLYGON,4,13.3338116271036,6.6669058135518,10.783862324599278,4.116956511047478,False,scipy_with_fraction_check,scipy_highs_with_fraction_check,,0.031099998523131944,2.4075000001175795,0.7617000010213815,1.8767000001389533,1.5323999996326165,0.27550000049814116,0.0005000001692678779,0.07809999988239724,0.1263999984075781,0.01880000127130188,0.021800000467919745,0.028599999495781958,0.07090000144671649
test_consistent_random_observations__119,test_consistent_random_observations,PASS,solve_q1,observations,3,3,6,6,3.6944000003131805,POLYGON,4,26.84440885344491,13.422204426722455,13.422204426722484,2.842170943040401e-14,True,scipy_with_fraction_check,scipy_highs_with_fraction_check,,0.028300000849412754,2.258599999549915,0.4414999984874157,1.8447000002197456,1.0727000008046161,0.26249999973515514,0.0006000009307172149,0.0745999986975221,0.12200000128359534,0.018999999156221747,0.020400000721565448,0.024499999199179,0.07229999937408138
test_consistent_random_observations__120,test_consistent_random_observations,PASS,solve_q1,observations,4,4,8,8,4.449299998668721,POLYGON,5,23.6521278839666,11.8260639419833,11.826063941983302,1.7763568394002505e-15,True,scipy_with_fraction_check,scipy_highs_with_fraction_check,,0.031099998523131944,2.3318000003200723,0.7685999989917036,1.7799999986891635,1.642100000026403,0.3681999987747986,0.0005000001692678779,0.12430000060703605,0.15929999972286168,0.023799999326001853,0.025299999833805487,0.0335000004270114,0.07610000102431513
test_consistent_random_observations__121,test_consistent_random_observations,PASS,solve_q1,observations,3,3,6,6,3.789899999901536,POLYGON,5,31.34122936737858,15.67061468368929,15.670614683689307,1.5987211554602254e-14,True,scipy_with_fraction_check,scipy_highs_with_fraction_check,,0.02769999991869554,2.1737000006396556,0.42190000021946616,1.8134999991161749,1.145899999755784,0.3823000006377697,0.0005999991117278114,0.12930000048072543,0.16599999980826396,0.02640000093379058,0.027799998861155473,0.03060000017285347,0.06029999894963112
test_consistent_random_observations__122,test_consistent_random_observations,PASS,solve_q1,observations,4,4,8,8,4.465899999559042,POLYGON,5,31.34122936737858,15.67061468368929,15.670614683689307,1.5987211554602254e-14,True,scipy_with_fraction_check,scipy_highs_with_fraction_check,,0.03680000008898787,2.4072000014712103,0.7275999996636529,1.897300000564428,1.5882999996392755,0.3625999997893814,0.0004999983502784744,0.1205000007757917,0.1568000006955117,0.02409999979136046,0.025600000299164094,0.033799999073380604,0.07099999857018702
test_consistent_random_observations__123,test_consistent_random_observations,PASS,solve_q1,observations,3,3,6,6,4.025599999295082,POLYGON,6,35.88335078499438,17.94167539249719,17.941675392497203,1.4210854715202004e-14,True,scipy_with_fraction_check,scipy_highs_with_fraction_check,,0.04670000089390669,2.2458000003098277,0.45700000009674113,1.8638999990798766,1.2094999983673915,0.45789999967382755,0.0005000001692678779,0.16710000090824906,0.191699999049888,0.030700000934302807,0.03409999953873921,0.03239999932702631,0.06570000005012844
test_consistent_random_observations__124,test_consistent_random_observations,PASS,solve_q1,observations,4,4,8,8,4.570600000079139,POLYGON,5,27.27107044553867,13.635535222769334,13.635535222769363,2.842170943040401e-14,True,scipy_with_fraction_check,scipy_highs_with_fraction_check,,0.028800001018680632,2.496499999324442,0.7839000008971198,1.9188000005669892,1.5743000003567431,0.40210000042861793,0.0005000001692678779,0.13699999908567406,0.17099999968195334,0.0259000007645227,0.02879999919969123,0.03730000025825575,0.06889999895065557
test_consistent_random_observations__125,test_consistent_random_observations,PASS,solve_q1,observations,3,3,6,6,3.956599999582977,POLYGON,6,35.9569185639281,17.97845928196405,18.994368680705563,1.0159093987415133,False,scipy_with_fraction_check,scipy_highs_with_fraction_check,,0.029599999834317714,2.214500000263797,0.4440000011527445,1.8198999987362185,1.2304000010772143,0.41819999933068175,0.0005999991117278114,0.17800000023271423,0.14600000031350646,0.029200000426499173,0.030699999115313403,0.03219999962311704,0.0638999990769662
test_consistent_random_observations__126,test_consistent_random_observations,PASS,solve_q1,observations,4,4,8,8,4.914299999654759,POLYGON,4,29.73829323158163,14.869146615790815,16.887122835674145,2.01797621988333,False,scipy_with_fraction_check,scipy_highs_with_fraction_check,,0.03370000013092067,2.923099998952239,0.7666000001336215,2.3717000003671274,1.6185999993467703,0.2653999999893131,0.0009000013960758224,0.08549999984097667,0.10099999963131268,0.019799999790848233,0.023799999326001853,0.032300000384566374,0.07350000123551581
test_consistent_random_observations__127,test_consistent_random_observations,PASS,solve_q1,observations,3,3,6,6,4.008699999758392,POLYGON,4,25.223157967782935,12.611578983891468,14.523436280262057,1.9118572963705898,False,scipy_with_fraction_check,scipy_highs_with_fraction_check,,0.04310000076657161,2.423899999485002,0.4635999994206941,2.0386000014696037,1.1517999992065597,0.31940000008034986,0.0006999998731771484,0.08639999941806309,0.12590000005729962,0.020000001313746907,0.023999999029911123,0.0594000011915341,0.07050000021990854
test_consistent_random_observations__128,test_consistent_random_observations,PASS,solve_q1,observations,4,4,8,8,5.084400001578615,POLYGON,4,25.223157967782935,12.611578983891468,14.523436280262057,1.9118572963705898,False,scipy_with_fraction_check,scipy_highs_with_fraction_check,,0.039799999285605736,2.87199999911536,0.9094000015466008,2.166299998862087,1.614000000699889,0.3355000008014031,0.0008000006346264854,0.08619999971415382,0.1523000009910902,0.02519999907235615,0.031200001103570685,0.03769999966607429,0.22310000167635735
test_consistent_random_observations__129,test_consistent_random_observations,PASS,solve_q1,observations,3,3,6,6,4.297600000427337,POLYGON,6,25.350880607598643,12.675440303799322,12.973479135836232,0.2980388320369105,False,scipy_with_fraction_check,scipy_highs_with_fraction_check,,0.03760000072361436,2.362100000027567,0.46179999844753183,1.978999998755171,1.339899999948102,0.4859000000578817,0.0006000009307172149,0.1864000005298294,0.1545999984955415,0.03079999987676274,0.06990000110818073,0.04149999949731864,0.07209999967017211
test_consistent_random_observations__130,test_consistent_random_observations,PASS,solve_q1,observations,4,4,8,8,4.722300000139512,POLYGON,4,12.686195811969542,6.343097905984771,6.343097905984776,5.329070518200751e-15,True,scipy_with_fraction_check,scipy_highs_with_fraction_check,,0.04689999877882656,2.586999999039108,0.8015999992494471,2.011000000493368,1.6380000015487894,0.31689999923401047,0.0005999991117278114,0.08949999937613029,0.14320000082079787,0.02080000012938399,0.02719999974942766,0.03319999996165279,0.13350000153877772
test_consistent_random_observations__131,test_consistent_random_observations,PASS,solve_q1,observations,3,3,6,6,3.7781000009999843,POLYGON,3,26.835474185274858,13.417737092637429,16.699666448674503,3.2819293560370735,False,scipy_with_fraction_check,scipy_highs_with_fraction_check,,0.03570000080799218,2.452599999742233,0.46299999848997686,2.0681000023614615,1.0058999996545026,0.21720000040659215,0.0006000009307172149,0.05359999886422884,0.1050000009854557,0.013499999113264494,0.019499999325489625,0.0228000008064555,0.0667000003886642
test_consistent_random_observations__132,test_consistent_random_observations,PASS,solve_q1,observations,4,4,8,8,4.6714000000065425,POLYGON,4,26.835474185274858,13.417737092637429,13.417737092637434,5.329070518200751e-15,True,scipy_with_fraction_check,scipy_highs_with_fraction_check,,0.04470000021683518,2.677899999980582,0.9219000003213296,1.9820999987132382,1.528400000097463,0.3369000005477574,0.0006000009307172149,0.08779999916441739,0.1640999998926418,0.023100001271814108,0.027099998987978324,0.03219999962311704,0.08349999916390516
test_consistent_random_observations__133,test_consistent_random_observations,PASS,solve_q1,observations,3,3,6,6,3.952900000513182,POLYGON,5,20.546170899938325,10.273085449969162,16.12589986624213,5.852814416272967,False,scipy_with_fraction_check,scipy_highs_with_fraction_check,,0.03780000042752363,2.348899999560672,0.4649999991670484,1.9641000017145416,1.1716999997588573,0.3273999991506571,0.0006000009307172149,0.12999999853491317,0.11110000014014076,0.025200000891345553,0.029299999368959107,0.02950000089185778,0.06710000161547214
test_consistent_random_observations__134,test_consistent_random_observations,PASS,solve_q1,observations,4,4,8,8,5.386599999837927,POLYGON,6,20.51773338550417,10.258866692752084,10.258866692752107,2.3092638912203256e-14,True,scipy_with_fraction_check,scipy_highs_with_fraction_check,,0.03980000110459514,2.9157999997551087,0.821399997221306,2.3087000045052264,1.7969000000448432,0.5106000007799594,0.0006000009307172149,0.18669999917619862,0.21080000078654848,0.031800000215298496,0.03499999911582563,0.04340000123193022,0.12349999815342017
test_consistent_random_observations__135,test_consistent_random_observations,PASS,solve_q1,observations,3,3,6,6,4.430299999512499,POLYGON,5,17.92004184716972,8.96002092358486,9.549138863770946,0.5891179401860853,False,scipy_with_fraction_check,scipy_highs_with_fraction_check,,0.04129999979340937,2.3909999999887077,0.46770000153628644,2.0065999997314066,1.5469999998458661,0.38270000004558824,0.0008000006346264854,0.1331999992544297,0.15250000069499947,0.026300000172341242,0.03319999996165279,0.03420000030018855,0.06829999983892776
test_consistent_random_observations__136,test_consistent_random_observations,PASS,solve_q1,observations,4,4,8,8,4.993499998818152,POLYGON,5,17.92004184716972,8.96002092358486,9.549138863770946,0.5891179401860853,False,scipy_with_fraction_check,scipy_highs_with_fraction_check,,0.03639999886217993,2.940399999715737,0.8118000005197246,2.3556000014650635,1.6031000013754237,0.33630000143602956,0.0008999995770864189,0.12270000115677249,0.12389999938022811,0.024200000552809797,0.027299998691887595,0.035000000934815034,0.07729999742878135
test_consistent_random_observations__137,test_consistent_random_observations,PASS,solve_q1,observations,3,3,6,6,3.658999999970547,POLYGON,4,25.987897097450688,12.993948548725344,20.34574339427128,7.351794845545937,False,scipy_with_fraction_check,scipy_highs_with_fraction_check,,0.03260000084992498,2.157900000383961,0.47810000069148373,1.7834999980550492,1.1117999983980553,0.28759999986505136,0.0005000001692678779,0.11499999891384505,0.09890000001178123,0.020700001186924055,0.023799999326001853,0.02700000004551839,0.06910000047355425
test_consistent_random_observations__138,test_consistent_random_observations,PASS,solve_q1,observations,4,4,8,8,4.405699999551871,POLYGON,5,25.987897097450688,12.993948548725344,16.38629054678608,3.3923419980607346,False,scipy_with_fraction_check,scipy_highs_with_fraction_check,,0.03370000013092067,2.335299999685958,0.754300001062802,1.7943000002560439,1.6187000001082197,0.3457000002526911,0.0005999991117278114,0.12790000073437113,0.12559999959194101,0.025800000003073364,0.029299999368959107,0.034800001230905764,0.07229999937408138
test_consistent_random_observations__139,test_consistent_random_observations,PASS,solve_q1,observations,3,3,6,6,3.895199999533361,POLYGON,5,18.55282554527517,9.276412772637585,11.040324174163743,1.7639114015261583,False,scipy_with_fraction_check,scipy_highs_with_fraction_check,,0.030299999707494862,2.2981000001891516,0.4225999982736539,1.936599999680766,1.1953999983234098,0.3101999991486082,0.0006000009307172149,0.119099999210448,0.1053000014508143,0.02390000008745119,0.025800000003073364,0.03389999983482994,0.06120000216469634
test_consistent_random_observations__140,test_consistent_random_observations,PASS,solve_q1,observations,4,4,8,8,4.658300000301097,POLYGON,6,17.7627306792776,8.8813653396388,10.735862738513486,1.8544973988746865,False,scipy_with_fraction_check,scipy_highs_with_fraction_check,,0.030299999707494862,2.4800999999570195,0.7372000018222025,1.9289999981992878,1.6381000004912494,0.43990000085614156,0.0005000001692678779,0.17139999908977188,0.16660000073898118,0.028899999961140566,0.031600000511389226,0.039200000173877925,0.06989999928919133
test_consistent_random_observations__141,test_consistent_random_observations,PASS,solve_q1,observations,3,3,6,6,4.484100001718616,POLYGON,5,19.302908920579394,9.651454460289697,9.686188153598927,0.03473369330922971,False,scipy_with_fraction_check,scipy_highs_with_fraction_check,,0.030499999411404133,2.1488999991561286,0.5445000024337787,1.7835999969975092,1.711799999611685,0.5314000009093434,0.0006999998731771484,0.21180000112508424,0.17889999980980065,0.03259999903093558,0.06960000064282212,0.035600000046542846,0.06150000263005495
test_consistent_random_observations__142,test_consistent_random_observations,PASS,solve_q1,observations,4,4,8,8,6.698099999994156,POLYGON,5,19.208580491575876,9.604290245787938,9.627962241979635,0.023671996191696465,False,scipy_with_fraction_check,scipy_highs_with_fraction_check,,0.04909999915980734,4.446099999768194,1.2605999982042704,3.3256999995501246,1.6940000004979083,0.3857000010611955,0.0005000001692678779,0.12830000014218967,0.1613000003999332,0.02609999864944257,0.02970000059576705,0.0380000001314329,0.12319999950705096
test_consistent_random_observations__143,test_consistent_random_observations,PASS,solve_q1,observations,3,3,6,6,3.761399999348214,POLYGON,4,31.011424830055763,15.505712415027881,15.505712415027896,1.4210854715202004e-14,True,scipy_with_fraction_check,scipy_highs_with_fraction_check,,0.029200000426499173,2.2564999999303836,0.43230000119365286,1.8988999981957022,1.1243000008107629,0.29179999910411425,0.0004999983502784744,0.08490000072924886,0.1343000003544148,0.01990000055229757,0.023499998860643245,0.027100000806967728,0.05959999907645397
test_consistent_random_observations__144,test_consistent_random_observations,PASS,solve_q1,observations,4,4,8,8,4.6832000007270835,POLYGON,5,28.681728902376182,14.340864451188091,14.340864451188095,3.552713678800501e-15,True,scipy_with_fraction_check,scipy_highs_with_fraction_check,,0.029299999368959107,2.5724000006448478,0.7803999978932552,2.0081000020581996,1.6525999999430496,0.36019999970449135,0.0005000001692678779,0.11760000052163377,0.15840000014577527,0.02350000067963265,0.02559999848017469,0.03290000131528359,0.0687000010657357
test_consistent_random_observations__145,test_consistent_random_observations,PASS,solve_q1,observations,3,3,6,6,4.329999999754364,POLYGON,5,26.891954524394816,13.445977262197408,14.377575624125836,0.9315983619284278,False,scipy_with_fraction_check,scipy_highs_with_fraction_check,,0.0349000001733657,2.7211999986320734,0.46439999823633116,2.3149000026023714,1.1742999995476566,0.33199999961652793,0.0006999998731771484,0.12100000094505958,0.12929999866173603,0.02350000067963265,0.026399999114801176,0.029200000426499173,0.06760000178474002
test_consistent_random_observations__146,test_consistent_random_observations,PASS,solve_q1,observations,4,4,8,8,4.783700000189128,POLYGON,5,18.626933282401094,9.313466641200547,10.161280450929183,0.8478138097286365,False,scipy_with_fraction_check,scipy_highs_with_fraction_check,,0.03530000140017364,2.7245000001130393,0.7761000015307218,2.1637999980157474,1.6263999987131683,0.31909999961499125,0.0005999991117278114,0.12220000098750461,0.10769999971671496,0.024400000256719068,0.026300000172341242,0.03589999869291205,0.07840000034775585
test_consistent_random_observations__147,test_consistent_random_observations,PASS,solve_q1,observations,3,3,6,6,4.510099999606609,POLYGON,5,16.28343874830061,8.141719374150306,10.020325876117752,1.8786065019674467,False,scipy_with_fraction_check,scipy_highs_with_fraction_check,,0.0335000004270114,2.9584999992948724,0.50320000082138,2.5163000009342795,1.1044000002584653,0.34870000126829837,0.0008000006346264854,0.12210000022605527,0.1436000002286164,0.024499999199179,0.027100000806967728,0.02879999919969123,0.06499999835796189
test_consistent_random_observations__148,test_consistent_random_observations,PASS,solve_q1,observations,4,4,8,8,5.696499998521176,POLYGON,5,16.28343874830061,8.141719374150306,8.461997439298743,0.3202780651484378,False,scipy_with_fraction_check,scipy_highs_with_fraction_check,,0.0304000004689442,2.350799999476294,0.7737000014458317,1.8032999996648869,2.7098999998997897,0.5301999990479089,0.0009000013960758224,0.13339999895833898,0.16929999947024044,0.034100001357728615,0.037599998904624954,0.15069999972183723,0.07519999962823931
test_consistent_random_observations__149,test_consistent_random_observations,PASS,solve_q1,observations,3,3,6,6,4.300000000512227,POLYGON,5,25.50987491365179,12.754937456825894,15.09940224474934,2.344464787923446,False,scipy_with_fraction_check,scipy_highs_with_fraction_check,,0.04389999958220869,2.5854999985313043,0.5503000011231052,2.1800000031362288,1.241699999809498,0.35990000105812214,0.0005999991117278114,0.12030000107188243,0.1328999987890711,0.030499999411404133,0.03470000046945643,0.03910000123141799,0.06900000153109431
test_consistent_random_observations__150,test_consistent_random_observations,PASS,solve_q1,observations,4,4,8,8,4.738899999210844,POLYGON,6,20.417231311133513,10.208615655566756,10.4551442336223,0.2465285780555444,False,scipy_with_fraction_check,scipy_highs_with_fraction_check,,0.03319999996165279,2.4276000003737863,0.7566999993287027,1.8813000024238136,1.7559999996592524,0.44580000030691735,0.0005999991117278114,0.1742999993439298,0.16700000014679972,0.02910000148403924,0.0320999988616677,0.04090000038559083,0.076299998909235
test_consistent_random_observations__151,test_consistent_random_observations,PASS,solve_q1,observations,3,3,6,6,4.217499999867869,POLYGON,6,30.782561073253586,15.391280536626793,16.05585177680175,0.664571240174956,False,scipy_with_fraction_check,scipy_highs_with_fraction_check,,0.03260000084992498,2.430399999866495,0.4411000008985866,2.0467000031203497,1.2361999997665407,0.4574000013235491,0.0006000009307172149,0.1801999987947056,0.17839999964053277,0.02990000029967632,0.032500000088475645,0.03400000059627928,0.06089999806135893
test_consistent_random_observations__152,test_consistent_random_observations,PASS,solve_q1,observations,4,4,8,8,4.838400000153342,POLYGON,6,30.395780286786067,15.197890143393034,15.19789014339304,7.105427357601002e-15,True,scipy_with_fraction_check,scipy_highs_with_fraction_check,,0.04079999962414149,2.49690000055125,0.7965000004332978,1.9279999996797414,1.7502999999123858,0.4645000008167699,0.0006000009307172149,0.1753999986249255,0.185500000952743,0.029200000426499173,0.0320999988616677,0.040099999750964344,0.08589999924879521
test_consistent_random_observations__153,test_consistent_random_observations,PASS,solve_q1,observations,3,3,6,6,4.1649000013421755,POLYGON,6,16.22981576796982,8.11490788398491,8.11490788398491,0.0,True,scipy_with_fraction_check,scipy_highs_with_fraction_check,,0.03130000004603062,2.3259000008692965,0.46010000005480833,1.945800002431497,1.2725999986287206,0.47170000107144006,0.0005999991117278114,0.18000000090978574,0.19160000010742806,0.030899998819222674,0.03319999996165279,0.03389999983482994,0.06340000072668772
test_consistent_random_observations__154,test_consistent_random_observations,PASS,solve_q1,observations,4,4,8,8,4.994700000679586,POLYGON,7,15.66922215318764,7.83461107659382,8.24205703687934,0.4074459602855196,False,scipy_with_fraction_check,scipy_highs_with_fraction_check,,0.031800000215298496,2.4598999989393633,0.7922999975562561,1.9007999981113244,1.9250000004831236,0.5019999989599455,0.0005999991117278114,0.24080000002868474,0.14060000103199854,0.03459999970800709,0.03639999886217993,0.0470000013592653,0.0760000020818552
test_consistent_random_observations__155,test_consistent_random_observations,PASS,solve_q1,observations,3,3,6,6,3.7800999998580664,POLYGON,3,14.531833146560603,7.265916573280301,10.978508424883996,3.712591851603695,False,scipy_with_fraction_check,scipy_highs_with_fraction_check,,0.029000000722589903,2.289300000484218,0.45539999882748816,1.9133999994664919,1.0751999998319661,0.32170000122278,0.0013000008038943633,0.07899999945948366,0.15729999904579017,0.020400000721565448,0.029599999834317714,0.032100000680657104,0.06489999759651255
test_consistent_random_observations__156,test_consistent_random_observations,PASS,solve_q1,observations,4,4,8,8,4.203200000119978,POLYGON,3,5.042656613974294,2.521328306987147,3.9314127551999016,1.4100844482127548,False,scipy_with_fraction_check,scipy_highs_with_fraction_check,,0.03170000127283856,2.4373999985982664,0.818799999251496,1.8848999970941804,1.4181000005919486,0.23979999969014898,0.0006999998731771484,0.051799999710056,0.11049999920942355,0.016400001186411828,0.024899998606997542,0.03370000013092067,0.07619999996677507
test_consistent_random_observations__157,test_consistent_random_observations,PASS,solve_q1,observations,3,3,6,6,4.057200001625461,POLYGON,5,24.743918081324423,12.371959040662212,12.371959040662224,1.2434497875801753e-14,True,scipy_with_fraction_check,scipy_highs_with_fraction_check,,0.027799998861155473,2.3975000003702007,0.525699997524498,1.9482999978208682,1.1859999995067483,0.38189999941096175,0.0006999998731771484,0.1289000010729069,0.16569999934290536,0.026699999580159783,0.02750000021478627,0.030499999411404133,0.06400000347639434
test_consistent_random_observations__158,test_consistent_random_observations,PASS,solve_q1,observations,4,4,8,8,4.528600000412553,POLYGON,3,12.660570437339388,6.330285218669694,9.296109837786624,2.9658246191169297,False,scipy_with_fraction_check,scipy_highs_with_fraction_check,,0.05500000042957254,2.661200000147801,0.789800002166885,2.0951000005879905,1.524999999674037,0.20229999972798396,0.0005999991117278114,0.05100000089441892,0.09099999988393392,0.01340000017080456,0.019699999029398896,0.02499999936844688,0.08510000043315813
test_consistent_random_observations__159,test_consistent_random_observations,PASS,solve_q1,observations,3,3,6,6,3.9263000016944716,POLYGON,5,23.86658576788942,11.93329288394471,15.065429420008051,3.132136536063342,False,scipy_with_fraction_check,scipy_highs_with_fraction_check,,0.0304000004689442,2.192300000388059,0.44999999954598024,1.8166000008932315,1.2414000011631288,0.39680000008956995,0.0006999998731771484,0.12939999942318536,0.16970000069704838,0.0289999989036005,0.030900000638212077,0.03529999958118424,0.06539999958476983
test_consistent_random_observations__160,test_consistent_random_observations,PASS,solve_q1,observations,4,4,8,8,5.08810000064841,POLYGON,5,23.86658576788942,11.93329288394471,15.065429420008051,3.132136536063342,False,scipy_with_fraction_check,scipy_highs_with_fraction_check,,0.02809999932651408,2.556699999331613,0.8635999984107912,1.9926000022678636,1.9808999986707931,0.4504000007727882,0.0006999998731771484,0.15329999951063655,0.18590000036056153,0.03149999974993989,0.03330000072310213,0.04389999958220869,0.07200000254670158
test_consistent_random_observations__161,test_consistent_random_observations,PASS,solve_q1,observations,3,3,6,6,7.774499999868567,POLYGON,4,25.581473800958232,12.790736900479116,15.957837228437715,3.1671003279585985,False,scipy_with_fraction_check,scipy_highs_with_fraction_check,,0.046499999371008016,4.4006999996781815,0.8570000009058276,3.718599999047001,2.388999999311636,0.8254999993368983,0.0012999989849049598,0.1917000008688774,0.32159999864234123,0.17750000006344635,0.06730000131938141,0.06239999856916256,0.11280000217084307
test_consistent_random_observations__162,test_consistent_random_observations,PASS,solve_q1,observations,4,4,8,8,10.550799999691662,POLYGON,6,22.870502577644604,11.435251288822302,13.114006339519833,1.6787550506975304,False,scipy_with_fraction_check,scipy_highs_with_fraction_check,,0.07040000127744861,4.5968000013090204,1.678499998888583,3.462099999524071,4.4887000003654975,1.2452000009943731,0.0014999986888142303,0.46440000005532056,0.4895000001852168,0.08119999984046444,0.0881000014487654,0.11679999988700729,0.14969999574532267
test_consistent_random_observations__163,test_consistent_random_observations,PASS,solve_q1,observations,3,3,6,6,6.251700000575511,POLYGON,6,28.44783122999307,14.223915614996535,14.223915614996557,2.1316282072803006e-14,True,scipy_with_fraction_check,scipy_highs_with_fraction_check,,0.054400001317844726,3.744100000403705,0.7406999993690988,3.0808000010438263,1.6973000001598848,0.6412000002455898,0.0007999988156370819,0.23220000002766028,0.28110000130254775,0.039799999285605736,0.04040000021632295,0.04479999915929511,0.11469999844848644
test_consistent_random_observations__164,test_consistent_random_observations,PASS,solve_q1,observations,4,4,8,8,4.693300001235912,POLYGON,6,16.049549728366415,8.024774864183208,8.395012830816738,0.37023796663353004,False,scipy_with_fraction_check,scipy_highs_with_fraction_check,,0.02879999919969123,2.3693000002822373,0.7621000022481894,1.8435000001773005,1.7423999997845385,0.481999999465188,0.0006000009307172149,0.18589999854157213,0.1883000004454516,0.03060000017285347,0.03240000114601571,0.04259999877831433,0.07080000250425655
test_consistent_random_observations__165,test_consistent_random_observations,PASS,solve_q1,observations,3,3,6,6,3.9671999984420836,POLYGON,6,23.772736553421012,11.886368276710506,11.886368276710506,0.0,True,scipy_with_fraction_check,scipy_highs_with_fraction_check,,0.030199998946045525,2.189900000303169,0.43990000085614156,1.8216000007669209,1.2241000003996305,0.4607999999279855,0.0005000001692678779,0.16800000048533548,0.19269999938842375,0.03060000017285347,0.034100001357728615,0.033499998608022,0.06219999886525329
test_consistent_random_observations__166,test_consistent_random_observations,PASS,solve_q1,observations,4,4,8,8,4.783899999893038,POLYGON,6,23.772736553421012,11.886368276710506,11.886368276710506,0.0,True,scipy_with_fraction_check,scipy_highs_with_fraction_check,,0.028000000384054147,2.347199999348959,0.7391000017378246,1.817500000470318,1.753499998812913,0.5816999982926063,0.0007999988156370819,0.2392999995208811,0.22760000138077885,0.03099999958067201,0.036499999623629265,0.04450000051292591,0.07350000305450521
test_consistent_random_observations__167,test_consistent_random_observations,PASS,solve_q1,observations,3,3,6,6,3.7704000005760463,POLYGON,4,25.613012744259628,12.806506372129814,12.80650637212984,2.6645352591003757e-14,True,scipy_with_fraction_check,scipy_highs_with_fraction_check,,0.02429999949526973,2.2902999990037642,0.43960000039078295,1.9274999976914842,1.0848000001715263,0.3082000002905261,0.0005999991117278114,0.07960000039020088,0.1480999999330379,0.02479999966453761,0.02479999966453761,0.02640000093379058,0.06280000161495991
test_consistent_random_observations__168,test_consistent_random_observations,PASS,solve_q1,observations,4,4,8,8,4.296799999792711,POLYGON,4,19.09083938013213,9.545419690066065,9.545419690066074,8.881784197001252e-15,True,scipy_with_fraction_check,scipy_highs_with_fraction_check,,0.02719999974942766,2.578600000560982,0.7277000004251022,2.0540999958029715,1.342300000032992,0.2753000007942319,0.0005000001692678779,0.07829999958630651,0.1250000004802132,0.01939999856404029,0.022000000171829015,0.028700000257231295,0.07339999865507707
test_consistent_random_observations__169,test_consistent_random_observations,PASS,solve_q1,observations,3,3,6,6,4.593499999828055,POLYGON,5,21.0435559471971,10.52177797359855,12.701437817551831,2.1796598439532815,False,scipy_with_fraction_check,scipy_highs_with_fraction_check,,0.0579999996261904,2.8275000004214235,0.4817000008188188,2.345000002605957,1.2437000004865695,0.3859999997075647,0.0006000009307172149,0.12830000014218967,0.1680999994277954,0.025699999241624027,0.02990000029967632,0.031400000807479955,0.07829999958630651
test_consistent_random_observations__170,test_consistent_random_observations,PASS,solve_q1,observations,4,4,8,8,5.115500000101747,POLYGON,7,21.0435559471971,10.52177797359855,12.701437817551831,2.1796598439532815,False,scipy_with_fraction_check,scipy_highs_with_fraction_check,,0.029599999834317714,2.6663999997253995,0.8083000011538388,2.107800000885618,1.7959000015252968,0.5522999999811873,0.0006999998731771484,0.24450000091746915,0.18710000040300656,0.033499998608022,0.04000000080850441,0.04470000021683518,0.07129999903554562
test_consistent_random_observations__171,test_consistent_random_observations,PASS,solve_q1,observations,3,3,6,6,4.0479999988747295,POLYGON,6,21.91320695917051,10.956603479585254,10.956603479585269,1.4210854715202004e-14,True,scipy_with_fraction_check,scipy_highs_with_fraction_check,,0.02620000122988131,2.179299999625073,0.46830000246700365,1.8161999996664235,1.275599999644328,0.5064000015408965,0.0005000001692678779,0.17769999976735562,0.19219999921915587,0.031100000342121348,0.03260000084992498,0.06989999928919133,0.060499996834550984
test_consistent_random_observations__172,test_consistent_random_observations,PASS,solve_q1,observations,4,4,8,8,4.920900000797701,POLYGON,6,19.904144780448533,9.952072390224266,10.085069966022342,0.13299757579807547,False,scipy_with_fraction_check,scipy_highs_with_fraction_check,,0.02919999860750977,2.5829000005614944,0.7726000003458466,2.049899998382898,1.7525999992358265,0.47230000018316787,0.0008000006346264854,0.189200000022538,0.17970000044442713,0.028599999495781958,0.03199999991920777,0.04040000021632295,0.0839000022097025
test_consistent_random_observations__173,test_consistent_random_observations,PASS,solve_q1,observations,3,3,6,6,4.060499999468448,POLYGON,6,31.75158382503002,15.87579191251501,15.87579191251502,8.881784197001252e-15,True,scipy_with_fraction_check,scipy_highs_with_fraction_check,,0.029599999834317714,2.272299998367089,0.4456000006030081,1.8970000019180588,1.2379999989207136,0.45510000018111896,0.0006999998731771484,0.1742999993439298,0.18570000065665226,0.029299999368959107,0.03130000004603062,0.03239999932702631,0.06550000216520857
test_consistent_random_observations__174,test_consistent_random_observations,PASS,solve_q1,observations,4,4,8,8,5.329799998435192,POLYGON,5,13.46589902881116,6.73294951440558,8.071725394475942,1.3387758800703624,False,scipy_with_fraction_check,scipy_highs_with_fraction_check,,0.03990000004705507,3.0197000014595687,0.9739999986777548,2.3326000009546988,1.7712000008032192,0.4172000008111354,0.0006000009307172149,0.13029999900027178,0.14370000099006575,0.0351999988197349,0.03960000140068587,0.0655999992886791,0.08179999531421345
test_consistent_random_observations__175,test_consistent_random_observations,PASS,solve_q1,observations,3,3,6,6,4.854100001466577,POLYGON,6,18.47240467265363,9.236202336326816,11.643535223063191,2.4073328867363752,False,scipy_with_fraction_check,scipy_highs_with_fraction_check,,0.03730000025825575,2.785599999697297,0.5694999999832362,2.3200999985419912,1.4895000003889436,0.4576999999699183,0.0005999991117278114,0.20670000048994552,0.14069999997445848,0.033599999369471334,0.036499999623629265,0.03780000042752363,0.08400000115216244
test_consistent_random_observations__176,test_consistent_random_observations,PASS,solve_q1,observations,4,4,8,8,5.950799999482115,POLYGON,6,17.86918476743969,8.934592383719846,10.94162996469077,2.007037580970925,False,scipy_with_fraction_check,scipy_highs_with_fraction_check,,0.03400000059627928,2.9925999988336116,0.9010000012494856,2.376000002186629,2.258300000903546,0.5879999989701901,0.0008999995770864189,0.24599999960628338,0.19869999960064888,0.040099999750964344,0.04450000051292591,0.055700000302749686,0.07790000017848797
test_consistent_random_observations__177,test_consistent_random_observations,PASS,solve_q1,observations,3,3,6,6,6.315799999356386,POLYGON,5,18.167080593364368,9.083540296682184,9.27266433895939,0.18912404227720536,False,scipy_with_fraction_check,scipy_highs_with_fraction_check,,0.04859999899053946,3.691800000524381,0.6592000008822652,3.115700001217192,1.8173000007664086,0.6549999998242129,0.0008999995770864189,0.20000000040454324,0.29770000037387945,0.051399998483248055,0.0503999999637017,0.05160000000614673,0.10309999925084412
test_consistent_random_observations__178,test_consistent_random_observations,PASS,solve_q1,observations,4,4,8,8,10.138599998754216,POLYGON,5,18.167080593364368,9.083540296682184,9.27266433895939,0.18912404227720536,False,scipy_with_fraction_check,scipy_highs_with_fraction_check,,0.07499999992433004,6.085100001655519,1.8395000024611363,4.574300002786913,3.070500000831089,0.6959999991522636,0.0012000000424450263,0.2103000006172806,0.31769999986863695,0.049199999921256676,0.04889999945589807,0.06509999911941122,0.2119999971910147
test_consistent_random_observations__179,test_consistent_random_observations,PASS,solve_q1,observations,3,3,6,6,7.345099998929072,POLYGON,6,26.421712805055996,13.210856402527998,17.77190923039144,4.561052827863442,False,scipy_with_fraction_check,scipy_highs_with_fraction_check,,0.05390000114857685,4.330300000219722,0.7206999998743413,3.6883000011584954,1.8803000002662884,0.9579000015946804,0.0008999995770864189,0.31850000050326344,0.43559999903663993,0.06550000034621917,0.07550000009359792,0.05909999890718609,0.12269999569980428
test_consistent_random_observations__180,test_consistent_random_observations,PASS,solve_q1,observations,4,4,8,8,8.13890000063111,POLYGON,7,25.04011372687751,12.520056863438755,16.94851541681587,4.428458553377114,False,scipy_with_fraction_check,scipy_highs_with_fraction_check,,0.060999998822808266,4.414300001371885,1.361200000246754,3.3977999992202967,2.809300000080839,0.7201999997050734,0.0007999988156370819,0.33059999987017363,0.22470000112662092,0.046999999540275894,0.05500000042957254,0.05980000059935264,0.13410000065050554
test_consistent_random_observations__181,test_consistent_random_observations,PASS,solve_q1,observations,3,3,6,6,3.833400000075926,POLYGON,6,22.049994419460035,11.024997209730017,14.442755728578629,3.4177585188486113,False,scipy_with_fraction_check,scipy_highs_with_fraction_check,,0.030900000638212077,2.1042999997007428,0.4453000001376495,1.75189999754366,1.2127999998483574,0.423699999373639,0.0005999991117278114,0.16840000171214342,0.16340000001946464,0.027499998395796865,0.031100000342121348,0.03130000004603062,0.06170000051497482
test_consistent_random_observations__182,test_consistent_random_observations,PASS,solve_q1,observations,4,4,8,8,4.3167000003450084,POLYGON,4,18.841193792468655,9.420596896234327,13.794048885883573,4.373451989649245,False,scipy_with_fraction_check,scipy_highs_with_fraction_check,,0.02849999873433262,2.308699999048258,0.7337999995797873,1.7927000026247697,1.6209999994316604,0.28949999978067353,0.0005000001692678779,0.08570000136387534,0.1314999990427168,0.017899999875226058,0.022100000933278352,0.030299999707494862,0.06900000335008372
test_consistent_random_observations__183,test_consistent_random_observations,PASS,solve_q1,observations,3,3,6,6,3.7152000004425645,POLYGON,4,17.593011423252317,8.796505711626159,12.017280709809127,3.220774998182968,False,scipy_with_fraction_check,scipy_highs_with_fraction_check,,0.02570000106061343,2.310999998371699,0.44919999891135376,1.9334999997226987,1.0849000009329757,0.23239999973156955,0.0005000001692678779,0.07759999971312936,0.088099999629776,0.0182999992830446,0.021800000467919745,0.024500001018168405,0.06120000034570694
test_consistent_random_observations__184,test_consistent_random_observations,PASS,solve_q1,observations,4,4,8,8,4.848800001127529,POLYGON,5,17.593011423252317,8.796505711626159,11.586180163874873,2.7896744522487147,False,scipy_with_fraction_check,scipy_highs_with_fraction_check,,0.03429999924264848,2.4794000000838423,0.8018000007723458,1.9029999984923052,1.7222000005858717,0.3330999988975236,0.0006999998731771484,0.12940000124217477,0.1114999995479593,0.026199999410891905,0.02769999991869554,0.036100000215810724,0.2798000023176428
test_consistent_random_observations__185,test_consistent_random_observations,PASS,solve_q1,observations,3,3,6,6,4.805399999895599,POLYGON,6,29.58859029290227,14.794295146451136,15.666215679622413,0.8719205331712772,False,scipy_with_fraction_check,scipy_highs_with_fraction_check,,0.04199999966658652,2.1992999991198303,0.4450999986147508,1.8292999993718695,1.868800000011106,0.6274999996094266,0.0008999995770864189,0.2744000012171455,0.21670000023732428,0.04269999953976367,0.04529999932856299,0.04530000114755239,0.06780000148864929
test_consistent_random_observations__186,test_consistent_random_observations,PASS,solve_q1,observations,4,4,8,8,5.90840000040771,POLYGON,6,26.447954010706965,13.223977005353483,15.708333124572306,2.4843561192188233,False,scipy_with_fraction_check,scipy_highs_with_fraction_check,,0.0470000013592653,2.8953000000910833,1.098900000215508,2.1276000024954556,2.241899999717134,0.6167000010464108,0.0006999998731771484,0.21569999989878852,0.2482999989297241,0.04430000080901664,0.04780000017490238,0.05779999992228113,0.10749999819381628
test_consistent_random_observations__187,test_consistent_random_observations,PASS,solve_q1,observations,3,3,6,6,3.897000000506523,POLYGON,4,27.2693152558022,13.6346576279011,20.206083190552533,6.571425562651433,False,scipy_with_fraction_check,scipy_highs_with_fraction_check,,0.10560000009718351,2.35170000087237,0.4535999978543259,1.9754000004468253,1.0814999986905605,0.2905000001192093,0.0006000009307172149,0.08100000013655517,0.1342999985354254,0.019600000086938962,0.02390000008745119,0.025299999833805487,0.06770000072719995
test_consistent_random_observations__188,test_consistent_random_observations,PASS,solve_q1,observations,4,4,8,8,7.290600000487757,POLYGON,5,25.360129063609357,12.680064531804678,12.68006453180473,5.1514348342607263e-14,True,scipy_with_fraction_check,scipy_highs_with_fraction_check,,0.03999999898951501,3.541299998687464,1.140599999416736,2.7901999983441783,2.899599998272606,0.7105000004230533,0.0011000010999850929,0.20899999981338624,0.3152999997837469,0.05539999983739108,0.06120000034570694,0.06570000005012844,0.09920000411511865
test_consistent_random_observations__189,test_consistent_random_observations,PASS,solve_q1,observations,3,3,6,6,9.252300000298419,POLYGON,6,32.095407317363275,16.047703658681638,16.04770365868164,3.552713678800501e-15,True,scipy_with_fraction_check,scipy_highs_with_fraction_check,,0.07449999975506216,5.324100000507315,1.0963000022456981,4.42279999879247,2.7788000006694347,0.9345999987999676,0.0012000000424450263,0.3508000008878298,0.39909999941301066,0.05600000076810829,0.061499998992076144,0.06290000055741984,0.14030000056663994
test_consistent_random_observations__190,test_consistent_random_observations,PASS,solve_q1,observations,4,4,8,8,8.395800001380849,POLYGON,7,32.095407317363275,16.047703658681638,16.04770365868164,3.552713678800501e-15,True,scipy_with_fraction_check,scipy_highs_with_fraction_check,,0.06460000076913275,4.402000000482076,1.3990999996167375,3.3227000003535068,2.8637000013986835,0.915099999474478,0.0011000010999850929,0.3882000000885455,0.3454999987297924,0.058400000852998346,0.05790000068373047,0.06159999975352548,0.15039999925647862
test_consistent_random_observations__191,test_consistent_random_observations,PASS,solve_q1,observations,3,3,6,6,3.7145000005693873,POLYGON,4,18.55843083331396,9.27921541665698,11.240326457713197,1.961111041056217,False,scipy_with_fraction_check,scipy_highs_with_fraction_check,,0.02499999936844688,2.2628000006079674,0.43730000288633164,1.9025999990844866,1.115600000048289,0.25300000015704427,0.0005999991117278114,0.07720000030531082,0.11009999980160501,0.018400000044493936,0.021800000467919745,0.023599999622092582,0.05810000038763974
test_consistent_random_observations__192,test_consistent_random_observations,PASS,solve_q1,observations,4,4,8,8,4.282300000340911,POLYGON,4,16.359992017934047,8.179996008967024,9.527935892170273,1.3479398832032494,False,scipy_with_fraction_check,scipy_highs_with_fraction_check,,0.035400000342633575,2.3576999992656056,0.7636000009370036,1.8005000001721783,1.52679999882821,0.28670000028796494,0.0006000009307172149,0.08820000039122533,0.1204999989568023,0.020200001017656177,0.024499999199179,0.031200001103570685,0.07570000161649659
test_consistent_random_observations__193,test_consistent_random_observations,PASS,solve_q1,observations,3,3,6,6,3.7623000007442897,POLYGON,5,30.5646618518437,15.28233092592185,21.700051717882033,6.417720791960184,False,scipy_with_fraction_check,scipy_highs_with_fraction_check,,0.027399999453336932,2.15329999991809,0.42639999992388766,1.8049999998765998,1.126399998611305,0.39789999937056564,0.0005000001692678779,0.14519999967887998,0.16850000065460335,0.025299999833805487,0.02700000004551839,0.02990000029967632,0.05730000339099206
test_consistent_random_observations__194,test_consistent_random_observations,PASS,solve_q1,observations,4,4,8,8,6.710100000418606,POLYGON,5,29.926100232289183,14.963050116144592,14.963050116144617,2.4868995751603507e-14,True,scipy_with_fraction_check,scipy_highs_with_fraction_check,,0.041700001020217314,3.4517000003688736,0.9813000015128637,2.7142999970237724,2.572000001237029,0.5487999987963121,0.0008999995770864189,0.19609999981184956,0.22850000095786527,0.03409999953873921,0.03730000025825575,0.04939999962516595,0.09589999899617396
test_consistent_random_observations__195,test_consistent_random_observations,PASS,solve_q1,observations,3,3,6,6,3.711099998326972,POLYGON,3,23.61149311599478,11.80574655799739,16.787054456328583,4.981307898331194,False,scipy_with_fraction_check,scipy_highs_with_fraction_check,,0.0411000000895001,2.386399999522837,0.4572000016196398,2.004500000111875,0.9936999995261431,0.22050000006856862,0.0006999998731771484,0.053199999456410296,0.10760000077425502,0.013799999578623101,0.02049999966402538,0.022700000045006163,0.06939999911992345
test_consistent_random_observations__196,test_consistent_random_observations,PASS,solve_q1,observations,4,4,8,8,5.939000000580563,POLYGON,3,23.61149311599478,11.80574655799739,16.787054456328583,4.981307898331194,False,scipy_with_fraction_check,scipy_highs_with_fraction_check,,0.038300000596791506,3.3252999983233167,1.0836999990715412,2.612099999169004,2.144899999620975,0.3369999994902173,0.0008999995770864189,0.07990000085555948,0.1635999997233739,0.021300000298651867,0.029799999538226984,0.03889999970851932,0.09350000254926272
test_consistent_random_observations__197,test_consistent_random_observations,PASS,solve_q1,observations,3,3,6,6,6.947799998670234,POLYGON,6,20.200666669200956,10.100333334600478,14.483456133250828,4.38312279865035,False,scipy_with_fraction_check,scipy_highs_with_fraction_check,,0.043000000005122274,3.841600000669132,0.7279000019480009,3.219300000637304,1.9952000002376735,0.9626000010030111,0.0008999995770864189,0.2638000005390495,0.2872000004572328,0.04929999886371661,0.043000000005122274,0.31400000079884194,0.10539999675529543
test_consistent_random_observations__198,test_consistent_random_observations,PASS,solve_q1,observations,4,4,8,8,7.671200000913814,POLYGON,7,20.200666669200956,10.100333334600478,14.406400681457223,4.306067346856745,False,scipy_with_fraction_check,scipy_highs_with_fraction_check,,0.051900000471505336,4.074599999512429,1.3157999983377522,3.0761000016354956,2.6886000014201272,0.7264999985636678,0.0008000006346264854,0.3164999998261919,0.2627000012580538,0.043199999709031545,0.044499998693936504,0.05690000034519471,0.12960000094608404
test_consistent_random_observations__199,test_consistent_random_observations,PASS,solve_q1,observations,3,3,6,6,4.336699999839766,POLYGON,6,34.018791863941445,17.009395931970722,17.009395931970726,3.552713678800501e-15,True,scipy_with_fraction_check,scipy_highs_with_fraction_check,,0.028000000384054147,2.638600000864244,0.43759999789472204,2.2667999983241316,1.1721999999281252,0.4363000007288065,0.0004999983502784744,0.16770000001997687,0.1768000001902692,0.028500000553322025,0.03020000076503493,0.031099998523131944,0.06159999793453608
test_consistent_random_observations__200,test_consistent_random_observations,PASS,solve_q1,observations,4,4,8,8,4.177099999651546,POLYGON,5,24.934925538381624,12.467462769190812,13.727563865361734,1.2601010961709225,False,scipy_with_fraction_check,scipy_highs_with_fraction_check,,0.026100000468431972,2.256100000522565,0.7339999992836965,1.7399999996996485,1.520999998319894,0.305800000205636,0.0005000001692678779,0.11900000026798807,0.10199999996984843,0.0228000008064555,0.026799998522619717,0.03330000072310213,0.06810000013501849
test_constant_constraints__001,test_constant_constraints,PASS,solve_halfplanes,halfplanes,,,1,,0.3862999983539339,EMPTY,0,,,,,,scipy_with_fraction_check,not_run_or_early_return,0.3619999988586642,,,,,,,,,,,,,0.02429999949526973
test_constant_constraints__002,test_constant_constraints,PASS,solve_halfplanes,halfplanes,,,1,,0.31910000143398065,UNBOUNDED,0,Infinity,,,,,scipy_with_fraction_check,not_run_or_early_return,0.2967999989778036,,,,,,,,,,,,,0.022300002456177026
test_contradictory_parallel_constraints__001,test_contradictory_parallel_constraints,PASS,solve_halfplanes,halfplanes,,,2,2,0.6850999998277985,EMPTY,0,,,,,,scipy_with_fraction_check,scipy_highs_with_fraction_check,0.3115999988949625,,0.32810000084282365,0.021299998479662463,0.29629999880853575,,,,,,,,,0.04540000009001233
test_document_three_observations__001,test_document_three_observations,PASS,solve_q1,observations,3,3,6,6,3.8870999997016042,POLYGON,6,32.25187208460611,16.125936042303056,16.370309230688353,0.2443731883852962,False,scipy_with_fraction_check,scipy_highs_with_fraction_check,,0.03619999915827066,2.1861000004719244,0.42180000127700623,1.8301000018254854,1.1942000000999542,0.4063000014866702,0.0005000001692678779,0.16680000044289045,0.14799999917158857,0.028100001145503484,0.029799999538226984,0.03149999974993989,0.06429999848478474
test_document_two_observations__001,test_document_two_observations,PASS,solve_q1,observations,2,2,4,4,5.097299999761162,POLYGON,4,39.50834065898743,19.754170329493714,19.754170329493714,0.0,True,scipy_with_fraction_check,scipy_highs_with_fraction_check,,0.02320000021427404,4.161900000326568,0.1613000003999332,3.942999997889274,0.6125999989308184,0.2550999997765757,0.0004999983502784744,0.07340000047406647,0.12199999946460593,0.018200000340584666,0.020700001186924055,0.018799999452312477,0.04450000051292591
test_duplicate_and_permutation__001,test_duplicate_and_permutation,PASS,solve_q1,observations,2,2,4,4,3.42350000028091,POLYGON,4,39.50834065898743,19.754170329493714,19.754170329493714,0.0,True,scipy_with_fraction_check,scipy_highs_with_fraction_check,,0.039599999581696466,2.3281000012502773,0.20319999930507038,2.0727999981318135,0.7009000000834931,0.29069999982311856,0.0006999998731771484,0.08549999984097667,0.13690000014321413,0.02080000012938399,0.02409999979136046,0.02099999983329326,0.0641999995423248
test_duplicate_and_permutation__002,test_duplicate_and_permutation,PASS,solve_q1,observations,4,2,8,4,3.074199999900884,POLYGON,4,39.50834065898743,19.754170329493714,19.754170329493714,0.0,True,scipy_with_fraction_check,scipy_highs_with_fraction_check,,0.030899998819222674,2.027099999395432,0.17560000014782418,1.8063999978039647,0.6703999988530995,0.28980000024603214,0.0006000009307172149,0.08449999950244091,0.13659999967785552,0.0213999992411118,0.02370000038354192,0.021600000764010474,0.0560000025870977
test_empty_observation_intersection__001,test_empty_observation_intersection,PASS,solve_q1,observations,2,2,4,4,0.4876000002695946,EMPTY,0,,,,,,scipy_with_fraction_check,scipy_highs_with_fraction_check,,0.02919999860750977,0.41009999949892517,0.10780000047816429,0.2917000001616543,,,,,,,,,0.04830000216315966
test_invalid_inputs__001,test_invalid_inputs,PASS,solve_q1,observations,0,0,,,0.009800000043469481,EXCEPTION,,,,,,,scipy_with_fraction_check,,,0.006800000846851617,,,,,,,,,,,,0.002999999196617864
test_invalid_inputs__002,test_invalid_inputs,PASS,solve_q1,observations,1,1,,,0.013799999578623101,EXCEPTION,,,,,,,scipy_with_fraction_check,,,0.010300000212737359,,,,,,,,,,,,0.003499999365885742
test_invalid_inputs__003,test_invalid_inputs,PASS,solve_q1,observations,1,1,,,0.029200000426499173,EXCEPTION,,,,,,,scipy_with_fraction_check,,,0.025400000595254824,,,,,,,,,,,,0.0037999998312443495
test_invalid_inputs__004,test_invalid_inputs,PASS,solve_q1,observations,1,1,,,0.022300000637187622,EXCEPTION,,,,,,,scipy_with_fraction_check,,,0.019099999917671084,,,,,,,,,,,,0.003200000719516538
test_invalid_inputs__005,test_invalid_inputs,PASS,solve_q1,observations,1,1,,,0.3073999996558996,EXCEPTION,,,,,,,scipy_with_fraction_check,,0.2890999985538656,,,,,,,,,,,,,0.018300001102034003
test_invalid_inputs__006,test_invalid_inputs,PASS,solve_q1,observations,1,1,,,0.30309999965538736,EXCEPTION,,,,,,,scipy_with_fraction_check,,0.28590000147232786,,,,,,,,,,,,,0.017199998183059506
test_invalid_inputs__007,test_invalid_inputs,PASS,solve_q1,observations,1,1,,,0.30340000012074597,EXCEPTION,,,,,,,scipy_with_fraction_check,,0.2868999999918742,,,,,,,,,,,,,0.01650000012887176
test_invalid_inputs__008,test_invalid_inputs,PASS,solve_q1,observations,1,1,,,0.29910000012023374,EXCEPTION,,,,,,,scipy_with_fraction_check,,0.28589999965333845,,,,,,,,,,,,,0.01320000046689529
test_invalid_inputs__009,test_invalid_inputs,PASS,solve_q1,observations,1,1,,,0.30390000029001385,EXCEPTION,,,,,,,scipy_with_fraction_check,,0.28390000079525635,,,,,,,,,,,,,0.019999999494757503
test_lp_numerical_failure_not_unbounded__001,test_lp_numerical_failure_not_unbounded,PASS,solve_q1,observations,2,2,4,4,0.19079999947280157,NUMERICAL_ISSUE,0,,,,,,mocked_linprog,scipy_highs_with_fraction_check,,0.025600000299164094,0.11699999959091656,0.08819999857223593,0.02049999966402538,,,,,,,,,0.04819999958272092
test_lp_uses_free_variables__001,test_lp_uses_free_variables,PASS,solve_q1,observations,1,1,2,2,0.11489999997138511,UNBOUNDED,0,Infinity,,,,,mocked_linprog,scipy_highs_with_fraction_check,,0.0228000008064555,0.05710000004910398,0.020600000425474718,0.021800000467919745,,,,,,,,,0.03499999911582563
test_near_parallel_not_discarded__001,test_near_parallel_not_discarded,PASS,solve_halfplanes,halfplanes,,,3,3,0.821699999505654,POLYGON,3,1000000000000.0,500000000000.0,500000000000.0,0.0,True,fraction_only,fraction_fourier_motzkin,0.2824000002874527,,0.03640000068116933,0.056400000175926834,,0.2812000002450077,0.16979999963950831,0.0005999991117278114,0.034500000765547156,0.07899999945948366,0.016199999663513154,0.018599999748403206,0.01950000114447903,0.05189999865251593
test_negative_coordinate_square__001,test_negative_coordinate_square,PASS,solve_halfplanes,halfplanes,,,4,4,2.84040000042296,POLYGON,4,2.8284271247461903,1.4142135623730951,1.4142135623730951,0.0,True,scipy_with_fraction_check,scipy_highs_with_fraction_check,0.28329999986453913,,1.9643999985419214,0.06639999992330559,1.8045999986497918,0.35339999885763973,0.1778999994712649,0.0006000009307172149,0.05109999983687885,0.07579999873996712,0.01300000076298602,0.016399999367422424,0.019400000383029692,0.06140000368759502
test_point_and_segment_direct_constraints__001,test_point_and_segment_direct_constraints,PASS,solve_halfplanes,halfplanes,,,4,4,2.5826999990385957,POINT,1,0.0,0.0,0.0,0.0,True,scipy_with_fraction_check,scipy_highs_with_fraction_check,0.3023999997822102,,1.9097999993391568,0.06609999945794698,1.7380999997840263,0.30950000109442044,0.0032999996619764715,0.0018999999156221747,,,,,,0.057699999160831794
test_point_and_segment_direct_constraints__002,test_point_and_segment_direct_constraints,PASS,solve_halfplanes,halfplanes,,,4,4,2.609499999380205,SEGMENT,2,2.0,1.0,1.0,0.0,True,scipy_with_fraction_check,scipy_highs_with_fraction_check,0.2843000002030749,,1.8559999989520293,0.06739999844285194,1.695000000836444,0.3231999999115942,0.08940000043367036,0.0006000009307172149,0.018999999156221747,0.04740000076708384,0.0067999990278622136,0.000700001692166552,0.013499999113264494,0.056599999879836105
test_single_observation_unbounded__001,test_single_observation_unbounded,PASS,solve_q1,observations,1,1,2,2,4.48089999918011,UNBOUNDED,0,Infinity,,,,,scipy_with_fraction_check,scipy_highs_with_fraction_check,,0.023499998860643245,4.422300000442192,0.030899998819222674,4.319300000133808,,,,,,,,,0.03509999987727497
test_strip_unbounded_with_no_vertices__001,test_strip_unbounded_with_no_vertices,PASS,solve_halfplanes,halfplanes,,,2,2,3.094099998634192,UNBOUNDED,0,Infinity,,,,,scipy_with_fraction_check,scipy_highs_with_fraction_check,0.46349999865924474,,2.5580999990779674,0.02990000029967632,2.3845999985496746,,,,,,,,,0.07250000089698005
test_thin_polygon_not_merged_into_segment__001,test_thin_polygon_not_merged_into_segment,PASS,solve_halfplanes,halfplanes,,,4,4,1.0208999992755707,POLYGON,4,1.0,0.5,0.5,0.0,True,fraction_only,fraction_fourier_motzkin,0.3385999989404809,,0.04020000051241368,0.06270000085351057,,0.371899999663583,0.20320000112405978,0.0006999998731771484,0.05599999894911889,0.09050000153365545,0.016099998902063817,0.018500000805943273,0.02010000025620684,0.0669999990350334
test_translation_and_rotation__001,test_translation_and_rotation,PASS,solve_q1,observations,2,2,4,4,3.1870999991951976,POLYGON,4,39.50834065898743,19.754170329493714,19.754170329493714,0.0,True,scipy_with_fraction_check,scipy_highs_with_fraction_check,,0.032699999792384915,2.139099999112659,0.1778999994712649,1.8657000000530388,0.6743000012647826,0.28870000096503645,0.0006000009307172149,0.08449999950244091,0.13630000103148632,0.021099998775753193,0.024000000848900527,0.02069999936793465,0.052299998060334474
test_translation_and_rotation__002,test_translation_and_rotation,PASS,solve_q1,observations,2,2,4,4,3.1689999996160623,POLYGON,4,39.50834065898741,19.754170329493704,19.754170329493785,8.171241461241152e-14,True,scipy_with_fraction_check,scipy_highs_with_fraction_check,,0.02719999974942766,2.085899999656249,0.17970000226341654,1.8602999989525415,0.7100999991962453,0.29489999906218145,0.0006999998731771484,0.08639999941806309,0.13920000128564425,0.021699999706470408,0.02429999949526973,0.021100000594742596,0.050900001951958984
test_translation_and_rotation__003,test_translation_and_rotation,PASS,solve_q1,observations,2,2,4,4,3.005700000358047,POLYGON,4,39.50834065898749,19.754170329493746,19.754170329493746,0.0,True,scipy_with_fraction_check,scipy_highs_with_fraction_check,,0.02879999919969123,1.9517000000632834,0.21079999714856967,1.7238999989785952,0.7098999994923361,0.2693999995244667,0.0005999991117278114,0.08309999975608662,0.12510000124166254,0.01849999898695387,0.021500000002561137,0.019099999917671084,0.04590000207826961
