2026-09-13 01:07:27,899 INFO request {"path": "/enter", "payload": {"arena_id": "default", "robot_id": "202601002029", "request_id": "0add56e1fee445e4bf70c72422c41049"}, "attempt": 1}
2026-09-13 01:07:27,903 INFO response {"request_id": "0add56e1fee445e4bf70c72422c41049", "http_status": 200, "body": {"accepted": true, "real_timestamp_ms": 1789232844863, "virtual_time_s": 0, "max_virtual_duration_s": 360000, "max_real_duration_s": 1200, "remaining_real_duration_s": 1200}}
2026-09-13 01:07:27,933 INFO request {"path": "/measure", "payload": {"arena_id": "default", "robot_id": "202601002029", "request_id": "ad937ebc9d774fdb87f59f71cdb5ac6f", "position": {"x": 0.0, "y": 0.0}, "channel": 1}, "attempt": 1}
2026-09-13 01:07:27,934 INFO response {"request_id": "ad937ebc9d774fdb87f59f71cdb5ac6f", "http_status": 200, "body": {"accepted": true, "real_timestamp_ms": 1789232844895, "virtual_time_s": 5, "measure_result": "no_signal"}}
2026-09-13 01:07:27,965 INFO request {"path": "/measure", "payload": {"arena_id": "default", "robot_id": "202601002029", "request_id": "e5b5e75c181d450a9e5902261936b55a", "position": {"x": 0.0, "y": 0.0}, "channel": 2}, "attempt": 1}
2026-09-13 01:07:27,981 INFO response {"request_id": "e5b5e75c181d450a9e5902261936b55a", "http_status": 200, "body": {"accepted": true, "real_timestamp_ms": 1789232844942, "virtual_time_s": 11, "measure_result": "no_signal"}}
2026-09-13 01:07:27,997 INFO request {"path": "/measure", "payload": {"arena_id": "default", "robot_id": "202601002029", "request_id": "25cdaa1f3fa140e6a7887b71a72732c7", "position": {"x": 0.0, "y": 0.0}, "channel": 3}, "attempt": 1}
2026-09-13 01:07:28,011 INFO response {"request_id": "25cdaa1f3fa140e6a7887b71a72732c7", "http_status": 200, "body": {"accepted": true, "real_timestamp_ms": 1789232844970, "virtual_time_s": 17, "measure_result": "no_signal"}}
2026-09-13 01:07:28,025 INFO request {"path": "/measure", "payload": {"arena_id": "default", "robot_id": "202601002029", "request_id": "5d90c9ce378c4ae291f2037511ee2cfe", "position": {"x": 0.0, "y": 0.0}, "channel": 4}, "attempt": 1}
2026-09-13 01:07:28,040 INFO response {"request_id": "5d90c9ce378c4ae291f2037511ee2cfe", "http_status": 200, "body": {"accepted": true, "real_timestamp_ms": 1789232845000, "virtual_time_s": 23, "measure_result": "no_signal"}}
2026-09-13 01:07:28,055 INFO request {"path": "/measure", "payload": {"arena_id": "default", "robot_id": "202601002029", "request_id": "f79c2b53ca1846ccb0226f18182676c7", "position": {"x": 0.0, "y": 0.0}, "channel": 5}, "attempt": 1}
2026-09-13 01:07:28,070 INFO response {"request_id": "f79c2b53ca1846ccb0226f18182676c7", "http_status": 200, "body": {"accepted": true, "real_timestamp_ms": 1789232845030, "virtual_time_s": 29, "measure_result": "no_signal"}}
2026-09-13 01:07:28,086 INFO request {"path": "/measure", "payload": {"arena_id": "default", "robot_id": "202601002029", "request_id": "9b56ffa58fce42cfa89cab7a19b1e44a", "position": {"x": 0.0, "y": 0.0}, "channel": 6}, "attempt": 1}
2026-09-13 01:07:28,099 INFO response {"request_id": "9b56ffa58fce42cfa89cab7a19b1e44a", "http_status": 200, "body": {"accepted": true, "real_timestamp_ms": 1789232845059, "virtual_time_s": 35, "measure_result": "no_signal"}}
2026-09-13 01:07:28,115 INFO request {"path": "/measure", "payload": {"arena_id": "default", "robot_id": "202601002029", "request_id": "ab6e1380acfb4a4dae21617ec9fdc8c7", "position": {"x": 0.0, "y": 0.0}, "channel": 7}, "attempt": 1}
2026-09-13 01:07:28,128 INFO response {"request_id": "ab6e1380acfb4a4dae21617ec9fdc8c7", "http_status": 200, "body": {"accepted": true, "real_timestamp_ms": 1789232845089, "virtual_time_s": 41, "measure_result": "direction", "svd_deg": 189.43}}
2026-09-13 01:07:28,153 INFO request {"path": "/measure", "payload": {"arena_id": "default", "robot_id": "202601002029", "request_id": "a5f994309d6b4f39a491037644b61dbc", "position": {"x": 0.0, "y": 0.0}, "channel": 8}, "attempt": 1}
2026-09-13 01:07:28,168 INFO response {"request_id": "a5f994309d6b4f39a491037644b61dbc", "http_status": 200, "body": {"accepted": true, "real_timestamp_ms": 1789232845128, "virtual_time_s": 47, "measure_result": "no_signal"}}
2026-09-13 01:07:28,183 INFO request {"path": "/measure", "payload": {"arena_id": "default", "robot_id": "202601002029", "request_id": "f7819a72f5fb4ccda78b6d02b25b5a2f", "position": {"x": 0.0, "y": 0.0}, "channel": 9}, "attempt": 1}
2026-09-13 01:07:28,198 INFO response {"request_id": "f7819a72f5fb4ccda78b6d02b25b5a2f", "http_status": 200, "body": {"accepted": true, "real_timestamp_ms": 1789232845158, "virtual_time_s": 53, "measure_result": "no_signal"}}
2026-09-13 01:07:28,214 INFO request {"path": "/measure", "payload": {"arena_id": "default", "robot_id": "202601002029", "request_id": "25d685501297497ea11a0d328678aaa2", "position": {"x": 0.0, "y": 0.0}, "channel": 10}, "attempt": 1}
2026-09-13 01:07:28,227 INFO response {"request_id": "25d685501297497ea11a0d328678aaa2", "http_status": 200, "body": {"accepted": true, "real_timestamp_ms": 1789232845188, "virtual_time_s": 59, "measure_result": "no_signal"}}
2026-09-13 01:07:28,243 INFO request {"path": "/measure", "payload": {"arena_id": "default", "robot_id": "202601002029", "request_id": "3d5f963f7b3941708c93dced95df3a49", "position": {"x": 0.0, "y": 0.0}, "channel": 11}, "attempt": 1}
2026-09-13 01:07:28,258 INFO response {"request_id": "3d5f963f7b3941708c93dced95df3a49", "http_status": 200, "body": {"accepted": true, "real_timestamp_ms": 1789232845217, "virtual_time_s": 65, "measure_result": "no_signal"}}
2026-09-13 01:07:28,272 INFO request {"path": "/measure", "payload": {"arena_id": "default", "robot_id": "202601002029", "request_id": "82c88514337f4bba98fed2494eca110c", "position": {"x": 0.0, "y": 0.0}, "channel": 12}, "attempt": 1}
2026-09-13 01:07:28,274 INFO response {"request_id": "82c88514337f4bba98fed2494eca110c", "http_status": 200, "body": {"accepted": true, "real_timestamp_ms": 1789232845235, "virtual_time_s": 71, "measure_result": "no_signal"}}
2026-09-13 01:07:28,305 INFO request {"path": "/measure", "payload": {"arena_id": "default", "robot_id": "202601002029", "request_id": "f04b4623dc924094aee0feccbe664d5c", "position": {"x": 0.0, "y": 0.0}, "channel": 13}, "attempt": 1}
2026-09-13 01:07:28,308 INFO response {"request_id": "f04b4623dc924094aee0feccbe664d5c", "http_status": 200, "body": {"accepted": true, "real_timestamp_ms": 1789232845268, "virtual_time_s": 77, "measure_result": "no_signal"}}
2026-09-13 01:07:28,339 INFO request {"path": "/measure", "payload": {"arena_id": "default", "robot_id": "202601002029", "request_id": "91e32e6111ed49ef81fb1a4842b030f9", "position": {"x": 0.0, "y": 0.0}, "channel": 14}, "attempt": 1}
2026-09-13 01:07:28,357 INFO response {"request_id": "91e32e6111ed49ef81fb1a4842b030f9", "http_status": 200, "body": {"accepted": true, "real_timestamp_ms": 1789232845317, "virtual_time_s": 83, "measure_result": "direction", "svd_deg": 272.9}}
2026-09-13 01:07:28,378 INFO request {"path": "/measure", "payload": {"arena_id": "default", "robot_id": "202601002029", "request_id": "94301ddb616c4a93a8b1309ed1c8ebe6", "position": {"x": 0.0, "y": 0.0}, "channel": 15}, "attempt": 1}
2026-09-13 01:07:28,380 INFO response {"request_id": "94301ddb616c4a93a8b1309ed1c8ebe6", "http_status": 200, "body": {"accepted": true, "real_timestamp_ms": 1789232845340, "virtual_time_s": 89, "measure_result": "no_signal"}}
2026-09-13 01:07:28,394 INFO request {"path": "/measure", "payload": {"arena_id": "default", "robot_id": "202601002029", "request_id": "2a28380157254735ad85993b874e99b0", "position": {"x": 0.0, "y": 0.0}, "channel": 16}, "attempt": 1}
2026-09-13 01:07:28,396 INFO response {"request_id": "2a28380157254735ad85993b874e99b0", "http_status": 200, "body": {"accepted": true, "real_timestamp_ms": 1789232845357, "virtual_time_s": 95, "measure_result": "no_signal"}}
2026-09-13 01:07:28,427 INFO request {"path": "/measure", "payload": {"arena_id": "default", "robot_id": "202601002029", "request_id": "1a39568584114dd5ad41cafd4032f105", "position": {"x": 0.0, "y": 0.0}, "channel": 17}, "attempt": 1}
2026-09-13 01:07:28,444 INFO response {"request_id": "1a39568584114dd5ad41cafd4032f105", "http_status": 200, "body": {"accepted": true, "real_timestamp_ms": 1789232845404, "virtual_time_s": 101, "measure_result": "direction", "svd_deg": 152.91}}
2026-09-13 01:07:28,465 INFO request {"path": "/measure", "payload": {"arena_id": "default", "robot_id": "202601002029", "request_id": "ec1ebce19bbb4e23a496498a327555db", "position": {"x": 0.0, "y": 0.0}, "channel": 18}, "attempt": 1}
2026-09-13 01:07:28,467 INFO response {"request_id": "ec1ebce19bbb4e23a496498a327555db", "http_status": 200, "body": {"accepted": true, "real_timestamp_ms": 1789232845427, "virtual_time_s": 107, "measure_result": "no_signal"}}
2026-09-13 01:07:28,498 INFO request {"path": "/measure", "payload": {"arena_id": "default", "robot_id": "202601002029", "request_id": "9a9691b000314206bdcc0821157a6429", "position": {"x": 0.0, "y": 0.0}, "channel": 19}, "attempt": 1}
2026-09-13 01:07:28,512 INFO response {"request_id": "9a9691b000314206bdcc0821157a6429", "http_status": 200, "body": {"accepted": true, "real_timestamp_ms": 1789232845472, "virtual_time_s": 113, "measure_result": "no_signal"}}
2026-09-13 01:07:28,526 INFO request {"path": "/measure", "payload": {"arena_id": "default", "robot_id": "202601002029", "request_id": "f8b1d0d88a0342a78ab64ced0208af19", "position": {"x": 0.0, "y": 0.0}, "channel": 20}, "attempt": 1}
2026-09-13 01:07:28,529 INFO response {"request_id": "f8b1d0d88a0342a78ab64ced0208af19", "http_status": 200, "body": {"accepted": true, "real_timestamp_ms": 1789232845489, "virtual_time_s": 119, "measure_result": "direction", "svd_deg": 354.49}}
2026-09-13 01:07:28,980 INFO request {"path": "/measure", "payload": {"arena_id": "default", "robot_id": "202601002029", "request_id": "29f4da558eb549a6b81402d88268661d", "position": {"x": -802.6270275583852, "y": -463.39693041970247}, "channel": 1}, "attempt": 1}
2026-09-13 01:07:28,992 INFO response {"request_id": "29f4da558eb549a6b81402d88268661d", "http_status": 200, "body": {"accepted": true, "real_timestamp_ms": 1789232845953, "virtual_time_s": 310.358772, "measure_result": "no_signal"}}
2026-09-13 01:07:29,007 INFO request {"path": "/measure", "payload": {"arena_id": "default", "robot_id": "202601002029", "request_id": "f64126ed0fd44bbca04a66b758788750", "position": {"x": -802.6270275583852, "y": -463.39693041970247}, "channel": 2}, "attempt": 1}
2026-09-13 01:07:29,008 INFO response {"request_id": "f64126ed0fd44bbca04a66b758788750", "http_status": 200, "body": {"accepted": true, "real_timestamp_ms": 1789232845969, "virtual_time_s": 316.358772, "measure_result": "no_signal"}}
2026-09-13 01:07:29,039 INFO request {"path": "/measure", "payload": {"arena_id": "default", "robot_id": "202601002029", "request_id": "8e049d5bcdf94a6aa935711c6d445cd8", "position": {"x": -802.6270275583852, "y": -463.39693041970247}, "channel": 3}, "attempt": 1}
2026-09-13 01:07:29,052 INFO response {"request_id": "8e049d5bcdf94a6aa935711c6d445cd8", "http_status": 200, "body": {"accepted": true, "real_timestamp_ms": 1789232846012, "virtual_time_s": 322.358772, "measure_result": "no_signal"}}
2026-09-13 01:07:29,066 INFO request {"path": "/measure", "payload": {"arena_id": "default", "robot_id": "202601002029", "request_id": "c6c47cd3989c4aba84b0a038bed3855f", "position": {"x": -802.6270275583852, "y": -463.39693041970247}, "channel": 4}, "attempt": 1}
2026-09-13 01:07:29,081 INFO response {"request_id": "c6c47cd3989c4aba84b0a038bed3855f", "http_status": 200, "body": {"accepted": true, "real_timestamp_ms": 1789232846041, "virtual_time_s": 328.358772, "measure_result": "no_signal"}}
2026-09-13 01:07:29,096 INFO request {"path": "/measure", "payload": {"arena_id": "default", "robot_id": "202601002029", "request_id": "0fd5e709cf014a1ab2c0e2c52cb7c921", "position": {"x": -802.6270275583852, "y": -463.39693041970247}, "channel": 5}, "attempt": 1}
2026-09-13 01:07:29,098 INFO response {"request_id": "0fd5e709cf014a1ab2c0e2c52cb7c921", "http_status": 200, "body": {"accepted": true, "real_timestamp_ms": 1789232846058, "virtual_time_s": 334.358772, "measure_result": "no_signal"}}
2026-09-13 01:07:29,114 INFO request {"path": "/measure", "payload": {"arena_id": "default", "robot_id": "202601002029", "request_id": "c117a0dec3264cb489b62d7060577f05", "position": {"x": -802.6270275583852, "y": -463.39693041970247}, "channel": 6}, "attempt": 1}
2026-09-13 01:07:29,130 INFO response {"request_id": "c117a0dec3264cb489b62d7060577f05", "http_status": 200, "body": {"accepted": true, "real_timestamp_ms": 1789232846090, "virtual_time_s": 340.358772, "measure_result": "no_signal"}}
2026-09-13 01:07:29,145 INFO request {"path": "/measure", "payload": {"arena_id": "default", "robot_id": "202601002029", "request_id": "00eccdaba3f044c29b1a4bfb8ad18744", "position": {"x": -802.6270275583852, "y": -463.39693041970247}, "channel": 8}, "attempt": 1}
2026-09-13 01:07:29,159 INFO response {"request_id": "00eccdaba3f044c29b1a4bfb8ad18744", "http_status": 200, "body": {"accepted": true, "real_timestamp_ms": 1789232846120, "virtual_time_s": 346.358772, "measure_result": "no_signal"}}
2026-09-13 01:07:29,190 INFO request {"path": "/measure", "payload": {"arena_id": "default", "robot_id": "202601002029", "request_id": "52d172a9a5794febb199cf0db3487509", "position": {"x": -802.6270275583852, "y": -463.39693041970247}, "channel": 9}, "attempt": 1}
2026-09-13 01:07:29,191 INFO response {"request_id": "52d172a9a5794febb199cf0db3487509", "http_status": 200, "body": {"accepted": true, "real_timestamp_ms": 1789232846152, "virtual_time_s": 352.358772, "measure_result": "no_signal"}}
2026-09-13 01:07:29,208 INFO request {"path": "/measure", "payload": {"arena_id": "default", "robot_id": "202601002029", "request_id": "e88f7e9f98a5415fa880b6422d3b419e", "position": {"x": -802.6270275583852, "y": -463.39693041970247}, "channel": 10}, "attempt": 1}
2026-09-13 01:07:29,210 INFO response {"request_id": "e88f7e9f98a5415fa880b6422d3b419e", "http_status": 200, "body": {"accepted": true, "real_timestamp_ms": 1789232846170, "virtual_time_s": 358.358772, "measure_result": "no_signal"}}
2026-09-13 01:07:29,240 INFO request {"path": "/measure", "payload": {"arena_id": "default", "robot_id": "202601002029", "request_id": "626930436d184fa3b94cc3fb3938ae11", "position": {"x": -802.6270275583852, "y": -463.39693041970247}, "channel": 11}, "attempt": 1}
2026-09-13 01:07:29,243 INFO response {"request_id": "626930436d184fa3b94cc3fb3938ae11", "http_status": 200, "body": {"accepted": true, "real_timestamp_ms": 1789232846203, "virtual_time_s": 364.358772, "measure_result": "no_signal"}}
2026-09-13 01:07:29,274 INFO request {"path": "/measure", "payload": {"arena_id": "default", "robot_id": "202601002029", "request_id": "0d3eb48d9d5f44c5a8099ab348348aad", "position": {"x": -802.6270275583852, "y": -463.39693041970247}, "channel": 12}, "attempt": 1}
2026-09-13 01:07:29,286 INFO response {"request_id": "0d3eb48d9d5f44c5a8099ab348348aad", "http_status": 200, "body": {"accepted": true, "real_timestamp_ms": 1789232846247, "virtual_time_s": 370.358772, "measure_result": "no_signal"}}
2026-09-13 01:07:29,301 INFO request {"path": "/measure", "payload": {"arena_id": "default", "robot_id": "202601002029", "request_id": "bb0c16b294cc4059ac4c28d3cf7c01f3", "position": {"x": -802.6270275583852, "y": -463.39693041970247}, "channel": 13}, "attempt": 1}
2026-09-13 01:07:29,316 INFO response {"request_id": "bb0c16b294cc4059ac4c28d3cf7c01f3", "http_status": 200, "body": {"accepted": true, "real_timestamp_ms": 1789232846276, "virtual_time_s": 376.358772, "measure_result": "no_signal"}}
2026-09-13 01:07:29,331 INFO request {"path": "/measure", "payload": {"arena_id": "default", "robot_id": "202601002029", "request_id": "a2ea870a2da64190a9bdb010516a0834", "position": {"x": -802.6270275583852, "y": -463.39693041970247}, "channel": 15}, "attempt": 1}
2026-09-13 01:07:29,333 INFO response {"request_id": "a2ea870a2da64190a9bdb010516a0834", "http_status": 200, "body": {"accepted": true, "real_timestamp_ms": 1789232846293, "virtual_time_s": 382.358772, "measure_result": "no_signal"}}
2026-09-13 01:07:29,364 INFO request {"path": "/measure", "payload": {"arena_id": "default", "robot_id": "202601002029", "request_id": "d0357b411f48402d848c1c0451a192a8", "position": {"x": -802.6270275583852, "y": -463.39693041970247}, "channel": 16}, "attempt": 1}
2026-09-13 01:07:29,366 INFO response {"request_id": "d0357b411f48402d848c1c0451a192a8", "http_status": 200, "body": {"accepted": true, "real_timestamp_ms": 1789232846326, "virtual_time_s": 388.358772, "measure_result": "direction", "svd_deg": 129.32}}
2026-09-13 01:07:29,402 INFO request {"path": "/measure", "payload": {"arena_id": "default", "robot_id": "202601002029", "request_id": "4745e42c97b24fcdb6d45fb196fa8c00", "position": {"x": -802.6270275583852, "y": -463.39693041970247}, "channel": 18}, "attempt": 1}
2026-09-13 01:07:29,414 INFO response {"request_id": "4745e42c97b24fcdb6d45fb196fa8c00", "http_status": 200, "body": {"accepted": true, "real_timestamp_ms": 1789232846374, "virtual_time_s": 394.358772, "measure_result": "no_signal"}}
2026-09-13 01:07:29,429 INFO request {"path": "/measure", "payload": {"arena_id": "default", "robot_id": "202601002029", "request_id": "94f8b39ab1a2433b8eda75a0d986933d", "position": {"x": -802.6270275583852, "y": -463.39693041970247}, "channel": 19}, "attempt": 1}
2026-09-13 01:07:29,443 INFO response {"request_id": "94f8b39ab1a2433b8eda75a0d986933d", "http_status": 200, "body": {"accepted": true, "real_timestamp_ms": 1789232846404, "virtual_time_s": 400.358772, "measure_result": "no_signal"}}
2026-09-13 01:07:29,500 INFO request {"path": "/measure", "payload": {"arena_id": "default", "robot_id": "202601002029", "request_id": "7ab7fb25ded6470f9a1d01d19e4424b9", "position": {"x": -802.6270275583852, "y": -463.39693041970247}, "channel": 17}, "attempt": 1}
2026-09-13 01:07:29,521 INFO response {"request_id": "7ab7fb25ded6470f9a1d01d19e4424b9", "http_status": 200, "body": {"accepted": true, "real_timestamp_ms": 1789232846482, "virtual_time_s": 406.358772, "measure_result": "direction", "svd_deg": 45.36}}
2026-09-13 01:07:29,524 INFO request {"path": "/measure", "payload": {"arena_id": "default", "robot_id": "202601002029", "request_id": "6db7b96c96c54b62b72b6957d3cf57ca", "position": {"x": -802.6270275583852, "y": -463.39693041970247}, "channel": 14}, "attempt": 1}
2026-09-13 01:07:29,541 INFO response {"request_id": "6db7b96c96c54b62b72b6957d3cf57ca", "http_status": 200, "body": {"accepted": true, "real_timestamp_ms": 1789232846501, "virtual_time_s": 412.358772, "measure_result": "no_signal"}}
2026-09-13 01:07:29,555 INFO request {"path": "/measure", "payload": {"arena_id": "default", "robot_id": "202601002029", "request_id": "1270989fc0c94804a86c943df6c28461", "position": {"x": -802.6270275583852, "y": -463.39693041970247}, "channel": 7}, "attempt": 1}
2026-09-13 01:07:29,557 INFO response {"request_id": "1270989fc0c94804a86c943df6c28461", "http_status": 200, "body": {"accepted": true, "real_timestamp_ms": 1789232846517, "virtual_time_s": 418.358772, "measure_result": "no_signal"}}
2026-09-13 01:07:30,251 INFO request {"path": "/measure", "payload": {"arena_id": "default", "robot_id": "202601002029", "request_id": "fc28533cb29542058eb8873553333492", "position": {"x": -926.7938608394055, "y": 1.1349951351463954e-13}, "channel": 1}, "attempt": 1}
2026-09-13 01:07:30,263 INFO response {"request_id": "fc28533cb29542058eb8873553333492", "http_status": 200, "body": {"accepted": true, "real_timestamp_ms": 1789232847223, "virtual_time_s": 520.307533, "measure_result": "no_signal"}}
2026-09-13 01:07:30,277 INFO request {"path": "/measure", "payload": {"arena_id": "default", "robot_id": "202601002029", "request_id": "28563a93ed5440288e90dd0b5df9db8d", "position": {"x": -926.7938608394055, "y": 1.1349951351463954e-13}, "channel": 2}, "attempt": 1}
2026-09-13 01:07:30,279 INFO response {"request_id": "28563a93ed5440288e90dd0b5df9db8d", "http_status": 200, "body": {"accepted": true, "real_timestamp_ms": 1789232847239, "virtual_time_s": 526.307533, "measure_result": "no_signal"}}
2026-09-13 01:07:30,310 INFO request {"path": "/measure", "payload": {"arena_id": "default", "robot_id": "202601002029", "request_id": "fbd321c3c8c4404f86461103b14e3e63", "position": {"x": -926.7938608394055, "y": 1.1349951351463954e-13}, "channel": 3}, "attempt": 1}
2026-09-13 01:07:30,311 INFO response {"request_id": "fbd321c3c8c4404f86461103b14e3e63", "http_status": 200, "body": {"accepted": true, "real_timestamp_ms": 1789232847272, "virtual_time_s": 532.307533, "measure_result": "no_signal"}}
2026-09-13 01:07:30,342 INFO request {"path": "/measure", "payload": {"arena_id": "default", "robot_id": "202601002029", "request_id": "603cc0648ae8425897c1e4c0b14e01a9", "position": {"x": -926.7938608394055, "y": 1.1349951351463954e-13}, "channel": 4}, "attempt": 1}
2026-09-13 01:07:30,362 INFO response {"request_id": "603cc0648ae8425897c1e4c0b14e01a9", "http_status": 200, "body": {"accepted": true, "real_timestamp_ms": 1789232847322, "virtual_time_s": 538.307533, "measure_result": "no_signal"}}
2026-09-13 01:07:30,378 INFO request {"path": "/measure", "payload": {"arena_id": "default", "robot_id": "202601002029", "request_id": "d8487fd6fd7f457d89930ac5bb12af81", "position": {"x": -926.7938608394055, "y": 1.1349951351463954e-13}, "channel": 5}, "attempt": 1}
2026-09-13 01:07:30,391 INFO response {"request_id": "d8487fd6fd7f457d89930ac5bb12af81", "http_status": 200, "body": {"accepted": true, "real_timestamp_ms": 1789232847351, "virtual_time_s": 544.307533, "measure_result": "no_signal"}}
2026-09-13 01:07:30,405 INFO request {"path": "/measure", "payload": {"arena_id": "default", "robot_id": "202601002029", "request_id": "62c29aced14b401986408f8618c63fe2", "position": {"x": -926.7938608394055, "y": 1.1349951351463954e-13}, "channel": 6}, "attempt": 1}
2026-09-13 01:07:30,419 INFO response {"request_id": "62c29aced14b401986408f8618c63fe2", "http_status": 200, "body": {"accepted": true, "real_timestamp_ms": 1789232847380, "virtual_time_s": 550.307533, "measure_result": "no_signal"}}
2026-09-13 01:07:30,434 INFO request {"path": "/measure", "payload": {"arena_id": "default", "robot_id": "202601002029", "request_id": "0f18aa55a40f4debb5e838636684d499", "position": {"x": -926.7938608394055, "y": 1.1349951351463954e-13}, "channel": 8}, "attempt": 1}
2026-09-13 01:07:30,448 INFO response {"request_id": "0f18aa55a40f4debb5e838636684d499", "http_status": 200, "body": {"accepted": true, "real_timestamp_ms": 1789232847409, "virtual_time_s": 556.307533, "measure_result": "no_signal"}}
2026-09-13 01:07:30,464 INFO request {"path": "/measure", "payload": {"arena_id": "default", "robot_id": "202601002029", "request_id": "91f1d3c3e0574717ad3103a106435724", "position": {"x": -926.7938608394055, "y": 1.1349951351463954e-13}, "channel": 9}, "attempt": 1}
2026-09-13 01:07:30,477 INFO response {"request_id": "91f1d3c3e0574717ad3103a106435724", "http_status": 200, "body": {"accepted": true, "real_timestamp_ms": 1789232847438, "virtual_time_s": 562.307533, "measure_result": "no_signal"}}
2026-09-13 01:07:30,494 INFO request {"path": "/measure", "payload": {"arena_id": "default", "robot_id": "202601002029", "request_id": "11766a209fc6417da9aebbdc9ef9b99b", "position": {"x": -926.7938608394055, "y": 1.1349951351463954e-13}, "channel": 10}, "attempt": 1}
2026-09-13 01:07:30,496 INFO response {"request_id": "11766a209fc6417da9aebbdc9ef9b99b", "http_status": 200, "body": {"accepted": true, "real_timestamp_ms": 1789232847456, "virtual_time_s": 568.307533, "measure_result": "no_signal"}}
2026-09-13 01:07:30,528 INFO request {"path": "/measure", "payload": {"arena_id": "default", "robot_id": "202601002029", "request_id": "453162d5a9c5480393d44e410c583488", "position": {"x": -926.7938608394055, "y": 1.1349951351463954e-13}, "channel": 11}, "attempt": 1}
2026-09-13 01:07:30,529 INFO response {"request_id": "453162d5a9c5480393d44e410c583488", "http_status": 200, "body": {"accepted": true, "real_timestamp_ms": 1789232847490, "virtual_time_s": 574.307533, "measure_result": "no_signal"}}
2026-09-13 01:07:30,560 INFO request {"path": "/measure", "payload": {"arena_id": "default", "robot_id": "202601002029", "request_id": "f161a7c2f3764dc3b6ce95c4cab0558e", "position": {"x": -926.7938608394055, "y": 1.1349951351463954e-13}, "channel": 12}, "attempt": 1}
2026-09-13 01:07:30,562 INFO response {"request_id": "f161a7c2f3764dc3b6ce95c4cab0558e", "http_status": 200, "body": {"accepted": true, "real_timestamp_ms": 1789232847523, "virtual_time_s": 580.307533, "measure_result": "no_signal"}}
2026-09-13 01:07:30,593 INFO request {"path": "/measure", "payload": {"arena_id": "default", "robot_id": "202601002029", "request_id": "0928de4b49ac4c65b376861898cdf4bc", "position": {"x": -926.7938608394055, "y": 1.1349951351463954e-13}, "channel": 13}, "attempt": 1}
2026-09-13 01:07:30,596 INFO response {"request_id": "0928de4b49ac4c65b376861898cdf4bc", "http_status": 200, "body": {"accepted": true, "real_timestamp_ms": 1789232847556, "virtual_time_s": 586.307533, "measure_result": "no_signal"}}
2026-09-13 01:07:30,626 INFO request {"path": "/measure", "payload": {"arena_id": "default", "robot_id": "202601002029", "request_id": "ddffba473edb4c089e5218a4d7e831b9", "position": {"x": -926.7938608394055, "y": 1.1349951351463954e-13}, "channel": 15}, "attempt": 1}
2026-09-13 01:07:30,629 INFO response {"request_id": "ddffba473edb4c089e5218a4d7e831b9", "http_status": 200, "body": {"accepted": true, "real_timestamp_ms": 1789232847589, "virtual_time_s": 592.307533, "measure_result": "no_signal"}}
2026-09-13 01:07:30,644 INFO request {"path": "/measure", "payload": {"arena_id": "default", "robot_id": "202601002029", "request_id": "078f8ae680084edd86966c10542fe93a", "position": {"x": -926.7938608394055, "y": 1.1349951351463954e-13}, "channel": 18}, "attempt": 1}
2026-09-13 01:07:30,662 INFO response {"request_id": "078f8ae680084edd86966c10542fe93a", "http_status": 200, "body": {"accepted": true, "real_timestamp_ms": 1789232847623, "virtual_time_s": 598.307533, "measure_result": "no_signal"}}
2026-09-13 01:07:30,663 INFO request {"path": "/measure", "payload": {"arena_id": "default", "robot_id": "202601002029", "request_id": "e0e751c11ee044e6b944a71a0fa835eb", "position": {"x": -926.7938608394055, "y": 1.1349951351463954e-13}, "channel": 19}, "attempt": 1}
2026-09-13 01:07:30,683 INFO response {"request_id": "e0e751c11ee044e6b944a71a0fa835eb", "http_status": 200, "body": {"accepted": true, "real_timestamp_ms": 1789232847643, "virtual_time_s": 604.307533, "measure_result": "no_signal"}}
2026-09-13 01:07:30,759 INFO request {"path": "/measure", "payload": {"arena_id": "default", "robot_id": "202601002029", "request_id": "bb410dac42a44ec8ae7271400a611b48", "position": {"x": -926.7938608394055, "y": 1.1349951351463954e-13}, "channel": 16}, "attempt": 1}
2026-09-13 01:07:30,760 INFO response {"request_id": "bb410dac42a44ec8ae7271400a611b48", "http_status": 200, "body": {"accepted": true, "real_timestamp_ms": 1789232847721, "virtual_time_s": 610.307533, "measure_result": "direction", "svd_deg": 193.07}}
2026-09-13 01:07:31,311 INFO request {"path": "/measure", "payload": {"arena_id": "default", "robot_id": "202601002029", "request_id": "8fb7f82d2a294aa6a7899c9d84c1853d", "position": {"x": -802.6270275583848, "y": 463.39693041970304}, "channel": 1}, "attempt": 1}
2026-09-13 01:07:31,313 INFO response {"request_id": "8fb7f82d2a294aa6a7899c9d84c1853d", "http_status": 200, "body": {"accepted": true, "real_timestamp_ms": 1789232848273, "virtual_time_s": 712.256294, "measure_result": "no_signal"}}
2026-09-13 01:07:31,343 INFO request {"path": "/measure", "payload": {"arena_id": "default", "robot_id": "202601002029", "request_id": "a388c45875bf4409b75d30e992605517", "position": {"x": -802.6270275583848, "y": 463.39693041970304}, "channel": 2}, "attempt": 1}
2026-09-13 01:07:31,346 INFO response {"request_id": "a388c45875bf4409b75d30e992605517", "http_status": 200, "body": {"accepted": true, "real_timestamp_ms": 1789232848305, "virtual_time_s": 718.256294, "measure_result": "no_signal"}}
2026-09-13 01:07:31,377 INFO request {"path": "/measure", "payload": {"arena_id": "default", "robot_id": "202601002029", "request_id": "e389f4ffd26545158c524554abb7b94f", "position": {"x": -802.6270275583848, "y": 463.39693041970304}, "channel": 3}, "attempt": 1}
2026-09-13 01:07:31,379 INFO response {"request_id": "e389f4ffd26545158c524554abb7b94f", "http_status": 200, "body": {"accepted": true, "real_timestamp_ms": 1789232848339, "virtual_time_s": 724.256294, "measure_result": "no_signal"}}
2026-09-13 01:07:31,394 INFO request {"path": "/measure", "payload": {"arena_id": "default", "robot_id": "202601002029", "request_id": "f99cf6ea3e6346b8a96f5a9187d7fb2e", "position": {"x": -802.6270275583848, "y": 463.39693041970304}, "channel": 4}, "attempt": 1}
2026-09-13 01:07:31,412 INFO response {"request_id": "f99cf6ea3e6346b8a96f5a9187d7fb2e", "http_status": 200, "body": {"accepted": true, "real_timestamp_ms": 1789232848372, "virtual_time_s": 730.256294, "measure_result": "no_signal"}}
2026-09-13 01:07:31,412 INFO request {"path": "/measure", "payload": {"arena_id": "default", "robot_id": "202601002029", "request_id": "0af78c7dc1d7451dab1bdbb33c7f2057", "position": {"x": -802.6270275583848, "y": 463.39693041970304}, "channel": 5}, "attempt": 1}
2026-09-13 01:07:31,414 INFO response {"request_id": "0af78c7dc1d7451dab1bdbb33c7f2057", "http_status": 200, "body": {"accepted": true, "real_timestamp_ms": 1789232848374, "virtual_time_s": 736.256294, "measure_result": "no_signal"}}
2026-09-13 01:07:31,445 INFO request {"path": "/measure", "payload": {"arena_id": "default", "robot_id": "202601002029", "request_id": "c33056118f8947e18b2cad82eb473d0f", "position": {"x": -802.6270275583848, "y": 463.39693041970304}, "channel": 6}, "attempt": 1}
2026-09-13 01:07:31,447 INFO response {"request_id": "c33056118f8947e18b2cad82eb473d0f", "http_status": 200, "body": {"accepted": true, "real_timestamp_ms": 1789232848407, "virtual_time_s": 742.256294, "measure_result": "no_signal"}}
2026-09-13 01:07:31,478 INFO request {"path": "/measure", "payload": {"arena_id": "default", "robot_id": "202601002029", "request_id": "e244e4ab922b413ab260860e7a917d84", "position": {"x": -802.6270275583848, "y": 463.39693041970304}, "channel": 8}, "attempt": 1}
2026-09-13 01:07:31,490 INFO response {"request_id": "e244e4ab922b413ab260860e7a917d84", "http_status": 200, "body": {"accepted": true, "real_timestamp_ms": 1789232848451, "virtual_time_s": 748.256294, "measure_result": "no_signal"}}
2026-09-13 01:07:31,505 INFO request {"path": "/measure", "payload": {"arena_id": "default", "robot_id": "202601002029", "request_id": "20f446f53ed14801a1daaca968abb905", "position": {"x": -802.6270275583848, "y": 463.39693041970304}, "channel": 9}, "attempt": 1}
2026-09-13 01:07:31,506 INFO response {"request_id": "20f446f53ed14801a1daaca968abb905", "http_status": 200, "body": {"accepted": true, "real_timestamp_ms": 1789232848467, "virtual_time_s": 754.256294, "measure_result": "no_signal"}}
2026-09-13 01:07:31,537 INFO request {"path": "/measure", "payload": {"arena_id": "default", "robot_id": "202601002029", "request_id": "670add6bc25c4941bc61e527ce9534c1", "position": {"x": -802.6270275583848, "y": 463.39693041970304}, "channel": 10}, "attempt": 1}
2026-09-13 01:07:31,538 INFO response {"request_id": "670add6bc25c4941bc61e527ce9534c1", "http_status": 200, "body": {"accepted": true, "real_timestamp_ms": 1789232848499, "virtual_time_s": 760.256294, "measure_result": "no_signal"}}
2026-09-13 01:07:31,569 INFO request {"path": "/measure", "payload": {"arena_id": "default", "robot_id": "202601002029", "request_id": "7f28f0c7161b4a2cafb267fd157f2141", "position": {"x": -802.6270275583848, "y": 463.39693041970304}, "channel": 11}, "attempt": 1}
2026-09-13 01:07:31,570 INFO response {"request_id": "7f28f0c7161b4a2cafb267fd157f2141", "http_status": 200, "body": {"accepted": true, "real_timestamp_ms": 1789232848530, "virtual_time_s": 766.256294, "measure_result": "no_signal"}}
2026-09-13 01:07:31,600 INFO request {"path": "/measure", "payload": {"arena_id": "default", "robot_id": "202601002029", "request_id": "2c57acdd940d42c79f6212131679e467", "position": {"x": -802.6270275583848, "y": 463.39693041970304}, "channel": 12}, "attempt": 1}
2026-09-13 01:07:31,619 INFO response {"request_id": "2c57acdd940d42c79f6212131679e467", "http_status": 200, "body": {"accepted": true, "real_timestamp_ms": 1789232848580, "virtual_time_s": 772.256294, "measure_result": "no_signal"}}
2026-09-13 01:07:31,634 INFO request {"path": "/measure", "payload": {"arena_id": "default", "robot_id": "202601002029", "request_id": "9a7774911bd94b0387b71b793922b756", "position": {"x": -802.6270275583848, "y": 463.39693041970304}, "channel": 13}, "attempt": 1}
2026-09-13 01:07:31,634 INFO response {"request_id": "9a7774911bd94b0387b71b793922b756", "http_status": 200, "body": {"accepted": true, "real_timestamp_ms": 1789232848595, "virtual_time_s": 778.256294, "measure_result": "no_signal"}}
2026-09-13 01:07:31,665 INFO request {"path": "/measure", "payload": {"arena_id": "default", "robot_id": "202601002029", "request_id": "e3010d4351274277a663592472d579cd", "position": {"x": -802.6270275583848, "y": 463.39693041970304}, "channel": 15}, "attempt": 1}
2026-09-13 01:07:31,666 INFO response {"request_id": "e3010d4351274277a663592472d579cd", "http_status": 200, "body": {"accepted": true, "real_timestamp_ms": 1789232848626, "virtual_time_s": 784.256294, "measure_result": "no_signal"}}
2026-09-13 01:07:31,697 INFO request {"path": "/measure", "payload": {"arena_id": "default", "robot_id": "202601002029", "request_id": "760807e246f44850bb455234d05665c2", "position": {"x": -802.6270275583848, "y": 463.39693041970304}, "channel": 18}, "attempt": 1}
2026-09-13 01:07:31,699 INFO response {"request_id": "760807e246f44850bb455234d05665c2", "http_status": 200, "body": {"accepted": true, "real_timestamp_ms": 1789232848659, "virtual_time_s": 790.256294, "measure_result": "no_signal"}}
2026-09-13 01:07:31,729 INFO request {"path": "/measure", "payload": {"arena_id": "default", "robot_id": "202601002029", "request_id": "f24e8b889d164c0baf2e75eba63ef4c4", "position": {"x": -802.6270275583848, "y": 463.39693041970304}, "channel": 19}, "attempt": 1}
2026-09-13 01:07:31,731 INFO response {"request_id": "f24e8b889d164c0baf2e75eba63ef4c4", "http_status": 200, "body": {"accepted": true, "real_timestamp_ms": 1789232848691, "virtual_time_s": 796.256294, "measure_result": "no_signal"}}
2026-09-13 01:07:32,373 INFO request {"path": "/measure", "payload": {"arena_id": "default", "robot_id": "202601002029", "request_id": "f0b9415c42434be2b0caf8ce5c78c6e0", "position": {"x": -463.3969304197025, "y": 802.6270275583851}, "channel": 19}, "attempt": 1}
2026-09-13 01:07:32,375 INFO response {"request_id": "f0b9415c42434be2b0caf8ce5c78c6e0", "http_status": 200, "body": {"accepted": true, "real_timestamp_ms": 1789232849336, "virtual_time_s": 897.205055, "measure_result": "no_signal"}}
2026-09-13 01:07:32,406 INFO request {"path": "/measure", "payload": {"arena_id": "default", "robot_id": "202601002029", "request_id": "deaa46d83e604af5a4fb2eacbf707d14", "position": {"x": -463.3969304197025, "y": 802.6270275583851}, "channel": 1}, "attempt": 1}
2026-09-13 01:07:32,408 INFO response {"request_id": "deaa46d83e604af5a4fb2eacbf707d14", "http_status": 200, "body": {"accepted": true, "real_timestamp_ms": 1789232849368, "virtual_time_s": 903.205055, "measure_result": "no_signal"}}
2026-09-13 01:07:32,439 INFO request {"path": "/measure", "payload": {"arena_id": "default", "robot_id": "202601002029", "request_id": "1e952b9ca76b4463ae252be9c6edaa0a", "position": {"x": -463.3969304197025, "y": 802.6270275583851}, "channel": 2}, "attempt": 1}
2026-09-13 01:07:32,441 INFO response {"request_id": "1e952b9ca76b4463ae252be9c6edaa0a", "http_status": 200, "body": {"accepted": true, "real_timestamp_ms": 1789232849401, "virtual_time_s": 909.205055, "measure_result": "no_signal"}}
2026-09-13 01:07:32,458 INFO request {"path": "/measure", "payload": {"arena_id": "default", "robot_id": "202601002029", "request_id": "5b36d69020c345818ca20a95579bd581", "position": {"x": -463.3969304197025, "y": 802.6270275583851}, "channel": 3}, "attempt": 1}
2026-09-13 01:07:32,473 INFO response {"request_id": "5b36d69020c345818ca20a95579bd581", "http_status": 200, "body": {"accepted": true, "real_timestamp_ms": 1789232849433, "virtual_time_s": 915.205055, "measure_result": "no_signal"}}
2026-09-13 01:07:32,489 INFO request {"path": "/measure", "payload": {"arena_id": "default", "robot_id": "202601002029", "request_id": "bc89725a659542ef83fa3b01ec63fc0e", "position": {"x": -463.3969304197025, "y": 802.6270275583851}, "channel": 4}, "attempt": 1}
2026-09-13 01:07:32,502 INFO response {"request_id": "bc89725a659542ef83fa3b01ec63fc0e", "http_status": 200, "body": {"accepted": true, "real_timestamp_ms": 1789232849463, "virtual_time_s": 921.205055, "measure_result": "no_signal"}}
2026-09-13 01:07:32,533 INFO request {"path": "/measure", "payload": {"arena_id": "default", "robot_id": "202601002029", "request_id": "0d92ddba1443469fb8ab620dba61aa42", "position": {"x": -463.3969304197025, "y": 802.6270275583851}, "channel": 5}, "attempt": 1}
2026-09-13 01:07:32,551 INFO response {"request_id": "0d92ddba1443469fb8ab620dba61aa42", "http_status": 200, "body": {"accepted": true, "real_timestamp_ms": 1789232849512, "virtual_time_s": 927.205055, "measure_result": "no_signal"}}
2026-09-13 01:07:32,552 INFO request {"path": "/measure", "payload": {"arena_id": "default", "robot_id": "202601002029", "request_id": "b54c330d09f34feeafe9b5d52acec7f3", "position": {"x": -463.3969304197025, "y": 802.6270275583851}, "channel": 6}, "attempt": 1}
2026-09-13 01:07:32,553 INFO response {"request_id": "b54c330d09f34feeafe9b5d52acec7f3", "http_status": 200, "body": {"accepted": true, "real_timestamp_ms": 1789232849513, "virtual_time_s": 933.205055, "measure_result": "no_signal"}}
2026-09-13 01:07:32,584 INFO request {"path": "/measure", "payload": {"arena_id": "default", "robot_id": "202601002029", "request_id": "3dfc0f8da6784e06a2b464e3f5360d3e", "position": {"x": -463.3969304197025, "y": 802.6270275583851}, "channel": 8}, "attempt": 1}
2026-09-13 01:07:32,600 INFO response {"request_id": "3dfc0f8da6784e06a2b464e3f5360d3e", "http_status": 200, "body": {"accepted": true, "real_timestamp_ms": 1789232849561, "virtual_time_s": 939.205055, "measure_result": "no_signal"}}
2026-09-13 01:07:32,616 INFO request {"path": "/measure", "payload": {"arena_id": "default", "robot_id": "202601002029", "request_id": "7efa2412d3224486b39007e0f6d00c2e", "position": {"x": -463.3969304197025, "y": 802.6270275583851}, "channel": 9}, "attempt": 1}
2026-09-13 01:07:32,617 INFO response {"request_id": "7efa2412d3224486b39007e0f6d00c2e", "http_status": 200, "body": {"accepted": true, "real_timestamp_ms": 1789232849578, "virtual_time_s": 945.205055, "measure_result": "no_signal"}}
2026-09-13 01:07:32,648 INFO request {"path": "/measure", "payload": {"arena_id": "default", "robot_id": "202601002029", "request_id": "b6c546f32dab4d28b46b1eb63ab35a35", "position": {"x": -463.3969304197025, "y": 802.6270275583851}, "channel": 10}, "attempt": 1}
2026-09-13 01:07:32,649 INFO response {"request_id": "b6c546f32dab4d28b46b1eb63ab35a35", "http_status": 200, "body": {"accepted": true, "real_timestamp_ms": 1789232849609, "virtual_time_s": 951.205055, "measure_result": "no_signal"}}
2026-09-13 01:07:32,680 INFO request {"path": "/measure", "payload": {"arena_id": "default", "robot_id": "202601002029", "request_id": "09357bb12a74490eb02c57746cb20fb2", "position": {"x": -463.3969304197025, "y": 802.6270275583851}, "channel": 11}, "attempt": 1}
2026-09-13 01:07:32,681 INFO response {"request_id": "09357bb12a74490eb02c57746cb20fb2", "http_status": 200, "body": {"accepted": true, "real_timestamp_ms": 1789232849641, "virtual_time_s": 957.205055, "measure_result": "no_signal"}}
2026-09-13 01:07:32,711 INFO request {"path": "/measure", "payload": {"arena_id": "default", "robot_id": "202601002029", "request_id": "b9cd7b60d2924e4b9c834c0e768a10f2", "position": {"x": -463.3969304197025, "y": 802.6270275583851}, "channel": 12}, "attempt": 1}
2026-09-13 01:07:32,727 INFO response {"request_id": "b9cd7b60d2924e4b9c834c0e768a10f2", "http_status": 200, "body": {"accepted": true, "real_timestamp_ms": 1789232849688, "virtual_time_s": 963.205055, "measure_result": "no_signal"}}
2026-09-13 01:07:32,743 INFO request {"path": "/measure", "payload": {"arena_id": "default", "robot_id": "202601002029", "request_id": "c338dc0eb6bc45778576ec733156a84e", "position": {"x": -463.3969304197025, "y": 802.6270275583851}, "channel": 13}, "attempt": 1}
2026-09-13 01:07:32,744 INFO response {"request_id": "c338dc0eb6bc45778576ec733156a84e", "http_status": 200, "body": {"accepted": true, "real_timestamp_ms": 1789232849705, "virtual_time_s": 969.205055, "measure_result": "no_signal"}}
2026-09-13 01:07:32,774 INFO request {"path": "/measure", "payload": {"arena_id": "default", "robot_id": "202601002029", "request_id": "83c7475915e5458295c81df91b9f7f2e", "position": {"x": -463.3969304197025, "y": 802.6270275583851}, "channel": 15}, "attempt": 1}
2026-09-13 01:07:32,776 INFO response {"request_id": "83c7475915e5458295c81df91b9f7f2e", "http_status": 200, "body": {"accepted": true, "real_timestamp_ms": 1789232849736, "virtual_time_s": 975.205055, "measure_result": "direction", "svd_deg": 46.33}}
2026-09-13 01:07:32,810 INFO request {"path": "/measure", "payload": {"arena_id": "default", "robot_id": "202601002029", "request_id": "f83b8e0212834ef0a5c2e322e2fb9c78", "position": {"x": -463.3969304197025, "y": 802.6270275583851}, "channel": 18}, "attempt": 1}
2026-09-13 01:07:32,812 INFO response {"request_id": "f83b8e0212834ef0a5c2e322e2fb9c78", "http_status": 200, "body": {"accepted": true, "real_timestamp_ms": 1789232849772, "virtual_time_s": 981.205055, "measure_result": "no_signal"}}
2026-09-13 01:07:32,858 INFO request {"path": "/measure", "payload": {"arena_id": "default", "robot_id": "202601002029", "request_id": "4e5f80fc23a04ece85412a7a1a6e9da8", "position": {"x": -463.3969304197025, "y": 802.6270275583851}, "channel": 7}, "attempt": 1}
2026-09-13 01:07:32,875 INFO response {"request_id": "4e5f80fc23a04ece85412a7a1a6e9da8", "http_status": 200, "body": {"accepted": true, "real_timestamp_ms": 1789232849835, "virtual_time_s": 987.205055, "measure_result": "no_signal"}}
2026-09-13 01:07:33,824 INFO request {"path": "/measure", "payload": {"arena_id": "default", "robot_id": "202601002029", "request_id": "df234679df844e1096ee7d9c86e74cd4", "position": {"x": 5.674975675731977e-14, "y": 926.7938608394055}, "channel": 1}, "attempt": 1}
2026-09-13 01:07:33,825 INFO response {"request_id": "df234679df844e1096ee7d9c86e74cd4", "http_status": 200, "body": {"accepted": true, "real_timestamp_ms": 1789232850786, "virtual_time_s": 1089.153816, "measure_result": "no_signal"}}
2026-09-13 01:07:33,856 INFO request {"path": "/measure", "payload": {"arena_id": "default", "robot_id": "202601002029", "request_id": "cbcf897fc6854b57bf5dddf7acd049c9", "position": {"x": 5.674975675731977e-14, "y": 926.7938608394055}, "channel": 2}, "attempt": 1}
2026-09-13 01:07:33,858 INFO response {"request_id": "cbcf897fc6854b57bf5dddf7acd049c9", "http_status": 200, "body": {"accepted": true, "real_timestamp_ms": 1789232850818, "virtual_time_s": 1095.153816, "measure_result": "no_signal"}}
2026-09-13 01:07:33,888 INFO request {"path": "/measure", "payload": {"arena_id": "default", "robot_id": "202601002029", "request_id": "ab7438130c184eb7ba8c2c44ec3fb579", "position": {"x": 5.674975675731977e-14, "y": 926.7938608394055}, "channel": 3}, "attempt": 1}
2026-09-13 01:07:33,891 INFO response {"request_id": "ab7438130c184eb7ba8c2c44ec3fb579", "http_status": 200, "body": {"accepted": true, "real_timestamp_ms": 1789232850851, "virtual_time_s": 1101.153816, "measure_result": "no_signal"}}
2026-09-13 01:07:33,922 INFO request {"path": "/measure", "payload": {"arena_id": "default", "robot_id": "202601002029", "request_id": "139de491506d4a3b8bda5537c6773430", "position": {"x": 5.674975675731977e-14, "y": 926.7938608394055}, "channel": 4}, "attempt": 1}
2026-09-13 01:07:33,939 INFO response {"request_id": "139de491506d4a3b8bda5537c6773430", "http_status": 200, "body": {"accepted": true, "real_timestamp_ms": 1789232850900, "virtual_time_s": 1107.153816, "measure_result": "no_signal"}}
2026-09-13 01:07:33,955 INFO request {"path": "/measure", "payload": {"arena_id": "default", "robot_id": "202601002029", "request_id": "aab042842bea497ea481676291b7620b", "position": {"x": 5.674975675731977e-14, "y": 926.7938608394055}, "channel": 5}, "attempt": 1}
2026-09-13 01:07:33,956 INFO response {"request_id": "aab042842bea497ea481676291b7620b", "http_status": 200, "body": {"accepted": true, "real_timestamp_ms": 1789232850917, "virtual_time_s": 1113.153816, "measure_result": "no_signal"}}
2026-09-13 01:07:33,972 INFO request {"path": "/measure", "payload": {"arena_id": "default", "robot_id": "202601002029", "request_id": "d8ceb702216e4e86a5452b33ccf5b39d", "position": {"x": 5.674975675731977e-14, "y": 926.7938608394055}, "channel": 6}, "attempt": 1}
2026-09-13 01:07:33,990 INFO response {"request_id": "d8ceb702216e4e86a5452b33ccf5b39d", "http_status": 200, "body": {"accepted": true, "real_timestamp_ms": 1789232850950, "virtual_time_s": 1119.153816, "measure_result": "no_signal"}}
2026-09-13 01:07:33,990 INFO request {"path": "/measure", "payload": {"arena_id": "default", "robot_id": "202601002029", "request_id": "e34826d490034d62bcb9843343a7d42b", "position": {"x": 5.674975675731977e-14, "y": 926.7938608394055}, "channel": 8}, "attempt": 1}
2026-09-13 01:07:33,992 INFO response {"request_id": "e34826d490034d62bcb9843343a7d42b", "http_status": 200, "body": {"accepted": true, "real_timestamp_ms": 1789232850951, "virtual_time_s": 1125.153816, "measure_result": "no_signal"}}
2026-09-13 01:07:34,023 INFO request {"path": "/measure", "payload": {"arena_id": "default", "robot_id": "202601002029", "request_id": "dfd456e8a93b4401830cb69402c036b3", "position": {"x": 5.674975675731977e-14, "y": 926.7938608394055}, "channel": 9}, "attempt": 1}
2026-09-13 01:07:34,040 INFO response {"request_id": "dfd456e8a93b4401830cb69402c036b3", "http_status": 200, "body": {"accepted": true, "real_timestamp_ms": 1789232851000, "virtual_time_s": 1131.153816, "measure_result": "no_signal"}}
2026-09-13 01:07:34,055 INFO request {"path": "/measure", "payload": {"arena_id": "default", "robot_id": "202601002029", "request_id": "b4412973ef1b4e2e9d9c2d43a1b41a4c", "position": {"x": 5.674975675731977e-14, "y": 926.7938608394055}, "channel": 10}, "attempt": 1}
2026-09-13 01:07:34,069 INFO response {"request_id": "b4412973ef1b4e2e9d9c2d43a1b41a4c", "http_status": 200, "body": {"accepted": true, "real_timestamp_ms": 1789232851029, "virtual_time_s": 1137.153816, "measure_result": "no_signal"}}
2026-09-13 01:07:34,084 INFO request {"path": "/measure", "payload": {"arena_id": "default", "robot_id": "202601002029", "request_id": "5d9702cf892945199a5437bc44ba9d25", "position": {"x": 5.674975675731977e-14, "y": 926.7938608394055}, "channel": 11}, "attempt": 1}
2026-09-13 01:07:34,099 INFO response {"request_id": "5d9702cf892945199a5437bc44ba9d25", "http_status": 200, "body": {"accepted": true, "real_timestamp_ms": 1789232851059, "virtual_time_s": 1143.153816, "measure_result": "direction", "svd_deg": 34.68}}
2026-09-13 01:07:34,119 INFO request {"path": "/measure", "payload": {"arena_id": "default", "robot_id": "202601002029", "request_id": "7e7803b342964065b5e353f88e4ddec9", "position": {"x": 5.674975675731977e-14, "y": 926.7938608394055}, "channel": 12}, "attempt": 1}
2026-09-13 01:07:34,121 INFO response {"request_id": "7e7803b342964065b5e353f88e4ddec9", "http_status": 200, "body": {"accepted": true, "real_timestamp_ms": 1789232851081, "virtual_time_s": 1149.153816, "measure_result": "no_signal"}}
2026-09-13 01:07:34,152 INFO request {"path": "/measure", "payload": {"arena_id": "default", "robot_id": "202601002029", "request_id": "4e4920f384754c1fa700bfc716b88d6d", "position": {"x": 5.674975675731977e-14, "y": 926.7938608394055}, "channel": 13}, "attempt": 1}
2026-09-13 01:07:34,168 INFO response {"request_id": "4e4920f384754c1fa700bfc716b88d6d", "http_status": 200, "body": {"accepted": true, "real_timestamp_ms": 1789232851129, "virtual_time_s": 1155.153816, "measure_result": "no_signal"}}
2026-09-13 01:07:34,183 INFO request {"path": "/measure", "payload": {"arena_id": "default", "robot_id": "202601002029", "request_id": "ece0048b28e649d38fca8d3a6fe1c9ec", "position": {"x": 5.674975675731977e-14, "y": 926.7938608394055}, "channel": 18}, "attempt": 1}
2026-09-13 01:07:34,198 INFO response {"request_id": "ece0048b28e649d38fca8d3a6fe1c9ec", "http_status": 200, "body": {"accepted": true, "real_timestamp_ms": 1789232851158, "virtual_time_s": 1161.153816, "measure_result": "no_signal"}}
2026-09-13 01:07:34,214 INFO request {"path": "/measure", "payload": {"arena_id": "default", "robot_id": "202601002029", "request_id": "8cf525960d634d60ad71dde990629a49", "position": {"x": 5.674975675731977e-14, "y": 926.7938608394055}, "channel": 19}, "attempt": 1}
2026-09-13 01:07:34,228 INFO response {"request_id": "8cf525960d634d60ad71dde990629a49", "http_status": 200, "body": {"accepted": true, "real_timestamp_ms": 1789232851188, "virtual_time_s": 1167.153816, "measure_result": "no_signal"}}
2026-09-13 01:07:34,286 INFO request {"path": "/measure", "payload": {"arena_id": "default", "robot_id": "202601002029", "request_id": "19e3115d3630443488fa5a04e5db82fb", "position": {"x": 5.674975675731977e-14, "y": 926.7938608394055}, "channel": 15}, "attempt": 1}
2026-09-13 01:07:34,288 INFO response {"request_id": "19e3115d3630443488fa5a04e5db82fb", "http_status": 200, "body": {"accepted": true, "real_timestamp_ms": 1789232851248, "virtual_time_s": 1173.153816, "measure_result": "direction", "svd_deg": 68.97}}
2026-09-13 01:07:35,261 INFO request {"path": "/measure", "payload": {"arena_id": "default", "robot_id": "202601002029", "request_id": "5377f25206c4422da4128f8cff5f799e", "position": {"x": 463.39693041970287, "y": 802.627027558385}, "channel": 1}, "attempt": 1}
2026-09-13 01:07:35,262 INFO response {"request_id": "5377f25206c4422da4128f8cff5f799e", "http_status": 200, "body": {"accepted": true, "real_timestamp_ms": 1789232852223, "virtual_time_s": 1275.102577, "measure_result": "no_signal"}}
2026-09-13 01:07:35,293 INFO request {"path": "/measure", "payload": {"arena_id": "default", "robot_id": "202601002029", "request_id": "e76edd0bf225441aac1daa7e8519793c", "position": {"x": 463.39693041970287, "y": 802.627027558385}, "channel": 2}, "attempt": 1}
2026-09-13 01:07:35,306 INFO response {"request_id": "e76edd0bf225441aac1daa7e8519793c", "http_status": 200, "body": {"accepted": true, "real_timestamp_ms": 1789232852267, "virtual_time_s": 1281.102577, "measure_result": "no_signal"}}
2026-09-13 01:07:35,321 INFO request {"path": "/measure", "payload": {"arena_id": "default", "robot_id": "202601002029", "request_id": "008f3b037b1c45358bf1e3ea0196a261", "position": {"x": 463.39693041970287, "y": 802.627027558385}, "channel": 3}, "attempt": 1}
2026-09-13 01:07:35,336 INFO response {"request_id": "008f3b037b1c45358bf1e3ea0196a261", "http_status": 200, "body": {"accepted": true, "real_timestamp_ms": 1789232852296, "virtual_time_s": 1287.102577, "measure_result": "no_signal"}}
2026-09-13 01:07:35,351 INFO request {"path": "/measure", "payload": {"arena_id": "default", "robot_id": "202601002029", "request_id": "124c6bbe0dda4cc8b4184d9225f314c5", "position": {"x": 463.39693041970287, "y": 802.627027558385}, "channel": 4}, "attempt": 1}
2026-09-13 01:07:35,367 INFO response {"request_id": "124c6bbe0dda4cc8b4184d9225f314c5", "http_status": 200, "body": {"accepted": true, "real_timestamp_ms": 1789232852327, "virtual_time_s": 1293.102577, "measure_result": "no_signal"}}
2026-09-13 01:07:35,382 INFO request {"path": "/measure", "payload": {"arena_id": "default", "robot_id": "202601002029", "request_id": "0745d13d1de64680ac356bf557d980f4", "position": {"x": 463.39693041970287, "y": 802.627027558385}, "channel": 5}, "attempt": 1}
2026-09-13 01:07:35,396 INFO response {"request_id": "0745d13d1de64680ac356bf557d980f4", "http_status": 200, "body": {"accepted": true, "real_timestamp_ms": 1789232852355, "virtual_time_s": 1299.102577, "measure_result": "no_signal"}}
2026-09-13 01:07:35,411 INFO request {"path": "/measure", "payload": {"arena_id": "default", "robot_id": "202601002029", "request_id": "2f3c0fbb91dc437696e9d04187fc1d82", "position": {"x": 463.39693041970287, "y": 802.627027558385}, "channel": 6}, "attempt": 1}
2026-09-13 01:07:35,425 INFO response {"request_id": "2f3c0fbb91dc437696e9d04187fc1d82", "http_status": 200, "body": {"accepted": true, "real_timestamp_ms": 1789232852385, "virtual_time_s": 1305.102577, "measure_result": "no_signal"}}
2026-09-13 01:07:35,455 INFO request {"path": "/measure", "payload": {"arena_id": "default", "robot_id": "202601002029", "request_id": "2828b1cfab254c29b18548a2261547ae", "position": {"x": 463.39693041970287, "y": 802.627027558385}, "channel": 8}, "attempt": 1}
2026-09-13 01:07:35,474 INFO response {"request_id": "2828b1cfab254c29b18548a2261547ae", "http_status": 200, "body": {"accepted": true, "real_timestamp_ms": 1789232852434, "virtual_time_s": 1311.102577, "measure_result": "no_signal"}}
2026-09-13 01:07:35,475 INFO request {"path": "/measure", "payload": {"arena_id": "default", "robot_id": "202601002029", "request_id": "6e0bcc89c3d54d8e9de04aff95079262", "position": {"x": 463.39693041970287, "y": 802.627027558385}, "channel": 9}, "attempt": 1}
2026-09-13 01:07:35,493 INFO response {"request_id": "6e0bcc89c3d54d8e9de04aff95079262", "http_status": 200, "body": {"accepted": true, "real_timestamp_ms": 1789232852453, "virtual_time_s": 1317.102577, "measure_result": "no_signal"}}
2026-09-13 01:07:35,508 INFO request {"path": "/measure", "payload": {"arena_id": "default", "robot_id": "202601002029", "request_id": "b08734194ad4424fbc6c6d312af41b84", "position": {"x": 463.39693041970287, "y": 802.627027558385}, "channel": 10}, "attempt": 1}
2026-09-13 01:07:35,510 INFO response {"request_id": "b08734194ad4424fbc6c6d312af41b84", "http_status": 200, "body": {"accepted": true, "real_timestamp_ms": 1789232852470, "virtual_time_s": 1323.102577, "measure_result": "no_signal"}}
2026-09-13 01:07:35,541 INFO request {"path": "/measure", "payload": {"arena_id": "default", "robot_id": "202601002029", "request_id": "c620dbe97fe74be2a90235c9e6a9e88b", "position": {"x": 463.39693041970287, "y": 802.627027558385}, "channel": 12}, "attempt": 1}
2026-09-13 01:07:35,561 INFO response {"request_id": "c620dbe97fe74be2a90235c9e6a9e88b", "http_status": 200, "body": {"accepted": true, "real_timestamp_ms": 1789232852522, "virtual_time_s": 1329.102577, "measure_result": "no_signal"}}
2026-09-13 01:07:35,576 INFO request {"path": "/measure", "payload": {"arena_id": "default", "robot_id": "202601002029", "request_id": "5901b386c01948828fb7adaf3233c138", "position": {"x": 463.39693041970287, "y": 802.627027558385}, "channel": 13}, "attempt": 1}
2026-09-13 01:07:35,591 INFO response {"request_id": "5901b386c01948828fb7adaf3233c138", "http_status": 200, "body": {"accepted": true, "real_timestamp_ms": 1789232852552, "virtual_time_s": 1335.102577, "measure_result": "no_signal"}}
2026-09-13 01:07:35,606 INFO request {"path": "/measure", "payload": {"arena_id": "default", "robot_id": "202601002029", "request_id": "9956cbbca055456390a64c46bc9d1db5", "position": {"x": 463.39693041970287, "y": 802.627027558385}, "channel": 18}, "attempt": 1}
2026-09-13 01:07:35,608 INFO response {"request_id": "9956cbbca055456390a64c46bc9d1db5", "http_status": 200, "body": {"accepted": true, "real_timestamp_ms": 1789232852568, "virtual_time_s": 1341.102577, "measure_result": "no_signal"}}
2026-09-13 01:07:35,639 INFO request {"path": "/measure", "payload": {"arena_id": "default", "robot_id": "202601002029", "request_id": "7621c49dac9749bdb9fd43c9b1e285be", "position": {"x": 463.39693041970287, "y": 802.627027558385}, "channel": 19}, "attempt": 1}
2026-09-13 01:07:35,660 INFO response {"request_id": "7621c49dac9749bdb9fd43c9b1e285be", "http_status": 200, "body": {"accepted": true, "real_timestamp_ms": 1789232852620, "virtual_time_s": 1347.102577, "measure_result": "no_signal"}}
2026-09-13 01:07:35,740 INFO request {"path": "/measure", "payload": {"arena_id": "default", "robot_id": "202601002029", "request_id": "7cc45f5083b74b4f89556f47de8b7f4e", "position": {"x": 463.39693041970287, "y": 802.627027558385}, "channel": 20}, "attempt": 1}
2026-09-13 01:07:35,742 INFO response {"request_id": "7cc45f5083b74b4f89556f47de8b7f4e", "http_status": 200, "body": {"accepted": true, "real_timestamp_ms": 1789232852702, "virtual_time_s": 1353.102577, "measure_result": "direction", "svd_deg": 312.64}}
2026-09-13 01:07:35,776 INFO request {"path": "/measure", "payload": {"arena_id": "default", "robot_id": "202601002029", "request_id": "6e4fc3d935274bf4b0c4546d5cca3b66", "position": {"x": 463.39693041970287, "y": 802.627027558385}, "channel": 11}, "attempt": 1}
2026-09-13 01:07:35,778 INFO response {"request_id": "6e4fc3d935274bf4b0c4546d5cca3b66", "http_status": 200, "body": {"accepted": true, "real_timestamp_ms": 1789232852739, "virtual_time_s": 1359.102577, "measure_result": "direction", "svd_deg": 62.06}}
2026-09-13 01:07:35,812 INFO request {"path": "/measure", "payload": {"arena_id": "default", "robot_id": "202601002029", "request_id": "9da63cf439cc46b581c962fd9e311341", "position": {"x": 463.39693041970287, "y": 802.627027558385}, "channel": 15}, "attempt": 1}
2026-09-13 01:07:35,827 INFO response {"request_id": "9da63cf439cc46b581c962fd9e311341", "http_status": 200, "body": {"accepted": true, "real_timestamp_ms": 1789232852788, "virtual_time_s": 1365.102577, "measure_result": "direction", "svd_deg": 105.74}}
2026-09-13 01:07:36,841 INFO request {"path": "/measure", "payload": {"arena_id": "default", "robot_id": "202601002029", "request_id": "2fa580418ab342f8972862124f567925", "position": {"x": 802.6270275583851, "y": 463.3969304197027}, "channel": 1}, "attempt": 1}
2026-09-13 01:07:36,842 INFO response {"request_id": "2fa580418ab342f8972862124f567925", "http_status": 200, "body": {"accepted": true, "real_timestamp_ms": 1789232853802, "virtual_time_s": 1467.051338, "measure_result": "no_signal"}}
2026-09-13 01:07:36,873 INFO request {"path": "/measure", "payload": {"arena_id": "default", "robot_id": "202601002029", "request_id": "01380efcb6874dcfab85a071def4a5a8", "position": {"x": 802.6270275583851, "y": 463.3969304197027}, "channel": 2}, "attempt": 1}
2026-09-13 01:07:36,887 INFO response {"request_id": "01380efcb6874dcfab85a071def4a5a8", "http_status": 200, "body": {"accepted": true, "real_timestamp_ms": 1789232853848, "virtual_time_s": 1473.051338, "measure_result": "no_signal"}}
2026-09-13 01:07:36,902 INFO request {"path": "/measure", "payload": {"arena_id": "default", "robot_id": "202601002029", "request_id": "0701e27da3b246a3b163ede73ed56dd1", "position": {"x": 802.6270275583851, "y": 463.3969304197027}, "channel": 3}, "attempt": 1}
2026-09-13 01:07:36,903 INFO response {"request_id": "0701e27da3b246a3b163ede73ed56dd1", "http_status": 200, "body": {"accepted": true, "real_timestamp_ms": 1789232853863, "virtual_time_s": 1479.051338, "measure_result": "no_signal"}}
2026-09-13 01:07:36,935 INFO request {"path": "/measure", "payload": {"arena_id": "default", "robot_id": "202601002029", "request_id": "0a9f8a1f625e4e7199422f4b1cbd0a7f", "position": {"x": 802.6270275583851, "y": 463.3969304197027}, "channel": 4}, "attempt": 1}
2026-09-13 01:07:36,955 INFO response {"request_id": "0a9f8a1f625e4e7199422f4b1cbd0a7f", "http_status": 200, "body": {"accepted": true, "real_timestamp_ms": 1789232853915, "virtual_time_s": 1485.051338, "measure_result": "direction", "svd_deg": 305.02}}
2026-09-13 01:07:36,958 INFO request {"path": "/measure", "payload": {"arena_id": "default", "robot_id": "202601002029", "request_id": "376bf5c424834a52a25f0e82edd0dbca", "position": {"x": 802.6270275583851, "y": 463.3969304197027}, "channel": 5}, "attempt": 1}
2026-09-13 01:07:36,975 INFO response {"request_id": "376bf5c424834a52a25f0e82edd0dbca", "http_status": 200, "body": {"accepted": true, "real_timestamp_ms": 1789232853935, "virtual_time_s": 1491.051338, "measure_result": "no_signal"}}
2026-09-13 01:07:36,991 INFO request {"path": "/measure", "payload": {"arena_id": "default", "robot_id": "202601002029", "request_id": "3bd7a3b8d9c446d28fd9d52774deb969", "position": {"x": 802.6270275583851, "y": 463.3969304197027}, "channel": 6}, "attempt": 1}
2026-09-13 01:07:36,992 INFO response {"request_id": "3bd7a3b8d9c446d28fd9d52774deb969", "http_status": 200, "body": {"accepted": true, "real_timestamp_ms": 1789232853953, "virtual_time_s": 1497.051338, "measure_result": "no_signal"}}
2026-09-13 01:07:37,023 INFO request {"path": "/measure", "payload": {"arena_id": "default", "robot_id": "202601002029", "request_id": "40296605b8f842a49087cc88d3ed2c69", "position": {"x": 802.6270275583851, "y": 463.3969304197027}, "channel": 8}, "attempt": 1}
2026-09-13 01:07:37,025 INFO response {"request_id": "40296605b8f842a49087cc88d3ed2c69", "http_status": 200, "body": {"accepted": true, "real_timestamp_ms": 1789232853985, "virtual_time_s": 1503.051338, "measure_result": "no_signal"}}
2026-09-13 01:07:37,055 INFO request {"path": "/measure", "payload": {"arena_id": "default", "robot_id": "202601002029", "request_id": "f6ba145e09264c0ba186801155d6c272", "position": {"x": 802.6270275583851, "y": 463.3969304197027}, "channel": 9}, "attempt": 1}
2026-09-13 01:07:37,073 INFO response {"request_id": "f6ba145e09264c0ba186801155d6c272", "http_status": 200, "body": {"accepted": true, "real_timestamp_ms": 1789232854034, "virtual_time_s": 1509.051338, "measure_result": "no_signal"}}
2026-09-13 01:07:37,089 INFO request {"path": "/measure", "payload": {"arena_id": "default", "robot_id": "202601002029", "request_id": "ed48656f734f45978a4f7d325992ece6", "position": {"x": 802.6270275583851, "y": 463.3969304197027}, "channel": 10}, "attempt": 1}
2026-09-13 01:07:37,091 INFO response {"request_id": "ed48656f734f45978a4f7d325992ece6", "http_status": 200, "body": {"accepted": true, "real_timestamp_ms": 1789232854051, "virtual_time_s": 1515.051338, "measure_result": "no_signal"}}
2026-09-13 01:07:37,122 INFO request {"path": "/measure", "payload": {"arena_id": "default", "robot_id": "202601002029", "request_id": "e6da6fd9a8b246aeb227134d6516ccef", "position": {"x": 802.6270275583851, "y": 463.3969304197027}, "channel": 12}, "attempt": 1}
2026-09-13 01:07:37,142 INFO response {"request_id": "e6da6fd9a8b246aeb227134d6516ccef", "http_status": 200, "body": {"accepted": true, "real_timestamp_ms": 1789232854103, "virtual_time_s": 1521.051338, "measure_result": "direction", "svd_deg": 300.41}}
2026-09-13 01:07:37,146 INFO request {"path": "/measure", "payload": {"arena_id": "default", "robot_id": "202601002029", "request_id": "83d0a6bb6c8b41cab7bb82cfdc759187", "position": {"x": 802.6270275583851, "y": 463.3969304197027}, "channel": 13}, "attempt": 1}
2026-09-13 01:07:37,148 INFO response {"request_id": "83d0a6bb6c8b41cab7bb82cfdc759187", "http_status": 200, "body": {"accepted": true, "real_timestamp_ms": 1789232854108, "virtual_time_s": 1527.051338, "measure_result": "no_signal"}}
2026-09-13 01:07:37,179 INFO request {"path": "/measure", "payload": {"arena_id": "default", "robot_id": "202601002029", "request_id": "eb553f8525c54474aab43b4735ca596e", "position": {"x": 802.6270275583851, "y": 463.3969304197027}, "channel": 18}, "attempt": 1}
2026-09-13 01:07:37,192 INFO response {"request_id": "eb553f8525c54474aab43b4735ca596e", "http_status": 200, "body": {"accepted": true, "real_timestamp_ms": 1789232854152, "virtual_time_s": 1533.051338, "measure_result": "no_signal"}}
2026-09-13 01:07:37,208 INFO request {"path": "/measure", "payload": {"arena_id": "default", "robot_id": "202601002029", "request_id": "422acc40a1c14a8d939d5b987948e54a", "position": {"x": 802.6270275583851, "y": 463.3969304197027}, "channel": 19}, "attempt": 1}
2026-09-13 01:07:37,210 INFO response {"request_id": "422acc40a1c14a8d939d5b987948e54a", "http_status": 200, "body": {"accepted": true, "real_timestamp_ms": 1789232854170, "virtual_time_s": 1539.051338, "measure_result": "no_signal"}}
2026-09-13 01:07:37,312 INFO request {"path": "/measure", "payload": {"arena_id": "default", "robot_id": "202601002029", "request_id": "b18f9e2540f745969c630caf84c19cca", "position": {"x": 802.6270275583851, "y": 463.3969304197027}, "channel": 11}, "attempt": 1}
2026-09-13 01:07:37,329 INFO response {"request_id": "b18f9e2540f745969c630caf84c19cca", "http_status": 200, "body": {"accepted": true, "real_timestamp_ms": 1789232854289, "virtual_time_s": 1545.051338, "measure_result": "no_signal"}}
2026-09-13 01:07:37,345 INFO request {"path": "/measure", "payload": {"arena_id": "default", "robot_id": "202601002029", "request_id": "0482da6a0694483590e31c7a127740e0", "position": {"x": 802.6270275583851, "y": 463.3969304197027}, "channel": 20}, "attempt": 1}
2026-09-13 01:07:37,359 INFO response {"request_id": "0482da6a0694483590e31c7a127740e0", "http_status": 200, "body": {"accepted": true, "real_timestamp_ms": 1789232854319, "virtual_time_s": 1551.051338, "measure_result": "direction", "svd_deg": 311.05}}
2026-09-13 01:07:38,661 INFO request {"path": "/measure", "payload": {"arena_id": "default", "robot_id": "202601002029", "request_id": "84fed1c21fb549d1b254b6c8abb86f07", "position": {"x": 926.7938608394055, "y": 0.0}, "channel": 1}, "attempt": 1}
2026-09-13 01:07:38,663 INFO response {"request_id": "84fed1c21fb549d1b254b6c8abb86f07", "http_status": 200, "body": {"accepted": true, "real_timestamp_ms": 1789232855623, "virtual_time_s": 1653.000099, "measure_result": "no_signal"}}
2026-09-13 01:07:38,694 INFO request {"path": "/measure", "payload": {"arena_id": "default", "robot_id": "202601002029", "request_id": "20bfdfca27aa4f62ab8b0f354ca7275e", "position": {"x": 926.7938608394055, "y": 0.0}, "channel": 2}, "attempt": 1}
2026-09-13 01:07:38,697 INFO response {"request_id": "20bfdfca27aa4f62ab8b0f354ca7275e", "http_status": 200, "body": {"accepted": true, "real_timestamp_ms": 1789232855657, "virtual_time_s": 1659.000099, "measure_result": "no_signal"}}
2026-09-13 01:07:38,728 INFO request {"path": "/measure", "payload": {"arena_id": "default", "robot_id": "202601002029", "request_id": "159e9a33aa7f4b138a03ff209b9193a9", "position": {"x": 926.7938608394055, "y": 0.0}, "channel": 3}, "attempt": 1}
2026-09-13 01:07:38,730 INFO response {"request_id": "159e9a33aa7f4b138a03ff209b9193a9", "http_status": 200, "body": {"accepted": true, "real_timestamp_ms": 1789232855691, "virtual_time_s": 1665.000099, "measure_result": "no_signal"}}
2026-09-13 01:07:38,762 INFO request {"path": "/measure", "payload": {"arena_id": "default", "robot_id": "202601002029", "request_id": "5fff93e4db174b8ba5cb306a67d07ea8", "position": {"x": 926.7938608394055, "y": 0.0}, "channel": 5}, "attempt": 1}
2026-09-13 01:07:38,763 INFO response {"request_id": "5fff93e4db174b8ba5cb306a67d07ea8", "http_status": 200, "body": {"accepted": true, "real_timestamp_ms": 1789232855724, "virtual_time_s": 1671.000099, "measure_result": "no_signal"}}
2026-09-13 01:07:38,794 INFO request {"path": "/measure", "payload": {"arena_id": "default", "robot_id": "202601002029", "request_id": "1fd4d794c329469ea12e43465fb50401", "position": {"x": 926.7938608394055, "y": 0.0}, "channel": 6}, "attempt": 1}
2026-09-13 01:07:38,798 INFO response {"request_id": "1fd4d794c329469ea12e43465fb50401", "http_status": 200, "body": {"accepted": true, "real_timestamp_ms": 1789232855757, "virtual_time_s": 1677.000099, "measure_result": "no_signal"}}
2026-09-13 01:07:38,828 INFO request {"path": "/measure", "payload": {"arena_id": "default", "robot_id": "202601002029", "request_id": "8dcb51426c5f4fc4a6d757c56d195aa1", "position": {"x": 926.7938608394055, "y": 0.0}, "channel": 8}, "attempt": 1}
2026-09-13 01:07:38,831 INFO response {"request_id": "8dcb51426c5f4fc4a6d757c56d195aa1", "http_status": 200, "body": {"accepted": true, "real_timestamp_ms": 1789232855791, "virtual_time_s": 1683.000099, "measure_result": "no_signal"}}
2026-09-13 01:07:38,846 INFO request {"path": "/measure", "payload": {"arena_id": "default", "robot_id": "202601002029", "request_id": "dbcc460cedc24b5ab33ce1402a97fa7f", "position": {"x": 926.7938608394055, "y": 0.0}, "channel": 9}, "attempt": 1}
2026-09-13 01:07:38,867 INFO response {"request_id": "dbcc460cedc24b5ab33ce1402a97fa7f", "http_status": 200, "body": {"accepted": true, "real_timestamp_ms": 1789232855827, "virtual_time_s": 1689.000099, "measure_result": "no_signal"}}
2026-09-13 01:07:38,868 INFO request {"path": "/measure", "payload": {"arena_id": "default", "robot_id": "202601002029", "request_id": "fdac2a15f9df4711be331a6ff371a4c8", "position": {"x": 926.7938608394055, "y": 0.0}, "channel": 10}, "attempt": 1}
2026-09-13 01:07:38,869 INFO response {"request_id": "fdac2a15f9df4711be331a6ff371a4c8", "http_status": 200, "body": {"accepted": true, "real_timestamp_ms": 1789232855830, "virtual_time_s": 1695.000099, "measure_result": "no_signal"}}
2026-09-13 01:07:38,900 INFO request {"path": "/measure", "payload": {"arena_id": "default", "robot_id": "202601002029", "request_id": "6f4fdd614e8b42be8f1c3c45578d3df9", "position": {"x": 926.7938608394055, "y": 0.0}, "channel": 13}, "attempt": 1}
2026-09-13 01:07:38,902 INFO response {"request_id": "6f4fdd614e8b42be8f1c3c45578d3df9", "http_status": 200, "body": {"accepted": true, "real_timestamp_ms": 1789232855863, "virtual_time_s": 1701.000099, "measure_result": "no_signal"}}
2026-09-13 01:07:38,934 INFO request {"path": "/measure", "payload": {"arena_id": "default", "robot_id": "202601002029", "request_id": "58fd0e4300e348c79aa84b389cde02de", "position": {"x": 926.7938608394055, "y": 0.0}, "channel": 18}, "attempt": 1}
2026-09-13 01:07:38,936 INFO response {"request_id": "58fd0e4300e348c79aa84b389cde02de", "http_status": 200, "body": {"accepted": true, "real_timestamp_ms": 1789232855897, "virtual_time_s": 1707.000099, "measure_result": "no_signal"}}
2026-09-13 01:07:38,966 INFO request {"path": "/measure", "payload": {"arena_id": "default", "robot_id": "202601002029", "request_id": "f65a49229a184c169574588f9f17d2eb", "position": {"x": 926.7938608394055, "y": 0.0}, "channel": 19}, "attempt": 1}
2026-09-13 01:07:38,968 INFO response {"request_id": "f65a49229a184c169574588f9f17d2eb", "http_status": 200, "body": {"accepted": true, "real_timestamp_ms": 1789232855929, "virtual_time_s": 1713.000099, "measure_result": "no_signal"}}
2026-09-13 01:07:39,062 INFO request {"path": "/measure", "payload": {"arena_id": "default", "robot_id": "202601002029", "request_id": "cf01212dcc9742698870f990236443ba", "position": {"x": 926.7938608394055, "y": 0.0}, "channel": 12}, "attempt": 1}
2026-09-13 01:07:39,064 INFO response {"request_id": "cf01212dcc9742698870f990236443ba", "http_status": 200, "body": {"accepted": true, "real_timestamp_ms": 1789232856024, "virtual_time_s": 1719.000099, "measure_result": "direction", "svd_deg": 309.91}}
2026-09-13 01:07:39,084 INFO request {"path": "/measure", "payload": {"arena_id": "default", "robot_id": "202601002029", "request_id": "e30d8fa04ead4a04b7aee5064d3e2663", "position": {"x": 926.7938608394055, "y": 0.0}, "channel": 4}, "attempt": 1}
2026-09-13 01:07:39,103 INFO response {"request_id": "e30d8fa04ead4a04b7aee5064d3e2663", "http_status": 200, "body": {"accepted": true, "real_timestamp_ms": 1789232856063, "virtual_time_s": 1725.000099, "measure_result": "direction", "svd_deg": 322.1}}
2026-09-13 01:07:39,126 INFO request {"path": "/measure", "payload": {"arena_id": "default", "robot_id": "202601002029", "request_id": "88535c69067e48cf8c83c1c8f3e73c81", "position": {"x": 926.7938608394055, "y": 0.0}, "channel": 20}, "attempt": 1}
2026-09-13 01:07:39,128 INFO response {"request_id": "88535c69067e48cf8c83c1c8f3e73c81", "http_status": 200, "body": {"accepted": true, "real_timestamp_ms": 1789232856089, "virtual_time_s": 1731.000099, "measure_result": "direction", "svd_deg": 341.57}}
2026-09-13 01:07:40,445 INFO request {"path": "/measure", "payload": {"arena_id": "default", "robot_id": "202601002029", "request_id": "69167277551142f4a4b128ba7fcdd2c3", "position": {"x": 802.6270275583847, "y": -463.39693041970315}, "channel": 1}, "attempt": 1}
2026-09-13 01:07:40,466 INFO response {"request_id": "69167277551142f4a4b128ba7fcdd2c3", "http_status": 200, "body": {"accepted": true, "real_timestamp_ms": 1789232857427, "virtual_time_s": 1832.94886, "measure_result": "no_signal"}}
2026-09-13 01:07:40,481 INFO request {"path": "/measure", "payload": {"arena_id": "default", "robot_id": "202601002029", "request_id": "806b612e10c34e37b614aa26a8e9717e", "position": {"x": 802.6270275583847, "y": -463.39693041970315}, "channel": 2}, "attempt": 1}
2026-09-13 01:07:40,483 INFO response {"request_id": "806b612e10c34e37b614aa26a8e9717e", "http_status": 200, "body": {"accepted": true, "real_timestamp_ms": 1789232857443, "virtual_time_s": 1838.94886, "measure_result": "no_signal"}}
2026-09-13 01:07:40,514 INFO request {"path": "/measure", "payload": {"arena_id": "default", "robot_id": "202601002029", "request_id": "ecab2d4df5cf492a8607d7c12641aeea", "position": {"x": 802.6270275583847, "y": -463.39693041970315}, "channel": 3}, "attempt": 1}
2026-09-13 01:07:40,517 INFO response {"request_id": "ecab2d4df5cf492a8607d7c12641aeea", "http_status": 200, "body": {"accepted": true, "real_timestamp_ms": 1789232857477, "virtual_time_s": 1844.94886, "measure_result": "no_signal"}}
2026-09-13 01:07:40,548 INFO request {"path": "/measure", "payload": {"arena_id": "default", "robot_id": "202601002029", "request_id": "98939bd2c08a4df092a0c546c06e194b", "position": {"x": 802.6270275583847, "y": -463.39693041970315}, "channel": 5}, "attempt": 1}
2026-09-13 01:07:40,566 INFO response {"request_id": "98939bd2c08a4df092a0c546c06e194b", "http_status": 200, "body": {"accepted": true, "real_timestamp_ms": 1789232857526, "virtual_time_s": 1850.94886, "measure_result": "no_signal"}}
2026-09-13 01:07:40,566 INFO request {"path": "/measure", "payload": {"arena_id": "default", "robot_id": "202601002029", "request_id": "9aecad4d8b0b48338ca04afb87f69be6", "position": {"x": 802.6270275583847, "y": -463.39693041970315}, "channel": 6}, "attempt": 1}
2026-09-13 01:07:40,586 INFO response {"request_id": "9aecad4d8b0b48338ca04afb87f69be6", "http_status": 200, "body": {"accepted": true, "real_timestamp_ms": 1789232857547, "virtual_time_s": 1856.94886, "measure_result": "no_signal"}}
2026-09-13 01:07:40,601 INFO request {"path": "/measure", "payload": {"arena_id": "default", "robot_id": "202601002029", "request_id": "4bb212a517f746eb839437182d237936", "position": {"x": 802.6270275583847, "y": -463.39693041970315}, "channel": 8}, "attempt": 1}
2026-09-13 01:07:40,603 INFO response {"request_id": "4bb212a517f746eb839437182d237936", "http_status": 200, "body": {"accepted": true, "real_timestamp_ms": 1789232857563, "virtual_time_s": 1862.94886, "measure_result": "no_signal"}}
2026-09-13 01:07:40,634 INFO request {"path": "/measure", "payload": {"arena_id": "default", "robot_id": "202601002029", "request_id": "b18e0f02c9a04680a8dc077bea87f114", "position": {"x": 802.6270275583847, "y": -463.39693041970315}, "channel": 9}, "attempt": 1}
2026-09-13 01:07:40,637 INFO response {"request_id": "b18e0f02c9a04680a8dc077bea87f114", "http_status": 200, "body": {"accepted": true, "real_timestamp_ms": 1789232857597, "virtual_time_s": 1868.94886, "measure_result": "no_signal"}}
2026-09-13 01:07:40,668 INFO request {"path": "/measure", "payload": {"arena_id": "default", "robot_id": "202601002029", "request_id": "8ecb1299ce524dc7a3116e55618f6163", "position": {"x": 802.6270275583847, "y": -463.39693041970315}, "channel": 10}, "attempt": 1}
2026-09-13 01:07:40,670 INFO response {"request_id": "8ecb1299ce524dc7a3116e55618f6163", "http_status": 200, "body": {"accepted": true, "real_timestamp_ms": 1789232857630, "virtual_time_s": 1874.94886, "measure_result": "no_signal"}}
2026-09-13 01:07:40,701 INFO request {"path": "/measure", "payload": {"arena_id": "default", "robot_id": "202601002029", "request_id": "41f60d5f6d664095830cc2261774b570", "position": {"x": 802.6270275583847, "y": -463.39693041970315}, "channel": 13}, "attempt": 1}
2026-09-13 01:07:40,702 INFO response {"request_id": "41f60d5f6d664095830cc2261774b570", "http_status": 200, "body": {"accepted": true, "real_timestamp_ms": 1789232857663, "virtual_time_s": 1880.94886, "measure_result": "no_signal"}}
2026-09-13 01:07:40,733 INFO request {"path": "/measure", "payload": {"arena_id": "default", "robot_id": "202601002029", "request_id": "2daf1f94c1a2459898bedb09ae34ad56", "position": {"x": 802.6270275583847, "y": -463.39693041970315}, "channel": 18}, "attempt": 1}
2026-09-13 01:07:40,737 INFO response {"request_id": "2daf1f94c1a2459898bedb09ae34ad56", "http_status": 200, "body": {"accepted": true, "real_timestamp_ms": 1789232857696, "virtual_time_s": 1886.94886, "measure_result": "no_signal"}}
2026-09-13 01:07:40,768 INFO request {"path": "/measure", "payload": {"arena_id": "default", "robot_id": "202601002029", "request_id": "8643cf7ec59d44e08d70e610ff0f7613", "position": {"x": 802.6270275583847, "y": -463.39693041970315}, "channel": 19}, "attempt": 1}
2026-09-13 01:07:40,769 INFO response {"request_id": "8643cf7ec59d44e08d70e610ff0f7613", "http_status": 200, "body": {"accepted": true, "real_timestamp_ms": 1789232857730, "virtual_time_s": 1892.94886, "measure_result": "no_signal"}}
2026-09-13 01:07:40,853 INFO request {"path": "/measure", "payload": {"arena_id": "default", "robot_id": "202601002029", "request_id": "a434b611d1764e3a9b5a4389d6953812", "position": {"x": 802.6270275583847, "y": -463.39693041970315}, "channel": 20}, "attempt": 1}
2026-09-13 01:07:40,854 INFO response {"request_id": "a434b611d1764e3a9b5a4389d6953812", "http_status": 200, "body": {"accepted": true, "real_timestamp_ms": 1789232857815, "virtual_time_s": 1898.94886, "measure_result": "direction", "svd_deg": 31.8}}
2026-09-13 01:07:40,890 INFO request {"path": "/measure", "payload": {"arena_id": "default", "robot_id": "202601002029", "request_id": "40be903e4d3d4fc291d92a484beadad2", "position": {"x": 802.6270275583847, "y": -463.39693041970315}, "channel": 14}, "attempt": 1}
2026-09-13 01:07:40,902 INFO response {"request_id": "40be903e4d3d4fc291d92a484beadad2", "http_status": 200, "body": {"accepted": true, "real_timestamp_ms": 1789232857863, "virtual_time_s": 1904.94886, "measure_result": "direction", "svd_deg": 223.42}}
2026-09-13 01:07:40,922 INFO request {"path": "/measure", "payload": {"arena_id": "default", "robot_id": "202601002029", "request_id": "603432dfa9054f28bd5e587c66f36176", "position": {"x": 802.6270275583847, "y": -463.39693041970315}, "channel": 12}, "attempt": 1}
2026-09-13 01:07:40,942 INFO response {"request_id": "603432dfa9054f28bd5e587c66f36176", "http_status": 200, "body": {"accepted": true, "real_timestamp_ms": 1789232857903, "virtual_time_s": 1910.94886, "measure_result": "direction", "svd_deg": 352.75}}
2026-09-13 01:07:42,321 INFO request {"path": "/measure", "payload": {"arena_id": "default", "robot_id": "202601002029", "request_id": "6c1db3bbc8d6473ca026372f55ca78f6", "position": {"x": 463.39693041970213, "y": -802.6270275583854}, "channel": 1}, "attempt": 1}
2026-09-13 01:07:42,338 INFO response {"request_id": "6c1db3bbc8d6473ca026372f55ca78f6", "http_status": 200, "body": {"accepted": true, "real_timestamp_ms": 1789232859299, "virtual_time_s": 2012.897621, "measure_result": "no_signal"}}
2026-09-13 01:07:42,353 INFO request {"path": "/measure", "payload": {"arena_id": "default", "robot_id": "202601002029", "request_id": "91205a6f023f4c0f990ddb4b8bdc2436", "position": {"x": 463.39693041970213, "y": -802.6270275583854}, "channel": 2}, "attempt": 1}
2026-09-13 01:07:42,354 INFO response {"request_id": "91205a6f023f4c0f990ddb4b8bdc2436", "http_status": 200, "body": {"accepted": true, "real_timestamp_ms": 1789232859315, "virtual_time_s": 2018.897621, "measure_result": "no_signal"}}
2026-09-13 01:07:42,385 INFO request {"path": "/measure", "payload": {"arena_id": "default", "robot_id": "202601002029", "request_id": "aefe248903c741cfb945d0bb7408520e", "position": {"x": 463.39693041970213, "y": -802.6270275583854}, "channel": 3}, "attempt": 1}
2026-09-13 01:07:42,386 INFO response {"request_id": "aefe248903c741cfb945d0bb7408520e", "http_status": 200, "body": {"accepted": true, "real_timestamp_ms": 1789232859347, "virtual_time_s": 2024.897621, "measure_result": "no_signal"}}
2026-09-13 01:07:42,417 INFO request {"path": "/measure", "payload": {"arena_id": "default", "robot_id": "202601002029", "request_id": "bd96fdf6940b439fba8e857954a64b5a", "position": {"x": 463.39693041970213, "y": -802.6270275583854}, "channel": 5}, "attempt": 1}
2026-09-13 01:07:42,420 INFO response {"request_id": "bd96fdf6940b439fba8e857954a64b5a", "http_status": 200, "body": {"accepted": true, "real_timestamp_ms": 1789232859380, "virtual_time_s": 2030.897621, "measure_result": "no_signal"}}
2026-09-13 01:07:42,451 INFO request {"path": "/measure", "payload": {"arena_id": "default", "robot_id": "202601002029", "request_id": "e3272701b5134cfd9db2d05491222231", "position": {"x": 463.39693041970213, "y": -802.6270275583854}, "channel": 6}, "attempt": 1}
2026-09-13 01:07:42,465 INFO response {"request_id": "e3272701b5134cfd9db2d05491222231", "http_status": 200, "body": {"accepted": true, "real_timestamp_ms": 1789232859425, "virtual_time_s": 2036.897621, "measure_result": "no_signal"}}
2026-09-13 01:07:42,480 INFO request {"path": "/measure", "payload": {"arena_id": "default", "robot_id": "202601002029", "request_id": "8a18f1d976a24ebe8140e9baaea21a0f", "position": {"x": 463.39693041970213, "y": -802.6270275583854}, "channel": 8}, "attempt": 1}
2026-09-13 01:07:42,482 INFO response {"request_id": "8a18f1d976a24ebe8140e9baaea21a0f", "http_status": 200, "body": {"accepted": true, "real_timestamp_ms": 1789232859442, "virtual_time_s": 2042.897621, "measure_result": "no_signal"}}
2026-09-13 01:07:42,513 INFO request {"path": "/measure", "payload": {"arena_id": "default", "robot_id": "202601002029", "request_id": "9f82098cefba440bb8f43727df29382a", "position": {"x": 463.39693041970213, "y": -802.6270275583854}, "channel": 9}, "attempt": 1}
2026-09-13 01:07:42,515 INFO response {"request_id": "9f82098cefba440bb8f43727df29382a", "http_status": 200, "body": {"accepted": true, "real_timestamp_ms": 1789232859475, "virtual_time_s": 2048.897621, "measure_result": "no_signal"}}
2026-09-13 01:07:42,545 INFO request {"path": "/measure", "payload": {"arena_id": "default", "robot_id": "202601002029", "request_id": "173f0e90a0a94b04bb806d1179c6eb99", "position": {"x": 463.39693041970213, "y": -802.6270275583854}, "channel": 10}, "attempt": 1}
2026-09-13 01:07:42,563 INFO response {"request_id": "173f0e90a0a94b04bb806d1179c6eb99", "http_status": 200, "body": {"accepted": true, "real_timestamp_ms": 1789232859524, "virtual_time_s": 2054.897621, "measure_result": "no_signal"}}
2026-09-13 01:07:42,578 INFO request {"path": "/measure", "payload": {"arena_id": "default", "robot_id": "202601002029", "request_id": "ff319ba4b5014d1f83a4f807db23faf6", "position": {"x": 463.39693041970213, "y": -802.6270275583854}, "channel": 13}, "attempt": 1}
2026-09-13 01:07:42,593 INFO response {"request_id": "ff319ba4b5014d1f83a4f807db23faf6", "http_status": 200, "body": {"accepted": true, "real_timestamp_ms": 1789232859554, "virtual_time_s": 2060.897621, "measure_result": "no_signal"}}
2026-09-13 01:07:42,609 INFO request {"path": "/measure", "payload": {"arena_id": "default", "robot_id": "202601002029", "request_id": "7bd775873e35495897b0ba9da0084cbd", "position": {"x": 463.39693041970213, "y": -802.6270275583854}, "channel": 18}, "attempt": 1}
2026-09-13 01:07:42,622 INFO response {"request_id": "7bd775873e35495897b0ba9da0084cbd", "http_status": 200, "body": {"accepted": true, "real_timestamp_ms": 1789232859583, "virtual_time_s": 2066.897621, "measure_result": "no_signal"}}
2026-09-13 01:07:42,637 INFO request {"path": "/measure", "payload": {"arena_id": "default", "robot_id": "202601002029", "request_id": "037052269fcf4b10ba7a61a044ece096", "position": {"x": 463.39693041970213, "y": -802.6270275583854}, "channel": 19}, "attempt": 1}
2026-09-13 01:07:42,652 INFO response {"request_id": "037052269fcf4b10ba7a61a044ece096", "http_status": 200, "body": {"accepted": true, "real_timestamp_ms": 1789232859613, "virtual_time_s": 2072.897621, "measure_result": "no_signal"}}
2026-09-13 01:07:42,706 INFO request {"path": "/measure", "payload": {"arena_id": "default", "robot_id": "202601002029", "request_id": "aff809e3920e416f9f30bd1a92c1851e", "position": {"x": 463.39693041970213, "y": -802.6270275583854}, "channel": 4}, "attempt": 1}
2026-09-13 01:07:42,721 INFO response {"request_id": "aff809e3920e416f9f30bd1a92c1851e", "http_status": 200, "body": {"accepted": true, "real_timestamp_ms": 1789232859681, "virtual_time_s": 2078.897621, "measure_result": "direction", "svd_deg": 25.4}}
2026-09-13 01:07:42,726 INFO request {"path": "/measure", "payload": {"arena_id": "default", "robot_id": "202601002029", "request_id": "4ee433fa04054a0baecbe63d3a5ef71f", "position": {"x": 463.39693041970213, "y": -802.6270275583854}, "channel": 14}, "attempt": 1}
2026-09-13 01:07:42,740 INFO response {"request_id": "4ee433fa04054a0baecbe63d3a5ef71f", "http_status": 200, "body": {"accepted": true, "real_timestamp_ms": 1789232859701, "virtual_time_s": 2084.897621, "measure_result": "direction", "svd_deg": 221.55}}
2026-09-13 01:07:42,761 INFO request {"path": "/measure", "payload": {"arena_id": "default", "robot_id": "202601002029", "request_id": "bf077cd33e6e42fb93e822dc60956ad1", "position": {"x": 463.39693041970213, "y": -802.6270275583854}, "channel": 12}, "attempt": 1}
2026-09-13 01:07:42,763 INFO response {"request_id": "bf077cd33e6e42fb93e822dc60956ad1", "http_status": 200, "body": {"accepted": true, "real_timestamp_ms": 1789232859723, "virtual_time_s": 2090.897621, "measure_result": "direction", "svd_deg": 16.22}}
2026-09-13 01:07:44,028 INFO request {"path": "/measure", "payload": {"arena_id": "default", "robot_id": "202601002029", "request_id": "ec014572f0da4639a1b272d64bac3c4e", "position": {"x": -1.702492702719593e-13, "y": -926.7938608394055}, "channel": 1}, "attempt": 1}
2026-09-13 01:07:44,030 INFO response {"request_id": "ec014572f0da4639a1b272d64bac3c4e", "http_status": 200, "body": {"accepted": true, "real_timestamp_ms": 1789232860990, "virtual_time_s": 2192.846382, "measure_result": "no_signal"}}
2026-09-13 01:07:44,061 INFO request {"path": "/measure", "payload": {"arena_id": "default", "robot_id": "202601002029", "request_id": "187c41fe82cd4a00abf805f4037d1561", "position": {"x": -1.702492702719593e-13, "y": -926.7938608394055}, "channel": 2}, "attempt": 1}
2026-09-13 01:07:44,070 INFO response {"request_id": "187c41fe82cd4a00abf805f4037d1561", "http_status": 200, "body": {"accepted": true, "real_timestamp_ms": 1789232861031, "virtual_time_s": 2198.846382, "measure_result": "no_signal"}}
2026-09-13 01:07:44,086 INFO request {"path": "/measure", "payload": {"arena_id": "default", "robot_id": "202601002029", "request_id": "b683b04c7ebe48b7b085a4310d12ade5", "position": {"x": -1.702492702719593e-13, "y": -926.7938608394055}, "channel": 3}, "attempt": 1}
2026-09-13 01:07:44,100 INFO response {"request_id": "b683b04c7ebe48b7b085a4310d12ade5", "http_status": 200, "body": {"accepted": true, "real_timestamp_ms": 1789232861061, "virtual_time_s": 2204.846382, "measure_result": "no_signal"}}
2026-09-13 01:07:44,116 INFO request {"path": "/measure", "payload": {"arena_id": "default", "robot_id": "202601002029", "request_id": "c7e8b0771db94ab1a692869dd9092b83", "position": {"x": -1.702492702719593e-13, "y": -926.7938608394055}, "channel": 5}, "attempt": 1}
2026-09-13 01:07:44,118 INFO response {"request_id": "c7e8b0771db94ab1a692869dd9092b83", "http_status": 200, "body": {"accepted": true, "real_timestamp_ms": 1789232861079, "virtual_time_s": 2210.846382, "measure_result": "no_signal"}}
2026-09-13 01:07:44,150 INFO request {"path": "/measure", "payload": {"arena_id": "default", "robot_id": "202601002029", "request_id": "afc5d5182a294817ba4861e79be77871", "position": {"x": -1.702492702719593e-13, "y": -926.7938608394055}, "channel": 6}, "attempt": 1}
2026-09-13 01:07:44,173 INFO response {"request_id": "afc5d5182a294817ba4861e79be77871", "http_status": 200, "body": {"accepted": true, "real_timestamp_ms": 1789232861133, "virtual_time_s": 2216.846382, "measure_result": "no_signal"}}
2026-09-13 01:07:44,191 INFO request {"path": "/measure", "payload": {"arena_id": "default", "robot_id": "202601002029", "request_id": "7714efa4fa34493fba8c32eae96e049a", "position": {"x": -1.702492702719593e-13, "y": -926.7938608394055}, "channel": 8}, "attempt": 1}
2026-09-13 01:07:44,193 INFO response {"request_id": "7714efa4fa34493fba8c32eae96e049a", "http_status": 200, "body": {"accepted": true, "real_timestamp_ms": 1789232861154, "virtual_time_s": 2222.846382, "measure_result": "no_signal"}}
2026-09-13 01:07:44,209 INFO request {"path": "/measure", "payload": {"arena_id": "default", "robot_id": "202601002029", "request_id": "1f435f7f11264a0b868fde1916456e64", "position": {"x": -1.702492702719593e-13, "y": -926.7938608394055}, "channel": 9}, "attempt": 1}
2026-09-13 01:07:44,228 INFO response {"request_id": "1f435f7f11264a0b868fde1916456e64", "http_status": 200, "body": {"accepted": true, "real_timestamp_ms": 1789232861188, "virtual_time_s": 2228.846382, "measure_result": "no_signal"}}
2026-09-13 01:07:44,243 INFO request {"path": "/measure", "payload": {"arena_id": "default", "robot_id": "202601002029", "request_id": "e80aeb01985e42d797548f863e6677dc", "position": {"x": -1.702492702719593e-13, "y": -926.7938608394055}, "channel": 10}, "attempt": 1}
2026-09-13 01:07:44,245 INFO response {"request_id": "e80aeb01985e42d797548f863e6677dc", "http_status": 200, "body": {"accepted": true, "real_timestamp_ms": 1789232861205, "virtual_time_s": 2234.846382, "measure_result": "no_signal"}}
2026-09-13 01:07:44,276 INFO request {"path": "/measure", "payload": {"arena_id": "default", "robot_id": "202601002029", "request_id": "044b45d7e69e4f6ca1ed9c6e7a5679b8", "position": {"x": -1.702492702719593e-13, "y": -926.7938608394055}, "channel": 13}, "attempt": 1}
2026-09-13 01:07:44,277 INFO response {"request_id": "044b45d7e69e4f6ca1ed9c6e7a5679b8", "http_status": 200, "body": {"accepted": true, "real_timestamp_ms": 1789232861237, "virtual_time_s": 2240.846382, "measure_result": "no_signal"}}
2026-09-13 01:07:44,307 INFO request {"path": "/measure", "payload": {"arena_id": "default", "robot_id": "202601002029", "request_id": "2a3991b22d664dc8a18b0ecaa47e5491", "position": {"x": -1.702492702719593e-13, "y": -926.7938608394055}, "channel": 18}, "attempt": 1}
2026-09-13 01:07:44,326 INFO response {"request_id": "2a3991b22d664dc8a18b0ecaa47e5491", "http_status": 200, "body": {"accepted": true, "real_timestamp_ms": 1789232861286, "virtual_time_s": 2246.846382, "measure_result": "no_signal"}}
2026-09-13 01:07:44,342 INFO request {"path": "/measure", "payload": {"arena_id": "default", "robot_id": "202601002029", "request_id": "70e181fbf0554495a412aae7fe3e629c", "position": {"x": -1.702492702719593e-13, "y": -926.7938608394055}, "channel": 19}, "attempt": 1}
2026-09-13 01:07:44,343 INFO response {"request_id": "70e181fbf0554495a412aae7fe3e629c", "http_status": 200, "body": {"accepted": true, "real_timestamp_ms": 1789232861303, "virtual_time_s": 2252.846382, "measure_result": "no_signal"}}
2026-09-13 01:07:44,395 INFO request {"path": "/measure", "payload": {"arena_id": "default", "robot_id": "202601002029", "request_id": "1cb343a30e9b47328ef85c79b055f058", "position": {"x": -1.702492702719593e-13, "y": -926.7938608394055}, "channel": 14}, "attempt": 1}
2026-09-13 01:07:44,416 INFO response {"request_id": "1cb343a30e9b47328ef85c79b055f058", "http_status": 200, "body": {"accepted": true, "real_timestamp_ms": 1789232861376, "virtual_time_s": 2258.846382, "measure_result": "no_signal"}}
2026-09-13 01:07:44,430 INFO request {"path": "/measure", "payload": {"arena_id": "default", "robot_id": "202601002029", "request_id": "1e58a3845c8245c7aef17deb62e78d89", "position": {"x": -1.702492702719593e-13, "y": -926.7938608394055}, "channel": 7}, "attempt": 1}
2026-09-13 01:07:44,432 INFO response {"request_id": "1e58a3845c8245c7aef17deb62e78d89", "http_status": 200, "body": {"accepted": true, "real_timestamp_ms": 1789232861392, "virtual_time_s": 2264.846382, "measure_result": "direction", "svd_deg": 101.57}}
2026-09-13 01:07:45,613 INFO request {"path": "/measure", "payload": {"arena_id": "default", "robot_id": "202601002029", "request_id": "ef4af1cef1b4482ebc7ddfb06528bd4e", "position": {"x": -463.39693041970315, "y": -802.6270275583848}, "channel": 1}, "attempt": 1}
2026-09-13 01:07:45,633 INFO response {"request_id": "ef4af1cef1b4482ebc7ddfb06528bd4e", "http_status": 200, "body": {"accepted": true, "real_timestamp_ms": 1789232862593, "virtual_time_s": 2366.795143, "measure_result": "no_signal"}}
2026-09-13 01:07:45,648 INFO request {"path": "/measure", "payload": {"arena_id": "default", "robot_id": "202601002029", "request_id": "289f8f93c26c4205a3f2d6166b79192a", "position": {"x": -463.39693041970315, "y": -802.6270275583848}, "channel": 2}, "attempt": 1}
2026-09-13 01:07:45,650 INFO response {"request_id": "289f8f93c26c4205a3f2d6166b79192a", "http_status": 200, "body": {"accepted": true, "real_timestamp_ms": 1789232862610, "virtual_time_s": 2372.795143, "measure_result": "no_signal"}}
2026-09-13 01:07:45,682 INFO request {"path": "/measure", "payload": {"arena_id": "default", "robot_id": "202601002029", "request_id": "beaa7a8a5e81493f91b076505a2d3d38", "position": {"x": -463.39693041970315, "y": -802.6270275583848}, "channel": 3}, "attempt": 1}
2026-09-13 01:07:45,684 INFO response {"request_id": "beaa7a8a5e81493f91b076505a2d3d38", "http_status": 200, "body": {"accepted": true, "real_timestamp_ms": 1789232862644, "virtual_time_s": 2378.795143, "measure_result": "no_signal"}}
2026-09-13 01:07:45,715 INFO request {"path": "/measure", "payload": {"arena_id": "default", "robot_id": "202601002029", "request_id": "6d24970aec3241ddb7b21abd41d32f64", "position": {"x": -463.39693041970315, "y": -802.6270275583848}, "channel": 5}, "attempt": 1}
2026-09-13 01:07:45,717 INFO response {"request_id": "6d24970aec3241ddb7b21abd41d32f64", "http_status": 200, "body": {"accepted": true, "real_timestamp_ms": 1789232862677, "virtual_time_s": 2384.795143, "measure_result": "no_signal"}}
2026-09-13 01:07:45,748 INFO request {"path": "/measure", "payload": {"arena_id": "default", "robot_id": "202601002029", "request_id": "8ec59f40356a42e48fa970315756eaee", "position": {"x": -463.39693041970315, "y": -802.6270275583848}, "channel": 6}, "attempt": 1}
2026-09-13 01:07:45,751 INFO response {"request_id": "8ec59f40356a42e48fa970315756eaee", "http_status": 200, "body": {"accepted": true, "real_timestamp_ms": 1789232862711, "virtual_time_s": 2390.795143, "measure_result": "no_signal"}}
2026-09-13 01:07:45,782 INFO request {"path": "/measure", "payload": {"arena_id": "default", "robot_id": "202601002029", "request_id": "33bca34b72ae491db90c71132522f7f7", "position": {"x": -463.39693041970315, "y": -802.6270275583848}, "channel": 8}, "attempt": 1}
2026-09-13 01:07:45,783 INFO response {"request_id": "33bca34b72ae491db90c71132522f7f7", "http_status": 200, "body": {"accepted": true, "real_timestamp_ms": 1789232862744, "virtual_time_s": 2396.795143, "measure_result": "no_signal"}}
2026-09-13 01:07:45,814 INFO request {"path": "/measure", "payload": {"arena_id": "default", "robot_id": "202601002029", "request_id": "97d98fd307c8499996e4526e6b7a348f", "position": {"x": -463.39693041970315, "y": -802.6270275583848}, "channel": 9}, "attempt": 1}
2026-09-13 01:07:45,831 INFO response {"request_id": "97d98fd307c8499996e4526e6b7a348f", "http_status": 200, "body": {"accepted": true, "real_timestamp_ms": 1789232862791, "virtual_time_s": 2402.795143, "measure_result": "no_signal"}}
2026-09-13 01:07:45,831 INFO request {"path": "/measure", "payload": {"arena_id": "default", "robot_id": "202601002029", "request_id": "9b8b463c6eb24fd28172f2ec79872c97", "position": {"x": -463.39693041970315, "y": -802.6270275583848}, "channel": 10}, "attempt": 1}
2026-09-13 01:07:45,852 INFO response {"request_id": "9b8b463c6eb24fd28172f2ec79872c97", "http_status": 200, "body": {"accepted": true, "real_timestamp_ms": 1789232862810, "virtual_time_s": 2408.795143, "measure_result": "no_signal"}}
2026-09-13 01:07:45,869 INFO request {"path": "/measure", "payload": {"arena_id": "default", "robot_id": "202601002029", "request_id": "a2b6e41c38364044af77fe6b26a52192", "position": {"x": -463.39693041970315, "y": -802.6270275583848}, "channel": 13}, "attempt": 1}
2026-09-13 01:07:45,870 INFO response {"request_id": "a2b6e41c38364044af77fe6b26a52192", "http_status": 200, "body": {"accepted": true, "real_timestamp_ms": 1789232862831, "virtual_time_s": 2414.795143, "measure_result": "no_signal"}}
2026-09-13 01:07:45,901 INFO request {"path": "/measure", "payload": {"arena_id": "default", "robot_id": "202601002029", "request_id": "839d24ebe96b44cd9e5035b4ec2316bb", "position": {"x": -463.39693041970315, "y": -802.6270275583848}, "channel": 18}, "attempt": 1}
2026-09-13 01:07:45,903 INFO response {"request_id": "839d24ebe96b44cd9e5035b4ec2316bb", "http_status": 200, "body": {"accepted": true, "real_timestamp_ms": 1789232862863, "virtual_time_s": 2420.795143, "measure_result": "no_signal"}}
2026-09-13 01:07:45,934 INFO request {"path": "/measure", "payload": {"arena_id": "default", "robot_id": "202601002029", "request_id": "623f820d99704c53984c69d749a7dd66", "position": {"x": -463.39693041970315, "y": -802.6270275583848}, "channel": 19}, "attempt": 1}
2026-09-13 01:07:45,937 INFO response {"request_id": "623f820d99704c53984c69d749a7dd66", "http_status": 200, "body": {"accepted": true, "real_timestamp_ms": 1789232862897, "virtual_time_s": 2426.795143, "measure_result": "no_signal"}}
2026-09-13 01:07:47,106 INFO request {"path": "/measure", "payload": {"arena_id": "default", "robot_id": "202601002029", "request_id": "7fc4b8853cd84486918e00c5d51fed2a", "position": {"x": -482.8444447608845, "y": -1801.9999999999995}, "channel": 19}, "attempt": 1}
2026-09-13 01:07:47,126 INFO response {"request_id": "7fc4b8853cd84486918e00c5d51fed2a", "http_status": 200, "body": {"accepted": true, "real_timestamp_ms": 1789232864086, "virtual_time_s": 2631.707578, "measure_result": "no_signal"}}
2026-09-13 01:07:47,141 INFO request {"path": "/measure", "payload": {"arena_id": "default", "robot_id": "202601002029", "request_id": "ce925d3fedc545f1aa46a3c7c69cdc9b", "position": {"x": -482.8444447608845, "y": -1801.9999999999995}, "channel": 1}, "attempt": 1}
2026-09-13 01:07:47,155 INFO response {"request_id": "ce925d3fedc545f1aa46a3c7c69cdc9b", "http_status": 200, "body": {"accepted": true, "real_timestamp_ms": 1789232864116, "virtual_time_s": 2637.707578, "measure_result": "no_signal"}}
2026-09-13 01:07:47,171 INFO request {"path": "/measure", "payload": {"arena_id": "default", "robot_id": "202601002029", "request_id": "9ff0d81051164d94a418fbd7527fc292", "position": {"x": -482.8444447608845, "y": -1801.9999999999995}, "channel": 2}, "attempt": 1}
2026-09-13 01:07:47,172 INFO response {"request_id": "9ff0d81051164d94a418fbd7527fc292", "http_status": 200, "body": {"accepted": true, "real_timestamp_ms": 1789232864133, "virtual_time_s": 2643.707578, "measure_result": "no_signal"}}
2026-09-13 01:07:47,204 INFO request {"path": "/measure", "payload": {"arena_id": "default", "robot_id": "202601002029", "request_id": "3c656bc517024a16b0f73fec9563f50b", "position": {"x": -482.8444447608845, "y": -1801.9999999999995}, "channel": 3}, "attempt": 1}
2026-09-13 01:07:47,206 INFO response {"request_id": "3c656bc517024a16b0f73fec9563f50b", "http_status": 200, "body": {"accepted": true, "real_timestamp_ms": 1789232864166, "virtual_time_s": 2649.707578, "measure_result": "no_signal"}}
2026-09-13 01:07:47,222 INFO request {"path": "/measure", "payload": {"arena_id": "default", "robot_id": "202601002029", "request_id": "dc35b8d2ebee42b298221ec8a0dc19cd", "position": {"x": -482.8444447608845, "y": -1801.9999999999995}, "channel": 5}, "attempt": 1}
2026-09-13 01:07:47,223 INFO response {"request_id": "dc35b8d2ebee42b298221ec8a0dc19cd", "http_status": 200, "body": {"accepted": true, "real_timestamp_ms": 1789232864184, "virtual_time_s": 2655.707578, "measure_result": "no_signal"}}
2026-09-13 01:07:47,254 INFO request {"path": "/measure", "payload": {"arena_id": "default", "robot_id": "202601002029", "request_id": "32b1d7936acb4a5997f43e82472d8d18", "position": {"x": -482.8444447608845, "y": -1801.9999999999995}, "channel": 6}, "attempt": 1}
2026-09-13 01:07:47,257 INFO response {"request_id": "32b1d7936acb4a5997f43e82472d8d18", "http_status": 200, "body": {"accepted": true, "real_timestamp_ms": 1789232864217, "virtual_time_s": 2661.707578, "measure_result": "no_signal"}}
2026-09-13 01:07:47,287 INFO request {"path": "/measure", "payload": {"arena_id": "default", "robot_id": "202601002029", "request_id": "1fd4bea524e04559951259cecc37e986", "position": {"x": -482.8444447608845, "y": -1801.9999999999995}, "channel": 8}, "attempt": 1}
2026-09-13 01:07:47,303 INFO response {"request_id": "1fd4bea524e04559951259cecc37e986", "http_status": 200, "body": {"accepted": true, "real_timestamp_ms": 1789232864264, "virtual_time_s": 2667.707578, "measure_result": "no_signal"}}
2026-09-13 01:07:47,318 INFO request {"path": "/measure", "payload": {"arena_id": "default", "robot_id": "202601002029", "request_id": "5a449a7c01c44ec1b0679153d83761d5", "position": {"x": -482.8444447608845, "y": -1801.9999999999995}, "channel": 9}, "attempt": 1}
2026-09-13 01:07:47,333 INFO response {"request_id": "5a449a7c01c44ec1b0679153d83761d5", "http_status": 200, "body": {"accepted": true, "real_timestamp_ms": 1789232864293, "virtual_time_s": 2673.707578, "measure_result": "no_signal"}}
2026-09-13 01:07:47,348 INFO request {"path": "/measure", "payload": {"arena_id": "default", "robot_id": "202601002029", "request_id": "fe10e76e34bc43ecacc0eb1f44d7f664", "position": {"x": -482.8444447608845, "y": -1801.9999999999995}, "channel": 10}, "attempt": 1}
2026-09-13 01:07:47,350 INFO response {"request_id": "fe10e76e34bc43ecacc0eb1f44d7f664", "http_status": 200, "body": {"accepted": true, "real_timestamp_ms": 1789232864310, "virtual_time_s": 2679.707578, "measure_result": "no_signal"}}
2026-09-13 01:07:47,382 INFO request {"path": "/measure", "payload": {"arena_id": "default", "robot_id": "202601002029", "request_id": "d853a39414af4762a1eb12a3089d8d28", "position": {"x": -482.8444447608845, "y": -1801.9999999999995}, "channel": 13}, "attempt": 1}
2026-09-13 01:07:47,383 INFO response {"request_id": "d853a39414af4762a1eb12a3089d8d28", "http_status": 200, "body": {"accepted": true, "real_timestamp_ms": 1789232864344, "virtual_time_s": 2685.707578, "measure_result": "no_signal"}}
2026-09-13 01:07:47,414 INFO request {"path": "/measure", "payload": {"arena_id": "default", "robot_id": "202601002029", "request_id": "317a2c3eebca4a2d926ad098002354c9", "position": {"x": -482.8444447608845, "y": -1801.9999999999995}, "channel": 18}, "attempt": 1}
2026-09-13 01:07:47,431 INFO response {"request_id": "317a2c3eebca4a2d926ad098002354c9", "http_status": 200, "body": {"accepted": true, "real_timestamp_ms": 1789232864392, "virtual_time_s": 2691.707578, "measure_result": "no_signal"}}
2026-09-13 01:07:48,404 INFO request {"path": "/measure", "payload": {"arena_id": "default", "robot_id": "202601002029", "request_id": "76d6ae8cf83141089e99243986f45fae", "position": {"x": 482.84444476088225, "y": -1802.0000000000002}, "channel": 18}, "attempt": 1}
2026-09-13 01:07:48,416 INFO response {"request_id": "76d6ae8cf83141089e99243986f45fae", "http_status": 200, "body": {"accepted": true, "real_timestamp_ms": 1789232865377, "virtual_time_s": 2889.845356, "measure_result": "no_signal"}}
2026-09-13 01:07:48,430 INFO request {"path": "/measure", "payload": {"arena_id": "default", "robot_id": "202601002029", "request_id": "3c81e3950040418fa9ab9022727dea0a", "position": {"x": 482.84444476088225, "y": -1802.0000000000002}, "channel": 1}, "attempt": 1}
2026-09-13 01:07:48,431 INFO response {"request_id": "3c81e3950040418fa9ab9022727dea0a", "http_status": 200, "body": {"accepted": true, "real_timestamp_ms": 1789232865392, "virtual_time_s": 2895.845356, "measure_result": "no_signal"}}
2026-09-13 01:07:48,462 INFO request {"path": "/measure", "payload": {"arena_id": "default", "robot_id": "202601002029", "request_id": "9d567ae874bc4e2f87e1fbfcb9c52e56", "position": {"x": 482.84444476088225, "y": -1802.0000000000002}, "channel": 2}, "attempt": 1}
2026-09-13 01:07:48,464 INFO response {"request_id": "9d567ae874bc4e2f87e1fbfcb9c52e56", "http_status": 200, "body": {"accepted": true, "real_timestamp_ms": 1789232865424, "virtual_time_s": 2901.845356, "measure_result": "no_signal"}}
2026-09-13 01:07:48,495 INFO request {"path": "/measure", "payload": {"arena_id": "default", "robot_id": "202601002029", "request_id": "1641c234b73844f786b2a589e49085bd", "position": {"x": 482.84444476088225, "y": -1802.0000000000002}, "channel": 3}, "attempt": 1}
2026-09-13 01:07:48,497 INFO response {"request_id": "1641c234b73844f786b2a589e49085bd", "http_status": 200, "body": {"accepted": true, "real_timestamp_ms": 1789232865458, "virtual_time_s": 2907.845356, "measure_result": "no_signal"}}
2026-09-13 01:07:48,528 INFO request {"path": "/measure", "payload": {"arena_id": "default", "robot_id": "202601002029", "request_id": "1b97b3030cc04cec840f99dc8eec1a9f", "position": {"x": 482.84444476088225, "y": -1802.0000000000002}, "channel": 5}, "attempt": 1}
2026-09-13 01:07:48,530 INFO response {"request_id": "1b97b3030cc04cec840f99dc8eec1a9f", "http_status": 200, "body": {"accepted": true, "real_timestamp_ms": 1789232865491, "virtual_time_s": 2913.845356, "measure_result": "no_signal"}}
2026-09-13 01:07:48,561 INFO request {"path": "/measure", "payload": {"arena_id": "default", "robot_id": "202601002029", "request_id": "299fbf16230b4d3ebac72304cdeac889", "position": {"x": 482.84444476088225, "y": -1802.0000000000002}, "channel": 6}, "attempt": 1}
2026-09-13 01:07:48,563 INFO response {"request_id": "299fbf16230b4d3ebac72304cdeac889", "http_status": 200, "body": {"accepted": true, "real_timestamp_ms": 1789232865523, "virtual_time_s": 2919.845356, "measure_result": "no_signal"}}
2026-09-13 01:07:48,594 INFO request {"path": "/measure", "payload": {"arena_id": "default", "robot_id": "202601002029", "request_id": "5b81b1589bbb49c992d90822028032d7", "position": {"x": 482.84444476088225, "y": -1802.0000000000002}, "channel": 8}, "attempt": 1}
2026-09-13 01:07:48,595 INFO response {"request_id": "5b81b1589bbb49c992d90822028032d7", "http_status": 200, "body": {"accepted": true, "real_timestamp_ms": 1789232865556, "virtual_time_s": 2925.845356, "measure_result": "no_signal"}}
2026-09-13 01:07:48,626 INFO request {"path": "/measure", "payload": {"arena_id": "default", "robot_id": "202601002029", "request_id": "6e1cc48e93124d10b5c490e66f5bd0be", "position": {"x": 482.84444476088225, "y": -1802.0000000000002}, "channel": 9}, "attempt": 1}
2026-09-13 01:07:48,629 INFO response {"request_id": "6e1cc48e93124d10b5c490e66f5bd0be", "http_status": 200, "body": {"accepted": true, "real_timestamp_ms": 1789232865589, "virtual_time_s": 2931.845356, "measure_result": "no_signal"}}
2026-09-13 01:07:48,644 INFO request {"path": "/measure", "payload": {"arena_id": "default", "robot_id": "202601002029", "request_id": "486da26079cd4779b0c2f585f70ddf05", "position": {"x": 482.84444476088225, "y": -1802.0000000000002}, "channel": 10}, "attempt": 1}
2026-09-13 01:07:48,647 INFO response {"request_id": "486da26079cd4779b0c2f585f70ddf05", "http_status": 200, "body": {"accepted": true, "real_timestamp_ms": 1789232865607, "virtual_time_s": 2937.845356, "measure_result": "no_signal"}}
2026-09-13 01:07:48,678 INFO request {"path": "/measure", "payload": {"arena_id": "default", "robot_id": "202601002029", "request_id": "124ed377410f45048680ce5880f4de9d", "position": {"x": 482.84444476088225, "y": -1802.0000000000002}, "channel": 13}, "attempt": 1}
2026-09-13 01:07:48,679 INFO response {"request_id": "124ed377410f45048680ce5880f4de9d", "http_status": 200, "body": {"accepted": true, "real_timestamp_ms": 1789232865640, "virtual_time_s": 2943.845356, "measure_result": "no_signal"}}
2026-09-13 01:07:48,710 INFO request {"path": "/measure", "payload": {"arena_id": "default", "robot_id": "202601002029", "request_id": "393665da432140089c148d27311e20ba", "position": {"x": 482.84444476088225, "y": -1802.0000000000002}, "channel": 19}, "attempt": 1}
2026-09-13 01:07:48,713 INFO response {"request_id": "393665da432140089c148d27311e20ba", "http_status": 200, "body": {"accepted": true, "real_timestamp_ms": 1789232865673, "virtual_time_s": 2949.845356, "measure_result": "no_signal"}}
2026-09-13 01:07:48,744 INFO request {"path": "/measure", "payload": {"arena_id": "default", "robot_id": "202601002029", "request_id": "a4b1976525214612a7fc7b1685f1505f", "position": {"x": 482.84444476088225, "y": -1802.0000000000002}, "channel": 14}, "attempt": 1}
2026-09-13 01:07:48,745 INFO response {"request_id": "a4b1976525214612a7fc7b1685f1505f", "http_status": 200, "body": {"accepted": true, "real_timestamp_ms": 1789232865706, "virtual_time_s": 2955.845356, "measure_result": "direction", "svd_deg": 121.93}}
2026-09-13 01:07:49,511 INFO request {"path": "/measure", "payload": {"arena_id": "default", "robot_id": "202601002029", "request_id": "bc7ee5c47bf24dbc99bb03870e7e9855", "position": {"x": 1319.1555552391164, "y": -1319.1555552391171}, "channel": 1}, "attempt": 1}
2026-09-13 01:07:49,531 INFO response {"request_id": "bc7ee5c47bf24dbc99bb03870e7e9855", "http_status": 200, "body": {"accepted": true, "real_timestamp_ms": 1789232866491, "virtual_time_s": 3154.983134, "measure_result": "no_signal"}}
2026-09-13 01:07:49,547 INFO request {"path": "/measure", "payload": {"arena_id": "default", "robot_id": "202601002029", "request_id": "1fd581dbac154c899dd64f8c32a21fe2", "position": {"x": 1319.1555552391164, "y": -1319.1555552391171}, "channel": 2}, "attempt": 1}
2026-09-13 01:07:49,561 INFO response {"request_id": "1fd581dbac154c899dd64f8c32a21fe2", "http_status": 200, "body": {"accepted": true, "real_timestamp_ms": 1789232866520, "virtual_time_s": 3160.983134, "measure_result": "no_signal"}}
2026-09-13 01:07:49,575 INFO request {"path": "/measure", "payload": {"arena_id": "default", "robot_id": "202601002029", "request_id": "2484697b000846ecba58930d16ed75bc", "position": {"x": 1319.1555552391164, "y": -1319.1555552391171}, "channel": 3}, "attempt": 1}
2026-09-13 01:07:49,589 INFO response {"request_id": "2484697b000846ecba58930d16ed75bc", "http_status": 200, "body": {"accepted": true, "real_timestamp_ms": 1789232866549, "virtual_time_s": 3166.983134, "measure_result": "no_signal"}}
2026-09-13 01:07:49,604 INFO request {"path": "/measure", "payload": {"arena_id": "default", "robot_id": "202601002029", "request_id": "0f4e5a224bd7434bb7d07fcf2be58c8e", "position": {"x": 1319.1555552391164, "y": -1319.1555552391171}, "channel": 5}, "attempt": 1}
2026-09-13 01:07:49,605 INFO response {"request_id": "0f4e5a224bd7434bb7d07fcf2be58c8e", "http_status": 200, "body": {"accepted": true, "real_timestamp_ms": 1789232866566, "virtual_time_s": 3172.983134, "measure_result": "no_signal"}}
2026-09-13 01:07:49,636 INFO request {"path": "/measure", "payload": {"arena_id": "default", "robot_id": "202601002029", "request_id": "81ac707bcc2d422e8b82e2c784617623", "position": {"x": 1319.1555552391164, "y": -1319.1555552391171}, "channel": 6}, "attempt": 1}
2026-09-13 01:07:49,638 INFO response {"request_id": "81ac707bcc2d422e8b82e2c784617623", "http_status": 200, "body": {"accepted": true, "real_timestamp_ms": 1789232866598, "virtual_time_s": 3178.983134, "measure_result": "no_signal"}}
2026-09-13 01:07:49,669 INFO request {"path": "/measure", "payload": {"arena_id": "default", "robot_id": "202601002029", "request_id": "b8b45cd8fc0d48f3912f20fe0dc975d9", "position": {"x": 1319.1555552391164, "y": -1319.1555552391171}, "channel": 8}, "attempt": 1}
2026-09-13 01:07:49,670 INFO response {"request_id": "b8b45cd8fc0d48f3912f20fe0dc975d9", "http_status": 200, "body": {"accepted": true, "real_timestamp_ms": 1789232866631, "virtual_time_s": 3184.983134, "measure_result": "no_signal"}}
2026-09-13 01:07:49,701 INFO request {"path": "/measure", "payload": {"arena_id": "default", "robot_id": "202601002029", "request_id": "31fc2306a56b4635b063372ab1ce2bdb", "position": {"x": 1319.1555552391164, "y": -1319.1555552391171}, "channel": 9}, "attempt": 1}
2026-09-13 01:07:49,702 INFO response {"request_id": "31fc2306a56b4635b063372ab1ce2bdb", "http_status": 200, "body": {"accepted": true, "real_timestamp_ms": 1789232866663, "virtual_time_s": 3190.983134, "measure_result": "no_signal"}}
2026-09-13 01:07:49,733 INFO request {"path": "/measure", "payload": {"arena_id": "default", "robot_id": "202601002029", "request_id": "28223ae662574c8698bb94dcb11b98ae", "position": {"x": 1319.1555552391164, "y": -1319.1555552391171}, "channel": 10}, "attempt": 1}
2026-09-13 01:07:49,735 INFO response {"request_id": "28223ae662574c8698bb94dcb11b98ae", "http_status": 200, "body": {"accepted": true, "real_timestamp_ms": 1789232866695, "virtual_time_s": 3196.983134, "measure_result": "no_signal"}}
2026-09-13 01:07:49,765 INFO request {"path": "/measure", "payload": {"arena_id": "default", "robot_id": "202601002029", "request_id": "d80fd5c3bd4840d0b819c62b9851089a", "position": {"x": 1319.1555552391164, "y": -1319.1555552391171}, "channel": 13}, "attempt": 1}
2026-09-13 01:07:49,767 INFO response {"request_id": "d80fd5c3bd4840d0b819c62b9851089a", "http_status": 200, "body": {"accepted": true, "real_timestamp_ms": 1789232866727, "virtual_time_s": 3202.983134, "measure_result": "no_signal"}}
2026-09-13 01:07:49,798 INFO request {"path": "/measure", "payload": {"arena_id": "default", "robot_id": "202601002029", "request_id": "a092c36b0fc84b83907f83f927f53b3e", "position": {"x": 1319.1555552391164, "y": -1319.1555552391171}, "channel": 18}, "attempt": 1}
2026-09-13 01:07:49,800 INFO response {"request_id": "a092c36b0fc84b83907f83f927f53b3e", "http_status": 200, "body": {"accepted": true, "real_timestamp_ms": 1789232866760, "virtual_time_s": 3208.983134, "measure_result": "no_signal"}}
2026-09-13 01:07:49,830 INFO request {"path": "/measure", "payload": {"arena_id": "default", "robot_id": "202601002029", "request_id": "746619f0c00d4845855642653d30d08f", "position": {"x": 1319.1555552391164, "y": -1319.1555552391171}, "channel": 19}, "attempt": 1}
2026-09-13 01:07:49,832 INFO response {"request_id": "746619f0c00d4845855642653d30d08f", "http_status": 200, "body": {"accepted": true, "real_timestamp_ms": 1789232866793, "virtual_time_s": 3214.983134, "measure_result": "no_signal"}}
2026-09-13 01:07:49,885 INFO request {"path": "/measure", "payload": {"arena_id": "default", "robot_id": "202601002029", "request_id": "314b8b55518b49959160086c33a1df41", "position": {"x": 1319.1555552391164, "y": -1319.1555552391171}, "channel": 12}, "attempt": 1}
2026-09-13 01:07:49,887 INFO response {"request_id": "314b8b55518b49959160086c33a1df41", "http_status": 200, "body": {"accepted": true, "real_timestamp_ms": 1789232866847, "virtual_time_s": 3220.983134, "measure_result": "direction", "svd_deg": 86.02}}
2026-09-13 01:07:49,924 INFO request {"path": "/measure", "payload": {"arena_id": "default", "robot_id": "202601002029", "request_id": "341c36aa3b8a48a7994f808be538d1fb", "position": {"x": 1319.1555552391164, "y": -1319.1555552391171}, "channel": 4}, "attempt": 1}
2026-09-13 01:07:49,936 INFO response {"request_id": "341c36aa3b8a48a7994f808be538d1fb", "http_status": 200, "body": {"accepted": true, "real_timestamp_ms": 1789232866896, "virtual_time_s": 3226.983134, "measure_result": "no_signal"}}
2026-09-13 01:07:50,480 INFO request {"path": "/measure", "payload": {"arena_id": "default", "robot_id": "202601002029", "request_id": "b8948749d0514af39c0535dce97a1e45", "position": {"x": 1801.9999999999995, "y": -482.84444476088464}, "channel": 1}, "attempt": 1}
2026-09-13 01:07:50,481 INFO response {"request_id": "b8948749d0514af39c0535dce97a1e45", "http_status": 200, "body": {"accepted": true, "real_timestamp_ms": 1789232867441, "virtual_time_s": 3426.120912, "measure_result": "no_signal"}}
2026-09-13 01:07:50,511 INFO request {"path": "/measure", "payload": {"arena_id": "default", "robot_id": "202601002029", "request_id": "a6d0bca4de0d43abb69422dbe81924e3", "position": {"x": 1801.9999999999995, "y": -482.84444476088464}, "channel": 2}, "attempt": 1}
2026-09-13 01:07:50,512 INFO response {"request_id": "a6d0bca4de0d43abb69422dbe81924e3", "http_status": 200, "body": {"accepted": true, "real_timestamp_ms": 1789232867473, "virtual_time_s": 3432.120912, "measure_result": "no_signal"}}
2026-09-13 01:07:50,543 INFO request {"path": "/measure", "payload": {"arena_id": "default", "robot_id": "202601002029", "request_id": "1c3a78b7c0b84ffd88f001a6963f8068", "position": {"x": 1801.9999999999995, "y": -482.84444476088464}, "channel": 3}, "attempt": 1}
2026-09-13 01:07:50,545 INFO response {"request_id": "1c3a78b7c0b84ffd88f001a6963f8068", "http_status": 200, "body": {"accepted": true, "real_timestamp_ms": 1789232867505, "virtual_time_s": 3438.120912, "measure_result": "no_signal"}}
2026-09-13 01:07:50,576 INFO request {"path": "/measure", "payload": {"arena_id": "default", "robot_id": "202601002029", "request_id": "550e114938ce434d9e7d3cb824160802", "position": {"x": 1801.9999999999995, "y": -482.84444476088464}, "channel": 5}, "attempt": 1}
2026-09-13 01:07:50,578 INFO response {"request_id": "550e114938ce434d9e7d3cb824160802", "http_status": 200, "body": {"accepted": true, "real_timestamp_ms": 1789232867538, "virtual_time_s": 3444.120912, "measure_result": "no_signal"}}
2026-09-13 01:07:50,608 INFO request {"path": "/measure", "payload": {"arena_id": "default", "robot_id": "202601002029", "request_id": "75742617f9d1447580518dce317a2895", "position": {"x": 1801.9999999999995, "y": -482.84444476088464}, "channel": 6}, "attempt": 1}
2026-09-13 01:07:50,610 INFO response {"request_id": "75742617f9d1447580518dce317a2895", "http_status": 200, "body": {"accepted": true, "real_timestamp_ms": 1789232867570, "virtual_time_s": 3450.120912, "measure_result": "no_signal"}}
2026-09-13 01:07:50,641 INFO request {"path": "/measure", "payload": {"arena_id": "default", "robot_id": "202601002029", "request_id": "590f1493a2f54bd1b9ff4ee1b787e1fb", "position": {"x": 1801.9999999999995, "y": -482.84444476088464}, "channel": 8}, "attempt": 1}
2026-09-13 01:07:50,659 INFO response {"request_id": "590f1493a2f54bd1b9ff4ee1b787e1fb", "http_status": 200, "body": {"accepted": true, "real_timestamp_ms": 1789232867620, "virtual_time_s": 3456.120912, "measure_result": "no_signal"}}
2026-09-13 01:07:50,675 INFO request {"path": "/measure", "payload": {"arena_id": "default", "robot_id": "202601002029", "request_id": "ae7969c7c0c149c6814fe00aa324e8b7", "position": {"x": 1801.9999999999995, "y": -482.84444476088464}, "channel": 9}, "attempt": 1}
2026-09-13 01:07:50,678 INFO response {"request_id": "ae7969c7c0c149c6814fe00aa324e8b7", "http_status": 200, "body": {"accepted": true, "real_timestamp_ms": 1789232867638, "virtual_time_s": 3462.120912, "measure_result": "no_signal"}}
2026-09-13 01:07:50,709 INFO request {"path": "/measure", "payload": {"arena_id": "default", "robot_id": "202601002029", "request_id": "4b9f634dc6384a959ae90482d4cb665e", "position": {"x": 1801.9999999999995, "y": -482.84444476088464}, "channel": 10}, "attempt": 1}
2026-09-13 01:07:50,728 INFO response {"request_id": "4b9f634dc6384a959ae90482d4cb665e", "http_status": 200, "body": {"accepted": true, "real_timestamp_ms": 1789232867689, "virtual_time_s": 3468.120912, "measure_result": "no_signal"}}
2026-09-13 01:07:50,744 INFO request {"path": "/measure", "payload": {"arena_id": "default", "robot_id": "202601002029", "request_id": "098bb228a55e4f748f79e9562671053a", "position": {"x": 1801.9999999999995, "y": -482.84444476088464}, "channel": 13}, "attempt": 1}
2026-09-13 01:07:50,758 INFO response {"request_id": "098bb228a55e4f748f79e9562671053a", "http_status": 200, "body": {"accepted": true, "real_timestamp_ms": 1789232867718, "virtual_time_s": 3474.120912, "measure_result": "no_signal"}}
2026-09-13 01:07:50,773 INFO request {"path": "/measure", "payload": {"arena_id": "default", "robot_id": "202601002029", "request_id": "d7241ea93770494e96fbba04368045b6", "position": {"x": 1801.9999999999995, "y": -482.84444476088464}, "channel": 18}, "attempt": 1}
2026-09-13 01:07:50,774 INFO response {"request_id": "d7241ea93770494e96fbba04368045b6", "http_status": 200, "body": {"accepted": true, "real_timestamp_ms": 1789232867734, "virtual_time_s": 3480.120912, "measure_result": "no_signal"}}
2026-09-13 01:07:50,805 INFO request {"path": "/measure", "payload": {"arena_id": "default", "robot_id": "202601002029", "request_id": "8254c5557f754bfc86b928adcb25aa05", "position": {"x": 1801.9999999999995, "y": -482.84444476088464}, "channel": 19}, "attempt": 1}
2026-09-13 01:07:50,817 INFO response {"request_id": "8254c5557f754bfc86b928adcb25aa05", "http_status": 200, "body": {"accepted": true, "real_timestamp_ms": 1789232867777, "virtual_time_s": 3486.120912, "measure_result": "no_signal"}}
2026-09-13 01:07:51,275 INFO request {"path": "/measure", "payload": {"arena_id": "default", "robot_id": "202601002029", "request_id": "4f6b1494dcc242ee9ed05600fd0fe912", "position": {"x": 1802.0, "y": 482.84444476088305}, "channel": 19}, "attempt": 1}
2026-09-13 01:07:51,289 INFO response {"request_id": "4f6b1494dcc242ee9ed05600fd0fe912", "http_status": 200, "body": {"accepted": true, "real_timestamp_ms": 1789232868249, "virtual_time_s": 3684.25869, "measure_result": "direction", "svd_deg": 150.51}}
2026-09-13 01:07:51,307 INFO request {"path": "/measure", "payload": {"arena_id": "default", "robot_id": "202601002029", "request_id": "5d8905873ed74d0b94620d15e94b282f", "position": {"x": 1802.0, "y": 482.84444476088305}, "channel": 1}, "attempt": 1}
2026-09-13 01:07:51,310 INFO response {"request_id": "5d8905873ed74d0b94620d15e94b282f", "http_status": 200, "body": {"accepted": true, "real_timestamp_ms": 1789232868270, "virtual_time_s": 3690.25869, "measure_result": "no_signal"}}
2026-09-13 01:07:51,340 INFO request {"path": "/measure", "payload": {"arena_id": "default", "robot_id": "202601002029", "request_id": "23d0ee61f3d44da9b9d9ce05f01ce797", "position": {"x": 1802.0, "y": 482.84444476088305}, "channel": 2}, "attempt": 1}
2026-09-13 01:07:51,342 INFO response {"request_id": "23d0ee61f3d44da9b9d9ce05f01ce797", "http_status": 200, "body": {"accepted": true, "real_timestamp_ms": 1789232868303, "virtual_time_s": 3696.25869, "measure_result": "no_signal"}}
2026-09-13 01:07:51,374 INFO request {"path": "/measure", "payload": {"arena_id": "default", "robot_id": "202601002029", "request_id": "957327e07afb44dbbeb68e5e580f5023", "position": {"x": 1802.0, "y": 482.84444476088305}, "channel": 3}, "attempt": 1}
2026-09-13 01:07:51,375 INFO response {"request_id": "957327e07afb44dbbeb68e5e580f5023", "http_status": 200, "body": {"accepted": true, "real_timestamp_ms": 1789232868336, "virtual_time_s": 3702.25869, "measure_result": "no_signal"}}
2026-09-13 01:07:51,407 INFO request {"path": "/measure", "payload": {"arena_id": "default", "robot_id": "202601002029", "request_id": "7b6a1548a4d0453d9287886c3b9f3f5c", "position": {"x": 1802.0, "y": 482.84444476088305}, "channel": 5}, "attempt": 1}
2026-09-13 01:07:51,408 INFO response {"request_id": "7b6a1548a4d0453d9287886c3b9f3f5c", "http_status": 200, "body": {"accepted": true, "real_timestamp_ms": 1789232868368, "virtual_time_s": 3708.25869, "measure_result": "no_signal"}}
2026-09-13 01:07:51,439 INFO request {"path": "/measure", "payload": {"arena_id": "default", "robot_id": "202601002029", "request_id": "12576a996b874428b38c391d46ef34e3", "position": {"x": 1802.0, "y": 482.84444476088305}, "channel": 6}, "attempt": 1}
2026-09-13 01:07:51,440 INFO response {"request_id": "12576a996b874428b38c391d46ef34e3", "http_status": 200, "body": {"accepted": true, "real_timestamp_ms": 1789232868401, "virtual_time_s": 3714.25869, "measure_result": "no_signal"}}
2026-09-13 01:07:51,471 INFO request {"path": "/measure", "payload": {"arena_id": "default", "robot_id": "202601002029", "request_id": "c7bd107d5c2c4a4ba91f7e01e0893143", "position": {"x": 1802.0, "y": 482.84444476088305}, "channel": 8}, "attempt": 1}
2026-09-13 01:07:51,473 INFO response {"request_id": "c7bd107d5c2c4a4ba91f7e01e0893143", "http_status": 200, "body": {"accepted": true, "real_timestamp_ms": 1789232868433, "virtual_time_s": 3720.25869, "measure_result": "no_signal"}}
2026-09-13 01:07:51,488 INFO request {"path": "/measure", "payload": {"arena_id": "default", "robot_id": "202601002029", "request_id": "7ead06a35bc34f52852fbe4b072b5b0a", "position": {"x": 1802.0, "y": 482.84444476088305}, "channel": 9}, "attempt": 1}
2026-09-13 01:07:51,489 INFO response {"request_id": "7ead06a35bc34f52852fbe4b072b5b0a", "http_status": 200, "body": {"accepted": true, "real_timestamp_ms": 1789232868450, "virtual_time_s": 3726.25869, "measure_result": "no_signal"}}
2026-09-13 01:07:51,520 INFO request {"path": "/measure", "payload": {"arena_id": "default", "robot_id": "202601002029", "request_id": "97e8fe82d83d4a0b9eb08ee6e1a6f3b6", "position": {"x": 1802.0, "y": 482.84444476088305}, "channel": 10}, "attempt": 1}
2026-09-13 01:07:51,522 INFO response {"request_id": "97e8fe82d83d4a0b9eb08ee6e1a6f3b6", "http_status": 200, "body": {"accepted": true, "real_timestamp_ms": 1789232868482, "virtual_time_s": 3732.25869, "measure_result": "no_signal"}}
2026-09-13 01:07:51,552 INFO request {"path": "/measure", "payload": {"arena_id": "default", "robot_id": "202601002029", "request_id": "a173cb5a06bf4651ad636312a8f028ac", "position": {"x": 1802.0, "y": 482.84444476088305}, "channel": 13}, "attempt": 1}
2026-09-13 01:07:51,556 INFO response {"request_id": "a173cb5a06bf4651ad636312a8f028ac", "http_status": 200, "body": {"accepted": true, "real_timestamp_ms": 1789232868516, "virtual_time_s": 3738.25869, "measure_result": "direction", "svd_deg": 156.91}}
2026-09-13 01:07:51,593 INFO request {"path": "/measure", "payload": {"arena_id": "default", "robot_id": "202601002029", "request_id": "626902f960554d6d984cf8ac8d481168", "position": {"x": 1802.0, "y": 482.84444476088305}, "channel": 18}, "attempt": 1}
2026-09-13 01:07:51,614 INFO response {"request_id": "626902f960554d6d984cf8ac8d481168", "http_status": 200, "body": {"accepted": true, "real_timestamp_ms": 1789232868574, "virtual_time_s": 3744.25869, "measure_result": "no_signal"}}
2026-09-13 01:07:51,657 INFO request {"path": "/measure", "payload": {"arena_id": "default", "robot_id": "202601002029", "request_id": "5f69405e2fea4afcaaedd31e5cb10112", "position": {"x": 1802.0, "y": 482.84444476088305}, "channel": 4}, "attempt": 1}
2026-09-13 01:07:51,658 INFO response {"request_id": "5f69405e2fea4afcaaedd31e5cb10112", "http_status": 200, "body": {"accepted": true, "real_timestamp_ms": 1789232868618, "virtual_time_s": 3750.25869, "measure_result": "direction", "svd_deg": 244.49}}
2026-09-13 01:07:52,266 INFO request {"path": "/measure", "payload": {"arena_id": "default", "robot_id": "202601002029", "request_id": "3e80e24d8f3641a993bde664da7e26c5", "position": {"x": 1319.155555239117, "y": 1319.155555239117}, "channel": 1}, "attempt": 1}
2026-09-13 01:07:52,267 INFO response {"request_id": "3e80e24d8f3641a993bde664da7e26c5", "http_status": 200, "body": {"accepted": true, "real_timestamp_ms": 1789232869228, "virtual_time_s": 3949.396468, "measure_result": "no_signal"}}
2026-09-13 01:07:52,298 INFO request {"path": "/measure", "payload": {"arena_id": "default", "robot_id": "202601002029", "request_id": "22e3761f27d041da9ba06de3aec2dc45", "position": {"x": 1319.155555239117, "y": 1319.155555239117}, "channel": 2}, "attempt": 1}
2026-09-13 01:07:52,299 INFO response {"request_id": "22e3761f27d041da9ba06de3aec2dc45", "http_status": 200, "body": {"accepted": true, "real_timestamp_ms": 1789232869260, "virtual_time_s": 3955.396468, "measure_result": "no_signal"}}
2026-09-13 01:07:52,330 INFO request {"path": "/measure", "payload": {"arena_id": "default", "robot_id": "202601002029", "request_id": "74921781c85e48afb37fddede2038e0f", "position": {"x": 1319.155555239117, "y": 1319.155555239117}, "channel": 3}, "attempt": 1}
2026-09-13 01:07:52,341 INFO response {"request_id": "74921781c85e48afb37fddede2038e0f", "http_status": 200, "body": {"accepted": true, "real_timestamp_ms": 1789232869301, "virtual_time_s": 3961.396468, "measure_result": "no_signal"}}
2026-09-13 01:07:52,355 INFO request {"path": "/measure", "payload": {"arena_id": "default", "robot_id": "202601002029", "request_id": "30c10ee189214c4f829e93e1216ba2c4", "position": {"x": 1319.155555239117, "y": 1319.155555239117}, "channel": 5}, "attempt": 1}
2026-09-13 01:07:52,370 INFO response {"request_id": "30c10ee189214c4f829e93e1216ba2c4", "http_status": 200, "body": {"accepted": true, "real_timestamp_ms": 1789232869331, "virtual_time_s": 3967.396468, "measure_result": "no_signal"}}
2026-09-13 01:07:52,385 INFO request {"path": "/measure", "payload": {"arena_id": "default", "robot_id": "202601002029", "request_id": "e070352c5e5e4af7a9c18832b3a71223", "position": {"x": 1319.155555239117, "y": 1319.155555239117}, "channel": 6}, "attempt": 1}
2026-09-13 01:07:52,386 INFO response {"request_id": "e070352c5e5e4af7a9c18832b3a71223", "http_status": 200, "body": {"accepted": true, "real_timestamp_ms": 1789232869347, "virtual_time_s": 3973.396468, "measure_result": "no_signal"}}
2026-09-13 01:07:52,417 INFO request {"path": "/measure", "payload": {"arena_id": "default", "robot_id": "202601002029", "request_id": "3b0e223589bd4e0ca454b31c48faf65e", "position": {"x": 1319.155555239117, "y": 1319.155555239117}, "channel": 8}, "attempt": 1}
2026-09-13 01:07:52,431 INFO response {"request_id": "3b0e223589bd4e0ca454b31c48faf65e", "http_status": 200, "body": {"accepted": true, "real_timestamp_ms": 1789232869391, "virtual_time_s": 3979.396468, "measure_result": "no_signal"}}
2026-09-13 01:07:52,445 INFO request {"path": "/measure", "payload": {"arena_id": "default", "robot_id": "202601002029", "request_id": "cdf965b1864c4b4ba9ef2499b5f0adcd", "position": {"x": 1319.155555239117, "y": 1319.155555239117}, "channel": 9}, "attempt": 1}
2026-09-13 01:07:52,460 INFO response {"request_id": "cdf965b1864c4b4ba9ef2499b5f0adcd", "http_status": 200, "body": {"accepted": true, "real_timestamp_ms": 1789232869421, "virtual_time_s": 3985.396468, "measure_result": "no_signal"}}
2026-09-13 01:07:52,475 INFO request {"path": "/measure", "payload": {"arena_id": "default", "robot_id": "202601002029", "request_id": "a7ad7098fbc545ada1d3af2160b1f916", "position": {"x": 1319.155555239117, "y": 1319.155555239117}, "channel": 10}, "attempt": 1}
2026-09-13 01:07:52,490 INFO response {"request_id": "a7ad7098fbc545ada1d3af2160b1f916", "http_status": 200, "body": {"accepted": true, "real_timestamp_ms": 1789232869450, "virtual_time_s": 3991.396468, "measure_result": "no_signal"}}
2026-09-13 01:07:52,505 INFO request {"path": "/measure", "payload": {"arena_id": "default", "robot_id": "202601002029", "request_id": "3f2ec612be7043028c3921443535379a", "position": {"x": 1319.155555239117, "y": 1319.155555239117}, "channel": 18}, "attempt": 1}
2026-09-13 01:07:52,506 INFO response {"request_id": "3f2ec612be7043028c3921443535379a", "http_status": 200, "body": {"accepted": true, "real_timestamp_ms": 1789232869467, "virtual_time_s": 3997.396468, "measure_result": "no_signal"}}
2026-09-13 01:07:52,570 INFO request {"path": "/measure", "payload": {"arena_id": "default", "robot_id": "202601002029", "request_id": "b612138489ce41748c02a7214e83ee22", "position": {"x": 1319.155555239117, "y": 1319.155555239117}, "channel": 11}, "attempt": 1}
2026-09-13 01:07:52,571 INFO response {"request_id": "b612138489ce41748c02a7214e83ee22", "http_status": 200, "body": {"accepted": true, "real_timestamp_ms": 1789232869532, "virtual_time_s": 4003.396468, "measure_result": "direction", "svd_deg": 154.5}}
2026-09-13 01:07:52,605 INFO request {"path": "/measure", "payload": {"arena_id": "default", "robot_id": "202601002029", "request_id": "34980b44ea9e48d0b8bf010b105a5702", "position": {"x": 1319.155555239117, "y": 1319.155555239117}, "channel": 15}, "attempt": 1}
2026-09-13 01:07:52,606 INFO response {"request_id": "34980b44ea9e48d0b8bf010b105a5702", "http_status": 200, "body": {"accepted": true, "real_timestamp_ms": 1789232869567, "virtual_time_s": 4009.396468, "measure_result": "direction", "svd_deg": 167.68}}
2026-09-13 01:07:52,629 INFO request {"path": "/measure", "payload": {"arena_id": "default", "robot_id": "202601002029", "request_id": "34e65a8497214a609b5f54b193d45352", "position": {"x": 1319.155555239117, "y": 1319.155555239117}, "channel": 13}, "attempt": 1}
2026-09-13 01:07:52,631 INFO response {"request_id": "34e65a8497214a609b5f54b193d45352", "http_status": 200, "body": {"accepted": true, "real_timestamp_ms": 1789232869591, "virtual_time_s": 4015.396468, "measure_result": "direction", "svd_deg": 228.3}}
2026-09-13 01:07:52,808 INFO request {"path": "/clear", "payload": {"arena_id": "default", "robot_id": "202601002029", "request_id": "24b102298bf14c239b6cd27f182c88f7", "position": {"x": 859.3343552240024, "y": 1538.28492893786}, "channel": 11}, "attempt": 1}
2026-09-13 01:07:52,824 INFO response {"request_id": "24b102298bf14c239b6cd27f182c88f7", "http_status": 200, "body": {"accepted": true, "real_timestamp_ms": 1789232869785, "virtual_time_s": 4122.269569, "clear_result": "success"}}
2026-09-13 01:07:52,851 INFO request {"path": "/measure", "payload": {"arena_id": "default", "robot_id": "202601002029", "request_id": "621c62c73e274b34afa9a89b00213465", "position": {"x": 482.8444447608835, "y": 1801.9999999999998}, "channel": 1}, "attempt": 1}
2026-09-13 01:07:52,864 INFO response {"request_id": "621c62c73e274b34afa9a89b00213465", "http_status": 200, "body": {"accepted": true, "real_timestamp_ms": 1789232869825, "virtual_time_s": 4220.202216, "measure_result": "no_signal"}}
2026-09-13 01:07:52,879 INFO request {"path": "/measure", "payload": {"arena_id": "default", "robot_id": "202601002029", "request_id": "529734dc824c4fc49de82923e24e46a9", "position": {"x": 482.8444447608835, "y": 1801.9999999999998}, "channel": 2}, "attempt": 1}
2026-09-13 01:07:52,880 INFO response {"request_id": "529734dc824c4fc49de82923e24e46a9", "http_status": 200, "body": {"accepted": true, "real_timestamp_ms": 1789232869841, "virtual_time_s": 4226.202216, "measure_result": "no_signal"}}
2026-09-13 01:07:52,911 INFO request {"path": "/measure", "payload": {"arena_id": "default", "robot_id": "202601002029", "request_id": "e9483bf266304bb49d9335136b1d874b", "position": {"x": 482.8444447608835, "y": 1801.9999999999998}, "channel": 3}, "attempt": 1}
2026-09-13 01:07:52,913 INFO response {"request_id": "e9483bf266304bb49d9335136b1d874b", "http_status": 200, "body": {"accepted": true, "real_timestamp_ms": 1789232869873, "virtual_time_s": 4232.202216, "measure_result": "no_signal"}}
2026-09-13 01:07:52,944 INFO request {"path": "/measure", "payload": {"arena_id": "default", "robot_id": "202601002029", "request_id": "a0fe35d6ba894c9b88b3b02a61ed752c", "position": {"x": 482.8444447608835, "y": 1801.9999999999998}, "channel": 5}, "attempt": 1}
2026-09-13 01:07:52,944 INFO response {"request_id": "a0fe35d6ba894c9b88b3b02a61ed752c", "http_status": 200, "body": {"accepted": true, "real_timestamp_ms": 1789232869905, "virtual_time_s": 4238.202216, "measure_result": "no_signal"}}
2026-09-13 01:07:52,975 INFO request {"path": "/measure", "payload": {"arena_id": "default", "robot_id": "202601002029", "request_id": "b16ec062dc8941c79d71841e7c8f79e3", "position": {"x": 482.8444447608835, "y": 1801.9999999999998}, "channel": 6}, "attempt": 1}
2026-09-13 01:07:52,978 INFO response {"request_id": "b16ec062dc8941c79d71841e7c8f79e3", "http_status": 200, "body": {"accepted": true, "real_timestamp_ms": 1789232869938, "virtual_time_s": 4244.202216, "measure_result": "no_signal"}}
2026-09-13 01:07:53,009 INFO request {"path": "/measure", "payload": {"arena_id": "default", "robot_id": "202601002029", "request_id": "b27e59e15e864aa5825673536555fa3a", "position": {"x": 482.8444447608835, "y": 1801.9999999999998}, "channel": 8}, "attempt": 1}
2026-09-13 01:07:53,010 INFO response {"request_id": "b27e59e15e864aa5825673536555fa3a", "http_status": 200, "body": {"accepted": true, "real_timestamp_ms": 1789232869970, "virtual_time_s": 4250.202216, "measure_result": "no_signal"}}
2026-09-13 01:07:53,040 INFO request {"path": "/measure", "payload": {"arena_id": "default", "robot_id": "202601002029", "request_id": "21fb73ac4c164f09ba91030b90db5cb4", "position": {"x": 482.8444447608835, "y": 1801.9999999999998}, "channel": 9}, "attempt": 1}
2026-09-13 01:07:53,042 INFO response {"request_id": "21fb73ac4c164f09ba91030b90db5cb4", "http_status": 200, "body": {"accepted": true, "real_timestamp_ms": 1789232870003, "virtual_time_s": 4256.202216, "measure_result": "no_signal"}}
2026-09-13 01:07:53,072 INFO request {"path": "/measure", "payload": {"arena_id": "default", "robot_id": "202601002029", "request_id": "377a148f824d494d8778aaaae875c8d0", "position": {"x": 482.8444447608835, "y": 1801.9999999999998}, "channel": 10}, "attempt": 1}
2026-09-13 01:07:53,075 INFO response {"request_id": "377a148f824d494d8778aaaae875c8d0", "http_status": 200, "body": {"accepted": true, "real_timestamp_ms": 1789232870035, "virtual_time_s": 4262.202216, "measure_result": "no_signal"}}
2026-09-13 01:07:53,105 INFO request {"path": "/measure", "payload": {"arena_id": "default", "robot_id": "202601002029", "request_id": "ceaea241cf2d4a81a1d8b0fa7b168ab5", "position": {"x": 482.8444447608835, "y": 1801.9999999999998}, "channel": 18}, "attempt": 1}
2026-09-13 01:07:53,108 INFO response {"request_id": "ceaea241cf2d4a81a1d8b0fa7b168ab5", "http_status": 200, "body": {"accepted": true, "real_timestamp_ms": 1789232870068, "virtual_time_s": 4268.202216, "measure_result": "no_signal"}}
2026-09-13 01:07:53,296 INFO request {"path": "/clear", "payload": {"arena_id": "default", "robot_id": "202601002029", "request_id": "a041567ff5fc4fa8ac58e6c1c3ecdcf1", "position": {"x": 249.22218506371303, "y": 1553.4060271114608}, "channel": 15}, "attempt": 1}
2026-09-13 01:07:53,316 INFO response {"request_id": "a041567ff5fc4fa8ac58e6c1c3ecdcf1", "http_status": 200, "body": {"accepted": true, "real_timestamp_ms": 1789232870276, "virtual_time_s": 4341.430751, "clear_result": "success"}}
2026-09-13 01:07:53,346 INFO request {"path": "/measure", "payload": {"arena_id": "default", "robot_id": "202601002029", "request_id": "33d9368af30f4352a634aa558c16236b", "position": {"x": -482.8444447608829, "y": 1802.0}, "channel": 18}, "attempt": 1}
2026-09-13 01:07:53,365 INFO response {"request_id": "33d9368af30f4352a634aa558c16236b", "http_status": 200, "body": {"accepted": true, "real_timestamp_ms": 1789232870325, "virtual_time_s": 4501.055524, "measure_result": "no_signal"}}
2026-09-13 01:07:53,365 INFO request {"path": "/measure", "payload": {"arena_id": "default", "robot_id": "202601002029", "request_id": "30e6b44767094ad383926fcfadca0382", "position": {"x": -482.8444447608829, "y": 1802.0}, "channel": 1}, "attempt": 1}
2026-09-13 01:07:53,365 INFO response {"request_id": "30e6b44767094ad383926fcfadca0382", "http_status": 200, "body": {"accepted": true, "real_timestamp_ms": 1789232870326, "virtual_time_s": 4507.055524, "measure_result": "no_signal"}}
2026-09-13 01:07:53,396 INFO request {"path": "/measure", "payload": {"arena_id": "default", "robot_id": "202601002029", "request_id": "57d5f3dfda4e422da2d6a360d65cd6bb", "position": {"x": -482.8444447608829, "y": 1802.0}, "channel": 2}, "attempt": 1}
2026-09-13 01:07:53,399 INFO response {"request_id": "57d5f3dfda4e422da2d6a360d65cd6bb", "http_status": 200, "body": {"accepted": true, "real_timestamp_ms": 1789232870359, "virtual_time_s": 4513.055524, "measure_result": "no_signal"}}
2026-09-13 01:07:53,430 INFO request {"path": "/measure", "payload": {"arena_id": "default", "robot_id": "202601002029", "request_id": "0fdb9a7feacc47af824cf0d144ae5d33", "position": {"x": -482.8444447608829, "y": 1802.0}, "channel": 3}, "attempt": 1}
2026-09-13 01:07:53,433 INFO response {"request_id": "0fdb9a7feacc47af824cf0d144ae5d33", "http_status": 200, "body": {"accepted": true, "real_timestamp_ms": 1789232870393, "virtual_time_s": 4519.055524, "measure_result": "no_signal"}}
2026-09-13 01:07:53,464 INFO request {"path": "/measure", "payload": {"arena_id": "default", "robot_id": "202601002029", "request_id": "b05679376f3c4759b6000e29f2b9b961", "position": {"x": -482.8444447608829, "y": 1802.0}, "channel": 5}, "attempt": 1}
2026-09-13 01:07:53,466 INFO response {"request_id": "b05679376f3c4759b6000e29f2b9b961", "http_status": 200, "body": {"accepted": true, "real_timestamp_ms": 1789232870425, "virtual_time_s": 4525.055524, "measure_result": "no_signal"}}
2026-09-13 01:07:53,497 INFO request {"path": "/measure", "payload": {"arena_id": "default", "robot_id": "202601002029", "request_id": "ab0aefbdde8a4f1c927fa4c7dd79102b", "position": {"x": -482.8444447608829, "y": 1802.0}, "channel": 6}, "attempt": 1}
2026-09-13 01:07:53,498 INFO response {"request_id": "ab0aefbdde8a4f1c927fa4c7dd79102b", "http_status": 200, "body": {"accepted": true, "real_timestamp_ms": 1789232870459, "virtual_time_s": 4531.055524, "measure_result": "no_signal"}}
2026-09-13 01:07:53,529 INFO request {"path": "/measure", "payload": {"arena_id": "default", "robot_id": "202601002029", "request_id": "3149b12ba5524160b314e87bbb97df60", "position": {"x": -482.8444447608829, "y": 1802.0}, "channel": 8}, "attempt": 1}
2026-09-13 01:07:53,531 INFO response {"request_id": "3149b12ba5524160b314e87bbb97df60", "http_status": 200, "body": {"accepted": true, "real_timestamp_ms": 1789232870491, "virtual_time_s": 4537.055524, "measure_result": "no_signal"}}
2026-09-13 01:07:53,562 INFO request {"path": "/measure", "payload": {"arena_id": "default", "robot_id": "202601002029", "request_id": "03a74991fcb048eb9977ceeed82e1848", "position": {"x": -482.8444447608829, "y": 1802.0}, "channel": 9}, "attempt": 1}
2026-09-13 01:07:53,580 INFO response {"request_id": "03a74991fcb048eb9977ceeed82e1848", "http_status": 200, "body": {"accepted": true, "real_timestamp_ms": 1789232870540, "virtual_time_s": 4543.055524, "measure_result": "no_signal"}}
2026-09-13 01:07:53,596 INFO request {"path": "/measure", "payload": {"arena_id": "default", "robot_id": "202601002029", "request_id": "4b09082fd01b4852b9034955ee00f567", "position": {"x": -482.8444447608829, "y": 1802.0}, "channel": 10}, "attempt": 1}
2026-09-13 01:07:53,598 INFO response {"request_id": "4b09082fd01b4852b9034955ee00f567", "http_status": 200, "body": {"accepted": true, "real_timestamp_ms": 1789232870558, "virtual_time_s": 4549.055524, "measure_result": "no_signal"}}
2026-09-13 01:07:53,807 INFO request {"path": "/measure", "payload": {"arena_id": "default", "robot_id": "202601002029", "request_id": "337947e1f9f0423f8579e01d4ddce5f8", "position": {"x": -1319.1555552391167, "y": 1319.155555239117}, "channel": 10}, "attempt": 1}
2026-09-13 01:07:53,809 INFO response {"request_id": "337947e1f9f0423f8579e01d4ddce5f8", "http_status": 200, "body": {"accepted": true, "real_timestamp_ms": 1789232870770, "virtual_time_s": 4747.193302, "measure_result": "no_signal"}}
2026-09-13 01:07:53,840 INFO request {"path": "/measure", "payload": {"arena_id": "default", "robot_id": "202601002029", "request_id": "30897a6921464562a3a94827ef28b01e", "position": {"x": -1319.1555552391167, "y": 1319.155555239117}, "channel": 1}, "attempt": 1}
2026-09-13 01:07:53,841 INFO response {"request_id": "30897a6921464562a3a94827ef28b01e", "http_status": 200, "body": {"accepted": true, "real_timestamp_ms": 1789232870802, "virtual_time_s": 4753.193302, "measure_result": "no_signal"}}
2026-09-13 01:07:53,872 INFO request {"path": "/measure", "payload": {"arena_id": "default", "robot_id": "202601002029", "request_id": "4f0881fd52914d97a166d83de47910b2", "position": {"x": -1319.1555552391167, "y": 1319.155555239117}, "channel": 2}, "attempt": 1}
2026-09-13 01:07:53,873 INFO response {"request_id": "4f0881fd52914d97a166d83de47910b2", "http_status": 200, "body": {"accepted": true, "real_timestamp_ms": 1789232870834, "virtual_time_s": 4759.193302, "measure_result": "no_signal"}}
2026-09-13 01:07:53,904 INFO request {"path": "/measure", "payload": {"arena_id": "default", "robot_id": "202601002029", "request_id": "2aca25fe450d4021aa962183d8381282", "position": {"x": -1319.1555552391167, "y": 1319.155555239117}, "channel": 3}, "attempt": 1}
2026-09-13 01:07:53,916 INFO response {"request_id": "2aca25fe450d4021aa962183d8381282", "http_status": 200, "body": {"accepted": true, "real_timestamp_ms": 1789232870876, "virtual_time_s": 4765.193302, "measure_result": "no_signal"}}
2026-09-13 01:07:53,931 INFO request {"path": "/measure", "payload": {"arena_id": "default", "robot_id": "202601002029", "request_id": "49a1f7e2673a4a77a82c58b5ef5b5798", "position": {"x": -1319.1555552391167, "y": 1319.155555239117}, "channel": 5}, "attempt": 1}
2026-09-13 01:07:53,933 INFO response {"request_id": "49a1f7e2673a4a77a82c58b5ef5b5798", "http_status": 200, "body": {"accepted": true, "real_timestamp_ms": 1789232870894, "virtual_time_s": 4771.193302, "measure_result": "no_signal"}}
2026-09-13 01:07:53,965 INFO request {"path": "/measure", "payload": {"arena_id": "default", "robot_id": "202601002029", "request_id": "6c16c5ae88904934ac81f1b215ff184a", "position": {"x": -1319.1555552391167, "y": 1319.155555239117}, "channel": 6}, "attempt": 1}
2026-09-13 01:07:53,968 INFO response {"request_id": "6c16c5ae88904934ac81f1b215ff184a", "http_status": 200, "body": {"accepted": true, "real_timestamp_ms": 1789232870928, "virtual_time_s": 4777.193302, "measure_result": "no_signal"}}
2026-09-13 01:07:53,999 INFO request {"path": "/measure", "payload": {"arena_id": "default", "robot_id": "202601002029", "request_id": "eb2eeea07de84d2fb60a8305cc6a1419", "position": {"x": -1319.1555552391167, "y": 1319.155555239117}, "channel": 8}, "attempt": 1}
2026-09-13 01:07:54,000 INFO response {"request_id": "eb2eeea07de84d2fb60a8305cc6a1419", "http_status": 200, "body": {"accepted": true, "real_timestamp_ms": 1789232870961, "virtual_time_s": 4783.193302, "measure_result": "no_signal"}}
2026-09-13 01:07:54,032 INFO request {"path": "/measure", "payload": {"arena_id": "default", "robot_id": "202601002029", "request_id": "067b22c8c20c40a4bb2e0d517fc8b419", "position": {"x": -1319.1555552391167, "y": 1319.155555239117}, "channel": 9}, "attempt": 1}
2026-09-13 01:07:54,033 INFO response {"request_id": "067b22c8c20c40a4bb2e0d517fc8b419", "http_status": 200, "body": {"accepted": true, "real_timestamp_ms": 1789232870994, "virtual_time_s": 4789.193302, "measure_result": "no_signal"}}
2026-09-13 01:07:54,064 INFO request {"path": "/measure", "payload": {"arena_id": "default", "robot_id": "202601002029", "request_id": "297001cdcd574f4a9c21f2cefbae8498", "position": {"x": -1319.1555552391167, "y": 1319.155555239117}, "channel": 18}, "attempt": 1}
2026-09-13 01:07:54,065 INFO response {"request_id": "297001cdcd574f4a9c21f2cefbae8498", "http_status": 200, "body": {"accepted": true, "real_timestamp_ms": 1789232871026, "virtual_time_s": 4795.193302, "measure_result": "no_signal"}}
2026-09-13 01:07:54,209 INFO request {"path": "/measure", "payload": {"arena_id": "default", "robot_id": "202601002029", "request_id": "5839fe7dd43a481bb0d59776a210506e", "position": {"x": -1801.9999999999998, "y": 482.84444476088356}, "channel": 18}, "attempt": 1}
2026-09-13 01:07:54,210 INFO response {"request_id": "5839fe7dd43a481bb0d59776a210506e", "http_status": 200, "body": {"accepted": true, "real_timestamp_ms": 1789232871171, "virtual_time_s": 4993.33108, "measure_result": "no_signal"}}
2026-09-13 01:07:54,241 INFO request {"path": "/measure", "payload": {"arena_id": "default", "robot_id": "202601002029", "request_id": "58174a46ab424428b8461dc5160cb783", "position": {"x": -1801.9999999999998, "y": 482.84444476088356}, "channel": 1}, "attempt": 1}
2026-09-13 01:07:54,261 INFO response {"request_id": "58174a46ab424428b8461dc5160cb783", "http_status": 200, "body": {"accepted": true, "real_timestamp_ms": 1789232871221, "virtual_time_s": 4999.33108, "measure_result": "no_signal"}}
2026-09-13 01:07:54,276 INFO request {"path": "/measure", "payload": {"arena_id": "default", "robot_id": "202601002029", "request_id": "2392000f259b4611bec77492ae753531", "position": {"x": -1801.9999999999998, "y": 482.84444476088356}, "channel": 2}, "attempt": 1}
2026-09-13 01:07:54,292 INFO response {"request_id": "2392000f259b4611bec77492ae753531", "http_status": 200, "body": {"accepted": true, "real_timestamp_ms": 1789232871251, "virtual_time_s": 5005.33108, "measure_result": "no_signal"}}
2026-09-13 01:07:54,306 INFO request {"path": "/measure", "payload": {"arena_id": "default", "robot_id": "202601002029", "request_id": "27b2925c07e947c0be4f2a3398da347e", "position": {"x": -1801.9999999999998, "y": 482.84444476088356}, "channel": 3}, "attempt": 1}
2026-09-13 01:07:54,320 INFO response {"request_id": "27b2925c07e947c0be4f2a3398da347e", "http_status": 200, "body": {"accepted": true, "real_timestamp_ms": 1789232871281, "virtual_time_s": 5011.33108, "measure_result": "no_signal"}}
2026-09-13 01:07:54,336 INFO request {"path": "/measure", "payload": {"arena_id": "default", "robot_id": "202601002029", "request_id": "d98a7dff1355424fbc1f1fb1402803ba", "position": {"x": -1801.9999999999998, "y": 482.84444476088356}, "channel": 5}, "attempt": 1}
2026-09-13 01:07:54,339 INFO response {"request_id": "d98a7dff1355424fbc1f1fb1402803ba", "http_status": 200, "body": {"accepted": true, "real_timestamp_ms": 1789232871298, "virtual_time_s": 5017.33108, "measure_result": "no_signal"}}
2026-09-13 01:07:54,370 INFO request {"path": "/measure", "payload": {"arena_id": "default", "robot_id": "202601002029", "request_id": "d3416d0477424b4b9564fc562c528508", "position": {"x": -1801.9999999999998, "y": 482.84444476088356}, "channel": 6}, "attempt": 1}
2026-09-13 01:07:54,371 INFO response {"request_id": "d3416d0477424b4b9564fc562c528508", "http_status": 200, "body": {"accepted": true, "real_timestamp_ms": 1789232871332, "virtual_time_s": 5023.33108, "measure_result": "no_signal"}}
2026-09-13 01:07:54,402 INFO request {"path": "/measure", "payload": {"arena_id": "default", "robot_id": "202601002029", "request_id": "8c96c5e8ad4249ad8825ff0e220e1d45", "position": {"x": -1801.9999999999998, "y": 482.84444476088356}, "channel": 8}, "attempt": 1}
2026-09-13 01:07:54,405 INFO response {"request_id": "8c96c5e8ad4249ad8825ff0e220e1d45", "http_status": 200, "body": {"accepted": true, "real_timestamp_ms": 1789232871365, "virtual_time_s": 5029.33108, "measure_result": "no_signal"}}
2026-09-13 01:07:54,436 INFO request {"path": "/measure", "payload": {"arena_id": "default", "robot_id": "202601002029", "request_id": "8d2b7246e77f4ecbb5bf9c70562796f0", "position": {"x": -1801.9999999999998, "y": 482.84444476088356}, "channel": 9}, "attempt": 1}
2026-09-13 01:07:54,458 INFO response {"request_id": "8d2b7246e77f4ecbb5bf9c70562796f0", "http_status": 200, "body": {"accepted": true, "real_timestamp_ms": 1789232871418, "virtual_time_s": 5035.33108, "measure_result": "no_signal"}}
2026-09-13 01:07:54,458 INFO request {"path": "/measure", "payload": {"arena_id": "default", "robot_id": "202601002029", "request_id": "9b8d254bffe64bc5bc6accd14f198f12", "position": {"x": -1801.9999999999998, "y": 482.84444476088356}, "channel": 10}, "attempt": 1}
2026-09-13 01:07:54,478 INFO response {"request_id": "9b8d254bffe64bc5bc6accd14f198f12", "http_status": 200, "body": {"accepted": true, "real_timestamp_ms": 1789232871438, "virtual_time_s": 5041.33108, "measure_result": "no_signal"}}
2026-09-13 01:07:54,584 INFO request {"path": "/measure", "payload": {"arena_id": "default", "robot_id": "202601002029", "request_id": "7544c9bf449640bdbb8ca7a965013583", "position": {"x": -1802.0000000000002, "y": -482.84444476088237}, "channel": 10}, "attempt": 1}
2026-09-13 01:07:54,598 INFO response {"request_id": "7544c9bf449640bdbb8ca7a965013583", "http_status": 200, "body": {"accepted": true, "real_timestamp_ms": 1789232871558, "virtual_time_s": 5239.468858, "measure_result": "no_signal"}}
2026-09-13 01:07:54,613 INFO request {"path": "/measure", "payload": {"arena_id": "default", "robot_id": "202601002029", "request_id": "6b8528c04ddc4d43a9a8f2b339289cfe", "position": {"x": -1802.0000000000002, "y": -482.84444476088237}, "channel": 1}, "attempt": 1}
2026-09-13 01:07:54,616 INFO response {"request_id": "6b8528c04ddc4d43a9a8f2b339289cfe", "http_status": 200, "body": {"accepted": true, "real_timestamp_ms": 1789232871575, "virtual_time_s": 5245.468858, "measure_result": "no_signal"}}
2026-09-13 01:07:54,647 INFO request {"path": "/measure", "payload": {"arena_id": "default", "robot_id": "202601002029", "request_id": "cf67110378714cc084c9411ed9de3cad", "position": {"x": -1802.0000000000002, "y": -482.84444476088237}, "channel": 2}, "attempt": 1}
2026-09-13 01:07:54,649 INFO response {"request_id": "cf67110378714cc084c9411ed9de3cad", "http_status": 200, "body": {"accepted": true, "real_timestamp_ms": 1789232871609, "virtual_time_s": 5251.468858, "measure_result": "no_signal"}}
2026-09-13 01:07:54,680 INFO request {"path": "/measure", "payload": {"arena_id": "default", "robot_id": "202601002029", "request_id": "b5722d3975ae45fbac0faff8d07ee46c", "position": {"x": -1802.0000000000002, "y": -482.84444476088237}, "channel": 3}, "attempt": 1}
2026-09-13 01:07:54,682 INFO response {"request_id": "b5722d3975ae45fbac0faff8d07ee46c", "http_status": 200, "body": {"accepted": true, "real_timestamp_ms": 1789232871642, "virtual_time_s": 5257.468858, "measure_result": "no_signal"}}
2026-09-13 01:07:54,713 INFO request {"path": "/measure", "payload": {"arena_id": "default", "robot_id": "202601002029", "request_id": "51d9e9798bfd4985bb2181f7e74e8806", "position": {"x": -1802.0000000000002, "y": -482.84444476088237}, "channel": 5}, "attempt": 1}
2026-09-13 01:07:54,717 INFO response {"request_id": "51d9e9798bfd4985bb2181f7e74e8806", "http_status": 200, "body": {"accepted": true, "real_timestamp_ms": 1789232871676, "virtual_time_s": 5263.468858, "measure_result": "no_signal"}}
2026-09-13 01:07:54,748 INFO request {"path": "/measure", "payload": {"arena_id": "default", "robot_id": "202601002029", "request_id": "bc9c14cd88664561a979b97b95f5a5f4", "position": {"x": -1802.0000000000002, "y": -482.84444476088237}, "channel": 6}, "attempt": 1}
2026-09-13 01:07:54,765 INFO response {"request_id": "bc9c14cd88664561a979b97b95f5a5f4", "http_status": 200, "body": {"accepted": true, "real_timestamp_ms": 1789232871726, "virtual_time_s": 5269.468858, "measure_result": "no_signal"}}
2026-09-13 01:07:54,780 INFO request {"path": "/measure", "payload": {"arena_id": "default", "robot_id": "202601002029", "request_id": "50dff273b4b24e3e9dc4b73e8c589949", "position": {"x": -1802.0000000000002, "y": -482.84444476088237}, "channel": 8}, "attempt": 1}
2026-09-13 01:07:54,782 INFO response {"request_id": "50dff273b4b24e3e9dc4b73e8c589949", "http_status": 200, "body": {"accepted": true, "real_timestamp_ms": 1789232871742, "virtual_time_s": 5275.468858, "measure_result": "no_signal"}}
2026-09-13 01:07:54,812 INFO request {"path": "/measure", "payload": {"arena_id": "default", "robot_id": "202601002029", "request_id": "8c7ce4994df243d5ac513b9936fc6d1f", "position": {"x": -1802.0000000000002, "y": -482.84444476088237}, "channel": 9}, "attempt": 1}
2026-09-13 01:07:54,816 INFO response {"request_id": "8c7ce4994df243d5ac513b9936fc6d1f", "http_status": 200, "body": {"accepted": true, "real_timestamp_ms": 1789232871776, "virtual_time_s": 5281.468858, "measure_result": "no_signal"}}
2026-09-13 01:07:54,832 INFO request {"path": "/measure", "payload": {"arena_id": "default", "robot_id": "202601002029", "request_id": "95e51404de6d4a1fbae22c9c51cf447b", "position": {"x": -1802.0000000000002, "y": -482.84444476088237}, "channel": 18}, "attempt": 1}
2026-09-13 01:07:54,844 INFO response {"request_id": "95e51404de6d4a1fbae22c9c51cf447b", "http_status": 200, "body": {"accepted": true, "real_timestamp_ms": 1789232871804, "virtual_time_s": 5287.468858, "measure_result": "no_signal"}}
2026-09-13 01:07:54,902 INFO request {"path": "/measure", "payload": {"arena_id": "default", "robot_id": "202601002029", "request_id": "b157450475aa4ffd826e7fef478d8260", "position": {"x": -1319.1555552391176, "y": -1319.1555552391162}, "channel": 18}, "attempt": 1}
2026-09-13 01:07:54,903 INFO response {"request_id": "b157450475aa4ffd826e7fef478d8260", "http_status": 200, "body": {"accepted": true, "real_timestamp_ms": 1789232871864, "virtual_time_s": 5485.606636, "measure_result": "no_signal"}}
2026-09-13 01:07:54,934 INFO request {"path": "/measure", "payload": {"arena_id": "default", "robot_id": "202601002029", "request_id": "97f8e32f9ab8488ba3d4b6722e792c14", "position": {"x": -1319.1555552391176, "y": -1319.1555552391162}, "channel": 1}, "attempt": 1}
2026-09-13 01:07:54,936 INFO response {"request_id": "97f8e32f9ab8488ba3d4b6722e792c14", "http_status": 200, "body": {"accepted": true, "real_timestamp_ms": 1789232871896, "virtual_time_s": 5491.606636, "measure_result": "no_signal"}}
2026-09-13 01:07:54,966 INFO request {"path": "/measure", "payload": {"arena_id": "default", "robot_id": "202601002029", "request_id": "28a70144d558446d830a3c91ebf9df1d", "position": {"x": -1319.1555552391176, "y": -1319.1555552391162}, "channel": 2}, "attempt": 1}
2026-09-13 01:07:54,981 INFO response {"request_id": "28a70144d558446d830a3c91ebf9df1d", "http_status": 200, "body": {"accepted": true, "real_timestamp_ms": 1789232871942, "virtual_time_s": 5497.606636, "measure_result": "no_signal"}}
2026-09-13 01:07:54,997 INFO request {"path": "/measure", "payload": {"arena_id": "default", "robot_id": "202601002029", "request_id": "d2af3c38a41a4bfbbd87b3507eaf52d7", "position": {"x": -1319.1555552391176, "y": -1319.1555552391162}, "channel": 3}, "attempt": 1}
2026-09-13 01:07:55,010 INFO response {"request_id": "d2af3c38a41a4bfbbd87b3507eaf52d7", "http_status": 200, "body": {"accepted": true, "real_timestamp_ms": 1789232871971, "virtual_time_s": 5503.606636, "measure_result": "no_signal"}}
2026-09-13 01:07:55,025 INFO request {"path": "/measure", "payload": {"arena_id": "default", "robot_id": "202601002029", "request_id": "c6250add9a804341a1ae79fc57045ff1", "position": {"x": -1319.1555552391176, "y": -1319.1555552391162}, "channel": 5}, "attempt": 1}
2026-09-13 01:07:55,039 INFO response {"request_id": "c6250add9a804341a1ae79fc57045ff1", "http_status": 200, "body": {"accepted": true, "real_timestamp_ms": 1789232871999, "virtual_time_s": 5509.606636, "measure_result": "no_signal"}}
2026-09-13 01:07:55,054 INFO request {"path": "/measure", "payload": {"arena_id": "default", "robot_id": "202601002029", "request_id": "c38a6349814043e5ba7a2e55bcdbcaaa", "position": {"x": -1319.1555552391176, "y": -1319.1555552391162}, "channel": 6}, "attempt": 1}
2026-09-13 01:07:55,068 INFO response {"request_id": "c38a6349814043e5ba7a2e55bcdbcaaa", "http_status": 200, "body": {"accepted": true, "real_timestamp_ms": 1789232872028, "virtual_time_s": 5515.606636, "measure_result": "no_signal"}}
2026-09-13 01:07:55,083 INFO request {"path": "/measure", "payload": {"arena_id": "default", "robot_id": "202601002029", "request_id": "ce10e6e58593454bae325cee859bd55a", "position": {"x": -1319.1555552391176, "y": -1319.1555552391162}, "channel": 8}, "attempt": 1}
2026-09-13 01:07:55,097 INFO response {"request_id": "ce10e6e58593454bae325cee859bd55a", "http_status": 200, "body": {"accepted": true, "real_timestamp_ms": 1789232872058, "virtual_time_s": 5521.606636, "measure_result": "no_signal"}}
2026-09-13 01:07:55,114 INFO request {"path": "/measure", "payload": {"arena_id": "default", "robot_id": "202601002029", "request_id": "3d57ebf834ec4f92b5c28e7596770512", "position": {"x": -1319.1555552391176, "y": -1319.1555552391162}, "channel": 9}, "attempt": 1}
2026-09-13 01:07:55,128 INFO response {"request_id": "3d57ebf834ec4f92b5c28e7596770512", "http_status": 200, "body": {"accepted": true, "real_timestamp_ms": 1789232872088, "virtual_time_s": 5527.606636, "measure_result": "no_signal"}}
2026-09-13 01:07:55,159 INFO request {"path": "/measure", "payload": {"arena_id": "default", "robot_id": "202601002029", "request_id": "181ce94577ec4bbd864786be40adcb40", "position": {"x": -1319.1555552391176, "y": -1319.1555552391162}, "channel": 10}, "attempt": 1}
2026-09-13 01:07:55,160 INFO response {"request_id": "181ce94577ec4bbd864786be40adcb40", "http_status": 200, "body": {"accepted": true, "real_timestamp_ms": 1789232872121, "virtual_time_s": 5533.606636, "measure_result": "no_signal"}}
2026-09-13 01:07:57,629 INFO request {"path": "/clear", "payload": {"arena_id": "default", "robot_id": "202601002029", "request_id": "24a56dc50eb44bfe8ba13ff60e677bd3", "position": {"x": -1141.6997682290403, "y": -49.67099322073765}, "channel": 16}, "attempt": 1}
2026-09-13 01:07:57,630 INFO response {"request_id": "24a56dc50eb44bfe8ba13ff60e677bd3", "http_status": 200, "body": {"accepted": true, "real_timestamp_ms": 1789232874591, "virtual_time_s": 5794.972126, "clear_result": "success"}}
2026-09-13 01:07:57,661 INFO request {"path": "/clear", "payload": {"arena_id": "default", "robot_id": "202601002029", "request_id": "bfec8c575b584b458867f1d47283512a", "position": {"x": -229.28942696793263, "y": 116.96215953048628}, "channel": 17}, "attempt": 1}
2026-09-13 01:07:57,678 INFO response {"request_id": "bfec8c575b584b458867f1d47283512a", "http_status": 200, "body": {"accepted": true, "real_timestamp_ms": 1789232874638, "virtual_time_s": 5985.472448, "clear_result": "success"}}
2026-09-13 01:07:57,693 INFO request {"path": "/clear", "payload": {"arena_id": "default", "robot_id": "202601002029", "request_id": "d10278bcb03848bb988d31992eabc423", "position": {"x": -183.62118261364972, "y": -30.212072432294462}, "channel": 7}, "attempt": 1}
2026-09-13 01:07:57,695 INFO response {"request_id": "d10278bcb03848bb988d31992eabc423", "http_status": 200, "body": {"accepted": true, "real_timestamp_ms": 1789232874655, "virtual_time_s": 6021.291821, "clear_result": "success"}}
2026-09-13 01:08:00,401 INFO request {"path": "/clear", "payload": {"arena_id": "default", "robot_id": "202601002029", "request_id": "d320faf42b63410d8c4373c93e40104f", "position": {"x": 73.4519955054181, "y": -1148.5344654427042}, "channel": 14}, "attempt": 1}
2026-09-13 01:08:00,403 INFO response {"request_id": "d320faf42b63410d8c4373c93e40104f", "http_status": 200, "body": {"accepted": true, "real_timestamp_ms": 1789232877363, "virtual_time_s": 6255.789672, "clear_result": "success"}}
2026-09-13 01:08:00,434 INFO request {"path": "/clear", "payload": {"arena_id": "default", "robot_id": "202601002029", "request_id": "b0fd4e17c1f8414fa880d3a11eaaf653", "position": {"x": 1328.7583990608098, "y": -137.46725927103128}, "channel": 20}, "attempt": 1}
2026-09-13 01:08:00,453 INFO response {"request_id": "b0fd4e17c1f8414fa880d3a11eaaf653", "http_status": 200, "body": {"accepted": true, "real_timestamp_ms": 1789232877412, "virtual_time_s": 6583.159091, "clear_result": "success"}}
2026-09-13 01:08:02,105 INFO request {"path": "/clear", "payload": {"arena_id": "default", "robot_id": "202601002029", "request_id": "e6b4e5954ad644a58cca9f57295e9bca", "position": {"x": 1396.602097026538, "y": -362.1755659508866}, "channel": 4}, "attempt": 1}
2026-09-13 01:08:02,106 INFO response {"request_id": "e6b4e5954ad644a58cca9f57295e9bca", "http_status": 200, "body": {"accepted": true, "real_timestamp_ms": 1789232879067, "virtual_time_s": 6635.104417, "clear_result": "success"}}
2026-09-13 01:08:02,137 INFO request {"path": "/clear", "payload": {"arena_id": "default", "robot_id": "202601002029", "request_id": "ef157b650fb941499911ea5d52bf3aca", "position": {"x": 1373.4341667498563, "y": -536.3052876219965}, "channel": 12}, "attempt": 1}
2026-09-13 01:08:02,139 INFO response {"request_id": "ef157b650fb941499911ea5d52bf3aca", "http_status": 200, "body": {"accepted": true, "real_timestamp_ms": 1789232879099, "virtual_time_s": 6675.237258, "clear_result": "success"}}
2026-09-13 01:08:03,684 INFO request {"path": "/measure", "payload": {"arena_id": "default", "robot_id": "202601002029", "request_id": "089ca80aece04d98a11c9508718cd54c", "position": {"x": 1723.6602535873187, "y": 527.1488929799591}, "channel": 19}, "attempt": 1}
2026-09-13 01:08:03,704 INFO response {"request_id": "089ca80aece04d98a11c9508718cd54c", "http_status": 200, "body": {"accepted": true, "real_timestamp_ms": 1789232880664, "virtual_time_s": 6905.165202, "measure_result": "direction", "svd_deg": 149.64}}
2026-09-13 01:08:03,710 INFO request {"path": "/measure", "payload": {"arena_id": "default", "robot_id": "202601002029", "request_id": "a8b4a5e679a94833b9195dd1ebc17905", "position": {"x": 1658.0334958692276, "y": 551.503126111203}, "channel": 19}, "attempt": 1}
2026-09-13 01:08:03,723 INFO response {"request_id": "a8b4a5e679a94833b9195dd1ebc17905", "http_status": 200, "body": {"accepted": true, "real_timestamp_ms": 1789232880684, "virtual_time_s": 6924.165202, "measure_result": "direction", "svd_deg": 147.34}}
2026-09-13 01:08:03,747 INFO request {"path": "/measure", "payload": {"arena_id": "default", "robot_id": "202601002029", "request_id": "1e7249ffc17b403cb1ec69043c1818ae", "position": {"x": 1626.0254295452169, "y": 583.1335496018509}, "channel": 19}, "attempt": 1}
2026-09-13 01:08:03,749 INFO response {"request_id": "1e7249ffc17b403cb1ec69043c1818ae", "http_status": 200, "body": {"accepted": true, "real_timestamp_ms": 1789232880709, "virtual_time_s": 6938.165202, "measure_result": "direction", "svd_deg": 149.01}}
2026-09-13 01:08:03,774 INFO request {"path": "/measure", "payload": {"arena_id": "default", "robot_id": "202601002029", "request_id": "15ee2e9ec5344fbe8d775b8b887f0f92", "position": {"x": 1603.0111036732462, "y": 592.8978112052054}, "channel": 19}, "attempt": 1}
2026-09-13 01:08:03,775 INFO response {"request_id": "15ee2e9ec5344fbe8d775b8b887f0f92", "http_status": 200, "body": {"accepted": true, "real_timestamp_ms": 1789232880736, "virtual_time_s": 6948.165202, "measure_result": "direction", "svd_deg": 148.56}}
2026-09-13 01:08:06,787 INFO request {"path": "/measure", "payload": {"arena_id": "default", "robot_id": "202601002029", "request_id": "57d03739f6dc45b7ade40f56d1fa0e93", "position": {"x": 1498.105831996309, "y": 618.719227842897}, "channel": 13}, "attempt": 1}
2026-09-13 01:08:06,788 INFO response {"request_id": "57d03739f6dc45b7ade40f56d1fa0e93", "http_status": 200, "body": {"accepted": true, "real_timestamp_ms": 1789232883748, "virtual_time_s": 6975.77248, "measure_result": "direction", "svd_deg": 157.02}}
2026-09-13 01:08:06,822 INFO request {"path": "/measure", "payload": {"arena_id": "default", "robot_id": "202601002029", "request_id": "cef807374f1e4283bd6da2d5ea3ab34e", "position": {"x": 1538.0747100438095, "y": 840.2013887849212}, "channel": 19}, "attempt": 1}
2026-09-13 01:08:06,840 INFO response {"request_id": "cef807374f1e4283bd6da2d5ea3ab34e", "http_status": 200, "body": {"accepted": true, "real_timestamp_ms": 1789232883800, "virtual_time_s": 7026.784416, "measure_result": "direction", "svd_deg": 210.13}}
2026-09-13 01:08:06,854 INFO request {"path": "/clear", "payload": {"arena_id": "default", "robot_id": "202601002029", "request_id": "1f158ac5353b4b8d98f527a2a1d97dce", "position": {"x": 1362.482390326967, "y": 738.396142389114}, "channel": 19}, "attempt": 1}
2026-09-13 01:08:06,856 INFO response {"request_id": "1f158ac5353b4b8d98f527a2a1d97dce", "http_status": 200, "body": {"accepted": true, "real_timestamp_ms": 1789232883817, "virtual_time_s": 7072.37849, "clear_result": "success"}}
2026-09-13 01:08:06,887 INFO request {"path": "/clear", "payload": {"arena_id": "default", "robot_id": "202601002029", "request_id": "b919dbe5a7a24cf6950a4fc9eb937184", "position": {"x": 914.8497085917561, "y": 865.7732182135325}, "channel": 13}, "attempt": 1}
2026-09-13 01:08:06,889 INFO response {"request_id": "b919dbe5a7a24cf6950a4fc9eb937184", "http_status": 200, "body": {"accepted": true, "real_timestamp_ms": 1789232883849, "virtual_time_s": 7170.459087, "clear_result": "success"}}
2026-09-13 01:08:06,919 INFO request {"path": "/exit", "payload": {"arena_id": "default", "robot_id": "202601002029", "request_id": "369809ebd8234693b554ee914219ebdc"}, "attempt": 1}
2026-09-13 01:08:06,922 INFO response {"request_id": "369809ebd8234693b554ee914219ebdc", "http_status": 200, "body": {"accepted": true, "real_timestamp_ms": 1789232883882, "virtual_time_s": 7170.459087, "exit_reason": "user_exit"}}
