case_id,test_name,test_outcome,entrypoint,input_kind,observation_count,unique_detection_point_count,constraint_count_input,constraint_count_solver,elapsed_ms,status,vertex_count,diameter,circle_radius,max_vertex_distance,coverage_excess,same_diameter_covers,backend_mode,backend,stage_config_ms,stage_build_halfplanes_ms,stage_classify_ms,stage_projection_bounds_ms,stage_linprog_ms,stage_vertices_ms,stage_measure_ms,stage_measure_setup_ms,stage_diameter_ms,stage_coverage_ms,stage_degeneracy_ms,stage_sort_vertices_ms,stage_residual_and_output_ms,stage_other_ms
test_angle_wrap_and_two_input_styles__001,test_angle_wrap_and_two_input_styles,PASS,solve_q1,observations,2,2,4,4,8.582299999943643,POLYGON,4,39.5083406589872,19.7541703294936,19.754170329493604,3.552713678800501e-15,True,scipy_with_fraction_check,scipy_highs_with_fraction_check,,0.22600000011152588,7.564600000478094,0.034500000765547156,7.3400999999648775,0.37939999947411707,0.31489999946643366,0.0007999997251317836,0.10870000005525071,0.12700000024779,0.02429999949526973,0.028200000087963417,0.023599999622092582,0.0974000004134723
test_angle_wrap_and_two_input_styles__002,test_angle_wrap_and_two_input_styles,PASS,solve_q1,observations,2,2,4,4,2.1310000001903973,POLYGON,4,39.5083406589872,19.7541703294936,19.754170329493604,3.552713678800501e-15,True,scipy_with_fraction_check,scipy_highs_with_fraction_check,0.5139999993843958,0.025200000891345553,0.6585000000995933,0.028199999178468715,0.5859000002601533,0.3635000002759625,0.4211000004943344,0.000999999429041054,0.12730000071314862,0.18649999947228935,0.045900000259280205,0.030899999728717376,0.027800000680144876,0.14869999904476572
test_consistent_random_observations__001,test_consistent_random_observations,PASS,solve_q1,observations,3,3,6,6,3.1314999996538972,POLYGON,4,22.217638393864267,11.108819196932133,13.10623352407956,1.9974143271474265,False,scipy_with_fraction_check,scipy_highs_with_fraction_check,,0.06900000062159961,1.826200000323297,0.051900000471505336,1.7121999999289983,0.8232000000134576,0.3102999999100575,0.0006999998731771484,0.09980000049836235,0.12599999990925426,0.022000000171829015,0.027999999474559445,0.03190000006725313,0.10279999878548551
test_consistent_random_observations__002,test_consistent_random_observations,PASS,solve_q1,observations,4,4,8,8,2.5972000003093854,POLYGON,5,20.83521363032694,10.41760681516347,12.111275110271798,1.6936682951083277,False,scipy_with_fraction_check,scipy_highs_with_fraction_check,,0.054600000112259295,0.7305999997697654,0.05670000064128544,0.6202000004122965,1.3576999999713735,0.36389999968378106,0.0007999997251317836,0.13070000022707973,0.13779999972030055,0.025600000299164094,0.028299999939918052,0.03870000000461005,0.09040000077220611
test_consistent_random_observations__003,test_consistent_random_observations,PASS,solve_q1,observations,3,3,6,6,2.2164000001794193,POLYGON,6,30.04862541611205,15.024312708056025,16.885144174807255,1.8608314667512307,False,scipy_with_fraction_check,scipy_highs_with_fraction_check,,0.04040000021632295,0.6976000004215166,0.03870000091410475,0.6100000000515138,0.8005999998204061,0.605399999585643,0.0004999992597731762,0.3260000003137975,0.17730000035953708,0.02989999939018162,0.03389999983482994,0.03590000051190145,0.07240000013553072
test_consistent_random_observations__004,test_consistent_random_observations,PASS,solve_q1,observations,4,4,8,8,2.4711000005481765,POLYGON,4,18.4296311073659,9.21481555368295,12.824010371268423,3.6091948175854736,False,scipy_with_fraction_check,scipy_highs_with_fraction_check,,0.035600000046542846,0.6784999995943508,0.05379999947763281,0.5829000001540408,1.3434000002234825,0.3349999997226405,0.0006000000212225132,0.08549999984097667,0.13339999986783369,0.019799999790848233,0.02350000067963265,0.07019999975454994,0.07860000096115982
test_consistent_random_observations__005,test_consistent_random_observations,PASS,solve_q1,observations,3,3,6,6,1.9412000001466367,POLYGON,5,20.689194195656633,10.344597097828316,10.344597097828316,0.0,True,scipy_with_fraction_check,scipy_highs_with_fraction_check,,0.05210000017541461,0.6742000005033333,0.040299999454873614,0.5860999999640626,0.7573000002594199,0.38390000008803327,0.0006999998731771484,0.1297999997404986,0.1619000004211557,0.026499999876250513,0.031800000215298496,0.03169999945384916,0.07369999912043568
test_consistent_random_observations__006,test_consistent_random_observations,PASS,solve_q1,observations,4,4,8,8,2.7808000004370115,POLYGON,6,19.632239331280147,9.816119665640073,9.816119665640105,3.197442310920451e-14,True,scipy_with_fraction_check,scipy_highs_with_fraction_check,,0.050800000281014945,0.7912999999462045,0.054799999816168565,0.6812999999965541,1.3653000005433569,0.48750000041763997,0.0006999998731771484,0.18459999955666717,0.19320000046718633,0.030499999411404133,0.033600000278966036,0.043000000005122274,0.08589999924879521
test_consistent_random_observations__007,test_consistent_random_observations,PASS,solve_q1,observations,3,3,6,6,1.8368000000918983,POLYGON,4,27.108856643533624,13.554428321766812,22.29074433885397,8.736316017087157,False,scipy_with_fraction_check,scipy_highs_with_fraction_check,,0.0396999994336511,0.6298000007518567,0.03999999898951501,0.5438999996840721,0.7664000004297122,0.33179999991261866,0.0006999998731771484,0.09799999952520011,0.13780000062979525,0.025399999685760122,0.031800000215298496,0.03599999945436139,0.06909999956405954
test_consistent_random_observations__008,test_consistent_random_observations,PASS,solve_q1,observations,4,4,8,8,2.438299999994342,POLYGON,4,27.108856643533624,13.554428321766812,22.29074433885397,8.736316017087157,False,scipy_with_fraction_check,scipy_highs_with_fraction_check,,0.040100000660459045,0.6461000002673245,0.05539999983739108,0.5394999998316052,1.380099999551021,0.29009999980189605,0.001499999598308932,0.0901000003068475,0.11209999956918182,0.021099999685247894,0.025400000595254824,0.034300000152143184,0.08189999971364159
test_consistent_random_observations__009,test_consistent_random_observations,PASS,solve_q1,observations,3,3,6,6,1.7937000002348213,POLYGON,5,24.936210746966673,12.468105373483336,13.790312456015865,1.322207082532529,False,scipy_with_fraction_check,scipy_highs_with_fraction_check,,0.04099999932805076,0.6108999996286002,0.03910000032192329,0.5267000005915179,0.7475000002159504,0.3262999998696614,0.0005000001692678779,0.12819999938074034,0.1109000004362315,0.025499999537714757,0.028700000257231295,0.030899999728717376,0.06800000119255856
test_consistent_random_observations__010,test_consistent_random_observations,PASS,solve_q1,observations,4,4,8,8,2.3615000000063446,POLYGON,4,23.405927302466317,11.702963651233159,14.22557584244861,2.522612191215451,False,scipy_with_fraction_check,scipy_highs_with_fraction_check,,0.044299999899521936,0.6536999999298132,0.05410000085248612,0.5501999994521611,1.3197999996918952,0.26309999975637766,0.0008999995770864189,0.0886999996509985,0.09450000015931437,0.019400000383029692,0.025299999833805487,0.032500000088475645,0.08060000072873663
test_consistent_random_observations__011,test_consistent_random_observations,PASS,solve_q1,observations,3,3,6,6,1.8725999998423504,POLYGON,4,24.567064058789537,12.283532029394769,17.189747299423043,4.906215270028275,False,scipy_with_fraction_check,scipy_highs_with_fraction_check,,0.037799999518028926,0.6268999995882041,0.03879999894706998,0.5391000004237867,0.8118999994621845,0.32669999927747995,0.0006999998731771484,0.08780000007391209,0.14490000012301607,0.024500000108673703,0.03079999987676274,0.036100000215810724,0.06930000199645292
test_consistent_random_observations__012,test_consistent_random_observations,PASS,solve_q1,observations,4,4,8,8,2.430100000310631,POLYGON,5,20.179809411474533,10.089904705737267,15.739791625222104,5.649886919484837,False,scipy_with_fraction_check,scipy_highs_with_fraction_check,,0.03440000000409782,0.5971000000499771,0.05480000072566327,0.49620000027061906,1.3542999995479477,0.3645999995569582,0.0006999998731771484,0.12770000012096716,0.14619999910792103,0.02480000057403231,0.027099999897473026,0.03639999977167463,0.07970000115165021
test_consistent_random_observations__013,test_consistent_random_observations,PASS,solve_q1,observations,3,3,6,6,1.6685000000506989,POLYGON,4,16.30451157914354,8.15225578957177,11.980298852679946,3.8280430631081757,False,scipy_with_fraction_check,scipy_highs_with_fraction_check,,0.029099999665049836,0.553300000319723,0.038699999095115345,0.47279999944294104,0.751499999751104,0.2710999997361796,0.0006000000212225132,0.08400000024266774,0.11730000005627517,0.019699999938893598,0.02210000002378365,0.025899999855028,0.06350000057864236
test_consistent_random_observations__014,test_consistent_random_observations,PASS,solve_q1,observations,4,4,8,8,2.430900000035763,POLYGON,5,16.092325748953094,8.046162874476547,11.84262705696514,3.7964641824885934,False,scipy_with_fraction_check,scipy_highs_with_fraction_check,,0.03549999928509351,0.6017999994583079,0.053699999625678174,0.5013999998482177,1.356800000394287,0.3582999997888692,0.0006000000212225132,0.12929999957123073,0.13670000043930486,0.02570000015111873,0.027399999453336932,0.03689999994094251,0.07850000110920519
test_consistent_random_observations__015,test_consistent_random_observations,PASS,solve_q1,observations,3,3,6,6,1.6912999999476597,POLYGON,5,30.187578062550447,15.093789031275223,19.38501609985523,4.291227068580005,False,scipy_with_fraction_check,scipy_highs_with_fraction_check,,0.02969999968627235,0.5422999993243138,0.03649999871413456,0.46410000049945666,0.7158999997045612,0.3425999993851292,0.0006999998731771484,0.12820000029023504,0.13189999936003005,0.024500000108673703,0.026900000193563756,0.029099999665049836,0.0608000018473831
test_consistent_random_observations__016,test_consistent_random_observations,PASS,solve_q1,observations,4,4,8,8,2.3407999997289153,POLYGON,5,23.882380565841423,11.941190282920711,15.47990021388992,3.5387099309692083,False,scipy_with_fraction_check,scipy_highs_with_fraction_check,,0.02949999998236308,0.540700000783545,0.05340000097930897,0.44239999988349155,1.3441999999486143,0.3454999996392871,0.0006000000212225132,0.12229999992996454,0.13440000020636944,0.024599999960628338,0.02700000004551839,0.0351999997292296,0.08089999937510584
test_consistent_random_observations__017,test_consistent_random_observations,PASS,solve_q1,observations,3,3,6,6,1.8524999995861435,POLYGON,4,22.436888193427947,11.218444096713974,14.766177723358174,3.5477336266442006,False,scipy_with_fraction_check,scipy_highs_with_fraction_check,,0.050999999984924216,0.6767999993826379,0.03960000049119117,0.5873999998584623,0.7521000006818213,0.29770000037387945,0.0006999998731771484,0.08660000003146706,0.1351000000795466,0.020200000108161476,0.02570000015111873,0.02680000034160912,0.0748999991628807
test_consistent_random_observations__018,test_consistent_random_observations,PASS,solve_q1,observations,4,4,8,8,2.643499999976484,POLYGON,5,22.436888193427947,11.218444096713974,11.21844409671399,1.5987211554602254e-14,True,scipy_with_fraction_check,scipy_highs_with_fraction_check,,0.058399999943503644,0.6951999994271318,0.0580000005356851,0.5918000006204238,1.3498999996954808,0.4527000000962289,0.0007999997251317836,0.17889999980980065,0.173700000232202,0.02789999962260481,0.030700000024808105,0.038500000300700776,0.08730000081413891
test_consistent_random_observations__019,test_consistent_random_observations,PASS,solve_q1,observations,3,3,6,6,3.5657000007631723,POLYGON,3,9.246267005690134,4.623133502845067,5.634110328343506,1.0109768254984388,False,scipy_with_fraction_check,scipy_highs_with_fraction_check,,0.15110000003915047,1.965800000107265,0.07020000066404464,1.7750999995769234,1.0093000000779284,0.2948000001197215,0.0008999995770864189,0.08789999992586672,0.12429999969754135,0.018900000213761814,0.02790000053209951,0.0320999997711624,0.1447000004191068
test_consistent_random_observations__020,test_consistent_random_observations,PASS,solve_q1,observations,4,4,8,8,2.6421999991725897,POLYGON,3,9.246267005690134,4.623133502845067,5.634110328343506,1.0109768254984388,False,scipy_with_fraction_check,scipy_highs_with_fraction_check,,0.07469999945897143,0.8058999992499594,0.06120000034570694,0.6930999998076004,1.3545999991038116,0.2310999998371699,0.0018000000636675395,0.061499999901570845,0.09700000009615906,0.015099999473022763,0.02350000067963265,0.029099999665049836,0.17590000152267748
test_consistent_random_observations__021,test_consistent_random_observations,PASS,solve_q1,observations,3,3,6,6,1.8933999999717344,POLYGON,4,26.442952148004508,13.221476074002254,14.27129854739037,1.0498224733881152,False,scipy_with_fraction_check,scipy_highs_with_fraction_check,,0.05959999998594867,0.7437000003847061,0.04150000040681334,0.6523000001834589,0.7372000000032131,0.2703000000110478,0.0009000004865811206,0.08889999935490778,0.10540000039327424,0.02010000025620684,0.025499999537714757,0.027400000362831634,0.08259999958681874
test_consistent_random_observations__022,test_consistent_random_observations,PASS,solve_q1,observations,4,4,8,8,2.867299999707029,POLYGON,4,17.23703770541595,8.618518852707975,12.988327921397024,4.369809068689049,False,scipy_with_fraction_check,scipy_highs_with_fraction_check,,0.049000000217347406,0.7096999997884268,0.057699999160831794,0.5986999995002407,1.695599999948172,0.32219999957305845,0.0006999998731771484,0.09649999992689118,0.13320000016392441,0.022399999579647556,0.029000000722589903,0.0379999992219382,0.09080000018002465
test_consistent_random_observations__023,test_consistent_random_observations,PASS,solve_q1,observations,3,3,6,6,2.0125999999436317,POLYGON,4,22.901170157771865,11.450585078885933,11.450585078885947,1.4210854715202004e-14,True,scipy_with_fraction_check,scipy_highs_with_fraction_check,,0.04350000017439015,0.7423999995808117,0.04379999973025406,0.6480000001829467,0.8170000000973232,0.3311000000394415,0.0007999997251317836,0.09709999994811369,0.1509000003352412,0.022899999748915434,0.027799999770650174,0.029600000743812416,0.07860000005166512
test_consistent_random_observations__024,test_consistent_random_observations,PASS,solve_q1,observations,4,4,8,8,3.1840999999985797,POLYGON,4,22.901170157771865,11.450585078885933,11.450585078885947,1.4210854715202004e-14,True,scipy_with_fraction_check,scipy_highs_with_fraction_check,,0.06859999939479167,1.0743000002548797,0.06649999977526022,0.9395000006406917,1.5838000008443487,0.34699999923759606,0.000999999429041054,0.10090000068885274,0.15499999972234946,0.02320000021427404,0.028299999939918052,0.036299999919719994,0.11040000026696362
test_consistent_random_observations__025,test_consistent_random_observations,PASS,solve_q1,observations,3,3,6,6,2.1411999996416853,POLYGON,6,27.042483552084324,13.521241776042162,13.521241776042165,3.552713678800501e-15,True,scipy_with_fraction_check,scipy_highs_with_fraction_check,,0.0458999993497855,0.6966000000829808,0.04299999909562757,0.605399999585643,0.8158000000548782,0.5068000000392203,0.0006000000212225132,0.1959000001079403,0.20339999991847435,0.0320999997711624,0.034699999559961725,0.038099999983387534,0.07610000011482043
test_consistent_random_observations__026,test_consistent_random_observations,PASS,solve_q1,observations,4,4,8,8,2.635599999848637,POLYGON,6,23.07626034780428,11.53813017390214,12.427104819446122,0.888974645543982,False,scipy_with_fraction_check,scipy_highs_with_fraction_check,,0.040300000364368316,0.6201999995028018,0.057500000366417225,0.5123000000821776,1.457900000787049,0.4347000003690482,0.0006000000212225132,0.19249999968451448,0.1295000001846347,0.031599999601894524,0.034300000152143184,0.04439999975147657,0.0824999988253694
test_consistent_random_observations__027,test_consistent_random_observations,PASS,solve_q1,observations,3,3,6,6,1.8246000008730334,POLYGON,5,26.043564992928037,13.021782496464018,13.021782496464045,2.6645352591003757e-14,True,scipy_with_fraction_check,scipy_highs_with_fraction_check,,0.028299999939918052,0.5639000000883243,0.03980000019510044,0.4791999999724794,0.7809999997334671,0.3862999992634286,0.0006000000212225132,0.13269999999465654,0.16629999936412787,0.025800000003073364,0.02860000040527666,0.03079999987676274,0.06510000184789533
test_consistent_random_observations__028,test_consistent_random_observations,PASS,solve_q1,observations,4,4,8,8,2.2519000003740075,POLYGON,4,19.227330645630182,9.613665322815091,9.613665322815091,0.0,True,scipy_with_fraction_check,scipy_highs_with_fraction_check,,0.028700000257231295,0.555999999960477,0.054600000112259295,0.44160000015835976,1.2942999992446858,0.2948000001197215,0.0006000000212225132,0.08499999967170879,0.13350000062928302,0.020599999515980016,0.023499999770137947,0.0304000004689442,0.07810000079189194
test_consistent_random_observations__029,test_consistent_random_observations,PASS,solve_q1,observations,3,3,6,6,1.587400000062189,POLYGON,4,20.1296607114347,10.06483035571735,14.367509026165235,4.302678670447886,False,scipy_with_fraction_check,scipy_highs_with_fraction_check,,0.02880000010918593,0.520900000083202,0.042300000131945126,0.4366000002846704,0.708699999449891,0.2654999998412677,0.0006999998731771484,0.07960000039020088,0.11779999931604834,0.019300000531075057,0.021899999410379678,0.02480000057403231,0.06350000057864236
test_consistent_random_observations__030,test_consistent_random_observations,PASS,solve_q1,observations,4,4,8,8,2.191300000049523,POLYGON,4,20.1296607114347,10.06483035571735,14.367509026165235,4.302678670447886,False,scipy_with_fraction_check,scipy_highs_with_fraction_check,,0.029999999242136255,0.5244000003585825,0.053699999625678174,0.4231000002619112,1.3055999997959589,0.25210000057995785,0.0006000000212225132,0.08479999996779952,0.0915000000532018,0.020200000108161476,0.02249999943160219,0.030899999728717376,0.07920000007288763
test_consistent_random_observations__031,test_consistent_random_observations,PASS,solve_q1,observations,3,3,6,6,1.8540000000939472,POLYGON,5,21.155216366145474,10.577608183072737,10.577608183072753,1.5987211554602254e-14,True,scipy_with_fraction_check,scipy_highs_with_fraction_check,,0.07000000005064066,0.528900000063004,0.03949999972974183,0.4513000003498746,0.7602999994560378,0.4210999995848397,0.0008000006346264854,0.1339999998890562,0.19319999955769163,0.02790000053209951,0.030100000003585592,0.03339999966556206,0.07370000093942508
test_consistent_random_observations__032,test_consistent_random_observations,PASS,solve_q1,observations,4,4,8,8,2.6298999991922756,POLYGON,6,16.14808659371456,8.07404329685728,8.19821205992348,0.12416876306619962,False,scipy_with_fraction_check,scipy_highs_with_fraction_check,,0.04540000009001233,0.6342999995467835,0.054999999520077836,0.5308999998305808,1.4430000001084409,0.42020000000775326,0.0008999995770864189,0.18430000000080327,0.12820000029023504,0.02949999998236308,0.03329999981360743,0.042300000131945126,0.0869999994392856
test_consistent_random_observations__033,test_consistent_random_observations,PASS,solve_q1,observations,3,3,6,6,2.0045999999638298,POLYGON,6,19.567795610403557,9.783897805201779,9.783897805201779,0.0,True,scipy_with_fraction_check,scipy_highs_with_fraction_check,,0.03680000008898787,0.6190999993123114,0.039200000173877925,0.5353000005925423,0.8032000005187001,0.4793999996763887,0.0007999997251317836,0.18559999989520293,0.19380000048840884,0.030199999855540227,0.03310000010969816,0.03440000000409782,0.06610000036744168
test_consistent_random_observations__034,test_consistent_random_observations,PASS,solve_q1,observations,4,4,8,8,3.6006000000270433,POLYGON,6,19.567795610403557,9.783897805201779,9.783897805201779,0.0,True,scipy_with_fraction_check,scipy_highs_with_fraction_check,,0.05690000034519471,0.9846000002653454,0.10299999939888949,0.8161999994626967,1.9320999999763444,0.49760000001697335,0.0006999998731771484,0.19220000012865057,0.19720000000233995,0.030599999263358768,0.033400000575056765,0.042099999518541154,0.12939999942318536
test_consistent_random_observations__035,test_consistent_random_observations,PASS,solve_q1,observations,3,3,6,6,1.8436000000292552,POLYGON,6,33.296676229903746,16.648338114951873,16.648338114951873,0.0,True,scipy_with_fraction_check,scipy_highs_with_fraction_check,,0.028499999643827323,0.5450000007840572,0.03870000000461005,0.46329999986483017,0.7408000001305481,0.46470000052067917,0.0006000000212225132,0.17910000042320462,0.18850000014936086,0.02989999939018162,0.03130000004603062,0.03400000059627928,0.06459999895014334
test_consistent_random_observations__036,test_consistent_random_observations,PASS,solve_q1,observations,4,4,8,8,3.4163999998781946,POLYGON,5,18.03443480176642,9.01721740088321,9.758980307948145,0.7417629070649348,False,scipy_with_fraction_check,scipy_highs_with_fraction_check,,0.03189999915775843,0.6684999998469721,0.053699999625678174,0.5253999997876235,2.262200000586745,0.375799999346782,0.0006000000212225132,0.13209999997343402,0.12770000012096716,0.03130000004603062,0.039599999581696466,0.04309999985707691,0.07800000093993731
test_consistent_random_observations__037,test_consistent_random_observations,PASS,solve_q1,observations,3,3,6,6,2.0145999997112085,POLYGON,5,29.430560528708686,14.715280264354343,14.715280264354346,3.552713678800501e-15,True,scipy_with_fraction_check,scipy_highs_with_fraction_check,,0.05959999998594867,0.6948999998712679,0.09469999986322364,0.5522000001292326,0.7653000002392218,0.371899999663583,0.0006000000212225132,0.12679999963438604,0.16060000052675605,0.025299999833805487,0.027399999453336932,0.02970000059576705,0.12289999995118706
test_consistent_random_observations__038,test_consistent_random_observations,PASS,solve_q1,observations,4,4,8,8,2.2247999995670398,POLYGON,4,10.544068518967078,5.272034259483539,5.598583283384244,0.3265490239007045,False,scipy_with_fraction_check,scipy_highs_with_fraction_check,,0.03399999968678458,0.555799999347073,0.0579999996261904,0.45200000022305176,1.2545999998110346,0.29569999969680794,0.0005000001692678779,0.0855999996929313,0.13310000031196978,0.01959999917744426,0.024200000552809797,0.030899999728717376,0.08470000102533959
test_consistent_random_observations__039,test_consistent_random_observations,PASS,solve_q1,observations,3,3,6,6,1.6243999998550862,POLYGON,4,17.212272665764843,8.606136332882421,14.230868743170147,5.624732410287725,False,scipy_with_fraction_check,scipy_highs_with_fraction_check,,0.03079999987676274,0.5226000002949149,0.03840000044874614,0.4426000004968955,0.7405999995171442,0.26819999948202167,0.0006000000212225132,0.08170000000973232,0.1170999994428712,0.01990000055229757,0.022199999875738285,0.025499999537714757,0.062200000684242696
test_consistent_random_observations__040,test_consistent_random_observations,PASS,solve_q1,observations,4,4,8,8,3.2751999997344683,POLYGON,4,17.212272665764843,8.606136332882421,14.230868743170147,5.624732410287725,False,scipy_with_fraction_check,scipy_highs_with_fraction_check,,0.04439999975147657,0.8222999995268765,0.08309999975608662,0.6680999995296588,1.8930000005639158,0.39959999958227854,0.000999999429041054,0.11999999969702912,0.17020000086631626,0.0289999998130952,0.032500000088475645,0.04459999945538584,0.11590000030992087
test_consistent_random_observations__041,test_consistent_random_observations,PASS,solve_q1,observations,3,3,6,6,2.3688000001129694,POLYGON,5,23.42281576551974,11.71140788275987,11.71140788275987,0.0,True,scipy_with_fraction_check,scipy_highs_with_fraction_check,,0.04360000002634479,0.754400000005262,0.06049999956303509,0.6352000000333646,0.9867999997368315,0.4893000004813075,0.0009000004865811206,0.16869999944901792,0.21150000065972563,0.03190000006725313,0.03569999989849748,0.03889999970851932,0.09469999986322364
test_consistent_random_observations__042,test_consistent_random_observations,PASS,solve_q1,observations,4,4,8,8,2.523000000110187,POLYGON,6,23.42281576551974,11.71140788275987,11.71140788275987,0.0,True,scipy_with_fraction_check,scipy_highs_with_fraction_check,,0.029999999242136255,0.5496000003404333,0.05449999935080996,0.4484000000957167,1.3819999994666432,0.4844999994020327,0.0005000001692678779,0.1818999999159132,0.19019999945157906,0.03689999994094251,0.032500000088475645,0.0411000000895001,0.07690000165894162
test_consistent_random_observations__043,test_consistent_random_observations,PASS,solve_q1,observations,3,3,6,6,1.5195000005405745,POLYGON,3,11.57141590678283,5.785707953391415,9.737700054650201,3.951992101258786,False,scipy_with_fraction_check,scipy_highs_with_fraction_check,,0.03190000006725313,0.5374000002120738,0.03840000044874614,0.4569000002447865,0.701400000252761,0.18530000033933902,0.0006000000212225132,0.05250000049272785,0.07719999939581612,0.012700000297627412,0.019299999621580355,0.02170000061596511,0.06349999966914766
test_consistent_random_observations__044,test_consistent_random_observations,PASS,solve_q1,observations,4,4,8,8,2.2807999994256534,POLYGON,4,11.564433577160434,5.782216788580217,9.44961523774773,3.6673984491675133,False,scipy_with_fraction_check,scipy_highs_with_fraction_check,,0.031599999601894524,0.5416000003606314,0.05310000051395036,0.44320000051811803,1.3484000000971719,0.2837000001818524,0.0005000001692678779,0.08750000051804818,0.11979999999311985,0.019499999325489625,0.023999999939405825,0.031000000490166713,0.07549999918410322
test_consistent_random_observations__045,test_consistent_random_observations,PASS,solve_q1,observations,3,3,6,6,1.729200000227138,POLYGON,5,26.16949016307199,13.084745081535996,13.084745081535996,0.0,True,scipy_with_fraction_check,scipy_highs_with_fraction_check,,0.02750000021478627,0.5101999995531514,0.038100000892882235,0.4307999997763545,0.7473999994545011,0.38109999968582997,0.0006000000212225132,0.1264000002265675,0.1688999991529272,0.02570000015111873,0.028200000087963417,0.02990000029967632,0.06300000131886918
test_consistent_random_observations__046,test_consistent_random_observations,PASS,solve_q1,observations,4,4,8,8,2.337699999770848,POLYGON,5,24.753980463880698,12.376990231940349,12.376990231940349,0.0,True,scipy_with_fraction_check,scipy_highs_with_fraction_check,,0.030899999728717376,0.5281000003378722,0.052799999139097054,0.4312999999456224,1.3207000001784763,0.3831999993053614,0.0006999998731771484,0.13070000022707973,0.16319999940606067,0.024300000404764432,0.027399999453336932,0.03550000019458821,0.07480000022042077
test_consistent_random_observations__047,test_consistent_random_observations,PASS,solve_q1,observations,3,3,6,6,1.5788000000611646,POLYGON,4,26.12226229183838,13.06113114591919,18.469711911849167,5.408580765929978,False,scipy_with_fraction_check,scipy_highs_with_fraction_check,,0.027600000066740904,0.5160000000614673,0.03780000042752363,0.4369999996924889,0.72829999953683,0.24529999973310623,0.0006000000212225132,0.08379999962926377,0.09060000047611538,0.019600000086938962,0.02390000008745119,0.025299999833805487,0.06160000066302018
test_consistent_random_observations__048,test_consistent_random_observations,PASS,solve_q1,observations,4,4,8,8,2.3796000004949747,POLYGON,5,26.12226229183838,13.06113114591919,14.659043777974185,1.597912632054996,False,scipy_with_fraction_check,scipy_highs_with_fraction_check,,0.030000000151630957,0.5291999996188679,0.053900000239082146,0.43029999960708665,1.4217999996617436,0.3243000001020846,0.0006000000212225132,0.12710000009974465,0.10759999986476032,0.024599999960628338,0.02680000034160912,0.036100000215810724,0.0743000009606476
test_consistent_random_observations__049,test_consistent_random_observations,PASS,solve_q1,observations,3,3,6,6,2.054600000519713,POLYGON,6,27.027300901021377,13.513650450510688,13.51365045051069,1.7763568394002505e-15,True,scipy_with_fraction_check,scipy_highs_with_fraction_check,,0.03290000040578889,0.5412000000433181,0.03840000044874614,0.46159999965311727,0.8868999993865145,0.5292999994708225,0.0006999998731771484,0.18460000046616187,0.22790000002714805,0.0380000001314329,0.040500000068277586,0.03599999945436139,0.06430000121326884
test_consistent_random_observations__050,test_consistent_random_observations,PASS,solve_q1,observations,4,4,8,8,2.617199999804143,POLYGON,6,27.027300901021377,13.513650450510688,13.51365045051069,1.7763568394002505e-15,True,scipy_with_fraction_check,scipy_highs_with_fraction_check,,0.02990000029967632,0.5406999998740503,0.05380000038712751,0.44239999988349155,1.4387000001079286,0.5312000002959394,0.0007000007826718502,0.18489999911253108,0.23440000040864106,0.0304000004689442,0.03479999941191636,0.04439999975147657,0.07669999922654824
test_consistent_random_observations__051,test_consistent_random_observations,PASS,solve_q1,observations,3,3,6,6,1.9322999996802537,POLYGON,6,19.16836247120864,9.58418123560432,9.584181235604321,1.7763568394002505e-15,True,scipy_with_fraction_check,scipy_highs_with_fraction_check,,0.026900000193563756,0.5281999992803321,0.03930000002583256,0.44720000005327165,0.8059000001594541,0.5082999996375293,0.0006999998731771484,0.17889999980980065,0.22280000030150404,0.035400000342633575,0.03219999962311704,0.03670000023703324,0.06300000040937448
test_consistent_random_observations__052,test_consistent_random_observations,PASS,solve_q1,observations,4,4,8,8,2.562200000284065,POLYGON,5,19.13245016188425,9.566225080942125,9.566225080942147,2.1316282072803006e-14,True,scipy_with_fraction_check,scipy_highs_with_fraction_check,,0.02949999998236308,0.5379000003813417,0.055500000598840415,0.4352000005383161,1.4904999998179846,0.4281999999875552,0.0007000007826718502,0.1384999995934777,0.18670000008569332,0.02930000027845381,0.030599999263358768,0.04090000038559083,0.07610000011482043
test_consistent_random_observations__053,test_consistent_random_observations,PASS,solve_q1,observations,3,3,6,6,2.4264999992738012,POLYGON,6,20.640998148375722,10.320499074187861,10.83522584747656,0.5147267732886984,False,scipy_with_fraction_check,scipy_highs_with_fraction_check,,0.035600000046542846,0.6242999997994048,0.04689999968832126,0.5280000004859176,1.0673000006136135,0.6192000000737607,0.0007999997251317836,0.24370000028284267,0.24849999954312807,0.03749999996216502,0.04270000044925837,0.04399999943416333,0.08009999874047935
test_consistent_random_observations__054,test_consistent_random_observations,PASS,solve_q1,observations,4,4,8,8,2.5557000008120667,POLYGON,6,19.3220843499491,9.66104217497455,9.88734038608564,0.2262982111110894,False,scipy_with_fraction_check,scipy_highs_with_fraction_check,,0.03480000032141106,0.5546000002141227,0.05710000004910398,0.4528999998001382,1.3920000001235167,0.4926999999952386,0.0006999998731771484,0.18970000019180588,0.19559999964258168,0.02990000029967632,0.03279999964433955,0.04259999968780903,0.08160000015777769
test_consistent_random_observations__055,test_consistent_random_observations,PASS,solve_q1,observations,3,3,6,6,1.6387000005124719,POLYGON,4,26.501167804557774,13.250583902278887,13.250583902278898,1.0658141036401503e-14,True,scipy_with_fraction_check,scipy_highs_with_fraction_check,,0.028700000257231295,0.5156999995961087,0.0380000010409276,0.4360999992059078,0.7366999998339452,0.29489999997167615,0.0005000001692678779,0.08200000047509093,0.13450000005832408,0.022000000171829015,0.025099999220401514,0.029400000130408444,0.06270000085351057
test_consistent_random_observations__056,test_consistent_random_observations,PASS,solve_q1,observations,4,4,8,8,3.100099999755912,POLYGON,5,22.805573939008273,11.402786969504136,11.402786969504136,0.0,True,scipy_with_fraction_check,scipy_highs_with_fraction_check,,0.028399999791872688,0.5272999997032457,0.052999999752501026,0.42639999992388766,2.098699999805831,0.37040000006527407,0.0006000000212225132,0.12490000062825857,0.15689999963797163,0.024599999960628338,0.026599999728205148,0.035400000342633575,0.07530000038968865
test_consistent_random_observations__057,test_consistent_random_observations,PASS,solve_q1,observations,3,3,6,6,1.880600000731647,POLYGON,6,23.313649856317966,11.656824928158983,12.642625586619552,0.985800658460569,False,scipy_with_fraction_check,scipy_highs_with_fraction_check,,0.02769999991869554,0.4959999996572151,0.037400000110210385,0.4180999994787271,0.8010000001377193,0.492600000143284,0.0006000000212225132,0.189200000022538,0.2002000001084525,0.03149999974993989,0.03409999953873921,0.035400000342633575,0.06330000087473309
test_consistent_random_observations__058,test_consistent_random_observations,PASS,solve_q1,observations,4,4,8,8,4.3200999998589396,POLYGON,6,17.74052334003286,8.87026167001643,9.003924806230152,0.13366313621372328,False,scipy_with_fraction_check,scipy_highs_with_fraction_check,,0.04040000021632295,0.8500999992975267,0.07790000017848797,0.6873000002087792,2.7577999999266467,0.5655000004480826,0.0006000000212225132,0.2480000002833549,0.1992999996218714,0.03310000010969816,0.03620000006776536,0.04669999998441199,0.10629999997036066
test_consistent_random_observations__059,test_consistent_random_observations,PASS,solve_q1,observations,3,3,6,6,3.1686000002082437,POLYGON,6,24.78525038879993,12.392625194399965,16.236553279870343,3.8439280854703775,False,scipy_with_fraction_check,scipy_highs_with_fraction_check,,0.04780000017490238,0.8311000001413049,0.06129999928816687,0.7032999992588884,1.3134000000718515,0.8769999994910904,0.000999999429041054,0.34420000065438217,0.340699999469507,0.05870000040886225,0.06399999983841553,0.0656000001981738,0.09930000032909447
test_consistent_random_observations__060,test_consistent_random_observations,PASS,solve_q1,observations,4,4,8,8,3.3559999992576195,POLYGON,4,18.306402758889053,9.153201379444527,11.216273141037888,2.0630717615933616,False,scipy_with_fraction_check,scipy_highs_with_fraction_check,,0.050999999984924216,0.8788000004642527,0.08609999986219918,0.7230999999592314,1.9302000000607222,0.3738999994311598,0.0007999997251317836,0.11650000033114338,0.15890000031504314,0.02519999998185085,0.031599999601894524,0.039200000173877925,0.12209999931656057
test_consistent_random_observations__061,test_consistent_random_observations,PASS,solve_q1,observations,3,3,6,6,1.6439999999420252,POLYGON,5,19.613576799317446,9.806788399658723,11.905041925636667,2.0982535259779436,False,scipy_with_fraction_check,scipy_highs_with_fraction_check,,0.026900000193563756,0.5179999998290441,0.037400000110210385,0.4362999998193118,0.7005999996181345,0.33259999963775044,0.0006000000212225132,0.11859999995067483,0.13579999995272374,0.02299999960087007,0.025400000595254824,0.02789999962260481,0.06590000066353241
test_consistent_random_observations__062,test_consistent_random_observations,PASS,solve_q1,observations,4,4,8,8,2.5514999997540144,POLYGON,6,19.613576799317446,9.806788399658723,11.905041925636667,2.0982535259779436,False,scipy_with_fraction_check,scipy_highs_with_fraction_check,,0.026599999728205148,0.5135000001246226,0.057500000366417225,0.4124999995838152,1.4366999994308571,0.5035000003772439,0.0006000000212225132,0.18699999964155722,0.20640000002458692,0.02990000029967632,0.03399999968678458,0.04369999987829942,0.07120000009308569
test_consistent_random_observations__063,test_consistent_random_observations,PASS,solve_q1,observations,3,3,6,6,1.6511000003447407,POLYGON,3,27.501756484920143,13.750878242460072,21.756944316203334,8.006066073743263,False,scipy_with_fraction_check,scipy_highs_with_fraction_check,,0.026499999876250513,0.50809999993362,0.038500000300700776,0.430199999755132,0.8392999998250161,0.2116999994541402,0.0006000000212225132,0.054600000112259295,0.09969999973691301,0.01320000046689529,0.019299999621580355,0.022899999748915434,0.06550000125571387
test_consistent_random_observations__064,test_consistent_random_observations,PASS,solve_q1,observations,4,4,8,8,2.409300000181247,POLYGON,4,27.308153297295792,13.654076648647896,21.576154414551368,7.922077765903472,False,scipy_with_fraction_check,scipy_highs_with_fraction_check,,0.03170000036334386,0.5706000001737266,0.05649999911838677,0.4681999998865649,1.4301999999588588,0.2922000003309222,0.0006000000212225132,0.08060000072873663,0.13439999929687474,0.019099999917671084,0.0228000008064555,0.033099999200203456,0.08459999935439555
test_consistent_random_observations__065,test_consistent_random_observations,PASS,solve_q1,observations,3,3,6,6,1.5384999996967963,POLYGON,4,22.910479182973717,11.455239591486858,14.480793803952906,3.025554212466048,False,scipy_with_fraction_check,scipy_highs_with_fraction_check,,0.024500000108673703,0.49989999934041407,0.03479999941191636,0.42690000009315554,0.6757999999535969,0.2814999998008716,0.0005000001692678779,0.07929999992484227,0.11169999925186858,0.017700000171316788,0.022700000045006163,0.04820000049221562,0.05680000049324008
test_consistent_random_observations__066,test_consistent_random_observations,PASS,solve_q1,observations,4,4,8,8,2.060400000118534,POLYGON,4,22.910479182973717,11.455239591486858,14.480793803952906,3.025554212466048,False,scipy_with_fraction_check,scipy_highs_with_fraction_check,,0.029599999834317714,0.5098999999972875,0.048299999434675556,0.41870000040944433,1.186099999358703,0.2601999995022197,0.0005000001692678779,0.07889999960752903,0.11100000028818613,0.017800000023271423,0.022700000045006163,0.027999999474559445,0.0746000014260062
test_consistent_random_observations__067,test_consistent_random_observations,PASS,solve_q1,observations,3,3,6,6,1.6876999998203246,POLYGON,6,23.685923450406495,11.842961725203248,12.485129755085659,0.6421680298824111,False,scipy_with_fraction_check,scipy_highs_with_fraction_check,,0.02679999943211442,0.48890000016399426,0.03530000049067894,0.41460000011284137,0.7083999998940271,0.4059000002598623,0.0006000000212225132,0.16489999961777357,0.1509000003352412,0.027099999897473026,0.02969999968627235,0.03130000004603062,0.057700000070326496
test_consistent_random_observations__068,test_consistent_random_observations,PASS,solve_q1,observations,4,4,8,8,3.164200000355777,POLYGON,6,23.685923450406495,11.842961725203248,12.485129755085659,0.6421680298824111,False,scipy_with_fraction_check,scipy_highs_with_fraction_check,,0.03480000032141106,0.6372999996528961,0.06320000011328375,0.5176000004212256,1.81700000030105,0.5855999997947947,0.0006999998731771484,0.21319999996194383,0.2260999999634805,0.04260000059730373,0.047199999244185165,0.05400000009103678,0.08950000028562499
test_consistent_random_observations__069,test_consistent_random_observations,PASS,solve_q1,observations,3,3,6,6,1.7784000001483946,POLYGON,6,29.232435042508126,14.616217521254063,15.951188646296263,1.3349711250422,False,scipy_with_fraction_check,scipy_highs_with_fraction_check,,0.028499999643827323,0.5252000000837143,0.039200000173877925,0.44640000032813987,0.7526000008510891,0.4085000000486616,0.0006000000212225132,0.16850000065460335,0.1505999998698826,0.027399999453336932,0.029000000722589903,0.03099999958067201,0.06359999952110229
test_consistent_random_observations__070,test_consistent_random_observations,PASS,solve_q1,observations,4,4,8,8,2.2991999994701473,POLYGON,6,28.159568871784522,14.079784435892261,14.370238372068785,0.29045393617652415,False,scipy_with_fraction_check,scipy_highs_with_fraction_check,,0.031100000342121348,0.5168000006960938,0.05759999930887716,0.41740000051504467,1.2907999998788,0.3919000000678352,0.0006000000212225132,0.16709999999875436,0.12900000001536682,0.026699999580159783,0.029400000130408444,0.03770000057556899,0.06859999848529696
test_consistent_random_observations__071,test_consistent_random_observations,PASS,solve_q1,observations,3,3,6,6,2.0325000004959293,POLYGON,6,34.37106650367972,17.18553325183986,17.185533251839885,2.4868995751603507e-14,True,scipy_with_fraction_check,scipy_highs_with_fraction_check,,0.028499999643827323,0.5576000003202353,0.03910000032192329,0.4761000000144122,0.8669999997437117,0.46909999946365133,0.0006000000212225132,0.18009999985224567,0.19119999979011482,0.0304000004689442,0.031399999897985253,0.03409999953873921,0.11030000132450368
test_consistent_random_observations__072,test_consistent_random_observations,PASS,solve_q1,observations,4,4,8,8,2.6076000003740774,POLYGON,6,18.940515556184263,9.470257778092131,11.807226706537218,2.3369689284450867,False,scipy_with_fraction_check,scipy_highs_with_fraction_check,,0.03599999945436139,0.6022999996275757,0.055699999393254984,0.49060000037570717,1.4233000001695473,0.46799999927316094,0.0006999998731771484,0.1922999999806052,0.1754000004439149,0.028100000236008782,0.030700000024808105,0.03919999926438322,0.07800000184943201
test_consistent_random_observations__073,test_consistent_random_observations,PASS,solve_q1,observations,3,3,6,6,1.717600000120001,POLYGON,5,20.50021025576835,10.250105127884176,10.702091804762697,0.451986676878521,False,scipy_with_fraction_check,scipy_highs_with_fraction_check,,0.03570000080799218,0.5399000001489185,0.03699999979289714,0.4621999996743398,0.7132000000638072,0.3612000000430271,0.0006000000212225132,0.1283999999941443,0.1492000001235283,0.025099999220401514,0.027099999897473026,0.02950000089185778,0.06759999905625591
test_consistent_random_observations__074,test_consistent_random_observations,PASS,solve_q1,observations,4,4,8,8,2.4739999998928397,POLYGON,6,20.50021025576835,10.250105127884176,10.493607449875348,0.24350232199117272,False,scipy_with_fraction_check,scipy_highs_with_fraction_check,,0.03670000023703324,0.5618999994112528,0.05210000108490931,0.4698000002463232,1.3411999998425017,0.4592000004777219,0.0006000000212225132,0.16729999970266363,0.18000000000029104,0.03509999987727497,0.034300000152143184,0.040300000364368316,0.07499999992433004
test_consistent_random_observations__075,test_consistent_random_observations,PASS,solve_q1,observations,3,3,6,6,3.39209999947343,POLYGON,6,26.153691291495313,13.076845645747657,18.006338139936368,4.929492494188711,False,scipy_with_fraction_check,scipy_highs_with_fraction_check,,0.03960000049119117,0.5959000000075321,0.03570000080799218,0.5249000005278504,0.699700000041048,1.9902000003639841,0.0006999998731771484,0.17440000010537915,1.6961999999693944,0.04129999979340937,0.03870000000461005,0.03689999994094251,0.06669999856967479
test_consistent_random_observations__076,test_consistent_random_observations,PASS,solve_q1,observations,4,4,8,8,2.5144999999611173,POLYGON,5,23.89694708567158,11.94847354283579,11.94847354283579,0.0,True,scipy_with_fraction_check,scipy_highs_with_fraction_check,,0.04380000063974876,0.7200999998531188,0.054600000112259295,0.6144999997559353,1.306000000113272,0.35179999940737616,0.0006999998731771484,0.11889999950653873,0.14790000022912864,0.023300000066228677,0.02609999955893727,0.033600000278966036,0.09279999994760146
test_consistent_random_observations__077,test_consistent_random_observations,PASS,solve_q1,observations,3,3,6,6,1.676900000347814,POLYGON,5,22.85584481912781,11.427922409563905,14.443539326102059,3.0156169165381534,False,scipy_with_fraction_check,scipy_highs_with_fraction_check,,0.03960000049119117,0.514399999701709,0.03530000049067894,0.4392000000734697,0.7045000002108281,0.35539999953471124,0.0007000007826718502,0.12239999978191918,0.15379999967990443,0.022899999748915434,0.026400000024295878,0.028000000384054147,0.06300000040937448
test_consistent_random_observations__078,test_consistent_random_observations,PASS,solve_q1,observations,4,4,8,8,2.3210999997900217,POLYGON,5,20.079376434589125,10.039688217294563,12.715990388422426,2.6763021711278636,False,scipy_with_fraction_check,scipy_highs_with_fraction_check,,0.037400000110210385,0.5365999995774473,0.04910000006930204,0.44379999962984584,1.30650000028254,0.36749999981111614,0.0006999998731771484,0.12940000033268007,0.15329999951063655,0.02320000021427404,0.025899999855028,0.03370000013092067,0.07310000000870787
test_consistent_random_observations__079,test_consistent_random_observations,PASS,solve_q1,observations,3,3,6,6,1.624400000764581,POLYGON,5,23.599418860013905,11.799709430006953,12.094476571657177,0.2947671416502242,False,scipy_with_fraction_check,scipy_highs_with_fraction_check,,0.029800000447721686,0.5087999998067971,0.03919999926438322,0.4293000001780456,0.7090999997672043,0.31659999967814656,0.0006000000212225132,0.12089999927411554,0.11630000062723411,0.024399999347224366,0.02480000057403231,0.028100000236008782,0.06010000106471125
test_consistent_random_observations__080,test_consistent_random_observations,PASS,solve_q1,observations,4,4,8,8,2.3215999999592896,POLYGON,5,22.712282643557256,11.356141321778628,11.356141321778631,3.552713678800501e-15,True,scipy_with_fraction_check,scipy_highs_with_fraction_check,,0.02990000029967632,0.5450000007840572,0.05309999960445566,0.44750000051863026,1.2992000001759152,0.3729999998540734,0.0006999998731771484,0.12789999982487643,0.1596000001882203,0.023999999939405825,0.025299999833805487,0.03420000030018855,0.07449999884556746
test_consistent_random_observations__081,test_consistent_random_observations,PASS,solve_q1,observations,3,3,6,6,2.0631000006687827,POLYGON,6,32.289195351864606,16.144597675932303,16.144597675932314,1.0658141036401503e-14,True,scipy_with_fraction_check,scipy_highs_with_fraction_check,,0.033400000575056765,0.5630999994536978,0.04379999973025406,0.47369999992952216,0.876300000527408,0.5180000007385388,0.0006999998731771484,0.1975999994101585,0.21460000061779283,0.03199999991920777,0.03689999994094251,0.03459999970800709,0.07229999937408138
test_consistent_random_observations__082,test_consistent_random_observations,PASS,solve_q1,observations,4,4,8,8,2.9209000003902474,POLYGON,6,26.3166136858927,13.15830684294635,13.39473235983642,0.23642551689006908,False,scipy_with_fraction_check,scipy_highs_with_fraction_check,,0.026599999728205148,0.5055000001448207,0.059699999837903306,0.39569999989907956,1.3700999998036423,0.9487999996053986,0.0006000000212225132,0.22949999947741162,0.605300000643183,0.033799999982875306,0.03389999983482994,0.044100000195612665,0.06990000110818073
test_consistent_random_observations__083,test_consistent_random_observations,PASS,solve_q1,observations,3,3,6,6,1.5002999998614541,POLYGON,4,17.528363083493996,8.764181541746998,11.130370220725672,2.3661886789786735,False,scipy_with_fraction_check,scipy_highs_with_fraction_check,,0.028899999961140566,0.4946999997628154,0.03649999871413456,0.4181000003882218,0.6848000002719346,0.23299999975279206,0.0006000000212225132,0.07879999975557439,0.08720000005268957,0.01849999989644857,0.021500000002561137,0.025100000129896216,0.05890000011277152
test_consistent_random_observations__084,test_consistent_random_observations,PASS,solve_q1,observations,4,4,8,8,2.4747999996179715,POLYGON,5,17.528363083493996,8.764181541746998,9.469959750907634,0.7057782091606359,False,scipy_with_fraction_check,scipy_highs_with_fraction_check,,0.028700000257231295,0.5615999998553889,0.053900000239082146,0.4596999997374951,1.4676000000690692,0.3426000002946239,0.0008000006346264854,0.13489999946614262,0.11309999990771757,0.02550000044720946,0.029299999368959107,0.037400000110210385,0.07429999914165819
test_consistent_random_observations__085,test_consistent_random_observations,PASS,solve_q1,observations,3,3,6,6,1.904800000374962,POLYGON,6,32.314230614523254,16.157115307261627,16.157115307261634,7.105427357601002e-15,True,scipy_with_fraction_check,scipy_highs_with_fraction_check,,0.026100000468431972,0.48859999969863566,0.03599999945436139,0.4136000006838003,0.846099999762373,0.48040000001492444,0.0006000000212225132,0.16819999927975005,0.20710000080725877,0.03149999974993989,0.03130000004603062,0.040099999750964344,0.06360000043059699
test_consistent_random_observations__086,test_consistent_random_observations,PASS,solve_q1,observations,4,4,8,8,2.8007000000798143,POLYGON,6,32.314230614523254,16.157115307261627,16.157115307261634,7.105427357601002e-15,True,scipy_with_fraction_check,scipy_highs_with_fraction_check,,0.032300000384566374,0.58309999985795,0.05580000015470432,0.4595000000335858,1.5706000003774534,0.5322000006344751,0.0006000000212225132,0.20459999996091938,0.21289999949658522,0.03240000023652101,0.036100000215810724,0.04399999943416333,0.0824999988253694
test_consistent_random_observations__087,test_consistent_random_observations,PASS,solve_q1,observations,3,3,6,6,1.4690000007249182,POLYGON,4,31.775242378748,15.887621189374,20.00510059847413,4.117479409100129,False,scipy_with_fraction_check,scipy_highs_with_fraction_check,,0.024699999812582973,0.4900999992969446,0.03530000049067894,0.410800000281597,0.6606999995710794,0.23629999941476854,0.0006000000212225132,0.07860000005166512,0.09049999971466605,0.017700000171316788,0.022700000045006163,0.02499999936844688,0.05720000262954272
test_consistent_random_observations__088,test_consistent_random_observations,PASS,solve_q1,observations,4,4,8,8,2.221799999460927,POLYGON,5,31.775242378748,15.887621189374,15.88762118937401,8.881784197001252e-15,True,scipy_with_fraction_check,scipy_highs_with_fraction_check,,0.027099999897473026,0.4864000002271496,0.04940000053466065,0.3957999997510342,1.282100000025821,0.35399999978835694,0.0005000001692678779,0.1191000001199427,0.15069999972183723,0.022199999875738285,0.02700000004551839,0.03310000010969816,0.07219999952212675
test_consistent_random_observations__089,test_consistent_random_observations,PASS,solve_q1,observations,3,3,6,6,1.901499999803491,POLYGON,6,26.69702640099359,13.348513200496795,14.291716547498476,0.9432033470016812,False,scipy_with_fraction_check,scipy_highs_with_fraction_check,,0.031799999305803794,0.5124999997860868,0.0379999992219382,0.4330000001573353,0.8252999996329891,0.4689999996116967,0.0006000000212225132,0.16589999995630933,0.1857999995991122,0.035200000638724305,0.03749999996216502,0.042499999835854396,0.06290000146691455
test_consistent_random_observations__090,test_consistent_random_observations,PASS,solve_q1,observations,4,4,8,8,2.6066999998874962,POLYGON,6,26.69702640099359,13.348513200496795,13.893042689463496,0.5445294889667007,False,scipy_with_fraction_check,scipy_highs_with_fraction_check,,0.02679999943211442,0.5181000005904934,0.049199999921256676,0.42380000013508834,1.5187000008154428,0.4737999997814768,0.0006000000212225132,0.17050000042218016,0.17609999940759735,0.03590000051190145,0.03879999985656468,0.0503999999637017,0.06929999926796881
test_consistent_random_observations__091,test_consistent_random_observations,PASS,solve_q1,observations,3,3,6,6,1.7422999999325839,POLYGON,6,32.37987472002551,16.189937360012756,16.189937360012784,2.842170943040401e-14,True,scipy_with_fraction_check,scipy_highs_with_fraction_check,,0.025299999833805487,0.49060000037570717,0.03509999987727497,0.4152000001340639,0.7239000005938578,0.44070000058127334,0.0006000000212225132,0.1734000006763381,0.17659999957686523,0.028000000384054147,0.029799999538226984,0.031000000490166713,0.06179999854794005
test_consistent_random_observations__092,test_consistent_random_observations,PASS,solve_q1,observations,4,4,8,8,2.2205000004760223,POLYGON,5,23.02189947628377,11.510949738141885,12.33058192805251,0.8196321899106245,False,scipy_with_fraction_check,scipy_highs_with_fraction_check,,0.027100000806967728,0.5234999998720014,0.049199999921256676,0.4321999995227088,1.2681999996857485,0.33369999982824083,0.0005000001692678779,0.11679999988700729,0.1342999994449201,0.0228000008064555,0.024899999516492244,0.03290000040578889,0.06800000028306386
test_consistent_random_observations__093,test_consistent_random_observations,PASS,solve_q1,observations,3,3,6,6,1.812900000004447,POLYGON,5,25.155948285436285,12.577974142718142,12.577974142718169,2.6645352591003757e-14,True,scipy_with_fraction_check,scipy_highs_with_fraction_check,,0.03199999991920777,0.5469000006996794,0.040500000068277586,0.46380000003409805,0.8004000001164968,0.3695999994306476,0.0006999998731771484,0.1354000005449052,0.15329999951063655,0.023300000066228677,0.027299999601382297,0.028100000236008782,0.06399999983841553
test_consistent_random_observations__094,test_consistent_random_observations,PASS,solve_q1,observations,4,4,8,8,2.4704000006749993,POLYGON,5,25.155948285436285,12.577974142718142,12.577974142718169,2.6645352591003757e-14,True,scipy_with_fraction_check,scipy_highs_with_fraction_check,,0.03279999964433955,0.5433000005723443,0.05469999996421393,0.44160000015835976,1.4213999993444304,0.3946999995605438,0.0006999998731771484,0.13320000016392441,0.16659999982948648,0.026300000172341242,0.02970000059576705,0.0365999994755839,0.07820000155334128
test_consistent_random_observations__095,test_consistent_random_observations,PASS,solve_q1,observations,3,3,6,6,1.5945000004649046,POLYGON,3,12.782323619368027,6.3911618096840135,7.829863511063272,1.4387017013792587,False,scipy_with_fraction_check,scipy_highs_with_fraction_check,,0.03339999966556206,0.5412999998952728,0.03899999956047395,0.45959999988554046,0.7528999994974583,0.20049999966431642,0.0007999997251317836,0.05289999990054639,0.09140000020124717,0.012900000001536682,0.019600000086938962,0.021500000002561137,0.06640000174229499
test_consistent_random_observations__096,test_consistent_random_observations,PASS,solve_q1,observations,4,4,8,8,2.0305000007283525,POLYGON,3,12.782323619368027,6.3911618096840135,7.829863511063272,1.4387017013792587,False,scipy_with_fraction_check,scipy_highs_with_fraction_check,,0.027099999897473026,0.4892999995718128,0.04939999962516595,0.39879999985714676,1.2543000002551707,0.19080000038229628,0.0006000000212225132,0.04930000068270601,0.0853000001370674,0.012099999366910197,0.018000000636675395,0.02409999979136046,0.06900000062159961
test_consistent_random_observations__097,test_consistent_random_observations,PASS,solve_q1,observations,3,3,6,6,1.5478999994229525,POLYGON,5,27.910956732580164,13.955478366290082,14.039927292386345,0.08444892609626287,False,scipy_with_fraction_check,scipy_highs_with_fraction_check,,0.025299999833805487,0.47450000056414865,0.034699999559961725,0.4025999996883911,0.67380000018602,0.3172000006088638,0.0006000000212225132,0.11989999984507449,0.1145999995060265,0.024599999960628338,0.027100000806967728,0.0289999998130952,0.05709999823011458
test_consistent_random_observations__098,test_consistent_random_observations,PASS,solve_q1,observations,4,4,8,8,2.2828999999546795,POLYGON,5,20.24829273239503,10.124146366197515,10.124146366197515,0.0,True,scipy_with_fraction_check,scipy_highs_with_fraction_check,,0.026699999580159783,0.5505999997694744,0.05439999949885532,0.4422000001795823,1.263499999367923,0.37319999955798266,0.0006000000212225132,0.11919999997189734,0.15639999946870375,0.02500000027794158,0.028700000257231295,0.04189999981463188,0.06890000167913968
test_consistent_random_observations__099,test_consistent_random_observations,PASS,solve_q1,observations,3,3,6,6,1.7219999999724678,POLYGON,5,25.190219572291205,12.595109786145603,12.595109786145613,1.0658141036401503e-14,True,scipy_with_fraction_check,scipy_highs_with_fraction_check,,0.02919999951700447,0.5111999998916872,0.037599999814119656,0.4333000006226939,0.7487000002583954,0.37059999976918334,0.0006000000212225132,0.1261000006707036,0.16119999963848386,0.025399999685760122,0.026300000172341242,0.029400000130408444,0.06230000053619733
test_consistent_random_observations__100,test_consistent_random_observations,PASS,solve_q1,observations,4,4,8,8,2.4883000005502254,POLYGON,6,24.363353693465573,12.181676846732787,12.18167684673281,2.3092638912203256e-14,True,scipy_with_fraction_check,scipy_highs_with_fraction_check,,0.027400000362831634,0.5239000001893146,0.05090000013296958,0.428999999712687,1.3929999995525577,0.4716000003099907,0.0006000000212225132,0.17389999993611127,0.19109999993816018,0.03079999987676274,0.03240000023652101,0.04149999949731864,0.07240000013553072
test_consistent_random_observations__101,test_consistent_random_observations,PASS,solve_q1,observations,3,3,6,6,1.8079000001307577,POLYGON,4,23.416704374856483,11.708352187428241,14.576318795022905,2.8679666075946635,False,scipy_with_fraction_check,scipy_highs_with_fraction_check,,0.025899999855028,0.5019999998694402,0.03600000036385609,0.42549999943730654,0.7519999999203719,0.46860000020387815,0.0006000000212225132,0.24699999994481914,0.13219999982538866,0.024100000700855162,0.028699999347736593,0.034300000152143184,0.0594000002820394
test_consistent_random_observations__102,test_consistent_random_observations,PASS,solve_q1,observations,4,4,8,8,2.8512999997474253,POLYGON,5,22.962850530763838,11.481425265381919,14.573144827573994,3.0917195621920754,False,scipy_with_fraction_check,scipy_highs_with_fraction_check,,0.048800000513438135,0.7693999996263301,0.05419999979494605,0.6496999994851649,1.5382000001409324,0.4107999993721023,0.0006999998731771484,0.13020000005781185,0.1644000003580004,0.03130000004603062,0.03409999953873921,0.047900000026857015,0.08410000009462237
test_consistent_random_observations__103,test_consistent_random_observations,PASS,solve_q1,observations,3,3,6,6,1.7794000004869304,POLYGON,3,20.27150907190812,10.13575453595406,15.720415808989546,5.584661273035486,False,scipy_with_fraction_check,scipy_highs_with_fraction_check,,0.034300000152143184,0.6751999999323743,0.038500000300700776,0.589600000239443,0.7143000002542976,0.2865999995265156,0.0006999998731771484,0.07699999969190685,0.13140000010025688,0.01880000036180718,0.02519999998185085,0.03190000006725313,0.06900000062159961
test_consistent_random_observations__104,test_consistent_random_observations,PASS,solve_q1,observations,4,4,8,8,2.4223000000347383,POLYGON,4,19.30347510956782,9.65173755478391,14.952746389677008,5.301008834893098,False,scipy_with_fraction_check,scipy_highs_with_fraction_check,,0.03300000025774352,0.7824000003893161,0.05529999998543644,0.6841000003987574,1.2496999997893,0.2795000000332948,0.0006000000212225132,0.0804999999672873,0.1253000000360771,0.019500000234984327,0.021899999410379678,0.03020000076503493,0.077699999565084
test_consistent_random_observations__105,test_consistent_random_observations,PASS,solve_q1,observations,3,3,6,6,1.5738000001874752,POLYGON,4,18.01940247065873,9.009701235329365,12.127138136436844,3.11743690110748,False,scipy_with_fraction_check,scipy_highs_with_fraction_check,,0.027299999601382297,0.5257000002529821,0.04360000002634479,0.44239999988349155,0.7075000003169407,0.2539999995860853,0.0006000000212225132,0.08889999935490778,0.09300000056100544,0.01919999976962572,0.024500000108673703,0.026200000320386607,0.059300000430084765
test_consistent_random_observations__106,test_consistent_random_observations,PASS,solve_q1,observations,4,4,8,8,2.4438000000372995,POLYGON,4,18.01940247065873,9.009701235329365,12.127138136436844,3.11743690110748,False,scipy_with_fraction_check,scipy_highs_with_fraction_check,,0.03899999956047395,0.5587000005107257,0.05520000013348181,0.45849999969505006,1.2710000000879518,0.49669999953039223,0.0006000000212225132,0.11689999973896192,0.15970000004017493,0.025600000299164094,0.0638999999864609,0.12719999995169928,0.07840000034775585
test_consistent_random_observations__107,test_consistent_random_observations,PASS,solve_q1,observations,3,3,6,6,1.688800000010815,POLYGON,6,24.785486220032382,12.392743110016191,15.082403507669817,2.6896603976536255,False,scipy_with_fraction_check,scipy_highs_with_fraction_check,,0.025899999855028,0.4854000007981085,0.03550000019458821,0.41139999939332483,0.6947000001673587,0.4259999996065744,0.0005000001692678779,0.16839999989315402,0.1666999996814411,0.02750000021478627,0.030700000024808105,0.03079999987676274,0.056799999583745375
test_consistent_random_observations__108,test_consistent_random_observations,PASS,solve_q1,observations,4,4,8,8,3.694299999551731,POLYGON,6,24.169381095836204,12.084690547918102,12.084690547918102,0.0,True,scipy_with_fraction_check,scipy_highs_with_fraction_check,,0.02860000040527666,0.5280999994283775,0.05330000021785963,0.4299000001992681,2.4910000001909793,0.5715999996027676,0.0007999997251317836,0.19470000006549526,0.21860000015294645,0.03730000025825575,0.04069999977218686,0.077699999565084,0.07499999992433004
test_consistent_random_observations__109,test_consistent_random_observations,PASS,solve_q1,observations,3,3,6,6,1.733300000523741,POLYGON,6,32.62811081792988,16.31405540896494,19.52154664493904,3.2074912359741,False,scipy_with_fraction_check,scipy_highs_with_fraction_check,,0.02789999962260481,0.5026999997426174,0.03790000027947826,0.4245000000082655,0.7089999999152496,0.43199999981879955,0.0005000001692678779,0.1731000002109795,0.1666999996814411,0.02719999974942766,0.031800000215298496,0.031399999897985253,0.06170000142446952
test_consistent_random_observations__110,test_consistent_random_observations,PASS,solve_q1,observations,4,4,8,8,2.293900000040594,POLYGON,6,32.62110437306821,16.310552186534107,19.691313439996883,3.380761253462776,False,scipy_with_fraction_check,scipy_highs_with_fraction_check,,0.026900000193563756,0.48749999950814527,0.04910000006930204,0.39710000055492856,1.2888999999631778,0.42040000062115723,0.0006000000212225132,0.184100000296894,0.12710000009974465,0.030199999855540227,0.03589999960240675,0.0411000000895001,0.07019999975454994
test_consistent_random_observations__111,test_consistent_random_observations,PASS,solve_q1,observations,3,3,6,6,1.7723000000842148,POLYGON,6,23.92802564192114,11.96401282096057,16.54500973528699,4.58099691432642,False,scipy_with_fraction_check,scipy_highs_with_fraction_check,,0.030499999411404133,0.5348999993657344,0.05810000038763974,0.43420000019978033,0.7173000003604102,0.38780000068072695,0.0006000000212225132,0.17290000050707022,0.1156999996965169,0.032300000384566374,0.0320999997711624,0.03279999964433955,0.10180000026593916
test_consistent_random_observations__112,test_consistent_random_observations,PASS,solve_q1,observations,4,4,8,8,2.7155000007041963,POLYGON,6,23.58562512287119,11.792812561435595,16.566754455161508,4.7739418937259135,False,scipy_with_fraction_check,scipy_highs_with_fraction_check,,0.030199999855540227,0.5634999997710111,0.049899999794433825,0.46519999978045234,1.578200000039942,0.47170000016194535,0.0006999998731771484,0.16959999993559904,0.15069999972183723,0.036299999919719994,0.06399999983841553,0.04820000049221562,0.07190000087575754
test_consistent_random_observations__113,test_consistent_random_observations,PASS,solve_q1,observations,3,3,6,6,1.7371000003549852,POLYGON,5,23.996335681461492,11.998167840730746,14.92030749379433,2.9221396530635833,False,scipy_with_fraction_check,scipy_highs_with_fraction_check,,0.025100000129896216,0.5602999999609892,0.03590000051190145,0.4825999994864105,0.7480000003852183,0.33799999982875306,0.0004999992597731762,0.12170000081823673,0.12399999923218274,0.031399999897985253,0.027300000510877,0.02969999968627235,0.06570000005012844
test_consistent_random_observations__114,test_consistent_random_observations,PASS,solve_q1,observations,4,4,8,8,2.475600000252598,POLYGON,5,23.971422298640526,11.985711149320263,11.985711149320263,0.0,True,scipy_with_fraction_check,scipy_highs_with_fraction_check,,0.02719999974942766,0.5309999996825354,0.0503999999637017,0.43570000070758397,1.4310999995359452,0.41200000032404205,0.0006000000212225132,0.13170000056561548,0.1905999997688923,0.02519999998185085,0.028100000236008782,0.03420000030018855,0.0743000009606476
test_consistent_random_observations__115,test_consistent_random_observations,PASS,solve_q1,observations,3,3,6,6,2.6687999998102896,POLYGON,5,21.19893530218919,10.599467651094596,12.805836067037188,2.206368415942592,False,scipy_with_fraction_check,scipy_highs_with_fraction_check,,0.029599999834317714,0.5373000003601192,0.04039999930682825,0.4552000000330736,0.7602999994560378,1.277700000173354,0.0006000000212225132,0.1266999997824314,0.14939999982743757,0.025100000129896216,0.02860000040527666,0.9456999996473314,0.0638999999864609
test_consistent_random_observations__116,test_consistent_random_observations,PASS,solve_q1,observations,4,4,8,8,2.5709999999889988,POLYGON,5,19.90679392295804,9.95339696147902,9.95339696147902,0.0,True,scipy_with_fraction_check,scipy_highs_with_fraction_check,,0.039599999581696466,0.7052999999359599,0.054600000112259295,0.5934000000706874,1.358299999992596,0.38749999930587364,0.0006999998731771484,0.12539999988803174,0.1661000005697133,0.024199999643315095,0.028200000087963417,0.041199999941454735,0.08030000117287273
test_consistent_random_observations__117,test_consistent_random_observations,PASS,solve_q1,observations,3,3,6,6,1.6288999995595077,POLYGON,4,13.3338116271036,6.6669058135518,10.783862324599278,4.116956511047478,False,scipy_with_fraction_check,scipy_highs_with_fraction_check,,0.026300000172341242,0.5415999994511367,0.03680000008898787,0.46349999956873944,0.7266000002346118,0.2746999998635147,0.0006000000212225132,0.08059999981924193,0.12590000005729962,0.019099999917671084,0.022900000658410136,0.024399999347224366,0.059699999837903306
test_consistent_random_observations__118,test_consistent_random_observations,PASS,solve_q1,observations,4,4,8,8,2.2277999996731523,POLYGON,4,13.3338116271036,6.6669058135518,10.783862324599278,4.116956511047478,False,scipy_with_fraction_check,scipy_highs_with_fraction_check,,0.028700000257231295,0.5252000000837143,0.05300000066199573,0.428999999712687,1.2965999994776212,0.30470000001514563,0.0006000000212225132,0.08640000032755779,0.13630000012199162,0.021599999854515772,0.02519999998185085,0.03300000025774352,0.07259999983943999
test_consistent_random_observations__119,test_consistent_random_observations,PASS,solve_q1,observations,3,3,6,6,1.4970000001994777,POLYGON,4,26.84440885344491,13.422204426722455,13.422204426722484,2.842170943040401e-14,True,scipy_with_fraction_check,scipy_highs_with_fraction_check,,0.026000000616477337,0.4870000002483721,0.03599999945436139,0.41170000076817814,0.6701999991491903,0.2563999996709754,0.0006000000212225132,0.07310000000870787,0.11949999952776125,0.017700000171316788,0.02010000025620684,0.024199999643315095,0.05740000051446259
test_consistent_random_observations__120,test_consistent_random_observations,PASS,solve_q1,observations,4,4,8,8,2.1776000003228546,POLYGON,5,23.6521278839666,11.8260639419833,11.826063941983302,1.7763568394002505e-15,True,scipy_with_fraction_check,scipy_highs_with_fraction_check,,0.031600000511389226,0.5282000001898268,0.0503999999637017,0.43370000003051246,1.2049999995724647,0.3438000003370689,0.0006999998731771484,0.11389999963284936,0.14689999989059288,0.02300000051036477,0.024599999960628338,0.03329999981360743,0.06899999971210491
test_consistent_random_observations__121,test_consistent_random_observations,PASS,solve_q1,observations,3,3,6,6,2.262999999402382,POLYGON,5,31.34122936737858,15.67061468368929,15.670614683689307,1.5987211554602254e-14,True,scipy_with_fraction_check,scipy_highs_with_fraction_check,,0.037200000406301115,0.7043999994493788,0.05109999983687885,0.5970000001980225,0.9626999999454711,0.474400000712194,0.0006999998731771484,0.16249999953288352,0.20560000029945513,0.031600000511389226,0.03459999970800709,0.03769999966607429,0.08429999888903694
test_consistent_random_observations__122,test_consistent_random_observations,PASS,solve_q1,observations,4,4,8,8,2.515000000130385,POLYGON,5,31.34122936737858,15.67061468368929,15.670614683689307,1.5987211554602254e-14,True,scipy_with_fraction_check,scipy_highs_with_fraction_check,,0.027799999770650174,0.5239000001893146,0.05220000002736924,0.42720000055851415,1.4793000000281609,0.40889999945648015,0.0006000000212225132,0.11859999995067483,0.17599999955564272,0.03130000004603062,0.03480000032141106,0.046099999963189475,0.07510000068577938
test_consistent_random_observations__123,test_consistent_random_observations,PASS,solve_q1,observations,3,3,6,6,1.8252999998367159,POLYGON,6,35.88335078499438,17.94167539249719,17.941675392497203,1.4210854715202004e-14,True,scipy_with_fraction_check,scipy_highs_with_fraction_check,,0.027499999305291567,0.4929000006086426,0.03790000027947826,0.41369999962626025,0.777600000219536,0.4653999994843616,0.0006000000212225132,0.17919999936566455,0.18820000059349695,0.029400000130408444,0.03279999964433955,0.033799999982875306,0.06190000021888409
test_consistent_random_observations__124,test_consistent_random_observations,PASS,solve_q1,observations,4,4,8,8,2.2335000003295136,POLYGON,5,27.27107044553867,13.635535222769334,13.635535222769363,2.842170943040401e-14,True,scipy_with_fraction_check,scipy_highs_with_fraction_check,,0.037200000406301115,0.5611999995380756,0.05309999960445566,0.4673999992519384,1.2112999993405538,0.3478999997241772,0.0007999997251317836,0.1156999996965169,0.14860000010230578,0.0227999998969608,0.02519999998185085,0.0335000004270114,0.07590000132040586
test_consistent_random_observations__125,test_consistent_random_observations,PASS,solve_q1,observations,3,3,6,6,1.697799999419658,POLYGON,6,35.9569185639281,17.97845928196405,18.994368680705563,1.0159093987415133,False,scipy_with_fraction_check,scipy_highs_with_fraction_check,,0.03590000051190145,0.4804999998668791,0.034499999856052455,0.4109999999855063,0.7209999994302052,0.4011000000900822,0.0006000000212225132,0.1680999994277954,0.14060000012250384,0.02769999991869554,0.030500000320898835,0.03219999962311704,0.05929999952059006
test_consistent_random_observations__126,test_consistent_random_observations,PASS,solve_q1,observations,4,4,8,8,2.7460000001156004,POLYGON,4,29.73829323158163,14.869146615790815,16.887122835674145,2.01797621988333,False,scipy_with_fraction_check,scipy_highs_with_fraction_check,,0.035600000046542846,0.7664000004297122,0.06089999988034833,0.6487999999080785,1.5232000005198643,0.32980000014504185,0.0006999998731771484,0.0959999997576233,0.12450000031094532,0.027799999770650174,0.03240000023652101,0.046499999371008016,0.09099999897443922
test_consistent_random_observations__127,test_consistent_random_observations,PASS,solve_q1,observations,3,3,6,6,1.5247000001181732,POLYGON,4,25.223157967782935,12.611578983891468,14.523436280262057,1.9118572963705898,False,scipy_with_fraction_check,scipy_highs_with_fraction_check,,0.02500000027794158,0.47030000041559106,0.03589999869291205,0.39449999985663453,0.7095000000845175,0.25400000049558,0.0006000000212225132,0.07889999960752903,0.11110000014014076,0.01759999940986745,0.021100000594742596,0.023399999918183312,0.065899998844543
test_consistent_random_observations__128,test_consistent_random_observations,PASS,solve_q1,observations,4,4,8,8,2.0927000005031005,POLYGON,4,25.223157967782935,12.611578983891468,14.523436280262057,1.9118572963705898,False,scipy_with_fraction_check,scipy_highs_with_fraction_check,,0.02679999943211442,0.4814000003534602,0.04889999945589807,0.3911000003427034,1.2442000006558374,0.2653999999893131,0.0006000000212225132,0.07819999973435188,0.1111999999920954,0.017400000615452882,0.02390000008745119,0.032899999496294186,0.0749000000723754
test_consistent_random_observations__129,test_consistent_random_observations,PASS,solve_q1,observations,3,3,6,6,1.6802000000097905,POLYGON,6,25.350880607598643,12.675440303799322,12.973479135836232,0.2980388320369105,False,scipy_with_fraction_check,scipy_highs_with_fraction_check,,0.026300000172341242,0.46800000018265564,0.03530000049067894,0.39430000015272526,0.729900000806083,0.39850000030128285,0.0006000000212225132,0.1702999998087762,0.1370999998471234,0.027300000510877,0.031099999432626646,0.030900000638212077,0.05749999854742782
test_consistent_random_observations__130,test_consistent_random_observations,PASS,solve_q1,observations,4,4,8,8,2.0792000004803413,POLYGON,4,12.686195811969542,6.343097905984771,6.343097905984776,5.329070518200751e-15,True,scipy_with_fraction_check,scipy_highs_with_fraction_check,,0.026499999876250513,0.48040000001492444,0.0487000006614835,0.3897000005963491,1.218700000208628,0.28500000007625204,0.0005000001692678779,0.08299999990413198,0.12519999927462777,0.01720000000204891,0.027100000806967728,0.030700000024808105,0.06860000030428637
test_consistent_random_observations__131,test_consistent_random_observations,PASS,solve_q1,observations,3,3,6,6,1.3970999998491607,POLYGON,3,26.835474185274858,13.417737092637429,16.699666448674503,3.2819293560370735,False,scipy_with_fraction_check,scipy_highs_with_fraction_check,,0.025100000129896216,0.47309999990829965,0.03480000032141106,0.40019999960350106,0.6457999998019659,0.19220000012865057,0.0006000000212225132,0.047900000026857015,0.09309999950346537,0.012100000276404899,0.01739999970595818,0.019799999790848233,0.06089999988034833
test_consistent_random_observations__132,test_consistent_random_observations,PASS,solve_q1,observations,4,4,8,8,2.0472999995035934,POLYGON,4,26.835474185274858,13.417737092637429,13.417737092637434,5.329070518200751e-15,True,scipy_with_fraction_check,scipy_highs_with_fraction_check,,0.027100000806967728,0.4751999995278311,0.0486999997519888,0.3860000006170594,1.2090999998690677,0.2680000006876071,0.0006000000212225132,0.07790000017848797,0.12140000035287812,0.017600000319362152,0.021099999685247894,0.028200000087963417,0.06789999861211982
test_consistent_random_observations__133,test_consistent_random_observations,PASS,solve_q1,observations,3,3,6,6,1.6773000006651273,POLYGON,5,20.546170899938325,10.273085449969162,16.12589986624213,5.852814416272967,False,scipy_with_fraction_check,scipy_highs_with_fraction_check,,0.02719999974942766,0.5006000001230859,0.03679999917949317,0.4231000002619112,0.7467000004908186,0.3422999998292653,0.0006000000212225132,0.137400000312482,0.11629999971773941,0.025800000003073364,0.02970000059576705,0.03099999958067201,0.06050000047252979
test_consistent_random_observations__134,test_consistent_random_observations,PASS,solve_q1,observations,4,4,8,8,2.258399999846006,POLYGON,6,20.51773338550417,10.258866692752084,10.258866692752107,2.3092638912203256e-14,True,scipy_with_fraction_check,scipy_highs_with_fraction_check,,0.02680000034160912,0.47509999967587646,0.048800000513438135,0.3854000005958369,1.2458999999580556,0.4422000001795823,0.0006000000212225132,0.16739999955461826,0.1776000008248957,0.02719999974942766,0.030499999411404133,0.03770000057556899,0.0683999996908824
test_consistent_random_observations__135,test_consistent_random_observations,PASS,solve_q1,observations,3,3,6,6,1.607000000149128,POLYGON,5,17.92004184716972,8.96002092358486,9.549138863770946,0.5891179401860853,False,scipy_with_fraction_check,scipy_highs_with_fraction_check,,0.027799999770650174,0.4975000001650187,0.03790000027947826,0.4202999998597079,0.7124000003386755,0.30729999980394496,0.0006000000212225132,0.11820000054285629,0.11199999971722718,0.022700000045006163,0.025399999685760122,0.02719999974942766,0.06200000007083872
test_consistent_random_observations__136,test_consistent_random_observations,PASS,solve_q1,observations,4,4,8,8,2.140499999768508,POLYGON,5,17.92004184716972,8.96002092358486,9.549138863770946,0.5891179401860853,False,scipy_with_fraction_check,scipy_highs_with_fraction_check,,0.02660000063769985,0.4810999998881016,0.049700000090524554,0.39010000000416767,1.2501999999585678,0.3139000000373926,0.0005000001692678779,0.11770000037358841,0.11319999975967221,0.022700000045006163,0.025299999833805487,0.03329999981360743,0.0686999992467463
test_consistent_random_observations__137,test_consistent_random_observations,PASS,solve_q1,observations,3,3,6,6,1.436900000044261,POLYGON,4,25.987897097450688,12.993948548725344,20.34574339427128,7.351794845545937,False,scipy_with_fraction_check,scipy_highs_with_fraction_check,,0.02570000015111873,0.4758000004585483,0.03550000019458821,0.4017000001113047,0.6501000007119728,0.2235000001746812,0.0006000000212225132,0.07639999967068434,0.08280000020022271,0.017999999727180693,0.021100000594742596,0.023499999770137947,0.06179999854794005
test_consistent_random_observations__138,test_consistent_random_observations,PASS,solve_q1,observations,4,4,8,8,2.128899999661371,POLYGON,5,25.987897097450688,12.993948548725344,16.38629054678608,3.3923419980607346,False,scipy_with_fraction_check,scipy_highs_with_fraction_check,,0.026699999580159783,0.48860000060813036,0.049500000386615284,0.3956000000471249,1.2483999998949002,0.2963999995699851,0.0006000000212225132,0.11610000001383014,0.09810000028664945,0.023100000362319406,0.024599999960628338,0.032699999792384915,0.06880000000819564
test_consistent_random_observations__139,test_consistent_random_observations,PASS,solve_q1,observations,3,3,6,6,1.5174000000115484,POLYGON,5,18.55282554527517,9.276412772637585,11.040324174163743,1.7639114015261583,False,scipy_with_fraction_check,scipy_highs_with_fraction_check,,0.025999999706982635,0.46409999958996195,0.03419999939069385,0.39149999975052197,0.6690000000162399,0.2981999996336526,0.0005000001692678779,0.11970000014116522,0.09839999984251335,0.023499999770137947,0.02570000015111873,0.029099999665049836,0.06010000106471125
test_consistent_random_observations__140,test_consistent_random_observations,PASS,solve_q1,observations,4,4,8,8,2.2747000002709683,POLYGON,6,17.7627306792776,8.8813653396388,10.735862738513486,1.8544973988746865,False,scipy_with_fraction_check,scipy_highs_with_fraction_check,,0.02700000004551839,0.47279999944294104,0.047900000936351717,0.3847999996651197,1.2907000000268454,0.4170000001977314,0.0006000000212225132,0.16670000059093582,0.15239999993355013,0.027600000066740904,0.030299999707494862,0.03819999983534217,0.06720000055793207
test_consistent_random_observations__141,test_consistent_random_observations,PASS,solve_q1,observations,3,3,6,6,1.6009000000849483,POLYGON,5,19.302908920579394,9.651454460289697,9.686188153598927,0.03473369330922971,False,scipy_with_fraction_check,scipy_highs_with_fraction_check,,0.025899999855028,0.46639999982289737,0.03509999987727497,0.3939000007449067,0.7145999998101615,0.33680000069580274,0.0005000001692678779,0.11940000058530131,0.13939999917056412,0.02320000021427404,0.02550000044720946,0.027499999305291567,0.05719999990105862
test_consistent_random_observations__142,test_consistent_random_observations,PASS,solve_q1,observations,4,4,8,8,2.4943999997049104,POLYGON,5,19.208580491575876,9.604290245787938,9.627962241979635,0.023671996191696465,False,scipy_with_fraction_check,scipy_highs_with_fraction_check,,0.026300000172341242,0.5357999998523155,0.04910000006930204,0.4447999999683816,1.4349999992191442,0.42639999992388766,0.0006999998731771484,0.1357000001007691,0.17529999968246557,0.03219999962311704,0.03390000074432464,0.04669999998441199,0.07090000053722179
test_consistent_random_observations__143,test_consistent_random_observations,PASS,solve_q1,observations,3,3,6,6,1.570499999616004,POLYGON,4,31.011424830055763,15.505712415027881,15.505712415027896,1.4210854715202004e-14,True,scipy_with_fraction_check,scipy_highs_with_fraction_check,,0.02530000074330019,0.49060000037570717,0.03640000068116933,0.4130000006625778,0.7264999994731625,0.2699000006032293,0.0006000000212225132,0.08040000011533266,0.12300000071263639,0.018599999748403206,0.021899999410379678,0.024100000700855162,0.05819999842060497
test_consistent_random_observations__144,test_consistent_random_observations,PASS,solve_q1,observations,4,4,8,8,2.724599999964994,POLYGON,5,28.681728902376182,14.340864451188091,14.340864451188095,3.552713678800501e-15,True,scipy_with_fraction_check,scipy_highs_with_fraction_check,,0.03169999945384916,0.5782999996881699,0.057699999160831794,0.4711999999926775,1.562000000376429,0.47050000011950033,0.0007999997251317836,0.15549999989161734,0.20289999974920647,0.030700000024808105,0.0335000004270114,0.04530000023805769,0.08210000032704556
test_consistent_random_observations__145,test_consistent_random_observations,PASS,solve_q1,observations,3,3,6,6,1.6078000007837545,POLYGON,5,26.891954524394816,13.445977262197408,14.377575624125836,0.9315983619284278,False,scipy_with_fraction_check,scipy_highs_with_fraction_check,,0.02500000027794158,0.49390000003768364,0.036500000533123966,0.4171999999016407,0.7034000000203378,0.3237999999328167,0.0006000000212225132,0.1142999999501626,0.12220000007800991,0.022000000171829015,0.024199999643315095,0.03930000002583256,0.06170000051497482
test_consistent_random_observations__146,test_consistent_random_observations,PASS,solve_q1,observations,4,4,8,8,2.1667000000888947,POLYGON,5,18.626933282401094,9.313466641200547,10.161280450929183,0.8478138097286365,False,scipy_with_fraction_check,scipy_highs_with_fraction_check,,0.027400000362831634,0.5027000006521121,0.050600000577105675,0.4098999997950159,1.2708000003840425,0.29570000060630264,0.0006000000212225132,0.11639999956969405,0.0976999999693362,0.022000000171829015,0.023999999939405825,0.0335000004270114,0.0700999980836059
test_consistent_random_observations__147,test_consistent_random_observations,PASS,solve_q1,observations,3,3,6,6,1.55819999963569,POLYGON,5,16.28343874830061,8.141719374150306,10.020325876117752,1.8786065019674467,False,scipy_with_fraction_check,scipy_highs_with_fraction_check,,0.02570000015111873,0.48239999978250125,0.036499999623629265,0.4061999998157262,0.6655000006503542,0.3272000003562425,0.0005000001692678779,0.11449999965407187,0.13490000037563732,0.023100000362319406,0.025599999389669392,0.027300000510877,0.05739999869547319
test_consistent_random_observations__148,test_consistent_random_observations,PASS,solve_q1,observations,4,4,8,8,2.204899999924237,POLYGON,5,16.28343874830061,8.141719374150306,8.461997439298743,0.3202780651484378,False,scipy_with_fraction_check,scipy_highs_with_fraction_check,,0.02700000004551839,0.49679999938234687,0.05160000091564143,0.40239999998448184,1.2861000004704692,0.325400000292575,0.0006000000212225132,0.11559999984456226,0.12490000062825857,0.023300000066228677,0.025499999537714757,0.03420000030018855,0.06959999973332742
test_consistent_random_observations__149,test_consistent_random_observations,PASS,solve_q1,observations,3,3,6,6,1.7029000000547967,POLYGON,5,25.50987491365179,12.754937456825894,15.09940224474934,2.344464787923446,False,scipy_with_fraction_check,scipy_highs_with_fraction_check,,0.03509999987727497,0.5597999997917213,0.042299999222450424,0.4743999998026993,0.7354999997915002,0.3088000003117486,0.0006000000212225132,0.12400000014167745,0.10310000016033882,0.02370000038354192,0.02719999974942766,0.02880000010918593,0.06370000028255163
test_consistent_random_observations__150,test_consistent_random_observations,PASS,solve_q1,observations,4,4,8,8,2.47990000025311,POLYGON,6,20.417231311133513,10.208615655566756,10.4551442336223,0.2465285780555444,False,scipy_with_fraction_check,scipy_highs_with_fraction_check,,0.0366000003850786,0.5252999999356689,0.050999999984924216,0.4314999996495317,1.4063999997233623,0.4335000003266032,0.0006000000212225132,0.17389999993611127,0.15860000075917924,0.028199999178468715,0.03130000004603062,0.03950000063923653,0.07809999988239724
test_consistent_random_observations__151,test_consistent_random_observations,PASS,solve_q1,observations,3,3,6,6,1.8047000003207359,POLYGON,6,30.782561073253586,15.391280536626793,16.05585177680175,0.664571240174956,False,scipy_with_fraction_check,scipy_highs_with_fraction_check,,0.028299999939918052,0.515899999300018,0.041900000724126585,0.42050000047311187,0.7580999999845517,0.4369999996924889,0.0005000001692678779,0.1739999997880659,0.16929999947024044,0.028700000257231295,0.031200000194075983,0.03199999991920777,0.06540000140375923
test_consistent_random_observations__152,test_consistent_random_observations,PASS,solve_q1,observations,4,4,8,8,2.32990000040445,POLYGON,6,30.395780286786067,15.197890143393034,15.19789014339304,7.105427357601002e-15,True,scipy_with_fraction_check,scipy_highs_with_fraction_check,,0.028399999791872688,0.5374000002120738,0.06269999994401587,0.4278999995221966,1.2772999998560408,0.4186999994999496,0.0006000000212225132,0.15720000010333024,0.16770000001997687,0.026199999410891905,0.02860000040527666,0.03709999964485178,0.06810000104451319
test_consistent_random_observations__153,test_consistent_random_observations,PASS,solve_q1,observations,3,3,6,6,1.734299999952782,POLYGON,6,16.22981576796982,8.11490788398491,8.11490788398491,0.0,True,scipy_with_fraction_check,scipy_highs_with_fraction_check,,0.027400000362831634,0.4782999994858983,0.03569999989849748,0.40329999956156826,0.7131000002118526,0.45310000041354215,0.0006000000212225132,0.16659999982948648,0.18800000088958768,0.030299999707494862,0.03219999962311704,0.03400000059627928,0.062399999478657264
test_consistent_random_observations__154,test_consistent_random_observations,PASS,solve_q1,observations,4,4,8,8,3.9615999994566664,POLYGON,7,15.66922215318764,7.83461107659382,8.24205703687934,0.4074459602855196,False,scipy_with_fraction_check,scipy_highs_with_fraction_check,,0.03839999953925144,1.2478999997256324,0.1264000002265675,1.009900000099151,1.8599999993966776,0.6837999999333988,0.000999999429041054,0.32890000056795543,0.1894999995784019,0.048099999730766285,0.049199999921256676,0.06510000002890592,0.1315000008617062
test_consistent_random_observations__155,test_consistent_random_observations,PASS,solve_q1,observations,3,3,6,6,3.090499999416352,POLYGON,3,14.531833146560603,7.265916573280301,10.978508424883996,3.712591851603695,False,scipy_with_fraction_check,scipy_highs_with_fraction_check,,0.05809999947814504,1.0237000005872687,0.07499999992433004,0.8753000001888722,1.4125000006970367,0.4718000000139,0.001499999598308932,0.1173999999082298,0.22820000049250666,0.02989999939018162,0.04330000047048088,0.048299999434675556,0.12439999864000129
test_consistent_random_observations__156,test_consistent_random_observations,PASS,solve_q1,observations,4,4,8,8,3.664099999696191,POLYGON,3,5.042656613974294,2.521328306987147,3.9314127551999016,1.4100844482127548,False,scipy_with_fraction_check,scipy_highs_with_fraction_check,,0.05869999949936755,1.0337999992771074,0.10449999990669312,0.8344000007127761,2.100599999721453,0.3228999994462356,0.0009000004865811206,0.08189999971364159,0.14480000027106144,0.02119999953720253,0.030700000024808105,0.0411000000895001,0.1481000017520273
test_consistent_random_observations__157,test_consistent_random_observations,PASS,solve_q1,observations,3,3,6,6,2.10010000046168,POLYGON,5,24.743918081324423,12.371959040662212,12.371959040662224,1.2434497875801753e-14,True,scipy_with_fraction_check,scipy_highs_with_fraction_check,,0.03310000010969816,0.7795000001351582,0.04640000042854808,0.6768000002921326,0.8010000001377193,0.409600000239152,0.0006999998731771484,0.14250000003812602,0.17579999985173345,0.027300000510877,0.029099999665049836,0.032699999792384915,0.07689999983995222
test_consistent_random_observations__158,test_consistent_random_observations,PASS,solve_q1,observations,4,4,8,8,4.640299999664421,POLYGON,3,12.660570437339388,6.330285218669694,9.296109837786624,2.9658246191169297,False,scipy_with_fraction_check,scipy_highs_with_fraction_check,,0.05310000051395036,0.99560000035126,0.09630000022298191,0.8120000002236338,2.9012999993938138,0.5545000003621681,0.0015000005078036338,0.13219999982538866,0.2584000003480469,0.042300000131945126,0.05149999924469739,0.06490000032499665,0.13579999904322904
test_consistent_random_observations__159,test_consistent_random_observations,PASS,solve_q1,observations,3,3,6,6,2.5998999999501393,POLYGON,5,23.86658576788942,11.93329288394471,15.065429420008051,3.132136536063342,False,scipy_with_fraction_check,scipy_highs_with_fraction_check,,0.05050000072515104,0.8245999997598119,0.06550000034621917,0.690799999574665,1.1104000004706904,0.5074000000604428,0.0007999997251317836,0.18210000052931719,0.210000000151922,0.03509999987727497,0.03699999979289714,0.040300000364368316,0.1069999989340431
test_consistent_random_observations__160,test_consistent_random_observations,PASS,solve_q1,observations,4,4,8,8,2.3242000006575836,POLYGON,5,23.86658576788942,11.93329288394471,15.065429420008051,3.132136536063342,False,scipy_with_fraction_check,scipy_highs_with_fraction_check,,0.031100000342121348,0.5441000002974761,0.0548999996681232,0.4435999999259366,1.3289999997141422,0.3417000007175375,0.0006000000212225132,0.11919999997189734,0.13870000020688167,0.023599999622092582,0.02479999966453761,0.033400000575056765,0.07829999958630651
test_consistent_random_observations__161,test_consistent_random_observations,PASS,solve_q1,observations,3,3,6,6,1.7633999996178318,POLYGON,4,25.581473800958232,12.790736900479116,15.957837228437715,3.1671003279585985,False,scipy_with_fraction_check,scipy_highs_with_fraction_check,,0.024900000425986946,0.7579000002806424,0.0382999987778021,0.6790999996155733,0.6737000003340654,0.2486000003045774,0.0006000000212225132,0.07760000062262407,0.1066999993781792,0.017600000319362152,0.021099999685247894,0.023600000531587284,0.058299998272559606
test_consistent_random_observations__162,test_consistent_random_observations,PASS,solve_q1,observations,4,4,8,8,2.451899999869056,POLYGON,6,22.870502577644604,11.435251288822302,13.114006339519833,1.6787550506975304,False,scipy_with_fraction_check,scipy_highs_with_fraction_check,,0.030700000024808105,0.5267999995339778,0.052999999752501026,0.4310000003897585,1.3570000000981963,0.4655999991882709,0.0006999998731771484,0.1843999998527579,0.16909999976633117,0.030800000786257442,0.03389999983482994,0.045199999476608355,0.0718000010238029
test_consistent_random_observations__163,test_consistent_random_observations,PASS,solve_q1,observations,3,3,6,6,3.226400000130525,POLYGON,6,28.44783122999307,14.223915614996535,14.223915614996557,2.1316282072803006e-14,True,scipy_with_fraction_check,scipy_highs_with_fraction_check,,0.047700000322947744,0.8834000000206288,0.06269999994401587,0.7519999999203719,1.3109999999869615,0.8810999997876934,0.0012999998943996616,0.33660000008239876,0.35709999974642415,0.05700000019714935,0.058599999647412915,0.06759999996575061,0.10320000001229346
test_consistent_random_observations__164,test_consistent_random_observations,PASS,solve_q1,observations,4,4,8,8,3.0526000000463682,POLYGON,6,16.049549728366415,8.024774864183208,8.395012830816738,0.37023796663353004,False,scipy_with_fraction_check,scipy_highs_with_fraction_check,,0.04710000030172523,0.8178999996744096,0.08660000003146706,0.6598999998459476,1.6131000002133078,0.45880000016040867,0.0006000000212225132,0.18110000019078143,0.17440000010537915,0.029099999665049836,0.03079999987676274,0.0411000000895001,0.1156999996965169
test_consistent_random_observations__165,test_consistent_random_observations,PASS,solve_q1,observations,3,3,6,6,1.822399999582558,POLYGON,6,23.772736553421012,11.886368276710506,11.886368276710506,0.0,True,scipy_with_fraction_check,scipy_highs_with_fraction_check,,0.02680000034160912,0.5000000001018634,0.038100000892882235,0.42239999947923934,0.7560000003650202,0.478099999781989,0.0006000000212225132,0.18459999955666717,0.1937000006364542,0.030100000003585592,0.033799999982875306,0.03399999968678458,0.061499998992076144
test_consistent_random_observations__166,test_consistent_random_observations,PASS,solve_q1,observations,4,4,8,8,3.022699999746692,POLYGON,6,23.772736553421012,11.886368276710506,11.886368276710506,0.0,True,scipy_with_fraction_check,scipy_highs_with_fraction_check,,0.02700000004551839,1.0298999995939084,0.05089999922347488,0.9359000005133566,1.359200000479177,0.5371999995986698,0.0007999997251317836,0.20479999966482865,0.21749999996245606,0.031400000807479955,0.036299999919719994,0.04489999992074445,0.06940000002941815
test_consistent_random_observations__167,test_consistent_random_observations,PASS,solve_q1,observations,3,3,6,6,1.539299999421928,POLYGON,4,25.613012744259628,12.806506372129814,12.80650637212984,2.6645352591003757e-14,True,scipy_with_fraction_check,scipy_highs_with_fraction_check,,0.026200000320386607,0.5062999998699524,0.0380000001314329,0.4274000002624234,0.6820999997216859,0.2660000000105356,0.0006000000212225132,0.07719999939581612,0.12140000035287812,0.018900000213761814,0.02119999953720253,0.025400000595254824,0.05869999949936755
test_consistent_random_observations__168,test_consistent_random_observations,PASS,solve_q1,observations,4,4,8,8,3.3719000002747634,POLYGON,4,19.09083938013213,9.545419690066065,9.545419690066074,8.881784197001252e-15,True,scipy_with_fraction_check,scipy_highs_with_fraction_check,,0.06010000015521655,1.3061999998171814,0.11280000035185367,1.0995000002367306,1.5702999999120948,0.2885000003516325,0.0006000000212225132,0.08340000022144523,0.1301000002058572,0.019799999790848233,0.02300000051036477,0.030199999855540227,0.14680000003863825
test_consistent_random_observations__169,test_consistent_random_observations,PASS,solve_q1,observations,3,3,6,6,2.6073000008182134,POLYGON,5,21.0435559471971,10.52177797359855,12.701437817551831,2.1796598439532815,False,scipy_with_fraction_check,scipy_highs_with_fraction_check,,0.028399999791872688,0.5025000000387081,0.039399999877787195,0.4226000000926433,1.6110999995362363,0.4019999996671686,0.0006000000212225132,0.1326000001427019,0.18009999985224567,0.02570000015111873,0.028700000257231295,0.03259999994043028,0.06330000178422779
test_consistent_random_observations__170,test_consistent_random_observations,PASS,solve_q1,observations,4,4,8,8,3.24819999968895,POLYGON,7,21.0435559471971,10.52177797359855,12.701437817551831,2.1796598439532815,False,scipy_with_fraction_check,scipy_highs_with_fraction_check,,0.02990000029967632,1.2496999997893,0.05359999977372354,1.07060000027559,1.3407999995251885,0.549700000192388,0.0006000000212225132,0.23270000019692816,0.19470000006549526,0.03509999987727497,0.03889999970851932,0.046099999963189475,0.07809999988239724
test_consistent_random_observations__171,test_consistent_random_observations,PASS,solve_q1,observations,3,3,6,6,2.006499999879452,POLYGON,6,21.91320695917051,10.956603479585254,10.956603479585269,1.4210854715202004e-14,True,scipy_with_fraction_check,scipy_highs_with_fraction_check,,0.06000000030326191,0.6008000000292668,0.079100000220933,0.4749999998239218,0.7556999998996616,0.46440000005532056,0.0006000000212225132,0.17810000008466886,0.18879999970522476,0.02970000059576705,0.03199999991920777,0.033799999982875306,0.12559999959194101
test_consistent_random_observations__172,test_consistent_random_observations,PASS,solve_q1,observations,4,4,8,8,3.392399999938789,POLYGON,6,19.904144780448533,9.952072390224266,10.085069966022342,0.13299757579807547,False,scipy_with_fraction_check,scipy_highs_with_fraction_check,,0.045199999476608355,0.8207999999285676,0.08119999984046444,0.6848000002719346,1.881800000774092,0.5301999999574036,0.0006999998731771484,0.1691999996182858,0.2072000006592134,0.06459999985963805,0.040099999750964344,0.04619999981514411,0.11439999980211724
test_consistent_random_observations__173,test_consistent_random_observations,PASS,solve_q1,observations,3,3,6,6,2.2662000001218985,POLYGON,6,31.75158382503002,15.87579191251501,15.87579191251502,8.881784197001252e-15,True,scipy_with_fraction_check,scipy_highs_with_fraction_check,,0.04400000034365803,0.8663999997224892,0.06140000004961621,0.7378999998763902,0.7857999999032472,0.4724000000351225,0.0006000000212225132,0.18230000023322646,0.19099999917671084,0.0304000004689442,0.032699999792384915,0.03389999983482994,0.09760000011738157
test_consistent_random_observations__174,test_consistent_random_observations,PASS,solve_q1,observations,4,4,8,8,2.2599000003538094,POLYGON,5,13.46589902881116,6.73294951440558,8.071725394475942,1.3387758800703624,False,scipy_with_fraction_check,scipy_highs_with_fraction_check,,0.028899999961140566,0.5266999996820232,0.052800000048591755,0.42889999986073235,1.3085000000501168,0.32190000001719454,0.0005000001692678779,0.12799999967683107,0.10490000022400636,0.024199999643315095,0.02769999991869554,0.035200000638724305,0.07390000064333435
test_consistent_random_observations__175,test_consistent_random_observations,PASS,solve_q1,observations,3,3,6,6,2.29120000039984,POLYGON,6,18.47240467265363,9.236202336326816,11.643535223063191,2.4073328867363752,False,scipy_with_fraction_check,scipy_highs_with_fraction_check,,0.027999999474559445,0.5168000006960938,0.03790000027947826,0.43790000017907005,0.9230999994542799,0.7593000000269967,0.001100000190490391,0.3392999997231527,0.23590000000695,0.055500000598840415,0.059899999541812576,0.06490000032499665,0.06400000074791024
test_consistent_random_observations__176,test_consistent_random_observations,PASS,solve_q1,observations,4,4,8,8,2.2812000006524613,POLYGON,6,17.86918476743969,8.934592383719846,10.94162996469077,2.007037580970925,False,scipy_with_fraction_check,scipy_highs_with_fraction_check,,0.02880000010918593,0.5181999995329534,0.05290000081004109,0.4217999994580168,1.2698000000455067,0.39170000036392594,0.0006000000212225132,0.1658000001043547,0.12249999963387381,0.02860000040527666,0.0320999997711624,0.04079999962414149,0.07270000060088933
test_consistent_random_observations__177,test_consistent_random_observations,PASS,solve_q1,observations,3,3,6,6,1.8555000006017508,POLYGON,5,18.167080593364368,9.083540296682184,9.27266433895939,0.18912404227720536,False,scipy_with_fraction_check,scipy_highs_with_fraction_check,,0.026599999728205148,0.497699999868928,0.03699999979289714,0.42039999971166253,0.8907999999792082,0.3801000002567889,0.0006000000212225132,0.1173999999082298,0.1602000002094428,0.029599999834317714,0.033400000575056765,0.037400000110210385,0.06030000076862052
test_consistent_random_observations__178,test_consistent_random_observations,PASS,solve_q1,observations,4,4,8,8,2.235099999779777,POLYGON,5,18.167080593364368,9.083540296682184,9.27266433895939,0.18912404227720536,False,scipy_with_fraction_check,scipy_highs_with_fraction_check,,0.0289999998130952,0.5301999999574036,0.05359999977372354,0.4304999993109959,1.2513000001490582,0.3516000006129616,0.0006000000212225132,0.11989999984507449,0.1419000000169035,0.02370000038354192,0.026300000172341242,0.037799999518028926,0.07299999924725853
test_consistent_random_observations__179,test_consistent_random_observations,PASS,solve_q1,observations,3,3,6,6,1.9993999994767364,POLYGON,6,26.421712805055996,13.210856402527998,17.77190923039144,4.561052827863442,False,scipy_with_fraction_check,scipy_highs_with_fraction_check,,0.027400000362831634,0.5590999999185442,0.038299999687296804,0.4530000005615875,0.817799999822455,0.5326999998942483,0.0006000000212225132,0.18910000017058337,0.2212999997937004,0.038099999983387534,0.04369999987829942,0.03819999983534217,0.062399999478657264
test_consistent_random_observations__180,test_consistent_random_observations,PASS,solve_q1,observations,4,4,8,8,2.521500000511878,POLYGON,7,25.04011372687751,12.520056863438755,16.94851541681587,4.428458553377114,False,scipy_with_fraction_check,scipy_highs_with_fraction_check,,0.02949999998236308,0.5352999996830476,0.054400000408350024,0.4366000002846704,1.384199999847624,0.49619999936112436,0.0006000000212225132,0.24479999956383836,0.1357000001007691,0.03319999996165279,0.03639999977167463,0.04400000034365803,0.0763000016377191
test_consistent_random_observations__181,test_consistent_random_observations,PASS,solve_q1,observations,3,3,6,6,1.8165000001317821,POLYGON,6,22.049994419460035,11.024997209730017,14.442755728578629,3.4177585188486113,False,scipy_with_fraction_check,scipy_highs_with_fraction_check,,0.03060000017285347,0.4970999998477055,0.03790000027947826,0.4184000008535804,0.7723999997324427,0.44889999935548985,0.0006999998731771484,0.1770999997461331,0.17349999961879803,0.02949999998236308,0.03330000072310213,0.0334999995175167,0.06750000102329068
test_consistent_random_observations__182,test_consistent_random_observations,PASS,solve_q1,observations,4,4,8,8,2.2238999999899534,POLYGON,4,18.841193792468655,9.420596896234327,13.794048885883573,4.373451989649245,False,scipy_with_fraction_check,scipy_highs_with_fraction_check,,0.032699999792384915,0.5698000004485948,0.05340000006981427,0.4709999993792735,1.2435999997251201,0.30049999986658804,0.0007000007826718502,0.08629999956610845,0.13760000001639128,0.01900000006571645,0.024500000108673703,0.030899999728717376,0.07730000015726546
test_consistent_random_observations__183,test_consistent_random_observations,PASS,solve_q1,observations,3,3,6,6,1.8115000002580928,POLYGON,4,17.593011423252317,8.796505711626159,12.017280709809127,3.220774998182968,False,scipy_with_fraction_check,scipy_highs_with_fraction_check,,0.046099999963189475,0.6151999996291124,0.03909999941242859,0.5306000002747169,0.7377000001724809,0.34270000014657853,0.0007999997251317836,0.11670000003505265,0.12800000058632577,0.02719999974942766,0.03279999964433955,0.035200000638724305,0.0698000003467314
test_consistent_random_observations__184,test_consistent_random_observations,PASS,solve_q1,observations,4,4,8,8,2.73399999969115,POLYGON,5,17.593011423252317,8.796505711626159,11.586180163874873,2.7896744522487147,False,scipy_with_fraction_check,scipy_highs_with_fraction_check,,0.09500000032858225,0.7301999994524522,0.053700000535172876,0.6316000008155243,1.4283999998951913,0.39060000017343555,0.0007999997251317836,0.1343000003544148,0.14149999969959026,0.033400000575056765,0.03679999917949317,0.04200000057608122,0.0897999998414889
test_consistent_random_observations__185,test_consistent_random_observations,PASS,solve_q1,observations,3,3,6,6,1.938700000209792,POLYGON,6,29.58859029290227,14.794295146451136,15.666215679622413,0.8719205331712772,False,scipy_with_fraction_check,scipy_highs_with_fraction_check,,0.03219999962311704,0.6149000000732485,0.03960000049119117,0.5319000001691165,0.7809999997334671,0.4434000002220273,0.0006000000212225132,0.18280000040249433,0.15910000001895241,0.031800000215298496,0.032699999792384915,0.034699999559961725,0.06720000055793207
test_consistent_random_observations__186,test_consistent_random_observations,PASS,solve_q1,observations,4,4,8,8,2.5760999997146428,POLYGON,6,26.447954010706965,13.223977005353483,15.708333124572306,2.4843561192188233,False,scipy_with_fraction_check,scipy_highs_with_fraction_check,,0.04269999953976367,0.6111000002420042,0.05450000026030466,0.5093999998280196,1.378100000692939,0.4654000003938563,0.0008999995770864189,0.18000000000029104,0.17800000023271423,0.03079999987676274,0.03259999994043028,0.0411000000895001,0.07879999884607969
test_consistent_random_observations__187,test_consistent_random_observations,PASS,solve_q1,observations,3,3,6,6,1.905099999930826,POLYGON,4,27.2693152558022,13.6346576279011,20.206083190552533,6.571425562651433,False,scipy_with_fraction_check,scipy_highs_with_fraction_check,,0.030899999728717376,0.6894999996802653,0.03840000044874614,0.6100999999034684,0.8214999998017447,0.29879999965487514,0.0007999997251317836,0.0836000008348492,0.14069999997445848,0.019799999790848233,0.024699999812582973,0.02750000021478627,0.06440000106522348
test_consistent_random_observations__188,test_consistent_random_observations,PASS,solve_q1,observations,4,4,8,8,2.3973999996087514,POLYGON,5,25.360129063609357,12.680064531804678,12.68006453180473,5.1514348342607263e-14,True,scipy_with_fraction_check,scipy_highs_with_fraction_check,,0.035799999750452116,0.5877000003238209,0.05360000068321824,0.49029999991034856,1.319099999818718,0.3797999997914303,0.0006999998731771484,0.12850000075559365,0.16149999919434777,0.024300000404764432,0.027799999770650174,0.035400000342633575,0.07499999992433004
test_consistent_random_observations__189,test_consistent_random_observations,PASS,solve_q1,observations,3,3,6,6,1.9417000003159046,POLYGON,6,32.095407317363275,16.047703658681638,16.04770365868164,3.552713678800501e-15,True,scipy_with_fraction_check,scipy_highs_with_fraction_check,,0.03870000000461005,0.5983999999443768,0.03909999941242859,0.5162999996173312,0.7645000005140901,0.4741000002468354,0.0006999998731771484,0.18360000012762612,0.19239999983255984,0.029400000130408444,0.03290000040578889,0.03370000013092067,0.06599999960599234
test_consistent_random_observations__190,test_consistent_random_observations,PASS,solve_q1,observations,4,4,8,8,2.7362999999240856,POLYGON,7,32.095407317363275,16.047703658681638,16.04770365868164,3.552713678800501e-15,True,scipy_with_fraction_check,scipy_highs_with_fraction_check,,0.04019999960291898,0.602699999944889,0.05439999949885532,0.5012000001443084,1.4206000005287933,0.5943000005572685,0.0007999997251317836,0.2469000000928645,0.22589999935007654,0.034300000152143184,0.03689999994094251,0.047900000026857015,0.07849999929021578
test_consistent_random_observations__191,test_consistent_random_observations,PASS,solve_q1,observations,3,3,6,6,1.7919000001711538,POLYGON,4,18.55843083331396,9.27921541665698,11.240326457713197,1.961111041056217,False,scipy_with_fraction_check,scipy_highs_with_fraction_check,,0.038099999983387534,0.6739999998899293,0.03929999911633786,0.5897999999433523,0.7372999998551677,0.2741999996942468,0.0007999997251317836,0.08510000043315813,0.11799999992945231,0.019799999790848233,0.023399999918183312,0.025600000299164094,0.06830000074842246
test_consistent_random_observations__192,test_consistent_random_observations,PASS,solve_q1,observations,4,4,8,8,2.6830999995581806,POLYGON,4,16.359992017934047,8.179996008967024,9.527935892170273,1.3479398832032494,False,scipy_with_fraction_check,scipy_highs_with_fraction_check,,0.03890000061801402,0.6011999994370854,0.05380000038712751,0.500099999953818,1.4031999999133404,0.56010000025708,0.001100000190490391,0.2807000000757398,0.17639999987295596,0.026900000193563756,0.033099999200203456,0.04000000080850441,0.07969999933266081
test_consistent_random_observations__193,test_consistent_random_observations,PASS,solve_q1,observations,3,3,6,6,2.063599999928556,POLYGON,5,30.5646618518437,15.28233092592185,21.700051717882033,6.417720791960184,False,scipy_with_fraction_check,scipy_highs_with_fraction_check,,0.04460000036488054,0.8147000007738825,0.06789999952161452,0.6963000005271169,0.7570999996460159,0.37569999949482735,0.0007999997251317836,0.12820000029023504,0.16330000016751,0.02500000027794158,0.02699999913602369,0.030100000003585592,0.0714999996489496
test_consistent_random_observations__194,test_consistent_random_observations,PASS,solve_q1,observations,4,4,8,8,2.2122000000308617,POLYGON,5,29.926100232289183,14.963050116144592,14.963050116144617,2.4868995751603507e-14,True,scipy_with_fraction_check,scipy_highs_with_fraction_check,,0.02919999951700447,0.536399999873538,0.04889999945589807,0.44019999950251076,1.2296999993850477,0.3467999995336868,0.0006000000212225132,0.11670000003505265,0.14659999942523427,0.023300000066228677,0.025100000129896216,0.03310000010969816,0.0701000017215847
test_consistent_random_observations__195,test_consistent_random_observations,PASS,solve_q1,observations,3,3,6,6,2.755999999862979,POLYGON,3,23.61149311599478,11.80574655799739,16.787054456328583,4.981307898331194,False,scipy_with_fraction_check,scipy_highs_with_fraction_check,,0.029800000447721686,1.7496999998911633,0.03790000027947826,1.6748000007282826,0.6908999994266196,0.21149999975023093,0.0006999998731771484,0.05210000017541461,0.10269999984302558,0.01340000017080456,0.019499999325489625,0.021800000467919745,0.07410000034724362
test_consistent_random_observations__196,test_consistent_random_observations,PASS,solve_q1,observations,4,4,8,8,2.213300000221352,POLYGON,3,23.61149311599478,11.80574655799739,16.787054456328583,4.981307898331194,False,scipy_with_fraction_check,scipy_highs_with_fraction_check,,0.03399999968678458,0.5779000002803514,0.05340000006981427,0.4814000003534602,1.2932999998156447,0.22939999962545699,0.0006999998731771484,0.053500000831263606,0.11279999944235897,0.01340000017080456,0.019600000086938962,0.027600000066740904,0.07870000081311446
test_consistent_random_observations__197,test_consistent_random_observations,PASS,solve_q1,observations,3,3,6,6,1.8396000004941016,POLYGON,6,20.200666669200956,10.100333334600478,14.483456133250828,4.38312279865035,False,scipy_with_fraction_check,scipy_highs_with_fraction_check,,0.02880000010918593,0.565199999982724,0.0382999987778021,0.48319999950763304,0.7485000005544862,0.43289999939588597,0.0006000000212225132,0.17800000023271423,0.16649999997753184,0.027399999453336932,0.028200000087963417,0.030899999728717376,0.0642000004518195
test_consistent_random_observations__198,test_consistent_random_observations,PASS,solve_q1,observations,4,4,8,8,2.6102000001628767,POLYGON,7,20.200666669200956,10.100333334600478,14.406400681457223,4.306067346856745,False,scipy_with_fraction_check,scipy_highs_with_fraction_check,,0.03319999996165279,0.5762000000686385,0.05410000085248612,0.4761000000144122,1.3860999997632462,0.5376999997679377,0.0005000001692678779,0.23360000068350928,0.18519999957788968,0.03409999953873921,0.0366000003850786,0.046299999667098746,0.07700000060140155
test_consistent_random_observations__199,test_consistent_random_observations,PASS,solve_q1,observations,3,3,6,6,1.7723999999361695,POLYGON,6,34.018791863941445,17.009395931970722,17.009395931970726,3.552713678800501e-15,True,scipy_with_fraction_check,scipy_highs_with_fraction_check,,0.025999999706982635,0.5215999999563792,0.035400000342633575,0.4439000003912952,0.7195999996838509,0.4468000006454531,0.0006000000212225132,0.17050000042218016,0.18230000023322646,0.02949999998236308,0.031299999136535916,0.03130000004603062,0.058399999943503644
test_consistent_random_observations__200,test_consistent_random_observations,PASS,solve_q1,observations,4,4,8,8,2.708199999688077,POLYGON,5,24.934925538381624,12.467462769190812,13.727563865361734,1.2601010961709225,False,scipy_with_fraction_check,scipy_highs_with_fraction_check,,0.030900000638212077,0.632400000540656,0.0580000005356851,0.5254000006971182,1.5330999995057937,0.4295999997339095,0.0006000000212225132,0.130899999930989,0.16210000012506498,0.03329999981360743,0.056200000472017564,0.044499999603431206,0.0821999992695055
test_constant_constraints__001,test_constant_constraints,PASS,solve_halfplanes,halfplanes,,,1,,0.3341000001455541,EMPTY,0,,,,,,scipy_with_fraction_check,not_run_or_early_return,0.3115999998044572,,,,,,,,,,,,,0.022500000341096893
test_constant_constraints__002,test_constant_constraints,PASS,solve_halfplanes,halfplanes,,,1,,0.3108000000793254,UNBOUNDED,0,Infinity,,,,,scipy_with_fraction_check,not_run_or_early_return,0.28810000003431924,,,,,,,,,,,,,0.022700000045006163
test_contradictory_parallel_constraints__001,test_contradictory_parallel_constraints,PASS,solve_halfplanes,halfplanes,,,2,2,0.6575999996130122,EMPTY,0,,,,,,scipy_with_fraction_check,scipy_highs_with_fraction_check,0.2750999992713332,,0.3315999992992147,0.028700000257231295,0.2932999996119179,,,,,,,,,0.05090000104246428
test_document_three_observations__001,test_document_three_observations,PASS,solve_q1,observations,3,3,6,6,1.7336999999315594,POLYGON,6,32.25187208460611,16.125936042303056,16.370309230688353,0.2443731883852962,False,scipy_with_fraction_check,scipy_highs_with_fraction_check,,0.02860000040527666,0.4859000000578817,0.03819999983534217,0.40919999992183875,0.7412000004478614,0.4125000004933099,0.0004999992597731762,0.16760000016802223,0.147800000377174,0.027999999474559445,0.035600000046542846,0.031600000511389226,0.06549999852722976
test_document_two_observations__001,test_document_two_observations,PASS,solve_q1,observations,2,2,4,4,2.9900000008638017,POLYGON,4,39.50834065898743,19.754170329493714,19.754170329493714,0.0,True,scipy_with_fraction_check,scipy_highs_with_fraction_check,,0.028299999939918052,2.3818999998184154,0.02320000021427404,2.325899999959802,0.26110000089829555,0.2704999997149571,0.0006999998731771484,0.07480000022042077,0.13190000026952475,0.018999999156221747,0.022400000489142258,0.02029999996011611,0.04820000049221562
test_duplicate_and_permutation__001,test_duplicate_and_permutation,PASS,solve_q1,observations,2,2,4,4,1.252799999747367,POLYGON,4,39.50834065898743,19.754170329493714,19.754170329493714,0.0,True,scipy_with_fraction_check,scipy_highs_with_fraction_check,,0.030499999411404133,0.587200000154553,0.032300000384566374,0.5152999992787954,0.30190000052243704,0.27750000026571797,0.0006000000212225132,0.08160000015777769,0.13080000007903436,0.019499999325489625,0.02350000067963265,0.019999999494757503,0.055699999393254984
test_duplicate_and_permutation__002,test_duplicate_and_permutation,PASS,solve_q1,observations,4,2,8,4,1.1232999995627324,POLYGON,4,39.50834065898743,19.754170329493714,19.754170329493714,0.0,True,scipy_with_fraction_check,scipy_highs_with_fraction_check,,0.02990000029967632,0.49219999982597074,0.023499999770137947,0.4284000006009592,0.26730000081442995,0.27799999952549115,0.0005000001692678779,0.0793999997767969,0.13360000048123766,0.019499999325489625,0.023100000362319406,0.02049999966402538,0.055899999097164255
test_empty_observation_intersection__001,test_empty_observation_intersection,PASS,solve_q1,observations,2,2,4,4,0.5034999994677491,EMPTY,0,,,,,,scipy_with_fraction_check,scipy_highs_with_fraction_check,,0.027300000510877,0.42380000013508834,0.13560000024881447,0.278700000308163,,,,,,,,,0.05239999882178381
test_invalid_inputs__001,test_invalid_inputs,PASS,solve_q1,observations,0,0,,,0.009200000022246968,EXCEPTION,,,,,,,scipy_with_fraction_check,,,0.006300000677583739,,,,,,,,,,,,0.002899999344663229
test_invalid_inputs__002,test_invalid_inputs,PASS,solve_q1,observations,1,1,,,0.012299999980314169,EXCEPTION,,,,,,,scipy_with_fraction_check,,,0.00960000033956021,,,,,,,,,,,,0.0026999996407539584
test_invalid_inputs__003,test_invalid_inputs,PASS,solve_q1,observations,1,1,,,0.021799999558425043,EXCEPTION,,,,,,,scipy_with_fraction_check,,,0.018900000213761814,,,,,,,,,,,,0.002899999344663229
test_invalid_inputs__004,test_invalid_inputs,PASS,solve_q1,observations,1,1,,,0.02719999974942766,EXCEPTION,,,,,,,scipy_with_fraction_check,,,0.02390000008745119,,,,,,,,,,,,0.0032999996619764715
test_invalid_inputs__005,test_invalid_inputs,PASS,solve_q1,observations,1,1,,,0.31990000024961773,EXCEPTION,,,,,,,scipy_with_fraction_check,,0.30139999944367446,,,,,,,,,,,,,0.018500000805943273
test_invalid_inputs__006,test_invalid_inputs,PASS,solve_q1,observations,1,1,,,0.2952999993794947,EXCEPTION,,,,,,,scipy_with_fraction_check,,0.2782000001388951,,,,,,,,,,,,,0.017099999240599573
test_invalid_inputs__007,test_invalid_inputs,PASS,solve_q1,observations,1,1,,,0.33210000037797727,EXCEPTION,,,,,,,scipy_with_fraction_check,,0.3146999997625244,,,,,,,,,,,,,0.017400000615452882
test_invalid_inputs__008,test_invalid_inputs,PASS,solve_q1,observations,1,1,,,0.31320000016421545,EXCEPTION,,,,,,,scipy_with_fraction_check,,0.29999999969732016,,,,,,,,,,,,,0.01320000046689529
test_invalid_inputs__009,test_invalid_inputs,PASS,solve_q1,observations,1,1,,,0.3152999997837469,EXCEPTION,,,,,,,scipy_with_fraction_check,,0.2882999997382285,,,,,,,,,,,,,0.02700000004551839
test_lp_numerical_failure_not_unbounded__001,test_lp_numerical_failure_not_unbounded,PASS,solve_q1,observations,2,2,4,4,0.1283999999941443,NUMERICAL_ISSUE,0,,,,,,mocked_linprog,scipy_highs_with_fraction_check,,0.025800000003073364,0.055900000006658956,0.029400000130408444,0.018900000213761814,,,,,,,,,0.04669999998441199
test_lp_uses_free_variables__001,test_lp_uses_free_variables,PASS,solve_q1,observations,1,1,2,2,0.10569999994913815,UNBOUNDED,0,Infinity,,,,,mocked_linprog,scipy_highs_with_fraction_check,,0.02550000044720946,0.04330000047048088,0.013699999726668466,0.021400000150606502,,,,,,,,,0.036899999031447805
test_near_parallel_not_discarded__001,test_near_parallel_not_discarded,PASS,solve_halfplanes,halfplanes,,,3,3,2.3653999996895436,POLYGON,3,1000000000000.0,500000000000.0,500000000000.0,0.0,True,fraction_only,fraction_fourier_motzkin,0.2984000002470566,,0.05729999975301325,0.03790000027947826,,1.7784000001483946,0.1764999997249106,0.0007999997251317836,0.03339999966556206,0.08600000001024455,0.018500000805943273,0.017800000023271423,0.018199999431089964,0.054799999816168565
test_negative_coordinate_square__001,test_negative_coordinate_square,PASS,solve_halfplanes,halfplanes,,,4,4,1.3893000004827627,POLYGON,4,2.8284271247461903,1.4142135623730951,1.4142135623730951,0.0,True,scipy_with_fraction_check,scipy_highs_with_fraction_check,0.36980000004405156,,0.5752999995820574,0.05290000081004109,0.4845000003115274,0.19559999964258168,0.1833000005717622,0.0006999998731771484,0.05200000032345997,0.07980000009411015,0.012900000001536682,0.016899999536690302,0.01919999976962572,0.0653000006423099
test_point_and_segment_direct_constraints__001,test_point_and_segment_direct_constraints,PASS,solve_halfplanes,halfplanes,,,4,4,0.9808000004341011,POINT,1,0.0,0.0,0.0,0.0,True,scipy_with_fraction_check,scipy_highs_with_fraction_check,0.2884999994421378,,0.4918000004181522,0.05309999960445566,0.4020000005766633,0.1360000005661277,0.0031999998100218363,0.0017000002117129043,,,,,,0.061300000197661575
test_point_and_segment_direct_constraints__002,test_point_and_segment_direct_constraints,PASS,solve_halfplanes,halfplanes,,,4,4,1.0872000002564164,SEGMENT,2,2.0,1.0,1.0,0.0,True,scipy_with_fraction_check,scipy_highs_with_fraction_check,0.2789999998640269,,0.4988000000594184,0.05610000062006293,0.40530000023863977,0.16429999959655106,0.08590000015828991,0.0006000000212225132,0.01900000006571645,0.044800000068789814,0.00650000038149301,0.0006999998731771484,0.012800000149582047,0.05920000057813013
test_single_observation_unbounded__001,test_single_observation_unbounded,PASS,solve_q1,observations,1,1,2,2,0.48859999969863566,UNBOUNDED,0,Infinity,,,,,scipy_with_fraction_check,scipy_highs_with_fraction_check,,0.022199999875738285,0.43139999979757704,0.013699999726668466,0.38550000044779154,,,,,,,,,0.03500000002532033
test_strip_unbounded_with_no_vertices__001,test_strip_unbounded_with_no_vertices,PASS,solve_halfplanes,halfplanes,,,2,2,0.8178999996744096,UNBOUNDED,0,Infinity,,,,,scipy_with_fraction_check,scipy_highs_with_fraction_check,0.30669999978272244,,0.4644999999072752,0.025600000299164094,0.40639999951963546,,,,,,,,,0.04669999998441199
test_thin_polygon_not_merged_into_segment__001,test_thin_polygon_not_merged_into_segment,PASS,solve_halfplanes,halfplanes,,,4,4,0.7246999994094949,POLYGON,4,1.0,0.5,0.5,0.0,True,fraction_only,fraction_fourier_motzkin,0.2678000000742031,,0.054400000408350024,0.0501000004078378,,0.13590000071417307,0.2068999992843601,0.0006000000212225132,0.060200000007171184,0.08479999996779952,0.017099999240599573,0.019800000700342935,0.023099999452824704,0.059699998928408604
test_translation_and_rotation__001,test_translation_and_rotation,PASS,solve_q1,observations,2,2,4,4,1.0756000001492794,POLYGON,4,39.50834065898743,19.754170329493714,19.754170329493714,0.0,True,scipy_with_fraction_check,scipy_highs_with_fraction_check,,0.02370000038354192,0.46520000068994705,0.031000000490166713,0.3967000002376153,0.2862999999706517,0.2563999996709754,0.0006000000212225132,0.07419999928970356,0.12250000054336851,0.017800000023271423,0.021500000002561137,0.01849999989644857,0.04399999943416333
test_translation_and_rotation__002,test_translation_and_rotation,PASS,solve_q1,observations,2,2,4,4,1.0656999993443605,POLYGON,4,39.50834065898741,19.754170329493704,19.754170329493785,8.171241461241152e-14,True,scipy_with_fraction_check,scipy_highs_with_fraction_check,,0.02370000038354192,0.43450000066513894,0.02190000031987438,0.37799999972776277,0.29880000056436984,0.26359999992564553,0.0006000000212225132,0.07850000019971048,0.12439999954949599,0.018700000509852543,0.021500000002561137,0.01869999960035784,0.045099997805664316
test_translation_and_rotation__003,test_translation_and_rotation,PASS,solve_q1,observations,2,2,4,4,1.067700000021432,POLYGON,4,39.50834065898749,19.754170329493746,19.754170329493746,0.0,True,scipy_with_fraction_check,scipy_highs_with_fraction_check,,0.023600000531587284,0.4305000002204906,0.023499999770137947,0.3730000007635681,0.3131000003122608,0.2559000004112022,0.0005000001692678779,0.07670000013604295,0.11970000014116522,0.017899999875226058,0.02080000012938399,0.01900000006571645,0.04459999854589114
