case_id,test_name,test_outcome,entrypoint,input_kind,observation_count,unique_detection_point_count,constraint_count_input,constraint_count_solver,elapsed_ms,status,vertex_count,diameter,circle_radius,max_vertex_distance,coverage_excess,same_diameter_covers,backend_mode,backend,stage_config_ms,stage_build_halfplanes_ms,stage_classify_ms,stage_projection_bounds_ms,stage_linprog_ms,stage_vertices_ms,stage_measure_ms,stage_measure_setup_ms,stage_diameter_ms,stage_coverage_ms,stage_degeneracy_ms,stage_sort_vertices_ms,stage_residual_and_output_ms,stage_other_ms
test_angle_wrap_and_two_input_styles__001,test_angle_wrap_and_two_input_styles,PASS,solve_q1,observations,2,2,4,4,8.729000000130327,POLYGON,4,39.5083406589872,19.7541703294936,19.754170329493604,3.552713678800501e-15,True,scipy_with_fraction_check,scipy_highs_with_fraction_check,,0.23830000009184005,7.744900000034249,0.1750999999785563,7.235400000354275,0.3374999996594852,0.3127999998469022,0.0007999997251317836,0.10939999992842786,0.12590000005729962,0.024400000256719068,0.02679999943211442,0.023300000066228677,0.09550000049785012
test_angle_wrap_and_two_input_styles__002,test_angle_wrap_and_two_input_styles,PASS,solve_q1,observations,2,2,4,4,3.3080000002883025,POLYGON,4,39.5083406589872,19.7541703294936,19.754170329493604,3.552713678800501e-15,True,scipy_with_fraction_check,scipy_highs_with_fraction_check,0.3332999995109276,0.018900000213761814,2.275700000609504,0.1305999994656304,1.9950999985667295,0.30160000005707843,0.28870000005554175,0.0006000000212225132,0.09270000009564683,0.12169999990874203,0.023599999622092582,0.026000000616477337,0.022399999579647556,0.0897999998414889
test_consistent_random_observations__001,test_consistent_random_observations,PASS,solve_q1,observations,3,3,6,6,4.044799999974202,POLYGON,4,22.217638393864267,11.108819196932133,13.10623352407956,1.9974143271474265,False,scipy_with_fraction_check,scipy_highs_with_fraction_check,,0.05500000042957254,2.9141999993953505,0.21970000034343684,2.4953000001914916,0.7143000002542976,0.2871999995477381,0.0005000001692678779,0.08960000013757963,0.11969999923167052,0.021100000594742596,0.02570000015111873,0.028599999495781958,0.07410000034724362
test_consistent_random_observations__002,test_consistent_random_observations,PASS,solve_q1,observations,4,4,8,8,4.7469000001001405,POLYGON,5,20.83521363032694,10.41760681516347,12.111275110271798,1.6936682951083277,False,scipy_with_fraction_check,scipy_highs_with_fraction_check,,0.053699999625678174,2.683400000023539,0.4085000009581563,2.098800001476775,1.465999999709311,0.44949999937671237,0.0006999998731771484,0.13330000001587905,0.18110000019078143,0.03370000013092067,0.04019999960291898,0.057899999774235766,0.0943000013648998
test_consistent_random_observations__003,test_consistent_random_observations,PASS,solve_q1,observations,3,3,6,6,11.67390000045998,POLYGON,6,30.04862541611205,15.024312708056025,16.885144174807255,1.8608314667512307,False,scipy_with_fraction_check,scipy_highs_with_fraction_check,,0.041599999349273276,10.168499999963387,0.22170000011101365,8.132700000714976,0.7303000002139015,0.6559999992532539,0.0006999998731771484,0.23599999985890463,0.2660999998624902,0.04460000036488054,0.049899999794433825,0.056599999879836105,0.07750000168016413
test_consistent_random_observations__004,test_consistent_random_observations,PASS,solve_q1,observations,4,4,8,8,4.439299999830837,POLYGON,4,18.4296311073659,9.21481555368295,12.824010371268423,3.6091948175854736,False,scipy_with_fraction_check,scipy_highs_with_fraction_check,,0.053900000239082146,2.656800000295334,0.3786999996009399,2.0924999998896965,1.3411999998425017,0.29830000039510196,0.0006999998731771484,0.08580000030633528,0.13249999938125256,0.02010000025620684,0.02370000038354192,0.03370000013092067,0.08909999905881705
test_consistent_random_observations__005,test_consistent_random_observations,PASS,solve_q1,observations,3,3,6,6,3.881100000398874,POLYGON,5,20.689194195656633,10.344597097828316,10.344597097828316,0.0,True,scipy_with_fraction_check,scipy_highs_with_fraction_check,,0.10560000009718351,2.4771999997028615,0.2457999999023741,2.0682000003944268,0.7800000003044261,0.41989999954239465,0.0007999997251317836,0.14139999984763563,0.18060000002151355,0.028100000236008782,0.03169999945384916,0.03500000002532033,0.09840000075200805
test_consistent_random_observations__006,test_consistent_random_observations,PASS,solve_q1,observations,4,4,8,8,6.553900000653812,POLYGON,6,19.632239331280147,9.816119665640073,9.816119665640105,3.197442310920451e-14,True,scipy_with_fraction_check,scipy_highs_with_fraction_check,,0.043000000005122274,3.150900000036927,0.4133000002184417,2.521600002182822,2.4212999996962026,0.8496000000377535,0.0012000000424450263,0.3240000005462207,0.3423999996812199,0.04799999987881165,0.054799999816168565,0.07550000009359792,0.08910000087780645
test_consistent_random_observations__007,test_consistent_random_observations,PASS,solve_q1,observations,3,3,6,6,3.674999999930151,POLYGON,4,27.108856643533624,13.554428321766812,22.29074433885397,8.736316017087157,False,scipy_with_fraction_check,scipy_highs_with_fraction_check,,0.041399999645364005,2.530099999603408,0.24260000009235227,2.1250999998301268,0.7450000002791057,0.2834999995684484,0.0006000000212225132,0.0932000002649147,0.11249999988649506,0.021099999685247894,0.026000000616477337,0.028200000087963417,0.07500000083382474
test_consistent_random_observations__008,test_consistent_random_observations,PASS,solve_q1,observations,4,4,8,8,4.485999999815249,POLYGON,4,27.108856643533624,13.554428321766812,22.29074433885397,8.736316017087157,False,scipy_with_fraction_check,scipy_highs_with_fraction_check,,0.035799999750452116,2.5394000003871042,0.40699999954085797,1.9579000008889125,1.4869000006001443,0.3422999998292653,0.0006999998731771484,0.09300000056100544,0.14459999965765746,0.026499999876250513,0.032100000680657104,0.043000000005122274,0.08159999924828298
test_consistent_random_observations__009,test_consistent_random_observations,PASS,solve_q1,observations,3,3,6,6,3.7460000003193272,POLYGON,5,24.936210746966673,12.468105373483336,13.790312456015865,1.322207082532529,False,scipy_with_fraction_check,scipy_highs_with_fraction_check,,0.04160000025876798,2.51509999998234,0.232000000323751,2.112000000124681,0.7734000000709784,0.3437999994275742,0.0008000006346264854,0.13699999999516876,0.11670000003505265,0.026499999876250513,0.029400000130408444,0.03169999945384916,0.07210000057966681
test_consistent_random_observations__010,test_consistent_random_observations,PASS,solve_q1,observations,4,4,8,8,4.256100000020524,POLYGON,4,23.405927302466317,11.702963651233159,14.22557584244861,2.522612191215451,False,scipy_with_fraction_check,scipy_highs_with_fraction_check,,0.04179999996267725,2.5480000003881287,0.39569999989907956,1.9763000009334064,1.3238999999884982,0.25920000007317867,0.0006000000212225132,0.08849999994708924,0.09279999994760146,0.019600000086938962,0.024899999516492244,0.031000000490166713,0.08319999960804125
test_consistent_random_observations__011,test_consistent_random_observations,PASS,solve_q1,observations,3,3,6,6,3.401500000109081,POLYGON,4,24.567064058789537,12.283532029394769,17.189747299423043,4.906215270028275,False,scipy_with_fraction_check,scipy_highs_with_fraction_check,,0.03589999960240675,2.3210999997900217,0.22730000000592554,1.9419999998717685,0.7051000002320507,0.27380000028642826,0.0006000000212225132,0.08580000030633528,0.11610000001383014,0.019499999325489625,0.024400000256719068,0.02570000015111873,0.0656000001981738
test_consistent_random_observations__012,test_consistent_random_observations,PASS,solve_q1,observations,4,4,8,8,4.232799999954295,POLYGON,5,20.179809411474533,10.089904705737267,15.739791625222104,5.649886919484837,False,scipy_with_fraction_check,scipy_highs_with_fraction_check,,0.02949999998236308,2.4559000003137044,0.3901999989466276,1.9018000002688495,1.31130000045232,0.3615000005083857,0.0006000000212225132,0.12759999935951782,0.14480000027106144,0.02519999998185085,0.026300000172341242,0.03550000019458821,0.0745999986975221
test_consistent_random_observations__013,test_consistent_random_observations,PASS,solve_q1,observations,3,3,6,6,3.3309999998891726,POLYGON,4,16.30451157914354,8.15225578957177,11.980298852679946,3.8280430631081757,False,scipy_with_fraction_check,scipy_highs_with_fraction_check,,0.033799999982875306,2.2630999992543366,0.23260000034497352,1.8825999995897291,0.7001000003583613,0.2684999999473803,0.0006000000212225132,0.08199999956559623,0.11580000045796623,0.019999999494757503,0.022600000193051528,0.025800000003073364,0.06550000034621917
test_consistent_random_observations__014,test_consistent_random_observations,PASS,solve_q1,observations,4,4,8,8,4.231900000377209,POLYGON,5,16.092325748953094,8.046162874476547,11.84262705696514,3.7964641824885934,False,scipy_with_fraction_check,scipy_highs_with_fraction_check,,0.03300000025774352,2.452400000038324,0.38890000087121734,1.891300000352203,1.318399999945541,0.35229999957664404,0.0006000000212225132,0.12770000012096716,0.13450000005832408,0.02519999998185085,0.02680000034160912,0.03599999945436139,0.07580000055895653
test_consistent_random_observations__015,test_consistent_random_observations,PASS,solve_q1,observations,3,3,6,6,3.566800000044168,POLYGON,5,30.187578062550447,15.093789031275223,19.38501609985523,4.291227068580005,False,scipy_with_fraction_check,scipy_highs_with_fraction_check,,0.033600000278966036,2.3995000001377775,0.22710000121151097,2.011599999605096,0.7091999996191589,0.3604000003178953,0.0006000000212225132,0.1364999998259009,0.13779999972030055,0.025600000299164094,0.028700000257231295,0.029599999834317714,0.06409999969037017
test_consistent_random_observations__016,test_consistent_random_observations,PASS,solve_q1,observations,4,4,8,8,4.637699999875622,POLYGON,5,23.882380565841423,11.941190282920711,15.47990021388992,3.5387099309692083,False,scipy_with_fraction_check,scipy_highs_with_fraction_check,,0.037400000110210385,2.562200000284065,0.3896999987773597,2.000200000111363,1.5532999996139552,0.40439999975205865,0.0006999998731771484,0.13109999963489827,0.1675000003160676,0.028399999791872688,0.031200000194075983,0.04340000032243552,0.08040000011533266
test_consistent_random_observations__017,test_consistent_random_observations,PASS,solve_q1,observations,3,3,6,6,3.7938000004942296,POLYGON,4,22.436888193427947,11.218444096713974,14.766177723358174,3.5477336266442006,False,scipy_with_fraction_check,scipy_highs_with_fraction_check,,0.05310000051395036,2.6516000007177354,0.23550000059913145,2.252000001135457,0.709100000676699,0.3044000004592817,0.000999999429041054,0.08789999992586672,0.13810000018565916,0.02120000044669723,0.02609999955893727,0.02790000053209951,0.07559999812656315
test_consistent_random_observations__018,test_consistent_random_observations,PASS,solve_q1,observations,4,4,8,8,5.133799999384792,POLYGON,5,22.436888193427947,11.218444096713974,11.21844409671399,1.5987211554602254e-14,True,scipy_with_fraction_check,scipy_highs_with_fraction_check,,0.05860000055690762,3.078300000197487,0.48859999969863566,2.406699999482953,1.4554999997926643,0.44799999977840343,0.000999999429041054,0.15189999976428226,0.1872000002549612,0.029200000426499173,0.03279999964433955,0.04350000017439015,0.09339999905932928
test_consistent_random_observations__019,test_consistent_random_observations,PASS,solve_q1,observations,3,3,6,6,3.5925000001952867,POLYGON,3,9.246267005690134,4.623133502845067,5.634110328343506,1.0109768254984388,False,scipy_with_fraction_check,scipy_highs_with_fraction_check,,0.040500000068277586,2.5451000001339708,0.24840000060066814,2.1295000005920883,0.7169999998950516,0.21520000063901534,0.0006999998731771484,0.05899999996472616,0.08820000039122533,0.01579999934619991,0.022600000193051528,0.025999999706982635,0.07469999945897143
test_consistent_random_observations__020,test_consistent_random_observations,PASS,solve_q1,observations,4,4,8,8,4.691799999818613,POLYGON,3,9.246267005690134,4.623133502845067,5.634110328343506,1.0109768254984388,False,scipy_with_fraction_check,scipy_highs_with_fraction_check,,0.13589999980467837,2.8867999999420135,0.43249999998806743,2.2610999994867598,1.3670999996975297,0.20599999970727367,0.0008999995770864189,0.05670000064128544,0.08189999971364159,0.014199999895936344,0.021699999706470408,0.02860000040527666,0.096000000667118
test_consistent_random_observations__021,test_consistent_random_observations,PASS,solve_q1,observations,3,3,6,6,3.615399999944202,POLYGON,4,26.442952148004508,13.221476074002254,14.27129854739037,1.0498224733881152,False,scipy_with_fraction_check,scipy_highs_with_fraction_check,,0.03460000061750179,2.5286999998570536,0.24429999939457048,2.1179999994274112,0.715499999387248,0.2663000004758942,0.0006000000212225132,0.08750000051804818,0.10519999977987027,0.02010000025620684,0.025100000129896216,0.026199999410891905,0.07029999960650457
test_consistent_random_observations__022,test_consistent_random_observations,PASS,solve_q1,observations,4,4,8,8,4.170700000031502,POLYGON,4,17.23703770541595,8.618518852707975,12.988327921397024,4.369809068689049,False,scipy_with_fraction_check,scipy_highs_with_fraction_check,,0.03319999996165279,2.482599999893864,0.40129999888449674,1.9125999988318654,1.3066999999864493,0.26960000013787067,0.0006000000212225132,0.08539999998902204,0.10610000026645139,0.019299999621580355,0.02409999979136046,0.03190000006725313,0.07860000005166512
test_consistent_random_observations__023,test_consistent_random_observations,PASS,solve_q1,observations,3,3,6,6,3.248600000006263,POLYGON,4,22.901170157771865,11.450585078885933,11.450585078885947,1.4210854715202004e-14,True,scipy_with_fraction_check,scipy_highs_with_fraction_check,,0.02880000010918593,2.1812999993926496,0.22700000045006163,1.8025000008492498,0.6909999992785743,0.28589999965333845,0.0006000000212225132,0.08469999920635018,0.13030000081926119,0.019999999494757503,0.023599999622092582,0.025100000129896216,0.061600001572514884
test_consistent_random_observations__024,test_consistent_random_observations,PASS,solve_q1,observations,4,4,8,8,4.058200000145007,POLYGON,4,22.901170157771865,11.450585078885933,11.450585078885947,1.4210854715202004e-14,True,scipy_with_fraction_check,scipy_highs_with_fraction_check,,0.030700000024808105,2.3765000005369075,0.38840000070194947,1.827600000979146,1.304800000070827,0.2724999994825339,0.0006000000212225132,0.07860000005166512,0.12229999992996454,0.018400000044493936,0.022500000341096893,0.028699999347736593,0.07370000002993038
test_consistent_random_observations__025,test_consistent_random_observations,PASS,solve_q1,observations,3,3,6,6,3.378300000804302,POLYGON,6,27.042483552084324,13.521241776042162,13.521241776042165,3.552713678800501e-15,True,scipy_with_fraction_check,scipy_highs_with_fraction_check,,0.026400000024295878,2.0961000000170316,0.21120000019436702,1.7380999988745316,0.7338999994317419,0.4641999994419166,0.0006000000212225132,0.17970000044442713,0.18799999998009298,0.02949999998236308,0.031399999897985253,0.0334999995175167,0.0577000018893159
test_consistent_random_observations__026,test_consistent_random_observations,PASS,solve_q1,observations,4,4,8,8,4.1180999996868195,POLYGON,6,23.07626034780428,11.53813017390214,12.427104819446122,0.888974645543982,False,scipy_with_fraction_check,scipy_highs_with_fraction_check,,0.031099999432626646,2.328700000362005,0.3954999992856756,1.7748000009305542,1.2563999998747022,0.42130000019824365,0.0006000000212225132,0.19380000048840884,0.12220000007800991,0.02949999998236308,0.03219999962311704,0.04140000055485871,0.08059999981924193
test_consistent_random_observations__027,test_consistent_random_observations,PASS,solve_q1,observations,3,3,6,6,3.3244999995076796,POLYGON,5,26.043564992928037,13.021782496464018,13.021782496464045,2.6645352591003757e-14,True,scipy_with_fraction_check,scipy_highs_with_fraction_check,,0.026599999728205148,2.1976999996695668,0.22639999951934442,1.8278999996255152,0.6708000000799075,0.36809999983233865,0.0006000000212225132,0.12560000050143572,0.15910000001895241,0.024699999812582973,0.027099999897473026,0.029400000130408444,0.061300000197661575
test_consistent_random_observations__028,test_consistent_random_observations,PASS,solve_q1,observations,4,4,8,8,3.95109999954002,POLYGON,4,19.227330645630182,9.613665322815091,9.613665322815091,0.0,True,scipy_with_fraction_check,scipy_highs_with_fraction_check,,0.02949999998236308,2.332800000658608,0.3772999989450909,1.7977999996219296,1.2505000004239264,0.26929999967251206,0.0006000000212225132,0.07780000032653334,0.12169999990874203,0.0183000001925393,0.021299999389157165,0.028200000087963417,0.06899999880261021
test_consistent_random_observations__029,test_consistent_random_observations,PASS,solve_q1,observations,3,3,6,6,3.186699999787379,POLYGON,4,20.1296607114347,10.06483035571735,14.367509026165235,4.302678670447886,False,scipy_with_fraction_check,scipy_highs_with_fraction_check,,0.027799999770650174,2.1759999999630963,0.22680000074615236,1.7978999994738842,0.6733000000167522,0.24819999998726416,0.0006000000212225132,0.08350000007339986,0.09070000032807002,0.019899999642802868,0.022400000489142258,0.029599999834317714,0.06140000004961621
test_consistent_random_observations__030,test_consistent_random_observations,PASS,solve_q1,observations,4,4,8,8,3.955600000153936,POLYGON,4,20.1296607114347,10.06483035571735,14.367509026165235,4.302678670447886,False,scipy_with_fraction_check,scipy_highs_with_fraction_check,,0.028499999643827323,2.361900000323658,0.3859999997075647,1.8127000003005378,1.243199999407807,0.24699999994481914,0.0005000001692678779,0.08239999988290947,0.09060000047611538,0.01959999917744426,0.02170000061596511,0.030700000024808105,0.07500000083382474
test_consistent_random_observations__031,test_consistent_random_observations,PASS,solve_q1,observations,3,3,6,6,3.4587000000101398,POLYGON,5,21.155216366145474,10.577608183072737,10.577608183072753,1.5987211554602254e-14,True,scipy_with_fraction_check,scipy_highs_with_fraction_check,,0.040299999454873614,2.282800000102725,0.24960000064311316,1.8827999992936384,0.6995000003371388,0.36530000033963006,0.0005000001692678779,0.11929999982385198,0.1604999997653067,0.025399999685760122,0.028100000236008782,0.029800000447721686,0.07079999977577245
test_consistent_random_observations__032,test_consistent_random_observations,PASS,solve_q1,observations,4,4,8,8,5.054500000369444,POLYGON,6,16.14808659371456,8.07404329685728,8.19821205992348,0.12416876306619962,False,scipy_with_fraction_check,scipy_highs_with_fraction_check,,0.034100000448233914,2.388500000051863,0.388800000109768,1.8316000005142996,2.116800000294461,0.4368999998405343,0.0005000001692678779,0.16379999942728318,0.14840000039839651,0.03620000006776536,0.040299999454873614,0.046099999963189475,0.07819999973435188
test_consistent_random_observations__033,test_consistent_random_observations,PASS,solve_q1,observations,3,3,6,6,3.5257999998066225,POLYGON,6,19.567795610403557,9.783897805201779,9.783897805201779,0.0,True,scipy_with_fraction_check,scipy_highs_with_fraction_check,,0.02970000059576705,2.2238999999899534,0.22680000074615236,1.8519000004744157,0.7336000007853727,0.4760000001624576,0.0007000007826718502,0.18569999974715756,0.19150000025547342,0.030100000003585592,0.032899999496294186,0.033400000575056765,0.06259999827307183
test_consistent_random_observations__034,test_consistent_random_observations,PASS,solve_q1,observations,4,4,8,8,4.305600000407139,POLYGON,6,19.567795610403557,9.783897805201779,9.783897805201779,0.0,True,scipy_with_fraction_check,scipy_highs_with_fraction_check,,0.0289999998130952,2.3816000002625515,0.3859000007651048,1.8333000007260125,1.3403000002654153,0.4810999998881016,0.0006000000212225132,0.18369999997958075,0.1916999999593827,0.029800000447721686,0.032699999792384915,0.041199999941454735,0.07360000017797574
test_consistent_random_observations__035,test_consistent_random_observations,PASS,solve_q1,observations,3,3,6,6,3.643799999736075,POLYGON,6,33.296676229903746,16.648338114951873,16.648338114951873,0.0,True,scipy_with_fraction_check,scipy_highs_with_fraction_check,,0.030300000616989564,2.3366000004898524,0.24990000019897707,1.9299999994473183,0.7441000007020193,0.46410000049945666,0.0006000000212225132,0.18009999985224567,0.1874999998108251,0.02990000029967632,0.030700000024808105,0.033799999982875306,0.0686999974277569
test_consistent_random_observations__036,test_consistent_random_observations,PASS,solve_q1,observations,4,4,8,8,4.140500000175962,POLYGON,5,18.03443480176642,9.01721740088321,9.758980307948145,0.7417629070649348,False,scipy_with_fraction_check,scipy_highs_with_fraction_check,,0.028599999495781958,2.367199999753211,0.3896999996868544,1.8137999995815335,1.3453999999910593,0.32559999999648426,0.0006000000212225132,0.1301000002058572,0.10579999980109278,0.02500000027794158,0.027299999601382297,0.035400000342633575,0.07370000093942508
test_consistent_random_observations__037,test_consistent_random_observations,PASS,solve_q1,observations,3,3,6,6,3.360200000315672,POLYGON,5,29.430560528708686,14.715280264354343,14.715280264354346,3.552713678800501e-15,True,scipy_with_fraction_check,scipy_highs_with_fraction_check,,0.027399999453336932,2.1827999999004533,0.22449999960372224,1.8096999983754358,0.7112000002962304,0.3760999998121406,0.0006000000212225132,0.12770000012096716,0.16400000004068715,0.025800000003073364,0.027399999453336932,0.029200000426499173,0.06270000085351057
test_consistent_random_observations__038,test_consistent_random_observations,PASS,solve_q1,observations,4,4,8,8,4.178899999715213,POLYGON,4,10.544068518967078,5.272034259483539,5.598583283384244,0.3265490239007045,False,scipy_with_fraction_check,scipy_highs_with_fraction_check,,0.028700000257231295,2.382700000453042,0.3863000001729233,1.8325999999433407,1.3555000004998874,0.3386999997019302,0.0006999998731771484,0.09649999992689118,0.1526000005469541,0.022399999579647556,0.02860000040527666,0.03639999977167463,0.07329999880312243
test_consistent_random_observations__039,test_consistent_random_observations,PASS,solve_q1,observations,3,3,6,6,3.695099999276863,POLYGON,4,17.212272665764843,8.606136332882421,14.230868743170147,5.624732410287725,False,scipy_with_fraction_check,scipy_highs_with_fraction_check,,0.030100000003585592,2.334099999643513,0.2471999996487284,1.929599999130005,0.7813000001988257,0.4789000004166155,0.0006000000212225132,0.12249999963387381,0.22500000068248482,0.037799999518028926,0.04189999981463188,0.048800000513438135,0.07069999901432311
test_consistent_random_observations__040,test_consistent_random_observations,PASS,solve_q1,observations,4,4,8,8,6.77689999974973,POLYGON,4,17.212272665764843,8.606136332882421,14.230868743170147,5.624732410287725,False,scipy_with_fraction_check,scipy_highs_with_fraction_check,,0.04640000042854808,4.426699999385164,0.6370999999489868,3.4888000000137254,1.8175999994127778,0.3713999994943151,0.0009000004865811206,0.11219999942113645,0.1584999999977299,0.027200000658922363,0.029599999834317714,0.04129999979340937,0.11480000102892518
test_consistent_random_observations__041,test_consistent_random_observations,PASS,solve_q1,observations,3,3,6,6,3.4735999997792533,POLYGON,5,23.42281576551974,11.71140788275987,11.71140788275987,0.0,True,scipy_with_fraction_check,scipy_highs_with_fraction_check,,0.032899999496294186,2.2715999994034064,0.24120000034599798,1.8786999999065301,0.7217000002128771,0.3775000004679896,0.0006999998731771484,0.1289000001634122,0.1640999998926418,0.024899999516492244,0.02790000053209951,0.029599999834317714,0.06990000019868603
test_consistent_random_observations__042,test_consistent_random_observations,PASS,solve_q1,observations,4,4,8,8,4.513800000495394,POLYGON,6,23.42281576551974,11.71140788275987,11.71140788275987,0.0,True,scipy_with_fraction_check,scipy_highs_with_fraction_check,,0.02880000010918593,2.5310999999419437,0.38949999907345045,1.9716999995580409,1.3472999999066815,0.5309999996825354,0.0006000000212225132,0.21110000034241239,0.20880000010947697,0.031399999897985253,0.03419999939069385,0.04340000032243552,0.07560000085504726
test_consistent_random_observations__043,test_consistent_random_observations,PASS,solve_q1,observations,3,3,6,6,3.3322999997835723,POLYGON,3,11.57141590678283,5.785707953391415,9.737700054650201,3.951992101258786,False,scipy_with_fraction_check,scipy_highs_with_fraction_check,,0.035200000638724305,2.3518999996667844,0.22909999916009838,1.971499998944637,0.6877999994685524,0.18910000017058337,0.0006999998731771484,0.05340000006981427,0.07889999960752903,0.01300000076298602,0.019499999325489625,0.02190000031987438,0.06829999983892776
test_consistent_random_observations__044,test_consistent_random_observations,PASS,solve_q1,observations,4,4,8,8,5.927000000156113,POLYGON,4,11.564433577160434,5.782216788580217,9.44961523774773,3.6673984491675133,False,scipy_with_fraction_check,scipy_highs_with_fraction_check,,0.038099999983387534,3.5504000006767455,0.5331999991540215,2.621099998577847,1.7339999994874233,0.5076999996163067,0.0008999995770864189,0.12660000083997147,0.2324999995835242,0.040500000068277586,0.04979999994247919,0.05529999998543644,0.09680000039224979
test_consistent_random_observations__045,test_consistent_random_observations,PASS,solve_q1,observations,3,3,6,6,5.859699999746226,POLYGON,5,26.16949016307199,13.084745081535996,13.084745081535996,0.0,True,scipy_with_fraction_check,scipy_highs_with_fraction_check,,0.03150000065943459,3.438099999584665,0.2645999993546866,2.9262999996717554,1.571699999658449,0.7422999997288571,0.0012999998943996616,0.26250000064464984,0.31369999942398863,0.049900000703928526,0.053899999329587445,0.05810000038763974,0.07610000011482043
test_consistent_random_observations__046,test_consistent_random_observations,PASS,solve_q1,observations,4,4,8,8,4.856300000028568,POLYGON,5,24.753980463880698,12.376990231940349,12.376990231940349,0.0,True,scipy_with_fraction_check,scipy_highs_with_fraction_check,,0.03580000065994682,2.8991999997742823,0.4760000001624576,2.2228999996514176,1.43590000061522,0.39600000036443816,0.0006999998731771484,0.13469999976223335,0.16740000046411296,0.025699999241624027,0.02860000040527666,0.03730000025825575,0.08939999861468095
test_consistent_random_observations__047,test_consistent_random_observations,PASS,solve_q1,observations,3,3,6,6,3.2974000005197013,POLYGON,4,26.12226229183838,13.06113114591919,18.469711911849167,5.408580765929978,False,scipy_with_fraction_check,scipy_highs_with_fraction_check,,0.027099999897473026,2.148999999917578,0.2266000001327484,1.777800000127172,0.7653000002392218,0.2943999998024083,0.0006000000212225132,0.08429999979853164,0.11770000037358841,0.025099999220401514,0.02990000029967632,0.03509999987727497,0.06160000066302018
test_consistent_random_observations__048,test_consistent_random_observations,PASS,solve_q1,observations,4,4,8,8,4.050900000038382,POLYGON,5,26.12226229183838,13.06113114591919,14.659043777974185,1.597912632054996,False,scipy_with_fraction_check,scipy_highs_with_fraction_check,,0.03170000036334386,2.3689999998168787,0.36589999945135787,1.8430999989504926,1.2787999994543497,0.3015000002051238,0.0006000000212225132,0.1145999995060265,0.09870000030787196,0.023600000531587284,0.025099999220401514,0.03760000072361436,0.06990000019868603
test_consistent_random_observations__049,test_consistent_random_observations,PASS,solve_q1,observations,3,3,6,6,5.865999999514315,POLYGON,6,27.027300901021377,13.513650450510688,13.51365045051069,1.7763568394002505e-15,True,scipy_with_fraction_check,scipy_highs_with_fraction_check,,0.0365999994755839,3.4587999998620944,0.2924999998867861,2.9306999986147275,1.2748999997711508,1.0121999994225916,0.0010000003385357559,0.41739999960554997,0.40809999973134836,0.06280000070546521,0.05919999966863543,0.0610999995842576,0.08350000098289456
test_consistent_random_observations__050,test_consistent_random_observations,PASS,solve_q1,observations,4,4,8,8,5.506299999979092,POLYGON,6,27.027300901021377,13.513650450510688,13.51365045051069,1.7763568394002505e-15,True,scipy_with_fraction_check,scipy_highs_with_fraction_check,,0.04360000002634479,3.2182999993892736,0.5665999997290783,2.434900001389906,1.5981000005922397,0.5377000006774324,0.0006999998731771484,0.2044000002570101,0.21440000000438886,0.03509999987727497,0.03699999979289714,0.044299999899521936,0.10859999929380137
test_consistent_random_observations__051,test_consistent_random_observations,PASS,solve_q1,observations,3,3,6,6,4.340800000136369,POLYGON,6,19.16836247120864,9.58418123560432,9.584181235604321,1.7763568394002505e-15,True,scipy_with_fraction_check,scipy_highs_with_fraction_check,,0.028700000257231295,2.6315999994039885,0.2421000008325791,2.20900000022084,0.9875000005195034,0.6233000003703637,0.0007999997251317836,0.240999999732594,0.2536000001782668,0.039399999877787195,0.04350000017439015,0.04330000047048088,0.06969999958528206
test_consistent_random_observations__052,test_consistent_random_observations,PASS,solve_q1,observations,4,4,8,8,4.251899999871966,POLYGON,5,19.13245016188425,9.566225080942125,9.566225080942147,2.1316282072803006e-14,True,scipy_with_fraction_check,scipy_highs_with_fraction_check,,0.03240000023652101,2.4303000000145403,0.38640000093437266,1.8798999990394805,1.338999999461521,0.37619999966409523,0.0007999997251317836,0.12830000014218967,0.15919999987090705,0.024500000108673703,0.025599999389669392,0.03620000006776536,0.07400000049528899
test_consistent_random_observations__053,test_consistent_random_observations,PASS,solve_q1,observations,3,3,6,6,3.580100000363018,POLYGON,6,20.640998148375722,10.320499074187861,10.83522584747656,0.5147267732886984,False,scipy_with_fraction_check,scipy_highs_with_fraction_check,,0.040300000364368316,2.254400000310852,0.22630000057688449,1.8769000007523573,0.7486999993489007,0.4718999998658546,0.0006000000212225132,0.18430000000080327,0.18900000031862874,0.02949999998236308,0.03319999996165279,0.033799999982875306,0.06480000047304202
test_consistent_random_observations__054,test_consistent_random_observations,PASS,solve_q1,observations,4,4,8,8,4.381900000225869,POLYGON,6,19.3220843499491,9.66104217497455,9.88734038608564,0.2262982111110894,False,scipy_with_fraction_check,scipy_highs_with_fraction_check,,0.030500000320898835,2.4407000000792323,0.3915999996024766,1.8802000004143338,1.3534999998228159,0.4805999997188337,0.0006000000212225132,0.18150000050809467,0.19019999945157906,0.0320999997711624,0.03280000055383425,0.04160000025876798,0.07660000028408831
test_consistent_random_observations__055,test_consistent_random_observations,PASS,solve_q1,observations,3,3,6,6,4.769199999827833,POLYGON,4,26.501167804557774,13.250583902278887,13.250583902278898,1.0658141036401503e-14,True,scipy_with_fraction_check,scipy_highs_with_fraction_check,,0.03529999958118424,2.7652999997371808,0.230599999667902,2.362699999139295,1.0460000003149617,0.8507000002282439,0.0006000000212225132,0.1447000004191068,0.4631000001609209,0.0853000001370674,0.11999999969702912,0.034300000152143184,0.07189999996626284
test_consistent_random_observations__056,test_consistent_random_observations,PASS,solve_q1,observations,4,4,8,8,4.502299999330717,POLYGON,5,22.805573939008273,11.402786969504136,11.402786969504136,0.0,True,scipy_with_fraction_check,scipy_highs_with_fraction_check,,0.048099999730766285,2.622500000143191,0.39770000057615107,2.056100000118022,1.3649000002260436,0.3848999995170743,0.0006000000212225132,0.12870000045950292,0.16249999953288352,0.02660000063769985,0.027999999474559445,0.03680000008898787,0.08189999971364159
test_consistent_random_observations__057,test_consistent_random_observations,PASS,solve_q1,observations,3,3,6,6,3.9221000006364193,POLYGON,6,23.313649856317966,11.656824928158983,12.642625586619552,0.985800658460569,False,scipy_with_fraction_check,scipy_highs_with_fraction_check,,0.031200000194075983,2.3928000000523753,0.22169999920151895,2.01420000030339,0.8883000000423635,0.5442000001494307,0.0006000000212225132,0.1984999998967396,0.22910000006959308,0.03609999930631602,0.03950000063923653,0.038499999391206075,0.0656000001981738
test_consistent_random_observations__058,test_consistent_random_observations,PASS,solve_q1,observations,4,4,8,8,4.8583999996481,POLYGON,6,17.74052334003286,8.87026167001643,9.003924806230152,0.13366313621372328,False,scipy_with_fraction_check,scipy_highs_with_fraction_check,,0.03310000010969816,2.7277999997750157,0.3968999999415246,2.1462999993673293,1.499099999819009,0.5148999998709769,0.001499999598308932,0.20570000015140977,0.18730000010691583,0.03479999941191636,0.03670000023703324,0.04710000030172523,0.08350000007339986
test_consistent_random_observations__059,test_consistent_random_observations,PASS,solve_q1,observations,3,3,6,6,3.4597000003486755,POLYGON,6,24.78525038879993,12.392625194399965,16.236553279870343,3.8439280854703775,False,scipy_with_fraction_check,scipy_highs_with_fraction_check,,0.034300000152143184,2.2153999998408835,0.2272000001539709,1.8456000007063267,0.6904000001668464,0.45540000064647757,0.0006000000212225132,0.1824000000851811,0.17489999936515233,0.030100000003585592,0.03259999994043028,0.03330000072310213,0.0641999995423248
test_consistent_random_observations__060,test_consistent_random_observations,PASS,solve_q1,observations,4,4,8,8,4.124199999750999,POLYGON,4,18.306402758889053,9.153201379444527,11.216273141037888,2.0630717615933616,False,scipy_with_fraction_check,scipy_highs_with_fraction_check,,0.029299999368959107,2.403599999524886,0.3940999986298266,1.84830000216607,1.2980999999854248,0.2795999998852494,0.0006000000212225132,0.08710000020073494,0.11760000052163377,0.02069999936793465,0.023399999918183312,0.02880000010918593,0.11360000098648015
test_consistent_random_observations__061,test_consistent_random_observations,PASS,solve_q1,observations,3,3,6,6,3.2988000002660556,POLYGON,5,19.613576799317446,9.806788399658723,11.905041925636667,2.0982535259779436,False,scipy_with_fraction_check,scipy_highs_with_fraction_check,,0.025100000129896216,2.161299999897892,0.21569999989878852,1.8022000003838912,0.7028999998510699,0.3482000001895358,0.0006000000212225132,0.1252999991265824,0.14200000077835284,0.02429999949526973,0.026400000024295878,0.028200000087963417,0.061300000197661575
test_consistent_random_observations__062,test_consistent_random_observations,PASS,solve_q1,observations,4,4,8,8,4.490300000725256,POLYGON,6,19.613576799317446,9.806788399658723,11.905041925636667,2.0982535259779436,False,scipy_with_fraction_check,scipy_highs_with_fraction_check,,0.028200000087963417,2.555000000029395,0.37799999972776277,1.9082999997408479,1.3690999994651065,0.46409999958996195,0.0006000000212225132,0.18150000050809467,0.17560000014782418,0.030199999855540227,0.03339999966556206,0.04129999979340937,0.07390000155282905
test_consistent_random_observations__063,test_consistent_random_observations,PASS,solve_q1,observations,3,3,6,6,2.9042999994999263,POLYGON,3,27.501756484920143,13.750878242460072,21.756944316203334,8.006066073743263,False,scipy_with_fraction_check,scipy_highs_with_fraction_check,,0.024500000108673703,1.9979999997303821,0.20649999896704685,1.6537000010430347,0.6419999999707215,0.1837999998315354,0.0005000001692678779,0.048800000513438135,0.08329999945999589,0.012100000276404899,0.017700000171316788,0.02009999934671214,0.05599999985861359
test_consistent_random_observations__064,test_consistent_random_observations,PASS,solve_q1,observations,4,4,8,8,3.952299999582465,POLYGON,4,27.308153297295792,13.654076648647896,21.576154414551368,7.922077765903472,False,scipy_with_fraction_check,scipy_highs_with_fraction_check,,0.025800000003073364,2.2800000006100163,0.3592000002754503,1.7554000005475245,1.186999999845284,0.38949999998294516,0.0004999992597731762,0.17290000050707022,0.13659999967785552,0.021300000298651867,0.02479999966453761,0.03199999991920777,0.06999999914114596
test_consistent_random_observations__065,test_consistent_random_observations,PASS,solve_q1,observations,3,3,6,6,3.040999999939231,POLYGON,4,22.910479182973717,11.455239591486858,14.480793803952906,3.025554212466048,False,scipy_with_fraction_check,scipy_highs_with_fraction_check,,0.024599999960628338,2.0508000006884686,0.20399999993969686,1.7065000001821318,0.6542000000990811,0.2553000003899797,0.0006000000212225132,0.07920000007288763,0.11040000026696362,0.017899999875226058,0.022000000171829015,0.023800000235496555,0.056099998801073525
test_consistent_random_observations__066,test_consistent_random_observations,PASS,solve_q1,observations,4,4,8,8,3.842399999484769,POLYGON,4,22.910479182973717,11.455239591486858,14.480793803952906,3.025554212466048,False,scipy_with_fraction_check,scipy_highs_with_fraction_check,,0.026300000172341242,2.2770999994463637,0.34890000006271293,1.776499998413783,1.1992999998255982,0.2702000001590932,0.0004999992597731762,0.07980000009411015,0.11309999990771757,0.019500000234984327,0.024500000108673703,0.031399999897985253,0.06949999988137279
test_consistent_random_observations__067,test_consistent_random_observations,PASS,solve_q1,observations,3,3,6,6,3.326099999867438,POLYGON,6,23.685923450406495,11.842961725203248,12.485129755085659,0.6421680298824111,False,scipy_with_fraction_check,scipy_highs_with_fraction_check,,0.028899999961140566,2.130099999703816,0.22789999911765335,1.7620999988139374,0.6912999997439329,0.4076000004715752,0.0006000000212225132,0.16649999997753184,0.1508999994257465,0.027099999897473026,0.030100000003585592,0.030900000638212077,0.06819999998697313
test_consistent_random_observations__068,test_consistent_random_observations,PASS,solve_q1,observations,4,4,8,8,4.007700000329351,POLYGON,6,23.685923450406495,11.842961725203248,12.485129755085659,0.6421680298824111,False,scipy_with_fraction_check,scipy_highs_with_fraction_check,,0.025899999855028,2.232499999990978,0.360299999556446,1.720999999633932,1.267300000108662,0.41309999960503774,0.0004999992597731762,0.16670000059093582,0.1505999998698826,0.027799999770650174,0.028899999961140566,0.03730000025825575,0.06890000076964498
test_consistent_random_observations__069,test_consistent_random_observations,PASS,solve_q1,observations,3,3,6,6,3.4709000001384993,POLYGON,6,29.232435042508126,14.616217521254063,15.951188646296263,1.3349711250422,False,scipy_with_fraction_check,scipy_highs_with_fraction_check,,0.024700000722077675,2.3123999999370426,0.20949999998265412,1.9579000008889125,0.6757000001016422,0.4015000004073954,0.0005000001692678779,0.1640999998926418,0.14819999978499254,0.027600000066740904,0.0289999998130952,0.030700000024808105,0.0565999989703414
test_consistent_random_observations__070,test_consistent_random_observations,PASS,solve_q1,observations,4,4,8,8,3.9983000006031943,POLYGON,6,28.159568871784522,14.079784435892261,14.370238372068785,0.29045393617652415,False,scipy_with_fraction_check,scipy_highs_with_fraction_check,,0.028499999643827323,2.2197999996933504,0.3649000000223168,1.7010000001391745,1.2764000002789544,0.3895999998348998,0.0004999992597731762,0.16830000004119938,0.12659999993047677,0.026100000468431972,0.029099999665049836,0.03780000042752363,0.08400000115216244
test_consistent_random_observations__071,test_consistent_random_observations,PASS,solve_q1,observations,3,3,6,6,3.426999999646796,POLYGON,6,34.37106650367972,17.18553325183986,17.185533251839885,2.4868995751603507e-14,True,scipy_with_fraction_check,scipy_highs_with_fraction_check,,0.025499999537714757,2.1575000000666478,0.2220999995188322,1.7510000016045524,0.7324999996853876,0.45230000068841036,0.0006000000212225132,0.17179999940708512,0.18420000014884863,0.029599999834317714,0.031200000194075983,0.0335000004270114,0.05919999966863543
test_consistent_random_observations__072,test_consistent_random_observations,PASS,solve_q1,observations,4,4,8,8,4.226500000186206,POLYGON,6,18.940515556184263,9.470257778092131,11.807226706537218,2.3369689284450867,False,scipy_with_fraction_check,scipy_highs_with_fraction_check,,0.027300000510877,2.278199999636854,0.3707000005306327,1.7516999996587401,1.3525999993362348,0.4969000001437962,0.0007000007826718502,0.19519999932526844,0.19070000053034164,0.03169999945384916,0.034100000448233914,0.04309999985707691,0.0715000005584443
test_consistent_random_observations__073,test_consistent_random_observations,PASS,solve_q1,observations,3,3,6,6,6.294000000707456,POLYGON,5,20.50021025576835,10.250105127884176,10.702091804762697,0.451986676878521,False,scipy_with_fraction_check,scipy_highs_with_fraction_check,,0.03889999970851932,4.0791000001263455,0.3252000005886657,3.468699998848024,1.516299999821058,0.5665999997290783,0.0010000003385357559,0.19609999981184956,0.23969999983819434,0.038800000766059384,0.042499999835854396,0.04579999949783087,0.09310000132245477
test_consistent_random_observations__074,test_consistent_random_observations,PASS,solve_q1,observations,4,4,8,8,5.481900000631867,POLYGON,6,20.50021025576835,10.250105127884176,10.493607449875348,0.24350232199117272,False,scipy_with_fraction_check,scipy_highs_with_fraction_check,,0.046299999667098746,2.989700000398443,0.491199999487435,2.3042999991957913,1.7274000001634704,0.6179000001793611,0.0008999995770864189,0.2531000000089989,0.2241000001959037,0.0396999994336511,0.04239999998389976,0.05540000074688578,0.10060000022349413
test_consistent_random_observations__075,test_consistent_random_observations,PASS,solve_q1,observations,3,3,6,6,4.544500000520202,POLYGON,6,26.153691291495313,13.076845645747657,18.006338139936368,4.929492494188711,False,scipy_with_fraction_check,scipy_highs_with_fraction_check,,0.0411000000895001,3.0036999996809755,0.31860000035521807,2.482599999893864,0.8926999998948304,0.522399999681511,0.0006999998731771484,0.2119999999194988,0.19859999974869424,0.03420000030018855,0.03699999979289714,0.0380000001314329,0.08460000117338495
test_consistent_random_observations__076,test_consistent_random_observations,PASS,solve_q1,observations,4,4,8,8,4.461100000298757,POLYGON,5,23.89694708567158,11.94847354283579,11.94847354283579,0.0,True,scipy_with_fraction_check,scipy_highs_with_fraction_check,,0.029000000722589903,2.405199999884644,0.3874000003634137,1.853599999776634,1.519899999948393,0.4318999999668449,0.0006000000212225132,0.12760000026901253,0.18790000012813834,0.0320999997711624,0.03459999970800709,0.04739999985758914,0.07509999977628468
test_consistent_random_observations__077,test_consistent_random_observations,PASS,solve_q1,observations,3,3,6,6,3.359700000146404,POLYGON,5,22.85584481912781,11.427922409563905,14.443539326102059,3.0156169165381534,False,scipy_with_fraction_check,scipy_highs_with_fraction_check,,0.026700000489654485,2.1698999998989166,0.21880000076635042,1.8049000000246451,0.7261999999172986,0.37599999996018596,0.0006000000212225132,0.12859999969805358,0.16400000004068715,0.02480000057403231,0.026899999284069054,0.029800000447721686,0.06089999988034833
test_consistent_random_observations__078,test_consistent_random_observations,PASS,solve_q1,observations,4,4,8,8,5.457100000057835,POLYGON,5,20.079376434589125,10.039688217294563,12.715990388422426,2.6763021711278636,False,scipy_with_fraction_check,scipy_highs_with_fraction_check,,0.03930000002583256,3.2240999998975894,0.5326000000422937,2.4740999988352996,1.6520999997737817,0.4424999997354462,0.0006999998731771484,0.14910000027157366,0.18829999953595689,0.02930000027845381,0.03259999994043028,0.04089999947609613,0.0991000006251852
test_consistent_random_observations__079,test_consistent_random_observations,PASS,solve_q1,observations,3,3,6,6,3.397200000108569,POLYGON,5,23.599418860013905,11.799709430006953,12.094476571657177,0.2947671416502242,False,scipy_with_fraction_check,scipy_highs_with_fraction_check,,0.0411000000895001,2.2555999994438025,0.22759999956178945,1.8792999981087632,0.7071999998515821,0.3263000007791561,0.0006000000212225132,0.12569999944389565,0.11810000069090165,0.025299999833805487,0.025800000003073364,0.029400000130408444,0.0669999999445281
test_consistent_random_observations__080,test_consistent_random_observations,PASS,solve_q1,observations,4,4,8,8,4.543999999441439,POLYGON,5,22.712282643557256,11.356141321778628,11.356141321778631,3.552713678800501e-15,True,scipy_with_fraction_check,scipy_highs_with_fraction_check,,0.031200000194075983,2.7271000008113333,0.3845999999612104,2.15829999797279,1.3264999997772975,0.38440000025730114,0.0005999991117278114,0.1309000008404837,0.16349999987141928,0.02499999936844688,0.02660000063769985,0.03620000006776536,0.07479999840143137
test_consistent_random_observations__081,test_consistent_random_observations,PASS,solve_q1,observations,3,3,6,6,3.8775000002715387,POLYGON,6,32.289195351864606,16.144597675932303,16.144597675932314,1.0658141036401503e-14,True,scipy_with_fraction_check,scipy_highs_with_fraction_check,,0.03319999996165279,2.547299999605457,0.28219999967404874,2.102000000377302,0.7674999997107079,0.45529999988502823,0.0005000001692678779,0.177399999301997,0.1810000003388268,0.027299999601382297,0.03400000059627928,0.03370000013092067,0.07420000110869296
test_consistent_random_observations__082,test_consistent_random_observations,PASS,solve_q1,observations,4,4,8,8,4.889099999672908,POLYGON,6,26.3166136858927,13.15830684294635,13.39473235983642,0.23642551689006908,False,scipy_with_fraction_check,scipy_highs_with_fraction_check,,0.025800000003073364,2.9663999994227197,0.3892999993695412,2.407899999525398,1.3685000003533787,0.4605999993145815,0.0004999992597731762,0.18060000002151355,0.17610000031709205,0.029099999665049836,0.03170000036334386,0.041199999941454735,0.06780000057915458
test_consistent_random_observations__083,test_consistent_random_observations,PASS,solve_q1,observations,3,3,6,6,3.305500000351458,POLYGON,4,17.528363083493996,8.764181541746998,11.130370220725672,2.3661886789786735,False,scipy_with_fraction_check,scipy_highs_with_fraction_check,,0.026000000616477337,2.292400000442285,0.3428999989409931,1.8026000007012044,0.6819999998697313,0.24430000030406518,0.0005000001692678779,0.08309999975608662,0.09170000066660577,0.01939999947353499,0.022500000341096893,0.02570000015111873,0.060799999118898995
test_consistent_random_observations__084,test_consistent_random_observations,PASS,solve_q1,observations,4,4,8,8,4.302399999687623,POLYGON,5,17.528363083493996,8.764181541746998,9.469959750907634,0.7057782091606359,False,scipy_with_fraction_check,scipy_highs_with_fraction_check,,0.02789999962260481,2.5253999992855825,0.3901999998561223,1.9632000012279605,1.350300000012794,0.32559999999648426,0.0006000000212225132,0.12570000035339035,0.10819999988598283,0.025299999833805487,0.028000000384054147,0.03639999977167463,0.0732000007701572
test_consistent_random_observations__085,test_consistent_random_observations,PASS,solve_q1,observations,3,3,6,6,4.099299999325012,POLYGON,6,32.314230614523254,16.157115307261627,16.157115307261634,7.105427357601002e-15,True,scipy_with_fraction_check,scipy_highs_with_fraction_check,,0.026400000024295878,2.8270000002521556,0.26509999952395447,2.3457000006601447,0.7172000005084556,0.46600000041507883,0.0006000000212225132,0.17690000004222384,0.18980000004376052,0.0304000004689442,0.0334999995175167,0.0335000004270114,0.06269999812502647
test_consistent_random_observations__086,test_consistent_random_observations,PASS,solve_q1,observations,4,4,8,8,4.339099999924656,POLYGON,6,32.314230614523254,16.157115307261627,16.157115307261634,7.105427357601002e-15,True,scipy_with_fraction_check,scipy_highs_with_fraction_check,,0.028700000257231295,2.3725999999442138,0.3904999994119862,1.8160000017815037,1.3816000000588247,0.482200000078592,0.0005000001692678779,0.1827000005505397,0.19239999983255984,0.03079999987676274,0.03339999966556206,0.041000000237545464,0.07399999958579428
test_consistent_random_observations__087,test_consistent_random_observations,PASS,solve_q1,observations,3,3,6,6,3.2310999995388556,POLYGON,4,31.775242378748,15.887621189374,20.00510059847413,4.117479409100129,False,scipy_with_fraction_check,scipy_highs_with_fraction_check,,0.026300000172341242,2.1747000000686967,0.22650000028079376,1.8031000008704723,0.7187999999587191,0.250199999754841,0.0006000000212225132,0.08489999981975416,0.09380000028613722,0.019099999917671084,0.024400000256719068,0.02609999955893727,0.0610999995842576
test_consistent_random_observations__088,test_consistent_random_observations,PASS,solve_q1,observations,4,4,8,8,4.270800000085728,POLYGON,5,31.775242378748,15.887621189374,15.88762118937401,8.881784197001252e-15,True,scipy_with_fraction_check,scipy_highs_with_fraction_check,,0.028599999495781958,2.3625000003448804,0.3859000007651048,1.8137999995815335,1.3443999996525235,0.4617000004145666,0.0006000000212225132,0.12930000048072543,0.23950000013428507,0.02519999998185085,0.029099999665049836,0.03639999977167463,0.07360000017797574
test_consistent_random_observations__089,test_consistent_random_observations,PASS,solve_q1,observations,3,3,6,6,3.4200999998574844,POLYGON,6,26.69702640099359,13.348513200496795,14.291716547498476,0.9432033470016812,False,scipy_with_fraction_check,scipy_highs_with_fraction_check,,0.027100000806967728,2.165699999750359,0.22880000051372917,1.7924999992828816,0.7341000000451459,0.4326999996919767,0.0006000000212225132,0.1768000001902692,0.15999999959603883,0.029800000447721686,0.030899999728717376,0.03329999981360743,0.06049999956303509
test_consistent_random_observations__090,test_consistent_random_observations,PASS,solve_q1,observations,4,4,8,8,4.2322999997850275,POLYGON,6,26.69702640099359,13.348513200496795,13.893042689463496,0.5445294889667007,False,scipy_with_fraction_check,scipy_highs_with_fraction_check,,0.027799999770650174,2.3445999995601596,0.38829999994050013,1.7937999991772813,1.3667000002897112,0.4202999998597079,0.0006000000212225132,0.17800000023271423,0.13940000008005882,0.027099999897473026,0.032699999792384915,0.04090000038559083,0.0729000003047986
test_consistent_random_observations__091,test_consistent_random_observations,PASS,solve_q1,observations,3,3,6,6,3.4809999997378327,POLYGON,6,32.37987472002551,16.189937360012756,16.189937360012784,2.842170943040401e-14,True,scipy_with_fraction_check,scipy_highs_with_fraction_check,,0.025800000003073364,2.192300000388059,0.22330000047077192,1.8219000003227848,0.7353000000875909,0.4669999998441199,0.0006000000212225132,0.18000000000029104,0.1872000002549612,0.029799999538226984,0.034499999856052455,0.033400000575056765,0.060599999414989725
test_consistent_random_observations__092,test_consistent_random_observations,PASS,solve_q1,observations,4,4,8,8,4.127899999730289,POLYGON,5,23.02189947628377,11.510949738141885,12.33058192805251,0.8196321899106245,False,scipy_with_fraction_check,scipy_highs_with_fraction_check,,0.025999999706982635,2.362600000196835,0.3726999993887148,1.8251999999847612,1.3104999998176936,0.36109999928157777,0.0006000000212225132,0.1253000000360771,0.1452999995308346,0.025100000129896216,0.026900000193563756,0.03639999977167463,0.06770000072719995
test_consistent_random_observations__093,test_consistent_random_observations,PASS,solve_q1,observations,3,3,6,6,4.068500000357744,POLYGON,5,25.155948285436285,12.577974142718142,12.577974142718169,2.6645352591003757e-14,True,scipy_with_fraction_check,scipy_highs_with_fraction_check,,0.02680000034160912,2.1897000005992595,0.22359999911714112,1.8198999996457133,1.3236000004326343,0.46629999997094274,0.0006000000212225132,0.18149999959859997,0.1864000005298294,0.028599999495781958,0.032300000384566374,0.03480000032141106,0.06209999901329866
test_consistent_random_observations__094,test_consistent_random_observations,PASS,solve_q1,observations,4,4,8,8,4.124099999899045,POLYGON,5,25.155948285436285,12.577974142718142,12.577974142718169,2.6645352591003757e-14,True,scipy_with_fraction_check,scipy_highs_with_fraction_check,,0.02860000040527666,2.3344999999608262,0.3772999998545856,1.7948999993677717,1.3199000004533445,0.37030000021331944,0.0005000001692678779,0.12770000012096716,0.15460000031453092,0.02390000008745119,0.027499999305291567,0.03460000061750179,0.07079999886627775
test_consistent_random_observations__095,test_consistent_random_observations,PASS,solve_q1,observations,3,3,6,6,3.161999999974796,POLYGON,3,12.782323619368027,6.3911618096840135,7.829863511063272,1.4387017013792587,False,scipy_with_fraction_check,scipy_highs_with_fraction_check,,0.03060000017285347,2.1821999998792307,0.22590000116906594,1.8073000010190299,0.680600000123377,0.204699999812874,0.0006000000212225132,0.052600000344682485,0.09359999967273325,0.013500000022759195,0.02190000031987438,0.02099999983329326,0.0638999999864609
test_consistent_random_observations__096,test_consistent_random_observations,PASS,solve_q1,observations,4,4,8,8,4.197500000373111,POLYGON,3,12.782323619368027,6.3911618096840135,7.829863511063272,1.4387017013792587,False,scipy_with_fraction_check,scipy_highs_with_fraction_check,,0.027099999897473026,2.5364000002809917,0.3808999999819207,1.9733000008272938,1.3656999999511754,0.19659999998111743,0.0006000000212225132,0.05109999983687885,0.08690000049682567,0.012999999853491317,0.019299999621580355,0.024400000256719068,0.07170000026235357
test_consistent_random_observations__097,test_consistent_random_observations,PASS,solve_q1,observations,3,3,6,6,3.2342999993488775,POLYGON,5,27.910956732580164,13.955478366290082,14.039927292386345,0.08444892609626287,False,scipy_with_fraction_check,scipy_highs_with_fraction_check,,0.028200000087963417,2.171000000089407,0.22590000025957124,1.8004000003202236,0.6584000002476387,0.3096000000368804,0.0006000000212225132,0.12040000001434237,0.11240000003454043,0.022599999283556826,0.02500000027794158,0.027099999897473026,0.06709999888698803
test_consistent_random_observations__098,test_consistent_random_observations,PASS,solve_q1,observations,4,4,8,8,4.293300000426825,POLYGON,5,20.24829273239503,10.124146366197515,10.124146366197515,0.0,True,scipy_with_fraction_check,scipy_highs_with_fraction_check,,0.03370000013092067,2.5193000001308974,0.4332999997131992,1.9061999992118217,1.2902999997095321,0.3592000002754503,0.0005000001692678779,0.11929999982385198,0.15249999978550477,0.024300000404764432,0.027499999305291567,0.033600000278966036,0.09080000018002465
test_consistent_random_observations__099,test_consistent_random_observations,PASS,solve_q1,observations,3,3,6,6,4.186199999821838,POLYGON,5,25.190219572291205,12.595109786145603,12.595109786145613,1.0658141036401503e-14,True,scipy_with_fraction_check,scipy_highs_with_fraction_check,,0.037599999814119656,2.788499999951455,0.3069000003961264,2.295399999638903,0.8535999995729071,0.42219999977533007,0.0006999998731771484,0.14449999980570283,0.18139999974664534,0.02930000027845381,0.03229999947507167,0.03240000023652101,0.08430000070802635
test_consistent_random_observations__100,test_consistent_random_observations,PASS,solve_q1,observations,4,4,8,8,4.070599999977276,POLYGON,6,24.363353693465573,12.181676846732787,12.18167684673281,2.3092638912203256e-14,True,scipy_with_fraction_check,scipy_highs_with_fraction_check,,0.025999999706982635,2.199599999585189,0.36079999972571386,1.6898000003493507,1.3071000003037625,0.46969999948487384,0.0005000001692678779,0.1720000000204891,0.1922999999806052,0.030399999559449498,0.031800000215298496,0.041399999645364005,0.06820000089646783
test_consistent_random_observations__101,test_consistent_random_observations,PASS,solve_q1,observations,3,3,6,6,2.946700000393321,POLYGON,4,23.416704374856483,11.708352187428241,14.576318795022905,2.8679666075946635,False,scipy_with_fraction_check,scipy_highs_with_fraction_check,,0.02519999998185085,1.9887999997081351,0.20900000072288094,1.6443999993498437,0.6381999992299825,0.23849999979574932,0.0005000001692678779,0.07749999986117473,0.09589999990566866,0.018200000340584666,0.022199999875738285,0.02299999960087007,0.056000001677602995
test_consistent_random_observations__102,test_consistent_random_observations,PASS,solve_q1,observations,4,4,8,8,3.877699999975448,POLYGON,5,22.962850530763838,11.481425265381919,14.573144827573994,3.0917195621920754,False,scipy_with_fraction_check,scipy_highs_with_fraction_check,,0.026700000489654485,2.247200000056182,0.35849999949277844,1.7344000007142313,1.2200999999549822,0.31710000075690914,0.0004999992597731762,0.1157000006060116,0.12100000003556488,0.0227999998969608,0.023399999918183312,0.03240000023652101,0.06659999871772015
test_consistent_random_observations__103,test_consistent_random_observations,PASS,solve_q1,observations,3,3,6,6,3.3960999999180785,POLYGON,3,20.27150907190812,10.13575453595406,15.720415808989546,5.584661273035486,False,scipy_with_fraction_check,scipy_highs_with_fraction_check,,0.02860000040527666,2.0775000002686284,0.22080000053392723,1.716899999337329,1.0387000002083369,0.1944999994520913,0.0005000001692678779,0.0473000000056345,0.09619999946153257,0.012400000741763506,0.016799999684735667,0.019899999642802868,0.056799999583745375
test_consistent_random_observations__104,test_consistent_random_observations,PASS,solve_q1,observations,4,4,8,8,3.752100000383507,POLYGON,4,19.30347510956782,9.65173755478391,14.952746389677008,5.301008834893098,False,scipy_with_fraction_check,scipy_highs_with_fraction_check,,0.02629999926284654,2.181400000154099,0.3644999997050036,1.6666000010445714,1.2123000005885842,0.2648999998200452,0.0006000000212225132,0.07759999971312936,0.11870000071212417,0.01849999989644857,0.02029999996011611,0.02789999962260481,0.06720000055793207
test_consistent_random_observations__105,test_consistent_random_observations,PASS,solve_q1,observations,3,3,6,6,3.0305000000225846,POLYGON,4,18.01940247065873,9.009701235329365,12.127138136436844,3.11743690110748,False,scipy_with_fraction_check,scipy_highs_with_fraction_check,,0.024599999960628338,2.049500000794069,0.20809999932680512,1.7065000001821318,0.667299999804527,0.22809999973105732,0.0006000000212225132,0.07780000032653334,0.0855999996929313,0.01720000000204891,0.021799999558425043,0.02370000038354192,0.06099999973230297
test_consistent_random_observations__106,test_consistent_random_observations,PASS,solve_q1,observations,4,4,8,8,4.33210000028339,POLYGON,4,18.01940247065873,9.009701235329365,12.127138136436844,3.11743690110748,False,scipy_with_fraction_check,scipy_highs_with_fraction_check,,0.03220000053261174,2.6504000006752904,0.45119999958842527,2.027599998655205,1.3043999997535138,0.26789999992615776,0.0008000006346264854,0.08799999977782136,0.10010000005422626,0.019600000086938962,0.025299999833805487,0.032300000384566374,0.07719999939581612
test_consistent_random_observations__107,test_consistent_random_observations,PASS,solve_q1,observations,3,3,6,6,3.3320999991701683,POLYGON,6,24.785486220032382,12.392743110016191,15.082403507669817,2.6896603976536255,False,scipy_with_fraction_check,scipy_highs_with_fraction_check,,0.02809999932651408,2.1046000001661014,0.21019999985583127,1.7543000003570342,0.7005999996181345,0.4343999999036896,0.0006000000212225132,0.17180000031657983,0.16709999999875436,0.02789999962260481,0.030899999728717376,0.03470000046945643,0.06440000015572878
test_consistent_random_observations__108,test_consistent_random_observations,PASS,solve_q1,observations,4,4,8,8,4.078599999957078,POLYGON,6,24.169381095836204,12.084690547918102,12.084690547918102,0.0,True,scipy_with_fraction_check,scipy_highs_with_fraction_check,,0.0366000003850786,2.217199999904551,0.3839999990304932,1.6803000007712399,1.3088000005154754,0.43989999994664686,0.0006000000212225132,0.16820000018924475,0.17519999983051093,0.026900000193563756,0.029200000426499173,0.03839999953925144,0.07609999920532573
test_consistent_random_observations__109,test_consistent_random_observations,PASS,solve_q1,observations,3,3,6,6,3.2534000001760432,POLYGON,6,32.62811081792988,16.31405540896494,19.52154664493904,3.2074912359741,False,scipy_with_fraction_check,scipy_highs_with_fraction_check,,0.024900000425986946,2.043400000729889,0.20949999998265412,1.685699999143253,0.6937999996807775,0.4338999997344217,0.0005000001692678779,0.17459999980928842,0.1674999994065729,0.02750000021478627,0.03130000004603062,0.031200000194075983,0.05739999960496789
test_consistent_random_observations__110,test_consistent_random_observations,PASS,solve_q1,observations,4,4,8,8,4.4393999996827915,POLYGON,6,32.62110437306821,16.310552186534107,19.691313439996883,3.380761253462776,False,scipy_with_fraction_check,scipy_highs_with_fraction_check,,0.026499999876250513,2.6823999996850034,0.35819999993691454,2.1462999984578346,1.2679000001298846,0.39370000013150275,0.0006000000212225132,0.1747999995131977,0.11960000028921058,0.02769999991869554,0.0320999997711624,0.037599999814119656,0.06889999986015027
test_consistent_random_observations__111,test_consistent_random_observations,PASS,solve_q1,observations,3,3,6,6,3.131999999823165,POLYGON,6,23.92802564192114,11.96401282096057,16.54500973528699,4.58099691432642,False,scipy_with_fraction_check,scipy_highs_with_fraction_check,,0.028700000257231295,1.9860000002154266,0.210000000151922,1.6398000007029623,0.6913999995958875,0.3695999994306476,0.0005000001692678779,0.167199999850709,0.11199999971722718,0.026900000193563756,0.030500000320898835,0.031099999432626646,0.0563000003239722
test_consistent_random_observations__112,test_consistent_random_observations,PASS,solve_q1,observations,4,4,8,8,4.516500000136148,POLYGON,6,23.58562512287119,11.792812561435595,16.566754455161508,4.7739418937259135,False,scipy_with_fraction_check,scipy_highs_with_fraction_check,,0.028499999643827323,2.1575999999186024,0.35909999951400096,1.649499998165993,1.817500000470318,0.4386000000522472,0.0006000000212225132,0.1695000000836444,0.15100000018719584,0.035799999750452116,0.03790000027947826,0.04219999937049579,0.07430000005115289
test_consistent_random_observations__113,test_consistent_random_observations,PASS,solve_q1,observations,3,3,6,6,3.090199999860488,POLYGON,5,23.996335681461492,11.998167840730746,14.92030749379433,2.9221396530635833,False,scipy_with_fraction_check,scipy_highs_with_fraction_check,,0.024400000256719068,2.0733000001200708,0.19629999951575883,1.7419999985577306,0.6256000006032991,0.30300000071292743,0.0006000000212225132,0.10900000052060932,0.11719999929482583,0.02210000002378365,0.02680000034160912,0.026100000468431972,0.0638999981674715
test_consistent_random_observations__114,test_consistent_random_observations,PASS,solve_q1,observations,4,4,8,8,3.8177999995241407,POLYGON,5,23.971422298640526,11.985711149320263,11.985711149320263,0.0,True,scipy_with_fraction_check,scipy_highs_with_fraction_check,,0.026300000172341242,2.2171000000525964,0.33650000023044413,1.7306999998254469,1.1595999994824524,0.34809999942808645,0.0006000000212225132,0.12069999957020627,0.14660000033472897,0.022600000193051528,0.023999999939405825,0.03240000023652101,0.0667000003886642
test_consistent_random_observations__115,test_consistent_random_observations,PASS,solve_q1,observations,3,3,6,6,3.6042000001543784,POLYGON,5,21.19893530218919,10.599467651094596,12.805836067037188,2.206368415942592,False,scipy_with_fraction_check,scipy_highs_with_fraction_check,,0.03240000023652101,2.4616999999125255,0.255299999480485,2.043499999672349,0.7082000001901179,0.3302000004623551,0.0006000000212225132,0.12270000024727779,0.1266999997824314,0.023999999939405825,0.025800000003073364,0.028899999961140566,0.07169999935285887
test_consistent_random_observations__116,test_consistent_random_observations,PASS,solve_q1,observations,4,4,8,8,3.7217000008240575,POLYGON,5,19.90679392295804,9.95339696147902,9.95339696147902,0.0,True,scipy_with_fraction_check,scipy_highs_with_fraction_check,,0.028200000087963417,2.149699999790755,0.3524000003380934,1.649899999392801,1.1432999999669846,0.33210000037797727,0.0004999992597731762,0.11059999997087289,0.14170000031299423,0.021599999854515772,0.024300000404764432,0.0320999997711624,0.0684000006003771
test_consistent_random_observations__117,test_consistent_random_observations,PASS,solve_q1,observations,3,3,6,6,3.0215999995562015,POLYGON,4,13.3338116271036,6.6669058135518,10.783862324599278,4.116956511047478,False,scipy_with_fraction_check,scipy_highs_with_fraction_check,,0.025600000299164094,2.0181999998385436,0.2088999990519369,1.6743999995014747,0.6562000007761526,0.264400000560272,0.0006000000212225132,0.07749999986117473,0.12170000081823673,0.018400000044493936,0.021599999854515772,0.023300000066228677,0.057199998082069214
test_consistent_random_observations__118,test_consistent_random_observations,PASS,solve_q1,observations,4,4,8,8,3.990000000158034,POLYGON,4,13.3338116271036,6.6669058135518,10.783862324599278,4.116956511047478,False,scipy_with_fraction_check,scipy_highs_with_fraction_check,,0.026200000320386607,2.399100000729959,0.36329999966255855,1.8660999985513627,1.2262999998711166,0.26929999967251206,0.0006000000212225132,0.07839999943826115,0.12100000003556488,0.0183000001925393,0.021800000467919745,0.02789999962260481,0.06909999956405954
test_consistent_random_observations__119,test_consistent_random_observations,PASS,solve_q1,observations,3,3,6,6,3.887400000166963,POLYGON,4,26.84440885344491,13.422204426722455,13.422204426722484,2.842170943040401e-14,True,scipy_with_fraction_check,scipy_highs_with_fraction_check,,0.024400000256719068,2.7667000003930298,0.20870000025752233,2.4118000001180917,0.7208000006357906,0.3178999995725462,0.0006999998731771484,0.08320000051753595,0.1525999996374594,0.023800000235496555,0.02769999991869554,0.028299999939918052,0.05759999930887716
test_consistent_random_observations__120,test_consistent_random_observations,PASS,solve_q1,observations,4,4,8,8,4.363000000012107,POLYGON,5,23.6521278839666,11.8260639419833,11.826063941983302,1.7763568394002505e-15,True,scipy_with_fraction_check,scipy_highs_with_fraction_check,,0.02769999991869554,2.463799999532057,0.38380000114557333,1.9037999991269317,1.3743999998041545,0.41760000021895394,0.0006000000212225132,0.13239999952929793,0.19040000006498303,0.025800000003073364,0.028299999939918052,0.038300000596791506,0.07950000053824624
test_consistent_random_observations__121,test_consistent_random_observations,PASS,solve_q1,observations,3,3,6,6,3.28449999960867,POLYGON,5,31.34122936737858,15.67061468368929,15.670614683689307,1.5987211554602254e-14,True,scipy_with_fraction_check,scipy_highs_with_fraction_check,,0.023800000235496555,2.0237999997334555,0.20169999970676145,1.6875000019354047,0.7703000001129112,0.40890000036597485,0.0006999998731771484,0.130899999930989,0.19019999945157906,0.026000000616477337,0.02809999932651408,0.03130000004603062,0.057699999160831794
test_consistent_random_observations__122,test_consistent_random_observations,PASS,solve_q1,observations,4,4,8,8,5.03740000021935,POLYGON,5,31.34122936737858,15.67061468368929,15.670614683689307,1.5987211554602254e-14,True,scipy_with_fraction_check,scipy_highs_with_fraction_check,,0.034499999856052455,2.498300000297604,0.37659999907191377,1.9412999999985914,2.041300000200863,0.3851000001304783,0.0007999997251317836,0.13300000046001514,0.16149999919434777,0.02480000057403231,0.027399999453336932,0.03570000080799218,0.07819999973435188
test_consistent_random_observations__123,test_consistent_random_observations,PASS,solve_q1,observations,3,3,6,6,3.57110000004468,POLYGON,6,35.88335078499438,17.94167539249719,17.941675392497203,1.4210854715202004e-14,True,scipy_with_fraction_check,scipy_highs_with_fraction_check,,0.02750000021478627,2.180200000111654,0.216500000533415,1.818700000512763,0.7775000003675814,0.5251000002317596,0.0006999998731771484,0.18230000023322646,0.21969999943394214,0.03569999989849748,0.04130000070290407,0.04369999987829942,0.060799999118898995
test_consistent_random_observations__124,test_consistent_random_observations,PASS,solve_q1,observations,4,4,8,8,4.176699999334232,POLYGON,5,27.27107044553867,13.635535222769334,13.635535222769363,2.842170943040401e-14,True,scipy_with_fraction_check,scipy_highs_with_fraction_check,,0.028299999939918052,2.3868999996921048,0.36690000069938833,1.8506999986129813,1.3106999995216029,0.3780999995797174,0.0004999992597731762,0.12450000031094532,0.16320000031555537,0.02499999936844688,0.02750000021478627,0.035600000046542846,0.07270000060088933
test_consistent_random_observations__125,test_consistent_random_observations,PASS,solve_q1,observations,3,3,6,6,3.3852999995360733,POLYGON,6,35.9569185639281,17.97845928196405,18.994368680705563,1.0159093987415133,False,scipy_with_fraction_check,scipy_highs_with_fraction_check,,0.027299999601382297,2.2231000002648216,0.20139999924140284,1.881399999547284,0.6795999997848412,0.39739999920129776,0.0005999991117278114,0.16700000014679972,0.14040000041859457,0.02789999962260481,0.02930000027845381,0.030899999728717376,0.05790000068373047
test_consistent_random_observations__126,test_consistent_random_observations,PASS,solve_q1,observations,4,4,8,8,3.8373000006686198,POLYGON,4,29.73829323158163,14.869146615790815,16.887122835674145,2.01797621988333,False,scipy_with_fraction_check,scipy_highs_with_fraction_check,,0.028100000236008782,2.3189000003185356,0.3542000004017609,1.805699999749777,1.1851999997816165,0.2314000003025285,0.0006000000212225132,0.07699999969190685,0.08299999990413198,0.017899999875226058,0.02120000044669723,0.030399999559449498,0.07370000002993038
test_consistent_random_observations__127,test_consistent_random_observations,PASS,solve_q1,observations,3,3,6,6,3.3699000005071866,POLYGON,4,25.223157967782935,12.611578983891468,14.523436280262057,1.9118572963705898,False,scipy_with_fraction_check,scipy_highs_with_fraction_check,,0.026300000172341242,2.3497000001952983,0.22740000076737488,1.9581000005928217,0.6782999998904415,0.2544999997553532,0.0006000000212225132,0.07779999941703863,0.11030000041500898,0.017800000023271423,0.02190000031987438,0.02479999966453761,0.061100000493752304
test_consistent_random_observations__128,test_consistent_random_observations,PASS,solve_q1,observations,4,4,8,8,4.144000000451342,POLYGON,4,25.223157967782935,12.611578983891468,14.523436280262057,1.9118572963705898,False,scipy_with_fraction_check,scipy_highs_with_fraction_check,,0.03640000068116933,2.4222000001827837,0.38979999953880906,1.8712000010054908,1.3241000006019021,0.2851999997801613,0.0006000000212225132,0.0869999994392856,0.12289999995118706,0.01920000067912042,0.023799999326001853,0.030300000616989564,0.07609999920532573
test_consistent_random_observations__129,test_consistent_random_observations,PASS,solve_q1,observations,3,3,6,6,3.417200000512821,POLYGON,6,25.350880607598643,12.675440303799322,12.973479135836232,0.2980388320369105,False,scipy_with_fraction_check,scipy_highs_with_fraction_check,,0.030000000151630957,2.1428000000014435,0.22650000119028846,1.7717000000629923,0.7402999999612803,0.4315000005590264,0.0006000000212225132,0.18630000067787478,0.14699999974254752,0.029400000130408444,0.03339999966556206,0.03339999966556206,0.07259999983943999
test_consistent_random_observations__130,test_consistent_random_observations,PASS,solve_q1,observations,4,4,8,8,4.101999999875261,POLYGON,4,12.686195811969542,6.343097905984771,6.343097905984776,5.329070518200751e-15,True,scipy_with_fraction_check,scipy_highs_with_fraction_check,,0.029399999220913742,2.3905999996713945,0.386199999411474,1.840599999013648,1.314299999648938,0.29429999995045364,0.0006999998731771484,0.08600000001024455,0.13419999959296547,0.021599999854515772,0.022500000341096893,0.028000000384054147,0.07340000138356118
test_consistent_random_observations__131,test_consistent_random_observations,PASS,solve_q1,observations,3,3,6,6,3.1226999999489635,POLYGON,3,26.835474185274858,13.417737092637429,16.699666448674503,3.2819293560370735,False,scipy_with_fraction_check,scipy_highs_with_fraction_check,,0.024200000552809797,2.1338000005926006,0.21499999911611667,1.7735999999786145,0.7005999996181345,0.20789999962289585,0.0006000000212225132,0.05210000017541461,0.10070000007544877,0.013199999557400588,0.01849999989644857,0.021500000002561137,0.05619999956252286
test_consistent_random_observations__132,test_consistent_random_observations,PASS,solve_q1,observations,4,4,8,8,4.029699999591685,POLYGON,4,26.835474185274858,13.417737092637429,13.417737092637434,5.329070518200751e-15,True,scipy_with_fraction_check,scipy_highs_with_fraction_check,,0.028100000236008782,2.344400000765745,0.3873000005114591,1.7959000006158021,1.2800000004062895,0.2928000003521447,0.0004999992597731762,0.08680000064487103,0.13099999978294363,0.018900000213761814,0.023499999770137947,0.03060000017285347,0.08439999783149688
test_consistent_random_observations__133,test_consistent_random_observations,PASS,solve_q1,observations,3,3,6,6,3.2670999999027117,POLYGON,5,20.546170899938325,10.273085449969162,16.12589986624213,5.852814416272967,False,scipy_with_fraction_check,scipy_highs_with_fraction_check,,0.025599999389669392,2.143400000022666,0.226900000598107,1.7658000006122165,0.7150000001274748,0.32250000003841706,0.0006000000212225132,0.13099999978294363,0.10779999956866959,0.02480000057403231,0.02769999991869554,0.02919999951700447,0.060600000324484427
test_consistent_random_observations__134,test_consistent_random_observations,PASS,solve_q1,observations,4,4,8,8,4.411699999764096,POLYGON,6,20.51773338550417,10.258866692752084,10.258866692752107,2.3092638912203256e-14,True,scipy_with_fraction_check,scipy_highs_with_fraction_check,,0.028700000257231295,2.488900000571448,0.38610000046901405,1.9369999990885844,1.3288999998621875,0.4908999999315711,0.0006000000212225132,0.18939999972644728,0.19550000070012175,0.029999999242136255,0.03280000055383425,0.04089999947609613,0.07429999914165819
test_consistent_random_observations__135,test_consistent_random_observations,PASS,solve_q1,observations,3,3,6,6,3.373999999894295,POLYGON,5,17.92004184716972,8.96002092358486,9.549138863770946,0.5891179401860853,False,scipy_with_fraction_check,scipy_highs_with_fraction_check,,0.027799999770650174,2.221799999460927,0.22780000017519342,1.845099999627564,0.7233999995150953,0.33830000029411167,0.0006000000212225132,0.1297999997404986,0.12440000045899069,0.02479999966453761,0.02769999991869554,0.029600000743812416,0.06270000085351057
test_consistent_random_observations__136,test_consistent_random_observations,PASS,solve_q1,observations,4,4,8,8,4.320000000006985,POLYGON,5,17.92004184716972,8.96002092358486,9.549138863770946,0.5891179401860853,False,scipy_with_fraction_check,scipy_highs_with_fraction_check,,0.032699999792384915,2.528800000618503,0.4139000002396642,1.9460999992588768,1.3327999995453865,0.3454999996392871,0.0006000000212225132,0.12989999959245324,0.12440000045899069,0.02519999998185085,0.028000000384054147,0.03609999930631602,0.08020000041142339
test_consistent_random_observations__137,test_consistent_random_observations,PASS,solve_q1,observations,3,3,6,6,3.2301000001098146,POLYGON,4,25.987897097450688,12.993948548725344,20.34574339427128,7.351794845545937,False,scipy_with_fraction_check,scipy_highs_with_fraction_check,,0.026900000193563756,2.199000000473461,0.2265999992232537,1.823599999625003,0.698499999998603,0.24480000047333306,0.0006999998731771484,0.08299999990413198,0.09179999960906571,0.01990000055229757,0.022000000171829015,0.025899999855028,0.06089999897085363
test_consistent_random_observations__138,test_consistent_random_observations,PASS,solve_q1,observations,4,4,8,8,4.357400000117195,POLYGON,5,25.987897097450688,12.993948548725344,16.38629054678608,3.3923419980607346,False,scipy_with_fraction_check,scipy_highs_with_fraction_check,,0.04389999958220869,2.547000000049593,0.361499999598891,2.0129000022279797,1.3731999997617095,0.3202999996574363,0.0005000001692678779,0.12539999988803174,0.10610000026645139,0.024499999199179,0.02660000063769985,0.03569999989849748,0.07300000106624793
test_consistent_random_observations__139,test_consistent_random_observations,PASS,solve_q1,observations,3,3,6,6,3.3204000001205713,POLYGON,5,18.55282554527517,9.276412772637585,11.040324174163743,1.7639114015261583,False,scipy_with_fraction_check,scipy_highs_with_fraction_check,,0.026200000320386607,2.175300000089919,0.21610000021610176,1.812699999391043,0.7332999994105194,0.32450000071548857,0.0006000000212225132,0.12989999959245324,0.10910000037256395,0.025299999833805487,0.028100000236008782,0.02990000029967632,0.0610999995842576
test_consistent_random_observations__140,test_consistent_random_observations,PASS,solve_q1,observations,4,4,8,8,4.750900000544789,POLYGON,6,17.7627306792776,8.8813653396388,10.735862738513486,1.8544973988746865,False,scipy_with_fraction_check,scipy_highs_with_fraction_check,,0.02919999951700447,2.544599999964703,0.3773000007640803,1.9918999996662023,1.5809000005901908,0.5200999994485755,0.0006999998731771484,0.1871999993454665,0.20560000029945513,0.03889999970851932,0.039399999877787195,0.04630000057659345,0.07610000102431513
test_consistent_random_observations__141,test_consistent_random_observations,PASS,solve_q1,observations,3,3,6,6,3.5238000000390457,POLYGON,5,19.302908920579394,9.651454460289697,9.686188153598927,0.03473369330922971,False,scipy_with_fraction_check,scipy_highs_with_fraction_check,,0.04179999996267725,2.3294000002351822,0.22899999930814374,1.9541999990906334,0.7211000001916545,0.3648000001703622,0.0006000000212225132,0.12969999988854397,0.1494999996793922,0.025400000595254824,0.028200000087963417,0.029799999538226984,0.06669999947916949
test_consistent_random_observations__142,test_consistent_random_observations,PASS,solve_q1,observations,4,4,8,8,4.6068000001469045,POLYGON,5,19.208580491575876,9.604290245787938,9.627962241979635,0.023671996191696465,False,scipy_with_fraction_check,scipy_highs_with_fraction_check,,0.029800000447721686,2.7416000002631336,0.3942000003007706,2.1705999997720937,1.3834999999744468,0.3775000004679896,0.0006000000212225132,0.1314999999522115,0.15319999965868192,0.025400000595254824,0.0289999998130952,0.036100000215810724,0.07439999899361283
test_consistent_random_observations__143,test_consistent_random_observations,PASS,solve_q1,observations,3,3,6,6,3.2759999994596,POLYGON,4,31.011424830055763,15.505712415027881,15.505712415027896,1.4210854715202004e-14,True,scipy_with_fraction_check,scipy_highs_with_fraction_check,,0.028899999961140566,2.189699999689765,0.22789999911765335,1.8149999987144838,0.7113000001481851,0.2845999997589388,0.0006999998731771484,0.08449999950244091,0.1298000006499933,0.018899999304267112,0.02350000067963265,0.025499999537714757,0.061499999901570845
test_consistent_random_observations__144,test_consistent_random_observations,PASS,solve_q1,observations,4,4,8,8,4.310700000132783,POLYGON,5,28.681728902376182,14.340864451188091,14.340864451188095,3.552713678800501e-15,True,scipy_with_fraction_check,scipy_highs_with_fraction_check,,0.029099999665049836,2.36860000040906,0.39059999926394084,1.8148999997720239,1.4375999999174383,0.40079999962472357,0.0008999995770864189,0.13190000026952475,0.1739999997880659,0.02609999955893727,0.028700000257231295,0.037400000110210385,0.0746000005165115
test_consistent_random_observations__145,test_consistent_random_observations,PASS,solve_q1,observations,3,3,6,6,3.463999999439693,POLYGON,5,26.891954524394816,13.445977262197408,14.377575624125836,0.9315983619284278,False,scipy_with_fraction_check,scipy_highs_with_fraction_check,,0.03729999934876105,2.2964999998293933,0.22780000108468812,1.9182000005457667,0.719300000127987,0.3467999995336868,0.0006000000212225132,0.13020000005781185,0.13339999986783369,0.024400000256719068,0.027099999897473026,0.02949999998236308,0.06410000059986487
test_consistent_random_observations__146,test_consistent_random_observations,PASS,solve_q1,observations,4,4,8,8,4.584400000567257,POLYGON,5,18.626933282401094,9.313466641200547,10.161280450929183,0.8478138097286365,False,scipy_with_fraction_check,scipy_highs_with_fraction_check,,0.03710000055434648,2.716100000725419,0.388800000109768,2.133699999831151,1.414899999872432,0.33679999978630804,0.0006000000212225132,0.13130000024830224,0.11230000018258579,0.025299999833805487,0.028499999643827323,0.037200000406301115,0.07949999962875154
test_consistent_random_observations__147,test_consistent_random_observations,PASS,solve_q1,observations,3,3,6,6,3.651499999250518,POLYGON,5,16.28343874830061,8.141719374150306,10.020325876117752,1.8786065019674467,False,scipy_with_fraction_check,scipy_highs_with_fraction_check,,0.03370000013092067,2.337900000384252,0.23500000042986358,1.9497999992381665,0.7784999997966224,0.43559999994613463,0.0008999995770864189,0.15350000012404053,0.17779999961931026,0.030500000320898835,0.035400000342633575,0.03529999958118424,0.06579999899258837
test_consistent_random_observations__148,test_consistent_random_observations,PASS,solve_q1,observations,4,4,8,8,4.517200000009325,POLYGON,5,16.28343874830061,8.141719374150306,8.461997439298743,0.3202780651484378,False,scipy_with_fraction_check,scipy_highs_with_fraction_check,,0.04239999998389976,2.6339999994888785,0.3893000011885306,2.054399999906309,1.3866999997844687,0.37599999996018596,0.0007999997251317836,0.1322999996773433,0.14689999989059288,0.0259000007645227,0.030100000003585592,0.038099999983387534,0.07810000079189194
test_consistent_random_observations__149,test_consistent_random_observations,PASS,solve_q1,observations,3,3,6,6,3.4993999997823266,POLYGON,5,25.50987491365179,12.754937456825894,15.09940224474934,2.344464787923446,False,scipy_with_fraction_check,scipy_highs_with_fraction_check,,0.04549999994196696,2.3216000008687843,0.2289000003656838,1.9422999994276324,0.7396000000881031,0.3249000001233071,0.0005000001692678779,0.13020000005781185,0.10780000047816429,0.02499999936844688,0.02930000027845381,0.030299999707494862,0.06779999876016518
test_consistent_random_observations__150,test_consistent_random_observations,PASS,solve_q1,observations,4,4,8,8,4.448400000001129,POLYGON,6,20.417231311133513,10.208615655566756,10.4551442336223,0.2465285780555444,False,scipy_with_fraction_check,scipy_highs_with_fraction_check,,0.03550000019458821,2.4728000007598894,0.3905000003214809,1.9172000011167256,1.3992000003781868,0.46349999956873944,0.0006999998731771484,0.18530000033933902,0.1695000000836444,0.030399999559449498,0.034100000448233914,0.04189999981463188,0.07739999909972539
test_consistent_random_observations__151,test_consistent_random_observations,PASS,solve_q1,observations,3,3,6,6,3.6206000004312955,POLYGON,6,30.782561073253586,15.391280536626793,16.05585177680175,0.664571240174956,False,scipy_with_fraction_check,scipy_highs_with_fraction_check,,0.034300000152143184,2.2954999994908576,0.22870000066177454,1.9161000000167405,0.7467999994332786,0.4772000002049026,0.0006999998731771484,0.19739999970624922,0.17970000044442713,0.030199999855540227,0.032899999496294186,0.03470000046945643,0.06680000115011353
test_consistent_random_observations__152,test_consistent_random_observations,PASS,solve_q1,observations,4,4,8,8,4.579100000228209,POLYGON,6,30.395780286786067,15.197890143393034,15.19789014339304,7.105427357601002e-15,True,scipy_with_fraction_check,scipy_highs_with_fraction_check,,0.044499999603431206,2.586199999313976,0.3934999995180988,2.0230000009178184,1.3777000003756257,0.49029999991034856,0.0006999998731771484,0.18449999970471254,0.19800000063696643,0.02969999968627235,0.03389999983482994,0.04150000040681334,0.08040000102482736
test_consistent_random_observations__153,test_consistent_random_observations,PASS,solve_q1,observations,3,3,6,6,3.6949999994249083,POLYGON,6,16.22981576796982,8.11490788398491,8.11490788398491,0.0,True,scipy_with_fraction_check,scipy_highs_with_fraction_check,,0.0366000003850786,2.3581999994348735,0.23150000106397783,1.9733999997697538,0.7482999999410822,0.4810999998881016,0.0007999997251317836,0.18149999959859997,0.19909999991796212,0.03060000017285347,0.03270000070187962,0.03440000000409782,0.07079999977577245
test_consistent_random_observations__154,test_consistent_random_observations,PASS,solve_q1,observations,4,4,8,8,4.64670000019396,POLYGON,7,15.66922215318764,7.83461107659382,8.24205703687934,0.4074459602855196,False,scipy_with_fraction_check,scipy_highs_with_fraction_check,,0.07780000032653334,2.5212000000465196,0.39709999964543385,1.9581999995352817,1.4417000002140412,0.5091000002721557,0.0007999997251317836,0.2472000005582231,0.13870000020688167,0.03529999958118424,0.038099999983387534,0.04689999968832126,0.09689999933470972
test_consistent_random_observations__155,test_consistent_random_observations,PASS,solve_q1,observations,3,3,6,6,3.6031999998158426,POLYGON,3,14.531833146560603,7.265916573280301,10.978508424883996,3.712591851603695,False,scipy_with_fraction_check,scipy_highs_with_fraction_check,,0.03259999994043028,2.607000000352855,0.225499999942258,2.2294999998848652,0.6767999993826379,0.22189999981492292,0.0006999998731771484,0.056400000175926834,0.1063999998223153,0.013700000636163168,0.020599999515980016,0.02210000002378365,0.06490000032499665
test_consistent_random_observations__156,test_consistent_random_observations,PASS,solve_q1,observations,4,4,8,8,4.183300000477175,POLYGON,3,5.042656613974294,2.521328306987147,3.9314127551999016,1.4100844482127548,False,scipy_with_fraction_check,scipy_highs_with_fraction_check,,0.04349999926489545,2.590000000054715,0.404299999900104,2.0078999996258062,1.2575000000651926,0.2128000005541253,0.0007999997251317836,0.05560000045079505,0.09299999965151073,0.014100000043981709,0.020600000425474718,0.02679999943211442,0.07950000053824624
test_consistent_random_observations__157,test_consistent_random_observations,PASS,solve_q1,observations,3,3,6,6,3.462700000454788,POLYGON,5,24.743918081324423,12.371959040662212,12.371959040662224,1.2434497875801753e-14,True,scipy_with_fraction_check,scipy_highs_with_fraction_check,,0.03699999979289714,2.265300000544812,0.22939999962545699,1.88479999997071,0.7162000001699198,0.3764000002774992,0.0008000006346264854,0.12969999988854397,0.16090000008261995,0.025099999220401514,0.027800000680144876,0.030199999855540227,0.06779999966965988
test_consistent_random_observations__158,test_consistent_random_observations,PASS,solve_q1,observations,4,4,8,8,4.096399999980349,POLYGON,3,12.660570437339388,6.330285218669694,9.296109837786624,2.9658246191169297,False,scipy_with_fraction_check,scipy_highs_with_fraction_check,,0.0380000001314329,2.4868000000424217,0.3888000010192627,1.9314000001031673,1.28590000076656,0.20700000004580943,0.0008000006346264854,0.052999999752501026,0.09099999988393392,0.01340000017080456,0.02080000012938399,0.025899999855028,0.07869999899412505
test_consistent_random_observations__159,test_consistent_random_observations,PASS,solve_q1,observations,3,3,6,6,3.440299999965646,POLYGON,5,23.86658576788942,11.93329288394471,15.065429420008051,3.132136536063342,False,scipy_with_fraction_check,scipy_highs_with_fraction_check,,0.03079999987676274,2.2516000008181436,0.225499999942258,1.8771999993987265,0.7225999997899635,0.3712999996423605,0.0006999998731771484,0.1297999997404986,0.15329999951063655,0.026700000489654485,0.02860000040527666,0.030399999559449498,0.06399999983841553
test_consistent_random_observations__160,test_consistent_random_observations,PASS,solve_q1,observations,4,4,8,8,4.664200000661367,POLYGON,5,23.86658576788942,11.93329288394471,15.065429420008051,3.132136536063342,False,scipy_with_fraction_check,scipy_highs_with_fraction_check,,0.03929999911633786,2.7577999999266467,0.41909999981726287,2.1244999988994095,1.3866999997844687,0.3982999996878789,0.0006999998731771484,0.13489999946614262,0.1624000005904236,0.027499999305291567,0.032500000088475645,0.038500000300700776,0.08210000214603497
test_consistent_random_observations__161,test_consistent_random_observations,PASS,solve_q1,observations,3,3,6,6,3.5238999998910003,POLYGON,4,25.581473800958232,12.790736900479116,15.957837228437715,3.1671003279585985,False,scipy_with_fraction_check,scipy_highs_with_fraction_check,,0.04509999962465372,2.3818999998184154,0.23880000026110793,1.9867000000886037,0.7347000000663684,0.2928000003521447,0.0006000000212225132,0.09200000022246968,0.12379999952827347,0.02080000012938399,0.02570000015111873,0.027799999770650174,0.06940000002941815
test_consistent_random_observations__162,test_consistent_random_observations,PASS,solve_q1,observations,4,4,8,8,4.887800000688003,POLYGON,6,22.870502577644604,11.435251288822302,13.114006339519833,1.6787550506975304,False,scipy_with_fraction_check,scipy_highs_with_fraction_check,,0.04160000025876798,2.8527000004032743,0.39590000051248353,2.163099999052065,1.4409999994313694,0.4704000002675457,0.0006999998731771484,0.18869999985327013,0.16979999963950831,0.030900000638212077,0.03500000002532033,0.04360000002634479,0.08210000032704556
test_consistent_random_observations__163,test_consistent_random_observations,PASS,solve_q1,observations,3,3,6,6,3.759899999749905,POLYGON,6,28.44783122999307,14.223915614996535,14.223915614996557,2.1316282072803006e-14,True,scipy_with_fraction_check,scipy_highs_with_fraction_check,,0.03760000072361436,2.3838000006435323,0.24059999941528076,1.9828999993478647,0.7787000004100264,0.49060000037570717,0.0006999998731771484,0.19069999962084694,0.19840000004478497,0.030900000638212077,0.032699999792384915,0.03550000019458821,0.06919999759702478
test_consistent_random_observations__164,test_consistent_random_observations,PASS,solve_q1,observations,4,4,8,8,4.598600000463193,POLYGON,6,16.049549728366415,8.024774864183208,8.395012830816738,0.37023796663353004,False,scipy_with_fraction_check,scipy_highs_with_fraction_check,,0.0349000001733657,2.4965000002339366,0.39909999941301066,1.930200000970217,1.4873999998599174,0.4992000003767316,0.0007000007826718502,0.18169999930250924,0.2072000006592134,0.03279999964433955,0.031800000215298496,0.04350000017439015,0.08059999981924193
test_consistent_random_observations__165,test_consistent_random_observations,PASS,solve_q1,observations,3,3,6,6,3.537300000061805,POLYGON,6,23.772736553421012,11.886368276710506,11.886368276710506,0.0,True,scipy_with_fraction_check,scipy_highs_with_fraction_check,,0.02700000004551839,2.2156999993967474,0.22740000076737488,1.8384000004516565,0.749099999666214,0.4838999993808102,0.0006000000212225132,0.18819999968400225,0.19470000006549526,0.030900000638212077,0.03429999924264848,0.033600000278966036,0.061600001572514884
test_consistent_random_observations__166,test_consistent_random_observations,PASS,solve_q1,observations,4,4,8,8,4.2530999999144115,POLYGON,6,23.772736553421012,11.886368276710506,11.886368276710506,0.0,True,scipy_with_fraction_check,scipy_highs_with_fraction_check,,0.02860000040527666,2.3344000001088716,0.3782999992836267,1.795299999685085,1.3458000003083725,0.4724000000351225,0.0006000000212225132,0.18660000023373868,0.18699999964155722,0.027300000510877,0.03130000004603062,0.03819999983534217,0.07189999905676814
test_consistent_random_observations__167,test_consistent_random_observations,PASS,solve_q1,observations,3,3,6,6,3.5288999997646897,POLYGON,4,25.613012744259628,12.806506372129814,12.80650637212984,2.6645352591003757e-14,True,scipy_with_fraction_check,scipy_highs_with_fraction_check,,0.05210000017541461,2.422900000055961,0.22740000076737488,2.0310000008976203,0.7052999999359599,0.2865999995265156,0.0006000000212225132,0.08460000026389025,0.13109999963489827,0.01990000055229757,0.02299999960087007,0.025899999855028,0.06200000007083872
test_consistent_random_observations__168,test_consistent_random_observations,PASS,solve_q1,observations,4,4,8,8,4.068300000653835,POLYGON,4,19.09083938013213,9.545419690066065,9.545419690066074,8.881784197001252e-15,True,scipy_with_fraction_check,scipy_highs_with_fraction_check,,0.033799999982875306,2.313799999683397,0.3752999991775141,1.7772000010154443,1.3472999999066815,0.29719999929511687,0.0005000001692678779,0.08539999998902204,0.13419999959296547,0.020400000721565448,0.023599999622092582,0.03149999974993989,0.07620000178576447
test_consistent_random_observations__169,test_consistent_random_observations,PASS,solve_q1,observations,3,3,6,6,3.5108999991280143,POLYGON,5,21.0435559471971,10.52177797359855,12.701437817551831,2.1796598439532815,False,scipy_with_fraction_check,scipy_highs_with_fraction_check,,0.030199999855540227,2.3172000001068227,0.2285999999003252,1.9262000005255686,0.7336999997278326,0.36719999934575753,0.0005000001692678779,0.1311999994868529,0.1498000001447508,0.025800000003073364,0.029100000574544538,0.02919999951700447,0.06260000009206124
test_consistent_random_observations__170,test_consistent_random_observations,PASS,solve_q1,observations,4,4,8,8,4.692900000009104,POLYGON,7,21.0435559471971,10.52177797359855,12.701437817551831,2.1796598439532815,False,scipy_with_fraction_check,scipy_highs_with_fraction_check,,0.055500000598840415,2.5863000000754255,0.3909999995812541,2.0162999999229214,1.4051999996809172,0.5668000003424822,0.0005999991117278114,0.24840000060066814,0.19609999981184956,0.0351999997292296,0.039000000469968654,0.04600000011123484,0.0790999993114383
test_consistent_random_observations__171,test_consistent_random_observations,PASS,solve_q1,observations,3,3,6,6,3.5363999995752238,POLYGON,6,21.91320695917051,10.956603479585254,10.956603479585269,1.4210854715202004e-14,True,scipy_with_fraction_check,scipy_highs_with_fraction_check,,0.029299999368959107,2.2487999995064456,0.22769999941374408,1.8729000012172037,0.7337999995797873,0.4619999999704305,0.0006000000212225132,0.17810000008466886,0.18650000038178405,0.02990000029967632,0.0320999997711624,0.03319999996165279,0.0625000011496013
test_consistent_random_observations__172,test_consistent_random_observations,PASS,solve_q1,observations,4,4,8,8,4.788100000041595,POLYGON,6,19.904144780448533,9.952072390224266,10.085069966022342,0.13299757579807547,False,scipy_with_fraction_check,scipy_highs_with_fraction_check,,0.027600000066740904,2.6167000005443697,0.4576999999699183,1.9870000005539623,1.4441000002989313,0.6253000001379405,0.0007999997251317836,0.22510000053443946,0.24750000011408702,0.0562999994144775,0.042300000131945126,0.05109999983687885,0.07439999899361283
test_consistent_random_observations__173,test_consistent_random_observations,PASS,solve_q1,observations,3,3,6,6,4.156199999670207,POLYGON,6,31.75158382503002,15.87579191251501,15.87579191251502,8.881784197001252e-15,True,scipy_with_fraction_check,scipy_highs_with_fraction_check,,0.04379999973025406,2.81989999984944,0.21529999958147528,2.408000001196342,0.7488999999623047,0.47510000058537116,0.0006000000212225132,0.18339999951422215,0.19150000025547342,0.030199999855540227,0.03279999964433955,0.03500000002532033,0.06849999954283703
test_consistent_random_observations__174,test_consistent_random_observations,PASS,solve_q1,observations,4,4,8,8,3.967200000261073,POLYGON,5,13.46589902881116,6.73294951440558,8.071725394475942,1.3387758800703624,False,scipy_with_fraction_check,scipy_highs_with_fraction_check,,0.027600000066740904,2.292000000124972,0.38519999998243293,1.7455000006521004,1.2633000005735084,0.3125000002910383,0.0005000001692678779,0.12339999921096023,0.1022000005832524,0.023499999770137947,0.026499999876250513,0.0349000001733657,0.0717999992048135
test_consistent_random_observations__175,test_consistent_random_observations,PASS,solve_q1,observations,3,3,6,6,3.4952000005432637,POLYGON,6,18.47240467265363,9.236202336326816,11.643535223063191,2.4073328867363752,False,scipy_with_fraction_check,scipy_highs_with_fraction_check,,0.02519999998185085,2.129399999830639,0.217599998904916,1.770500000930042,0.7134999996196711,0.5679999994754326,0.0005000001692678779,0.1764999997249106,0.2715999999054475,0.04450000051292591,0.036699999327538535,0.036500000533123966,0.059100001635670196
test_consistent_random_observations__176,test_consistent_random_observations,PASS,solve_q1,observations,4,4,8,8,4.528600000412553,POLYGON,6,17.86918476743969,8.934592383719846,10.94162996469077,2.007037580970925,False,scipy_with_fraction_check,scipy_highs_with_fraction_check,,0.026599999728205148,2.364300000408548,0.3577999996196013,1.8054000011034077,1.5357000002040877,0.527700000020559,0.0007999997251317836,0.23830000009184005,0.1599000006535789,0.036299999919719994,0.04019999960291898,0.0501000004078378,0.07430000005115289
test_consistent_random_observations__177,test_consistent_random_observations,PASS,solve_q1,observations,3,3,6,6,3.2023000003391644,POLYGON,5,18.167080593364368,9.083540296682184,9.27266433895939,0.18912404227720536,False,scipy_with_fraction_check,scipy_highs_with_fraction_check,,0.026300000172341242,2.089499999783584,0.210000000151922,1.7390000011801021,0.6941999999980908,0.3324999997857958,0.0006000000212225132,0.1188000005640788,0.1367999993817648,0.022500000341096893,0.025399999685760122,0.026900000193563756,0.05980000059935264
test_consistent_random_observations__178,test_consistent_random_observations,PASS,solve_q1,observations,4,4,8,8,4.827900000236696,POLYGON,5,18.167080593364368,9.083540296682184,9.27266433895939,0.18912404227720536,False,scipy_with_fraction_check,scipy_highs_with_fraction_check,,0.03130000004603062,2.2496999999930267,0.35659999957715627,1.7355999980281922,2.066900000500027,0.4088000005140202,0.0006999998731771484,0.13269999999465654,0.1720000000204891,0.027600000066740904,0.0320999997711624,0.041900000724126585,0.07119999918359099
test_consistent_random_observations__179,test_consistent_random_observations,PASS,solve_q1,observations,3,3,6,6,3.579800000807154,POLYGON,6,26.421712805055996,13.210856402527998,17.77190923039144,4.561052827863442,False,scipy_with_fraction_check,scipy_highs_with_fraction_check,,0.038499999391206075,2.2926000001461944,0.21780000042781467,1.9263999993199832,0.7206999998743413,0.4607999999279855,0.0006000000212225132,0.1806999998734682,0.18139999974664534,0.02930000027845381,0.034100000448233914,0.03319999996165279,0.06720000146742677
test_consistent_random_observations__180,test_consistent_random_observations,PASS,solve_q1,observations,4,4,8,8,4.655700000512297,POLYGON,7,25.04011372687751,12.520056863438755,16.94851541681587,4.428458553377114,False,scipy_with_fraction_check,scipy_highs_with_fraction_check,,0.03420000030018855,2.4871999994502403,0.3666000002340297,1.9556999986889423,1.487499999711872,0.5712000001949491,0.0006000000212225132,0.2518999999665539,0.1832999996622675,0.046099999963189475,0.03670000023703324,0.05049999981565634,0.07560000085504726
test_consistent_random_observations__181,test_consistent_random_observations,PASS,solve_q1,observations,3,3,6,6,3.433799999584153,POLYGON,6,22.049994419460035,11.024997209730017,14.442755728578629,3.4177585188486113,False,scipy_with_fraction_check,scipy_highs_with_fraction_check,,0.027299999601382297,2.2291999994195066,0.22710000030201627,1.8548000007285737,0.6871999994473299,0.4258999997546198,0.0006000000212225132,0.1712000002953573,0.1627000001462875,0.02750000021478627,0.03130000004603062,0.031099999432626646,0.06420000136131421
test_consistent_random_observations__182,test_consistent_random_observations,PASS,solve_q1,observations,4,4,8,8,4.11679999979242,POLYGON,4,18.841193792468655,9.420596896234327,13.794048885883573,4.373451989649245,False,scipy_with_fraction_check,scipy_highs_with_fraction_check,,0.029400000130408444,2.405400000498048,0.3864999998768326,1.854299999649811,1.3277000007292372,0.2801000000545173,0.0005999991117278114,0.08440000055998098,0.12419999984558672,0.017999999727180693,0.022900000658410136,0.028499999643827323,0.07419999838020885
test_consistent_random_observations__183,test_consistent_random_observations,PASS,solve_q1,observations,3,3,6,6,3.1767000000400003,POLYGON,4,17.593011423252317,8.796505711626159,12.017280709809127,3.220774998182968,False,scipy_with_fraction_check,scipy_highs_with_fraction_check,,0.027600000066740904,2.1449999994729296,0.22470000021712622,1.7717000000629923,0.6961999997656676,0.24679999933141517,0.0006999998731771484,0.08519999937561806,0.09110000064538326,0.019999999494757503,0.02320000021427404,0.025399999685760122,0.061100001403247006
test_consistent_random_observations__184,test_consistent_random_observations,PASS,solve_q1,observations,4,4,8,8,4.068399999596295,POLYGON,5,17.593011423252317,8.796505711626159,11.586180163874873,2.7896744522487147,False,scipy_with_fraction_check,scipy_highs_with_fraction_check,,0.026599999728205148,2.341100000194274,0.35819999993691454,1.8214000010630116,1.3017000001127599,0.33009999970090576,0.0006999998731771484,0.1295000001846347,0.10889999975915998,0.026100000468431972,0.02679999943211442,0.0366000003850786,0.06889999986015027
test_consistent_random_observations__185,test_consistent_random_observations,PASS,solve_q1,observations,3,3,6,6,3.3561999998710235,POLYGON,6,29.58859029290227,14.794295146451136,15.666215679622413,0.8719205331712772,False,scipy_with_fraction_check,scipy_highs_with_fraction_check,,0.030700000024808105,2.2331000000122003,0.21259999903122662,1.8774000000121305,0.6545000005644397,0.3765999999814085,0.0005000001692678779,0.1556999995955266,0.13320000016392441,0.02719999974942766,0.028100000236008782,0.030399999559449498,0.06129999928816687
test_consistent_random_observations__186,test_consistent_random_observations,PASS,solve_q1,observations,4,4,8,8,3.8785000006100745,POLYGON,6,26.447954010706965,13.223977005353483,15.708333124572306,2.4843561192188233,False,scipy_with_fraction_check,scipy_highs_with_fraction_check,,0.026599999728205148,2.159599999686179,0.33630000052653486,1.674400001320464,1.2176000000181375,0.4071000003023073,0.0004999992597731762,0.15690000054746633,0.15769999936310342,0.026700000489654485,0.02700000004551839,0.03680000008898787,0.06760000087524531
test_consistent_random_observations__187,test_consistent_random_observations,PASS,solve_q1,observations,3,3,6,6,3.010599999470287,POLYGON,4,27.2693152558022,13.6346576279011,20.206083190552533,6.571425562651433,False,scipy_with_fraction_check,scipy_highs_with_fraction_check,,0.024699999812582973,2.046100000370643,0.20669999867095612,1.7061000007743132,0.6235999999262276,0.26139999954466475,0.0006000000212225132,0.07559999994555255,0.12069999957020627,0.018400000044493936,0.021800000467919745,0.022899999748915434,0.054799999816168565
test_consistent_random_observations__188,test_consistent_random_observations,PASS,solve_q1,observations,4,4,8,8,4.2567000000417465,POLYGON,5,25.360129063609357,12.680064531804678,12.68006453180473,5.1514348342607263e-14,True,scipy_with_fraction_check,scipy_highs_with_fraction_check,,0.03270000070187962,2.3639000000912347,0.34980000054929405,1.854799999819079,1.2944999998580897,0.4926999999952386,0.0006000000212225132,0.17010000010486692,0.20429999949556077,0.03389999983482994,0.038099999983387534,0.04400000034365803,0.0728999993953039
test_consistent_random_observations__189,test_consistent_random_observations,PASS,solve_q1,observations,3,3,6,6,3.550800000084564,POLYGON,6,32.095407317363275,16.047703658681638,16.04770365868164,3.552713678800501e-15,True,scipy_with_fraction_check,scipy_highs_with_fraction_check,,0.031599999601894524,2.2190999998201733,0.22669999998470303,1.8440999992890283,0.7462000003215508,0.4894999992757221,0.0006000000212225132,0.18499999987398041,0.2021000000240747,0.030800000786257442,0.0334999995175167,0.035799999750452116,0.06440000106522348
test_consistent_random_observations__190,test_consistent_random_observations,PASS,solve_q1,observations,4,4,8,8,4.4938000000911416,POLYGON,7,32.095407317363275,16.047703658681638,16.04770365868164,3.552713678800501e-15,True,scipy_with_fraction_check,scipy_highs_with_fraction_check,,0.039000000469968654,2.449499999784166,0.3911000003427034,1.8896999999924446,1.350800000182062,0.5769999997937703,0.0006000000212225132,0.23489999966841424,0.2221000004283269,0.03459999970800709,0.0366000003850786,0.04660000013245735,0.07749999986117473
test_consistent_random_observations__191,test_consistent_random_observations,PASS,solve_q1,observations,3,3,6,6,3.2502999993084813,POLYGON,4,18.55843083331396,9.27921541665698,11.240326457713197,1.961111041056217,False,scipy_with_fraction_check,scipy_highs_with_fraction_check,,0.029799999538226984,2.2535999996762257,0.22590000025957124,1.8804999999701977,0.6499000000985689,0.2542000001994893,0.0005000001692678779,0.07720000030531082,0.10879999990720535,0.01880000036180718,0.022599999283556826,0.024700000722077675,0.06279999979597051
test_consistent_random_observations__192,test_consistent_random_observations,PASS,solve_q1,observations,4,4,8,8,3.984199999649718,POLYGON,4,16.359992017934047,8.179996008967024,9.527935892170273,1.3479398832032494,False,scipy_with_fraction_check,scipy_highs_with_fraction_check,,0.03300000025774352,2.3784000004525296,0.3634000004240079,1.8514000003051478,1.2385999998514308,0.2610000001368462,0.0007999997251317836,0.08189999971364159,0.10470000052009709,0.01900000006571645,0.022899999748915434,0.030100000003585592,0.0731999989511678
test_consistent_random_observations__193,test_consistent_random_observations,PASS,solve_q1,observations,3,3,6,6,4.014399999505258,POLYGON,5,30.5646618518437,15.28233092592185,21.700051717882033,6.417720791960184,False,scipy_with_fraction_check,scipy_highs_with_fraction_check,,0.0335000004270114,2.800300000671996,0.21250000008876668,2.404799999567331,0.7158999997045612,0.4017000001113047,0.0006000000212225132,0.12679999963438604,0.16090000008261995,0.02500000027794158,0.027400000362831634,0.05829999918205431,0.06299999859038508
test_consistent_random_observations__194,test_consistent_random_observations,PASS,solve_q1,observations,4,4,8,8,4.249399999935122,POLYGON,5,29.926100232289183,14.963050116144592,14.963050116144617,2.4868995751603507e-14,True,scipy_with_fraction_check,scipy_highs_with_fraction_check,,0.04929999977321131,2.456499999425432,0.3935000004275935,1.8994000010934542,1.2864999998782878,0.3611999991335324,0.0005000001692678779,0.12259999948582845,0.15160000020841835,0.024199999643315095,0.026500000785745215,0.03439999909460312,0.09590000172465807
test_consistent_random_observations__195,test_consistent_random_observations,PASS,solve_q1,observations,3,3,6,6,3.5168000003977795,POLYGON,3,23.61149311599478,11.80574655799739,16.787054456328583,4.981307898331194,False,scipy_with_fraction_check,scipy_highs_with_fraction_check,,0.02970000059576705,2.527600000576058,0.22739999894838547,2.1323999999367516,0.6789999997636187,0.21629999992001103,0.0006000000212225132,0.054200000704440754,0.103599999420112,0.013500000022759195,0.02010000025620684,0.022700000045006163,0.0641999995423248
test_consistent_random_observations__196,test_consistent_random_observations,PASS,solve_q1,observations,4,4,8,8,4.621600000064063,POLYGON,3,23.61149311599478,11.80574655799739,16.787054456328583,4.981307898331194,False,scipy_with_fraction_check,scipy_highs_with_fraction_check,,0.06010000015521655,3.0213999998522922,0.5380000002332963,2.29720000152156,1.219199999468401,0.21019999985583127,0.0007999997251317836,0.051699999858101364,0.09920000047713984,0.013199999557400588,0.018900000213761814,0.02479999966453761,0.11070000073232222
test_consistent_random_observations__197,test_consistent_random_observations,PASS,solve_q1,observations,3,3,6,6,3.753099999812548,POLYGON,6,20.200666669200956,10.100333334600478,14.483456133250828,4.38312279865035,False,scipy_with_fraction_check,scipy_highs_with_fraction_check,,0.028499999643827323,2.2883999999976368,0.21890000061830506,1.913799999783805,0.8533000000170432,0.521100000696606,0.0006000000212225132,0.20760000006703194,0.20260000019334257,0.03409999953873921,0.03590000051190145,0.038499999391206075,0.06179999945743475
test_consistent_random_observations__198,test_consistent_random_observations,PASS,solve_q1,observations,4,4,8,8,4.300499999772001,POLYGON,7,20.200666669200956,10.100333334600478,14.406400681457223,4.306067346856745,False,scipy_with_fraction_check,scipy_highs_with_fraction_check,,0.0289999998130952,2.3213000004034257,0.3889999998136773,1.7735999999786145,1.345499999843014,0.5296999997881358,0.0006000000212225132,0.23190000047179637,0.1837999998315354,0.03329999981360743,0.03440000000409782,0.044299999899521936,0.07499999992433004
test_consistent_random_observations__199,test_consistent_random_observations,PASS,solve_q1,observations,3,3,6,6,3.3571999993000645,POLYGON,6,34.018791863941445,17.009395931970722,17.009395931970726,3.552713678800501e-15,True,scipy_with_fraction_check,scipy_highs_with_fraction_check,,0.02700000004551839,2.084199999444536,0.2237999997305451,1.7208999997819774,0.7088999991538003,0.47679999988758937,0.0005000001692678779,0.19609999981184956,0.18559999989520293,0.029600000743812416,0.03149999974993989,0.03219999962311704,0.06030000076862052
test_consistent_random_observations__200,test_consistent_random_observations,PASS,solve_q1,observations,4,4,8,8,4.082600000401726,POLYGON,5,24.934925538381624,12.467462769190812,13.727563865361734,1.2601010961709225,False,scipy_with_fraction_check,scipy_highs_with_fraction_check,,0.027100000806967728,2.4704000006749993,0.3677000004245201,1.9403999986025156,1.2121999998271349,0.30220000007830095,0.0005000001692678779,0.11929999982385198,0.09940000018104911,0.022399999579647556,0.026400000024295878,0.03280000055383425,0.07069999901432311
test_constant_constraints__001,test_constant_constraints,PASS,solve_halfplanes,halfplanes,,,1,,0.293000000056054,EMPTY,0,,,,,,scipy_with_fraction_check,not_run_or_early_return,0.2725000003920286,,,,,,,,,,,,,0.02049999966402538
test_constant_constraints__002,test_constant_constraints,PASS,solve_halfplanes,halfplanes,,,1,,0.3425999993851292,UNBOUNDED,0,Infinity,,,,,scipy_with_fraction_check,not_run_or_early_return,0.3178999995725462,,,,,,,,,,,,,0.024699999812582973
test_contradictory_parallel_constraints__001,test_contradictory_parallel_constraints,PASS,solve_halfplanes,halfplanes,,,2,2,0.7370000002993038,EMPTY,0,,,,,,scipy_with_fraction_check,scipy_highs_with_fraction_check,0.33259999963775044,,0.3541000005498063,0.023800000235496555,0.3193000002283952,,,,,,,,,0.05030000011174707
test_document_three_observations__001,test_document_three_observations,PASS,solve_q1,observations,3,3,6,6,3.109000000222295,POLYGON,6,32.25187208460611,16.125936042303056,16.370309230688353,0.2443731883852962,False,scipy_with_fraction_check,scipy_highs_with_fraction_check,,0.02499999936844688,1.9426999997449457,0.19659999998111743,1.6102999998111045,0.678899999911664,0.40530000023863977,0.0004999992597731762,0.1675000003160676,0.14740000005986076,0.02789999962260481,0.02990000029967632,0.03079999987676274,0.057100000958598685
test_document_two_observations__001,test_document_two_observations,PASS,solve_q1,observations,2,2,4,4,5.160900000191759,POLYGON,4,39.50834065898743,19.754170329493714,19.754170329493714,0.0,True,scipy_with_fraction_check,scipy_highs_with_fraction_check,,0.025299999833805487,4.545699999653152,0.08600000091973925,4.278300000805757,0.27009999939764384,0.2720000002227607,0.0006000000212225132,0.07960000039020088,0.12900000001536682,0.019099999917671084,0.02190000031987438,0.020199999198666774,0.04780000108439708
test_duplicate_and_permutation__001,test_duplicate_and_permutation,PASS,solve_q1,observations,2,2,4,4,3.2238000003417255,POLYGON,4,39.50834065898743,19.754170329493714,19.754170329493714,0.0,True,scipy_with_fraction_check,scipy_highs_with_fraction_check,,0.03860000015265541,2.532999999857566,0.09189999946102034,2.2753999992346507,0.3015000002051238,0.294400000711903,0.0009000004865811206,0.08749999960855348,0.1370999998471234,0.02029999996011611,0.02480000057403231,0.021799999558425043,0.0562999994144775
test_duplicate_and_permutation__002,test_duplicate_and_permutation,PASS,solve_q1,observations,4,2,8,4,2.708199999688077,POLYGON,4,39.50834065898743,19.754170329493714,19.754170329493714,0.0,True,scipy_with_fraction_check,scipy_highs_with_fraction_check,,0.031799999305803794,2.0344000004115514,0.08640000032755779,1.812400000744674,0.2967000000353437,0.28789999942091526,0.0007999997251317836,0.08520000028511276,0.13589999980467837,0.020200000108161476,0.023800000235496555,0.020399999812070746,0.05740000051446259
test_empty_observation_intersection__001,test_empty_observation_intersection,PASS,solve_q1,observations,2,2,4,4,0.46210000073187985,EMPTY,0,,,,,,scipy_with_fraction_check,scipy_highs_with_fraction_check,,0.025699999241624027,0.38829999994050013,0.10819999897648813,0.2703000000110478,,,,,,,,,0.04810000154975569
test_invalid_inputs__001,test_invalid_inputs,PASS,solve_q1,observations,0,0,,,0.009999999747378752,EXCEPTION,,,,,,,scipy_with_fraction_check,,,0.006800000846851617,,,,,,,,,,,,0.0031999989005271345
test_invalid_inputs__002,test_invalid_inputs,PASS,solve_q1,observations,1,1,,,0.012299999980314169,EXCEPTION,,,,,,,scipy_with_fraction_check,,,0.00960000033956021,,,,,,,,,,,,0.0026999996407539584
test_invalid_inputs__003,test_invalid_inputs,PASS,solve_q1,observations,1,1,,,0.023399999918183312,EXCEPTION,,,,,,,scipy_with_fraction_check,,,0.02080000012938399,,,,,,,,,,,,0.002599999788799323
test_invalid_inputs__004,test_invalid_inputs,PASS,solve_q1,observations,1,1,,,0.02049999966402538,EXCEPTION,,,,,,,scipy_with_fraction_check,,,0.017800000023271423,,,,,,,,,,,,0.0026999996407539584
test_invalid_inputs__005,test_invalid_inputs,PASS,solve_q1,observations,1,1,,,0.31099999978323467,EXCEPTION,,,,,,,scipy_with_fraction_check,,0.29260000064823544,,,,,,,,,,,,,0.018399999134999234
test_invalid_inputs__006,test_invalid_inputs,PASS,solve_q1,observations,1,1,,,0.3011999997397652,EXCEPTION,,,,,,,scipy_with_fraction_check,,0.2841000004991656,,,,,,,,,,,,,0.017099999240599573
test_invalid_inputs__007,test_invalid_inputs,PASS,solve_q1,observations,1,1,,,0.30950000018492574,EXCEPTION,,,,,,,scipy_with_fraction_check,,0.2930999999080086,,,,,,,,,,,,,0.016400000276917126
test_invalid_inputs__008,test_invalid_inputs,PASS,solve_q1,observations,1,1,,,0.3032000004168367,EXCEPTION,,,,,,,scipy_with_fraction_check,,0.29010000071139075,,,,,,,,,,,,,0.013099999705445953
test_invalid_inputs__009,test_invalid_inputs,PASS,solve_q1,observations,1,1,,,0.30809999952907674,EXCEPTION,,,,,,,scipy_with_fraction_check,,0.2834999995684484,,,,,,,,,,,,,0.024599999960628338
test_lp_numerical_failure_not_unbounded__001,test_lp_numerical_failure_not_unbounded,PASS,solve_q1,observations,2,2,4,4,0.20109999968553893,NUMERICAL_ISSUE,0,,,,,,mocked_linprog,scipy_highs_with_fraction_check,,0.028299999939918052,0.120499999866297,0.09020000015880214,0.021500000002561137,,,,,,,,,0.05229999987932388
test_lp_uses_free_variables__001,test_lp_uses_free_variables,PASS,solve_q1,observations,1,1,2,2,0.11110000014014076,UNBOUNDED,0,Infinity,,,,,mocked_linprog,scipy_highs_with_fraction_check,,0.02429999949526973,0.05049999981565634,0.021800000467919745,0.020200000108161476,,,,,,,,,0.036300000829214696
test_near_parallel_not_discarded__001,test_near_parallel_not_discarded,PASS,solve_halfplanes,halfplanes,,,3,3,2.8466999992815545,POLYGON,3,1000000000000.0,500000000000.0,500000000000.0,0.0,True,fraction_only,fraction_fourier_motzkin,0.28250000013940735,,0.03709999964485178,0.032699999792384915,,2.285499999743479,0.1888999995571794,0.0006999998731771484,0.038500000300700776,0.08899999920686241,0.017300000763498247,0.01959999917744426,0.02210000002378365,0.05270000019663712
test_negative_coordinate_square__001,test_negative_coordinate_square,PASS,solve_halfplanes,halfplanes,,,4,4,2.719000000070082,POLYGON,4,2.8284271247461903,1.4142135623730951,1.4142135623730951,0.0,True,scipy_with_fraction_check,scipy_highs_with_fraction_check,0.31099999978323467,,1.9867999999405583,0.03470000046945643,1.8190999999205815,0.15279999934136868,0.19690000044647604,0.0005000001692678779,0.06399999983841553,0.07869999990361976,0.01359999987471383,0.017600000319362152,0.020599999515980016,0.0715000005584443
test_point_and_segment_direct_constraints__001,test_point_and_segment_direct_constraints,PASS,solve_halfplanes,halfplanes,,,4,4,2.3939999991853256,POINT,1,0.0,0.0,0.0,0.0,True,scipy_with_fraction_check,scipy_highs_with_fraction_check,0.2891999993153149,,1.9029999994017999,0.032300000384566374,1.7402000003130524,0.13919999946665484,0.0037999998312443495,0.002100000529026147,,,,,,0.05880000117031159
test_point_and_segment_direct_constraints__002,test_point_and_segment_direct_constraints,PASS,solve_halfplanes,halfplanes,,,4,4,2.4253999999928055,SEGMENT,2,2.0,1.0,1.0,0.0,True,scipy_with_fraction_check,scipy_highs_with_fraction_check,0.26759999946079915,,1.8720999996730825,0.032500000088475645,1.7089000002670218,0.1415999995515449,0.08849999994708924,0.0006000000212225132,0.019500000234984327,0.046099999963189475,0.0068999997893115506,0.0006999998731771484,0.01320000046689529,0.05560000136028975
test_single_observation_unbounded__001,test_single_observation_unbounded,PASS,solve_q1,observations,1,1,2,2,1.5210999999908381,UNBOUNDED,0,Infinity,,,,,scipy_with_fraction_check,scipy_highs_with_fraction_check,,0.02479999966453761,1.4601000002585351,0.029999999242136255,1.3697000003958237,,,,,,,,,0.03620000006776536
test_strip_unbounded_with_no_vertices__001,test_strip_unbounded_with_no_vertices,PASS,solve_halfplanes,halfplanes,,,2,2,1.7506000003777444,UNBOUNDED,0,Infinity,,,,,scipy_with_fraction_check,scipy_highs_with_fraction_check,0.28819999988627387,,1.4179999998304993,0.019500000234984327,1.3187000004108995,,,,,,,,,0.04440000066097127
test_thin_polygon_not_merged_into_segment__001,test_thin_polygon_not_merged_into_segment,PASS,solve_halfplanes,halfplanes,,,4,4,0.7337999995797873,POLYGON,4,1.0,0.5,0.5,0.0,True,fraction_only,fraction_fourier_motzkin,0.283800000033807,,0.03770000057556899,0.03369999922142597,,0.14409999948838959,0.21149999975023093,0.0006000000212225132,0.05539999983739108,0.08950000028562499,0.019299999621580355,0.02190000031987438,0.023300000066228677,0.05669999973179074
test_translation_and_rotation__001,test_translation_and_rotation,PASS,solve_q1,observations,2,2,4,4,2.647100000103819,POLYGON,4,39.50834065898743,19.754170329493714,19.754170329493714,0.0,True,scipy_with_fraction_check,scipy_highs_with_fraction_check,,0.025499999537714757,1.988099999834958,0.08600000001024455,1.7688000016278238,0.2944999996543629,0.289100000372855,0.0006000000212225132,0.08619999971415382,0.13610000041808235,0.020199999198666774,0.023800000235496555,0.020700000277429353,0.049900000703928526
test_translation_and_rotation__002,test_translation_and_rotation,PASS,solve_q1,observations,2,2,4,4,2.4731000003157533,POLYGON,4,39.50834065898741,19.754170329493704,19.754170329493785,8.171241461241152e-14,True,scipy_with_fraction_check,scipy_highs_with_fraction_check,,0.022899999748915434,1.8579000006866409,0.079100000220933,1.653799999076,0.2612999996927101,0.28729999939969275,0.0004999992597731762,0.07980000009411015,0.1371000007566181,0.02099999983329326,0.026899999284069054,0.020600000425474718,0.043700000787794124
test_translation_and_rotation__003,test_translation_and_rotation,PASS,solve_q1,observations,2,2,4,4,2.387300000009418,POLYGON,4,39.50834065898749,19.754170329493746,19.754170329493746,0.0,True,scipy_with_fraction_check,scipy_highs_with_fraction_check,,0.02300000051036477,1.7871999998533283,0.09919999956764514,1.5681000004406087,0.2727999999478925,0.26000000070780516,0.0004999992597731762,0.07750000077066943,0.12199999946460593,0.018200000340584666,0.02119999953720253,0.019099999917671084,0.044299998990027234
