2026-09-13 12:16:31,841 INFO request {"path": "/enter", "payload": {"arena_id": "default", "robot_id": "202601002029", "request_id": "4ea50d4987e14ff787fba5cacc19fc90"}, "attempt": 1}
2026-09-13 12:16:31,844 INFO response {"request_id": "4ea50d4987e14ff787fba5cacc19fc90", "http_status": 200, "body": {"accepted": true, "real_timestamp_ms": 1789272987818, "virtual_time_s": 0, "max_virtual_duration_s": 360000, "max_real_duration_s": 1200, "remaining_real_duration_s": 1200}}
2026-09-13 12:16:31,871 INFO request {"path": "/measure", "payload": {"arena_id": "default", "robot_id": "202601002029", "request_id": "8ec5aa06a2ad4dbe86d97dd2fe8e12c1", "position": {"x": 0.0, "y": 0.0}, "channel": 1}, "attempt": 1}
2026-09-13 12:16:31,873 INFO response {"request_id": "8ec5aa06a2ad4dbe86d97dd2fe8e12c1", "http_status": 200, "body": {"accepted": true, "real_timestamp_ms": 1789272987846, "virtual_time_s": 5, "measure_result": "no_signal"}}
2026-09-13 12:16:31,904 INFO request {"path": "/measure", "payload": {"arena_id": "default", "robot_id": "202601002029", "request_id": "ed91a9f6a96b47ad8e785dd443ffe4c8", "position": {"x": 0.0, "y": 0.0}, "channel": 2}, "attempt": 1}
2026-09-13 12:16:31,906 INFO response {"request_id": "ed91a9f6a96b47ad8e785dd443ffe4c8", "http_status": 200, "body": {"accepted": true, "real_timestamp_ms": 1789272987880, "virtual_time_s": 11, "measure_result": "no_signal"}}
2026-09-13 12:16:31,938 INFO request {"path": "/measure", "payload": {"arena_id": "default", "robot_id": "202601002029", "request_id": "4ad9b0d605724e078647872e1a0eb817", "position": {"x": 0.0, "y": 0.0}, "channel": 3}, "attempt": 1}
2026-09-13 12:16:31,962 INFO response {"request_id": "4ad9b0d605724e078647872e1a0eb817", "http_status": 200, "body": {"accepted": true, "real_timestamp_ms": 1789272987936, "virtual_time_s": 17, "measure_result": "no_signal"}}
2026-09-13 12:16:31,963 INFO request {"path": "/measure", "payload": {"arena_id": "default", "robot_id": "202601002029", "request_id": "10bdf2cc982b4324968a6ec726217813", "position": {"x": 0.0, "y": 0.0}, "channel": 4}, "attempt": 1}
2026-09-13 12:16:31,979 INFO response {"request_id": "10bdf2cc982b4324968a6ec726217813", "http_status": 200, "body": {"accepted": true, "real_timestamp_ms": 1789272987952, "virtual_time_s": 23, "measure_result": "no_signal"}}
2026-09-13 12:16:31,994 INFO request {"path": "/measure", "payload": {"arena_id": "default", "robot_id": "202601002029", "request_id": "465d1e3580db46d3a7d8ad489180e515", "position": {"x": 0.0, "y": 0.0}, "channel": 5}, "attempt": 1}
2026-09-13 12:16:31,995 INFO response {"request_id": "465d1e3580db46d3a7d8ad489180e515", "http_status": 200, "body": {"accepted": true, "real_timestamp_ms": 1789272987969, "virtual_time_s": 29, "measure_result": "no_signal"}}
2026-09-13 12:16:32,026 INFO request {"path": "/measure", "payload": {"arena_id": "default", "robot_id": "202601002029", "request_id": "9e5e6fb7a4ac45a9b8cc7e8e008ce357", "position": {"x": 0.0, "y": 0.0}, "channel": 6}, "attempt": 1}
2026-09-13 12:16:32,028 INFO response {"request_id": "9e5e6fb7a4ac45a9b8cc7e8e008ce357", "http_status": 200, "body": {"accepted": true, "real_timestamp_ms": 1789272988001, "virtual_time_s": 35, "measure_result": "direction", "svd_deg": 80.02}}
2026-09-13 12:16:32,052 INFO request {"path": "/measure", "payload": {"arena_id": "default", "robot_id": "202601002029", "request_id": "642d16982e134f578f3285c4f71ffbc6", "position": {"x": 0.0, "y": 0.0}, "channel": 7}, "attempt": 1}
2026-09-13 12:16:32,073 INFO response {"request_id": "642d16982e134f578f3285c4f71ffbc6", "http_status": 200, "body": {"accepted": true, "real_timestamp_ms": 1789272988046, "virtual_time_s": 41, "measure_result": "no_signal"}}
2026-09-13 12:16:32,089 INFO request {"path": "/measure", "payload": {"arena_id": "default", "robot_id": "202601002029", "request_id": "f411ee18cbca4621944557c52cff469b", "position": {"x": 0.0, "y": 0.0}, "channel": 8}, "attempt": 1}
2026-09-13 12:16:32,091 INFO response {"request_id": "f411ee18cbca4621944557c52cff469b", "http_status": 200, "body": {"accepted": true, "real_timestamp_ms": 1789272988065, "virtual_time_s": 47, "measure_result": "no_signal"}}
2026-09-13 12:16:32,123 INFO request {"path": "/measure", "payload": {"arena_id": "default", "robot_id": "202601002029", "request_id": "0d33ec3277c041c0b4e20980d1073090", "position": {"x": 0.0, "y": 0.0}, "channel": 9}, "attempt": 1}
2026-09-13 12:16:32,124 INFO response {"request_id": "0d33ec3277c041c0b4e20980d1073090", "http_status": 200, "body": {"accepted": true, "real_timestamp_ms": 1789272988098, "virtual_time_s": 53, "measure_result": "direction", "svd_deg": 52.23}}
2026-09-13 12:16:32,157 INFO request {"path": "/measure", "payload": {"arena_id": "default", "robot_id": "202601002029", "request_id": "7518ba67e9d7480888c0fcdd6f4642a2", "position": {"x": 0.0, "y": 0.0}, "channel": 10}, "attempt": 1}
2026-09-13 12:16:32,157 INFO response {"request_id": "7518ba67e9d7480888c0fcdd6f4642a2", "http_status": 200, "body": {"accepted": true, "real_timestamp_ms": 1789272988131, "virtual_time_s": 59, "measure_result": "no_signal"}}
2026-09-13 12:16:32,188 INFO request {"path": "/measure", "payload": {"arena_id": "default", "robot_id": "202601002029", "request_id": "98c2ffe225674c3dab6f5cfc373c430d", "position": {"x": 0.0, "y": 0.0}, "channel": 11}, "attempt": 1}
2026-09-13 12:16:32,190 INFO response {"request_id": "98c2ffe225674c3dab6f5cfc373c430d", "http_status": 200, "body": {"accepted": true, "real_timestamp_ms": 1789272988163, "virtual_time_s": 65, "measure_result": "no_signal"}}
2026-09-13 12:16:32,220 INFO request {"path": "/measure", "payload": {"arena_id": "default", "robot_id": "202601002029", "request_id": "d69388c54d5245a98196df0d84d927d3", "position": {"x": 0.0, "y": 0.0}, "channel": 12}, "attempt": 1}
2026-09-13 12:16:32,221 INFO response {"request_id": "d69388c54d5245a98196df0d84d927d3", "http_status": 200, "body": {"accepted": true, "real_timestamp_ms": 1789272988195, "virtual_time_s": 71, "measure_result": "no_signal"}}
2026-09-13 12:16:32,237 INFO request {"path": "/measure", "payload": {"arena_id": "default", "robot_id": "202601002029", "request_id": "bbae88d637da4420bc7f183b31dc5be9", "position": {"x": 0.0, "y": 0.0}, "channel": 13}, "attempt": 1}
2026-09-13 12:16:32,259 INFO response {"request_id": "bbae88d637da4420bc7f183b31dc5be9", "http_status": 200, "body": {"accepted": true, "real_timestamp_ms": 1789272988232, "virtual_time_s": 77, "measure_result": "no_signal"}}
2026-09-13 12:16:32,273 INFO request {"path": "/measure", "payload": {"arena_id": "default", "robot_id": "202601002029", "request_id": "7e68ad5006e24e2c877d948660f9b52e", "position": {"x": 0.0, "y": 0.0}, "channel": 14}, "attempt": 1}
2026-09-13 12:16:32,290 INFO response {"request_id": "7e68ad5006e24e2c877d948660f9b52e", "http_status": 200, "body": {"accepted": true, "real_timestamp_ms": 1789272988263, "virtual_time_s": 83, "measure_result": "no_signal"}}
2026-09-13 12:16:32,305 INFO request {"path": "/measure", "payload": {"arena_id": "default", "robot_id": "202601002029", "request_id": "cf879c1cb6fa47e68ddb92580b562764", "position": {"x": 0.0, "y": 0.0}, "channel": 15}, "attempt": 1}
2026-09-13 12:16:32,307 INFO response {"request_id": "cf879c1cb6fa47e68ddb92580b562764", "http_status": 200, "body": {"accepted": true, "real_timestamp_ms": 1789272988280, "virtual_time_s": 89, "measure_result": "no_signal"}}
2026-09-13 12:16:32,337 INFO request {"path": "/measure", "payload": {"arena_id": "default", "robot_id": "202601002029", "request_id": "e764076caf224b3c8c85eec2ab748fb4", "position": {"x": 0.0, "y": 0.0}, "channel": 16}, "attempt": 1}
2026-09-13 12:16:32,351 INFO response {"request_id": "e764076caf224b3c8c85eec2ab748fb4", "http_status": 200, "body": {"accepted": true, "real_timestamp_ms": 1789272988325, "virtual_time_s": 95, "measure_result": "no_signal"}}
2026-09-13 12:16:32,367 INFO request {"path": "/measure", "payload": {"arena_id": "default", "robot_id": "202601002029", "request_id": "0e4c55f35cb5481ea5fcaf7c13e2a18a", "position": {"x": 0.0, "y": 0.0}, "channel": 17}, "attempt": 1}
2026-09-13 12:16:32,383 INFO response {"request_id": "0e4c55f35cb5481ea5fcaf7c13e2a18a", "http_status": 200, "body": {"accepted": true, "real_timestamp_ms": 1789272988356, "virtual_time_s": 101, "measure_result": "direction", "svd_deg": 353.68}}
2026-09-13 12:16:32,399 INFO request {"path": "/measure", "payload": {"arena_id": "default", "robot_id": "202601002029", "request_id": "4af13a94a2094c1bbe46ee575c47d415", "position": {"x": 0.0, "y": 0.0}, "channel": 18}, "attempt": 1}
2026-09-13 12:16:32,401 INFO response {"request_id": "4af13a94a2094c1bbe46ee575c47d415", "http_status": 200, "body": {"accepted": true, "real_timestamp_ms": 1789272988374, "virtual_time_s": 107, "measure_result": "no_signal"}}
2026-09-13 12:16:32,431 INFO request {"path": "/measure", "payload": {"arena_id": "default", "robot_id": "202601002029", "request_id": "a5d1fe4dd12f4dfa9a6ede1e7bc37086", "position": {"x": 0.0, "y": 0.0}, "channel": 19}, "attempt": 1}
2026-09-13 12:16:32,445 INFO response {"request_id": "a5d1fe4dd12f4dfa9a6ede1e7bc37086", "http_status": 200, "body": {"accepted": true, "real_timestamp_ms": 1789272988419, "virtual_time_s": 113, "measure_result": "no_signal"}}
2026-09-13 12:16:32,461 INFO request {"path": "/measure", "payload": {"arena_id": "default", "robot_id": "202601002029", "request_id": "62e3eca70e1345fa8ec72632676ec3c0", "position": {"x": 0.0, "y": 0.0}, "channel": 20}, "attempt": 1}
2026-09-13 12:16:32,477 INFO response {"request_id": "62e3eca70e1345fa8ec72632676ec3c0", "http_status": 200, "body": {"accepted": true, "real_timestamp_ms": 1789272988450, "virtual_time_s": 119, "measure_result": "no_signal"}}
2026-09-13 12:16:32,762 INFO request {"path": "/measure", "payload": {"arena_id": "default", "robot_id": "202601002029", "request_id": "272c2fe3ec6f4a7fb6f17c70c4681eb7", "position": {"x": 802.6270275583851, "y": 463.3969304197027}, "channel": 20}, "attempt": 1}
2026-09-13 12:16:32,764 INFO response {"request_id": "272c2fe3ec6f4a7fb6f17c70c4681eb7", "http_status": 200, "body": {"accepted": true, "real_timestamp_ms": 1789272988737, "virtual_time_s": 309.358772, "measure_result": "no_signal"}}
2026-09-13 12:16:32,794 INFO request {"path": "/measure", "payload": {"arena_id": "default", "robot_id": "202601002029", "request_id": "83b2145f79784414b9942938e1c7e63c", "position": {"x": 802.6270275583851, "y": 463.3969304197027}, "channel": 1}, "attempt": 1}
2026-09-13 12:16:32,808 INFO response {"request_id": "83b2145f79784414b9942938e1c7e63c", "http_status": 200, "body": {"accepted": true, "real_timestamp_ms": 1789272988781, "virtual_time_s": 315.358772, "measure_result": "no_signal"}}
2026-09-13 12:16:32,823 INFO request {"path": "/measure", "payload": {"arena_id": "default", "robot_id": "202601002029", "request_id": "f3d98477c4ba4840a67dc6220af9d8f9", "position": {"x": 802.6270275583851, "y": 463.3969304197027}, "channel": 2}, "attempt": 1}
2026-09-13 12:16:32,825 INFO response {"request_id": "f3d98477c4ba4840a67dc6220af9d8f9", "http_status": 200, "body": {"accepted": true, "real_timestamp_ms": 1789272988798, "virtual_time_s": 321.358772, "measure_result": "no_signal"}}
2026-09-13 12:16:32,856 INFO request {"path": "/measure", "payload": {"arena_id": "default", "robot_id": "202601002029", "request_id": "9294443c65904ff1bb422e5e13a37270", "position": {"x": 802.6270275583851, "y": 463.3969304197027}, "channel": 3}, "attempt": 1}
2026-09-13 12:16:32,858 INFO response {"request_id": "9294443c65904ff1bb422e5e13a37270", "http_status": 200, "body": {"accepted": true, "real_timestamp_ms": 1789272988831, "virtual_time_s": 327.358772, "measure_result": "no_signal"}}
2026-09-13 12:16:32,889 INFO request {"path": "/measure", "payload": {"arena_id": "default", "robot_id": "202601002029", "request_id": "99fd1996034d4da19e6d0fec63188b32", "position": {"x": 802.6270275583851, "y": 463.3969304197027}, "channel": 4}, "attempt": 1}
2026-09-13 12:16:32,916 INFO response {"request_id": "99fd1996034d4da19e6d0fec63188b32", "http_status": 200, "body": {"accepted": true, "real_timestamp_ms": 1789272988890, "virtual_time_s": 333.358772, "measure_result": "no_signal"}}
2026-09-13 12:16:32,916 INFO request {"path": "/measure", "payload": {"arena_id": "default", "robot_id": "202601002029", "request_id": "ef14d0accb46445f9e648983baaa69bc", "position": {"x": 802.6270275583851, "y": 463.3969304197027}, "channel": 5}, "attempt": 1}
2026-09-13 12:16:32,919 INFO response {"request_id": "ef14d0accb46445f9e648983baaa69bc", "http_status": 200, "body": {"accepted": true, "real_timestamp_ms": 1789272988892, "virtual_time_s": 339.358772, "measure_result": "no_signal"}}
2026-09-13 12:16:32,950 INFO request {"path": "/measure", "payload": {"arena_id": "default", "robot_id": "202601002029", "request_id": "373c4b3ce63a4a4aaa812a38bf571499", "position": {"x": 802.6270275583851, "y": 463.3969304197027}, "channel": 7}, "attempt": 1}
2026-09-13 12:16:32,963 INFO response {"request_id": "373c4b3ce63a4a4aaa812a38bf571499", "http_status": 200, "body": {"accepted": true, "real_timestamp_ms": 1789272988936, "virtual_time_s": 345.358772, "measure_result": "no_signal"}}
2026-09-13 12:16:32,977 INFO request {"path": "/measure", "payload": {"arena_id": "default", "robot_id": "202601002029", "request_id": "55505edb036e425a903a6e1b2af06329", "position": {"x": 802.6270275583851, "y": 463.3969304197027}, "channel": 8}, "attempt": 1}
2026-09-13 12:16:32,995 INFO response {"request_id": "55505edb036e425a903a6e1b2af06329", "http_status": 200, "body": {"accepted": true, "real_timestamp_ms": 1789272988968, "virtual_time_s": 351.358772, "measure_result": "no_signal"}}
2026-09-13 12:16:33,009 INFO request {"path": "/measure", "payload": {"arena_id": "default", "robot_id": "202601002029", "request_id": "c869b0fcd6dd4dfe86089d744f98ab97", "position": {"x": 802.6270275583851, "y": 463.3969304197027}, "channel": 10}, "attempt": 1}
2026-09-13 12:16:33,026 INFO response {"request_id": "c869b0fcd6dd4dfe86089d744f98ab97", "http_status": 200, "body": {"accepted": true, "real_timestamp_ms": 1789272988999, "virtual_time_s": 357.358772, "measure_result": "no_signal"}}
2026-09-13 12:16:33,042 INFO request {"path": "/measure", "payload": {"arena_id": "default", "robot_id": "202601002029", "request_id": "82ecde959b544ff48d21f770fa64fed9", "position": {"x": 802.6270275583851, "y": 463.3969304197027}, "channel": 11}, "attempt": 1}
2026-09-13 12:16:33,058 INFO response {"request_id": "82ecde959b544ff48d21f770fa64fed9", "http_status": 200, "body": {"accepted": true, "real_timestamp_ms": 1789272989032, "virtual_time_s": 363.358772, "measure_result": "no_signal"}}
2026-09-13 12:16:33,072 INFO request {"path": "/measure", "payload": {"arena_id": "default", "robot_id": "202601002029", "request_id": "b5e65c27a505473d8b76b0789e3547b8", "position": {"x": 802.6270275583851, "y": 463.3969304197027}, "channel": 12}, "attempt": 1}
2026-09-13 12:16:33,091 INFO response {"request_id": "b5e65c27a505473d8b76b0789e3547b8", "http_status": 200, "body": {"accepted": true, "real_timestamp_ms": 1789272989064, "virtual_time_s": 369.358772, "measure_result": "no_signal"}}
2026-09-13 12:16:33,105 INFO request {"path": "/measure", "payload": {"arena_id": "default", "robot_id": "202601002029", "request_id": "2931be44371a490d9b76ad4dda44e47a", "position": {"x": 802.6270275583851, "y": 463.3969304197027}, "channel": 13}, "attempt": 1}
2026-09-13 12:16:33,107 INFO response {"request_id": "2931be44371a490d9b76ad4dda44e47a", "http_status": 200, "body": {"accepted": true, "real_timestamp_ms": 1789272989081, "virtual_time_s": 375.358772, "measure_result": "no_signal"}}
2026-09-13 12:16:33,138 INFO request {"path": "/measure", "payload": {"arena_id": "default", "robot_id": "202601002029", "request_id": "485f972af5834ddfa90a73898a1b89bf", "position": {"x": 802.6270275583851, "y": 463.3969304197027}, "channel": 14}, "attempt": 1}
2026-09-13 12:16:33,153 INFO response {"request_id": "485f972af5834ddfa90a73898a1b89bf", "http_status": 200, "body": {"accepted": true, "real_timestamp_ms": 1789272989127, "virtual_time_s": 381.358772, "measure_result": "no_signal"}}
2026-09-13 12:16:33,169 INFO request {"path": "/measure", "payload": {"arena_id": "default", "robot_id": "202601002029", "request_id": "bbe88e573daf4e82a649ed1804b37fa5", "position": {"x": 802.6270275583851, "y": 463.3969304197027}, "channel": 15}, "attempt": 1}
2026-09-13 12:16:33,171 INFO response {"request_id": "bbe88e573daf4e82a649ed1804b37fa5", "http_status": 200, "body": {"accepted": true, "real_timestamp_ms": 1789272989145, "virtual_time_s": 387.358772, "measure_result": "direction", "svd_deg": 103.01}}
2026-09-13 12:16:33,190 INFO request {"path": "/measure", "payload": {"arena_id": "default", "robot_id": "202601002029", "request_id": "e9968cd914c84442b7d6b324ee68fa55", "position": {"x": 802.6270275583851, "y": 463.3969304197027}, "channel": 16}, "attempt": 1}
2026-09-13 12:16:33,192 INFO response {"request_id": "e9968cd914c84442b7d6b324ee68fa55", "http_status": 200, "body": {"accepted": true, "real_timestamp_ms": 1789272989165, "virtual_time_s": 393.358772, "measure_result": "no_signal"}}
2026-09-13 12:16:33,223 INFO request {"path": "/measure", "payload": {"arena_id": "default", "robot_id": "202601002029", "request_id": "055951e4b4bc44f89bf2649464a9ec24", "position": {"x": 802.6270275583851, "y": 463.3969304197027}, "channel": 18}, "attempt": 1}
2026-09-13 12:16:33,247 INFO response {"request_id": "055951e4b4bc44f89bf2649464a9ec24", "http_status": 200, "body": {"accepted": true, "real_timestamp_ms": 1789272989220, "virtual_time_s": 399.358772, "measure_result": "no_signal"}}
2026-09-13 12:16:33,262 INFO request {"path": "/measure", "payload": {"arena_id": "default", "robot_id": "202601002029", "request_id": "e5badc94cfa24f6487bc78da4041d01a", "position": {"x": 802.6270275583851, "y": 463.3969304197027}, "channel": 19}, "attempt": 1}
2026-09-13 12:16:33,264 INFO response {"request_id": "e5badc94cfa24f6487bc78da4041d01a", "http_status": 200, "body": {"accepted": true, "real_timestamp_ms": 1789272989237, "virtual_time_s": 405.358772, "measure_result": "no_signal"}}
2026-09-13 12:16:33,322 INFO request {"path": "/measure", "payload": {"arena_id": "default", "robot_id": "202601002029", "request_id": "817524a044bd43a688ba1a450657b8c3", "position": {"x": 802.6270275583851, "y": 463.3969304197027}, "channel": 9}, "attempt": 1}
2026-09-13 12:16:33,340 INFO response {"request_id": "817524a044bd43a688ba1a450657b8c3", "http_status": 200, "body": {"accepted": true, "real_timestamp_ms": 1789272989314, "virtual_time_s": 411.358772, "measure_result": "direction", "svd_deg": 108.53}}
2026-09-13 12:16:33,358 INFO request {"path": "/measure", "payload": {"arena_id": "default", "robot_id": "202601002029", "request_id": "9fafc6c8da5442d8914216c8927f763d", "position": {"x": 802.6270275583851, "y": 463.3969304197027}, "channel": 6}, "attempt": 1}
2026-09-13 12:16:33,372 INFO response {"request_id": "9fafc6c8da5442d8914216c8927f763d", "http_status": 200, "body": {"accepted": true, "real_timestamp_ms": 1789272989345, "virtual_time_s": 417.358772, "measure_result": "direction", "svd_deg": 169.88}}
2026-09-13 12:16:33,390 INFO request {"path": "/measure", "payload": {"arena_id": "default", "robot_id": "202601002029", "request_id": "1e800aabcfef4344b3578fc86a666a34", "position": {"x": 802.6270275583851, "y": 463.3969304197027}, "channel": 17}, "attempt": 1}
2026-09-13 12:16:33,392 INFO response {"request_id": "1e800aabcfef4344b3578fc86a666a34", "http_status": 200, "body": {"accepted": true, "real_timestamp_ms": 1789272989365, "virtual_time_s": 423.358772, "measure_result": "direction", "svd_deg": 285.67}}
2026-09-13 12:16:33,940 INFO request {"path": "/measure", "payload": {"arena_id": "default", "robot_id": "202601002029", "request_id": "33b7e1929b2a46c9adc1e9cc53b93dd1", "position": {"x": 463.39693041970287, "y": 802.627027558385}, "channel": 1}, "attempt": 1}
2026-09-13 12:16:33,941 INFO response {"request_id": "33b7e1929b2a46c9adc1e9cc53b93dd1", "http_status": 200, "body": {"accepted": true, "real_timestamp_ms": 1789272989915, "virtual_time_s": 525.307533, "measure_result": "no_signal"}}
2026-09-13 12:16:33,971 INFO request {"path": "/measure", "payload": {"arena_id": "default", "robot_id": "202601002029", "request_id": "2e96a1a9d8234f22a470a20c510aa2df", "position": {"x": 463.39693041970287, "y": 802.627027558385}, "channel": 2}, "attempt": 1}
2026-09-13 12:16:33,997 INFO response {"request_id": "2e96a1a9d8234f22a470a20c510aa2df", "http_status": 200, "body": {"accepted": true, "real_timestamp_ms": 1789272989971, "virtual_time_s": 531.307533, "measure_result": "no_signal"}}
2026-09-13 12:16:34,012 INFO request {"path": "/measure", "payload": {"arena_id": "default", "robot_id": "202601002029", "request_id": "29957bb26f1a4a25b2b11f8e56231e0a", "position": {"x": 463.39693041970287, "y": 802.627027558385}, "channel": 3}, "attempt": 1}
2026-09-13 12:16:34,029 INFO response {"request_id": "29957bb26f1a4a25b2b11f8e56231e0a", "http_status": 200, "body": {"accepted": true, "real_timestamp_ms": 1789272990002, "virtual_time_s": 537.307533, "measure_result": "no_signal"}}
2026-09-13 12:16:34,045 INFO request {"path": "/measure", "payload": {"arena_id": "default", "robot_id": "202601002029", "request_id": "25814b110f36492a8b3b38138b3cd71e", "position": {"x": 463.39693041970287, "y": 802.627027558385}, "channel": 4}, "attempt": 1}
2026-09-13 12:16:34,046 INFO response {"request_id": "25814b110f36492a8b3b38138b3cd71e", "http_status": 200, "body": {"accepted": true, "real_timestamp_ms": 1789272990019, "virtual_time_s": 543.307533, "measure_result": "no_signal"}}
2026-09-13 12:16:34,077 INFO request {"path": "/measure", "payload": {"arena_id": "default", "robot_id": "202601002029", "request_id": "31e5a0a99c36459dbc9998730991017f", "position": {"x": 463.39693041970287, "y": 802.627027558385}, "channel": 5}, "attempt": 1}
2026-09-13 12:16:34,079 INFO response {"request_id": "31e5a0a99c36459dbc9998730991017f", "http_status": 200, "body": {"accepted": true, "real_timestamp_ms": 1789272990052, "virtual_time_s": 549.307533, "measure_result": "no_signal"}}
2026-09-13 12:16:34,110 INFO request {"path": "/measure", "payload": {"arena_id": "default", "robot_id": "202601002029", "request_id": "01a8433f05a2407b9fcf3a46fabd2dd4", "position": {"x": 463.39693041970287, "y": 802.627027558385}, "channel": 7}, "attempt": 1}
2026-09-13 12:16:34,137 INFO response {"request_id": "01a8433f05a2407b9fcf3a46fabd2dd4", "http_status": 200, "body": {"accepted": true, "real_timestamp_ms": 1789272990110, "virtual_time_s": 555.307533, "measure_result": "no_signal"}}
2026-09-13 12:16:34,137 INFO request {"path": "/measure", "payload": {"arena_id": "default", "robot_id": "202601002029", "request_id": "45ac01719eb14ec5b212551ebf77fe0f", "position": {"x": 463.39693041970287, "y": 802.627027558385}, "channel": 8}, "attempt": 1}
2026-09-13 12:16:34,139 INFO response {"request_id": "45ac01719eb14ec5b212551ebf77fe0f", "http_status": 200, "body": {"accepted": true, "real_timestamp_ms": 1789272990112, "virtual_time_s": 561.307533, "measure_result": "no_signal"}}
2026-09-13 12:16:34,170 INFO request {"path": "/measure", "payload": {"arena_id": "default", "robot_id": "202601002029", "request_id": "9ca7f45d21c64618a6f51b087e68bd06", "position": {"x": 463.39693041970287, "y": 802.627027558385}, "channel": 10}, "attempt": 1}
2026-09-13 12:16:34,183 INFO response {"request_id": "9ca7f45d21c64618a6f51b087e68bd06", "http_status": 200, "body": {"accepted": true, "real_timestamp_ms": 1789272990157, "virtual_time_s": 567.307533, "measure_result": "no_signal"}}
2026-09-13 12:16:34,198 INFO request {"path": "/measure", "payload": {"arena_id": "default", "robot_id": "202601002029", "request_id": "7b2a57afe8ae4dd2ad4f81bbb20b11b9", "position": {"x": 463.39693041970287, "y": 802.627027558385}, "channel": 11}, "attempt": 1}
2026-09-13 12:16:34,200 INFO response {"request_id": "7b2a57afe8ae4dd2ad4f81bbb20b11b9", "http_status": 200, "body": {"accepted": true, "real_timestamp_ms": 1789272990173, "virtual_time_s": 573.307533, "measure_result": "no_signal"}}
2026-09-13 12:16:34,231 INFO request {"path": "/measure", "payload": {"arena_id": "default", "robot_id": "202601002029", "request_id": "27f1961b26b44ca7b98f13409949f8f4", "position": {"x": 463.39693041970287, "y": 802.627027558385}, "channel": 12}, "attempt": 1}
2026-09-13 12:16:34,247 INFO response {"request_id": "27f1961b26b44ca7b98f13409949f8f4", "http_status": 200, "body": {"accepted": true, "real_timestamp_ms": 1789272990220, "virtual_time_s": 579.307533, "measure_result": "no_signal"}}
2026-09-13 12:16:34,262 INFO request {"path": "/measure", "payload": {"arena_id": "default", "robot_id": "202601002029", "request_id": "30d9861bf2e640c7b051b4f746456316", "position": {"x": 463.39693041970287, "y": 802.627027558385}, "channel": 13}, "attempt": 1}
2026-09-13 12:16:34,263 INFO response {"request_id": "30d9861bf2e640c7b051b4f746456316", "http_status": 200, "body": {"accepted": true, "real_timestamp_ms": 1789272990236, "virtual_time_s": 585.307533, "measure_result": "no_signal"}}
2026-09-13 12:16:34,293 INFO request {"path": "/measure", "payload": {"arena_id": "default", "robot_id": "202601002029", "request_id": "ffe034a3a5f14d0085b9e13638710316", "position": {"x": 463.39693041970287, "y": 802.627027558385}, "channel": 14}, "attempt": 1}
2026-09-13 12:16:34,295 INFO response {"request_id": "ffe034a3a5f14d0085b9e13638710316", "http_status": 200, "body": {"accepted": true, "real_timestamp_ms": 1789272990268, "virtual_time_s": 591.307533, "measure_result": "direction", "svd_deg": 148.41}}
2026-09-13 12:16:34,315 INFO request {"path": "/measure", "payload": {"arena_id": "default", "robot_id": "202601002029", "request_id": "d3e02c4682924739817df34baa4e5b91", "position": {"x": 463.39693041970287, "y": 802.627027558385}, "channel": 16}, "attempt": 1}
2026-09-13 12:16:34,340 INFO response {"request_id": "d3e02c4682924739817df34baa4e5b91", "http_status": 200, "body": {"accepted": true, "real_timestamp_ms": 1789272990314, "virtual_time_s": 597.307533, "measure_result": "no_signal"}}
2026-09-13 12:16:34,355 INFO request {"path": "/measure", "payload": {"arena_id": "default", "robot_id": "202601002029", "request_id": "aa353fa607534784844a1f74c21569e4", "position": {"x": 463.39693041970287, "y": 802.627027558385}, "channel": 18}, "attempt": 1}
2026-09-13 12:16:34,371 INFO response {"request_id": "aa353fa607534784844a1f74c21569e4", "http_status": 200, "body": {"accepted": true, "real_timestamp_ms": 1789272990344, "virtual_time_s": 603.307533, "measure_result": "no_signal"}}
2026-09-13 12:16:34,386 INFO request {"path": "/measure", "payload": {"arena_id": "default", "robot_id": "202601002029", "request_id": "56011bfcc071471ba5adb0533cdab87b", "position": {"x": 463.39693041970287, "y": 802.627027558385}, "channel": 19}, "attempt": 1}
2026-09-13 12:16:34,403 INFO response {"request_id": "56011bfcc071471ba5adb0533cdab87b", "http_status": 200, "body": {"accepted": true, "real_timestamp_ms": 1789272990376, "virtual_time_s": 609.307533, "measure_result": "no_signal"}}
2026-09-13 12:16:34,419 INFO request {"path": "/measure", "payload": {"arena_id": "default", "robot_id": "202601002029", "request_id": "411d464592ae4f1b896630cfbef15f21", "position": {"x": 463.39693041970287, "y": 802.627027558385}, "channel": 20}, "attempt": 1}
2026-09-13 12:16:34,434 INFO response {"request_id": "411d464592ae4f1b896630cfbef15f21", "http_status": 200, "body": {"accepted": true, "real_timestamp_ms": 1789272990407, "virtual_time_s": 615.307533, "measure_result": "no_signal"}}
2026-09-13 12:16:34,481 INFO request {"path": "/measure", "payload": {"arena_id": "default", "robot_id": "202601002029", "request_id": "dfad46c36e36405b827ac4f617ee57fa", "position": {"x": 463.39693041970287, "y": 802.627027558385}, "channel": 9}, "attempt": 1}
2026-09-13 12:16:34,496 INFO response {"request_id": "dfad46c36e36405b827ac4f617ee57fa", "http_status": 200, "body": {"accepted": true, "real_timestamp_ms": 1789272990470, "virtual_time_s": 621.307533, "measure_result": "direction", "svd_deg": 14.86}}
2026-09-13 12:16:34,514 INFO request {"path": "/measure", "payload": {"arena_id": "default", "robot_id": "202601002029", "request_id": "f724883260864bc6bb54d663d2ebcaba", "position": {"x": 463.39693041970287, "y": 802.627027558385}, "channel": 15}, "attempt": 1}
2026-09-13 12:16:34,527 INFO response {"request_id": "f724883260864bc6bb54d663d2ebcaba", "http_status": 200, "body": {"accepted": true, "real_timestamp_ms": 1789272990501, "virtual_time_s": 627.307533, "measure_result": "direction", "svd_deg": 63.26}}
2026-09-13 12:16:35,198 INFO request {"path": "/measure", "payload": {"arena_id": "default", "robot_id": "202601002029", "request_id": "2dfee228fe2c4f419edaa39c27371350", "position": {"x": 5.674975675731977e-14, "y": 926.7938608394055}, "channel": 1}, "attempt": 1}
2026-09-13 12:16:35,199 INFO response {"request_id": "2dfee228fe2c4f419edaa39c27371350", "http_status": 200, "body": {"accepted": true, "real_timestamp_ms": 1789272991173, "virtual_time_s": 729.256294, "measure_result": "no_signal"}}
2026-09-13 12:16:35,230 INFO request {"path": "/measure", "payload": {"arena_id": "default", "robot_id": "202601002029", "request_id": "ccaf1c4797ab45149f15c053a3050e94", "position": {"x": 5.674975675731977e-14, "y": 926.7938608394055}, "channel": 2}, "attempt": 1}
2026-09-13 12:16:35,248 INFO response {"request_id": "ccaf1c4797ab45149f15c053a3050e94", "http_status": 200, "body": {"accepted": true, "real_timestamp_ms": 1789272991222, "virtual_time_s": 735.256294, "measure_result": "no_signal"}}
2026-09-13 12:16:35,263 INFO request {"path": "/measure", "payload": {"arena_id": "default", "robot_id": "202601002029", "request_id": "562cc70af1cd45faae2bfa866ea64a24", "position": {"x": 5.674975675731977e-14, "y": 926.7938608394055}, "channel": 3}, "attempt": 1}
2026-09-13 12:16:35,266 INFO response {"request_id": "562cc70af1cd45faae2bfa866ea64a24", "http_status": 200, "body": {"accepted": true, "real_timestamp_ms": 1789272991239, "virtual_time_s": 741.256294, "measure_result": "no_signal"}}
2026-09-13 12:16:35,296 INFO request {"path": "/measure", "payload": {"arena_id": "default", "robot_id": "202601002029", "request_id": "b56731cda77f45e2b7ae4572571ce719", "position": {"x": 5.674975675731977e-14, "y": 926.7938608394055}, "channel": 4}, "attempt": 1}
2026-09-13 12:16:35,299 INFO response {"request_id": "b56731cda77f45e2b7ae4572571ce719", "http_status": 200, "body": {"accepted": true, "real_timestamp_ms": 1789272991272, "virtual_time_s": 747.256294, "measure_result": "no_signal"}}
2026-09-13 12:16:35,330 INFO request {"path": "/measure", "payload": {"arena_id": "default", "robot_id": "202601002029", "request_id": "c2d958c0949542bb8de465ad6afac845", "position": {"x": 5.674975675731977e-14, "y": 926.7938608394055}, "channel": 5}, "attempt": 1}
2026-09-13 12:16:35,356 INFO response {"request_id": "c2d958c0949542bb8de465ad6afac845", "http_status": 200, "body": {"accepted": true, "real_timestamp_ms": 1789272991329, "virtual_time_s": 753.256294, "measure_result": "no_signal"}}
2026-09-13 12:16:35,357 INFO request {"path": "/measure", "payload": {"arena_id": "default", "robot_id": "202601002029", "request_id": "8ea8229281c94f70b3ecc0efe3e0d578", "position": {"x": 5.674975675731977e-14, "y": 926.7938608394055}, "channel": 7}, "attempt": 1}
2026-09-13 12:16:35,359 INFO response {"request_id": "8ea8229281c94f70b3ecc0efe3e0d578", "http_status": 200, "body": {"accepted": true, "real_timestamp_ms": 1789272991332, "virtual_time_s": 759.256294, "measure_result": "no_signal"}}
2026-09-13 12:16:35,390 INFO request {"path": "/measure", "payload": {"arena_id": "default", "robot_id": "202601002029", "request_id": "7d500468fd80424885d24920ff6b67a2", "position": {"x": 5.674975675731977e-14, "y": 926.7938608394055}, "channel": 8}, "attempt": 1}
2026-09-13 12:16:35,392 INFO response {"request_id": "7d500468fd80424885d24920ff6b67a2", "http_status": 200, "body": {"accepted": true, "real_timestamp_ms": 1789272991365, "virtual_time_s": 765.256294, "measure_result": "direction", "svd_deg": 192.51}}
2026-09-13 12:16:35,411 INFO request {"path": "/measure", "payload": {"arena_id": "default", "robot_id": "202601002029", "request_id": "87cd87746875400ebbe1528002aeb06b", "position": {"x": 5.674975675731977e-14, "y": 926.7938608394055}, "channel": 10}, "attempt": 1}
2026-09-13 12:16:35,412 INFO response {"request_id": "87cd87746875400ebbe1528002aeb06b", "http_status": 200, "body": {"accepted": true, "real_timestamp_ms": 1789272991385, "virtual_time_s": 771.256294, "measure_result": "no_signal"}}
2026-09-13 12:16:35,442 INFO request {"path": "/measure", "payload": {"arena_id": "default", "robot_id": "202601002029", "request_id": "e56b71ff504b4c389cc06ac44e55f027", "position": {"x": 5.674975675731977e-14, "y": 926.7938608394055}, "channel": 11}, "attempt": 1}
2026-09-13 12:16:35,464 INFO response {"request_id": "e56b71ff504b4c389cc06ac44e55f027", "http_status": 200, "body": {"accepted": true, "real_timestamp_ms": 1789272991438, "virtual_time_s": 777.256294, "measure_result": "no_signal"}}
2026-09-13 12:16:35,479 INFO request {"path": "/measure", "payload": {"arena_id": "default", "robot_id": "202601002029", "request_id": "5ebbebe0f2d14d80a6db05ef6c039e05", "position": {"x": 5.674975675731977e-14, "y": 926.7938608394055}, "channel": 12}, "attempt": 1}
2026-09-13 12:16:35,480 INFO response {"request_id": "5ebbebe0f2d14d80a6db05ef6c039e05", "http_status": 200, "body": {"accepted": true, "real_timestamp_ms": 1789272991454, "virtual_time_s": 783.256294, "measure_result": "no_signal"}}
2026-09-13 12:16:35,511 INFO request {"path": "/measure", "payload": {"arena_id": "default", "robot_id": "202601002029", "request_id": "31a0b39ee6ed44b8b5886aa5aa1e9189", "position": {"x": 5.674975675731977e-14, "y": 926.7938608394055}, "channel": 13}, "attempt": 1}
2026-09-13 12:16:35,527 INFO response {"request_id": "31a0b39ee6ed44b8b5886aa5aa1e9189", "http_status": 200, "body": {"accepted": true, "real_timestamp_ms": 1789272991500, "virtual_time_s": 789.256294, "measure_result": "no_signal"}}
2026-09-13 12:16:35,544 INFO request {"path": "/measure", "payload": {"arena_id": "default", "robot_id": "202601002029", "request_id": "5d61cfcec364460e834d7a00ad9d292d", "position": {"x": 5.674975675731977e-14, "y": 926.7938608394055}, "channel": 16}, "attempt": 1}
2026-09-13 12:16:35,546 INFO response {"request_id": "5d61cfcec364460e834d7a00ad9d292d", "http_status": 200, "body": {"accepted": true, "real_timestamp_ms": 1789272991519, "virtual_time_s": 795.256294, "measure_result": "no_signal"}}
2026-09-13 12:16:35,577 INFO request {"path": "/measure", "payload": {"arena_id": "default", "robot_id": "202601002029", "request_id": "0a53ff4ea92c456dace91d6cb290b26f", "position": {"x": 5.674975675731977e-14, "y": 926.7938608394055}, "channel": 18}, "attempt": 1}
2026-09-13 12:16:35,602 INFO response {"request_id": "0a53ff4ea92c456dace91d6cb290b26f", "http_status": 200, "body": {"accepted": true, "real_timestamp_ms": 1789272991576, "virtual_time_s": 801.256294, "measure_result": "no_signal"}}
2026-09-13 12:16:35,602 INFO request {"path": "/measure", "payload": {"arena_id": "default", "robot_id": "202601002029", "request_id": "c4b3f599937b4cabbedb2b2834e49853", "position": {"x": 5.674975675731977e-14, "y": 926.7938608394055}, "channel": 19}, "attempt": 1}
2026-09-13 12:16:35,604 INFO response {"request_id": "c4b3f599937b4cabbedb2b2834e49853", "http_status": 200, "body": {"accepted": true, "real_timestamp_ms": 1789272991578, "virtual_time_s": 807.256294, "measure_result": "no_signal"}}
2026-09-13 12:16:35,635 INFO request {"path": "/measure", "payload": {"arena_id": "default", "robot_id": "202601002029", "request_id": "f505c8fae61c43d38b921e3f29501fa8", "position": {"x": 5.674975675731977e-14, "y": 926.7938608394055}, "channel": 20}, "attempt": 1}
2026-09-13 12:16:35,651 INFO response {"request_id": "f505c8fae61c43d38b921e3f29501fa8", "http_status": 200, "body": {"accepted": true, "real_timestamp_ms": 1789272991625, "virtual_time_s": 813.256294, "measure_result": "no_signal"}}
2026-09-13 12:16:35,691 INFO request {"path": "/measure", "payload": {"arena_id": "default", "robot_id": "202601002029", "request_id": "35e3634b17134eb98f5d9b250f81e318", "position": {"x": 5.674975675731977e-14, "y": 926.7938608394055}, "channel": 15}, "attempt": 1}
2026-09-13 12:16:35,714 INFO response {"request_id": "35e3634b17134eb98f5d9b250f81e318", "http_status": 200, "body": {"accepted": true, "real_timestamp_ms": 1789272991687, "virtual_time_s": 819.256294, "measure_result": "direction", "svd_deg": 19.84}}
2026-09-13 12:16:35,732 INFO request {"path": "/measure", "payload": {"arena_id": "default", "robot_id": "202601002029", "request_id": "37efd9d633114818ac74f67ce2736ce5", "position": {"x": 5.674975675731977e-14, "y": 926.7938608394055}, "channel": 14}, "attempt": 1}
2026-09-13 12:16:35,745 INFO response {"request_id": "37efd9d633114818ac74f67ce2736ce5", "http_status": 200, "body": {"accepted": true, "real_timestamp_ms": 1789272991719, "virtual_time_s": 825.256294, "measure_result": "direction", "svd_deg": 133.68}}
2026-09-13 12:16:36,423 INFO request {"path": "/measure", "payload": {"arena_id": "default", "robot_id": "202601002029", "request_id": "39d21347c0d146f0b06af282a8d4b92d", "position": {"x": -463.3969304197025, "y": 802.6270275583851}, "channel": 1}, "attempt": 1}
2026-09-13 12:16:36,424 INFO response {"request_id": "39d21347c0d146f0b06af282a8d4b92d", "http_status": 200, "body": {"accepted": true, "real_timestamp_ms": 1789272992398, "virtual_time_s": 927.205055, "measure_result": "no_signal"}}
2026-09-13 12:16:36,439 INFO request {"path": "/measure", "payload": {"arena_id": "default", "robot_id": "202601002029", "request_id": "dab2d6cbea06444d86fc75ee006f4ba7", "position": {"x": -463.3969304197025, "y": 802.6270275583851}, "channel": 2}, "attempt": 1}
2026-09-13 12:16:36,441 INFO response {"request_id": "dab2d6cbea06444d86fc75ee006f4ba7", "http_status": 200, "body": {"accepted": true, "real_timestamp_ms": 1789272992414, "virtual_time_s": 933.205055, "measure_result": "no_signal"}}
2026-09-13 12:16:36,456 INFO request {"path": "/measure", "payload": {"arena_id": "default", "robot_id": "202601002029", "request_id": "4ec2b1e0aa0e41e78367d831a5516f81", "position": {"x": -463.3969304197025, "y": 802.6270275583851}, "channel": 3}, "attempt": 1}
2026-09-13 12:16:36,483 INFO response {"request_id": "4ec2b1e0aa0e41e78367d831a5516f81", "http_status": 200, "body": {"accepted": true, "real_timestamp_ms": 1789272992457, "virtual_time_s": 939.205055, "measure_result": "no_signal"}}
2026-09-13 12:16:36,499 INFO request {"path": "/measure", "payload": {"arena_id": "default", "robot_id": "202601002029", "request_id": "715cc9aa4a9b4553a22b057731c0a80f", "position": {"x": -463.3969304197025, "y": 802.6270275583851}, "channel": 4}, "attempt": 1}
2026-09-13 12:16:36,500 INFO response {"request_id": "715cc9aa4a9b4553a22b057731c0a80f", "http_status": 200, "body": {"accepted": true, "real_timestamp_ms": 1789272992473, "virtual_time_s": 945.205055, "measure_result": "no_signal"}}
2026-09-13 12:16:36,531 INFO request {"path": "/measure", "payload": {"arena_id": "default", "robot_id": "202601002029", "request_id": "83300765fef04b38a2b8426659b5f8b8", "position": {"x": -463.3969304197025, "y": 802.6270275583851}, "channel": 5}, "attempt": 1}
2026-09-13 12:16:36,547 INFO response {"request_id": "83300765fef04b38a2b8426659b5f8b8", "http_status": 200, "body": {"accepted": true, "real_timestamp_ms": 1789272992520, "virtual_time_s": 951.205055, "measure_result": "no_signal"}}
2026-09-13 12:16:36,562 INFO request {"path": "/measure", "payload": {"arena_id": "default", "robot_id": "202601002029", "request_id": "926555dccf4b4c62be46d3e06553e58b", "position": {"x": -463.3969304197025, "y": 802.6270275583851}, "channel": 7}, "attempt": 1}
2026-09-13 12:16:36,578 INFO response {"request_id": "926555dccf4b4c62be46d3e06553e58b", "http_status": 200, "body": {"accepted": true, "real_timestamp_ms": 1789272992551, "virtual_time_s": 957.205055, "measure_result": "no_signal"}}
2026-09-13 12:16:36,593 INFO request {"path": "/measure", "payload": {"arena_id": "default", "robot_id": "202601002029", "request_id": "e0db3dad59d247d5ac053b92ee118c13", "position": {"x": -463.3969304197025, "y": 802.6270275583851}, "channel": 10}, "attempt": 1}
2026-09-13 12:16:36,611 INFO response {"request_id": "e0db3dad59d247d5ac053b92ee118c13", "http_status": 200, "body": {"accepted": true, "real_timestamp_ms": 1789272992585, "virtual_time_s": 963.205055, "measure_result": "no_signal"}}
2026-09-13 12:16:36,627 INFO request {"path": "/measure", "payload": {"arena_id": "default", "robot_id": "202601002029", "request_id": "6ce4d4eaeba740a69ad5c0fd5c798480", "position": {"x": -463.3969304197025, "y": 802.6270275583851}, "channel": 11}, "attempt": 1}
2026-09-13 12:16:36,633 INFO response {"request_id": "6ce4d4eaeba740a69ad5c0fd5c798480", "http_status": 200, "body": {"accepted": true, "real_timestamp_ms": 1789272992602, "virtual_time_s": 969.205055, "measure_result": "no_signal"}}
2026-09-13 12:16:36,649 INFO request {"path": "/measure", "payload": {"arena_id": "default", "robot_id": "202601002029", "request_id": "47c649d4618246bf9978b22d81173f61", "position": {"x": -463.3969304197025, "y": 802.6270275583851}, "channel": 12}, "attempt": 1}
2026-09-13 12:16:36,651 INFO response {"request_id": "47c649d4618246bf9978b22d81173f61", "http_status": 200, "body": {"accepted": true, "real_timestamp_ms": 1789272992624, "virtual_time_s": 975.205055, "measure_result": "no_signal"}}
2026-09-13 12:16:36,682 INFO request {"path": "/measure", "payload": {"arena_id": "default", "robot_id": "202601002029", "request_id": "a8e2a64f49ae4511b30fa9dc3c34864f", "position": {"x": -463.3969304197025, "y": 802.6270275583851}, "channel": 13}, "attempt": 1}
2026-09-13 12:16:36,685 INFO response {"request_id": "a8e2a64f49ae4511b30fa9dc3c34864f", "http_status": 200, "body": {"accepted": true, "real_timestamp_ms": 1789272992658, "virtual_time_s": 981.205055, "measure_result": "no_signal"}}
2026-09-13 12:16:36,715 INFO request {"path": "/measure", "payload": {"arena_id": "default", "robot_id": "202601002029", "request_id": "fd2f2da86ca845cf9f856f2cf769068c", "position": {"x": -463.3969304197025, "y": 802.6270275583851}, "channel": 16}, "attempt": 1}
2026-09-13 12:16:36,718 INFO response {"request_id": "fd2f2da86ca845cf9f856f2cf769068c", "http_status": 200, "body": {"accepted": true, "real_timestamp_ms": 1789272992691, "virtual_time_s": 987.205055, "measure_result": "no_signal"}}
2026-09-13 12:16:36,749 INFO request {"path": "/measure", "payload": {"arena_id": "default", "robot_id": "202601002029", "request_id": "4fa4b2bf972f4b1cb9a5de9a1aae464c", "position": {"x": -463.3969304197025, "y": 802.6270275583851}, "channel": 18}, "attempt": 1}
2026-09-13 12:16:36,750 INFO response {"request_id": "4fa4b2bf972f4b1cb9a5de9a1aae464c", "http_status": 200, "body": {"accepted": true, "real_timestamp_ms": 1789272992724, "virtual_time_s": 993.205055, "measure_result": "no_signal"}}
2026-09-13 12:16:36,781 INFO request {"path": "/measure", "payload": {"arena_id": "default", "robot_id": "202601002029", "request_id": "f5fe42ffcb114278b6a3637a10339352", "position": {"x": -463.3969304197025, "y": 802.6270275583851}, "channel": 19}, "attempt": 1}
2026-09-13 12:16:36,797 INFO response {"request_id": "f5fe42ffcb114278b6a3637a10339352", "http_status": 200, "body": {"accepted": true, "real_timestamp_ms": 1789272992770, "virtual_time_s": 999.205055, "measure_result": "no_signal"}}
2026-09-13 12:16:36,812 INFO request {"path": "/measure", "payload": {"arena_id": "default", "robot_id": "202601002029", "request_id": "082cb5dc4b4a4abe81658a07057bbe2f", "position": {"x": -463.3969304197025, "y": 802.6270275583851}, "channel": 20}, "attempt": 1}
2026-09-13 12:16:36,814 INFO response {"request_id": "082cb5dc4b4a4abe81658a07057bbe2f", "http_status": 200, "body": {"accepted": true, "real_timestamp_ms": 1789272992787, "virtual_time_s": 1005.205055, "measure_result": "no_signal"}}
2026-09-13 12:16:36,871 INFO request {"path": "/measure", "payload": {"arena_id": "default", "robot_id": "202601002029", "request_id": "b94f950afcf243f9b39dd3f8654757bd", "position": {"x": -463.3969304197025, "y": 802.6270275583851}, "channel": 8}, "attempt": 1}
2026-09-13 12:16:36,873 INFO response {"request_id": "b94f950afcf243f9b39dd3f8654757bd", "http_status": 200, "body": {"accepted": true, "real_timestamp_ms": 1789272992846, "virtual_time_s": 1011.205055, "measure_result": "direction", "svd_deg": 190.16}}
2026-09-13 12:16:36,894 INFO request {"path": "/measure", "payload": {"arena_id": "default", "robot_id": "202601002029", "request_id": "a7cb65f0f3f440e2be5717626e5478f6", "position": {"x": -463.3969304197025, "y": 802.6270275583851}, "channel": 14}, "attempt": 1}
2026-09-13 12:16:36,896 INFO response {"request_id": "a7cb65f0f3f440e2be5717626e5478f6", "http_status": 200, "body": {"accepted": true, "real_timestamp_ms": 1789272992870, "virtual_time_s": 1017.205055, "measure_result": "direction", "svd_deg": 78.36}}
2026-09-13 12:16:37,311 INFO request {"path": "/measure", "payload": {"arena_id": "default", "robot_id": "202601002029", "request_id": "b45524f062024a7cbd3f282b69b8c224", "position": {"x": -802.6270275583848, "y": 463.39693041970304}, "channel": 1}, "attempt": 1}
2026-09-13 12:16:37,312 INFO response {"request_id": "b45524f062024a7cbd3f282b69b8c224", "http_status": 200, "body": {"accepted": true, "real_timestamp_ms": 1789272993285, "virtual_time_s": 1119.153816, "measure_result": "no_signal"}}
2026-09-13 12:16:37,342 INFO request {"path": "/measure", "payload": {"arena_id": "default", "robot_id": "202601002029", "request_id": "c76c5b808ccb4242bc252dcd2e882915", "position": {"x": -802.6270275583848, "y": 463.39693041970304}, "channel": 2}, "attempt": 1}
2026-09-13 12:16:37,343 INFO response {"request_id": "c76c5b808ccb4242bc252dcd2e882915", "http_status": 200, "body": {"accepted": true, "real_timestamp_ms": 1789272993317, "virtual_time_s": 1125.153816, "measure_result": "no_signal"}}
2026-09-13 12:16:37,374 INFO request {"path": "/measure", "payload": {"arena_id": "default", "robot_id": "202601002029", "request_id": "dc4e9e7b5c61445a9636e73100f33834", "position": {"x": -802.6270275583848, "y": 463.39693041970304}, "channel": 3}, "attempt": 1}
2026-09-13 12:16:37,375 INFO response {"request_id": "dc4e9e7b5c61445a9636e73100f33834", "http_status": 200, "body": {"accepted": true, "real_timestamp_ms": 1789272993349, "virtual_time_s": 1131.153816, "measure_result": "no_signal"}}
2026-09-13 12:16:37,406 INFO request {"path": "/measure", "payload": {"arena_id": "default", "robot_id": "202601002029", "request_id": "a2a61ebb79074ac9b484a7574937e511", "position": {"x": -802.6270275583848, "y": 463.39693041970304}, "channel": 4}, "attempt": 1}
2026-09-13 12:16:37,407 INFO response {"request_id": "a2a61ebb79074ac9b484a7574937e511", "http_status": 200, "body": {"accepted": true, "real_timestamp_ms": 1789272993381, "virtual_time_s": 1137.153816, "measure_result": "no_signal"}}
2026-09-13 12:16:37,438 INFO request {"path": "/measure", "payload": {"arena_id": "default", "robot_id": "202601002029", "request_id": "59c265bfe12646578313d8b18bf06bef", "position": {"x": -802.6270275583848, "y": 463.39693041970304}, "channel": 5}, "attempt": 1}
2026-09-13 12:16:37,454 INFO response {"request_id": "59c265bfe12646578313d8b18bf06bef", "http_status": 200, "body": {"accepted": true, "real_timestamp_ms": 1789272993428, "virtual_time_s": 1143.153816, "measure_result": "no_signal"}}
2026-09-13 12:16:37,470 INFO request {"path": "/measure", "payload": {"arena_id": "default", "robot_id": "202601002029", "request_id": "50b8fc6909274ab1bbb37b9f28ace288", "position": {"x": -802.6270275583848, "y": 463.39693041970304}, "channel": 7}, "attempt": 1}
2026-09-13 12:16:37,473 INFO response {"request_id": "50b8fc6909274ab1bbb37b9f28ace288", "http_status": 200, "body": {"accepted": true, "real_timestamp_ms": 1789272993446, "virtual_time_s": 1149.153816, "measure_result": "no_signal"}}
2026-09-13 12:16:37,489 INFO request {"path": "/measure", "payload": {"arena_id": "default", "robot_id": "202601002029", "request_id": "47a31dfa07b948e3aa9be9a1cf5f94ff", "position": {"x": -802.6270275583848, "y": 463.39693041970304}, "channel": 10}, "attempt": 1}
2026-09-13 12:16:37,516 INFO response {"request_id": "47a31dfa07b948e3aa9be9a1cf5f94ff", "http_status": 200, "body": {"accepted": true, "real_timestamp_ms": 1789272993489, "virtual_time_s": 1155.153816, "measure_result": "no_signal"}}
2026-09-13 12:16:37,531 INFO request {"path": "/measure", "payload": {"arena_id": "default", "robot_id": "202601002029", "request_id": "914b11ef96b549939d97f56a1842e331", "position": {"x": -802.6270275583848, "y": 463.39693041970304}, "channel": 11}, "attempt": 1}
2026-09-13 12:16:37,532 INFO response {"request_id": "914b11ef96b549939d97f56a1842e331", "http_status": 200, "body": {"accepted": true, "real_timestamp_ms": 1789272993506, "virtual_time_s": 1161.153816, "measure_result": "no_signal"}}
2026-09-13 12:16:37,563 INFO request {"path": "/measure", "payload": {"arena_id": "default", "robot_id": "202601002029", "request_id": "5f241cefe3554b6cbdf4cfcf127c6a4b", "position": {"x": -802.6270275583848, "y": 463.39693041970304}, "channel": 12}, "attempt": 1}
2026-09-13 12:16:37,567 INFO response {"request_id": "5f241cefe3554b6cbdf4cfcf127c6a4b", "http_status": 200, "body": {"accepted": true, "real_timestamp_ms": 1789272993538, "virtual_time_s": 1167.153816, "measure_result": "no_signal"}}
2026-09-13 12:16:37,583 INFO request {"path": "/measure", "payload": {"arena_id": "default", "robot_id": "202601002029", "request_id": "3eb2b73a34664cbea4fbe211aba3ffe2", "position": {"x": -802.6270275583848, "y": 463.39693041970304}, "channel": 13}, "attempt": 1}
2026-09-13 12:16:37,586 INFO response {"request_id": "3eb2b73a34664cbea4fbe211aba3ffe2", "http_status": 200, "body": {"accepted": true, "real_timestamp_ms": 1789272993559, "virtual_time_s": 1173.153816, "measure_result": "no_signal"}}
2026-09-13 12:16:37,617 INFO request {"path": "/measure", "payload": {"arena_id": "default", "robot_id": "202601002029", "request_id": "35adeff37d604ebbabb99cf5d23414a8", "position": {"x": -802.6270275583848, "y": 463.39693041970304}, "channel": 16}, "attempt": 1}
2026-09-13 12:16:37,619 INFO response {"request_id": "35adeff37d604ebbabb99cf5d23414a8", "http_status": 200, "body": {"accepted": true, "real_timestamp_ms": 1789272993592, "virtual_time_s": 1179.153816, "measure_result": "no_signal"}}
2026-09-13 12:16:37,650 INFO request {"path": "/measure", "payload": {"arena_id": "default", "robot_id": "202601002029", "request_id": "9132cd6e8c0e40a9a5bb6ffe86aec2f9", "position": {"x": -802.6270275583848, "y": 463.39693041970304}, "channel": 18}, "attempt": 1}
2026-09-13 12:16:37,672 INFO response {"request_id": "9132cd6e8c0e40a9a5bb6ffe86aec2f9", "http_status": 200, "body": {"accepted": true, "real_timestamp_ms": 1789272993646, "virtual_time_s": 1185.153816, "measure_result": "no_signal"}}
2026-09-13 12:16:37,688 INFO request {"path": "/measure", "payload": {"arena_id": "default", "robot_id": "202601002029", "request_id": "d5f56e5f85f3411ebcc18bcdda7f2a2d", "position": {"x": -802.6270275583848, "y": 463.39693041970304}, "channel": 19}, "attempt": 1}
2026-09-13 12:16:37,690 INFO response {"request_id": "d5f56e5f85f3411ebcc18bcdda7f2a2d", "http_status": 200, "body": {"accepted": true, "real_timestamp_ms": 1789272993663, "virtual_time_s": 1191.153816, "measure_result": "direction", "svd_deg": 232.28}}
2026-09-13 12:16:37,711 INFO request {"path": "/measure", "payload": {"arena_id": "default", "robot_id": "202601002029", "request_id": "8f395384cd9c4fa59da975bc84f9cedc", "position": {"x": -802.6270275583848, "y": 463.39693041970304}, "channel": 20}, "attempt": 1}
2026-09-13 12:16:37,713 INFO response {"request_id": "8f395384cd9c4fa59da975bc84f9cedc", "http_status": 200, "body": {"accepted": true, "real_timestamp_ms": 1789272993687, "virtual_time_s": 1197.153816, "measure_result": "no_signal"}}
2026-09-13 12:16:37,738 INFO request {"path": "/measure", "payload": {"arena_id": "default", "robot_id": "202601002029", "request_id": "7d9731c316d94920a9feec7599e97e53", "position": {"x": -802.6270275583848, "y": 463.39693041970304}, "channel": 8}, "attempt": 1}
2026-09-13 12:16:37,739 INFO response {"request_id": "7d9731c316d94920a9feec7599e97e53", "http_status": 200, "body": {"accepted": true, "real_timestamp_ms": 1789272993713, "virtual_time_s": 1203.153816, "measure_result": "no_signal"}}
2026-09-13 12:16:38,329 INFO request {"path": "/measure", "payload": {"arena_id": "default", "robot_id": "202601002029", "request_id": "3cdff6e6039f4d7bb3cc11affdb2a1ed", "position": {"x": -926.7938608394055, "y": 1.1349951351463954e-13}, "channel": 1}, "attempt": 1}
2026-09-13 12:16:38,347 INFO response {"request_id": "3cdff6e6039f4d7bb3cc11affdb2a1ed", "http_status": 200, "body": {"accepted": true, "real_timestamp_ms": 1789272994321, "virtual_time_s": 1305.102577, "measure_result": "no_signal"}}
2026-09-13 12:16:38,347 INFO request {"path": "/measure", "payload": {"arena_id": "default", "robot_id": "202601002029", "request_id": "c6233babfc8b48aa8bae96fbecce8fa4", "position": {"x": -926.7938608394055, "y": 1.1349951351463954e-13}, "channel": 2}, "attempt": 1}
2026-09-13 12:16:38,362 INFO response {"request_id": "c6233babfc8b48aa8bae96fbecce8fa4", "http_status": 200, "body": {"accepted": true, "real_timestamp_ms": 1789272994336, "virtual_time_s": 1311.102577, "measure_result": "no_signal"}}
2026-09-13 12:16:38,377 INFO request {"path": "/measure", "payload": {"arena_id": "default", "robot_id": "202601002029", "request_id": "25373d34f1404e028458c94785f986c8", "position": {"x": -926.7938608394055, "y": 1.1349951351463954e-13}, "channel": 3}, "attempt": 1}
2026-09-13 12:16:38,394 INFO response {"request_id": "25373d34f1404e028458c94785f986c8", "http_status": 200, "body": {"accepted": true, "real_timestamp_ms": 1789272994367, "virtual_time_s": 1317.102577, "measure_result": "no_signal"}}
2026-09-13 12:16:38,394 INFO request {"path": "/measure", "payload": {"arena_id": "default", "robot_id": "202601002029", "request_id": "3f9f13f245e146ee9c1df5356e02cb4e", "position": {"x": -926.7938608394055, "y": 1.1349951351463954e-13}, "channel": 4}, "attempt": 1}
2026-09-13 12:16:38,395 INFO response {"request_id": "3f9f13f245e146ee9c1df5356e02cb4e", "http_status": 200, "body": {"accepted": true, "real_timestamp_ms": 1789272994369, "virtual_time_s": 1323.102577, "measure_result": "no_signal"}}
2026-09-13 12:16:38,426 INFO request {"path": "/measure", "payload": {"arena_id": "default", "robot_id": "202601002029", "request_id": "7100dcadf8b64878962c70adb8c024c6", "position": {"x": -926.7938608394055, "y": 1.1349951351463954e-13}, "channel": 5}, "attempt": 1}
2026-09-13 12:16:38,440 INFO response {"request_id": "7100dcadf8b64878962c70adb8c024c6", "http_status": 200, "body": {"accepted": true, "real_timestamp_ms": 1789272994414, "virtual_time_s": 1329.102577, "measure_result": "no_signal"}}
2026-09-13 12:16:38,456 INFO request {"path": "/measure", "payload": {"arena_id": "default", "robot_id": "202601002029", "request_id": "ab3eb48e3a074a5eac09966a823d2f4f", "position": {"x": -926.7938608394055, "y": 1.1349951351463954e-13}, "channel": 7}, "attempt": 1}
2026-09-13 12:16:38,473 INFO response {"request_id": "ab3eb48e3a074a5eac09966a823d2f4f", "http_status": 200, "body": {"accepted": true, "real_timestamp_ms": 1789272994446, "virtual_time_s": 1335.102577, "measure_result": "no_signal"}}
2026-09-13 12:16:38,489 INFO request {"path": "/measure", "payload": {"arena_id": "default", "robot_id": "202601002029", "request_id": "010b9868ae9e4b2695c94028d9d1fe81", "position": {"x": -926.7938608394055, "y": 1.1349951351463954e-13}, "channel": 10}, "attempt": 1}
2026-09-13 12:16:38,504 INFO response {"request_id": "010b9868ae9e4b2695c94028d9d1fe81", "http_status": 200, "body": {"accepted": true, "real_timestamp_ms": 1789272994478, "virtual_time_s": 1341.102577, "measure_result": "no_signal"}}
2026-09-13 12:16:38,519 INFO request {"path": "/measure", "payload": {"arena_id": "default", "robot_id": "202601002029", "request_id": "59e3d6983079410aa5a4fc914bf78dbc", "position": {"x": -926.7938608394055, "y": 1.1349951351463954e-13}, "channel": 11}, "attempt": 1}
2026-09-13 12:16:38,537 INFO response {"request_id": "59e3d6983079410aa5a4fc914bf78dbc", "http_status": 200, "body": {"accepted": true, "real_timestamp_ms": 1789272994509, "virtual_time_s": 1347.102577, "measure_result": "no_signal"}}
2026-09-13 12:16:38,552 INFO request {"path": "/measure", "payload": {"arena_id": "default", "robot_id": "202601002029", "request_id": "e39d988e61a7498882f72c204498c4a3", "position": {"x": -926.7938608394055, "y": 1.1349951351463954e-13}, "channel": 12}, "attempt": 1}
2026-09-13 12:16:38,555 INFO response {"request_id": "e39d988e61a7498882f72c204498c4a3", "http_status": 200, "body": {"accepted": true, "real_timestamp_ms": 1789272994528, "virtual_time_s": 1353.102577, "measure_result": "no_signal"}}
2026-09-13 12:16:38,586 INFO request {"path": "/measure", "payload": {"arena_id": "default", "robot_id": "202601002029", "request_id": "cfc0d328e4e245de83f3c6a482c9a5a7", "position": {"x": -926.7938608394055, "y": 1.1349951351463954e-13}, "channel": 13}, "attempt": 1}
2026-09-13 12:16:38,599 INFO response {"request_id": "cfc0d328e4e245de83f3c6a482c9a5a7", "http_status": 200, "body": {"accepted": true, "real_timestamp_ms": 1789272994572, "virtual_time_s": 1359.102577, "measure_result": "no_signal"}}
2026-09-13 12:16:38,615 INFO request {"path": "/measure", "payload": {"arena_id": "default", "robot_id": "202601002029", "request_id": "ccc3122330d3421e9367800e1562ca0a", "position": {"x": -926.7938608394055, "y": 1.1349951351463954e-13}, "channel": 16}, "attempt": 1}
2026-09-13 12:16:38,629 INFO response {"request_id": "ccc3122330d3421e9367800e1562ca0a", "http_status": 200, "body": {"accepted": true, "real_timestamp_ms": 1789272994602, "virtual_time_s": 1365.102577, "measure_result": "no_signal"}}
2026-09-13 12:16:38,644 INFO request {"path": "/measure", "payload": {"arena_id": "default", "robot_id": "202601002029", "request_id": "927f9fc6d14a4de78df98de637e8a053", "position": {"x": -926.7938608394055, "y": 1.1349951351463954e-13}, "channel": 18}, "attempt": 1}
2026-09-13 12:16:38,661 INFO response {"request_id": "927f9fc6d14a4de78df98de637e8a053", "http_status": 200, "body": {"accepted": true, "real_timestamp_ms": 1789272994633, "virtual_time_s": 1371.102577, "measure_result": "no_signal"}}
2026-09-13 12:16:38,675 INFO request {"path": "/measure", "payload": {"arena_id": "default", "robot_id": "202601002029", "request_id": "25978dc21db744188fb91109108eef6e", "position": {"x": -926.7938608394055, "y": 1.1349951351463954e-13}, "channel": 20}, "attempt": 1}
2026-09-13 12:16:38,693 INFO response {"request_id": "25978dc21db744188fb91109108eef6e", "http_status": 200, "body": {"accepted": true, "real_timestamp_ms": 1789272994666, "virtual_time_s": 1377.102577, "measure_result": "no_signal"}}
2026-09-13 12:16:38,738 INFO request {"path": "/measure", "payload": {"arena_id": "default", "robot_id": "202601002029", "request_id": "d367f6ac95784c5580ca907f50628afb", "position": {"x": -926.7938608394055, "y": 1.1349951351463954e-13}, "channel": 19}, "attempt": 1}
2026-09-13 12:16:38,740 INFO response {"request_id": "d367f6ac95784c5580ca907f50628afb", "http_status": 200, "body": {"accepted": true, "real_timestamp_ms": 1789272994713, "virtual_time_s": 1383.102577, "measure_result": "direction", "svd_deg": 213.91}}
2026-09-13 12:16:39,420 INFO request {"path": "/measure", "payload": {"arena_id": "default", "robot_id": "202601002029", "request_id": "33063a4d96da4b4aa7ec61e09c7e1099", "position": {"x": -802.6270275583852, "y": -463.39693041970247}, "channel": 1}, "attempt": 1}
2026-09-13 12:16:39,436 INFO response {"request_id": "33063a4d96da4b4aa7ec61e09c7e1099", "http_status": 200, "body": {"accepted": true, "real_timestamp_ms": 1789272995410, "virtual_time_s": 1485.051338, "measure_result": "no_signal"}}
2026-09-13 12:16:39,451 INFO request {"path": "/measure", "payload": {"arena_id": "default", "robot_id": "202601002029", "request_id": "18d2252955ff43f18ab11986585d50b0", "position": {"x": -802.6270275583852, "y": -463.39693041970247}, "channel": 2}, "attempt": 1}
2026-09-13 12:16:39,467 INFO response {"request_id": "18d2252955ff43f18ab11986585d50b0", "http_status": 200, "body": {"accepted": true, "real_timestamp_ms": 1789272995441, "virtual_time_s": 1491.051338, "measure_result": "no_signal"}}
2026-09-13 12:16:39,482 INFO request {"path": "/measure", "payload": {"arena_id": "default", "robot_id": "202601002029", "request_id": "1d8baf2ad16843b7861361fdbd2afbe9", "position": {"x": -802.6270275583852, "y": -463.39693041970247}, "channel": 3}, "attempt": 1}
2026-09-13 12:16:39,514 INFO response {"request_id": "1d8baf2ad16843b7861361fdbd2afbe9", "http_status": 200, "body": {"accepted": true, "real_timestamp_ms": 1789272995487, "virtual_time_s": 1497.051338, "measure_result": "no_signal"}}
2026-09-13 12:16:39,514 INFO request {"path": "/measure", "payload": {"arena_id": "default", "robot_id": "202601002029", "request_id": "26d27355d73043ffaffc94b9319e15ee", "position": {"x": -802.6270275583852, "y": -463.39693041970247}, "channel": 4}, "attempt": 1}
2026-09-13 12:16:39,516 INFO response {"request_id": "26d27355d73043ffaffc94b9319e15ee", "http_status": 200, "body": {"accepted": true, "real_timestamp_ms": 1789272995489, "virtual_time_s": 1503.051338, "measure_result": "no_signal"}}
2026-09-13 12:16:39,547 INFO request {"path": "/measure", "payload": {"arena_id": "default", "robot_id": "202601002029", "request_id": "34896482ec314d79b5bad1682e1e3ae7", "position": {"x": -802.6270275583852, "y": -463.39693041970247}, "channel": 5}, "attempt": 1}
2026-09-13 12:16:39,548 INFO response {"request_id": "34896482ec314d79b5bad1682e1e3ae7", "http_status": 200, "body": {"accepted": true, "real_timestamp_ms": 1789272995522, "virtual_time_s": 1509.051338, "measure_result": "no_signal"}}
2026-09-13 12:16:39,579 INFO request {"path": "/measure", "payload": {"arena_id": "default", "robot_id": "202601002029", "request_id": "2c353eec0ad646dab071c242bd22bb9a", "position": {"x": -802.6270275583852, "y": -463.39693041970247}, "channel": 7}, "attempt": 1}
2026-09-13 12:16:39,586 INFO response {"request_id": "2c353eec0ad646dab071c242bd22bb9a", "http_status": 200, "body": {"accepted": true, "real_timestamp_ms": 1789272995557, "virtual_time_s": 1515.051338, "measure_result": "no_signal"}}
2026-09-13 12:16:39,601 INFO request {"path": "/measure", "payload": {"arena_id": "default", "robot_id": "202601002029", "request_id": "7efb3204162a4c0a93e33dc0b7c12f58", "position": {"x": -802.6270275583852, "y": -463.39693041970247}, "channel": 10}, "attempt": 1}
2026-09-13 12:16:39,623 INFO response {"request_id": "7efb3204162a4c0a93e33dc0b7c12f58", "http_status": 200, "body": {"accepted": true, "real_timestamp_ms": 1789272995596, "virtual_time_s": 1521.051338, "measure_result": "no_signal"}}
2026-09-13 12:16:39,638 INFO request {"path": "/measure", "payload": {"arena_id": "default", "robot_id": "202601002029", "request_id": "672a8488e3044967a56af19ab36e4d25", "position": {"x": -802.6270275583852, "y": -463.39693041970247}, "channel": 11}, "attempt": 1}
2026-09-13 12:16:39,655 INFO response {"request_id": "672a8488e3044967a56af19ab36e4d25", "http_status": 200, "body": {"accepted": true, "real_timestamp_ms": 1789272995628, "virtual_time_s": 1527.051338, "measure_result": "no_signal"}}
2026-09-13 12:16:39,671 INFO request {"path": "/measure", "payload": {"arena_id": "default", "robot_id": "202601002029", "request_id": "c48c6a2c7a6d4e4896d21d8cc5fd1a2e", "position": {"x": -802.6270275583852, "y": -463.39693041970247}, "channel": 12}, "attempt": 1}
2026-09-13 12:16:39,686 INFO response {"request_id": "c48c6a2c7a6d4e4896d21d8cc5fd1a2e", "http_status": 200, "body": {"accepted": true, "real_timestamp_ms": 1789272995660, "virtual_time_s": 1533.051338, "measure_result": "no_signal"}}
2026-09-13 12:16:39,702 INFO request {"path": "/measure", "payload": {"arena_id": "default", "robot_id": "202601002029", "request_id": "d28fe7b9a6da4873a6fe7ac7e87b23a0", "position": {"x": -802.6270275583852, "y": -463.39693041970247}, "channel": 13}, "attempt": 1}
2026-09-13 12:16:39,719 INFO response {"request_id": "d28fe7b9a6da4873a6fe7ac7e87b23a0", "http_status": 200, "body": {"accepted": true, "real_timestamp_ms": 1789272995692, "virtual_time_s": 1539.051338, "measure_result": "no_signal"}}
2026-09-13 12:16:39,734 INFO request {"path": "/measure", "payload": {"arena_id": "default", "robot_id": "202601002029", "request_id": "93314c1fdc3d4baf932c474329d34f71", "position": {"x": -802.6270275583852, "y": -463.39693041970247}, "channel": 16}, "attempt": 1}
2026-09-13 12:16:39,736 INFO response {"request_id": "93314c1fdc3d4baf932c474329d34f71", "http_status": 200, "body": {"accepted": true, "real_timestamp_ms": 1789272995709, "virtual_time_s": 1545.051338, "measure_result": "no_signal"}}
2026-09-13 12:16:39,767 INFO request {"path": "/measure", "payload": {"arena_id": "default", "robot_id": "202601002029", "request_id": "e514bedb447e4886bb9b6457002d7536", "position": {"x": -802.6270275583852, "y": -463.39693041970247}, "channel": 18}, "attempt": 1}
2026-09-13 12:16:39,770 INFO response {"request_id": "e514bedb447e4886bb9b6457002d7536", "http_status": 200, "body": {"accepted": true, "real_timestamp_ms": 1789272995744, "virtual_time_s": 1551.051338, "measure_result": "no_signal"}}
2026-09-13 12:16:39,786 INFO request {"path": "/measure", "payload": {"arena_id": "default", "robot_id": "202601002029", "request_id": "506f1801f60b458998b3a34d7c59ca7e", "position": {"x": -802.6270275583852, "y": -463.39693041970247}, "channel": 20}, "attempt": 1}
2026-09-13 12:16:39,812 INFO response {"request_id": "506f1801f60b458998b3a34d7c59ca7e", "http_status": 200, "body": {"accepted": true, "real_timestamp_ms": 1789272995783, "virtual_time_s": 1557.051338, "measure_result": "no_signal"}}
2026-09-13 12:16:39,864 INFO request {"path": "/measure", "payload": {"arena_id": "default", "robot_id": "202601002029", "request_id": "95dfb680f36e40ba8b62eb3747719c0e", "position": {"x": -802.6270275583852, "y": -463.39693041970247}, "channel": 19}, "attempt": 1}
2026-09-13 12:16:39,888 INFO response {"request_id": "95dfb680f36e40ba8b62eb3747719c0e", "http_status": 200, "body": {"accepted": true, "real_timestamp_ms": 1789272995862, "virtual_time_s": 1563.051338, "measure_result": "direction", "svd_deg": 168.64}}
2026-09-13 12:16:40,518 INFO request {"path": "/measure", "payload": {"arena_id": "default", "robot_id": "202601002029", "request_id": "3e90605ce6734eca855c69047d92b23a", "position": {"x": -463.39693041970315, "y": -802.6270275583848}, "channel": 1}, "attempt": 1}
2026-09-13 12:16:40,533 INFO response {"request_id": "3e90605ce6734eca855c69047d92b23a", "http_status": 200, "body": {"accepted": true, "real_timestamp_ms": 1789272996506, "virtual_time_s": 1665.000099, "measure_result": "no_signal"}}
2026-09-13 12:16:40,563 INFO request {"path": "/measure", "payload": {"arena_id": "default", "robot_id": "202601002029", "request_id": "346c6e06be454d8f8d0f4c378da8f938", "position": {"x": -463.39693041970315, "y": -802.6270275583848}, "channel": 2}, "attempt": 1}
2026-09-13 12:16:40,565 INFO response {"request_id": "346c6e06be454d8f8d0f4c378da8f938", "http_status": 200, "body": {"accepted": true, "real_timestamp_ms": 1789272996538, "virtual_time_s": 1671.000099, "measure_result": "no_signal"}}
2026-09-13 12:16:40,581 INFO request {"path": "/measure", "payload": {"arena_id": "default", "robot_id": "202601002029", "request_id": "64797d96981e4019b381d8202a50b455", "position": {"x": -463.39693041970315, "y": -802.6270275583848}, "channel": 3}, "attempt": 1}
2026-09-13 12:16:40,582 INFO response {"request_id": "64797d96981e4019b381d8202a50b455", "http_status": 200, "body": {"accepted": true, "real_timestamp_ms": 1789272996556, "virtual_time_s": 1677.000099, "measure_result": "no_signal"}}
2026-09-13 12:16:40,613 INFO request {"path": "/measure", "payload": {"arena_id": "default", "robot_id": "202601002029", "request_id": "6acfc7b37cb74da087dd215e667c4e83", "position": {"x": -463.39693041970315, "y": -802.6270275583848}, "channel": 4}, "attempt": 1}
2026-09-13 12:16:40,615 INFO response {"request_id": "6acfc7b37cb74da087dd215e667c4e83", "http_status": 200, "body": {"accepted": true, "real_timestamp_ms": 1789272996588, "virtual_time_s": 1683.000099, "measure_result": "no_signal"}}
2026-09-13 12:16:40,645 INFO request {"path": "/measure", "payload": {"arena_id": "default", "robot_id": "202601002029", "request_id": "43dc6d8fc4fa42d48a3db2b743edc470", "position": {"x": -463.39693041970315, "y": -802.6270275583848}, "channel": 5}, "attempt": 1}
2026-09-13 12:16:40,658 INFO response {"request_id": "43dc6d8fc4fa42d48a3db2b743edc470", "http_status": 200, "body": {"accepted": true, "real_timestamp_ms": 1789272996631, "virtual_time_s": 1689.000099, "measure_result": "no_signal"}}
2026-09-13 12:16:40,673 INFO request {"path": "/measure", "payload": {"arena_id": "default", "robot_id": "202601002029", "request_id": "b96fcb4a304248dca375def2871c1216", "position": {"x": -463.39693041970315, "y": -802.6270275583848}, "channel": 7}, "attempt": 1}
2026-09-13 12:16:40,675 INFO response {"request_id": "b96fcb4a304248dca375def2871c1216", "http_status": 200, "body": {"accepted": true, "real_timestamp_ms": 1789272996649, "virtual_time_s": 1695.000099, "measure_result": "direction", "svd_deg": 329.53}}
2026-09-13 12:16:40,694 INFO request {"path": "/measure", "payload": {"arena_id": "default", "robot_id": "202601002029", "request_id": "4bdfb1e6a2a943d2afd5dc707e8364da", "position": {"x": -463.39693041970315, "y": -802.6270275583848}, "channel": 10}, "attempt": 1}
2026-09-13 12:16:40,696 INFO response {"request_id": "4bdfb1e6a2a943d2afd5dc707e8364da", "http_status": 200, "body": {"accepted": true, "real_timestamp_ms": 1789272996670, "virtual_time_s": 1701.000099, "measure_result": "no_signal"}}
2026-09-13 12:16:40,727 INFO request {"path": "/measure", "payload": {"arena_id": "default", "robot_id": "202601002029", "request_id": "d88a1d13e210424dab1159d470ee719e", "position": {"x": -463.39693041970315, "y": -802.6270275583848}, "channel": 11}, "attempt": 1}
2026-09-13 12:16:40,728 INFO response {"request_id": "d88a1d13e210424dab1159d470ee719e", "http_status": 200, "body": {"accepted": true, "real_timestamp_ms": 1789272996702, "virtual_time_s": 1707.000099, "measure_result": "no_signal"}}
2026-09-13 12:16:40,759 INFO request {"path": "/measure", "payload": {"arena_id": "default", "robot_id": "202601002029", "request_id": "7d78ddf45be641019bbda9f08dfe6893", "position": {"x": -463.39693041970315, "y": -802.6270275583848}, "channel": 12}, "attempt": 1}
2026-09-13 12:16:40,783 INFO response {"request_id": "7d78ddf45be641019bbda9f08dfe6893", "http_status": 200, "body": {"accepted": true, "real_timestamp_ms": 1789272996757, "virtual_time_s": 1713.000099, "measure_result": "no_signal"}}
2026-09-13 12:16:40,784 INFO request {"path": "/measure", "payload": {"arena_id": "default", "robot_id": "202601002029", "request_id": "eecac351c3924df1866d9dc81616da3c", "position": {"x": -463.39693041970315, "y": -802.6270275583848}, "channel": 13}, "attempt": 1}
2026-09-13 12:16:40,785 INFO response {"request_id": "eecac351c3924df1866d9dc81616da3c", "http_status": 200, "body": {"accepted": true, "real_timestamp_ms": 1789272996758, "virtual_time_s": 1719.000099, "measure_result": "no_signal"}}
2026-09-13 12:16:40,815 INFO request {"path": "/measure", "payload": {"arena_id": "default", "robot_id": "202601002029", "request_id": "3b237075297949048716c6d35496ec92", "position": {"x": -463.39693041970315, "y": -802.6270275583848}, "channel": 16}, "attempt": 1}
2026-09-13 12:16:40,818 INFO response {"request_id": "3b237075297949048716c6d35496ec92", "http_status": 200, "body": {"accepted": true, "real_timestamp_ms": 1789272996791, "virtual_time_s": 1725.000099, "measure_result": "no_signal"}}
2026-09-13 12:16:40,848 INFO request {"path": "/measure", "payload": {"arena_id": "default", "robot_id": "202601002029", "request_id": "1b9a48191ca04092ac4cd280fdace611", "position": {"x": -463.39693041970315, "y": -802.6270275583848}, "channel": 18}, "attempt": 1}
2026-09-13 12:16:40,855 INFO response {"request_id": "1b9a48191ca04092ac4cd280fdace611", "http_status": 200, "body": {"accepted": true, "real_timestamp_ms": 1789272996828, "virtual_time_s": 1731.000099, "measure_result": "no_signal"}}
2026-09-13 12:16:40,886 INFO request {"path": "/measure", "payload": {"arena_id": "default", "robot_id": "202601002029", "request_id": "16246e84ce44421bb5895b59e3e0ffca", "position": {"x": -463.39693041970315, "y": -802.6270275583848}, "channel": 20}, "attempt": 1}
2026-09-13 12:16:40,909 INFO response {"request_id": "16246e84ce44421bb5895b59e3e0ffca", "http_status": 200, "body": {"accepted": true, "real_timestamp_ms": 1789272996882, "virtual_time_s": 1737.000099, "measure_result": "no_signal"}}
2026-09-13 12:16:41,725 INFO request {"path": "/measure", "payload": {"arena_id": "default", "robot_id": "202601002029", "request_id": "4c5731c8a3054dc4929314fecdcbe926", "position": {"x": -1.702492702719593e-13, "y": -926.7938608394055}, "channel": 20}, "attempt": 1}
2026-09-13 12:16:41,727 INFO response {"request_id": "4c5731c8a3054dc4929314fecdcbe926", "http_status": 200, "body": {"accepted": true, "real_timestamp_ms": 1789272997701, "virtual_time_s": 1837.94886, "measure_result": "no_signal"}}
2026-09-13 12:16:41,758 INFO request {"path": "/measure", "payload": {"arena_id": "default", "robot_id": "202601002029", "request_id": "039f71ad7dae4dffbf98777984c290b3", "position": {"x": -1.702492702719593e-13, "y": -926.7938608394055}, "channel": 1}, "attempt": 1}
2026-09-13 12:16:41,759 INFO response {"request_id": "039f71ad7dae4dffbf98777984c290b3", "http_status": 200, "body": {"accepted": true, "real_timestamp_ms": 1789272997733, "virtual_time_s": 1843.94886, "measure_result": "no_signal"}}
2026-09-13 12:16:41,790 INFO request {"path": "/measure", "payload": {"arena_id": "default", "robot_id": "202601002029", "request_id": "dbff5475e8e74cdb87a1301ea9a42efa", "position": {"x": -1.702492702719593e-13, "y": -926.7938608394055}, "channel": 2}, "attempt": 1}
2026-09-13 12:16:41,792 INFO response {"request_id": "dbff5475e8e74cdb87a1301ea9a42efa", "http_status": 200, "body": {"accepted": true, "real_timestamp_ms": 1789272997766, "virtual_time_s": 1849.94886, "measure_result": "no_signal"}}
2026-09-13 12:16:41,823 INFO request {"path": "/measure", "payload": {"arena_id": "default", "robot_id": "202601002029", "request_id": "5cd0a6223fce4d55a438f51f50f6d5cc", "position": {"x": -1.702492702719593e-13, "y": -926.7938608394055}, "channel": 3}, "attempt": 1}
2026-09-13 12:16:41,824 INFO response {"request_id": "5cd0a6223fce4d55a438f51f50f6d5cc", "http_status": 200, "body": {"accepted": true, "real_timestamp_ms": 1789272997798, "virtual_time_s": 1855.94886, "measure_result": "no_signal"}}
2026-09-13 12:16:41,856 INFO request {"path": "/measure", "payload": {"arena_id": "default", "robot_id": "202601002029", "request_id": "94e67bf1556143f7ba24cba3ff15edb3", "position": {"x": -1.702492702719593e-13, "y": -926.7938608394055}, "channel": 4}, "attempt": 1}
2026-09-13 12:16:41,868 INFO response {"request_id": "94e67bf1556143f7ba24cba3ff15edb3", "http_status": 200, "body": {"accepted": true, "real_timestamp_ms": 1789272997841, "virtual_time_s": 1861.94886, "measure_result": "direction", "svd_deg": 228.75}}
2026-09-13 12:16:41,885 INFO request {"path": "/measure", "payload": {"arena_id": "default", "robot_id": "202601002029", "request_id": "f0d51e1533d44376aca0b8dc95fec1eb", "position": {"x": -1.702492702719593e-13, "y": -926.7938608394055}, "channel": 5}, "attempt": 1}
2026-09-13 12:16:41,899 INFO response {"request_id": "f0d51e1533d44376aca0b8dc95fec1eb", "http_status": 200, "body": {"accepted": true, "real_timestamp_ms": 1789272997872, "virtual_time_s": 1867.94886, "measure_result": "no_signal"}}
2026-09-13 12:16:41,915 INFO request {"path": "/measure", "payload": {"arena_id": "default", "robot_id": "202601002029", "request_id": "27cfe49a99464fafbf01add767d517e5", "position": {"x": -1.702492702719593e-13, "y": -926.7938608394055}, "channel": 10}, "attempt": 1}
2026-09-13 12:16:41,916 INFO response {"request_id": "27cfe49a99464fafbf01add767d517e5", "http_status": 200, "body": {"accepted": true, "real_timestamp_ms": 1789272997890, "virtual_time_s": 1873.94886, "measure_result": "no_signal"}}
2026-09-13 12:16:41,947 INFO request {"path": "/measure", "payload": {"arena_id": "default", "robot_id": "202601002029", "request_id": "f3628733fbd346389590e8188915e16a", "position": {"x": -1.702492702719593e-13, "y": -926.7938608394055}, "channel": 11}, "attempt": 1}
2026-09-13 12:16:41,949 INFO response {"request_id": "f3628733fbd346389590e8188915e16a", "http_status": 200, "body": {"accepted": true, "real_timestamp_ms": 1789272997922, "virtual_time_s": 1879.94886, "measure_result": "no_signal"}}
2026-09-13 12:16:41,979 INFO request {"path": "/measure", "payload": {"arena_id": "default", "robot_id": "202601002029", "request_id": "c53b24c6d05f40e4bee84ee3184a82d7", "position": {"x": -1.702492702719593e-13, "y": -926.7938608394055}, "channel": 12}, "attempt": 1}
2026-09-13 12:16:41,993 INFO response {"request_id": "c53b24c6d05f40e4bee84ee3184a82d7", "http_status": 200, "body": {"accepted": true, "real_timestamp_ms": 1789272997966, "virtual_time_s": 1885.94886, "measure_result": "no_signal"}}
2026-09-13 12:16:42,009 INFO request {"path": "/measure", "payload": {"arena_id": "default", "robot_id": "202601002029", "request_id": "d7ed23b351164d3292052e77b9368ed6", "position": {"x": -1.702492702719593e-13, "y": -926.7938608394055}, "channel": 13}, "attempt": 1}
2026-09-13 12:16:42,011 INFO response {"request_id": "d7ed23b351164d3292052e77b9368ed6", "http_status": 200, "body": {"accepted": true, "real_timestamp_ms": 1789272997984, "virtual_time_s": 1891.94886, "measure_result": "no_signal"}}
2026-09-13 12:16:42,042 INFO request {"path": "/measure", "payload": {"arena_id": "default", "robot_id": "202601002029", "request_id": "f21e3783142f4c70b739e524b7caf3cb", "position": {"x": -1.702492702719593e-13, "y": -926.7938608394055}, "channel": 16}, "attempt": 1}
2026-09-13 12:16:42,045 INFO response {"request_id": "f21e3783142f4c70b739e524b7caf3cb", "http_status": 200, "body": {"accepted": true, "real_timestamp_ms": 1789272998018, "virtual_time_s": 1897.94886, "measure_result": "no_signal"}}
2026-09-13 12:16:42,076 INFO request {"path": "/measure", "payload": {"arena_id": "default", "robot_id": "202601002029", "request_id": "f95f90346f43458bbb24239e1d73b824", "position": {"x": -1.702492702719593e-13, "y": -926.7938608394055}, "channel": 18}, "attempt": 1}
2026-09-13 12:16:42,079 INFO response {"request_id": "f95f90346f43458bbb24239e1d73b824", "http_status": 200, "body": {"accepted": true, "real_timestamp_ms": 1789272998052, "virtual_time_s": 1903.94886, "measure_result": "no_signal"}}
2026-09-13 12:16:42,108 INFO request {"path": "/measure", "payload": {"arena_id": "default", "robot_id": "202601002029", "request_id": "4dbdad3457e34b7283e4098931d83482", "position": {"x": -1.702492702719593e-13, "y": -926.7938608394055}, "channel": 7}, "attempt": 1}
2026-09-13 12:16:42,133 INFO response {"request_id": "4dbdad3457e34b7283e4098931d83482", "http_status": 200, "body": {"accepted": true, "real_timestamp_ms": 1789272998107, "virtual_time_s": 1909.94886, "measure_result": "direction", "svd_deg": 321.23}}
2026-09-13 12:16:43,238 INFO request {"path": "/measure", "payload": {"arena_id": "default", "robot_id": "202601002029", "request_id": "a18347ad75a34576a77010a1741b32f8", "position": {"x": 463.39693041970213, "y": -802.6270275583854}, "channel": 1}, "attempt": 1}
2026-09-13 12:16:43,239 INFO response {"request_id": "a18347ad75a34576a77010a1741b32f8", "http_status": 200, "body": {"accepted": true, "real_timestamp_ms": 1789272999213, "virtual_time_s": 2011.897621, "measure_result": "no_signal"}}
2026-09-13 12:16:43,270 INFO request {"path": "/measure", "payload": {"arena_id": "default", "robot_id": "202601002029", "request_id": "ab8983cb346942bc8580ba16b0fe9b89", "position": {"x": 463.39693041970213, "y": -802.6270275583854}, "channel": 2}, "attempt": 1}
2026-09-13 12:16:43,272 INFO response {"request_id": "ab8983cb346942bc8580ba16b0fe9b89", "http_status": 200, "body": {"accepted": true, "real_timestamp_ms": 1789272999246, "virtual_time_s": 2017.897621, "measure_result": "no_signal"}}
2026-09-13 12:16:43,304 INFO request {"path": "/measure", "payload": {"arena_id": "default", "robot_id": "202601002029", "request_id": "752fd00ad9be47b6ac5356a41fa4a6b6", "position": {"x": 463.39693041970213, "y": -802.6270275583854}, "channel": 3}, "attempt": 1}
2026-09-13 12:16:43,306 INFO response {"request_id": "752fd00ad9be47b6ac5356a41fa4a6b6", "http_status": 200, "body": {"accepted": true, "real_timestamp_ms": 1789272999279, "virtual_time_s": 2023.897621, "measure_result": "no_signal"}}
2026-09-13 12:16:43,337 INFO request {"path": "/measure", "payload": {"arena_id": "default", "robot_id": "202601002029", "request_id": "5be59bd14d5b4f8b9a94f849a3a7503c", "position": {"x": 463.39693041970213, "y": -802.6270275583854}, "channel": 5}, "attempt": 1}
2026-09-13 12:16:43,340 INFO response {"request_id": "5be59bd14d5b4f8b9a94f849a3a7503c", "http_status": 200, "body": {"accepted": true, "real_timestamp_ms": 1789272999313, "virtual_time_s": 2029.897621, "measure_result": "direction", "svd_deg": 45.74}}
2026-09-13 12:16:43,374 INFO request {"path": "/measure", "payload": {"arena_id": "default", "robot_id": "202601002029", "request_id": "e734c49bccaa4172888ad3bd1e81b737", "position": {"x": 463.39693041970213, "y": -802.6270275583854}, "channel": 10}, "attempt": 1}
2026-09-13 12:16:43,376 INFO response {"request_id": "e734c49bccaa4172888ad3bd1e81b737", "http_status": 200, "body": {"accepted": true, "real_timestamp_ms": 1789272999350, "virtual_time_s": 2035.897621, "measure_result": "no_signal"}}
2026-09-13 12:16:43,407 INFO request {"path": "/measure", "payload": {"arena_id": "default", "robot_id": "202601002029", "request_id": "745c87a274f045b0805861cf1b96f142", "position": {"x": 463.39693041970213, "y": -802.6270275583854}, "channel": 11}, "attempt": 1}
2026-09-13 12:16:43,430 INFO response {"request_id": "745c87a274f045b0805861cf1b96f142", "http_status": 200, "body": {"accepted": true, "real_timestamp_ms": 1789272999403, "virtual_time_s": 2041.897621, "measure_result": "no_signal"}}
2026-09-13 12:16:43,431 INFO request {"path": "/measure", "payload": {"arena_id": "default", "robot_id": "202601002029", "request_id": "1fd2fee3ddb141788f647e2d921cae73", "position": {"x": 463.39693041970213, "y": -802.6270275583854}, "channel": 12}, "attempt": 1}
2026-09-13 12:16:43,446 INFO response {"request_id": "1fd2fee3ddb141788f647e2d921cae73", "http_status": 200, "body": {"accepted": true, "real_timestamp_ms": 1789272999419, "virtual_time_s": 2047.897621, "measure_result": "no_signal"}}
2026-09-13 12:16:43,462 INFO request {"path": "/measure", "payload": {"arena_id": "default", "robot_id": "202601002029", "request_id": "63e57085f0bc4c75a31a83d9e4d87385", "position": {"x": 463.39693041970213, "y": -802.6270275583854}, "channel": 13}, "attempt": 1}
2026-09-13 12:16:43,477 INFO response {"request_id": "63e57085f0bc4c75a31a83d9e4d87385", "http_status": 200, "body": {"accepted": true, "real_timestamp_ms": 1789272999451, "virtual_time_s": 2053.897621, "measure_result": "no_signal"}}
2026-09-13 12:16:43,496 INFO request {"path": "/measure", "payload": {"arena_id": "default", "robot_id": "202601002029", "request_id": "982c2e49394f439692bcdad91698b184", "position": {"x": 463.39693041970213, "y": -802.6270275583854}, "channel": 16}, "attempt": 1}
2026-09-13 12:16:43,508 INFO response {"request_id": "982c2e49394f439692bcdad91698b184", "http_status": 200, "body": {"accepted": true, "real_timestamp_ms": 1789272999482, "virtual_time_s": 2059.897621, "measure_result": "no_signal"}}
2026-09-13 12:16:43,524 INFO request {"path": "/measure", "payload": {"arena_id": "default", "robot_id": "202601002029", "request_id": "d28df54306b9461cab3b98900cf901e4", "position": {"x": 463.39693041970213, "y": -802.6270275583854}, "channel": 18}, "attempt": 1}
2026-09-13 12:16:43,540 INFO response {"request_id": "d28df54306b9461cab3b98900cf901e4", "http_status": 200, "body": {"accepted": true, "real_timestamp_ms": 1789272999514, "virtual_time_s": 2065.897621, "measure_result": "no_signal"}}
2026-09-13 12:16:43,556 INFO request {"path": "/measure", "payload": {"arena_id": "default", "robot_id": "202601002029", "request_id": "f5d91992e5d54edca600863b59aa9f20", "position": {"x": 463.39693041970213, "y": -802.6270275583854}, "channel": 20}, "attempt": 1}
2026-09-13 12:16:43,556 INFO response {"request_id": "f5d91992e5d54edca600863b59aa9f20", "http_status": 200, "body": {"accepted": true, "real_timestamp_ms": 1789272999530, "virtual_time_s": 2071.897621, "measure_result": "no_signal"}}
2026-09-13 12:16:43,609 INFO request {"path": "/measure", "payload": {"arena_id": "default", "robot_id": "202601002029", "request_id": "c2a267d70f3045f99ca6469b19222c57", "position": {"x": 463.39693041970213, "y": -802.6270275583854}, "channel": 17}, "attempt": 1}
2026-09-13 12:16:43,611 INFO response {"request_id": "c2a267d70f3045f99ca6469b19222c57", "http_status": 200, "body": {"accepted": true, "real_timestamp_ms": 1789272999584, "virtual_time_s": 2077.897621, "measure_result": "direction", "svd_deg": 54.73}}
2026-09-13 12:16:43,629 INFO request {"path": "/measure", "payload": {"arena_id": "default", "robot_id": "202601002029", "request_id": "86051ee39b124866806c78161bc0ed58", "position": {"x": 463.39693041970213, "y": -802.6270275583854}, "channel": 4}, "attempt": 1}
2026-09-13 12:16:43,651 INFO response {"request_id": "86051ee39b124866806c78161bc0ed58", "http_status": 200, "body": {"accepted": true, "real_timestamp_ms": 1789272999624, "virtual_time_s": 2083.897621, "measure_result": "direction", "svd_deg": 213.72}}
2026-09-13 12:16:43,673 INFO request {"path": "/measure", "payload": {"arena_id": "default", "robot_id": "202601002029", "request_id": "b645263b03b44ca7818570eeaa9e715f", "position": {"x": 463.39693041970213, "y": -802.6270275583854}, "channel": 7}, "attempt": 1}
2026-09-13 12:16:43,675 INFO response {"request_id": "b645263b03b44ca7818570eeaa9e715f", "http_status": 200, "body": {"accepted": true, "real_timestamp_ms": 1789272999648, "virtual_time_s": 2089.897621, "measure_result": "no_signal"}}
2026-09-13 12:16:44,788 INFO request {"path": "/measure", "payload": {"arena_id": "default", "robot_id": "202601002029", "request_id": "ad19ec8f90784458a0529d90d11b3bf6", "position": {"x": 802.6270275583847, "y": -463.39693041970315}, "channel": 1}, "attempt": 1}
2026-09-13 12:16:44,803 INFO response {"request_id": "ad19ec8f90784458a0529d90d11b3bf6", "http_status": 200, "body": {"accepted": true, "real_timestamp_ms": 1789273000776, "virtual_time_s": 2191.846382, "measure_result": "no_signal"}}
2026-09-13 12:16:44,818 INFO request {"path": "/measure", "payload": {"arena_id": "default", "robot_id": "202601002029", "request_id": "680ad60b0cb9413d8ecaf0d61132cc94", "position": {"x": 802.6270275583847, "y": -463.39693041970315}, "channel": 2}, "attempt": 1}
2026-09-13 12:16:44,819 INFO response {"request_id": "680ad60b0cb9413d8ecaf0d61132cc94", "http_status": 200, "body": {"accepted": true, "real_timestamp_ms": 1789273000793, "virtual_time_s": 2197.846382, "measure_result": "no_signal"}}
2026-09-13 12:16:44,850 INFO request {"path": "/measure", "payload": {"arena_id": "default", "robot_id": "202601002029", "request_id": "0e78003bebf94e22ba17814e076bd518", "position": {"x": 802.6270275583847, "y": -463.39693041970315}, "channel": 3}, "attempt": 1}
2026-09-13 12:16:44,851 INFO response {"request_id": "0e78003bebf94e22ba17814e076bd518", "http_status": 200, "body": {"accepted": true, "real_timestamp_ms": 1789273000825, "virtual_time_s": 2203.846382, "measure_result": "no_signal"}}
2026-09-13 12:16:44,882 INFO request {"path": "/measure", "payload": {"arena_id": "default", "robot_id": "202601002029", "request_id": "73fba7830e1b41e6a38f9f626ee605d7", "position": {"x": 802.6270275583847, "y": -463.39693041970315}, "channel": 10}, "attempt": 1}
2026-09-13 12:16:44,884 INFO response {"request_id": "73fba7830e1b41e6a38f9f626ee605d7", "http_status": 200, "body": {"accepted": true, "real_timestamp_ms": 1789273000858, "virtual_time_s": 2209.846382, "measure_result": "no_signal"}}
2026-09-13 12:16:44,915 INFO request {"path": "/measure", "payload": {"arena_id": "default", "robot_id": "202601002029", "request_id": "37f51193077c40db9b618537e89da02d", "position": {"x": 802.6270275583847, "y": -463.39693041970315}, "channel": 11}, "attempt": 1}
2026-09-13 12:16:44,940 INFO response {"request_id": "37f51193077c40db9b618537e89da02d", "http_status": 200, "body": {"accepted": true, "real_timestamp_ms": 1789273000914, "virtual_time_s": 2215.846382, "measure_result": "no_signal"}}
2026-09-13 12:16:44,950 INFO request {"path": "/measure", "payload": {"arena_id": "default", "robot_id": "202601002029", "request_id": "42af24746a83459195d4bd6349115517", "position": {"x": 802.6270275583847, "y": -463.39693041970315}, "channel": 12}, "attempt": 1}
2026-09-13 12:16:44,973 INFO response {"request_id": "42af24746a83459195d4bd6349115517", "http_status": 200, "body": {"accepted": true, "real_timestamp_ms": 1789273000946, "virtual_time_s": 2221.846382, "measure_result": "no_signal"}}
2026-09-13 12:16:44,973 INFO request {"path": "/measure", "payload": {"arena_id": "default", "robot_id": "202601002029", "request_id": "ffd87053ccfb4fc18024723283c8627b", "position": {"x": 802.6270275583847, "y": -463.39693041970315}, "channel": 13}, "attempt": 1}
2026-09-13 12:16:44,976 INFO response {"request_id": "ffd87053ccfb4fc18024723283c8627b", "http_status": 200, "body": {"accepted": true, "real_timestamp_ms": 1789273000949, "virtual_time_s": 2227.846382, "measure_result": "no_signal"}}
2026-09-13 12:16:45,007 INFO request {"path": "/measure", "payload": {"arena_id": "default", "robot_id": "202601002029", "request_id": "89cdc645dce24f0d9f8deb9b07e00cb7", "position": {"x": 802.6270275583847, "y": -463.39693041970315}, "channel": 16}, "attempt": 1}
2026-09-13 12:16:45,009 INFO response {"request_id": "89cdc645dce24f0d9f8deb9b07e00cb7", "http_status": 200, "body": {"accepted": true, "real_timestamp_ms": 1789273000982, "virtual_time_s": 2233.846382, "measure_result": "no_signal"}}
2026-09-13 12:16:45,040 INFO request {"path": "/measure", "payload": {"arena_id": "default", "robot_id": "202601002029", "request_id": "f90ee8b3ba9b410dabd5e1b59d2bec3e", "position": {"x": 802.6270275583847, "y": -463.39693041970315}, "channel": 18}, "attempt": 1}
2026-09-13 12:16:45,042 INFO response {"request_id": "f90ee8b3ba9b410dabd5e1b59d2bec3e", "http_status": 200, "body": {"accepted": true, "real_timestamp_ms": 1789273001015, "virtual_time_s": 2239.846382, "measure_result": "no_signal"}}
2026-09-13 12:16:45,073 INFO request {"path": "/measure", "payload": {"arena_id": "default", "robot_id": "202601002029", "request_id": "03cd55f5ccea466f8ce23493a308d1ed", "position": {"x": 802.6270275583847, "y": -463.39693041970315}, "channel": 20}, "attempt": 1}
2026-09-13 12:16:45,096 INFO response {"request_id": "03cd55f5ccea466f8ce23493a308d1ed", "http_status": 200, "body": {"accepted": true, "real_timestamp_ms": 1789273001069, "virtual_time_s": 2245.846382, "measure_result": "no_signal"}}
2026-09-13 12:16:45,151 INFO request {"path": "/measure", "payload": {"arena_id": "default", "robot_id": "202601002029", "request_id": "84c1f1e28f0d40edbf9abba10254729c", "position": {"x": 802.6270275583847, "y": -463.39693041970315}, "channel": 5}, "attempt": 1}
2026-09-13 12:16:45,175 INFO response {"request_id": "84c1f1e28f0d40edbf9abba10254729c", "http_status": 200, "body": {"accepted": true, "real_timestamp_ms": 1789273001148, "virtual_time_s": 2251.846382, "measure_result": "direction", "svd_deg": 45.92}}
2026-09-13 12:16:45,737 INFO request {"path": "/clear", "payload": {"arena_id": "default", "robot_id": "202601002029", "request_id": "9ef5535142924e39ada33ce2946eed64", "position": {"x": 957.708431326347, "y": -105.38368581498793}, "channel": 17}, "attempt": 1}
2026-09-13 12:16:45,759 INFO response {"request_id": "9ef5535142924e39ada33ce2946eed64", "http_status": 200, "body": {"accepted": true, "real_timestamp_ms": 1789273001732, "virtual_time_s": 2334.8781, "clear_result": "success"}}
2026-09-13 12:16:45,810 INFO request {"path": "/measure", "payload": {"arena_id": "default", "robot_id": "202601002029", "request_id": "2c27ea3c0ac04ee09b55703c28fa9f7d", "position": {"x": 926.7938608394055, "y": 0.0}, "channel": 1}, "attempt": 1}
2026-09-13 12:16:45,811 INFO response {"request_id": "2c27ea3c0ac04ee09b55703c28fa9f7d", "http_status": 200, "body": {"accepted": true, "real_timestamp_ms": 1789273001785, "virtual_time_s": 2362.84301, "measure_result": "no_signal"}}
2026-09-13 12:16:45,842 INFO request {"path": "/measure", "payload": {"arena_id": "default", "robot_id": "202601002029", "request_id": "60120d0856eb4b7085b811db4302dbd4", "position": {"x": 926.7938608394055, "y": 0.0}, "channel": 2}, "attempt": 1}
2026-09-13 12:16:45,869 INFO response {"request_id": "60120d0856eb4b7085b811db4302dbd4", "http_status": 200, "body": {"accepted": true, "real_timestamp_ms": 1789273001843, "virtual_time_s": 2368.84301, "measure_result": "no_signal"}}
2026-09-13 12:16:45,870 INFO request {"path": "/measure", "payload": {"arena_id": "default", "robot_id": "202601002029", "request_id": "7c9f12a7cb25418c93153fec54a9c345", "position": {"x": 926.7938608394055, "y": 0.0}, "channel": 3}, "attempt": 1}
2026-09-13 12:16:45,884 INFO response {"request_id": "7c9f12a7cb25418c93153fec54a9c345", "http_status": 200, "body": {"accepted": true, "real_timestamp_ms": 1789273001858, "virtual_time_s": 2374.84301, "measure_result": "no_signal"}}
2026-09-13 12:16:45,899 INFO request {"path": "/measure", "payload": {"arena_id": "default", "robot_id": "202601002029", "request_id": "51673ab775c14a208970f4aa3b0124b9", "position": {"x": 926.7938608394055, "y": 0.0}, "channel": 10}, "attempt": 1}
2026-09-13 12:16:45,916 INFO response {"request_id": "51673ab775c14a208970f4aa3b0124b9", "http_status": 200, "body": {"accepted": true, "real_timestamp_ms": 1789273001889, "virtual_time_s": 2380.84301, "measure_result": "no_signal"}}
2026-09-13 12:16:45,931 INFO request {"path": "/measure", "payload": {"arena_id": "default", "robot_id": "202601002029", "request_id": "cd198cbf9d6c4dd6acc02c58a42bb820", "position": {"x": 926.7938608394055, "y": 0.0}, "channel": 11}, "attempt": 1}
2026-09-13 12:16:45,948 INFO response {"request_id": "cd198cbf9d6c4dd6acc02c58a42bb820", "http_status": 200, "body": {"accepted": true, "real_timestamp_ms": 1789273001922, "virtual_time_s": 2386.84301, "measure_result": "no_signal"}}
2026-09-13 12:16:45,965 INFO request {"path": "/measure", "payload": {"arena_id": "default", "robot_id": "202601002029", "request_id": "6e584a08b70545e1bdd33f0ef9bad4ae", "position": {"x": 926.7938608394055, "y": 0.0}, "channel": 12}, "attempt": 1}
2026-09-13 12:16:45,979 INFO response {"request_id": "6e584a08b70545e1bdd33f0ef9bad4ae", "http_status": 200, "body": {"accepted": true, "real_timestamp_ms": 1789273001952, "virtual_time_s": 2392.84301, "measure_result": "no_signal"}}
2026-09-13 12:16:45,995 INFO request {"path": "/measure", "payload": {"arena_id": "default", "robot_id": "202601002029", "request_id": "87cd9a9590324e7e96cfe7522cc3d15e", "position": {"x": 926.7938608394055, "y": 0.0}, "channel": 13}, "attempt": 1}
2026-09-13 12:16:45,997 INFO response {"request_id": "87cd9a9590324e7e96cfe7522cc3d15e", "http_status": 200, "body": {"accepted": true, "real_timestamp_ms": 1789273001971, "virtual_time_s": 2398.84301, "measure_result": "no_signal"}}
2026-09-13 12:16:46,028 INFO request {"path": "/measure", "payload": {"arena_id": "default", "robot_id": "202601002029", "request_id": "835ef486e2b6471f82fb1df0f67dc634", "position": {"x": 926.7938608394055, "y": 0.0}, "channel": 16}, "attempt": 1}
2026-09-13 12:16:46,044 INFO response {"request_id": "835ef486e2b6471f82fb1df0f67dc634", "http_status": 200, "body": {"accepted": true, "real_timestamp_ms": 1789273002016, "virtual_time_s": 2404.84301, "measure_result": "no_signal"}}
2026-09-13 12:16:46,059 INFO request {"path": "/measure", "payload": {"arena_id": "default", "robot_id": "202601002029", "request_id": "9187bc19b1b7476f9aaf235c9b61e031", "position": {"x": 926.7938608394055, "y": 0.0}, "channel": 18}, "attempt": 1}
2026-09-13 12:16:46,060 INFO response {"request_id": "9187bc19b1b7476f9aaf235c9b61e031", "http_status": 200, "body": {"accepted": true, "real_timestamp_ms": 1789273002034, "virtual_time_s": 2410.84301, "measure_result": "no_signal"}}
2026-09-13 12:16:46,091 INFO request {"path": "/measure", "payload": {"arena_id": "default", "robot_id": "202601002029", "request_id": "616a6dab0c8840d4937e4c6cba3a5440", "position": {"x": 926.7938608394055, "y": 0.0}, "channel": 20}, "attempt": 1}
2026-09-13 12:16:46,094 INFO response {"request_id": "616a6dab0c8840d4937e4c6cba3a5440", "http_status": 200, "body": {"accepted": true, "real_timestamp_ms": 1789273002067, "virtual_time_s": 2416.84301, "measure_result": "no_signal"}}
2026-09-13 12:16:47,362 INFO request {"path": "/measure", "payload": {"arena_id": "default", "robot_id": "202601002029", "request_id": "548053be416d400b8ed47dbe932ddf12", "position": {"x": 1801.9999999999995, "y": -482.84444476088464}, "channel": 20}, "attempt": 1}
2026-09-13 12:16:47,386 INFO response {"request_id": "548053be416d400b8ed47dbe932ddf12", "http_status": 200, "body": {"accepted": true, "real_timestamp_ms": 1789273003360, "virtual_time_s": 2621.755445, "measure_result": "no_signal"}}
2026-09-13 12:16:47,400 INFO request {"path": "/measure", "payload": {"arena_id": "default", "robot_id": "202601002029", "request_id": "c051a3c2e5644d5b9182d896b94d76dc", "position": {"x": 1801.9999999999995, "y": -482.84444476088464}, "channel": 1}, "attempt": 1}
2026-09-13 12:16:47,420 INFO response {"request_id": "c051a3c2e5644d5b9182d896b94d76dc", "http_status": 200, "body": {"accepted": true, "real_timestamp_ms": 1789273003393, "virtual_time_s": 2627.755445, "measure_result": "no_signal"}}
2026-09-13 12:16:47,435 INFO request {"path": "/measure", "payload": {"arena_id": "default", "robot_id": "202601002029", "request_id": "8f7e9dd86cb14106bec66c6375dfea80", "position": {"x": 1801.9999999999995, "y": -482.84444476088464}, "channel": 2}, "attempt": 1}
2026-09-13 12:16:47,437 INFO response {"request_id": "8f7e9dd86cb14106bec66c6375dfea80", "http_status": 200, "body": {"accepted": true, "real_timestamp_ms": 1789273003410, "virtual_time_s": 2633.755445, "measure_result": "no_signal"}}
2026-09-13 12:16:47,468 INFO request {"path": "/measure", "payload": {"arena_id": "default", "robot_id": "202601002029", "request_id": "e27072b40c6248aaaecb9b440fca02e2", "position": {"x": 1801.9999999999995, "y": -482.84444476088464}, "channel": 3}, "attempt": 1}
2026-09-13 12:16:47,494 INFO response {"request_id": "e27072b40c6248aaaecb9b440fca02e2", "http_status": 200, "body": {"accepted": true, "real_timestamp_ms": 1789273003468, "virtual_time_s": 2639.755445, "measure_result": "no_signal"}}
2026-09-13 12:16:47,495 INFO request {"path": "/measure", "payload": {"arena_id": "default", "robot_id": "202601002029", "request_id": "dbe54c6a901a44ea80ee1deb3384b959", "position": {"x": 1801.9999999999995, "y": -482.84444476088464}, "channel": 10}, "attempt": 1}
2026-09-13 12:16:47,497 INFO response {"request_id": "dbe54c6a901a44ea80ee1deb3384b959", "http_status": 200, "body": {"accepted": true, "real_timestamp_ms": 1789273003470, "virtual_time_s": 2645.755445, "measure_result": "no_signal"}}
2026-09-13 12:16:47,528 INFO request {"path": "/measure", "payload": {"arena_id": "default", "robot_id": "202601002029", "request_id": "8bba7dc720d747f797f595b6e01d9cfc", "position": {"x": 1801.9999999999995, "y": -482.84444476088464}, "channel": 11}, "attempt": 1}
2026-09-13 12:16:47,529 INFO response {"request_id": "8bba7dc720d747f797f595b6e01d9cfc", "http_status": 200, "body": {"accepted": true, "real_timestamp_ms": 1789273003503, "virtual_time_s": 2651.755445, "measure_result": "no_signal"}}
2026-09-13 12:16:47,560 INFO request {"path": "/measure", "payload": {"arena_id": "default", "robot_id": "202601002029", "request_id": "4fb2fd02eb904fb3a7a65710f3ca3389", "position": {"x": 1801.9999999999995, "y": -482.84444476088464}, "channel": 12}, "attempt": 1}
2026-09-13 12:16:47,562 INFO response {"request_id": "4fb2fd02eb904fb3a7a65710f3ca3389", "http_status": 200, "body": {"accepted": true, "real_timestamp_ms": 1789273003535, "virtual_time_s": 2657.755445, "measure_result": "no_signal"}}
2026-09-13 12:16:47,593 INFO request {"path": "/measure", "payload": {"arena_id": "default", "robot_id": "202601002029", "request_id": "d9ab289376d7421ea7cd3ebf91076556", "position": {"x": 1801.9999999999995, "y": -482.84444476088464}, "channel": 13}, "attempt": 1}
2026-09-13 12:16:47,596 INFO response {"request_id": "d9ab289376d7421ea7cd3ebf91076556", "http_status": 200, "body": {"accepted": true, "real_timestamp_ms": 1789273003569, "virtual_time_s": 2663.755445, "measure_result": "no_signal"}}
2026-09-13 12:16:47,612 INFO request {"path": "/measure", "payload": {"arena_id": "default", "robot_id": "202601002029", "request_id": "89442f564a0943ddac30a38b84a28789", "position": {"x": 1801.9999999999995, "y": -482.84444476088464}, "channel": 16}, "attempt": 1}
2026-09-13 12:16:47,614 INFO response {"request_id": "89442f564a0943ddac30a38b84a28789", "http_status": 200, "body": {"accepted": true, "real_timestamp_ms": 1789273003587, "virtual_time_s": 2669.755445, "measure_result": "no_signal"}}
2026-09-13 12:16:47,645 INFO request {"path": "/measure", "payload": {"arena_id": "default", "robot_id": "202601002029", "request_id": "e259b655d5ab4d0382cd942637a16264", "position": {"x": 1801.9999999999995, "y": -482.84444476088464}, "channel": 18}, "attempt": 1}
2026-09-13 12:16:47,667 INFO response {"request_id": "e259b655d5ab4d0382cd942637a16264", "http_status": 200, "body": {"accepted": true, "real_timestamp_ms": 1789273003640, "virtual_time_s": 2675.755445, "measure_result": "no_signal"}}
2026-09-13 12:16:47,713 INFO request {"path": "/measure", "payload": {"arena_id": "default", "robot_id": "202601002029", "request_id": "36869fb59f66416bbf8f2c19e4b9926d", "position": {"x": 1801.9999999999995, "y": -482.84444476088464}, "channel": 5}, "attempt": 1}
2026-09-13 12:16:47,729 INFO response {"request_id": "36869fb59f66416bbf8f2c19e4b9926d", "http_status": 200, "body": {"accepted": true, "real_timestamp_ms": 1789273003702, "virtual_time_s": 2681.755445, "measure_result": "direction", "svd_deg": 149.42}}
2026-09-13 12:16:48,652 INFO request {"path": "/measure", "payload": {"arena_id": "default", "robot_id": "202601002029", "request_id": "94ff8c81dc094297949aeba811a7f11c", "position": {"x": 1319.1555552391164, "y": -1319.1555552391171}, "channel": 1}, "attempt": 1}
2026-09-13 12:16:48,675 INFO response {"request_id": "94ff8c81dc094297949aeba811a7f11c", "http_status": 200, "body": {"accepted": true, "real_timestamp_ms": 1789273004648, "virtual_time_s": 2880.893223, "measure_result": "no_signal"}}
2026-09-13 12:16:48,675 INFO request {"path": "/measure", "payload": {"arena_id": "default", "robot_id": "202601002029", "request_id": "e45eec0496b94391b6127be9007bb364", "position": {"x": 1319.1555552391164, "y": -1319.1555552391171}, "channel": 2}, "attempt": 1}
2026-09-13 12:16:48,690 INFO response {"request_id": "e45eec0496b94391b6127be9007bb364", "http_status": 200, "body": {"accepted": true, "real_timestamp_ms": 1789273004664, "virtual_time_s": 2886.893223, "measure_result": "no_signal"}}
2026-09-13 12:16:48,706 INFO request {"path": "/measure", "payload": {"arena_id": "default", "robot_id": "202601002029", "request_id": "10e56dbde9ac4690be1a67c38a4f56f9", "position": {"x": 1319.1555552391164, "y": -1319.1555552391171}, "channel": 3}, "attempt": 1}
2026-09-13 12:16:48,709 INFO response {"request_id": "10e56dbde9ac4690be1a67c38a4f56f9", "http_status": 200, "body": {"accepted": true, "real_timestamp_ms": 1789273004681, "virtual_time_s": 2892.893223, "measure_result": "no_signal"}}
2026-09-13 12:16:48,740 INFO request {"path": "/measure", "payload": {"arena_id": "default", "robot_id": "202601002029", "request_id": "d837f4cded794531b7a1c5de741392c4", "position": {"x": 1319.1555552391164, "y": -1319.1555552391171}, "channel": 10}, "attempt": 1}
2026-09-13 12:16:48,742 INFO response {"request_id": "d837f4cded794531b7a1c5de741392c4", "http_status": 200, "body": {"accepted": true, "real_timestamp_ms": 1789273004715, "virtual_time_s": 2898.893223, "measure_result": "no_signal"}}
2026-09-13 12:16:48,775 INFO request {"path": "/measure", "payload": {"arena_id": "default", "robot_id": "202601002029", "request_id": "d28dbf70dc5b41e89c7172aac0822cc7", "position": {"x": 1319.1555552391164, "y": -1319.1555552391171}, "channel": 11}, "attempt": 1}
2026-09-13 12:16:48,800 INFO response {"request_id": "d28dbf70dc5b41e89c7172aac0822cc7", "http_status": 200, "body": {"accepted": true, "real_timestamp_ms": 1789273004772, "virtual_time_s": 2904.893223, "measure_result": "no_signal"}}
2026-09-13 12:16:48,800 INFO request {"path": "/measure", "payload": {"arena_id": "default", "robot_id": "202601002029", "request_id": "40eb8456523e4251b146df9b51735b25", "position": {"x": 1319.1555552391164, "y": -1319.1555552391171}, "channel": 12}, "attempt": 1}
2026-09-13 12:16:48,814 INFO response {"request_id": "40eb8456523e4251b146df9b51735b25", "http_status": 200, "body": {"accepted": true, "real_timestamp_ms": 1789273004787, "virtual_time_s": 2910.893223, "measure_result": "no_signal"}}
2026-09-13 12:16:48,844 INFO request {"path": "/measure", "payload": {"arena_id": "default", "robot_id": "202601002029", "request_id": "f25d06489bd442aaa7dd3b8b516b103a", "position": {"x": 1319.1555552391164, "y": -1319.1555552391171}, "channel": 13}, "attempt": 1}
2026-09-13 12:16:48,861 INFO response {"request_id": "f25d06489bd442aaa7dd3b8b516b103a", "http_status": 200, "body": {"accepted": true, "real_timestamp_ms": 1789273004835, "virtual_time_s": 2916.893223, "measure_result": "no_signal"}}
2026-09-13 12:16:48,862 INFO request {"path": "/measure", "payload": {"arena_id": "default", "robot_id": "202601002029", "request_id": "ef07e7f4cdfa4f7db8571a23ef91a635", "position": {"x": 1319.1555552391164, "y": -1319.1555552391171}, "channel": 16}, "attempt": 1}
2026-09-13 12:16:48,878 INFO response {"request_id": "ef07e7f4cdfa4f7db8571a23ef91a635", "http_status": 200, "body": {"accepted": true, "real_timestamp_ms": 1789273004851, "virtual_time_s": 2922.893223, "measure_result": "no_signal"}}
2026-09-13 12:16:48,893 INFO request {"path": "/measure", "payload": {"arena_id": "default", "robot_id": "202601002029", "request_id": "d75d6f558a2446d6b144b7050aa70bce", "position": {"x": 1319.1555552391164, "y": -1319.1555552391171}, "channel": 18}, "attempt": 1}
2026-09-13 12:16:48,909 INFO response {"request_id": "d75d6f558a2446d6b144b7050aa70bce", "http_status": 200, "body": {"accepted": true, "real_timestamp_ms": 1789273004882, "virtual_time_s": 2928.893223, "measure_result": "no_signal"}}
2026-09-13 12:16:48,924 INFO request {"path": "/measure", "payload": {"arena_id": "default", "robot_id": "202601002029", "request_id": "79d991b53c884869b42d82a0a7e46f87", "position": {"x": 1319.1555552391164, "y": -1319.1555552391171}, "channel": 20}, "attempt": 1}
2026-09-13 12:16:48,940 INFO response {"request_id": "79d991b53c884869b42d82a0a7e46f87", "http_status": 200, "body": {"accepted": true, "real_timestamp_ms": 1789273004913, "virtual_time_s": 2934.893223, "measure_result": "no_signal"}}
2026-09-13 12:16:49,695 INFO request {"path": "/measure", "payload": {"arena_id": "default", "robot_id": "202601002029", "request_id": "18c0718a898b4511bc97aa97871eb13f", "position": {"x": 482.84444476088225, "y": -1802.0000000000002}, "channel": 20}, "attempt": 1}
2026-09-13 12:16:49,696 INFO response {"request_id": "18c0718a898b4511bc97aa97871eb13f", "http_status": 200, "body": {"accepted": true, "real_timestamp_ms": 1789273005670, "virtual_time_s": 3133.031001, "measure_result": "no_signal"}}
2026-09-13 12:16:49,727 INFO request {"path": "/measure", "payload": {"arena_id": "default", "robot_id": "202601002029", "request_id": "059bfb607daf40f99fcae769e43abaa4", "position": {"x": 482.84444476088225, "y": -1802.0000000000002}, "channel": 1}, "attempt": 1}
2026-09-13 12:16:49,743 INFO response {"request_id": "059bfb607daf40f99fcae769e43abaa4", "http_status": 200, "body": {"accepted": true, "real_timestamp_ms": 1789273005717, "virtual_time_s": 3139.031001, "measure_result": "no_signal"}}
2026-09-13 12:16:49,757 INFO request {"path": "/measure", "payload": {"arena_id": "default", "robot_id": "202601002029", "request_id": "8f4153e4a1ec4728a3fe35b0e7ed8b7d", "position": {"x": 482.84444476088225, "y": -1802.0000000000002}, "channel": 2}, "attempt": 1}
2026-09-13 12:16:49,758 INFO response {"request_id": "8f4153e4a1ec4728a3fe35b0e7ed8b7d", "http_status": 200, "body": {"accepted": true, "real_timestamp_ms": 1789273005732, "virtual_time_s": 3145.031001, "measure_result": "no_signal"}}
2026-09-13 12:16:49,789 INFO request {"path": "/measure", "payload": {"arena_id": "default", "robot_id": "202601002029", "request_id": "88d839656018435e961fb5a88af95954", "position": {"x": 482.84444476088225, "y": -1802.0000000000002}, "channel": 3}, "attempt": 1}
2026-09-13 12:16:49,790 INFO response {"request_id": "88d839656018435e961fb5a88af95954", "http_status": 200, "body": {"accepted": true, "real_timestamp_ms": 1789273005764, "virtual_time_s": 3151.031001, "measure_result": "no_signal"}}
2026-09-13 12:16:49,821 INFO request {"path": "/measure", "payload": {"arena_id": "default", "robot_id": "202601002029", "request_id": "2b6988f998eb48938461d7f49c409372", "position": {"x": 482.84444476088225, "y": -1802.0000000000002}, "channel": 10}, "attempt": 1}
2026-09-13 12:16:49,836 INFO response {"request_id": "2b6988f998eb48938461d7f49c409372", "http_status": 200, "body": {"accepted": true, "real_timestamp_ms": 1789273005810, "virtual_time_s": 3157.031001, "measure_result": "no_signal"}}
2026-09-13 12:16:49,851 INFO request {"path": "/measure", "payload": {"arena_id": "default", "robot_id": "202601002029", "request_id": "ce586e96d5bc4105b9cdae7820adbc70", "position": {"x": 482.84444476088225, "y": -1802.0000000000002}, "channel": 11}, "attempt": 1}
2026-09-13 12:16:49,867 INFO response {"request_id": "ce586e96d5bc4105b9cdae7820adbc70", "http_status": 200, "body": {"accepted": true, "real_timestamp_ms": 1789273005841, "virtual_time_s": 3163.031001, "measure_result": "no_signal"}}
2026-09-13 12:16:49,882 INFO request {"path": "/measure", "payload": {"arena_id": "default", "robot_id": "202601002029", "request_id": "0a16581f952347028e6e465bd2570b79", "position": {"x": 482.84444476088225, "y": -1802.0000000000002}, "channel": 12}, "attempt": 1}
2026-09-13 12:16:49,899 INFO response {"request_id": "0a16581f952347028e6e465bd2570b79", "http_status": 200, "body": {"accepted": true, "real_timestamp_ms": 1789273005873, "virtual_time_s": 3169.031001, "measure_result": "no_signal"}}
2026-09-13 12:16:49,915 INFO request {"path": "/measure", "payload": {"arena_id": "default", "robot_id": "202601002029", "request_id": "852850f42b9842bd9794fe6f69529608", "position": {"x": 482.84444476088225, "y": -1802.0000000000002}, "channel": 13}, "attempt": 1}
2026-09-13 12:16:49,929 INFO response {"request_id": "852850f42b9842bd9794fe6f69529608", "http_status": 200, "body": {"accepted": true, "real_timestamp_ms": 1789273005902, "virtual_time_s": 3175.031001, "measure_result": "no_signal"}}
2026-09-13 12:16:49,944 INFO request {"path": "/measure", "payload": {"arena_id": "default", "robot_id": "202601002029", "request_id": "a06e54b430b848b7987528a43a17e1a3", "position": {"x": 482.84444476088225, "y": -1802.0000000000002}, "channel": 16}, "attempt": 1}
2026-09-13 12:16:49,960 INFO response {"request_id": "a06e54b430b848b7987528a43a17e1a3", "http_status": 200, "body": {"accepted": true, "real_timestamp_ms": 1789273005934, "virtual_time_s": 3181.031001, "measure_result": "no_signal"}}
2026-09-13 12:16:49,975 INFO request {"path": "/measure", "payload": {"arena_id": "default", "robot_id": "202601002029", "request_id": "4bf1a468050c41a98d41ed0954a4cef5", "position": {"x": 482.84444476088225, "y": -1802.0000000000002}, "channel": 18}, "attempt": 1}
2026-09-13 12:16:49,991 INFO response {"request_id": "4bf1a468050c41a98d41ed0954a4cef5", "http_status": 200, "body": {"accepted": true, "real_timestamp_ms": 1789273005965, "virtual_time_s": 3187.031001, "measure_result": "no_signal"}}
2026-09-13 12:16:50,049 INFO request {"path": "/measure", "payload": {"arena_id": "default", "robot_id": "202601002029", "request_id": "711ddfdd00a842f0a917c85ff05fc3e0", "position": {"x": 482.84444476088225, "y": -1802.0000000000002}, "channel": 7}, "attempt": 1}
2026-09-13 12:16:50,070 INFO response {"request_id": "711ddfdd00a842f0a917c85ff05fc3e0", "http_status": 200, "body": {"accepted": true, "real_timestamp_ms": 1789273006044, "virtual_time_s": 3193.031001, "measure_result": "direction", "svd_deg": 81.75}}
2026-09-13 12:16:50,089 INFO request {"path": "/measure", "payload": {"arena_id": "default", "robot_id": "202601002029", "request_id": "779cefe1a88d47689efbcfd647cbe917", "position": {"x": 482.84444476088225, "y": -1802.0000000000002}, "channel": 4}, "attempt": 1}
2026-09-13 12:16:50,090 INFO response {"request_id": "779cefe1a88d47689efbcfd647cbe917", "http_status": 200, "body": {"accepted": true, "real_timestamp_ms": 1789273006064, "virtual_time_s": 3199.031001, "measure_result": "direction", "svd_deg": 150.45}}
2026-09-13 12:16:50,563 INFO request {"path": "/measure", "payload": {"arena_id": "default", "robot_id": "202601002029", "request_id": "2b21bac2df084bbdbd40b1095e86ec32", "position": {"x": -482.8444447608845, "y": -1801.9999999999995}, "channel": 1}, "attempt": 1}
2026-09-13 12:16:50,564 INFO response {"request_id": "2b21bac2df084bbdbd40b1095e86ec32", "http_status": 200, "body": {"accepted": true, "real_timestamp_ms": 1789273006538, "virtual_time_s": 3398.168779, "measure_result": "no_signal"}}
2026-09-13 12:16:50,595 INFO request {"path": "/measure", "payload": {"arena_id": "default", "robot_id": "202601002029", "request_id": "c546c5672c2740c79afee582e973d1b3", "position": {"x": -482.8444447608845, "y": -1801.9999999999995}, "channel": 2}, "attempt": 1}
2026-09-13 12:16:50,596 INFO response {"request_id": "c546c5672c2740c79afee582e973d1b3", "http_status": 200, "body": {"accepted": true, "real_timestamp_ms": 1789273006570, "virtual_time_s": 3404.168779, "measure_result": "no_signal"}}
2026-09-13 12:16:50,612 INFO request {"path": "/measure", "payload": {"arena_id": "default", "robot_id": "202601002029", "request_id": "87498ca78b22460c888e245a8ee53ddb", "position": {"x": -482.8444447608845, "y": -1801.9999999999995}, "channel": 3}, "attempt": 1}
2026-09-13 12:16:50,638 INFO response {"request_id": "87498ca78b22460c888e245a8ee53ddb", "http_status": 200, "body": {"accepted": true, "real_timestamp_ms": 1789273006612, "virtual_time_s": 3410.168779, "measure_result": "no_signal"}}
2026-09-13 12:16:50,653 INFO request {"path": "/measure", "payload": {"arena_id": "default", "robot_id": "202601002029", "request_id": "091d15ed254a4c8ba744171effdafc8e", "position": {"x": -482.8444447608845, "y": -1801.9999999999995}, "channel": 10}, "attempt": 1}
2026-09-13 12:16:50,669 INFO response {"request_id": "091d15ed254a4c8ba744171effdafc8e", "http_status": 200, "body": {"accepted": true, "real_timestamp_ms": 1789273006643, "virtual_time_s": 3416.168779, "measure_result": "no_signal"}}
2026-09-13 12:16:50,684 INFO request {"path": "/measure", "payload": {"arena_id": "default", "robot_id": "202601002029", "request_id": "0a71f8d0ffd34ab6a5c353dc8bf7e3cd", "position": {"x": -482.8444447608845, "y": -1801.9999999999995}, "channel": 11}, "attempt": 1}
2026-09-13 12:16:50,701 INFO response {"request_id": "0a71f8d0ffd34ab6a5c353dc8bf7e3cd", "http_status": 200, "body": {"accepted": true, "real_timestamp_ms": 1789273006674, "virtual_time_s": 3422.168779, "measure_result": "no_signal"}}
2026-09-13 12:16:50,717 INFO request {"path": "/measure", "payload": {"arena_id": "default", "robot_id": "202601002029", "request_id": "f8075883340b40eb85c7e2eb5f5e6b98", "position": {"x": -482.8444447608845, "y": -1801.9999999999995}, "channel": 12}, "attempt": 1}
2026-09-13 12:16:50,732 INFO response {"request_id": "f8075883340b40eb85c7e2eb5f5e6b98", "http_status": 200, "body": {"accepted": true, "real_timestamp_ms": 1789273006706, "virtual_time_s": 3428.168779, "measure_result": "no_signal"}}
2026-09-13 12:16:50,748 INFO request {"path": "/measure", "payload": {"arena_id": "default", "robot_id": "202601002029", "request_id": "283607867b8c40dca04295e788c659b0", "position": {"x": -482.8444447608845, "y": -1801.9999999999995}, "channel": 13}, "attempt": 1}
2026-09-13 12:16:50,763 INFO response {"request_id": "283607867b8c40dca04295e788c659b0", "http_status": 200, "body": {"accepted": true, "real_timestamp_ms": 1789273006736, "virtual_time_s": 3434.168779, "measure_result": "no_signal"}}
2026-09-13 12:16:50,778 INFO request {"path": "/measure", "payload": {"arena_id": "default", "robot_id": "202601002029", "request_id": "5310a502bccf44118d02bdedf4352459", "position": {"x": -482.8444447608845, "y": -1801.9999999999995}, "channel": 16}, "attempt": 1}
2026-09-13 12:16:50,795 INFO response {"request_id": "5310a502bccf44118d02bdedf4352459", "http_status": 200, "body": {"accepted": true, "real_timestamp_ms": 1789273006768, "virtual_time_s": 3440.168779, "measure_result": "no_signal"}}
2026-09-13 12:16:50,810 INFO request {"path": "/measure", "payload": {"arena_id": "default", "robot_id": "202601002029", "request_id": "1aff1fa1024047788ba59999f8727069", "position": {"x": -482.8444447608845, "y": -1801.9999999999995}, "channel": 18}, "attempt": 1}
2026-09-13 12:16:50,826 INFO response {"request_id": "1aff1fa1024047788ba59999f8727069", "http_status": 200, "body": {"accepted": true, "real_timestamp_ms": 1789273006799, "virtual_time_s": 3446.168779, "measure_result": "no_signal"}}
2026-09-13 12:16:50,842 INFO request {"path": "/measure", "payload": {"arena_id": "default", "robot_id": "202601002029", "request_id": "e5eb9981e6d9471899400f402a4b5da2", "position": {"x": -482.8444447608845, "y": -1801.9999999999995}, "channel": 20}, "attempt": 1}
2026-09-13 12:16:50,843 INFO response {"request_id": "e5eb9981e6d9471899400f402a4b5da2", "http_status": 200, "body": {"accepted": true, "real_timestamp_ms": 1789273006817, "virtual_time_s": 3452.168779, "measure_result": "no_signal"}}
2026-09-13 12:16:50,865 INFO request {"path": "/measure", "payload": {"arena_id": "default", "robot_id": "202601002029", "request_id": "cd73c4a04f584266b557b7f398451041", "position": {"x": -482.8444447608845, "y": -1801.9999999999995}, "channel": 4}, "attempt": 1}
2026-09-13 12:16:50,889 INFO response {"request_id": "cd73c4a04f584266b557b7f398451041", "http_status": 200, "body": {"accepted": true, "real_timestamp_ms": 1789273006862, "virtual_time_s": 3458.168779, "measure_result": "no_signal"}}
2026-09-13 12:16:51,345 INFO request {"path": "/measure", "payload": {"arena_id": "default", "robot_id": "202601002029", "request_id": "461499bcf8cf44ff800acdd66fcd7a56", "position": {"x": -1319.1555552391176, "y": -1319.1555552391162}, "channel": 1}, "attempt": 1}
2026-09-13 12:16:51,347 INFO response {"request_id": "461499bcf8cf44ff800acdd66fcd7a56", "http_status": 200, "body": {"accepted": true, "real_timestamp_ms": 1789273007321, "virtual_time_s": 3657.306557, "measure_result": "no_signal"}}
2026-09-13 12:16:51,362 INFO request {"path": "/measure", "payload": {"arena_id": "default", "robot_id": "202601002029", "request_id": "df02767ab5364f9ba94de493c02db340", "position": {"x": -1319.1555552391176, "y": -1319.1555552391162}, "channel": 2}, "attempt": 1}
2026-09-13 12:16:51,378 INFO response {"request_id": "df02767ab5364f9ba94de493c02db340", "http_status": 200, "body": {"accepted": true, "real_timestamp_ms": 1789273007351, "virtual_time_s": 3663.306557, "measure_result": "no_signal"}}
2026-09-13 12:16:51,392 INFO request {"path": "/measure", "payload": {"arena_id": "default", "robot_id": "202601002029", "request_id": "ad175dcb6eaa4eea94615075ba2816ee", "position": {"x": -1319.1555552391176, "y": -1319.1555552391162}, "channel": 3}, "attempt": 1}
2026-09-13 12:16:51,394 INFO response {"request_id": "ad175dcb6eaa4eea94615075ba2816ee", "http_status": 200, "body": {"accepted": true, "real_timestamp_ms": 1789273007367, "virtual_time_s": 3669.306557, "measure_result": "no_signal"}}
2026-09-13 12:16:51,410 INFO request {"path": "/measure", "payload": {"arena_id": "default", "robot_id": "202601002029", "request_id": "43965d633c0740728afc91608c0a90ae", "position": {"x": -1319.1555552391176, "y": -1319.1555552391162}, "channel": 10}, "attempt": 1}
2026-09-13 12:16:51,411 INFO response {"request_id": "43965d633c0740728afc91608c0a90ae", "http_status": 200, "body": {"accepted": true, "real_timestamp_ms": 1789273007385, "virtual_time_s": 3675.306557, "measure_result": "no_signal"}}
2026-09-13 12:16:51,442 INFO request {"path": "/measure", "payload": {"arena_id": "default", "robot_id": "202601002029", "request_id": "33b085c803234b4ca250bc37ed29543b", "position": {"x": -1319.1555552391176, "y": -1319.1555552391162}, "channel": 11}, "attempt": 1}
2026-09-13 12:16:51,444 INFO response {"request_id": "33b085c803234b4ca250bc37ed29543b", "http_status": 200, "body": {"accepted": true, "real_timestamp_ms": 1789273007417, "virtual_time_s": 3681.306557, "measure_result": "no_signal"}}
2026-09-13 12:16:51,474 INFO request {"path": "/measure", "payload": {"arena_id": "default", "robot_id": "202601002029", "request_id": "df77fb3531d0417784f19fc99c8c19c1", "position": {"x": -1319.1555552391176, "y": -1319.1555552391162}, "channel": 12}, "attempt": 1}
2026-09-13 12:16:51,488 INFO response {"request_id": "df77fb3531d0417784f19fc99c8c19c1", "http_status": 200, "body": {"accepted": true, "real_timestamp_ms": 1789273007462, "virtual_time_s": 3687.306557, "measure_result": "no_signal"}}
2026-09-13 12:16:51,503 INFO request {"path": "/measure", "payload": {"arena_id": "default", "robot_id": "202601002029", "request_id": "8acf8e2fef4042608e83f382684e60ef", "position": {"x": -1319.1555552391176, "y": -1319.1555552391162}, "channel": 13}, "attempt": 1}
2026-09-13 12:16:51,519 INFO response {"request_id": "8acf8e2fef4042608e83f382684e60ef", "http_status": 200, "body": {"accepted": true, "real_timestamp_ms": 1789273007493, "virtual_time_s": 3693.306557, "measure_result": "no_signal"}}
2026-09-13 12:16:51,535 INFO request {"path": "/measure", "payload": {"arena_id": "default", "robot_id": "202601002029", "request_id": "e559f60e2225489e9dbe00d39735aefd", "position": {"x": -1319.1555552391176, "y": -1319.1555552391162}, "channel": 16}, "attempt": 1}
2026-09-13 12:16:51,550 INFO response {"request_id": "e559f60e2225489e9dbe00d39735aefd", "http_status": 200, "body": {"accepted": true, "real_timestamp_ms": 1789273007524, "virtual_time_s": 3699.306557, "measure_result": "no_signal"}}
2026-09-13 12:16:51,565 INFO request {"path": "/measure", "payload": {"arena_id": "default", "robot_id": "202601002029", "request_id": "ebee0b30081f4a6aaaf57abc70ab9e9e", "position": {"x": -1319.1555552391176, "y": -1319.1555552391162}, "channel": 18}, "attempt": 1}
2026-09-13 12:16:51,581 INFO response {"request_id": "ebee0b30081f4a6aaaf57abc70ab9e9e", "http_status": 200, "body": {"accepted": true, "real_timestamp_ms": 1789273007555, "virtual_time_s": 3705.306557, "measure_result": "no_signal"}}
2026-09-13 12:16:51,596 INFO request {"path": "/measure", "payload": {"arena_id": "default", "robot_id": "202601002029", "request_id": "f24a74e8823b415e8edbd634f363cb44", "position": {"x": -1319.1555552391176, "y": -1319.1555552391162}, "channel": 20}, "attempt": 1}
2026-09-13 12:16:51,612 INFO response {"request_id": "f24a74e8823b415e8edbd634f363cb44", "http_status": 200, "body": {"accepted": true, "real_timestamp_ms": 1789273007585, "virtual_time_s": 3711.306557, "measure_result": "no_signal"}}
2026-09-13 12:16:51,647 INFO request {"path": "/measure", "payload": {"arena_id": "default", "robot_id": "202601002029", "request_id": "aba1effa661b46388fcc2eed2445f7da", "position": {"x": -1319.1555552391176, "y": -1319.1555552391162}, "channel": 19}, "attempt": 1}
2026-09-13 12:16:51,659 INFO response {"request_id": "aba1effa661b46388fcc2eed2445f7da", "http_status": 200, "body": {"accepted": true, "real_timestamp_ms": 1789273007632, "virtual_time_s": 3717.306557, "measure_result": "direction", "svd_deg": 95.59}}
2026-09-13 12:16:51,933 INFO request {"path": "/measure", "payload": {"arena_id": "default", "robot_id": "202601002029", "request_id": "833261759c664736ad99b8704be9857c", "position": {"x": -1802.0000000000002, "y": -482.84444476088237}, "channel": 1}, "attempt": 1}
2026-09-13 12:16:51,960 INFO response {"request_id": "833261759c664736ad99b8704be9857c", "http_status": 200, "body": {"accepted": true, "real_timestamp_ms": 1789273007933, "virtual_time_s": 3916.444335, "measure_result": "no_signal"}}
2026-09-13 12:16:51,960 INFO request {"path": "/measure", "payload": {"arena_id": "default", "robot_id": "202601002029", "request_id": "021e83933d3b4c29be9cb05e09c4ab33", "position": {"x": -1802.0000000000002, "y": -482.84444476088237}, "channel": 2}, "attempt": 1}
2026-09-13 12:16:51,976 INFO response {"request_id": "021e83933d3b4c29be9cb05e09c4ab33", "http_status": 200, "body": {"accepted": true, "real_timestamp_ms": 1789273007949, "virtual_time_s": 3922.444335, "measure_result": "no_signal"}}
2026-09-13 12:16:51,991 INFO request {"path": "/measure", "payload": {"arena_id": "default", "robot_id": "202601002029", "request_id": "4d6c3200cb274fe5a06f27866d39651a", "position": {"x": -1802.0000000000002, "y": -482.84444476088237}, "channel": 3}, "attempt": 1}
2026-09-13 12:16:52,008 INFO response {"request_id": "4d6c3200cb274fe5a06f27866d39651a", "http_status": 200, "body": {"accepted": true, "real_timestamp_ms": 1789273007982, "virtual_time_s": 3928.444335, "measure_result": "no_signal"}}
2026-09-13 12:16:52,023 INFO request {"path": "/measure", "payload": {"arena_id": "default", "robot_id": "202601002029", "request_id": "358f266d8082454c924293b594829103", "position": {"x": -1802.0000000000002, "y": -482.84444476088237}, "channel": 10}, "attempt": 1}
2026-09-13 12:16:52,024 INFO response {"request_id": "358f266d8082454c924293b594829103", "http_status": 200, "body": {"accepted": true, "real_timestamp_ms": 1789273007997, "virtual_time_s": 3934.444335, "measure_result": "no_signal"}}
2026-09-13 12:16:52,055 INFO request {"path": "/measure", "payload": {"arena_id": "default", "robot_id": "202601002029", "request_id": "26a17693f1ff4a8aac95829b84953fdc", "position": {"x": -1802.0000000000002, "y": -482.84444476088237}, "channel": 11}, "attempt": 1}
2026-09-13 12:16:52,071 INFO response {"request_id": "26a17693f1ff4a8aac95829b84953fdc", "http_status": 200, "body": {"accepted": true, "real_timestamp_ms": 1789273008045, "virtual_time_s": 3940.444335, "measure_result": "no_signal"}}
2026-09-13 12:16:52,087 INFO request {"path": "/measure", "payload": {"arena_id": "default", "robot_id": "202601002029", "request_id": "563c156474eb4c23b364fca99de5a277", "position": {"x": -1802.0000000000002, "y": -482.84444476088237}, "channel": 12}, "attempt": 1}
2026-09-13 12:16:52,102 INFO response {"request_id": "563c156474eb4c23b364fca99de5a277", "http_status": 200, "body": {"accepted": true, "real_timestamp_ms": 1789273008076, "virtual_time_s": 3946.444335, "measure_result": "no_signal"}}
2026-09-13 12:16:52,118 INFO request {"path": "/measure", "payload": {"arena_id": "default", "robot_id": "202601002029", "request_id": "5531cfa00b0c4080a44c29faf1b19f2e", "position": {"x": -1802.0000000000002, "y": -482.84444476088237}, "channel": 13}, "attempt": 1}
2026-09-13 12:16:52,133 INFO response {"request_id": "5531cfa00b0c4080a44c29faf1b19f2e", "http_status": 200, "body": {"accepted": true, "real_timestamp_ms": 1789273008107, "virtual_time_s": 3952.444335, "measure_result": "no_signal"}}
2026-09-13 12:16:52,148 INFO request {"path": "/measure", "payload": {"arena_id": "default", "robot_id": "202601002029", "request_id": "b77038958e3e4b0893de7dbb6ab4577c", "position": {"x": -1802.0000000000002, "y": -482.84444476088237}, "channel": 16}, "attempt": 1}
2026-09-13 12:16:52,150 INFO response {"request_id": "b77038958e3e4b0893de7dbb6ab4577c", "http_status": 200, "body": {"accepted": true, "real_timestamp_ms": 1789273008123, "virtual_time_s": 3958.444335, "measure_result": "no_signal"}}
2026-09-13 12:16:52,180 INFO request {"path": "/measure", "payload": {"arena_id": "default", "robot_id": "202601002029", "request_id": "1baa0b9f581f423eab4812ad7e67c739", "position": {"x": -1802.0000000000002, "y": -482.84444476088237}, "channel": 18}, "attempt": 1}
2026-09-13 12:16:52,197 INFO response {"request_id": "1baa0b9f581f423eab4812ad7e67c739", "http_status": 200, "body": {"accepted": true, "real_timestamp_ms": 1789273008171, "virtual_time_s": 3964.444335, "measure_result": "no_signal"}}
2026-09-13 12:16:52,214 INFO request {"path": "/measure", "payload": {"arena_id": "default", "robot_id": "202601002029", "request_id": "2f6200a2a24a4f07acb0dabcb54d89a3", "position": {"x": -1802.0000000000002, "y": -482.84444476088237}, "channel": 20}, "attempt": 1}
2026-09-13 12:16:52,229 INFO response {"request_id": "2f6200a2a24a4f07acb0dabcb54d89a3", "http_status": 200, "body": {"accepted": true, "real_timestamp_ms": 1789273008203, "virtual_time_s": 3970.444335, "measure_result": "no_signal"}}
2026-09-13 12:16:52,486 INFO request {"path": "/measure", "payload": {"arena_id": "default", "robot_id": "202601002029", "request_id": "ac77fc7abdba45eeb105ccf7817632aa", "position": {"x": -1801.9999999999998, "y": 482.84444476088356}, "channel": 20}, "attempt": 1}
2026-09-13 12:16:52,513 INFO response {"request_id": "ac77fc7abdba45eeb105ccf7817632aa", "http_status": 200, "body": {"accepted": true, "real_timestamp_ms": 1789273008486, "virtual_time_s": 4168.582113, "measure_result": "no_signal"}}
2026-09-13 12:16:52,513 INFO request {"path": "/measure", "payload": {"arena_id": "default", "robot_id": "202601002029", "request_id": "12e59c4e9c70496e9a0dedac9cc58a74", "position": {"x": -1801.9999999999998, "y": 482.84444476088356}, "channel": 1}, "attempt": 1}
2026-09-13 12:16:52,515 INFO response {"request_id": "12e59c4e9c70496e9a0dedac9cc58a74", "http_status": 200, "body": {"accepted": true, "real_timestamp_ms": 1789273008488, "virtual_time_s": 4174.582113, "measure_result": "no_signal"}}
2026-09-13 12:16:52,546 INFO request {"path": "/measure", "payload": {"arena_id": "default", "robot_id": "202601002029", "request_id": "9ef0959243094ec6a247bbefd2c325c5", "position": {"x": -1801.9999999999998, "y": 482.84444476088356}, "channel": 2}, "attempt": 1}
2026-09-13 12:16:52,560 INFO response {"request_id": "9ef0959243094ec6a247bbefd2c325c5", "http_status": 200, "body": {"accepted": true, "real_timestamp_ms": 1789273008533, "virtual_time_s": 4180.582113, "measure_result": "no_signal"}}
2026-09-13 12:16:52,574 INFO request {"path": "/measure", "payload": {"arena_id": "default", "robot_id": "202601002029", "request_id": "8ec8f7aac796485bb91c0c5815df5404", "position": {"x": -1801.9999999999998, "y": 482.84444476088356}, "channel": 3}, "attempt": 1}
2026-09-13 12:16:52,591 INFO response {"request_id": "8ec8f7aac796485bb91c0c5815df5404", "http_status": 200, "body": {"accepted": true, "real_timestamp_ms": 1789273008564, "virtual_time_s": 4186.582113, "measure_result": "no_signal"}}
2026-09-13 12:16:52,606 INFO request {"path": "/measure", "payload": {"arena_id": "default", "robot_id": "202601002029", "request_id": "98163e288e1146179ddd70a4a065b6ae", "position": {"x": -1801.9999999999998, "y": 482.84444476088356}, "channel": 10}, "attempt": 1}
2026-09-13 12:16:52,621 INFO response {"request_id": "98163e288e1146179ddd70a4a065b6ae", "http_status": 200, "body": {"accepted": true, "real_timestamp_ms": 1789273008595, "virtual_time_s": 4192.582113, "measure_result": "no_signal"}}
2026-09-13 12:16:52,637 INFO request {"path": "/measure", "payload": {"arena_id": "default", "robot_id": "202601002029", "request_id": "f6830a0a853d447ab55c61e3ccf63b92", "position": {"x": -1801.9999999999998, "y": 482.84444476088356}, "channel": 11}, "attempt": 1}
2026-09-13 12:16:52,653 INFO response {"request_id": "f6830a0a853d447ab55c61e3ccf63b92", "http_status": 200, "body": {"accepted": true, "real_timestamp_ms": 1789273008627, "virtual_time_s": 4198.582113, "measure_result": "no_signal"}}
2026-09-13 12:16:52,669 INFO request {"path": "/measure", "payload": {"arena_id": "default", "robot_id": "202601002029", "request_id": "63b050541e6d48ea9fa6d78895d979f9", "position": {"x": -1801.9999999999998, "y": 482.84444476088356}, "channel": 12}, "attempt": 1}
2026-09-13 12:16:52,685 INFO response {"request_id": "63b050541e6d48ea9fa6d78895d979f9", "http_status": 200, "body": {"accepted": true, "real_timestamp_ms": 1789273008659, "virtual_time_s": 4204.582113, "measure_result": "no_signal"}}
2026-09-13 12:16:52,700 INFO request {"path": "/measure", "payload": {"arena_id": "default", "robot_id": "202601002029", "request_id": "9adffce91c3248bc90590a792d4aa0c0", "position": {"x": -1801.9999999999998, "y": 482.84444476088356}, "channel": 13}, "attempt": 1}
2026-09-13 12:16:52,716 INFO response {"request_id": "9adffce91c3248bc90590a792d4aa0c0", "http_status": 200, "body": {"accepted": true, "real_timestamp_ms": 1789273008689, "virtual_time_s": 4210.582113, "measure_result": "no_signal"}}
2026-09-13 12:16:52,731 INFO request {"path": "/measure", "payload": {"arena_id": "default", "robot_id": "202601002029", "request_id": "7f737ed52c6d4fbcb1b1a710f006dc54", "position": {"x": -1801.9999999999998, "y": 482.84444476088356}, "channel": 16}, "attempt": 1}
2026-09-13 12:16:52,748 INFO response {"request_id": "7f737ed52c6d4fbcb1b1a710f006dc54", "http_status": 200, "body": {"accepted": true, "real_timestamp_ms": 1789273008721, "virtual_time_s": 4216.582113, "measure_result": "no_signal"}}
2026-09-13 12:16:52,763 INFO request {"path": "/measure", "payload": {"arena_id": "default", "robot_id": "202601002029", "request_id": "bebf1508ca5b43e8a15ae3c3ea4cef1d", "position": {"x": -1801.9999999999998, "y": 482.84444476088356}, "channel": 18}, "attempt": 1}
2026-09-13 12:16:52,778 INFO response {"request_id": "bebf1508ca5b43e8a15ae3c3ea4cef1d", "http_status": 200, "body": {"accepted": true, "real_timestamp_ms": 1789273008751, "virtual_time_s": 4222.582113, "measure_result": "no_signal"}}
2026-09-13 12:16:53,011 INFO request {"path": "/measure", "payload": {"arena_id": "default", "robot_id": "202601002029", "request_id": "4dce8f740244416d9ff5a4bb994080b1", "position": {"x": -1319.1555552391167, "y": 1319.155555239117}, "channel": 18}, "attempt": 1}
2026-09-13 12:16:53,031 INFO response {"request_id": "4dce8f740244416d9ff5a4bb994080b1", "http_status": 200, "body": {"accepted": true, "real_timestamp_ms": 1789273009004, "virtual_time_s": 4420.719891, "measure_result": "no_signal"}}
2026-09-13 12:16:53,047 INFO request {"path": "/measure", "payload": {"arena_id": "default", "robot_id": "202601002029", "request_id": "52bafd18332148d48188b73df0c97ee5", "position": {"x": -1319.1555552391167, "y": 1319.155555239117}, "channel": 1}, "attempt": 1}
2026-09-13 12:16:53,062 INFO response {"request_id": "52bafd18332148d48188b73df0c97ee5", "http_status": 200, "body": {"accepted": true, "real_timestamp_ms": 1789273009035, "virtual_time_s": 4426.719891, "measure_result": "no_signal"}}
2026-09-13 12:16:53,077 INFO request {"path": "/measure", "payload": {"arena_id": "default", "robot_id": "202601002029", "request_id": "15e0a6c1069b426f9cc24e871bb7ee30", "position": {"x": -1319.1555552391167, "y": 1319.155555239117}, "channel": 2}, "attempt": 1}
2026-09-13 12:16:53,094 INFO response {"request_id": "15e0a6c1069b426f9cc24e871bb7ee30", "http_status": 200, "body": {"accepted": true, "real_timestamp_ms": 1789273009067, "virtual_time_s": 4432.719891, "measure_result": "no_signal"}}
2026-09-13 12:16:53,109 INFO request {"path": "/measure", "payload": {"arena_id": "default", "robot_id": "202601002029", "request_id": "afc7e179826744eaa8e2b31a2dc717de", "position": {"x": -1319.1555552391167, "y": 1319.155555239117}, "channel": 3}, "attempt": 1}
2026-09-13 12:16:53,111 INFO response {"request_id": "afc7e179826744eaa8e2b31a2dc717de", "http_status": 200, "body": {"accepted": true, "real_timestamp_ms": 1789273009084, "virtual_time_s": 4438.719891, "measure_result": "no_signal"}}
2026-09-13 12:16:53,142 INFO request {"path": "/measure", "payload": {"arena_id": "default", "robot_id": "202601002029", "request_id": "aa2f0d7dca294f8dbd22259d006f4ac1", "position": {"x": -1319.1555552391167, "y": 1319.155555239117}, "channel": 10}, "attempt": 1}
2026-09-13 12:16:53,144 INFO response {"request_id": "aa2f0d7dca294f8dbd22259d006f4ac1", "http_status": 200, "body": {"accepted": true, "real_timestamp_ms": 1789273009117, "virtual_time_s": 4444.719891, "measure_result": "no_signal"}}
2026-09-13 12:16:53,160 INFO request {"path": "/measure", "payload": {"arena_id": "default", "robot_id": "202601002029", "request_id": "a6d838652d434db380fb1e3f68cb822a", "position": {"x": -1319.1555552391167, "y": 1319.155555239117}, "channel": 11}, "attempt": 1}
2026-09-13 12:16:53,188 INFO response {"request_id": "a6d838652d434db380fb1e3f68cb822a", "http_status": 200, "body": {"accepted": true, "real_timestamp_ms": 1789273009161, "virtual_time_s": 4450.719891, "measure_result": "no_signal"}}
2026-09-13 12:16:53,203 INFO request {"path": "/measure", "payload": {"arena_id": "default", "robot_id": "202601002029", "request_id": "112ac1bee5e74da0b9fe91d68ddf8fed", "position": {"x": -1319.1555552391167, "y": 1319.155555239117}, "channel": 12}, "attempt": 1}
2026-09-13 12:16:53,205 INFO response {"request_id": "112ac1bee5e74da0b9fe91d68ddf8fed", "http_status": 200, "body": {"accepted": true, "real_timestamp_ms": 1789273009178, "virtual_time_s": 4456.719891, "measure_result": "no_signal"}}
2026-09-13 12:16:53,236 INFO request {"path": "/measure", "payload": {"arena_id": "default", "robot_id": "202601002029", "request_id": "4b0bdaaaa7f94bac828471aeff2af1d2", "position": {"x": -1319.1555552391167, "y": 1319.155555239117}, "channel": 13}, "attempt": 1}
2026-09-13 12:16:53,237 INFO response {"request_id": "4b0bdaaaa7f94bac828471aeff2af1d2", "http_status": 200, "body": {"accepted": true, "real_timestamp_ms": 1789273009211, "virtual_time_s": 4462.719891, "measure_result": "no_signal"}}
2026-09-13 12:16:53,252 INFO request {"path": "/measure", "payload": {"arena_id": "default", "robot_id": "202601002029", "request_id": "3ac03bb98c1f4a39bf8fd1a9de1d6ffa", "position": {"x": -1319.1555552391167, "y": 1319.155555239117}, "channel": 16}, "attempt": 1}
2026-09-13 12:16:53,255 INFO response {"request_id": "3ac03bb98c1f4a39bf8fd1a9de1d6ffa", "http_status": 200, "body": {"accepted": true, "real_timestamp_ms": 1789273009228, "virtual_time_s": 4468.719891, "measure_result": "no_signal"}}
2026-09-13 12:16:53,286 INFO request {"path": "/measure", "payload": {"arena_id": "default", "robot_id": "202601002029", "request_id": "888222020c964707b51219d209b232bd", "position": {"x": -1319.1555552391167, "y": 1319.155555239117}, "channel": 20}, "attempt": 1}
2026-09-13 12:16:53,288 INFO response {"request_id": "888222020c964707b51219d209b232bd", "http_status": 200, "body": {"accepted": true, "real_timestamp_ms": 1789273009261, "virtual_time_s": 4474.719891, "measure_result": "no_signal"}}
2026-09-13 12:16:53,323 INFO request {"path": "/measure", "payload": {"arena_id": "default", "robot_id": "202601002029", "request_id": "496560e7791b41b6808dfc9c1034302b", "position": {"x": -1319.1555552391167, "y": 1319.155555239117}, "channel": 8}, "attempt": 1}
2026-09-13 12:16:53,344 INFO response {"request_id": "496560e7791b41b6808dfc9c1034302b", "http_status": 200, "body": {"accepted": true, "real_timestamp_ms": 1789273009318, "virtual_time_s": 4480.719891, "measure_result": "direction", "svd_deg": 310.99}}
2026-09-13 12:16:53,536 INFO request {"path": "/measure", "payload": {"arena_id": "default", "robot_id": "202601002029", "request_id": "7ced40f36b2846cf9168cbb12433d1c3", "position": {"x": -482.8444447608829, "y": 1802.0}, "channel": 1}, "attempt": 1}
2026-09-13 12:16:53,549 INFO response {"request_id": "7ced40f36b2846cf9168cbb12433d1c3", "http_status": 200, "body": {"accepted": true, "real_timestamp_ms": 1789273009522, "virtual_time_s": 4679.857669, "measure_result": "no_signal"}}
2026-09-13 12:16:53,564 INFO request {"path": "/measure", "payload": {"arena_id": "default", "robot_id": "202601002029", "request_id": "7f99ede4931246959b8ed0f035b0b961", "position": {"x": -482.8444447608829, "y": 1802.0}, "channel": 2}, "attempt": 1}
2026-09-13 12:16:53,566 INFO response {"request_id": "7f99ede4931246959b8ed0f035b0b961", "http_status": 200, "body": {"accepted": true, "real_timestamp_ms": 1789273009540, "virtual_time_s": 4685.857669, "measure_result": "no_signal"}}
2026-09-13 12:16:53,582 INFO request {"path": "/measure", "payload": {"arena_id": "default", "robot_id": "202601002029", "request_id": "84335a983cdf41aeafe2cf94bf1fd610", "position": {"x": -482.8444447608829, "y": 1802.0}, "channel": 3}, "attempt": 1}
2026-09-13 12:16:53,583 INFO response {"request_id": "84335a983cdf41aeafe2cf94bf1fd610", "http_status": 200, "body": {"accepted": true, "real_timestamp_ms": 1789273009557, "virtual_time_s": 4691.857669, "measure_result": "no_signal"}}
2026-09-13 12:16:53,614 INFO request {"path": "/measure", "payload": {"arena_id": "default", "robot_id": "202601002029", "request_id": "3630f423f7f144d69750e87531da192e", "position": {"x": -482.8444447608829, "y": 1802.0}, "channel": 10}, "attempt": 1}
2026-09-13 12:16:53,628 INFO response {"request_id": "3630f423f7f144d69750e87531da192e", "http_status": 200, "body": {"accepted": true, "real_timestamp_ms": 1789273009600, "virtual_time_s": 4697.857669, "measure_result": "no_signal"}}
2026-09-13 12:16:53,642 INFO request {"path": "/measure", "payload": {"arena_id": "default", "robot_id": "202601002029", "request_id": "c99c18f3f2ab44bfa70eef6aedcdf296", "position": {"x": -482.8444447608829, "y": 1802.0}, "channel": 11}, "attempt": 1}
2026-09-13 12:16:53,644 INFO response {"request_id": "c99c18f3f2ab44bfa70eef6aedcdf296", "http_status": 200, "body": {"accepted": true, "real_timestamp_ms": 1789273009617, "virtual_time_s": 4703.857669, "measure_result": "no_signal"}}
2026-09-13 12:16:53,660 INFO request {"path": "/measure", "payload": {"arena_id": "default", "robot_id": "202601002029", "request_id": "f01b8fb5147b4373b28dd15a1d035f2a", "position": {"x": -482.8444447608829, "y": 1802.0}, "channel": 12}, "attempt": 1}
2026-09-13 12:16:53,662 INFO response {"request_id": "f01b8fb5147b4373b28dd15a1d035f2a", "http_status": 200, "body": {"accepted": true, "real_timestamp_ms": 1789273009635, "virtual_time_s": 4709.857669, "measure_result": "no_signal"}}
2026-09-13 12:16:53,693 INFO request {"path": "/measure", "payload": {"arena_id": "default", "robot_id": "202601002029", "request_id": "098a9d43f50741a987617e178c1752ca", "position": {"x": -482.8444447608829, "y": 1802.0}, "channel": 13}, "attempt": 1}
2026-09-13 12:16:53,695 INFO response {"request_id": "098a9d43f50741a987617e178c1752ca", "http_status": 200, "body": {"accepted": true, "real_timestamp_ms": 1789273009668, "virtual_time_s": 4715.857669, "measure_result": "no_signal"}}
2026-09-13 12:16:53,726 INFO request {"path": "/measure", "payload": {"arena_id": "default", "robot_id": "202601002029", "request_id": "0a2d0b5755e949018f9ebc58b699f264", "position": {"x": -482.8444447608829, "y": 1802.0}, "channel": 16}, "attempt": 1}
2026-09-13 12:16:53,728 INFO response {"request_id": "0a2d0b5755e949018f9ebc58b699f264", "http_status": 200, "body": {"accepted": true, "real_timestamp_ms": 1789273009701, "virtual_time_s": 4721.857669, "measure_result": "no_signal"}}
2026-09-13 12:16:53,759 INFO request {"path": "/measure", "payload": {"arena_id": "default", "robot_id": "202601002029", "request_id": "920e471b036249fca5b7ac44fbc6f7b0", "position": {"x": -482.8444447608829, "y": 1802.0}, "channel": 18}, "attempt": 1}
2026-09-13 12:16:53,783 INFO response {"request_id": "920e471b036249fca5b7ac44fbc6f7b0", "http_status": 200, "body": {"accepted": true, "real_timestamp_ms": 1789273009756, "virtual_time_s": 4727.857669, "measure_result": "no_signal"}}
2026-09-13 12:16:53,799 INFO request {"path": "/measure", "payload": {"arena_id": "default", "robot_id": "202601002029", "request_id": "f13e917bc3a24b4283cd35aa5842d67b", "position": {"x": -482.8444447608829, "y": 1802.0}, "channel": 20}, "attempt": 1}
2026-09-13 12:16:53,801 INFO response {"request_id": "f13e917bc3a24b4283cd35aa5842d67b", "http_status": 200, "body": {"accepted": true, "real_timestamp_ms": 1789273009774, "virtual_time_s": 4733.857669, "measure_result": "no_signal"}}
2026-09-13 12:16:53,931 INFO request {"path": "/measure", "payload": {"arena_id": "default", "robot_id": "202601002029", "request_id": "bb3937b4e2ae4f08ab9e1f3eb8547b82", "position": {"x": 482.8444447608835, "y": 1801.9999999999998}, "channel": 20}, "attempt": 1}
2026-09-13 12:16:53,933 INFO response {"request_id": "bb3937b4e2ae4f08ab9e1f3eb8547b82", "http_status": 200, "body": {"accepted": true, "real_timestamp_ms": 1789273009906, "virtual_time_s": 4931.995447, "measure_result": "no_signal"}}
2026-09-13 12:16:53,963 INFO request {"path": "/measure", "payload": {"arena_id": "default", "robot_id": "202601002029", "request_id": "d952bbafa66d450e867d13eb99dc4b85", "position": {"x": 482.8444447608835, "y": 1801.9999999999998}, "channel": 1}, "attempt": 1}
2026-09-13 12:16:53,965 INFO response {"request_id": "d952bbafa66d450e867d13eb99dc4b85", "http_status": 200, "body": {"accepted": true, "real_timestamp_ms": 1789273009939, "virtual_time_s": 4937.995447, "measure_result": "no_signal"}}
2026-09-13 12:16:53,997 INFO request {"path": "/measure", "payload": {"arena_id": "default", "robot_id": "202601002029", "request_id": "7804c6ef8db040da856b6fdcb7a1b14d", "position": {"x": 482.8444447608835, "y": 1801.9999999999998}, "channel": 2}, "attempt": 1}
2026-09-13 12:16:53,998 INFO response {"request_id": "7804c6ef8db040da856b6fdcb7a1b14d", "http_status": 200, "body": {"accepted": true, "real_timestamp_ms": 1789273009971, "virtual_time_s": 4943.995447, "measure_result": "no_signal"}}
2026-09-13 12:16:54,029 INFO request {"path": "/measure", "payload": {"arena_id": "default", "robot_id": "202601002029", "request_id": "5344165681b84dddbfca05440c09baf0", "position": {"x": 482.8444447608835, "y": 1801.9999999999998}, "channel": 3}, "attempt": 1}
2026-09-13 12:16:54,032 INFO response {"request_id": "5344165681b84dddbfca05440c09baf0", "http_status": 200, "body": {"accepted": true, "real_timestamp_ms": 1789273010005, "virtual_time_s": 4949.995447, "measure_result": "no_signal"}}
2026-09-13 12:16:54,063 INFO request {"path": "/measure", "payload": {"arena_id": "default", "robot_id": "202601002029", "request_id": "f1443409fd4849d484085cd92cd0c9df", "position": {"x": 482.8444447608835, "y": 1801.9999999999998}, "channel": 10}, "attempt": 1}
2026-09-13 12:16:54,065 INFO response {"request_id": "f1443409fd4849d484085cd92cd0c9df", "http_status": 200, "body": {"accepted": true, "real_timestamp_ms": 1789273010037, "virtual_time_s": 4955.995447, "measure_result": "no_signal"}}
2026-09-13 12:16:54,080 INFO request {"path": "/measure", "payload": {"arena_id": "default", "robot_id": "202601002029", "request_id": "e45edf3d589c47e5805852ec8fae8a1c", "position": {"x": 482.8444447608835, "y": 1801.9999999999998}, "channel": 11}, "attempt": 1}
2026-09-13 12:16:54,082 INFO response {"request_id": "e45edf3d589c47e5805852ec8fae8a1c", "http_status": 200, "body": {"accepted": true, "real_timestamp_ms": 1789273010056, "virtual_time_s": 4961.995447, "measure_result": "no_signal"}}
2026-09-13 12:16:54,114 INFO request {"path": "/measure", "payload": {"arena_id": "default", "robot_id": "202601002029", "request_id": "6bc88986c43648c4928f25623dcdf815", "position": {"x": 482.8444447608835, "y": 1801.9999999999998}, "channel": 12}, "attempt": 1}
2026-09-13 12:16:54,127 INFO response {"request_id": "6bc88986c43648c4928f25623dcdf815", "http_status": 200, "body": {"accepted": true, "real_timestamp_ms": 1789273010100, "virtual_time_s": 4967.995447, "measure_result": "no_signal"}}
2026-09-13 12:16:54,142 INFO request {"path": "/measure", "payload": {"arena_id": "default", "robot_id": "202601002029", "request_id": "1d2baf2c81f14ddd976130e151db76d8", "position": {"x": 482.8444447608835, "y": 1801.9999999999998}, "channel": 13}, "attempt": 1}
2026-09-13 12:16:54,145 INFO response {"request_id": "1d2baf2c81f14ddd976130e151db76d8", "http_status": 200, "body": {"accepted": true, "real_timestamp_ms": 1789273010118, "virtual_time_s": 4973.995447, "measure_result": "no_signal"}}
2026-09-13 12:16:54,161 INFO request {"path": "/measure", "payload": {"arena_id": "default", "robot_id": "202601002029", "request_id": "f58ec4ded2f146dfb729e00f5947df0e", "position": {"x": 482.8444447608835, "y": 1801.9999999999998}, "channel": 16}, "attempt": 1}
2026-09-13 12:16:54,163 INFO response {"request_id": "f58ec4ded2f146dfb729e00f5947df0e", "http_status": 200, "body": {"accepted": true, "real_timestamp_ms": 1789273010136, "virtual_time_s": 4979.995447, "measure_result": "no_signal"}}
2026-09-13 12:16:54,194 INFO request {"path": "/measure", "payload": {"arena_id": "default", "robot_id": "202601002029", "request_id": "b312cbae43604200898d45be3afdcedd", "position": {"x": 482.8444447608835, "y": 1801.9999999999998}, "channel": 18}, "attempt": 1}
2026-09-13 12:16:54,219 INFO response {"request_id": "b312cbae43604200898d45be3afdcedd", "http_status": 200, "body": {"accepted": true, "real_timestamp_ms": 1789273010193, "virtual_time_s": 4985.995447, "measure_result": "no_signal"}}
2026-09-13 12:16:54,310 INFO request {"path": "/measure", "payload": {"arena_id": "default", "robot_id": "202601002029", "request_id": "ce9cae53f33d42a3892813ac295340fc", "position": {"x": 1319.155555239117, "y": 1319.155555239117}, "channel": 18}, "attempt": 1}
2026-09-13 12:16:54,326 INFO response {"request_id": "ce9cae53f33d42a3892813ac295340fc", "http_status": 200, "body": {"accepted": true, "real_timestamp_ms": 1789273010300, "virtual_time_s": 5184.133225, "measure_result": "no_signal"}}
2026-09-13 12:16:54,342 INFO request {"path": "/measure", "payload": {"arena_id": "default", "robot_id": "202601002029", "request_id": "9bb903c88fe944b4835ceb7bb5028f5a", "position": {"x": 1319.155555239117, "y": 1319.155555239117}, "channel": 1}, "attempt": 1}
2026-09-13 12:16:54,343 INFO response {"request_id": "9bb903c88fe944b4835ceb7bb5028f5a", "http_status": 200, "body": {"accepted": true, "real_timestamp_ms": 1789273010317, "virtual_time_s": 5190.133225, "measure_result": "no_signal"}}
2026-09-13 12:16:54,374 INFO request {"path": "/measure", "payload": {"arena_id": "default", "robot_id": "202601002029", "request_id": "08ffd58d4c15480b845c9fd81bb7c8ab", "position": {"x": 1319.155555239117, "y": 1319.155555239117}, "channel": 2}, "attempt": 1}
2026-09-13 12:16:54,389 INFO response {"request_id": "08ffd58d4c15480b845c9fd81bb7c8ab", "http_status": 200, "body": {"accepted": true, "real_timestamp_ms": 1789273010362, "virtual_time_s": 5196.133225, "measure_result": "no_signal"}}
2026-09-13 12:16:54,404 INFO request {"path": "/measure", "payload": {"arena_id": "default", "robot_id": "202601002029", "request_id": "e44d276619644fa785998473e465eb8a", "position": {"x": 1319.155555239117, "y": 1319.155555239117}, "channel": 3}, "attempt": 1}
2026-09-13 12:16:54,406 INFO response {"request_id": "e44d276619644fa785998473e465eb8a", "http_status": 200, "body": {"accepted": true, "real_timestamp_ms": 1789273010379, "virtual_time_s": 5202.133225, "measure_result": "no_signal"}}
2026-09-13 12:16:54,437 INFO request {"path": "/measure", "payload": {"arena_id": "default", "robot_id": "202601002029", "request_id": "6d246a0f417b4e61bf331ccd90149163", "position": {"x": 1319.155555239117, "y": 1319.155555239117}, "channel": 10}, "attempt": 1}
2026-09-13 12:16:54,450 INFO response {"request_id": "6d246a0f417b4e61bf331ccd90149163", "http_status": 200, "body": {"accepted": true, "real_timestamp_ms": 1789273010424, "virtual_time_s": 5208.133225, "measure_result": "no_signal"}}
2026-09-13 12:16:54,466 INFO request {"path": "/measure", "payload": {"arena_id": "default", "robot_id": "202601002029", "request_id": "404f43ab2c9e4ac89aad0931ee7cfdf9", "position": {"x": 1319.155555239117, "y": 1319.155555239117}, "channel": 11}, "attempt": 1}
2026-09-13 12:16:54,468 INFO response {"request_id": "404f43ab2c9e4ac89aad0931ee7cfdf9", "http_status": 200, "body": {"accepted": true, "real_timestamp_ms": 1789273010442, "virtual_time_s": 5214.133225, "measure_result": "no_signal"}}
2026-09-13 12:16:54,499 INFO request {"path": "/measure", "payload": {"arena_id": "default", "robot_id": "202601002029", "request_id": "cd4872077fdb4f808394ac23abed4a29", "position": {"x": 1319.155555239117, "y": 1319.155555239117}, "channel": 12}, "attempt": 1}
2026-09-13 12:16:54,501 INFO response {"request_id": "cd4872077fdb4f808394ac23abed4a29", "http_status": 200, "body": {"accepted": true, "real_timestamp_ms": 1789273010475, "virtual_time_s": 5220.133225, "measure_result": "no_signal"}}
2026-09-13 12:16:54,532 INFO request {"path": "/measure", "payload": {"arena_id": "default", "robot_id": "202601002029", "request_id": "863009d2e9e0427c9c728a207e71d849", "position": {"x": 1319.155555239117, "y": 1319.155555239117}, "channel": 13}, "attempt": 1}
2026-09-13 12:16:54,559 INFO response {"request_id": "863009d2e9e0427c9c728a207e71d849", "http_status": 200, "body": {"accepted": true, "real_timestamp_ms": 1789273010532, "virtual_time_s": 5226.133225, "measure_result": "no_signal"}}
2026-09-13 12:16:54,559 INFO request {"path": "/measure", "payload": {"arena_id": "default", "robot_id": "202601002029", "request_id": "1d40db21a7d340e292f6403e6585b77f", "position": {"x": 1319.155555239117, "y": 1319.155555239117}, "channel": 16}, "attempt": 1}
2026-09-13 12:16:54,561 INFO response {"request_id": "1d40db21a7d340e292f6403e6585b77f", "http_status": 200, "body": {"accepted": true, "real_timestamp_ms": 1789273010534, "virtual_time_s": 5232.133225, "measure_result": "no_signal"}}
2026-09-13 12:16:54,592 INFO request {"path": "/measure", "payload": {"arena_id": "default", "robot_id": "202601002029", "request_id": "a5ffbd9c10d84ebcb1ced12918ce141e", "position": {"x": 1319.155555239117, "y": 1319.155555239117}, "channel": 20}, "attempt": 1}
2026-09-13 12:16:54,606 INFO response {"request_id": "a5ffbd9c10d84ebcb1ced12918ce141e", "http_status": 200, "body": {"accepted": true, "real_timestamp_ms": 1789273010579, "virtual_time_s": 5238.133225, "measure_result": "no_signal"}}
2026-09-13 12:16:54,654 INFO request {"path": "/measure", "payload": {"arena_id": "default", "robot_id": "202601002029", "request_id": "82609009f706405493de437efb63e197", "position": {"x": 1802.0, "y": 482.84444476088305}, "channel": 20}, "attempt": 1}
2026-09-13 12:16:54,670 INFO response {"request_id": "82609009f706405493de437efb63e197", "http_status": 200, "body": {"accepted": true, "real_timestamp_ms": 1789273010643, "virtual_time_s": 5436.271003, "measure_result": "no_signal"}}
2026-09-13 12:16:54,684 INFO request {"path": "/measure", "payload": {"arena_id": "default", "robot_id": "202601002029", "request_id": "22487d4f68f54d25b6f6cde3fafd029a", "position": {"x": 1802.0, "y": 482.84444476088305}, "channel": 1}, "attempt": 1}
2026-09-13 12:16:54,686 INFO response {"request_id": "22487d4f68f54d25b6f6cde3fafd029a", "http_status": 200, "body": {"accepted": true, "real_timestamp_ms": 1789273010660, "virtual_time_s": 5442.271003, "measure_result": "no_signal"}}
2026-09-13 12:16:54,717 INFO request {"path": "/measure", "payload": {"arena_id": "default", "robot_id": "202601002029", "request_id": "503d0875c5594ddabdac2b6284eb8d38", "position": {"x": 1802.0, "y": 482.84444476088305}, "channel": 2}, "attempt": 1}
2026-09-13 12:16:54,719 INFO response {"request_id": "503d0875c5594ddabdac2b6284eb8d38", "http_status": 200, "body": {"accepted": true, "real_timestamp_ms": 1789273010692, "virtual_time_s": 5448.271003, "measure_result": "no_signal"}}
2026-09-13 12:16:54,750 INFO request {"path": "/measure", "payload": {"arena_id": "default", "robot_id": "202601002029", "request_id": "7e4082130ac34417989834d67271939c", "position": {"x": 1802.0, "y": 482.84444476088305}, "channel": 3}, "attempt": 1}
2026-09-13 12:16:54,763 INFO response {"request_id": "7e4082130ac34417989834d67271939c", "http_status": 200, "body": {"accepted": true, "real_timestamp_ms": 1789273010736, "virtual_time_s": 5454.271003, "measure_result": "no_signal"}}
2026-09-13 12:16:54,779 INFO request {"path": "/measure", "payload": {"arena_id": "default", "robot_id": "202601002029", "request_id": "ebf45b22af0d464ea8abdd69e1b0bc21", "position": {"x": 1802.0, "y": 482.84444476088305}, "channel": 10}, "attempt": 1}
2026-09-13 12:16:54,781 INFO response {"request_id": "ebf45b22af0d464ea8abdd69e1b0bc21", "http_status": 200, "body": {"accepted": true, "real_timestamp_ms": 1789273010754, "virtual_time_s": 5460.271003, "measure_result": "no_signal"}}
2026-09-13 12:16:54,812 INFO request {"path": "/measure", "payload": {"arena_id": "default", "robot_id": "202601002029", "request_id": "8607a236e3ef489fbd4ccdcd7a89b10a", "position": {"x": 1802.0, "y": 482.84444476088305}, "channel": 11}, "attempt": 1}
2026-09-13 12:16:54,813 INFO response {"request_id": "8607a236e3ef489fbd4ccdcd7a89b10a", "http_status": 200, "body": {"accepted": true, "real_timestamp_ms": 1789273010787, "virtual_time_s": 5466.271003, "measure_result": "no_signal"}}
2026-09-13 12:16:54,844 INFO request {"path": "/measure", "payload": {"arena_id": "default", "robot_id": "202601002029", "request_id": "4dfff26df0db4b8ea96e945e2c51741c", "position": {"x": 1802.0, "y": 482.84444476088305}, "channel": 12}, "attempt": 1}
2026-09-13 12:16:54,871 INFO response {"request_id": "4dfff26df0db4b8ea96e945e2c51741c", "http_status": 200, "body": {"accepted": true, "real_timestamp_ms": 1789273010845, "virtual_time_s": 5472.271003, "measure_result": "no_signal"}}
2026-09-13 12:16:54,871 INFO request {"path": "/measure", "payload": {"arena_id": "default", "robot_id": "202601002029", "request_id": "81d6eff42dfe4f6aaecb13867f206a6e", "position": {"x": 1802.0, "y": 482.84444476088305}, "channel": 13}, "attempt": 1}
2026-09-13 12:16:54,873 INFO response {"request_id": "81d6eff42dfe4f6aaecb13867f206a6e", "http_status": 200, "body": {"accepted": true, "real_timestamp_ms": 1789273010847, "virtual_time_s": 5478.271003, "measure_result": "no_signal"}}
2026-09-13 12:16:54,904 INFO request {"path": "/measure", "payload": {"arena_id": "default", "robot_id": "202601002029", "request_id": "cbdf276a8be347a8bea9dc923db77d0d", "position": {"x": 1802.0, "y": 482.84444476088305}, "channel": 16}, "attempt": 1}
2026-09-13 12:16:54,906 INFO response {"request_id": "cbdf276a8be347a8bea9dc923db77d0d", "http_status": 200, "body": {"accepted": true, "real_timestamp_ms": 1789273010880, "virtual_time_s": 5484.271003, "measure_result": "no_signal"}}
2026-09-13 12:16:54,937 INFO request {"path": "/measure", "payload": {"arena_id": "default", "robot_id": "202601002029", "request_id": "3c39f74a883241a7ba69378c15e32b77", "position": {"x": 1802.0, "y": 482.84444476088305}, "channel": 18}, "attempt": 1}
2026-09-13 12:16:54,949 INFO response {"request_id": "3c39f74a883241a7ba69378c15e32b77", "http_status": 200, "body": {"accepted": true, "real_timestamp_ms": 1789273010922, "virtual_time_s": 5490.271003, "measure_result": "no_signal"}}
2026-09-13 12:16:57,737 INFO request {"path": "/clear", "payload": {"arena_id": "default", "robot_id": "202601002029", "request_id": "e99da6776ba746eb993d8b55dd39bee7", "position": {"x": 1154.4774893051426, "y": -100.45358964219385}, "channel": 5}, "attempt": 1}
2026-09-13 12:16:57,738 INFO response {"request_id": "e99da6776ba746eb993d8b55dd39bee7", "http_status": 200, "body": {"accepted": true, "real_timestamp_ms": 1789273013712, "virtual_time_s": 5669.572122, "clear_result": "success"}}
2026-09-13 12:16:57,769 INFO request {"path": "/clear", "payload": {"arena_id": "default", "robot_id": "202601002029", "request_id": "908fb050cff748108db200a64a320a41", "position": {"x": 103.31881127510228, "y": 588.3999920479982}, "channel": 6}, "attempt": 1}
2026-09-13 12:16:57,793 INFO response {"request_id": "908fb050cff748108db200a64a320a41", "http_status": 200, "body": {"accepted": true, "real_timestamp_ms": 1789273013766, "virtual_time_s": 5925.924769, "clear_result": "success"}}
2026-09-13 12:17:00,929 INFO request {"path": "/clear", "payload": {"arena_id": "default", "robot_id": "202601002029", "request_id": "4bb8e57962f54958afd6bb0a99b39b0b", "position": {"x": 670.4763301918254, "y": 857.4362111041123}, "channel": 9}, "attempt": 1}
2026-09-13 12:17:00,942 INFO response {"request_id": "4bb8e57962f54958afd6bb0a99b39b0b", "http_status": 200, "body": {"accepted": true, "real_timestamp_ms": 1789273016916, "virtual_time_s": 6056.471276, "clear_result": "success"}}
2026-09-13 12:17:00,958 INFO request {"path": "/clear", "payload": {"arena_id": "default", "robot_id": "202601002029", "request_id": "51774a4e05dd453bb656c0e853f09051", "position": {"x": 642.2021911384238, "y": 1158.7667498932726}, "channel": 15}, "attempt": 1}
2026-09-13 12:17:00,974 INFO response {"request_id": "51774a4e05dd453bb656c0e853f09051", "http_status": 200, "body": {"accepted": true, "real_timestamp_ms": 1789273016947, "virtual_time_s": 6122.002101, "clear_result": "success"}}
2026-09-13 12:17:00,990 INFO request {"path": "/clear", "payload": {"arena_id": "default", "robot_id": "202601002029", "request_id": "f3fe3fabfb1f48acb6ce661d208d304c", "position": {"x": -360.24922562010465, "y": 1304.817586068022}, "channel": 14}, "attempt": 1}
2026-09-13 12:17:01,004 INFO response {"request_id": "f3fe3fabfb1f48acb6ce661d208d304c", "http_status": 200, "body": {"accepted": true, "real_timestamp_ms": 1789273016978, "virtual_time_s": 6329.609079, "clear_result": "success"}}
2026-09-13 12:17:04,015 INFO request {"path": "/measure", "payload": {"arena_id": "default", "robot_id": "202601002029", "request_id": "4e8fd96bffe941eeae2fe706883581bf", "position": {"x": -610.0592511119781, "y": 1074.8556750237703}, "channel": 8}, "attempt": 1}
2026-09-13 12:17:04,040 INFO response {"request_id": "4e8fd96bffe941eeae2fe706883581bf", "http_status": 200, "body": {"accepted": true, "real_timestamp_ms": 1789273020013, "virtual_time_s": 6403.517114, "measure_result": "direction", "svd_deg": 238.61}}
2026-09-13 12:17:04,051 INFO request {"path": "/clear", "payload": {"arena_id": "default", "robot_id": "202601002029", "request_id": "cd805351c8284a69be0a87e9ed3ae5e7", "position": {"x": -815.1113908930579, "y": 739.192984052348}, "channel": 8}, "attempt": 1}
2026-09-13 12:17:04,069 INFO response {"request_id": "cd805351c8284a69be0a87e9ed3ae5e7", "http_status": 200, "body": {"accepted": true, "real_timestamp_ms": 1789273020042, "virtual_time_s": 6487.184978, "clear_result": "success"}}
2026-09-13 12:17:05,547 INFO request {"path": "/clear", "payload": {"arena_id": "default", "robot_id": "202601002029", "request_id": "1504613673d34bae962728c3d18b4d49", "position": {"x": -1418.9006481461804, "y": -336.6807727478089}, "channel": 19}, "attempt": 1}
2026-09-13 12:17:05,569 INFO response {"request_id": "1504613673d34bae962728c3d18b4d49", "http_status": 200, "body": {"accepted": true, "real_timestamp_ms": 1789273021543, "virtual_time_s": 6738.92904, "clear_result": "success"}}
2026-09-13 12:17:07,122 INFO request {"path": "/measure", "payload": {"arena_id": "default", "robot_id": "202601002029", "request_id": "74fd790465f54876b69f98a6c8fcd094", "position": {"x": -314.435449443025, "y": -1276.3364682086865}, "channel": 4}, "attempt": 1}
2026-09-13 12:17:07,123 INFO response {"request_id": "74fd790465f54876b69f98a6c8fcd094", "http_status": 200, "body": {"accepted": true, "real_timestamp_ms": 1789273023097, "virtual_time_s": 7034.949467, "measure_result": "direction", "svd_deg": 237.37}}
2026-09-13 12:17:07,142 INFO request {"path": "/clear", "payload": {"arena_id": "default", "robot_id": "202601002029", "request_id": "c7380e8666d648b9959561914ad1cd25", "position": {"x": -350.13894043969367, "y": -1331.6077749912488}, "channel": 4}, "attempt": 1}
2026-09-13 12:17:07,143 INFO response {"request_id": "c7380e8666d648b9959561914ad1cd25", "http_status": 200, "body": {"accepted": true, "real_timestamp_ms": 1789273023117, "virtual_time_s": 7053.109492, "clear_result": "success"}}
2026-09-13 12:17:07,159 INFO request {"path": "/clear", "payload": {"arena_id": "default", "robot_id": "202601002029", "request_id": "9a6733b24780471cb234fa3aabf37cc9", "position": {"x": 544.3624192400429, "y": -1376.8260772540252}, "channel": 7}, "attempt": 1}
2026-09-13 12:17:07,160 INFO response {"request_id": "9a6733b24780471cb234fa3aabf37cc9", "http_status": 200, "body": {"accepted": true, "real_timestamp_ms": 1789273023134, "virtual_time_s": 7237.238203, "clear_result": "success"}}
2026-09-13 12:17:07,191 INFO request {"path": "/exit", "payload": {"arena_id": "default", "robot_id": "202601002029", "request_id": "25cde3d19ea74ffc9b306711a4e8b25b"}, "attempt": 1}
2026-09-13 12:17:07,192 INFO response {"request_id": "25cde3d19ea74ffc9b306711a4e8b25b", "http_status": 200, "body": {"accepted": true, "real_timestamp_ms": 1789273023165, "virtual_time_s": 7237.238203, "exit_reason": "user_exit"}}
