2026-09-13 00:18:07,960 INFO request {"path": "/enter", "payload": {"arena_id": "default", "robot_id": "202601002029", "request_id": "87a11e9b5a5c45f882e7383152488dc3"}, "attempt": 1}
2026-09-13 00:18:07,964 INFO response {"request_id": "87a11e9b5a5c45f882e7383152488dc3", "http_status": 200, "body": {"accepted": true, "real_timestamp_ms": 1789229884894, "virtual_time_s": 0, "max_virtual_duration_s": 360000, "max_real_duration_s": 1200, "remaining_real_duration_s": 1200}}
2026-09-13 00:18:07,996 INFO request {"path": "/measure", "payload": {"arena_id": "default", "robot_id": "202601002029", "request_id": "8ce38b180d26455087fb31c2c39a4978", "position": {"x": 0.0, "y": 0.0}, "channel": 1}, "attempt": 1}
2026-09-13 00:18:07,998 INFO response {"request_id": "8ce38b180d26455087fb31c2c39a4978", "http_status": 200, "body": {"accepted": true, "real_timestamp_ms": 1789229884928, "virtual_time_s": 5, "measure_result": "no_signal"}}
2026-09-13 00:18:08,031 INFO request {"path": "/measure", "payload": {"arena_id": "default", "robot_id": "202601002029", "request_id": "dd70dcf76980498ea8c7519eb620777c", "position": {"x": 0.0, "y": 0.0}, "channel": 2}, "attempt": 1}
2026-09-13 00:18:08,034 INFO response {"request_id": "dd70dcf76980498ea8c7519eb620777c", "http_status": 200, "body": {"accepted": true, "real_timestamp_ms": 1789229884965, "virtual_time_s": 11, "measure_result": "no_signal"}}
2026-09-13 00:18:08,051 INFO request {"path": "/measure", "payload": {"arena_id": "default", "robot_id": "202601002029", "request_id": "1563f94c8a4446baaa509b216757af0b", "position": {"x": 0.0, "y": 0.0}, "channel": 3}, "attempt": 1}
2026-09-13 00:18:08,065 INFO response {"request_id": "1563f94c8a4446baaa509b216757af0b", "http_status": 200, "body": {"accepted": true, "real_timestamp_ms": 1789229884995, "virtual_time_s": 17, "measure_result": "no_signal"}}
2026-09-13 00:18:08,096 INFO request {"path": "/measure", "payload": {"arena_id": "default", "robot_id": "202601002029", "request_id": "41a5f78b30b54379b1f3f50be82618ee", "position": {"x": 0.0, "y": 0.0}, "channel": 4}, "attempt": 1}
2026-09-13 00:18:08,113 INFO response {"request_id": "41a5f78b30b54379b1f3f50be82618ee", "http_status": 200, "body": {"accepted": true, "real_timestamp_ms": 1789229885044, "virtual_time_s": 23, "measure_result": "direction", "svd_deg": 262.06}}
2026-09-13 00:18:08,121 INFO request {"path": "/measure", "payload": {"arena_id": "default", "robot_id": "202601002029", "request_id": "33ad48b93096490189c4a913e5f12b13", "position": {"x": 0.0, "y": 0.0}, "channel": 5}, "attempt": 1}
2026-09-13 00:18:08,123 INFO response {"request_id": "33ad48b93096490189c4a913e5f12b13", "http_status": 200, "body": {"accepted": true, "real_timestamp_ms": 1789229885053, "virtual_time_s": 29, "measure_result": "direction", "svd_deg": 323.28}}
2026-09-13 00:18:08,158 INFO request {"path": "/measure", "payload": {"arena_id": "default", "robot_id": "202601002029", "request_id": "e1b545de829b46e88c5d62005b84899d", "position": {"x": 0.0, "y": 0.0}, "channel": 6}, "attempt": 1}
2026-09-13 00:18:08,172 INFO response {"request_id": "e1b545de829b46e88c5d62005b84899d", "http_status": 200, "body": {"accepted": true, "real_timestamp_ms": 1789229885103, "virtual_time_s": 35, "measure_result": "no_signal"}}
2026-09-13 00:18:08,188 INFO request {"path": "/measure", "payload": {"arena_id": "default", "robot_id": "202601002029", "request_id": "eaf8b4ae0c8c4868942c8d48b45ac6ac", "position": {"x": 0.0, "y": 0.0}, "channel": 7}, "attempt": 1}
2026-09-13 00:18:08,201 INFO response {"request_id": "eaf8b4ae0c8c4868942c8d48b45ac6ac", "http_status": 200, "body": {"accepted": true, "real_timestamp_ms": 1789229885132, "virtual_time_s": 41, "measure_result": "no_signal"}}
2026-09-13 00:18:08,217 INFO request {"path": "/measure", "payload": {"arena_id": "default", "robot_id": "202601002029", "request_id": "c06536dfd6c24d4991d2ffe410beb61f", "position": {"x": 0.0, "y": 0.0}, "channel": 8}, "attempt": 1}
2026-09-13 00:18:08,231 INFO response {"request_id": "c06536dfd6c24d4991d2ffe410beb61f", "http_status": 200, "body": {"accepted": true, "real_timestamp_ms": 1789229885161, "virtual_time_s": 47, "measure_result": "no_signal"}}
2026-09-13 00:18:08,247 INFO request {"path": "/measure", "payload": {"arena_id": "default", "robot_id": "202601002029", "request_id": "a601ebf190b54736ae5430a935036cdb", "position": {"x": 0.0, "y": 0.0}, "channel": 9}, "attempt": 1}
2026-09-13 00:18:08,261 INFO response {"request_id": "a601ebf190b54736ae5430a935036cdb", "http_status": 200, "body": {"accepted": true, "real_timestamp_ms": 1789229885191, "virtual_time_s": 53, "measure_result": "no_signal"}}
2026-09-13 00:18:08,275 INFO request {"path": "/measure", "payload": {"arena_id": "default", "robot_id": "202601002029", "request_id": "a894bda72eab447f99239b765f7604cf", "position": {"x": 0.0, "y": 0.0}, "channel": 10}, "attempt": 1}
2026-09-13 00:18:08,290 INFO response {"request_id": "a894bda72eab447f99239b765f7604cf", "http_status": 200, "body": {"accepted": true, "real_timestamp_ms": 1789229885221, "virtual_time_s": 59, "measure_result": "no_signal"}}
2026-09-13 00:18:08,305 INFO request {"path": "/measure", "payload": {"arena_id": "default", "robot_id": "202601002029", "request_id": "c7f97a7b71b14fc2a1c0711fd884c305", "position": {"x": 0.0, "y": 0.0}, "channel": 11}, "attempt": 1}
2026-09-13 00:18:08,320 INFO response {"request_id": "c7f97a7b71b14fc2a1c0711fd884c305", "http_status": 200, "body": {"accepted": true, "real_timestamp_ms": 1789229885251, "virtual_time_s": 65, "measure_result": "no_signal"}}
2026-09-13 00:18:08,336 INFO request {"path": "/measure", "payload": {"arena_id": "default", "robot_id": "202601002029", "request_id": "44e5fbd469ee4914b345edd85b53f9ef", "position": {"x": 0.0, "y": 0.0}, "channel": 12}, "attempt": 1}
2026-09-13 00:18:08,351 INFO response {"request_id": "44e5fbd469ee4914b345edd85b53f9ef", "http_status": 200, "body": {"accepted": true, "real_timestamp_ms": 1789229885281, "virtual_time_s": 71, "measure_result": "no_signal"}}
2026-09-13 00:18:08,367 INFO request {"path": "/measure", "payload": {"arena_id": "default", "robot_id": "202601002029", "request_id": "887bd57dc35b44fd836676155d2d3dc4", "position": {"x": 0.0, "y": 0.0}, "channel": 13}, "attempt": 1}
2026-09-13 00:18:08,370 INFO response {"request_id": "887bd57dc35b44fd836676155d2d3dc4", "http_status": 200, "body": {"accepted": true, "real_timestamp_ms": 1789229885300, "virtual_time_s": 77, "measure_result": "no_signal"}}
2026-09-13 00:18:08,401 INFO request {"path": "/measure", "payload": {"arena_id": "default", "robot_id": "202601002029", "request_id": "603003036a9b47f5a5d1cf455790f971", "position": {"x": 0.0, "y": 0.0}, "channel": 14}, "attempt": 1}
2026-09-13 00:18:08,419 INFO response {"request_id": "603003036a9b47f5a5d1cf455790f971", "http_status": 200, "body": {"accepted": true, "real_timestamp_ms": 1789229885349, "virtual_time_s": 83, "measure_result": "no_signal"}}
2026-09-13 00:18:08,434 INFO request {"path": "/measure", "payload": {"arena_id": "default", "robot_id": "202601002029", "request_id": "22a87aba36a940cc930c5f5017484ff4", "position": {"x": 0.0, "y": 0.0}, "channel": 15}, "attempt": 1}
2026-09-13 00:18:08,436 INFO response {"request_id": "22a87aba36a940cc930c5f5017484ff4", "http_status": 200, "body": {"accepted": true, "real_timestamp_ms": 1789229885366, "virtual_time_s": 89, "measure_result": "no_signal"}}
2026-09-13 00:18:08,467 INFO request {"path": "/measure", "payload": {"arena_id": "default", "robot_id": "202601002029", "request_id": "f73c3bf5fba84df9bcde0643c4251596", "position": {"x": 0.0, "y": 0.0}, "channel": 16}, "attempt": 1}
2026-09-13 00:18:08,468 INFO response {"request_id": "f73c3bf5fba84df9bcde0643c4251596", "http_status": 200, "body": {"accepted": true, "real_timestamp_ms": 1789229885399, "virtual_time_s": 95, "measure_result": "no_signal"}}
2026-09-13 00:18:08,499 INFO request {"path": "/measure", "payload": {"arena_id": "default", "robot_id": "202601002029", "request_id": "2926473f10a248cf90d93ef20f57971e", "position": {"x": 0.0, "y": 0.0}, "channel": 17}, "attempt": 1}
2026-09-13 00:18:08,502 INFO response {"request_id": "2926473f10a248cf90d93ef20f57971e", "http_status": 200, "body": {"accepted": true, "real_timestamp_ms": 1789229885432, "virtual_time_s": 101, "measure_result": "no_signal"}}
2026-09-13 00:18:08,532 INFO request {"path": "/measure", "payload": {"arena_id": "default", "robot_id": "202601002029", "request_id": "0e17a404d4914173b890f50e2a61355e", "position": {"x": 0.0, "y": 0.0}, "channel": 18}, "attempt": 1}
2026-09-13 00:18:08,548 INFO response {"request_id": "0e17a404d4914173b890f50e2a61355e", "http_status": 200, "body": {"accepted": true, "real_timestamp_ms": 1789229885478, "virtual_time_s": 107, "measure_result": "no_signal"}}
2026-09-13 00:18:08,562 INFO request {"path": "/measure", "payload": {"arena_id": "default", "robot_id": "202601002029", "request_id": "e4fadd3b4ec74fc0962261488fa07aee", "position": {"x": 0.0, "y": 0.0}, "channel": 19}, "attempt": 1}
2026-09-13 00:18:08,578 INFO response {"request_id": "e4fadd3b4ec74fc0962261488fa07aee", "http_status": 200, "body": {"accepted": true, "real_timestamp_ms": 1789229885508, "virtual_time_s": 113, "measure_result": "no_signal"}}
2026-09-13 00:18:08,593 INFO request {"path": "/measure", "payload": {"arena_id": "default", "robot_id": "202601002029", "request_id": "8c19e4da6d5d48188d034ab332ef1f0e", "position": {"x": 0.0, "y": 0.0}, "channel": 20}, "attempt": 1}
2026-09-13 00:18:08,595 INFO response {"request_id": "8c19e4da6d5d48188d034ab332ef1f0e", "http_status": 200, "body": {"accepted": true, "real_timestamp_ms": 1789229885525, "virtual_time_s": 119, "measure_result": "direction", "svd_deg": 24.83}}
2026-09-13 00:18:08,915 INFO request {"path": "/measure", "payload": {"arena_id": "default", "robot_id": "202601002029", "request_id": "d0f0bd3fc15e4a5fa0b3a1678fa6ed05", "position": {"x": 848.7048957087496, "y": -490.00000000000045}, "channel": 1}, "attempt": 1}
2026-09-13 00:18:08,916 INFO response {"request_id": "d0f0bd3fc15e4a5fa0b3a1678fa6ed05", "http_status": 200, "body": {"accepted": true, "real_timestamp_ms": 1789229885847, "virtual_time_s": 321, "measure_result": "no_signal"}}
2026-09-13 00:18:08,947 INFO request {"path": "/measure", "payload": {"arena_id": "default", "robot_id": "202601002029", "request_id": "972db673e1b14aa994970ea0499c78a6", "position": {"x": 848.7048957087496, "y": -490.00000000000045}, "channel": 2}, "attempt": 1}
2026-09-13 00:18:08,948 INFO response {"request_id": "972db673e1b14aa994970ea0499c78a6", "http_status": 200, "body": {"accepted": true, "real_timestamp_ms": 1789229885879, "virtual_time_s": 327, "measure_result": "direction", "svd_deg": 49.12}}
2026-09-13 00:18:08,981 INFO request {"path": "/measure", "payload": {"arena_id": "default", "robot_id": "202601002029", "request_id": "fd6f3b0377e5488c87794fae947ec1c5", "position": {"x": 848.7048957087496, "y": -490.00000000000045}, "channel": 3}, "attempt": 1}
2026-09-13 00:18:08,983 INFO response {"request_id": "fd6f3b0377e5488c87794fae947ec1c5", "http_status": 200, "body": {"accepted": true, "real_timestamp_ms": 1789229885913, "virtual_time_s": 333, "measure_result": "no_signal"}}
2026-09-13 00:18:09,014 INFO request {"path": "/measure", "payload": {"arena_id": "default", "robot_id": "202601002029", "request_id": "c3575781bf484e06894ee0ed12120470", "position": {"x": 848.7048957087496, "y": -490.00000000000045}, "channel": 6}, "attempt": 1}
2026-09-13 00:18:09,031 INFO response {"request_id": "c3575781bf484e06894ee0ed12120470", "http_status": 200, "body": {"accepted": true, "real_timestamp_ms": 1789229885961, "virtual_time_s": 339, "measure_result": "no_signal"}}
2026-09-13 00:18:09,047 INFO request {"path": "/measure", "payload": {"arena_id": "default", "robot_id": "202601002029", "request_id": "3e2e9e49a5344f198d817d9470d03a6c", "position": {"x": 848.7048957087496, "y": -490.00000000000045}, "channel": 7}, "attempt": 1}
2026-09-13 00:18:09,048 INFO response {"request_id": "3e2e9e49a5344f198d817d9470d03a6c", "http_status": 200, "body": {"accepted": true, "real_timestamp_ms": 1789229885979, "virtual_time_s": 345, "measure_result": "no_signal"}}
2026-09-13 00:18:09,079 INFO request {"path": "/measure", "payload": {"arena_id": "default", "robot_id": "202601002029", "request_id": "1facacf4b35149f988200305e52c21e6", "position": {"x": 848.7048957087496, "y": -490.00000000000045}, "channel": 8}, "attempt": 1}
2026-09-13 00:18:09,090 INFO response {"request_id": "1facacf4b35149f988200305e52c21e6", "http_status": 200, "body": {"accepted": true, "real_timestamp_ms": 1789229886020, "virtual_time_s": 351, "measure_result": "no_signal"}}
2026-09-13 00:18:09,104 INFO request {"path": "/measure", "payload": {"arena_id": "default", "robot_id": "202601002029", "request_id": "003a2f18a6a14d8cbc7ceb8bc6b31cfe", "position": {"x": 848.7048957087496, "y": -490.00000000000045}, "channel": 9}, "attempt": 1}
2026-09-13 00:18:09,119 INFO response {"request_id": "003a2f18a6a14d8cbc7ceb8bc6b31cfe", "http_status": 200, "body": {"accepted": true, "real_timestamp_ms": 1789229886050, "virtual_time_s": 357, "measure_result": "no_signal"}}
2026-09-13 00:18:09,134 INFO request {"path": "/measure", "payload": {"arena_id": "default", "robot_id": "202601002029", "request_id": "e30aca86f25f41a79a47871e76490c1a", "position": {"x": 848.7048957087496, "y": -490.00000000000045}, "channel": 10}, "attempt": 1}
2026-09-13 00:18:09,135 INFO response {"request_id": "e30aca86f25f41a79a47871e76490c1a", "http_status": 200, "body": {"accepted": true, "real_timestamp_ms": 1789229886066, "virtual_time_s": 363, "measure_result": "no_signal"}}
2026-09-13 00:18:09,166 INFO request {"path": "/measure", "payload": {"arena_id": "default", "robot_id": "202601002029", "request_id": "09288e25471e40ff9d19957cc23a7b78", "position": {"x": 848.7048957087496, "y": -490.00000000000045}, "channel": 11}, "attempt": 1}
2026-09-13 00:18:09,180 INFO response {"request_id": "09288e25471e40ff9d19957cc23a7b78", "http_status": 200, "body": {"accepted": true, "real_timestamp_ms": 1789229886110, "virtual_time_s": 369, "measure_result": "no_signal"}}
2026-09-13 00:18:09,195 INFO request {"path": "/measure", "payload": {"arena_id": "default", "robot_id": "202601002029", "request_id": "2361caf3569f4743816130d8c6bfae00", "position": {"x": 848.7048957087496, "y": -490.00000000000045}, "channel": 12}, "attempt": 1}
2026-09-13 00:18:09,209 INFO response {"request_id": "2361caf3569f4743816130d8c6bfae00", "http_status": 200, "body": {"accepted": true, "real_timestamp_ms": 1789229886140, "virtual_time_s": 375, "measure_result": "no_signal"}}
2026-09-13 00:18:09,224 INFO request {"path": "/measure", "payload": {"arena_id": "default", "robot_id": "202601002029", "request_id": "db4b9a3a5500464b8d29eb537e473e18", "position": {"x": 848.7048957087496, "y": -490.00000000000045}, "channel": 13}, "attempt": 1}
2026-09-13 00:18:09,239 INFO response {"request_id": "db4b9a3a5500464b8d29eb537e473e18", "http_status": 200, "body": {"accepted": true, "real_timestamp_ms": 1789229886169, "virtual_time_s": 381, "measure_result": "no_signal"}}
2026-09-13 00:18:09,253 INFO request {"path": "/measure", "payload": {"arena_id": "default", "robot_id": "202601002029", "request_id": "b6b1f990dbfa4adeb9d1c97032964b6b", "position": {"x": 848.7048957087496, "y": -490.00000000000045}, "channel": 14}, "attempt": 1}
2026-09-13 00:18:09,268 INFO response {"request_id": "b6b1f990dbfa4adeb9d1c97032964b6b", "http_status": 200, "body": {"accepted": true, "real_timestamp_ms": 1789229886198, "virtual_time_s": 387, "measure_result": "no_signal"}}
2026-09-13 00:18:09,299 INFO request {"path": "/measure", "payload": {"arena_id": "default", "robot_id": "202601002029", "request_id": "612d9beda5384d82a0021b9dfd61377a", "position": {"x": 848.7048957087496, "y": -490.00000000000045}, "channel": 15}, "attempt": 1}
2026-09-13 00:18:09,317 INFO response {"request_id": "612d9beda5384d82a0021b9dfd61377a", "http_status": 200, "body": {"accepted": true, "real_timestamp_ms": 1789229886248, "virtual_time_s": 393, "measure_result": "no_signal"}}
2026-09-13 00:18:09,317 INFO request {"path": "/measure", "payload": {"arena_id": "default", "robot_id": "202601002029", "request_id": "76cf16f2813245e9b032842c2258b04f", "position": {"x": 848.7048957087496, "y": -490.00000000000045}, "channel": 16}, "attempt": 1}
2026-09-13 00:18:09,337 INFO response {"request_id": "76cf16f2813245e9b032842c2258b04f", "http_status": 200, "body": {"accepted": true, "real_timestamp_ms": 1789229886268, "virtual_time_s": 399, "measure_result": "no_signal"}}
2026-09-13 00:18:09,353 INFO request {"path": "/measure", "payload": {"arena_id": "default", "robot_id": "202601002029", "request_id": "c59b148a52094ab3a5d2560092131dbb", "position": {"x": 848.7048957087496, "y": -490.00000000000045}, "channel": 17}, "attempt": 1}
2026-09-13 00:18:09,354 INFO response {"request_id": "c59b148a52094ab3a5d2560092131dbb", "http_status": 200, "body": {"accepted": true, "real_timestamp_ms": 1789229886284, "virtual_time_s": 405, "measure_result": "no_signal"}}
2026-09-13 00:18:09,385 INFO request {"path": "/measure", "payload": {"arena_id": "default", "robot_id": "202601002029", "request_id": "df57ba1ccb774f54a0e8573f83e4ea73", "position": {"x": 848.7048957087496, "y": -490.00000000000045}, "channel": 18}, "attempt": 1}
2026-09-13 00:18:09,386 INFO response {"request_id": "df57ba1ccb774f54a0e8573f83e4ea73", "http_status": 200, "body": {"accepted": true, "real_timestamp_ms": 1789229886316, "virtual_time_s": 411, "measure_result": "no_signal"}}
2026-09-13 00:18:09,417 INFO request {"path": "/measure", "payload": {"arena_id": "default", "robot_id": "202601002029", "request_id": "bc8615d4b8834c949348c4be2dda9003", "position": {"x": 848.7048957087496, "y": -490.00000000000045}, "channel": 19}, "attempt": 1}
2026-09-13 00:18:09,418 INFO response {"request_id": "bc8615d4b8834c949348c4be2dda9003", "http_status": 200, "body": {"accepted": true, "real_timestamp_ms": 1789229886348, "virtual_time_s": 417, "measure_result": "no_signal"}}
2026-09-13 00:18:09,463 INFO request {"path": "/measure", "payload": {"arena_id": "default", "robot_id": "202601002029", "request_id": "b304c1e4fbb0496c8b418cd22b1ad0f8", "position": {"x": 848.7048957087496, "y": -490.00000000000045}, "channel": 20}, "attempt": 1}
2026-09-13 00:18:09,474 INFO response {"request_id": "b304c1e4fbb0496c8b418cd22b1ad0f8", "http_status": 200, "body": {"accepted": true, "real_timestamp_ms": 1789229886405, "virtual_time_s": 423, "measure_result": "direction", "svd_deg": 76.96}}
2026-09-13 00:18:09,492 INFO request {"path": "/measure", "payload": {"arena_id": "default", "robot_id": "202601002029", "request_id": "0051d768b559496ab1bf300718aa6ed6", "position": {"x": 848.7048957087496, "y": -490.00000000000045}, "channel": 5}, "attempt": 1}
2026-09-13 00:18:09,495 INFO response {"request_id": "0051d768b559496ab1bf300718aa6ed6", "http_status": 200, "body": {"accepted": true, "real_timestamp_ms": 1789229886425, "virtual_time_s": 429, "measure_result": "no_signal"}}
2026-09-13 00:18:09,525 INFO request {"path": "/measure", "payload": {"arena_id": "default", "robot_id": "202601002029", "request_id": "d25e5487db804c65b719acfe755846bb", "position": {"x": 848.7048957087496, "y": -490.00000000000045}, "channel": 4}, "attempt": 1}
2026-09-13 00:18:09,527 INFO response {"request_id": "d25e5487db804c65b719acfe755846bb", "http_status": 200, "body": {"accepted": true, "real_timestamp_ms": 1789229886457, "virtual_time_s": 435, "measure_result": "no_signal"}}
2026-09-13 00:18:09,947 INFO request {"path": "/measure", "payload": {"arena_id": "default", "robot_id": "202601002029", "request_id": "ee11da8e607c46258d6419e2cca3a0a3", "position": {"x": 980.0, "y": 0.0}, "channel": 1}, "attempt": 1}
2026-09-13 00:18:09,948 INFO response {"request_id": "ee11da8e607c46258d6419e2cca3a0a3", "http_status": 200, "body": {"accepted": true, "real_timestamp_ms": 1789229886879, "virtual_time_s": 542.457066, "measure_result": "no_signal"}}
2026-09-13 00:18:09,979 INFO request {"path": "/measure", "payload": {"arena_id": "default", "robot_id": "202601002029", "request_id": "9d961bbcda5e43cda023cd93ce775dfb", "position": {"x": 980.0, "y": 0.0}, "channel": 3}, "attempt": 1}
2026-09-13 00:18:09,990 INFO response {"request_id": "9d961bbcda5e43cda023cd93ce775dfb", "http_status": 200, "body": {"accepted": true, "real_timestamp_ms": 1789229886921, "virtual_time_s": 548.457066, "measure_result": "no_signal"}}
2026-09-13 00:18:10,005 INFO request {"path": "/measure", "payload": {"arena_id": "default", "robot_id": "202601002029", "request_id": "92fc3084776741859341a8d4a2cd62b0", "position": {"x": 980.0, "y": 0.0}, "channel": 6}, "attempt": 1}
2026-09-13 00:18:10,006 INFO response {"request_id": "92fc3084776741859341a8d4a2cd62b0", "http_status": 200, "body": {"accepted": true, "real_timestamp_ms": 1789229886937, "virtual_time_s": 554.457066, "measure_result": "no_signal"}}
2026-09-13 00:18:10,037 INFO request {"path": "/measure", "payload": {"arena_id": "default", "robot_id": "202601002029", "request_id": "c955b7c213c7428e819cfdbaeb656cad", "position": {"x": 980.0, "y": 0.0}, "channel": 7}, "attempt": 1}
2026-09-13 00:18:10,038 INFO response {"request_id": "c955b7c213c7428e819cfdbaeb656cad", "http_status": 200, "body": {"accepted": true, "real_timestamp_ms": 1789229886968, "virtual_time_s": 560.457066, "measure_result": "no_signal"}}
2026-09-13 00:18:10,069 INFO request {"path": "/measure", "payload": {"arena_id": "default", "robot_id": "202601002029", "request_id": "1cd2c0c91d6642c6ba721750f78e4c94", "position": {"x": 980.0, "y": 0.0}, "channel": 8}, "attempt": 1}
2026-09-13 00:18:10,089 INFO response {"request_id": "1cd2c0c91d6642c6ba721750f78e4c94", "http_status": 200, "body": {"accepted": true, "real_timestamp_ms": 1789229887020, "virtual_time_s": 566.457066, "measure_result": "no_signal"}}
2026-09-13 00:18:10,103 INFO request {"path": "/measure", "payload": {"arena_id": "default", "robot_id": "202601002029", "request_id": "f952f415945042138b41d7cf2dcc1b82", "position": {"x": 980.0, "y": 0.0}, "channel": 9}, "attempt": 1}
2026-09-13 00:18:10,118 INFO response {"request_id": "f952f415945042138b41d7cf2dcc1b82", "http_status": 200, "body": {"accepted": true, "real_timestamp_ms": 1789229887049, "virtual_time_s": 572.457066, "measure_result": "no_signal"}}
2026-09-13 00:18:10,134 INFO request {"path": "/measure", "payload": {"arena_id": "default", "robot_id": "202601002029", "request_id": "8443dea2c75643e4b9933817345817ca", "position": {"x": 980.0, "y": 0.0}, "channel": 10}, "attempt": 1}
2026-09-13 00:18:10,147 INFO response {"request_id": "8443dea2c75643e4b9933817345817ca", "http_status": 200, "body": {"accepted": true, "real_timestamp_ms": 1789229887078, "virtual_time_s": 578.457066, "measure_result": "no_signal"}}
2026-09-13 00:18:10,168 INFO request {"path": "/measure", "payload": {"arena_id": "default", "robot_id": "202601002029", "request_id": "374d3b7c9b714625a831ebc604cfa63f", "position": {"x": 980.0, "y": 0.0}, "channel": 11}, "attempt": 1}
2026-09-13 00:18:10,189 INFO response {"request_id": "374d3b7c9b714625a831ebc604cfa63f", "http_status": 200, "body": {"accepted": true, "real_timestamp_ms": 1789229887118, "virtual_time_s": 584.457066, "measure_result": "no_signal"}}
2026-09-13 00:18:10,204 INFO request {"path": "/measure", "payload": {"arena_id": "default", "robot_id": "202601002029", "request_id": "fed4ffff07964962aed6c2dc9ca3e690", "position": {"x": 980.0, "y": 0.0}, "channel": 12}, "attempt": 1}
2026-09-13 00:18:10,205 INFO response {"request_id": "fed4ffff07964962aed6c2dc9ca3e690", "http_status": 200, "body": {"accepted": true, "real_timestamp_ms": 1789229887136, "virtual_time_s": 590.457066, "measure_result": "no_signal"}}
2026-09-13 00:18:10,236 INFO request {"path": "/measure", "payload": {"arena_id": "default", "robot_id": "202601002029", "request_id": "026fe6e6e0a94bc8ae0298f071a4ac09", "position": {"x": 980.0, "y": 0.0}, "channel": 13}, "attempt": 1}
2026-09-13 00:18:10,255 INFO response {"request_id": "026fe6e6e0a94bc8ae0298f071a4ac09", "http_status": 200, "body": {"accepted": true, "real_timestamp_ms": 1789229887186, "virtual_time_s": 596.457066, "measure_result": "no_signal"}}
2026-09-13 00:18:10,255 INFO request {"path": "/measure", "payload": {"arena_id": "default", "robot_id": "202601002029", "request_id": "8766c8245dcf47509438c63d8f4738dd", "position": {"x": 980.0, "y": 0.0}, "channel": 14}, "attempt": 1}
2026-09-13 00:18:10,275 INFO response {"request_id": "8766c8245dcf47509438c63d8f4738dd", "http_status": 200, "body": {"accepted": true, "real_timestamp_ms": 1789229887205, "virtual_time_s": 602.457066, "measure_result": "no_signal"}}
2026-09-13 00:18:10,290 INFO request {"path": "/measure", "payload": {"arena_id": "default", "robot_id": "202601002029", "request_id": "ca031ecb0b574726b9e23573825b5f0a", "position": {"x": 980.0, "y": 0.0}, "channel": 15}, "attempt": 1}
2026-09-13 00:18:10,305 INFO response {"request_id": "ca031ecb0b574726b9e23573825b5f0a", "http_status": 200, "body": {"accepted": true, "real_timestamp_ms": 1789229887235, "virtual_time_s": 608.457066, "measure_result": "no_signal"}}
2026-09-13 00:18:10,320 INFO request {"path": "/measure", "payload": {"arena_id": "default", "robot_id": "202601002029", "request_id": "cfa8be188ad449d18016dd8d8a352ead", "position": {"x": 980.0, "y": 0.0}, "channel": 16}, "attempt": 1}
2026-09-13 00:18:10,334 INFO response {"request_id": "cfa8be188ad449d18016dd8d8a352ead", "http_status": 200, "body": {"accepted": true, "real_timestamp_ms": 1789229887264, "virtual_time_s": 614.457066, "measure_result": "no_signal"}}
2026-09-13 00:18:10,348 INFO request {"path": "/measure", "payload": {"arena_id": "default", "robot_id": "202601002029", "request_id": "37465c0e18f7462ab80c9b24761d433c", "position": {"x": 980.0, "y": 0.0}, "channel": 17}, "attempt": 1}
2026-09-13 00:18:10,364 INFO response {"request_id": "37465c0e18f7462ab80c9b24761d433c", "http_status": 200, "body": {"accepted": true, "real_timestamp_ms": 1789229887294, "virtual_time_s": 620.457066, "measure_result": "no_signal"}}
2026-09-13 00:18:10,379 INFO request {"path": "/measure", "payload": {"arena_id": "default", "robot_id": "202601002029", "request_id": "fc9c72295b4147c594b92bb19d665cff", "position": {"x": 980.0, "y": 0.0}, "channel": 18}, "attempt": 1}
2026-09-13 00:18:10,395 INFO response {"request_id": "fc9c72295b4147c594b92bb19d665cff", "http_status": 200, "body": {"accepted": true, "real_timestamp_ms": 1789229887325, "virtual_time_s": 626.457066, "measure_result": "no_signal"}}
2026-09-13 00:18:10,410 INFO request {"path": "/measure", "payload": {"arena_id": "default", "robot_id": "202601002029", "request_id": "396594afad784274978360a8205d39cd", "position": {"x": 980.0, "y": 0.0}, "channel": 19}, "attempt": 1}
2026-09-13 00:18:10,424 INFO response {"request_id": "396594afad784274978360a8205d39cd", "http_status": 200, "body": {"accepted": true, "real_timestamp_ms": 1789229887354, "virtual_time_s": 632.457066, "measure_result": "no_signal"}}
2026-09-13 00:18:10,501 INFO request {"path": "/measure", "payload": {"arena_id": "default", "robot_id": "202601002029", "request_id": "ce3fb5d8c95546a0b673b735df823879", "position": {"x": 980.0, "y": 0.0}, "channel": 2}, "attempt": 1}
2026-09-13 00:18:10,502 INFO response {"request_id": "ce3fb5d8c95546a0b673b735df823879", "http_status": 200, "body": {"accepted": true, "real_timestamp_ms": 1789229887433, "virtual_time_s": 638.457066, "measure_result": "direction", "svd_deg": 25.18}}
2026-09-13 00:18:10,519 INFO request {"path": "/measure", "payload": {"arena_id": "default", "robot_id": "202601002029", "request_id": "7b7917a1b124465da95d1f35d374798b", "position": {"x": 980.0, "y": 0.0}, "channel": 20}, "attempt": 1}
2026-09-13 00:18:10,532 INFO response {"request_id": "7b7917a1b124465da95d1f35d374798b", "http_status": 200, "body": {"accepted": true, "real_timestamp_ms": 1789229887463, "virtual_time_s": 644.457066, "measure_result": "no_signal"}}
2026-09-13 00:18:10,908 INFO request {"path": "/measure", "payload": {"arena_id": "default", "robot_id": "202601002029", "request_id": "78852d87242e4688acf184a5b8e7e3ba", "position": {"x": 848.70489570875, "y": 489.99999999999994}, "channel": 1}, "attempt": 1}
2026-09-13 00:18:10,910 INFO response {"request_id": "78852d87242e4688acf184a5b8e7e3ba", "http_status": 200, "body": {"accepted": true, "real_timestamp_ms": 1789229887841, "virtual_time_s": 751.914132, "measure_result": "no_signal"}}
2026-09-13 00:18:10,925 INFO request {"path": "/measure", "payload": {"arena_id": "default", "robot_id": "202601002029", "request_id": "98418f9d59644e9cba4ed2daeac425d7", "position": {"x": 848.70489570875, "y": 489.99999999999994}, "channel": 3}, "attempt": 1}
2026-09-13 00:18:10,936 INFO response {"request_id": "98418f9d59644e9cba4ed2daeac425d7", "http_status": 200, "body": {"accepted": true, "real_timestamp_ms": 1789229887867, "virtual_time_s": 757.914132, "measure_result": "no_signal"}}
2026-09-13 00:18:10,951 INFO request {"path": "/measure", "payload": {"arena_id": "default", "robot_id": "202601002029", "request_id": "c10a4b9609244087afdb6d49c01eb560", "position": {"x": 848.70489570875, "y": 489.99999999999994}, "channel": 6}, "attempt": 1}
2026-09-13 00:18:10,966 INFO response {"request_id": "c10a4b9609244087afdb6d49c01eb560", "http_status": 200, "body": {"accepted": true, "real_timestamp_ms": 1789229887896, "virtual_time_s": 763.914132, "measure_result": "no_signal"}}
2026-09-13 00:18:10,981 INFO request {"path": "/measure", "payload": {"arena_id": "default", "robot_id": "202601002029", "request_id": "0a64942244274f3883bbea22a471d7ce", "position": {"x": 848.70489570875, "y": 489.99999999999994}, "channel": 7}, "attempt": 1}
2026-09-13 00:18:10,983 INFO response {"request_id": "0a64942244274f3883bbea22a471d7ce", "http_status": 200, "body": {"accepted": true, "real_timestamp_ms": 1789229887914, "virtual_time_s": 769.914132, "measure_result": "no_signal"}}
2026-09-13 00:18:11,014 INFO request {"path": "/measure", "payload": {"arena_id": "default", "robot_id": "202601002029", "request_id": "1e886ef9451c441fbf28d91e01fcab7b", "position": {"x": 848.70489570875, "y": 489.99999999999994}, "channel": 8}, "attempt": 1}
2026-09-13 00:18:11,017 INFO response {"request_id": "1e886ef9451c441fbf28d91e01fcab7b", "http_status": 200, "body": {"accepted": true, "real_timestamp_ms": 1789229887947, "virtual_time_s": 775.914132, "measure_result": "no_signal"}}
2026-09-13 00:18:11,048 INFO request {"path": "/measure", "payload": {"arena_id": "default", "robot_id": "202601002029", "request_id": "ca893751b9bc423b9946eed59bb8b61c", "position": {"x": 848.70489570875, "y": 489.99999999999994}, "channel": 9}, "attempt": 1}
2026-09-13 00:18:11,063 INFO response {"request_id": "ca893751b9bc423b9946eed59bb8b61c", "http_status": 200, "body": {"accepted": true, "real_timestamp_ms": 1789229887994, "virtual_time_s": 781.914132, "measure_result": "no_signal"}}
2026-09-13 00:18:11,078 INFO request {"path": "/measure", "payload": {"arena_id": "default", "robot_id": "202601002029", "request_id": "6b0d2c475c8046598112a3aac8624b02", "position": {"x": 848.70489570875, "y": 489.99999999999994}, "channel": 10}, "attempt": 1}
2026-09-13 00:18:11,081 INFO response {"request_id": "6b0d2c475c8046598112a3aac8624b02", "http_status": 200, "body": {"accepted": true, "real_timestamp_ms": 1789229888011, "virtual_time_s": 787.914132, "measure_result": "no_signal"}}
2026-09-13 00:18:11,111 INFO request {"path": "/measure", "payload": {"arena_id": "default", "robot_id": "202601002029", "request_id": "493381db52944f828bc16fa8f5325aa7", "position": {"x": 848.70489570875, "y": 489.99999999999994}, "channel": 11}, "attempt": 1}
2026-09-13 00:18:11,114 INFO response {"request_id": "493381db52944f828bc16fa8f5325aa7", "http_status": 200, "body": {"accepted": true, "real_timestamp_ms": 1789229888043, "virtual_time_s": 793.914132, "measure_result": "no_signal"}}
2026-09-13 00:18:11,128 INFO request {"path": "/measure", "payload": {"arena_id": "default", "robot_id": "202601002029", "request_id": "275827530e1949d186990110f755bf36", "position": {"x": 848.70489570875, "y": 489.99999999999994}, "channel": 12}, "attempt": 1}
2026-09-13 00:18:11,143 INFO response {"request_id": "275827530e1949d186990110f755bf36", "http_status": 200, "body": {"accepted": true, "real_timestamp_ms": 1789229888073, "virtual_time_s": 799.914132, "measure_result": "direction", "svd_deg": 112.74}}
2026-09-13 00:18:11,164 INFO request {"path": "/measure", "payload": {"arena_id": "default", "robot_id": "202601002029", "request_id": "08b8002d2ae84c0c83d3578bad4ecbfd", "position": {"x": 848.70489570875, "y": 489.99999999999994}, "channel": 13}, "attempt": 1}
2026-09-13 00:18:11,182 INFO response {"request_id": "08b8002d2ae84c0c83d3578bad4ecbfd", "http_status": 200, "body": {"accepted": true, "real_timestamp_ms": 1789229888113, "virtual_time_s": 805.914132, "measure_result": "no_signal"}}
2026-09-13 00:18:11,197 INFO request {"path": "/measure", "payload": {"arena_id": "default", "robot_id": "202601002029", "request_id": "1d119ac2aa5544cdb523fc2756d63ea4", "position": {"x": 848.70489570875, "y": 489.99999999999994}, "channel": 14}, "attempt": 1}
2026-09-13 00:18:11,199 INFO response {"request_id": "1d119ac2aa5544cdb523fc2756d63ea4", "http_status": 200, "body": {"accepted": true, "real_timestamp_ms": 1789229888129, "virtual_time_s": 811.914132, "measure_result": "no_signal"}}
2026-09-13 00:18:11,229 INFO request {"path": "/measure", "payload": {"arena_id": "default", "robot_id": "202601002029", "request_id": "33db42936a274af8b537c4b9d2e5a7e2", "position": {"x": 848.70489570875, "y": 489.99999999999994}, "channel": 15}, "attempt": 1}
2026-09-13 00:18:11,242 INFO response {"request_id": "33db42936a274af8b537c4b9d2e5a7e2", "http_status": 200, "body": {"accepted": true, "real_timestamp_ms": 1789229888173, "virtual_time_s": 817.914132, "measure_result": "no_signal"}}
2026-09-13 00:18:11,257 INFO request {"path": "/measure", "payload": {"arena_id": "default", "robot_id": "202601002029", "request_id": "feb97feaa2ad441eb68608b4d864ecc9", "position": {"x": 848.70489570875, "y": 489.99999999999994}, "channel": 16}, "attempt": 1}
2026-09-13 00:18:11,270 INFO response {"request_id": "feb97feaa2ad441eb68608b4d864ecc9", "http_status": 200, "body": {"accepted": true, "real_timestamp_ms": 1789229888202, "virtual_time_s": 823.914132, "measure_result": "no_signal"}}
2026-09-13 00:18:11,286 INFO request {"path": "/measure", "payload": {"arena_id": "default", "robot_id": "202601002029", "request_id": "e25f173d66864ebfb1c8cd27d5a27a88", "position": {"x": 848.70489570875, "y": 489.99999999999994}, "channel": 17}, "attempt": 1}
2026-09-13 00:18:11,300 INFO response {"request_id": "e25f173d66864ebfb1c8cd27d5a27a88", "http_status": 200, "body": {"accepted": true, "real_timestamp_ms": 1789229888231, "virtual_time_s": 829.914132, "measure_result": "direction", "svd_deg": 181.33}}
2026-09-13 00:18:11,317 INFO request {"path": "/measure", "payload": {"arena_id": "default", "robot_id": "202601002029", "request_id": "e8f5246cc5ee444da16227a6c4a5a689", "position": {"x": 848.70489570875, "y": 489.99999999999994}, "channel": 18}, "attempt": 1}
2026-09-13 00:18:11,330 INFO response {"request_id": "e8f5246cc5ee444da16227a6c4a5a689", "http_status": 200, "body": {"accepted": true, "real_timestamp_ms": 1789229888260, "virtual_time_s": 835.914132, "measure_result": "no_signal"}}
2026-09-13 00:18:11,360 INFO request {"path": "/measure", "payload": {"arena_id": "default", "robot_id": "202601002029", "request_id": "00519559873c4d5a9a95bb36e59d6359", "position": {"x": 848.70489570875, "y": 489.99999999999994}, "channel": 19}, "attempt": 1}
2026-09-13 00:18:11,362 INFO response {"request_id": "00519559873c4d5a9a95bb36e59d6359", "http_status": 200, "body": {"accepted": true, "real_timestamp_ms": 1789229888293, "virtual_time_s": 841.914132, "measure_result": "no_signal"}}
2026-09-13 00:18:11,422 INFO request {"path": "/measure", "payload": {"arena_id": "default", "robot_id": "202601002029", "request_id": "b990fad73d7843ac8a6b4413e79cac6c", "position": {"x": 848.70489570875, "y": 489.99999999999994}, "channel": 2}, "attempt": 1}
2026-09-13 00:18:11,423 INFO response {"request_id": "b990fad73d7843ac8a6b4413e79cac6c", "http_status": 200, "body": {"accepted": true, "real_timestamp_ms": 1789229888354, "virtual_time_s": 847.914132, "measure_result": "direction", "svd_deg": 339.38}}
2026-09-13 00:18:11,441 INFO request {"path": "/measure", "payload": {"arena_id": "default", "robot_id": "202601002029", "request_id": "d2a3ebfafef847948cda6cf89f80bfac", "position": {"x": 848.70489570875, "y": 489.99999999999994}, "channel": 20}, "attempt": 1}
2026-09-13 00:18:11,459 INFO response {"request_id": "d2a3ebfafef847948cda6cf89f80bfac", "http_status": 200, "body": {"accepted": true, "real_timestamp_ms": 1789229888389, "virtual_time_s": 853.914132, "measure_result": "direction", "svd_deg": 7.65}}
2026-09-13 00:18:12,016 INFO request {"path": "/measure", "payload": {"arena_id": "default", "robot_id": "202601002029", "request_id": "63b50ccb6694494b8ea971cbe7f0fd69", "position": {"x": 490.0000000000001, "y": 848.7048957087499}, "channel": 1}, "attempt": 1}
2026-09-13 00:18:12,032 INFO response {"request_id": "63b50ccb6694494b8ea971cbe7f0fd69", "http_status": 200, "body": {"accepted": true, "real_timestamp_ms": 1789229888963, "virtual_time_s": 961.371198, "measure_result": "no_signal"}}
2026-09-13 00:18:12,049 INFO request {"path": "/measure", "payload": {"arena_id": "default", "robot_id": "202601002029", "request_id": "4457bbd8d00c478d875a2fd8bf294493", "position": {"x": 490.0000000000001, "y": 848.7048957087499}, "channel": 3}, "attempt": 1}
2026-09-13 00:18:12,050 INFO response {"request_id": "4457bbd8d00c478d875a2fd8bf294493", "http_status": 200, "body": {"accepted": true, "real_timestamp_ms": 1789229888981, "virtual_time_s": 967.371198, "measure_result": "no_signal"}}
2026-09-13 00:18:12,065 INFO request {"path": "/measure", "payload": {"arena_id": "default", "robot_id": "202601002029", "request_id": "3fad618a9bd440d8aee269cea4b5a4c6", "position": {"x": 490.0000000000001, "y": 848.7048957087499}, "channel": 6}, "attempt": 1}
2026-09-13 00:18:12,081 INFO response {"request_id": "3fad618a9bd440d8aee269cea4b5a4c6", "http_status": 200, "body": {"accepted": true, "real_timestamp_ms": 1789229889012, "virtual_time_s": 973.371198, "measure_result": "no_signal"}}
2026-09-13 00:18:12,081 INFO request {"path": "/measure", "payload": {"arena_id": "default", "robot_id": "202601002029", "request_id": "b37a5d16c0aa4d62bca3352971947e2f", "position": {"x": 490.0000000000001, "y": 848.7048957087499}, "channel": 7}, "attempt": 1}
2026-09-13 00:18:12,103 INFO response {"request_id": "b37a5d16c0aa4d62bca3352971947e2f", "http_status": 200, "body": {"accepted": true, "real_timestamp_ms": 1789229889033, "virtual_time_s": 979.371198, "measure_result": "no_signal"}}
2026-09-13 00:18:12,119 INFO request {"path": "/measure", "payload": {"arena_id": "default", "robot_id": "202601002029", "request_id": "5d8018bf53e849e5a62dc459dc485b54", "position": {"x": 490.0000000000001, "y": 848.7048957087499}, "channel": 8}, "attempt": 1}
2026-09-13 00:18:12,131 INFO response {"request_id": "5d8018bf53e849e5a62dc459dc485b54", "http_status": 200, "body": {"accepted": true, "real_timestamp_ms": 1789229889061, "virtual_time_s": 985.371198, "measure_result": "no_signal"}}
2026-09-13 00:18:12,146 INFO request {"path": "/measure", "payload": {"arena_id": "default", "robot_id": "202601002029", "request_id": "54967c2c62aa42caa0d90cf807f89a06", "position": {"x": 490.0000000000001, "y": 848.7048957087499}, "channel": 9}, "attempt": 1}
2026-09-13 00:18:12,147 INFO response {"request_id": "54967c2c62aa42caa0d90cf807f89a06", "http_status": 200, "body": {"accepted": true, "real_timestamp_ms": 1789229889078, "virtual_time_s": 991.371198, "measure_result": "no_signal"}}
2026-09-13 00:18:12,178 INFO request {"path": "/measure", "payload": {"arena_id": "default", "robot_id": "202601002029", "request_id": "c2c024ec4ac64a02b60c1d32e96aa638", "position": {"x": 490.0000000000001, "y": 848.7048957087499}, "channel": 10}, "attempt": 1}
2026-09-13 00:18:12,180 INFO response {"request_id": "c2c024ec4ac64a02b60c1d32e96aa638", "http_status": 200, "body": {"accepted": true, "real_timestamp_ms": 1789229889110, "virtual_time_s": 997.371198, "measure_result": "no_signal"}}
2026-09-13 00:18:12,211 INFO request {"path": "/measure", "payload": {"arena_id": "default", "robot_id": "202601002029", "request_id": "3a6af01a29904b228214695df19cd6bb", "position": {"x": 490.0000000000001, "y": 848.7048957087499}, "channel": 11}, "attempt": 1}
2026-09-13 00:18:12,214 INFO response {"request_id": "3a6af01a29904b228214695df19cd6bb", "http_status": 200, "body": {"accepted": true, "real_timestamp_ms": 1789229889144, "virtual_time_s": 1003.371198, "measure_result": "no_signal"}}
2026-09-13 00:18:12,245 INFO request {"path": "/measure", "payload": {"arena_id": "default", "robot_id": "202601002029", "request_id": "e5dde4ac6086480d98a01dbe32784852", "position": {"x": 490.0000000000001, "y": 848.7048957087499}, "channel": 13}, "attempt": 1}
2026-09-13 00:18:12,248 INFO response {"request_id": "e5dde4ac6086480d98a01dbe32784852", "http_status": 200, "body": {"accepted": true, "real_timestamp_ms": 1789229889178, "virtual_time_s": 1009.371198, "measure_result": "no_signal"}}
2026-09-13 00:18:12,278 INFO request {"path": "/measure", "payload": {"arena_id": "default", "robot_id": "202601002029", "request_id": "571c0bcb6ac54d6a91eb3ec6d70a7c93", "position": {"x": 490.0000000000001, "y": 848.7048957087499}, "channel": 14}, "attempt": 1}
2026-09-13 00:18:12,280 INFO response {"request_id": "571c0bcb6ac54d6a91eb3ec6d70a7c93", "http_status": 200, "body": {"accepted": true, "real_timestamp_ms": 1789229889211, "virtual_time_s": 1015.371198, "measure_result": "no_signal"}}
2026-09-13 00:18:12,311 INFO request {"path": "/measure", "payload": {"arena_id": "default", "robot_id": "202601002029", "request_id": "d17a6295af484ad6a75740c930d1ccbe", "position": {"x": 490.0000000000001, "y": 848.7048957087499}, "channel": 15}, "attempt": 1}
2026-09-13 00:18:12,313 INFO response {"request_id": "d17a6295af484ad6a75740c930d1ccbe", "http_status": 200, "body": {"accepted": true, "real_timestamp_ms": 1789229889243, "virtual_time_s": 1021.371198, "measure_result": "no_signal"}}
2026-09-13 00:18:12,344 INFO request {"path": "/measure", "payload": {"arena_id": "default", "robot_id": "202601002029", "request_id": "435e95f09a4543eda1b8eaa90fd3c18b", "position": {"x": 490.0000000000001, "y": 848.7048957087499}, "channel": 16}, "attempt": 1}
2026-09-13 00:18:12,360 INFO response {"request_id": "435e95f09a4543eda1b8eaa90fd3c18b", "http_status": 200, "body": {"accepted": true, "real_timestamp_ms": 1789229889290, "virtual_time_s": 1027.371198, "measure_result": "no_signal"}}
2026-09-13 00:18:12,376 INFO request {"path": "/measure", "payload": {"arena_id": "default", "robot_id": "202601002029", "request_id": "ceaa24c4c4e1494982eb2e92b3572718", "position": {"x": 490.0000000000001, "y": 848.7048957087499}, "channel": 18}, "attempt": 1}
2026-09-13 00:18:12,379 INFO response {"request_id": "ceaa24c4c4e1494982eb2e92b3572718", "http_status": 200, "body": {"accepted": true, "real_timestamp_ms": 1789229889308, "virtual_time_s": 1033.371198, "measure_result": "no_signal"}}
2026-09-13 00:18:12,394 INFO request {"path": "/measure", "payload": {"arena_id": "default", "robot_id": "202601002029", "request_id": "45bc946a665d45cb8a8e6799ec037cd3", "position": {"x": 490.0000000000001, "y": 848.7048957087499}, "channel": 19}, "attempt": 1}
2026-09-13 00:18:12,409 INFO response {"request_id": "45bc946a665d45cb8a8e6799ec037cd3", "http_status": 200, "body": {"accepted": true, "real_timestamp_ms": 1789229889340, "virtual_time_s": 1039.371198, "measure_result": "no_signal"}}
2026-09-13 00:18:12,495 INFO request {"path": "/measure", "payload": {"arena_id": "default", "robot_id": "202601002029", "request_id": "bd7016b7a8644d3b89a3b786b52e25a5", "position": {"x": 490.0000000000001, "y": 848.7048957087499}, "channel": 20}, "attempt": 1}
2026-09-13 00:18:12,507 INFO response {"request_id": "bd7016b7a8644d3b89a3b786b52e25a5", "http_status": 200, "body": {"accepted": true, "real_timestamp_ms": 1789229889437, "virtual_time_s": 1045.371198, "measure_result": "direction", "svd_deg": 331.06}}
2026-09-13 00:18:12,527 INFO request {"path": "/measure", "payload": {"arena_id": "default", "robot_id": "202601002029", "request_id": "08d984619c784e329b5f55f467786abc", "position": {"x": 490.0000000000001, "y": 848.7048957087499}, "channel": 17}, "attempt": 1}
2026-09-13 00:18:12,546 INFO response {"request_id": "08d984619c784e329b5f55f467786abc", "http_status": 200, "body": {"accepted": true, "real_timestamp_ms": 1789229889476, "virtual_time_s": 1051.371198, "measure_result": "direction", "svd_deg": 215.52}}
2026-09-13 00:18:12,563 INFO request {"path": "/measure", "payload": {"arena_id": "default", "robot_id": "202601002029", "request_id": "30a6a723801b4bd097e8c919685e270f", "position": {"x": 490.0000000000001, "y": 848.7048957087499}, "channel": 12}, "attempt": 1}
2026-09-13 00:18:12,575 INFO response {"request_id": "30a6a723801b4bd097e8c919685e270f", "http_status": 200, "body": {"accepted": true, "real_timestamp_ms": 1789229889506, "virtual_time_s": 1057.371198, "measure_result": "direction", "svd_deg": 99.61}}
2026-09-13 00:18:13,575 INFO request {"path": "/measure", "payload": {"arena_id": "default", "robot_id": "202601002029", "request_id": "9f02ca1b59a747ed84ad772cb7c0e153", "position": {"x": 6.000769315822031e-14, "y": 980.0}, "channel": 1}, "attempt": 1}
2026-09-13 00:18:13,592 INFO response {"request_id": "9f02ca1b59a747ed84ad772cb7c0e153", "http_status": 200, "body": {"accepted": true, "real_timestamp_ms": 1789229890523, "virtual_time_s": 1164.828264, "measure_result": "no_signal"}}
2026-09-13 00:18:13,607 INFO request {"path": "/measure", "payload": {"arena_id": "default", "robot_id": "202601002029", "request_id": "4b4dce9a5d09431fa340f6597cd19cb3", "position": {"x": 6.000769315822031e-14, "y": 980.0}, "channel": 3}, "attempt": 1}
2026-09-13 00:18:13,621 INFO response {"request_id": "4b4dce9a5d09431fa340f6597cd19cb3", "http_status": 200, "body": {"accepted": true, "real_timestamp_ms": 1789229890552, "virtual_time_s": 1170.828264, "measure_result": "no_signal"}}
2026-09-13 00:18:13,637 INFO request {"path": "/measure", "payload": {"arena_id": "default", "robot_id": "202601002029", "request_id": "299f3c443e984f4abe451bde8b0847e4", "position": {"x": 6.000769315822031e-14, "y": 980.0}, "channel": 6}, "attempt": 1}
2026-09-13 00:18:13,651 INFO response {"request_id": "299f3c443e984f4abe451bde8b0847e4", "http_status": 200, "body": {"accepted": true, "real_timestamp_ms": 1789229890581, "virtual_time_s": 1176.828264, "measure_result": "no_signal"}}
2026-09-13 00:18:13,666 INFO request {"path": "/measure", "payload": {"arena_id": "default", "robot_id": "202601002029", "request_id": "da7bf44fa1f440f2b37ce5996e71b058", "position": {"x": 6.000769315822031e-14, "y": 980.0}, "channel": 7}, "attempt": 1}
2026-09-13 00:18:13,681 INFO response {"request_id": "da7bf44fa1f440f2b37ce5996e71b058", "http_status": 200, "body": {"accepted": true, "real_timestamp_ms": 1789229890611, "virtual_time_s": 1182.828264, "measure_result": "no_signal"}}
2026-09-13 00:18:13,695 INFO request {"path": "/measure", "payload": {"arena_id": "default", "robot_id": "202601002029", "request_id": "8b3223da2d7b4771a35a866b41a3d28b", "position": {"x": 6.000769315822031e-14, "y": 980.0}, "channel": 8}, "attempt": 1}
2026-09-13 00:18:13,710 INFO response {"request_id": "8b3223da2d7b4771a35a866b41a3d28b", "http_status": 200, "body": {"accepted": true, "real_timestamp_ms": 1789229890641, "virtual_time_s": 1188.828264, "measure_result": "no_signal"}}
2026-09-13 00:18:13,724 INFO request {"path": "/measure", "payload": {"arena_id": "default", "robot_id": "202601002029", "request_id": "01fd784ecf514197b324cb6d1f3f0c72", "position": {"x": 6.000769315822031e-14, "y": 980.0}, "channel": 9}, "attempt": 1}
2026-09-13 00:18:13,740 INFO response {"request_id": "01fd784ecf514197b324cb6d1f3f0c72", "http_status": 200, "body": {"accepted": true, "real_timestamp_ms": 1789229890671, "virtual_time_s": 1194.828264, "measure_result": "direction", "svd_deg": 45.66}}
2026-09-13 00:18:13,756 INFO request {"path": "/measure", "payload": {"arena_id": "default", "robot_id": "202601002029", "request_id": "11b32ac0cda74122bd341fd6493b5e58", "position": {"x": 6.000769315822031e-14, "y": 980.0}, "channel": 10}, "attempt": 1}
2026-09-13 00:18:13,770 INFO response {"request_id": "11b32ac0cda74122bd341fd6493b5e58", "http_status": 200, "body": {"accepted": true, "real_timestamp_ms": 1789229890701, "virtual_time_s": 1200.828264, "measure_result": "direction", "svd_deg": 36.16}}
2026-09-13 00:18:13,787 INFO request {"path": "/measure", "payload": {"arena_id": "default", "robot_id": "202601002029", "request_id": "b5729f18a4db4f87bf0bf57cda00cdc8", "position": {"x": 6.000769315822031e-14, "y": 980.0}, "channel": 11}, "attempt": 1}
2026-09-13 00:18:13,788 INFO response {"request_id": "b5729f18a4db4f87bf0bf57cda00cdc8", "http_status": 200, "body": {"accepted": true, "real_timestamp_ms": 1789229890719, "virtual_time_s": 1206.828264, "measure_result": "no_signal"}}
2026-09-13 00:18:13,819 INFO request {"path": "/measure", "payload": {"arena_id": "default", "robot_id": "202601002029", "request_id": "02cdfee7161a4a40abeda217b7efd821", "position": {"x": 6.000769315822031e-14, "y": 980.0}, "channel": 13}, "attempt": 1}
2026-09-13 00:18:13,821 INFO response {"request_id": "02cdfee7161a4a40abeda217b7efd821", "http_status": 200, "body": {"accepted": true, "real_timestamp_ms": 1789229890752, "virtual_time_s": 1212.828264, "measure_result": "no_signal"}}
2026-09-13 00:18:13,852 INFO request {"path": "/measure", "payload": {"arena_id": "default", "robot_id": "202601002029", "request_id": "8a1422f62ba64caaaeb1fcdc5535ed1e", "position": {"x": 6.000769315822031e-14, "y": 980.0}, "channel": 14}, "attempt": 1}
2026-09-13 00:18:13,869 INFO response {"request_id": "8a1422f62ba64caaaeb1fcdc5535ed1e", "http_status": 200, "body": {"accepted": true, "real_timestamp_ms": 1789229890799, "virtual_time_s": 1218.828264, "measure_result": "no_signal"}}
2026-09-13 00:18:13,884 INFO request {"path": "/measure", "payload": {"arena_id": "default", "robot_id": "202601002029", "request_id": "0a6b59a2f0bf4af5a397a5239678849b", "position": {"x": 6.000769315822031e-14, "y": 980.0}, "channel": 15}, "attempt": 1}
2026-09-13 00:18:13,898 INFO response {"request_id": "0a6b59a2f0bf4af5a397a5239678849b", "http_status": 200, "body": {"accepted": true, "real_timestamp_ms": 1789229890829, "virtual_time_s": 1224.828264, "measure_result": "no_signal"}}
2026-09-13 00:18:13,914 INFO request {"path": "/measure", "payload": {"arena_id": "default", "robot_id": "202601002029", "request_id": "0d888a5145334082a90a748cb9bb654e", "position": {"x": 6.000769315822031e-14, "y": 980.0}, "channel": 16}, "attempt": 1}
2026-09-13 00:18:13,928 INFO response {"request_id": "0d888a5145334082a90a748cb9bb654e", "http_status": 200, "body": {"accepted": true, "real_timestamp_ms": 1789229890858, "virtual_time_s": 1230.828264, "measure_result": "no_signal"}}
2026-09-13 00:18:13,943 INFO request {"path": "/measure", "payload": {"arena_id": "default", "robot_id": "202601002029", "request_id": "1a96be0bd8b2414183f1f504f87d55cc", "position": {"x": 6.000769315822031e-14, "y": 980.0}, "channel": 18}, "attempt": 1}
2026-09-13 00:18:13,944 INFO response {"request_id": "1a96be0bd8b2414183f1f504f87d55cc", "http_status": 200, "body": {"accepted": true, "real_timestamp_ms": 1789229890875, "virtual_time_s": 1236.828264, "measure_result": "no_signal"}}
2026-09-13 00:18:13,975 INFO request {"path": "/measure", "payload": {"arena_id": "default", "robot_id": "202601002029", "request_id": "24552cf1462543c2940fcb2b5a8106a6", "position": {"x": 6.000769315822031e-14, "y": 980.0}, "channel": 19}, "attempt": 1}
2026-09-13 00:18:13,976 INFO response {"request_id": "24552cf1462543c2940fcb2b5a8106a6", "http_status": 200, "body": {"accepted": true, "real_timestamp_ms": 1789229890906, "virtual_time_s": 1242.828264, "measure_result": "no_signal"}}
2026-09-13 00:18:14,030 INFO request {"path": "/measure", "payload": {"arena_id": "default", "robot_id": "202601002029", "request_id": "0be3bafa8dcd41459f8145312b01596d", "position": {"x": 6.000769315822031e-14, "y": 980.0}, "channel": 17}, "attempt": 1}
2026-09-13 00:18:14,032 INFO response {"request_id": "0be3bafa8dcd41459f8145312b01596d", "http_status": 200, "body": {"accepted": true, "real_timestamp_ms": 1789229890962, "virtual_time_s": 1248.828264, "measure_result": "direction", "svd_deg": 262.9}}
2026-09-13 00:18:14,050 INFO request {"path": "/measure", "payload": {"arena_id": "default", "robot_id": "202601002029", "request_id": "ded585bad9dd430fa02678d2409dabd4", "position": {"x": 6.000769315822031e-14, "y": 980.0}, "channel": 12}, "attempt": 1}
2026-09-13 00:18:14,063 INFO response {"request_id": "ded585bad9dd430fa02678d2409dabd4", "http_status": 200, "body": {"accepted": true, "real_timestamp_ms": 1789229890994, "virtual_time_s": 1254.828264, "measure_result": "no_signal"}}
2026-09-13 00:18:15,237 INFO request {"path": "/measure", "payload": {"arena_id": "default", "robot_id": "202601002029", "request_id": "8f59ad88a1564c7e9fad2f713a6e74de", "position": {"x": 482.8444447608835, "y": 1801.9999999999998}, "channel": 1}, "attempt": 1}
2026-09-13 00:18:15,238 INFO response {"request_id": "8f59ad88a1564c7e9fad2f713a6e74de", "http_status": 200, "body": {"accepted": true, "real_timestamp_ms": 1789229892169, "virtual_time_s": 1451.492656, "measure_result": "no_signal"}}
2026-09-13 00:18:15,253 INFO request {"path": "/measure", "payload": {"arena_id": "default", "robot_id": "202601002029", "request_id": "7da2abc0470c46b19149c860fd9ddc25", "position": {"x": 482.8444447608835, "y": 1801.9999999999998}, "channel": 3}, "attempt": 1}
2026-09-13 00:18:15,254 INFO response {"request_id": "7da2abc0470c46b19149c860fd9ddc25", "http_status": 200, "body": {"accepted": true, "real_timestamp_ms": 1789229892185, "virtual_time_s": 1457.492656, "measure_result": "no_signal"}}
2026-09-13 00:18:15,269 INFO request {"path": "/measure", "payload": {"arena_id": "default", "robot_id": "202601002029", "request_id": "1802d5a18ace4b1ba2d3ebb1c034580b", "position": {"x": 482.8444447608835, "y": 1801.9999999999998}, "channel": 6}, "attempt": 1}
2026-09-13 00:18:15,270 INFO response {"request_id": "1802d5a18ace4b1ba2d3ebb1c034580b", "http_status": 200, "body": {"accepted": true, "real_timestamp_ms": 1789229892201, "virtual_time_s": 1463.492656, "measure_result": "no_signal"}}
2026-09-13 00:18:15,286 INFO request {"path": "/measure", "payload": {"arena_id": "default", "robot_id": "202601002029", "request_id": "59e467d37e5d48cea2c9b549b8dbba2d", "position": {"x": 482.8444447608835, "y": 1801.9999999999998}, "channel": 7}, "attempt": 1}
2026-09-13 00:18:15,288 INFO response {"request_id": "59e467d37e5d48cea2c9b549b8dbba2d", "http_status": 200, "body": {"accepted": true, "real_timestamp_ms": 1789229892219, "virtual_time_s": 1469.492656, "measure_result": "no_signal"}}
2026-09-13 00:18:15,319 INFO request {"path": "/measure", "payload": {"arena_id": "default", "robot_id": "202601002029", "request_id": "fec11f745ffb49129098083207953e7d", "position": {"x": 482.8444447608835, "y": 1801.9999999999998}, "channel": 8}, "attempt": 1}
2026-09-13 00:18:15,320 INFO response {"request_id": "fec11f745ffb49129098083207953e7d", "http_status": 200, "body": {"accepted": true, "real_timestamp_ms": 1789229892251, "virtual_time_s": 1475.492656, "measure_result": "no_signal"}}
2026-09-13 00:18:15,351 INFO request {"path": "/measure", "payload": {"arena_id": "default", "robot_id": "202601002029", "request_id": "5cdb4b94451a40448b867273c96e4f15", "position": {"x": 482.8444447608835, "y": 1801.9999999999998}, "channel": 11}, "attempt": 1}
2026-09-13 00:18:15,368 INFO response {"request_id": "5cdb4b94451a40448b867273c96e4f15", "http_status": 200, "body": {"accepted": true, "real_timestamp_ms": 1789229892298, "virtual_time_s": 1481.492656, "measure_result": "no_signal"}}
2026-09-13 00:18:15,383 INFO request {"path": "/measure", "payload": {"arena_id": "default", "robot_id": "202601002029", "request_id": "0ce174be89d5490f8b9d79251b7317bc", "position": {"x": 482.8444447608835, "y": 1801.9999999999998}, "channel": 13}, "attempt": 1}
2026-09-13 00:18:15,397 INFO response {"request_id": "0ce174be89d5490f8b9d79251b7317bc", "http_status": 200, "body": {"accepted": true, "real_timestamp_ms": 1789229892327, "virtual_time_s": 1487.492656, "measure_result": "no_signal"}}
2026-09-13 00:18:15,412 INFO request {"path": "/measure", "payload": {"arena_id": "default", "robot_id": "202601002029", "request_id": "0ed6a0a87b1444a7a1b2c79765cd6e10", "position": {"x": 482.8444447608835, "y": 1801.9999999999998}, "channel": 14}, "attempt": 1}
2026-09-13 00:18:15,414 INFO response {"request_id": "0ed6a0a87b1444a7a1b2c79765cd6e10", "http_status": 200, "body": {"accepted": true, "real_timestamp_ms": 1789229892344, "virtual_time_s": 1493.492656, "measure_result": "no_signal"}}
2026-09-13 00:18:15,445 INFO request {"path": "/measure", "payload": {"arena_id": "default", "robot_id": "202601002029", "request_id": "fc269e0bf9f34c058e662690d7c13631", "position": {"x": 482.8444447608835, "y": 1801.9999999999998}, "channel": 15}, "attempt": 1}
2026-09-13 00:18:15,446 INFO response {"request_id": "fc269e0bf9f34c058e662690d7c13631", "http_status": 200, "body": {"accepted": true, "real_timestamp_ms": 1789229892377, "virtual_time_s": 1499.492656, "measure_result": "no_signal"}}
2026-09-13 00:18:15,477 INFO request {"path": "/measure", "payload": {"arena_id": "default", "robot_id": "202601002029", "request_id": "101907fa4b774adf92f1a855968d39f9", "position": {"x": 482.8444447608835, "y": 1801.9999999999998}, "channel": 16}, "attempt": 1}
2026-09-13 00:18:15,496 INFO response {"request_id": "101907fa4b774adf92f1a855968d39f9", "http_status": 200, "body": {"accepted": true, "real_timestamp_ms": 1789229892426, "virtual_time_s": 1505.492656, "measure_result": "no_signal"}}
2026-09-13 00:18:15,511 INFO request {"path": "/measure", "payload": {"arena_id": "default", "robot_id": "202601002029", "request_id": "b64fc6d2db0d47b7907f83d2f84b11e5", "position": {"x": 482.8444447608835, "y": 1801.9999999999998}, "channel": 18}, "attempt": 1}
2026-09-13 00:18:15,526 INFO response {"request_id": "b64fc6d2db0d47b7907f83d2f84b11e5", "http_status": 200, "body": {"accepted": true, "real_timestamp_ms": 1789229892457, "virtual_time_s": 1511.492656, "measure_result": "no_signal"}}
2026-09-13 00:18:15,542 INFO request {"path": "/measure", "payload": {"arena_id": "default", "robot_id": "202601002029", "request_id": "583ce46d90ac4aff8b052c51cd439f1f", "position": {"x": 482.8444447608835, "y": 1801.9999999999998}, "channel": 19}, "attempt": 1}
2026-09-13 00:18:15,556 INFO response {"request_id": "583ce46d90ac4aff8b052c51cd439f1f", "http_status": 200, "body": {"accepted": true, "real_timestamp_ms": 1789229892487, "virtual_time_s": 1517.492656, "measure_result": "no_signal"}}
2026-09-13 00:18:15,616 INFO request {"path": "/measure", "payload": {"arena_id": "default", "robot_id": "202601002029", "request_id": "be762eebd81e426597f7ccf8c1d0b21c", "position": {"x": 482.8444447608835, "y": 1801.9999999999998}, "channel": 10}, "attempt": 1}
2026-09-13 00:18:15,617 INFO response {"request_id": "be762eebd81e426597f7ccf8c1d0b21c", "http_status": 200, "body": {"accepted": true, "real_timestamp_ms": 1789229892548, "virtual_time_s": 1523.492656, "measure_result": "direction", "svd_deg": 303.56}}
2026-09-13 00:18:15,651 INFO request {"path": "/measure", "payload": {"arena_id": "default", "robot_id": "202601002029", "request_id": "2857ac18dfab4ce38d05aab3b2a112b0", "position": {"x": 482.8444447608835, "y": 1801.9999999999998}, "channel": 9}, "attempt": 1}
2026-09-13 00:18:15,666 INFO response {"request_id": "2857ac18dfab4ce38d05aab3b2a112b0", "http_status": 200, "body": {"accepted": true, "real_timestamp_ms": 1789229892596, "virtual_time_s": 1529.492656, "measure_result": "direction", "svd_deg": 272.8}}
2026-09-13 00:18:15,685 INFO request {"path": "/measure", "payload": {"arena_id": "default", "robot_id": "202601002029", "request_id": "fa7735891e9246ae81d70744aef62bb0", "position": {"x": 482.8444447608835, "y": 1801.9999999999998}, "channel": 12}, "attempt": 1}
2026-09-13 00:18:15,687 INFO response {"request_id": "fa7735891e9246ae81d70744aef62bb0", "http_status": 200, "body": {"accepted": true, "real_timestamp_ms": 1789229892617, "virtual_time_s": 1535.492656, "measure_result": "direction", "svd_deg": 219.8}}
2026-09-13 00:18:16,051 INFO request {"path": "/clear", "payload": {"arena_id": "default", "robot_id": "202601002029", "request_id": "be17b83fcc7d44c1b7b3d920c5390eb1", "position": {"x": 692.1572449581914, "y": 1485.998722464878}, "channel": 10}, "attempt": 1}
2026-09-13 00:18:16,070 INFO response {"request_id": "be17b83fcc7d44c1b7b3d920c5390eb1", "http_status": 200, "body": {"accepted": true, "real_timestamp_ms": 1789229893000, "virtual_time_s": 1616.299953, "clear_result": "success"}}
2026-09-13 00:18:16,114 INFO request {"path": "/measure", "payload": {"arena_id": "default", "robot_id": "202601002029", "request_id": "6618496c741849d68e200069b1aebc94", "position": {"x": 1319.155555239117, "y": 1319.155555239117}, "channel": 1}, "attempt": 1}
2026-09-13 00:18:16,130 INFO response {"request_id": "6618496c741849d68e200069b1aebc94", "http_status": 200, "body": {"accepted": true, "real_timestamp_ms": 1789229893061, "virtual_time_s": 1752.063357, "measure_result": "no_signal"}}
2026-09-13 00:18:16,145 INFO request {"path": "/measure", "payload": {"arena_id": "default", "robot_id": "202601002029", "request_id": "138909951cd04f4d9602869db423b5fc", "position": {"x": 1319.155555239117, "y": 1319.155555239117}, "channel": 3}, "attempt": 1}
2026-09-13 00:18:16,161 INFO response {"request_id": "138909951cd04f4d9602869db423b5fc", "http_status": 200, "body": {"accepted": true, "real_timestamp_ms": 1789229893092, "virtual_time_s": 1758.063357, "measure_result": "no_signal"}}
2026-09-13 00:18:16,176 INFO request {"path": "/measure", "payload": {"arena_id": "default", "robot_id": "202601002029", "request_id": "c843c5bc0d534d469dad2d3829ff8342", "position": {"x": 1319.155555239117, "y": 1319.155555239117}, "channel": 6}, "attempt": 1}
2026-09-13 00:18:16,179 INFO response {"request_id": "c843c5bc0d534d469dad2d3829ff8342", "http_status": 200, "body": {"accepted": true, "real_timestamp_ms": 1789229893109, "virtual_time_s": 1764.063357, "measure_result": "no_signal"}}
2026-09-13 00:18:16,210 INFO request {"path": "/measure", "payload": {"arena_id": "default", "robot_id": "202601002029", "request_id": "9e3a7de5537843988e271dc0e45ce5c2", "position": {"x": 1319.155555239117, "y": 1319.155555239117}, "channel": 7}, "attempt": 1}
2026-09-13 00:18:16,212 INFO response {"request_id": "9e3a7de5537843988e271dc0e45ce5c2", "http_status": 200, "body": {"accepted": true, "real_timestamp_ms": 1789229893142, "virtual_time_s": 1770.063357, "measure_result": "no_signal"}}
2026-09-13 00:18:16,243 INFO request {"path": "/measure", "payload": {"arena_id": "default", "robot_id": "202601002029", "request_id": "4e1fd6a9d2dd472bb1056970cdfea213", "position": {"x": 1319.155555239117, "y": 1319.155555239117}, "channel": 8}, "attempt": 1}
2026-09-13 00:18:16,245 INFO response {"request_id": "4e1fd6a9d2dd472bb1056970cdfea213", "http_status": 200, "body": {"accepted": true, "real_timestamp_ms": 1789229893175, "virtual_time_s": 1776.063357, "measure_result": "no_signal"}}
2026-09-13 00:18:16,275 INFO request {"path": "/measure", "payload": {"arena_id": "default", "robot_id": "202601002029", "request_id": "a2a0ebc193114fdf93d04eafd7eb320d", "position": {"x": 1319.155555239117, "y": 1319.155555239117}, "channel": 11}, "attempt": 1}
2026-09-13 00:18:16,289 INFO response {"request_id": "a2a0ebc193114fdf93d04eafd7eb320d", "http_status": 200, "body": {"accepted": true, "real_timestamp_ms": 1789229893219, "virtual_time_s": 1782.063357, "measure_result": "no_signal"}}
2026-09-13 00:18:16,303 INFO request {"path": "/measure", "payload": {"arena_id": "default", "robot_id": "202601002029", "request_id": "2e476e2d731441c9bfa2ba825ca900ec", "position": {"x": 1319.155555239117, "y": 1319.155555239117}, "channel": 13}, "attempt": 1}
2026-09-13 00:18:16,320 INFO response {"request_id": "2e476e2d731441c9bfa2ba825ca900ec", "http_status": 200, "body": {"accepted": true, "real_timestamp_ms": 1789229893250, "virtual_time_s": 1788.063357, "measure_result": "direction", "svd_deg": 169.64}}
2026-09-13 00:18:16,340 INFO request {"path": "/measure", "payload": {"arena_id": "default", "robot_id": "202601002029", "request_id": "5f73743467944949976182f88f331f80", "position": {"x": 1319.155555239117, "y": 1319.155555239117}, "channel": 14}, "attempt": 1}
2026-09-13 00:18:16,362 INFO response {"request_id": "5f73743467944949976182f88f331f80", "http_status": 200, "body": {"accepted": true, "real_timestamp_ms": 1789229893292, "virtual_time_s": 1794.063357, "measure_result": "no_signal"}}
2026-09-13 00:18:16,378 INFO request {"path": "/measure", "payload": {"arena_id": "default", "robot_id": "202601002029", "request_id": "6dbe6dff270d46c9960b6cc79ba40b56", "position": {"x": 1319.155555239117, "y": 1319.155555239117}, "channel": 15}, "attempt": 1}
2026-09-13 00:18:16,381 INFO response {"request_id": "6dbe6dff270d46c9960b6cc79ba40b56", "http_status": 200, "body": {"accepted": true, "real_timestamp_ms": 1789229893311, "virtual_time_s": 1800.063357, "measure_result": "no_signal"}}
2026-09-13 00:18:16,396 INFO request {"path": "/measure", "payload": {"arena_id": "default", "robot_id": "202601002029", "request_id": "8ef73e8a0ffa45709f31524c77862327", "position": {"x": 1319.155555239117, "y": 1319.155555239117}, "channel": 16}, "attempt": 1}
2026-09-13 00:18:16,398 INFO response {"request_id": "8ef73e8a0ffa45709f31524c77862327", "http_status": 200, "body": {"accepted": true, "real_timestamp_ms": 1789229893328, "virtual_time_s": 1806.063357, "measure_result": "no_signal"}}
2026-09-13 00:18:16,429 INFO request {"path": "/measure", "payload": {"arena_id": "default", "robot_id": "202601002029", "request_id": "eac8f7780ae94223af1f0cb278927226", "position": {"x": 1319.155555239117, "y": 1319.155555239117}, "channel": 18}, "attempt": 1}
2026-09-13 00:18:16,448 INFO response {"request_id": "eac8f7780ae94223af1f0cb278927226", "http_status": 200, "body": {"accepted": true, "real_timestamp_ms": 1789229893379, "virtual_time_s": 1812.063357, "measure_result": "no_signal"}}
2026-09-13 00:18:16,464 INFO request {"path": "/measure", "payload": {"arena_id": "default", "robot_id": "202601002029", "request_id": "5ccfd979b97148f0a629688e686e6c6e", "position": {"x": 1319.155555239117, "y": 1319.155555239117}, "channel": 19}, "attempt": 1}
2026-09-13 00:18:16,467 INFO response {"request_id": "5ccfd979b97148f0a629688e686e6c6e", "http_status": 200, "body": {"accepted": true, "real_timestamp_ms": 1789229893397, "virtual_time_s": 1818.063357, "measure_result": "no_signal"}}
2026-09-13 00:18:16,520 INFO request {"path": "/measure", "payload": {"arena_id": "default", "robot_id": "202601002029", "request_id": "9f41b0c05d024804aa94a5bc9296d7df", "position": {"x": 1319.155555239117, "y": 1319.155555239117}, "channel": 2}, "attempt": 1}
2026-09-13 00:18:16,521 INFO response {"request_id": "9f41b0c05d024804aa94a5bc9296d7df", "http_status": 200, "body": {"accepted": true, "real_timestamp_ms": 1789229893452, "virtual_time_s": 1824.063357, "measure_result": "direction", "svd_deg": 278.25}}
2026-09-13 00:18:17,253 INFO request {"path": "/measure", "payload": {"arena_id": "default", "robot_id": "202601002029", "request_id": "800a8f92e2f341b88bd463240a892330", "position": {"x": 1802.0, "y": 482.84444476088305}, "channel": 1}, "attempt": 1}
2026-09-13 00:18:17,254 INFO response {"request_id": "800a8f92e2f341b88bd463240a892330", "http_status": 200, "body": {"accepted": true, "real_timestamp_ms": 1789229894185, "virtual_time_s": 2023.201135, "measure_result": "no_signal"}}
2026-09-13 00:18:17,269 INFO request {"path": "/measure", "payload": {"arena_id": "default", "robot_id": "202601002029", "request_id": "99bf3586a73546eda36f8a792a30c6ff", "position": {"x": 1802.0, "y": 482.84444476088305}, "channel": 3}, "attempt": 1}
2026-09-13 00:18:17,287 INFO response {"request_id": "99bf3586a73546eda36f8a792a30c6ff", "http_status": 200, "body": {"accepted": true, "real_timestamp_ms": 1789229894217, "virtual_time_s": 2029.201135, "measure_result": "no_signal"}}
2026-09-13 00:18:17,287 INFO request {"path": "/measure", "payload": {"arena_id": "default", "robot_id": "202601002029", "request_id": "cfff3fd29c7d41739d30edbd238605dc", "position": {"x": 1802.0, "y": 482.84444476088305}, "channel": 6}, "attempt": 1}
2026-09-13 00:18:17,306 INFO response {"request_id": "cfff3fd29c7d41739d30edbd238605dc", "http_status": 200, "body": {"accepted": true, "real_timestamp_ms": 1789229894236, "virtual_time_s": 2035.201135, "measure_result": "no_signal"}}
2026-09-13 00:18:17,322 INFO request {"path": "/measure", "payload": {"arena_id": "default", "robot_id": "202601002029", "request_id": "cd995549aa1842a9b98cdad059a33eac", "position": {"x": 1802.0, "y": 482.84444476088305}, "channel": 7}, "attempt": 1}
2026-09-13 00:18:17,324 INFO response {"request_id": "cd995549aa1842a9b98cdad059a33eac", "http_status": 200, "body": {"accepted": true, "real_timestamp_ms": 1789229894254, "virtual_time_s": 2041.201135, "measure_result": "no_signal"}}
2026-09-13 00:18:17,355 INFO request {"path": "/measure", "payload": {"arena_id": "default", "robot_id": "202601002029", "request_id": "ec9087ad535c449fb610d4bd3a915308", "position": {"x": 1802.0, "y": 482.84444476088305}, "channel": 8}, "attempt": 1}
2026-09-13 00:18:17,365 INFO response {"request_id": "ec9087ad535c449fb610d4bd3a915308", "http_status": 200, "body": {"accepted": true, "real_timestamp_ms": 1789229894295, "virtual_time_s": 2047.201135, "measure_result": "no_signal"}}
2026-09-13 00:18:17,380 INFO request {"path": "/measure", "payload": {"arena_id": "default", "robot_id": "202601002029", "request_id": "3a9d50788f57455bb5528e8b35d5e4ac", "position": {"x": 1802.0, "y": 482.84444476088305}, "channel": 11}, "attempt": 1}
2026-09-13 00:18:17,382 INFO response {"request_id": "3a9d50788f57455bb5528e8b35d5e4ac", "http_status": 200, "body": {"accepted": true, "real_timestamp_ms": 1789229894313, "virtual_time_s": 2053.201135, "measure_result": "no_signal"}}
2026-09-13 00:18:17,414 INFO request {"path": "/measure", "payload": {"arena_id": "default", "robot_id": "202601002029", "request_id": "690312039d894d41af9110cc8efad626", "position": {"x": 1802.0, "y": 482.84444476088305}, "channel": 14}, "attempt": 1}
2026-09-13 00:18:17,417 INFO response {"request_id": "690312039d894d41af9110cc8efad626", "http_status": 200, "body": {"accepted": true, "real_timestamp_ms": 1789229894346, "virtual_time_s": 2059.201135, "measure_result": "no_signal"}}
2026-09-13 00:18:17,448 INFO request {"path": "/measure", "payload": {"arena_id": "default", "robot_id": "202601002029", "request_id": "bc9e7a974b6b4afc8a45290bbf086cb6", "position": {"x": 1802.0, "y": 482.84444476088305}, "channel": 15}, "attempt": 1}
2026-09-13 00:18:17,449 INFO response {"request_id": "bc9e7a974b6b4afc8a45290bbf086cb6", "http_status": 200, "body": {"accepted": true, "real_timestamp_ms": 1789229894380, "virtual_time_s": 2065.201135, "measure_result": "no_signal"}}
2026-09-13 00:18:17,480 INFO request {"path": "/measure", "payload": {"arena_id": "default", "robot_id": "202601002029", "request_id": "0267a5f3619c4c919b5a4cd2d7aec942", "position": {"x": 1802.0, "y": 482.84444476088305}, "channel": 16}, "attempt": 1}
2026-09-13 00:18:17,492 INFO response {"request_id": "0267a5f3619c4c919b5a4cd2d7aec942", "http_status": 200, "body": {"accepted": true, "real_timestamp_ms": 1789229894423, "virtual_time_s": 2071.201135, "measure_result": "no_signal"}}
2026-09-13 00:18:17,507 INFO request {"path": "/measure", "payload": {"arena_id": "default", "robot_id": "202601002029", "request_id": "5ac0243c2c88410e8bddd829f50829ed", "position": {"x": 1802.0, "y": 482.84444476088305}, "channel": 18}, "attempt": 1}
2026-09-13 00:18:17,522 INFO response {"request_id": "5ac0243c2c88410e8bddd829f50829ed", "http_status": 200, "body": {"accepted": true, "real_timestamp_ms": 1789229894453, "virtual_time_s": 2077.201135, "measure_result": "no_signal"}}
2026-09-13 00:18:17,538 INFO request {"path": "/measure", "payload": {"arena_id": "default", "robot_id": "202601002029", "request_id": "2aa65773beb44235aaba6c8e2696e6a6", "position": {"x": 1802.0, "y": 482.84444476088305}, "channel": 19}, "attempt": 1}
2026-09-13 00:18:17,539 INFO response {"request_id": "2aa65773beb44235aaba6c8e2696e6a6", "http_status": 200, "body": {"accepted": true, "real_timestamp_ms": 1789229894470, "virtual_time_s": 2083.201135, "measure_result": "no_signal"}}
2026-09-13 00:18:17,913 INFO request {"path": "/clear", "payload": {"arena_id": "default", "robot_id": "202601002029", "request_id": "8d6ea8fdc7d64565ace450975ad249e0", "position": {"x": 1485.9699854196924, "y": 241.43726603700858}, "channel": 2}, "attempt": 1}
2026-09-13 00:18:17,927 INFO response {"request_id": "8d6ea8fdc7d64565ace450975ad249e0", "http_status": 200, "body": {"accepted": true, "real_timestamp_ms": 1789229894857, "virtual_time_s": 2167.737893, "clear_result": "success"}}
2026-09-13 00:18:17,958 INFO request {"path": "/measure", "payload": {"arena_id": "default", "robot_id": "202601002029", "request_id": "aa5b4984784e4f9e96255c1057f3873a", "position": {"x": 1801.9999999999995, "y": -482.84444476088464}, "channel": 19}, "attempt": 1}
2026-09-13 00:18:17,975 INFO response {"request_id": "aa5b4984784e4f9e96255c1057f3873a", "http_status": 200, "body": {"accepted": true, "real_timestamp_ms": 1789229894906, "virtual_time_s": 2330.783325, "measure_result": "no_signal"}}
2026-09-13 00:18:17,991 INFO request {"path": "/measure", "payload": {"arena_id": "default", "robot_id": "202601002029", "request_id": "adce277bce0845e184a298e6c2162637", "position": {"x": 1801.9999999999995, "y": -482.84444476088464}, "channel": 1}, "attempt": 1}
2026-09-13 00:18:18,006 INFO response {"request_id": "adce277bce0845e184a298e6c2162637", "http_status": 200, "body": {"accepted": true, "real_timestamp_ms": 1789229894936, "virtual_time_s": 2336.783325, "measure_result": "no_signal"}}
2026-09-13 00:18:18,020 INFO request {"path": "/measure", "payload": {"arena_id": "default", "robot_id": "202601002029", "request_id": "37838a77f3d44133af0eacecb84e7c00", "position": {"x": 1801.9999999999995, "y": -482.84444476088464}, "channel": 3}, "attempt": 1}
2026-09-13 00:18:18,035 INFO response {"request_id": "37838a77f3d44133af0eacecb84e7c00", "http_status": 200, "body": {"accepted": true, "real_timestamp_ms": 1789229894966, "virtual_time_s": 2342.783325, "measure_result": "no_signal"}}
2026-09-13 00:18:18,050 INFO request {"path": "/measure", "payload": {"arena_id": "default", "robot_id": "202601002029", "request_id": "385eb227ba09491c83e124eba398467d", "position": {"x": 1801.9999999999995, "y": -482.84444476088464}, "channel": 6}, "attempt": 1}
2026-09-13 00:18:18,064 INFO response {"request_id": "385eb227ba09491c83e124eba398467d", "http_status": 200, "body": {"accepted": true, "real_timestamp_ms": 1789229894994, "virtual_time_s": 2348.783325, "measure_result": "no_signal"}}
2026-09-13 00:18:18,095 INFO request {"path": "/measure", "payload": {"arena_id": "default", "robot_id": "202601002029", "request_id": "94ef095397d44862ac23e2f13dc0adf2", "position": {"x": 1801.9999999999995, "y": -482.84444476088464}, "channel": 7}, "attempt": 1}
2026-09-13 00:18:18,112 INFO response {"request_id": "94ef095397d44862ac23e2f13dc0adf2", "http_status": 200, "body": {"accepted": true, "real_timestamp_ms": 1789229895042, "virtual_time_s": 2354.783325, "measure_result": "no_signal"}}
2026-09-13 00:18:18,127 INFO request {"path": "/measure", "payload": {"arena_id": "default", "robot_id": "202601002029", "request_id": "ffbfe730914e4aa99233d43d571f2cbf", "position": {"x": 1801.9999999999995, "y": -482.84444476088464}, "channel": 8}, "attempt": 1}
2026-09-13 00:18:18,142 INFO response {"request_id": "ffbfe730914e4aa99233d43d571f2cbf", "http_status": 200, "body": {"accepted": true, "real_timestamp_ms": 1789229895072, "virtual_time_s": 2360.783325, "measure_result": "no_signal"}}
2026-09-13 00:18:18,157 INFO request {"path": "/measure", "payload": {"arena_id": "default", "robot_id": "202601002029", "request_id": "a43ed40e66944331a2f6b095a8470e92", "position": {"x": 1801.9999999999995, "y": -482.84444476088464}, "channel": 11}, "attempt": 1}
2026-09-13 00:18:18,171 INFO response {"request_id": "a43ed40e66944331a2f6b095a8470e92", "http_status": 200, "body": {"accepted": true, "real_timestamp_ms": 1789229895102, "virtual_time_s": 2366.783325, "measure_result": "no_signal"}}
2026-09-13 00:18:18,186 INFO request {"path": "/measure", "payload": {"arena_id": "default", "robot_id": "202601002029", "request_id": "9674dce200c646f38eb801bdaba09c2d", "position": {"x": 1801.9999999999995, "y": -482.84444476088464}, "channel": 14}, "attempt": 1}
2026-09-13 00:18:18,188 INFO response {"request_id": "9674dce200c646f38eb801bdaba09c2d", "http_status": 200, "body": {"accepted": true, "real_timestamp_ms": 1789229895119, "virtual_time_s": 2372.783325, "measure_result": "no_signal"}}
2026-09-13 00:18:18,219 INFO request {"path": "/measure", "payload": {"arena_id": "default", "robot_id": "202601002029", "request_id": "bb67278c3c9249b79429336fa7b6b676", "position": {"x": 1801.9999999999995, "y": -482.84444476088464}, "channel": 15}, "attempt": 1}
2026-09-13 00:18:18,240 INFO response {"request_id": "bb67278c3c9249b79429336fa7b6b676", "http_status": 200, "body": {"accepted": true, "real_timestamp_ms": 1789229895170, "virtual_time_s": 2378.783325, "measure_result": "no_signal"}}
2026-09-13 00:18:18,240 INFO request {"path": "/measure", "payload": {"arena_id": "default", "robot_id": "202601002029", "request_id": "b0748817d8504cae972dea8865444e38", "position": {"x": 1801.9999999999995, "y": -482.84444476088464}, "channel": 16}, "attempt": 1}
2026-09-13 00:18:18,243 INFO response {"request_id": "b0748817d8504cae972dea8865444e38", "http_status": 200, "body": {"accepted": true, "real_timestamp_ms": 1789229895173, "virtual_time_s": 2384.783325, "measure_result": "no_signal"}}
2026-09-13 00:18:18,274 INFO request {"path": "/measure", "payload": {"arena_id": "default", "robot_id": "202601002029", "request_id": "77598db1f9a04d3ea028e2de7c93ce2f", "position": {"x": 1801.9999999999995, "y": -482.84444476088464}, "channel": 18}, "attempt": 1}
2026-09-13 00:18:18,275 INFO response {"request_id": "77598db1f9a04d3ea028e2de7c93ce2f", "http_status": 200, "body": {"accepted": true, "real_timestamp_ms": 1789229895206, "virtual_time_s": 2390.783325, "measure_result": "no_signal"}}
2026-09-13 00:18:19,012 INFO request {"path": "/measure", "payload": {"arena_id": "default", "robot_id": "202601002029", "request_id": "dd620a7045114d4fbaa7cb26b1095ddd", "position": {"x": 1319.1555552391164, "y": -1319.1555552391171}, "channel": 18}, "attempt": 1}
2026-09-13 00:18:19,025 INFO response {"request_id": "dd620a7045114d4fbaa7cb26b1095ddd", "http_status": 200, "body": {"accepted": true, "real_timestamp_ms": 1789229895956, "virtual_time_s": 2588.921103, "measure_result": "no_signal"}}
2026-09-13 00:18:19,040 INFO request {"path": "/measure", "payload": {"arena_id": "default", "robot_id": "202601002029", "request_id": "f99eeaabd72b4706bb06ec830df66f55", "position": {"x": 1319.1555552391164, "y": -1319.1555552391171}, "channel": 1}, "attempt": 1}
2026-09-13 00:18:19,055 INFO response {"request_id": "f99eeaabd72b4706bb06ec830df66f55", "http_status": 200, "body": {"accepted": true, "real_timestamp_ms": 1789229895985, "virtual_time_s": 2594.921103, "measure_result": "no_signal"}}
2026-09-13 00:18:19,072 INFO request {"path": "/measure", "payload": {"arena_id": "default", "robot_id": "202601002029", "request_id": "2fccada9453f4e75b4a7a712693a566b", "position": {"x": 1319.1555552391164, "y": -1319.1555552391171}, "channel": 3}, "attempt": 1}
2026-09-13 00:18:19,084 INFO response {"request_id": "2fccada9453f4e75b4a7a712693a566b", "http_status": 200, "body": {"accepted": true, "real_timestamp_ms": 1789229896014, "virtual_time_s": 2600.921103, "measure_result": "no_signal"}}
2026-09-13 00:18:19,098 INFO request {"path": "/measure", "payload": {"arena_id": "default", "robot_id": "202601002029", "request_id": "773003ca6d2346dfa7b8abad60dd7672", "position": {"x": 1319.1555552391164, "y": -1319.1555552391171}, "channel": 6}, "attempt": 1}
2026-09-13 00:18:19,113 INFO response {"request_id": "773003ca6d2346dfa7b8abad60dd7672", "http_status": 200, "body": {"accepted": true, "real_timestamp_ms": 1789229896043, "virtual_time_s": 2606.921103, "measure_result": "no_signal"}}
2026-09-13 00:18:19,128 INFO request {"path": "/measure", "payload": {"arena_id": "default", "robot_id": "202601002029", "request_id": "f71484dc8ef34b1486ed523becf658d2", "position": {"x": 1319.1555552391164, "y": -1319.1555552391171}, "channel": 7}, "attempt": 1}
2026-09-13 00:18:19,142 INFO response {"request_id": "f71484dc8ef34b1486ed523becf658d2", "http_status": 200, "body": {"accepted": true, "real_timestamp_ms": 1789229896073, "virtual_time_s": 2612.921103, "measure_result": "no_signal"}}
2026-09-13 00:18:19,157 INFO request {"path": "/measure", "payload": {"arena_id": "default", "robot_id": "202601002029", "request_id": "dce2b205da1c4b518592858a4f2a6fe4", "position": {"x": 1319.1555552391164, "y": -1319.1555552391171}, "channel": 8}, "attempt": 1}
2026-09-13 00:18:19,172 INFO response {"request_id": "dce2b205da1c4b518592858a4f2a6fe4", "http_status": 200, "body": {"accepted": true, "real_timestamp_ms": 1789229896102, "virtual_time_s": 2618.921103, "measure_result": "no_signal"}}
2026-09-13 00:18:19,187 INFO request {"path": "/measure", "payload": {"arena_id": "default", "robot_id": "202601002029", "request_id": "730c6df149c24344b80f0ee2d64001c3", "position": {"x": 1319.1555552391164, "y": -1319.1555552391171}, "channel": 11}, "attempt": 1}
2026-09-13 00:18:19,189 INFO response {"request_id": "730c6df149c24344b80f0ee2d64001c3", "http_status": 200, "body": {"accepted": true, "real_timestamp_ms": 1789229896119, "virtual_time_s": 2624.921103, "measure_result": "no_signal"}}
2026-09-13 00:18:19,219 INFO request {"path": "/measure", "payload": {"arena_id": "default", "robot_id": "202601002029", "request_id": "bfe0b573bda34802b46211b7d196de3d", "position": {"x": 1319.1555552391164, "y": -1319.1555552391171}, "channel": 14}, "attempt": 1}
2026-09-13 00:18:19,231 INFO response {"request_id": "bfe0b573bda34802b46211b7d196de3d", "http_status": 200, "body": {"accepted": true, "real_timestamp_ms": 1789229896161, "virtual_time_s": 2630.921103, "measure_result": "no_signal"}}
2026-09-13 00:18:19,246 INFO request {"path": "/measure", "payload": {"arena_id": "default", "robot_id": "202601002029", "request_id": "17c038ee4a7748d8b045300e909f8c80", "position": {"x": 1319.1555552391164, "y": -1319.1555552391171}, "channel": 15}, "attempt": 1}
2026-09-13 00:18:19,260 INFO response {"request_id": "17c038ee4a7748d8b045300e909f8c80", "http_status": 200, "body": {"accepted": true, "real_timestamp_ms": 1789229896191, "virtual_time_s": 2636.921103, "measure_result": "no_signal"}}
2026-09-13 00:18:19,275 INFO request {"path": "/measure", "payload": {"arena_id": "default", "robot_id": "202601002029", "request_id": "3b9e72f45c87424ab33934b26d875f6e", "position": {"x": 1319.1555552391164, "y": -1319.1555552391171}, "channel": 16}, "attempt": 1}
2026-09-13 00:18:19,289 INFO response {"request_id": "3b9e72f45c87424ab33934b26d875f6e", "http_status": 200, "body": {"accepted": true, "real_timestamp_ms": 1789229896220, "virtual_time_s": 2642.921103, "measure_result": "no_signal"}}
2026-09-13 00:18:19,304 INFO request {"path": "/measure", "payload": {"arena_id": "default", "robot_id": "202601002029", "request_id": "16dc78d57a7f4ff0a51cbe803555b62d", "position": {"x": 1319.1555552391164, "y": -1319.1555552391171}, "channel": 19}, "attempt": 1}
2026-09-13 00:18:19,320 INFO response {"request_id": "16dc78d57a7f4ff0a51cbe803555b62d", "http_status": 200, "body": {"accepted": true, "real_timestamp_ms": 1789229896250, "virtual_time_s": 2648.921103, "measure_result": "no_signal"}}
2026-09-13 00:18:20,081 INFO request {"path": "/measure", "payload": {"arena_id": "default", "robot_id": "202601002029", "request_id": "c59b0cd141e145cdbdc33784f97fcf53", "position": {"x": 482.84444476088225, "y": -1802.0000000000002}, "channel": 19}, "attempt": 1}
2026-09-13 00:18:20,082 INFO response {"request_id": "c59b0cd141e145cdbdc33784f97fcf53", "http_status": 200, "body": {"accepted": true, "real_timestamp_ms": 1789229897013, "virtual_time_s": 2847.058881, "measure_result": "no_signal"}}
2026-09-13 00:18:20,105 INFO request {"path": "/measure", "payload": {"arena_id": "default", "robot_id": "202601002029", "request_id": "254c6d06d91e4b2b9f5e287ef197c517", "position": {"x": 482.84444476088225, "y": -1802.0000000000002}, "channel": 1}, "attempt": 1}
2026-09-13 00:18:20,107 INFO response {"request_id": "254c6d06d91e4b2b9f5e287ef197c517", "http_status": 200, "body": {"accepted": true, "real_timestamp_ms": 1789229897037, "virtual_time_s": 2853.058881, "measure_result": "no_signal"}}
2026-09-13 00:18:20,138 INFO request {"path": "/measure", "payload": {"arena_id": "default", "robot_id": "202601002029", "request_id": "3d8fe90ca33848faae777ed44cec3944", "position": {"x": 482.84444476088225, "y": -1802.0000000000002}, "channel": 3}, "attempt": 1}
2026-09-13 00:18:20,141 INFO response {"request_id": "3d8fe90ca33848faae777ed44cec3944", "http_status": 200, "body": {"accepted": true, "real_timestamp_ms": 1789229897070, "virtual_time_s": 2859.058881, "measure_result": "no_signal"}}
2026-09-13 00:18:20,172 INFO request {"path": "/measure", "payload": {"arena_id": "default", "robot_id": "202601002029", "request_id": "37f12f8561ca4801a3065b9853c1fc7a", "position": {"x": 482.84444476088225, "y": -1802.0000000000002}, "channel": 6}, "attempt": 1}
2026-09-13 00:18:20,190 INFO response {"request_id": "37f12f8561ca4801a3065b9853c1fc7a", "http_status": 200, "body": {"accepted": true, "real_timestamp_ms": 1789229897120, "virtual_time_s": 2865.058881, "measure_result": "no_signal"}}
2026-09-13 00:18:20,204 INFO request {"path": "/measure", "payload": {"arena_id": "default", "robot_id": "202601002029", "request_id": "cb05766579cc4a7f8dd8d7e5b076a5f9", "position": {"x": 482.84444476088225, "y": -1802.0000000000002}, "channel": 7}, "attempt": 1}
2026-09-13 00:18:20,206 INFO response {"request_id": "cb05766579cc4a7f8dd8d7e5b076a5f9", "http_status": 200, "body": {"accepted": true, "real_timestamp_ms": 1789229897136, "virtual_time_s": 2871.058881, "measure_result": "no_signal"}}
2026-09-13 00:18:20,221 INFO request {"path": "/measure", "payload": {"arena_id": "default", "robot_id": "202601002029", "request_id": "07047b08f2694c79ab3ddbb1e47e4592", "position": {"x": 482.84444476088225, "y": -1802.0000000000002}, "channel": 8}, "attempt": 1}
2026-09-13 00:18:20,238 INFO response {"request_id": "07047b08f2694c79ab3ddbb1e47e4592", "http_status": 200, "body": {"accepted": true, "real_timestamp_ms": 1789229897169, "virtual_time_s": 2877.058881, "measure_result": "no_signal"}}
2026-09-13 00:18:20,238 INFO request {"path": "/measure", "payload": {"arena_id": "default", "robot_id": "202601002029", "request_id": "dce544cb512b45e1bcbdca743557d7f2", "position": {"x": 482.84444476088225, "y": -1802.0000000000002}, "channel": 11}, "attempt": 1}
2026-09-13 00:18:20,258 INFO response {"request_id": "dce544cb512b45e1bcbdca743557d7f2", "http_status": 200, "body": {"accepted": true, "real_timestamp_ms": 1789229897189, "virtual_time_s": 2883.058881, "measure_result": "no_signal"}}
2026-09-13 00:18:20,273 INFO request {"path": "/measure", "payload": {"arena_id": "default", "robot_id": "202601002029", "request_id": "4e35f6a77f804acf973993e5d33266c8", "position": {"x": 482.84444476088225, "y": -1802.0000000000002}, "channel": 14}, "attempt": 1}
2026-09-13 00:18:20,290 INFO response {"request_id": "4e35f6a77f804acf973993e5d33266c8", "http_status": 200, "body": {"accepted": true, "real_timestamp_ms": 1789229897219, "virtual_time_s": 2889.058881, "measure_result": "no_signal"}}
2026-09-13 00:18:20,304 INFO request {"path": "/measure", "payload": {"arena_id": "default", "robot_id": "202601002029", "request_id": "c58d5c14ff2a42419bb876319b8a8d91", "position": {"x": 482.84444476088225, "y": -1802.0000000000002}, "channel": 15}, "attempt": 1}
2026-09-13 00:18:20,306 INFO response {"request_id": "c58d5c14ff2a42419bb876319b8a8d91", "http_status": 200, "body": {"accepted": true, "real_timestamp_ms": 1789229897236, "virtual_time_s": 2895.058881, "measure_result": "no_signal"}}
2026-09-13 00:18:20,337 INFO request {"path": "/measure", "payload": {"arena_id": "default", "robot_id": "202601002029", "request_id": "8a4f1dd9fea947db8242a0faaa37c495", "position": {"x": 482.84444476088225, "y": -1802.0000000000002}, "channel": 16}, "attempt": 1}
2026-09-13 00:18:20,358 INFO response {"request_id": "8a4f1dd9fea947db8242a0faaa37c495", "http_status": 200, "body": {"accepted": true, "real_timestamp_ms": 1789229897288, "virtual_time_s": 2901.058881, "measure_result": "direction", "svd_deg": 145.93}}
2026-09-13 00:18:20,376 INFO request {"path": "/measure", "payload": {"arena_id": "default", "robot_id": "202601002029", "request_id": "8234b6d54520451fbfb3c3a682bbf487", "position": {"x": 482.84444476088225, "y": -1802.0000000000002}, "channel": 18}, "attempt": 1}
2026-09-13 00:18:20,378 INFO response {"request_id": "8234b6d54520451fbfb3c3a682bbf487", "http_status": 200, "body": {"accepted": true, "real_timestamp_ms": 1789229897309, "virtual_time_s": 2907.058881, "measure_result": "no_signal"}}
2026-09-13 00:18:21,456 INFO request {"path": "/measure", "payload": {"arena_id": "default", "robot_id": "202601002029", "request_id": "334824d17a1a4acfa3f1dd300d83df80", "position": {"x": 489.9999999999994, "y": -848.7048957087503}, "channel": 18}, "attempt": 1}
2026-09-13 00:18:21,457 INFO response {"request_id": "334824d17a1a4acfa3f1dd300d83df80", "http_status": 200, "body": {"accepted": true, "real_timestamp_ms": 1789229898388, "virtual_time_s": 3102.723273, "measure_result": "no_signal"}}
2026-09-13 00:18:21,472 INFO request {"path": "/measure", "payload": {"arena_id": "default", "robot_id": "202601002029", "request_id": "8f8e8bdf847e40109e2c65b587cf25f3", "position": {"x": 489.9999999999994, "y": -848.7048957087503}, "channel": 1}, "attempt": 1}
2026-09-13 00:18:21,473 INFO response {"request_id": "8f8e8bdf847e40109e2c65b587cf25f3", "http_status": 200, "body": {"accepted": true, "real_timestamp_ms": 1789229898404, "virtual_time_s": 3108.723273, "measure_result": "no_signal"}}
2026-09-13 00:18:21,504 INFO request {"path": "/measure", "payload": {"arena_id": "default", "robot_id": "202601002029", "request_id": "44648e79614a43d1b606c68a1a7c07ac", "position": {"x": 489.9999999999994, "y": -848.7048957087503}, "channel": 3}, "attempt": 1}
2026-09-13 00:18:21,507 INFO response {"request_id": "44648e79614a43d1b606c68a1a7c07ac", "http_status": 200, "body": {"accepted": true, "real_timestamp_ms": 1789229898436, "virtual_time_s": 3114.723273, "measure_result": "no_signal"}}
2026-09-13 00:18:21,538 INFO request {"path": "/measure", "payload": {"arena_id": "default", "robot_id": "202601002029", "request_id": "4faa3b336a674aa6a524254001a7a09a", "position": {"x": 489.9999999999994, "y": -848.7048957087503}, "channel": 6}, "attempt": 1}
2026-09-13 00:18:21,541 INFO response {"request_id": "4faa3b336a674aa6a524254001a7a09a", "http_status": 200, "body": {"accepted": true, "real_timestamp_ms": 1789229898470, "virtual_time_s": 3120.723273, "measure_result": "no_signal"}}
2026-09-13 00:18:21,571 INFO request {"path": "/measure", "payload": {"arena_id": "default", "robot_id": "202601002029", "request_id": "33a9f4cc269b41198d28a559e611db1d", "position": {"x": 489.9999999999994, "y": -848.7048957087503}, "channel": 7}, "attempt": 1}
2026-09-13 00:18:21,574 INFO response {"request_id": "33a9f4cc269b41198d28a559e611db1d", "http_status": 200, "body": {"accepted": true, "real_timestamp_ms": 1789229898504, "virtual_time_s": 3126.723273, "measure_result": "no_signal"}}
2026-09-13 00:18:21,604 INFO request {"path": "/measure", "payload": {"arena_id": "default", "robot_id": "202601002029", "request_id": "9fb6ebfa6752442dbe5062d390d360ce", "position": {"x": 489.9999999999994, "y": -848.7048957087503}, "channel": 8}, "attempt": 1}
2026-09-13 00:18:21,606 INFO response {"request_id": "9fb6ebfa6752442dbe5062d390d360ce", "http_status": 200, "body": {"accepted": true, "real_timestamp_ms": 1789229898537, "virtual_time_s": 3132.723273, "measure_result": "no_signal"}}
2026-09-13 00:18:21,637 INFO request {"path": "/measure", "payload": {"arena_id": "default", "robot_id": "202601002029", "request_id": "ca1b4c9c92db46f4a50ad95f32f26a80", "position": {"x": 489.9999999999994, "y": -848.7048957087503}, "channel": 11}, "attempt": 1}
2026-09-13 00:18:21,639 INFO response {"request_id": "ca1b4c9c92db46f4a50ad95f32f26a80", "http_status": 200, "body": {"accepted": true, "real_timestamp_ms": 1789229898569, "virtual_time_s": 3138.723273, "measure_result": "no_signal"}}
2026-09-13 00:18:21,670 INFO request {"path": "/measure", "payload": {"arena_id": "default", "robot_id": "202601002029", "request_id": "5f995f55acaa40f09323343fe5ba4ee2", "position": {"x": 489.9999999999994, "y": -848.7048957087503}, "channel": 14}, "attempt": 1}
2026-09-13 00:18:21,673 INFO response {"request_id": "5f995f55acaa40f09323343fe5ba4ee2", "http_status": 200, "body": {"accepted": true, "real_timestamp_ms": 1789229898603, "virtual_time_s": 3144.723273, "measure_result": "no_signal"}}
2026-09-13 00:18:21,704 INFO request {"path": "/measure", "payload": {"arena_id": "default", "robot_id": "202601002029", "request_id": "71dc8aaf58ad4c4aa52ff20e67b82b20", "position": {"x": 489.9999999999994, "y": -848.7048957087503}, "channel": 15}, "attempt": 1}
2026-09-13 00:18:21,707 INFO response {"request_id": "71dc8aaf58ad4c4aa52ff20e67b82b20", "http_status": 200, "body": {"accepted": true, "real_timestamp_ms": 1789229898637, "virtual_time_s": 3150.723273, "measure_result": "no_signal"}}
2026-09-13 00:18:21,722 INFO request {"path": "/measure", "payload": {"arena_id": "default", "robot_id": "202601002029", "request_id": "b7130b3e35c74c17a491ed04aec6593d", "position": {"x": 489.9999999999994, "y": -848.7048957087503}, "channel": 19}, "attempt": 1}
2026-09-13 00:18:21,739 INFO response {"request_id": "b7130b3e35c74c17a491ed04aec6593d", "http_status": 200, "body": {"accepted": true, "real_timestamp_ms": 1789229898670, "virtual_time_s": 3156.723273, "measure_result": "no_signal"}}
2026-09-13 00:18:21,814 INFO request {"path": "/measure", "payload": {"arena_id": "default", "robot_id": "202601002029", "request_id": "ee0b151ccb7c45d99d40bd0bc581f089", "position": {"x": 489.9999999999994, "y": -848.7048957087503}, "channel": 16}, "attempt": 1}
2026-09-13 00:18:21,816 INFO response {"request_id": "ee0b151ccb7c45d99d40bd0bc581f089", "http_status": 200, "body": {"accepted": true, "real_timestamp_ms": 1789229898746, "virtual_time_s": 3162.723273, "measure_result": "no_signal"}}
2026-09-13 00:18:22,778 INFO request {"path": "/measure", "payload": {"arena_id": "default", "robot_id": "202601002029", "request_id": "3b427c9a19ec482ba5f291cb81d98c23", "position": {"x": -1.8002307947466092e-13, "y": -980.0}, "channel": 1}, "attempt": 1}
2026-09-13 00:18:22,780 INFO response {"request_id": "3b427c9a19ec482ba5f291cb81d98c23", "http_status": 200, "body": {"accepted": true, "real_timestamp_ms": 1789229899711, "virtual_time_s": 3270.180339, "measure_result": "no_signal"}}
2026-09-13 00:18:22,812 INFO request {"path": "/measure", "payload": {"arena_id": "default", "robot_id": "202601002029", "request_id": "8ce740e873bb48c68cafb73f7cca669b", "position": {"x": -1.8002307947466092e-13, "y": -980.0}, "channel": 3}, "attempt": 1}
2026-09-13 00:18:22,820 INFO response {"request_id": "8ce740e873bb48c68cafb73f7cca669b", "http_status": 200, "body": {"accepted": true, "real_timestamp_ms": 1789229899751, "virtual_time_s": 3276.180339, "measure_result": "no_signal"}}
2026-09-13 00:18:22,836 INFO request {"path": "/measure", "payload": {"arena_id": "default", "robot_id": "202601002029", "request_id": "01b981a82f87418abaf7a029a9ad9e1d", "position": {"x": -1.8002307947466092e-13, "y": -980.0}, "channel": 6}, "attempt": 1}
2026-09-13 00:18:22,838 INFO response {"request_id": "01b981a82f87418abaf7a029a9ad9e1d", "http_status": 200, "body": {"accepted": true, "real_timestamp_ms": 1789229899769, "virtual_time_s": 3282.180339, "measure_result": "no_signal"}}
2026-09-13 00:18:22,871 INFO request {"path": "/measure", "payload": {"arena_id": "default", "robot_id": "202601002029", "request_id": "9e1a9c6ee64e49cdbb02475d00c0e830", "position": {"x": -1.8002307947466092e-13, "y": -980.0}, "channel": 7}, "attempt": 1}
2026-09-13 00:18:22,874 INFO response {"request_id": "9e1a9c6ee64e49cdbb02475d00c0e830", "http_status": 200, "body": {"accepted": true, "real_timestamp_ms": 1789229899804, "virtual_time_s": 3288.180339, "measure_result": "no_signal"}}
2026-09-13 00:18:22,905 INFO request {"path": "/measure", "payload": {"arena_id": "default", "robot_id": "202601002029", "request_id": "b0524bc24b3a4fb08851a5457ffac778", "position": {"x": -1.8002307947466092e-13, "y": -980.0}, "channel": 8}, "attempt": 1}
2026-09-13 00:18:22,907 INFO response {"request_id": "b0524bc24b3a4fb08851a5457ffac778", "http_status": 200, "body": {"accepted": true, "real_timestamp_ms": 1789229899837, "virtual_time_s": 3294.180339, "measure_result": "direction", "svd_deg": 184.76}}
2026-09-13 00:18:22,926 INFO request {"path": "/measure", "payload": {"arena_id": "default", "robot_id": "202601002029", "request_id": "28501f234d4b4770869f9ac62feb2e1a", "position": {"x": -1.8002307947466092e-13, "y": -980.0}, "channel": 11}, "attempt": 1}
2026-09-13 00:18:22,940 INFO response {"request_id": "28501f234d4b4770869f9ac62feb2e1a", "http_status": 200, "body": {"accepted": true, "real_timestamp_ms": 1789229899870, "virtual_time_s": 3300.180339, "measure_result": "no_signal"}}
2026-09-13 00:18:22,971 INFO request {"path": "/measure", "payload": {"arena_id": "default", "robot_id": "202601002029", "request_id": "449466a10ab64c0fb2f7e9b018c4d7c1", "position": {"x": -1.8002307947466092e-13, "y": -980.0}, "channel": 14}, "attempt": 1}
2026-09-13 00:18:22,989 INFO response {"request_id": "449466a10ab64c0fb2f7e9b018c4d7c1", "http_status": 200, "body": {"accepted": true, "real_timestamp_ms": 1789229899920, "virtual_time_s": 3306.180339, "measure_result": "no_signal"}}
2026-09-13 00:18:22,990 INFO request {"path": "/measure", "payload": {"arena_id": "default", "robot_id": "202601002029", "request_id": "aa948a1923fc492ea2dbbc0075fd0305", "position": {"x": -1.8002307947466092e-13, "y": -980.0}, "channel": 15}, "attempt": 1}
2026-09-13 00:18:22,991 INFO response {"request_id": "aa948a1923fc492ea2dbbc0075fd0305", "http_status": 200, "body": {"accepted": true, "real_timestamp_ms": 1789229899922, "virtual_time_s": 3312.180339, "measure_result": "no_signal"}}
2026-09-13 00:18:23,022 INFO request {"path": "/measure", "payload": {"arena_id": "default", "robot_id": "202601002029", "request_id": "a792a6aab6b1439180bb812a348a6209", "position": {"x": -1.8002307947466092e-13, "y": -980.0}, "channel": 18}, "attempt": 1}
2026-09-13 00:18:23,038 INFO response {"request_id": "a792a6aab6b1439180bb812a348a6209", "http_status": 200, "body": {"accepted": true, "real_timestamp_ms": 1789229899968, "virtual_time_s": 3318.180339, "measure_result": "no_signal"}}
2026-09-13 00:18:23,053 INFO request {"path": "/measure", "payload": {"arena_id": "default", "robot_id": "202601002029", "request_id": "ce882cfb6ca346e6a618dcdfc6ae0ca2", "position": {"x": -1.8002307947466092e-13, "y": -980.0}, "channel": 19}, "attempt": 1}
2026-09-13 00:18:23,054 INFO response {"request_id": "ce882cfb6ca346e6a618dcdfc6ae0ca2", "http_status": 200, "body": {"accepted": true, "real_timestamp_ms": 1789229899985, "virtual_time_s": 3324.180339, "measure_result": "no_signal"}}
2026-09-13 00:18:24,262 INFO request {"path": "/measure", "payload": {"arena_id": "default", "robot_id": "202601002029", "request_id": "07ebbf656c7a4825b443d4593d97ad15", "position": {"x": -490.00000000000045, "y": -848.7048957087497}, "channel": 19}, "attempt": 1}
2026-09-13 00:18:24,273 INFO response {"request_id": "07ebbf656c7a4825b443d4593d97ad15", "http_status": 200, "body": {"accepted": true, "real_timestamp_ms": 1789229901204, "virtual_time_s": 3430.637405, "measure_result": "no_signal"}}
2026-09-13 00:18:24,289 INFO request {"path": "/measure", "payload": {"arena_id": "default", "robot_id": "202601002029", "request_id": "367f7e0698144a3c98fcfe5e21cf053a", "position": {"x": -490.00000000000045, "y": -848.7048957087497}, "channel": 1}, "attempt": 1}
2026-09-13 00:18:24,303 INFO response {"request_id": "367f7e0698144a3c98fcfe5e21cf053a", "http_status": 200, "body": {"accepted": true, "real_timestamp_ms": 1789229901233, "virtual_time_s": 3436.637405, "measure_result": "no_signal"}}
2026-09-13 00:18:24,318 INFO request {"path": "/measure", "payload": {"arena_id": "default", "robot_id": "202601002029", "request_id": "3ceaf402c826493183402bc2d976f041", "position": {"x": -490.00000000000045, "y": -848.7048957087497}, "channel": 3}, "attempt": 1}
2026-09-13 00:18:24,321 INFO response {"request_id": "3ceaf402c826493183402bc2d976f041", "http_status": 200, "body": {"accepted": true, "real_timestamp_ms": 1789229901251, "virtual_time_s": 3442.637405, "measure_result": "no_signal"}}
2026-09-13 00:18:24,353 INFO request {"path": "/measure", "payload": {"arena_id": "default", "robot_id": "202601002029", "request_id": "b582026a5bc74d10bdd13248c7398a1a", "position": {"x": -490.00000000000045, "y": -848.7048957087497}, "channel": 6}, "attempt": 1}
2026-09-13 00:18:24,356 INFO response {"request_id": "b582026a5bc74d10bdd13248c7398a1a", "http_status": 200, "body": {"accepted": true, "real_timestamp_ms": 1789229901286, "virtual_time_s": 3448.637405, "measure_result": "no_signal"}}
2026-09-13 00:18:24,387 INFO request {"path": "/measure", "payload": {"arena_id": "default", "robot_id": "202601002029", "request_id": "c125c943586e4a6daf2d2e23e3b890bb", "position": {"x": -490.00000000000045, "y": -848.7048957087497}, "channel": 7}, "attempt": 1}
2026-09-13 00:18:24,401 INFO response {"request_id": "c125c943586e4a6daf2d2e23e3b890bb", "http_status": 200, "body": {"accepted": true, "real_timestamp_ms": 1789229901332, "virtual_time_s": 3454.637405, "measure_result": "no_signal"}}
2026-09-13 00:18:24,417 INFO request {"path": "/measure", "payload": {"arena_id": "default", "robot_id": "202601002029", "request_id": "76178d36c329467db1116949862788ab", "position": {"x": -490.00000000000045, "y": -848.7048957087497}, "channel": 11}, "attempt": 1}
2026-09-13 00:18:24,418 INFO response {"request_id": "76178d36c329467db1116949862788ab", "http_status": 200, "body": {"accepted": true, "real_timestamp_ms": 1789229901349, "virtual_time_s": 3460.637405, "measure_result": "no_signal"}}
2026-09-13 00:18:24,449 INFO request {"path": "/measure", "payload": {"arena_id": "default", "robot_id": "202601002029", "request_id": "850307ddfcfc48b9bc671348d008b17d", "position": {"x": -490.00000000000045, "y": -848.7048957087497}, "channel": 14}, "attempt": 1}
2026-09-13 00:18:24,451 INFO response {"request_id": "850307ddfcfc48b9bc671348d008b17d", "http_status": 200, "body": {"accepted": true, "real_timestamp_ms": 1789229901381, "virtual_time_s": 3466.637405, "measure_result": "no_signal"}}
2026-09-13 00:18:24,481 INFO request {"path": "/measure", "payload": {"arena_id": "default", "robot_id": "202601002029", "request_id": "4f77a732349d43d7b779355d5b510927", "position": {"x": -490.00000000000045, "y": -848.7048957087497}, "channel": 15}, "attempt": 1}
2026-09-13 00:18:24,500 INFO response {"request_id": "4f77a732349d43d7b779355d5b510927", "http_status": 200, "body": {"accepted": true, "real_timestamp_ms": 1789229901431, "virtual_time_s": 3472.637405, "measure_result": "no_signal"}}
2026-09-13 00:18:24,515 INFO request {"path": "/measure", "payload": {"arena_id": "default", "robot_id": "202601002029", "request_id": "0e08bca4c57e4026a3fc6ecbb0da4e6f", "position": {"x": -490.00000000000045, "y": -848.7048957087497}, "channel": 18}, "attempt": 1}
2026-09-13 00:18:24,529 INFO response {"request_id": "0e08bca4c57e4026a3fc6ecbb0da4e6f", "http_status": 200, "body": {"accepted": true, "real_timestamp_ms": 1789229901460, "virtual_time_s": 3478.637405, "measure_result": "no_signal"}}
2026-09-13 00:18:24,601 INFO request {"path": "/measure", "payload": {"arena_id": "default", "robot_id": "202601002029", "request_id": "b9922a9fd7b640a28a4b93388ca9679b", "position": {"x": -490.00000000000045, "y": -848.7048957087497}, "channel": 8}, "attempt": 1}
2026-09-13 00:18:24,618 INFO response {"request_id": "b9922a9fd7b640a28a4b93388ca9679b", "http_status": 200, "body": {"accepted": true, "real_timestamp_ms": 1789229901548, "virtual_time_s": 3484.637405, "measure_result": "no_signal"}}
2026-09-13 00:18:24,632 INFO request {"path": "/measure", "payload": {"arena_id": "default", "robot_id": "202601002029", "request_id": "2c4b84dcf29b4221af089916945597b2", "position": {"x": -490.00000000000045, "y": -848.7048957087497}, "channel": 4}, "attempt": 1}
2026-09-13 00:18:24,635 INFO response {"request_id": "2c4b84dcf29b4221af089916945597b2", "http_status": 200, "body": {"accepted": true, "real_timestamp_ms": 1789229901565, "virtual_time_s": 3490.637405, "measure_result": "direction", "svd_deg": 336.57}}
2026-09-13 00:18:25,722 INFO request {"path": "/measure", "payload": {"arena_id": "default", "robot_id": "202601002029", "request_id": "7b562a1efa5f401da776165e062a5a43", "position": {"x": -848.7048957087501, "y": -489.9999999999997}, "channel": 1}, "attempt": 1}
2026-09-13 00:18:25,724 INFO response {"request_id": "7b562a1efa5f401da776165e062a5a43", "http_status": 200, "body": {"accepted": true, "real_timestamp_ms": 1789229902654, "virtual_time_s": 3598.094471, "measure_result": "no_signal"}}
2026-09-13 00:18:25,754 INFO request {"path": "/measure", "payload": {"arena_id": "default", "robot_id": "202601002029", "request_id": "8791c26cbea9415990fac8313c0141e5", "position": {"x": -848.7048957087501, "y": -489.9999999999997}, "channel": 3}, "attempt": 1}
2026-09-13 00:18:25,756 INFO response {"request_id": "8791c26cbea9415990fac8313c0141e5", "http_status": 200, "body": {"accepted": true, "real_timestamp_ms": 1789229902686, "virtual_time_s": 3604.094471, "measure_result": "no_signal"}}
2026-09-13 00:18:25,786 INFO request {"path": "/measure", "payload": {"arena_id": "default", "robot_id": "202601002029", "request_id": "75457c1bc58942a6afc13992293e522c", "position": {"x": -848.7048957087501, "y": -489.9999999999997}, "channel": 6}, "attempt": 1}
2026-09-13 00:18:25,789 INFO response {"request_id": "75457c1bc58942a6afc13992293e522c", "http_status": 200, "body": {"accepted": true, "real_timestamp_ms": 1789229902719, "virtual_time_s": 3610.094471, "measure_result": "no_signal"}}
2026-09-13 00:18:25,820 INFO request {"path": "/measure", "payload": {"arena_id": "default", "robot_id": "202601002029", "request_id": "081353e055f745e28822f9783b3c30ed", "position": {"x": -848.7048957087501, "y": -489.9999999999997}, "channel": 7}, "attempt": 1}
2026-09-13 00:18:25,823 INFO response {"request_id": "081353e055f745e28822f9783b3c30ed", "http_status": 200, "body": {"accepted": true, "real_timestamp_ms": 1789229902753, "virtual_time_s": 3616.094471, "measure_result": "no_signal"}}
2026-09-13 00:18:25,853 INFO request {"path": "/measure", "payload": {"arena_id": "default", "robot_id": "202601002029", "request_id": "feac6024cc2648f8afc775c350c754f4", "position": {"x": -848.7048957087501, "y": -489.9999999999997}, "channel": 11}, "attempt": 1}
2026-09-13 00:18:25,855 INFO response {"request_id": "feac6024cc2648f8afc775c350c754f4", "http_status": 200, "body": {"accepted": true, "real_timestamp_ms": 1789229902786, "virtual_time_s": 3622.094471, "measure_result": "no_signal"}}
2026-09-13 00:18:25,886 INFO request {"path": "/measure", "payload": {"arena_id": "default", "robot_id": "202601002029", "request_id": "a147124313c543cf878df93fa6c41640", "position": {"x": -848.7048957087501, "y": -489.9999999999997}, "channel": 14}, "attempt": 1}
2026-09-13 00:18:25,888 INFO response {"request_id": "a147124313c543cf878df93fa6c41640", "http_status": 200, "body": {"accepted": true, "real_timestamp_ms": 1789229902819, "virtual_time_s": 3628.094471, "measure_result": "no_signal"}}
2026-09-13 00:18:25,919 INFO request {"path": "/measure", "payload": {"arena_id": "default", "robot_id": "202601002029", "request_id": "df70297a8c8c4bad8da17b7b40aed547", "position": {"x": -848.7048957087501, "y": -489.9999999999997}, "channel": 15}, "attempt": 1}
2026-09-13 00:18:25,921 INFO response {"request_id": "df70297a8c8c4bad8da17b7b40aed547", "http_status": 200, "body": {"accepted": true, "real_timestamp_ms": 1789229902852, "virtual_time_s": 3634.094471, "measure_result": "no_signal"}}
2026-09-13 00:18:25,952 INFO request {"path": "/measure", "payload": {"arena_id": "default", "robot_id": "202601002029", "request_id": "b1414aad927b4ef2af473fbf2c057c22", "position": {"x": -848.7048957087501, "y": -489.9999999999997}, "channel": 18}, "attempt": 1}
2026-09-13 00:18:25,953 INFO response {"request_id": "b1414aad927b4ef2af473fbf2c057c22", "http_status": 200, "body": {"accepted": true, "real_timestamp_ms": 1789229902884, "virtual_time_s": 3640.094471, "measure_result": "no_signal"}}
2026-09-13 00:18:25,984 INFO request {"path": "/measure", "payload": {"arena_id": "default", "robot_id": "202601002029", "request_id": "fca1463d90ab4329b00dad5961c56580", "position": {"x": -848.7048957087501, "y": -489.9999999999997}, "channel": 19}, "attempt": 1}
2026-09-13 00:18:25,987 INFO response {"request_id": "fca1463d90ab4329b00dad5961c56580", "http_status": 200, "body": {"accepted": true, "real_timestamp_ms": 1789229902917, "virtual_time_s": 3646.094471, "measure_result": "no_signal"}}
2026-09-13 00:18:26,930 INFO request {"path": "/measure", "payload": {"arena_id": "default", "robot_id": "202601002029", "request_id": "fbfa9dc9211e4b358c4d5d1826f26623", "position": {"x": -980.0, "y": 1.2001538631644062e-13}, "channel": 19}, "attempt": 1}
2026-09-13 00:18:26,932 INFO response {"request_id": "fbfa9dc9211e4b358c4d5d1826f26623", "http_status": 200, "body": {"accepted": true, "real_timestamp_ms": 1789229903862, "virtual_time_s": 3752.551537, "measure_result": "no_signal"}}
2026-09-13 00:18:26,962 INFO request {"path": "/measure", "payload": {"arena_id": "default", "robot_id": "202601002029", "request_id": "7c897fd4117e4a3fa4b06da96a6f56e9", "position": {"x": -980.0, "y": 1.2001538631644062e-13}, "channel": 1}, "attempt": 1}
2026-09-13 00:18:26,980 INFO response {"request_id": "7c897fd4117e4a3fa4b06da96a6f56e9", "http_status": 200, "body": {"accepted": true, "real_timestamp_ms": 1789229903911, "virtual_time_s": 3758.551537, "measure_result": "no_signal"}}
2026-09-13 00:18:26,996 INFO request {"path": "/measure", "payload": {"arena_id": "default", "robot_id": "202601002029", "request_id": "f0bf5e4183704315ad26bf0332f6235f", "position": {"x": -980.0, "y": 1.2001538631644062e-13}, "channel": 3}, "attempt": 1}
2026-09-13 00:18:27,009 INFO response {"request_id": "f0bf5e4183704315ad26bf0332f6235f", "http_status": 200, "body": {"accepted": true, "real_timestamp_ms": 1789229903940, "virtual_time_s": 3764.551537, "measure_result": "no_signal"}}
2026-09-13 00:18:27,024 INFO request {"path": "/measure", "payload": {"arena_id": "default", "robot_id": "202601002029", "request_id": "e6540c34f3944641a78b23f3abca8008", "position": {"x": -980.0, "y": 1.2001538631644062e-13}, "channel": 6}, "attempt": 1}
2026-09-13 00:18:27,040 INFO response {"request_id": "e6540c34f3944641a78b23f3abca8008", "http_status": 200, "body": {"accepted": true, "real_timestamp_ms": 1789229903970, "virtual_time_s": 3770.551537, "measure_result": "no_signal"}}
2026-09-13 00:18:27,054 INFO request {"path": "/measure", "payload": {"arena_id": "default", "robot_id": "202601002029", "request_id": "6dbf8ec956a840839990ff6eaef79635", "position": {"x": -980.0, "y": 1.2001538631644062e-13}, "channel": 7}, "attempt": 1}
2026-09-13 00:18:27,056 INFO response {"request_id": "6dbf8ec956a840839990ff6eaef79635", "http_status": 200, "body": {"accepted": true, "real_timestamp_ms": 1789229903986, "virtual_time_s": 3776.551537, "measure_result": "no_signal"}}
2026-09-13 00:18:27,087 INFO request {"path": "/measure", "payload": {"arena_id": "default", "robot_id": "202601002029", "request_id": "cbf0bd71fa11471a988593f0b2274a91", "position": {"x": -980.0, "y": 1.2001538631644062e-13}, "channel": 11}, "attempt": 1}
2026-09-13 00:18:27,088 INFO response {"request_id": "cbf0bd71fa11471a988593f0b2274a91", "http_status": 200, "body": {"accepted": true, "real_timestamp_ms": 1789229904019, "virtual_time_s": 3782.551537, "measure_result": "no_signal"}}
2026-09-13 00:18:27,120 INFO request {"path": "/measure", "payload": {"arena_id": "default", "robot_id": "202601002029", "request_id": "c9b7b1609dcc4a11b963107a56750c28", "position": {"x": -980.0, "y": 1.2001538631644062e-13}, "channel": 14}, "attempt": 1}
2026-09-13 00:18:27,141 INFO response {"request_id": "c9b7b1609dcc4a11b963107a56750c28", "http_status": 200, "body": {"accepted": true, "real_timestamp_ms": 1789229904071, "virtual_time_s": 3788.551537, "measure_result": "no_signal"}}
2026-09-13 00:18:27,156 INFO request {"path": "/measure", "payload": {"arena_id": "default", "robot_id": "202601002029", "request_id": "161ba852ea5840bb90b0089b8ffed442", "position": {"x": -980.0, "y": 1.2001538631644062e-13}, "channel": 15}, "attempt": 1}
2026-09-13 00:18:27,157 INFO response {"request_id": "161ba852ea5840bb90b0089b8ffed442", "http_status": 200, "body": {"accepted": true, "real_timestamp_ms": 1789229904088, "virtual_time_s": 3794.551537, "measure_result": "no_signal"}}
2026-09-13 00:18:27,188 INFO request {"path": "/measure", "payload": {"arena_id": "default", "robot_id": "202601002029", "request_id": "15439e613ee04f0dba836c69fa6abb71", "position": {"x": -980.0, "y": 1.2001538631644062e-13}, "channel": 18}, "attempt": 1}
2026-09-13 00:18:27,191 INFO response {"request_id": "15439e613ee04f0dba836c69fa6abb71", "http_status": 200, "body": {"accepted": true, "real_timestamp_ms": 1789229904121, "virtual_time_s": 3800.551537, "measure_result": "no_signal"}}
2026-09-13 00:18:28,010 INFO request {"path": "/measure", "payload": {"arena_id": "default", "robot_id": "202601002029", "request_id": "4098b8e1b9a54231afbac7b1e1b3c9c3", "position": {"x": -848.7048957087497, "y": 490.00000000000034}, "channel": 18}, "attempt": 1}
2026-09-13 00:18:28,011 INFO response {"request_id": "4098b8e1b9a54231afbac7b1e1b3c9c3", "http_status": 200, "body": {"accepted": true, "real_timestamp_ms": 1789229904942, "virtual_time_s": 3907.008603, "measure_result": "no_signal"}}
2026-09-13 00:18:28,042 INFO request {"path": "/measure", "payload": {"arena_id": "default", "robot_id": "202601002029", "request_id": "d186d76896454607897f70dd7af534f8", "position": {"x": -848.7048957087497, "y": 490.00000000000034}, "channel": 1}, "attempt": 1}
2026-09-13 00:18:28,059 INFO response {"request_id": "d186d76896454607897f70dd7af534f8", "http_status": 200, "body": {"accepted": true, "real_timestamp_ms": 1789229904989, "virtual_time_s": 3913.008603, "measure_result": "no_signal"}}
2026-09-13 00:18:28,073 INFO request {"path": "/measure", "payload": {"arena_id": "default", "robot_id": "202601002029", "request_id": "3e0eb4155ae44ff69736d5071389411a", "position": {"x": -848.7048957087497, "y": 490.00000000000034}, "channel": 3}, "attempt": 1}
2026-09-13 00:18:28,076 INFO response {"request_id": "3e0eb4155ae44ff69736d5071389411a", "http_status": 200, "body": {"accepted": true, "real_timestamp_ms": 1789229905006, "virtual_time_s": 3919.008603, "measure_result": "no_signal"}}
2026-09-13 00:18:28,107 INFO request {"path": "/measure", "payload": {"arena_id": "default", "robot_id": "202601002029", "request_id": "2640c4762a3f4b6d8637ed48b3deb63f", "position": {"x": -848.7048957087497, "y": 490.00000000000034}, "channel": 6}, "attempt": 1}
2026-09-13 00:18:28,109 INFO response {"request_id": "2640c4762a3f4b6d8637ed48b3deb63f", "http_status": 200, "body": {"accepted": true, "real_timestamp_ms": 1789229905040, "virtual_time_s": 3925.008603, "measure_result": "no_signal"}}
2026-09-13 00:18:28,140 INFO request {"path": "/measure", "payload": {"arena_id": "default", "robot_id": "202601002029", "request_id": "326aee68892e4154ad631496bff647e5", "position": {"x": -848.7048957087497, "y": 490.00000000000034}, "channel": 7}, "attempt": 1}
2026-09-13 00:18:28,158 INFO response {"request_id": "326aee68892e4154ad631496bff647e5", "http_status": 200, "body": {"accepted": true, "real_timestamp_ms": 1789229905088, "virtual_time_s": 3931.008603, "measure_result": "no_signal"}}
2026-09-13 00:18:28,174 INFO request {"path": "/measure", "payload": {"arena_id": "default", "robot_id": "202601002029", "request_id": "cb109aa3da16454d90685de9af74478e", "position": {"x": -848.7048957087497, "y": 490.00000000000034}, "channel": 11}, "attempt": 1}
2026-09-13 00:18:28,176 INFO response {"request_id": "cb109aa3da16454d90685de9af74478e", "http_status": 200, "body": {"accepted": true, "real_timestamp_ms": 1789229905106, "virtual_time_s": 3937.008603, "measure_result": "no_signal"}}
2026-09-13 00:18:28,191 INFO request {"path": "/measure", "payload": {"arena_id": "default", "robot_id": "202601002029", "request_id": "8302fcf66a4a4415a6477513535fbede", "position": {"x": -848.7048957087497, "y": 490.00000000000034}, "channel": 14}, "attempt": 1}
2026-09-13 00:18:28,206 INFO response {"request_id": "8302fcf66a4a4415a6477513535fbede", "http_status": 200, "body": {"accepted": true, "real_timestamp_ms": 1789229905136, "virtual_time_s": 3943.008603, "measure_result": "no_signal"}}
2026-09-13 00:18:28,237 INFO request {"path": "/measure", "payload": {"arena_id": "default", "robot_id": "202601002029", "request_id": "e27af6b8d16043fd85dbc22d832affe6", "position": {"x": -848.7048957087497, "y": 490.00000000000034}, "channel": 15}, "attempt": 1}
2026-09-13 00:18:28,255 INFO response {"request_id": "e27af6b8d16043fd85dbc22d832affe6", "http_status": 200, "body": {"accepted": true, "real_timestamp_ms": 1789229905185, "virtual_time_s": 3949.008603, "measure_result": "no_signal"}}
2026-09-13 00:18:28,255 INFO request {"path": "/measure", "payload": {"arena_id": "default", "robot_id": "202601002029", "request_id": "436277b2b29e44b2bda176a6c38d1791", "position": {"x": -848.7048957087497, "y": 490.00000000000034}, "channel": 19}, "attempt": 1}
2026-09-13 00:18:28,275 INFO response {"request_id": "436277b2b29e44b2bda176a6c38d1791", "http_status": 200, "body": {"accepted": true, "real_timestamp_ms": 1789229905205, "virtual_time_s": 3955.008603, "measure_result": "no_signal"}}
2026-09-13 00:18:28,988 INFO request {"path": "/measure", "payload": {"arena_id": "default", "robot_id": "202601002029", "request_id": "4f0db3f30df148f198866235d8d31aee", "position": {"x": -489.9999999999998, "y": 848.70489570875}, "channel": 19}, "attempt": 1}
2026-09-13 00:18:29,006 INFO response {"request_id": "4f0db3f30df148f198866235d8d31aee", "http_status": 200, "body": {"accepted": true, "real_timestamp_ms": 1789229905937, "virtual_time_s": 4061.465669, "measure_result": "no_signal"}}
2026-09-13 00:18:29,021 INFO request {"path": "/measure", "payload": {"arena_id": "default", "robot_id": "202601002029", "request_id": "1220af501be44aa386bc0628bb3cee5c", "position": {"x": -489.9999999999998, "y": 848.70489570875}, "channel": 1}, "attempt": 1}
2026-09-13 00:18:29,022 INFO response {"request_id": "1220af501be44aa386bc0628bb3cee5c", "http_status": 200, "body": {"accepted": true, "real_timestamp_ms": 1789229905952, "virtual_time_s": 4067.465669, "measure_result": "no_signal"}}
2026-09-13 00:18:29,053 INFO request {"path": "/measure", "payload": {"arena_id": "default", "robot_id": "202601002029", "request_id": "f2d3f50187524fac8ef5366c238129ff", "position": {"x": -489.9999999999998, "y": 848.70489570875}, "channel": 3}, "attempt": 1}
2026-09-13 00:18:29,054 INFO response {"request_id": "f2d3f50187524fac8ef5366c238129ff", "http_status": 200, "body": {"accepted": true, "real_timestamp_ms": 1789229905985, "virtual_time_s": 4073.465669, "measure_result": "no_signal"}}
2026-09-13 00:18:29,085 INFO request {"path": "/measure", "payload": {"arena_id": "default", "robot_id": "202601002029", "request_id": "e0f64b9710e14648a35b538a6e3615a3", "position": {"x": -489.9999999999998, "y": 848.70489570875}, "channel": 6}, "attempt": 1}
2026-09-13 00:18:29,106 INFO response {"request_id": "e0f64b9710e14648a35b538a6e3615a3", "http_status": 200, "body": {"accepted": true, "real_timestamp_ms": 1789229906036, "virtual_time_s": 4079.465669, "measure_result": "no_signal"}}
2026-09-13 00:18:29,121 INFO request {"path": "/measure", "payload": {"arena_id": "default", "robot_id": "202601002029", "request_id": "6377c8e130504ee7b62b65093f6743c7", "position": {"x": -489.9999999999998, "y": 848.70489570875}, "channel": 7}, "attempt": 1}
2026-09-13 00:18:29,136 INFO response {"request_id": "6377c8e130504ee7b62b65093f6743c7", "http_status": 200, "body": {"accepted": true, "real_timestamp_ms": 1789229906067, "virtual_time_s": 4085.465669, "measure_result": "no_signal"}}
2026-09-13 00:18:29,151 INFO request {"path": "/measure", "payload": {"arena_id": "default", "robot_id": "202601002029", "request_id": "8fbf1441edfc4a38a6ed319f4fe42c46", "position": {"x": -489.9999999999998, "y": 848.70489570875}, "channel": 11}, "attempt": 1}
2026-09-13 00:18:29,166 INFO response {"request_id": "8fbf1441edfc4a38a6ed319f4fe42c46", "http_status": 200, "body": {"accepted": true, "real_timestamp_ms": 1789229906096, "virtual_time_s": 4091.465669, "measure_result": "no_signal"}}
2026-09-13 00:18:29,181 INFO request {"path": "/measure", "payload": {"arena_id": "default", "robot_id": "202601002029", "request_id": "aa1330efc3824297b29ec5709481a459", "position": {"x": -489.9999999999998, "y": 848.70489570875}, "channel": 14}, "attempt": 1}
2026-09-13 00:18:29,183 INFO response {"request_id": "aa1330efc3824297b29ec5709481a459", "http_status": 200, "body": {"accepted": true, "real_timestamp_ms": 1789229906113, "virtual_time_s": 4097.465669, "measure_result": "no_signal"}}
2026-09-13 00:18:29,213 INFO request {"path": "/measure", "payload": {"arena_id": "default", "robot_id": "202601002029", "request_id": "9384ecbe0da8484c8ad2d9e836c5ea2a", "position": {"x": -489.9999999999998, "y": 848.70489570875}, "channel": 15}, "attempt": 1}
2026-09-13 00:18:29,215 INFO response {"request_id": "9384ecbe0da8484c8ad2d9e836c5ea2a", "http_status": 200, "body": {"accepted": true, "real_timestamp_ms": 1789229906146, "virtual_time_s": 4103.465669, "measure_result": "no_signal"}}
2026-09-13 00:18:29,246 INFO request {"path": "/measure", "payload": {"arena_id": "default", "robot_id": "202601002029", "request_id": "9d0966a1818e44f29885f7028ff5343e", "position": {"x": -489.9999999999998, "y": 848.70489570875}, "channel": 18}, "attempt": 1}
2026-09-13 00:18:29,247 INFO response {"request_id": "9d0966a1818e44f29885f7028ff5343e", "http_status": 200, "body": {"accepted": true, "real_timestamp_ms": 1789229906178, "virtual_time_s": 4109.465669, "measure_result": "no_signal"}}
2026-09-13 00:18:29,897 INFO request {"path": "/measure", "payload": {"arena_id": "default", "robot_id": "202601002029", "request_id": "4536a1a3822649558b3fe33fc51d4a81", "position": {"x": -482.8444447608829, "y": 1802.0}, "channel": 18}, "attempt": 1}
2026-09-13 00:18:29,899 INFO response {"request_id": "4536a1a3822649558b3fe33fc51d4a81", "http_status": 200, "body": {"accepted": true, "real_timestamp_ms": 1789229906829, "virtual_time_s": 4305.130061, "measure_result": "no_signal"}}
2026-09-13 00:18:29,929 INFO request {"path": "/measure", "payload": {"arena_id": "default", "robot_id": "202601002029", "request_id": "1ed83946e5f247d5a91adc9346ce7fc6", "position": {"x": -482.8444447608829, "y": 1802.0}, "channel": 1}, "attempt": 1}
2026-09-13 00:18:29,948 INFO response {"request_id": "1ed83946e5f247d5a91adc9346ce7fc6", "http_status": 200, "body": {"accepted": true, "real_timestamp_ms": 1789229906878, "virtual_time_s": 4311.130061, "measure_result": "no_signal"}}
2026-09-13 00:18:29,963 INFO request {"path": "/measure", "payload": {"arena_id": "default", "robot_id": "202601002029", "request_id": "ca1540c86ad944f7b14dfacc88983158", "position": {"x": -482.8444447608829, "y": 1802.0}, "channel": 3}, "attempt": 1}
2026-09-13 00:18:29,966 INFO response {"request_id": "ca1540c86ad944f7b14dfacc88983158", "http_status": 200, "body": {"accepted": true, "real_timestamp_ms": 1789229906897, "virtual_time_s": 4317.130061, "measure_result": "no_signal"}}
2026-09-13 00:18:29,997 INFO request {"path": "/measure", "payload": {"arena_id": "default", "robot_id": "202601002029", "request_id": "4353088084934051bf7109b7bd9ef55b", "position": {"x": -482.8444447608829, "y": 1802.0}, "channel": 6}, "attempt": 1}
2026-09-13 00:18:30,017 INFO response {"request_id": "4353088084934051bf7109b7bd9ef55b", "http_status": 200, "body": {"accepted": true, "real_timestamp_ms": 1789229906947, "virtual_time_s": 4323.130061, "measure_result": "no_signal"}}
2026-09-13 00:18:30,032 INFO request {"path": "/measure", "payload": {"arena_id": "default", "robot_id": "202601002029", "request_id": "2d47b0ad551d4ad99b79ea3a8e2f5d05", "position": {"x": -482.8444447608829, "y": 1802.0}, "channel": 7}, "attempt": 1}
2026-09-13 00:18:30,046 INFO response {"request_id": "2d47b0ad551d4ad99b79ea3a8e2f5d05", "http_status": 200, "body": {"accepted": true, "real_timestamp_ms": 1789229906976, "virtual_time_s": 4329.130061, "measure_result": "no_signal"}}
2026-09-13 00:18:30,060 INFO request {"path": "/measure", "payload": {"arena_id": "default", "robot_id": "202601002029", "request_id": "aa6967b301fb4a35946181bc32ab7a42", "position": {"x": -482.8444447608829, "y": 1802.0}, "channel": 11}, "attempt": 1}
2026-09-13 00:18:30,075 INFO response {"request_id": "aa6967b301fb4a35946181bc32ab7a42", "http_status": 200, "body": {"accepted": true, "real_timestamp_ms": 1789229907005, "virtual_time_s": 4335.130061, "measure_result": "no_signal"}}
2026-09-13 00:18:30,090 INFO request {"path": "/measure", "payload": {"arena_id": "default", "robot_id": "202601002029", "request_id": "550bba26b067432eb91124cc194b3695", "position": {"x": -482.8444447608829, "y": 1802.0}, "channel": 14}, "attempt": 1}
2026-09-13 00:18:30,092 INFO response {"request_id": "550bba26b067432eb91124cc194b3695", "http_status": 200, "body": {"accepted": true, "real_timestamp_ms": 1789229907023, "virtual_time_s": 4341.130061, "measure_result": "no_signal"}}
2026-09-13 00:18:30,123 INFO request {"path": "/measure", "payload": {"arena_id": "default", "robot_id": "202601002029", "request_id": "30c68504b78e4b83aa00ba517b5ddbe6", "position": {"x": -482.8444447608829, "y": 1802.0}, "channel": 15}, "attempt": 1}
2026-09-13 00:18:30,125 INFO response {"request_id": "30c68504b78e4b83aa00ba517b5ddbe6", "http_status": 200, "body": {"accepted": true, "real_timestamp_ms": 1789229907055, "virtual_time_s": 4347.130061, "measure_result": "no_signal"}}
2026-09-13 00:18:30,155 INFO request {"path": "/measure", "payload": {"arena_id": "default", "robot_id": "202601002029", "request_id": "bd3be3108008402489374f747afeaa6f", "position": {"x": -482.8444447608829, "y": 1802.0}, "channel": 19}, "attempt": 1}
2026-09-13 00:18:30,174 INFO response {"request_id": "bd3be3108008402489374f747afeaa6f", "http_status": 200, "body": {"accepted": true, "real_timestamp_ms": 1789229907105, "virtual_time_s": 4353.130061, "measure_result": "no_signal"}}
2026-09-13 00:18:30,202 INFO request {"path": "/measure", "payload": {"arena_id": "default", "robot_id": "202601002029", "request_id": "7525a70b88b2429c86b055b60805375e", "position": {"x": -482.8444447608829, "y": 1802.0}, "channel": 9}, "attempt": 1}
2026-09-13 00:18:30,204 INFO response {"request_id": "7525a70b88b2429c86b055b60805375e", "http_status": 200, "body": {"accepted": true, "real_timestamp_ms": 1789229907135, "virtual_time_s": 4359.130061, "measure_result": "direction", "svd_deg": 342.21}}
2026-09-13 00:18:30,668 INFO request {"path": "/measure", "payload": {"arena_id": "default", "robot_id": "202601002029", "request_id": "8ccac4ed9420450db08726b212db188a", "position": {"x": -1319.1555552391167, "y": 1319.155555239117}, "channel": 1}, "attempt": 1}
2026-09-13 00:18:30,681 INFO response {"request_id": "8ccac4ed9420450db08726b212db188a", "http_status": 200, "body": {"accepted": true, "real_timestamp_ms": 1789229907611, "virtual_time_s": 4558.267839, "measure_result": "no_signal"}}
2026-09-13 00:18:30,696 INFO request {"path": "/measure", "payload": {"arena_id": "default", "robot_id": "202601002029", "request_id": "2d0f89f4bb1b46158041e761b25abb4d", "position": {"x": -1319.1555552391167, "y": 1319.155555239117}, "channel": 3}, "attempt": 1}
2026-09-13 00:18:30,698 INFO response {"request_id": "2d0f89f4bb1b46158041e761b25abb4d", "http_status": 200, "body": {"accepted": true, "real_timestamp_ms": 1789229907629, "virtual_time_s": 4564.267839, "measure_result": "no_signal"}}
2026-09-13 00:18:30,729 INFO request {"path": "/measure", "payload": {"arena_id": "default", "robot_id": "202601002029", "request_id": "1e93a225fa8741aca3c50701821b616c", "position": {"x": -1319.1555552391167, "y": 1319.155555239117}, "channel": 6}, "attempt": 1}
2026-09-13 00:18:30,750 INFO response {"request_id": "1e93a225fa8741aca3c50701821b616c", "http_status": 200, "body": {"accepted": true, "real_timestamp_ms": 1789229907680, "virtual_time_s": 4570.267839, "measure_result": "no_signal"}}
2026-09-13 00:18:30,766 INFO request {"path": "/measure", "payload": {"arena_id": "default", "robot_id": "202601002029", "request_id": "317473af35b946748c5dd424acd511b0", "position": {"x": -1319.1555552391167, "y": 1319.155555239117}, "channel": 7}, "attempt": 1}
2026-09-13 00:18:30,768 INFO response {"request_id": "317473af35b946748c5dd424acd511b0", "http_status": 200, "body": {"accepted": true, "real_timestamp_ms": 1789229907699, "virtual_time_s": 4576.267839, "measure_result": "no_signal"}}
2026-09-13 00:18:30,785 INFO request {"path": "/measure", "payload": {"arena_id": "default", "robot_id": "202601002029", "request_id": "57e1dd38a0c74d05aeecea2f2ed5e84e", "position": {"x": -1319.1555552391167, "y": 1319.155555239117}, "channel": 11}, "attempt": 1}
2026-09-13 00:18:30,788 INFO response {"request_id": "57e1dd38a0c74d05aeecea2f2ed5e84e", "http_status": 200, "body": {"accepted": true, "real_timestamp_ms": 1789229907718, "virtual_time_s": 4582.267839, "measure_result": "no_signal"}}
2026-09-13 00:18:30,818 INFO request {"path": "/measure", "payload": {"arena_id": "default", "robot_id": "202601002029", "request_id": "064a04080aa14db9a0a99459e0dac847", "position": {"x": -1319.1555552391167, "y": 1319.155555239117}, "channel": 14}, "attempt": 1}
2026-09-13 00:18:30,820 INFO response {"request_id": "064a04080aa14db9a0a99459e0dac847", "http_status": 200, "body": {"accepted": true, "real_timestamp_ms": 1789229907751, "virtual_time_s": 4588.267839, "measure_result": "no_signal"}}
2026-09-13 00:18:30,850 INFO request {"path": "/measure", "payload": {"arena_id": "default", "robot_id": "202601002029", "request_id": "c037c17889a94bf4b33bd11b4e0e89e4", "position": {"x": -1319.1555552391167, "y": 1319.155555239117}, "channel": 15}, "attempt": 1}
2026-09-13 00:18:30,869 INFO response {"request_id": "c037c17889a94bf4b33bd11b4e0e89e4", "http_status": 200, "body": {"accepted": true, "real_timestamp_ms": 1789229907800, "virtual_time_s": 4594.267839, "measure_result": "no_signal"}}
2026-09-13 00:18:30,885 INFO request {"path": "/measure", "payload": {"arena_id": "default", "robot_id": "202601002029", "request_id": "573f4d3eabd645c68428d89d55dd4049", "position": {"x": -1319.1555552391167, "y": 1319.155555239117}, "channel": 18}, "attempt": 1}
2026-09-13 00:18:30,887 INFO response {"request_id": "573f4d3eabd645c68428d89d55dd4049", "http_status": 200, "body": {"accepted": true, "real_timestamp_ms": 1789229907818, "virtual_time_s": 4600.267839, "measure_result": "no_signal"}}
2026-09-13 00:18:30,918 INFO request {"path": "/measure", "payload": {"arena_id": "default", "robot_id": "202601002029", "request_id": "dcd57c9d53b34c4c953b13d3ba342853", "position": {"x": -1319.1555552391167, "y": 1319.155555239117}, "channel": 19}, "attempt": 1}
2026-09-13 00:18:30,920 INFO response {"request_id": "dcd57c9d53b34c4c953b13d3ba342853", "http_status": 200, "body": {"accepted": true, "real_timestamp_ms": 1789229907850, "virtual_time_s": 4606.267839, "measure_result": "no_signal"}}
2026-09-13 00:18:31,297 INFO request {"path": "/measure", "payload": {"arena_id": "default", "robot_id": "202601002029", "request_id": "9956b84cafa64d2a9bb3e1e52412f55e", "position": {"x": -1801.9999999999998, "y": 482.84444476088356}, "channel": 19}, "attempt": 1}
2026-09-13 00:18:31,316 INFO response {"request_id": "9956b84cafa64d2a9bb3e1e52412f55e", "http_status": 200, "body": {"accepted": true, "real_timestamp_ms": 1789229908246, "virtual_time_s": 4804.405617, "measure_result": "no_signal"}}
2026-09-13 00:18:31,316 INFO request {"path": "/measure", "payload": {"arena_id": "default", "robot_id": "202601002029", "request_id": "b8e91678d0584dfb8e5d3d6c106e58c3", "position": {"x": -1801.9999999999998, "y": 482.84444476088356}, "channel": 1}, "attempt": 1}
2026-09-13 00:18:31,335 INFO response {"request_id": "b8e91678d0584dfb8e5d3d6c106e58c3", "http_status": 200, "body": {"accepted": true, "real_timestamp_ms": 1789229908266, "virtual_time_s": 4810.405617, "measure_result": "no_signal"}}
2026-09-13 00:18:31,351 INFO request {"path": "/measure", "payload": {"arena_id": "default", "robot_id": "202601002029", "request_id": "45f0076622df4062bf0baddf217abbd2", "position": {"x": -1801.9999999999998, "y": 482.84444476088356}, "channel": 3}, "attempt": 1}
2026-09-13 00:18:31,352 INFO response {"request_id": "45f0076622df4062bf0baddf217abbd2", "http_status": 200, "body": {"accepted": true, "real_timestamp_ms": 1789229908283, "virtual_time_s": 4816.405617, "measure_result": "no_signal"}}
2026-09-13 00:18:31,383 INFO request {"path": "/measure", "payload": {"arena_id": "default", "robot_id": "202601002029", "request_id": "f19c4a2bda7b4751afe1c817946e9714", "position": {"x": -1801.9999999999998, "y": 482.84444476088356}, "channel": 6}, "attempt": 1}
2026-09-13 00:18:31,386 INFO response {"request_id": "f19c4a2bda7b4751afe1c817946e9714", "http_status": 200, "body": {"accepted": true, "real_timestamp_ms": 1789229908316, "virtual_time_s": 4822.405617, "measure_result": "no_signal"}}
2026-09-13 00:18:31,417 INFO request {"path": "/measure", "payload": {"arena_id": "default", "robot_id": "202601002029", "request_id": "ea5c36781e5f48928e153b39fb3d476d", "position": {"x": -1801.9999999999998, "y": 482.84444476088356}, "channel": 7}, "attempt": 1}
2026-09-13 00:18:31,419 INFO response {"request_id": "ea5c36781e5f48928e153b39fb3d476d", "http_status": 200, "body": {"accepted": true, "real_timestamp_ms": 1789229908349, "virtual_time_s": 4828.405617, "measure_result": "no_signal"}}
2026-09-13 00:18:31,450 INFO request {"path": "/measure", "payload": {"arena_id": "default", "robot_id": "202601002029", "request_id": "a4a98bb0d71048f29af510d5cb21742f", "position": {"x": -1801.9999999999998, "y": 482.84444476088356}, "channel": 11}, "attempt": 1}
2026-09-13 00:18:31,451 INFO response {"request_id": "a4a98bb0d71048f29af510d5cb21742f", "http_status": 200, "body": {"accepted": true, "real_timestamp_ms": 1789229908382, "virtual_time_s": 4834.405617, "measure_result": "no_signal"}}
2026-09-13 00:18:31,482 INFO request {"path": "/measure", "payload": {"arena_id": "default", "robot_id": "202601002029", "request_id": "06c184537b334a1ba0963f53590f26e4", "position": {"x": -1801.9999999999998, "y": 482.84444476088356}, "channel": 14}, "attempt": 1}
2026-09-13 00:18:31,503 INFO response {"request_id": "06c184537b334a1ba0963f53590f26e4", "http_status": 200, "body": {"accepted": true, "real_timestamp_ms": 1789229908433, "virtual_time_s": 4840.405617, "measure_result": "no_signal"}}
2026-09-13 00:18:31,503 INFO request {"path": "/measure", "payload": {"arena_id": "default", "robot_id": "202601002029", "request_id": "1cf2d931c8a04887b7ff7038ab390712", "position": {"x": -1801.9999999999998, "y": 482.84444476088356}, "channel": 15}, "attempt": 1}
2026-09-13 00:18:31,504 INFO response {"request_id": "1cf2d931c8a04887b7ff7038ab390712", "http_status": 200, "body": {"accepted": true, "real_timestamp_ms": 1789229908435, "virtual_time_s": 4846.405617, "measure_result": "no_signal"}}
2026-09-13 00:18:31,535 INFO request {"path": "/measure", "payload": {"arena_id": "default", "robot_id": "202601002029", "request_id": "d695daf6227c4c939d30a2abe2d1c8c5", "position": {"x": -1801.9999999999998, "y": 482.84444476088356}, "channel": 18}, "attempt": 1}
2026-09-13 00:18:31,537 INFO response {"request_id": "d695daf6227c4c939d30a2abe2d1c8c5", "http_status": 200, "body": {"accepted": true, "real_timestamp_ms": 1789229908468, "virtual_time_s": 4852.405617, "measure_result": "no_signal"}}
2026-09-13 00:18:31,845 INFO request {"path": "/measure", "payload": {"arena_id": "default", "robot_id": "202601002029", "request_id": "6246ddb22dcd4ba3b09d89e7a6e8a830", "position": {"x": -1802.0000000000002, "y": -482.84444476088237}, "channel": 18}, "attempt": 1}
2026-09-13 00:18:31,846 INFO response {"request_id": "6246ddb22dcd4ba3b09d89e7a6e8a830", "http_status": 200, "body": {"accepted": true, "real_timestamp_ms": 1789229908777, "virtual_time_s": 5050.543395, "measure_result": "no_signal"}}
2026-09-13 00:18:31,877 INFO request {"path": "/measure", "payload": {"arena_id": "default", "robot_id": "202601002029", "request_id": "fc42ee71cf1f475eae400f15ef38e874", "position": {"x": -1802.0000000000002, "y": -482.84444476088237}, "channel": 1}, "attempt": 1}
2026-09-13 00:18:31,889 INFO response {"request_id": "fc42ee71cf1f475eae400f15ef38e874", "http_status": 200, "body": {"accepted": true, "real_timestamp_ms": 1789229908820, "virtual_time_s": 5056.543395, "measure_result": "no_signal"}}
2026-09-13 00:18:31,903 INFO request {"path": "/measure", "payload": {"arena_id": "default", "robot_id": "202601002029", "request_id": "9c8197edf3c94dc392a8ac67a1c48925", "position": {"x": -1802.0000000000002, "y": -482.84444476088237}, "channel": 3}, "attempt": 1}
2026-09-13 00:18:31,906 INFO response {"request_id": "9c8197edf3c94dc392a8ac67a1c48925", "http_status": 200, "body": {"accepted": true, "real_timestamp_ms": 1789229908836, "virtual_time_s": 5062.543395, "measure_result": "no_signal"}}
2026-09-13 00:18:31,937 INFO request {"path": "/measure", "payload": {"arena_id": "default", "robot_id": "202601002029", "request_id": "8636bec30e9944a893b456ddd492f4d2", "position": {"x": -1802.0000000000002, "y": -482.84444476088237}, "channel": 6}, "attempt": 1}
2026-09-13 00:18:31,959 INFO response {"request_id": "8636bec30e9944a893b456ddd492f4d2", "http_status": 200, "body": {"accepted": true, "real_timestamp_ms": 1789229908889, "virtual_time_s": 5068.543395, "measure_result": "no_signal"}}
2026-09-13 00:18:31,959 INFO request {"path": "/measure", "payload": {"arena_id": "default", "robot_id": "202601002029", "request_id": "d4ad9925d5984e6fb344740decd46b69", "position": {"x": -1802.0000000000002, "y": -482.84444476088237}, "channel": 7}, "attempt": 1}
2026-09-13 00:18:31,961 INFO response {"request_id": "d4ad9925d5984e6fb344740decd46b69", "http_status": 200, "body": {"accepted": true, "real_timestamp_ms": 1789229908892, "virtual_time_s": 5074.543395, "measure_result": "no_signal"}}
2026-09-13 00:18:31,992 INFO request {"path": "/measure", "payload": {"arena_id": "default", "robot_id": "202601002029", "request_id": "b94e97c1f3cf449b8b66f14eb28a81ab", "position": {"x": -1802.0000000000002, "y": -482.84444476088237}, "channel": 11}, "attempt": 1}
2026-09-13 00:18:32,008 INFO response {"request_id": "b94e97c1f3cf449b8b66f14eb28a81ab", "http_status": 200, "body": {"accepted": true, "real_timestamp_ms": 1789229908938, "virtual_time_s": 5080.543395, "measure_result": "no_signal"}}
2026-09-13 00:18:32,022 INFO request {"path": "/measure", "payload": {"arena_id": "default", "robot_id": "202601002029", "request_id": "4747e4a26da0456ea2e6cfd8b6b2b4c1", "position": {"x": -1802.0000000000002, "y": -482.84444476088237}, "channel": 14}, "attempt": 1}
2026-09-13 00:18:32,037 INFO response {"request_id": "4747e4a26da0456ea2e6cfd8b6b2b4c1", "http_status": 200, "body": {"accepted": true, "real_timestamp_ms": 1789229908968, "virtual_time_s": 5086.543395, "measure_result": "no_signal"}}
2026-09-13 00:18:32,052 INFO request {"path": "/measure", "payload": {"arena_id": "default", "robot_id": "202601002029", "request_id": "6a1a9e4cade64b15847aaee1696f2301", "position": {"x": -1802.0000000000002, "y": -482.84444476088237}, "channel": 15}, "attempt": 1}
2026-09-13 00:18:32,053 INFO response {"request_id": "6a1a9e4cade64b15847aaee1696f2301", "http_status": 200, "body": {"accepted": true, "real_timestamp_ms": 1789229908984, "virtual_time_s": 5092.543395, "measure_result": "no_signal"}}
2026-09-13 00:18:32,084 INFO request {"path": "/measure", "payload": {"arena_id": "default", "robot_id": "202601002029", "request_id": "399653fd5bf442c9bf744e9fdc9c4aaa", "position": {"x": -1802.0000000000002, "y": -482.84444476088237}, "channel": 19}, "attempt": 1}
2026-09-13 00:18:32,106 INFO response {"request_id": "399653fd5bf442c9bf744e9fdc9c4aaa", "http_status": 200, "body": {"accepted": true, "real_timestamp_ms": 1789229909036, "virtual_time_s": 5098.543395, "measure_result": "no_signal"}}
2026-09-13 00:18:32,305 INFO request {"path": "/measure", "payload": {"arena_id": "default", "robot_id": "202601002029", "request_id": "7a8c813bc2964c1f97758bb2438aa946", "position": {"x": -1319.1555552391176, "y": -1319.1555552391162}, "channel": 19}, "attempt": 1}
2026-09-13 00:18:32,307 INFO response {"request_id": "7a8c813bc2964c1f97758bb2438aa946", "http_status": 200, "body": {"accepted": true, "real_timestamp_ms": 1789229909238, "virtual_time_s": 5296.681173, "measure_result": "no_signal"}}
2026-09-13 00:18:32,338 INFO request {"path": "/measure", "payload": {"arena_id": "default", "robot_id": "202601002029", "request_id": "2ba480652e0f4c9c89969b026f6ef24c", "position": {"x": -1319.1555552391176, "y": -1319.1555552391162}, "channel": 1}, "attempt": 1}
2026-09-13 00:18:32,339 INFO response {"request_id": "2ba480652e0f4c9c89969b026f6ef24c", "http_status": 200, "body": {"accepted": true, "real_timestamp_ms": 1789229909270, "virtual_time_s": 5302.681173, "measure_result": "no_signal"}}
2026-09-13 00:18:32,370 INFO request {"path": "/measure", "payload": {"arena_id": "default", "robot_id": "202601002029", "request_id": "0755807316744205a2791859002bccb5", "position": {"x": -1319.1555552391176, "y": -1319.1555552391162}, "channel": 3}, "attempt": 1}
2026-09-13 00:18:32,372 INFO response {"request_id": "0755807316744205a2791859002bccb5", "http_status": 200, "body": {"accepted": true, "real_timestamp_ms": 1789229909303, "virtual_time_s": 5308.681173, "measure_result": "no_signal"}}
2026-09-13 00:18:32,403 INFO request {"path": "/measure", "payload": {"arena_id": "default", "robot_id": "202601002029", "request_id": "1e7a86e0e0d242159ef1c83b93ae7ae3", "position": {"x": -1319.1555552391176, "y": -1319.1555552391162}, "channel": 6}, "attempt": 1}
2026-09-13 00:18:32,406 INFO response {"request_id": "1e7a86e0e0d242159ef1c83b93ae7ae3", "http_status": 200, "body": {"accepted": true, "real_timestamp_ms": 1789229909336, "virtual_time_s": 5314.681173, "measure_result": "no_signal"}}
2026-09-13 00:18:32,437 INFO request {"path": "/measure", "payload": {"arena_id": "default", "robot_id": "202601002029", "request_id": "d4c04a65a7804d30b138b2f55a8342ea", "position": {"x": -1319.1555552391176, "y": -1319.1555552391162}, "channel": 7}, "attempt": 1}
2026-09-13 00:18:32,440 INFO response {"request_id": "d4c04a65a7804d30b138b2f55a8342ea", "http_status": 200, "body": {"accepted": true, "real_timestamp_ms": 1789229909370, "virtual_time_s": 5320.681173, "measure_result": "no_signal"}}
2026-09-13 00:18:32,471 INFO request {"path": "/measure", "payload": {"arena_id": "default", "robot_id": "202601002029", "request_id": "dc3fe5735cc54b62937f2f5bf3ec0fad", "position": {"x": -1319.1555552391176, "y": -1319.1555552391162}, "channel": 11}, "attempt": 1}
2026-09-13 00:18:32,473 INFO response {"request_id": "dc3fe5735cc54b62937f2f5bf3ec0fad", "http_status": 200, "body": {"accepted": true, "real_timestamp_ms": 1789229909404, "virtual_time_s": 5326.681173, "measure_result": "no_signal"}}
2026-09-13 00:18:32,489 INFO request {"path": "/measure", "payload": {"arena_id": "default", "robot_id": "202601002029", "request_id": "d22898619ac04683915e389f27895de5", "position": {"x": -1319.1555552391176, "y": -1319.1555552391162}, "channel": 14}, "attempt": 1}
2026-09-13 00:18:32,501 INFO response {"request_id": "d22898619ac04683915e389f27895de5", "http_status": 200, "body": {"accepted": true, "real_timestamp_ms": 1789229909432, "virtual_time_s": 5332.681173, "measure_result": "no_signal"}}
2026-09-13 00:18:32,532 INFO request {"path": "/measure", "payload": {"arena_id": "default", "robot_id": "202601002029", "request_id": "1b57a7d14d7b427ca5d510714afc8af0", "position": {"x": -1319.1555552391176, "y": -1319.1555552391162}, "channel": 15}, "attempt": 1}
2026-09-13 00:18:32,551 INFO response {"request_id": "1b57a7d14d7b427ca5d510714afc8af0", "http_status": 200, "body": {"accepted": true, "real_timestamp_ms": 1789229909481, "virtual_time_s": 5338.681173, "measure_result": "no_signal"}}
2026-09-13 00:18:32,551 INFO request {"path": "/measure", "payload": {"arena_id": "default", "robot_id": "202601002029", "request_id": "74bacca87b154d7c8d27348c59b0615d", "position": {"x": -1319.1555552391176, "y": -1319.1555552391162}, "channel": 18}, "attempt": 1}
2026-09-13 00:18:32,551 INFO response {"request_id": "74bacca87b154d7c8d27348c59b0615d", "http_status": 200, "body": {"accepted": true, "real_timestamp_ms": 1789229909482, "virtual_time_s": 5344.681173, "measure_result": "no_signal"}}
2026-09-13 00:18:32,680 INFO request {"path": "/measure", "payload": {"arena_id": "default", "robot_id": "202601002029", "request_id": "11f24bc3b3dc44acbd90e6345268ab06", "position": {"x": -482.8444447608845, "y": -1801.9999999999995}, "channel": 18}, "attempt": 1}
2026-09-13 00:18:32,681 INFO response {"request_id": "11f24bc3b3dc44acbd90e6345268ab06", "http_status": 200, "body": {"accepted": true, "real_timestamp_ms": 1789229909612, "virtual_time_s": 5542.818951, "measure_result": "no_signal"}}
2026-09-13 00:18:32,712 INFO request {"path": "/measure", "payload": {"arena_id": "default", "robot_id": "202601002029", "request_id": "35d1bd8aabb74401b6c7a3ae94d1701d", "position": {"x": -482.8444447608845, "y": -1801.9999999999995}, "channel": 1}, "attempt": 1}
2026-09-13 00:18:32,730 INFO response {"request_id": "35d1bd8aabb74401b6c7a3ae94d1701d", "http_status": 200, "body": {"accepted": true, "real_timestamp_ms": 1789229909660, "virtual_time_s": 5548.818951, "measure_result": "no_signal"}}
2026-09-13 00:18:32,746 INFO request {"path": "/measure", "payload": {"arena_id": "default", "robot_id": "202601002029", "request_id": "3960d70abfc8402d89031d3f761ee7c8", "position": {"x": -482.8444447608845, "y": -1801.9999999999995}, "channel": 3}, "attempt": 1}
2026-09-13 00:18:32,759 INFO response {"request_id": "3960d70abfc8402d89031d3f761ee7c8", "http_status": 200, "body": {"accepted": true, "real_timestamp_ms": 1789229909689, "virtual_time_s": 5554.818951, "measure_result": "no_signal"}}
2026-09-13 00:18:32,773 INFO request {"path": "/measure", "payload": {"arena_id": "default", "robot_id": "202601002029", "request_id": "7f7522ecbcc74942b09a352be01adf1f", "position": {"x": -482.8444447608845, "y": -1801.9999999999995}, "channel": 6}, "attempt": 1}
2026-09-13 00:18:32,776 INFO response {"request_id": "7f7522ecbcc74942b09a352be01adf1f", "http_status": 200, "body": {"accepted": true, "real_timestamp_ms": 1789229909706, "virtual_time_s": 5560.818951, "measure_result": "no_signal"}}
2026-09-13 00:18:32,809 INFO request {"path": "/measure", "payload": {"arena_id": "default", "robot_id": "202601002029", "request_id": "902d478d703d4afaacd9e1677b4e3a64", "position": {"x": -482.8444447608845, "y": -1801.9999999999995}, "channel": 7}, "attempt": 1}
2026-09-13 00:18:32,811 INFO response {"request_id": "902d478d703d4afaacd9e1677b4e3a64", "http_status": 200, "body": {"accepted": true, "real_timestamp_ms": 1789229909741, "virtual_time_s": 5566.818951, "measure_result": "no_signal"}}
2026-09-13 00:18:32,843 INFO request {"path": "/measure", "payload": {"arena_id": "default", "robot_id": "202601002029", "request_id": "5222849e2dab4862a6ffe439657a0bf8", "position": {"x": -482.8444447608845, "y": -1801.9999999999995}, "channel": 11}, "attempt": 1}
2026-09-13 00:18:32,845 INFO response {"request_id": "5222849e2dab4862a6ffe439657a0bf8", "http_status": 200, "body": {"accepted": true, "real_timestamp_ms": 1789229909775, "virtual_time_s": 5572.818951, "measure_result": "no_signal"}}
2026-09-13 00:18:32,878 INFO request {"path": "/measure", "payload": {"arena_id": "default", "robot_id": "202601002029", "request_id": "e1ce7d6361b0474e80a49dbb7d18a1c4", "position": {"x": -482.8444447608845, "y": -1801.9999999999995}, "channel": 14}, "attempt": 1}
2026-09-13 00:18:32,898 INFO response {"request_id": "e1ce7d6361b0474e80a49dbb7d18a1c4", "http_status": 200, "body": {"accepted": true, "real_timestamp_ms": 1789229909828, "virtual_time_s": 5578.818951, "measure_result": "no_signal"}}
2026-09-13 00:18:32,898 INFO request {"path": "/measure", "payload": {"arena_id": "default", "robot_id": "202601002029", "request_id": "67d43784f85846ccb7e40cfc5dc69c1a", "position": {"x": -482.8444447608845, "y": -1801.9999999999995}, "channel": 15}, "attempt": 1}
2026-09-13 00:18:32,900 INFO response {"request_id": "67d43784f85846ccb7e40cfc5dc69c1a", "http_status": 200, "body": {"accepted": true, "real_timestamp_ms": 1789229909830, "virtual_time_s": 5584.818951, "measure_result": "no_signal"}}
2026-09-13 00:18:32,931 INFO request {"path": "/measure", "payload": {"arena_id": "default", "robot_id": "202601002029", "request_id": "5786165bbb4d4d4cb2a440db967994ce", "position": {"x": -482.8444447608845, "y": -1801.9999999999995}, "channel": 19}, "attempt": 1}
2026-09-13 00:18:32,947 INFO response {"request_id": "5786165bbb4d4d4cb2a440db967994ce", "http_status": 200, "body": {"accepted": true, "real_timestamp_ms": 1789229909877, "virtual_time_s": 5590.818951, "measure_result": "no_signal"}}
2026-09-13 00:18:33,009 INFO request {"path": "/measure", "payload": {"arena_id": "default", "robot_id": "202601002029", "request_id": "99a8d578387c41debad5d5d03e6c4fdc", "position": {"x": -482.8444447608845, "y": -1801.9999999999995}, "channel": 4}, "attempt": 1}
2026-09-13 00:18:33,024 INFO response {"request_id": "99a8d578387c41debad5d5d03e6c4fdc", "http_status": 200, "body": {"accepted": true, "real_timestamp_ms": 1789229909955, "virtual_time_s": 5596.818951, "measure_result": "no_signal"}}
2026-09-13 00:18:33,041 INFO request {"path": "/measure", "payload": {"arena_id": "default", "robot_id": "202601002029", "request_id": "1145f1444ee04224a8af15e2cb9f0f54", "position": {"x": -482.8444447608845, "y": -1801.9999999999995}, "channel": 16}, "attempt": 1}
2026-09-13 00:18:33,054 INFO response {"request_id": "1145f1444ee04224a8af15e2cb9f0f54", "http_status": 200, "body": {"accepted": true, "real_timestamp_ms": 1789229909985, "virtual_time_s": 5602.818951, "measure_result": "direction", "svd_deg": 58.18}}
2026-09-13 00:18:33,073 INFO request {"path": "/measure", "payload": {"arena_id": "default", "robot_id": "202601002029", "request_id": "9140c2a539594298ae91bf5b42f96ab1", "position": {"x": -482.8444447608845, "y": -1801.9999999999995}, "channel": 8}, "attempt": 1}
2026-09-13 00:18:33,075 INFO response {"request_id": "9140c2a539594298ae91bf5b42f96ab1", "http_status": 200, "body": {"accepted": true, "real_timestamp_ms": 1789229910006, "virtual_time_s": 5608.818951, "measure_result": "direction", "svd_deg": 107.39}}
2026-09-13 00:18:35,975 INFO request {"path": "/measure", "payload": {"arena_id": "default", "robot_id": "202601002029", "request_id": "a78fab227b9642a1941e48b94eefa7a5", "position": {"x": -630.0402325140742, "y": -1666.5991134899107}, "channel": 8}, "attempt": 1}
2026-09-13 00:18:35,976 INFO response {"request_id": "a78fab227b9642a1941e48b94eefa7a5", "http_status": 200, "body": {"accepted": true, "real_timestamp_ms": 1789229912907, "virtual_time_s": 5653.818951, "measure_result": "direction", "svd_deg": 97.71}}
2026-09-13 00:18:36,010 INFO request {"path": "/clear", "payload": {"arena_id": "default", "robot_id": "202601002029", "request_id": "42c2593b3f00409cb3138cace58bdde2", "position": {"x": -197.50988720142783, "y": -1341.6736049338904}, "channel": 16}, "attempt": 1}
2026-09-13 00:18:36,022 INFO response {"request_id": "42c2593b3f00409cb3138cace58bdde2", "http_status": 200, "body": {"accepted": true, "real_timestamp_ms": 1789229912952, "virtual_time_s": 5767.0149, "clear_result": "success"}}
2026-09-13 00:18:37,582 INFO request {"path": "/measure", "payload": {"arena_id": "default", "robot_id": "202601002029", "request_id": "efbea3a4b2464f51a677bbd52961ac32", "position": {"x": -180.44347861968583, "y": -980.0439782706842}, "channel": 4}, "attempt": 1}
2026-09-13 00:18:37,584 INFO response {"request_id": "efbea3a4b2464f51a677bbd52961ac32", "http_status": 200, "body": {"accepted": true, "real_timestamp_ms": 1789229914514, "virtual_time_s": 5845.421322, "measure_result": "direction", "svd_deg": 329.97}}
2026-09-13 00:18:37,618 INFO request {"path": "/clear", "payload": {"arena_id": "default", "robot_id": "202601002029", "request_id": "e1819b3cd9fa4e3ca185f86b0f51272e", "position": {"x": -139.87311267411508, "y": -1003.8873017521043}, "channel": 4}, "attempt": 1}
2026-09-13 00:18:37,634 INFO response {"request_id": "e1819b3cd9fa4e3ca185f86b0f51272e", "http_status": 200, "body": {"accepted": true, "real_timestamp_ms": 1789229914565, "virtual_time_s": 5859.832929, "clear_result": "success"}}
2026-09-13 00:18:37,649 INFO request {"path": "/clear", "payload": {"arena_id": "default", "robot_id": "202601002029", "request_id": "6338fccddcbd4e58828bf07f804c557c", "position": {"x": -64.55294076382816, "y": 463.47176067567113}, "channel": 17}, "attempt": 1}
2026-09-13 00:18:37,650 INFO response {"request_id": "6338fccddcbd4e58828bf07f804c557c", "http_status": 200, "body": {"accepted": true, "real_timestamp_ms": 1789229914581, "virtual_time_s": 6158.691109, "clear_result": "success"}}
2026-09-13 00:18:37,681 INFO request {"path": "/clear", "payload": {"arena_id": "default", "robot_id": "202601002029", "request_id": "21caf714955b497db71262fd1891aaa7", "position": {"x": 495.9399522880532, "y": 1487.8455861994587}, "channel": 9}, "attempt": 1}
2026-09-13 00:18:37,683 INFO response {"request_id": "21caf714955b497db71262fd1891aaa7", "http_status": 200, "body": {"accepted": true, "real_timestamp_ms": 1789229914613, "virtual_time_s": 6397.228602, "clear_result": "success"}}
2026-09-13 00:18:37,725 INFO request {"path": "/clear", "payload": {"arena_id": "default", "robot_id": "202601002029", "request_id": "a91c89a4a9ee44f98f70dfe3e1faefbf", "position": {"x": 347.914733097053, "y": 1689.1491497844702}, "channel": 12}, "attempt": 1}
2026-09-13 00:18:37,727 INFO response {"request_id": "a91c89a4a9ee44f98f70dfe3e1faefbf", "http_status": 200, "body": {"accepted": true, "real_timestamp_ms": 1789229914658, "virtual_time_s": 6452.202431, "clear_result": "success"}}
2026-09-13 00:18:37,754 INFO request {"path": "/measure", "payload": {"arena_id": "default", "robot_id": "202601002029", "request_id": "a4fd78ee3a1b4b4e85ac3102fb1ebad4", "position": {"x": 1230.6228020865578, "y": 1335.34047473932}, "channel": 13}, "attempt": 1}
2026-09-13 00:18:37,755 INFO response {"request_id": "a4fd78ee3a1b4b4e85ac3102fb1ebad4", "http_status": 200, "body": {"accepted": true, "real_timestamp_ms": 1789229914686, "virtual_time_s": 6648.397501, "measure_result": "direction", "svd_deg": 169.9}}
2026-09-13 00:18:37,790 INFO request {"path": "/clear", "payload": {"arena_id": "default", "robot_id": "202601002029", "request_id": "059af00084224785834f22dcb5a7922e", "position": {"x": 1084.5790617259213, "y": 520.2102581264032}, "channel": 20}, "attempt": 1}
2026-09-13 00:18:37,811 INFO response {"request_id": "059af00084224785834f22dcb5a7922e", "http_status": 200, "body": {"accepted": true, "real_timestamp_ms": 1789229914741, "virtual_time_s": 6819.019486, "clear_result": "success"}}
2026-09-13 00:18:39,339 INFO request {"path": "/measure", "payload": {"arena_id": "default", "robot_id": "202601002029", "request_id": "bd4ac53d3f184f2e87c8bea5d5792bcb", "position": {"x": 1042.565176684474, "y": 1267.2645646967098}, "channel": 13}, "attempt": 1}
2026-09-13 00:18:39,340 INFO response {"request_id": "bd4ac53d3f184f2e87c8bea5d5792bcb", "http_status": 200, "body": {"accepted": true, "real_timestamp_ms": 1789229916271, "virtual_time_s": 6973.666444, "measure_result": "no_signal"}}
2026-09-13 00:18:40,709 INFO request {"path": "/measure", "payload": {"arena_id": "default", "robot_id": "202601002029", "request_id": "6631003b304647b0b8179370c4a6faa7", "position": {"x": 1031.3537428483764, "y": 1318.2570901118465}, "channel": 13}, "attempt": 1}
2026-09-13 00:18:40,725 INFO response {"request_id": "6631003b304647b0b8179370c4a6faa7", "http_status": 200, "body": {"accepted": true, "real_timestamp_ms": 1789229917655, "virtual_time_s": 6989.108539, "measure_result": "no_signal"}}
2026-09-13 00:18:42,027 INFO request {"path": "/measure", "payload": {"arena_id": "default", "robot_id": "202601002029", "request_id": "866f1f3009a64c7b837d5668b6f9e627", "position": {"x": 809.9160315814204, "y": 1689.6084711080825}, "channel": 13}, "attempt": 1}
2026-09-13 00:18:42,029 INFO response {"request_id": "866f1f3009a64c7b837d5668b6f9e627", "http_status": 200, "body": {"accepted": true, "real_timestamp_ms": 1789229918959, "virtual_time_s": 7080.580849, "measure_result": "no_signal"}}
2026-09-13 00:18:43,338 INFO request {"path": "/measure", "payload": {"arena_id": "default", "robot_id": "202601002029", "request_id": "8b8574de5c184d3796818f0578d806e6", "position": {"x": 732.5599626304311, "y": 1568.6501572492846}, "channel": 13}, "attempt": 1}
2026-09-13 00:18:43,340 INFO response {"request_id": "8b8574de5c184d3796818f0578d806e6", "http_status": 200, "body": {"accepted": true, "real_timestamp_ms": 1789229920270, "virtual_time_s": 7114.296611, "measure_result": "no_signal"}}
2026-09-13 00:18:44,656 INFO request {"path": "/measure", "payload": {"arena_id": "default", "robot_id": "202601002029", "request_id": "aeba786cbfe44c278bfe73a3f6cecccf", "position": {"x": 551.4462028282031, "y": 1653.4900417983627}, "channel": 13}, "attempt": 1}
2026-09-13 00:18:44,671 INFO response {"request_id": "aeba786cbfe44c278bfe73a3f6cecccf", "http_status": 200, "body": {"accepted": true, "real_timestamp_ms": 1789229921601, "virtual_time_s": 7159.296611, "measure_result": "no_signal"}}
2026-09-13 00:18:46,021 INFO request {"path": "/measure", "payload": {"arena_id": "default", "robot_id": "202601002029", "request_id": "c8a9890ccd284cb0bbccde858aa313b9", "position": {"x": 656.931751397734, "y": 1818.4331970603598}, "channel": 13}, "attempt": 1}
2026-09-13 00:18:46,035 INFO response {"request_id": "c8a9890ccd284cb0bbccde858aa313b9", "http_status": 200, "body": {"accepted": true, "real_timestamp_ms": 1789229922965, "virtual_time_s": 7203.454469, "measure_result": "no_signal"}}
2026-09-13 00:18:46,058 INFO request {"path": "/measure", "payload": {"arena_id": "default", "robot_id": "202601002029", "request_id": "90d346b521cd440a97fb2b353e5311e1", "position": {"x": -750.0, "y": 2165.0635094610966}, "channel": 13}, "attempt": 1}
2026-09-13 00:18:46,074 INFO response {"request_id": "90d346b521cd440a97fb2b353e5311e1", "http_status": 200, "body": {"accepted": true, "real_timestamp_ms": 1789229923004, "virtual_time_s": 7498.255057, "measure_result": "no_signal"}}
2026-09-13 00:18:46,102 INFO request {"path": "/measure", "payload": {"arena_id": "default", "robot_id": "202601002029", "request_id": "0a5f9cd1616e45ed865b87a1bc8edf4b", "position": {"x": -1250.0, "y": 2165.0635094610966}, "channel": 13}, "attempt": 1}
2026-09-13 00:18:46,103 INFO response {"request_id": "0a5f9cd1616e45ed865b87a1bc8edf4b", "http_status": 200, "body": {"accepted": true, "real_timestamp_ms": 1789229923034, "virtual_time_s": 7603.255057, "measure_result": "no_signal"}}
2026-09-13 00:18:46,131 INFO request {"path": "/measure", "payload": {"arena_id": "default", "robot_id": "202601002029", "request_id": "cb9afa3f6ff541108874b97740a49281", "position": {"x": -1750.0, "y": 2165.0635094610966}, "channel": 13}, "attempt": 1}
2026-09-13 00:18:46,143 INFO response {"request_id": "cb9afa3f6ff541108874b97740a49281", "http_status": 200, "body": {"accepted": true, "real_timestamp_ms": 1789229923073, "virtual_time_s": 7708.255057, "measure_result": "no_signal"}}
2026-09-13 00:18:46,170 INFO request {"path": "/measure", "payload": {"arena_id": "default", "robot_id": "202601002029", "request_id": "fc801240ca3f477697a296bfcceccfef", "position": {"x": -2000.0, "y": 1732.0508075688772}, "channel": 13}, "attempt": 1}
2026-09-13 00:18:46,172 INFO response {"request_id": "fc801240ca3f477697a296bfcceccfef", "http_status": 200, "body": {"accepted": true, "real_timestamp_ms": 1789229923102, "virtual_time_s": 7813.255057, "measure_result": "no_signal"}}
2026-09-13 00:18:46,195 INFO request {"path": "/measure", "payload": {"arena_id": "default", "robot_id": "202601002029", "request_id": "977ac8e9d2e14d7fbc085ba8d7d0c475", "position": {"x": -1500.0, "y": 1732.0508075688772}, "channel": 13}, "attempt": 1}
2026-09-13 00:18:46,196 INFO response {"request_id": "977ac8e9d2e14d7fbc085ba8d7d0c475", "http_status": 200, "body": {"accepted": true, "real_timestamp_ms": 1789229923127, "virtual_time_s": 7918.255057, "measure_result": "no_signal"}}
2026-09-13 00:18:46,229 INFO request {"path": "/measure", "payload": {"arena_id": "default", "robot_id": "202601002029", "request_id": "b2708e4db7974d9d88a4c67aae9bc026", "position": {"x": -1000.0, "y": 1732.0508075688772}, "channel": 13}, "attempt": 1}
2026-09-13 00:18:46,232 INFO response {"request_id": "b2708e4db7974d9d88a4c67aae9bc026", "http_status": 200, "body": {"accepted": true, "real_timestamp_ms": 1789229923162, "virtual_time_s": 8023.255057, "measure_result": "no_signal"}}
2026-09-13 00:18:46,254 INFO request {"path": "/measure", "payload": {"arena_id": "default", "robot_id": "202601002029", "request_id": "34e2ec47a7e340389680d69512dab1b6", "position": {"x": -500.0, "y": 1732.0508075688772}, "channel": 13}, "attempt": 1}
2026-09-13 00:18:46,271 INFO response {"request_id": "34e2ec47a7e340389680d69512dab1b6", "http_status": 200, "body": {"accepted": true, "real_timestamp_ms": 1789229923201, "virtual_time_s": 8128.255057, "measure_result": "no_signal"}}
2026-09-13 00:18:46,297 INFO request {"path": "/measure", "payload": {"arena_id": "default", "robot_id": "202601002029", "request_id": "c6e4bb43a0fa43d9a6c89442a9234559", "position": {"x": 0.0, "y": 1732.0508075688772}, "channel": 13}, "attempt": 1}
2026-09-13 00:18:46,299 INFO response {"request_id": "c6e4bb43a0fa43d9a6c89442a9234559", "http_status": 200, "body": {"accepted": true, "real_timestamp_ms": 1789229923229, "virtual_time_s": 8233.255057, "measure_result": "no_signal"}}
2026-09-13 00:18:46,316 INFO request {"path": "/measure", "payload": {"arena_id": "default", "robot_id": "202601002029", "request_id": "7c55dfcd4fa34addb9dbf5b062613955", "position": {"x": 500.0, "y": 1732.0508075688772}, "channel": 13}, "attempt": 1}
2026-09-13 00:18:46,331 INFO response {"request_id": "7c55dfcd4fa34addb9dbf5b062613955", "http_status": 200, "body": {"accepted": true, "real_timestamp_ms": 1789229923262, "virtual_time_s": 8338.255057, "measure_result": "no_signal"}}
2026-09-13 00:18:46,351 INFO request {"path": "/measure", "payload": {"arena_id": "default", "robot_id": "202601002029", "request_id": "cd2514bd021d46a1aa236f70937e1acd", "position": {"x": 1000.0, "y": 1732.0508075688772}, "channel": 13}, "attempt": 1}
2026-09-13 00:18:46,371 INFO response {"request_id": "cd2514bd021d46a1aa236f70937e1acd", "http_status": 200, "body": {"accepted": true, "real_timestamp_ms": 1789229923302, "virtual_time_s": 8443.255057, "measure_result": "no_signal"}}
2026-09-13 00:18:46,393 INFO request {"path": "/measure", "payload": {"arena_id": "default", "robot_id": "202601002029", "request_id": "2b9b6bbca51544cead37e9e9500022ea", "position": {"x": 1500.0, "y": 1732.0508075688772}, "channel": 13}, "attempt": 1}
2026-09-13 00:18:46,394 INFO response {"request_id": "2b9b6bbca51544cead37e9e9500022ea", "http_status": 200, "body": {"accepted": true, "real_timestamp_ms": 1789229923325, "virtual_time_s": 8548.255057, "measure_result": "direction", "svd_deg": 220.37}}
2026-09-13 00:18:46,416 INFO request {"path": "/clear", "payload": {"arena_id": "default", "robot_id": "202601002029", "request_id": "01cd6b28dd5a4c079e698aa3532db1ab", "position": {"x": 1067.0120875653383, "y": 1364.2135906526773}, "channel": 13}, "attempt": 1}
2026-09-13 00:18:46,418 INFO response {"request_id": "01cd6b28dd5a4c079e698aa3532db1ab", "http_status": 200, "body": {"accepted": true, "real_timestamp_ms": 1789229923349, "virtual_time_s": 8666.883003, "clear_result": "success"}}
2026-09-13 00:18:46,452 INFO request {"path": "/measure", "payload": {"arena_id": "default", "robot_id": "202601002029", "request_id": "87de6b15be944720adcab12540fd6de6", "position": {"x": 72.14102863837887, "y": -53.811448475176725}, "channel": 5}, "attempt": 1}
2026-09-13 00:18:46,454 INFO response {"request_id": "87de6b15be944720adcab12540fd6de6", "http_status": 200, "body": {"accepted": true, "real_timestamp_ms": 1789229923384, "virtual_time_s": 9019.325693, "measure_result": "direction", "svd_deg": 323.66}}
2026-09-13 00:18:48,277 INFO request {"path": "/measure", "payload": {"arena_id": "default", "robot_id": "202601002029", "request_id": "1ab5635f151247088f21c755c48c0041", "position": {"x": 78.28927560475894, "y": -57.29708568880472}, "channel": 5}, "attempt": 1}
2026-09-13 00:18:48,279 INFO response {"request_id": "1ab5635f151247088f21c755c48c0041", "http_status": 200, "body": {"accepted": true, "real_timestamp_ms": 1789229925210, "virtual_time_s": 9025.739208, "measure_result": "direction", "svd_deg": 323.64}}
2026-09-13 00:18:49,919 INFO request {"path": "/measure", "payload": {"arena_id": "default", "robot_id": "202601002029", "request_id": "167476003ec448789d75ee388ea71972", "position": {"x": 85.8985569369703, "y": -62.13996787146898}, "channel": 5}, "attempt": 1}
2026-09-13 00:18:49,920 INFO response {"request_id": "167476003ec448789d75ee388ea71972", "http_status": 200, "body": {"accepted": true, "real_timestamp_ms": 1789229926851, "virtual_time_s": 9032.543144, "measure_result": "direction", "svd_deg": 323.65}}
2026-09-13 00:18:51,658 INFO request {"path": "/measure", "payload": {"arena_id": "default", "robot_id": "202601002029", "request_id": "b9432b382ee74bc2aa0b64ce3678af48", "position": {"x": 166.12826840746345, "y": -245.34256992002457}, "channel": 5}, "attempt": 1}
2026-09-13 00:18:51,659 INFO response {"request_id": "b9432b382ee74bc2aa0b64ce3678af48", "http_status": 200, "body": {"accepted": true, "real_timestamp_ms": 1789229928590, "virtual_time_s": 9077.543144, "measure_result": "direction", "svd_deg": 336.12}}
2026-09-13 00:18:53,600 INFO request {"path": "/measure", "payload": {"arena_id": "default", "robot_id": "202601002029", "request_id": "291841e4fffb4237a667987f3da93803", "position": {"x": 511.93310179927676, "y": -299.3704997606196}, "channel": 5}, "attempt": 1}
2026-09-13 00:18:53,602 INFO response {"request_id": "291841e4fffb4237a667987f3da93803", "http_status": 200, "body": {"accepted": true, "real_timestamp_ms": 1789229930532, "virtual_time_s": 9152.543144, "measure_result": "direction", "svd_deg": 297.51}}
2026-09-13 00:18:53,639 INFO request {"path": "/clear", "payload": {"arena_id": "default", "robot_id": "202601002029", "request_id": "7930c0a3d558493b98e32658682e429f", "position": {"x": 579.5719338858586, "y": -428.64956216034693}, "channel": 5}, "attempt": 1}
2026-09-13 00:18:53,641 INFO response {"request_id": "7930c0a3d558493b98e32658682e429f", "http_status": 200, "body": {"accepted": true, "real_timestamp_ms": 1789229930571, "virtual_time_s": 9186.72402, "clear_result": "success"}}
2026-09-13 00:18:53,672 INFO request {"path": "/clear", "payload": {"arena_id": "default", "robot_id": "202601002029", "request_id": "e229cb66839444a78cbb313a5a04cc6e", "position": {"x": -715.8179956121262, "y": -1039.4116408602072}, "channel": 8}, "attempt": 1}
2026-09-13 00:18:53,674 INFO response {"request_id": "e229cb66839444a78cbb313a5a04cc6e", "http_status": 200, "body": {"accepted": true, "real_timestamp_ms": 1789229930604, "virtual_time_s": 9478.154841, "clear_result": "success"}}
2026-09-13 00:18:53,690 INFO request {"path": "/exit", "payload": {"arena_id": "default", "robot_id": "202601002029", "request_id": "1aeaf8b2388d41bdba0d2d6f0b3cbc09"}, "attempt": 1}
2026-09-13 00:18:53,692 INFO response {"request_id": "1aeaf8b2388d41bdba0d2d6f0b3cbc09", "http_status": 200, "body": {"accepted": true, "real_timestamp_ms": 1789229930622, "virtual_time_s": 9478.154841, "exit_reason": "user_exit"}}
