2026-09-13 01:11:51,713 INFO request {"path": "/enter", "payload": {"arena_id": "default", "robot_id": "202601002029", "request_id": "633f6ba1d93e40f6a87b7e90205355d0"}, "attempt": 1}
2026-09-13 01:11:51,717 INFO response {"request_id": "633f6ba1d93e40f6a87b7e90205355d0", "http_status": 200, "body": {"accepted": true, "real_timestamp_ms": 1789233108675, "virtual_time_s": 0, "max_virtual_duration_s": 360000, "max_real_duration_s": 1200, "remaining_real_duration_s": 1200}}
2026-09-13 01:11:51,743 INFO request {"path": "/measure", "payload": {"arena_id": "default", "robot_id": "202601002029", "request_id": "2166e79adb1a4009be8f3d8b47566808", "position": {"x": 0.0, "y": 0.0}, "channel": 1}, "attempt": 1}
2026-09-13 01:11:51,744 INFO response {"request_id": "2166e79adb1a4009be8f3d8b47566808", "http_status": 200, "body": {"accepted": true, "real_timestamp_ms": 1789233108703, "virtual_time_s": 5, "measure_result": "no_signal"}}
2026-09-13 01:11:51,775 INFO request {"path": "/measure", "payload": {"arena_id": "default", "robot_id": "202601002029", "request_id": "26980a64414944c6970353b1558c2f19", "position": {"x": 0.0, "y": 0.0}, "channel": 2}, "attempt": 1}
2026-09-13 01:11:51,777 INFO response {"request_id": "26980a64414944c6970353b1558c2f19", "http_status": 200, "body": {"accepted": true, "real_timestamp_ms": 1789233108736, "virtual_time_s": 11, "measure_result": "direction", "svd_deg": 133.7}}
2026-09-13 01:11:51,803 INFO request {"path": "/measure", "payload": {"arena_id": "default", "robot_id": "202601002029", "request_id": "0006477e72d34967844dbf7abff0d92b", "position": {"x": 0.0, "y": 0.0}, "channel": 3}, "attempt": 1}
2026-09-13 01:11:51,823 INFO response {"request_id": "0006477e72d34967844dbf7abff0d92b", "http_status": 200, "body": {"accepted": true, "real_timestamp_ms": 1789233108781, "virtual_time_s": 17, "measure_result": "no_signal"}}
2026-09-13 01:11:51,839 INFO request {"path": "/measure", "payload": {"arena_id": "default", "robot_id": "202601002029", "request_id": "57577dc7b7474fd98970271b87da2587", "position": {"x": 0.0, "y": 0.0}, "channel": 4}, "attempt": 1}
2026-09-13 01:11:51,853 INFO response {"request_id": "57577dc7b7474fd98970271b87da2587", "http_status": 200, "body": {"accepted": true, "real_timestamp_ms": 1789233108811, "virtual_time_s": 23, "measure_result": "no_signal"}}
2026-09-13 01:11:51,869 INFO request {"path": "/measure", "payload": {"arena_id": "default", "robot_id": "202601002029", "request_id": "db0687764b204141b0d477a9eba908b4", "position": {"x": 0.0, "y": 0.0}, "channel": 5}, "attempt": 1}
2026-09-13 01:11:51,882 INFO response {"request_id": "db0687764b204141b0d477a9eba908b4", "http_status": 200, "body": {"accepted": true, "real_timestamp_ms": 1789233108841, "virtual_time_s": 29, "measure_result": "no_signal"}}
2026-09-13 01:11:51,897 INFO request {"path": "/measure", "payload": {"arena_id": "default", "robot_id": "202601002029", "request_id": "6d2b733ed26b42d099347c6bd9c5b0fd", "position": {"x": 0.0, "y": 0.0}, "channel": 6}, "attempt": 1}
2026-09-13 01:11:51,912 INFO response {"request_id": "6d2b733ed26b42d099347c6bd9c5b0fd", "http_status": 200, "body": {"accepted": true, "real_timestamp_ms": 1789233108870, "virtual_time_s": 35, "measure_result": "no_signal"}}
2026-09-13 01:11:51,926 INFO request {"path": "/measure", "payload": {"arena_id": "default", "robot_id": "202601002029", "request_id": "ae4aadc89c86428c93e709e858a10f7a", "position": {"x": 0.0, "y": 0.0}, "channel": 7}, "attempt": 1}
2026-09-13 01:11:51,941 INFO response {"request_id": "ae4aadc89c86428c93e709e858a10f7a", "http_status": 200, "body": {"accepted": true, "real_timestamp_ms": 1789233108899, "virtual_time_s": 41, "measure_result": "no_signal"}}
2026-09-13 01:11:51,957 INFO request {"path": "/measure", "payload": {"arena_id": "default", "robot_id": "202601002029", "request_id": "7d143ed4a227405b9c0ee33ad262e303", "position": {"x": 0.0, "y": 0.0}, "channel": 8}, "attempt": 1}
2026-09-13 01:11:51,958 INFO response {"request_id": "7d143ed4a227405b9c0ee33ad262e303", "http_status": 200, "body": {"accepted": true, "real_timestamp_ms": 1789233108917, "virtual_time_s": 47, "measure_result": "no_signal"}}
2026-09-13 01:11:51,989 INFO request {"path": "/measure", "payload": {"arena_id": "default", "robot_id": "202601002029", "request_id": "e5b1b6297f07413bb224475c5a910004", "position": {"x": 0.0, "y": 0.0}, "channel": 9}, "attempt": 1}
2026-09-13 01:11:51,992 INFO response {"request_id": "e5b1b6297f07413bb224475c5a910004", "http_status": 200, "body": {"accepted": true, "real_timestamp_ms": 1789233108950, "virtual_time_s": 53, "measure_result": "no_signal"}}
2026-09-13 01:11:52,023 INFO request {"path": "/measure", "payload": {"arena_id": "default", "robot_id": "202601002029", "request_id": "131e0458c97f450ab6ad4b451e1c8b23", "position": {"x": 0.0, "y": 0.0}, "channel": 10}, "attempt": 1}
2026-09-13 01:11:52,038 INFO response {"request_id": "131e0458c97f450ab6ad4b451e1c8b23", "http_status": 200, "body": {"accepted": true, "real_timestamp_ms": 1789233108997, "virtual_time_s": 59, "measure_result": "no_signal"}}
2026-09-13 01:11:52,053 INFO request {"path": "/measure", "payload": {"arena_id": "default", "robot_id": "202601002029", "request_id": "0b9af8af10c64956adf45032d1161eb2", "position": {"x": 0.0, "y": 0.0}, "channel": 11}, "attempt": 1}
2026-09-13 01:11:52,055 INFO response {"request_id": "0b9af8af10c64956adf45032d1161eb2", "http_status": 200, "body": {"accepted": true, "real_timestamp_ms": 1789233109014, "virtual_time_s": 65, "measure_result": "no_signal"}}
2026-09-13 01:11:52,086 INFO request {"path": "/measure", "payload": {"arena_id": "default", "robot_id": "202601002029", "request_id": "1d8f4baeb02b4953ae0efe0fada11dd1", "position": {"x": 0.0, "y": 0.0}, "channel": 12}, "attempt": 1}
2026-09-13 01:11:52,087 INFO response {"request_id": "1d8f4baeb02b4953ae0efe0fada11dd1", "http_status": 200, "body": {"accepted": true, "real_timestamp_ms": 1789233109046, "virtual_time_s": 71, "measure_result": "direction", "svd_deg": 6.42}}
2026-09-13 01:11:52,119 INFO request {"path": "/measure", "payload": {"arena_id": "default", "robot_id": "202601002029", "request_id": "cc014c48018a4d23be774e68ed90b532", "position": {"x": 0.0, "y": 0.0}, "channel": 13}, "attempt": 1}
2026-09-13 01:11:52,137 INFO response {"request_id": "cc014c48018a4d23be774e68ed90b532", "http_status": 200, "body": {"accepted": true, "real_timestamp_ms": 1789233109095, "virtual_time_s": 77, "measure_result": "no_signal"}}
2026-09-13 01:11:52,152 INFO request {"path": "/measure", "payload": {"arena_id": "default", "robot_id": "202601002029", "request_id": "d58765b0481a4bba920a1d9daa200419", "position": {"x": 0.0, "y": 0.0}, "channel": 14}, "attempt": 1}
2026-09-13 01:11:52,154 INFO response {"request_id": "d58765b0481a4bba920a1d9daa200419", "http_status": 200, "body": {"accepted": true, "real_timestamp_ms": 1789233109112, "virtual_time_s": 83, "measure_result": "no_signal"}}
2026-09-13 01:11:52,185 INFO request {"path": "/measure", "payload": {"arena_id": "default", "robot_id": "202601002029", "request_id": "0cec32ee491a4e73b58d8107bcce88a4", "position": {"x": 0.0, "y": 0.0}, "channel": 15}, "attempt": 1}
2026-09-13 01:11:52,187 INFO response {"request_id": "0cec32ee491a4e73b58d8107bcce88a4", "http_status": 200, "body": {"accepted": true, "real_timestamp_ms": 1789233109145, "virtual_time_s": 89, "measure_result": "direction", "svd_deg": 22.34}}
2026-09-13 01:11:52,221 INFO request {"path": "/measure", "payload": {"arena_id": "default", "robot_id": "202601002029", "request_id": "13fc75a42b6d4d628770676ce886a675", "position": {"x": 0.0, "y": 0.0}, "channel": 16}, "attempt": 1}
2026-09-13 01:11:52,223 INFO response {"request_id": "13fc75a42b6d4d628770676ce886a675", "http_status": 200, "body": {"accepted": true, "real_timestamp_ms": 1789233109181, "virtual_time_s": 95, "measure_result": "direction", "svd_deg": 175.81}}
2026-09-13 01:11:52,241 INFO request {"path": "/measure", "payload": {"arena_id": "default", "robot_id": "202601002029", "request_id": "37679743d60c4f6dbfece578f2136e9a", "position": {"x": 0.0, "y": 0.0}, "channel": 17}, "attempt": 1}
2026-09-13 01:11:52,252 INFO response {"request_id": "37679743d60c4f6dbfece578f2136e9a", "http_status": 200, "body": {"accepted": true, "real_timestamp_ms": 1789233109211, "virtual_time_s": 101, "measure_result": "direction", "svd_deg": 26.55}}
2026-09-13 01:11:52,269 INFO request {"path": "/measure", "payload": {"arena_id": "default", "robot_id": "202601002029", "request_id": "3cf2d0e3e31840ec905b0b5ebeac3206", "position": {"x": 0.0, "y": 0.0}, "channel": 18}, "attempt": 1}
2026-09-13 01:11:52,282 INFO response {"request_id": "3cf2d0e3e31840ec905b0b5ebeac3206", "http_status": 200, "body": {"accepted": true, "real_timestamp_ms": 1789233109241, "virtual_time_s": 107, "measure_result": "no_signal"}}
2026-09-13 01:11:52,298 INFO request {"path": "/measure", "payload": {"arena_id": "default", "robot_id": "202601002029", "request_id": "2c9a2da3a8604893ad4ddb6f1e3a74c2", "position": {"x": 0.0, "y": 0.0}, "channel": 19}, "attempt": 1}
2026-09-13 01:11:52,299 INFO response {"request_id": "2c9a2da3a8604893ad4ddb6f1e3a74c2", "http_status": 200, "body": {"accepted": true, "real_timestamp_ms": 1789233109258, "virtual_time_s": 113, "measure_result": "no_signal"}}
2026-09-13 01:11:52,330 INFO request {"path": "/measure", "payload": {"arena_id": "default", "robot_id": "202601002029", "request_id": "d987d0616fff4656ba86d3705539a8cd", "position": {"x": 0.0, "y": 0.0}, "channel": 20}, "attempt": 1}
2026-09-13 01:11:52,332 INFO response {"request_id": "d987d0616fff4656ba86d3705539a8cd", "http_status": 200, "body": {"accepted": true, "real_timestamp_ms": 1789233109291, "virtual_time_s": 119, "measure_result": "no_signal"}}
2026-09-13 01:11:52,853 INFO request {"path": "/measure", "payload": {"arena_id": "default", "robot_id": "202601002029", "request_id": "44b0f8c6cd4340129646e78c82efe7a8", "position": {"x": 463.39693041970287, "y": 802.627027558385}, "channel": 20}, "attempt": 1}
2026-09-13 01:11:52,867 INFO response {"request_id": "44b0f8c6cd4340129646e78c82efe7a8", "http_status": 200, "body": {"accepted": true, "real_timestamp_ms": 1789233109826, "virtual_time_s": 309.358772, "measure_result": "no_signal"}}
2026-09-13 01:11:52,882 INFO request {"path": "/measure", "payload": {"arena_id": "default", "robot_id": "202601002029", "request_id": "60aaf97139f94555ade6ab62d3a4fb5c", "position": {"x": 463.39693041970287, "y": 802.627027558385}, "channel": 1}, "attempt": 1}
2026-09-13 01:11:52,896 INFO response {"request_id": "60aaf97139f94555ade6ab62d3a4fb5c", "http_status": 200, "body": {"accepted": true, "real_timestamp_ms": 1789233109854, "virtual_time_s": 315.358772, "measure_result": "no_signal"}}
2026-09-13 01:11:52,912 INFO request {"path": "/measure", "payload": {"arena_id": "default", "robot_id": "202601002029", "request_id": "77ff1bc6f3884f389d1e032dcbd62135", "position": {"x": 463.39693041970287, "y": 802.627027558385}, "channel": 3}, "attempt": 1}
2026-09-13 01:11:52,926 INFO response {"request_id": "77ff1bc6f3884f389d1e032dcbd62135", "http_status": 200, "body": {"accepted": true, "real_timestamp_ms": 1789233109884, "virtual_time_s": 321.358772, "measure_result": "no_signal"}}
2026-09-13 01:11:52,940 INFO request {"path": "/measure", "payload": {"arena_id": "default", "robot_id": "202601002029", "request_id": "a3e83bd27a3c48988ef270b00f5f6109", "position": {"x": 463.39693041970287, "y": 802.627027558385}, "channel": 4}, "attempt": 1}
2026-09-13 01:11:52,943 INFO response {"request_id": "a3e83bd27a3c48988ef270b00f5f6109", "http_status": 200, "body": {"accepted": true, "real_timestamp_ms": 1789233109901, "virtual_time_s": 327.358772, "measure_result": "no_signal"}}
2026-09-13 01:11:52,959 INFO request {"path": "/measure", "payload": {"arena_id": "default", "robot_id": "202601002029", "request_id": "04b45388aa3041dcab53b8adba6a8a21", "position": {"x": 463.39693041970287, "y": 802.627027558385}, "channel": 5}, "attempt": 1}
2026-09-13 01:11:52,961 INFO response {"request_id": "04b45388aa3041dcab53b8adba6a8a21", "http_status": 200, "body": {"accepted": true, "real_timestamp_ms": 1789233109919, "virtual_time_s": 333.358772, "measure_result": "no_signal"}}
2026-09-13 01:11:52,992 INFO request {"path": "/measure", "payload": {"arena_id": "default", "robot_id": "202601002029", "request_id": "6dd590e6984a4315bc3472251f8710de", "position": {"x": 463.39693041970287, "y": 802.627027558385}, "channel": 6}, "attempt": 1}
2026-09-13 01:11:52,994 INFO response {"request_id": "6dd590e6984a4315bc3472251f8710de", "http_status": 200, "body": {"accepted": true, "real_timestamp_ms": 1789233109952, "virtual_time_s": 339.358772, "measure_result": "no_signal"}}
2026-09-13 01:11:53,025 INFO request {"path": "/measure", "payload": {"arena_id": "default", "robot_id": "202601002029", "request_id": "3a6a9fe4cae8446387793aca4b660605", "position": {"x": 463.39693041970287, "y": 802.627027558385}, "channel": 7}, "attempt": 1}
2026-09-13 01:11:53,026 INFO response {"request_id": "3a6a9fe4cae8446387793aca4b660605", "http_status": 200, "body": {"accepted": true, "real_timestamp_ms": 1789233109985, "virtual_time_s": 345.358772, "measure_result": "no_signal"}}
2026-09-13 01:11:53,057 INFO request {"path": "/measure", "payload": {"arena_id": "default", "robot_id": "202601002029", "request_id": "39f74f86efda48eb8695096651229a65", "position": {"x": 463.39693041970287, "y": 802.627027558385}, "channel": 8}, "attempt": 1}
2026-09-13 01:11:53,060 INFO response {"request_id": "39f74f86efda48eb8695096651229a65", "http_status": 200, "body": {"accepted": true, "real_timestamp_ms": 1789233110018, "virtual_time_s": 351.358772, "measure_result": "no_signal"}}
2026-09-13 01:11:53,090 INFO request {"path": "/measure", "payload": {"arena_id": "default", "robot_id": "202601002029", "request_id": "516f4bf48ba54c18b2f027cc3628a94b", "position": {"x": 463.39693041970287, "y": 802.627027558385}, "channel": 9}, "attempt": 1}
2026-09-13 01:11:53,091 INFO response {"request_id": "516f4bf48ba54c18b2f027cc3628a94b", "http_status": 200, "body": {"accepted": true, "real_timestamp_ms": 1789233110050, "virtual_time_s": 357.358772, "measure_result": "direction", "svd_deg": 344.24}}
2026-09-13 01:11:53,124 INFO request {"path": "/measure", "payload": {"arena_id": "default", "robot_id": "202601002029", "request_id": "9f48b1a7454b495cae917c027d87c022", "position": {"x": 463.39693041970287, "y": 802.627027558385}, "channel": 10}, "attempt": 1}
2026-09-13 01:11:53,143 INFO response {"request_id": "9f48b1a7454b495cae917c027d87c022", "http_status": 200, "body": {"accepted": true, "real_timestamp_ms": 1789233110101, "virtual_time_s": 363.358772, "measure_result": "no_signal"}}
2026-09-13 01:11:53,157 INFO request {"path": "/measure", "payload": {"arena_id": "default", "robot_id": "202601002029", "request_id": "f3ee76d648db46748a157bfcc3ab6a4f", "position": {"x": 463.39693041970287, "y": 802.627027558385}, "channel": 11}, "attempt": 1}
2026-09-13 01:11:53,160 INFO response {"request_id": "f3ee76d648db46748a157bfcc3ab6a4f", "http_status": 200, "body": {"accepted": true, "real_timestamp_ms": 1789233110118, "virtual_time_s": 369.358772, "measure_result": "direction", "svd_deg": 5.15}}
2026-09-13 01:11:53,180 INFO request {"path": "/measure", "payload": {"arena_id": "default", "robot_id": "202601002029", "request_id": "d0f8fafe6e7244e09ad79be732fb6d1f", "position": {"x": 463.39693041970287, "y": 802.627027558385}, "channel": 13}, "attempt": 1}
2026-09-13 01:11:53,192 INFO response {"request_id": "d0f8fafe6e7244e09ad79be732fb6d1f", "http_status": 200, "body": {"accepted": true, "real_timestamp_ms": 1789233110151, "virtual_time_s": 375.358772, "measure_result": "no_signal"}}
2026-09-13 01:11:53,208 INFO request {"path": "/measure", "payload": {"arena_id": "default", "robot_id": "202601002029", "request_id": "aea3e573078f4f808f9843dc8e4c237c", "position": {"x": 463.39693041970287, "y": 802.627027558385}, "channel": 14}, "attempt": 1}
2026-09-13 01:11:53,223 INFO response {"request_id": "aea3e573078f4f808f9843dc8e4c237c", "http_status": 200, "body": {"accepted": true, "real_timestamp_ms": 1789233110181, "virtual_time_s": 381.358772, "measure_result": "no_signal"}}
2026-09-13 01:11:53,238 INFO request {"path": "/measure", "payload": {"arena_id": "default", "robot_id": "202601002029", "request_id": "4f3dcb860b6f4c919d4290ca291aeb01", "position": {"x": 463.39693041970287, "y": 802.627027558385}, "channel": 18}, "attempt": 1}
2026-09-13 01:11:53,252 INFO response {"request_id": "4f3dcb860b6f4c919d4290ca291aeb01", "http_status": 200, "body": {"accepted": true, "real_timestamp_ms": 1789233110210, "virtual_time_s": 387.358772, "measure_result": "no_signal"}}
2026-09-13 01:11:53,283 INFO request {"path": "/measure", "payload": {"arena_id": "default", "robot_id": "202601002029", "request_id": "3637ac35b6a34282b4e08a23949da623", "position": {"x": 463.39693041970287, "y": 802.627027558385}, "channel": 19}, "attempt": 1}
2026-09-13 01:11:53,298 INFO response {"request_id": "3637ac35b6a34282b4e08a23949da623", "http_status": 200, "body": {"accepted": true, "real_timestamp_ms": 1789233110257, "virtual_time_s": 393.358772, "measure_result": "no_signal"}}
2026-09-13 01:11:53,361 INFO request {"path": "/measure", "payload": {"arena_id": "default", "robot_id": "202601002029", "request_id": "d51aca1bae114d1eb5bc08806eab8fa4", "position": {"x": 463.39693041970287, "y": 802.627027558385}, "channel": 17}, "attempt": 1}
2026-09-13 01:11:53,378 INFO response {"request_id": "d51aca1bae114d1eb5bc08806eab8fa4", "http_status": 200, "body": {"accepted": true, "real_timestamp_ms": 1789233110336, "virtual_time_s": 399.358772, "measure_result": "no_signal"}}
2026-09-13 01:11:53,393 INFO request {"path": "/measure", "payload": {"arena_id": "default", "robot_id": "202601002029", "request_id": "a0e00c6835d24320b9000d65828336c1", "position": {"x": 463.39693041970287, "y": 802.627027558385}, "channel": 15}, "attempt": 1}
2026-09-13 01:11:53,395 INFO response {"request_id": "a0e00c6835d24320b9000d65828336c1", "http_status": 200, "body": {"accepted": true, "real_timestamp_ms": 1789233110354, "virtual_time_s": 405.358772, "measure_result": "direction", "svd_deg": 307.13}}
2026-09-13 01:11:53,414 INFO request {"path": "/measure", "payload": {"arena_id": "default", "robot_id": "202601002029", "request_id": "de84e9c02deb4effb141dae680f3a289", "position": {"x": 463.39693041970287, "y": 802.627027558385}, "channel": 12}, "attempt": 1}
2026-09-13 01:11:53,429 INFO response {"request_id": "de84e9c02deb4effb141dae680f3a289", "http_status": 200, "body": {"accepted": true, "real_timestamp_ms": 1789233110387, "virtual_time_s": 411.358772, "measure_result": "direction", "svd_deg": 286.98}}
2026-09-13 01:11:54,488 INFO request {"path": "/measure", "payload": {"arena_id": "default", "robot_id": "202601002029", "request_id": "5183c6c71e8c4f04b40a40a7fb3ace84", "position": {"x": 802.6270275583851, "y": 463.3969304197027}, "channel": 1}, "attempt": 1}
2026-09-13 01:11:54,499 INFO response {"request_id": "5183c6c71e8c4f04b40a40a7fb3ace84", "http_status": 200, "body": {"accepted": true, "real_timestamp_ms": 1789233111458, "virtual_time_s": 513.307533, "measure_result": "no_signal"}}
2026-09-13 01:11:54,530 INFO request {"path": "/measure", "payload": {"arena_id": "default", "robot_id": "202601002029", "request_id": "22ed0b795162471d9b70d015706ff539", "position": {"x": 802.6270275583851, "y": 463.3969304197027}, "channel": 3}, "attempt": 1}
2026-09-13 01:11:54,548 INFO response {"request_id": "22ed0b795162471d9b70d015706ff539", "http_status": 200, "body": {"accepted": true, "real_timestamp_ms": 1789233111505, "virtual_time_s": 519.307533, "measure_result": "no_signal"}}
2026-09-13 01:11:54,562 INFO request {"path": "/measure", "payload": {"arena_id": "default", "robot_id": "202601002029", "request_id": "6164f272b7ef439e912e7957dd8cf9fa", "position": {"x": 802.6270275583851, "y": 463.3969304197027}, "channel": 4}, "attempt": 1}
2026-09-13 01:11:54,578 INFO response {"request_id": "6164f272b7ef439e912e7957dd8cf9fa", "http_status": 200, "body": {"accepted": true, "real_timestamp_ms": 1789233111535, "virtual_time_s": 525.307533, "measure_result": "no_signal"}}
2026-09-13 01:11:54,593 INFO request {"path": "/measure", "payload": {"arena_id": "default", "robot_id": "202601002029", "request_id": "7b693bb75f7f44b08af352bc5dac3a2b", "position": {"x": 802.6270275583851, "y": 463.3969304197027}, "channel": 5}, "attempt": 1}
2026-09-13 01:11:54,595 INFO response {"request_id": "7b693bb75f7f44b08af352bc5dac3a2b", "http_status": 200, "body": {"accepted": true, "real_timestamp_ms": 1789233111554, "virtual_time_s": 531.307533, "measure_result": "no_signal"}}
2026-09-13 01:11:54,626 INFO request {"path": "/measure", "payload": {"arena_id": "default", "robot_id": "202601002029", "request_id": "2904c581780f419384655151e58fd1be", "position": {"x": 802.6270275583851, "y": 463.3969304197027}, "channel": 6}, "attempt": 1}
2026-09-13 01:11:54,627 INFO response {"request_id": "2904c581780f419384655151e58fd1be", "http_status": 200, "body": {"accepted": true, "real_timestamp_ms": 1789233111586, "virtual_time_s": 537.307533, "measure_result": "no_signal"}}
2026-09-13 01:11:54,658 INFO request {"path": "/measure", "payload": {"arena_id": "default", "robot_id": "202601002029", "request_id": "e4abd9980a9f4a839862c40ebf560f0c", "position": {"x": 802.6270275583851, "y": 463.3969304197027}, "channel": 7}, "attempt": 1}
2026-09-13 01:11:54,659 INFO response {"request_id": "e4abd9980a9f4a839862c40ebf560f0c", "http_status": 200, "body": {"accepted": true, "real_timestamp_ms": 1789233111618, "virtual_time_s": 543.307533, "measure_result": "no_signal"}}
2026-09-13 01:11:54,675 INFO request {"path": "/measure", "payload": {"arena_id": "default", "robot_id": "202601002029", "request_id": "63b73b92579a46a3886add3a9521722f", "position": {"x": 802.6270275583851, "y": 463.3969304197027}, "channel": 8}, "attempt": 1}
2026-09-13 01:11:54,677 INFO response {"request_id": "63b73b92579a46a3886add3a9521722f", "http_status": 200, "body": {"accepted": true, "real_timestamp_ms": 1789233111635, "virtual_time_s": 549.307533, "measure_result": "no_signal"}}
2026-09-13 01:11:54,692 INFO request {"path": "/measure", "payload": {"arena_id": "default", "robot_id": "202601002029", "request_id": "a38aba342cb343af8af4e3351bdb62db", "position": {"x": 802.6270275583851, "y": 463.3969304197027}, "channel": 10}, "attempt": 1}
2026-09-13 01:11:54,694 INFO response {"request_id": "a38aba342cb343af8af4e3351bdb62db", "http_status": 200, "body": {"accepted": true, "real_timestamp_ms": 1789233111652, "virtual_time_s": 555.307533, "measure_result": "no_signal"}}
2026-09-13 01:11:54,725 INFO request {"path": "/measure", "payload": {"arena_id": "default", "robot_id": "202601002029", "request_id": "2b0e4fc70ecd4274adedc2553bebde89", "position": {"x": 802.6270275583851, "y": 463.3969304197027}, "channel": 13}, "attempt": 1}
2026-09-13 01:11:54,726 INFO response {"request_id": "2b0e4fc70ecd4274adedc2553bebde89", "http_status": 200, "body": {"accepted": true, "real_timestamp_ms": 1789233111685, "virtual_time_s": 561.307533, "measure_result": "no_signal"}}
2026-09-13 01:11:54,757 INFO request {"path": "/measure", "payload": {"arena_id": "default", "robot_id": "202601002029", "request_id": "4a07838289f242849a6a942d4f5f5a54", "position": {"x": 802.6270275583851, "y": 463.3969304197027}, "channel": 14}, "attempt": 1}
2026-09-13 01:11:54,758 INFO response {"request_id": "4a07838289f242849a6a942d4f5f5a54", "http_status": 200, "body": {"accepted": true, "real_timestamp_ms": 1789233111717, "virtual_time_s": 567.307533, "measure_result": "no_signal"}}
2026-09-13 01:11:54,789 INFO request {"path": "/measure", "payload": {"arena_id": "default", "robot_id": "202601002029", "request_id": "580032d6152f4a3e892723ff96ea3115", "position": {"x": 802.6270275583851, "y": 463.3969304197027}, "channel": 18}, "attempt": 1}
2026-09-13 01:11:54,790 INFO response {"request_id": "580032d6152f4a3e892723ff96ea3115", "http_status": 200, "body": {"accepted": true, "real_timestamp_ms": 1789233111749, "virtual_time_s": 573.307533, "measure_result": "no_signal"}}
2026-09-13 01:11:54,821 INFO request {"path": "/measure", "payload": {"arena_id": "default", "robot_id": "202601002029", "request_id": "55e8a20a35f94c6ca4a2337cbb82d8ad", "position": {"x": 802.6270275583851, "y": 463.3969304197027}, "channel": 19}, "attempt": 1}
2026-09-13 01:11:54,831 INFO response {"request_id": "55e8a20a35f94c6ca4a2337cbb82d8ad", "http_status": 200, "body": {"accepted": true, "real_timestamp_ms": 1789233111790, "virtual_time_s": 579.307533, "measure_result": "no_signal"}}
2026-09-13 01:11:54,846 INFO request {"path": "/measure", "payload": {"arena_id": "default", "robot_id": "202601002029", "request_id": "66f04d685eaa4e46a15fa421a03ef2aa", "position": {"x": 802.6270275583851, "y": 463.3969304197027}, "channel": 20}, "attempt": 1}
2026-09-13 01:11:54,861 INFO response {"request_id": "66f04d685eaa4e46a15fa421a03ef2aa", "http_status": 200, "body": {"accepted": true, "real_timestamp_ms": 1789233111819, "virtual_time_s": 585.307533, "measure_result": "no_signal"}}
2026-09-13 01:11:54,917 INFO request {"path": "/measure", "payload": {"arena_id": "default", "robot_id": "202601002029", "request_id": "d3ca6fce58c94c67940294b46c0be892", "position": {"x": 802.6270275583851, "y": 463.3969304197027}, "channel": 15}, "attempt": 1}
2026-09-13 01:11:54,930 INFO response {"request_id": "d3ca6fce58c94c67940294b46c0be892", "http_status": 200, "body": {"accepted": true, "real_timestamp_ms": 1789233111889, "virtual_time_s": 591.307533, "measure_result": "direction", "svd_deg": 274.21}}
2026-09-13 01:11:54,949 INFO request {"path": "/measure", "payload": {"arena_id": "default", "robot_id": "202601002029", "request_id": "de90a794908343efa9194173f3075609", "position": {"x": 802.6270275583851, "y": 463.3969304197027}, "channel": 11}, "attempt": 1}
2026-09-13 01:11:54,968 INFO response {"request_id": "de90a794908343efa9194173f3075609", "http_status": 200, "body": {"accepted": true, "real_timestamp_ms": 1789233111927, "virtual_time_s": 597.307533, "measure_result": "direction", "svd_deg": 51.55}}
2026-09-13 01:11:54,985 INFO request {"path": "/measure", "payload": {"arena_id": "default", "robot_id": "202601002029", "request_id": "b5d1336d70214663b4dd105d500f2f23", "position": {"x": 802.6270275583851, "y": 463.3969304197027}, "channel": 9}, "attempt": 1}
2026-09-13 01:11:54,998 INFO response {"request_id": "b5d1336d70214663b4dd105d500f2f23", "http_status": 200, "body": {"accepted": true, "real_timestamp_ms": 1789233111956, "virtual_time_s": 603.307533, "measure_result": "direction", "svd_deg": 26.45}}
2026-09-13 01:11:55,476 INFO request {"path": "/clear", "payload": {"arena_id": "default", "robot_id": "202601002029", "request_id": "a7d0aa25012a43b8bb82dd0c2bb23435", "position": {"x": 814.2985352535815, "y": 335.3961676848603}, "channel": 15}, "attempt": 1}
2026-09-13 01:11:55,490 INFO response {"request_id": "a7d0aa25012a43b8bb82dd0c2bb23435", "http_status": 200, "body": {"accepted": true, "real_timestamp_ms": 1789233112449, "virtual_time_s": 634.01389, "clear_result": "success"}}
2026-09-13 01:11:55,505 INFO request {"path": "/clear", "payload": {"arena_id": "default", "robot_id": "202601002029", "request_id": "70575bd05e0e41bcb7fd1e484a351b29", "position": {"x": 685.2858936727781, "y": 76.8332375991096}, "channel": 12}, "attempt": 1}
2026-09-13 01:11:55,507 INFO response {"request_id": "70575bd05e0e41bcb7fd1e484a351b29", "http_status": 200, "body": {"accepted": true, "real_timestamp_ms": 1789233112465, "virtual_time_s": 696.806295, "clear_result": "success"}}
2026-09-13 01:11:55,565 INFO request {"path": "/measure", "payload": {"arena_id": "default", "robot_id": "202601002029", "request_id": "71f718da185640869c81f47b5269bab3", "position": {"x": 926.7938608394055, "y": 0.0}, "channel": 1}, "attempt": 1}
2026-09-13 01:11:55,566 INFO response {"request_id": "71f718da185640869c81f47b5269bab3", "http_status": 200, "body": {"accepted": true, "real_timestamp_ms": 1789233112525, "virtual_time_s": 753.493352, "measure_result": "no_signal"}}
2026-09-13 01:11:55,582 INFO request {"path": "/measure", "payload": {"arena_id": "default", "robot_id": "202601002029", "request_id": "262ab0122a114c858dfe843ae714970d", "position": {"x": 926.7938608394055, "y": 0.0}, "channel": 3}, "attempt": 1}
2026-09-13 01:11:55,583 INFO response {"request_id": "262ab0122a114c858dfe843ae714970d", "http_status": 200, "body": {"accepted": true, "real_timestamp_ms": 1789233112542, "virtual_time_s": 759.493352, "measure_result": "no_signal"}}
2026-09-13 01:11:55,614 INFO request {"path": "/measure", "payload": {"arena_id": "default", "robot_id": "202601002029", "request_id": "92bcd8d6b4d64cf88bb7a47ffa2a0e3b", "position": {"x": 926.7938608394055, "y": 0.0}, "channel": 4}, "attempt": 1}
2026-09-13 01:11:55,617 INFO response {"request_id": "92bcd8d6b4d64cf88bb7a47ffa2a0e3b", "http_status": 200, "body": {"accepted": true, "real_timestamp_ms": 1789233112575, "virtual_time_s": 765.493352, "measure_result": "no_signal"}}
2026-09-13 01:11:55,648 INFO request {"path": "/measure", "payload": {"arena_id": "default", "robot_id": "202601002029", "request_id": "065604e28abc46db98fa6b8dfe223aad", "position": {"x": 926.7938608394055, "y": 0.0}, "channel": 5}, "attempt": 1}
2026-09-13 01:11:55,667 INFO response {"request_id": "065604e28abc46db98fa6b8dfe223aad", "http_status": 200, "body": {"accepted": true, "real_timestamp_ms": 1789233112626, "virtual_time_s": 771.493352, "measure_result": "no_signal"}}
2026-09-13 01:11:55,682 INFO request {"path": "/measure", "payload": {"arena_id": "default", "robot_id": "202601002029", "request_id": "6eb9c5d99e4f4fa1b0af2704cd80a67d", "position": {"x": 926.7938608394055, "y": 0.0}, "channel": 6}, "attempt": 1}
2026-09-13 01:11:55,684 INFO response {"request_id": "6eb9c5d99e4f4fa1b0af2704cd80a67d", "http_status": 200, "body": {"accepted": true, "real_timestamp_ms": 1789233112642, "virtual_time_s": 777.493352, "measure_result": "no_signal"}}
2026-09-13 01:11:55,715 INFO request {"path": "/measure", "payload": {"arena_id": "default", "robot_id": "202601002029", "request_id": "fcf848bd8afe4285887136419c265ee5", "position": {"x": 926.7938608394055, "y": 0.0}, "channel": 7}, "attempt": 1}
2026-09-13 01:11:55,718 INFO response {"request_id": "fcf848bd8afe4285887136419c265ee5", "http_status": 200, "body": {"accepted": true, "real_timestamp_ms": 1789233112676, "virtual_time_s": 783.493352, "measure_result": "no_signal"}}
2026-09-13 01:11:55,749 INFO request {"path": "/measure", "payload": {"arena_id": "default", "robot_id": "202601002029", "request_id": "222cae3c108747d3bf072ba21a2f1837", "position": {"x": 926.7938608394055, "y": 0.0}, "channel": 8}, "attempt": 1}
2026-09-13 01:11:55,766 INFO response {"request_id": "222cae3c108747d3bf072ba21a2f1837", "http_status": 200, "body": {"accepted": true, "real_timestamp_ms": 1789233112724, "virtual_time_s": 789.493352, "measure_result": "no_signal"}}
2026-09-13 01:11:55,781 INFO request {"path": "/measure", "payload": {"arena_id": "default", "robot_id": "202601002029", "request_id": "195c777d659947c3b0a49226ba800424", "position": {"x": 926.7938608394055, "y": 0.0}, "channel": 10}, "attempt": 1}
2026-09-13 01:11:55,795 INFO response {"request_id": "195c777d659947c3b0a49226ba800424", "http_status": 200, "body": {"accepted": true, "real_timestamp_ms": 1789233112754, "virtual_time_s": 795.493352, "measure_result": "no_signal"}}
2026-09-13 01:11:55,810 INFO request {"path": "/measure", "payload": {"arena_id": "default", "robot_id": "202601002029", "request_id": "6c419128df5f4aa8a0cf9c83f8daaa52", "position": {"x": 926.7938608394055, "y": 0.0}, "channel": 13}, "attempt": 1}
2026-09-13 01:11:55,825 INFO response {"request_id": "6c419128df5f4aa8a0cf9c83f8daaa52", "http_status": 200, "body": {"accepted": true, "real_timestamp_ms": 1789233112783, "virtual_time_s": 801.493352, "measure_result": "no_signal"}}
2026-09-13 01:11:55,840 INFO request {"path": "/measure", "payload": {"arena_id": "default", "robot_id": "202601002029", "request_id": "2ce088aef1bf4e07a1a46ba1d2cf8bd8", "position": {"x": 926.7938608394055, "y": 0.0}, "channel": 14}, "attempt": 1}
2026-09-13 01:11:55,842 INFO response {"request_id": "2ce088aef1bf4e07a1a46ba1d2cf8bd8", "http_status": 200, "body": {"accepted": true, "real_timestamp_ms": 1789233112800, "virtual_time_s": 807.493352, "measure_result": "no_signal"}}
2026-09-13 01:11:55,873 INFO request {"path": "/measure", "payload": {"arena_id": "default", "robot_id": "202601002029", "request_id": "c9077633497842418a4d26e712ebb517", "position": {"x": 926.7938608394055, "y": 0.0}, "channel": 18}, "attempt": 1}
2026-09-13 01:11:55,874 INFO response {"request_id": "c9077633497842418a4d26e712ebb517", "http_status": 200, "body": {"accepted": true, "real_timestamp_ms": 1789233112832, "virtual_time_s": 813.493352, "measure_result": "no_signal"}}
2026-09-13 01:11:55,905 INFO request {"path": "/measure", "payload": {"arena_id": "default", "robot_id": "202601002029", "request_id": "e8bb50fc105942889d14bcd5516b45e3", "position": {"x": 926.7938608394055, "y": 0.0}, "channel": 19}, "attempt": 1}
2026-09-13 01:11:55,922 INFO response {"request_id": "e8bb50fc105942889d14bcd5516b45e3", "http_status": 200, "body": {"accepted": true, "real_timestamp_ms": 1789233112881, "virtual_time_s": 819.493352, "measure_result": "no_signal"}}
2026-09-13 01:11:55,937 INFO request {"path": "/measure", "payload": {"arena_id": "default", "robot_id": "202601002029", "request_id": "92796447aee5414db59b87c5727c2761", "position": {"x": 926.7938608394055, "y": 0.0}, "channel": 20}, "attempt": 1}
2026-09-13 01:11:55,952 INFO response {"request_id": "92796447aee5414db59b87c5727c2761", "http_status": 200, "body": {"accepted": true, "real_timestamp_ms": 1789233112910, "virtual_time_s": 825.493352, "measure_result": "no_signal"}}
2026-09-13 01:11:56,004 INFO request {"path": "/measure", "payload": {"arena_id": "default", "robot_id": "202601002029", "request_id": "04e27894be92493f8a3d3e5ffde29020", "position": {"x": 926.7938608394055, "y": 0.0}, "channel": 9}, "attempt": 1}
2026-09-13 01:11:56,019 INFO response {"request_id": "04e27894be92493f8a3d3e5ffde29020", "http_status": 200, "body": {"accepted": true, "real_timestamp_ms": 1789233112977, "virtual_time_s": 831.493352, "measure_result": "direction", "svd_deg": 71.84}}
2026-09-13 01:11:56,039 INFO request {"path": "/measure", "payload": {"arena_id": "default", "robot_id": "202601002029", "request_id": "b8200472b9584c939ec4e770e860f396", "position": {"x": 926.7938608394055, "y": 0.0}, "channel": 17}, "attempt": 1}
2026-09-13 01:11:56,058 INFO response {"request_id": "b8200472b9584c939ec4e770e860f396", "http_status": 200, "body": {"accepted": true, "real_timestamp_ms": 1789233113016, "virtual_time_s": 837.493352, "measure_result": "direction", "svd_deg": 125.3}}
2026-09-13 01:11:56,079 INFO request {"path": "/measure", "payload": {"arena_id": "default", "robot_id": "202601002029", "request_id": "22e74ca2bda24f42825cfdf6544c1506", "position": {"x": 926.7938608394055, "y": 0.0}, "channel": 11}, "attempt": 1}
2026-09-13 01:11:56,097 INFO response {"request_id": "22e74ca2bda24f42825cfdf6544c1506", "http_status": 200, "body": {"accepted": true, "real_timestamp_ms": 1789233113055, "virtual_time_s": 843.493352, "measure_result": "direction", "svd_deg": 78.21}}
2026-09-13 01:11:56,495 INFO request {"path": "/measure", "payload": {"arena_id": "default", "robot_id": "202601002029", "request_id": "e4b0bd821b2f4c71ae8b704d6b184a49", "position": {"x": 802.6270275583847, "y": -463.39693041970315}, "channel": 1}, "attempt": 1}
2026-09-13 01:11:56,495 INFO response {"request_id": "e4b0bd821b2f4c71ae8b704d6b184a49", "http_status": 200, "body": {"accepted": true, "real_timestamp_ms": 1789233113455, "virtual_time_s": 945.442113, "measure_result": "no_signal"}}
2026-09-13 01:11:56,526 INFO request {"path": "/measure", "payload": {"arena_id": "default", "robot_id": "202601002029", "request_id": "857a74c74f744594937ec7204363d49b", "position": {"x": 802.6270275583847, "y": -463.39693041970315}, "channel": 3}, "attempt": 1}
2026-09-13 01:11:56,539 INFO response {"request_id": "857a74c74f744594937ec7204363d49b", "http_status": 200, "body": {"accepted": true, "real_timestamp_ms": 1789233113497, "virtual_time_s": 951.442113, "measure_result": "no_signal"}}
2026-09-13 01:11:56,555 INFO request {"path": "/measure", "payload": {"arena_id": "default", "robot_id": "202601002029", "request_id": "bee3c6719e4642b8b2c92ad3076e5879", "position": {"x": 802.6270275583847, "y": -463.39693041970315}, "channel": 4}, "attempt": 1}
2026-09-13 01:11:56,556 INFO response {"request_id": "bee3c6719e4642b8b2c92ad3076e5879", "http_status": 200, "body": {"accepted": true, "real_timestamp_ms": 1789233113515, "virtual_time_s": 957.442113, "measure_result": "no_signal"}}
2026-09-13 01:11:56,587 INFO request {"path": "/measure", "payload": {"arena_id": "default", "robot_id": "202601002029", "request_id": "6c409ae4a5914080ba4c55d8888ab1ae", "position": {"x": 802.6270275583847, "y": -463.39693041970315}, "channel": 5}, "attempt": 1}
2026-09-13 01:11:56,599 INFO response {"request_id": "6c409ae4a5914080ba4c55d8888ab1ae", "http_status": 200, "body": {"accepted": true, "real_timestamp_ms": 1789233113558, "virtual_time_s": 963.442113, "measure_result": "no_signal"}}
2026-09-13 01:11:56,615 INFO request {"path": "/measure", "payload": {"arena_id": "default", "robot_id": "202601002029", "request_id": "eb7d83c534f540d7a27e0f0b633e87f9", "position": {"x": 802.6270275583847, "y": -463.39693041970315}, "channel": 6}, "attempt": 1}
2026-09-13 01:11:56,629 INFO response {"request_id": "eb7d83c534f540d7a27e0f0b633e87f9", "http_status": 200, "body": {"accepted": true, "real_timestamp_ms": 1789233113587, "virtual_time_s": 969.442113, "measure_result": "no_signal"}}
2026-09-13 01:11:56,644 INFO request {"path": "/measure", "payload": {"arena_id": "default", "robot_id": "202601002029", "request_id": "6e9f7fdb0b074f4bb992740564056778", "position": {"x": 802.6270275583847, "y": -463.39693041970315}, "channel": 7}, "attempt": 1}
2026-09-13 01:11:56,658 INFO response {"request_id": "6e9f7fdb0b074f4bb992740564056778", "http_status": 200, "body": {"accepted": true, "real_timestamp_ms": 1789233113617, "virtual_time_s": 975.442113, "measure_result": "no_signal"}}
2026-09-13 01:11:56,689 INFO request {"path": "/measure", "payload": {"arena_id": "default", "robot_id": "202601002029", "request_id": "411aae9a8a024f17902190ad2d79fe5b", "position": {"x": 802.6270275583847, "y": -463.39693041970315}, "channel": 8}, "attempt": 1}
2026-09-13 01:11:56,707 INFO response {"request_id": "411aae9a8a024f17902190ad2d79fe5b", "http_status": 200, "body": {"accepted": true, "real_timestamp_ms": 1789233113666, "virtual_time_s": 981.442113, "measure_result": "no_signal"}}
2026-09-13 01:11:56,707 INFO request {"path": "/measure", "payload": {"arena_id": "default", "robot_id": "202601002029", "request_id": "31ebc08cf5a44c0ca2144abb9e28a076", "position": {"x": 802.6270275583847, "y": -463.39693041970315}, "channel": 10}, "attempt": 1}
2026-09-13 01:11:56,727 INFO response {"request_id": "31ebc08cf5a44c0ca2144abb9e28a076", "http_status": 200, "body": {"accepted": true, "real_timestamp_ms": 1789233113685, "virtual_time_s": 987.442113, "measure_result": "no_signal"}}
2026-09-13 01:11:56,742 INFO request {"path": "/measure", "payload": {"arena_id": "default", "robot_id": "202601002029", "request_id": "9ab840b1fe3a4286a2f373bd723a6957", "position": {"x": 802.6270275583847, "y": -463.39693041970315}, "channel": 13}, "attempt": 1}
2026-09-13 01:11:56,757 INFO response {"request_id": "9ab840b1fe3a4286a2f373bd723a6957", "http_status": 200, "body": {"accepted": true, "real_timestamp_ms": 1789233113715, "virtual_time_s": 993.442113, "measure_result": "no_signal"}}
2026-09-13 01:11:56,772 INFO request {"path": "/measure", "payload": {"arena_id": "default", "robot_id": "202601002029", "request_id": "7e6e761bd2184b5fab26966c1e8fe8e9", "position": {"x": 802.6270275583847, "y": -463.39693041970315}, "channel": 14}, "attempt": 1}
2026-09-13 01:11:56,786 INFO response {"request_id": "7e6e761bd2184b5fab26966c1e8fe8e9", "http_status": 200, "body": {"accepted": true, "real_timestamp_ms": 1789233113745, "virtual_time_s": 999.442113, "measure_result": "no_signal"}}
2026-09-13 01:11:56,801 INFO request {"path": "/measure", "payload": {"arena_id": "default", "robot_id": "202601002029", "request_id": "8972dbb42f79488ba14accc2b6a9113b", "position": {"x": 802.6270275583847, "y": -463.39693041970315}, "channel": 18}, "attempt": 1}
2026-09-13 01:11:56,816 INFO response {"request_id": "8972dbb42f79488ba14accc2b6a9113b", "http_status": 200, "body": {"accepted": true, "real_timestamp_ms": 1789233113774, "virtual_time_s": 1005.442113, "measure_result": "no_signal"}}
2026-09-13 01:11:56,832 INFO request {"path": "/measure", "payload": {"arena_id": "default", "robot_id": "202601002029", "request_id": "02b7872e5631448ca39ce8bd34dca3aa", "position": {"x": 802.6270275583847, "y": -463.39693041970315}, "channel": 19}, "attempt": 1}
2026-09-13 01:11:56,845 INFO response {"request_id": "02b7872e5631448ca39ce8bd34dca3aa", "http_status": 200, "body": {"accepted": true, "real_timestamp_ms": 1789233113803, "virtual_time_s": 1011.442113, "measure_result": "no_signal"}}
2026-09-13 01:11:56,876 INFO request {"path": "/measure", "payload": {"arena_id": "default", "robot_id": "202601002029", "request_id": "abb20fad52fe42a694507d3a6311b8b5", "position": {"x": 802.6270275583847, "y": -463.39693041970315}, "channel": 20}, "attempt": 1}
2026-09-13 01:11:56,894 INFO response {"request_id": "abb20fad52fe42a694507d3a6311b8b5", "http_status": 200, "body": {"accepted": true, "real_timestamp_ms": 1789233113853, "virtual_time_s": 1017.442113, "measure_result": "no_signal"}}
2026-09-13 01:11:57,258 INFO request {"path": "/measure", "payload": {"arena_id": "default", "robot_id": "202601002029", "request_id": "503b9bfdf04349dfb426ddff0f1bfd6e", "position": {"x": 463.39693041970213, "y": -802.6270275583854}, "channel": 20}, "attempt": 1}
2026-09-13 01:11:57,260 INFO response {"request_id": "503b9bfdf04349dfb426ddff0f1bfd6e", "http_status": 200, "body": {"accepted": true, "real_timestamp_ms": 1789233114218, "virtual_time_s": 1118.390874, "measure_result": "no_signal"}}
2026-09-13 01:11:57,290 INFO request {"path": "/measure", "payload": {"arena_id": "default", "robot_id": "202601002029", "request_id": "b0fa13fa9fd3499f8eb75414568c8876", "position": {"x": 463.39693041970213, "y": -802.6270275583854}, "channel": 1}, "attempt": 1}
2026-09-13 01:11:57,292 INFO response {"request_id": "b0fa13fa9fd3499f8eb75414568c8876", "http_status": 200, "body": {"accepted": true, "real_timestamp_ms": 1789233114250, "virtual_time_s": 1124.390874, "measure_result": "no_signal"}}
2026-09-13 01:11:57,323 INFO request {"path": "/measure", "payload": {"arena_id": "default", "robot_id": "202601002029", "request_id": "ed8134cdc81d4e83bfb74f51ce7f9276", "position": {"x": 463.39693041970213, "y": -802.6270275583854}, "channel": 3}, "attempt": 1}
2026-09-13 01:11:57,325 INFO response {"request_id": "ed8134cdc81d4e83bfb74f51ce7f9276", "http_status": 200, "body": {"accepted": true, "real_timestamp_ms": 1789233114283, "virtual_time_s": 1130.390874, "measure_result": "direction", "svd_deg": 242.09}}
2026-09-13 01:11:57,360 INFO request {"path": "/measure", "payload": {"arena_id": "default", "robot_id": "202601002029", "request_id": "23a52e7d7ed44fa2a6e563ea46c686b0", "position": {"x": 463.39693041970213, "y": -802.6270275583854}, "channel": 4}, "attempt": 1}
2026-09-13 01:11:57,378 INFO response {"request_id": "23a52e7d7ed44fa2a6e563ea46c686b0", "http_status": 200, "body": {"accepted": true, "real_timestamp_ms": 1789233114337, "virtual_time_s": 1136.390874, "measure_result": "no_signal"}}
2026-09-13 01:11:57,379 INFO request {"path": "/measure", "payload": {"arena_id": "default", "robot_id": "202601002029", "request_id": "c92a8193b3e947a4851228e9f22234f1", "position": {"x": 463.39693041970213, "y": -802.6270275583854}, "channel": 5}, "attempt": 1}
2026-09-13 01:11:57,398 INFO response {"request_id": "c92a8193b3e947a4851228e9f22234f1", "http_status": 200, "body": {"accepted": true, "real_timestamp_ms": 1789233114355, "virtual_time_s": 1142.390874, "measure_result": "no_signal"}}
2026-09-13 01:11:57,413 INFO request {"path": "/measure", "payload": {"arena_id": "default", "robot_id": "202601002029", "request_id": "2f34e09b52ec49ca9c154cd4ff6dc71a", "position": {"x": 463.39693041970213, "y": -802.6270275583854}, "channel": 6}, "attempt": 1}
2026-09-13 01:11:57,415 INFO response {"request_id": "2f34e09b52ec49ca9c154cd4ff6dc71a", "http_status": 200, "body": {"accepted": true, "real_timestamp_ms": 1789233114374, "virtual_time_s": 1148.390874, "measure_result": "no_signal"}}
2026-09-13 01:11:57,446 INFO request {"path": "/measure", "payload": {"arena_id": "default", "robot_id": "202601002029", "request_id": "23f6adcde4e247b580364f9dfb903fa7", "position": {"x": 463.39693041970213, "y": -802.6270275583854}, "channel": 7}, "attempt": 1}
2026-09-13 01:11:57,465 INFO response {"request_id": "23f6adcde4e247b580364f9dfb903fa7", "http_status": 200, "body": {"accepted": true, "real_timestamp_ms": 1789233114424, "virtual_time_s": 1154.390874, "measure_result": "no_signal"}}
2026-09-13 01:11:57,480 INFO request {"path": "/measure", "payload": {"arena_id": "default", "robot_id": "202601002029", "request_id": "90714af5507844f4927c86ab94b872f9", "position": {"x": 463.39693041970213, "y": -802.6270275583854}, "channel": 8}, "attempt": 1}
2026-09-13 01:11:57,495 INFO response {"request_id": "90714af5507844f4927c86ab94b872f9", "http_status": 200, "body": {"accepted": true, "real_timestamp_ms": 1789233114453, "virtual_time_s": 1160.390874, "measure_result": "no_signal"}}
2026-09-13 01:11:57,510 INFO request {"path": "/measure", "payload": {"arena_id": "default", "robot_id": "202601002029", "request_id": "c2a2659d88db4ad5a8c4d05cb981dd01", "position": {"x": 463.39693041970213, "y": -802.6270275583854}, "channel": 10}, "attempt": 1}
2026-09-13 01:11:57,512 INFO response {"request_id": "c2a2659d88db4ad5a8c4d05cb981dd01", "http_status": 200, "body": {"accepted": true, "real_timestamp_ms": 1789233114470, "virtual_time_s": 1166.390874, "measure_result": "no_signal"}}
2026-09-13 01:11:57,542 INFO request {"path": "/measure", "payload": {"arena_id": "default", "robot_id": "202601002029", "request_id": "a1c3afe0fa0744f0b6f597de475f3762", "position": {"x": 463.39693041970213, "y": -802.6270275583854}, "channel": 13}, "attempt": 1}
2026-09-13 01:11:57,554 INFO response {"request_id": "a1c3afe0fa0744f0b6f597de475f3762", "http_status": 200, "body": {"accepted": true, "real_timestamp_ms": 1789233114513, "virtual_time_s": 1172.390874, "measure_result": "no_signal"}}
2026-09-13 01:11:57,569 INFO request {"path": "/measure", "payload": {"arena_id": "default", "robot_id": "202601002029", "request_id": "d9a3fd19c1834c33a09bee2342448575", "position": {"x": 463.39693041970213, "y": -802.6270275583854}, "channel": 14}, "attempt": 1}
2026-09-13 01:11:57,572 INFO response {"request_id": "d9a3fd19c1834c33a09bee2342448575", "http_status": 200, "body": {"accepted": true, "real_timestamp_ms": 1789233114530, "virtual_time_s": 1178.390874, "measure_result": "no_signal"}}
2026-09-13 01:11:57,603 INFO request {"path": "/measure", "payload": {"arena_id": "default", "robot_id": "202601002029", "request_id": "62117eef0ae149df97f74d5a5390cdfc", "position": {"x": 463.39693041970213, "y": -802.6270275583854}, "channel": 18}, "attempt": 1}
2026-09-13 01:11:57,614 INFO response {"request_id": "62117eef0ae149df97f74d5a5390cdfc", "http_status": 200, "body": {"accepted": true, "real_timestamp_ms": 1789233114572, "virtual_time_s": 1184.390874, "measure_result": "direction", "svd_deg": 260.45}}
2026-09-13 01:11:57,631 INFO request {"path": "/measure", "payload": {"arena_id": "default", "robot_id": "202601002029", "request_id": "542330c642af4af9b81a3a8596aaf358", "position": {"x": 463.39693041970213, "y": -802.6270275583854}, "channel": 19}, "attempt": 1}
2026-09-13 01:11:57,643 INFO response {"request_id": "542330c642af4af9b81a3a8596aaf358", "http_status": 200, "body": {"accepted": true, "real_timestamp_ms": 1789233114601, "virtual_time_s": 1190.390874, "measure_result": "no_signal"}}
2026-09-13 01:11:58,423 INFO request {"path": "/measure", "payload": {"arena_id": "default", "robot_id": "202601002029", "request_id": "ef2379e411c348bcbb6c82a953105af2", "position": {"x": -1.702492702719593e-13, "y": -926.7938608394055}, "channel": 19}, "attempt": 1}
2026-09-13 01:11:58,424 INFO response {"request_id": "ef2379e411c348bcbb6c82a953105af2", "http_status": 200, "body": {"accepted": true, "real_timestamp_ms": 1789233115383, "virtual_time_s": 1291.339635, "measure_result": "no_signal"}}
2026-09-13 01:11:58,455 INFO request {"path": "/measure", "payload": {"arena_id": "default", "robot_id": "202601002029", "request_id": "caeaeffb6d2e4683950e485df6f6edc0", "position": {"x": -1.702492702719593e-13, "y": -926.7938608394055}, "channel": 1}, "attempt": 1}
2026-09-13 01:11:58,473 INFO response {"request_id": "caeaeffb6d2e4683950e485df6f6edc0", "http_status": 200, "body": {"accepted": true, "real_timestamp_ms": 1789233115431, "virtual_time_s": 1297.339635, "measure_result": "no_signal"}}
2026-09-13 01:11:58,473 INFO request {"path": "/measure", "payload": {"arena_id": "default", "robot_id": "202601002029", "request_id": "e18b6e365514430183fb12aba66e6c63", "position": {"x": -1.702492702719593e-13, "y": -926.7938608394055}, "channel": 4}, "attempt": 1}
2026-09-13 01:11:58,474 INFO response {"request_id": "e18b6e365514430183fb12aba66e6c63", "http_status": 200, "body": {"accepted": true, "real_timestamp_ms": 1789233115433, "virtual_time_s": 1303.339635, "measure_result": "no_signal"}}
2026-09-13 01:11:58,505 INFO request {"path": "/measure", "payload": {"arena_id": "default", "robot_id": "202601002029", "request_id": "2c51474f0e8242a99c636884dcb3e8b5", "position": {"x": -1.702492702719593e-13, "y": -926.7938608394055}, "channel": 5}, "attempt": 1}
2026-09-13 01:11:58,523 INFO response {"request_id": "2c51474f0e8242a99c636884dcb3e8b5", "http_status": 200, "body": {"accepted": true, "real_timestamp_ms": 1789233115480, "virtual_time_s": 1309.339635, "measure_result": "no_signal"}}
2026-09-13 01:11:58,538 INFO request {"path": "/measure", "payload": {"arena_id": "default", "robot_id": "202601002029", "request_id": "1fae372990b94be3bc97f23467d32933", "position": {"x": -1.702492702719593e-13, "y": -926.7938608394055}, "channel": 6}, "attempt": 1}
2026-09-13 01:11:58,551 INFO response {"request_id": "1fae372990b94be3bc97f23467d32933", "http_status": 200, "body": {"accepted": true, "real_timestamp_ms": 1789233115510, "virtual_time_s": 1315.339635, "measure_result": "direction", "svd_deg": 221.26}}
2026-09-13 01:11:58,571 INFO request {"path": "/measure", "payload": {"arena_id": "default", "robot_id": "202601002029", "request_id": "f9a06a6a80c342c09cb53f3a1185bc2c", "position": {"x": -1.702492702719593e-13, "y": -926.7938608394055}, "channel": 7}, "attempt": 1}
2026-09-13 01:11:58,591 INFO response {"request_id": "f9a06a6a80c342c09cb53f3a1185bc2c", "http_status": 200, "body": {"accepted": true, "real_timestamp_ms": 1789233115550, "virtual_time_s": 1321.339635, "measure_result": "no_signal"}}
2026-09-13 01:11:58,606 INFO request {"path": "/measure", "payload": {"arena_id": "default", "robot_id": "202601002029", "request_id": "07f0245a71f842dbb1658b715446cee8", "position": {"x": -1.702492702719593e-13, "y": -926.7938608394055}, "channel": 8}, "attempt": 1}
2026-09-13 01:11:58,622 INFO response {"request_id": "07f0245a71f842dbb1658b715446cee8", "http_status": 200, "body": {"accepted": true, "real_timestamp_ms": 1789233115580, "virtual_time_s": 1327.339635, "measure_result": "no_signal"}}
2026-09-13 01:11:58,636 INFO request {"path": "/measure", "payload": {"arena_id": "default", "robot_id": "202601002029", "request_id": "4b9e2609bc7745319c910b88cd62df13", "position": {"x": -1.702492702719593e-13, "y": -926.7938608394055}, "channel": 10}, "attempt": 1}
2026-09-13 01:11:58,652 INFO response {"request_id": "4b9e2609bc7745319c910b88cd62df13", "http_status": 200, "body": {"accepted": true, "real_timestamp_ms": 1789233115610, "virtual_time_s": 1333.339635, "measure_result": "no_signal"}}
2026-09-13 01:11:58,668 INFO request {"path": "/measure", "payload": {"arena_id": "default", "robot_id": "202601002029", "request_id": "231ed49ff9174367b17fb184b30bdf53", "position": {"x": -1.702492702719593e-13, "y": -926.7938608394055}, "channel": 13}, "attempt": 1}
2026-09-13 01:11:58,684 INFO response {"request_id": "231ed49ff9174367b17fb184b30bdf53", "http_status": 200, "body": {"accepted": true, "real_timestamp_ms": 1789233115642, "virtual_time_s": 1339.339635, "measure_result": "no_signal"}}
2026-09-13 01:11:58,698 INFO request {"path": "/measure", "payload": {"arena_id": "default", "robot_id": "202601002029", "request_id": "2d7eea7328644e8db2f8a779c25ad0a9", "position": {"x": -1.702492702719593e-13, "y": -926.7938608394055}, "channel": 14}, "attempt": 1}
2026-09-13 01:11:58,700 INFO response {"request_id": "2d7eea7328644e8db2f8a779c25ad0a9", "http_status": 200, "body": {"accepted": true, "real_timestamp_ms": 1789233115659, "virtual_time_s": 1345.339635, "measure_result": "no_signal"}}
2026-09-13 01:11:58,731 INFO request {"path": "/measure", "payload": {"arena_id": "default", "robot_id": "202601002029", "request_id": "6bb7dc9992a541beb4aafe23bc43c6ad", "position": {"x": -1.702492702719593e-13, "y": -926.7938608394055}, "channel": 20}, "attempt": 1}
2026-09-13 01:11:58,734 INFO response {"request_id": "6bb7dc9992a541beb4aafe23bc43c6ad", "http_status": 200, "body": {"accepted": true, "real_timestamp_ms": 1789233115692, "virtual_time_s": 1351.339635, "measure_result": "no_signal"}}
2026-09-13 01:11:58,793 INFO request {"path": "/measure", "payload": {"arena_id": "default", "robot_id": "202601002029", "request_id": "3b1ec2f9156148bda3ce3afab9a97625", "position": {"x": -1.702492702719593e-13, "y": -926.7938608394055}, "channel": 3}, "attempt": 1}
2026-09-13 01:11:58,794 INFO response {"request_id": "3b1ec2f9156148bda3ce3afab9a97625", "http_status": 200, "body": {"accepted": true, "real_timestamp_ms": 1789233115753, "virtual_time_s": 1357.339635, "measure_result": "direction", "svd_deg": 266.49}}
2026-09-13 01:11:58,827 INFO request {"path": "/measure", "payload": {"arena_id": "default", "robot_id": "202601002029", "request_id": "6d7ff482879f4802abafc34432b52a22", "position": {"x": -1.702492702719593e-13, "y": -926.7938608394055}, "channel": 18}, "attempt": 1}
2026-09-13 01:11:58,829 INFO response {"request_id": "6d7ff482879f4802abafc34432b52a22", "http_status": 200, "body": {"accepted": true, "real_timestamp_ms": 1789233115787, "virtual_time_s": 1363.339635, "measure_result": "direction", "svd_deg": 294.69}}
2026-09-13 01:11:59,822 INFO request {"path": "/measure", "payload": {"arena_id": "default", "robot_id": "202601002029", "request_id": "ca73d16453474812b53e257a579b84a4", "position": {"x": -463.39693041970315, "y": -802.6270275583848}, "channel": 1}, "attempt": 1}
2026-09-13 01:11:59,840 INFO response {"request_id": "ca73d16453474812b53e257a579b84a4", "http_status": 200, "body": {"accepted": true, "real_timestamp_ms": 1789233116799, "virtual_time_s": 1465.288396, "measure_result": "no_signal"}}
2026-09-13 01:11:59,855 INFO request {"path": "/measure", "payload": {"arena_id": "default", "robot_id": "202601002029", "request_id": "92dce67192a44273bddfdc7151df839b", "position": {"x": -463.39693041970315, "y": -802.6270275583848}, "channel": 4}, "attempt": 1}
2026-09-13 01:11:59,871 INFO response {"request_id": "92dce67192a44273bddfdc7151df839b", "http_status": 200, "body": {"accepted": true, "real_timestamp_ms": 1789233116830, "virtual_time_s": 1471.288396, "measure_result": "direction", "svd_deg": 244.61}}
2026-09-13 01:11:59,888 INFO request {"path": "/measure", "payload": {"arena_id": "default", "robot_id": "202601002029", "request_id": "d12ea13467744c389eb9625c10c754bc", "position": {"x": -463.39693041970315, "y": -802.6270275583848}, "channel": 5}, "attempt": 1}
2026-09-13 01:11:59,901 INFO response {"request_id": "d12ea13467744c389eb9625c10c754bc", "http_status": 200, "body": {"accepted": true, "real_timestamp_ms": 1789233116860, "virtual_time_s": 1477.288396, "measure_result": "no_signal"}}
2026-09-13 01:11:59,917 INFO request {"path": "/measure", "payload": {"arena_id": "default", "robot_id": "202601002029", "request_id": "298c4c6e85694420adba49fc3ff29531", "position": {"x": -463.39693041970315, "y": -802.6270275583848}, "channel": 7}, "attempt": 1}
2026-09-13 01:11:59,931 INFO response {"request_id": "298c4c6e85694420adba49fc3ff29531", "http_status": 200, "body": {"accepted": true, "real_timestamp_ms": 1789233116890, "virtual_time_s": 1483.288396, "measure_result": "direction", "svd_deg": 115.29}}
2026-09-13 01:11:59,947 INFO request {"path": "/measure", "payload": {"arena_id": "default", "robot_id": "202601002029", "request_id": "e76930661843431795013df0a5b77a51", "position": {"x": -463.39693041970315, "y": -802.6270275583848}, "channel": 8}, "attempt": 1}
2026-09-13 01:11:59,960 INFO response {"request_id": "e76930661843431795013df0a5b77a51", "http_status": 200, "body": {"accepted": true, "real_timestamp_ms": 1789233116919, "virtual_time_s": 1489.288396, "measure_result": "no_signal"}}
2026-09-13 01:11:59,976 INFO request {"path": "/measure", "payload": {"arena_id": "default", "robot_id": "202601002029", "request_id": "47d85350fd95420480e9bcd8a9427fff", "position": {"x": -463.39693041970315, "y": -802.6270275583848}, "channel": 10}, "attempt": 1}
2026-09-13 01:11:59,977 INFO response {"request_id": "47d85350fd95420480e9bcd8a9427fff", "http_status": 200, "body": {"accepted": true, "real_timestamp_ms": 1789233116936, "virtual_time_s": 1495.288396, "measure_result": "no_signal"}}
2026-09-13 01:12:00,009 INFO request {"path": "/measure", "payload": {"arena_id": "default", "robot_id": "202601002029", "request_id": "e62f31605cc642a7a8c92dcae3630de5", "position": {"x": -463.39693041970315, "y": -802.6270275583848}, "channel": 13}, "attempt": 1}
2026-09-13 01:12:00,011 INFO response {"request_id": "e62f31605cc642a7a8c92dcae3630de5", "http_status": 200, "body": {"accepted": true, "real_timestamp_ms": 1789233116969, "virtual_time_s": 1501.288396, "measure_result": "no_signal"}}
2026-09-13 01:12:00,042 INFO request {"path": "/measure", "payload": {"arena_id": "default", "robot_id": "202601002029", "request_id": "2707e98ae36e421d9cc22fa101e0dc73", "position": {"x": -463.39693041970315, "y": -802.6270275583848}, "channel": 14}, "attempt": 1}
2026-09-13 01:12:00,045 INFO response {"request_id": "2707e98ae36e421d9cc22fa101e0dc73", "http_status": 200, "body": {"accepted": true, "real_timestamp_ms": 1789233117003, "virtual_time_s": 1507.288396, "measure_result": "no_signal"}}
2026-09-13 01:12:00,076 INFO request {"path": "/measure", "payload": {"arena_id": "default", "robot_id": "202601002029", "request_id": "68faca4742734588ad7ab2c0c7fe4014", "position": {"x": -463.39693041970315, "y": -802.6270275583848}, "channel": 19}, "attempt": 1}
2026-09-13 01:12:00,089 INFO response {"request_id": "68faca4742734588ad7ab2c0c7fe4014", "http_status": 200, "body": {"accepted": true, "real_timestamp_ms": 1789233117048, "virtual_time_s": 1513.288396, "measure_result": "no_signal"}}
2026-09-13 01:12:00,104 INFO request {"path": "/measure", "payload": {"arena_id": "default", "robot_id": "202601002029", "request_id": "f26ef46121e94fb49394335aa4fb359b", "position": {"x": -463.39693041970315, "y": -802.6270275583848}, "channel": 20}, "attempt": 1}
2026-09-13 01:12:00,120 INFO response {"request_id": "f26ef46121e94fb49394335aa4fb359b", "http_status": 200, "body": {"accepted": true, "real_timestamp_ms": 1789233117077, "virtual_time_s": 1519.288396, "measure_result": "no_signal"}}
2026-09-13 01:12:00,191 INFO request {"path": "/measure", "payload": {"arena_id": "default", "robot_id": "202601002029", "request_id": "19f2e47c9d5d42e3ad227c64009aacf5", "position": {"x": -463.39693041970315, "y": -802.6270275583848}, "channel": 16}, "attempt": 1}
2026-09-13 01:12:00,192 INFO response {"request_id": "19f2e47c9d5d42e3ad227c64009aacf5", "http_status": 200, "body": {"accepted": true, "real_timestamp_ms": 1789233117150, "virtual_time_s": 1525.288396, "measure_result": "direction", "svd_deg": 109.19}}
2026-09-13 01:12:00,226 INFO request {"path": "/measure", "payload": {"arena_id": "default", "robot_id": "202601002029", "request_id": "e6c1da3641944e6aa571886e0572640a", "position": {"x": -463.39693041970315, "y": -802.6270275583848}, "channel": 6}, "attempt": 1}
2026-09-13 01:12:00,228 INFO response {"request_id": "e6c1da3641944e6aa571886e0572640a", "http_status": 200, "body": {"accepted": true, "real_timestamp_ms": 1789233117186, "virtual_time_s": 1531.288396, "measure_result": "direction", "svd_deg": 253.57}}
2026-09-13 01:12:00,265 INFO request {"path": "/measure", "payload": {"arena_id": "default", "robot_id": "202601002029", "request_id": "09fbd865f27941499ec90b6e9487431a", "position": {"x": -463.39693041970315, "y": -802.6270275583848}, "channel": 3}, "attempt": 1}
2026-09-13 01:12:00,267 INFO response {"request_id": "09fbd865f27941499ec90b6e9487431a", "http_status": 200, "body": {"accepted": true, "real_timestamp_ms": 1789233117225, "virtual_time_s": 1537.288396, "measure_result": "direction", "svd_deg": 293.75}}
2026-09-13 01:12:01,575 INFO request {"path": "/measure", "payload": {"arena_id": "default", "robot_id": "202601002029", "request_id": "88efd4dc9665440bb95e3e4129a3916f", "position": {"x": -802.6270275583852, "y": -463.39693041970247}, "channel": 1}, "attempt": 1}
2026-09-13 01:12:01,576 INFO response {"request_id": "88efd4dc9665440bb95e3e4129a3916f", "http_status": 200, "body": {"accepted": true, "real_timestamp_ms": 1789233118535, "virtual_time_s": 1639.237157, "measure_result": "no_signal"}}
2026-09-13 01:12:01,607 INFO request {"path": "/measure", "payload": {"arena_id": "default", "robot_id": "202601002029", "request_id": "134225557e414014b1b9badb473551ad", "position": {"x": -802.6270275583852, "y": -463.39693041970247}, "channel": 5}, "attempt": 1}
2026-09-13 01:12:01,609 INFO response {"request_id": "134225557e414014b1b9badb473551ad", "http_status": 200, "body": {"accepted": true, "real_timestamp_ms": 1789233118567, "virtual_time_s": 1645.237157, "measure_result": "no_signal"}}
2026-09-13 01:12:01,639 INFO request {"path": "/measure", "payload": {"arena_id": "default", "robot_id": "202601002029", "request_id": "5a23f02c183c426c81e98b09eb3c3ee8", "position": {"x": -802.6270275583852, "y": -463.39693041970247}, "channel": 8}, "attempt": 1}
2026-09-13 01:12:01,641 INFO response {"request_id": "5a23f02c183c426c81e98b09eb3c3ee8", "http_status": 200, "body": {"accepted": true, "real_timestamp_ms": 1789233118599, "virtual_time_s": 1651.237157, "measure_result": "no_signal"}}
2026-09-13 01:12:01,671 INFO request {"path": "/measure", "payload": {"arena_id": "default", "robot_id": "202601002029", "request_id": "8765eecc8a024f5f9394a0b862e6c367", "position": {"x": -802.6270275583852, "y": -463.39693041970247}, "channel": 10}, "attempt": 1}
2026-09-13 01:12:01,673 INFO response {"request_id": "8765eecc8a024f5f9394a0b862e6c367", "http_status": 200, "body": {"accepted": true, "real_timestamp_ms": 1789233118632, "virtual_time_s": 1657.237157, "measure_result": "no_signal"}}
2026-09-13 01:12:01,704 INFO request {"path": "/measure", "payload": {"arena_id": "default", "robot_id": "202601002029", "request_id": "a1dbe57a1255450888498ed51f986c87", "position": {"x": -802.6270275583852, "y": -463.39693041970247}, "channel": 13}, "attempt": 1}
2026-09-13 01:12:01,705 INFO response {"request_id": "a1dbe57a1255450888498ed51f986c87", "http_status": 200, "body": {"accepted": true, "real_timestamp_ms": 1789233118664, "virtual_time_s": 1663.237157, "measure_result": "no_signal"}}
2026-09-13 01:12:01,735 INFO request {"path": "/measure", "payload": {"arena_id": "default", "robot_id": "202601002029", "request_id": "0a3ce18816a544c18b11d2126bc7cca5", "position": {"x": -802.6270275583852, "y": -463.39693041970247}, "channel": 14}, "attempt": 1}
2026-09-13 01:12:01,753 INFO response {"request_id": "0a3ce18816a544c18b11d2126bc7cca5", "http_status": 200, "body": {"accepted": true, "real_timestamp_ms": 1789233118712, "virtual_time_s": 1669.237157, "measure_result": "no_signal"}}
2026-09-13 01:12:01,753 INFO request {"path": "/measure", "payload": {"arena_id": "default", "robot_id": "202601002029", "request_id": "e124f1c53921448b85718cd3dbe0b6aa", "position": {"x": -802.6270275583852, "y": -463.39693041970247}, "channel": 19}, "attempt": 1}
2026-09-13 01:12:01,773 INFO response {"request_id": "e124f1c53921448b85718cd3dbe0b6aa", "http_status": 200, "body": {"accepted": true, "real_timestamp_ms": 1789233118732, "virtual_time_s": 1675.237157, "measure_result": "no_signal"}}
2026-09-13 01:12:01,789 INFO request {"path": "/measure", "payload": {"arena_id": "default", "robot_id": "202601002029", "request_id": "3048523bc3e4478999be506311bf48ce", "position": {"x": -802.6270275583852, "y": -463.39693041970247}, "channel": 20}, "attempt": 1}
2026-09-13 01:12:01,791 INFO response {"request_id": "3048523bc3e4478999be506311bf48ce", "http_status": 200, "body": {"accepted": true, "real_timestamp_ms": 1789233118750, "virtual_time_s": 1681.237157, "measure_result": "no_signal"}}
2026-09-13 01:12:01,922 INFO request {"path": "/measure", "payload": {"arena_id": "default", "robot_id": "202601002029", "request_id": "f77051ed33ad441eb9ddae33c7de0515", "position": {"x": -802.6270275583852, "y": -463.39693041970247}, "channel": 16}, "attempt": 1}
2026-09-13 01:12:01,924 INFO response {"request_id": "f77051ed33ad441eb9ddae33c7de0515", "http_status": 200, "body": {"accepted": true, "real_timestamp_ms": 1789233118882, "virtual_time_s": 1687.237157, "measure_result": "direction", "svd_deg": 86.98}}
2026-09-13 01:12:01,943 INFO request {"path": "/measure", "payload": {"arena_id": "default", "robot_id": "202601002029", "request_id": "cdd1689244274c1bbf9bb75e193602ac", "position": {"x": -802.6270275583852, "y": -463.39693041970247}, "channel": 7}, "attempt": 1}
2026-09-13 01:12:01,944 INFO response {"request_id": "cdd1689244274c1bbf9bb75e193602ac", "http_status": 200, "body": {"accepted": true, "real_timestamp_ms": 1789233118902, "virtual_time_s": 1693.237157, "measure_result": "direction", "svd_deg": 100.48}}
2026-09-13 01:12:01,977 INFO request {"path": "/measure", "payload": {"arena_id": "default", "robot_id": "202601002029", "request_id": "19891c2acdd74898bedd6bb332c0725e", "position": {"x": -802.6270275583852, "y": -463.39693041970247}, "channel": 6}, "attempt": 1}
2026-09-13 01:12:01,978 INFO response {"request_id": "19891c2acdd74898bedd6bb332c0725e", "http_status": 200, "body": {"accepted": true, "real_timestamp_ms": 1789233118937, "virtual_time_s": 1699.237157, "measure_result": "no_signal"}}
2026-09-13 01:12:02,659 INFO request {"path": "/clear", "payload": {"arena_id": "default", "robot_id": "202601002029", "request_id": "63857cae641d4c0bb0f6aef9a85d7a99", "position": {"x": -775.4140777175426, "y": 56.97085861511107}, "channel": 16}, "attempt": 1}
2026-09-13 01:12:02,661 INFO response {"request_id": "63857cae641d4c0bb0f6aef9a85d7a99", "http_status": 200, "body": {"accepted": true, "real_timestamp_ms": 1789233119620, "virtual_time_s": 1808.452929, "clear_result": "success"}}
2026-09-13 01:12:02,723 INFO request {"path": "/measure", "payload": {"arena_id": "default", "robot_id": "202601002029", "request_id": "9c200852cecc4331b6a5de12ecf406f4", "position": {"x": -926.7938608394055, "y": 1.1349951351463954e-13}, "channel": 1}, "attempt": 1}
2026-09-13 01:12:02,741 INFO response {"request_id": "9c200852cecc4331b6a5de12ecf406f4", "http_status": 200, "body": {"accepted": true, "real_timestamp_ms": 1789233119699, "virtual_time_s": 1846.801974, "measure_result": "no_signal"}}
2026-09-13 01:12:02,755 INFO request {"path": "/measure", "payload": {"arena_id": "default", "robot_id": "202601002029", "request_id": "6caceb8d16f244d087d5dfd5635a438d", "position": {"x": -926.7938608394055, "y": 1.1349951351463954e-13}, "channel": 5}, "attempt": 1}
2026-09-13 01:12:02,770 INFO response {"request_id": "6caceb8d16f244d087d5dfd5635a438d", "http_status": 200, "body": {"accepted": true, "real_timestamp_ms": 1789233119729, "virtual_time_s": 1852.801974, "measure_result": "no_signal"}}
2026-09-13 01:12:02,786 INFO request {"path": "/measure", "payload": {"arena_id": "default", "robot_id": "202601002029", "request_id": "71cb6f10aa68487996e8b240ef7f157d", "position": {"x": -926.7938608394055, "y": 1.1349951351463954e-13}, "channel": 8}, "attempt": 1}
2026-09-13 01:12:02,788 INFO response {"request_id": "71cb6f10aa68487996e8b240ef7f157d", "http_status": 200, "body": {"accepted": true, "real_timestamp_ms": 1789233119746, "virtual_time_s": 1858.801974, "measure_result": "no_signal"}}
2026-09-13 01:12:02,818 INFO request {"path": "/measure", "payload": {"arena_id": "default", "robot_id": "202601002029", "request_id": "6626b84263ee433db2839d30963afc56", "position": {"x": -926.7938608394055, "y": 1.1349951351463954e-13}, "channel": 10}, "attempt": 1}
2026-09-13 01:12:02,838 INFO response {"request_id": "6626b84263ee433db2839d30963afc56", "http_status": 200, "body": {"accepted": true, "real_timestamp_ms": 1789233119797, "virtual_time_s": 1864.801974, "measure_result": "no_signal"}}
2026-09-13 01:12:02,853 INFO request {"path": "/measure", "payload": {"arena_id": "default", "robot_id": "202601002029", "request_id": "1c43f9cc603f4d099a696a7b6d80bab4", "position": {"x": -926.7938608394055, "y": 1.1349951351463954e-13}, "channel": 13}, "attempt": 1}
2026-09-13 01:12:02,855 INFO response {"request_id": "1c43f9cc603f4d099a696a7b6d80bab4", "http_status": 200, "body": {"accepted": true, "real_timestamp_ms": 1789233119813, "virtual_time_s": 1870.801974, "measure_result": "no_signal"}}
2026-09-13 01:12:02,886 INFO request {"path": "/measure", "payload": {"arena_id": "default", "robot_id": "202601002029", "request_id": "d1a2e1d2856f47d180fdc772d27a28c0", "position": {"x": -926.7938608394055, "y": 1.1349951351463954e-13}, "channel": 14}, "attempt": 1}
2026-09-13 01:12:02,887 INFO response {"request_id": "d1a2e1d2856f47d180fdc772d27a28c0", "http_status": 200, "body": {"accepted": true, "real_timestamp_ms": 1789233119846, "virtual_time_s": 1876.801974, "measure_result": "no_signal"}}
2026-09-13 01:12:02,918 INFO request {"path": "/measure", "payload": {"arena_id": "default", "robot_id": "202601002029", "request_id": "3abe51bbbde549c8982b706e8f14ad7b", "position": {"x": -926.7938608394055, "y": 1.1349951351463954e-13}, "channel": 19}, "attempt": 1}
2026-09-13 01:12:02,919 INFO response {"request_id": "3abe51bbbde549c8982b706e8f14ad7b", "http_status": 200, "body": {"accepted": true, "real_timestamp_ms": 1789233119878, "virtual_time_s": 1882.801974, "measure_result": "no_signal"}}
2026-09-13 01:12:02,950 INFO request {"path": "/measure", "payload": {"arena_id": "default", "robot_id": "202601002029", "request_id": "58aa3235086642f591d0088cfc39e940", "position": {"x": -926.7938608394055, "y": 1.1349951351463954e-13}, "channel": 20}, "attempt": 1}
2026-09-13 01:12:02,951 INFO response {"request_id": "58aa3235086642f591d0088cfc39e940", "http_status": 200, "body": {"accepted": true, "real_timestamp_ms": 1789233119910, "virtual_time_s": 1888.801974, "measure_result": "no_signal"}}
2026-09-13 01:12:02,992 INFO request {"path": "/measure", "payload": {"arena_id": "default", "robot_id": "202601002029", "request_id": "2ac824bfb996494b85ab0e085118c2bd", "position": {"x": -926.7938608394055, "y": 1.1349951351463954e-13}, "channel": 2}, "attempt": 1}
2026-09-13 01:12:02,994 INFO response {"request_id": "2ac824bfb996494b85ab0e085118c2bd", "http_status": 200, "body": {"accepted": true, "real_timestamp_ms": 1789233119953, "virtual_time_s": 1894.801974, "measure_result": "direction", "svd_deg": 37.31}}
2026-09-13 01:12:03,027 INFO request {"path": "/measure", "payload": {"arena_id": "default", "robot_id": "202601002029", "request_id": "b0237f3bab3b47589b93d501ccc75d06", "position": {"x": -926.7938608394055, "y": 1.1349951351463954e-13}, "channel": 7}, "attempt": 1}
2026-09-13 01:12:03,044 INFO response {"request_id": "b0237f3bab3b47589b93d501ccc75d06", "http_status": 200, "body": {"accepted": true, "real_timestamp_ms": 1789233120002, "virtual_time_s": 1900.801974, "measure_result": "direction", "svd_deg": 81.22}}
2026-09-13 01:12:04,258 INFO request {"path": "/measure", "payload": {"arena_id": "default", "robot_id": "202601002029", "request_id": "6a5a00aaf3af41deb08968cb3c2e0ef3", "position": {"x": -802.6270275583848, "y": 463.39693041970304}, "channel": 1}, "attempt": 1}
2026-09-13 01:12:04,259 INFO response {"request_id": "6a5a00aaf3af41deb08968cb3c2e0ef3", "http_status": 200, "body": {"accepted": true, "real_timestamp_ms": 1789233121218, "virtual_time_s": 2002.750735, "measure_result": "no_signal"}}
2026-09-13 01:12:04,290 INFO request {"path": "/measure", "payload": {"arena_id": "default", "robot_id": "202601002029", "request_id": "f5d9463c04844efab68259842ee83bf7", "position": {"x": -802.6270275583848, "y": 463.39693041970304}, "channel": 5}, "attempt": 1}
2026-09-13 01:12:04,291 INFO response {"request_id": "f5d9463c04844efab68259842ee83bf7", "http_status": 200, "body": {"accepted": true, "real_timestamp_ms": 1789233121250, "virtual_time_s": 2008.750735, "measure_result": "direction", "svd_deg": 93.12}}
2026-09-13 01:12:04,324 INFO request {"path": "/measure", "payload": {"arena_id": "default", "robot_id": "202601002029", "request_id": "1180b16f5e0444db9ef2874b78161ebf", "position": {"x": -802.6270275583848, "y": 463.39693041970304}, "channel": 8}, "attempt": 1}
2026-09-13 01:12:04,327 INFO response {"request_id": "1180b16f5e0444db9ef2874b78161ebf", "http_status": 200, "body": {"accepted": true, "real_timestamp_ms": 1789233121285, "virtual_time_s": 2014.750735, "measure_result": "no_signal"}}
2026-09-13 01:12:04,358 INFO request {"path": "/measure", "payload": {"arena_id": "default", "robot_id": "202601002029", "request_id": "33e1d78b448a4094b7c142e565940ccb", "position": {"x": -802.6270275583848, "y": 463.39693041970304}, "channel": 10}, "attempt": 1}
2026-09-13 01:12:04,379 INFO response {"request_id": "33e1d78b448a4094b7c142e565940ccb", "http_status": 200, "body": {"accepted": true, "real_timestamp_ms": 1789233121338, "virtual_time_s": 2020.750735, "measure_result": "no_signal"}}
2026-09-13 01:12:04,380 INFO request {"path": "/measure", "payload": {"arena_id": "default", "robot_id": "202601002029", "request_id": "4bc3bc5085a44eaca303daa879d07850", "position": {"x": -802.6270275583848, "y": 463.39693041970304}, "channel": 13}, "attempt": 1}
2026-09-13 01:12:04,399 INFO response {"request_id": "4bc3bc5085a44eaca303daa879d07850", "http_status": 200, "body": {"accepted": true, "real_timestamp_ms": 1789233121357, "virtual_time_s": 2026.750735, "measure_result": "no_signal"}}
2026-09-13 01:12:04,415 INFO request {"path": "/measure", "payload": {"arena_id": "default", "robot_id": "202601002029", "request_id": "6489d61f85db4be59a9ed8271aa4b2c2", "position": {"x": -802.6270275583848, "y": 463.39693041970304}, "channel": 14}, "attempt": 1}
2026-09-13 01:12:04,416 INFO response {"request_id": "6489d61f85db4be59a9ed8271aa4b2c2", "http_status": 200, "body": {"accepted": true, "real_timestamp_ms": 1789233121374, "virtual_time_s": 2032.750735, "measure_result": "direction", "svd_deg": 99.62}}
2026-09-13 01:12:04,448 INFO request {"path": "/measure", "payload": {"arena_id": "default", "robot_id": "202601002029", "request_id": "3555e5e983eb459a94337baa313dbde5", "position": {"x": -802.6270275583848, "y": 463.39693041970304}, "channel": 19}, "attempt": 1}
2026-09-13 01:12:04,469 INFO response {"request_id": "3555e5e983eb459a94337baa313dbde5", "http_status": 200, "body": {"accepted": true, "real_timestamp_ms": 1789233121427, "virtual_time_s": 2038.750735, "measure_result": "no_signal"}}
2026-09-13 01:12:04,484 INFO request {"path": "/measure", "payload": {"arena_id": "default", "robot_id": "202601002029", "request_id": "d2271450d2a34e4ea094e13a2ee232e2", "position": {"x": -802.6270275583848, "y": 463.39693041970304}, "channel": 20}, "attempt": 1}
2026-09-13 01:12:04,497 INFO response {"request_id": "d2271450d2a34e4ea094e13a2ee232e2", "http_status": 200, "body": {"accepted": true, "real_timestamp_ms": 1789233121456, "virtual_time_s": 2044.750735, "measure_result": "no_signal"}}
2026-09-13 01:12:05,993 INFO request {"path": "/measure", "payload": {"arena_id": "default", "robot_id": "202601002029", "request_id": "8176c109fb794c98b2a9a0c05ada02f6", "position": {"x": -463.3969304197025, "y": 802.6270275583851}, "channel": 20}, "attempt": 1}
2026-09-13 01:12:05,995 INFO response {"request_id": "8176c109fb794c98b2a9a0c05ada02f6", "http_status": 200, "body": {"accepted": true, "real_timestamp_ms": 1789233122953, "virtual_time_s": 2145.699496, "measure_result": "no_signal"}}
2026-09-13 01:12:06,026 INFO request {"path": "/measure", "payload": {"arena_id": "default", "robot_id": "202601002029", "request_id": "766f074068dd4cf2a70936d24d14eb25", "position": {"x": -463.3969304197025, "y": 802.6270275583851}, "channel": 1}, "attempt": 1}
2026-09-13 01:12:06,027 INFO response {"request_id": "766f074068dd4cf2a70936d24d14eb25", "http_status": 200, "body": {"accepted": true, "real_timestamp_ms": 1789233122986, "virtual_time_s": 2151.699496, "measure_result": "no_signal"}}
2026-09-13 01:12:06,057 INFO request {"path": "/measure", "payload": {"arena_id": "default", "robot_id": "202601002029", "request_id": "54c74235227a4fb09d1b47703b0f42b5", "position": {"x": -463.3969304197025, "y": 802.6270275583851}, "channel": 8}, "attempt": 1}
2026-09-13 01:12:06,058 INFO response {"request_id": "54c74235227a4fb09d1b47703b0f42b5", "http_status": 200, "body": {"accepted": true, "real_timestamp_ms": 1789233123017, "virtual_time_s": 2157.699496, "measure_result": "no_signal"}}
2026-09-13 01:12:06,089 INFO request {"path": "/measure", "payload": {"arena_id": "default", "robot_id": "202601002029", "request_id": "1dc12fb4d70c479d941f4d171b615753", "position": {"x": -463.3969304197025, "y": 802.6270275583851}, "channel": 10}, "attempt": 1}
2026-09-13 01:12:06,090 INFO response {"request_id": "1dc12fb4d70c479d941f4d171b615753", "http_status": 200, "body": {"accepted": true, "real_timestamp_ms": 1789233123049, "virtual_time_s": 2163.699496, "measure_result": "no_signal"}}
2026-09-13 01:12:06,121 INFO request {"path": "/measure", "payload": {"arena_id": "default", "robot_id": "202601002029", "request_id": "471091146338499a8a4551c3e6d4cf0f", "position": {"x": -463.3969304197025, "y": 802.6270275583851}, "channel": 13}, "attempt": 1}
2026-09-13 01:12:06,122 INFO response {"request_id": "471091146338499a8a4551c3e6d4cf0f", "http_status": 200, "body": {"accepted": true, "real_timestamp_ms": 1789233123081, "virtual_time_s": 2169.699496, "measure_result": "no_signal"}}
2026-09-13 01:12:06,152 INFO request {"path": "/measure", "payload": {"arena_id": "default", "robot_id": "202601002029", "request_id": "d51de3c754a548a19a2c6d072ae6723a", "position": {"x": -463.3969304197025, "y": 802.6270275583851}, "channel": 19}, "attempt": 1}
2026-09-13 01:12:06,154 INFO response {"request_id": "d51de3c754a548a19a2c6d072ae6723a", "http_status": 200, "body": {"accepted": true, "real_timestamp_ms": 1789233123112, "virtual_time_s": 2175.699496, "measure_result": "no_signal"}}
2026-09-13 01:12:06,208 INFO request {"path": "/measure", "payload": {"arena_id": "default", "robot_id": "202601002029", "request_id": "e254b1317e944ecaba414e266eb8e973", "position": {"x": -463.3969304197025, "y": 802.6270275583851}, "channel": 14}, "attempt": 1}
2026-09-13 01:12:06,210 INFO response {"request_id": "e254b1317e944ecaba414e266eb8e973", "http_status": 200, "body": {"accepted": true, "real_timestamp_ms": 1789233123168, "virtual_time_s": 2181.699496, "measure_result": "direction", "svd_deg": 127.49}}
2026-09-13 01:12:06,242 INFO request {"path": "/measure", "payload": {"arena_id": "default", "robot_id": "202601002029", "request_id": "da8a0c43274a4aaf86b5eb66eead93d6", "position": {"x": -463.3969304197025, "y": 802.6270275583851}, "channel": 5}, "attempt": 1}
2026-09-13 01:12:06,244 INFO response {"request_id": "da8a0c43274a4aaf86b5eb66eead93d6", "http_status": 200, "body": {"accepted": true, "real_timestamp_ms": 1789233123202, "virtual_time_s": 2187.699496, "measure_result": "direction", "svd_deg": 118.77}}
2026-09-13 01:12:07,791 INFO request {"path": "/measure", "payload": {"arena_id": "default", "robot_id": "202601002029", "request_id": "506051c26889489b8485d8dd94324e75", "position": {"x": 5.674975675731977e-14, "y": 926.7938608394055}, "channel": 1}, "attempt": 1}
2026-09-13 01:12:07,792 INFO response {"request_id": "506051c26889489b8485d8dd94324e75", "http_status": 200, "body": {"accepted": true, "real_timestamp_ms": 1789233124751, "virtual_time_s": 2289.648257, "measure_result": "no_signal"}}
2026-09-13 01:12:07,823 INFO request {"path": "/measure", "payload": {"arena_id": "default", "robot_id": "202601002029", "request_id": "767c117de00c428eaef2424800a32b3e", "position": {"x": 5.674975675731977e-14, "y": 926.7938608394055}, "channel": 8}, "attempt": 1}
2026-09-13 01:12:07,825 INFO response {"request_id": "767c117de00c428eaef2424800a32b3e", "http_status": 200, "body": {"accepted": true, "real_timestamp_ms": 1789233124783, "virtual_time_s": 2295.648257, "measure_result": "no_signal"}}
2026-09-13 01:12:07,856 INFO request {"path": "/measure", "payload": {"arena_id": "default", "robot_id": "202601002029", "request_id": "abfd4caefb444a17b039ce7999952ff8", "position": {"x": 5.674975675731977e-14, "y": 926.7938608394055}, "channel": 10}, "attempt": 1}
2026-09-13 01:12:07,858 INFO response {"request_id": "abfd4caefb444a17b039ce7999952ff8", "http_status": 200, "body": {"accepted": true, "real_timestamp_ms": 1789233124816, "virtual_time_s": 2301.648257, "measure_result": "no_signal"}}
2026-09-13 01:12:07,889 INFO request {"path": "/measure", "payload": {"arena_id": "default", "robot_id": "202601002029", "request_id": "5809c8fa4e8743c8aacc0c0ba2c702c1", "position": {"x": 5.674975675731977e-14, "y": 926.7938608394055}, "channel": 13}, "attempt": 1}
2026-09-13 01:12:07,908 INFO response {"request_id": "5809c8fa4e8743c8aacc0c0ba2c702c1", "http_status": 200, "body": {"accepted": true, "real_timestamp_ms": 1789233124866, "virtual_time_s": 2307.648257, "measure_result": "no_signal"}}
2026-09-13 01:12:07,924 INFO request {"path": "/measure", "payload": {"arena_id": "default", "robot_id": "202601002029", "request_id": "b86df068b8ec47fab7e5cf423a77addc", "position": {"x": 5.674975675731977e-14, "y": 926.7938608394055}, "channel": 19}, "attempt": 1}
2026-09-13 01:12:07,928 INFO response {"request_id": "b86df068b8ec47fab7e5cf423a77addc", "http_status": 200, "body": {"accepted": true, "real_timestamp_ms": 1789233124886, "virtual_time_s": 2313.648257, "measure_result": "no_signal"}}
2026-09-13 01:12:07,943 INFO request {"path": "/measure", "payload": {"arena_id": "default", "robot_id": "202601002029", "request_id": "1072800ca329400f8dadcff37d425e59", "position": {"x": 5.674975675731977e-14, "y": 926.7938608394055}, "channel": 20}, "attempt": 1}
2026-09-13 01:12:07,946 INFO response {"request_id": "1072800ca329400f8dadcff37d425e59", "http_status": 200, "body": {"accepted": true, "real_timestamp_ms": 1789233124903, "virtual_time_s": 2319.648257, "measure_result": "no_signal"}}
2026-09-13 01:12:08,014 INFO request {"path": "/measure", "payload": {"arena_id": "default", "robot_id": "202601002029", "request_id": "01759bfbf3264c628717e8c1c4cffb20", "position": {"x": 5.674975675731977e-14, "y": 926.7938608394055}, "channel": 5}, "attempt": 1}
2026-09-13 01:12:08,035 INFO response {"request_id": "01759bfbf3264c628717e8c1c4cffb20", "http_status": 200, "body": {"accepted": true, "real_timestamp_ms": 1789233124993, "virtual_time_s": 2325.648257, "measure_result": "direction", "svd_deg": 144.04}}
2026-09-13 01:12:08,040 INFO request {"path": "/measure", "payload": {"arena_id": "default", "robot_id": "202601002029", "request_id": "3d48f5fc62bd4c5ab33f77895601a7aa", "position": {"x": 5.674975675731977e-14, "y": 926.7938608394055}, "channel": 14}, "attempt": 1}
2026-09-13 01:12:08,054 INFO response {"request_id": "3d48f5fc62bd4c5ab33f77895601a7aa", "http_status": 200, "body": {"accepted": true, "real_timestamp_ms": 1789233125012, "virtual_time_s": 2331.648257, "measure_result": "direction", "svd_deg": 152.02}}
2026-09-13 01:12:09,722 INFO request {"path": "/measure", "payload": {"arena_id": "default", "robot_id": "202601002029", "request_id": "980dc40e7ebb48a183bb7bb5a5d1bf86", "position": {"x": -482.8444447608829, "y": 1802.0}, "channel": 1}, "attempt": 1}
2026-09-13 01:12:09,724 INFO response {"request_id": "980dc40e7ebb48a183bb7bb5a5d1bf86", "http_status": 200, "body": {"accepted": true, "real_timestamp_ms": 1789233126682, "virtual_time_s": 2537.560692, "measure_result": "no_signal"}}
2026-09-13 01:12:09,739 INFO request {"path": "/measure", "payload": {"arena_id": "default", "robot_id": "202601002029", "request_id": "ff7b10f7c2094d9ea780fb9367c7d972", "position": {"x": -482.8444447608829, "y": 1802.0}, "channel": 8}, "attempt": 1}
2026-09-13 01:12:09,752 INFO response {"request_id": "ff7b10f7c2094d9ea780fb9367c7d972", "http_status": 200, "body": {"accepted": true, "real_timestamp_ms": 1789233126710, "virtual_time_s": 2543.560692, "measure_result": "no_signal"}}
2026-09-13 01:12:09,783 INFO request {"path": "/measure", "payload": {"arena_id": "default", "robot_id": "202601002029", "request_id": "6cf3abc23c9245a2b9255e07f438742a", "position": {"x": -482.8444447608829, "y": 1802.0}, "channel": 10}, "attempt": 1}
2026-09-13 01:12:09,801 INFO response {"request_id": "6cf3abc23c9245a2b9255e07f438742a", "http_status": 200, "body": {"accepted": true, "real_timestamp_ms": 1789233126760, "virtual_time_s": 2549.560692, "measure_result": "no_signal"}}
2026-09-13 01:12:09,801 INFO request {"path": "/measure", "payload": {"arena_id": "default", "robot_id": "202601002029", "request_id": "9ceea79dce094c7791f91119ca86909b", "position": {"x": -482.8444447608829, "y": 1802.0}, "channel": 13}, "attempt": 1}
2026-09-13 01:12:09,802 INFO response {"request_id": "9ceea79dce094c7791f91119ca86909b", "http_status": 200, "body": {"accepted": true, "real_timestamp_ms": 1789233126761, "virtual_time_s": 2555.560692, "measure_result": "no_signal"}}
2026-09-13 01:12:09,833 INFO request {"path": "/measure", "payload": {"arena_id": "default", "robot_id": "202601002029", "request_id": "c2d11601f770458d9c61e966fe5c4786", "position": {"x": -482.8444447608829, "y": 1802.0}, "channel": 19}, "attempt": 1}
2026-09-13 01:12:09,849 INFO response {"request_id": "c2d11601f770458d9c61e966fe5c4786", "http_status": 200, "body": {"accepted": true, "real_timestamp_ms": 1789233126808, "virtual_time_s": 2561.560692, "measure_result": "no_signal"}}
2026-09-13 01:12:09,865 INFO request {"path": "/measure", "payload": {"arena_id": "default", "robot_id": "202601002029", "request_id": "40d2379d6ac944a1ac5cb80fcd70b06e", "position": {"x": -482.8444447608829, "y": 1802.0}, "channel": 20}, "attempt": 1}
2026-09-13 01:12:09,879 INFO response {"request_id": "40d2379d6ac944a1ac5cb80fcd70b06e", "http_status": 200, "body": {"accepted": true, "real_timestamp_ms": 1789233126838, "virtual_time_s": 2567.560692, "measure_result": "no_signal"}}
2026-09-13 01:12:09,923 INFO request {"path": "/measure", "payload": {"arena_id": "default", "robot_id": "202601002029", "request_id": "ce601aa58bb2469c8ab80aeb43052b64", "position": {"x": -482.8444447608829, "y": 1802.0}, "channel": 14}, "attempt": 1}
2026-09-13 01:12:09,924 INFO response {"request_id": "ce601aa58bb2469c8ab80aeb43052b64", "http_status": 200, "body": {"accepted": true, "real_timestamp_ms": 1789233126883, "virtual_time_s": 2573.560692, "measure_result": "direction", "svd_deg": 215.63}}
2026-09-13 01:12:09,944 INFO request {"path": "/measure", "payload": {"arena_id": "default", "robot_id": "202601002029", "request_id": "6349c5f7b26147f1a9b7934ff884040c", "position": {"x": -482.8444447608829, "y": 1802.0}, "channel": 5}, "attempt": 1}
2026-09-13 01:12:09,959 INFO response {"request_id": "6349c5f7b26147f1a9b7934ff884040c", "http_status": 200, "body": {"accepted": true, "real_timestamp_ms": 1789233126917, "virtual_time_s": 2579.560692, "measure_result": "direction", "svd_deg": 217.42}}
2026-09-13 01:12:10,976 INFO request {"path": "/measure", "payload": {"arena_id": "default", "robot_id": "202601002029", "request_id": "e29f451edab249b196494a9af49af7f9", "position": {"x": 482.8444447608835, "y": 1801.9999999999998}, "channel": 1}, "attempt": 1}
2026-09-13 01:12:10,977 INFO response {"request_id": "e29f451edab249b196494a9af49af7f9", "http_status": 200, "body": {"accepted": true, "real_timestamp_ms": 1789233127935, "virtual_time_s": 2778.69847, "measure_result": "no_signal"}}
2026-09-13 01:12:11,007 INFO request {"path": "/measure", "payload": {"arena_id": "default", "robot_id": "202601002029", "request_id": "3e8c880e7a34470883b69a23def179db", "position": {"x": 482.8444447608835, "y": 1801.9999999999998}, "channel": 8}, "attempt": 1}
2026-09-13 01:12:11,019 INFO response {"request_id": "3e8c880e7a34470883b69a23def179db", "http_status": 200, "body": {"accepted": true, "real_timestamp_ms": 1789233127977, "virtual_time_s": 2784.69847, "measure_result": "no_signal"}}
2026-09-13 01:12:11,035 INFO request {"path": "/measure", "payload": {"arena_id": "default", "robot_id": "202601002029", "request_id": "8c5a224761274e5eb65e479c6de7cbf1", "position": {"x": 482.8444447608835, "y": 1801.9999999999998}, "channel": 10}, "attempt": 1}
2026-09-13 01:12:11,048 INFO response {"request_id": "8c5a224761274e5eb65e479c6de7cbf1", "http_status": 200, "body": {"accepted": true, "real_timestamp_ms": 1789233128007, "virtual_time_s": 2790.69847, "measure_result": "no_signal"}}
2026-09-13 01:12:11,079 INFO request {"path": "/measure", "payload": {"arena_id": "default", "robot_id": "202601002029", "request_id": "436b58848be54a9b983ffaeb8f85ba7a", "position": {"x": 482.8444447608835, "y": 1801.9999999999998}, "channel": 13}, "attempt": 1}
2026-09-13 01:12:11,080 INFO response {"request_id": "436b58848be54a9b983ffaeb8f85ba7a", "http_status": 200, "body": {"accepted": true, "real_timestamp_ms": 1789233128039, "virtual_time_s": 2796.69847, "measure_result": "no_signal"}}
2026-09-13 01:12:11,110 INFO request {"path": "/measure", "payload": {"arena_id": "default", "robot_id": "202601002029", "request_id": "085a581157e24dbab15d2269b7e6ed4c", "position": {"x": 482.8444447608835, "y": 1801.9999999999998}, "channel": 19}, "attempt": 1}
2026-09-13 01:12:11,127 INFO response {"request_id": "085a581157e24dbab15d2269b7e6ed4c", "http_status": 200, "body": {"accepted": true, "real_timestamp_ms": 1789233128085, "virtual_time_s": 2802.69847, "measure_result": "no_signal"}}
2026-09-13 01:12:11,142 INFO request {"path": "/measure", "payload": {"arena_id": "default", "robot_id": "202601002029", "request_id": "d5a7cc53a0714047a017b16904def045", "position": {"x": 482.8444447608835, "y": 1801.9999999999998}, "channel": 20}, "attempt": 1}
2026-09-13 01:12:11,143 INFO response {"request_id": "d5a7cc53a0714047a017b16904def045", "http_status": 200, "body": {"accepted": true, "real_timestamp_ms": 1789233128102, "virtual_time_s": 2808.69847, "measure_result": "no_signal"}}
2026-09-13 01:12:12,042 INFO request {"path": "/measure", "payload": {"arena_id": "default", "robot_id": "202601002029", "request_id": "561d22f0227645748415eb903bbe3ef8", "position": {"x": 1319.155555239117, "y": 1319.155555239117}, "channel": 20}, "attempt": 1}
2026-09-13 01:12:12,057 INFO response {"request_id": "561d22f0227645748415eb903bbe3ef8", "http_status": 200, "body": {"accepted": true, "real_timestamp_ms": 1789233129015, "virtual_time_s": 3006.836248, "measure_result": "no_signal"}}
2026-09-13 01:12:12,072 INFO request {"path": "/measure", "payload": {"arena_id": "default", "robot_id": "202601002029", "request_id": "bb8b5995d287458c91a7b891e42f5653", "position": {"x": 1319.155555239117, "y": 1319.155555239117}, "channel": 1}, "attempt": 1}
2026-09-13 01:12:12,073 INFO response {"request_id": "bb8b5995d287458c91a7b891e42f5653", "http_status": 200, "body": {"accepted": true, "real_timestamp_ms": 1789233129032, "virtual_time_s": 3012.836248, "measure_result": "no_signal"}}
2026-09-13 01:12:12,104 INFO request {"path": "/measure", "payload": {"arena_id": "default", "robot_id": "202601002029", "request_id": "2710776494f6407490f199517e2bbdb2", "position": {"x": 1319.155555239117, "y": 1319.155555239117}, "channel": 8}, "attempt": 1}
2026-09-13 01:12:12,116 INFO response {"request_id": "2710776494f6407490f199517e2bbdb2", "http_status": 200, "body": {"accepted": true, "real_timestamp_ms": 1789233129074, "virtual_time_s": 3018.836248, "measure_result": "no_signal"}}
2026-09-13 01:12:12,131 INFO request {"path": "/measure", "payload": {"arena_id": "default", "robot_id": "202601002029", "request_id": "0a5db3f202414490a451867ec9b64df5", "position": {"x": 1319.155555239117, "y": 1319.155555239117}, "channel": 10}, "attempt": 1}
2026-09-13 01:12:12,133 INFO response {"request_id": "0a5db3f202414490a451867ec9b64df5", "http_status": 200, "body": {"accepted": true, "real_timestamp_ms": 1789233129091, "virtual_time_s": 3024.836248, "measure_result": "no_signal"}}
2026-09-13 01:12:12,164 INFO request {"path": "/measure", "payload": {"arena_id": "default", "robot_id": "202601002029", "request_id": "e8ff1b7a7a6943ea9dc4b0911eaf5df2", "position": {"x": 1319.155555239117, "y": 1319.155555239117}, "channel": 13}, "attempt": 1}
2026-09-13 01:12:12,167 INFO response {"request_id": "e8ff1b7a7a6943ea9dc4b0911eaf5df2", "http_status": 200, "body": {"accepted": true, "real_timestamp_ms": 1789233129125, "virtual_time_s": 3030.836248, "measure_result": "direction", "svd_deg": 165.86}}
2026-09-13 01:12:12,202 INFO request {"path": "/measure", "payload": {"arena_id": "default", "robot_id": "202601002029", "request_id": "92e269bb06e14170939f3d22a08f5806", "position": {"x": 1319.155555239117, "y": 1319.155555239117}, "channel": 19}, "attempt": 1}
2026-09-13 01:12:12,215 INFO response {"request_id": "92e269bb06e14170939f3d22a08f5806", "http_status": 200, "body": {"accepted": true, "real_timestamp_ms": 1789233129173, "virtual_time_s": 3036.836248, "measure_result": "no_signal"}}
2026-09-13 01:12:13,269 INFO request {"path": "/measure", "payload": {"arena_id": "default", "robot_id": "202601002029", "request_id": "3ac7f1a0bbe54881b21a606a0248c4b8", "position": {"x": 1802.0, "y": 482.84444476088305}, "channel": 19}, "attempt": 1}
2026-09-13 01:12:13,284 INFO response {"request_id": "3ac7f1a0bbe54881b21a606a0248c4b8", "http_status": 200, "body": {"accepted": true, "real_timestamp_ms": 1789233130242, "virtual_time_s": 3234.974026, "measure_result": "no_signal"}}
2026-09-13 01:12:13,300 INFO request {"path": "/measure", "payload": {"arena_id": "default", "robot_id": "202601002029", "request_id": "86be1b7cc5c5410c9abf4cdb5588f4fa", "position": {"x": 1802.0, "y": 482.84444476088305}, "channel": 1}, "attempt": 1}
2026-09-13 01:12:13,301 INFO response {"request_id": "86be1b7cc5c5410c9abf4cdb5588f4fa", "http_status": 200, "body": {"accepted": true, "real_timestamp_ms": 1789233130260, "virtual_time_s": 3240.974026, "measure_result": "no_signal"}}
2026-09-13 01:12:13,319 INFO request {"path": "/measure", "payload": {"arena_id": "default", "robot_id": "202601002029", "request_id": "d4b1d675fb5e4dffb3d87f0e6ff4ca0f", "position": {"x": 1802.0, "y": 482.84444476088305}, "channel": 8}, "attempt": 1}
2026-09-13 01:12:13,321 INFO response {"request_id": "d4b1d675fb5e4dffb3d87f0e6ff4ca0f", "http_status": 200, "body": {"accepted": true, "real_timestamp_ms": 1789233130279, "virtual_time_s": 3246.974026, "measure_result": "no_signal"}}
2026-09-13 01:12:13,352 INFO request {"path": "/measure", "payload": {"arena_id": "default", "robot_id": "202601002029", "request_id": "68c4cf5185c246b9b07799e12271135c", "position": {"x": 1802.0, "y": 482.84444476088305}, "channel": 10}, "attempt": 1}
2026-09-13 01:12:13,355 INFO response {"request_id": "68c4cf5185c246b9b07799e12271135c", "http_status": 200, "body": {"accepted": true, "real_timestamp_ms": 1789233130312, "virtual_time_s": 3252.974026, "measure_result": "no_signal"}}
2026-09-13 01:12:13,385 INFO request {"path": "/measure", "payload": {"arena_id": "default", "robot_id": "202601002029", "request_id": "9b23009d8ad74414b395e6306474003a", "position": {"x": 1802.0, "y": 482.84444476088305}, "channel": 20}, "attempt": 1}
2026-09-13 01:12:13,388 INFO response {"request_id": "9b23009d8ad74414b395e6306474003a", "http_status": 200, "body": {"accepted": true, "real_timestamp_ms": 1789233130346, "virtual_time_s": 3258.974026, "measure_result": "no_signal"}}
2026-09-13 01:12:14,363 INFO request {"path": "/measure", "payload": {"arena_id": "default", "robot_id": "202601002029", "request_id": "f9b728fc4d63436fb086936c01d78522", "position": {"x": 1801.9999999999995, "y": -482.84444476088464}, "channel": 20}, "attempt": 1}
2026-09-13 01:12:14,379 INFO response {"request_id": "f9b728fc4d63436fb086936c01d78522", "http_status": 200, "body": {"accepted": true, "real_timestamp_ms": 1789233131338, "virtual_time_s": 3457.111804, "measure_result": "no_signal"}}
2026-09-13 01:12:14,394 INFO request {"path": "/measure", "payload": {"arena_id": "default", "robot_id": "202601002029", "request_id": "9b7412411fda4d5c9233cc96e04a9bca", "position": {"x": 1801.9999999999995, "y": -482.84444476088464}, "channel": 1}, "attempt": 1}
2026-09-13 01:12:14,396 INFO response {"request_id": "9b7412411fda4d5c9233cc96e04a9bca", "http_status": 200, "body": {"accepted": true, "real_timestamp_ms": 1789233131354, "virtual_time_s": 3463.111804, "measure_result": "no_signal"}}
2026-09-13 01:12:14,427 INFO request {"path": "/measure", "payload": {"arena_id": "default", "robot_id": "202601002029", "request_id": "26a0052524b14c9ca9ac731bee89554e", "position": {"x": 1801.9999999999995, "y": -482.84444476088464}, "channel": 8}, "attempt": 1}
2026-09-13 01:12:14,429 INFO response {"request_id": "26a0052524b14c9ca9ac731bee89554e", "http_status": 200, "body": {"accepted": true, "real_timestamp_ms": 1789233131388, "virtual_time_s": 3469.111804, "measure_result": "no_signal"}}
2026-09-13 01:12:14,460 INFO request {"path": "/measure", "payload": {"arena_id": "default", "robot_id": "202601002029", "request_id": "f10403b392a34b66a09f26bd5d09d7eb", "position": {"x": 1801.9999999999995, "y": -482.84444476088464}, "channel": 10}, "attempt": 1}
2026-09-13 01:12:14,463 INFO response {"request_id": "f10403b392a34b66a09f26bd5d09d7eb", "http_status": 200, "body": {"accepted": true, "real_timestamp_ms": 1789233131421, "virtual_time_s": 3475.111804, "measure_result": "no_signal"}}
2026-09-13 01:12:14,494 INFO request {"path": "/measure", "payload": {"arena_id": "default", "robot_id": "202601002029", "request_id": "8de1020cbcb441bf806b9218808755b4", "position": {"x": 1801.9999999999995, "y": -482.84444476088464}, "channel": 19}, "attempt": 1}
2026-09-13 01:12:14,497 INFO response {"request_id": "8de1020cbcb441bf806b9218808755b4", "http_status": 200, "body": {"accepted": true, "real_timestamp_ms": 1789233131455, "virtual_time_s": 3481.111804, "measure_result": "no_signal"}}
2026-09-13 01:12:15,340 INFO request {"path": "/measure", "payload": {"arena_id": "default", "robot_id": "202601002029", "request_id": "8e38c3dc32784c699a76cc767ed09fa6", "position": {"x": 1319.1555552391164, "y": -1319.1555552391171}, "channel": 19}, "attempt": 1}
2026-09-13 01:12:15,342 INFO response {"request_id": "8e38c3dc32784c699a76cc767ed09fa6", "http_status": 200, "body": {"accepted": true, "real_timestamp_ms": 1789233132300, "virtual_time_s": 3679.249582, "measure_result": "no_signal"}}
2026-09-13 01:12:15,372 INFO request {"path": "/measure", "payload": {"arena_id": "default", "robot_id": "202601002029", "request_id": "dcc0b0d0548842298cbe6337a847874d", "position": {"x": 1319.1555552391164, "y": -1319.1555552391171}, "channel": 1}, "attempt": 1}
2026-09-13 01:12:15,385 INFO response {"request_id": "dcc0b0d0548842298cbe6337a847874d", "http_status": 200, "body": {"accepted": true, "real_timestamp_ms": 1789233132344, "virtual_time_s": 3685.249582, "measure_result": "no_signal"}}
2026-09-13 01:12:15,400 INFO request {"path": "/measure", "payload": {"arena_id": "default", "robot_id": "202601002029", "request_id": "3b68465ce45b45da98172a8e98603deb", "position": {"x": 1319.1555552391164, "y": -1319.1555552391171}, "channel": 8}, "attempt": 1}
2026-09-13 01:12:15,416 INFO response {"request_id": "3b68465ce45b45da98172a8e98603deb", "http_status": 200, "body": {"accepted": true, "real_timestamp_ms": 1789233132374, "virtual_time_s": 3691.249582, "measure_result": "no_signal"}}
2026-09-13 01:12:15,430 INFO request {"path": "/measure", "payload": {"arena_id": "default", "robot_id": "202601002029", "request_id": "41a5e395af8e40eea4452a2a6f9e3bd2", "position": {"x": 1319.1555552391164, "y": -1319.1555552391171}, "channel": 10}, "attempt": 1}
2026-09-13 01:12:15,431 INFO response {"request_id": "41a5e395af8e40eea4452a2a6f9e3bd2", "http_status": 200, "body": {"accepted": true, "real_timestamp_ms": 1789233132390, "virtual_time_s": 3697.249582, "measure_result": "no_signal"}}
2026-09-13 01:12:15,462 INFO request {"path": "/measure", "payload": {"arena_id": "default", "robot_id": "202601002029", "request_id": "2c24584f57d0469db959b16691815758", "position": {"x": 1319.1555552391164, "y": -1319.1555552391171}, "channel": 20}, "attempt": 1}
2026-09-13 01:12:15,465 INFO response {"request_id": "2c24584f57d0469db959b16691815758", "http_status": 200, "body": {"accepted": true, "real_timestamp_ms": 1789233132423, "virtual_time_s": 3703.249582, "measure_result": "no_signal"}}
2026-09-13 01:12:16,203 INFO request {"path": "/measure", "payload": {"arena_id": "default", "robot_id": "202601002029", "request_id": "e93e4ab82a714c83a83662217c24efd4", "position": {"x": 482.84444476088225, "y": -1802.0000000000002}, "channel": 20}, "attempt": 1}
2026-09-13 01:12:16,204 INFO response {"request_id": "e93e4ab82a714c83a83662217c24efd4", "http_status": 200, "body": {"accepted": true, "real_timestamp_ms": 1789233133162, "virtual_time_s": 3901.38736, "measure_result": "no_signal"}}
2026-09-13 01:12:16,235 INFO request {"path": "/measure", "payload": {"arena_id": "default", "robot_id": "202601002029", "request_id": "b942567a72ff4225b0a32b1f5d1130e3", "position": {"x": 482.84444476088225, "y": -1802.0000000000002}, "channel": 1}, "attempt": 1}
2026-09-13 01:12:16,237 INFO response {"request_id": "b942567a72ff4225b0a32b1f5d1130e3", "http_status": 200, "body": {"accepted": true, "real_timestamp_ms": 1789233133195, "virtual_time_s": 3907.38736, "measure_result": "no_signal"}}
2026-09-13 01:12:16,267 INFO request {"path": "/measure", "payload": {"arena_id": "default", "robot_id": "202601002029", "request_id": "d07ae59b0a0944de94df3cee3c928311", "position": {"x": 482.84444476088225, "y": -1802.0000000000002}, "channel": 8}, "attempt": 1}
2026-09-13 01:12:16,270 INFO response {"request_id": "d07ae59b0a0944de94df3cee3c928311", "http_status": 200, "body": {"accepted": true, "real_timestamp_ms": 1789233133228, "virtual_time_s": 3913.38736, "measure_result": "no_signal"}}
2026-09-13 01:12:16,286 INFO request {"path": "/measure", "payload": {"arena_id": "default", "robot_id": "202601002029", "request_id": "19bc35049b89472cb4e8c36b82a6f6f3", "position": {"x": 482.84444476088225, "y": -1802.0000000000002}, "channel": 10}, "attempt": 1}
2026-09-13 01:12:16,307 INFO response {"request_id": "19bc35049b89472cb4e8c36b82a6f6f3", "http_status": 200, "body": {"accepted": true, "real_timestamp_ms": 1789233133265, "virtual_time_s": 3919.38736, "measure_result": "no_signal"}}
2026-09-13 01:12:16,322 INFO request {"path": "/measure", "payload": {"arena_id": "default", "robot_id": "202601002029", "request_id": "913a732c15eb4493ad99552183d13efb", "position": {"x": 482.84444476088225, "y": -1802.0000000000002}, "channel": 19}, "attempt": 1}
2026-09-13 01:12:16,336 INFO response {"request_id": "913a732c15eb4493ad99552183d13efb", "http_status": 200, "body": {"accepted": true, "real_timestamp_ms": 1789233133294, "virtual_time_s": 3925.38736, "measure_result": "no_signal"}}
2026-09-13 01:12:16,406 INFO request {"path": "/measure", "payload": {"arena_id": "default", "robot_id": "202601002029", "request_id": "56bc79f92605414ba1f54a28ed48d50c", "position": {"x": 482.84444476088225, "y": -1802.0000000000002}, "channel": 3}, "attempt": 1}
2026-09-13 01:12:16,406 INFO response {"request_id": "56bc79f92605414ba1f54a28ed48d50c", "http_status": 200, "body": {"accepted": true, "real_timestamp_ms": 1789233133365, "virtual_time_s": 3931.38736, "measure_result": "direction", "svd_deg": 175.9}}
2026-09-13 01:12:16,426 INFO request {"path": "/measure", "payload": {"arena_id": "default", "robot_id": "202601002029", "request_id": "34ac4c01f95644dcb60110d5fc73cfa3", "position": {"x": 482.84444476088225, "y": -1802.0000000000002}, "channel": 18}, "attempt": 1}
2026-09-13 01:12:16,428 INFO response {"request_id": "34ac4c01f95644dcb60110d5fc73cfa3", "http_status": 200, "body": {"accepted": true, "real_timestamp_ms": 1789233133386, "virtual_time_s": 3937.38736, "measure_result": "direction", "svd_deg": 132.73}}
2026-09-13 01:12:16,650 INFO request {"path": "/clear", "payload": {"arena_id": "default", "robot_id": "202601002029", "request_id": "5e700f53cd134f6e82f993b1e018ca12", "position": {"x": -49.403481656698375, "y": -1763.6209909181994}, "channel": 3}, "attempt": 1}
2026-09-13 01:12:16,665 INFO response {"request_id": "5e700f53cd134f6e82f993b1e018ca12", "http_status": 200, "body": {"accepted": true, "real_timestamp_ms": 1789233133623, "virtual_time_s": 4049.113328, "clear_result": "success"}}
2026-09-13 01:12:16,707 INFO request {"path": "/measure", "payload": {"arena_id": "default", "robot_id": "202601002029", "request_id": "e6050e60f10c405bb84a00d0bab611ab", "position": {"x": -482.8444447608845, "y": -1801.9999999999995}, "channel": 1}, "attempt": 1}
2026-09-13 01:12:16,725 INFO response {"request_id": "e6050e60f10c405bb84a00d0bab611ab", "http_status": 200, "body": {"accepted": true, "real_timestamp_ms": 1789233133684, "virtual_time_s": 4142.140684, "measure_result": "no_signal"}}
2026-09-13 01:12:16,741 INFO request {"path": "/measure", "payload": {"arena_id": "default", "robot_id": "202601002029", "request_id": "fbb290431e2a4028b7aea69ed7a07a60", "position": {"x": -482.8444447608845, "y": -1801.9999999999995}, "channel": 8}, "attempt": 1}
2026-09-13 01:12:16,743 INFO response {"request_id": "fbb290431e2a4028b7aea69ed7a07a60", "http_status": 200, "body": {"accepted": true, "real_timestamp_ms": 1789233133702, "virtual_time_s": 4148.140684, "measure_result": "no_signal"}}
2026-09-13 01:12:16,774 INFO request {"path": "/measure", "payload": {"arena_id": "default", "robot_id": "202601002029", "request_id": "afc0ee43934545b4a8c462a1bb202fdf", "position": {"x": -482.8444447608845, "y": -1801.9999999999995}, "channel": 10}, "attempt": 1}
2026-09-13 01:12:16,795 INFO response {"request_id": "afc0ee43934545b4a8c462a1bb202fdf", "http_status": 200, "body": {"accepted": true, "real_timestamp_ms": 1789233133754, "virtual_time_s": 4154.140684, "measure_result": "no_signal"}}
2026-09-13 01:12:16,810 INFO request {"path": "/measure", "payload": {"arena_id": "default", "robot_id": "202601002029", "request_id": "9ef12a98739847f5a8268a7b2b156356", "position": {"x": -482.8444447608845, "y": -1801.9999999999995}, "channel": 19}, "attempt": 1}
2026-09-13 01:12:16,825 INFO response {"request_id": "9ef12a98739847f5a8268a7b2b156356", "http_status": 200, "body": {"accepted": true, "real_timestamp_ms": 1789233133783, "virtual_time_s": 4160.140684, "measure_result": "no_signal"}}
2026-09-13 01:12:16,841 INFO request {"path": "/measure", "payload": {"arena_id": "default", "robot_id": "202601002029", "request_id": "5caf5cef19b84bd3b69611dd6e31e575", "position": {"x": -482.8444447608845, "y": -1801.9999999999995}, "channel": 20}, "attempt": 1}
2026-09-13 01:12:16,854 INFO response {"request_id": "5caf5cef19b84bd3b69611dd6e31e575", "http_status": 200, "body": {"accepted": true, "real_timestamp_ms": 1789233133813, "virtual_time_s": 4166.140684, "measure_result": "no_signal"}}
2026-09-13 01:12:16,926 INFO request {"path": "/measure", "payload": {"arena_id": "default", "robot_id": "202601002029", "request_id": "f0a1547be4b743a69488f2e4cd5eeb3f", "position": {"x": -482.8444447608845, "y": -1801.9999999999995}, "channel": 18}, "attempt": 1}
2026-09-13 01:12:16,929 INFO response {"request_id": "f0a1547be4b743a69488f2e4cd5eeb3f", "http_status": 200, "body": {"accepted": true, "real_timestamp_ms": 1789233133886, "virtual_time_s": 4172.140684, "measure_result": "direction", "svd_deg": 11.84}}
2026-09-13 01:12:16,965 INFO request {"path": "/measure", "payload": {"arena_id": "default", "robot_id": "202601002029", "request_id": "56a45077671d4b3ca4ee9b452b97bebd", "position": {"x": -482.8444447608845, "y": -1801.9999999999995}, "channel": 6}, "attempt": 1}
2026-09-13 01:12:16,967 INFO response {"request_id": "56a45077671d4b3ca4ee9b452b97bebd", "http_status": 200, "body": {"accepted": true, "real_timestamp_ms": 1789233133926, "virtual_time_s": 4178.140684, "measure_result": "no_signal"}}
2026-09-13 01:12:17,277 INFO request {"path": "/measure", "payload": {"arena_id": "default", "robot_id": "202601002029", "request_id": "f6d875647e884b81abeb87abaf3ef660", "position": {"x": -1319.1555552391176, "y": -1319.1555552391162}, "channel": 1}, "attempt": 1}
2026-09-13 01:12:17,298 INFO response {"request_id": "f6d875647e884b81abeb87abaf3ef660", "http_status": 200, "body": {"accepted": true, "real_timestamp_ms": 1789233134257, "virtual_time_s": 4377.278462, "measure_result": "no_signal"}}
2026-09-13 01:12:17,313 INFO request {"path": "/measure", "payload": {"arena_id": "default", "robot_id": "202601002029", "request_id": "876ce756e92d45488805c675015e2766", "position": {"x": -1319.1555552391176, "y": -1319.1555552391162}, "channel": 8}, "attempt": 1}
2026-09-13 01:12:17,328 INFO response {"request_id": "876ce756e92d45488805c675015e2766", "http_status": 200, "body": {"accepted": true, "real_timestamp_ms": 1789233134286, "virtual_time_s": 4383.278462, "measure_result": "no_signal"}}
2026-09-13 01:12:17,343 INFO request {"path": "/measure", "payload": {"arena_id": "default", "robot_id": "202601002029", "request_id": "69dd3e05075f4381899196f083c01162", "position": {"x": -1319.1555552391176, "y": -1319.1555552391162}, "channel": 10}, "attempt": 1}
2026-09-13 01:12:17,357 INFO response {"request_id": "69dd3e05075f4381899196f083c01162", "http_status": 200, "body": {"accepted": true, "real_timestamp_ms": 1789233134316, "virtual_time_s": 4389.278462, "measure_result": "no_signal"}}
2026-09-13 01:12:17,373 INFO request {"path": "/measure", "payload": {"arena_id": "default", "robot_id": "202601002029", "request_id": "a807d20c22e0452b96ea9b20e1e7cea1", "position": {"x": -1319.1555552391176, "y": -1319.1555552391162}, "channel": 19}, "attempt": 1}
2026-09-13 01:12:17,389 INFO response {"request_id": "a807d20c22e0452b96ea9b20e1e7cea1", "http_status": 200, "body": {"accepted": true, "real_timestamp_ms": 1789233134347, "virtual_time_s": 4395.278462, "measure_result": "no_signal"}}
2026-09-13 01:12:17,403 INFO request {"path": "/measure", "payload": {"arena_id": "default", "robot_id": "202601002029", "request_id": "9e1cefe4bb7d4c6e84442c2eeb8664e7", "position": {"x": -1319.1555552391176, "y": -1319.1555552391162}, "channel": 20}, "attempt": 1}
2026-09-13 01:12:17,405 INFO response {"request_id": "9e1cefe4bb7d4c6e84442c2eeb8664e7", "http_status": 200, "body": {"accepted": true, "real_timestamp_ms": 1789233134363, "virtual_time_s": 4401.278462, "measure_result": "no_signal"}}
2026-09-13 01:12:17,454 INFO request {"path": "/measure", "payload": {"arena_id": "default", "robot_id": "202601002029", "request_id": "767de85805ef4af5850064e04187eac7", "position": {"x": -1319.1555552391176, "y": -1319.1555552391162}, "channel": 4}, "attempt": 1}
2026-09-13 01:12:17,455 INFO response {"request_id": "767de85805ef4af5850064e04187eac7", "http_status": 200, "body": {"accepted": true, "real_timestamp_ms": 1789233134414, "virtual_time_s": 4407.278462, "measure_result": "direction", "svd_deg": 334.38}}
2026-09-13 01:12:17,619 INFO request {"path": "/measure", "payload": {"arena_id": "default", "robot_id": "202601002029", "request_id": "f14d279a41a74d1d99fff7c97b5550a2", "position": {"x": -1802.0000000000002, "y": -482.84444476088237}, "channel": 1}, "attempt": 1}
2026-09-13 01:12:17,621 INFO response {"request_id": "f14d279a41a74d1d99fff7c97b5550a2", "http_status": 200, "body": {"accepted": true, "real_timestamp_ms": 1789233134579, "virtual_time_s": 4606.41624, "measure_result": "no_signal"}}
2026-09-13 01:12:17,651 INFO request {"path": "/measure", "payload": {"arena_id": "default", "robot_id": "202601002029", "request_id": "ec7f63934e3d4f9c9ee564bd4f8d8be0", "position": {"x": -1802.0000000000002, "y": -482.84444476088237}, "channel": 8}, "attempt": 1}
2026-09-13 01:12:17,669 INFO response {"request_id": "ec7f63934e3d4f9c9ee564bd4f8d8be0", "http_status": 200, "body": {"accepted": true, "real_timestamp_ms": 1789233134627, "virtual_time_s": 4612.41624, "measure_result": "no_signal"}}
2026-09-13 01:12:17,686 INFO request {"path": "/measure", "payload": {"arena_id": "default", "robot_id": "202601002029", "request_id": "0a32373d453e44fdbdeb7f3557974e00", "position": {"x": -1802.0000000000002, "y": -482.84444476088237}, "channel": 10}, "attempt": 1}
2026-09-13 01:12:17,688 INFO response {"request_id": "0a32373d453e44fdbdeb7f3557974e00", "http_status": 200, "body": {"accepted": true, "real_timestamp_ms": 1789233134646, "virtual_time_s": 4618.41624, "measure_result": "no_signal"}}
2026-09-13 01:12:17,719 INFO request {"path": "/measure", "payload": {"arena_id": "default", "robot_id": "202601002029", "request_id": "37232a54b12549039006bc393016e3c0", "position": {"x": -1802.0000000000002, "y": -482.84444476088237}, "channel": 19}, "attempt": 1}
2026-09-13 01:12:17,721 INFO response {"request_id": "37232a54b12549039006bc393016e3c0", "http_status": 200, "body": {"accepted": true, "real_timestamp_ms": 1789233134679, "virtual_time_s": 4624.41624, "measure_result": "no_signal"}}
2026-09-13 01:12:17,752 INFO request {"path": "/measure", "payload": {"arena_id": "default", "robot_id": "202601002029", "request_id": "456f7cbb9db24d94bc0822e37e70e032", "position": {"x": -1802.0000000000002, "y": -482.84444476088237}, "channel": 20}, "attempt": 1}
2026-09-13 01:12:17,754 INFO response {"request_id": "456f7cbb9db24d94bc0822e37e70e032", "http_status": 200, "body": {"accepted": true, "real_timestamp_ms": 1789233134712, "virtual_time_s": 4630.41624, "measure_result": "no_signal"}}
2026-09-13 01:12:17,781 INFO request {"path": "/measure", "payload": {"arena_id": "default", "robot_id": "202601002029", "request_id": "8dfedeba543d46309b3c795cfb8ec9ae", "position": {"x": -1802.0000000000002, "y": -482.84444476088237}, "channel": 7}, "attempt": 1}
2026-09-13 01:12:17,783 INFO response {"request_id": "8dfedeba543d46309b3c795cfb8ec9ae", "http_status": 200, "body": {"accepted": true, "real_timestamp_ms": 1789233134741, "virtual_time_s": 4636.41624, "measure_result": "direction", "svd_deg": 34.23}}
2026-09-13 01:12:17,899 INFO request {"path": "/measure", "payload": {"arena_id": "default", "robot_id": "202601002029", "request_id": "0b917eaa192445998faf588873e012f0", "position": {"x": -1801.9999999999998, "y": 482.84444476088356}, "channel": 1}, "attempt": 1}
2026-09-13 01:12:17,900 INFO response {"request_id": "0b917eaa192445998faf588873e012f0", "http_status": 200, "body": {"accepted": true, "real_timestamp_ms": 1789233134859, "virtual_time_s": 4835.554018, "measure_result": "no_signal"}}
2026-09-13 01:12:17,931 INFO request {"path": "/measure", "payload": {"arena_id": "default", "robot_id": "202601002029", "request_id": "8550ac67dfb24b93b1b156330dc1e223", "position": {"x": -1801.9999999999998, "y": 482.84444476088356}, "channel": 8}, "attempt": 1}
2026-09-13 01:12:17,932 INFO response {"request_id": "8550ac67dfb24b93b1b156330dc1e223", "http_status": 200, "body": {"accepted": true, "real_timestamp_ms": 1789233134891, "virtual_time_s": 4841.554018, "measure_result": "no_signal"}}
2026-09-13 01:12:17,963 INFO request {"path": "/measure", "payload": {"arena_id": "default", "robot_id": "202601002029", "request_id": "cf967dc108a84f889d48d9742a7ee3da", "position": {"x": -1801.9999999999998, "y": 482.84444476088356}, "channel": 10}, "attempt": 1}
2026-09-13 01:12:17,966 INFO response {"request_id": "cf967dc108a84f889d48d9742a7ee3da", "http_status": 200, "body": {"accepted": true, "real_timestamp_ms": 1789233134924, "virtual_time_s": 4847.554018, "measure_result": "no_signal"}}
2026-09-13 01:12:17,997 INFO request {"path": "/measure", "payload": {"arena_id": "default", "robot_id": "202601002029", "request_id": "73597c838f4148a183a39e8441abc40d", "position": {"x": -1801.9999999999998, "y": 482.84444476088356}, "channel": 19}, "attempt": 1}
2026-09-13 01:12:17,998 INFO response {"request_id": "73597c838f4148a183a39e8441abc40d", "http_status": 200, "body": {"accepted": true, "real_timestamp_ms": 1789233134957, "virtual_time_s": 4853.554018, "measure_result": "no_signal"}}
2026-09-13 01:12:18,029 INFO request {"path": "/measure", "payload": {"arena_id": "default", "robot_id": "202601002029", "request_id": "1d013f4955704bd9a6b78c6b93c807d0", "position": {"x": -1801.9999999999998, "y": 482.84444476088356}, "channel": 20}, "attempt": 1}
2026-09-13 01:12:18,031 INFO response {"request_id": "1d013f4955704bd9a6b78c6b93c807d0", "http_status": 200, "body": {"accepted": true, "real_timestamp_ms": 1789233134989, "virtual_time_s": 4859.554018, "measure_result": "no_signal"}}
2026-09-13 01:12:18,050 INFO request {"path": "/measure", "payload": {"arena_id": "default", "robot_id": "202601002029", "request_id": "fb1fe564d57848468bcc133500e3f8ff", "position": {"x": -1801.9999999999998, "y": 482.84444476088356}, "channel": 7}, "attempt": 1}
2026-09-13 01:12:18,052 INFO response {"request_id": "fb1fe564d57848468bcc133500e3f8ff", "http_status": 200, "body": {"accepted": true, "real_timestamp_ms": 1789233135010, "virtual_time_s": 4865.554018, "measure_result": "direction", "svd_deg": 338.31}}
2026-09-13 01:12:18,125 INFO request {"path": "/measure", "payload": {"arena_id": "default", "robot_id": "202601002029", "request_id": "2d189d79e4d647ed9194f091a2e1e59f", "position": {"x": -1319.1555552391167, "y": 1319.155555239117}, "channel": 1}, "attempt": 1}
2026-09-13 01:12:18,126 INFO response {"request_id": "2d189d79e4d647ed9194f091a2e1e59f", "http_status": 200, "body": {"accepted": true, "real_timestamp_ms": 1789233135084, "virtual_time_s": 5064.691796, "measure_result": "no_signal"}}
2026-09-13 01:12:18,156 INFO request {"path": "/measure", "payload": {"arena_id": "default", "robot_id": "202601002029", "request_id": "a8e27a39c66c470eb8f410551492279c", "position": {"x": -1319.1555552391167, "y": 1319.155555239117}, "channel": 8}, "attempt": 1}
2026-09-13 01:12:18,170 INFO response {"request_id": "a8e27a39c66c470eb8f410551492279c", "http_status": 200, "body": {"accepted": true, "real_timestamp_ms": 1789233135129, "virtual_time_s": 5070.691796, "measure_result": "no_signal"}}
2026-09-13 01:12:18,185 INFO request {"path": "/measure", "payload": {"arena_id": "default", "robot_id": "202601002029", "request_id": "d4d63979d2ad4a139e2ee5df2a83d032", "position": {"x": -1319.1555552391167, "y": 1319.155555239117}, "channel": 10}, "attempt": 1}
2026-09-13 01:12:18,187 INFO response {"request_id": "d4d63979d2ad4a139e2ee5df2a83d032", "http_status": 200, "body": {"accepted": true, "real_timestamp_ms": 1789233135145, "virtual_time_s": 5076.691796, "measure_result": "no_signal"}}
2026-09-13 01:12:18,218 INFO request {"path": "/measure", "payload": {"arena_id": "default", "robot_id": "202601002029", "request_id": "04cd08345ad243e9aea73ff6ff53ee2f", "position": {"x": -1319.1555552391167, "y": 1319.155555239117}, "channel": 19}, "attempt": 1}
2026-09-13 01:12:18,230 INFO response {"request_id": "04cd08345ad243e9aea73ff6ff53ee2f", "http_status": 200, "body": {"accepted": true, "real_timestamp_ms": 1789233135188, "virtual_time_s": 5082.691796, "measure_result": "no_signal"}}
2026-09-13 01:12:18,245 INFO request {"path": "/measure", "payload": {"arena_id": "default", "robot_id": "202601002029", "request_id": "cc19db3a2b2c4f8cadc026ae98a3b727", "position": {"x": -1319.1555552391167, "y": 1319.155555239117}, "channel": 20}, "attempt": 1}
2026-09-13 01:12:18,259 INFO response {"request_id": "cc19db3a2b2c4f8cadc026ae98a3b727", "http_status": 200, "body": {"accepted": true, "real_timestamp_ms": 1789233135218, "virtual_time_s": 5088.691796, "measure_result": "no_signal"}}
2026-09-13 01:12:20,458 INFO request {"path": "/clear", "payload": {"arena_id": "default", "robot_id": "202601002029", "request_id": "ecd70e788f33426a92e64fb5aea9febb", "position": {"x": -967.9275371648358, "y": 1454.574844302452}, "channel": 14}, "attempt": 1}
2026-09-13 01:12:20,460 INFO response {"request_id": "ecd70e788f33426a92e64fb5aea9febb", "http_status": 200, "body": {"accepted": true, "real_timestamp_ms": 1789233137418, "virtual_time_s": 5168.977785, "clear_result": "success"}}
2026-09-13 01:12:20,491 INFO request {"path": "/clear", "payload": {"arena_id": "default", "robot_id": "202601002029", "request_id": "2a005964d875410b85471a21b5aff674", "position": {"x": -907.5006410306139, "y": 126.94519785932728}, "channel": 7}, "attempt": 1}
2026-09-13 01:12:20,492 INFO response {"request_id": "2a005964d875410b85471a21b5aff674", "http_status": 200, "body": {"accepted": true, "real_timestamp_ms": 1789233137451, "virtual_time_s": 5439.778604, "clear_result": "success"}}
2026-09-13 01:12:20,523 INFO request {"path": "/clear", "payload": {"arena_id": "default", "robot_id": "202601002029", "request_id": "c93f682fba3540b8a7b1b1c5ea838812", "position": {"x": -390.57727154301375, "y": 408.38875570047037}, "channel": 2}, "attempt": 1}
2026-09-13 01:12:20,525 INFO response {"request_id": "c93f682fba3540b8a7b1b1c5ea838812", "http_status": 200, "body": {"accepted": true, "real_timestamp_ms": 1789233137483, "virtual_time_s": 5562.493556, "clear_result": "success"}}
2026-09-13 01:12:22,763 INFO request {"path": "/clear", "payload": {"arena_id": "default", "robot_id": "202601002029", "request_id": "720f6819963d4ecf9c3d981b4a4fe411", "position": {"x": -848.214798178159, "y": 1523.654581062101}, "channel": 5}, "attempt": 1}
2026-09-13 01:12:22,764 INFO response {"request_id": "720f6819963d4ecf9c3d981b4a4fe411", "http_status": 200, "body": {"accepted": true, "real_timestamp_ms": 1789233139723, "virtual_time_s": 5808.595192, "clear_result": "success"}}
2026-09-13 01:12:25,038 INFO request {"path": "/clear", "payload": {"arena_id": "default", "robot_id": "202601002029", "request_id": "a67d5aca8eb54b6dbbd5bd6ac513f015", "position": {"x": 1111.4481890372792, "y": 861.2938404421373}, "channel": 11}, "attempt": 1}
2026-09-13 01:12:25,040 INFO response {"request_id": "a67d5aca8eb54b6dbbd5bd6ac513f015", "http_status": 200, "body": {"accepted": true, "real_timestamp_ms": 1789233141998, "virtual_time_s": 6227.310107, "clear_result": "success"}}
2026-09-13 01:12:25,070 INFO request {"path": "/clear", "payload": {"arena_id": "default", "robot_id": "202601002029", "request_id": "e57f1445b8b34bbf800cba97d30f4b8d", "position": {"x": 684.458676736903, "y": 341.8201149177074}, "channel": 17}, "attempt": 1}
2026-09-13 01:12:25,071 INFO response {"request_id": "e57f1445b8b34bbf800cba97d30f4b8d", "http_status": 200, "body": {"accepted": true, "real_timestamp_ms": 1789233142030, "virtual_time_s": 6366.797727, "clear_result": "success"}}
2026-09-13 01:12:25,101 INFO request {"path": "/clear", "payload": {"arena_id": "default", "robot_id": "202601002029", "request_id": "d55a05d1d5504123b6c70b8770af2985", "position": {"x": 1128.2408188599638, "y": 618.3580892713552}, "channel": 9}, "attempt": 1}
2026-09-13 01:12:25,103 INFO response {"request_id": "d55a05d1d5504123b6c70b8770af2985", "http_status": 200, "body": {"accepted": true, "real_timestamp_ms": 1789233142061, "virtual_time_s": 6476.376088, "clear_result": "success"}}
2026-09-13 01:12:28,890 INFO request {"path": "/measure", "payload": {"arena_id": "default", "robot_id": "202601002029", "request_id": "c8918c40aacb43b889ad6c4db4aefe40", "position": {"x": 847.5020008601241, "y": 661.3275922767788}, "channel": 13}, "attempt": 1}
2026-09-13 01:12:28,892 INFO response {"request_id": "c8918c40aacb43b889ad6c4db4aefe40", "http_status": 200, "body": {"accepted": true, "real_timestamp_ms": 1789233145851, "virtual_time_s": 6539.17773, "measure_result": "no_signal"}}
2026-09-13 01:12:29,708 INFO request {"path": "/measure", "payload": {"arena_id": "default", "robot_id": "202601002029", "request_id": "886b05e055e84a129dfa24c814990411", "position": {"x": 889.9439472305944, "y": 1062.684512915157}, "channel": 13}, "attempt": 1}
2026-09-13 01:12:29,709 INFO response {"request_id": "886b05e055e84a129dfa24c814990411", "http_status": 200, "body": {"accepted": true, "real_timestamp_ms": 1789233146668, "virtual_time_s": 6624.896674, "measure_result": "no_signal"}}
2026-09-13 01:12:31,978 INFO request {"path": "/measure", "payload": {"arena_id": "default", "robot_id": "202601002029", "request_id": "5bc3288f0c9446549900fc181b76f1e8", "position": {"x": 790.0927711109669, "y": 1168.8473038003801}, "channel": 13}, "attempt": 1}
2026-09-13 01:12:31,994 INFO response {"request_id": "5bc3288f0c9446549900fc181b76f1e8", "http_status": 200, "body": {"accepted": true, "real_timestamp_ms": 1789233148953, "virtual_time_s": 6659.045119, "measure_result": "no_signal"}}
2026-09-13 01:12:32,830 INFO request {"path": "/measure", "payload": {"arena_id": "default", "robot_id": "202601002029", "request_id": "59d62fc39fc7444691fa8c586a205554", "position": {"x": 821.7683865206935, "y": 1268.106516126998}, "channel": 13}, "attempt": 1}
2026-09-13 01:12:32,832 INFO response {"request_id": "59d62fc39fc7444691fa8c586a205554", "http_status": 200, "body": {"accepted": true, "real_timestamp_ms": 1789233149790, "virtual_time_s": 6684.883292, "measure_result": "no_signal"}}
2026-09-13 01:12:32,854 INFO request {"path": "/measure", "payload": {"arena_id": "default", "robot_id": "202601002029", "request_id": "dc46b175910b469c82dea611cb142f32", "position": {"x": 750.0, "y": 1299.0381056766578}, "channel": 13}, "attempt": 1}
2026-09-13 01:12:32,855 INFO response {"request_id": "dc46b175910b469c82dea611cb142f32", "http_status": 200, "body": {"accepted": true, "real_timestamp_ms": 1789233149814, "virtual_time_s": 6705.513346, "measure_result": "no_signal"}}
2026-09-13 01:12:32,886 INFO request {"path": "/measure", "payload": {"arena_id": "default", "robot_id": "202601002029", "request_id": "34e63399fde047a1ac4c23647be9bec8", "position": {"x": 1250.0, "y": 1299.0381056766578}, "channel": 13}, "attempt": 1}
2026-09-13 01:12:32,888 INFO response {"request_id": "34e63399fde047a1ac4c23647be9bec8", "http_status": 200, "body": {"accepted": true, "real_timestamp_ms": 1789233149846, "virtual_time_s": 6810.513346, "measure_result": "direction", "svd_deg": 157.47}}
2026-09-13 01:12:35,872 INFO request {"path": "/measure", "payload": {"arena_id": "default", "robot_id": "202601002029", "request_id": "bcc367ac18fc475bbfa6ebff3c8db7fb", "position": {"x": 1128.3308106515183, "y": 1457.7725013295321}, "channel": 13}, "attempt": 1}
2026-09-13 01:12:35,874 INFO response {"request_id": "bcc367ac18fc475bbfa6ebff3c8db7fb", "http_status": 200, "body": {"accepted": true, "real_timestamp_ms": 1789233152832, "virtual_time_s": 6855.513346, "measure_result": "direction", "svd_deg": 209.32}}
2026-09-13 01:12:35,907 INFO request {"path": "/clear", "payload": {"arena_id": "default", "robot_id": "202601002029", "request_id": "1cefb2065e674049a7b668c64b493a73", "position": {"x": 1017.1860661250415, "y": 1395.4969071163837}, "channel": 13}, "attempt": 1}
2026-09-13 01:12:35,909 INFO response {"request_id": "1cefb2065e674049a7b668c64b493a73", "http_status": 200, "body": {"accepted": true, "real_timestamp_ms": 1789233152868, "virtual_time_s": 6885.993851, "clear_result": "success"}}
2026-09-13 01:12:35,925 INFO request {"path": "/clear", "payload": {"arena_id": "default", "robot_id": "202601002029", "request_id": "ed7c2fa972ec403f99e9b9be1a0b0a72", "position": {"x": 323.85579892949113, "y": -1633.064725041521}, "channel": 18}, "attempt": 1}
2026-09-13 01:12:35,927 INFO response {"request_id": "ed7c2fa972ec403f99e9b9be1a0b0a72", "http_status": 200, "body": {"accepted": true, "real_timestamp_ms": 1789233152885, "virtual_time_s": 7512.375937, "clear_result": "success"}}
2026-09-13 01:12:35,942 INFO request {"path": "/clear", "payload": {"arena_id": "default", "robot_id": "202601002029", "request_id": "421c173b71984ca1a18ea549ce3f1e54", "position": {"x": -821.7181981107216, "y": -1557.984385840159}, "channel": 4}, "attempt": 1}
2026-09-13 01:12:35,959 INFO response {"request_id": "421c173b71984ca1a18ea549ce3f1e54", "http_status": 200, "body": {"accepted": true, "real_timestamp_ms": 1789233152917, "virtual_time_s": 7746.982282, "clear_result": "success"}}
2026-09-13 01:12:37,373 INFO request {"path": "/measure", "payload": {"arena_id": "default", "robot_id": "202601002029", "request_id": "fde72184dbe945ae9a6cc5894c6b381d", "position": {"x": -701.1178258065016, "y": -1420.6706874688402}, "channel": 6}, "attempt": 1}
2026-09-13 01:12:37,384 INFO response {"request_id": "fde72184dbe945ae9a6cc5894c6b381d", "http_status": 200, "body": {"accepted": true, "real_timestamp_ms": 1789233154343, "virtual_time_s": 7789.533343, "measure_result": "direction", "svd_deg": 275.49}}
2026-09-13 01:12:37,402 INFO request {"path": "/clear", "payload": {"arena_id": "default", "robot_id": "202601002029", "request_id": "fcc5720d448745e583c5ad36a56261e0", "position": {"x": -690.0608593453774, "y": -1538.5654677605858}, "channel": 6}, "attempt": 1}
2026-09-13 01:12:37,404 INFO response {"request_id": "fcc5720d448745e583c5ad36a56261e0", "http_status": 200, "body": {"accepted": true, "real_timestamp_ms": 1789233154363, "virtual_time_s": 7818.215772, "clear_result": "success"}}
2026-09-13 01:12:37,435 INFO request {"path": "/exit", "payload": {"arena_id": "default", "robot_id": "202601002029", "request_id": "62c52471d81a4adbbb7d1c729e22bb6f"}, "attempt": 1}
2026-09-13 01:12:37,438 INFO response {"request_id": "62c52471d81a4adbbb7d1c729e22bb6f", "http_status": 200, "body": {"accepted": true, "real_timestamp_ms": 1789233154396, "virtual_time_s": 7818.215772, "exit_reason": "user_exit"}}
