2026-09-12 20:28:36,965 INFO request {"path": "/enter", "payload": {"arena_id": "default", "robot_id": "202601002029", "request_id": "f67f5673d958466894a3233531ff8c0b"}, "attempt": 1}
2026-09-12 20:28:36,969 INFO response {"request_id": "f67f5673d958466894a3233531ff8c0b", "http_status": 200, "body": {"accepted": true, "real_timestamp_ms": 1789216113781, "virtual_time_s": 0, "max_virtual_duration_s": 360000, "max_real_duration_s": 1200, "remaining_real_duration_s": 1200}}
2026-09-12 20:28:37,000 INFO request {"path": "/measure", "payload": {"arena_id": "default", "robot_id": "202601002029", "request_id": "47ba599b42694789a696d6106a05a42b", "position": {"x": 0.0, "y": 0.0}, "channel": 1}, "attempt": 1}
2026-09-12 20:28:37,014 INFO response {"request_id": "47ba599b42694789a696d6106a05a42b", "http_status": 200, "body": {"accepted": true, "real_timestamp_ms": 1789216113826, "virtual_time_s": 5, "measure_result": "no_signal"}}
2026-09-12 20:28:37,029 INFO request {"path": "/measure", "payload": {"arena_id": "default", "robot_id": "202601002029", "request_id": "245bb296610d44ab9a8d5aed0e4eb622", "position": {"x": 0.0, "y": 0.0}, "channel": 2}, "attempt": 1}
2026-09-12 20:28:37,030 INFO response {"request_id": "245bb296610d44ab9a8d5aed0e4eb622", "http_status": 200, "body": {"accepted": true, "real_timestamp_ms": 1789216113842, "virtual_time_s": 11, "measure_result": "no_signal"}}
2026-09-12 20:28:37,061 INFO request {"path": "/measure", "payload": {"arena_id": "default", "robot_id": "202601002029", "request_id": "1ed608d0607b43429ef18e59c213e07d", "position": {"x": 0.0, "y": 0.0}, "channel": 3}, "attempt": 1}
2026-09-12 20:28:37,072 INFO response {"request_id": "1ed608d0607b43429ef18e59c213e07d", "http_status": 200, "body": {"accepted": true, "real_timestamp_ms": 1789216113884, "virtual_time_s": 17, "measure_result": "no_signal"}}
2026-09-12 20:28:37,088 INFO request {"path": "/measure", "payload": {"arena_id": "default", "robot_id": "202601002029", "request_id": "f29a5b67f9ac426ab1be76f204d33c02", "position": {"x": 0.0, "y": 0.0}, "channel": 4}, "attempt": 1}
2026-09-12 20:28:37,102 INFO response {"request_id": "f29a5b67f9ac426ab1be76f204d33c02", "http_status": 200, "body": {"accepted": true, "real_timestamp_ms": 1789216113914, "virtual_time_s": 23, "measure_result": "direction", "svd_deg": 67.64}}
2026-09-12 20:28:37,114 INFO request {"path": "/measure", "payload": {"arena_id": "default", "robot_id": "202601002029", "request_id": "84db8336eabe469abef1ff8951aa79f5", "position": {"x": 0.0, "y": 0.0}, "channel": 5}, "attempt": 1}
2026-09-12 20:28:37,116 INFO response {"request_id": "84db8336eabe469abef1ff8951aa79f5", "http_status": 200, "body": {"accepted": true, "real_timestamp_ms": 1789216113928, "virtual_time_s": 29, "measure_result": "no_signal"}}
2026-09-12 20:28:37,147 INFO request {"path": "/measure", "payload": {"arena_id": "default", "robot_id": "202601002029", "request_id": "4a3f500e6f5e4f909a4438c5b8f761fd", "position": {"x": 0.0, "y": 0.0}, "channel": 6}, "attempt": 1}
2026-09-12 20:28:37,149 INFO response {"request_id": "4a3f500e6f5e4f909a4438c5b8f761fd", "http_status": 200, "body": {"accepted": true, "real_timestamp_ms": 1789216113961, "virtual_time_s": 35, "measure_result": "direction", "svd_deg": 295.65}}
2026-09-12 20:28:37,182 INFO request {"path": "/measure", "payload": {"arena_id": "default", "robot_id": "202601002029", "request_id": "035a02ad764d4f1e9a43b51124587282", "position": {"x": 0.0, "y": 0.0}, "channel": 7}, "attempt": 1}
2026-09-12 20:28:37,201 INFO response {"request_id": "035a02ad764d4f1e9a43b51124587282", "http_status": 200, "body": {"accepted": true, "real_timestamp_ms": 1789216114013, "virtual_time_s": 41, "measure_result": "no_signal"}}
2026-09-12 20:28:37,217 INFO request {"path": "/measure", "payload": {"arena_id": "default", "robot_id": "202601002029", "request_id": "3ef08f3618c44a899b17d8a3d4ad1ce4", "position": {"x": 0.0, "y": 0.0}, "channel": 8}, "attempt": 1}
2026-09-12 20:28:37,232 INFO response {"request_id": "3ef08f3618c44a899b17d8a3d4ad1ce4", "http_status": 200, "body": {"accepted": true, "real_timestamp_ms": 1789216114044, "virtual_time_s": 47, "measure_result": "no_signal"}}
2026-09-12 20:28:37,248 INFO request {"path": "/measure", "payload": {"arena_id": "default", "robot_id": "202601002029", "request_id": "02784d18be5b44f7aa2bae2ef8a874d4", "position": {"x": 0.0, "y": 0.0}, "channel": 9}, "attempt": 1}
2026-09-12 20:28:37,251 INFO response {"request_id": "02784d18be5b44f7aa2bae2ef8a874d4", "http_status": 200, "body": {"accepted": true, "real_timestamp_ms": 1789216114063, "virtual_time_s": 53, "measure_result": "no_signal"}}
2026-09-12 20:28:37,282 INFO request {"path": "/measure", "payload": {"arena_id": "default", "robot_id": "202601002029", "request_id": "bdeca2aa57044a9ca3980858233d477a", "position": {"x": 0.0, "y": 0.0}, "channel": 10}, "attempt": 1}
2026-09-12 20:28:37,299 INFO response {"request_id": "bdeca2aa57044a9ca3980858233d477a", "http_status": 200, "body": {"accepted": true, "real_timestamp_ms": 1789216114110, "virtual_time_s": 59, "measure_result": "direction", "svd_deg": 225.55}}
2026-09-12 20:28:37,306 INFO request {"path": "/measure", "payload": {"arena_id": "default", "robot_id": "202601002029", "request_id": "be257734d4b84da7ad694843a9e35491", "position": {"x": 0.0, "y": 0.0}, "channel": 11}, "attempt": 1}
2026-09-12 20:28:37,309 INFO response {"request_id": "be257734d4b84da7ad694843a9e35491", "http_status": 200, "body": {"accepted": true, "real_timestamp_ms": 1789216114121, "virtual_time_s": 65, "measure_result": "no_signal"}}
2026-09-12 20:28:37,340 INFO request {"path": "/measure", "payload": {"arena_id": "default", "robot_id": "202601002029", "request_id": "f259a74e54004bc8a48ac61497f00310", "position": {"x": 0.0, "y": 0.0}, "channel": 12}, "attempt": 1}
2026-09-12 20:28:37,342 INFO response {"request_id": "f259a74e54004bc8a48ac61497f00310", "http_status": 200, "body": {"accepted": true, "real_timestamp_ms": 1789216114153, "virtual_time_s": 71, "measure_result": "no_signal"}}
2026-09-12 20:28:37,374 INFO request {"path": "/measure", "payload": {"arena_id": "default", "robot_id": "202601002029", "request_id": "f50ec3f39d854980b69cd42452e2fcb8", "position": {"x": 0.0, "y": 0.0}, "channel": 13}, "attempt": 1}
2026-09-12 20:28:37,376 INFO response {"request_id": "f50ec3f39d854980b69cd42452e2fcb8", "http_status": 200, "body": {"accepted": true, "real_timestamp_ms": 1789216114188, "virtual_time_s": 77, "measure_result": "no_signal"}}
2026-09-12 20:28:37,408 INFO request {"path": "/measure", "payload": {"arena_id": "default", "robot_id": "202601002029", "request_id": "f64bb1f5c92e4088b2ac173c0955d204", "position": {"x": 0.0, "y": 0.0}, "channel": 14}, "attempt": 1}
2026-09-12 20:28:37,427 INFO response {"request_id": "f64bb1f5c92e4088b2ac173c0955d204", "http_status": 200, "body": {"accepted": true, "real_timestamp_ms": 1789216114239, "virtual_time_s": 83, "measure_result": "no_signal"}}
2026-09-12 20:28:37,427 INFO request {"path": "/measure", "payload": {"arena_id": "default", "robot_id": "202601002029", "request_id": "f41e561a0f2a48d99b6734925dbff27d", "position": {"x": 0.0, "y": 0.0}, "channel": 15}, "attempt": 1}
2026-09-12 20:28:37,429 INFO response {"request_id": "f41e561a0f2a48d99b6734925dbff27d", "http_status": 200, "body": {"accepted": true, "real_timestamp_ms": 1789216114241, "virtual_time_s": 89, "measure_result": "no_signal"}}
2026-09-12 20:28:37,460 INFO request {"path": "/measure", "payload": {"arena_id": "default", "robot_id": "202601002029", "request_id": "c3bb9ebd6bfa435e92d7c77fd5b38811", "position": {"x": 0.0, "y": 0.0}, "channel": 16}, "attempt": 1}
2026-09-12 20:28:37,463 INFO response {"request_id": "c3bb9ebd6bfa435e92d7c77fd5b38811", "http_status": 200, "body": {"accepted": true, "real_timestamp_ms": 1789216114274, "virtual_time_s": 95, "measure_result": "no_signal"}}
2026-09-12 20:28:37,494 INFO request {"path": "/measure", "payload": {"arena_id": "default", "robot_id": "202601002029", "request_id": "a83bd7eae53d41968738ab51472e7176", "position": {"x": 0.0, "y": 0.0}, "channel": 17}, "attempt": 1}
2026-09-12 20:28:37,516 INFO response {"request_id": "a83bd7eae53d41968738ab51472e7176", "http_status": 200, "body": {"accepted": true, "real_timestamp_ms": 1789216114328, "virtual_time_s": 101, "measure_result": "direction", "svd_deg": 36.45}}
2026-09-12 20:28:37,520 INFO request {"path": "/measure", "payload": {"arena_id": "default", "robot_id": "202601002029", "request_id": "7b8a4c4a20ca4b08bd432e67b407aad6", "position": {"x": 0.0, "y": 0.0}, "channel": 18}, "attempt": 1}
2026-09-12 20:28:37,534 INFO response {"request_id": "7b8a4c4a20ca4b08bd432e67b407aad6", "http_status": 200, "body": {"accepted": true, "real_timestamp_ms": 1789216114347, "virtual_time_s": 107, "measure_result": "no_signal"}}
2026-09-12 20:28:37,550 INFO request {"path": "/measure", "payload": {"arena_id": "default", "robot_id": "202601002029", "request_id": "90d11d3b74364cf5b2a79f490c2328d5", "position": {"x": 0.0, "y": 0.0}, "channel": 19}, "attempt": 1}
2026-09-12 20:28:37,551 INFO response {"request_id": "90d11d3b74364cf5b2a79f490c2328d5", "http_status": 200, "body": {"accepted": true, "real_timestamp_ms": 1789216114362, "virtual_time_s": 113, "measure_result": "direction", "svd_deg": 175.39}}
2026-09-12 20:28:37,568 INFO request {"path": "/measure", "payload": {"arena_id": "default", "robot_id": "202601002029", "request_id": "1c615666b5ce46b7bf6f0d94150cf0f3", "position": {"x": 0.0, "y": 0.0}, "channel": 20}, "attempt": 1}
2026-09-12 20:28:37,569 INFO response {"request_id": "1c615666b5ce46b7bf6f0d94150cf0f3", "http_status": 200, "body": {"accepted": true, "real_timestamp_ms": 1789216114381, "virtual_time_s": 119, "measure_result": "no_signal"}}
2026-09-12 20:28:37,601 INFO request {"path": "/measure", "payload": {"arena_id": "default", "robot_id": "202601002029", "request_id": "4cb32084330142ba857bb7ba5df7ff7f", "position": {"x": -450.0, "y": -779.4228634059947}, "channel": 20}, "attempt": 1}
2026-09-12 20:28:37,603 INFO response {"request_id": "4cb32084330142ba857bb7ba5df7ff7f", "http_status": 200, "body": {"accepted": true, "real_timestamp_ms": 1789216114415, "virtual_time_s": 304, "measure_result": "no_signal"}}
2026-09-12 20:28:37,634 INFO request {"path": "/measure", "payload": {"arena_id": "default", "robot_id": "202601002029", "request_id": "3308b8f593db4ffc94224fa3e3d1b854", "position": {"x": -450.0, "y": -779.4228634059947}, "channel": 1}, "attempt": 1}
2026-09-12 20:28:37,654 INFO response {"request_id": "3308b8f593db4ffc94224fa3e3d1b854", "http_status": 200, "body": {"accepted": true, "real_timestamp_ms": 1789216114465, "virtual_time_s": 310, "measure_result": "no_signal"}}
2026-09-12 20:28:37,670 INFO request {"path": "/measure", "payload": {"arena_id": "default", "robot_id": "202601002029", "request_id": "1a1e5b2e10ee47bea4a070287e89bfa4", "position": {"x": -450.0, "y": -779.4228634059947}, "channel": 2}, "attempt": 1}
2026-09-12 20:28:37,683 INFO response {"request_id": "1a1e5b2e10ee47bea4a070287e89bfa4", "http_status": 200, "body": {"accepted": true, "real_timestamp_ms": 1789216114495, "virtual_time_s": 316, "measure_result": "no_signal"}}
2026-09-12 20:28:37,698 INFO request {"path": "/measure", "payload": {"arena_id": "default", "robot_id": "202601002029", "request_id": "8bc368b8a0b747d391d746a7ee06698f", "position": {"x": -450.0, "y": -779.4228634059947}, "channel": 3}, "attempt": 1}
2026-09-12 20:28:37,713 INFO response {"request_id": "8bc368b8a0b747d391d746a7ee06698f", "http_status": 200, "body": {"accepted": true, "real_timestamp_ms": 1789216114524, "virtual_time_s": 322, "measure_result": "no_signal"}}
2026-09-12 20:28:37,728 INFO request {"path": "/measure", "payload": {"arena_id": "default", "robot_id": "202601002029", "request_id": "f093984dbe0d4313b31a2cba9cb6ee67", "position": {"x": -450.0, "y": -779.4228634059947}, "channel": 5}, "attempt": 1}
2026-09-12 20:28:37,730 INFO response {"request_id": "f093984dbe0d4313b31a2cba9cb6ee67", "http_status": 200, "body": {"accepted": true, "real_timestamp_ms": 1789216114542, "virtual_time_s": 328, "measure_result": "no_signal"}}
2026-09-12 20:28:37,761 INFO request {"path": "/measure", "payload": {"arena_id": "default", "robot_id": "202601002029", "request_id": "b6f582d7029645d698ab390230e04e82", "position": {"x": -450.0, "y": -779.4228634059947}, "channel": 7}, "attempt": 1}
2026-09-12 20:28:37,763 INFO response {"request_id": "b6f582d7029645d698ab390230e04e82", "http_status": 200, "body": {"accepted": true, "real_timestamp_ms": 1789216114574, "virtual_time_s": 334, "measure_result": "no_signal"}}
2026-09-12 20:28:37,794 INFO request {"path": "/measure", "payload": {"arena_id": "default", "robot_id": "202601002029", "request_id": "4304c5e701b74fe680c75ab85ed25c8a", "position": {"x": -450.0, "y": -779.4228634059947}, "channel": 8}, "attempt": 1}
2026-09-12 20:28:37,795 INFO response {"request_id": "4304c5e701b74fe680c75ab85ed25c8a", "http_status": 200, "body": {"accepted": true, "real_timestamp_ms": 1789216114607, "virtual_time_s": 340, "measure_result": "no_signal"}}
2026-09-12 20:28:37,826 INFO request {"path": "/measure", "payload": {"arena_id": "default", "robot_id": "202601002029", "request_id": "f89823a4ef714a7aa628efba7e2f7107", "position": {"x": -450.0, "y": -779.4228634059947}, "channel": 9}, "attempt": 1}
2026-09-12 20:28:37,829 INFO response {"request_id": "f89823a4ef714a7aa628efba7e2f7107", "http_status": 200, "body": {"accepted": true, "real_timestamp_ms": 1789216114640, "virtual_time_s": 346, "measure_result": "no_signal"}}
2026-09-12 20:28:37,860 INFO request {"path": "/measure", "payload": {"arena_id": "default", "robot_id": "202601002029", "request_id": "07bea540b5074243a974f6584e9c1b20", "position": {"x": -450.0, "y": -779.4228634059947}, "channel": 11}, "attempt": 1}
2026-09-12 20:28:37,872 INFO response {"request_id": "07bea540b5074243a974f6584e9c1b20", "http_status": 200, "body": {"accepted": true, "real_timestamp_ms": 1789216114684, "virtual_time_s": 352, "measure_result": "no_signal"}}
2026-09-12 20:28:37,888 INFO request {"path": "/measure", "payload": {"arena_id": "default", "robot_id": "202601002029", "request_id": "696aa45e734445bbad36ff896186ebbe", "position": {"x": -450.0, "y": -779.4228634059947}, "channel": 12}, "attempt": 1}
2026-09-12 20:28:37,889 INFO response {"request_id": "696aa45e734445bbad36ff896186ebbe", "http_status": 200, "body": {"accepted": true, "real_timestamp_ms": 1789216114701, "virtual_time_s": 358, "measure_result": "no_signal"}}
2026-09-12 20:28:37,920 INFO request {"path": "/measure", "payload": {"arena_id": "default", "robot_id": "202601002029", "request_id": "a4c347d8ab49418ab8f3334c4b65aad0", "position": {"x": -450.0, "y": -779.4228634059947}, "channel": 13}, "attempt": 1}
2026-09-12 20:28:37,923 INFO response {"request_id": "a4c347d8ab49418ab8f3334c4b65aad0", "http_status": 200, "body": {"accepted": true, "real_timestamp_ms": 1789216114734, "virtual_time_s": 364, "measure_result": "no_signal"}}
2026-09-12 20:28:37,954 INFO request {"path": "/measure", "payload": {"arena_id": "default", "robot_id": "202601002029", "request_id": "14650457d27447618fd222047823c949", "position": {"x": -450.0, "y": -779.4228634059947}, "channel": 14}, "attempt": 1}
2026-09-12 20:28:37,971 INFO response {"request_id": "14650457d27447618fd222047823c949", "http_status": 200, "body": {"accepted": true, "real_timestamp_ms": 1789216114782, "virtual_time_s": 370, "measure_result": "no_signal"}}
2026-09-12 20:28:37,986 INFO request {"path": "/measure", "payload": {"arena_id": "default", "robot_id": "202601002029", "request_id": "2db9c3b5cf8342ca8388a519dcb09ed8", "position": {"x": -450.0, "y": -779.4228634059947}, "channel": 15}, "attempt": 1}
2026-09-12 20:28:37,988 INFO response {"request_id": "2db9c3b5cf8342ca8388a519dcb09ed8", "http_status": 200, "body": {"accepted": true, "real_timestamp_ms": 1789216114799, "virtual_time_s": 376, "measure_result": "no_signal"}}
2026-09-12 20:28:38,002 INFO request {"path": "/measure", "payload": {"arena_id": "default", "robot_id": "202601002029", "request_id": "273b057e3fc449c594db633c5f8e49d6", "position": {"x": -450.0, "y": -779.4228634059947}, "channel": 16}, "attempt": 1}
2026-09-12 20:28:38,003 INFO response {"request_id": "273b057e3fc449c594db633c5f8e49d6", "http_status": 200, "body": {"accepted": true, "real_timestamp_ms": 1789216114815, "virtual_time_s": 382, "measure_result": "no_signal"}}
2026-09-12 20:28:38,018 INFO request {"path": "/measure", "payload": {"arena_id": "default", "robot_id": "202601002029", "request_id": "bc59a79772864b3fa5075786a8f4b56d", "position": {"x": -450.0, "y": -779.4228634059947}, "channel": 18}, "attempt": 1}
2026-09-12 20:28:38,029 INFO response {"request_id": "bc59a79772864b3fa5075786a8f4b56d", "http_status": 200, "body": {"accepted": true, "real_timestamp_ms": 1789216114841, "virtual_time_s": 388, "measure_result": "no_signal"}}
2026-09-12 20:28:38,078 INFO request {"path": "/measure", "payload": {"arena_id": "default", "robot_id": "202601002029", "request_id": "ad3d4a1adf1f42ecb734249bef97cfd7", "position": {"x": -450.0, "y": -779.4228634059947}, "channel": 19}, "attempt": 1}
2026-09-12 20:28:38,098 INFO response {"request_id": "ad3d4a1adf1f42ecb734249bef97cfd7", "http_status": 200, "body": {"accepted": true, "real_timestamp_ms": 1789216114909, "virtual_time_s": 394, "measure_result": "direction", "svd_deg": 87.53}}
2026-09-12 20:28:38,101 INFO request {"path": "/measure", "payload": {"arena_id": "default", "robot_id": "202601002029", "request_id": "f3846d173437447caf77bc0aaceb9e26", "position": {"x": -450.0, "y": -779.4228634059947}, "channel": 10}, "attempt": 1}
2026-09-12 20:28:38,117 INFO response {"request_id": "f3846d173437447caf77bc0aaceb9e26", "http_status": 200, "body": {"accepted": true, "real_timestamp_ms": 1789216114929, "virtual_time_s": 400, "measure_result": "direction", "svd_deg": 62.77}}
2026-09-12 20:28:38,134 INFO request {"path": "/measure", "payload": {"arena_id": "default", "robot_id": "202601002029", "request_id": "2ec20b863e014a43baf56ee64a68bcc6", "position": {"x": 0.0, "y": -1558.8457268119894}, "channel": 1}, "attempt": 1}
2026-09-12 20:28:38,135 INFO response {"request_id": "2ec20b863e014a43baf56ee64a68bcc6", "http_status": 200, "body": {"accepted": true, "real_timestamp_ms": 1789216114947, "virtual_time_s": 586, "measure_result": "no_signal"}}
2026-09-12 20:28:38,166 INFO request {"path": "/measure", "payload": {"arena_id": "default", "robot_id": "202601002029", "request_id": "36d053fee91b43d2981c811e60029068", "position": {"x": 0.0, "y": -1558.8457268119894}, "channel": 2}, "attempt": 1}
2026-09-12 20:28:38,167 INFO response {"request_id": "36d053fee91b43d2981c811e60029068", "http_status": 200, "body": {"accepted": true, "real_timestamp_ms": 1789216114979, "virtual_time_s": 592, "measure_result": "no_signal"}}
2026-09-12 20:28:38,198 INFO request {"path": "/measure", "payload": {"arena_id": "default", "robot_id": "202601002029", "request_id": "6193c1b4ba3f4cb2a9f71c633e05833a", "position": {"x": 0.0, "y": -1558.8457268119894}, "channel": 3}, "attempt": 1}
2026-09-12 20:28:38,199 INFO response {"request_id": "6193c1b4ba3f4cb2a9f71c633e05833a", "http_status": 200, "body": {"accepted": true, "real_timestamp_ms": 1789216115011, "virtual_time_s": 598, "measure_result": "no_signal"}}
2026-09-12 20:28:38,230 INFO request {"path": "/measure", "payload": {"arena_id": "default", "robot_id": "202601002029", "request_id": "87f72738867e48f3a2c28e6a043e9e15", "position": {"x": 0.0, "y": -1558.8457268119894}, "channel": 5}, "attempt": 1}
2026-09-12 20:28:38,231 INFO response {"request_id": "87f72738867e48f3a2c28e6a043e9e15", "http_status": 200, "body": {"accepted": true, "real_timestamp_ms": 1789216115043, "virtual_time_s": 604, "measure_result": "no_signal"}}
2026-09-12 20:28:38,262 INFO request {"path": "/measure", "payload": {"arena_id": "default", "robot_id": "202601002029", "request_id": "1b98c7a57e5b4fb4940750a147c36bc9", "position": {"x": 0.0, "y": -1558.8457268119894}, "channel": 7}, "attempt": 1}
2026-09-12 20:28:38,262 INFO response {"request_id": "1b98c7a57e5b4fb4940750a147c36bc9", "http_status": 200, "body": {"accepted": true, "real_timestamp_ms": 1789216115075, "virtual_time_s": 610, "measure_result": "no_signal"}}
2026-09-12 20:28:38,293 INFO request {"path": "/measure", "payload": {"arena_id": "default", "robot_id": "202601002029", "request_id": "a1141c0f40a540018498ecb4669052a9", "position": {"x": 0.0, "y": -1558.8457268119894}, "channel": 8}, "attempt": 1}
2026-09-12 20:28:38,294 INFO response {"request_id": "a1141c0f40a540018498ecb4669052a9", "http_status": 200, "body": {"accepted": true, "real_timestamp_ms": 1789216115106, "virtual_time_s": 616, "measure_result": "no_signal"}}
2026-09-12 20:28:38,325 INFO request {"path": "/measure", "payload": {"arena_id": "default", "robot_id": "202601002029", "request_id": "1d78ab8e5fcf40b2b34b7ab435767e89", "position": {"x": 0.0, "y": -1558.8457268119894}, "channel": 9}, "attempt": 1}
2026-09-12 20:28:38,342 INFO response {"request_id": "1d78ab8e5fcf40b2b34b7ab435767e89", "http_status": 200, "body": {"accepted": true, "real_timestamp_ms": 1789216115155, "virtual_time_s": 622, "measure_result": "no_signal"}}
2026-09-12 20:28:38,357 INFO request {"path": "/measure", "payload": {"arena_id": "default", "robot_id": "202601002029", "request_id": "27fed6339d9c426f93ce604a33af9085", "position": {"x": 0.0, "y": -1558.8457268119894}, "channel": 11}, "attempt": 1}
2026-09-12 20:28:38,358 INFO response {"request_id": "27fed6339d9c426f93ce604a33af9085", "http_status": 200, "body": {"accepted": true, "real_timestamp_ms": 1789216115170, "virtual_time_s": 628, "measure_result": "no_signal"}}
2026-09-12 20:28:38,390 INFO request {"path": "/measure", "payload": {"arena_id": "default", "robot_id": "202601002029", "request_id": "f49e8c5234214f039e2551b3fe17c879", "position": {"x": 0.0, "y": -1558.8457268119894}, "channel": 12}, "attempt": 1}
2026-09-12 20:28:38,392 INFO response {"request_id": "f49e8c5234214f039e2551b3fe17c879", "http_status": 200, "body": {"accepted": true, "real_timestamp_ms": 1789216115204, "virtual_time_s": 634, "measure_result": "no_signal"}}
2026-09-12 20:28:38,423 INFO request {"path": "/measure", "payload": {"arena_id": "default", "robot_id": "202601002029", "request_id": "02167a042e324556a406a33fd042ef95", "position": {"x": 0.0, "y": -1558.8457268119894}, "channel": 13}, "attempt": 1}
2026-09-12 20:28:38,441 INFO response {"request_id": "02167a042e324556a406a33fd042ef95", "http_status": 200, "body": {"accepted": true, "real_timestamp_ms": 1789216115253, "virtual_time_s": 640, "measure_result": "no_signal"}}
2026-09-12 20:28:38,442 INFO request {"path": "/measure", "payload": {"arena_id": "default", "robot_id": "202601002029", "request_id": "fdc7ff29d3c64fe8aa55dbfff7c1cf92", "position": {"x": 0.0, "y": -1558.8457268119894}, "channel": 14}, "attempt": 1}
2026-09-12 20:28:38,443 INFO response {"request_id": "fdc7ff29d3c64fe8aa55dbfff7c1cf92", "http_status": 200, "body": {"accepted": true, "real_timestamp_ms": 1789216115255, "virtual_time_s": 646, "measure_result": "no_signal"}}
2026-09-12 20:28:38,474 INFO request {"path": "/measure", "payload": {"arena_id": "default", "robot_id": "202601002029", "request_id": "76b07a3542374c5d9d2e64779d363214", "position": {"x": 0.0, "y": -1558.8457268119894}, "channel": 15}, "attempt": 1}
2026-09-12 20:28:38,491 INFO response {"request_id": "76b07a3542374c5d9d2e64779d363214", "http_status": 200, "body": {"accepted": true, "real_timestamp_ms": 1789216115303, "virtual_time_s": 652, "measure_result": "no_signal"}}
2026-09-12 20:28:38,506 INFO request {"path": "/measure", "payload": {"arena_id": "default", "robot_id": "202601002029", "request_id": "6d112bcebf4441588aca6488be39dcbe", "position": {"x": 0.0, "y": -1558.8457268119894}, "channel": 16}, "attempt": 1}
2026-09-12 20:28:38,522 INFO response {"request_id": "6d112bcebf4441588aca6488be39dcbe", "http_status": 200, "body": {"accepted": true, "real_timestamp_ms": 1789216115333, "virtual_time_s": 658, "measure_result": "direction", "svd_deg": 14.15}}
2026-09-12 20:28:38,540 INFO request {"path": "/measure", "payload": {"arena_id": "default", "robot_id": "202601002029", "request_id": "a4763a4c59c7408d9c3b8732c9e4ca70", "position": {"x": 0.0, "y": -1558.8457268119894}, "channel": 18}, "attempt": 1}
2026-09-12 20:28:38,561 INFO response {"request_id": "a4763a4c59c7408d9c3b8732c9e4ca70", "http_status": 200, "body": {"accepted": true, "real_timestamp_ms": 1789216115372, "virtual_time_s": 664, "measure_result": "no_signal"}}
2026-09-12 20:28:38,576 INFO request {"path": "/measure", "payload": {"arena_id": "default", "robot_id": "202601002029", "request_id": "74f870730ced49d79256feeae1c86cc6", "position": {"x": 0.0, "y": -1558.8457268119894}, "channel": 20}, "attempt": 1}
2026-09-12 20:28:38,591 INFO response {"request_id": "74f870730ced49d79256feeae1c86cc6", "http_status": 200, "body": {"accepted": true, "real_timestamp_ms": 1789216115402, "virtual_time_s": 670, "measure_result": "direction", "svd_deg": 12.28}}
2026-09-12 20:28:38,616 INFO request {"path": "/measure", "payload": {"arena_id": "default", "robot_id": "202601002029", "request_id": "fb74ffcd361c429a83f6e7b63569ca07", "position": {"x": 450.0, "y": -779.4228634059947}, "channel": 1}, "attempt": 1}
2026-09-12 20:28:38,630 INFO response {"request_id": "fb74ffcd361c429a83f6e7b63569ca07", "http_status": 200, "body": {"accepted": true, "real_timestamp_ms": 1789216115442, "virtual_time_s": 856, "measure_result": "no_signal"}}
2026-09-12 20:28:38,645 INFO request {"path": "/measure", "payload": {"arena_id": "default", "robot_id": "202601002029", "request_id": "962894e64db242fa9bc4dd5512d37516", "position": {"x": 450.0, "y": -779.4228634059947}, "channel": 2}, "attempt": 1}
2026-09-12 20:28:38,660 INFO response {"request_id": "962894e64db242fa9bc4dd5512d37516", "http_status": 200, "body": {"accepted": true, "real_timestamp_ms": 1789216115471, "virtual_time_s": 862, "measure_result": "direction", "svd_deg": 346.24}}
2026-09-12 20:28:38,680 INFO request {"path": "/measure", "payload": {"arena_id": "default", "robot_id": "202601002029", "request_id": "7c20e1e0968e487a9ec991c1a4c3f2a8", "position": {"x": 450.0, "y": -779.4228634059947}, "channel": 3}, "attempt": 1}
2026-09-12 20:28:38,699 INFO response {"request_id": "7c20e1e0968e487a9ec991c1a4c3f2a8", "http_status": 200, "body": {"accepted": true, "real_timestamp_ms": 1789216115510, "virtual_time_s": 868, "measure_result": "no_signal"}}
2026-09-12 20:28:38,715 INFO request {"path": "/measure", "payload": {"arena_id": "default", "robot_id": "202601002029", "request_id": "9cfcdaa78b9c4fbfa0b6ee2116ba4b32", "position": {"x": 450.0, "y": -779.4228634059947}, "channel": 5}, "attempt": 1}
2026-09-12 20:28:38,717 INFO response {"request_id": "9cfcdaa78b9c4fbfa0b6ee2116ba4b32", "http_status": 200, "body": {"accepted": true, "real_timestamp_ms": 1789216115529, "virtual_time_s": 874, "measure_result": "no_signal"}}
2026-09-12 20:28:38,748 INFO request {"path": "/measure", "payload": {"arena_id": "default", "robot_id": "202601002029", "request_id": "f8e1a37d151549c7962164641426bc1a", "position": {"x": 450.0, "y": -779.4228634059947}, "channel": 7}, "attempt": 1}
2026-09-12 20:28:38,750 INFO response {"request_id": "f8e1a37d151549c7962164641426bc1a", "http_status": 200, "body": {"accepted": true, "real_timestamp_ms": 1789216115562, "virtual_time_s": 880, "measure_result": "no_signal"}}
2026-09-12 20:28:38,781 INFO request {"path": "/measure", "payload": {"arena_id": "default", "robot_id": "202601002029", "request_id": "bf219c77c0c64278b53128e6e5bbf4d5", "position": {"x": 450.0, "y": -779.4228634059947}, "channel": 8}, "attempt": 1}
2026-09-12 20:28:38,783 INFO response {"request_id": "bf219c77c0c64278b53128e6e5bbf4d5", "http_status": 200, "body": {"accepted": true, "real_timestamp_ms": 1789216115595, "virtual_time_s": 886, "measure_result": "no_signal"}}
2026-09-12 20:28:38,814 INFO request {"path": "/measure", "payload": {"arena_id": "default", "robot_id": "202601002029", "request_id": "10da922732db4fc6975f7dc5df4a3efd", "position": {"x": 450.0, "y": -779.4228634059947}, "channel": 9}, "attempt": 1}
2026-09-12 20:28:38,818 INFO response {"request_id": "10da922732db4fc6975f7dc5df4a3efd", "http_status": 200, "body": {"accepted": true, "real_timestamp_ms": 1789216115629, "virtual_time_s": 892, "measure_result": "no_signal"}}
2026-09-12 20:28:38,834 INFO request {"path": "/measure", "payload": {"arena_id": "default", "robot_id": "202601002029", "request_id": "b6a6691d6fbf496d835874c8ca4d1a69", "position": {"x": 450.0, "y": -779.4228634059947}, "channel": 11}, "attempt": 1}
2026-09-12 20:28:38,854 INFO response {"request_id": "b6a6691d6fbf496d835874c8ca4d1a69", "http_status": 200, "body": {"accepted": true, "real_timestamp_ms": 1789216115666, "virtual_time_s": 898, "measure_result": "no_signal"}}
2026-09-12 20:28:38,870 INFO request {"path": "/measure", "payload": {"arena_id": "default", "robot_id": "202601002029", "request_id": "55a2c449747e48eca79da41e69ac22d3", "position": {"x": 450.0, "y": -779.4228634059947}, "channel": 12}, "attempt": 1}
2026-09-12 20:28:38,884 INFO response {"request_id": "55a2c449747e48eca79da41e69ac22d3", "http_status": 200, "body": {"accepted": true, "real_timestamp_ms": 1789216115696, "virtual_time_s": 904, "measure_result": "no_signal"}}
2026-09-12 20:28:38,899 INFO request {"path": "/measure", "payload": {"arena_id": "default", "robot_id": "202601002029", "request_id": "034a805914384a47a26741058fd14f6b", "position": {"x": 450.0, "y": -779.4228634059947}, "channel": 13}, "attempt": 1}
2026-09-12 20:28:38,914 INFO response {"request_id": "034a805914384a47a26741058fd14f6b", "http_status": 200, "body": {"accepted": true, "real_timestamp_ms": 1789216115725, "virtual_time_s": 910, "measure_result": "no_signal"}}
2026-09-12 20:28:38,929 INFO request {"path": "/measure", "payload": {"arena_id": "default", "robot_id": "202601002029", "request_id": "501aa08a4ae64e4f80d88b5d155573a2", "position": {"x": 450.0, "y": -779.4228634059947}, "channel": 14}, "attempt": 1}
2026-09-12 20:28:38,931 INFO response {"request_id": "501aa08a4ae64e4f80d88b5d155573a2", "http_status": 200, "body": {"accepted": true, "real_timestamp_ms": 1789216115743, "virtual_time_s": 916, "measure_result": "no_signal"}}
2026-09-12 20:28:38,962 INFO request {"path": "/measure", "payload": {"arena_id": "default", "robot_id": "202601002029", "request_id": "b0367aaf8c014a41a4dbf8f647aaaf72", "position": {"x": 450.0, "y": -779.4228634059947}, "channel": 15}, "attempt": 1}
2026-09-12 20:28:38,964 INFO response {"request_id": "b0367aaf8c014a41a4dbf8f647aaaf72", "http_status": 200, "body": {"accepted": true, "real_timestamp_ms": 1789216115776, "virtual_time_s": 922, "measure_result": "no_signal"}}
2026-09-12 20:28:38,995 INFO request {"path": "/measure", "payload": {"arena_id": "default", "robot_id": "202601002029", "request_id": "c03674de89384a5b963db8971e1f8705", "position": {"x": 450.0, "y": -779.4228634059947}, "channel": 18}, "attempt": 1}
2026-09-12 20:28:39,012 INFO response {"request_id": "c03674de89384a5b963db8971e1f8705", "http_status": 200, "body": {"accepted": true, "real_timestamp_ms": 1789216115824, "virtual_time_s": 928, "measure_result": "no_signal"}}
2026-09-12 20:28:39,074 INFO request {"path": "/measure", "payload": {"arena_id": "default", "robot_id": "202601002029", "request_id": "95e9cb382dd14f709bdfee04ae3ba836", "position": {"x": 450.0, "y": -779.4228634059947}, "channel": 10}, "attempt": 1}
2026-09-12 20:28:39,090 INFO response {"request_id": "95e9cb382dd14f709bdfee04ae3ba836", "http_status": 200, "body": {"accepted": true, "real_timestamp_ms": 1789216115903, "virtual_time_s": 934, "measure_result": "direction", "svd_deg": 132.56}}
2026-09-12 20:28:39,109 INFO request {"path": "/measure", "payload": {"arena_id": "default", "robot_id": "202601002029", "request_id": "2ab2329d9e504e18b801a27bc92fe6d8", "position": {"x": 450.0, "y": -779.4228634059947}, "channel": 16}, "attempt": 1}
2026-09-12 20:28:39,120 INFO response {"request_id": "2ab2329d9e504e18b801a27bc92fe6d8", "http_status": 200, "body": {"accepted": true, "real_timestamp_ms": 1789216115932, "virtual_time_s": 940, "measure_result": "direction", "svd_deg": 297.6}}
2026-09-12 20:28:39,138 INFO request {"path": "/measure", "payload": {"arena_id": "default", "robot_id": "202601002029", "request_id": "c40bcb52666f4200980f6611083c7a2a", "position": {"x": 900.0, "y": 0.0}, "channel": 1}, "attempt": 1}
2026-09-12 20:28:39,148 INFO response {"request_id": "c40bcb52666f4200980f6611083c7a2a", "http_status": 200, "body": {"accepted": true, "real_timestamp_ms": 1789216115961, "virtual_time_s": 1126, "measure_result": "no_signal"}}
2026-09-12 20:28:39,164 INFO request {"path": "/measure", "payload": {"arena_id": "default", "robot_id": "202601002029", "request_id": "cd172f4d8348404983e7b01d4236b35e", "position": {"x": 900.0, "y": 0.0}, "channel": 3}, "attempt": 1}
2026-09-12 20:28:39,179 INFO response {"request_id": "cd172f4d8348404983e7b01d4236b35e", "http_status": 200, "body": {"accepted": true, "real_timestamp_ms": 1789216115990, "virtual_time_s": 1132, "measure_result": "no_signal"}}
2026-09-12 20:28:39,193 INFO request {"path": "/measure", "payload": {"arena_id": "default", "robot_id": "202601002029", "request_id": "68871280bf4b4d3ea67ff1e2d8d3c472", "position": {"x": 900.0, "y": 0.0}, "channel": 5}, "attempt": 1}
2026-09-12 20:28:39,209 INFO response {"request_id": "68871280bf4b4d3ea67ff1e2d8d3c472", "http_status": 200, "body": {"accepted": true, "real_timestamp_ms": 1789216116020, "virtual_time_s": 1138, "measure_result": "no_signal"}}
2026-09-12 20:28:39,223 INFO request {"path": "/measure", "payload": {"arena_id": "default", "robot_id": "202601002029", "request_id": "fe989cfa7a8a4c198681ca7b2594b92c", "position": {"x": 900.0, "y": 0.0}, "channel": 7}, "attempt": 1}
2026-09-12 20:28:39,225 INFO response {"request_id": "fe989cfa7a8a4c198681ca7b2594b92c", "http_status": 200, "body": {"accepted": true, "real_timestamp_ms": 1789216116037, "virtual_time_s": 1144, "measure_result": "no_signal"}}
2026-09-12 20:28:39,256 INFO request {"path": "/measure", "payload": {"arena_id": "default", "robot_id": "202601002029", "request_id": "127cb5e7efc04a518e41b7b4981094bd", "position": {"x": 900.0, "y": 0.0}, "channel": 8}, "attempt": 1}
2026-09-12 20:28:39,257 INFO response {"request_id": "127cb5e7efc04a518e41b7b4981094bd", "http_status": 200, "body": {"accepted": true, "real_timestamp_ms": 1789216116069, "virtual_time_s": 1150, "measure_result": "no_signal"}}
2026-09-12 20:28:39,288 INFO request {"path": "/measure", "payload": {"arena_id": "default", "robot_id": "202601002029", "request_id": "d8b2b1e8e39e4f2eac266ccacc599670", "position": {"x": 900.0, "y": 0.0}, "channel": 9}, "attempt": 1}
2026-09-12 20:28:39,289 INFO response {"request_id": "d8b2b1e8e39e4f2eac266ccacc599670", "http_status": 200, "body": {"accepted": true, "real_timestamp_ms": 1789216116101, "virtual_time_s": 1156, "measure_result": "no_signal"}}
2026-09-12 20:28:39,320 INFO request {"path": "/measure", "payload": {"arena_id": "default", "robot_id": "202601002029", "request_id": "d533740bca924752917070afb87ae21a", "position": {"x": 900.0, "y": 0.0}, "channel": 11}, "attempt": 1}
2026-09-12 20:28:39,335 INFO response {"request_id": "d533740bca924752917070afb87ae21a", "http_status": 200, "body": {"accepted": true, "real_timestamp_ms": 1789216116147, "virtual_time_s": 1162, "measure_result": "direction", "svd_deg": 94.58}}
2026-09-12 20:28:39,352 INFO request {"path": "/measure", "payload": {"arena_id": "default", "robot_id": "202601002029", "request_id": "e80a9554b44842b4a6b63067572d8e1a", "position": {"x": 900.0, "y": 0.0}, "channel": 12}, "attempt": 1}
2026-09-12 20:28:39,374 INFO response {"request_id": "e80a9554b44842b4a6b63067572d8e1a", "http_status": 200, "body": {"accepted": true, "real_timestamp_ms": 1789216116186, "virtual_time_s": 1168, "measure_result": "no_signal"}}
2026-09-12 20:28:39,389 INFO request {"path": "/measure", "payload": {"arena_id": "default", "robot_id": "202601002029", "request_id": "a1c60668f32a4632a0b8f761312f548a", "position": {"x": 900.0, "y": 0.0}, "channel": 13}, "attempt": 1}
2026-09-12 20:28:39,404 INFO response {"request_id": "a1c60668f32a4632a0b8f761312f548a", "http_status": 200, "body": {"accepted": true, "real_timestamp_ms": 1789216116216, "virtual_time_s": 1174, "measure_result": "no_signal"}}
2026-09-12 20:28:39,419 INFO request {"path": "/measure", "payload": {"arena_id": "default", "robot_id": "202601002029", "request_id": "205bc3c3a73a45fbb9718e12880290ff", "position": {"x": 900.0, "y": 0.0}, "channel": 14}, "attempt": 1}
2026-09-12 20:28:39,434 INFO response {"request_id": "205bc3c3a73a45fbb9718e12880290ff", "http_status": 200, "body": {"accepted": true, "real_timestamp_ms": 1789216116245, "virtual_time_s": 1180, "measure_result": "no_signal"}}
2026-09-12 20:28:39,449 INFO request {"path": "/measure", "payload": {"arena_id": "default", "robot_id": "202601002029", "request_id": "6f3c10e64f404ca2b819d83a35951646", "position": {"x": 900.0, "y": 0.0}, "channel": 15}, "attempt": 1}
2026-09-12 20:28:39,450 INFO response {"request_id": "6f3c10e64f404ca2b819d83a35951646", "http_status": 200, "body": {"accepted": true, "real_timestamp_ms": 1789216116262, "virtual_time_s": 1186, "measure_result": "no_signal"}}
2026-09-12 20:28:39,481 INFO request {"path": "/measure", "payload": {"arena_id": "default", "robot_id": "202601002029", "request_id": "66f490ea90164ef3a471d20abf4a2886", "position": {"x": 900.0, "y": 0.0}, "channel": 18}, "attempt": 1}
2026-09-12 20:28:39,483 INFO response {"request_id": "66f490ea90164ef3a471d20abf4a2886", "http_status": 200, "body": {"accepted": true, "real_timestamp_ms": 1789216116295, "virtual_time_s": 1192, "measure_result": "no_signal"}}
2026-09-12 20:28:39,550 INFO request {"path": "/measure", "payload": {"arena_id": "default", "robot_id": "202601002029", "request_id": "42ebffa03fc14d559286bcb387583f5c", "position": {"x": 900.0, "y": 0.0}, "channel": 17}, "attempt": 1}
2026-09-12 20:28:39,551 INFO response {"request_id": "42ebffa03fc14d559286bcb387583f5c", "http_status": 200, "body": {"accepted": true, "real_timestamp_ms": 1789216116363, "virtual_time_s": 1198, "measure_result": "direction", "svd_deg": 114.2}}
2026-09-12 20:28:39,568 INFO request {"path": "/measure", "payload": {"arena_id": "default", "robot_id": "202601002029", "request_id": "cf5ed885753c405daf2abf22a8f843a8", "position": {"x": 900.0, "y": 0.0}, "channel": 4}, "attempt": 1}
2026-09-12 20:28:39,569 INFO response {"request_id": "cf5ed885753c405daf2abf22a8f843a8", "http_status": 200, "body": {"accepted": true, "real_timestamp_ms": 1789216116381, "virtual_time_s": 1204, "measure_result": "direction", "svd_deg": 109.03}}
2026-09-12 20:28:39,602 INFO request {"path": "/measure", "payload": {"arena_id": "default", "robot_id": "202601002029", "request_id": "282fc316547d4d68a7acba0f6b95d857", "position": {"x": 1800.0, "y": 0.0}, "channel": 1}, "attempt": 1}
2026-09-12 20:28:39,618 INFO response {"request_id": "282fc316547d4d68a7acba0f6b95d857", "http_status": 200, "body": {"accepted": true, "real_timestamp_ms": 1789216116430, "virtual_time_s": 1390, "measure_result": "no_signal"}}
2026-09-12 20:28:39,633 INFO request {"path": "/measure", "payload": {"arena_id": "default", "robot_id": "202601002029", "request_id": "79fecb709090417bb1a5879d7b8b52e1", "position": {"x": 1800.0, "y": 0.0}, "channel": 3}, "attempt": 1}
2026-09-12 20:28:39,633 INFO response {"request_id": "79fecb709090417bb1a5879d7b8b52e1", "http_status": 200, "body": {"accepted": true, "real_timestamp_ms": 1789216116446, "virtual_time_s": 1396, "measure_result": "no_signal"}}
2026-09-12 20:28:39,664 INFO request {"path": "/measure", "payload": {"arena_id": "default", "robot_id": "202601002029", "request_id": "7c60b4f95758434c9e8b24185dabb88c", "position": {"x": 1800.0, "y": 0.0}, "channel": 5}, "attempt": 1}
2026-09-12 20:28:39,666 INFO response {"request_id": "7c60b4f95758434c9e8b24185dabb88c", "http_status": 200, "body": {"accepted": true, "real_timestamp_ms": 1789216116478, "virtual_time_s": 1402, "measure_result": "no_signal"}}
2026-09-12 20:28:39,696 INFO request {"path": "/measure", "payload": {"arena_id": "default", "robot_id": "202601002029", "request_id": "466ff43a25e7410b92a567ccda91e6d7", "position": {"x": 1800.0, "y": 0.0}, "channel": 7}, "attempt": 1}
2026-09-12 20:28:39,699 INFO response {"request_id": "466ff43a25e7410b92a567ccda91e6d7", "http_status": 200, "body": {"accepted": true, "real_timestamp_ms": 1789216116510, "virtual_time_s": 1408, "measure_result": "no_signal"}}
2026-09-12 20:28:39,730 INFO request {"path": "/measure", "payload": {"arena_id": "default", "robot_id": "202601002029", "request_id": "6b5cd5be6c764ad5ac5d76b96cc8437d", "position": {"x": 1800.0, "y": 0.0}, "channel": 8}, "attempt": 1}
2026-09-12 20:28:39,732 INFO response {"request_id": "6b5cd5be6c764ad5ac5d76b96cc8437d", "http_status": 200, "body": {"accepted": true, "real_timestamp_ms": 1789216116543, "virtual_time_s": 1414, "measure_result": "no_signal"}}
2026-09-12 20:28:39,763 INFO request {"path": "/measure", "payload": {"arena_id": "default", "robot_id": "202601002029", "request_id": "f0b56d57b75f4653b712940623ff4991", "position": {"x": 1800.0, "y": 0.0}, "channel": 9}, "attempt": 1}
2026-09-12 20:28:39,775 INFO response {"request_id": "f0b56d57b75f4653b712940623ff4991", "http_status": 200, "body": {"accepted": true, "real_timestamp_ms": 1789216116587, "virtual_time_s": 1420, "measure_result": "no_signal"}}
2026-09-12 20:28:39,791 INFO request {"path": "/measure", "payload": {"arena_id": "default", "robot_id": "202601002029", "request_id": "3d5cabc6dec544aea40b25453e41e611", "position": {"x": 1800.0, "y": 0.0}, "channel": 12}, "attempt": 1}
2026-09-12 20:28:39,804 INFO response {"request_id": "3d5cabc6dec544aea40b25453e41e611", "http_status": 200, "body": {"accepted": true, "real_timestamp_ms": 1789216116616, "virtual_time_s": 1426, "measure_result": "no_signal"}}
2026-09-12 20:28:39,819 INFO request {"path": "/measure", "payload": {"arena_id": "default", "robot_id": "202601002029", "request_id": "b0e32d673ffd43e99cd5647064660515", "position": {"x": 1800.0, "y": 0.0}, "channel": 13}, "attempt": 1}
2026-09-12 20:28:39,822 INFO response {"request_id": "b0e32d673ffd43e99cd5647064660515", "http_status": 200, "body": {"accepted": true, "real_timestamp_ms": 1789216116634, "virtual_time_s": 1432, "measure_result": "no_signal"}}
2026-09-12 20:28:39,853 INFO request {"path": "/measure", "payload": {"arena_id": "default", "robot_id": "202601002029", "request_id": "63dccc8afa0544f0814d185a8180a3f1", "position": {"x": 1800.0, "y": 0.0}, "channel": 14}, "attempt": 1}
2026-09-12 20:28:39,855 INFO response {"request_id": "63dccc8afa0544f0814d185a8180a3f1", "http_status": 200, "body": {"accepted": true, "real_timestamp_ms": 1789216116666, "virtual_time_s": 1438, "measure_result": "no_signal"}}
2026-09-12 20:28:39,886 INFO request {"path": "/measure", "payload": {"arena_id": "default", "robot_id": "202601002029", "request_id": "f824f14ce0b14c11bc5ca55547256978", "position": {"x": 1800.0, "y": 0.0}, "channel": 15}, "attempt": 1}
2026-09-12 20:28:39,889 INFO response {"request_id": "f824f14ce0b14c11bc5ca55547256978", "http_status": 200, "body": {"accepted": true, "real_timestamp_ms": 1789216116700, "virtual_time_s": 1444, "measure_result": "no_signal"}}
2026-09-12 20:28:39,919 INFO request {"path": "/measure", "payload": {"arena_id": "default", "robot_id": "202601002029", "request_id": "21c77d74f6a149bb96499971ffe078fe", "position": {"x": 1800.0, "y": 0.0}, "channel": 18}, "attempt": 1}
2026-09-12 20:28:39,933 INFO response {"request_id": "21c77d74f6a149bb96499971ffe078fe", "http_status": 200, "body": {"accepted": true, "real_timestamp_ms": 1789216116744, "virtual_time_s": 1450, "measure_result": "no_signal"}}
2026-09-12 20:28:39,959 INFO request {"path": "/measure", "payload": {"arena_id": "default", "robot_id": "202601002029", "request_id": "fa436d1016b242aeb88fa857d938fb76", "position": {"x": 1350.0, "y": 779.4228634059947}, "channel": 18}, "attempt": 1}
2026-09-12 20:28:39,961 INFO response {"request_id": "fa436d1016b242aeb88fa857d938fb76", "http_status": 200, "body": {"accepted": true, "real_timestamp_ms": 1789216116773, "virtual_time_s": 1635, "measure_result": "no_signal"}}
2026-09-12 20:28:39,992 INFO request {"path": "/measure", "payload": {"arena_id": "default", "robot_id": "202601002029", "request_id": "24427de90c384e2ab0203f5fff2fbbc2", "position": {"x": 1350.0, "y": 779.4228634059947}, "channel": 1}, "attempt": 1}
2026-09-12 20:28:39,994 INFO response {"request_id": "24427de90c384e2ab0203f5fff2fbbc2", "http_status": 200, "body": {"accepted": true, "real_timestamp_ms": 1789216116805, "virtual_time_s": 1641, "measure_result": "no_signal"}}
2026-09-12 20:28:40,025 INFO request {"path": "/measure", "payload": {"arena_id": "default", "robot_id": "202601002029", "request_id": "15b364b3ab994eac8b6600c444439ae8", "position": {"x": 1350.0, "y": 779.4228634059947}, "channel": 3}, "attempt": 1}
2026-09-12 20:28:40,027 INFO response {"request_id": "15b364b3ab994eac8b6600c444439ae8", "http_status": 200, "body": {"accepted": true, "real_timestamp_ms": 1789216116838, "virtual_time_s": 1647, "measure_result": "no_signal"}}
2026-09-12 20:28:40,057 INFO request {"path": "/measure", "payload": {"arena_id": "default", "robot_id": "202601002029", "request_id": "0995ff34328c469293a9b365debf1f9c", "position": {"x": 1350.0, "y": 779.4228634059947}, "channel": 5}, "attempt": 1}
2026-09-12 20:28:40,060 INFO response {"request_id": "0995ff34328c469293a9b365debf1f9c", "http_status": 200, "body": {"accepted": true, "real_timestamp_ms": 1789216116872, "virtual_time_s": 1653, "measure_result": "no_signal"}}
2026-09-12 20:28:40,091 INFO request {"path": "/measure", "payload": {"arena_id": "default", "robot_id": "202601002029", "request_id": "b971f0183aa24515baa4fa99f934423c", "position": {"x": 1350.0, "y": 779.4228634059947}, "channel": 7}, "attempt": 1}
2026-09-12 20:28:40,093 INFO response {"request_id": "b971f0183aa24515baa4fa99f934423c", "http_status": 200, "body": {"accepted": true, "real_timestamp_ms": 1789216116905, "virtual_time_s": 1659, "measure_result": "no_signal"}}
2026-09-12 20:28:40,123 INFO request {"path": "/measure", "payload": {"arena_id": "default", "robot_id": "202601002029", "request_id": "11a3f816286e46b9a58fa30c877383d1", "position": {"x": 1350.0, "y": 779.4228634059947}, "channel": 8}, "attempt": 1}
2026-09-12 20:28:40,137 INFO response {"request_id": "11a3f816286e46b9a58fa30c877383d1", "http_status": 200, "body": {"accepted": true, "real_timestamp_ms": 1789216116949, "virtual_time_s": 1665, "measure_result": "no_signal"}}
2026-09-12 20:28:40,152 INFO request {"path": "/measure", "payload": {"arena_id": "default", "robot_id": "202601002029", "request_id": "1c5dfbac11334b74a576c35916ac2b55", "position": {"x": 1350.0, "y": 779.4228634059947}, "channel": 9}, "attempt": 1}
2026-09-12 20:28:40,167 INFO response {"request_id": "1c5dfbac11334b74a576c35916ac2b55", "http_status": 200, "body": {"accepted": true, "real_timestamp_ms": 1789216116978, "virtual_time_s": 1671, "measure_result": "no_signal"}}
2026-09-12 20:28:40,182 INFO request {"path": "/measure", "payload": {"arena_id": "default", "robot_id": "202601002029", "request_id": "f527bf6bc1624b298423c221cb4f3fdd", "position": {"x": 1350.0, "y": 779.4228634059947}, "channel": 12}, "attempt": 1}
2026-09-12 20:28:40,196 INFO response {"request_id": "f527bf6bc1624b298423c221cb4f3fdd", "http_status": 200, "body": {"accepted": true, "real_timestamp_ms": 1789216117008, "virtual_time_s": 1677, "measure_result": "no_signal"}}
2026-09-12 20:28:40,211 INFO request {"path": "/measure", "payload": {"arena_id": "default", "robot_id": "202601002029", "request_id": "261b6ac96232493595ea6b2b8c97e18b", "position": {"x": 1350.0, "y": 779.4228634059947}, "channel": 13}, "attempt": 1}
2026-09-12 20:28:40,225 INFO response {"request_id": "261b6ac96232493595ea6b2b8c97e18b", "http_status": 200, "body": {"accepted": true, "real_timestamp_ms": 1789216117037, "virtual_time_s": 1683, "measure_result": "no_signal"}}
2026-09-12 20:28:40,240 INFO request {"path": "/measure", "payload": {"arena_id": "default", "robot_id": "202601002029", "request_id": "aa8648dcd72f47c99bf5f29fe53523ea", "position": {"x": 1350.0, "y": 779.4228634059947}, "channel": 14}, "attempt": 1}
2026-09-12 20:28:40,241 INFO response {"request_id": "aa8648dcd72f47c99bf5f29fe53523ea", "http_status": 200, "body": {"accepted": true, "real_timestamp_ms": 1789216117053, "virtual_time_s": 1689, "measure_result": "no_signal"}}
2026-09-12 20:28:40,272 INFO request {"path": "/measure", "payload": {"arena_id": "default", "robot_id": "202601002029", "request_id": "4a2148e7c57f4c1ca48baab8ac06785d", "position": {"x": 1350.0, "y": 779.4228634059947}, "channel": 15}, "attempt": 1}
2026-09-12 20:28:40,273 INFO response {"request_id": "4a2148e7c57f4c1ca48baab8ac06785d", "http_status": 200, "body": {"accepted": true, "real_timestamp_ms": 1789216117085, "virtual_time_s": 1695, "measure_result": "no_signal"}}
2026-09-12 20:28:40,312 INFO request {"path": "/measure", "payload": {"arena_id": "default", "robot_id": "202601002029", "request_id": "643d7e98cf4743c7819c61c8f84ca924", "position": {"x": 1350.0, "y": 779.4228634059947}, "channel": 11}, "attempt": 1}
2026-09-12 20:28:40,331 INFO response {"request_id": "643d7e98cf4743c7819c61c8f84ca924", "http_status": 200, "body": {"accepted": true, "real_timestamp_ms": 1789216117143, "virtual_time_s": 1701, "measure_result": "direction", "svd_deg": 141.34}}
2026-09-12 20:28:40,333 INFO request {"path": "/measure", "payload": {"arena_id": "default", "robot_id": "202601002029", "request_id": "069410dbc05c4ac8938d49975cf8f9c3", "position": {"x": 1350.0, "y": 779.4228634059947}, "channel": 4}, "attempt": 1}
2026-09-12 20:28:40,334 INFO response {"request_id": "069410dbc05c4ac8938d49975cf8f9c3", "http_status": 200, "body": {"accepted": true, "real_timestamp_ms": 1789216117147, "virtual_time_s": 1707, "measure_result": "direction", "svd_deg": 153.43}}
2026-09-12 20:28:40,369 INFO request {"path": "/measure", "payload": {"arena_id": "default", "robot_id": "202601002029", "request_id": "1651df5bcd514bee85780d6554b1caf6", "position": {"x": 450.0, "y": 779.4228634059947}, "channel": 1}, "attempt": 1}
2026-09-12 20:28:40,369 INFO response {"request_id": "1651df5bcd514bee85780d6554b1caf6", "http_status": 200, "body": {"accepted": true, "real_timestamp_ms": 1789216117182, "virtual_time_s": 1893, "measure_result": "no_signal"}}
2026-09-12 20:28:40,401 INFO request {"path": "/measure", "payload": {"arena_id": "default", "robot_id": "202601002029", "request_id": "b7cb196b6e4e4106a8b52780e81a734a", "position": {"x": 450.0, "y": 779.4228634059947}, "channel": 3}, "attempt": 1}
2026-09-12 20:28:40,402 INFO response {"request_id": "b7cb196b6e4e4106a8b52780e81a734a", "http_status": 200, "body": {"accepted": true, "real_timestamp_ms": 1789216117213, "virtual_time_s": 1899, "measure_result": "no_signal"}}
2026-09-12 20:28:40,432 INFO request {"path": "/measure", "payload": {"arena_id": "default", "robot_id": "202601002029", "request_id": "4663c5170b294e24a9a9db7cc8c82855", "position": {"x": 450.0, "y": 779.4228634059947}, "channel": 5}, "attempt": 1}
2026-09-12 20:28:40,434 INFO response {"request_id": "4663c5170b294e24a9a9db7cc8c82855", "http_status": 200, "body": {"accepted": true, "real_timestamp_ms": 1789216117246, "virtual_time_s": 1905, "measure_result": "no_signal"}}
2026-09-12 20:28:40,464 INFO request {"path": "/measure", "payload": {"arena_id": "default", "robot_id": "202601002029", "request_id": "dcbd322de61f4204af061e42c11ef799", "position": {"x": 450.0, "y": 779.4228634059947}, "channel": 7}, "attempt": 1}
2026-09-12 20:28:40,467 INFO response {"request_id": "dcbd322de61f4204af061e42c11ef799", "http_status": 200, "body": {"accepted": true, "real_timestamp_ms": 1789216117278, "virtual_time_s": 1911, "measure_result": "no_signal"}}
2026-09-12 20:28:40,497 INFO request {"path": "/measure", "payload": {"arena_id": "default", "robot_id": "202601002029", "request_id": "54e2c21ab4f54d34a8743ab8b60b4904", "position": {"x": 450.0, "y": 779.4228634059947}, "channel": 8}, "attempt": 1}
2026-09-12 20:28:40,518 INFO response {"request_id": "54e2c21ab4f54d34a8743ab8b60b4904", "http_status": 200, "body": {"accepted": true, "real_timestamp_ms": 1789216117330, "virtual_time_s": 1917, "measure_result": "no_signal"}}
2026-09-12 20:28:40,534 INFO request {"path": "/measure", "payload": {"arena_id": "default", "robot_id": "202601002029", "request_id": "b630964f2e384834b0a45a65470fc5be", "position": {"x": 450.0, "y": 779.4228634059947}, "channel": 9}, "attempt": 1}
2026-09-12 20:28:40,536 INFO response {"request_id": "b630964f2e384834b0a45a65470fc5be", "http_status": 200, "body": {"accepted": true, "real_timestamp_ms": 1789216117347, "virtual_time_s": 1923, "measure_result": "no_signal"}}
2026-09-12 20:28:40,551 INFO request {"path": "/measure", "payload": {"arena_id": "default", "robot_id": "202601002029", "request_id": "7e53b12844504471ac5d70b3eda6cba4", "position": {"x": 450.0, "y": 779.4228634059947}, "channel": 12}, "attempt": 1}
2026-09-12 20:28:40,553 INFO response {"request_id": "7e53b12844504471ac5d70b3eda6cba4", "http_status": 200, "body": {"accepted": true, "real_timestamp_ms": 1789216117364, "virtual_time_s": 1929, "measure_result": "no_signal"}}
2026-09-12 20:28:40,583 INFO request {"path": "/measure", "payload": {"arena_id": "default", "robot_id": "202601002029", "request_id": "1f10c089c569451784d09907452f535b", "position": {"x": 450.0, "y": 779.4228634059947}, "channel": 13}, "attempt": 1}
2026-09-12 20:28:40,585 INFO response {"request_id": "1f10c089c569451784d09907452f535b", "http_status": 200, "body": {"accepted": true, "real_timestamp_ms": 1789216117396, "virtual_time_s": 1935, "measure_result": "no_signal"}}
2026-09-12 20:28:40,615 INFO request {"path": "/measure", "payload": {"arena_id": "default", "robot_id": "202601002029", "request_id": "09022966b1884927b57ad4124cd3ceb6", "position": {"x": 450.0, "y": 779.4228634059947}, "channel": 14}, "attempt": 1}
2026-09-12 20:28:40,617 INFO response {"request_id": "09022966b1884927b57ad4124cd3ceb6", "http_status": 200, "body": {"accepted": true, "real_timestamp_ms": 1789216117428, "virtual_time_s": 1941, "measure_result": "no_signal"}}
2026-09-12 20:28:40,648 INFO request {"path": "/measure", "payload": {"arena_id": "default", "robot_id": "202601002029", "request_id": "8ab7193894c14b338d6beb15f76fac93", "position": {"x": 450.0, "y": 779.4228634059947}, "channel": 15}, "attempt": 1}
2026-09-12 20:28:40,664 INFO response {"request_id": "8ab7193894c14b338d6beb15f76fac93", "http_status": 200, "body": {"accepted": true, "real_timestamp_ms": 1789216117476, "virtual_time_s": 1947, "measure_result": "no_signal"}}
2026-09-12 20:28:40,679 INFO request {"path": "/measure", "payload": {"arena_id": "default", "robot_id": "202601002029", "request_id": "b7716cc6af7f4588ae8bf1755ec62f23", "position": {"x": 450.0, "y": 779.4228634059947}, "channel": 18}, "attempt": 1}
2026-09-12 20:28:40,680 INFO response {"request_id": "b7716cc6af7f4588ae8bf1755ec62f23", "http_status": 200, "body": {"accepted": true, "real_timestamp_ms": 1789216117492, "virtual_time_s": 1953, "measure_result": "no_signal"}}
2026-09-12 20:28:40,714 INFO request {"path": "/measure", "payload": {"arena_id": "default", "robot_id": "202601002029", "request_id": "1099bd1bf45c4390a3984ad33b54366d", "position": {"x": 450.0, "y": 779.4228634059947}, "channel": 11}, "attempt": 1}
2026-09-12 20:28:40,732 INFO response {"request_id": "1099bd1bf45c4390a3984ad33b54366d", "http_status": 200, "body": {"accepted": true, "real_timestamp_ms": 1789216117545, "virtual_time_s": 1959, "measure_result": "direction", "svd_deg": 51.54}}
2026-09-12 20:28:40,753 INFO request {"path": "/measure", "payload": {"arena_id": "default", "robot_id": "202601002029", "request_id": "9df0049be6fc4ca881c84779c639163e", "position": {"x": 450.0, "y": 779.4228634059947}, "channel": 4}, "attempt": 1}
2026-09-12 20:28:40,755 INFO response {"request_id": "9df0049be6fc4ca881c84779c639163e", "http_status": 200, "body": {"accepted": true, "real_timestamp_ms": 1789216117566, "virtual_time_s": 1965, "measure_result": "direction", "svd_deg": 82.42}}
2026-09-12 20:28:40,780 INFO request {"path": "/measure", "payload": {"arena_id": "default", "robot_id": "202601002029", "request_id": "a602dd99d6ef4bc0a6d0f57a8ce89d01", "position": {"x": 0.0, "y": 1558.8457268119894}, "channel": 1}, "attempt": 1}
2026-09-12 20:28:40,802 INFO response {"request_id": "a602dd99d6ef4bc0a6d0f57a8ce89d01", "http_status": 200, "body": {"accepted": true, "real_timestamp_ms": 1789216117613, "virtual_time_s": 2151, "measure_result": "no_signal"}}
2026-09-12 20:28:40,803 INFO request {"path": "/measure", "payload": {"arena_id": "default", "robot_id": "202601002029", "request_id": "96c13ff26fb144a2a6aa3d1302a254f8", "position": {"x": 0.0, "y": 1558.8457268119894}, "channel": 3}, "attempt": 1}
2026-09-12 20:28:40,822 INFO response {"request_id": "96c13ff26fb144a2a6aa3d1302a254f8", "http_status": 200, "body": {"accepted": true, "real_timestamp_ms": 1789216117634, "virtual_time_s": 2157, "measure_result": "no_signal"}}
2026-09-12 20:28:40,838 INFO request {"path": "/measure", "payload": {"arena_id": "default", "robot_id": "202601002029", "request_id": "396e80505010410c9b09655f17b025c9", "position": {"x": 0.0, "y": 1558.8457268119894}, "channel": 5}, "attempt": 1}
2026-09-12 20:28:40,840 INFO response {"request_id": "396e80505010410c9b09655f17b025c9", "http_status": 200, "body": {"accepted": true, "real_timestamp_ms": 1789216117652, "virtual_time_s": 2163, "measure_result": "no_signal"}}
2026-09-12 20:28:40,871 INFO request {"path": "/measure", "payload": {"arena_id": "default", "robot_id": "202601002029", "request_id": "d291750b972648efbba0568ce9235525", "position": {"x": 0.0, "y": 1558.8457268119894}, "channel": 7}, "attempt": 1}
2026-09-12 20:28:40,891 INFO response {"request_id": "d291750b972648efbba0568ce9235525", "http_status": 200, "body": {"accepted": true, "real_timestamp_ms": 1789216117703, "virtual_time_s": 2169, "measure_result": "no_signal"}}
2026-09-12 20:28:40,906 INFO request {"path": "/measure", "payload": {"arena_id": "default", "robot_id": "202601002029", "request_id": "cb13a4950e7c4143900f4547d137f1d2", "position": {"x": 0.0, "y": 1558.8457268119894}, "channel": 8}, "attempt": 1}
2026-09-12 20:28:40,921 INFO response {"request_id": "cb13a4950e7c4143900f4547d137f1d2", "http_status": 200, "body": {"accepted": true, "real_timestamp_ms": 1789216117733, "virtual_time_s": 2175, "measure_result": "no_signal"}}
2026-09-12 20:28:40,936 INFO request {"path": "/measure", "payload": {"arena_id": "default", "robot_id": "202601002029", "request_id": "d71503593e714f98b7a48b6c12ec8cf0", "position": {"x": 0.0, "y": 1558.8457268119894}, "channel": 9}, "attempt": 1}
2026-09-12 20:28:40,939 INFO response {"request_id": "d71503593e714f98b7a48b6c12ec8cf0", "http_status": 200, "body": {"accepted": true, "real_timestamp_ms": 1789216117750, "virtual_time_s": 2181, "measure_result": "no_signal"}}
2026-09-12 20:28:40,970 INFO request {"path": "/measure", "payload": {"arena_id": "default", "robot_id": "202601002029", "request_id": "43629390655e421296b3ccabe7e48e50", "position": {"x": 0.0, "y": 1558.8457268119894}, "channel": 12}, "attempt": 1}
2026-09-12 20:28:40,972 INFO response {"request_id": "43629390655e421296b3ccabe7e48e50", "http_status": 200, "body": {"accepted": true, "real_timestamp_ms": 1789216117784, "virtual_time_s": 2187, "measure_result": "no_signal"}}
2026-09-12 20:28:40,988 INFO request {"path": "/measure", "payload": {"arena_id": "default", "robot_id": "202601002029", "request_id": "d5a37f1c4ced41f8ac997b9f51612e6c", "position": {"x": 0.0, "y": 1558.8457268119894}, "channel": 13}, "attempt": 1}
2026-09-12 20:28:40,990 INFO response {"request_id": "d5a37f1c4ced41f8ac997b9f51612e6c", "http_status": 200, "body": {"accepted": true, "real_timestamp_ms": 1789216117802, "virtual_time_s": 2193, "measure_result": "no_signal"}}
2026-09-12 20:28:41,021 INFO request {"path": "/measure", "payload": {"arena_id": "default", "robot_id": "202601002029", "request_id": "a5d2c60fbffa4507923ea009579baf94", "position": {"x": 0.0, "y": 1558.8457268119894}, "channel": 14}, "attempt": 1}
2026-09-12 20:28:41,037 INFO response {"request_id": "a5d2c60fbffa4507923ea009579baf94", "http_status": 200, "body": {"accepted": true, "real_timestamp_ms": 1789216117848, "virtual_time_s": 2199, "measure_result": "no_signal"}}
2026-09-12 20:28:41,052 INFO request {"path": "/measure", "payload": {"arena_id": "default", "robot_id": "202601002029", "request_id": "88d2f51d051e4a8f8439ead2bea52f2a", "position": {"x": 0.0, "y": 1558.8457268119894}, "channel": 15}, "attempt": 1}
2026-09-12 20:28:41,054 INFO response {"request_id": "88d2f51d051e4a8f8439ead2bea52f2a", "http_status": 200, "body": {"accepted": true, "real_timestamp_ms": 1789216117865, "virtual_time_s": 2205, "measure_result": "no_signal"}}
2026-09-12 20:28:41,085 INFO request {"path": "/measure", "payload": {"arena_id": "default", "robot_id": "202601002029", "request_id": "0abba87c61a84e9190b644b84afd3fa0", "position": {"x": 0.0, "y": 1558.8457268119894}, "channel": 18}, "attempt": 1}
2026-09-12 20:28:41,088 INFO response {"request_id": "0abba87c61a84e9190b644b84afd3fa0", "http_status": 200, "body": {"accepted": true, "real_timestamp_ms": 1789216117899, "virtual_time_s": 2211, "measure_result": "no_signal"}}
2026-09-12 20:28:41,121 INFO request {"path": "/measure", "payload": {"arena_id": "default", "robot_id": "202601002029", "request_id": "81b1b90a805f49ec8f39c4158b5a8247", "position": {"x": -450.0, "y": 2338.268590217984}, "channel": 18}, "attempt": 1}
2026-09-12 20:28:41,137 INFO response {"request_id": "81b1b90a805f49ec8f39c4158b5a8247", "http_status": 200, "body": {"accepted": true, "real_timestamp_ms": 1789216117948, "virtual_time_s": 2396, "measure_result": "no_signal"}}
2026-09-12 20:28:41,152 INFO request {"path": "/measure", "payload": {"arena_id": "default", "robot_id": "202601002029", "request_id": "3ed7b170261445648d83e6ed9af66b4e", "position": {"x": -450.0, "y": 2338.268590217984}, "channel": 1}, "attempt": 1}
2026-09-12 20:28:41,154 INFO response {"request_id": "3ed7b170261445648d83e6ed9af66b4e", "http_status": 200, "body": {"accepted": true, "real_timestamp_ms": 1789216117965, "virtual_time_s": 2402, "measure_result": "no_signal"}}
2026-09-12 20:28:41,185 INFO request {"path": "/measure", "payload": {"arena_id": "default", "robot_id": "202601002029", "request_id": "637a88173a294708970270fea2971fbe", "position": {"x": -450.0, "y": 2338.268590217984}, "channel": 3}, "attempt": 1}
2026-09-12 20:28:41,203 INFO response {"request_id": "637a88173a294708970270fea2971fbe", "http_status": 200, "body": {"accepted": true, "real_timestamp_ms": 1789216118015, "virtual_time_s": 2408, "measure_result": "no_signal"}}
2026-09-12 20:28:41,220 INFO request {"path": "/measure", "payload": {"arena_id": "default", "robot_id": "202601002029", "request_id": "abbd7f428e6b45ecaec8600409850ffd", "position": {"x": -450.0, "y": 2338.268590217984}, "channel": 5}, "attempt": 1}
2026-09-12 20:28:41,221 INFO response {"request_id": "abbd7f428e6b45ecaec8600409850ffd", "http_status": 200, "body": {"accepted": true, "real_timestamp_ms": 1789216118033, "virtual_time_s": 2414, "measure_result": "no_signal"}}
2026-09-12 20:28:41,238 INFO request {"path": "/measure", "payload": {"arena_id": "default", "robot_id": "202601002029", "request_id": "5cea38ab5cd04a8eb0a7d8af7fddef09", "position": {"x": -450.0, "y": 2338.268590217984}, "channel": 7}, "attempt": 1}
2026-09-12 20:28:41,240 INFO response {"request_id": "5cea38ab5cd04a8eb0a7d8af7fddef09", "http_status": 200, "body": {"accepted": true, "real_timestamp_ms": 1789216118051, "virtual_time_s": 2420, "measure_result": "no_signal"}}
2026-09-12 20:28:41,255 INFO request {"path": "/measure", "payload": {"arena_id": "default", "robot_id": "202601002029", "request_id": "8577493a89de4a9f9264c877a500d034", "position": {"x": -450.0, "y": 2338.268590217984}, "channel": 8}, "attempt": 1}
2026-09-12 20:28:41,256 INFO response {"request_id": "8577493a89de4a9f9264c877a500d034", "http_status": 200, "body": {"accepted": true, "real_timestamp_ms": 1789216118068, "virtual_time_s": 2426, "measure_result": "no_signal"}}
2026-09-12 20:28:41,288 INFO request {"path": "/measure", "payload": {"arena_id": "default", "robot_id": "202601002029", "request_id": "0cbdaacee20f43ba82e6bd3a77b1f3da", "position": {"x": -450.0, "y": 2338.268590217984}, "channel": 9}, "attempt": 1}
2026-09-12 20:28:41,289 INFO response {"request_id": "0cbdaacee20f43ba82e6bd3a77b1f3da", "http_status": 200, "body": {"accepted": true, "real_timestamp_ms": 1789216118101, "virtual_time_s": 2432, "measure_result": "no_signal"}}
2026-09-12 20:28:41,319 INFO request {"path": "/measure", "payload": {"arena_id": "default", "robot_id": "202601002029", "request_id": "7346f2f155eb466b91d4f8be80ceb760", "position": {"x": -450.0, "y": 2338.268590217984}, "channel": 12}, "attempt": 1}
2026-09-12 20:28:41,322 INFO response {"request_id": "7346f2f155eb466b91d4f8be80ceb760", "http_status": 200, "body": {"accepted": true, "real_timestamp_ms": 1789216118133, "virtual_time_s": 2438, "measure_result": "no_signal"}}
2026-09-12 20:28:41,353 INFO request {"path": "/measure", "payload": {"arena_id": "default", "robot_id": "202601002029", "request_id": "29ba73f53cde4d73b41aef361b77cc7b", "position": {"x": -450.0, "y": 2338.268590217984}, "channel": 13}, "attempt": 1}
2026-09-12 20:28:41,370 INFO response {"request_id": "29ba73f53cde4d73b41aef361b77cc7b", "http_status": 200, "body": {"accepted": true, "real_timestamp_ms": 1789216118182, "virtual_time_s": 2444, "measure_result": "no_signal"}}
2026-09-12 20:28:41,384 INFO request {"path": "/measure", "payload": {"arena_id": "default", "robot_id": "202601002029", "request_id": "798381f1bf774c9780325d159c897935", "position": {"x": -450.0, "y": 2338.268590217984}, "channel": 14}, "attempt": 1}
2026-09-12 20:28:41,385 INFO response {"request_id": "798381f1bf774c9780325d159c897935", "http_status": 200, "body": {"accepted": true, "real_timestamp_ms": 1789216118197, "virtual_time_s": 2450, "measure_result": "no_signal"}}
2026-09-12 20:28:41,416 INFO request {"path": "/measure", "payload": {"arena_id": "default", "robot_id": "202601002029", "request_id": "cf8d43ecd6a4454e8169c7f085ce0f6b", "position": {"x": -450.0, "y": 2338.268590217984}, "channel": 15}, "attempt": 1}
2026-09-12 20:28:41,429 INFO response {"request_id": "cf8d43ecd6a4454e8169c7f085ce0f6b", "http_status": 200, "body": {"accepted": true, "real_timestamp_ms": 1789216118241, "virtual_time_s": 2456, "measure_result": "no_signal"}}
2026-09-12 20:28:41,444 INFO request {"path": "/measure", "payload": {"arena_id": "default", "robot_id": "202601002029", "request_id": "2bfe9605e914438e925788d3bbdedf64", "position": {"x": -1350.0, "y": 2338.268590217984}, "channel": 15}, "attempt": 1}
2026-09-12 20:28:41,459 INFO response {"request_id": "2bfe9605e914438e925788d3bbdedf64", "http_status": 200, "body": {"accepted": true, "real_timestamp_ms": 1789216118271, "virtual_time_s": 2641, "measure_result": "no_signal"}}
2026-09-12 20:28:41,474 INFO request {"path": "/measure", "payload": {"arena_id": "default", "robot_id": "202601002029", "request_id": "2c2f5cfae45c45d997b2bf4a17f510ec", "position": {"x": -1350.0, "y": 2338.268590217984}, "channel": 1}, "attempt": 1}
2026-09-12 20:28:41,475 INFO response {"request_id": "2c2f5cfae45c45d997b2bf4a17f510ec", "http_status": 200, "body": {"accepted": true, "real_timestamp_ms": 1789216118287, "virtual_time_s": 2647, "measure_result": "no_signal"}}
2026-09-12 20:28:41,506 INFO request {"path": "/measure", "payload": {"arena_id": "default", "robot_id": "202601002029", "request_id": "e8fcdaff0cca4d1f926888c9858c7024", "position": {"x": -1350.0, "y": 2338.268590217984}, "channel": 3}, "attempt": 1}
2026-09-12 20:28:41,507 INFO response {"request_id": "e8fcdaff0cca4d1f926888c9858c7024", "http_status": 200, "body": {"accepted": true, "real_timestamp_ms": 1789216118319, "virtual_time_s": 2653, "measure_result": "no_signal"}}
2026-09-12 20:28:41,538 INFO request {"path": "/measure", "payload": {"arena_id": "default", "robot_id": "202601002029", "request_id": "96ccf1ff09964c2ebb5442a75680bade", "position": {"x": -1350.0, "y": 2338.268590217984}, "channel": 5}, "attempt": 1}
2026-09-12 20:28:41,558 INFO response {"request_id": "96ccf1ff09964c2ebb5442a75680bade", "http_status": 200, "body": {"accepted": true, "real_timestamp_ms": 1789216118370, "virtual_time_s": 2659, "measure_result": "no_signal"}}
2026-09-12 20:28:41,573 INFO request {"path": "/measure", "payload": {"arena_id": "default", "robot_id": "202601002029", "request_id": "1e58812aaa084136b3b0fee89871d3f7", "position": {"x": -1350.0, "y": 2338.268590217984}, "channel": 7}, "attempt": 1}
2026-09-12 20:28:41,574 INFO response {"request_id": "1e58812aaa084136b3b0fee89871d3f7", "http_status": 200, "body": {"accepted": true, "real_timestamp_ms": 1789216118386, "virtual_time_s": 2665, "measure_result": "no_signal"}}
2026-09-12 20:28:41,605 INFO request {"path": "/measure", "payload": {"arena_id": "default", "robot_id": "202601002029", "request_id": "202934dbf64441f78a166470274e81f4", "position": {"x": -1350.0, "y": 2338.268590217984}, "channel": 8}, "attempt": 1}
2026-09-12 20:28:41,619 INFO response {"request_id": "202934dbf64441f78a166470274e81f4", "http_status": 200, "body": {"accepted": true, "real_timestamp_ms": 1789216118431, "virtual_time_s": 2671, "measure_result": "no_signal"}}
2026-09-12 20:28:41,633 INFO request {"path": "/measure", "payload": {"arena_id": "default", "robot_id": "202601002029", "request_id": "b3ffadab1dfb45c19c4a7dbf95486f86", "position": {"x": -1350.0, "y": 2338.268590217984}, "channel": 9}, "attempt": 1}
2026-09-12 20:28:41,648 INFO response {"request_id": "b3ffadab1dfb45c19c4a7dbf95486f86", "http_status": 200, "body": {"accepted": true, "real_timestamp_ms": 1789216118460, "virtual_time_s": 2677, "measure_result": "no_signal"}}
2026-09-12 20:28:41,664 INFO request {"path": "/measure", "payload": {"arena_id": "default", "robot_id": "202601002029", "request_id": "0d3849b08d684ae19d66204b64573792", "position": {"x": -1350.0, "y": 2338.268590217984}, "channel": 12}, "attempt": 1}
2026-09-12 20:28:41,666 INFO response {"request_id": "0d3849b08d684ae19d66204b64573792", "http_status": 200, "body": {"accepted": true, "real_timestamp_ms": 1789216118477, "virtual_time_s": 2683, "measure_result": "no_signal"}}
2026-09-12 20:28:41,697 INFO request {"path": "/measure", "payload": {"arena_id": "default", "robot_id": "202601002029", "request_id": "486a95c264364e07af494b4d37b673af", "position": {"x": -1350.0, "y": 2338.268590217984}, "channel": 13}, "attempt": 1}
2026-09-12 20:28:41,699 INFO response {"request_id": "486a95c264364e07af494b4d37b673af", "http_status": 200, "body": {"accepted": true, "real_timestamp_ms": 1789216118511, "virtual_time_s": 2689, "measure_result": "no_signal"}}
2026-09-12 20:28:41,730 INFO request {"path": "/measure", "payload": {"arena_id": "default", "robot_id": "202601002029", "request_id": "abc7f3e06cc6490bb68faef86f9aeae1", "position": {"x": -1350.0, "y": 2338.268590217984}, "channel": 14}, "attempt": 1}
2026-09-12 20:28:41,732 INFO response {"request_id": "abc7f3e06cc6490bb68faef86f9aeae1", "http_status": 200, "body": {"accepted": true, "real_timestamp_ms": 1789216118544, "virtual_time_s": 2695, "measure_result": "no_signal"}}
2026-09-12 20:28:41,763 INFO request {"path": "/measure", "payload": {"arena_id": "default", "robot_id": "202601002029", "request_id": "aed0cd40c68946458693ebba5a9305a0", "position": {"x": -1350.0, "y": 2338.268590217984}, "channel": 18}, "attempt": 1}
2026-09-12 20:28:41,775 INFO response {"request_id": "aed0cd40c68946458693ebba5a9305a0", "http_status": 200, "body": {"accepted": true, "real_timestamp_ms": 1789216118587, "virtual_time_s": 2701, "measure_result": "no_signal"}}
2026-09-12 20:28:41,793 INFO request {"path": "/measure", "payload": {"arena_id": "default", "robot_id": "202601002029", "request_id": "37044b75d4be47f4b017af08681d62fb", "position": {"x": -1800.0, "y": 1558.8457268119894}, "channel": 18}, "attempt": 1}
2026-09-12 20:28:41,803 INFO response {"request_id": "37044b75d4be47f4b017af08681d62fb", "http_status": 200, "body": {"accepted": true, "real_timestamp_ms": 1789216118615, "virtual_time_s": 2886, "measure_result": "no_signal"}}
2026-09-12 20:28:41,818 INFO request {"path": "/measure", "payload": {"arena_id": "default", "robot_id": "202601002029", "request_id": "d5877d75e86048ac8a68796614734951", "position": {"x": -1800.0, "y": 1558.8457268119894}, "channel": 1}, "attempt": 1}
2026-09-12 20:28:41,819 INFO response {"request_id": "d5877d75e86048ac8a68796614734951", "http_status": 200, "body": {"accepted": true, "real_timestamp_ms": 1789216118631, "virtual_time_s": 2892, "measure_result": "no_signal"}}
2026-09-12 20:28:41,850 INFO request {"path": "/measure", "payload": {"arena_id": "default", "robot_id": "202601002029", "request_id": "ef9da12fbb464765b5e37b04452cef77", "position": {"x": -1800.0, "y": 1558.8457268119894}, "channel": 3}, "attempt": 1}
2026-09-12 20:28:41,863 INFO response {"request_id": "ef9da12fbb464765b5e37b04452cef77", "http_status": 200, "body": {"accepted": true, "real_timestamp_ms": 1789216118675, "virtual_time_s": 2898, "measure_result": "no_signal"}}
2026-09-12 20:28:41,878 INFO request {"path": "/measure", "payload": {"arena_id": "default", "robot_id": "202601002029", "request_id": "639e91d32c68438c8c59635792b5e57f", "position": {"x": -1800.0, "y": 1558.8457268119894}, "channel": 5}, "attempt": 1}
2026-09-12 20:28:41,894 INFO response {"request_id": "639e91d32c68438c8c59635792b5e57f", "http_status": 200, "body": {"accepted": true, "real_timestamp_ms": 1789216118706, "virtual_time_s": 2904, "measure_result": "no_signal"}}
2026-09-12 20:28:41,894 INFO request {"path": "/measure", "payload": {"arena_id": "default", "robot_id": "202601002029", "request_id": "131ef59ce7764af8b43f9e89059a8339", "position": {"x": -1800.0, "y": 1558.8457268119894}, "channel": 7}, "attempt": 1}
2026-09-12 20:28:41,914 INFO response {"request_id": "131ef59ce7764af8b43f9e89059a8339", "http_status": 200, "body": {"accepted": true, "real_timestamp_ms": 1789216118726, "virtual_time_s": 2910, "measure_result": "no_signal"}}
2026-09-12 20:28:41,929 INFO request {"path": "/measure", "payload": {"arena_id": "default", "robot_id": "202601002029", "request_id": "3622e633160348fcb85e8411e56a269d", "position": {"x": -1800.0, "y": 1558.8457268119894}, "channel": 8}, "attempt": 1}
2026-09-12 20:28:41,944 INFO response {"request_id": "3622e633160348fcb85e8411e56a269d", "http_status": 200, "body": {"accepted": true, "real_timestamp_ms": 1789216118756, "virtual_time_s": 2916, "measure_result": "no_signal"}}
2026-09-12 20:28:41,960 INFO request {"path": "/measure", "payload": {"arena_id": "default", "robot_id": "202601002029", "request_id": "0a3cebd0b8a547c0bf679d7234c29a15", "position": {"x": -1800.0, "y": 1558.8457268119894}, "channel": 9}, "attempt": 1}
2026-09-12 20:28:41,961 INFO response {"request_id": "0a3cebd0b8a547c0bf679d7234c29a15", "http_status": 200, "body": {"accepted": true, "real_timestamp_ms": 1789216118773, "virtual_time_s": 2922, "measure_result": "no_signal"}}
2026-09-12 20:28:41,992 INFO request {"path": "/measure", "payload": {"arena_id": "default", "robot_id": "202601002029", "request_id": "06d402af97984f71a21b75623a6a5f35", "position": {"x": -1800.0, "y": 1558.8457268119894}, "channel": 12}, "attempt": 1}
2026-09-12 20:28:41,994 INFO response {"request_id": "06d402af97984f71a21b75623a6a5f35", "http_status": 200, "body": {"accepted": true, "real_timestamp_ms": 1789216118805, "virtual_time_s": 2928, "measure_result": "no_signal"}}
2026-09-12 20:28:42,026 INFO request {"path": "/measure", "payload": {"arena_id": "default", "robot_id": "202601002029", "request_id": "65926d28ef374105b833aa58425c667d", "position": {"x": -1800.0, "y": 1558.8457268119894}, "channel": 13}, "attempt": 1}
2026-09-12 20:28:42,028 INFO response {"request_id": "65926d28ef374105b833aa58425c667d", "http_status": 200, "body": {"accepted": true, "real_timestamp_ms": 1789216118839, "virtual_time_s": 2934, "measure_result": "no_signal"}}
2026-09-12 20:28:42,058 INFO request {"path": "/measure", "payload": {"arena_id": "default", "robot_id": "202601002029", "request_id": "d126db659e4b4fe2b39491833b36c840", "position": {"x": -1800.0, "y": 1558.8457268119894}, "channel": 14}, "attempt": 1}
2026-09-12 20:28:42,070 INFO response {"request_id": "d126db659e4b4fe2b39491833b36c840", "http_status": 200, "body": {"accepted": true, "real_timestamp_ms": 1789216118882, "virtual_time_s": 2940, "measure_result": "no_signal"}}
2026-09-12 20:28:42,086 INFO request {"path": "/measure", "payload": {"arena_id": "default", "robot_id": "202601002029", "request_id": "18236dc1fcfc4d389d023aa9756f4b7f", "position": {"x": -1800.0, "y": 1558.8457268119894}, "channel": 15}, "attempt": 1}
2026-09-12 20:28:42,099 INFO response {"request_id": "18236dc1fcfc4d389d023aa9756f4b7f", "http_status": 200, "body": {"accepted": true, "real_timestamp_ms": 1789216118911, "virtual_time_s": 2946, "measure_result": "no_signal"}}
2026-09-12 20:28:42,118 INFO request {"path": "/measure", "payload": {"arena_id": "default", "robot_id": "202601002029", "request_id": "c85933d67fc94fdaa848098c8d00b3ae", "position": {"x": -900.0, "y": 1558.8457268119894}, "channel": 15}, "attempt": 1}
2026-09-12 20:28:42,120 INFO response {"request_id": "c85933d67fc94fdaa848098c8d00b3ae", "http_status": 200, "body": {"accepted": true, "real_timestamp_ms": 1789216118932, "virtual_time_s": 3131, "measure_result": "no_signal"}}
2026-09-12 20:28:42,151 INFO request {"path": "/measure", "payload": {"arena_id": "default", "robot_id": "202601002029", "request_id": "bce531d8117c43bc9bc826a09f984c85", "position": {"x": -900.0, "y": 1558.8457268119894}, "channel": 1}, "attempt": 1}
2026-09-12 20:28:42,169 INFO response {"request_id": "bce531d8117c43bc9bc826a09f984c85", "http_status": 200, "body": {"accepted": true, "real_timestamp_ms": 1789216118981, "virtual_time_s": 3137, "measure_result": "no_signal"}}
2026-09-12 20:28:42,184 INFO request {"path": "/measure", "payload": {"arena_id": "default", "robot_id": "202601002029", "request_id": "77963be14e9f4580bf3f63f26632a7c2", "position": {"x": -900.0, "y": 1558.8457268119894}, "channel": 3}, "attempt": 1}
2026-09-12 20:28:42,198 INFO response {"request_id": "77963be14e9f4580bf3f63f26632a7c2", "http_status": 200, "body": {"accepted": true, "real_timestamp_ms": 1789216119010, "virtual_time_s": 3143, "measure_result": "no_signal"}}
2026-09-12 20:28:42,214 INFO request {"path": "/measure", "payload": {"arena_id": "default", "robot_id": "202601002029", "request_id": "59a561fcf5da442d82743621912c3704", "position": {"x": -900.0, "y": 1558.8457268119894}, "channel": 5}, "attempt": 1}
2026-09-12 20:28:42,228 INFO response {"request_id": "59a561fcf5da442d82743621912c3704", "http_status": 200, "body": {"accepted": true, "real_timestamp_ms": 1789216119040, "virtual_time_s": 3149, "measure_result": "no_signal"}}
2026-09-12 20:28:42,244 INFO request {"path": "/measure", "payload": {"arena_id": "default", "robot_id": "202601002029", "request_id": "81858fb1cc4d4ea89b3d91b5d1d8f2de", "position": {"x": -900.0, "y": 1558.8457268119894}, "channel": 7}, "attempt": 1}
2026-09-12 20:28:42,258 INFO response {"request_id": "81858fb1cc4d4ea89b3d91b5d1d8f2de", "http_status": 200, "body": {"accepted": true, "real_timestamp_ms": 1789216119070, "virtual_time_s": 3155, "measure_result": "no_signal"}}
2026-09-12 20:28:42,273 INFO request {"path": "/measure", "payload": {"arena_id": "default", "robot_id": "202601002029", "request_id": "a58d4984d0884cb38afb4c5e14a8c431", "position": {"x": -900.0, "y": 1558.8457268119894}, "channel": 8}, "attempt": 1}
2026-09-12 20:28:42,275 INFO response {"request_id": "a58d4984d0884cb38afb4c5e14a8c431", "http_status": 200, "body": {"accepted": true, "real_timestamp_ms": 1789216119087, "virtual_time_s": 3161, "measure_result": "no_signal"}}
2026-09-12 20:28:42,306 INFO request {"path": "/measure", "payload": {"arena_id": "default", "robot_id": "202601002029", "request_id": "a73f921cac874fe2a4cb831738115ba8", "position": {"x": -900.0, "y": 1558.8457268119894}, "channel": 9}, "attempt": 1}
2026-09-12 20:28:42,307 INFO response {"request_id": "a73f921cac874fe2a4cb831738115ba8", "http_status": 200, "body": {"accepted": true, "real_timestamp_ms": 1789216119119, "virtual_time_s": 3167, "measure_result": "no_signal"}}
2026-09-12 20:28:42,338 INFO request {"path": "/measure", "payload": {"arena_id": "default", "robot_id": "202601002029", "request_id": "16ffabc88ec943eda37b0eecfa115e62", "position": {"x": -900.0, "y": 1558.8457268119894}, "channel": 12}, "attempt": 1}
2026-09-12 20:28:42,357 INFO response {"request_id": "16ffabc88ec943eda37b0eecfa115e62", "http_status": 200, "body": {"accepted": true, "real_timestamp_ms": 1789216119169, "virtual_time_s": 3173, "measure_result": "no_signal"}}
2026-09-12 20:28:42,373 INFO request {"path": "/measure", "payload": {"arena_id": "default", "robot_id": "202601002029", "request_id": "f14e6753a08a49058dc9cff510c2e87a", "position": {"x": -900.0, "y": 1558.8457268119894}, "channel": 13}, "attempt": 1}
2026-09-12 20:28:42,375 INFO response {"request_id": "f14e6753a08a49058dc9cff510c2e87a", "http_status": 200, "body": {"accepted": true, "real_timestamp_ms": 1789216119187, "virtual_time_s": 3179, "measure_result": "no_signal"}}
2026-09-12 20:28:42,406 INFO request {"path": "/measure", "payload": {"arena_id": "default", "robot_id": "202601002029", "request_id": "06896533f1a94ba38e163a06ddd7f539", "position": {"x": -900.0, "y": 1558.8457268119894}, "channel": 14}, "attempt": 1}
2026-09-12 20:28:42,427 INFO response {"request_id": "06896533f1a94ba38e163a06ddd7f539", "http_status": 200, "body": {"accepted": true, "real_timestamp_ms": 1789216119239, "virtual_time_s": 3185, "measure_result": "no_signal"}}
2026-09-12 20:28:42,427 INFO request {"path": "/measure", "payload": {"arena_id": "default", "robot_id": "202601002029", "request_id": "9c7d93e643a24f1da731961de169d057", "position": {"x": -900.0, "y": 1558.8457268119894}, "channel": 18}, "attempt": 1}
2026-09-12 20:28:42,447 INFO response {"request_id": "9c7d93e643a24f1da731961de169d057", "http_status": 200, "body": {"accepted": true, "real_timestamp_ms": 1789216119259, "virtual_time_s": 3191, "measure_result": "no_signal"}}
2026-09-12 20:28:42,466 INFO request {"path": "/measure", "payload": {"arena_id": "default", "robot_id": "202601002029", "request_id": "b3a97b7c242b4bfc8c305a7421714322", "position": {"x": -450.0, "y": 779.4228634059947}, "channel": 18}, "attempt": 1}
2026-09-12 20:28:42,469 INFO response {"request_id": "b3a97b7c242b4bfc8c305a7421714322", "http_status": 200, "body": {"accepted": true, "real_timestamp_ms": 1789216119280, "virtual_time_s": 3376, "measure_result": "no_signal"}}
2026-09-12 20:28:42,500 INFO request {"path": "/measure", "payload": {"arena_id": "default", "robot_id": "202601002029", "request_id": "1b3fd2cbaee7441597240cfa88dc38b0", "position": {"x": -450.0, "y": 779.4228634059947}, "channel": 1}, "attempt": 1}
2026-09-12 20:28:42,502 INFO response {"request_id": "1b3fd2cbaee7441597240cfa88dc38b0", "http_status": 200, "body": {"accepted": true, "real_timestamp_ms": 1789216119313, "virtual_time_s": 3382, "measure_result": "no_signal"}}
2026-09-12 20:28:42,533 INFO request {"path": "/measure", "payload": {"arena_id": "default", "robot_id": "202601002029", "request_id": "10d9c65e3cba4f2cb11d1984f1349c2f", "position": {"x": -450.0, "y": 779.4228634059947}, "channel": 3}, "attempt": 1}
2026-09-12 20:28:42,546 INFO response {"request_id": "10d9c65e3cba4f2cb11d1984f1349c2f", "http_status": 200, "body": {"accepted": true, "real_timestamp_ms": 1789216119358, "virtual_time_s": 3388, "measure_result": "no_signal"}}
2026-09-12 20:28:42,561 INFO request {"path": "/measure", "payload": {"arena_id": "default", "robot_id": "202601002029", "request_id": "1ae57c2de14c444aacd702f934fb9543", "position": {"x": -450.0, "y": 779.4228634059947}, "channel": 5}, "attempt": 1}
2026-09-12 20:28:42,562 INFO response {"request_id": "1ae57c2de14c444aacd702f934fb9543", "http_status": 200, "body": {"accepted": true, "real_timestamp_ms": 1789216119374, "virtual_time_s": 3394, "measure_result": "no_signal"}}
2026-09-12 20:28:42,593 INFO request {"path": "/measure", "payload": {"arena_id": "default", "robot_id": "202601002029", "request_id": "8dd0ca3b80f04e34bfcc913188b678ad", "position": {"x": -450.0, "y": 779.4228634059947}, "channel": 7}, "attempt": 1}
2026-09-12 20:28:42,604 INFO response {"request_id": "8dd0ca3b80f04e34bfcc913188b678ad", "http_status": 200, "body": {"accepted": true, "real_timestamp_ms": 1789216119417, "virtual_time_s": 3400, "measure_result": "no_signal"}}
2026-09-12 20:28:42,620 INFO request {"path": "/measure", "payload": {"arena_id": "default", "robot_id": "202601002029", "request_id": "4c284f721929482da93a6381c8f5ca30", "position": {"x": -450.0, "y": 779.4228634059947}, "channel": 8}, "attempt": 1}
2026-09-12 20:28:42,621 INFO response {"request_id": "4c284f721929482da93a6381c8f5ca30", "http_status": 200, "body": {"accepted": true, "real_timestamp_ms": 1789216119433, "virtual_time_s": 3406, "measure_result": "no_signal"}}
2026-09-12 20:28:42,652 INFO request {"path": "/measure", "payload": {"arena_id": "default", "robot_id": "202601002029", "request_id": "3ccfee0ded4540349b64bfa49fd9367e", "position": {"x": -450.0, "y": 779.4228634059947}, "channel": 9}, "attempt": 1}
2026-09-12 20:28:42,663 INFO response {"request_id": "3ccfee0ded4540349b64bfa49fd9367e", "http_status": 200, "body": {"accepted": true, "real_timestamp_ms": 1789216119475, "virtual_time_s": 3412, "measure_result": "no_signal"}}
2026-09-12 20:28:42,678 INFO request {"path": "/measure", "payload": {"arena_id": "default", "robot_id": "202601002029", "request_id": "4a89018a100740be82143ddd3e8d75ca", "position": {"x": -450.0, "y": 779.4228634059947}, "channel": 12}, "attempt": 1}
2026-09-12 20:28:42,693 INFO response {"request_id": "4a89018a100740be82143ddd3e8d75ca", "http_status": 200, "body": {"accepted": true, "real_timestamp_ms": 1789216119505, "virtual_time_s": 3418, "measure_result": "no_signal"}}
2026-09-12 20:28:42,709 INFO request {"path": "/measure", "payload": {"arena_id": "default", "robot_id": "202601002029", "request_id": "7c4a6798cda24ef6a03a01ec88588c80", "position": {"x": -450.0, "y": 779.4228634059947}, "channel": 13}, "attempt": 1}
2026-09-12 20:28:42,722 INFO response {"request_id": "7c4a6798cda24ef6a03a01ec88588c80", "http_status": 200, "body": {"accepted": true, "real_timestamp_ms": 1789216119534, "virtual_time_s": 3424, "measure_result": "no_signal"}}
2026-09-12 20:28:42,738 INFO request {"path": "/measure", "payload": {"arena_id": "default", "robot_id": "202601002029", "request_id": "76672e913c964ba5a590ce89e91cb74b", "position": {"x": -450.0, "y": 779.4228634059947}, "channel": 14}, "attempt": 1}
2026-09-12 20:28:42,739 INFO response {"request_id": "76672e913c964ba5a590ce89e91cb74b", "http_status": 200, "body": {"accepted": true, "real_timestamp_ms": 1789216119551, "virtual_time_s": 3430, "measure_result": "no_signal"}}
2026-09-12 20:28:42,770 INFO request {"path": "/measure", "payload": {"arena_id": "default", "robot_id": "202601002029", "request_id": "fbd4e466e71d4fd2b09c0fc1cba8186f", "position": {"x": -450.0, "y": 779.4228634059947}, "channel": 15}, "attempt": 1}
2026-09-12 20:28:42,771 INFO response {"request_id": "fbd4e466e71d4fd2b09c0fc1cba8186f", "http_status": 200, "body": {"accepted": true, "real_timestamp_ms": 1789216119583, "virtual_time_s": 3436, "measure_result": "no_signal"}}
2026-09-12 20:28:42,805 INFO request {"path": "/measure", "payload": {"arena_id": "default", "robot_id": "202601002029", "request_id": "c79c90e2627843809d8ba0f7edd1d911", "position": {"x": -900.0, "y": 0.0}, "channel": 15}, "attempt": 1}
2026-09-12 20:28:42,806 INFO response {"request_id": "c79c90e2627843809d8ba0f7edd1d911", "http_status": 200, "body": {"accepted": true, "real_timestamp_ms": 1789216119618, "virtual_time_s": 3621, "measure_result": "no_signal"}}
2026-09-12 20:28:42,837 INFO request {"path": "/measure", "payload": {"arena_id": "default", "robot_id": "202601002029", "request_id": "dd339c0273e848ae9f88dd2079f18a58", "position": {"x": -900.0, "y": 0.0}, "channel": 1}, "attempt": 1}
2026-09-12 20:28:42,839 INFO response {"request_id": "dd339c0273e848ae9f88dd2079f18a58", "http_status": 200, "body": {"accepted": true, "real_timestamp_ms": 1789216119651, "virtual_time_s": 3627, "measure_result": "no_signal"}}
2026-09-12 20:28:42,870 INFO request {"path": "/measure", "payload": {"arena_id": "default", "robot_id": "202601002029", "request_id": "0c6a2c18ae714fd8a971a298a6113f9d", "position": {"x": -900.0, "y": 0.0}, "channel": 3}, "attempt": 1}
2026-09-12 20:28:42,872 INFO response {"request_id": "0c6a2c18ae714fd8a971a298a6113f9d", "http_status": 200, "body": {"accepted": true, "real_timestamp_ms": 1789216119684, "virtual_time_s": 3633, "measure_result": "no_signal"}}
2026-09-12 20:28:42,903 INFO request {"path": "/measure", "payload": {"arena_id": "default", "robot_id": "202601002029", "request_id": "ea2581ec5bbf44009b855b4e4ab3f602", "position": {"x": -900.0, "y": 0.0}, "channel": 5}, "attempt": 1}
2026-09-12 20:28:42,918 INFO response {"request_id": "ea2581ec5bbf44009b855b4e4ab3f602", "http_status": 200, "body": {"accepted": true, "real_timestamp_ms": 1789216119729, "virtual_time_s": 3639, "measure_result": "no_signal"}}
2026-09-12 20:28:42,932 INFO request {"path": "/measure", "payload": {"arena_id": "default", "robot_id": "202601002029", "request_id": "7565f56b41694cc99c32eb4355879a09", "position": {"x": -900.0, "y": 0.0}, "channel": 7}, "attempt": 1}
2026-09-12 20:28:42,934 INFO response {"request_id": "7565f56b41694cc99c32eb4355879a09", "http_status": 200, "body": {"accepted": true, "real_timestamp_ms": 1789216119745, "virtual_time_s": 3645, "measure_result": "no_signal"}}
2026-09-12 20:28:42,964 INFO request {"path": "/measure", "payload": {"arena_id": "default", "robot_id": "202601002029", "request_id": "4b38bccf6c0746c1b1b78297b4e47fc2", "position": {"x": -900.0, "y": 0.0}, "channel": 8}, "attempt": 1}
2026-09-12 20:28:42,976 INFO response {"request_id": "4b38bccf6c0746c1b1b78297b4e47fc2", "http_status": 200, "body": {"accepted": true, "real_timestamp_ms": 1789216119788, "virtual_time_s": 3651, "measure_result": "no_signal"}}
2026-09-12 20:28:42,992 INFO request {"path": "/measure", "payload": {"arena_id": "default", "robot_id": "202601002029", "request_id": "f269f622109d44fab39066f46f0c8c73", "position": {"x": -900.0, "y": 0.0}, "channel": 9}, "attempt": 1}
2026-09-12 20:28:43,007 INFO response {"request_id": "f269f622109d44fab39066f46f0c8c73", "http_status": 200, "body": {"accepted": true, "real_timestamp_ms": 1789216119819, "virtual_time_s": 3657, "measure_result": "no_signal"}}
2026-09-12 20:28:43,022 INFO request {"path": "/measure", "payload": {"arena_id": "default", "robot_id": "202601002029", "request_id": "2690a0ca89ce4ee9897f74f46f6a7876", "position": {"x": -900.0, "y": 0.0}, "channel": 12}, "attempt": 1}
2026-09-12 20:28:43,024 INFO response {"request_id": "2690a0ca89ce4ee9897f74f46f6a7876", "http_status": 200, "body": {"accepted": true, "real_timestamp_ms": 1789216119835, "virtual_time_s": 3663, "measure_result": "no_signal"}}
2026-09-12 20:28:43,055 INFO request {"path": "/measure", "payload": {"arena_id": "default", "robot_id": "202601002029", "request_id": "49fd6fcf1b9e479c8e9838f35090ac7a", "position": {"x": -900.0, "y": 0.0}, "channel": 13}, "attempt": 1}
2026-09-12 20:28:43,075 INFO response {"request_id": "49fd6fcf1b9e479c8e9838f35090ac7a", "http_status": 200, "body": {"accepted": true, "real_timestamp_ms": 1789216119887, "virtual_time_s": 3669, "measure_result": "no_signal"}}
2026-09-12 20:28:43,091 INFO request {"path": "/measure", "payload": {"arena_id": "default", "robot_id": "202601002029", "request_id": "ce2c0e719bb449b3adaa72e5fa03a421", "position": {"x": -900.0, "y": 0.0}, "channel": 14}, "attempt": 1}
2026-09-12 20:28:43,104 INFO response {"request_id": "ce2c0e719bb449b3adaa72e5fa03a421", "http_status": 200, "body": {"accepted": true, "real_timestamp_ms": 1789216119917, "virtual_time_s": 3675, "measure_result": "no_signal"}}
2026-09-12 20:28:43,120 INFO request {"path": "/measure", "payload": {"arena_id": "default", "robot_id": "202601002029", "request_id": "f0d75d27a532491fa73b0f4ad70ffff2", "position": {"x": -900.0, "y": 0.0}, "channel": 18}, "attempt": 1}
2026-09-12 20:28:43,135 INFO response {"request_id": "f0d75d27a532491fa73b0f4ad70ffff2", "http_status": 200, "body": {"accepted": true, "real_timestamp_ms": 1789216119947, "virtual_time_s": 3681, "measure_result": "no_signal"}}
2026-09-12 20:28:43,156 INFO request {"path": "/measure", "payload": {"arena_id": "default", "robot_id": "202601002029", "request_id": "7f5cb3a4bdba4da9a336dc30183a1b38", "position": {"x": -1350.0, "y": 779.4228634059947}, "channel": 18}, "attempt": 1}
2026-09-12 20:28:43,175 INFO response {"request_id": "7f5cb3a4bdba4da9a336dc30183a1b38", "http_status": 200, "body": {"accepted": true, "real_timestamp_ms": 1789216119987, "virtual_time_s": 3866, "measure_result": "no_signal"}}
2026-09-12 20:28:43,175 INFO request {"path": "/measure", "payload": {"arena_id": "default", "robot_id": "202601002029", "request_id": "5d90a87aa746458cb0a118ec7e8f0f4c", "position": {"x": -1350.0, "y": 779.4228634059947}, "channel": 1}, "attempt": 1}
2026-09-12 20:28:43,177 INFO response {"request_id": "5d90a87aa746458cb0a118ec7e8f0f4c", "http_status": 200, "body": {"accepted": true, "real_timestamp_ms": 1789216119989, "virtual_time_s": 3872, "measure_result": "no_signal"}}
2026-09-12 20:28:43,208 INFO request {"path": "/measure", "payload": {"arena_id": "default", "robot_id": "202601002029", "request_id": "7da3daa12a4b472eb500bdda0f30efd0", "position": {"x": -1350.0, "y": 779.4228634059947}, "channel": 3}, "attempt": 1}
2026-09-12 20:28:43,225 INFO response {"request_id": "7da3daa12a4b472eb500bdda0f30efd0", "http_status": 200, "body": {"accepted": true, "real_timestamp_ms": 1789216120036, "virtual_time_s": 3878, "measure_result": "no_signal"}}
2026-09-12 20:28:43,241 INFO request {"path": "/measure", "payload": {"arena_id": "default", "robot_id": "202601002029", "request_id": "589ecb2d357c44a8a0a1a7df86d29360", "position": {"x": -1350.0, "y": 779.4228634059947}, "channel": 5}, "attempt": 1}
2026-09-12 20:28:43,254 INFO response {"request_id": "589ecb2d357c44a8a0a1a7df86d29360", "http_status": 200, "body": {"accepted": true, "real_timestamp_ms": 1789216120065, "virtual_time_s": 3884, "measure_result": "no_signal"}}
2026-09-12 20:28:43,269 INFO request {"path": "/measure", "payload": {"arena_id": "default", "robot_id": "202601002029", "request_id": "e960a2b815274b73953728c79045c7fb", "position": {"x": -1350.0, "y": 779.4228634059947}, "channel": 7}, "attempt": 1}
2026-09-12 20:28:43,283 INFO response {"request_id": "e960a2b815274b73953728c79045c7fb", "http_status": 200, "body": {"accepted": true, "real_timestamp_ms": 1789216120095, "virtual_time_s": 3890, "measure_result": "no_signal"}}
2026-09-12 20:28:43,314 INFO request {"path": "/measure", "payload": {"arena_id": "default", "robot_id": "202601002029", "request_id": "ff93285a60704c2eb7dd128c8e3eb5d5", "position": {"x": -1350.0, "y": 779.4228634059947}, "channel": 8}, "attempt": 1}
2026-09-12 20:28:43,332 INFO response {"request_id": "ff93285a60704c2eb7dd128c8e3eb5d5", "http_status": 200, "body": {"accepted": true, "real_timestamp_ms": 1789216120143, "virtual_time_s": 3896, "measure_result": "no_signal"}}
2026-09-12 20:28:43,332 INFO request {"path": "/measure", "payload": {"arena_id": "default", "robot_id": "202601002029", "request_id": "f0189b5146e246e78dbe6205c9cc7bee", "position": {"x": -1350.0, "y": 779.4228634059947}, "channel": 9}, "attempt": 1}
2026-09-12 20:28:43,335 INFO response {"request_id": "f0189b5146e246e78dbe6205c9cc7bee", "http_status": 200, "body": {"accepted": true, "real_timestamp_ms": 1789216120146, "virtual_time_s": 3902, "measure_result": "no_signal"}}
2026-09-12 20:28:43,365 INFO request {"path": "/measure", "payload": {"arena_id": "default", "robot_id": "202601002029", "request_id": "f3ffb525868f4607bc59352eb893d702", "position": {"x": -1350.0, "y": 779.4228634059947}, "channel": 12}, "attempt": 1}
2026-09-12 20:28:43,368 INFO response {"request_id": "f3ffb525868f4607bc59352eb893d702", "http_status": 200, "body": {"accepted": true, "real_timestamp_ms": 1789216120179, "virtual_time_s": 3908, "measure_result": "direction", "svd_deg": 287.55}}
2026-09-12 20:28:43,404 INFO request {"path": "/measure", "payload": {"arena_id": "default", "robot_id": "202601002029", "request_id": "34569d4064bc443194134b4cf3fdd303", "position": {"x": -1350.0, "y": 779.4228634059947}, "channel": 13}, "attempt": 1}
2026-09-12 20:28:43,405 INFO response {"request_id": "34569d4064bc443194134b4cf3fdd303", "http_status": 200, "body": {"accepted": true, "real_timestamp_ms": 1789216120216, "virtual_time_s": 3914, "measure_result": "no_signal"}}
2026-09-12 20:28:43,435 INFO request {"path": "/measure", "payload": {"arena_id": "default", "robot_id": "202601002029", "request_id": "96de3731e4a54bd5a3de6dadbebefd61", "position": {"x": -1350.0, "y": 779.4228634059947}, "channel": 14}, "attempt": 1}
2026-09-12 20:28:43,450 INFO response {"request_id": "96de3731e4a54bd5a3de6dadbebefd61", "http_status": 200, "body": {"accepted": true, "real_timestamp_ms": 1789216120261, "virtual_time_s": 3920, "measure_result": "no_signal"}}
2026-09-12 20:28:43,466 INFO request {"path": "/measure", "payload": {"arena_id": "default", "robot_id": "202601002029", "request_id": "142af6a160ae4c27a40cc5a7b437402e", "position": {"x": -1350.0, "y": 779.4228634059947}, "channel": 15}, "attempt": 1}
2026-09-12 20:28:43,478 INFO response {"request_id": "142af6a160ae4c27a40cc5a7b437402e", "http_status": 200, "body": {"accepted": true, "real_timestamp_ms": 1789216120289, "virtual_time_s": 3926, "measure_result": "no_signal"}}
2026-09-12 20:28:43,497 INFO request {"path": "/measure", "payload": {"arena_id": "default", "robot_id": "202601002029", "request_id": "ef0cad07f8744ba8a97090a022ab8489", "position": {"x": -1800.0, "y": 0.0}, "channel": 15}, "attempt": 1}
2026-09-12 20:28:43,498 INFO response {"request_id": "ef0cad07f8744ba8a97090a022ab8489", "http_status": 200, "body": {"accepted": true, "real_timestamp_ms": 1789216120310, "virtual_time_s": 4111, "measure_result": "no_signal"}}
2026-09-12 20:28:43,529 INFO request {"path": "/measure", "payload": {"arena_id": "default", "robot_id": "202601002029", "request_id": "839aed6f86eb4a67a0efc44e9cf41579", "position": {"x": -1800.0, "y": 0.0}, "channel": 1}, "attempt": 1}
2026-09-12 20:28:43,548 INFO response {"request_id": "839aed6f86eb4a67a0efc44e9cf41579", "http_status": 200, "body": {"accepted": true, "real_timestamp_ms": 1789216120359, "virtual_time_s": 4117, "measure_result": "no_signal"}}
2026-09-12 20:28:43,562 INFO request {"path": "/measure", "payload": {"arena_id": "default", "robot_id": "202601002029", "request_id": "744d8f1e315243468a0e8edf1397ef1d", "position": {"x": -1800.0, "y": 0.0}, "channel": 3}, "attempt": 1}
2026-09-12 20:28:43,564 INFO response {"request_id": "744d8f1e315243468a0e8edf1397ef1d", "http_status": 200, "body": {"accepted": true, "real_timestamp_ms": 1789216120376, "virtual_time_s": 4123, "measure_result": "no_signal"}}
2026-09-12 20:28:43,595 INFO request {"path": "/measure", "payload": {"arena_id": "default", "robot_id": "202601002029", "request_id": "aebb4a0bac2f4b228cc11edda3a13300", "position": {"x": -1800.0, "y": 0.0}, "channel": 5}, "attempt": 1}
2026-09-12 20:28:43,616 INFO response {"request_id": "aebb4a0bac2f4b228cc11edda3a13300", "http_status": 200, "body": {"accepted": true, "real_timestamp_ms": 1789216120428, "virtual_time_s": 4129, "measure_result": "no_signal"}}
2026-09-12 20:28:43,617 INFO request {"path": "/measure", "payload": {"arena_id": "default", "robot_id": "202601002029", "request_id": "ab1a371ba7dc40bea3da17cfd8d2c064", "position": {"x": -1800.0, "y": 0.0}, "channel": 7}, "attempt": 1}
2026-09-12 20:28:43,635 INFO response {"request_id": "ab1a371ba7dc40bea3da17cfd8d2c064", "http_status": 200, "body": {"accepted": true, "real_timestamp_ms": 1789216120447, "virtual_time_s": 4135, "measure_result": "no_signal"}}
2026-09-12 20:28:43,650 INFO request {"path": "/measure", "payload": {"arena_id": "default", "robot_id": "202601002029", "request_id": "c5f6d10e631847cc9bdb3a1df5c9b886", "position": {"x": -1800.0, "y": 0.0}, "channel": 8}, "attempt": 1}
2026-09-12 20:28:43,651 INFO response {"request_id": "c5f6d10e631847cc9bdb3a1df5c9b886", "http_status": 200, "body": {"accepted": true, "real_timestamp_ms": 1789216120463, "virtual_time_s": 4141, "measure_result": "no_signal"}}
2026-09-12 20:28:43,682 INFO request {"path": "/measure", "payload": {"arena_id": "default", "robot_id": "202601002029", "request_id": "d587604457b44106b2b6793b8fd9e8b4", "position": {"x": -1800.0, "y": 0.0}, "channel": 9}, "attempt": 1}
2026-09-12 20:28:43,694 INFO response {"request_id": "d587604457b44106b2b6793b8fd9e8b4", "http_status": 200, "body": {"accepted": true, "real_timestamp_ms": 1789216120506, "virtual_time_s": 4147, "measure_result": "no_signal"}}
2026-09-12 20:28:43,709 INFO request {"path": "/measure", "payload": {"arena_id": "default", "robot_id": "202601002029", "request_id": "24df9fca38454132acc5ba34e949b39b", "position": {"x": -1800.0, "y": 0.0}, "channel": 13}, "attempt": 1}
2026-09-12 20:28:43,711 INFO response {"request_id": "24df9fca38454132acc5ba34e949b39b", "http_status": 200, "body": {"accepted": true, "real_timestamp_ms": 1789216120522, "virtual_time_s": 4153, "measure_result": "no_signal"}}
2026-09-12 20:28:43,741 INFO request {"path": "/measure", "payload": {"arena_id": "default", "robot_id": "202601002029", "request_id": "557cceffc2774c47b60e44967102c97f", "position": {"x": -1800.0, "y": 0.0}, "channel": 14}, "attempt": 1}
2026-09-12 20:28:43,762 INFO response {"request_id": "557cceffc2774c47b60e44967102c97f", "http_status": 200, "body": {"accepted": true, "real_timestamp_ms": 1789216120574, "virtual_time_s": 4159, "measure_result": "no_signal"}}
2026-09-12 20:28:43,777 INFO request {"path": "/measure", "payload": {"arena_id": "default", "robot_id": "202601002029", "request_id": "d0145c9df4974933872d7e334782be9d", "position": {"x": -1800.0, "y": 0.0}, "channel": 18}, "attempt": 1}
2026-09-12 20:28:43,778 INFO response {"request_id": "d0145c9df4974933872d7e334782be9d", "http_status": 200, "body": {"accepted": true, "real_timestamp_ms": 1789216120590, "virtual_time_s": 4165, "measure_result": "no_signal"}}
2026-09-12 20:28:43,806 INFO request {"path": "/measure", "payload": {"arena_id": "default", "robot_id": "202601002029", "request_id": "6a43b28ccee140a980b6ac4aab5ebaee", "position": {"x": -1800.0, "y": 0.0}, "channel": 12}, "attempt": 1}
2026-09-12 20:28:43,822 INFO response {"request_id": "6a43b28ccee140a980b6ac4aab5ebaee", "http_status": 200, "body": {"accepted": true, "real_timestamp_ms": 1789216120634, "virtual_time_s": 4171, "measure_result": "direction", "svd_deg": 347.83}}
2026-09-12 20:28:43,840 INFO request {"path": "/measure", "payload": {"arena_id": "default", "robot_id": "202601002029", "request_id": "3e9d8873f7d647bdbdc4cb6994bad314", "position": {"x": -2250.0, "y": 779.4228634059947}, "channel": 1}, "attempt": 1}
2026-09-12 20:28:43,842 INFO response {"request_id": "3e9d8873f7d647bdbdc4cb6994bad314", "http_status": 200, "body": {"accepted": true, "real_timestamp_ms": 1789216120654, "virtual_time_s": 4357, "measure_result": "no_signal"}}
2026-09-12 20:28:43,873 INFO request {"path": "/measure", "payload": {"arena_id": "default", "robot_id": "202601002029", "request_id": "774c893d16a7428ea1e88b11bef5cedf", "position": {"x": -2250.0, "y": 779.4228634059947}, "channel": 3}, "attempt": 1}
2026-09-12 20:28:43,874 INFO response {"request_id": "774c893d16a7428ea1e88b11bef5cedf", "http_status": 200, "body": {"accepted": true, "real_timestamp_ms": 1789216120686, "virtual_time_s": 4363, "measure_result": "no_signal"}}
2026-09-12 20:28:43,904 INFO request {"path": "/measure", "payload": {"arena_id": "default", "robot_id": "202601002029", "request_id": "2d22e1286cc1469b9b43a2a18e4cb0ee", "position": {"x": -2250.0, "y": 779.4228634059947}, "channel": 5}, "attempt": 1}
2026-09-12 20:28:43,907 INFO response {"request_id": "2d22e1286cc1469b9b43a2a18e4cb0ee", "http_status": 200, "body": {"accepted": true, "real_timestamp_ms": 1789216120718, "virtual_time_s": 4369, "measure_result": "no_signal"}}
2026-09-12 20:28:43,938 INFO request {"path": "/measure", "payload": {"arena_id": "default", "robot_id": "202601002029", "request_id": "6523d7a8a8654de6b9845a9ea818b44e", "position": {"x": -2250.0, "y": 779.4228634059947}, "channel": 7}, "attempt": 1}
2026-09-12 20:28:43,950 INFO response {"request_id": "6523d7a8a8654de6b9845a9ea818b44e", "http_status": 200, "body": {"accepted": true, "real_timestamp_ms": 1789216120762, "virtual_time_s": 4375, "measure_result": "no_signal"}}
2026-09-12 20:28:43,966 INFO request {"path": "/measure", "payload": {"arena_id": "default", "robot_id": "202601002029", "request_id": "310d7ec727dc48e9aaa024ab0304ea89", "position": {"x": -2250.0, "y": 779.4228634059947}, "channel": 8}, "attempt": 1}
2026-09-12 20:28:43,979 INFO response {"request_id": "310d7ec727dc48e9aaa024ab0304ea89", "http_status": 200, "body": {"accepted": true, "real_timestamp_ms": 1789216120791, "virtual_time_s": 4381, "measure_result": "no_signal"}}
2026-09-12 20:28:43,995 INFO request {"path": "/measure", "payload": {"arena_id": "default", "robot_id": "202601002029", "request_id": "2629d1d3b81e4d26b43d36aabfa46ea0", "position": {"x": -2250.0, "y": 779.4228634059947}, "channel": 9}, "attempt": 1}
2026-09-12 20:28:44,010 INFO response {"request_id": "2629d1d3b81e4d26b43d36aabfa46ea0", "http_status": 200, "body": {"accepted": true, "real_timestamp_ms": 1789216120821, "virtual_time_s": 4387, "measure_result": "no_signal"}}
2026-09-12 20:28:44,025 INFO request {"path": "/measure", "payload": {"arena_id": "default", "robot_id": "202601002029", "request_id": "2112e2fb76394ec9a37824c9dfe4f13b", "position": {"x": -2250.0, "y": 779.4228634059947}, "channel": 13}, "attempt": 1}
2026-09-12 20:28:44,027 INFO response {"request_id": "2112e2fb76394ec9a37824c9dfe4f13b", "http_status": 200, "body": {"accepted": true, "real_timestamp_ms": 1789216120838, "virtual_time_s": 4393, "measure_result": "no_signal"}}
2026-09-12 20:28:44,058 INFO request {"path": "/measure", "payload": {"arena_id": "default", "robot_id": "202601002029", "request_id": "7f68c039d9af4b25b346b9bc90b6f101", "position": {"x": -2250.0, "y": 779.4228634059947}, "channel": 14}, "attempt": 1}
2026-09-12 20:28:44,060 INFO response {"request_id": "7f68c039d9af4b25b346b9bc90b6f101", "http_status": 200, "body": {"accepted": true, "real_timestamp_ms": 1789216120872, "virtual_time_s": 4399, "measure_result": "no_signal"}}
2026-09-12 20:28:44,091 INFO request {"path": "/measure", "payload": {"arena_id": "default", "robot_id": "202601002029", "request_id": "a718427a7fb4450cb81d6134bded9d26", "position": {"x": -2250.0, "y": 779.4228634059947}, "channel": 15}, "attempt": 1}
2026-09-12 20:28:44,094 INFO response {"request_id": "a718427a7fb4450cb81d6134bded9d26", "http_status": 200, "body": {"accepted": true, "real_timestamp_ms": 1789216120905, "virtual_time_s": 4405, "measure_result": "no_signal"}}
2026-09-12 20:28:44,124 INFO request {"path": "/measure", "payload": {"arena_id": "default", "robot_id": "202601002029", "request_id": "890993019bfb4dbc8d36c5ecd18831c6", "position": {"x": -2250.0, "y": 779.4228634059947}, "channel": 18}, "attempt": 1}
2026-09-12 20:28:44,138 INFO response {"request_id": "890993019bfb4dbc8d36c5ecd18831c6", "http_status": 200, "body": {"accepted": true, "real_timestamp_ms": 1789216120951, "virtual_time_s": 4411, "measure_result": "no_signal"}}
2026-09-12 20:28:44,156 INFO request {"path": "/measure", "payload": {"arena_id": "default", "robot_id": "202601002029", "request_id": "93573dd346d84f53806b2b6826d7e726", "position": {"x": -2700.0, "y": 0.0}, "channel": 18}, "attempt": 1}
2026-09-12 20:28:44,167 INFO response {"request_id": "93573dd346d84f53806b2b6826d7e726", "http_status": 200, "body": {"accepted": true, "real_timestamp_ms": 1789216120979, "virtual_time_s": 4596, "measure_result": "no_signal"}}
2026-09-12 20:28:44,182 INFO request {"path": "/measure", "payload": {"arena_id": "default", "robot_id": "202601002029", "request_id": "b2046ad35d074d559771206ddc686d5a", "position": {"x": -2700.0, "y": 0.0}, "channel": 1}, "attempt": 1}
2026-09-12 20:28:44,183 INFO response {"request_id": "b2046ad35d074d559771206ddc686d5a", "http_status": 200, "body": {"accepted": true, "real_timestamp_ms": 1789216120995, "virtual_time_s": 4602, "measure_result": "no_signal"}}
2026-09-12 20:28:44,214 INFO request {"path": "/measure", "payload": {"arena_id": "default", "robot_id": "202601002029", "request_id": "adf47c2fdb6d416b84aa2ea3943f9299", "position": {"x": -2700.0, "y": 0.0}, "channel": 3}, "attempt": 1}
2026-09-12 20:28:44,228 INFO response {"request_id": "adf47c2fdb6d416b84aa2ea3943f9299", "http_status": 200, "body": {"accepted": true, "real_timestamp_ms": 1789216121039, "virtual_time_s": 4608, "measure_result": "no_signal"}}
2026-09-12 20:28:44,243 INFO request {"path": "/measure", "payload": {"arena_id": "default", "robot_id": "202601002029", "request_id": "56ed4ee4d0ce44c69ded2529676ae510", "position": {"x": -2700.0, "y": 0.0}, "channel": 5}, "attempt": 1}
2026-09-12 20:28:44,258 INFO response {"request_id": "56ed4ee4d0ce44c69ded2529676ae510", "http_status": 200, "body": {"accepted": true, "real_timestamp_ms": 1789216121069, "virtual_time_s": 4614, "measure_result": "no_signal"}}
2026-09-12 20:28:44,272 INFO request {"path": "/measure", "payload": {"arena_id": "default", "robot_id": "202601002029", "request_id": "2b9c2025fabf4a42ab56e52d9c38a0bd", "position": {"x": -2700.0, "y": 0.0}, "channel": 7}, "attempt": 1}
2026-09-12 20:28:44,287 INFO response {"request_id": "2b9c2025fabf4a42ab56e52d9c38a0bd", "http_status": 200, "body": {"accepted": true, "real_timestamp_ms": 1789216121099, "virtual_time_s": 4620, "measure_result": "no_signal"}}
2026-09-12 20:28:44,302 INFO request {"path": "/measure", "payload": {"arena_id": "default", "robot_id": "202601002029", "request_id": "280f3a82c4b849d68d1fb3cd8540d2e2", "position": {"x": -2700.0, "y": 0.0}, "channel": 8}, "attempt": 1}
2026-09-12 20:28:44,303 INFO response {"request_id": "280f3a82c4b849d68d1fb3cd8540d2e2", "http_status": 200, "body": {"accepted": true, "real_timestamp_ms": 1789216121115, "virtual_time_s": 4626, "measure_result": "no_signal"}}
2026-09-12 20:28:44,334 INFO request {"path": "/measure", "payload": {"arena_id": "default", "robot_id": "202601002029", "request_id": "ace595e5c2ee4832ae7c17815ab7b75f", "position": {"x": -2700.0, "y": 0.0}, "channel": 9}, "attempt": 1}
2026-09-12 20:28:44,337 INFO response {"request_id": "ace595e5c2ee4832ae7c17815ab7b75f", "http_status": 200, "body": {"accepted": true, "real_timestamp_ms": 1789216121148, "virtual_time_s": 4632, "measure_result": "no_signal"}}
2026-09-12 20:28:44,368 INFO request {"path": "/measure", "payload": {"arena_id": "default", "robot_id": "202601002029", "request_id": "5ea14630514c410ba2d25c7e966bd093", "position": {"x": -2700.0, "y": 0.0}, "channel": 13}, "attempt": 1}
2026-09-12 20:28:44,386 INFO response {"request_id": "5ea14630514c410ba2d25c7e966bd093", "http_status": 200, "body": {"accepted": true, "real_timestamp_ms": 1789216121197, "virtual_time_s": 4638, "measure_result": "no_signal"}}
2026-09-12 20:28:44,400 INFO request {"path": "/measure", "payload": {"arena_id": "default", "robot_id": "202601002029", "request_id": "2fe53e37c3bf47509c594d4b8d619c37", "position": {"x": -2700.0, "y": 0.0}, "channel": 14}, "attempt": 1}
2026-09-12 20:28:44,402 INFO response {"request_id": "2fe53e37c3bf47509c594d4b8d619c37", "http_status": 200, "body": {"accepted": true, "real_timestamp_ms": 1789216121214, "virtual_time_s": 4644, "measure_result": "no_signal"}}
2026-09-12 20:28:44,433 INFO request {"path": "/measure", "payload": {"arena_id": "default", "robot_id": "202601002029", "request_id": "1964b863258046b9b92c26c06374c565", "position": {"x": -2700.0, "y": 0.0}, "channel": 15}, "attempt": 1}
2026-09-12 20:28:44,455 INFO response {"request_id": "1964b863258046b9b92c26c06374c565", "http_status": 200, "body": {"accepted": true, "real_timestamp_ms": 1789216121266, "virtual_time_s": 4650, "measure_result": "no_signal"}}
2026-09-12 20:28:44,458 INFO request {"path": "/measure", "payload": {"arena_id": "default", "robot_id": "202601002029", "request_id": "c6c99f0edc574bff91a3499153336d91", "position": {"x": -2250.0, "y": -779.4228634059947}, "channel": 15}, "attempt": 1}
2026-09-12 20:28:44,475 INFO response {"request_id": "c6c99f0edc574bff91a3499153336d91", "http_status": 200, "body": {"accepted": true, "real_timestamp_ms": 1789216121286, "virtual_time_s": 4835, "measure_result": "no_signal"}}
2026-09-12 20:28:44,490 INFO request {"path": "/measure", "payload": {"arena_id": "default", "robot_id": "202601002029", "request_id": "499fc5d4ced14c0d960184f0474e77e8", "position": {"x": -2250.0, "y": -779.4228634059947}, "channel": 1}, "attempt": 1}
2026-09-12 20:28:44,492 INFO response {"request_id": "499fc5d4ced14c0d960184f0474e77e8", "http_status": 200, "body": {"accepted": true, "real_timestamp_ms": 1789216121304, "virtual_time_s": 4841, "measure_result": "no_signal"}}
2026-09-12 20:28:44,523 INFO request {"path": "/measure", "payload": {"arena_id": "default", "robot_id": "202601002029", "request_id": "e6d92669d3634f38aa5a3e0597121c5c", "position": {"x": -2250.0, "y": -779.4228634059947}, "channel": 3}, "attempt": 1}
2026-09-12 20:28:44,532 INFO response {"request_id": "e6d92669d3634f38aa5a3e0597121c5c", "http_status": 200, "body": {"accepted": true, "real_timestamp_ms": 1789216121344, "virtual_time_s": 4847, "measure_result": "no_signal"}}
2026-09-12 20:28:44,563 INFO request {"path": "/measure", "payload": {"arena_id": "default", "robot_id": "202601002029", "request_id": "8811aa23bc0e499088eefcd9722beeb6", "position": {"x": -2250.0, "y": -779.4228634059947}, "channel": 5}, "attempt": 1}
2026-09-12 20:28:44,565 INFO response {"request_id": "8811aa23bc0e499088eefcd9722beeb6", "http_status": 200, "body": {"accepted": true, "real_timestamp_ms": 1789216121377, "virtual_time_s": 4853, "measure_result": "no_signal"}}
2026-09-12 20:28:44,596 INFO request {"path": "/measure", "payload": {"arena_id": "default", "robot_id": "202601002029", "request_id": "b2c27b1621484d11ac69b23528d28abb", "position": {"x": -2250.0, "y": -779.4228634059947}, "channel": 7}, "attempt": 1}
2026-09-12 20:28:44,597 INFO response {"request_id": "b2c27b1621484d11ac69b23528d28abb", "http_status": 200, "body": {"accepted": true, "real_timestamp_ms": 1789216121409, "virtual_time_s": 4859, "measure_result": "no_signal"}}
2026-09-12 20:28:44,613 INFO request {"path": "/measure", "payload": {"arena_id": "default", "robot_id": "202601002029", "request_id": "fc5feec62f1344d68e572a105f48eb8b", "position": {"x": -2250.0, "y": -779.4228634059947}, "channel": 8}, "attempt": 1}
2026-09-12 20:28:44,631 INFO response {"request_id": "fc5feec62f1344d68e572a105f48eb8b", "http_status": 200, "body": {"accepted": true, "real_timestamp_ms": 1789216121443, "virtual_time_s": 4865, "measure_result": "no_signal"}}
2026-09-12 20:28:44,646 INFO request {"path": "/measure", "payload": {"arena_id": "default", "robot_id": "202601002029", "request_id": "f44ef93f702b450b9e5366c3bdced50d", "position": {"x": -2250.0, "y": -779.4228634059947}, "channel": 9}, "attempt": 1}
2026-09-12 20:28:44,661 INFO response {"request_id": "f44ef93f702b450b9e5366c3bdced50d", "http_status": 200, "body": {"accepted": true, "real_timestamp_ms": 1789216121472, "virtual_time_s": 4871, "measure_result": "no_signal"}}
2026-09-12 20:28:44,675 INFO request {"path": "/measure", "payload": {"arena_id": "default", "robot_id": "202601002029", "request_id": "1fe8b00878d04b54bd638e601f5d44fe", "position": {"x": -2250.0, "y": -779.4228634059947}, "channel": 13}, "attempt": 1}
2026-09-12 20:28:44,677 INFO response {"request_id": "1fe8b00878d04b54bd638e601f5d44fe", "http_status": 200, "body": {"accepted": true, "real_timestamp_ms": 1789216121488, "virtual_time_s": 4877, "measure_result": "no_signal"}}
2026-09-12 20:28:44,707 INFO request {"path": "/measure", "payload": {"arena_id": "default", "robot_id": "202601002029", "request_id": "62f52cb069bb4892aafdde57f78e8750", "position": {"x": -2250.0, "y": -779.4228634059947}, "channel": 14}, "attempt": 1}
2026-09-12 20:28:44,721 INFO response {"request_id": "62f52cb069bb4892aafdde57f78e8750", "http_status": 200, "body": {"accepted": true, "real_timestamp_ms": 1789216121532, "virtual_time_s": 4883, "measure_result": "no_signal"}}
2026-09-12 20:28:44,752 INFO request {"path": "/measure", "payload": {"arena_id": "default", "robot_id": "202601002029", "request_id": "4f1615c2473f4daf81dacb2b40f237f3", "position": {"x": -2250.0, "y": -779.4228634059947}, "channel": 18}, "attempt": 1}
2026-09-12 20:28:44,770 INFO response {"request_id": "4f1615c2473f4daf81dacb2b40f237f3", "http_status": 200, "body": {"accepted": true, "real_timestamp_ms": 1789216121581, "virtual_time_s": 4889, "measure_result": "no_signal"}}
2026-09-12 20:28:44,786 INFO request {"path": "/measure", "payload": {"arena_id": "default", "robot_id": "202601002029", "request_id": "20779c7aba5b41cdb86ab595c7335d90", "position": {"x": -1800.0, "y": -1558.8457268119894}, "channel": 18}, "attempt": 1}
2026-09-12 20:28:44,788 INFO response {"request_id": "20779c7aba5b41cdb86ab595c7335d90", "http_status": 200, "body": {"accepted": true, "real_timestamp_ms": 1789216121600, "virtual_time_s": 5074, "measure_result": "no_signal"}}
2026-09-12 20:28:44,819 INFO request {"path": "/measure", "payload": {"arena_id": "default", "robot_id": "202601002029", "request_id": "c16fae13762049a49715a752f65cb392", "position": {"x": -1800.0, "y": -1558.8457268119894}, "channel": 1}, "attempt": 1}
2026-09-12 20:28:44,837 INFO response {"request_id": "c16fae13762049a49715a752f65cb392", "http_status": 200, "body": {"accepted": true, "real_timestamp_ms": 1789216121649, "virtual_time_s": 5080, "measure_result": "no_signal"}}
2026-09-12 20:28:44,852 INFO request {"path": "/measure", "payload": {"arena_id": "default", "robot_id": "202601002029", "request_id": "ecffbe03b330416c9e52151d61526d8f", "position": {"x": -1800.0, "y": -1558.8457268119894}, "channel": 3}, "attempt": 1}
2026-09-12 20:28:44,867 INFO response {"request_id": "ecffbe03b330416c9e52151d61526d8f", "http_status": 200, "body": {"accepted": true, "real_timestamp_ms": 1789216121679, "virtual_time_s": 5086, "measure_result": "no_signal"}}
2026-09-12 20:28:44,882 INFO request {"path": "/measure", "payload": {"arena_id": "default", "robot_id": "202601002029", "request_id": "e892cbe1ed20400abe1d993b51939c68", "position": {"x": -1800.0, "y": -1558.8457268119894}, "channel": 5}, "attempt": 1}
2026-09-12 20:28:44,882 INFO response {"request_id": "e892cbe1ed20400abe1d993b51939c68", "http_status": 200, "body": {"accepted": true, "real_timestamp_ms": 1789216121695, "virtual_time_s": 5092, "measure_result": "no_signal"}}
2026-09-12 20:28:44,913 INFO request {"path": "/measure", "payload": {"arena_id": "default", "robot_id": "202601002029", "request_id": "9518dc717dd44ee39e6e74c0c74b23d8", "position": {"x": -1800.0, "y": -1558.8457268119894}, "channel": 7}, "attempt": 1}
2026-09-12 20:28:44,925 INFO response {"request_id": "9518dc717dd44ee39e6e74c0c74b23d8", "http_status": 200, "body": {"accepted": true, "real_timestamp_ms": 1789216121737, "virtual_time_s": 5098, "measure_result": "no_signal"}}
2026-09-12 20:28:44,940 INFO request {"path": "/measure", "payload": {"arena_id": "default", "robot_id": "202601002029", "request_id": "525817dcd0e34570bee168a441fe68b7", "position": {"x": -1800.0, "y": -1558.8457268119894}, "channel": 8}, "attempt": 1}
2026-09-12 20:28:44,955 INFO response {"request_id": "525817dcd0e34570bee168a441fe68b7", "http_status": 200, "body": {"accepted": true, "real_timestamp_ms": 1789216121767, "virtual_time_s": 5104, "measure_result": "no_signal"}}
2026-09-12 20:28:44,971 INFO request {"path": "/measure", "payload": {"arena_id": "default", "robot_id": "202601002029", "request_id": "7db0b07bf8d44edbbfa33ee996b17a24", "position": {"x": -1800.0, "y": -1558.8457268119894}, "channel": 9}, "attempt": 1}
2026-09-12 20:28:44,984 INFO response {"request_id": "7db0b07bf8d44edbbfa33ee996b17a24", "http_status": 200, "body": {"accepted": true, "real_timestamp_ms": 1789216121795, "virtual_time_s": 5110, "measure_result": "no_signal"}}
2026-09-12 20:28:45,000 INFO request {"path": "/measure", "payload": {"arena_id": "default", "robot_id": "202601002029", "request_id": "90d72331aea14adeb3ef6d862cc1cf44", "position": {"x": -1800.0, "y": -1558.8457268119894}, "channel": 13}, "attempt": 1}
2026-09-12 20:28:45,001 INFO response {"request_id": "90d72331aea14adeb3ef6d862cc1cf44", "http_status": 200, "body": {"accepted": true, "real_timestamp_ms": 1789216121813, "virtual_time_s": 5116, "measure_result": "no_signal"}}
2026-09-12 20:28:45,032 INFO request {"path": "/measure", "payload": {"arena_id": "default", "robot_id": "202601002029", "request_id": "9382491da37d44e498f768e40d0ab9cd", "position": {"x": -1800.0, "y": -1558.8457268119894}, "channel": 14}, "attempt": 1}
2026-09-12 20:28:45,043 INFO response {"request_id": "9382491da37d44e498f768e40d0ab9cd", "http_status": 200, "body": {"accepted": true, "real_timestamp_ms": 1789216121855, "virtual_time_s": 5122, "measure_result": "no_signal"}}
2026-09-12 20:28:45,058 INFO request {"path": "/measure", "payload": {"arena_id": "default", "robot_id": "202601002029", "request_id": "0e4a5002f27d4679beb39657c9d74bbb", "position": {"x": -1800.0, "y": -1558.8457268119894}, "channel": 15}, "attempt": 1}
2026-09-12 20:28:45,074 INFO response {"request_id": "0e4a5002f27d4679beb39657c9d74bbb", "http_status": 200, "body": {"accepted": true, "real_timestamp_ms": 1789216121885, "virtual_time_s": 5128, "measure_result": "no_signal"}}
2026-09-12 20:28:45,093 INFO request {"path": "/measure", "payload": {"arena_id": "default", "robot_id": "202601002029", "request_id": "fc4d2ee3526f490691f3feca89e5df35", "position": {"x": -1350.0, "y": -779.4228634059947}, "channel": 15}, "attempt": 1}
2026-09-12 20:28:45,113 INFO response {"request_id": "fc4d2ee3526f490691f3feca89e5df35", "http_status": 200, "body": {"accepted": true, "real_timestamp_ms": 1789216121924, "virtual_time_s": 5313, "measure_result": "no_signal"}}
2026-09-12 20:28:45,113 INFO request {"path": "/measure", "payload": {"arena_id": "default", "robot_id": "202601002029", "request_id": "e2e323a11b7d43be879a0ea4131b14af", "position": {"x": -1350.0, "y": -779.4228634059947}, "channel": 1}, "attempt": 1}
2026-09-12 20:28:45,133 INFO response {"request_id": "e2e323a11b7d43be879a0ea4131b14af", "http_status": 200, "body": {"accepted": true, "real_timestamp_ms": 1789216121944, "virtual_time_s": 5319, "measure_result": "no_signal"}}
2026-09-12 20:28:45,147 INFO request {"path": "/measure", "payload": {"arena_id": "default", "robot_id": "202601002029", "request_id": "eb9073974b0e45c5af49f263ec9ba748", "position": {"x": -1350.0, "y": -779.4228634059947}, "channel": 3}, "attempt": 1}
2026-09-12 20:28:45,148 INFO response {"request_id": "eb9073974b0e45c5af49f263ec9ba748", "http_status": 200, "body": {"accepted": true, "real_timestamp_ms": 1789216121960, "virtual_time_s": 5325, "measure_result": "no_signal"}}
2026-09-12 20:28:45,178 INFO request {"path": "/measure", "payload": {"arena_id": "default", "robot_id": "202601002029", "request_id": "7ebe4bcd1486419792ea4fbc0e97c825", "position": {"x": -1350.0, "y": -779.4228634059947}, "channel": 5}, "attempt": 1}
2026-09-12 20:28:45,193 INFO response {"request_id": "7ebe4bcd1486419792ea4fbc0e97c825", "http_status": 200, "body": {"accepted": true, "real_timestamp_ms": 1789216122005, "virtual_time_s": 5331, "measure_result": "no_signal"}}
2026-09-12 20:28:45,209 INFO request {"path": "/measure", "payload": {"arena_id": "default", "robot_id": "202601002029", "request_id": "2e7769572eeb40d8befd9b91f64c3cdd", "position": {"x": -1350.0, "y": -779.4228634059947}, "channel": 7}, "attempt": 1}
2026-09-12 20:28:45,211 INFO response {"request_id": "2e7769572eeb40d8befd9b91f64c3cdd", "http_status": 200, "body": {"accepted": true, "real_timestamp_ms": 1789216122023, "virtual_time_s": 5337, "measure_result": "no_signal"}}
2026-09-12 20:28:45,242 INFO request {"path": "/measure", "payload": {"arena_id": "default", "robot_id": "202601002029", "request_id": "1a32387fe1834e918ceed7cd0dd80e7f", "position": {"x": -1350.0, "y": -779.4228634059947}, "channel": 8}, "attempt": 1}
2026-09-12 20:28:45,261 INFO response {"request_id": "1a32387fe1834e918ceed7cd0dd80e7f", "http_status": 200, "body": {"accepted": true, "real_timestamp_ms": 1789216122072, "virtual_time_s": 5343, "measure_result": "no_signal"}}
2026-09-12 20:28:45,275 INFO request {"path": "/measure", "payload": {"arena_id": "default", "robot_id": "202601002029", "request_id": "3051492c9baa4882aa2ab287a52b3e08", "position": {"x": -1350.0, "y": -779.4228634059947}, "channel": 9}, "attempt": 1}
2026-09-12 20:28:45,278 INFO response {"request_id": "3051492c9baa4882aa2ab287a52b3e08", "http_status": 200, "body": {"accepted": true, "real_timestamp_ms": 1789216122089, "virtual_time_s": 5349, "measure_result": "no_signal"}}
2026-09-12 20:28:45,309 INFO request {"path": "/measure", "payload": {"arena_id": "default", "robot_id": "202601002029", "request_id": "9cfbc972463e4aecbf013e7842ef1d3d", "position": {"x": -1350.0, "y": -779.4228634059947}, "channel": 13}, "attempt": 1}
2026-09-12 20:28:45,328 INFO response {"request_id": "9cfbc972463e4aecbf013e7842ef1d3d", "http_status": 200, "body": {"accepted": true, "real_timestamp_ms": 1789216122140, "virtual_time_s": 5355, "measure_result": "no_signal"}}
2026-09-12 20:28:45,344 INFO request {"path": "/measure", "payload": {"arena_id": "default", "robot_id": "202601002029", "request_id": "e6bae9007fab4d4eb7e7f73ea69999d4", "position": {"x": -1350.0, "y": -779.4228634059947}, "channel": 14}, "attempt": 1}
2026-09-12 20:28:45,358 INFO response {"request_id": "e6bae9007fab4d4eb7e7f73ea69999d4", "http_status": 200, "body": {"accepted": true, "real_timestamp_ms": 1789216122170, "virtual_time_s": 5361, "measure_result": "no_signal"}}
2026-09-12 20:28:45,374 INFO request {"path": "/measure", "payload": {"arena_id": "default", "robot_id": "202601002029", "request_id": "fba54d16b57a41089aba4cfe2d37516c", "position": {"x": -1350.0, "y": -779.4228634059947}, "channel": 18}, "attempt": 1}
2026-09-12 20:28:45,376 INFO response {"request_id": "fba54d16b57a41089aba4cfe2d37516c", "http_status": 200, "body": {"accepted": true, "real_timestamp_ms": 1789216122187, "virtual_time_s": 5367, "measure_result": "no_signal"}}
2026-09-12 20:28:45,400 INFO request {"path": "/measure", "payload": {"arena_id": "default", "robot_id": "202601002029", "request_id": "81d7ab67c09941f78e9657f349aaf556", "position": {"x": -1350.0, "y": -779.4228634059947}, "channel": 12}, "attempt": 1}
2026-09-12 20:28:45,417 INFO response {"request_id": "81d7ab67c09941f78e9657f349aaf556", "http_status": 200, "body": {"accepted": true, "real_timestamp_ms": 1789216122229, "virtual_time_s": 5373, "measure_result": "no_signal"}}
2026-09-12 20:28:45,432 INFO request {"path": "/measure", "payload": {"arena_id": "default", "robot_id": "202601002029", "request_id": "8790b99241a04cbfbaed2b6489909a3e", "position": {"x": -900.0, "y": -1558.8457268119894}, "channel": 1}, "attempt": 1}
2026-09-12 20:28:45,447 INFO response {"request_id": "8790b99241a04cbfbaed2b6489909a3e", "http_status": 200, "body": {"accepted": true, "real_timestamp_ms": 1789216122258, "virtual_time_s": 5559, "measure_result": "no_signal"}}
2026-09-12 20:28:45,463 INFO request {"path": "/measure", "payload": {"arena_id": "default", "robot_id": "202601002029", "request_id": "88b4ab6915194acfaacb1c70ffba668c", "position": {"x": -900.0, "y": -1558.8457268119894}, "channel": 3}, "attempt": 1}
2026-09-12 20:28:45,465 INFO response {"request_id": "88b4ab6915194acfaacb1c70ffba668c", "http_status": 200, "body": {"accepted": true, "real_timestamp_ms": 1789216122276, "virtual_time_s": 5565, "measure_result": "no_signal"}}
2026-09-12 20:28:45,497 INFO request {"path": "/measure", "payload": {"arena_id": "default", "robot_id": "202601002029", "request_id": "d4c447f4de434894b658ff890fe02f07", "position": {"x": -900.0, "y": -1558.8457268119894}, "channel": 5}, "attempt": 1}
2026-09-12 20:28:45,514 INFO response {"request_id": "d4c447f4de434894b658ff890fe02f07", "http_status": 200, "body": {"accepted": true, "real_timestamp_ms": 1789216122326, "virtual_time_s": 5571, "measure_result": "no_signal"}}
2026-09-12 20:28:45,529 INFO request {"path": "/measure", "payload": {"arena_id": "default", "robot_id": "202601002029", "request_id": "834e1700b3df44ada1e6b30bc2a72a1b", "position": {"x": -900.0, "y": -1558.8457268119894}, "channel": 7}, "attempt": 1}
2026-09-12 20:28:45,543 INFO response {"request_id": "834e1700b3df44ada1e6b30bc2a72a1b", "http_status": 200, "body": {"accepted": true, "real_timestamp_ms": 1789216122355, "virtual_time_s": 5577, "measure_result": "no_signal"}}
2026-09-12 20:28:45,558 INFO request {"path": "/measure", "payload": {"arena_id": "default", "robot_id": "202601002029", "request_id": "eb27728175434a249ac1de6046122f60", "position": {"x": -900.0, "y": -1558.8457268119894}, "channel": 8}, "attempt": 1}
2026-09-12 20:28:45,560 INFO response {"request_id": "eb27728175434a249ac1de6046122f60", "http_status": 200, "body": {"accepted": true, "real_timestamp_ms": 1789216122372, "virtual_time_s": 5583, "measure_result": "no_signal"}}
2026-09-12 20:28:45,591 INFO request {"path": "/measure", "payload": {"arena_id": "default", "robot_id": "202601002029", "request_id": "8f57c67cee44471b906db77ddd029017", "position": {"x": -900.0, "y": -1558.8457268119894}, "channel": 9}, "attempt": 1}
2026-09-12 20:28:45,611 INFO response {"request_id": "8f57c67cee44471b906db77ddd029017", "http_status": 200, "body": {"accepted": true, "real_timestamp_ms": 1789216122423, "virtual_time_s": 5589, "measure_result": "no_signal"}}
2026-09-12 20:28:45,613 INFO request {"path": "/measure", "payload": {"arena_id": "default", "robot_id": "202601002029", "request_id": "3d0238c7e4924cd48c40f1388428b33f", "position": {"x": -900.0, "y": -1558.8457268119894}, "channel": 13}, "attempt": 1}
2026-09-12 20:28:45,615 INFO response {"request_id": "3d0238c7e4924cd48c40f1388428b33f", "http_status": 200, "body": {"accepted": true, "real_timestamp_ms": 1789216122426, "virtual_time_s": 5595, "measure_result": "no_signal"}}
2026-09-12 20:28:45,646 INFO request {"path": "/measure", "payload": {"arena_id": "default", "robot_id": "202601002029", "request_id": "0d1fa14f65d040208823c3e507327d52", "position": {"x": -900.0, "y": -1558.8457268119894}, "channel": 14}, "attempt": 1}
2026-09-12 20:28:45,648 INFO response {"request_id": "0d1fa14f65d040208823c3e507327d52", "http_status": 200, "body": {"accepted": true, "real_timestamp_ms": 1789216122460, "virtual_time_s": 5601, "measure_result": "no_signal"}}
2026-09-12 20:28:45,679 INFO request {"path": "/measure", "payload": {"arena_id": "default", "robot_id": "202601002029", "request_id": "b1228d909b224933999361ffc1b2ccc1", "position": {"x": -900.0, "y": -1558.8457268119894}, "channel": 15}, "attempt": 1}
2026-09-12 20:28:45,680 INFO response {"request_id": "b1228d909b224933999361ffc1b2ccc1", "http_status": 200, "body": {"accepted": true, "real_timestamp_ms": 1789216122492, "virtual_time_s": 5607, "measure_result": "no_signal"}}
2026-09-12 20:28:45,711 INFO request {"path": "/measure", "payload": {"arena_id": "default", "robot_id": "202601002029", "request_id": "56a7eeb55353442daa5dec94540401b9", "position": {"x": -900.0, "y": -1558.8457268119894}, "channel": 18}, "attempt": 1}
2026-09-12 20:28:45,714 INFO response {"request_id": "56a7eeb55353442daa5dec94540401b9", "http_status": 200, "body": {"accepted": true, "real_timestamp_ms": 1789216122525, "virtual_time_s": 5613, "measure_result": "no_signal"}}
2026-09-12 20:28:45,749 INFO request {"path": "/measure", "payload": {"arena_id": "default", "robot_id": "202601002029", "request_id": "6fa1dd0e053c4b40abb83a446a64923c", "position": {"x": -1350.0, "y": -2338.268590217984}, "channel": 18}, "attempt": 1}
2026-09-12 20:28:45,752 INFO response {"request_id": "6fa1dd0e053c4b40abb83a446a64923c", "http_status": 200, "body": {"accepted": true, "real_timestamp_ms": 1789216122563, "virtual_time_s": 5798, "measure_result": "no_signal"}}
2026-09-12 20:28:45,782 INFO request {"path": "/measure", "payload": {"arena_id": "default", "robot_id": "202601002029", "request_id": "c2e23b7d33fb41ddad9cefe22f57ad9e", "position": {"x": -1350.0, "y": -2338.268590217984}, "channel": 1}, "attempt": 1}
2026-09-12 20:28:45,799 INFO response {"request_id": "c2e23b7d33fb41ddad9cefe22f57ad9e", "http_status": 200, "body": {"accepted": true, "real_timestamp_ms": 1789216122611, "virtual_time_s": 5804, "measure_result": "no_signal"}}
2026-09-12 20:28:45,814 INFO request {"path": "/measure", "payload": {"arena_id": "default", "robot_id": "202601002029", "request_id": "d6e42bca35984aa0b23afe6aa09b2b1c", "position": {"x": -1350.0, "y": -2338.268590217984}, "channel": 3}, "attempt": 1}
2026-09-12 20:28:45,829 INFO response {"request_id": "d6e42bca35984aa0b23afe6aa09b2b1c", "http_status": 200, "body": {"accepted": true, "real_timestamp_ms": 1789216122641, "virtual_time_s": 5810, "measure_result": "no_signal"}}
2026-09-12 20:28:45,845 INFO request {"path": "/measure", "payload": {"arena_id": "default", "robot_id": "202601002029", "request_id": "047e7970c6a3407d9d9dfdfe877a6fa8", "position": {"x": -1350.0, "y": -2338.268590217984}, "channel": 5}, "attempt": 1}
2026-09-12 20:28:45,859 INFO response {"request_id": "047e7970c6a3407d9d9dfdfe877a6fa8", "http_status": 200, "body": {"accepted": true, "real_timestamp_ms": 1789216122670, "virtual_time_s": 5816, "measure_result": "no_signal"}}
2026-09-12 20:28:45,875 INFO request {"path": "/measure", "payload": {"arena_id": "default", "robot_id": "202601002029", "request_id": "9a991f2637cf4f4c8d61ce841b811acb", "position": {"x": -1350.0, "y": -2338.268590217984}, "channel": 7}, "attempt": 1}
2026-09-12 20:28:45,887 INFO response {"request_id": "9a991f2637cf4f4c8d61ce841b811acb", "http_status": 200, "body": {"accepted": true, "real_timestamp_ms": 1789216122699, "virtual_time_s": 5822, "measure_result": "no_signal"}}
2026-09-12 20:28:45,902 INFO request {"path": "/measure", "payload": {"arena_id": "default", "robot_id": "202601002029", "request_id": "77e13ab8c7b54fcda72c83e4a02b93d3", "position": {"x": -1350.0, "y": -2338.268590217984}, "channel": 8}, "attempt": 1}
2026-09-12 20:28:45,917 INFO response {"request_id": "77e13ab8c7b54fcda72c83e4a02b93d3", "http_status": 200, "body": {"accepted": true, "real_timestamp_ms": 1789216122729, "virtual_time_s": 5828, "measure_result": "no_signal"}}
2026-09-12 20:28:45,933 INFO request {"path": "/measure", "payload": {"arena_id": "default", "robot_id": "202601002029", "request_id": "bd49bc4c86b94b96b53099f93ce3a7db", "position": {"x": -1350.0, "y": -2338.268590217984}, "channel": 9}, "attempt": 1}
2026-09-12 20:28:45,935 INFO response {"request_id": "bd49bc4c86b94b96b53099f93ce3a7db", "http_status": 200, "body": {"accepted": true, "real_timestamp_ms": 1789216122747, "virtual_time_s": 5834, "measure_result": "no_signal"}}
2026-09-12 20:28:45,966 INFO request {"path": "/measure", "payload": {"arena_id": "default", "robot_id": "202601002029", "request_id": "a69837a66ec64ab3bfc8ef19f228f4bc", "position": {"x": -1350.0, "y": -2338.268590217984}, "channel": 13}, "attempt": 1}
2026-09-12 20:28:45,969 INFO response {"request_id": "a69837a66ec64ab3bfc8ef19f228f4bc", "http_status": 200, "body": {"accepted": true, "real_timestamp_ms": 1789216122781, "virtual_time_s": 5840, "measure_result": "no_signal"}}
2026-09-12 20:28:46,000 INFO request {"path": "/measure", "payload": {"arena_id": "default", "robot_id": "202601002029", "request_id": "5bc47256517a4fd18561bfd94cc2af97", "position": {"x": -1350.0, "y": -2338.268590217984}, "channel": 14}, "attempt": 1}
2026-09-12 20:28:46,017 INFO response {"request_id": "5bc47256517a4fd18561bfd94cc2af97", "http_status": 200, "body": {"accepted": true, "real_timestamp_ms": 1789216122828, "virtual_time_s": 5846, "measure_result": "no_signal"}}
2026-09-12 20:28:46,031 INFO request {"path": "/measure", "payload": {"arena_id": "default", "robot_id": "202601002029", "request_id": "3cb1b2cabb204e4b81ab89cfedd77eae", "position": {"x": -1350.0, "y": -2338.268590217984}, "channel": 15}, "attempt": 1}
2026-09-12 20:28:46,046 INFO response {"request_id": "3cb1b2cabb204e4b81ab89cfedd77eae", "http_status": 200, "body": {"accepted": true, "real_timestamp_ms": 1789216122857, "virtual_time_s": 5852, "measure_result": "no_signal"}}
2026-09-12 20:28:46,061 INFO request {"path": "/measure", "payload": {"arena_id": "default", "robot_id": "202601002029", "request_id": "7311e40b00764f63b9123784f0eb3607", "position": {"x": -450.0, "y": -2338.268590217984}, "channel": 15}, "attempt": 1}
2026-09-12 20:28:46,075 INFO response {"request_id": "7311e40b00764f63b9123784f0eb3607", "http_status": 200, "body": {"accepted": true, "real_timestamp_ms": 1789216122887, "virtual_time_s": 6037, "measure_result": "no_signal"}}
2026-09-12 20:28:46,091 INFO request {"path": "/measure", "payload": {"arena_id": "default", "robot_id": "202601002029", "request_id": "6c9360370bd544179226c0a378245fe2", "position": {"x": -450.0, "y": -2338.268590217984}, "channel": 1}, "attempt": 1}
2026-09-12 20:28:46,092 INFO response {"request_id": "6c9360370bd544179226c0a378245fe2", "http_status": 200, "body": {"accepted": true, "real_timestamp_ms": 1789216122905, "virtual_time_s": 6043, "measure_result": "no_signal"}}
2026-09-12 20:28:46,123 INFO request {"path": "/measure", "payload": {"arena_id": "default", "robot_id": "202601002029", "request_id": "886a055178d74f9faa746bef158174f1", "position": {"x": -450.0, "y": -2338.268590217984}, "channel": 3}, "attempt": 1}
2026-09-12 20:28:46,135 INFO response {"request_id": "886a055178d74f9faa746bef158174f1", "http_status": 200, "body": {"accepted": true, "real_timestamp_ms": 1789216122947, "virtual_time_s": 6049, "measure_result": "no_signal"}}
2026-09-12 20:28:46,150 INFO request {"path": "/measure", "payload": {"arena_id": "default", "robot_id": "202601002029", "request_id": "ae8ec744573349f39ffe6587b75d3488", "position": {"x": -450.0, "y": -2338.268590217984}, "channel": 5}, "attempt": 1}
2026-09-12 20:28:46,153 INFO response {"request_id": "ae8ec744573349f39ffe6587b75d3488", "http_status": 200, "body": {"accepted": true, "real_timestamp_ms": 1789216122964, "virtual_time_s": 6055, "measure_result": "no_signal"}}
2026-09-12 20:28:46,183 INFO request {"path": "/measure", "payload": {"arena_id": "default", "robot_id": "202601002029", "request_id": "a64b6db9277c4a44bcc5131f9b43163a", "position": {"x": -450.0, "y": -2338.268590217984}, "channel": 7}, "attempt": 1}
2026-09-12 20:28:46,186 INFO response {"request_id": "a64b6db9277c4a44bcc5131f9b43163a", "http_status": 200, "body": {"accepted": true, "real_timestamp_ms": 1789216122997, "virtual_time_s": 6061, "measure_result": "no_signal"}}
2026-09-12 20:28:46,217 INFO request {"path": "/measure", "payload": {"arena_id": "default", "robot_id": "202601002029", "request_id": "b264a77df4124aef8dfe25b5d49058c0", "position": {"x": -450.0, "y": -2338.268590217984}, "channel": 8}, "attempt": 1}
2026-09-12 20:28:46,220 INFO response {"request_id": "b264a77df4124aef8dfe25b5d49058c0", "http_status": 200, "body": {"accepted": true, "real_timestamp_ms": 1789216123031, "virtual_time_s": 6067, "measure_result": "no_signal"}}
2026-09-12 20:28:46,250 INFO request {"path": "/measure", "payload": {"arena_id": "default", "robot_id": "202601002029", "request_id": "6202acc8cc314bb086b71f055ac003b0", "position": {"x": -450.0, "y": -2338.268590217984}, "channel": 9}, "attempt": 1}
2026-09-12 20:28:46,264 INFO response {"request_id": "6202acc8cc314bb086b71f055ac003b0", "http_status": 200, "body": {"accepted": true, "real_timestamp_ms": 1789216123075, "virtual_time_s": 6073, "measure_result": "no_signal"}}
2026-09-12 20:28:46,278 INFO request {"path": "/measure", "payload": {"arena_id": "default", "robot_id": "202601002029", "request_id": "663cfc0104f542b7bd57fffa929a1d32", "position": {"x": -450.0, "y": -2338.268590217984}, "channel": 13}, "attempt": 1}
2026-09-12 20:28:46,279 INFO response {"request_id": "663cfc0104f542b7bd57fffa929a1d32", "http_status": 200, "body": {"accepted": true, "real_timestamp_ms": 1789216123091, "virtual_time_s": 6079, "measure_result": "no_signal"}}
2026-09-12 20:28:46,310 INFO request {"path": "/measure", "payload": {"arena_id": "default", "robot_id": "202601002029", "request_id": "8778c31b265b42bdbb6fad912fa43c12", "position": {"x": -450.0, "y": -2338.268590217984}, "channel": 14}, "attempt": 1}
2026-09-12 20:28:46,311 INFO response {"request_id": "8778c31b265b42bdbb6fad912fa43c12", "http_status": 200, "body": {"accepted": true, "real_timestamp_ms": 1789216123123, "virtual_time_s": 6085, "measure_result": "no_signal"}}
2026-09-12 20:28:46,341 INFO request {"path": "/measure", "payload": {"arena_id": "default", "robot_id": "202601002029", "request_id": "63a66f96cf874b3a83faa5cc01f11d31", "position": {"x": -450.0, "y": -2338.268590217984}, "channel": 18}, "attempt": 1}
2026-09-12 20:28:46,343 INFO response {"request_id": "63a66f96cf874b3a83faa5cc01f11d31", "http_status": 200, "body": {"accepted": true, "real_timestamp_ms": 1789216123154, "virtual_time_s": 6091, "measure_result": "no_signal"}}
2026-09-12 20:28:46,375 INFO request {"path": "/measure", "payload": {"arena_id": "default", "robot_id": "202601002029", "request_id": "13cdcd873d7f47cf8ecefa9b48e08451", "position": {"x": 450.0, "y": -2338.268590217984}, "channel": 18}, "attempt": 1}
2026-09-12 20:28:46,376 INFO response {"request_id": "13cdcd873d7f47cf8ecefa9b48e08451", "http_status": 200, "body": {"accepted": true, "real_timestamp_ms": 1789216123188, "virtual_time_s": 6276, "measure_result": "no_signal"}}
2026-09-12 20:28:46,407 INFO request {"path": "/measure", "payload": {"arena_id": "default", "robot_id": "202601002029", "request_id": "4b268e9c972040bab675eb2237a6cfa2", "position": {"x": 450.0, "y": -2338.268590217984}, "channel": 1}, "attempt": 1}
2026-09-12 20:28:46,421 INFO response {"request_id": "4b268e9c972040bab675eb2237a6cfa2", "http_status": 200, "body": {"accepted": true, "real_timestamp_ms": 1789216123233, "virtual_time_s": 6282, "measure_result": "no_signal"}}
2026-09-12 20:28:46,436 INFO request {"path": "/measure", "payload": {"arena_id": "default", "robot_id": "202601002029", "request_id": "5872d2c6f5a044ac954649264a6cf4b6", "position": {"x": 450.0, "y": -2338.268590217984}, "channel": 3}, "attempt": 1}
2026-09-12 20:28:46,437 INFO response {"request_id": "5872d2c6f5a044ac954649264a6cf4b6", "http_status": 200, "body": {"accepted": true, "real_timestamp_ms": 1789216123249, "virtual_time_s": 6288, "measure_result": "no_signal"}}
2026-09-12 20:28:46,468 INFO request {"path": "/measure", "payload": {"arena_id": "default", "robot_id": "202601002029", "request_id": "e1332121ca4241f691f65e90a9c6d4fc", "position": {"x": 450.0, "y": -2338.268590217984}, "channel": 5}, "attempt": 1}
2026-09-12 20:28:46,479 INFO response {"request_id": "e1332121ca4241f691f65e90a9c6d4fc", "http_status": 200, "body": {"accepted": true, "real_timestamp_ms": 1789216123291, "virtual_time_s": 6294, "measure_result": "no_signal"}}
2026-09-12 20:28:46,495 INFO request {"path": "/measure", "payload": {"arena_id": "default", "robot_id": "202601002029", "request_id": "76bd000e59e54dacbaced06758ab5278", "position": {"x": 450.0, "y": -2338.268590217984}, "channel": 7}, "attempt": 1}
2026-09-12 20:28:46,497 INFO response {"request_id": "76bd000e59e54dacbaced06758ab5278", "http_status": 200, "body": {"accepted": true, "real_timestamp_ms": 1789216123309, "virtual_time_s": 6300, "measure_result": "no_signal"}}
2026-09-12 20:28:46,527 INFO request {"path": "/measure", "payload": {"arena_id": "default", "robot_id": "202601002029", "request_id": "2b7daf09b08d4244839a9eb5cba85f47", "position": {"x": 450.0, "y": -2338.268590217984}, "channel": 8}, "attempt": 1}
2026-09-12 20:28:46,528 INFO response {"request_id": "2b7daf09b08d4244839a9eb5cba85f47", "http_status": 200, "body": {"accepted": true, "real_timestamp_ms": 1789216123340, "virtual_time_s": 6306, "measure_result": "no_signal"}}
2026-09-12 20:28:46,559 INFO request {"path": "/measure", "payload": {"arena_id": "default", "robot_id": "202601002029", "request_id": "5bdbcec059a54a2dba10593199d2b556", "position": {"x": 450.0, "y": -2338.268590217984}, "channel": 9}, "attempt": 1}
2026-09-12 20:28:46,578 INFO response {"request_id": "5bdbcec059a54a2dba10593199d2b556", "http_status": 200, "body": {"accepted": true, "real_timestamp_ms": 1789216123390, "virtual_time_s": 6312, "measure_result": "no_signal"}}
2026-09-12 20:28:46,594 INFO request {"path": "/measure", "payload": {"arena_id": "default", "robot_id": "202601002029", "request_id": "fd7eb7b5b4fe425d9164bcd7db5f6bb0", "position": {"x": 450.0, "y": -2338.268590217984}, "channel": 13}, "attempt": 1}
2026-09-12 20:28:46,607 INFO response {"request_id": "fd7eb7b5b4fe425d9164bcd7db5f6bb0", "http_status": 200, "body": {"accepted": true, "real_timestamp_ms": 1789216123420, "virtual_time_s": 6318, "measure_result": "no_signal"}}
2026-09-12 20:28:46,624 INFO request {"path": "/measure", "payload": {"arena_id": "default", "robot_id": "202601002029", "request_id": "9c92e28450bd40a59a1456d8ad8f2a73", "position": {"x": 450.0, "y": -2338.268590217984}, "channel": 14}, "attempt": 1}
2026-09-12 20:28:46,637 INFO response {"request_id": "9c92e28450bd40a59a1456d8ad8f2a73", "http_status": 200, "body": {"accepted": true, "real_timestamp_ms": 1789216123449, "virtual_time_s": 6324, "measure_result": "no_signal"}}
2026-09-12 20:28:46,651 INFO request {"path": "/measure", "payload": {"arena_id": "default", "robot_id": "202601002029", "request_id": "8ba0dd576e7c4fa094c1a700d648b6ae", "position": {"x": 450.0, "y": -2338.268590217984}, "channel": 15}, "attempt": 1}
2026-09-12 20:28:46,667 INFO response {"request_id": "8ba0dd576e7c4fa094c1a700d648b6ae", "http_status": 200, "body": {"accepted": true, "real_timestamp_ms": 1789216123479, "virtual_time_s": 6330, "measure_result": "no_signal"}}
2026-09-12 20:28:46,749 INFO request {"path": "/measure", "payload": {"arena_id": "default", "robot_id": "202601002029", "request_id": "0c2e5ba7ef6243db902f0f852a2303a7", "position": {"x": 450.0, "y": -2338.268590217984}, "channel": 16}, "attempt": 1}
2026-09-12 20:28:46,750 INFO response {"request_id": "0c2e5ba7ef6243db902f0f852a2303a7", "http_status": 200, "body": {"accepted": true, "real_timestamp_ms": 1789216123561, "virtual_time_s": 6336, "measure_result": "no_signal"}}
2026-09-12 20:28:46,781 INFO request {"path": "/measure", "payload": {"arena_id": "default", "robot_id": "202601002029", "request_id": "7c91ee5ac0654f5586c816c7343b98c4", "position": {"x": 450.0, "y": -2338.268590217984}, "channel": 20}, "attempt": 1}
2026-09-12 20:28:46,795 INFO response {"request_id": "7c91ee5ac0654f5586c816c7343b98c4", "http_status": 200, "body": {"accepted": true, "real_timestamp_ms": 1789216123607, "virtual_time_s": 6342, "measure_result": "direction", "svd_deg": 58.81}}
2026-09-12 20:28:46,813 INFO request {"path": "/measure", "payload": {"arena_id": "default", "robot_id": "202601002029", "request_id": "9c6a96a00572489bb0892ed54e695c0c", "position": {"x": 1350.0, "y": -2338.268590217984}, "channel": 1}, "attempt": 1}
2026-09-12 20:28:46,815 INFO response {"request_id": "9c6a96a00572489bb0892ed54e695c0c", "http_status": 200, "body": {"accepted": true, "real_timestamp_ms": 1789216123626, "virtual_time_s": 6528, "measure_result": "no_signal"}}
2026-09-12 20:28:46,845 INFO request {"path": "/measure", "payload": {"arena_id": "default", "robot_id": "202601002029", "request_id": "ef2106e295254e1f9770e75c9537f035", "position": {"x": 1350.0, "y": -2338.268590217984}, "channel": 3}, "attempt": 1}
2026-09-12 20:28:46,865 INFO response {"request_id": "ef2106e295254e1f9770e75c9537f035", "http_status": 200, "body": {"accepted": true, "real_timestamp_ms": 1789216123677, "virtual_time_s": 6534, "measure_result": "no_signal"}}
2026-09-12 20:28:46,865 INFO request {"path": "/measure", "payload": {"arena_id": "default", "robot_id": "202601002029", "request_id": "ac38884575e64a46a8418ca1a9ba0652", "position": {"x": 1350.0, "y": -2338.268590217984}, "channel": 5}, "attempt": 1}
2026-09-12 20:28:46,884 INFO response {"request_id": "ac38884575e64a46a8418ca1a9ba0652", "http_status": 200, "body": {"accepted": true, "real_timestamp_ms": 1789216123696, "virtual_time_s": 6540, "measure_result": "no_signal"}}
2026-09-12 20:28:46,899 INFO request {"path": "/measure", "payload": {"arena_id": "default", "robot_id": "202601002029", "request_id": "45e36f40e9cf407bbc8cf1820d84e138", "position": {"x": 1350.0, "y": -2338.268590217984}, "channel": 7}, "attempt": 1}
2026-09-12 20:28:46,913 INFO response {"request_id": "45e36f40e9cf407bbc8cf1820d84e138", "http_status": 200, "body": {"accepted": true, "real_timestamp_ms": 1789216123725, "virtual_time_s": 6546, "measure_result": "no_signal"}}
2026-09-12 20:28:46,928 INFO request {"path": "/measure", "payload": {"arena_id": "default", "robot_id": "202601002029", "request_id": "980e8973c58d4a508d2d59af6fddca4e", "position": {"x": 1350.0, "y": -2338.268590217984}, "channel": 8}, "attempt": 1}
2026-09-12 20:28:46,930 INFO response {"request_id": "980e8973c58d4a508d2d59af6fddca4e", "http_status": 200, "body": {"accepted": true, "real_timestamp_ms": 1789216123741, "virtual_time_s": 6552, "measure_result": "no_signal"}}
2026-09-12 20:28:46,961 INFO request {"path": "/measure", "payload": {"arena_id": "default", "robot_id": "202601002029", "request_id": "d6d02e7d411e4bb4867e950380b19cdb", "position": {"x": 1350.0, "y": -2338.268590217984}, "channel": 9}, "attempt": 1}
2026-09-12 20:28:46,963 INFO response {"request_id": "d6d02e7d411e4bb4867e950380b19cdb", "http_status": 200, "body": {"accepted": true, "real_timestamp_ms": 1789216123774, "virtual_time_s": 6558, "measure_result": "no_signal"}}
2026-09-12 20:28:46,994 INFO request {"path": "/measure", "payload": {"arena_id": "default", "robot_id": "202601002029", "request_id": "fb622d6c5b6e40f4bde9fc63cc721286", "position": {"x": 1350.0, "y": -2338.268590217984}, "channel": 13}, "attempt": 1}
2026-09-12 20:28:46,997 INFO response {"request_id": "fb622d6c5b6e40f4bde9fc63cc721286", "http_status": 200, "body": {"accepted": true, "real_timestamp_ms": 1789216123808, "virtual_time_s": 6564, "measure_result": "no_signal"}}
2026-09-12 20:28:47,027 INFO request {"path": "/measure", "payload": {"arena_id": "default", "robot_id": "202601002029", "request_id": "6b6977645b3c43f996d2c741a622658b", "position": {"x": 1350.0, "y": -2338.268590217984}, "channel": 14}, "attempt": 1}
2026-09-12 20:28:47,042 INFO response {"request_id": "6b6977645b3c43f996d2c741a622658b", "http_status": 200, "body": {"accepted": true, "real_timestamp_ms": 1789216123853, "virtual_time_s": 6570, "measure_result": "no_signal"}}
2026-09-12 20:28:47,057 INFO request {"path": "/measure", "payload": {"arena_id": "default", "robot_id": "202601002029", "request_id": "62a1c2e413314e29ba6d471bd01293b8", "position": {"x": 1350.0, "y": -2338.268590217984}, "channel": 15}, "attempt": 1}
2026-09-12 20:28:47,058 INFO response {"request_id": "62a1c2e413314e29ba6d471bd01293b8", "http_status": 200, "body": {"accepted": true, "real_timestamp_ms": 1789216123870, "virtual_time_s": 6576, "measure_result": "no_signal"}}
2026-09-12 20:28:47,089 INFO request {"path": "/measure", "payload": {"arena_id": "default", "robot_id": "202601002029", "request_id": "963d14ca8f3a4bc5a2acff3380cb1b8c", "position": {"x": 1350.0, "y": -2338.268590217984}, "channel": 18}, "attempt": 1}
2026-09-12 20:28:47,099 INFO response {"request_id": "963d14ca8f3a4bc5a2acff3380cb1b8c", "http_status": 200, "body": {"accepted": true, "real_timestamp_ms": 1789216123912, "virtual_time_s": 6582, "measure_result": "no_signal"}}
2026-09-12 20:28:47,131 INFO request {"path": "/measure", "payload": {"arena_id": "default", "robot_id": "202601002029", "request_id": "439ab21aa3f342d09b4e17ab08749888", "position": {"x": 1350.0, "y": -2338.268590217984}, "channel": 20}, "attempt": 1}
2026-09-12 20:28:47,132 INFO response {"request_id": "439ab21aa3f342d09b4e17ab08749888", "http_status": 200, "body": {"accepted": true, "real_timestamp_ms": 1789216123944, "virtual_time_s": 6588, "measure_result": "direction", "svd_deg": 105.46}}
2026-09-12 20:28:47,167 INFO request {"path": "/measure", "payload": {"arena_id": "default", "robot_id": "202601002029", "request_id": "3ed7ddece7c64f3baaa48dd714241b23", "position": {"x": 900.0, "y": -1558.8457268119894}, "channel": 1}, "attempt": 1}
2026-09-12 20:28:47,178 INFO response {"request_id": "3ed7ddece7c64f3baaa48dd714241b23", "http_status": 200, "body": {"accepted": true, "real_timestamp_ms": 1789216123990, "virtual_time_s": 6774, "measure_result": "no_signal"}}
2026-09-12 20:28:47,193 INFO request {"path": "/measure", "payload": {"arena_id": "default", "robot_id": "202601002029", "request_id": "642e19b68b214a13a539427b73f9cb8c", "position": {"x": 900.0, "y": -1558.8457268119894}, "channel": 3}, "attempt": 1}
2026-09-12 20:28:47,194 INFO response {"request_id": "642e19b68b214a13a539427b73f9cb8c", "http_status": 200, "body": {"accepted": true, "real_timestamp_ms": 1789216124006, "virtual_time_s": 6780, "measure_result": "no_signal"}}
2026-09-12 20:28:47,225 INFO request {"path": "/measure", "payload": {"arena_id": "default", "robot_id": "202601002029", "request_id": "3cf1e8db873e429c83d04193d887ac8f", "position": {"x": 900.0, "y": -1558.8457268119894}, "channel": 5}, "attempt": 1}
2026-09-12 20:28:47,238 INFO response {"request_id": "3cf1e8db873e429c83d04193d887ac8f", "http_status": 200, "body": {"accepted": true, "real_timestamp_ms": 1789216124049, "virtual_time_s": 6786, "measure_result": "direction", "svd_deg": 114.32}}
2026-09-12 20:28:47,254 INFO request {"path": "/measure", "payload": {"arena_id": "default", "robot_id": "202601002029", "request_id": "a44af30d29174b879197557bdfea42eb", "position": {"x": 900.0, "y": -1558.8457268119894}, "channel": 7}, "attempt": 1}
2026-09-12 20:28:47,267 INFO response {"request_id": "a44af30d29174b879197557bdfea42eb", "http_status": 200, "body": {"accepted": true, "real_timestamp_ms": 1789216124079, "virtual_time_s": 6792, "measure_result": "no_signal"}}
2026-09-12 20:28:47,298 INFO request {"path": "/measure", "payload": {"arena_id": "default", "robot_id": "202601002029", "request_id": "c6ed1311dbad475b82b5f2de76360d26", "position": {"x": 900.0, "y": -1558.8457268119894}, "channel": 8}, "attempt": 1}
2026-09-12 20:28:47,316 INFO response {"request_id": "c6ed1311dbad475b82b5f2de76360d26", "http_status": 200, "body": {"accepted": true, "real_timestamp_ms": 1789216124128, "virtual_time_s": 6798, "measure_result": "no_signal"}}
2026-09-12 20:28:47,316 INFO request {"path": "/measure", "payload": {"arena_id": "default", "robot_id": "202601002029", "request_id": "ee575db086bd49a292c38420dd02b6a5", "position": {"x": 900.0, "y": -1558.8457268119894}, "channel": 9}, "attempt": 1}
2026-09-12 20:28:47,337 INFO response {"request_id": "ee575db086bd49a292c38420dd02b6a5", "http_status": 200, "body": {"accepted": true, "real_timestamp_ms": 1789216124149, "virtual_time_s": 6804, "measure_result": "no_signal"}}
2026-09-12 20:28:47,352 INFO request {"path": "/measure", "payload": {"arena_id": "default", "robot_id": "202601002029", "request_id": "0fb967425571403b8cce19e35717bd23", "position": {"x": 900.0, "y": -1558.8457268119894}, "channel": 13}, "attempt": 1}
2026-09-12 20:28:47,353 INFO response {"request_id": "0fb967425571403b8cce19e35717bd23", "http_status": 200, "body": {"accepted": true, "real_timestamp_ms": 1789216124165, "virtual_time_s": 6810, "measure_result": "no_signal"}}
2026-09-12 20:28:47,384 INFO request {"path": "/measure", "payload": {"arena_id": "default", "robot_id": "202601002029", "request_id": "6fcae6d3ebdf4773860d167ea5f993dc", "position": {"x": 900.0, "y": -1558.8457268119894}, "channel": 14}, "attempt": 1}
2026-09-12 20:28:47,396 INFO response {"request_id": "6fcae6d3ebdf4773860d167ea5f993dc", "http_status": 200, "body": {"accepted": true, "real_timestamp_ms": 1789216124208, "virtual_time_s": 6816, "measure_result": "no_signal"}}
2026-09-12 20:28:47,412 INFO request {"path": "/measure", "payload": {"arena_id": "default", "robot_id": "202601002029", "request_id": "56cb7471a2864d1ca4a4df139fcb821b", "position": {"x": 900.0, "y": -1558.8457268119894}, "channel": 15}, "attempt": 1}
2026-09-12 20:28:47,425 INFO response {"request_id": "56cb7471a2864d1ca4a4df139fcb821b", "http_status": 200, "body": {"accepted": true, "real_timestamp_ms": 1789216124237, "virtual_time_s": 6822, "measure_result": "no_signal"}}
2026-09-12 20:28:47,440 INFO request {"path": "/measure", "payload": {"arena_id": "default", "robot_id": "202601002029", "request_id": "da8f9e3261d744e086d9784cea2bc2a2", "position": {"x": 900.0, "y": -1558.8457268119894}, "channel": 18}, "attempt": 1}
2026-09-12 20:28:47,441 INFO response {"request_id": "da8f9e3261d744e086d9784cea2bc2a2", "http_status": 200, "body": {"accepted": true, "real_timestamp_ms": 1789216124253, "virtual_time_s": 6828, "measure_result": "no_signal"}}
2026-09-12 20:28:47,503 INFO request {"path": "/measure", "payload": {"arena_id": "default", "robot_id": "202601002029", "request_id": "e99544ae47454046b3452970b9d12931", "position": {"x": 900.0, "y": -1558.8457268119894}, "channel": 2}, "attempt": 1}
2026-09-12 20:28:47,504 INFO response {"request_id": "e99544ae47454046b3452970b9d12931", "http_status": 200, "body": {"accepted": true, "real_timestamp_ms": 1789216124316, "virtual_time_s": 6834, "measure_result": "direction", "svd_deg": 56.04}}
2026-09-12 20:28:47,522 INFO request {"path": "/measure", "payload": {"arena_id": "default", "robot_id": "202601002029", "request_id": "82a0bbd7226848ea86b336d7eb08c06a", "position": {"x": 1350.0, "y": -779.4228634059947}, "channel": 1}, "attempt": 1}
2026-09-12 20:28:47,544 INFO response {"request_id": "82a0bbd7226848ea86b336d7eb08c06a", "http_status": 200, "body": {"accepted": true, "real_timestamp_ms": 1789216124355, "virtual_time_s": 7020, "measure_result": "no_signal"}}
2026-09-12 20:28:47,560 INFO request {"path": "/measure", "payload": {"arena_id": "default", "robot_id": "202601002029", "request_id": "3f151f0180724505a4352fc72565d953", "position": {"x": 1350.0, "y": -779.4228634059947}, "channel": 3}, "attempt": 1}
2026-09-12 20:28:47,573 INFO response {"request_id": "3f151f0180724505a4352fc72565d953", "http_status": 200, "body": {"accepted": true, "real_timestamp_ms": 1789216124384, "virtual_time_s": 7026, "measure_result": "no_signal"}}
2026-09-12 20:28:47,589 INFO request {"path": "/measure", "payload": {"arena_id": "default", "robot_id": "202601002029", "request_id": "31517932e9c24c729fc5b95d56718d46", "position": {"x": 1350.0, "y": -779.4228634059947}, "channel": 7}, "attempt": 1}
2026-09-12 20:28:47,591 INFO response {"request_id": "31517932e9c24c729fc5b95d56718d46", "http_status": 200, "body": {"accepted": true, "real_timestamp_ms": 1789216124402, "virtual_time_s": 7032, "measure_result": "no_signal"}}
2026-09-12 20:28:47,622 INFO request {"path": "/measure", "payload": {"arena_id": "default", "robot_id": "202601002029", "request_id": "5a3beaf308ef4d458847296a398892da", "position": {"x": 1350.0, "y": -779.4228634059947}, "channel": 8}, "attempt": 1}
2026-09-12 20:28:47,623 INFO response {"request_id": "5a3beaf308ef4d458847296a398892da", "http_status": 200, "body": {"accepted": true, "real_timestamp_ms": 1789216124435, "virtual_time_s": 7038, "measure_result": "no_signal"}}
2026-09-12 20:28:47,654 INFO request {"path": "/measure", "payload": {"arena_id": "default", "robot_id": "202601002029", "request_id": "1497fdf6fa004e68b3e7df432cb70916", "position": {"x": 1350.0, "y": -779.4228634059947}, "channel": 9}, "attempt": 1}
2026-09-12 20:28:47,673 INFO response {"request_id": "1497fdf6fa004e68b3e7df432cb70916", "http_status": 200, "body": {"accepted": true, "real_timestamp_ms": 1789216124485, "virtual_time_s": 7044, "measure_result": "no_signal"}}
2026-09-12 20:28:47,688 INFO request {"path": "/measure", "payload": {"arena_id": "default", "robot_id": "202601002029", "request_id": "055e065973fe41acaabc514ad1ae96e4", "position": {"x": 1350.0, "y": -779.4228634059947}, "channel": 13}, "attempt": 1}
2026-09-12 20:28:47,703 INFO response {"request_id": "055e065973fe41acaabc514ad1ae96e4", "http_status": 200, "body": {"accepted": true, "real_timestamp_ms": 1789216124514, "virtual_time_s": 7050, "measure_result": "no_signal"}}
2026-09-12 20:28:47,718 INFO request {"path": "/measure", "payload": {"arena_id": "default", "robot_id": "202601002029", "request_id": "c55e6b6b20d2434a80045871d650db82", "position": {"x": 1350.0, "y": -779.4228634059947}, "channel": 14}, "attempt": 1}
2026-09-12 20:28:47,720 INFO response {"request_id": "c55e6b6b20d2434a80045871d650db82", "http_status": 200, "body": {"accepted": true, "real_timestamp_ms": 1789216124532, "virtual_time_s": 7056, "measure_result": "no_signal"}}
2026-09-12 20:28:47,738 INFO request {"path": "/measure", "payload": {"arena_id": "default", "robot_id": "202601002029", "request_id": "97f60efe97aa455e92fe37a3c0aea278", "position": {"x": 1350.0, "y": -779.4228634059947}, "channel": 15}, "attempt": 1}
2026-09-12 20:28:47,751 INFO response {"request_id": "97f60efe97aa455e92fe37a3c0aea278", "http_status": 200, "body": {"accepted": true, "real_timestamp_ms": 1789216124563, "virtual_time_s": 7062, "measure_result": "no_signal"}}
2026-09-12 20:28:47,782 INFO request {"path": "/measure", "payload": {"arena_id": "default", "robot_id": "202601002029", "request_id": "cb6f20b97a1e4cfa9472fb7448d40862", "position": {"x": 1350.0, "y": -779.4228634059947}, "channel": 18}, "attempt": 1}
2026-09-12 20:28:47,801 INFO response {"request_id": "cb6f20b97a1e4cfa9472fb7448d40862", "http_status": 200, "body": {"accepted": true, "real_timestamp_ms": 1789216124613, "virtual_time_s": 7068, "measure_result": "no_signal"}}
2026-09-12 20:28:47,845 INFO request {"path": "/measure", "payload": {"arena_id": "default", "robot_id": "202601002029", "request_id": "e468f29d81d64f77b11f8a83a85c4404", "position": {"x": 1350.0, "y": -779.4228634059947}, "channel": 5}, "attempt": 1}
2026-09-12 20:28:47,860 INFO response {"request_id": "e468f29d81d64f77b11f8a83a85c4404", "http_status": 200, "body": {"accepted": true, "real_timestamp_ms": 1789216124672, "virtual_time_s": 7074, "measure_result": "direction", "svd_deg": 213.26}}
2026-09-12 20:28:47,878 INFO request {"path": "/measure", "payload": {"arena_id": "default", "robot_id": "202601002029", "request_id": "f0812477986f476099957b293dd58058", "position": {"x": 1800.0, "y": -1558.8457268119894}, "channel": 1}, "attempt": 1}
2026-09-12 20:28:47,899 INFO response {"request_id": "f0812477986f476099957b293dd58058", "http_status": 200, "body": {"accepted": true, "real_timestamp_ms": 1789216124711, "virtual_time_s": 7260, "measure_result": "no_signal"}}
2026-09-12 20:28:47,915 INFO request {"path": "/measure", "payload": {"arena_id": "default", "robot_id": "202601002029", "request_id": "e4310b3538fc4117a068ad8b16fa7fca", "position": {"x": 1800.0, "y": -1558.8457268119894}, "channel": 3}, "attempt": 1}
2026-09-12 20:28:47,917 INFO response {"request_id": "e4310b3538fc4117a068ad8b16fa7fca", "http_status": 200, "body": {"accepted": true, "real_timestamp_ms": 1789216124728, "virtual_time_s": 7266, "measure_result": "no_signal"}}
2026-09-12 20:28:47,948 INFO request {"path": "/measure", "payload": {"arena_id": "default", "robot_id": "202601002029", "request_id": "0bdaeeb6065a4ac08d6adc2c56f12177", "position": {"x": 1800.0, "y": -1558.8457268119894}, "channel": 7}, "attempt": 1}
2026-09-12 20:28:47,969 INFO response {"request_id": "0bdaeeb6065a4ac08d6adc2c56f12177", "http_status": 200, "body": {"accepted": true, "real_timestamp_ms": 1789216124780, "virtual_time_s": 7272, "measure_result": "no_signal"}}
2026-09-12 20:28:47,985 INFO request {"path": "/measure", "payload": {"arena_id": "default", "robot_id": "202601002029", "request_id": "4de2ec3c82804b079f2aa4c1969df28e", "position": {"x": 1800.0, "y": -1558.8457268119894}, "channel": 8}, "attempt": 1}
2026-09-12 20:28:47,986 INFO response {"request_id": "4de2ec3c82804b079f2aa4c1969df28e", "http_status": 200, "body": {"accepted": true, "real_timestamp_ms": 1789216124798, "virtual_time_s": 7278, "measure_result": "no_signal"}}
2026-09-12 20:28:48,017 INFO request {"path": "/measure", "payload": {"arena_id": "default", "robot_id": "202601002029", "request_id": "8004469ba6b5417481aa6509adef157a", "position": {"x": 1800.0, "y": -1558.8457268119894}, "channel": 9}, "attempt": 1}
2026-09-12 20:28:48,038 INFO response {"request_id": "8004469ba6b5417481aa6509adef157a", "http_status": 200, "body": {"accepted": true, "real_timestamp_ms": 1789216124850, "virtual_time_s": 7284, "measure_result": "no_signal"}}
2026-09-12 20:28:48,039 INFO request {"path": "/measure", "payload": {"arena_id": "default", "robot_id": "202601002029", "request_id": "0e0dba6e4d6f49a4ab583f9d1281c58a", "position": {"x": 1800.0, "y": -1558.8457268119894}, "channel": 13}, "attempt": 1}
2026-09-12 20:28:48,058 INFO response {"request_id": "0e0dba6e4d6f49a4ab583f9d1281c58a", "http_status": 200, "body": {"accepted": true, "real_timestamp_ms": 1789216124870, "virtual_time_s": 7290, "measure_result": "no_signal"}}
2026-09-12 20:28:48,073 INFO request {"path": "/measure", "payload": {"arena_id": "default", "robot_id": "202601002029", "request_id": "4c18156ee94d4d4dbe2e2c431ca0a211", "position": {"x": 1800.0, "y": -1558.8457268119894}, "channel": 14}, "attempt": 1}
2026-09-12 20:28:48,086 INFO response {"request_id": "4c18156ee94d4d4dbe2e2c431ca0a211", "http_status": 200, "body": {"accepted": true, "real_timestamp_ms": 1789216124899, "virtual_time_s": 7296, "measure_result": "no_signal"}}
2026-09-12 20:28:48,101 INFO request {"path": "/measure", "payload": {"arena_id": "default", "robot_id": "202601002029", "request_id": "5fe7f3631d9745dc860721784e6cf439", "position": {"x": 1800.0, "y": -1558.8457268119894}, "channel": 15}, "attempt": 1}
2026-09-12 20:28:48,116 INFO response {"request_id": "5fe7f3631d9745dc860721784e6cf439", "http_status": 200, "body": {"accepted": true, "real_timestamp_ms": 1789216124928, "virtual_time_s": 7302, "measure_result": "no_signal"}}
2026-09-12 20:28:48,131 INFO request {"path": "/measure", "payload": {"arena_id": "default", "robot_id": "202601002029", "request_id": "4b7219aeb8e64844a2bca1e36bcd3b55", "position": {"x": 1800.0, "y": -1558.8457268119894}, "channel": 18}, "attempt": 1}
2026-09-12 20:28:48,146 INFO response {"request_id": "4b7219aeb8e64844a2bca1e36bcd3b55", "http_status": 200, "body": {"accepted": true, "real_timestamp_ms": 1789216124958, "virtual_time_s": 7308, "measure_result": "no_signal"}}
2026-09-12 20:28:48,209 INFO request {"path": "/measure", "payload": {"arena_id": "default", "robot_id": "202601002029", "request_id": "7c786489ebc14cbead8cb24a182b08ea", "position": {"x": 1800.0, "y": -1558.8457268119894}, "channel": 2}, "attempt": 1}
2026-09-12 20:28:48,210 INFO response {"request_id": "7c786489ebc14cbead8cb24a182b08ea", "http_status": 200, "body": {"accepted": true, "real_timestamp_ms": 1789216125022, "virtual_time_s": 7314, "measure_result": "no_signal"}}
2026-09-12 20:28:48,241 INFO request {"path": "/measure", "payload": {"arena_id": "default", "robot_id": "202601002029", "request_id": "efe899fd36a34050a7ced1b2d76ccd4a", "position": {"x": 1800.0, "y": -1558.8457268119894}, "channel": 20}, "attempt": 1}
2026-09-12 20:28:48,244 INFO response {"request_id": "efe899fd36a34050a7ced1b2d76ccd4a", "http_status": 200, "body": {"accepted": true, "real_timestamp_ms": 1789216125055, "virtual_time_s": 7320, "measure_result": "direction", "svd_deg": 161.36}}
2026-09-12 20:28:48,271 INFO request {"path": "/measure", "payload": {"arena_id": "default", "robot_id": "202601002029", "request_id": "011059d4f9e64dae8a1125ac8ceb1b6c", "position": {"x": 2250.0, "y": -779.4228634059947}, "channel": 1}, "attempt": 1}
2026-09-12 20:28:48,285 INFO response {"request_id": "011059d4f9e64dae8a1125ac8ceb1b6c", "http_status": 200, "body": {"accepted": true, "real_timestamp_ms": 1789216125096, "virtual_time_s": 7506, "measure_result": "no_signal"}}
2026-09-12 20:28:48,300 INFO request {"path": "/measure", "payload": {"arena_id": "default", "robot_id": "202601002029", "request_id": "2bfc6cb73c454daea17b941e9517bddc", "position": {"x": 2250.0, "y": -779.4228634059947}, "channel": 3}, "attempt": 1}
2026-09-12 20:28:48,315 INFO response {"request_id": "2bfc6cb73c454daea17b941e9517bddc", "http_status": 200, "body": {"accepted": true, "real_timestamp_ms": 1789216125127, "virtual_time_s": 7512, "measure_result": "no_signal"}}
2026-09-12 20:28:48,330 INFO request {"path": "/measure", "payload": {"arena_id": "default", "robot_id": "202601002029", "request_id": "e20f002be3824494babcf82e91fc88a5", "position": {"x": 2250.0, "y": -779.4228634059947}, "channel": 7}, "attempt": 1}
2026-09-12 20:28:48,344 INFO response {"request_id": "e20f002be3824494babcf82e91fc88a5", "http_status": 200, "body": {"accepted": true, "real_timestamp_ms": 1789216125156, "virtual_time_s": 7518, "measure_result": "no_signal"}}
2026-09-12 20:28:48,359 INFO request {"path": "/measure", "payload": {"arena_id": "default", "robot_id": "202601002029", "request_id": "ea014e78e69a43f48ba492e0140f3142", "position": {"x": 2250.0, "y": -779.4228634059947}, "channel": 8}, "attempt": 1}
2026-09-12 20:28:48,372 INFO response {"request_id": "ea014e78e69a43f48ba492e0140f3142", "http_status": 200, "body": {"accepted": true, "real_timestamp_ms": 1789216125184, "virtual_time_s": 7524, "measure_result": "no_signal"}}
2026-09-12 20:28:48,387 INFO request {"path": "/measure", "payload": {"arena_id": "default", "robot_id": "202601002029", "request_id": "a2e7f7243fe0403c8db0309f11ad2660", "position": {"x": 2250.0, "y": -779.4228634059947}, "channel": 9}, "attempt": 1}
2026-09-12 20:28:48,404 INFO response {"request_id": "a2e7f7243fe0403c8db0309f11ad2660", "http_status": 200, "body": {"accepted": true, "real_timestamp_ms": 1789216125216, "virtual_time_s": 7530, "measure_result": "no_signal"}}
2026-09-12 20:28:48,420 INFO request {"path": "/measure", "payload": {"arena_id": "default", "robot_id": "202601002029", "request_id": "4e0867d657e64ce4802e6d6ce5f6e9b5", "position": {"x": 2250.0, "y": -779.4228634059947}, "channel": 13}, "attempt": 1}
2026-09-12 20:28:48,431 INFO response {"request_id": "4e0867d657e64ce4802e6d6ce5f6e9b5", "http_status": 200, "body": {"accepted": true, "real_timestamp_ms": 1789216125243, "virtual_time_s": 7536, "measure_result": "no_signal"}}
2026-09-12 20:28:48,446 INFO request {"path": "/measure", "payload": {"arena_id": "default", "robot_id": "202601002029", "request_id": "a359947fe03c4e37993f54ecbbeaa16b", "position": {"x": 2250.0, "y": -779.4228634059947}, "channel": 14}, "attempt": 1}
2026-09-12 20:28:48,461 INFO response {"request_id": "a359947fe03c4e37993f54ecbbeaa16b", "http_status": 200, "body": {"accepted": true, "real_timestamp_ms": 1789216125273, "virtual_time_s": 7542, "measure_result": "no_signal"}}
2026-09-12 20:28:48,475 INFO request {"path": "/measure", "payload": {"arena_id": "default", "robot_id": "202601002029", "request_id": "cc3648bdf6814bd38593d2425e596966", "position": {"x": 2250.0, "y": -779.4228634059947}, "channel": 15}, "attempt": 1}
2026-09-12 20:28:48,490 INFO response {"request_id": "cc3648bdf6814bd38593d2425e596966", "http_status": 200, "body": {"accepted": true, "real_timestamp_ms": 1789216125301, "virtual_time_s": 7548, "measure_result": "no_signal"}}
2026-09-12 20:28:48,505 INFO request {"path": "/measure", "payload": {"arena_id": "default", "robot_id": "202601002029", "request_id": "caca7203854d44c899f44d6ca665d77d", "position": {"x": 2250.0, "y": -779.4228634059947}, "channel": 18}, "attempt": 1}
2026-09-12 20:28:48,518 INFO response {"request_id": "caca7203854d44c899f44d6ca665d77d", "http_status": 200, "body": {"accepted": true, "real_timestamp_ms": 1789216125330, "virtual_time_s": 7554, "measure_result": "no_signal"}}
2026-09-12 20:28:48,541 INFO request {"path": "/measure", "payload": {"arena_id": "default", "robot_id": "202601002029", "request_id": "f3fb3bb6fe01461ca2cd6e71b2b7a74d", "position": {"x": 2700.0, "y": 0.0}, "channel": 18}, "attempt": 1}
2026-09-12 20:28:48,559 INFO response {"request_id": "f3fb3bb6fe01461ca2cd6e71b2b7a74d", "http_status": 200, "body": {"accepted": true, "real_timestamp_ms": 1789216125371, "virtual_time_s": 7739, "measure_result": "no_signal"}}
2026-09-12 20:28:48,573 INFO request {"path": "/measure", "payload": {"arena_id": "default", "robot_id": "202601002029", "request_id": "65b0352beb6644e1b8c33d8968f857d3", "position": {"x": 2700.0, "y": 0.0}, "channel": 1}, "attempt": 1}
2026-09-12 20:28:48,588 INFO response {"request_id": "65b0352beb6644e1b8c33d8968f857d3", "http_status": 200, "body": {"accepted": true, "real_timestamp_ms": 1789216125400, "virtual_time_s": 7745, "measure_result": "no_signal"}}
2026-09-12 20:28:48,603 INFO request {"path": "/measure", "payload": {"arena_id": "default", "robot_id": "202601002029", "request_id": "f1fad949672c4e0c92f2a13c8eed0d21", "position": {"x": 2700.0, "y": 0.0}, "channel": 3}, "attempt": 1}
2026-09-12 20:28:48,616 INFO response {"request_id": "f1fad949672c4e0c92f2a13c8eed0d21", "http_status": 200, "body": {"accepted": true, "real_timestamp_ms": 1789216125429, "virtual_time_s": 7751, "measure_result": "no_signal"}}
2026-09-12 20:28:48,631 INFO request {"path": "/measure", "payload": {"arena_id": "default", "robot_id": "202601002029", "request_id": "431850075b7245eebc1052d23b0f5c00", "position": {"x": 2700.0, "y": 0.0}, "channel": 7}, "attempt": 1}
2026-09-12 20:28:48,647 INFO response {"request_id": "431850075b7245eebc1052d23b0f5c00", "http_status": 200, "body": {"accepted": true, "real_timestamp_ms": 1789216125459, "virtual_time_s": 7757, "measure_result": "no_signal"}}
2026-09-12 20:28:48,663 INFO request {"path": "/measure", "payload": {"arena_id": "default", "robot_id": "202601002029", "request_id": "b6d7453503804208a4a34a53e80ab12d", "position": {"x": 2700.0, "y": 0.0}, "channel": 8}, "attempt": 1}
2026-09-12 20:28:48,677 INFO response {"request_id": "b6d7453503804208a4a34a53e80ab12d", "http_status": 200, "body": {"accepted": true, "real_timestamp_ms": 1789216125489, "virtual_time_s": 7763, "measure_result": "no_signal"}}
2026-09-12 20:28:48,692 INFO request {"path": "/measure", "payload": {"arena_id": "default", "robot_id": "202601002029", "request_id": "ccd775b75bea458c85ee16c64d5a8f8b", "position": {"x": 2700.0, "y": 0.0}, "channel": 9}, "attempt": 1}
2026-09-12 20:28:48,706 INFO response {"request_id": "ccd775b75bea458c85ee16c64d5a8f8b", "http_status": 200, "body": {"accepted": true, "real_timestamp_ms": 1789216125517, "virtual_time_s": 7769, "measure_result": "no_signal"}}
2026-09-12 20:28:48,738 INFO request {"path": "/measure", "payload": {"arena_id": "default", "robot_id": "202601002029", "request_id": "d294f236b2af45a08feea0999e3b75f1", "position": {"x": 2700.0, "y": 0.0}, "channel": 13}, "attempt": 1}
2026-09-12 20:28:48,740 INFO response {"request_id": "d294f236b2af45a08feea0999e3b75f1", "http_status": 200, "body": {"accepted": true, "real_timestamp_ms": 1789216125552, "virtual_time_s": 7775, "measure_result": "no_signal"}}
2026-09-12 20:28:48,755 INFO request {"path": "/measure", "payload": {"arena_id": "default", "robot_id": "202601002029", "request_id": "6b57fb95fa2c464d93c5ce99e7872f6c", "position": {"x": 2700.0, "y": 0.0}, "channel": 14}, "attempt": 1}
2026-09-12 20:28:48,776 INFO response {"request_id": "6b57fb95fa2c464d93c5ce99e7872f6c", "http_status": 200, "body": {"accepted": true, "real_timestamp_ms": 1789216125587, "virtual_time_s": 7781, "measure_result": "no_signal"}}
2026-09-12 20:28:48,792 INFO request {"path": "/measure", "payload": {"arena_id": "default", "robot_id": "202601002029", "request_id": "540811a3d70544fabaf74b5e7e355e86", "position": {"x": 2700.0, "y": 0.0}, "channel": 15}, "attempt": 1}
2026-09-12 20:28:48,803 INFO response {"request_id": "540811a3d70544fabaf74b5e7e355e86", "http_status": 200, "body": {"accepted": true, "real_timestamp_ms": 1789216125615, "virtual_time_s": 7787, "measure_result": "no_signal"}}
2026-09-12 20:28:48,820 INFO request {"path": "/measure", "payload": {"arena_id": "default", "robot_id": "202601002029", "request_id": "335153bf36f24085b008e56b9b857638", "position": {"x": 2250.0, "y": 779.4228634059947}, "channel": 15}, "attempt": 1}
2026-09-12 20:28:48,821 INFO response {"request_id": "335153bf36f24085b008e56b9b857638", "http_status": 200, "body": {"accepted": true, "real_timestamp_ms": 1789216125633, "virtual_time_s": 7972, "measure_result": "no_signal"}}
2026-09-12 20:28:48,852 INFO request {"path": "/measure", "payload": {"arena_id": "default", "robot_id": "202601002029", "request_id": "f877265be81f475cbe5b6f7d5a89cd63", "position": {"x": 2250.0, "y": 779.4228634059947}, "channel": 1}, "attempt": 1}
2026-09-12 20:28:48,854 INFO response {"request_id": "f877265be81f475cbe5b6f7d5a89cd63", "http_status": 200, "body": {"accepted": true, "real_timestamp_ms": 1789216125665, "virtual_time_s": 7978, "measure_result": "no_signal"}}
2026-09-12 20:28:48,885 INFO request {"path": "/measure", "payload": {"arena_id": "default", "robot_id": "202601002029", "request_id": "e62652a8fa3742ca9e735524b8df62ca", "position": {"x": 2250.0, "y": 779.4228634059947}, "channel": 3}, "attempt": 1}
2026-09-12 20:28:48,902 INFO response {"request_id": "e62652a8fa3742ca9e735524b8df62ca", "http_status": 200, "body": {"accepted": true, "real_timestamp_ms": 1789216125713, "virtual_time_s": 7984, "measure_result": "no_signal"}}
2026-09-12 20:28:48,917 INFO request {"path": "/measure", "payload": {"arena_id": "default", "robot_id": "202601002029", "request_id": "fb562ff84ef74e609c3c8155e74fe04d", "position": {"x": 2250.0, "y": 779.4228634059947}, "channel": 7}, "attempt": 1}
2026-09-12 20:28:48,919 INFO response {"request_id": "fb562ff84ef74e609c3c8155e74fe04d", "http_status": 200, "body": {"accepted": true, "real_timestamp_ms": 1789216125731, "virtual_time_s": 7990, "measure_result": "no_signal"}}
2026-09-12 20:28:48,950 INFO request {"path": "/measure", "payload": {"arena_id": "default", "robot_id": "202601002029", "request_id": "8b5f4a2507f14127ba75686f17aff7fc", "position": {"x": 2250.0, "y": 779.4228634059947}, "channel": 8}, "attempt": 1}
2026-09-12 20:28:48,971 INFO response {"request_id": "8b5f4a2507f14127ba75686f17aff7fc", "http_status": 200, "body": {"accepted": true, "real_timestamp_ms": 1789216125783, "virtual_time_s": 7996, "measure_result": "no_signal"}}
2026-09-12 20:28:48,986 INFO request {"path": "/measure", "payload": {"arena_id": "default", "robot_id": "202601002029", "request_id": "e487ef3633e44ce9bed8230c79f86e51", "position": {"x": 2250.0, "y": 779.4228634059947}, "channel": 9}, "attempt": 1}
2026-09-12 20:28:48,999 INFO response {"request_id": "e487ef3633e44ce9bed8230c79f86e51", "http_status": 200, "body": {"accepted": true, "real_timestamp_ms": 1789216125811, "virtual_time_s": 8002, "measure_result": "no_signal"}}
2026-09-12 20:28:49,014 INFO request {"path": "/measure", "payload": {"arena_id": "default", "robot_id": "202601002029", "request_id": "919e9753e6a447ce831df137184a7fb6", "position": {"x": 2250.0, "y": 779.4228634059947}, "channel": 13}, "attempt": 1}
2026-09-12 20:28:49,029 INFO response {"request_id": "919e9753e6a447ce831df137184a7fb6", "http_status": 200, "body": {"accepted": true, "real_timestamp_ms": 1789216125841, "virtual_time_s": 8008, "measure_result": "no_signal"}}
2026-09-12 20:28:49,044 INFO request {"path": "/measure", "payload": {"arena_id": "default", "robot_id": "202601002029", "request_id": "15671a2df8b645b88969cd50ac96332f", "position": {"x": 2250.0, "y": 779.4228634059947}, "channel": 14}, "attempt": 1}
2026-09-12 20:28:49,058 INFO response {"request_id": "15671a2df8b645b88969cd50ac96332f", "http_status": 200, "body": {"accepted": true, "real_timestamp_ms": 1789216125870, "virtual_time_s": 8014, "measure_result": "no_signal"}}
2026-09-12 20:28:49,073 INFO request {"path": "/measure", "payload": {"arena_id": "default", "robot_id": "202601002029", "request_id": "511a64781ccb49fc8fff2dac45ac2b50", "position": {"x": 2250.0, "y": 779.4228634059947}, "channel": 18}, "attempt": 1}
2026-09-12 20:28:49,088 INFO response {"request_id": "511a64781ccb49fc8fff2dac45ac2b50", "http_status": 200, "body": {"accepted": true, "real_timestamp_ms": 1789216125900, "virtual_time_s": 8020, "measure_result": "no_signal"}}
2026-09-12 20:28:49,104 INFO request {"path": "/measure", "payload": {"arena_id": "default", "robot_id": "202601002029", "request_id": "6b2a9974fb5a4de9b31d718f5d468f5b", "position": {"x": 1800.0, "y": 1558.8457268119894}, "channel": 18}, "attempt": 1}
2026-09-12 20:28:49,105 INFO response {"request_id": "6b2a9974fb5a4de9b31d718f5d468f5b", "http_status": 200, "body": {"accepted": true, "real_timestamp_ms": 1789216125917, "virtual_time_s": 8205, "measure_result": "no_signal"}}
2026-09-12 20:28:49,136 INFO request {"path": "/measure", "payload": {"arena_id": "default", "robot_id": "202601002029", "request_id": "7f31ad619bd44289ba5a25329ff01f36", "position": {"x": 1800.0, "y": 1558.8457268119894}, "channel": 1}, "attempt": 1}
2026-09-12 20:28:49,149 INFO response {"request_id": "7f31ad619bd44289ba5a25329ff01f36", "http_status": 200, "body": {"accepted": true, "real_timestamp_ms": 1789216125960, "virtual_time_s": 8211, "measure_result": "no_signal"}}
2026-09-12 20:28:49,165 INFO request {"path": "/measure", "payload": {"arena_id": "default", "robot_id": "202601002029", "request_id": "2431bd2efcfb42d39705ab3581e2468b", "position": {"x": 1800.0, "y": 1558.8457268119894}, "channel": 3}, "attempt": 1}
2026-09-12 20:28:49,168 INFO response {"request_id": "2431bd2efcfb42d39705ab3581e2468b", "http_status": 200, "body": {"accepted": true, "real_timestamp_ms": 1789216125979, "virtual_time_s": 8217, "measure_result": "no_signal"}}
2026-09-12 20:28:49,199 INFO request {"path": "/measure", "payload": {"arena_id": "default", "robot_id": "202601002029", "request_id": "efc3aa147f71456e85edddbdc9c3054c", "position": {"x": 1800.0, "y": 1558.8457268119894}, "channel": 7}, "attempt": 1}
2026-09-12 20:28:49,201 INFO response {"request_id": "efc3aa147f71456e85edddbdc9c3054c", "http_status": 200, "body": {"accepted": true, "real_timestamp_ms": 1789216126012, "virtual_time_s": 8223, "measure_result": "no_signal"}}
2026-09-12 20:28:49,232 INFO request {"path": "/measure", "payload": {"arena_id": "default", "robot_id": "202601002029", "request_id": "00a3e245ac504fa5a1e8dac2b35c7d7f", "position": {"x": 1800.0, "y": 1558.8457268119894}, "channel": 8}, "attempt": 1}
2026-09-12 20:28:49,246 INFO response {"request_id": "00a3e245ac504fa5a1e8dac2b35c7d7f", "http_status": 200, "body": {"accepted": true, "real_timestamp_ms": 1789216126058, "virtual_time_s": 8229, "measure_result": "no_signal"}}
2026-09-12 20:28:49,262 INFO request {"path": "/measure", "payload": {"arena_id": "default", "robot_id": "202601002029", "request_id": "9ce83508eb014355bb5f1ad284c2948f", "position": {"x": 1800.0, "y": 1558.8457268119894}, "channel": 9}, "attempt": 1}
2026-09-12 20:28:49,276 INFO response {"request_id": "9ce83508eb014355bb5f1ad284c2948f", "http_status": 200, "body": {"accepted": true, "real_timestamp_ms": 1789216126088, "virtual_time_s": 8235, "measure_result": "no_signal"}}
2026-09-12 20:28:49,292 INFO request {"path": "/measure", "payload": {"arena_id": "default", "robot_id": "202601002029", "request_id": "a78e6eaa0ce24a7ab3f78b48861ef729", "position": {"x": 1800.0, "y": 1558.8457268119894}, "channel": 13}, "attempt": 1}
2026-09-12 20:28:49,293 INFO response {"request_id": "a78e6eaa0ce24a7ab3f78b48861ef729", "http_status": 200, "body": {"accepted": true, "real_timestamp_ms": 1789216126105, "virtual_time_s": 8241, "measure_result": "no_signal"}}
2026-09-12 20:28:49,325 INFO request {"path": "/measure", "payload": {"arena_id": "default", "robot_id": "202601002029", "request_id": "0aa963de95fd46cf95f29c3ab347b215", "position": {"x": 1800.0, "y": 1558.8457268119894}, "channel": 14}, "attempt": 1}
2026-09-12 20:28:49,326 INFO response {"request_id": "0aa963de95fd46cf95f29c3ab347b215", "http_status": 200, "body": {"accepted": true, "real_timestamp_ms": 1789216126137, "virtual_time_s": 8247, "measure_result": "no_signal"}}
2026-09-12 20:28:49,356 INFO request {"path": "/measure", "payload": {"arena_id": "default", "robot_id": "202601002029", "request_id": "6913d869802c4a6196023526f0802228", "position": {"x": 1800.0, "y": 1558.8457268119894}, "channel": 15}, "attempt": 1}
2026-09-12 20:28:49,375 INFO response {"request_id": "6913d869802c4a6196023526f0802228", "http_status": 200, "body": {"accepted": true, "real_timestamp_ms": 1789216126187, "virtual_time_s": 8253, "measure_result": "no_signal"}}
2026-09-12 20:28:49,392 INFO request {"path": "/measure", "payload": {"arena_id": "default", "robot_id": "202601002029", "request_id": "bdaa88d9c01e4606b360b260435cb1bc", "position": {"x": 900.0, "y": 1558.8457268119894}, "channel": 15}, "attempt": 1}
2026-09-12 20:28:49,414 INFO response {"request_id": "bdaa88d9c01e4606b360b260435cb1bc", "http_status": 200, "body": {"accepted": true, "real_timestamp_ms": 1789216126226, "virtual_time_s": 8438, "measure_result": "no_signal"}}
2026-09-12 20:28:49,415 INFO request {"path": "/measure", "payload": {"arena_id": "default", "robot_id": "202601002029", "request_id": "9af5024d1d124d2ea078af094cde2dc4", "position": {"x": 900.0, "y": 1558.8457268119894}, "channel": 1}, "attempt": 1}
2026-09-12 20:28:49,433 INFO response {"request_id": "9af5024d1d124d2ea078af094cde2dc4", "http_status": 200, "body": {"accepted": true, "real_timestamp_ms": 1789216126245, "virtual_time_s": 8444, "measure_result": "no_signal"}}
2026-09-12 20:28:49,448 INFO request {"path": "/measure", "payload": {"arena_id": "default", "robot_id": "202601002029", "request_id": "21e0b4a7a7a4487e990bd94c81565a59", "position": {"x": 900.0, "y": 1558.8457268119894}, "channel": 3}, "attempt": 1}
2026-09-12 20:28:49,463 INFO response {"request_id": "21e0b4a7a7a4487e990bd94c81565a59", "http_status": 200, "body": {"accepted": true, "real_timestamp_ms": 1789216126274, "virtual_time_s": 8450, "measure_result": "no_signal"}}
2026-09-12 20:28:49,478 INFO request {"path": "/measure", "payload": {"arena_id": "default", "robot_id": "202601002029", "request_id": "f559e685aba34e2791eeb7d31d0e85fa", "position": {"x": 900.0, "y": 1558.8457268119894}, "channel": 7}, "attempt": 1}
2026-09-12 20:28:49,479 INFO response {"request_id": "f559e685aba34e2791eeb7d31d0e85fa", "http_status": 200, "body": {"accepted": true, "real_timestamp_ms": 1789216126291, "virtual_time_s": 8456, "measure_result": "no_signal"}}
2026-09-12 20:28:49,511 INFO request {"path": "/measure", "payload": {"arena_id": "default", "robot_id": "202601002029", "request_id": "66261abd790746d0990e906b8484018f", "position": {"x": 900.0, "y": 1558.8457268119894}, "channel": 8}, "attempt": 1}
2026-09-12 20:28:49,513 INFO response {"request_id": "66261abd790746d0990e906b8484018f", "http_status": 200, "body": {"accepted": true, "real_timestamp_ms": 1789216126324, "virtual_time_s": 8462, "measure_result": "no_signal"}}
2026-09-12 20:28:49,544 INFO request {"path": "/measure", "payload": {"arena_id": "default", "robot_id": "202601002029", "request_id": "ac5c452a13a5447f8cb4ace478da1307", "position": {"x": 900.0, "y": 1558.8457268119894}, "channel": 9}, "attempt": 1}
2026-09-12 20:28:49,546 INFO response {"request_id": "ac5c452a13a5447f8cb4ace478da1307", "http_status": 200, "body": {"accepted": true, "real_timestamp_ms": 1789216126358, "virtual_time_s": 8468, "measure_result": "no_signal"}}
2026-09-12 20:28:49,577 INFO request {"path": "/measure", "payload": {"arena_id": "default", "robot_id": "202601002029", "request_id": "e5c889810f9346eba5342160928179da", "position": {"x": 900.0, "y": 1558.8457268119894}, "channel": 13}, "attempt": 1}
2026-09-12 20:28:49,598 INFO response {"request_id": "e5c889810f9346eba5342160928179da", "http_status": 200, "body": {"accepted": true, "real_timestamp_ms": 1789216126410, "virtual_time_s": 8474, "measure_result": "no_signal"}}
2026-09-12 20:28:49,598 INFO request {"path": "/measure", "payload": {"arena_id": "default", "robot_id": "202601002029", "request_id": "88b91d795e564ed7bea2a503ea67d386", "position": {"x": 900.0, "y": 1558.8457268119894}, "channel": 14}, "attempt": 1}
2026-09-12 20:28:49,599 INFO response {"request_id": "88b91d795e564ed7bea2a503ea67d386", "http_status": 200, "body": {"accepted": true, "real_timestamp_ms": 1789216126411, "virtual_time_s": 8480, "measure_result": "no_signal"}}
2026-09-12 20:28:49,630 INFO request {"path": "/measure", "payload": {"arena_id": "default", "robot_id": "202601002029", "request_id": "e0d87497192b4d2ca757c93acf37effd", "position": {"x": 900.0, "y": 1558.8457268119894}, "channel": 18}, "attempt": 1}
2026-09-12 20:28:49,648 INFO response {"request_id": "e0d87497192b4d2ca757c93acf37effd", "http_status": 200, "body": {"accepted": true, "real_timestamp_ms": 1789216126460, "virtual_time_s": 8486, "measure_result": "no_signal"}}
2026-09-12 20:28:49,664 INFO request {"path": "/measure", "payload": {"arena_id": "default", "robot_id": "202601002029", "request_id": "cbd907b56ac24d25889af3fa21a96d7f", "position": {"x": 1350.0, "y": 2338.268590217984}, "channel": 18}, "attempt": 1}
2026-09-12 20:28:49,666 INFO response {"request_id": "cbd907b56ac24d25889af3fa21a96d7f", "http_status": 200, "body": {"accepted": true, "real_timestamp_ms": 1789216126478, "virtual_time_s": 8671, "measure_result": "no_signal"}}
2026-09-12 20:28:49,697 INFO request {"path": "/measure", "payload": {"arena_id": "default", "robot_id": "202601002029", "request_id": "e422bf2bf07d4b0e93b21da76c82c64c", "position": {"x": 1350.0, "y": 2338.268590217984}, "channel": 1}, "attempt": 1}
2026-09-12 20:28:49,698 INFO response {"request_id": "e422bf2bf07d4b0e93b21da76c82c64c", "http_status": 200, "body": {"accepted": true, "real_timestamp_ms": 1789216126510, "virtual_time_s": 8677, "measure_result": "no_signal"}}
2026-09-12 20:28:49,729 INFO request {"path": "/measure", "payload": {"arena_id": "default", "robot_id": "202601002029", "request_id": "7b8c79f6516c485996bf8663748a60c2", "position": {"x": 1350.0, "y": 2338.268590217984}, "channel": 3}, "attempt": 1}
2026-09-12 20:28:49,747 INFO response {"request_id": "7b8c79f6516c485996bf8663748a60c2", "http_status": 200, "body": {"accepted": true, "real_timestamp_ms": 1789216126559, "virtual_time_s": 8683, "measure_result": "no_signal"}}
2026-09-12 20:28:49,761 INFO request {"path": "/measure", "payload": {"arena_id": "default", "robot_id": "202601002029", "request_id": "c95fb47d541a43799633f0c808276970", "position": {"x": 1350.0, "y": 2338.268590217984}, "channel": 7}, "attempt": 1}
2026-09-12 20:28:49,762 INFO response {"request_id": "c95fb47d541a43799633f0c808276970", "http_status": 200, "body": {"accepted": true, "real_timestamp_ms": 1789216126574, "virtual_time_s": 8689, "measure_result": "no_signal"}}
2026-09-12 20:28:49,793 INFO request {"path": "/measure", "payload": {"arena_id": "default", "robot_id": "202601002029", "request_id": "9275fb3e492c4fec8b9f15e2be6ed275", "position": {"x": 1350.0, "y": 2338.268590217984}, "channel": 8}, "attempt": 1}
2026-09-12 20:28:49,794 INFO response {"request_id": "9275fb3e492c4fec8b9f15e2be6ed275", "http_status": 200, "body": {"accepted": true, "real_timestamp_ms": 1789216126606, "virtual_time_s": 8695, "measure_result": "no_signal"}}
2026-09-12 20:28:49,825 INFO request {"path": "/measure", "payload": {"arena_id": "default", "robot_id": "202601002029", "request_id": "abfcc581449b4c42bbffe4ac8c7e2446", "position": {"x": 1350.0, "y": 2338.268590217984}, "channel": 9}, "attempt": 1}
2026-09-12 20:28:49,838 INFO response {"request_id": "abfcc581449b4c42bbffe4ac8c7e2446", "http_status": 200, "body": {"accepted": true, "real_timestamp_ms": 1789216126649, "virtual_time_s": 8701, "measure_result": "no_signal"}}
2026-09-12 20:28:49,852 INFO request {"path": "/measure", "payload": {"arena_id": "default", "robot_id": "202601002029", "request_id": "3ac4f075fcc34ccbb25bf1bc0957567e", "position": {"x": 1350.0, "y": 2338.268590217984}, "channel": 13}, "attempt": 1}
2026-09-12 20:28:49,866 INFO response {"request_id": "3ac4f075fcc34ccbb25bf1bc0957567e", "http_status": 200, "body": {"accepted": true, "real_timestamp_ms": 1789216126677, "virtual_time_s": 8707, "measure_result": "no_signal"}}
2026-09-12 20:28:49,880 INFO request {"path": "/measure", "payload": {"arena_id": "default", "robot_id": "202601002029", "request_id": "437ad3fd2e514ae29702506797c6e63f", "position": {"x": 1350.0, "y": 2338.268590217984}, "channel": 14}, "attempt": 1}
2026-09-12 20:28:49,896 INFO response {"request_id": "437ad3fd2e514ae29702506797c6e63f", "http_status": 200, "body": {"accepted": true, "real_timestamp_ms": 1789216126708, "virtual_time_s": 8713, "measure_result": "no_signal"}}
2026-09-12 20:28:49,912 INFO request {"path": "/measure", "payload": {"arena_id": "default", "robot_id": "202601002029", "request_id": "6bde89d3fb774b3ab04453fd49df65b8", "position": {"x": 1350.0, "y": 2338.268590217984}, "channel": 15}, "attempt": 1}
2026-09-12 20:28:49,925 INFO response {"request_id": "6bde89d3fb774b3ab04453fd49df65b8", "http_status": 200, "body": {"accepted": true, "real_timestamp_ms": 1789216126737, "virtual_time_s": 8719, "measure_result": "no_signal"}}
2026-09-12 20:28:49,940 INFO request {"path": "/measure", "payload": {"arena_id": "default", "robot_id": "202601002029", "request_id": "dc60b167f2f247ddab75145caab88201", "position": {"x": 450.0, "y": 2338.268590217984}, "channel": 15}, "attempt": 1}
2026-09-12 20:28:49,955 INFO response {"request_id": "dc60b167f2f247ddab75145caab88201", "http_status": 200, "body": {"accepted": true, "real_timestamp_ms": 1789216126767, "virtual_time_s": 8904, "measure_result": "no_signal"}}
2026-09-12 20:28:49,970 INFO request {"path": "/measure", "payload": {"arena_id": "default", "robot_id": "202601002029", "request_id": "024cafa24c3c4810aada05fa2d7e3b80", "position": {"x": 450.0, "y": 2338.268590217984}, "channel": 1}, "attempt": 1}
2026-09-12 20:28:49,985 INFO response {"request_id": "024cafa24c3c4810aada05fa2d7e3b80", "http_status": 200, "body": {"accepted": true, "real_timestamp_ms": 1789216126797, "virtual_time_s": 8910, "measure_result": "no_signal"}}
2026-09-12 20:28:50,001 INFO request {"path": "/measure", "payload": {"arena_id": "default", "robot_id": "202601002029", "request_id": "39237ac0cc9443bbb19c184cd1b26ab2", "position": {"x": 450.0, "y": 2338.268590217984}, "channel": 3}, "attempt": 1}
2026-09-12 20:28:50,015 INFO response {"request_id": "39237ac0cc9443bbb19c184cd1b26ab2", "http_status": 200, "body": {"accepted": true, "real_timestamp_ms": 1789216126827, "virtual_time_s": 8916, "measure_result": "no_signal"}}
2026-09-12 20:28:50,029 INFO request {"path": "/measure", "payload": {"arena_id": "default", "robot_id": "202601002029", "request_id": "12efece48afd46eba7f68ba7e91b2581", "position": {"x": 450.0, "y": 2338.268590217984}, "channel": 7}, "attempt": 1}
2026-09-12 20:28:50,030 INFO response {"request_id": "12efece48afd46eba7f68ba7e91b2581", "http_status": 200, "body": {"accepted": true, "real_timestamp_ms": 1789216126842, "virtual_time_s": 8922, "measure_result": "no_signal"}}
2026-09-12 20:28:50,061 INFO request {"path": "/measure", "payload": {"arena_id": "default", "robot_id": "202601002029", "request_id": "3b5d778549214f4c9796ee9fbce8ddb6", "position": {"x": 450.0, "y": 2338.268590217984}, "channel": 8}, "attempt": 1}
2026-09-12 20:28:50,062 INFO response {"request_id": "3b5d778549214f4c9796ee9fbce8ddb6", "http_status": 200, "body": {"accepted": true, "real_timestamp_ms": 1789216126874, "virtual_time_s": 8928, "measure_result": "no_signal"}}
2026-09-12 20:28:50,093 INFO request {"path": "/measure", "payload": {"arena_id": "default", "robot_id": "202601002029", "request_id": "553565a9b96b49dc92d360ed812677a7", "position": {"x": 450.0, "y": 2338.268590217984}, "channel": 9}, "attempt": 1}
2026-09-12 20:28:50,114 INFO response {"request_id": "553565a9b96b49dc92d360ed812677a7", "http_status": 200, "body": {"accepted": true, "real_timestamp_ms": 1789216126925, "virtual_time_s": 8934, "measure_result": "no_signal"}}
2026-09-12 20:28:50,115 INFO request {"path": "/measure", "payload": {"arena_id": "default", "robot_id": "202601002029", "request_id": "85492addcf9a4b1b91ecc5e2e7f59273", "position": {"x": 450.0, "y": 2338.268590217984}, "channel": 13}, "attempt": 1}
2026-09-12 20:28:50,134 INFO response {"request_id": "85492addcf9a4b1b91ecc5e2e7f59273", "http_status": 200, "body": {"accepted": true, "real_timestamp_ms": 1789216126945, "virtual_time_s": 8940, "measure_result": "no_signal"}}
2026-09-12 20:28:50,149 INFO request {"path": "/measure", "payload": {"arena_id": "default", "robot_id": "202601002029", "request_id": "024e24ab2b514a458f47651da8035eb6", "position": {"x": 450.0, "y": 2338.268590217984}, "channel": 14}, "attempt": 1}
2026-09-12 20:28:50,163 INFO response {"request_id": "024e24ab2b514a458f47651da8035eb6", "http_status": 200, "body": {"accepted": true, "real_timestamp_ms": 1789216126974, "virtual_time_s": 8946, "measure_result": "no_signal"}}
2026-09-12 20:28:50,178 INFO request {"path": "/measure", "payload": {"arena_id": "default", "robot_id": "202601002029", "request_id": "fa73597f7536454d9b6b03a1cdb1d1ff", "position": {"x": 450.0, "y": 2338.268590217984}, "channel": 18}, "attempt": 1}
2026-09-12 20:28:50,192 INFO response {"request_id": "fa73597f7536454d9b6b03a1cdb1d1ff", "http_status": 200, "body": {"accepted": true, "real_timestamp_ms": 1789216127003, "virtual_time_s": 8952, "measure_result": "no_signal"}}
2026-09-12 20:28:55,180 INFO request {"path": "/measure", "payload": {"arena_id": "default", "robot_id": "202601002029", "request_id": "814520c0821f4294a849e25cb1e4179c", "position": {"x": 541.3377803363927, "y": 1179.0908939697733}, "channel": 4}, "attempt": 1}
2026-09-12 20:28:55,181 INFO response {"request_id": "814520c0821f4294a849e25cb1e4179c", "http_status": 200, "body": {"accepted": true, "real_timestamp_ms": 1789216131993, "virtual_time_s": 9190.554125, "measure_result": "direction", "svd_deg": 155.48}}
2026-09-12 20:28:56,978 INFO request {"path": "/clear", "payload": {"arena_id": "default", "robot_id": "202601002029", "request_id": "da4d461d50474bbc9e361efad18bebba", "position": {"x": 505.26132301906944, "y": 1195.6965191037866}, "channel": 4}, "attempt": 1}
2026-09-12 20:28:56,997 INFO response {"request_id": "da4d461d50474bbc9e361efad18bebba", "http_status": 200, "body": {"accepted": true, "real_timestamp_ms": 1789216133808, "virtual_time_s": 9203.497065, "clear_result": "success"}}
2026-09-12 20:28:57,012 INFO request {"path": "/clear", "payload": {"arena_id": "default", "robot_id": "202601002029", "request_id": "1eb28d6650eb4ea4a80f72665a02510d", "position": {"x": 799.6288130140541, "y": 1219.9432345339617}, "channel": 11}, "attempt": 1}
2026-09-12 20:28:57,015 INFO response {"request_id": "1eb28d6650eb4ea4a80f72665a02510d", "http_status": 200, "body": {"accepted": true, "real_timestamp_ms": 1789216133826, "virtual_time_s": 9267.569943, "clear_result": "success"}}
2026-09-12 20:28:57,046 INFO request {"path": "/clear", "payload": {"arena_id": "default", "robot_id": "202601002029", "request_id": "b9414f2b85f749d9ad3d63b465230418", "position": {"x": 675.8540591703505, "y": 499.47486634619}, "channel": 17}, "attempt": 1}
2026-09-12 20:28:57,066 INFO response {"request_id": "b9414f2b85f749d9ad3d63b465230418", "http_status": 200, "body": {"accepted": true, "real_timestamp_ms": 1789216133878, "virtual_time_s": 9418.774575, "clear_result": "success"}}
2026-09-12 20:28:58,631 INFO request {"path": "/measure", "payload": {"arena_id": "default", "robot_id": "202601002029", "request_id": "0344fb1f7bd4422ab0aa9b4c6d254ba6", "position": {"x": 768.686950322028, "y": 55.77446068665358}, "channel": 6}, "attempt": 1}
2026-09-12 20:28:58,649 INFO response {"request_id": "0344fb1f7bd4422ab0aa9b4c6d254ba6", "http_status": 200, "body": {"accepted": true, "real_timestamp_ms": 1789216135460, "virtual_time_s": 9515.436143, "measure_result": "direction", "svd_deg": 204.98}}
2026-09-12 20:29:00,152 INFO request {"path": "/clear", "payload": {"arena_id": "default", "robot_id": "202601002029", "request_id": "31d646bb6b8d43d4b204dbbb725c1e14", "position": {"x": 118.58819091961588, "y": -247.12667690289493}, "channel": 6}, "attempt": 1}
2026-09-12 20:29:00,154 INFO response {"request_id": "31d646bb6b8d43d4b204dbbb725c1e14", "http_status": 200, "body": {"accepted": true, "real_timestamp_ms": 1789216136966, "virtual_time_s": 9663.876374, "clear_result": "success"}}
2026-09-12 20:29:00,185 INFO request {"path": "/clear", "payload": {"arena_id": "default", "robot_id": "202601002029", "request_id": "f949149a79944f40af7fd4a609ad17a7", "position": {"x": -132.98724852986885, "y": -136.01851274838185}, "channel": 10}, "attempt": 1}
2026-09-12 20:29:00,187 INFO response {"request_id": "f949149a79944f40af7fd4a609ad17a7", "http_status": 200, "body": {"accepted": true, "real_timestamp_ms": 1789216136998, "virtual_time_s": 9723.880092, "clear_result": "success"}}
2026-09-12 20:29:00,218 INFO request {"path": "/clear", "payload": {"arena_id": "default", "robot_id": "202601002029", "request_id": "6f14318d652d4d2c81f597caa0b3dccd", "position": {"x": -415.0602686523541, "y": 33.721579746480046}, "channel": 19}, "attempt": 1}
2026-09-12 20:29:00,221 INFO response {"request_id": "6f14318d652d4d2c81f597caa0b3dccd", "http_status": 200, "body": {"accepted": true, "real_timestamp_ms": 1789216137032, "virtual_time_s": 9794.721382, "clear_result": "success"}}
2026-09-12 20:29:00,252 INFO request {"path": "/measure", "payload": {"arena_id": "default", "robot_id": "202601002029", "request_id": "2e64c3c4e2154ac096727adfab331d87", "position": {"x": -1076.1469197649071, "y": -36.670268467056644}, "channel": 12}, "attempt": 1}
2026-09-12 20:29:00,254 INFO response {"request_id": "2e64c3c4e2154ac096727adfab331d87", "http_status": 200, "body": {"accepted": true, "real_timestamp_ms": 1789216137066, "virtual_time_s": 9933.686125, "measure_result": "direction", "svd_deg": 274.93}}
2026-09-12 20:29:00,279 INFO request {"path": "/clear", "payload": {"arena_id": "default", "robot_id": "202601002029", "request_id": "41864a43b2b34910b63ef493cc95e4b9", "position": {"x": -1065.3828158079627, "y": -158.53923523547536}, "channel": 12}, "attempt": 1}
2026-09-12 20:29:00,283 INFO response {"request_id": "41864a43b2b34910b63ef493cc95e4b9", "http_status": 200, "body": {"accepted": true, "real_timestamp_ms": 1789216137094, "virtual_time_s": 9963.154808, "clear_result": "success"}}
2026-09-12 20:29:00,314 INFO request {"path": "/clear", "payload": {"arena_id": "default", "robot_id": "202601002029", "request_id": "48548941642e4483a0222e5c1b8a2dae", "position": {"x": 731.4554708469539, "y": -1185.3063664358983}, "channel": 5}, "attempt": 1}
2026-09-12 20:29:00,316 INFO response {"request_id": "48548941642e4483a0222e5c1b8a2dae", "http_status": 200, "body": {"accepted": true, "real_timestamp_ms": 1789216137127, "virtual_time_s": 10382.057143, "clear_result": "success"}}
2026-09-12 20:29:00,347 INFO request {"path": "/measure", "payload": {"arena_id": "default", "robot_id": "202601002029", "request_id": "b7bc194a46ef4c2d94c60629eecfa329", "position": {"x": 659.682915695401, "y": -1404.725723451653}, "channel": 16}, "attempt": 1}
2026-09-12 20:29:00,350 INFO response {"request_id": "b7bc194a46ef4c2d94c60629eecfa329", "http_status": 200, "body": {"accepted": true, "real_timestamp_ms": 1789216137162, "virtual_time_s": 10434.229063, "measure_result": "direction", "svd_deg": 20.02}}
2026-09-12 20:29:00,375 INFO request {"path": "/clear", "payload": {"arena_id": "default", "robot_id": "202601002029", "request_id": "23e9c3322f3f43498c555998b1426583", "position": {"x": 758.29853519117, "y": -1369.0157628515358}, "channel": 16}, "attempt": 1}
2026-09-12 20:29:00,391 INFO response {"request_id": "23e9c3322f3f43498c555998b1426583", "http_status": 200, "body": {"accepted": true, "real_timestamp_ms": 1789216137202, "virtual_time_s": 10460.20547, "clear_result": "success"}}
2026-09-12 20:29:00,406 INFO request {"path": "/measure", "payload": {"arena_id": "default", "robot_id": "202601002029", "request_id": "e63b9ecb02914546b03c3848dab47bb4", "position": {"x": 1078.2257969320592, "y": -1337.0118358622171}, "channel": 20}, "attempt": 1}
2026-09-12 20:29:00,420 INFO response {"request_id": "e63b9ecb02914546b03c3848dab47bb4", "http_status": 200, "body": {"accepted": true, "real_timestamp_ms": 1789216137232, "virtual_time_s": 10530.510277, "measure_result": "direction", "svd_deg": 85.32}}
2026-09-12 20:29:00,426 INFO request {"path": "/clear", "payload": {"arena_id": "default", "robot_id": "202601002029", "request_id": "5d43ed8f54ae41369582c4bfc77a9735", "position": {"x": 1080.2588250837011, "y": -1316.571326498321}, "channel": 20}, "attempt": 1}
2026-09-12 20:29:00,428 INFO response {"request_id": "5d43ed8f54ae41369582c4bfc77a9735", "http_status": 200, "body": {"accepted": true, "real_timestamp_ms": 1789216137240, "virtual_time_s": 10539.61855, "clear_result": "success"}}
2026-09-12 20:29:00,458 INFO request {"path": "/measure", "payload": {"arena_id": "default", "robot_id": "202601002029", "request_id": "28a409eaf300467485f017769451bdce", "position": {"x": 1173.9907337221648, "y": -943.7916157622043}, "channel": 2}, "attempt": 1}
2026-09-12 20:29:00,460 INFO response {"request_id": "28a409eaf300467485f017769451bdce", "http_status": 200, "body": {"accepted": true, "real_timestamp_ms": 1789216137272, "virtual_time_s": 10622.495174, "measure_result": "direction", "svd_deg": 337.59}}
2026-09-12 20:29:00,494 INFO request {"path": "/clear", "payload": {"arena_id": "default", "robot_id": "202601002029", "request_id": "dbf2bd7849de40f3a8d28fb0dcc899ee", "position": {"x": 1283.9522484931476, "y": -988.8977663025864}, "channel": 2}, "attempt": 1}
2026-09-12 20:29:00,495 INFO response {"request_id": "dbf2bd7849de40f3a8d28fb0dcc899ee", "http_status": 200, "body": {"accepted": true, "real_timestamp_ms": 1789216137307, "virtual_time_s": 10651.265828, "clear_result": "success"}}
2026-09-12 20:29:00,526 INFO request {"path": "/exit", "payload": {"arena_id": "default", "robot_id": "202601002029", "request_id": "255dc41f76264821a519c120bb236eef"}, "attempt": 1}
2026-09-12 20:29:00,540 INFO response {"request_id": "255dc41f76264821a519c120bb236eef", "http_status": 200, "body": {"accepted": true, "real_timestamp_ms": 1789216137352, "virtual_time_s": 10651.265828, "exit_reason": "user_exit"}}
