case_id,test_name,test_outcome,entrypoint,input_kind,observation_count,unique_detection_point_count,constraint_count_input,constraint_count_solver,elapsed_ms,status,vertex_count,diameter,circle_radius,max_vertex_distance,coverage_excess,same_diameter_covers,backend_mode,backend,stage_config_ms,stage_build_halfplanes_ms,stage_classify_ms,stage_projection_bounds_ms,stage_linprog_ms,stage_vertices_ms,stage_measure_ms,stage_measure_setup_ms,stage_diameter_ms,stage_coverage_ms,stage_degeneracy_ms,stage_sort_vertices_ms,stage_residual_and_output_ms,stage_other_ms
test_angle_wrap_and_two_input_styles__001,test_angle_wrap_and_two_input_styles,PASS,solve_q1,observations,2,2,4,4,8.329000000230735,POLYGON,4,39.5083406589872,19.7541703294936,19.754170329493604,3.552713678800501e-15,True,scipy_with_fraction_check,scipy_highs_with_fraction_check,,0.23009999995338148,7.355200000347395,0.13350000017453567,6.919500000094558,0.3400000000510772,0.30689999994137906,0.0005999995664751623,0.1036000003296067,0.12650000007852213,0.024499999653926352,0.02750000021478627,0.022499999886349542,0.09679999993750243
test_angle_wrap_and_two_input_styles__002,test_angle_wrap_and_two_input_styles,PASS,solve_q1,observations,2,2,4,4,3.289400000085152,POLYGON,4,39.5083406589872,19.7541703294936,19.754170329493604,3.552713678800501e-15,True,scipy_with_fraction_check,scipy_highs_with_fraction_check,0.3388000000086322,0.017100000150094274,2.26040000006833,0.1059999999597494,2.0100000001548324,0.31110000008993666,0.27409999984229216,0.0007999997251317836,0.09159999990515644,0.11460000041552121,0.02139999969585915,0.024200000098062446,0.019799999790848233,0.08789999992586672
test_consistent_random_observations__001,test_consistent_random_observations,PASS,solve_q1,observations,3,3,6,6,3.7609999999403954,POLYGON,4,22.217638393864267,11.108819196932133,13.10623352407956,1.9974143271474265,False,scipy_with_fraction_check,scipy_highs_with_fraction_check,,0.0511000002916262,2.6336999999330146,0.22119999994174577,2.2580000008929346,0.71799999977884,0.27249999993728125,0.0009000000318337698,0.08799999977782136,0.10759999986476032,0.019999999949504854,0.026300000172341242,0.027800000225397525,0.08569999999963329
test_consistent_random_observations__002,test_consistent_random_observations,PASS,solve_q1,observations,4,4,8,8,4.922999999962485,POLYGON,5,20.83521363032694,10.41760681516347,12.111275110271798,1.6936682951083277,False,scipy_with_fraction_check,scipy_highs_with_fraction_check,,0.038499999845953425,2.7771000000029744,0.39020000031086965,2.1690999997190374,1.55029999996259,0.46989999964353046,0.0006000000212225132,0.17119999984060996,0.18409999984214664,0.03440000000409782,0.033600000278966036,0.04369999987829942,0.08720000050743693
test_consistent_random_observations__003,test_consistent_random_observations,PASS,solve_q1,observations,3,3,6,6,3.5197999995943974,POLYGON,6,30.04862541611205,15.024312708056025,16.885144174807255,1.8608314667512307,False,scipy_with_fraction_check,scipy_highs_with_fraction_check,,0.03620000006776536,2.2926000001461944,0.21250000008876668,1.9215000002077431,0.6954000000405358,0.4270999997970648,0.0005000001692678779,0.17079999997804407,0.1637000000300759,0.02790000007735216,0.03060000017285347,0.03219999962311704,0.06849999954283703
test_consistent_random_observations__004,test_consistent_random_observations,PASS,solve_q1,observations,4,4,8,8,4.399500000090484,POLYGON,4,18.4296311073659,9.21481555368295,12.824010371268423,3.6091948175854736,False,scipy_with_fraction_check,scipy_highs_with_fraction_check,,0.027799999770650174,2.623599999878934,0.356500000179949,2.0966999995835067,1.3558000000557513,0.31280000030164956,0.000499999714520527,0.08569999999963329,0.13860000035492703,0.019999999949504854,0.03220000007786439,0.03389999983482994,0.07950000008349889
test_consistent_random_observations__005,test_consistent_random_observations,PASS,solve_q1,observations,3,3,6,6,3.69700000010198,POLYGON,5,20.689194195656633,10.344597097828316,10.344597097828316,0.0,True,scipy_with_fraction_check,scipy_highs_with_fraction_check,,0.047700000322947744,2.4295000002894085,0.23270000019692816,2.0349999999780266,0.7577999999739404,0.3913000000466127,0.0007999997251317836,0.13119999994160025,0.1661999999669206,0.025300000288552837,0.033799999982875306,0.03199999991920777,0.07069999946907046
test_consistent_random_observations__006,test_consistent_random_observations,PASS,solve_q1,observations,4,4,8,8,4.931899999974121,POLYGON,6,19.632239331280147,9.816119665640073,9.816119665640105,3.197442310920451e-14,True,scipy_with_fraction_check,scipy_highs_with_fraction_check,,0.040299999909620965,2.5958999999602383,0.39470000001529115,2.03540000029534,1.569399999880261,0.6425999999919441,0.0008000001798791345,0.2581999997346429,0.23480000027120695,0.031599999601894524,0.03670000023703324,0.07749999986117473,0.08370000023205648
test_consistent_random_observations__007,test_consistent_random_observations,PASS,solve_q1,observations,3,3,6,6,3.4719000000222877,POLYGON,4,27.108856643533624,13.554428321766812,22.29074433885397,8.736316017087157,False,scipy_with_fraction_check,scipy_highs_with_fraction_check,,0.03389999983482994,2.367300000059913,0.22790000002714805,1.9557000000531843,0.6981000001360371,0.304600000163191,0.0006000000212225132,0.08870000010574586,0.1299000000472006,0.024899999971239595,0.030300000162242213,0.02809999978126143,0.0679999998283165
test_consistent_random_observations__008,test_consistent_random_observations,PASS,solve_q1,observations,4,4,8,8,4.656500000237429,POLYGON,4,27.108856643533624,13.554428321766812,22.29074433885397,8.736316017087157,False,scipy_with_fraction_check,scipy_highs_with_fraction_check,,0.03870000000461005,2.8228999999555526,0.4683000001932669,2.175199999783217,1.3970999998491607,0.2899000000979868,0.0009000000318337698,0.09110000019063591,0.11619999986578478,0.020400000266818097,0.02569999969637138,0.03319999996165279,0.10790000033011893
test_consistent_random_observations__009,test_consistent_random_observations,PASS,solve_q1,observations,3,3,6,6,5.603899999641726,POLYGON,5,24.936210746966673,12.468105373483336,13.790312456015865,1.322207082532529,False,scipy_with_fraction_check,scipy_highs_with_fraction_check,,0.03670000023703324,3.201900000021851,0.2268999996886123,2.765800000361196,1.454499999908876,0.8316999997077801,0.0012000000424450263,0.3310000001874869,0.2973000000565662,0.07409999989249627,0.05289999990054639,0.07129999994504033,0.07909999976618565
test_consistent_random_observations__010,test_consistent_random_observations,PASS,solve_q1,observations,4,4,8,8,7.348100000399427,POLYGON,4,23.405927302466317,11.702963651233159,14.22557584244861,2.522612191215451,False,scipy_with_fraction_check,scipy_highs_with_fraction_check,,0.09449999970456702,5.096100000173465,0.8714999999028805,3.9271999994525686,1.6378999998778454,0.2719000003708061,0.0007000003279244993,0.09030000001075678,0.10089999977935804,0.019600000086938962,0.02569999969637138,0.0328000000990869,0.24770000027274364
test_consistent_random_observations__011,test_consistent_random_observations,PASS,solve_q1,observations,3,3,6,6,3.4242000001540873,POLYGON,4,24.567064058789537,12.283532029394769,17.189747299423043,4.906215270028275,False,scipy_with_fraction_check,scipy_highs_with_fraction_check,,0.03790000027947826,2.3283999998966465,0.23250000003827154,1.9441000004007947,0.7123000000319735,0.2782000001388951,0.0006999998731771484,0.08720000005268957,0.1191000001199427,0.019099999917671084,0.024599999960628338,0.025899999855028,0.06739999980709399
test_consistent_random_observations__012,test_consistent_random_observations,PASS,solve_q1,observations,4,4,8,8,4.70580000001064,POLYGON,5,20.179809411474533,10.089904705737267,15.739791625222104,5.649886919484837,False,scipy_with_fraction_check,scipy_highs_with_fraction_check,,0.03219999962311704,2.8965000001335284,0.3930999996555329,2.3380000002362067,1.3328999998520885,0.36809999983233865,0.0006999998731771484,0.1281999998354877,0.14660000033472897,0.025899999855028,0.027999999929306796,0.03710000009959913,0.07610000056956778
test_consistent_random_observations__013,test_consistent_random_observations,PASS,solve_q1,observations,3,3,6,6,3.6001000003125228,POLYGON,4,16.30451157914354,8.15225578957177,11.980298852679946,3.8280430631081757,False,scipy_with_fraction_check,scipy_highs_with_fraction_check,,0.03440000000409782,2.3124999997889972,0.2480000002833549,1.915200000439654,0.7044999997560808,0.33429999984946335,0.0007000003279244993,0.08339999976669787,0.18009999985224567,0.020000000404252205,0.0227999998969608,0.02569999969637138,0.21440000091388356
test_consistent_random_observations__014,test_consistent_random_observations,PASS,solve_q1,observations,4,4,8,8,4.497100000207865,POLYGON,5,16.092325748953094,8.046162874476547,11.84262705696514,3.7964641824885934,False,scipy_with_fraction_check,scipy_highs_with_fraction_check,,0.033799999982875306,2.6915999997072504,0.3899999996974657,2.0931999997628736,1.330599999619153,0.36399999999048305,0.0006999998731771484,0.130899999930989,0.13940000008005882,0.025499999992462108,0.028299999939918052,0.037199999951553764,0.07710000090810354
test_consistent_random_observations__015,test_consistent_random_observations,PASS,solve_q1,observations,3,3,6,6,3.325700000004872,POLYGON,5,30.187578062550447,15.093789031275223,19.38501609985523,4.291227068580005,False,scipy_with_fraction_check,scipy_highs_with_fraction_check,,0.031399999897985253,2.188099999784754,0.2116000000569329,1.828299999488081,0.7126000000425847,0.33000000030369847,0.0006000000212225132,0.125800000205345,0.12599999990925426,0.023300000066228677,0.025499999992462108,0.02719999974942766,0.06359999997584964
test_consistent_random_observations__016,test_consistent_random_observations,PASS,solve_q1,observations,4,4,8,8,4.3126000000484055,POLYGON,5,23.882380565841423,11.941190282920711,15.47990021388992,3.5387099309692083,False,scipy_with_fraction_check,scipy_highs_with_fraction_check,,0.0289999998130952,2.4937000002864806,0.39950000018507126,1.924599999711063,1.3559999997596606,0.35919999982070294,0.0006000000212225132,0.13249999983599992,0.13519999993150122,0.025100000129896216,0.026899999738816405,0.03730000025825575,0.07470000036846614
test_consistent_random_observations__017,test_consistent_random_observations,PASS,solve_q1,observations,3,3,6,6,3.4504000000197266,POLYGON,4,22.436888193427947,11.218444096713974,14.766177723358174,3.5477336266442006,False,scipy_with_fraction_check,scipy_highs_with_fraction_check,,0.03870000000461005,2.3611999999957334,0.2303000001120381,1.979299999675277,0.6871000000501226,0.29600000016216654,0.0009000000318337698,0.09199999976772233,0.13170000011086813,0.019800000245595584,0.024599999960628338,0.025499999992462108,0.06739999980709399
test_consistent_random_observations__018,test_consistent_random_observations,PASS,solve_q1,observations,4,4,8,8,4.408799999964685,POLYGON,5,22.436888193427947,11.218444096713974,11.21844409671399,1.5987211554602254e-14,True,scipy_with_fraction_check,scipy_highs_with_fraction_check,,0.03310000010969816,2.538100000037957,0.3895999998348998,1.981299999897601,1.367500000014843,0.39339999966614414,0.0006000000212225132,0.1330000000052678,0.1661999999669206,0.02610000001368462,0.028500000098574674,0.03689999994094251,0.07670000013604295
test_consistent_random_observations__019,test_consistent_random_observations,PASS,solve_q1,observations,3,3,6,6,3.245800000058807,POLYGON,3,9.246267005690134,4.623133502845067,5.634110328343506,1.0109768254984388,False,scipy_with_fraction_check,scipy_highs_with_fraction_check,,0.027999999929306796,2.3193000001811015,0.22690000014335965,1.9454000002951943,0.6506999998237006,0.18529999988459167,0.0006999998731771484,0.052599999889935134,0.07619999996677507,0.013300000318849925,0.0189999996109691,0.02190000031987438,0.0625000002401066
test_consistent_random_observations__020,test_consistent_random_observations,PASS,solve_q1,observations,4,4,8,8,4.292099999929633,POLYGON,3,9.246267005690134,4.623133502845067,5.634110328343506,1.0109768254984388,False,scipy_with_fraction_check,scipy_highs_with_fraction_check,,0.03299999980299617,2.5476000000708154,0.3974999999627471,1.9807999997283332,1.3951999999335385,0.23669999973208178,0.0006999998731771484,0.055699999848002335,0.1015000002553279,0.01669999983278103,0.025499999992462108,0.03440000000409782,0.07960000039020088
test_consistent_random_observations__021,test_consistent_random_observations,PASS,solve_q1,observations,3,3,6,6,4.583299999922019,POLYGON,4,26.442952148004508,13.221476074002254,14.27129854739037,1.0498224733881152,False,scipy_with_fraction_check,scipy_highs_with_fraction_check,,0.045900000259280205,3.2245000002149027,0.26989999969373457,2.767399999356712,0.9073999999600346,0.32460000011269585,0.0008000001798791345,0.09309999995821272,0.141299999995681,0.021999999717081664,0.02949999998236308,0.03480000032141106,0.08089999937510584
test_consistent_random_observations__022,test_consistent_random_observations,PASS,solve_q1,observations,4,4,8,8,4.508699999860255,POLYGON,4,17.23703770541595,8.618518852707975,12.988327921397024,4.369809068689049,False,scipy_with_fraction_check,scipy_highs_with_fraction_check,,0.04540000009001233,2.671200000349927,0.4069999999956053,2.092899999297515,1.406200000019453,0.30049999986658804,0.0006999998731771484,0.08879999995770049,0.1262999999198655,0.019800000245595584,0.02610000001368462,0.0359000000571541,0.08539999953427468
test_consistent_random_observations__023,test_consistent_random_observations,PASS,solve_q1,observations,3,3,6,6,3.6279999999351276,POLYGON,4,22.901170157771865,11.450585078885933,11.450585078885947,1.4210854715202004e-14,True,scipy_with_fraction_check,scipy_highs_with_fraction_check,,0.04780000017490238,2.540599999974802,0.23509999982707086,2.138499999546184,0.6751000000804197,0.28949999978067353,0.001100000190490391,0.08609999986219918,0.12909999986732146,0.01970000039364095,0.02499999982319423,0.025899999855028,0.07499999992433004
test_consistent_random_observations__024,test_consistent_random_observations,PASS,solve_q1,observations,4,4,8,8,4.55710000005638,POLYGON,4,22.901170157771865,11.450585078885933,11.450585078885947,1.4210854715202004e-14,True,scipy_with_fraction_check,scipy_highs_with_fraction_check,,0.05670000018653809,2.843899999788846,0.4054000000905944,2.239200000985875,1.2891000001218345,0.27829999999084976,0.0007999997251317836,0.0787000003583671,0.12649999962377478,0.018600000203150557,0.0227999998969608,0.029100000119797187,0.08909999996831175
test_consistent_random_observations__025,test_consistent_random_observations,PASS,solve_q1,observations,3,3,6,6,3.3505999999761116,POLYGON,6,27.042483552084324,13.521241776042162,13.521241776042165,3.552713678800501e-15,True,scipy_with_fraction_check,scipy_highs_with_fraction_check,,0.030000000151630957,2.1004999998694984,0.2106000001731445,1.7515999998067855,0.7037999998829036,0.4552000000330736,0.0006000000212225132,0.16869999990376527,0.18869999985327013,0.0297000001410197,0.0320999997711624,0.03409999999348656,0.061100000039004954
test_consistent_random_observations__026,test_consistent_random_observations,PASS,solve_q1,observations,4,4,8,8,4.075199999988399,POLYGON,6,23.07626034780428,11.53813017390214,12.427104819446122,0.888974645543982,False,scipy_with_fraction_check,scipy_highs_with_fraction_check,,0.026199999865639256,2.3181000001386565,0.3690000003189198,1.7975999999180203,1.2828999997509527,0.37889999975959654,0.000499999714520527,0.16709999999875436,0.11399999993955134,0.027800000225397525,0.029799999992974335,0.03839999999399879,0.06910000047355425
test_consistent_random_observations__027,test_consistent_random_observations,PASS,solve_q1,observations,3,3,6,6,3.1845999997131003,POLYGON,5,26.043564992928037,13.021782496464018,13.021782496464045,2.6645352591003757e-14,True,scipy_with_fraction_check,scipy_highs_with_fraction_check,,0.024699999812582973,2.0844999999098945,0.21460000016304548,1.7309000004388508,0.6730000000061409,0.3455999999459891,0.0005000001692678779,0.11619999986578478,0.1480999999330379,0.023099999907572055,0.024400000256719068,0.03190000006725313,0.056800000038492726
test_consistent_random_observations__028,test_consistent_random_observations,PASS,solve_q1,observations,4,4,8,8,3.910100000211969,POLYGON,4,19.227330645630182,9.613665322815091,9.613665322815091,0.0,True,scipy_with_fraction_check,scipy_highs_with_fraction_check,,0.026200000320386607,2.3469000002478424,0.3646999998636602,1.8267000000378175,1.19459999996252,0.2743000000009488,0.0006000000212225132,0.08210000032704556,0.12249999963387381,0.018500000351195922,0.021099999685247894,0.028100000236008782,0.06809999968027114
test_consistent_random_observations__029,test_consistent_random_observations,PASS,solve_q1,observations,3,3,6,6,3.0421999999816762,POLYGON,4,20.1296607114347,10.06483035571735,14.367509026165235,4.302678670447886,False,scipy_with_fraction_check,scipy_highs_with_fraction_check,,0.03779999997277628,2.0855000002484303,0.22099999978308915,1.7265000001316366,0.6313000003501656,0.22790000002714805,0.0006000000212225132,0.07730000015726546,0.08590000015828991,0.018399999589746585,0.020599999970727367,0.02390000008745119,0.059699999383155955
test_consistent_random_observations__030,test_consistent_random_observations,PASS,solve_q1,observations,4,4,8,8,3.879999999753636,POLYGON,4,20.1296607114347,10.06483035571735,14.367509026165235,4.302678670447886,False,scipy_with_fraction_check,scipy_highs_with_fraction_check,,0.04080000007888884,2.356200000122044,0.36749999981111614,1.834799999869574,1.1758000000554603,0.23420000024998444,0.0006000000212225132,0.07790000017848797,0.08529999968232005,0.019100000372418435,0.020899999981338624,0.028899999961140566,0.07299999924725853
test_consistent_random_observations__031,test_consistent_random_observations,PASS,solve_q1,observations,3,3,6,6,3.293400000075053,POLYGON,5,21.155216366145474,10.577608183072737,10.577608183072753,1.5987211554602254e-14,True,scipy_with_fraction_check,scipy_highs_with_fraction_check,,0.024699999812582973,2.179299999625073,0.22380000018529245,1.8147000000681146,0.6822999998803425,0.347300000157702,0.000499999714520527,0.11900000026798807,0.15039999971122597,0.023100000362319406,0.02519999998185085,0.027600000066740904,0.05980000059935264
test_consistent_random_observations__032,test_consistent_random_observations,PASS,solve_q1,observations,4,4,8,8,4.114299999855575,POLYGON,6,16.14808659371456,8.07404329685728,8.19821205992348,0.12416876306619962,False,scipy_with_fraction_check,scipy_highs_with_fraction_check,,0.026700000034907134,2.318199999990611,0.3729999998540734,1.7915999997057952,1.3150000004316098,0.3842000000986445,0.0006000000212225132,0.16709999999875436,0.11619999986578478,0.027200000204175012,0.030100000003585592,0.041599999804020626,0.07019999929980258
test_consistent_random_observations__033,test_consistent_random_observations,PASS,solve_q1,observations,3,3,6,6,3.3896999998432875,POLYGON,6,19.567795610403557,9.783897805201779,9.783897805201779,0.0,True,scipy_with_fraction_check,scipy_highs_with_fraction_check,,0.024899999971239595,2.0939999999427528,0.2077999997709412,1.7479000007369905,0.7325999999920896,0.4810999998881016,0.0006000000212225132,0.18559999989520293,0.19659999998111743,0.030300000162242213,0.032500000088475645,0.03409999999348656,0.05710000004910398
test_consistent_random_observations__034,test_consistent_random_observations,PASS,solve_q1,observations,4,4,8,8,4.251899999871966,POLYGON,6,19.567795610403557,9.783897805201779,9.783897805201779,0.0,True,scipy_with_fraction_check,scipy_highs_with_fraction_check,,0.03220000007786439,2.430800000183808,0.37849999989703065,1.890499999262829,1.2661999999181717,0.4469000000426604,0.0006000000212225132,0.16980000009425567,0.17860000025393674,0.02769999991869554,0.029999999696883606,0.03880000031131203,0.07579999964946182
test_consistent_random_observations__035,test_consistent_random_observations,PASS,solve_q1,observations,3,3,6,6,3.3843000001070322,POLYGON,6,33.296676229903746,16.648338114951873,16.648338114951873,0.0,True,scipy_with_fraction_check,scipy_highs_with_fraction_check,,0.024700000267330324,2.10670000024038,0.21769999966636533,1.7489999995632388,0.6915000003573368,0.44570000000021537,0.0005000001692678779,0.17729999990478973,0.17759999991540099,0.02790000007735216,0.029400000130408444,0.03169999990859651,0.11569999924176955
test_consistent_random_observations__036,test_consistent_random_observations,PASS,solve_q1,observations,4,4,8,8,4.312099999879138,POLYGON,5,18.03443480176642,9.01721740088321,9.758980307948145,0.7417629070649348,False,scipy_with_fraction_check,scipy_highs_with_fraction_check,,0.035600000046542846,2.489500000137923,0.3934999999728461,1.9303999997646315,1.3760000001639128,0.3323999999338412,0.0006000000212225132,0.1320000001214794,0.10979999979099375,0.024699999812582973,0.027300000056129647,0.03640000022642198,0.07859999959691777
test_consistent_random_observations__037,test_consistent_random_observations,PASS,solve_q1,observations,3,3,6,6,3.460700000232464,POLYGON,5,29.430560528708686,14.715280264354343,14.715280264354346,3.552713678800501e-15,True,scipy_with_fraction_check,scipy_highs_with_fraction_check,,0.027100000352220377,2.2832999998172454,0.22619999981543515,1.9072999998570594,0.722100000075443,0.36659999977928237,0.0006000000212225132,0.12710000009974465,0.16189999996640836,0.023399999918183312,0.024899999971239595,0.027399999908084283,0.06160000020827283
test_consistent_random_observations__038,test_consistent_random_observations,PASS,solve_q1,observations,4,4,8,8,4.23350000028222,POLYGON,4,10.544068518967078,5.272034259483539,5.598583283384244,0.3265490239007045,False,scipy_with_fraction_check,scipy_highs_with_fraction_check,,0.02949999998236308,2.552200000081939,0.38910000012037926,1.9993000000795291,1.2248000002728077,0.3478000003269699,0.0006000000212225132,0.08219999972425285,0.1291000003220688,0.019099999917671084,0.03239999978177366,0.08190000016838894,0.07919999961814028
test_consistent_random_observations__039,test_consistent_random_observations,PASS,solve_q1,observations,3,3,6,6,3.2971000000543427,POLYGON,4,17.212272665764843,8.606136332882421,14.230868743170147,5.624732410287725,False,scipy_with_fraction_check,scipy_highs_with_fraction_check,,0.02679999988686177,2.260299999761628,0.22669999998470303,1.887300000362302,0.6889000001137902,0.25879999975586543,0.0006000000212225132,0.07659999982934096,0.1121999998758838,0.019800000245595584,0.02229999972769292,0.02610000001368462,0.06230000053619733
test_consistent_random_observations__040,test_consistent_random_observations,PASS,solve_q1,observations,4,4,8,8,4.636399999981222,POLYGON,4,17.212272665764843,8.606136332882421,14.230868743170147,5.624732410287725,False,scipy_with_fraction_check,scipy_highs_with_fraction_check,,0.02859999995052931,2.85200000007535,0.3971000001001812,2.265400000851514,1.3939000000391388,0.28710000015053083,0.0006999998731771484,0.0845999998091429,0.12539999988803174,0.01990000009755022,0.02230000018244027,0.032699999792384915,0.07479999976567342
test_consistent_random_observations__041,test_consistent_random_observations,PASS,solve_q1,observations,3,3,6,6,3.6871000002065557,POLYGON,5,23.42281576551974,11.71140788275987,11.71140788275987,0.0,True,scipy_with_fraction_check,scipy_highs_with_fraction_check,,0.026300000172341242,2.351699999962875,0.22669999998470303,1.9590999995671154,0.70770000002085,0.5408000001807522,0.0006000000212225132,0.12900000001536682,0.29700000004595495,0.05269999974188977,0.02900000026784255,0.031099999887373997,0.060599999869737076
test_consistent_random_observations__042,test_consistent_random_observations,PASS,solve_q1,observations,4,4,8,8,4.327200000261655,POLYGON,6,23.42281576551974,11.71140788275987,11.71140788275987,0.0,True,scipy_with_fraction_check,scipy_highs_with_fraction_check,,0.0297000001410197,2.402099999926577,0.38629999971817597,1.8502000002627028,1.344000000244705,0.47559999984514434,0.0006000000212225132,0.18000000000029104,0.1899000003504625,0.029799999992974335,0.03259999994043028,0.04129999979340937,0.07580000010420918
test_consistent_random_observations__043,test_consistent_random_observations,PASS,solve_q1,observations,3,3,6,6,3.2780999999886262,POLYGON,3,11.57141590678283,5.785707953391415,9.737700054650201,3.951992101258786,False,scipy_with_fraction_check,scipy_highs_with_fraction_check,,0.026499999876250513,2.2394000002350367,0.22500000022773747,1.8616999996083905,0.7398000002467597,0.2110000000357104,0.0006000000212225132,0.05999999984851456,0.08810000008452334,0.014600000213249587,0.021599999854515772,0.024500000108673703,0.06139999959486886
test_consistent_random_observations__044,test_consistent_random_observations,PASS,solve_q1,observations,4,4,8,8,4.176899999947636,POLYGON,4,11.564433577160434,5.782216788580217,9.44961523774773,3.6673984491675133,False,scipy_with_fraction_check,scipy_highs_with_fraction_check,,0.02859999995052931,2.457499999763968,0.39310000011028023,1.9021000002794608,1.3309000000845117,0.2866999998332176,0.0006000000212225132,0.08710000020073494,0.12339999966570758,0.01970000039364095,0.02409999979136046,0.03040000001419685,0.07320000031540985
test_consistent_random_observations__045,test_consistent_random_observations,PASS,solve_q1,observations,3,3,6,6,3.360200000315672,POLYGON,5,26.16949016307199,13.084745081535996,13.084745081535996,0.0,True,scipy_with_fraction_check,scipy_highs_with_fraction_check,,0.02629999971759389,2.183300000069721,0.2268999996886123,1.810200000363693,0.720500000170432,0.3689999998641724,0.0005000001692678779,0.12689999994108803,0.15870000015638652,0.02479999966453761,0.027200000204175012,0.029400000130408444,0.061100000493752304
test_consistent_random_observations__046,test_consistent_random_observations,PASS,solve_q1,observations,4,4,8,8,4.284099999949831,POLYGON,5,24.753980463880698,12.376990231940349,12.376990231940349,0.0,True,scipy_with_fraction_check,scipy_highs_with_fraction_check,,0.028100000236008782,2.500800000234449,0.38829999994050013,1.950300000316929,1.2999000000490923,0.38170000016179984,0.0006000000212225132,0.1297999997404986,0.16260000029433286,0.024599999960628338,0.02699999959077104,0.035600000046542846,0.07359999926848104
test_consistent_random_observations__047,test_consistent_random_observations,PASS,solve_q1,observations,3,3,6,6,3.207499999916763,POLYGON,4,26.12226229183838,13.06113114591919,18.469711911849167,5.408580765929978,False,scipy_with_fraction_check,scipy_highs_with_fraction_check,,0.026199999865639256,2.1858999998585205,0.22719999969922355,1.8147999999200692,0.6906999997227103,0.2441999999973632,0.0005000001692678779,0.08369999977730913,0.09090000003197929,0.019099999917671084,0.0227999998969608,0.025800000003073364,0.06050000047252979
test_consistent_random_observations__048,test_consistent_random_observations,PASS,solve_q1,observations,4,4,8,8,4.638500000055501,POLYGON,5,26.12226229183838,13.06113114591919,14.659043777974185,1.597912632054996,False,scipy_with_fraction_check,scipy_highs_with_fraction_check,,0.02840000024662004,2.6856999998017272,0.45660000023417524,2.055200000086188,1.4688000001115142,0.3400000000510772,0.0006000000212225132,0.13020000005781185,0.11549999999260763,0.025499999992462108,0.029199999971751822,0.037400000110210385,0.11559999984456226
test_consistent_random_observations__049,test_consistent_random_observations,PASS,solve_q1,observations,3,3,6,6,3.637499999967986,POLYGON,6,27.027300901021377,13.513650450510688,13.51365045051069,1.7763568394002505e-15,True,scipy_with_fraction_check,scipy_highs_with_fraction_check,,0.037399999655463034,2.304899999671761,0.22899999930814374,1.925600000504346,0.7479000000785163,0.47989999984565657,0.0006000000212225132,0.18420000014884863,0.1955000002453744,0.03059999971810612,0.033799999982875306,0.033799999982875306,0.06740000071658869
test_consistent_random_observations__050,test_consistent_random_observations,PASS,solve_q1,observations,4,4,8,8,4.626899999948364,POLYGON,6,27.027300901021377,13.513650450510688,13.51365045051069,1.7763568394002505e-15,True,scipy_with_fraction_check,scipy_highs_with_fraction_check,,0.029199999971751822,2.62639999982639,0.38850000009915675,2.0720999996228784,1.3911999999436375,0.504200000250421,0.0006000000212225132,0.18630000022312743,0.2082999999402091,0.03100000003541936,0.03459999970800709,0.04200000012133387,0.07589999995616381
test_consistent_random_observations__051,test_consistent_random_observations,PASS,solve_q1,observations,3,3,6,6,3.52759999987029,POLYGON,6,19.16836247120864,9.58418123560432,9.584181235604321,1.7763568394002505e-15,True,scipy_with_fraction_check,scipy_highs_with_fraction_check,,0.02679999988686177,2.2343000000546454,0.23160000000643777,1.856100000168226,0.7298999998965883,0.47619999986636685,0.0006000000212225132,0.18509999972593505,0.1913000000968168,0.03259999994043028,0.030900000183464726,0.03440000000409782,0.060400000165827805
test_consistent_random_observations__052,test_consistent_random_observations,PASS,solve_q1,observations,4,4,8,8,4.658099999687693,POLYGON,5,19.13245016188425,9.566225080942125,9.566225080942147,2.1316282072803006e-14,True,scipy_with_fraction_check,scipy_highs_with_fraction_check,,0.028399999791872688,2.808799999911571,0.43210000012550154,2.1966999988762836,1.3678000000254542,0.3787999999076419,0.0006000000212225132,0.12809999998353305,0.16189999996640836,0.02500000027794158,0.026599999728205148,0.035399999887886224,0.07430000005115289
test_consistent_random_observations__053,test_consistent_random_observations,PASS,solve_q1,observations,3,3,6,6,3.5358999998607032,POLYGON,6,20.640998148375722,10.320499074187861,10.83522584747656,0.5147267732886984,False,scipy_with_fraction_check,scipy_highs_with_fraction_check,,0.02610000001368462,2.223400000275433,0.22719999969922355,1.8463000001247565,0.7520999997723266,0.4733999999189109,0.0006000000212225132,0.18520000003263704,0.18969999973705853,0.029799999992974335,0.03330000026835478,0.03349999997226405,0.06089999988034833
test_consistent_random_observations__054,test_consistent_random_observations,PASS,solve_q1,observations,4,4,8,8,4.592599999796221,POLYGON,6,19.3220843499491,9.66104217497455,9.88734038608564,0.2262982111110894,False,scipy_with_fraction_check,scipy_highs_with_fraction_check,,0.028299999939918052,2.6348999999754597,0.3918000002158806,1.9173000000591855,1.3695000002371671,0.48389999983555754,0.000499999714520527,0.18460000001141452,0.19359999987500487,0.02990000029967632,0.032899999951041536,0.04080000007888884,0.07599999980811845
test_consistent_random_observations__055,test_consistent_random_observations,PASS,solve_q1,observations,3,3,6,6,4.454700000223966,POLYGON,4,26.501167804557774,13.250583902278887,13.250583902278898,1.0658141036401503e-14,True,scipy_with_fraction_check,scipy_highs_with_fraction_check,,0.026200000320386607,3.2374999996136467,0.22669999998470303,2.7769999996962724,0.8453000000372413,0.2839999997377163,0.0006000000212225132,0.08330000036949059,0.1312999997935549,0.019499999780236976,0.02230000018244027,0.025400000140507473,0.06170000051497482
test_consistent_random_observations__056,test_consistent_random_observations,PASS,solve_q1,observations,4,4,8,8,4.30000000005748,POLYGON,5,22.805573939008273,11.402786969504136,11.402786969504136,0.0,True,scipy_with_fraction_check,scipy_highs_with_fraction_check,,0.030900000183464726,2.4805000002743327,0.39509999987785704,1.9210000000384753,1.3497999998435262,0.36269999964133603,0.0006000000212225132,0.12340000012045493,0.152900000102818,0.023399999918183312,0.026499999876250513,0.03440000000409782,0.07610000011482043
test_consistent_random_observations__057,test_consistent_random_observations,PASS,solve_q1,observations,3,3,6,6,3.557600000021921,POLYGON,6,23.313649856317966,11.656824928158983,12.642625586619552,0.985800658460569,False,scipy_with_fraction_check,scipy_highs_with_fraction_check,,0.02859999995052931,2.2371000000021013,0.2154000003429246,1.875299999028357,0.7519000000684173,0.4803000001629698,0.0006000000212225132,0.18559999989520293,0.19489999976940453,0.030500000320898835,0.03349999997226405,0.033799999982875306,0.059699999837903306
test_consistent_random_observations__058,test_consistent_random_observations,PASS,solve_q1,observations,4,4,8,8,4.3436999999357795,POLYGON,6,17.74052334003286,8.87026167001643,9.003924806230152,0.13366313621372328,False,scipy_with_fraction_check,scipy_highs_with_fraction_check,,0.03169999990859651,2.409300000181247,0.3928999999516236,1.8559999994067766,1.3512999998965824,0.4783999997926003,0.0006000000212225132,0.1886000000013155,0.1818999999159132,0.03079999987676274,0.03330000026835478,0.04170000011072261,0.07300000015675323
test_consistent_random_observations__059,test_consistent_random_observations,PASS,solve_q1,observations,3,3,6,6,3.382800000053976,POLYGON,6,24.78525038879993,12.392625194399965,16.236553279870343,3.8439280854703775,False,scipy_with_fraction_check,scipy_highs_with_fraction_check,,0.02499999982319423,2.128300000094896,0.2196999998886895,1.7671999999038235,0.7267000000865664,0.4436999997778912,0.000499999714520527,0.17690000004222384,0.16940000023168977,0.0289999998130952,0.0328000000990869,0.033799999982875306,0.059100000271428144
test_consistent_random_observations__060,test_consistent_random_observations,PASS,solve_q1,observations,4,4,8,8,5.133099999966362,POLYGON,4,18.306402758889053,9.153201379444527,11.216273141037888,2.0630717615933616,False,scipy_with_fraction_check,scipy_highs_with_fraction_check,,0.026700000034907134,3.392300000086834,0.37770000017189886,2.839299999322975,1.3521000000764616,0.2907000002778659,0.0006000000212225132,0.08990000014819088,0.12329999981375295,0.01939999992828234,0.025400000140507473,0.030199999855540227,0.07129999949029298
test_consistent_random_observations__061,test_consistent_random_observations,PASS,solve_q1,observations,3,3,6,6,3.922800000054849,POLYGON,5,19.613576799317446,9.806788399658723,11.905041925636667,2.0982535259779436,False,scipy_with_fraction_check,scipy_highs_with_fraction_check,,0.03329999981360743,2.7172000000064145,0.2289999997628911,2.293200000167417,0.7246999998642423,0.37949999978081905,0.0006999998731771484,0.132200000280136,0.15319999965868192,0.025400000140507473,0.028500000098574674,0.03769999966607429,0.06810000058976584
test_consistent_random_observations__062,test_consistent_random_observations,PASS,solve_q1,observations,4,4,8,8,4.705599999851984,POLYGON,6,19.613576799317446,9.806788399658723,11.905041925636667,2.0982535259779436,False,scipy_with_fraction_check,scipy_highs_with_fraction_check,,0.046299999667098746,2.750499999820022,0.5071999994470389,2.0580999994308513,1.3523999996323255,0.47249999988707714,0.0007000003279244993,0.18589999990581418,0.178799999957846,0.029400000130408444,0.03479999986666371,0.04129999979340937,0.08390000084546045
test_consistent_random_observations__063,test_consistent_random_observations,PASS,solve_q1,observations,3,3,6,6,3.2999000000017986,POLYGON,3,27.501756484920143,13.750878242460072,21.756944316203334,8.006066073743263,False,scipy_with_fraction_check,scipy_highs_with_fraction_check,,0.026700000034907134,2.313500000127533,0.2276000000165368,1.9317999995109858,0.6926999999450345,0.2082999999402091,0.0013999997463542968,0.05629999986922485,0.09240000008503557,0.013600000329461182,0.02029999996011611,0.022400000034394907,0.0586999999541149
test_consistent_random_observations__064,test_consistent_random_observations,PASS,solve_q1,observations,4,4,8,8,5.316600000242033,POLYGON,4,27.308153297295792,13.654076648647896,21.576154414551368,7.922077765903472,False,scipy_with_fraction_check,scipy_highs_with_fraction_check,,0.09200000022246968,3.334200000153942,0.6525000003421155,2.502099999674101,1.3387999997576117,0.2950999996755854,0.0007999997251317836,0.0884000000951346,0.1253000000360771,0.021299999843904516,0.024599999960628338,0.032700000247132266,0.2565000004324247
test_consistent_random_observations__065,test_consistent_random_observations,PASS,solve_q1,observations,3,3,6,6,3.200399999968795,POLYGON,4,22.910479182973717,11.455239591486858,14.480793803952906,3.025554212466048,False,scipy_with_fraction_check,scipy_highs_with_fraction_check,,0.030700000024808105,2.1511999998438114,0.20339999991847435,1.7967999997381412,0.6705000000692962,0.28250000013940735,0.0005000001692678779,0.08799999977782136,0.12210000022605527,0.019499999780236976,0.02500000027794158,0.025800000003073364,0.06549999989147182
test_consistent_random_observations__066,test_consistent_random_observations,PASS,solve_q1,observations,4,4,8,8,4.316699999890261,POLYGON,4,22.910479182973717,11.455239591486858,14.480793803952906,3.025554212466048,False,scipy_with_fraction_check,scipy_highs_with_fraction_check,,0.02880000010918593,2.694199999950797,0.3652000004876754,2.1526999998968677,1.2345999998615298,0.27670000008583884,0.0006000000212225132,0.08639999987281044,0.11929999982385198,0.017800000023271423,0.022700000045006163,0.02840000024662004,0.08239999988290947
test_consistent_random_observations__067,test_consistent_random_observations,PASS,solve_q1,observations,3,3,6,6,3.2799000000522938,POLYGON,6,23.685923450406495,11.842961725203248,12.485129755085659,0.6421680298824111,False,scipy_with_fraction_check,scipy_highs_with_fraction_check,,0.029199999971751822,2.0841000000473286,0.21530000003622263,1.7268999999942025,0.6862000000182888,0.4223999999339867,0.0005000001692678779,0.16809999988254276,0.1612000000932312,0.02969999968627235,0.030000000151630957,0.031600000056641875,0.05800000008093775
test_consistent_random_observations__068,test_consistent_random_observations,PASS,solve_q1,observations,4,4,8,8,4.7816000001148495,POLYGON,6,23.685923450406495,11.842961725203248,12.485129755085659,0.6421680298824111,False,scipy_with_fraction_check,scipy_highs_with_fraction_check,,0.026199999865639256,2.6114000002053217,0.3813999996964412,2.0591000006788818,1.4081000003898225,0.6605999997191248,0.000999999883788405,0.26209999987258925,0.2420999999230844,0.04380000018500141,0.0473000000056345,0.062200000229495345,0.0752999999349413
test_consistent_random_observations__069,test_consistent_random_observations,PASS,solve_q1,observations,3,3,6,6,4.482699999698525,POLYGON,6,29.232435042508126,14.616217521254063,15.951188646296263,1.3349711250422,False,scipy_with_fraction_check,scipy_highs_with_fraction_check,,0.02859999995052931,2.697899999930087,0.2561999999670661,2.2604999999202846,1.0334999997212435,0.6542999999510357,0.0008000001798791345,0.2666000000317581,0.24299999995491817,0.04459999991013319,0.046799999836366624,0.0503999999637017,0.06840000014562975
test_consistent_random_observations__070,test_consistent_random_observations,PASS,solve_q1,observations,4,4,8,8,7.512900000165246,POLYGON,6,28.159568871784522,14.079784435892261,14.370238372068785,0.29045393617652415,False,scipy_with_fraction_check,scipy_highs_with_fraction_check,,0.04690000014306861,4.60609999981898,0.6711000000905187,3.6649000003308174,2.1268000000418397,0.6099000001995591,0.0007000003279244993,0.23809999993318343,0.21939999987807823,0.04709999984697788,0.04870000020673615,0.05400000009103678,0.12319999996179831
test_consistent_random_observations__071,test_consistent_random_observations,PASS,solve_q1,observations,3,3,6,6,4.2544000002635585,POLYGON,6,34.37106650367972,17.18553325183986,17.185533251839885,2.4868995751603507e-14,True,scipy_with_fraction_check,scipy_highs_with_fraction_check,,0.03040000001419685,2.8156999997008825,0.27619999991657096,2.3499999997511622,0.8120000002236338,0.5239999995865219,0.0006999998731771484,0.19720000000233995,0.21390000028986833,0.0351999997292296,0.03620000006776536,0.039200000173877925,0.07230000073832343
test_consistent_random_observations__072,test_consistent_random_observations,PASS,solve_q1,observations,4,4,8,8,4.112099999929342,POLYGON,6,18.940515556184263,9.470257778092131,11.807226706537218,2.3369689284450867,False,scipy_with_fraction_check,scipy_highs_with_fraction_check,,0.027499999760038918,2.321399999800633,0.3737999995792052,1.799199999368284,1.2643000000025495,0.42690000009315554,0.0005000001692678779,0.16610000011496595,0.16439999990325305,0.027399999908084283,0.029400000130408444,0.03779999997277628,0.07200000027296483
test_consistent_random_observations__073,test_consistent_random_observations,PASS,solve_q1,observations,3,3,6,6,3.410599999824626,POLYGON,5,20.50021025576835,10.250105127884176,10.702091804762697,0.451986676878521,False,scipy_with_fraction_check,scipy_highs_with_fraction_check,,0.03149999974993989,2.302200000031007,0.2092999998239975,1.9535999995241582,0.6866999997328094,0.3329999999550637,0.0005000001692678779,0.11820000008810894,0.13829999988956843,0.0227999998969608,0.024399999801971717,0.027600000066740904,0.05720000035580597
test_consistent_random_observations__074,test_consistent_random_observations,PASS,solve_q1,observations,4,4,8,8,4.140300000017305,POLYGON,6,20.50021025576835,10.250105127884176,10.493607449875348,0.24350232199117272,False,scipy_with_fraction_check,scipy_highs_with_fraction_check,,0.02700000004551839,2.3637999997845327,0.3594999998313142,1.843300000018644,1.1968000003435009,0.3971000001001812,0.000499999714520527,0.1571000002513756,0.14529999998558196,0.026899999738816405,0.028100000236008782,0.03770000012082164,0.15559999974357197
test_consistent_random_observations__075,test_consistent_random_observations,PASS,solve_q1,observations,3,3,6,6,3.9824999998927524,POLYGON,6,26.153691291495313,13.076845645747657,18.006338139936368,4.929492494188711,False,scipy_with_fraction_check,scipy_highs_with_fraction_check,,0.02409999979136046,2.0155000001977896,0.19660000043586479,1.6838000001371256,1.2527000003501598,0.6242999997994048,0.0009000000318337698,0.3341999999975087,0.18420000014884863,0.029400000130408444,0.03199999991920777,0.04129999979340937,0.06589999975403771
test_consistent_random_observations__076,test_consistent_random_observations,PASS,solve_q1,observations,4,4,8,8,4.0612000002511195,POLYGON,5,23.89694708567158,11.94847354283579,11.94847354283579,0.0,True,scipy_with_fraction_check,scipy_highs_with_fraction_check,,0.026700000034907134,2.411099999790167,0.3613000003497291,1.883200000065699,1.220999999986816,0.33429999984946335,0.0006000000212225132,0.11029999996026163,0.1422999998794694,0.023099999907572055,0.024000000394153176,0.03259999994043028,0.06810000058976584
test_consistent_random_observations__077,test_consistent_random_observations,PASS,solve_q1,observations,3,3,6,6,3.3417999998164305,POLYGON,5,22.85584481912781,11.427922409563905,14.443539326102059,3.0156169165381534,False,scipy_with_fraction_check,scipy_highs_with_fraction_check,,0.024700000267330324,2.172900000005029,0.2574000004642585,1.7694000007395516,0.6801999998060637,0.4063000001224282,0.0005000001692678779,0.12100000003556488,0.1963999998224608,0.027499999760038918,0.029100000119797187,0.030500000320898835,0.057699999615579145
test_consistent_random_observations__078,test_consistent_random_observations,PASS,solve_q1,observations,4,4,8,8,4.006199999821547,POLYGON,5,20.079376434589125,10.039688217294563,12.715990388422426,2.6763021711278636,False,scipy_with_fraction_check,scipy_highs_with_fraction_check,,0.02680000034160912,2.291100000093138,0.35869999965143506,1.7802999996092694,1.2630000001081498,0.3566000000319036,0.0005000001692678779,0.12179999976069666,0.15170000006037299,0.0227999998969608,0.025600000299164094,0.032899999951041536,0.0686999992467463
test_consistent_random_observations__079,test_consistent_random_observations,PASS,solve_q1,observations,3,3,6,6,3.1601999999111285,POLYGON,5,23.599418860013905,11.799709430006953,12.094476571657177,0.2947671416502242,False,scipy_with_fraction_check,scipy_highs_with_fraction_check,,0.02429999995001708,2.0963999995728955,0.21010000000387663,1.742199999625882,0.6723000001329638,0.30280000009952346,0.0005000001692678779,0.11649999987639603,0.11040000026696362,0.02300000005561742,0.023999999939405825,0.027099999897473026,0.06440000015572878
test_consistent_random_observations__080,test_consistent_random_observations,PASS,solve_q1,observations,4,4,8,8,9.52110000025641,POLYGON,5,22.712282643557256,11.356141321778628,11.356141321778631,3.552713678800501e-15,True,scipy_with_fraction_check,scipy_highs_with_fraction_check,,0.02859999995052931,2.7989999998681014,0.3824999998869316,2.231800000572548,6.186999999954423,0.4334000000199012,0.0007999997251317836,0.1254000003427791,0.19389999988561613,0.030700000024808105,0.03319999996165279,0.04709999984697788,0.07310000046345522
test_consistent_random_observations__081,test_consistent_random_observations,PASS,solve_q1,observations,3,3,6,6,3.5252999996373546,POLYGON,6,32.289195351864606,16.144597675932303,16.144597675932314,1.0658141036401503e-14,True,scipy_with_fraction_check,scipy_highs_with_fraction_check,,0.03670000023703324,2.235300000393181,0.22800000033385004,1.8629999999575375,0.7212000000436092,0.4643999996005732,0.0006000000212225132,0.178799999957846,0.18910000017058337,0.028699999802483944,0.03259999994043028,0.03310000010969816,0.0676999993629579
test_consistent_random_observations__082,test_consistent_random_observations,PASS,solve_q1,observations,4,4,8,8,4.310499999974127,POLYGON,6,26.3166136858927,13.15830684294635,13.39473235983642,0.23642551689006908,False,scipy_with_fraction_check,scipy_highs_with_fraction_check,,0.02769999991869554,2.4825000000419095,0.37960000008752104,1.9341000001986686,1.2994000003345718,0.4279999998288986,0.000499999714520527,0.16610000011496595,0.16460000006190967,0.02679999988686177,0.030100000003585592,0.038500000300700776,0.07289999985005124
test_consistent_random_observations__083,test_consistent_random_observations,PASS,solve_q1,observations,3,3,6,6,3.867699999773322,POLYGON,4,17.528363083493996,8.764181541746998,11.130370220725672,2.3661886789786735,False,scipy_with_fraction_check,scipy_highs_with_fraction_check,,0.03079999987676274,2.795599999899423,0.23570000030304072,2.355000000079599,0.7315999996535538,0.2506000000721542,0.0006000000212225132,0.08509999997841078,0.09449999970456702,0.01970000039364095,0.023099999907572055,0.02610000001368462,0.059100000271428144
test_consistent_random_observations__084,test_consistent_random_observations,PASS,solve_q1,observations,4,4,8,8,5.348500000309286,POLYGON,5,17.528363083493996,8.764181541746998,9.469959750907634,0.7057782091606359,False,scipy_with_fraction_check,scipy_highs_with_fraction_check,,0.02770000037344289,2.3837999997340376,0.39990000004763715,1.8214000006082642,2.509100000224862,0.34719999985100003,0.0006000000212225132,0.12650000007852213,0.12550000019473373,0.028699999802483944,0.030900000183464726,0.033599999824218685,0.08070000012594392
test_consistent_random_observations__085,test_consistent_random_observations,PASS,solve_q1,observations,3,3,6,6,3.811099999893486,POLYGON,6,32.314230614523254,16.157115307261627,16.157115307261634,7.105427357601002e-15,True,scipy_with_fraction_check,scipy_highs_with_fraction_check,,0.025099999675148865,2.409899999747722,0.22539999963555601,2.027900000939553,0.7534000001214736,0.5643999998028448,0.0006000000212225132,0.1824000000851811,0.23250000003827154,0.06619999976464896,0.042300000131945126,0.03839999999399879,0.05830000054629636
test_consistent_random_observations__086,test_consistent_random_observations,PASS,solve_q1,observations,4,4,8,8,4.593099999965489,POLYGON,6,32.314230614523254,16.157115307261627,16.157115307261634,7.105427357601002e-15,True,scipy_with_fraction_check,scipy_highs_with_fraction_check,,0.030899999728717376,2.647300000262476,0.36539999973683734,2.1065000000817236,1.3731999997617095,0.4708000001301116,0.0005999995664751623,0.1754000004439149,0.18829999999070424,0.03040000001419685,0.033599999824218685,0.0411000000895001,0.07090000008247443
test_consistent_random_observations__087,test_consistent_random_observations,PASS,solve_q1,observations,3,3,6,6,3.5934000002271205,POLYGON,4,31.775242378748,15.887621189374,20.00510059847413,4.117479409100129,False,scipy_with_fraction_check,scipy_highs_with_fraction_check,,0.0289999998130952,2.5691000000733766,0.22059999992052326,2.1913000005042704,0.6839999996373081,0.23940000028233044,0.000499999714520527,0.08079999997789855,0.08920000027501374,0.018599999748403206,0.024500000108673703,0.024399999801971717,0.07190000042101019
test_consistent_random_observations__088,test_consistent_random_observations,PASS,solve_q1,observations,4,4,8,8,5.313899999691785,POLYGON,5,31.775242378748,15.887621189374,15.88762118937401,8.881784197001252e-15,True,scipy_with_fraction_check,scipy_highs_with_fraction_check,,0.03240000023652101,2.923000000009779,0.4024999998364365,2.322199999980512,1.7517999999654421,0.5317000000104599,0.0008000001798791345,0.1716000001579232,0.2278999995724007,0.03510000033202232,0.042299999677197775,0.05200000032345997,0.07499999946958269
test_consistent_random_observations__089,test_consistent_random_observations,PASS,solve_q1,observations,3,3,6,6,3.865700000005745,POLYGON,6,26.69702640099359,13.348513200496795,14.291716547498476,0.9432033470016812,False,scipy_with_fraction_check,scipy_highs_with_fraction_check,,0.03279999964433955,2.5415999998585903,0.2874999995583494,2.0864999996774714,0.7708999996793864,0.44560000014826073,0.0006999998731771484,0.18110000019078143,0.16419999974459643,0.029400000130408444,0.03509999987727497,0.03370000013092067,0.07480000067516812
test_consistent_random_observations__090,test_consistent_random_observations,PASS,solve_q1,observations,4,4,8,8,4.115600000204722,POLYGON,6,26.69702640099359,13.348513200496795,13.893042689463496,0.5445294889667007,False,scipy_with_fraction_check,scipy_highs_with_fraction_check,,0.025999999706982635,2.354100000047765,0.3609999998843705,1.8377999999756867,1.2732000000141852,0.39409999999406864,0.0005000001692678779,0.16520000008313218,0.13519999993150122,0.02679999988686177,0.027999999929306796,0.037199999951553764,0.06820000044172048
test_consistent_random_observations__091,test_consistent_random_observations,PASS,solve_q1,observations,3,3,6,6,3.47860000010769,POLYGON,6,32.37987472002551,16.189937360012756,16.189937360012784,2.842170943040401e-14,True,scipy_with_fraction_check,scipy_highs_with_fraction_check,,0.023999999939405825,2.2287000001597335,0.20629999971788493,1.8763000002763874,0.7003999999142252,0.46979999979157583,0.0006000000212225132,0.18159999990530196,0.1901999999063264,0.02990000029967632,0.03239999978177366,0.033799999982875306,0.055700000302749686
test_consistent_random_observations__092,test_consistent_random_observations,PASS,solve_q1,observations,4,4,8,8,4.305599999952392,POLYGON,5,23.02189947628377,11.510949738141885,12.33058192805251,0.8196321899106245,False,scipy_with_fraction_check,scipy_highs_with_fraction_check,,0.037199999951553764,2.5573999996595376,0.40609999996377155,1.9821999999294349,1.2956000000485801,0.33690000009301,0.0006000000212225132,0.11730000005627517,0.13579999995272374,0.02300000005561742,0.025299999833805487,0.033400000120309414,0.07850000019971048
test_consistent_random_observations__093,test_consistent_random_observations,PASS,solve_q1,observations,3,3,6,6,3.388800000266201,POLYGON,5,25.155948285436285,12.577974142718142,12.577974142718169,2.6645352591003757e-14,True,scipy_with_fraction_check,scipy_highs_with_fraction_check,,0.025300000288552837,2.223599999979342,0.2162000000680564,1.8591000002743385,0.6851999996797531,0.39149999975052197,0.0006000000212225132,0.1320000001214794,0.1695000000836444,0.02519999998185085,0.028200000087963417,0.03040000001419685,0.0632000005680311
test_consistent_random_observations__094,test_consistent_random_observations,PASS,solve_q1,observations,4,4,8,8,4.092799999853014,POLYGON,5,25.155948285436285,12.577974142718142,12.577974142718169,2.6645352591003757e-14,True,scipy_with_fraction_check,scipy_highs_with_fraction_check,,0.028299999939918052,2.3233999995682098,0.3579999997782579,1.8121000007340626,1.3026000001445937,0.362799999948038,0.0006000000212225132,0.1225999999405758,0.1502000000073167,0.02320000021427404,0.026700000034907134,0.038099999983387534,0.07570000025225454
test_consistent_random_observations__095,test_consistent_random_observations,PASS,solve_q1,observations,3,3,6,6,3.202800000053685,POLYGON,3,12.782323619368027,6.3911618096840135,7.829863511063272,1.4387017013792587,False,scipy_with_fraction_check,scipy_highs_with_fraction_check,,0.02499999982319423,2.249200000278506,0.2081999996335071,1.8999999997504347,0.6852999999864551,0.18670000008569332,0.0006000000212225132,0.049000000217347406,0.08539999998902204,0.012199999673612183,0.01790000032997341,0.02029999996011611,0.056599999879836105
test_consistent_random_observations__096,test_consistent_random_observations,PASS,solve_q1,observations,4,4,8,8,3.967999999986205,POLYGON,3,12.782323619368027,6.3911618096840135,7.829863511063272,1.4387017013792587,False,scipy_with_fraction_check,scipy_highs_with_fraction_check,,0.026499999876250513,2.409199999874545,0.36969999973734957,1.8844999999600986,1.2682999999924505,0.19100000008620555,0.000499999714520527,0.04949999993186793,0.0853000001370674,0.012100000276404899,0.01809999957913533,0.02410000024610781,0.07300000015675323
test_consistent_random_observations__097,test_consistent_random_observations,PASS,solve_q1,observations,3,3,6,6,3.175199999986944,POLYGON,5,27.910956732580164,13.955478366290082,14.039927292386345,0.08444892609626287,False,scipy_with_fraction_check,scipy_highs_with_fraction_check,,0.026300000172341242,2.0881999998891843,0.20880000010947697,1.7380999997840263,0.664899999719637,0.33799999982875306,0.0006000000212225132,0.13279999984661117,0.1216000000567874,0.025100000129896216,0.029199999971751822,0.027499999760038918,0.05780000037702848
test_consistent_random_observations__098,test_consistent_random_observations,PASS,solve_q1,observations,4,4,8,8,4.054700000324374,POLYGON,5,20.24829273239503,10.124146366197515,10.124146366197515,0.0,True,scipy_with_fraction_check,scipy_highs_with_fraction_check,,0.02700000004551839,2.354499999910331,0.3700000002027082,1.8312000006517337,1.2472999997044099,0.3567999997358129,0.0006000000212225132,0.12010000000373111,0.15189999976428226,0.02369999992879457,0.0266000001829525,0.032699999792384915,0.0691000009283016
test_consistent_random_observations__099,test_consistent_random_observations,PASS,solve_q1,observations,3,3,6,6,3.213899999991554,POLYGON,5,25.190219572291205,12.595109786145603,12.595109786145613,1.0658141036401503e-14,True,scipy_with_fraction_check,scipy_highs_with_fraction_check,,0.028299999939918052,2.1019999999225547,0.21059999971839716,1.748300000144809,0.6749999997737177,0.35100000013699173,0.0006000000212225132,0.1243000001522887,0.14950000013413955,0.023300000066228677,0.02479999966453761,0.027300000056129647,0.05760000021837186
test_consistent_random_observations__100,test_consistent_random_observations,PASS,solve_q1,observations,4,4,8,8,4.161899999871821,POLYGON,6,24.363353693465573,12.181676846732787,12.18167684673281,2.3092638912203256e-14,True,scipy_with_fraction_check,scipy_highs_with_fraction_check,,0.028499999643827323,2.281900000070891,0.40339999986827024,1.727600000322127,1.32949999988341,0.4503999998632935,0.0006000000212225132,0.17209999987244373,0.17889999980980065,0.02900000026784255,0.03040000001419685,0.03819999983534217,0.07160000041039893
test_consistent_random_observations__101,test_consistent_random_observations,PASS,solve_q1,observations,3,3,6,6,3.167999999732274,POLYGON,4,23.416704374856483,11.708352187428241,14.576318795022905,2.8679666075946635,False,scipy_with_fraction_check,scipy_highs_with_fraction_check,,0.028100000236008782,2.1657999996023136,0.2088999999614316,1.8069000002469693,0.6751999999323743,0.24279999979626155,0.0005000001692678779,0.07950000008349889,0.09860000000116997,0.01810000003388268,0.021099999685247894,0.023600000076839933,0.05610000016531558
test_consistent_random_observations__102,test_consistent_random_observations,PASS,solve_q1,observations,4,4,8,8,4.059700000198063,POLYGON,5,22.962850530763838,11.481425265381919,14.573144827573994,3.0917195621920754,False,scipy_with_fraction_check,scipy_highs_with_fraction_check,,0.0320999997711624,2.3894999999356514,0.3608000001804612,1.8715000001066073,1.2383000002955669,0.3299999998489511,0.0006000000212225132,0.11690000019370927,0.12959999958184198,0.023500000224885298,0.024699999812582973,0.033400000120309414,0.0698000003467314
test_consistent_random_observations__103,test_consistent_random_observations,PASS,solve_q1,observations,3,3,6,6,3.0584999999518914,POLYGON,3,20.27150907190812,10.13575453595406,15.720415808989546,5.584661273035486,False,scipy_with_fraction_check,scipy_highs_with_fraction_check,,0.028500000098574674,2.1384000001489767,0.20989999984522,1.7839000001913519,0.6396999997377861,0.19470000006549526,0.000499999714520527,0.04740000031233649,0.09610000006432529,0.01249999968422344,0.016899999991437653,0.019999999949504854,0.05719999990105862
test_consistent_random_observations__104,test_consistent_random_observations,PASS,solve_q1,observations,4,4,8,8,4.351000000042404,POLYGON,4,19.30347510956782,9.65173755478391,14.952746389677008,5.301008834893098,False,scipy_with_fraction_check,scipy_highs_with_fraction_check,,0.02629999971759389,2.7162999999745807,0.49379999973098165,2.060400000118534,1.2696000003415975,0.26970000044457265,0.0005000001692678779,0.07890000006227638,0.12190000006739865,0.01849999989644857,0.020200000108161476,0.028399999791872688,0.06909999956405954
test_consistent_random_observations__105,test_consistent_random_observations,PASS,solve_q1,observations,3,3,6,6,3.0131000003166264,POLYGON,4,18.01940247065873,9.009701235329365,12.127138136436844,3.11743690110748,False,scipy_with_fraction_check,scipy_highs_with_fraction_check,,0.02809999978126143,2.06320000006599,0.20810000023629982,1.7176999999719555,0.6304000003183319,0.22570000010091462,0.0005000001692678779,0.07809999988239724,0.08250000018961146,0.01699999984339229,0.022000000171829015,0.02429999995001708,0.06570000005012844
test_consistent_random_observations__106,test_consistent_random_observations,PASS,solve_q1,observations,4,4,8,8,4.028700000162644,POLYGON,4,18.01940247065873,9.009701235329365,12.127138136436844,3.11743690110748,False,scipy_with_fraction_check,scipy_highs_with_fraction_check,,0.026199999865639256,2.505500000097527,0.35939999997935956,1.9921000002796063,1.1886999996022496,0.23529999998572748,0.0005000001692678779,0.07869999990361976,0.0863000000208558,0.01739999970595818,0.022200000330485636,0.02879999965443858,0.07300000061150058
test_consistent_random_observations__107,test_consistent_random_observations,PASS,solve_q1,observations,3,3,6,6,3.2842999999047606,POLYGON,6,24.785486220032382,12.392743110016191,15.082403507669817,2.6896603976536255,False,scipy_with_fraction_check,scipy_highs_with_fraction_check,,0.024500000108673703,2.0719000003737165,0.22500000022773747,1.710800000182644,0.6829999997535197,0.4383999998935906,0.0005000001692678779,0.1685999995970633,0.17670000033831457,0.027999999929306796,0.03059999971810612,0.032700000247132266,0.06649999977526022
test_consistent_random_observations__108,test_consistent_random_observations,PASS,solve_q1,observations,4,4,8,8,4.50509999973292,POLYGON,6,24.169381095836204,12.084690547918102,12.084690547918102,0.0,True,scipy_with_fraction_check,scipy_highs_with_fraction_check,,0.026400000024295878,2.2608999997828505,0.36260000024412875,1.7474000001129752,1.6556000000491622,0.4926999999952386,0.0006000000212225132,0.18309999995835824,0.20940000013069948,0.02790000007735216,0.030100000003585592,0.040099999750964344,0.06949999988137279
test_consistent_random_observations__109,test_consistent_random_observations,PASS,solve_q1,observations,3,3,6,6,4.324800000176765,POLYGON,6,32.62811081792988,16.31405540896494,19.52154664493904,3.2074912359741,False,scipy_with_fraction_check,scipy_highs_with_fraction_check,,0.024700000267330324,2.0801999999093823,0.21669999978257692,1.7271000001528591,1.336299999820767,0.8262999999715248,0.000999999883788405,0.3507999999783351,0.33690000009301,0.05289999990054639,0.05160000000614673,0.03130000004603062,0.057300000207760604
test_consistent_random_observations__110,test_consistent_random_observations,PASS,solve_q1,observations,4,4,8,8,4.597399999966001,POLYGON,6,32.62110437306821,16.310552186534107,19.691313439996883,3.380761253462776,False,scipy_with_fraction_check,scipy_highs_with_fraction_check,,0.026000000161729986,2.4287000001095294,0.35959999968326883,1.9054000003961846,1.657999999679305,0.4063999999743828,0.0006000000212225132,0.18210000007456983,0.12270000024727779,0.02789999962260481,0.03240000023652101,0.039200000173877925,0.07830000004105386
test_consistent_random_observations__111,test_consistent_random_observations,PASS,solve_q1,observations,3,3,6,6,3.177300000061223,POLYGON,6,23.92802564192114,11.96401282096057,16.54500973528699,4.58099691432642,False,scipy_with_fraction_check,scipy_highs_with_fraction_check,,0.024699999812582973,2.0429999999578285,0.20940000013069948,1.696699999683915,0.6759999996575061,0.3682999999909953,0.0006000000212225132,0.16830000004119938,0.11039999981221627,0.027200000204175012,0.030000000151630957,0.03059999971810612,0.0653000006423099
test_consistent_random_observations__112,test_consistent_random_observations,PASS,solve_q1,observations,4,4,8,8,4.075800000009622,POLYGON,6,23.58562512287119,11.792812561435595,16.566754455161508,4.7739418937259135,False,scipy_with_fraction_check,scipy_highs_with_fraction_check,,0.026500000330997864,2.261099999941507,0.3627000000960834,1.7460999997638282,1.3403000002654153,0.3802999999606982,0.000499999714520527,0.16880000021046726,0.11369999992894009,0.02790000007735216,0.02949999998236308,0.03870000000461005,0.06759999951100326
test_consistent_random_observations__113,test_consistent_random_observations,PASS,solve_q1,observations,3,3,6,6,4.17779999997947,POLYGON,5,23.996335681461492,11.998167840730746,14.92030749379433,2.9221396530635833,False,scipy_with_fraction_check,scipy_highs_with_fraction_check,,0.038499999845953425,3.0928000001040346,0.21140000035302364,2.699299999676441,0.6658999996034254,0.3169999999954598,0.0006000000212225132,0.11660000018309802,0.1235999998243642,0.022700000045006163,0.024700000267330324,0.027399999908084283,0.06360000043059699
test_consistent_random_observations__114,test_consistent_random_observations,PASS,solve_q1,observations,4,4,8,8,5.862199999683071,POLYGON,5,23.971422298640526,11.985711149320263,11.985711149320263,0.0,True,scipy_with_fraction_check,scipy_highs_with_fraction_check,,0.027799999770650174,4.16510000013659,0.3609000004871632,3.643199999260105,1.2437999998837768,0.35459999980957946,0.0006000000212225132,0.11929999982385198,0.15040000016597332,0.023600000076839933,0.025399999685760122,0.033799999982875306,0.07090000008247443
test_consistent_random_observations__115,test_consistent_random_observations,PASS,solve_q1,observations,3,3,6,6,3.2390000001214503,POLYGON,5,21.19893530218919,10.599467651094596,12.805836067037188,2.206368415942592,False,scipy_with_fraction_check,scipy_highs_with_fraction_check,,0.02480000011928496,2.150300000266725,0.20749999976032996,1.8005999995693855,0.6757000001016422,0.3225999998903717,0.000499999714520527,0.11730000005627517,0.12030000016238773,0.02719999974942766,0.027100000352220377,0.028899999961140566,0.06559999974342645
test_consistent_random_observations__116,test_consistent_random_observations,PASS,solve_q1,observations,4,4,8,8,4.28360000023531,POLYGON,5,19.90679392295804,9.95339696147902,9.95339696147902,0.0,True,scipy_with_fraction_check,scipy_highs_with_fraction_check,,0.0631999996585364,2.4023000000852335,0.3799000000981323,1.8589999999676365,1.326699999935954,0.398000000132015,0.0006000000212225132,0.13219999982538866,0.17220000017914572,0.025399999685760122,0.029100000119797187,0.03689999994094251,0.09340000042357133
test_consistent_random_observations__117,test_consistent_random_observations,PASS,solve_q1,observations,3,3,6,6,3.4120999998776824,POLYGON,4,13.3338116271036,6.6669058135518,10.783862324599278,4.116956511047478,False,scipy_with_fraction_check,scipy_highs_with_fraction_check,,0.030100000003585592,2.2644999999101856,0.21399999968707561,1.8996999997398234,0.6637000001319393,0.39199999991978984,0.0007000003279244993,0.13249999983599992,0.16340000001946464,0.026300000172341242,0.03189999961250578,0.035400000342633575,0.0617999999121821
test_consistent_random_observations__118,test_consistent_random_observations,PASS,solve_q1,observations,4,4,8,8,4.215299999941635,POLYGON,4,13.3338116271036,6.6669058135518,10.783862324599278,4.116956511047478,False,scipy_with_fraction_check,scipy_highs_with_fraction_check,,0.034499999856052455,2.4493000000802567,0.3899000003002584,1.8944000007650175,1.3347999997677107,0.3194999999323045,0.0007000003279244993,0.0876999997672101,0.14890000011291704,0.022199999875738285,0.025400000140507473,0.0328000000990869,0.07720000030531082
test_consistent_random_observations__119,test_consistent_random_observations,PASS,solve_q1,observations,3,3,6,6,3.368999999565858,POLYGON,4,26.84440885344491,13.422204426722455,13.422204426722484,2.842170943040401e-14,True,scipy_with_fraction_check,scipy_highs_with_fraction_check,,0.03789999982473091,2.2747999996681756,0.22769999986849143,1.8971999993482314,0.7031999998616811,0.28560000009747455,0.0006000000212225132,0.08230000003095483,0.13239999998404528,0.019699999938893598,0.022899999748915434,0.026200000320386607,0.06750000011379598
test_consistent_random_observations__120,test_consistent_random_observations,PASS,solve_q1,observations,4,4,8,8,4.2492000002312125,POLYGON,5,23.6521278839666,11.8260639419833,11.826063941983302,1.7763568394002505e-15,True,scipy_with_fraction_check,scipy_highs_with_fraction_check,,0.04080000007888884,2.4297999998452724,0.38529999983438756,1.8847000001187553,1.3186999999561522,0.3835000002254674,0.0006000000212225132,0.12880000031145755,0.16419999974459643,0.02519999998185085,0.027300000056129647,0.03599999990910874,0.07640000012543169
test_consistent_random_observations__121,test_consistent_random_observations,PASS,solve_q1,observations,3,3,6,6,3.6340000001473527,POLYGON,5,31.34122936737858,15.67061468368929,15.670614683689307,1.5987211554602254e-14,True,scipy_with_fraction_check,scipy_highs_with_fraction_check,,0.02770000037344289,2.2217999999156746,0.21519999972952064,1.8606000003273948,0.8224000002883258,0.4966999999851396,0.0007000003279244993,0.13119999994160025,0.1922999999806052,0.0320999997711624,0.09930000032909447,0.0390000000152213,0.06539999958476983
test_consistent_random_observations__122,test_consistent_random_observations,PASS,solve_q1,observations,4,4,8,8,4.280799999833107,POLYGON,5,31.34122936737858,15.67061468368929,15.670614683689307,1.5987211554602254e-14,True,scipy_with_fraction_check,scipy_highs_with_fraction_check,,0.03300000025774352,2.500999999938358,0.388800000109768,1.948400000401307,1.3149000001249078,0.3537999996297003,0.0005000001692678779,0.1191000001199427,0.15050000001792796,0.023299999611481326,0.025300000288552837,0.03369999967617332,0.07809999988239724
test_consistent_random_observations__123,test_consistent_random_observations,PASS,solve_q1,observations,3,3,6,6,3.7324999998418207,POLYGON,6,35.88335078499438,17.94167539249719,17.941675392497203,1.4210854715202004e-14,True,scipy_with_fraction_check,scipy_highs_with_fraction_check,,0.02700000004551839,2.3773000002620392,0.22519999993164674,1.9666000002871442,0.7622999996783619,0.5039000002398097,0.0006000000212225132,0.16860000005181064,0.22039999976186664,0.041400000100111356,0.03620000006776536,0.03500000002532033,0.06199999961609137
test_consistent_random_observations__124,test_consistent_random_observations,PASS,solve_q1,observations,4,4,8,8,4.720900000393158,POLYGON,5,27.27107044553867,13.635535222769334,13.635535222769363,2.842170943040401e-14,True,scipy_with_fraction_check,scipy_highs_with_fraction_check,,0.03550000019458821,2.6225999999951455,0.39470000001529115,2.047599999968952,1.5367999999398307,0.44660000003204914,0.0008999995770864189,0.13350000017453567,0.19530000008671777,0.031799999760551145,0.03570000035324483,0.04760000001624576,0.07940000023154425
test_consistent_random_observations__125,test_consistent_random_observations,PASS,solve_q1,observations,3,3,6,6,3.6755000000994187,POLYGON,6,35.9569185639281,17.97845928196405,18.994368680705563,1.0159093987415133,False,scipy_with_fraction_check,scipy_highs_with_fraction_check,,0.02700000004551839,2.2973000000092725,0.246300000071642,1.8999999997504347,0.8177000004252477,0.4711999999926775,0.000499999714520527,0.18590000036056153,0.18319999981031287,0.03060000017285347,0.03319999996165279,0.03589999960240675,0.06229999962670263
test_consistent_random_observations__126,test_consistent_random_observations,PASS,solve_q1,observations,4,4,8,8,4.690100000061648,POLYGON,4,29.73829323158163,14.869146615790815,16.887122835674145,2.01797621988333,False,scipy_with_fraction_check,scipy_highs_with_fraction_check,,0.03889999970851932,2.7631000002656947,0.383600000077422,2.213000000665488,1.5576000000692147,0.2503999999134976,0.0006000000212225132,0.08299999990413198,0.09100000033868128,0.01959999963219161,0.023100000362319406,0.031399999897985253,0.0801000001047214
test_consistent_random_observations__127,test_consistent_random_observations,PASS,solve_q1,observations,3,3,6,6,3.295299999990675,POLYGON,4,25.223157967782935,12.611578983891468,14.523436280262057,1.9118572963705898,False,scipy_with_fraction_check,scipy_highs_with_fraction_check,,0.029100000119797187,2.2165999998833286,0.21999999989930075,1.8503000001146575,0.7086999999046384,0.27980000004390604,0.0006000000212225132,0.08650000017951243,0.12239999978191918,0.019300000076327706,0.023800000235496555,0.025599999844416743,0.061100000039004954
test_consistent_random_observations__128,test_consistent_random_observations,PASS,solve_q1,observations,4,4,8,8,4.301700000269193,POLYGON,4,25.223157967782935,12.611578983891468,14.523436280262057,1.9118572963705898,False,scipy_with_fraction_check,scipy_highs_with_fraction_check,,0.034500000310799805,2.677500000118016,0.39629999992030207,2.031699999861303,1.2500000002546585,0.2633999997669889,0.0006000000212225132,0.08019999995667604,0.11249999988649506,0.01790000032997341,0.02210000002378365,0.028399999791872688,0.0762999998187297
test_consistent_random_observations__129,test_consistent_random_observations,PASS,solve_q1,observations,3,3,6,6,3.5864999999830616,POLYGON,6,25.350880607598643,12.675440303799322,12.973479135836232,0.2980388320369105,False,scipy_with_fraction_check,scipy_highs_with_fraction_check,,0.026700000034907134,2.327100000002247,0.22709999984726892,1.941100000294682,0.7385000003523601,0.43290000030538067,0.0006999998731771484,0.18480000017007114,0.14800000008108327,0.029999999696883606,0.03420000030018855,0.03369999967617332,0.06129999928816687
test_consistent_random_observations__130,test_consistent_random_observations,PASS,solve_q1,observations,4,4,8,8,4.114999999728752,POLYGON,4,12.686195811969542,6.343097905984771,6.343097905984776,5.329070518200751e-15,True,scipy_with_fraction_check,scipy_highs_with_fraction_check,,0.03170000036334386,2.47510000008333,0.3901999998561223,1.9199999996999395,1.2474000000111118,0.28410000004441827,0.0006999998731771484,0.08569999999963329,0.12639999977182015,0.018000000181928044,0.02300000005561742,0.02880000010918593,0.07669999922654824
test_consistent_random_observations__131,test_consistent_random_observations,PASS,solve_q1,observations,3,3,6,6,3.402800000003481,POLYGON,3,26.835474185274858,13.417737092637429,16.699666448674503,3.2819293560370735,False,scipy_with_fraction_check,scipy_highs_with_fraction_check,,0.0380000001314329,2.3949999999786087,0.2258999998048239,2.007500000672735,0.7070999999996275,0.1968999999917287,0.0006999998731771484,0.04920000037600403,0.0949999998738349,0.012299999980314169,0.017800000023271423,0.020500000118772732,0.06579999990208307
test_consistent_random_observations__132,test_consistent_random_observations,PASS,solve_q1,observations,4,4,8,8,4.049800000302639,POLYGON,4,26.835474185274858,13.417737092637429,13.417737092637434,5.329070518200751e-15,True,scipy_with_fraction_check,scipy_highs_with_fraction_check,,0.032500000088475645,2.3817999999664607,0.3889999998136773,1.8352000001868873,1.2736999997287057,0.2833000003192865,0.0006000000212225132,0.08269999989352073,0.12789999982487643,0.018600000203150557,0.022599999738304177,0.02949999998236308,0.07850000019971048
test_consistent_random_observations__133,test_consistent_random_observations,PASS,solve_q1,observations,3,3,6,6,3.29230000033931,POLYGON,5,20.546170899938325,10.273085449969162,16.12589986624213,5.852814416272967,False,scipy_with_fraction_check,scipy_highs_with_fraction_check,,0.025499999992462108,2.1405000002232555,0.22440000020651496,1.7731000007188413,0.7184999999481079,0.34839999989344506,0.0006000000212225132,0.1384999995934777,0.11900000026798807,0.02700000004551839,0.030499999866151484,0.03130000004603062,0.0594000002820394
test_consistent_random_observations__134,test_consistent_random_observations,PASS,solve_q1,observations,4,4,8,8,5.484499999965919,POLYGON,6,20.51773338550417,10.258866692752084,10.258866692752107,2.3092638912203256e-14,True,scipy_with_fraction_check,scipy_highs_with_fraction_check,,0.03409999999348656,2.867200000309822,0.4702999999608437,2.212600000348175,1.8163999998250802,0.6773000000066531,0.0009000000318337698,0.2534999998715648,0.27249999993728125,0.04220000027999049,0.0473000000056345,0.058599999647412915,0.08949999983087764
test_consistent_random_observations__135,test_consistent_random_observations,PASS,solve_q1,observations,3,3,6,6,3.820599999926344,POLYGON,5,17.92004184716972,8.96002092358486,9.549138863770946,0.5891179401860853,False,scipy_with_fraction_check,scipy_highs_with_fraction_check,,0.039200000173877925,2.590399999917281,0.27630000022327295,2.146499999525986,0.7731000000603672,0.3382999998393643,0.0006000000212225132,0.1295000001846347,0.12460000016289996,0.02499999982319423,0.027300000056129647,0.02989999984492897,0.07959999993545352
test_consistent_random_observations__136,test_consistent_random_observations,PASS,solve_q1,observations,4,4,8,8,3.9891000001262,POLYGON,5,17.92004184716972,8.96002092358486,9.549138863770946,0.5891179401860853,False,scipy_with_fraction_check,scipy_highs_with_fraction_check,,0.026500000330997864,2.310700000180077,0.36389999968378106,1.7946000002666551,1.257299999906536,0.3268000000389293,0.0006000000212225132,0.12100000003556488,0.12209999977130792,0.02300000005561742,0.025800000003073364,0.03310000010969816,0.06779999966965988
test_consistent_random_observations__137,test_consistent_random_observations,PASS,solve_q1,observations,3,3,6,6,3.034000000297965,POLYGON,4,25.987897097450688,12.993948548725344,20.34574339427128,7.351794845545937,False,scipy_with_fraction_check,scipy_highs_with_fraction_check,,0.024699999812582973,2.0556000004035013,0.20769999991898658,1.7108999995798513,0.6693999998788058,0.2272000001539709,0.0006000000212225132,0.07809999988239724,0.08460000026389025,0.018199999885837315,0.02099999983329326,0.023500000224885298,0.05710000004910398
test_consistent_random_observations__138,test_consistent_random_observations,PASS,solve_q1,observations,4,4,8,8,4.334199999902921,POLYGON,5,25.987897097450688,12.993948548725344,16.38629054678608,3.3923419980607346,False,scipy_with_fraction_check,scipy_highs_with_fraction_check,,0.05909999981668079,2.549799999997049,0.3948999997192004,1.9947000000684056,1.3136000002305082,0.3361999997650855,0.0007000003279244993,0.1336000000264903,0.11139999969600467,0.025300000288552837,0.027300000056129647,0.03639999977167463,0.07550000009359792
test_consistent_random_observations__139,test_consistent_random_observations,PASS,solve_q1,observations,3,3,6,6,3.3131000000139466,POLYGON,5,18.55282554527517,9.276412772637585,11.040324174163743,1.7639114015261583,False,scipy_with_fraction_check,scipy_highs_with_fraction_check,,0.028299999939918052,2.2437999996327562,0.21529999958147528,1.8830000003617897,0.663400000121328,0.3071000001000357,0.000499999714520527,0.1274000001103559,0.10029999975813553,0.02390000008745119,0.026400000024295878,0.027099999897473026,0.07050000021990854
test_consistent_random_observations__140,test_consistent_random_observations,PASS,solve_q1,observations,4,4,8,8,4.53769999967335,POLYGON,6,17.7627306792776,8.8813653396388,10.735862738513486,1.8544973988746865,False,scipy_with_fraction_check,scipy_highs_with_fraction_check,,0.02900000026784255,2.6439999996910046,0.3625000003921741,2.0836000007875555,1.3617000004160218,0.4284000001462118,0.0006000000212225132,0.1716000001579232,0.1563999999234511,0.028200000087963417,0.03130000004603062,0.03870000000461005,0.07459999915226945
test_consistent_random_observations__141,test_consistent_random_observations,PASS,solve_q1,observations,3,3,6,6,3.3717999999680615,POLYGON,5,19.302908920579394,9.651454460289697,9.686188153598927,0.03473369330922971,False,scipy_with_fraction_check,scipy_highs_with_fraction_check,,0.034700000014709076,2.2110999998403713,0.2248999999210355,1.8365999999332416,0.7200999998531188,0.34330000016780104,0.0006000000212225132,0.12599999990925426,0.1384000001962704,0.02319999975952669,0.02610000001368462,0.02750000021478627,0.06260000009206124
test_consistent_random_observations__142,test_consistent_random_observations,PASS,solve_q1,observations,4,4,8,8,4.687399999966146,POLYGON,5,19.208580491575876,9.604290245787938,9.627962241979635,0.023671996191696465,False,scipy_with_fraction_check,scipy_highs_with_fraction_check,,0.02989999984492897,2.5049000000763044,0.3864000004796253,1.9551000004867092,1.6915000001063163,0.37789999987580813,0.0007000003279244993,0.13069999977233238,0.15359999997599516,0.025800000003073364,0.02880000010918593,0.03689999994094251,0.0832000000627886
test_consistent_random_observations__143,test_consistent_random_observations,PASS,solve_q1,observations,3,3,6,6,3.239099999973405,POLYGON,4,31.011424830055763,15.505712415027881,15.505712415027896,1.4210854715202004e-14,True,scipy_with_fraction_check,scipy_highs_with_fraction_check,,0.028699999802483944,2.20290000015666,0.23730000020805164,1.823199999762437,0.6677999999737949,0.2772000002551067,0.0007000003279244993,0.08529999968232005,0.12690000039583538,0.017899999875226058,0.02119999999194988,0.02390000008745119,0.06249999978535925
test_consistent_random_observations__144,test_consistent_random_observations,PASS,solve_q1,observations,4,4,8,8,5.366700000195124,POLYGON,5,28.681728902376182,14.340864451188091,14.340864451188095,3.552713678800501e-15,True,scipy_with_fraction_check,scipy_highs_with_fraction_check,,0.04689999968832126,2.5014000002556713,0.39409999999406864,1.944199999798002,1.7291999997723906,1.0090999999192718,0.0006999998731771484,0.6155999999464257,0.17789999992601224,0.025899999855028,0.028899999961140566,0.15740000026198686,0.08010000055946875
test_consistent_random_observations__145,test_consistent_random_observations,PASS,solve_q1,observations,3,3,6,6,5.348700000013196,POLYGON,5,26.891954524394816,13.445977262197408,14.377575624125836,0.9315983619284278,False,scipy_with_fraction_check,scipy_highs_with_fraction_check,,0.05650000002788147,4.041400000005524,0.2631999996083323,3.612699999848701,0.8042999997996958,0.3464999999778229,0.0007000003279244993,0.13029999990976648,0.13600000011138036,0.022499999886349542,0.025599999844416743,0.02949999998236308,0.10000000020227162
test_consistent_random_observations__146,test_consistent_random_observations,PASS,solve_q1,observations,4,4,8,8,4.456699999991542,POLYGON,5,18.626933282401094,9.313466641200547,10.161280450929183,0.8478138097286365,False,scipy_with_fraction_check,scipy_highs_with_fraction_check,,0.02930000027845381,2.772600000298553,0.42519999988144264,2.168599999095022,1.2805999999727646,0.2990999996654864,0.0006000000212225132,0.11799999992945231,0.09770000042408356,0.022499999886349542,0.02519999998185085,0.03329999981360743,0.07509999977628468
test_consistent_random_observations__147,test_consistent_random_observations,PASS,solve_q1,observations,3,3,6,6,3.378299999894807,POLYGON,5,16.28343874830061,8.141719374150306,10.020325876117752,1.8786065019674467,False,scipy_with_fraction_check,scipy_highs_with_fraction_check,,0.027999999929306796,2.199300000029325,0.24029999985941686,1.8176000012317672,0.6662999999207386,0.4181000003882218,0.0006999998731771484,0.1233000002685003,0.1909999996314582,0.0335000004270114,0.033799999982875306,0.03399999968678458,0.06659999962721486
test_consistent_random_observations__148,test_consistent_random_observations,PASS,solve_q1,observations,4,4,8,8,4.893600000286824,POLYGON,5,16.28343874830061,8.141719374150306,8.461997439298743,0.3202780651484378,False,scipy_with_fraction_check,scipy_highs_with_fraction_check,,0.027799999770650174,2.6420999997753825,0.426400000378635,2.0333999996182683,1.7702999998618907,0.3827999998975429,0.0008000001798791345,0.1320000001214794,0.146399999721325,0.027300000056129647,0.03569999989849748,0.03870000000461005,0.07060000098135788
test_consistent_random_observations__149,test_consistent_random_observations,PASS,solve_q1,observations,3,3,6,6,4.077999999935855,POLYGON,5,25.50987491365179,12.754937456825894,15.09940224474934,2.344464787923446,False,scipy_with_fraction_check,scipy_highs_with_fraction_check,,0.046099999963189475,2.9070999999021296,0.23080000028130598,2.5003000005199283,0.7264999999279098,0.32869999995455146,0.0006999998731771484,0.13230000013209064,0.1090999999178166,0.02519999998185085,0.0297000001410197,0.02969999968627235,0.06960000018807477
test_consistent_random_observations__150,test_consistent_random_observations,PASS,solve_q1,observations,4,4,8,8,4.47729999996227,POLYGON,6,20.417231311133513,10.208615655566756,10.4551442336223,0.2465285780555444,False,scipy_with_fraction_check,scipy_highs_with_fraction_check,,0.036299999919719994,2.472399999987829,0.40260000014313846,1.9037000001844717,1.4263999996728671,0.4659999999603315,0.0006000000212225132,0.18449999970471254,0.17139999999926658,0.03080000033151009,0.03440000000409782,0.042299999677197775,0.07620000042152242
test_consistent_random_observations__151,test_consistent_random_observations,PASS,solve_q1,observations,3,3,6,6,3.6830999997619074,POLYGON,6,30.782561073253586,15.391280536626793,16.05585177680175,0.664571240174956,False,scipy_with_fraction_check,scipy_highs_with_fraction_check,,0.03500000002532033,2.3264999999810243,0.2543000005061913,1.9187999992027471,0.7579000002806424,0.4725999997390318,0.0006000000212225132,0.1857000002019049,0.1837999998315354,0.031199999739328632,0.03390000028957729,0.035399999887886224,0.09109999973588856
test_consistent_random_observations__152,test_consistent_random_observations,PASS,solve_q1,observations,4,4,8,8,4.470399999718211,POLYGON,6,30.395780286786067,15.197890143393034,15.19789014339304,7.105427357601002e-15,True,scipy_with_fraction_check,scipy_highs_with_fraction_check,,0.03569999989849748,2.4795999997877516,0.3941999998460233,1.9162999992659024,1.3892000001760607,0.4876999996668019,0.0006000000212225132,0.18420000014884863,0.19609999981184956,0.029600000289065065,0.032899999951041536,0.04279999984646565,0.07820000018909923
test_consistent_random_observations__153,test_consistent_random_observations,PASS,solve_q1,observations,3,3,6,6,3.707200000008015,POLYGON,6,16.22981576796982,8.11490788398491,8.11490788398491,0.0,True,scipy_with_fraction_check,scipy_highs_with_fraction_check,,0.039600000036443816,2.4285999998028274,0.23060000012264936,2.0419000002220855,0.7130999997571053,0.4590000003190653,0.0006999998731771484,0.17870000010589138,0.18369999997958075,0.029399999675661093,0.03150000020468724,0.03329999981360743,0.06690000009257346
test_consistent_random_observations__154,test_consistent_random_observations,PASS,solve_q1,observations,4,4,8,8,4.526599999735481,POLYGON,7,15.66922215318764,7.83461107659382,8.24205703687934,0.4074459602855196,False,scipy_with_fraction_check,scipy_highs_with_fraction_check,,0.04269999999451102,2.5279999999838765,0.37760000031994423,1.9827000010081974,1.398700000208919,0.4781000002367364,0.0009000000318337698,0.22780000017519342,0.1339999998890562,0.03319999996165279,0.0349000001733657,0.0455999997939216,0.0790999993114383
test_consistent_random_observations__155,test_consistent_random_observations,PASS,solve_q1,observations,3,3,6,6,3.2993999998325307,POLYGON,3,14.531833146560603,7.265916573280301,10.978508424883996,3.712591851603695,False,scipy_with_fraction_check,scipy_highs_with_fraction_check,,0.03300000025774352,2.295499999945605,0.23469999996450497,1.9115999998575717,0.6844999998065759,0.22119999994174577,0.0007000003279244993,0.05499999997482519,0.10699999984353781,0.01340000017080456,0.020699999822682003,0.022600000193051528,0.06519999988086056
test_consistent_random_observations__156,test_consistent_random_observations,PASS,solve_q1,observations,4,4,8,8,4.548299999896699,POLYGON,3,5.042656613974294,2.521328306987147,3.9314127551999016,1.4100844482127548,False,scipy_with_fraction_check,scipy_highs_with_fraction_check,,0.04549999994196696,2.5767000001906126,0.39740000011079246,2.006599999276659,1.5975000001162698,0.24779999966995092,0.0006999998731771484,0.054800000270915916,0.1142999999501626,0.01720000000204891,0.02679999988686177,0.031799999760551145,0.08079999997789855
test_consistent_random_observations__157,test_consistent_random_observations,PASS,solve_q1,observations,3,3,6,6,3.450599999723636,POLYGON,5,24.743918081324423,12.371959040662212,12.371959040662224,1.2434497875801753e-14,True,scipy_with_fraction_check,scipy_highs_with_fraction_check,,0.031200000194075983,2.2982000000411063,0.2285999999003252,1.9212000001971319,0.7051000002320507,0.35049999996772385,0.0006000000212225132,0.11919999997189734,0.15149999990171636,0.02370000038354192,0.025800000003073364,0.02809999978126143,0.0655999992886791
test_consistent_random_observations__158,test_consistent_random_observations,PASS,solve_q1,observations,4,4,8,8,3.878399999848625,POLYGON,3,12.660570437339388,6.330285218669694,9.296109837786624,2.9658246191169297,False,scipy_with_fraction_check,scipy_highs_with_fraction_check,,0.031099999887373997,2.31969999958892,0.36620000037146383,1.8008000001827895,1.2682000001404958,0.18879999970522476,0.0007000003279244993,0.04849999959333218,0.08350000007339986,0.012100000276404899,0.018599999748403206,0.02390000008745119,0.07060000052661053
test_consistent_random_observations__159,test_consistent_random_observations,PASS,solve_q1,observations,3,3,6,6,3.445299999839335,POLYGON,5,23.86658576788942,11.93329288394471,15.065429420008051,3.132136536063342,False,scipy_with_fraction_check,scipy_highs_with_fraction_check,,0.029199999971751822,2.3707000000285916,0.3656999997474486,1.8556999998509127,0.6442999997489096,0.33710000025166664,0.0006000000212225132,0.11899999981324072,0.13940000008005882,0.02369999992879457,0.025100000129896216,0.027800000225397525,0.06399999983841553
test_consistent_random_observations__160,test_consistent_random_observations,PASS,solve_q1,observations,4,4,8,8,3.991799999766954,POLYGON,5,23.86658576788942,11.93329288394471,15.065429420008051,3.132136536063342,False,scipy_with_fraction_check,scipy_highs_with_fraction_check,,0.02900000026784255,2.3391999998239044,0.36039999986314797,1.8227999998998712,1.2090999998690677,0.3378000001248438,0.0006000000212225132,0.11450000010881922,0.1366999999845575,0.025499999992462108,0.02480000011928496,0.03429999969739583,0.0766999996812956
test_consistent_random_observations__161,test_consistent_random_observations,PASS,solve_q1,observations,3,3,6,6,3.900400000020454,POLYGON,4,25.581473800958232,12.790736900479116,15.957837228437715,3.1671003279585985,False,scipy_with_fraction_check,scipy_highs_with_fraction_check,,0.025499999992462108,2.6828999998542713,0.20820000008825446,2.3047000004225993,0.811500000054366,0.3220999997211038,0.0006999998731771484,0.10019999990618089,0.1370999998471234,0.022900000203662785,0.028200000087963417,0.03130000004603062,0.058400000398250995
test_consistent_random_observations__162,test_consistent_random_observations,PASS,solve_q1,observations,4,4,8,8,9.01270000031218,POLYGON,6,22.870502577644604,11.435251288822302,13.114006339519833,1.6787550506975304,False,scipy_with_fraction_check,scipy_highs_with_fraction_check,,0.050600000122358324,4.902399999991758,0.6786999992982601,3.881300001012278,2.823600000283477,1.1018999998668733,0.0012000000424450263,0.3749000002244429,0.4476999997677922,0.08819999993647798,0.08580000030633528,0.10049999991679215,0.13420000004771282
test_consistent_random_observations__163,test_consistent_random_observations,PASS,solve_q1,observations,3,3,6,6,6.6867000000456756,POLYGON,6,28.44783122999307,14.223915614996535,14.223915614996557,2.1316282072803006e-14,True,scipy_with_fraction_check,scipy_highs_with_fraction_check,,0.06000000030326191,4.4924999997419945,0.559999999950378,3.631200000654644,1.2549999996736005,0.7399000000987144,0.0008000001798791345,0.2878999998756626,0.30070000002524466,0.046800000291113975,0.04819999958272092,0.05330000021785963,0.13930000022810418
test_consistent_random_observations__164,test_consistent_random_observations,PASS,solve_q1,observations,4,4,8,8,4.441199999746459,POLYGON,6,16.049549728366415,8.024774864183208,8.395012830816738,0.37023796663353004,False,scipy_with_fraction_check,scipy_highs_with_fraction_check,,0.034300000152143184,2.5688000000627653,0.43750000031650416,1.9571999996514933,1.2918000002173358,0.4641000000447093,0.0006000000212225132,0.18309999995835824,0.18230000023322646,0.02949999998236308,0.029100000119797187,0.038099999983387534,0.0821999992695055
test_consistent_random_observations__165,test_consistent_random_observations,PASS,solve_q1,observations,3,3,6,6,3.3832999997684965,POLYGON,6,23.772736553421012,11.886368276710506,11.886368276710506,0.0,True,scipy_with_fraction_check,scipy_highs_with_fraction_check,,0.030899999728717376,2.1306000003278314,0.22530000023834873,1.7529999995531398,0.6976999998187239,0.466599999981554,0.0006000000212225132,0.17009999965011957,0.1940000001923181,0.03079999987676274,0.03500000002532033,0.03479999986666371,0.057499999911669875
test_consistent_random_observations__166,test_consistent_random_observations,PASS,solve_q1,observations,4,4,8,8,4.367900000033842,POLYGON,6,23.772736553421012,11.886368276710506,11.886368276710506,0.0,True,scipy_with_fraction_check,scipy_highs_with_fraction_check,,0.02629999971759389,2.397000000200933,0.3604000003178953,1.8694999998842832,1.3678999998774088,0.5024000001867535,0.0006999998731771484,0.17389999993611127,0.220400000216614,0.02969999968627235,0.03440000000409782,0.04200000012133387,0.07430000005115289
test_consistent_random_observations__167,test_consistent_random_observations,PASS,solve_q1,observations,3,3,6,6,3.1100000001060835,POLYGON,4,25.613012744259628,12.806506372129814,12.80650637212984,2.6645352591003757e-14,True,scipy_with_fraction_check,scipy_highs_with_fraction_check,,0.024500000108673703,2.1063000003778143,0.22099999978308915,1.749799999743118,0.6610999998883926,0.2620000000206346,0.0005000001692678779,0.0780000000304426,0.11899999981324072,0.018400000044493936,0.020899999981338624,0.023999999939405825,0.05609999971056823
test_consistent_random_observations__168,test_consistent_random_observations,PASS,solve_q1,observations,4,4,8,8,4.066999999849941,POLYGON,4,19.09083938013213,9.545419690066065,9.545419690066074,8.881784197001252e-15,True,scipy_with_fraction_check,scipy_highs_with_fraction_check,,0.03680000008898787,2.3934000000735978,0.37429999974847306,1.857199999903969,1.276500000130909,0.288899999759451,0.0006000000212225132,0.08590000015828991,0.1328999996985658,0.01810000003388268,0.021500000002561137,0.02859999995052931,0.07139999979699496
test_consistent_random_observations__169,test_consistent_random_observations,PASS,solve_q1,observations,3,3,6,6,3.220000000055734,POLYGON,5,21.0435559471971,10.52177797359855,12.701437817551831,2.1796598439532815,False,scipy_with_fraction_check,scipy_highs_with_fraction_check,,0.024599999960628338,2.0644999999603897,0.2096000002893561,1.7177999998239102,0.6930999998076004,0.3731000001607754,0.0006000000212225132,0.13400000034380355,0.15110000003915047,0.026199999865639256,0.02880000010918593,0.030899999728717376,0.06470000016634003
test_consistent_random_observations__170,test_consistent_random_observations,PASS,solve_q1,observations,4,4,8,8,4.913699999633536,POLYGON,7,21.0435559471971,10.52177797359855,12.701437817551831,2.1796598439532815,False,scipy_with_fraction_check,scipy_highs_with_fraction_check,,0.035399999887886224,2.7841999999509426,0.4839999996875122,2.1201999993536447,1.4584999998987769,0.5450999997265171,0.0005000001692678779,0.2393999998275831,0.19010000005437178,0.03349999997226405,0.037400000110210385,0.04279999984646565,0.0905000001694134
test_consistent_random_observations__171,test_consistent_random_observations,PASS,solve_q1,observations,3,3,6,6,3.303800000139745,POLYGON,6,21.91320695917051,10.956603479585254,10.956603479585269,1.4210854715202004e-14,True,scipy_with_fraction_check,scipy_highs_with_fraction_check,,0.03310000010969816,2.0850000000791624,0.2217999999629683,1.7262000001210254,0.694500000008702,0.4321999999774562,0.0005999995664751623,0.1710000001367007,0.1726000000417116,0.027300000056129647,0.02880000010918593,0.03059999971810612,0.05899999996472616
test_consistent_random_observations__172,test_consistent_random_observations,PASS,solve_q1,observations,4,4,8,8,4.464500000267435,POLYGON,6,19.904144780448533,9.952072390224266,10.085069966022342,0.13299757579807547,False,scipy_with_fraction_check,scipy_highs_with_fraction_check,,0.0359000000571541,2.51509999998234,0.450999999884516,1.8945000001622248,1.3555999998970947,0.456199999916862,0.0006999998731771484,0.17920000027515925,0.17979999984163442,0.027099999897473026,0.030300000162242213,0.03769999966607429,0.10170000041398453
test_consistent_random_observations__173,test_consistent_random_observations,PASS,solve_q1,observations,3,3,6,6,3.3183000000462926,POLYGON,6,31.75158382503002,15.87579191251501,15.87579191251502,8.881784197001252e-15,True,scipy_with_fraction_check,scipy_highs_with_fraction_check,,0.024300000404764432,2.090400000270165,0.20810000023629982,1.7275999998673797,0.6980000002840825,0.4409999996823899,0.0006000000212225132,0.16909999976633117,0.17969999998967978,0.028000000384054147,0.030199999855540227,0.0320999997711624,0.0645999994048907
test_consistent_random_observations__174,test_consistent_random_observations,PASS,solve_q1,observations,4,4,8,8,4.926999999952386,POLYGON,5,13.46589902881116,6.73294951440558,8.071725394475942,1.3387758800703624,False,scipy_with_fraction_check,scipy_highs_with_fraction_check,,0.026700000034907134,2.8196999996907834,0.3569000000425149,2.281099999891012,1.498100000389968,0.5025999998906627,0.0008000001798791345,0.12980000019524596,0.26809999963006703,0.030500000320898835,0.03220000007786439,0.03929999957108521,0.07989999994606478
test_consistent_random_observations__175,test_consistent_random_observations,PASS,solve_q1,observations,3,3,6,6,3.6134000001766253,POLYGON,6,18.47240467265363,9.236202336326816,11.643535223063191,2.4073328867363752,False,scipy_with_fraction_check,scipy_highs_with_fraction_check,,0.029599999834317714,2.426500000183296,0.31680000029155053,1.9685999995999737,0.7161000003179652,0.3758000002562767,0.0006000000212225132,0.17159999970317585,0.11260000019319705,0.027799999770650174,0.03060000017285347,0.031200000194075983,0.06539999958476983
test_consistent_random_observations__176,test_consistent_random_observations,PASS,solve_q1,observations,4,4,8,8,4.226999999900727,POLYGON,6,17.86918476743969,8.934592383719846,10.94162996469077,2.007037580970925,False,scipy_with_fraction_check,scipy_highs_with_fraction_check,,0.02629999971759389,2.403299999969022,0.36360000012791716,1.880300001175783,1.320800000030431,0.39740000011079246,0.0006000000212225132,0.17380000008415664,0.12599999990925426,0.027399999908084283,0.030300000162242213,0.03789999982473091,0.07920000007288763
test_consistent_random_observations__177,test_consistent_random_observations,PASS,solve_q1,observations,3,3,6,6,3.195199999936449,POLYGON,5,18.167080593364368,9.083540296682184,9.27266433895939,0.18912404227720536,False,scipy_with_fraction_check,scipy_highs_with_fraction_check,,0.024599999960628338,2.097799999773997,0.20660000018324354,1.7544000006637361,0.682899999901565,0.3334999996695842,0.0005000001692678779,0.11749999976018444,0.13910000006944756,0.0227999998969608,0.02500000027794158,0.02719999974942766,0.056400000630674185
test_consistent_random_observations__178,test_consistent_random_observations,PASS,solve_q1,observations,4,4,8,8,4.375600000003033,POLYGON,5,18.167080593364368,9.083540296682184,9.27266433895939,0.18912404227720536,False,scipy_with_fraction_check,scipy_highs_with_fraction_check,,0.029799999992974335,2.3080000000845757,0.3493000003800262,1.7971999991459597,1.252900000054069,0.7083999998940271,0.0006000000212225132,0.11959999983446323,0.4871000001003267,0.031200000194075983,0.02989999984492897,0.03860000015265541,0.07649999997738632
test_consistent_random_observations__179,test_consistent_random_observations,PASS,solve_q1,observations,3,3,6,6,3.572500000245782,POLYGON,6,26.421712805055996,13.210856402527998,17.77190923039144,4.561052827863442,False,scipy_with_fraction_check,scipy_highs_with_fraction_check,,0.033799999982875306,2.332300000034593,0.2407000001767301,1.9497999996929138,0.6919000002199027,0.44720000005327165,0.0006000000212225132,0.17500000012660166,0.17939999997906853,0.02769999991869554,0.03190000006725313,0.03130000004603062,0.06729999995513936
test_consistent_random_observations__180,test_consistent_random_observations,PASS,solve_q1,observations,4,4,8,8,4.6938000000409374,POLYGON,7,25.04011372687751,12.520056863438755,16.94851541681587,4.428458553377114,False,scipy_with_fraction_check,scipy_highs_with_fraction_check,,0.029400000130408444,2.537699999720644,0.40519999947719043,1.9664999999804422,1.4830000000074506,0.567600000067614,0.0005999995664751623,0.2455000003465102,0.18899999986388138,0.039200000173877925,0.042499999835854396,0.049000000217347406,0.07610000011482043
test_consistent_random_observations__181,test_consistent_random_observations,PASS,solve_q1,observations,3,3,6,6,3.811099999893486,POLYGON,6,22.049994419460035,11.024997209730017,14.442755728578629,3.4177585188486113,False,scipy_with_fraction_check,scipy_highs_with_fraction_check,,0.02769999991869554,2.5125999995907478,0.27139999974679085,2.0839999997406267,0.7421000000249478,0.4650999999284977,0.0006000000212225132,0.1843999998527579,0.18099999988407944,0.02990000029967632,0.03389999983482994,0.033799999982875306,0.06360000043059699
test_consistent_random_observations__182,test_consistent_random_observations,PASS,solve_q1,observations,4,4,8,8,4.784900000231573,POLYGON,4,18.841193792468655,9.420596896234327,13.794048885883573,4.373451989649245,False,scipy_with_fraction_check,scipy_highs_with_fraction_check,,0.03370000013092067,2.9503000000659085,0.39690000039627193,2.3641999996470986,1.3263999999253429,0.3966000003856607,0.0006999998731771484,0.08750000006330083,0.20589999985531904,0.02750000021478627,0.0328000000990869,0.040500000068277586,0.07789999972374062
test_consistent_random_observations__183,test_consistent_random_observations,PASS,solve_q1,observations,3,3,6,6,3.3065000002352463,POLYGON,4,17.593011423252317,8.796505711626159,12.017280709809127,3.220774998182968,False,scipy_with_fraction_check,scipy_highs_with_fraction_check,,0.02790000007735216,2.1744000000580854,0.21329999981389847,1.8166000008932315,0.7056999997985258,0.32749999991210643,0.0006000000212225132,0.08100000013655517,0.15050000001792796,0.026399999569548527,0.03200000037395512,0.03530000003593159,0.07100000038917642
test_consistent_random_observations__184,test_consistent_random_observations,PASS,solve_q1,observations,4,4,8,8,4.357899999831716,POLYGON,5,17.593011423252317,8.796505711626159,11.586180163874873,2.7896744522487147,False,scipy_with_fraction_check,scipy_highs_with_fraction_check,,0.031600000056641875,2.4858000001586333,0.3936000002795481,1.9278000004305795,1.3954999999441497,0.36860000000160653,0.0006000000212225132,0.12770000012096716,0.13239999998404528,0.03389999983482994,0.03220000007786439,0.040100000205711694,0.07639999967068434
test_consistent_random_observations__185,test_consistent_random_observations,PASS,solve_q1,observations,3,3,6,6,3.536400000029971,POLYGON,6,29.58859029290227,14.794295146451136,15.666215679622413,0.8719205331712772,False,scipy_with_fraction_check,scipy_highs_with_fraction_check,,0.029799999992974335,2.2709999998369312,0.22839999974166858,1.8927000000985572,0.7436999999299587,0.4281999999875552,0.0006000000212225132,0.178799999957846,0.15089999988049385,0.03060000017285347,0.03190000006725313,0.03389999983482994,0.06370000028255163
test_consistent_random_observations__186,test_consistent_random_observations,PASS,solve_q1,observations,4,4,8,8,4.190999999991618,POLYGON,6,26.447954010706965,13.223977005353483,15.708333124572306,2.4843561192188233,False,scipy_with_fraction_check,scipy_highs_with_fraction_check,,0.031200000194075983,2.394799999819952,0.3605000006245973,1.8779000001813984,1.249400000233436,0.4423000000315369,0.0006000000212225132,0.17520000028525828,0.16599999980826396,0.028899999961140566,0.031399999897985253,0.03870000000461005,0.07329999971261714
test_consistent_random_observations__187,test_consistent_random_observations,PASS,solve_q1,observations,3,3,6,6,3.58989999995174,POLYGON,4,27.2693152558022,13.6346576279011,20.206083190552533,6.571425562651433,False,scipy_with_fraction_check,scipy_highs_with_fraction_check,,0.027799999770650174,2.341400000204885,0.20869999980277498,1.968500001112261,0.85289999969973,0.30629999992015655,0.0006999998731771484,0.08870000010574586,0.14069999997445848,0.020700000277429353,0.02610000001368462,0.02769999991869554,0.061500000356318196
test_consistent_random_observations__188,test_consistent_random_observations,PASS,solve_q1,observations,4,4,8,8,4.2245000004186295,POLYGON,5,25.360129063609357,12.680064531804678,12.68006453180473,5.1514348342607263e-14,True,scipy_with_fraction_check,scipy_highs_with_fraction_check,,0.0341999998454412,2.4468999999953667,0.370699999621138,1.9125999992866127,1.3171999999030959,0.35260000004200265,0.0006000000212225132,0.11730000005627517,0.14979999969000346,0.023099999907572055,0.026700000034907134,0.033600000278966036,0.0736000006327231
test_consistent_random_observations__189,test_consistent_random_observations,PASS,solve_q1,observations,3,3,6,6,3.7646000000677304,POLYGON,6,32.095407317363275,16.047703658681638,16.04770365868164,3.552713678800501e-15,True,scipy_with_fraction_check,scipy_highs_with_fraction_check,,0.030299999707494862,2.520999999887863,0.22929999977350235,2.1358000003601774,0.6988000000092143,0.445900000158872,0.0006999998731771484,0.1695000000836444,0.1830000001064036,0.027600000066740904,0.030899999728717376,0.032700000247132266,0.06860000030428637
test_consistent_random_observations__190,test_consistent_random_observations,PASS,solve_q1,observations,4,4,8,8,4.540299999916897,POLYGON,7,32.095407317363275,16.047703658681638,16.04770365868164,3.552713678800501e-15,True,scipy_with_fraction_check,scipy_highs_with_fraction_check,,0.030000000151630957,2.4965000002339366,0.3913000000466127,1.931100000092556,1.341499999853113,0.5960999997114413,0.0006000000212225132,0.24200000007112976,0.2297000000908156,0.03530000003593159,0.03749999996216502,0.0494000000799133,0.07619999996677507
test_consistent_random_observations__191,test_consistent_random_observations,PASS,solve_q1,observations,3,3,6,6,3.222000000278058,POLYGON,4,18.55843083331396,9.27921541665698,11.240326457713197,1.961111041056217,False,scipy_with_fraction_check,scipy_highs_with_fraction_check,,0.02789999962260481,2.197999999680178,0.22249999983614543,1.8296000002919754,0.6748000000698084,0.25999999979831045,0.0006000000212225132,0.07950000008349889,0.11300000005576294,0.018599999748403206,0.02190000031987438,0.025099999675148865,0.06130000110715628
test_consistent_random_observations__192,test_consistent_random_observations,PASS,solve_q1,observations,4,4,8,8,4.318000000239408,POLYGON,4,16.359992017934047,8.179996008967024,9.527935892170273,1.3479398832032494,False,scipy_with_fraction_check,scipy_highs_with_fraction_check,,0.0341999998454412,2.5614999999561405,0.3905000003214809,1.9997999997940497,1.3580999998339394,0.2884000000449305,0.0006999998731771484,0.08879999995770049,0.11889999996128608,0.020500000118772732,0.025100000129896216,0.03229999992981902,0.07580000055895653
test_consistent_random_observations__193,test_consistent_random_observations,PASS,solve_q1,observations,3,3,6,6,3.5420999997768376,POLYGON,5,30.5646618518437,15.28233092592185,21.700051717882033,6.417720791960184,False,scipy_with_fraction_check,scipy_highs_with_fraction_check,,0.03210000022590975,2.326599999832979,0.2220999995188322,1.9524000003912079,0.7330999997066101,0.38230000018302235,0.0005000001692678779,0.13489999992088997,0.16310000000885339,0.02519999998185085,0.027300000056129647,0.0297000001410197,0.0679999998283165
test_consistent_random_observations__194,test_consistent_random_observations,PASS,solve_q1,observations,4,4,8,8,4.625900000064576,POLYGON,5,29.926100232289183,14.963050116144592,14.963050116144617,2.4868995751603507e-14,True,scipy_with_fraction_check,scipy_highs_with_fraction_check,,0.04020000005766633,2.805300000090938,0.4718999994111073,2.154099999643222,1.323099999808619,0.36160000036034035,0.0006000000212225132,0.1225999999405758,0.15260000009220676,0.023999999939405825,0.025899999855028,0.034499999856052455,0.09569999974701204
test_consistent_random_observations__195,test_consistent_random_observations,PASS,solve_q1,observations,3,3,6,6,3.864100000100734,POLYGON,3,23.61149311599478,11.80574655799739,16.787054456328583,4.981307898331194,False,scipy_with_fraction_check,scipy_highs_with_fraction_check,,0.034499999856052455,2.668999999968946,0.24540000003980822,2.2374000000127126,0.8395999998356274,0.2538999997341307,0.0008000001798791345,0.06320000011328375,0.12309999965509633,0.01610000026630587,0.022899999748915434,0.02610000001368462,0.06710000070597744
test_consistent_random_observations__196,test_consistent_random_observations,PASS,solve_q1,observations,4,4,8,8,3.860199999962788,POLYGON,3,23.61149311599478,11.80574655799739,16.787054456328583,4.981307898331194,False,scipy_with_fraction_check,scipy_highs_with_fraction_check,,0.028500000098574674,2.355299999635463,0.3744999994523823,1.8166999998356914,1.2058000002070912,0.19950000023527537,0.0006000000212225132,0.04889999991064542,0.09550000004310277,0.012299999980314169,0.017700000171316788,0.023300000066228677,0.0710999997863837
test_consistent_random_observations__197,test_consistent_random_observations,PASS,solve_q1,observations,3,3,6,6,3.3440000001974113,POLYGON,6,20.200666669200956,10.100333334600478,14.483456133250828,4.38312279865035,False,scipy_with_fraction_check,scipy_highs_with_fraction_check,,0.025100000129896216,2.142899999853398,0.2090000002681336,1.790799999525916,0.7029000003058172,0.416000000313943,0.0006000000212225132,0.16510000023117755,0.16209999967031763,0.02750000021478627,0.028500000098574674,0.03100000003541936,0.05709999959435663
test_consistent_random_observations__198,test_consistent_random_observations,PASS,solve_q1,observations,4,4,8,8,4.3563999997786595,POLYGON,7,20.200666669200956,10.100333334600478,14.406400681457223,4.306067346856745,False,scipy_with_fraction_check,scipy_highs_with_fraction_check,,0.031600000056641875,2.4109999999382126,0.3702999997585721,1.8733000001702749,1.3318999999683,0.5121000003782683,0.0006000000212225132,0.22669999998470303,0.1764000003277033,0.03169999990859651,0.0328000000990869,0.04269999999451102,0.06979999943723669
test_consistent_random_observations__199,test_consistent_random_observations,PASS,solve_q1,observations,3,3,6,6,3.3865000000332657,POLYGON,6,34.018791863941445,17.009395931970722,17.009395931970726,3.552713678800501e-15,True,scipy_with_fraction_check,scipy_highs_with_fraction_check,,0.03839999999399879,2.139100000022154,0.23640000017621787,1.7643999995016202,0.6914000000506348,0.45609999961016,0.000499999714520527,0.17139999999926658,0.19230000043535256,0.028499999643827323,0.030700000024808105,0.031399999897985253,0.061500000356318196
test_consistent_random_observations__200,test_consistent_random_observations,PASS,solve_q1,observations,4,4,8,8,4.009899999800837,POLYGON,5,24.934925538381624,12.467462769190812,13.727563865361734,1.2601010961709225,False,scipy_with_fraction_check,scipy_highs_with_fraction_check,,0.02610000001368462,2.3505999997723848,0.3774999995584949,1.8135999998776242,1.2501000001066132,0.3048999997190549,0.0005000001692678779,0.12109999988751952,0.10010000005422626,0.022400000034394907,0.025999999706982635,0.033400000120309414,0.07820000018909923
test_constant_constraints__001,test_constant_constraints,PASS,solve_halfplanes,halfplanes,,,1,,0.387600000067323,EMPTY,0,,,,,,scipy_with_fraction_check,not_run_or_early_return,0.34609999966050964,,,,,,,,,,,,,0.04150000040681334
test_constant_constraints__002,test_constant_constraints,PASS,solve_halfplanes,halfplanes,,,1,,0.29429999995045364,UNBOUNDED,0,Infinity,,,,,scipy_with_fraction_check,not_run_or_early_return,0.27150000005349284,,,,,,,,,,,,,0.0227999998969608
test_contradictory_parallel_constraints__001,test_contradictory_parallel_constraints,PASS,solve_halfplanes,halfplanes,,,2,2,0.6727999998474843,EMPTY,0,,,,,,scipy_with_fraction_check,scipy_highs_with_fraction_check,0.33450000000811997,,0.29429999995045364,0.02049999966402538,0.26450000041222665,,,,,,,,,0.04399999988891068
test_document_three_observations__001,test_document_three_observations,PASS,solve_q1,observations,3,3,6,6,3.1776999999237887,POLYGON,6,32.25187208460611,16.125936042303056,16.370309230688353,0.2443731883852962,False,scipy_with_fraction_check,scipy_highs_with_fraction_check,,0.025599999844416743,2.007699999921897,0.20050000011906377,1.6679000000294764,0.6849000001238892,0.4017999999632593,0.000499999714520527,0.16470000036861165,0.14669999973193626,0.027300000056129647,0.0297000001410197,0.031600000056641875,0.057700000070326496
test_document_two_observations__001,test_document_two_observations,PASS,solve_q1,observations,2,2,4,4,11.768300000312593,POLYGON,4,39.50834065898743,19.754170329493714,19.754170329493714,0.0,True,scipy_with_fraction_check,scipy_highs_with_fraction_check,,0.024599999960628338,11.166199999934179,0.079100000220933,10.95969999960289,0.268199999936769,0.2642999997988227,0.0006999998731771484,0.07869999990361976,0.12460000016289996,0.018199999885837315,0.02189999986512703,0.01900000006571645,0.045000000682193786
test_duplicate_and_permutation__001,test_duplicate_and_permutation,PASS,solve_q1,observations,2,2,4,4,2.7967000000899134,POLYGON,4,39.50834065898743,19.754170329493714,19.754170329493714,0.0,True,scipy_with_fraction_check,scipy_highs_with_fraction_check,,0.03400000014153193,2.1350999995775055,0.08579999985158793,1.913799999783805,0.2856999999494292,0.2810999999383057,0.0005000001692678779,0.08059999981924193,0.136099999963335,0.018900000213761814,0.023099999907572055,0.02010000025620684,0.06080000048314105
test_duplicate_and_permutation__002,test_duplicate_and_permutation,PASS,solve_q1,observations,4,2,8,4,2.5038000003405614,POLYGON,4,39.50834065898743,19.754170329493714,19.754170329493714,0.0,True,scipy_with_fraction_check,scipy_highs_with_fraction_check,,0.026900000193563756,1.8771999998534739,0.0808000004326459,1.6719000000193773,0.2690999999686028,0.27800000043498585,0.0006000000212225132,0.07880000021032174,0.13330000001587905,0.01990000009755022,0.023399999918183312,0.020699999822682003,0.052599999889935134
test_empty_observation_intersection__001,test_empty_observation_intersection,PASS,solve_q1,observations,2,2,4,4,0.4395999999360356,EMPTY,0,,,,,,scipy_with_fraction_check,scipy_highs_with_fraction_check,,0.023399999918183312,0.37179999981162837,0.1083999995898921,0.2540000000408327,,,,,,,,,0.04440000020622392
test_invalid_inputs__001,test_invalid_inputs,PASS,solve_q1,observations,0,0,,,0.00940000018090359,EXCEPTION,,,,,,,scipy_with_fraction_check,,,0.006600000233447645,,,,,,,,,,,,0.0027999999474559445
test_invalid_inputs__002,test_invalid_inputs,PASS,solve_q1,observations,1,1,,,0.010300000212737359,EXCEPTION,,,,,,,scipy_with_fraction_check,,,0.007999999979801942,,,,,,,,,,,,0.0023000002329354174
test_invalid_inputs__003,test_invalid_inputs,PASS,solve_q1,observations,1,1,,,0.02229999972769292,EXCEPTION,,,,,,,scipy_with_fraction_check,,,0.019899999642802868,,,,,,,,,,,,0.0024000000848900527
test_invalid_inputs__004,test_invalid_inputs,PASS,solve_q1,observations,1,1,,,0.022199999875738285,EXCEPTION,,,,,,,scipy_with_fraction_check,,,0.018600000203150557,,,,,,,,,,,,0.003599999672587728
test_invalid_inputs__005,test_invalid_inputs,PASS,solve_q1,observations,1,1,,,0.38440000025730114,EXCEPTION,,,,,,,scipy_with_fraction_check,,0.3661999999167165,,,,,,,,,,,,,0.018200000340584666
test_invalid_inputs__006,test_invalid_inputs,PASS,solve_q1,observations,1,1,,,0.3127999998469022,EXCEPTION,,,,,,,scipy_with_fraction_check,,0.2961000000141212,,,,,,,,,,,,,0.01669999983278103
test_invalid_inputs__007,test_invalid_inputs,PASS,solve_q1,observations,1,1,,,0.3102000000581029,EXCEPTION,,,,,,,scipy_with_fraction_check,,0.29379999978118576,,,,,,,,,,,,,0.016400000276917126
test_invalid_inputs__008,test_invalid_inputs,PASS,solve_q1,observations,1,1,,,0.3004000000146334,EXCEPTION,,,,,,,scipy_with_fraction_check,,0.2872999998544401,,,,,,,,,,,,,0.013100000160193304
test_invalid_inputs__009,test_invalid_inputs,PASS,solve_q1,observations,1,1,,,0.3056000000469794,EXCEPTION,,,,,,,scipy_with_fraction_check,,0.27940000018134015,,,,,,,,,,,,,0.026199999865639256
test_lp_numerical_failure_not_unbounded__001,test_lp_numerical_failure_not_unbounded,PASS,solve_q1,observations,2,2,4,4,0.1785999997991894,NUMERICAL_ISSUE,0,,,,,,mocked_linprog,scipy_highs_with_fraction_check,,0.024900000425986946,0.10820000034073018,0.08160000015777769,0.018899999759014463,,,,,,,,,0.04549999903247226
test_lp_uses_free_variables__001,test_lp_uses_free_variables,PASS,solve_q1,observations,1,1,2,2,0.09540000019114814,UNBOUNDED,0,Infinity,,,,,mocked_linprog,scipy_highs_with_fraction_check,,0.021400000150606502,0.043000000005122274,0.018900000213761814,0.016399999822169775,,,,,,,,,0.03100000003541936
test_near_parallel_not_discarded__001,test_near_parallel_not_discarded,PASS,solve_halfplanes,halfplanes,,,3,3,1.495599999998376,POLYGON,3,1000000000000.0,500000000000.0,500000000000.0,0.0,True,fraction_only,fraction_fourier_motzkin,0.28810000003431924,,0.036100000215810724,0.03189999961250578,,0.9541999997964012,0.16460000006190967,0.0006000000212225132,0.03229999992981902,0.07760000016787671,0.015099999927770114,0.017299999854003545,0.02010000025620684,0.052599999889935134
test_negative_coordinate_square__001,test_negative_coordinate_square,PASS,solve_halfplanes,halfplanes,,,4,4,2.5505999997221807,POLYGON,4,2.8284271247461903,1.4142135623730951,1.4142135623730951,0.0,True,scipy_with_fraction_check,scipy_highs_with_fraction_check,0.28620000011869706,,1.9302999999126769,0.030500000320898835,1.7621999995753868,0.1276999996662198,0.15260000009220676,0.0005999995664751623,0.043900000036956044,0.06400000029316288,0.011099999937869143,0.014400000054592965,0.017299999854003545,0.05379999993238016
test_point_and_segment_direct_constraints__001,test_point_and_segment_direct_constraints,PASS,solve_halfplanes,halfplanes,,,4,4,2.585599999747501,POINT,1,0.0,0.0,0.0,0.0,True,scipy_with_fraction_check,scipy_highs_with_fraction_check,0.28449999990698416,,2.102000000377302,0.029799999992974335,1.9354000005478156,0.14230000033421675,0.003600000127335079,0.0018999999156221747,,,,,,0.053199999001662945
test_point_and_segment_direct_constraints__002,test_point_and_segment_direct_constraints,PASS,solve_halfplanes,halfplanes,,,4,4,2.336199999717792,SEGMENT,2,2.0,1.0,1.0,0.0,True,scipy_with_fraction_check,scipy_highs_with_fraction_check,0.27780000027632923,,1.7901000001074863,0.03510000033202232,1.6338999998879444,0.130799999624287,0.08239999988290947,0.0005000001692678779,0.01829999973779195,0.042800000301213004,0.006399999620043673,0.0009000000318337698,0.012200000128359534,0.05509999982677982
test_single_observation_unbounded__001,test_single_observation_unbounded,PASS,solve_q1,observations,1,1,2,2,3.29650000003312,UNBOUNDED,0,Infinity,,,,,scipy_with_fraction_check,scipy_highs_with_fraction_check,,0.029299999823706457,3.2297000002472487,0.031399999897985253,3.138500000204658,,,,,,,,,0.03749999996216502
test_strip_unbounded_with_no_vertices__001,test_strip_unbounded_with_no_vertices,PASS,solve_halfplanes,halfplanes,,,2,2,1.69000000005326,UNBOUNDED,0,Infinity,,,,,scipy_with_fraction_check,scipy_highs_with_fraction_check,0.2984999996442639,,1.3469000000441156,0.019699999938893598,1.2545999998110346,,,,,,,,,0.04460000036488054
test_thin_polygon_not_merged_into_segment__001,test_thin_polygon_not_merged_into_segment,PASS,solve_halfplanes,halfplanes,,,4,4,0.7369999998445564,POLYGON,4,1.0,0.5,0.5,0.0,True,fraction_only,fraction_fourier_motzkin,0.2795000000332948,,0.04979999994247919,0.04570000010062358,,0.1449999999749707,0.2110000000357104,0.0005000001692678779,0.0525000000379805,0.09329999966212199,0.01810000003388268,0.021500000002561137,0.02369999992879457,0.051699999858101364
test_translation_and_rotation__001,test_translation_and_rotation,PASS,solve_q1,observations,2,2,4,4,2.621600000111357,POLYGON,4,39.50834065898743,19.754170329493714,19.754170329493714,0.0,True,scipy_with_fraction_check,scipy_highs_with_fraction_check,,0.02369999992879457,1.9263999997747305,0.08590000015828991,1.7158999994535407,0.33650000023044413,0.2847999999175954,0.0006000000212225132,0.08639999987281044,0.13469999976223335,0.01900000006571645,0.022200000330485636,0.020399999812070746,0.05020000025979243
test_translation_and_rotation__002,test_translation_and_rotation,PASS,solve_q1,observations,2,2,4,4,3.5981999999421532,POLYGON,4,39.50834065898741,19.754170329493704,19.754170329493785,8.171241461241152e-14,True,scipy_with_fraction_check,scipy_highs_with_fraction_check,,0.023099999907572055,1.9093000000793836,0.07980000009411015,1.708400000097754,1.3410000001385924,0.2806000002237852,0.0006000000212225132,0.08590000015828991,0.13209999997343402,0.01920000022437307,0.021999999717081664,0.01939999992828234,0.04419999959281995
test_translation_and_rotation__003,test_translation_and_rotation,PASS,solve_q1,observations,2,2,4,4,2.4903999997150095,POLYGON,4,39.50834065898749,19.754170329493746,19.754170329493746,0.0,True,scipy_with_fraction_check,scipy_highs_with_fraction_check,,0.022499999886349542,1.871700000265264,0.12329999981375295,1.6259000003628898,0.27730000010706135,0.2746999998635147,0.0006000000212225132,0.08509999997841078,0.12830000014218967,0.01849999989644857,0.02170000016121776,0.019099999917671084,0.04419999959281995
