case_id,test_name,test_outcome,entrypoint,input_kind,observation_count,unique_detection_point_count,constraint_count_input,constraint_count_solver,elapsed_ms,status,vertex_count,diameter,circle_radius,max_vertex_distance,coverage_excess,same_diameter_covers,backend_mode,backend,stage_config_ms,stage_build_halfplanes_ms,stage_classify_ms,stage_projection_bounds_ms,stage_linprog_ms,stage_vertices_ms,stage_measure_ms,stage_measure_setup_ms,stage_diameter_ms,stage_coverage_ms,stage_degeneracy_ms,stage_sort_vertices_ms,stage_residual_and_output_ms,stage_other_ms
test_angle_wrap_and_two_input_styles__001,test_angle_wrap_and_two_input_styles,PASS,solve_q1,observations,2,2,4,4,9.539299999232753,POLYGON,4,39.5083406589872,19.7541703294936,19.754170329493604,3.552713678800501e-15,True,scipy_with_fraction_check,scipy_highs_with_fraction_check,,0.25300000015704427,7.794400000420865,0.3079000016441569,7.310899998628884,0.8464000002277317,0.4055999997945037,0.0010000003385357559,0.10599999950500205,0.20670000048994552,0.028500000553322025,0.03370000013092067,0.027599999157246202,0.2398999986326089
test_angle_wrap_and_two_input_styles__002,test_angle_wrap_and_two_input_styles,PASS,solve_q1,observations,2,2,4,4,4.896799999187351,POLYGON,4,39.5083406589872,19.7541703294936,19.754170329493604,3.552713678800501e-15,True,scipy_with_fraction_check,scipy_highs_with_fraction_check,0.38379999932658393,0.021300000298651867,3.3552000004419824,0.23909999799798243,3.0482000001939014,0.7282000005943701,0.29939999876660295,0.0009000013960758224,0.10010000005422626,0.12489999971876387,0.02390000008745119,0.025999999706982635,0.021500000002561137,0.10889999975915998
test_consistent_random_observations__001,test_consistent_random_observations,PASS,solve_q1,observations,3,3,6,6,4.289500000595581,POLYGON,4,22.217638393864267,11.108819196932133,13.10623352407956,1.9974143271474265,False,scipy_with_fraction_check,scipy_highs_with_fraction_check,,0.05080000119050965,2.625500001158798,0.46179999844753183,2.2415999992517754,1.2122000007366296,0.3280000000813743,0.0006000009307172149,0.09189999946102034,0.1432999997632578,0.025400000595254824,0.03130000004603062,0.033599999369471334,0.07299999742826913
test_consistent_random_observations__002,test_consistent_random_observations,PASS,solve_q1,observations,4,4,8,8,4.62599999991653,POLYGON,5,20.83521363032694,10.41760681516347,12.111275110271798,1.6936682951083277,False,scipy_with_fraction_check,scipy_highs_with_fraction_check,,0.02919999860750977,2.5887000010698102,0.7321000011870638,2.0527000015135854,1.568399999086978,0.36539999928209,0.0006999998731771484,0.13609999950858764,0.1368000012007542,0.02519999907235615,0.027800000680144876,0.03730000025825575,0.0743000018701423
test_consistent_random_observations__003,test_consistent_random_observations,PASS,solve_q1,observations,3,3,6,6,4.297999999835156,POLYGON,6,30.04862541611205,15.024312708056025,16.885144174807255,1.8608314667512307,False,scipy_with_fraction_check,scipy_highs_with_fraction_check,,0.04830000034417026,2.500599999621045,0.44630000047618523,2.07340000088152,1.2301999995543156,0.4453000001376495,0.0006999998731771484,0.17149999985122122,0.17280000065511558,0.030299999707494862,0.032899999496294186,0.035400000342633575,0.07360000017797574
test_consistent_random_observations__004,test_consistent_random_observations,PASS,solve_q1,observations,4,4,8,8,4.511799999818322,POLYGON,4,18.4296311073659,9.21481555368295,12.824010371268423,3.6091948175854736,False,scipy_with_fraction_check,scipy_highs_with_fraction_check,,0.0366000003850786,2.5287999997090083,0.7487999992008554,1.9865999984176597,1.5779000004840782,0.29100000028847717,0.0006999998731771484,0.08419999903708231,0.1322999996773433,0.019799999790848233,0.022900001567904837,0.029699998776777647,0.07749999895168003
test_consistent_random_observations__005,test_consistent_random_observations,PASS,solve_q1,observations,3,3,6,6,3.9788999984011753,POLYGON,5,20.689194195656633,10.344597097828316,10.344597097828316,0.0,True,scipy_with_fraction_check,scipy_highs_with_fraction_check,,0.039399999877787195,2.276299999721232,0.4469999967113836,1.9185999990440905,1.206599999932223,0.38979999953880906,0.0006000009307172149,0.13239999861980323,0.16830000095069408,0.026699999580159783,0.029599999834317714,0.030700000934302807,0.06679999933112413
test_consistent_random_observations__006,test_consistent_random_observations,PASS,solve_q1,observations,4,4,8,8,4.799299998921924,POLYGON,6,19.632239331280147,9.816119665640073,9.816119665640105,3.197442310920451e-14,True,scipy_with_fraction_check,scipy_highs_with_fraction_check,,0.0396999985241564,2.493500000127824,0.7521000006818213,1.96479999794974,1.7438000013498822,0.4482000003918074,0.0006000009307172149,0.1691999987087911,0.1781999999366235,0.028200000087963417,0.031600000511389226,0.03889999970851932,0.07409999852825422
test_consistent_random_observations__007,test_consistent_random_observations,PASS,solve_q1,observations,3,3,6,6,3.683900000396534,POLYGON,4,27.108856643533624,13.554428321766812,22.29074433885397,8.736316017087157,False,scipy_with_fraction_check,scipy_highs_with_fraction_check,,0.038500000300700776,2.2567000014532823,0.451300002168864,1.8900999984907685,0.9933000001183245,0.33070000063162297,0.0006999998731771484,0.08479999996779952,0.17379999917466193,0.020200001017656177,0.023599999622092582,0.026300000172341242,0.06469999789260328
test_consistent_random_observations__008,test_consistent_random_observations,PASS,solve_q1,observations,4,4,8,8,4.367400000774069,POLYGON,4,27.108856643533624,13.554428321766812,22.29074433885397,8.736316017087157,False,scipy_with_fraction_check,scipy_highs_with_fraction_check,,0.030700000934302807,2.3032999997667503,0.7198999992397148,1.7862000004242873,1.6191000013350276,0.338400001055561,0.0007999988156370819,0.08560000060242601,0.12629999946511816,0.05710000004910398,0.0304000004689442,0.036100000215810724,0.07589999768242706
test_consistent_random_observations__009,test_consistent_random_observations,PASS,solve_q1,observations,3,3,6,6,4.509700000198791,POLYGON,5,24.936210746966673,12.468105373483336,13.790312456015865,1.322207082532529,False,scipy_with_fraction_check,scipy_highs_with_fraction_check,,0.029499999072868377,2.930799999376177,0.4118000015296275,2.3701999998593237,1.1457999989943346,0.3455000005487818,0.0005000001692678779,0.1460999992559664,0.11360000098648015,0.025699999241624027,0.028200000087963417,0.03000000106112566,0.05810000220662914
test_consistent_random_observations__010,test_consistent_random_observations,PASS,solve_q1,observations,4,4,8,8,4.723400001239497,POLYGON,4,23.405927302466317,11.702963651233159,14.22557584244861,2.522612191215451,False,scipy_with_fraction_check,scipy_highs_with_fraction_check,,0.03509999987727497,2.842199999577133,0.7557999997516163,2.2711000019626226,1.52429999980086,0.24449999909847975,0.0005999991117278114,0.0870000003487803,0.08659999912197236,0.017700000171316788,0.022100000933278352,0.029200000426499173,0.07730000288574956
test_consistent_random_observations__011,test_consistent_random_observations,PASS,solve_q1,observations,3,3,6,6,3.9496999997936655,POLYGON,4,24.567064058789537,12.283532029394769,17.189747299423043,4.906215270028275,False,scipy_with_fraction_check,scipy_highs_with_fraction_check,,0.03529999958118424,2.242699998532771,0.6620999974984443,1.8927000019175466,1.323299999057781,0.28469999961089343,0.0005999991117278114,0.08520000119460747,0.12900000001536682,0.01809999957913533,0.023299999156733975,0.026300000172341242,0.06370000301103573
test_consistent_random_observations__012,test_consistent_random_observations,PASS,solve_q1,observations,4,4,8,8,4.74459999895771,POLYGON,5,20.179809411474533,10.089904705737267,15.739791625222104,5.649886919484837,False,scipy_with_fraction_check,scipy_highs_with_fraction_check,,0.03189999915775843,2.7551000002858927,0.7334000001719687,2.2046999984013382,1.5451999988727039,0.3371999991941266,0.0005000001692678779,0.11749999976018444,0.13589999980467837,0.02320000021427404,0.02559999848017469,0.03300000025774352,0.07520000144722871
test_consistent_random_observations__013,test_consistent_random_observations,PASS,solve_q1,observations,3,3,6,6,3.571600000213948,POLYGON,4,16.30451157914354,8.15225578957177,11.980298852679946,3.8280430631081757,False,scipy_with_fraction_check,scipy_highs_with_fraction_check,,0.03239999932702631,2.115199999025208,0.4272999976819847,1.7614999997022096,1.1012000013579382,0.2590000003692694,0.000700001692166552,0.0824999988253694,0.11050000102841295,0.018400000044493936,0.020899999071843922,0.024599999960628338,0.06380000013450626
test_consistent_random_observations__014,test_consistent_random_observations,PASS,solve_q1,observations,4,4,8,8,4.896399999779533,POLYGON,5,16.092325748953094,8.046162874476547,11.84262705696514,3.7964641824885934,False,scipy_with_fraction_check,scipy_highs_with_fraction_check,,0.0349000001733657,2.3467999999411404,0.7476000009773998,1.8261000004713424,1.9898999998986255,0.452199999926961,0.0008999995770864189,0.15530000018770806,0.17900000057124998,0.033599999369471334,0.0366000003850786,0.04470000021683518,0.07259999983943999
test_consistent_random_observations__015,test_consistent_random_observations,PASS,solve_q1,observations,3,3,6,6,4.804199999853154,POLYGON,5,30.187578062550447,15.093789031275223,19.38501609985523,4.291227068580005,False,scipy_with_fraction_check,scipy_highs_with_fraction_check,,0.024700000722077675,2.871400000003632,0.6401000009645941,2.480900000591646,1.4734999986103503,0.37229999907140154,0.0006999998731771484,0.11730000005627517,0.15250000069499947,0.030100000003585592,0.032699999792384915,0.036899999031447805,0.06230000144569203
test_consistent_random_observations__016,test_consistent_random_observations,PASS,solve_q1,observations,4,4,8,8,5.137299998750677,POLYGON,5,23.882380565841423,11.941190282920711,15.47990021388992,3.5387099309692083,False,scipy_with_fraction_check,scipy_highs_with_fraction_check,,0.03479999941191636,2.442999999402673,0.7629000010638265,1.910300001327414,2.0610999999917112,0.5218000005697832,0.0012000000424450263,0.1585000009072246,0.2395999999862397,0.04090000038559083,0.03409999953873921,0.04509999962465372,0.07659999937459361
test_consistent_random_observations__017,test_consistent_random_observations,PASS,solve_q1,observations,3,3,6,6,5.174599999008933,POLYGON,4,22.436888193427947,11.218444096713974,14.766177723358174,3.5477336266442006,False,scipy_with_fraction_check,scipy_highs_with_fraction_check,,0.02769999991869554,3.616699999838602,0.5070000024716137,3.1800999986444367,1.1728000008588424,0.2920000006270129,0.0006999998731771484,0.08489999891025946,0.13360000048123766,0.02049999966402538,0.024800001483527012,0.025800000003073364,0.06539999776578043
test_consistent_random_observations__018,test_consistent_random_observations,PASS,solve_q1,observations,4,4,8,8,4.944199999954435,POLYGON,5,22.436888193427947,11.218444096713974,11.21844409671399,1.5987211554602254e-14,True,scipy_with_fraction_check,scipy_highs_with_fraction_check,,0.04149999949731864,2.514300000257208,0.783200002842932,1.960800002052565,1.8690999986574752,0.43880000157514587,0.0006999998731771484,0.12939999942318536,0.19240000074205454,0.033799999073380604,0.03600000127335079,0.04470000021683518,0.0804999999672873
test_consistent_random_observations__019,test_consistent_random_observations,PASS,solve_q1,observations,3,3,6,6,3.817200000412413,POLYGON,3,9.246267005690134,4.623133502845067,5.634110328343506,1.0109768254984388,False,scipy_with_fraction_check,scipy_highs_with_fraction_check,,0.03079999987676274,2.5593999998818617,0.44859999979962595,2.171900003304472,0.9828999991441378,0.17970000044442713,0.0005999991117278114,0.04930000068270601,0.07569999979750719,0.013099999705445953,0.0182999992830446,0.021100000594742596,0.06440000106522348
test_consistent_random_observations__020,test_consistent_random_observations,PASS,solve_q1,observations,4,4,8,8,4.1262000013375655,POLYGON,3,9.246267005690134,4.623133502845067,5.634110328343506,1.0109768254984388,False,scipy_with_fraction_check,scipy_highs_with_fraction_check,,0.038800000766059384,2.450699999826611,0.7737999985693023,1.8962999984069029,1.3644999999087304,0.1917000008688774,0.0006000009307172149,0.04789999911736231,0.0825000006443588,0.01359999987471383,0.019600000086938962,0.025800000003073364,0.0804999999672873
test_consistent_random_observations__021,test_consistent_random_observations,PASS,solve_q1,observations,3,3,6,6,3.9472000007663155,POLYGON,4,26.442952148004508,13.221476074002254,14.27129854739037,1.0498224733881152,False,scipy_with_fraction_check,scipy_highs_with_fraction_check,,0.04129999979340937,2.533900000344147,0.4669999980251305,2.1423999987746356,1.0247000009258045,0.27889999910257757,0.00799999907030724,0.0870000003487803,0.11029999950551428,0.0197000008483883,0.02479999966453761,0.027300000510877,0.0684000006003771
test_consistent_random_observations__022,test_consistent_random_observations,PASS,solve_q1,observations,4,4,8,8,4.689400000643218,POLYGON,4,17.23703770541595,8.618518852707975,12.988327921397024,4.369809068689049,False,scipy_with_fraction_check,scipy_highs_with_fraction_check,,0.042100000428035855,2.948100000139675,0.7828000016161241,2.3586999996041413,1.3657999988936353,0.25400000049558,0.0005999991117278114,0.0777000004745787,0.09839999984251335,0.019600000086938962,0.024400000256719068,0.03149999974993989,0.0794000006862916
test_consistent_random_observations__023,test_consistent_random_observations,PASS,solve_q1,observations,3,3,6,6,3.932800000256975,POLYGON,4,22.901170157771865,11.450585078885933,11.450585078885947,1.4210854715202004e-14,True,scipy_with_fraction_check,scipy_highs_with_fraction_check,,0.0427999984822236,2.433499999824562,0.45930000123917125,2.0507999979599845,1.0915000002569286,0.2899000010074815,0.000700001692166552,0.08419999903708231,0.13179999950807542,0.020700001186924055,0.024400000256719068,0.026399999114801176,0.07510000068577938
test_consistent_random_observations__024,test_consistent_random_observations,PASS,solve_q1,observations,4,4,8,8,4.743900000903523,POLYGON,4,22.901170157771865,11.450585078885933,11.450585078885947,1.4210854715202004e-14,True,scipy_with_fraction_check,scipy_highs_with_fraction_check,,0.04479999915929511,2.62029999976221,0.8329000011144672,2.0635000018955907,1.6274999998131534,0.3696000003401423,0.0010000003385357559,0.08989999878394883,0.17280000065511558,0.027800000680144876,0.03339999966556206,0.04269999953976367,0.08170000182872172
test_consistent_random_observations__025,test_consistent_random_observations,PASS,solve_q1,observations,3,3,6,6,4.328699998950469,POLYGON,6,27.042483552084324,13.521241776042162,13.521241776042165,3.552713678800501e-15,True,scipy_with_fraction_check,scipy_highs_with_fraction_check,,0.04769999941345304,2.5057000002561836,0.46720000318600796,2.099699999234872,1.226999998834799,0.47709999853395857,0.0008999995770864189,0.18010000167123508,0.19289999909233302,0.03079999987676274,0.034500000765547156,0.03589999869291205,0.0712000019120751
test_consistent_random_observations__026,test_consistent_random_observations,PASS,solve_q1,observations,4,4,8,8,4.56320000012056,POLYGON,6,23.07626034780428,11.53813017390214,12.427104819446122,0.888974645543982,False,scipy_with_fraction_check,scipy_highs_with_fraction_check,,0.04000000080850441,2.4462000001221895,0.7506999991164776,1.904300001115189,1.5920999994705198,0.4061999989062315,0.0008000006346264854,0.17280000065511558,0.1264000002265675,0.030199998946045525,0.032500000088475645,0.04199999966658652,0.07870000081311446
test_consistent_random_observations__027,test_consistent_random_observations,PASS,solve_q1,observations,3,3,6,6,4.198500000711647,POLYGON,5,26.043564992928037,13.021782496464018,13.021782496464045,2.6645352591003757e-14,True,scipy_with_fraction_check,scipy_highs_with_fraction_check,,0.05160000000614673,2.5401999992027413,0.46519999705196824,2.15099999877566,1.157299999249517,0.37650000012945384,0.0007999988156370819,0.128400000903639,0.161899999511661,0.025600000299164094,0.02789999962260481,0.03000000106112566,0.072900002123788
test_consistent_random_observations__028,test_consistent_random_observations,PASS,solve_q1,observations,4,4,8,8,4.4035000009898795,POLYGON,4,19.227330645630182,9.613665322815091,9.613665322815091,0.0,True,scipy_with_fraction_check,scipy_highs_with_fraction_check,,0.03369999831193127,2.575500000602915,0.7547000004706206,2.021000000240747,1.4351999998325482,0.28760000168404076,0.0006999998731771484,0.08380000144825317,0.1247000000148546,0.020899999071843922,0.024400000256719068,0.03119999928458128,0.0715000005584443
test_consistent_random_observations__029,test_consistent_random_observations,PASS,solve_q1,observations,3,3,6,6,3.5879999995813705,POLYGON,4,20.1296607114347,10.06483035571735,14.367509026165235,4.302678670447886,False,scipy_with_fraction_check,scipy_highs_with_fraction_check,,0.031800000215298496,2.2984000006545102,0.4292999983590562,1.9382000027690083,0.9726999996928498,0.22619999981543515,0.0005000001692678779,0.07589999950141646,0.08590000106778461,0.018400000044493936,0.020899999071843922,0.02330000097572338,0.05889999920327682
test_consistent_random_observations__030,test_consistent_random_observations,PASS,solve_q1,observations,4,4,8,8,4.222399998980109,POLYGON,4,20.1296607114347,10.06483035571735,14.367509026165235,4.302678670447886,False,scipy_with_fraction_check,scipy_highs_with_fraction_check,,0.03919999835488852,2.4259999991045333,0.7294000006368151,1.9006000002264045,1.4294000011432217,0.2519999998185085,0.0006000009307172149,0.08309999975608662,0.09370000043418258,0.019799999790848233,0.02209999911428895,0.031400000807479955,0.07580000055895653
test_consistent_random_observations__031,test_consistent_random_observations,PASS,solve_q1,observations,3,3,6,6,3.867800000080024,POLYGON,5,21.155216366145474,10.577608183072737,10.577608183072753,1.5987211554602254e-14,True,scipy_with_fraction_check,scipy_highs_with_fraction_check,,0.0289999989036005,2.2736000009899726,0.44349999734549783,1.9112999998469604,1.1407999991206452,0.3645999986474635,0.0005999991117278114,0.12820000119972974,0.15689999963797163,0.02409999979136046,0.025400000595254824,0.027999998565064743,0.059800002418342046
test_consistent_random_observations__032,test_consistent_random_observations,PASS,solve_q1,observations,4,4,8,8,4.564399998344015,POLYGON,6,16.14808659371456,8.07404329685728,8.19821205992348,0.12416876306619962,False,scipy_with_fraction_check,scipy_highs_with_fraction_check,,0.028500000553322025,2.447099999699276,0.7678999991185265,1.881999998659012,1.634499998544925,0.3797999997914303,0.0006000009307172149,0.1666999996814411,0.11549999908311293,0.027300000510877,0.030299999707494862,0.0380000001314329,0.07449999975506216
test_consistent_random_observations__033,test_consistent_random_observations,PASS,solve_q1,observations,3,3,6,6,3.958799999963958,POLYGON,6,19.567795610403557,9.783897805201779,9.783897805201779,0.0,True,scipy_with_fraction_check,scipy_highs_with_fraction_check,,0.04660000013245735,2.2282000008999603,0.4384000003483379,1.854099999036407,1.1491999994177604,0.46629999997094274,0.0005999991117278114,0.17660000048635993,0.18989999989571515,0.031100000342121348,0.032699999792384915,0.033799999073380604,0.06849999954283703
test_consistent_random_observations__034,test_consistent_random_observations,PASS,solve_q1,observations,4,4,8,8,4.6012999991944525,POLYGON,6,19.567795610403557,9.783897805201779,9.783897805201779,0.0,True,scipy_with_fraction_check,scipy_highs_with_fraction_check,,0.03020000076503493,2.3499999988416675,0.7635999991180142,1.8271999979333486,1.6961999990598997,0.4557000011118362,0.0005999991117278114,0.16789999972388614,0.18210000052931719,0.03060000017285347,0.0320999988616677,0.041000001147040166,0.06919999941601418
test_consistent_random_observations__035,test_consistent_random_observations,PASS,solve_q1,observations,3,3,6,6,3.8831000001664506,POLYGON,6,33.296676229903746,16.648338114951873,16.648338114951873,0.0,True,scipy_with_fraction_check,scipy_highs_with_fraction_check,,0.02789999962260481,2.24290000005567,0.4375000007712515,1.8713000008574454,1.12500000068394,0.42639999992388766,0.0005999991117278114,0.1635999997233739,0.17380000099365134,0.028000000384054147,0.028399999791872688,0.03079999987676274,0.06089999988034833
test_consistent_random_observations__036,test_consistent_random_observations,PASS,solve_q1,observations,4,4,8,8,4.323900000599679,POLYGON,5,18.03443480176642,9.01721740088321,9.758980307948145,0.7417629070649348,False,scipy_with_fraction_check,scipy_highs_with_fraction_check,,0.044099999286117963,2.403799999228795,0.7420999991154531,1.8630000013217796,1.4971000000514323,0.3013000005012145,0.0006999998731771484,0.11850000009872019,0.1002000008156756,0.022399999579647556,0.025100000129896216,0.033099999200203456,0.07760000153211877
test_consistent_random_observations__037,test_consistent_random_observations,PASS,solve_q1,observations,3,3,6,6,3.8948000001255423,POLYGON,5,29.430560528708686,14.715280264354343,14.715280264354346,3.552713678800501e-15,True,scipy_with_fraction_check,scipy_highs_with_fraction_check,,0.03710000055434648,2.357700001084595,0.45849999878555536,1.9809999994322425,1.0710000005929032,0.36249999902793206,0.0006999998731771484,0.12620000052265823,0.15859999984968454,0.023799999326001853,0.024800001483527012,0.02700000004551839,0.06649999886576552
test_consistent_random_observations__038,test_consistent_random_observations,PASS,solve_q1,observations,4,4,8,8,4.286399998818524,POLYGON,4,10.544068518967078,5.272034259483539,5.598583283384244,0.3265490239007045,False,scipy_with_fraction_check,scipy_highs_with_fraction_check,,0.027600000976235606,2.4210999999922933,0.7181999972090125,1.901700003145379,1.4934000009816373,0.27599999884841964,0.0006000009307172149,0.07870000081311446,0.12649999916902743,0.018000000636675395,0.022599999283556826,0.028200000087963417,0.06829999801993836
test_consistent_random_observations__039,test_consistent_random_observations,PASS,solve_q1,observations,3,3,6,6,3.6990999997215113,POLYGON,4,17.212272665764843,8.606136332882421,14.230868743170147,5.624732410287725,False,scipy_with_fraction_check,scipy_highs_with_fraction_check,,0.04529999932856299,2.220399999714573,0.4250999991199933,1.860600003055879,1.1180000001331791,0.2488999998604413,0.0008000006346264854,0.07510000068577938,0.10769999971671496,0.01849999898695387,0.020900000890833326,0.024200000552809797,0.06650000068475492
test_consistent_random_observations__040,test_consistent_random_observations,PASS,solve_q1,observations,4,4,8,8,5.89870000112569,POLYGON,4,17.212272665764843,8.606136332882421,14.230868743170147,5.624732410287725,False,scipy_with_fraction_check,scipy_highs_with_fraction_check,,0.04020000051241368,2.9562999989138916,0.917900000786176,2.3503000011260156,2.3320000000239816,0.48800000149640255,0.0008999995770864189,0.11640000047918875,0.19459999930404592,0.029799999538226984,0.03240000114601571,0.11110000014014076,0.0822000001790002
test_consistent_random_observations__041,test_consistent_random_observations,PASS,solve_q1,observations,3,3,6,6,5.21150000167836,POLYGON,5,23.42281576551974,11.71140788275987,11.71140788275987,0.0,True,scipy_with_fraction_check,scipy_highs_with_fraction_check,,0.051799999710056,3.1946999988576863,0.5866000010428252,2.676100000826409,1.419500000338303,0.45080000018060673,0.0006999998731771484,0.15300000086426735,0.19470000006549526,0.030900000638212077,0.033299998904112726,0.03570000080799218,0.09470000259170774
test_consistent_random_observations__042,test_consistent_random_observations,PASS,solve_q1,observations,4,4,8,8,6.318599998849095,POLYGON,6,23.42281576551974,11.71140788275987,11.71140788275987,0.0,True,scipy_with_fraction_check,scipy_highs_with_fraction_check,,0.0442000000475673,3.1490999990637647,0.9445000014238758,2.449800002068514,2.3378000005322974,0.6861000001663342,0.0008999995770864189,0.2382000002398854,0.295600000754348,0.043999998524668626,0.04660000013245735,0.058700001318356954,0.10139999903913122
test_consistent_random_observations__043,test_consistent_random_observations,PASS,solve_q1,observations,3,3,6,6,8.76070000049367,POLYGON,3,11.57141590678283,5.785707953391415,9.737700054650201,3.951992101258786,False,scipy_with_fraction_check,scipy_highs_with_fraction_check,,0.05650000093737617,5.740300000979914,1.051299999744515,4.88489999952435,2.374900001086644,0.45370000043476466,0.0015000005078036338,0.11900000026798807,0.20880000010947697,0.02970000059576705,0.04489999992074445,0.046799999836366624,0.13529999705497175
test_consistent_random_observations__044,test_consistent_random_observations,PASS,solve_q1,observations,4,4,8,8,5.644900000334019,POLYGON,4,11.564433577160434,5.782216788580217,9.44961523774773,3.6673984491675133,False,scipy_with_fraction_check,scipy_highs_with_fraction_check,,0.047500001528533176,3.4504000013839686,1.0645999991538702,2.635099999679369,1.7327000005025184,0.2992000008816831,0.0006999998731771484,0.09089999912248459,0.12740000056510326,0.020899999071843922,0.024900000425986946,0.032699999792384915,0.11509999603731558
test_consistent_random_observations__045,test_consistent_random_observations,PASS,solve_q1,observations,3,3,6,6,3.638199999841163,POLYGON,5,26.16949016307199,13.084745081535996,13.084745081535996,0.0,True,scipy_with_fraction_check,scipy_highs_with_fraction_check,,0.030700000934302807,2.1087999994051643,0.4251000009389827,1.7569000010553282,1.0646999999153195,0.3751999993255595,0.0006999998731771484,0.12789999891538173,0.1609999999345746,0.02660000063769985,0.028200000087963417,0.02950000089185778,0.05880000026081689
test_consistent_random_observations__046,test_consistent_random_observations,PASS,solve_q1,observations,4,4,8,8,4.644399999961024,POLYGON,5,24.753980463880698,12.376990231940349,12.376990231940349,0.0,True,scipy_with_fraction_check,scipy_highs_with_fraction_check,,0.028200000087963417,2.7104000000690576,0.7618999970873119,2.1171999960643006,1.4847000002191635,0.35320000097271986,0.0006000009307172149,0.12009999954898376,0.14940000073693227,0.02320000021427404,0.02519999907235615,0.03330000072310213,0.06789999861211982
test_consistent_random_observations__047,test_consistent_random_observations,PASS,solve_q1,observations,3,3,6,6,3.6038000016560545,POLYGON,4,26.12226229183838,13.06113114591919,18.469711911849167,5.408580765929978,False,scipy_with_fraction_check,scipy_highs_with_fraction_check,,0.025499999537714757,2.1940000005997717,0.44499999967229087,1.8201999992015772,1.0751999998319661,0.23800000053597614,0.0006000009307172149,0.08129999878292438,0.08900000102585182,0.018799999452312477,0.022300000637187622,0.024599999960628338,0.07110000115062576
test_consistent_random_observations__048,test_consistent_random_observations,PASS,solve_q1,observations,4,4,8,8,6.942100000742357,POLYGON,5,26.12226229183838,13.06113114591919,14.659043777974185,1.597912632054996,False,scipy_with_fraction_check,scipy_highs_with_fraction_check,,0.03999999898951501,3.5784000010607997,1.109400001951144,2.8392000021995045,2.704099999391474,0.5206999994697981,0.0010999992809956893,0.185500000952743,0.1885999990918208,0.045200000386103056,0.04509999962465372,0.052800000048591755,0.09890000183077063
test_consistent_random_observations__049,test_consistent_random_observations,PASS,solve_q1,observations,3,3,6,6,8.549100000891485,POLYGON,6,27.027300901021377,13.513650450510688,13.51365045051069,1.7763568394002505e-15,True,scipy_with_fraction_check,scipy_highs_with_fraction_check,,0.0638999990769662,5.103699999381206,0.9146000029431889,4.333299997597351,2.3772000004100846,0.8654000012029428,0.0012000000424450263,0.32110000029206276,0.3722000001289416,0.052800000048591755,0.058200001149089076,0.057499999456922524,0.13890000082028564
test_consistent_random_observations__050,test_consistent_random_observations,PASS,solve_q1,observations,4,4,8,8,5.09770000098797,POLYGON,6,27.027300901021377,13.513650450510688,13.51365045051069,1.7763568394002505e-15,True,scipy_with_fraction_check,scipy_highs_with_fraction_check,,0.04360000093583949,2.7687999991030665,0.864400000864407,2.124500000718399,1.7400000015186379,0.449799999842071,0.0007999988156370819,0.16940000023168977,0.18090000048687216,0.02809999932651408,0.03079999987676274,0.038300000596791506,0.09549999958835542
test_consistent_random_observations__051,test_consistent_random_observations,PASS,solve_q1,observations,3,3,6,6,3.88089999978547,POLYGON,6,19.16836247120864,9.58418123560432,9.584181235604321,1.7763568394002505e-15,True,scipy_with_fraction_check,scipy_highs_with_fraction_check,,0.03440000000409782,2.2100999995018356,0.43959999857179355,1.8428999992465833,1.139399999374291,0.43259999984002206,0.0006000009307172149,0.1658000001043547,0.17529999968246557,0.02829999903042335,0.02990000029967632,0.031200001103570685,0.06440000106522348
test_consistent_random_observations__052,test_consistent_random_observations,PASS,solve_q1,observations,4,4,8,8,4.508499998337356,POLYGON,5,19.13245016188425,9.566225080942125,9.566225080942147,2.1316282072803006e-14,True,scipy_with_fraction_check,scipy_highs_with_fraction_check,,0.03550000110408291,2.366999999139807,0.7210999992821598,1.8463999967934797,1.6214999996009283,0.4124000006413553,0.0006999998731771484,0.14449999980570283,0.17599999955564272,0.02620000122988131,0.026899999284069054,0.0366000003850786,0.0720999978511827
test_consistent_random_observations__053,test_consistent_random_observations,PASS,solve_q1,observations,3,3,6,6,4.187200000160374,POLYGON,6,20.640998148375722,10.320499074187861,10.83522584747656,0.5147267732886984,False,scipy_with_fraction_check,scipy_highs_with_fraction_check,,0.03780000042752363,2.3903999990579905,0.4614000026776921,2.0107999989704695,1.2434999989636708,0.44610000077227596,0.0006000009307172149,0.1722999986668583,0.1799000001483364,0.027900001441594213,0.0320999988616677,0.03169999945384916,0.06940000093891285
test_consistent_random_observations__054,test_consistent_random_observations,PASS,solve_q1,observations,4,4,8,8,4.605999998602783,POLYGON,6,19.3220843499491,9.66104217497455,9.88734038608564,0.2262982111110894,False,scipy_with_fraction_check,scipy_highs_with_fraction_check,,0.03310000101919286,2.455900001223199,0.7501999989472097,1.9016999995074002,1.5899999998509884,0.4487999995035352,0.0005000001692678779,0.16909999976633117,0.18029999955615494,0.02789999962260481,0.03060000017285347,0.039000000469968654,0.07819999700586777
test_consistent_random_observations__055,test_consistent_random_observations,PASS,solve_q1,observations,3,3,6,6,3.988700000263634,POLYGON,4,26.501167804557774,13.250583902278887,13.250583902278898,1.0658141036401503e-14,True,scipy_with_fraction_check,scipy_highs_with_fraction_check,,0.034199998481199145,2.378099999987171,0.4808999983652029,1.9838999996864004,1.2193000002298504,0.29150000045774505,0.0005999991117278114,0.0835999999253545,0.13390000094659626,0.02080000012938399,0.023499998860643245,0.027400001272326335,0.0656000011076685
test_consistent_random_observations__056,test_consistent_random_observations,PASS,solve_q1,observations,4,4,8,8,4.905400001007365,POLYGON,5,22.805573939008273,11.402786969504136,11.402786969504136,0.0,True,scipy_with_fraction_check,scipy_highs_with_fraction_check,,0.0394000016967766,2.671599999302998,0.7904999984020833,2.129599997715559,1.7576000009285053,0.3628999984357506,0.0006000009307172149,0.12520000018412247,0.15359999997599516,0.023399999918183312,0.025499999537714757,0.03300000025774352,0.07390000064333435
test_consistent_random_observations__057,test_consistent_random_observations,PASS,solve_q1,observations,3,3,6,6,4.176700000243727,POLYGON,6,23.313649856317966,11.656824928158983,12.642625586619552,0.985800658460569,False,scipy_with_fraction_check,scipy_highs_with_fraction_check,,0.04760000047099311,2.3112999988370575,0.42969999958586413,1.9483999985823175,1.2655999998969492,0.47900000026857015,0.0005999991117278114,0.17840000145952217,0.19489999976940453,0.033799999073380604,0.03590000051190145,0.03409999953873921,0.0732000007701572
test_consistent_random_observations__058,test_consistent_random_observations,PASS,solve_q1,observations,4,4,8,8,4.7857000008662,POLYGON,6,17.74052334003286,8.87026167001643,9.003924806230152,0.13366313621372328,False,scipy_with_fraction_check,scipy_highs_with_fraction_check,,0.02829999903042335,2.479700000549201,0.7427000018651597,1.9454999983281596,1.744900000630878,0.4609000006894348,0.0004999983502784744,0.1838000007410301,0.1685999995970633,0.030700000934302807,0.033599999369471334,0.042300000131945126,0.07189999996626284
test_consistent_random_observations__059,test_consistent_random_observations,PASS,solve_q1,observations,3,3,6,6,4.18089999948279,POLYGON,6,24.78525038879993,12.392625194399965,16.236553279870343,3.8439280854703775,False,scipy_with_fraction_check,scipy_highs_with_fraction_check,,0.04099999932805076,2.3944000004121335,0.4465000019990839,2.024199999141274,1.2378000010357937,0.44549999984155875,0.0006000009307172149,0.1823999991756864,0.16970000069704838,0.028200000087963417,0.03159999869239982,0.031600000511389226,0.06219999886525329
test_consistent_random_observations__060,test_consistent_random_observations,PASS,solve_q1,observations,4,4,8,8,4.708899999968708,POLYGON,4,18.306402758889053,9.153201379444527,11.216273141037888,2.0630717615933616,False,scipy_with_fraction_check,scipy_highs_with_fraction_check,,0.035400000342633575,2.8151999995316146,0.9375000008731149,2.094699997542193,1.4988999992056051,0.2831999991030898,0.0006999998731771484,0.08639999941806309,0.12040000001434237,0.018300001102034003,0.024400000256719068,0.03119999928458128,0.07620000178576447
test_consistent_random_observations__061,test_consistent_random_observations,PASS,solve_q1,observations,3,3,6,6,4.30190000042785,POLYGON,5,19.613576799317446,9.806788399658723,11.905041925636667,2.0982535259779436,False,scipy_with_fraction_check,scipy_highs_with_fraction_check,,0.0397000003431458,2.412699999695178,0.461199999335804,2.0315000001573935,1.2686000009125564,0.5115000003570458,0.0008000006346264854,0.21579999884124845,0.19220000103814527,0.031600000511389226,0.033499998608022,0.035799999750452116,0.06939999911992345
test_consistent_random_observations__062,test_consistent_random_observations,PASS,solve_q1,observations,4,4,8,8,5.797200001325109,POLYGON,6,19.613576799317446,9.806788399658723,11.905041925636667,2.0982535259779436,False,scipy_with_fraction_check,scipy_highs_with_fraction_check,,0.11850000009872019,3.1358999985968694,0.801200001660618,2.5521999996271916,1.8970999990415294,0.5010000004403992,0.0008000006346264854,0.17300000035902485,0.21159999960218556,0.035799999750452116,0.03459999970800709,0.04340000123193022,0.1447000031475909
test_consistent_random_observations__063,test_consistent_random_observations,PASS,solve_q1,observations,3,3,6,6,3.77680000019609,POLYGON,3,27.501756484920143,13.750878242460072,21.756944316203334,8.006066073743263,False,scipy_with_fraction_check,scipy_highs_with_fraction_check,,0.028500000553322025,2.360299999054405,0.4496000001381617,1.9785000004048925,1.1266999990766635,0.1962000005732989,0.0005999991117278114,0.04810000064026099,0.0901000003068475,0.013799999578623101,0.0197000008483883,0.022199999875738285,0.06510000093840063
test_consistent_random_observations__064,test_consistent_random_observations,PASS,solve_q1,observations,4,4,8,8,4.866200000833487,POLYGON,4,27.308153297295792,13.654076648647896,21.576154414551368,7.922077765903472,False,scipy_with_fraction_check,scipy_highs_with_fraction_check,,0.03749999996216502,2.8198999989399454,0.7646999983990099,2.2677999986626673,1.6426999991381308,0.2875000009225914,0.0006000009307172149,0.08299999899463728,0.12550000064948108,0.02069999936793465,0.024100001610349864,0.03219999962311704,0.07860000187065452
test_consistent_random_observations__065,test_consistent_random_observations,PASS,solve_q1,observations,3,3,6,6,3.6884000001009554,POLYGON,4,22.910479182973717,11.455239591486858,14.480793803952906,3.025554212466048,False,scipy_with_fraction_check,scipy_highs_with_fraction_check,,0.033299998904112726,2.308499999344349,0.43170000208192505,1.9363999999768566,1.003199999104254,0.2789999998640269,0.0006999998731771484,0.08419999903708231,0.12129999959142879,0.0197000008483883,0.025600000299164094,0.025999999706982635,0.06440000288421288
test_consistent_random_observations__066,test_consistent_random_observations,PASS,solve_q1,observations,4,4,8,8,4.6000999991520075,POLYGON,4,22.910479182973717,11.455239591486858,14.480793803952906,3.025554212466048,False,scipy_with_fraction_check,scipy_highs_with_fraction_check,,0.0411000000895001,2.8364000008878065,0.7360000017797574,2.2876000020914944,1.3832999993610429,0.26169999910052866,0.0006000009307172149,0.07860000005166512,0.11089999861724209,0.018000000636675395,0.02350000067963265,0.028399999791872688,0.07759999971312936
test_consistent_random_observations__067,test_consistent_random_observations,PASS,solve_q1,observations,3,3,6,6,4.270600000381819,POLYGON,6,23.685923450406495,11.842961725203248,12.485129755085659,0.6421680298824111,False,scipy_with_fraction_check,scipy_highs_with_fraction_check,,0.04470000021683518,2.3806000008335104,0.5099000009067822,1.9983999991382007,1.2962999990122626,0.4806000015378231,0.000700001692166552,0.17909999951370992,0.19749999955820385,0.030700000934302807,0.03409999953873921,0.036499999623629265,0.0683999987813877
test_consistent_random_observations__068,test_consistent_random_observations,PASS,solve_q1,observations,4,4,8,8,5.956000000878703,POLYGON,6,23.685923450406495,11.842961725203248,12.485129755085659,0.6421680298824111,False,scipy_with_fraction_check,scipy_highs_with_fraction_check,,0.03409999953873921,3.6517999997158768,1.4694000019517262,2.388799999607727,1.7525000002933666,0.4398000000946922,0.0006999998731771484,0.17579999985173345,0.15979999989212956,0.029000000722589903,0.03199999991920777,0.04079999962414149,0.07780000123602804
test_consistent_random_observations__069,test_consistent_random_observations,PASS,solve_q1,observations,3,3,6,6,4.234499998347019,POLYGON,6,29.232435042508126,14.616217521254063,15.951188646296263,1.3349711250422,False,scipy_with_fraction_check,scipy_highs_with_fraction_check,,0.04330000047048088,2.3247999997693114,0.45819999832019676,1.9497000012052013,1.3037999997322913,0.49480000052426476,0.0008000006346264854,0.17830000069807284,0.19699999938893598,0.03529999958118424,0.03780000042752363,0.04350000017439015,0.06779999785067048
test_consistent_random_observations__070,test_consistent_random_observations,PASS,solve_q1,observations,4,4,8,8,4.831300000660121,POLYGON,6,28.159568871784522,14.079784435892261,14.370238372068785,0.29045393617652415,False,scipy_with_fraction_check,scipy_highs_with_fraction_check,,0.03619999915827066,2.567200001067249,0.7731999994575744,2.017900002101669,1.7232000009244075,0.4275999999663327,0.0005999991117278114,0.1778999994712649,0.14290000035543926,0.029400000130408444,0.03300000025774352,0.042100000428035855,0.07709999954386149
test_consistent_random_observations__071,test_consistent_random_observations,PASS,solve_q1,observations,3,3,6,6,4.224899999826448,POLYGON,6,34.37106650367972,17.18553325183986,17.185533251839885,2.4868995751603507e-14,True,scipy_with_fraction_check,scipy_highs_with_fraction_check,,0.04509999962465372,2.4266999989777105,0.4499000006035203,2.059999998891726,1.2279999991733348,0.46189999920898117,0.0006999998731771484,0.173700000232202,0.1888999995571794,0.030900000638212077,0.03259999903093558,0.03389999983482994,0.06320000284176785
test_consistent_random_observations__072,test_consistent_random_observations,PASS,solve_q1,observations,4,4,8,8,5.032000000937842,POLYGON,6,18.940515556184263,9.470257778092131,11.807226706537218,2.3369689284450867,False,scipy_with_fraction_check,scipy_highs_with_fraction_check,,0.03930000093532726,2.5996999993367353,0.7765999980620109,2.0573000019794563,1.8749999999272404,0.44490000072983094,0.0006999998731771484,0.17070000103558414,0.17389999993611127,0.028500000553322025,0.030100000003585592,0.03929999911633786,0.07310000000870787
test_consistent_random_observations__073,test_consistent_random_observations,PASS,solve_q1,observations,3,3,6,6,4.256100000930019,POLYGON,5,20.50021025576835,10.250105127884176,10.702091804762697,0.451986676878521,False,scipy_with_fraction_check,scipy_highs_with_fraction_check,,0.03169999945384916,2.4819000009301817,0.4532000002654968,2.1006999995734077,1.2931000001117354,0.3778000009333482,0.0007999988156370819,0.1385000014124671,0.15279999934136868,0.024499999199179,0.028200000087963417,0.031100000342121348,0.07159999950090423
test_consistent_random_observations__074,test_consistent_random_observations,PASS,solve_q1,observations,4,4,8,8,4.735799999252777,POLYGON,6,20.50021025576835,10.250105127884176,10.493607449875348,0.24350232199117272,False,scipy_with_fraction_check,scipy_highs_with_fraction_check,,0.04439999975147657,2.462699998432072,0.7688000023335917,1.9150999978592154,1.71050000062678,0.4348999991634628,0.0006999998731771484,0.17910000133269932,0.15609999900334515,0.028399999791872688,0.03000000106112566,0.03929999911633786,0.08330000127898529
test_consistent_random_observations__075,test_consistent_random_observations,PASS,solve_q1,observations,3,3,6,6,4.334700000981684,POLYGON,6,26.153691291495313,13.076845645747657,18.006338139936368,4.929492494188711,False,scipy_with_fraction_check,scipy_highs_with_fraction_check,,0.036100000215810724,2.3247999997693114,0.4208999998809304,1.9679999986692565,1.3963999990664888,0.5169999985810136,0.0006000009307172149,0.18249999993713573,0.22619999981543515,0.03680000008898787,0.032899999496294186,0.036299999919719994,0.06040000334905926
test_consistent_random_observations__076,test_consistent_random_observations,PASS,solve_q1,observations,4,4,8,8,4.510199998549069,POLYGON,5,23.89694708567158,11.94847354283579,11.94847354283579,0.0,True,scipy_with_fraction_check,scipy_highs_with_fraction_check,,0.031100000342121348,2.4689000001671957,0.7430999994539889,1.952799999344279,1.5875999997660983,0.34899999991466757,0.0006000009307172149,0.11679999988700729,0.1480999999330379,0.023999999029911123,0.025299999833805487,0.03280000055383425,0.07359999835898634
test_consistent_random_observations__077,test_consistent_random_observations,PASS,solve_q1,observations,3,3,6,6,4.202000000077533,POLYGON,5,22.85584481912781,11.427922409563905,14.443539326102059,3.0156169165381534,False,scipy_with_fraction_check,scipy_highs_with_fraction_check,,0.024200000552809797,2.116700001352001,0.4411000008985866,1.7653000031714328,1.5466999993805075,0.45789999967382755,0.0006000009307172149,0.12959999912709463,0.22279999939200934,0.02600000152597204,0.029099999665049836,0.04809999882127158,0.05649999911838677
test_consistent_random_observations__078,test_consistent_random_observations,PASS,solve_q1,observations,4,4,8,8,4.3428999997559,POLYGON,5,20.079376434589125,10.039688217294563,12.715990388422426,2.6763021711278636,False,scipy_with_fraction_check,scipy_highs_with_fraction_check,,0.03369999831193127,2.3105000000214204,0.7480000022042077,1.7779000008886214,1.5693000004830537,0.35630000093078706,0.0005000001692678779,0.11810000069090165,0.15390000044135377,0.023399999918183312,0.025999999706982635,0.033099999200203456,0.07310000000870787
test_consistent_random_observations__079,test_consistent_random_observations,PASS,solve_q1,observations,3,3,6,6,3.796400000283029,POLYGON,5,23.599418860013905,11.799709430006953,12.094476571657177,0.2947671416502242,False,scipy_with_fraction_check,scipy_highs_with_fraction_check,,0.03179999839630909,2.1999999989930075,0.43709999590646476,1.8498999997973442,1.1726000011549331,0.3358000012667617,0.0006999998731771484,0.12870000136899762,0.12389999938022811,0.025600000299164094,0.025999999706982635,0.02950000089185778,0.056200000472017564
test_consistent_random_observations__080,test_consistent_random_observations,PASS,solve_q1,observations,4,4,8,8,4.424700000527082,POLYGON,5,22.712282643557256,11.356141321778628,11.356141321778631,3.552713678800501e-15,True,scipy_with_fraction_check,scipy_highs_with_fraction_check,,0.026300000172341242,2.343599999221624,0.7434999988618074,1.828499998737243,1.6054999996413244,0.3797000008489704,0.0005999991117278114,0.12480000077630393,0.1615999990463024,0.02600000152597204,0.026199999410891905,0.03680000008898787,0.06960000064282212
test_consistent_random_observations__081,test_consistent_random_observations,PASS,solve_q1,observations,3,3,6,6,3.837000000203261,POLYGON,6,32.289195351864606,16.144597675932303,16.144597675932314,1.0658141036401503e-14,True,scipy_with_fraction_check,scipy_highs_with_fraction_check,,0.025299999833805487,2.1099999994476093,0.42100000064237975,1.762399999279296,1.1802000008174218,0.46459999975922983,0.0005000001692678779,0.1706000002741348,0.19489999976940453,0.030299999707494862,0.0335000004270114,0.0335000004270114,0.05690000034519471
test_consistent_random_observations__082,test_consistent_random_observations,PASS,solve_q1,observations,4,4,8,8,4.538499999398482,POLYGON,6,26.3166136858927,13.15830684294635,13.39473235983642,0.23642551689006908,False,scipy_with_fraction_check,scipy_highs_with_fraction_check,,0.026499999876250513,2.3277000000234693,0.7688999994570622,1.8155000016122358,1.680100000157836,0.4305000002204906,0.0006000009307172149,0.1666999996814411,0.16659999891999178,0.027600000976235606,0.029599999834317714,0.03819999983534217,0.07369999912043568
test_consistent_random_observations__083,test_consistent_random_observations,PASS,solve_q1,observations,3,3,6,6,3.698200000144425,POLYGON,4,17.528363083493996,8.764181541746998,11.130370220725672,2.3661886789786735,False,scipy_with_fraction_check,scipy_highs_with_fraction_check,,0.02660000063769985,2.3356000001513166,0.4300999989936827,1.9731999964278657,1.0474999999132706,0.2238000015495345,0.0005000001692678779,0.07519999962823931,0.08510000043315813,0.018200000340584666,0.020399998902576044,0.02320000021427404,0.06469999789260328
test_consistent_random_observations__084,test_consistent_random_observations,PASS,solve_q1,observations,4,4,8,8,4.34049999967101,POLYGON,5,17.528363083493996,8.764181541746998,9.469959750907634,0.7057782091606359,False,scipy_with_fraction_check,scipy_highs_with_fraction_check,,0.026300000172341242,2.2683999995933846,0.7537999990745448,1.7606000019441126,1.678499998888583,0.29910000012023374,0.0006000009307172149,0.11470000026747584,0.10119999933522195,0.02300000051036477,0.02499999936844688,0.03339999966556206,0.06820000089646783
test_consistent_random_observations__085,test_consistent_random_observations,PASS,solve_q1,observations,3,3,6,6,3.824999999778811,POLYGON,6,32.314230614523254,16.157115307261627,16.157115307261634,7.105427357601002e-15,True,scipy_with_fraction_check,scipy_highs_with_fraction_check,,0.02700000004551839,2.0892000011372147,0.4162999994150596,1.7464000011386815,1.194700000269222,0.45419999878504314,0.0005000001692678779,0.1658000001043547,0.19459999930404592,0.029000000722589903,0.031400000807479955,0.03159999869239982,0.059899999541812576
test_consistent_random_observations__086,test_consistent_random_observations,PASS,solve_q1,observations,4,4,8,8,6.036100001438172,POLYGON,6,32.314230614523254,16.157115307261627,16.157115307261634,7.105427357601002e-15,True,scipy_with_fraction_check,scipy_highs_with_fraction_check,,0.043000000005122274,3.5910999995394377,0.886499999978696,2.91309999920486,1.7731999996613013,0.5194000004848931,0.0005999991117278114,0.17560000014782418,0.20980000044801272,0.03909999941242859,0.04179999996267725,0.05090000013296958,0.10940000174741726
test_consistent_random_observations__087,test_consistent_random_observations,PASS,solve_q1,observations,3,3,6,6,4.287499999918509,POLYGON,4,31.775242378748,15.887621189374,20.00510059847413,4.117479409100129,False,scipy_with_fraction_check,scipy_highs_with_fraction_check,,0.027800000680144876,2.778599999146536,0.4890000000159489,2.3579000007885043,1.1606999996729428,0.2537000000302214,0.0006000009307172149,0.08439999874099158,0.09690000115369912,0.019499999325489625,0.024599999960628338,0.02620000122988131,0.0667000003886642
test_consistent_random_observations__088,test_consistent_random_observations,PASS,solve_q1,observations,4,4,8,8,4.966500000591623,POLYGON,5,31.775242378748,15.887621189374,15.88762118937401,8.881784197001252e-15,True,scipy_with_fraction_check,scipy_highs_with_fraction_check,,0.030100000003585592,2.5275000007241033,0.7612000008521136,1.9990000000689179,1.8959999997605337,0.44239999988349155,0.0006999998731771484,0.1367999993817648,0.2007000002777204,0.026899999284069054,0.035000000934815034,0.04079999962414149,0.07050000021990854
test_consistent_random_observations__089,test_consistent_random_observations,PASS,solve_q1,observations,3,3,6,6,4.363500000181375,POLYGON,6,26.69702640099359,13.348513200496795,14.291716547498476,0.9432033470016812,False,scipy_with_fraction_check,scipy_highs_with_fraction_check,,0.026100000468431972,2.3059999984980095,0.4853999980696244,1.9316999987495365,1.4852999993308913,0.48659999993105885,0.0006999998731771484,0.20079999922018033,0.17939999997906853,0.03300000025774352,0.03440000000409782,0.03680000008898787,0.05950000195298344
test_consistent_random_observations__090,test_consistent_random_observations,PASS,solve_q1,observations,4,4,8,8,4.5499000007112045,POLYGON,6,26.69702640099359,13.348513200496795,13.893042689463496,0.5445294889667007,False,scipy_with_fraction_check,scipy_highs_with_fraction_check,,0.02640000093379058,2.2848000007797964,0.734799999918323,1.7719999996188562,1.767699999618344,0.3987000000051921,0.0005000001692678779,0.1649999994697282,0.13750000107393134,0.027499998395796865,0.028200000087963417,0.03870000000461005,0.07229999937408138
test_consistent_random_observations__091,test_consistent_random_observations,PASS,solve_q1,observations,3,3,6,6,3.8947000011830823,POLYGON,6,32.37987472002551,16.189937360012756,16.189937360012784,2.842170943040401e-14,True,scipy_with_fraction_check,scipy_highs_with_fraction_check,,0.02719999974942766,2.2188999992067693,0.4374000018287916,1.8547999989095842,1.1532000007719034,0.4346999994595535,0.0006000009307172149,0.16739999955461826,0.1764999997249106,0.028000000384054147,0.029299999368959107,0.03170000127283856,0.060700001995428465
test_consistent_random_observations__092,test_consistent_random_observations,PASS,solve_q1,observations,4,4,8,8,4.228800000419142,POLYGON,5,23.02189947628377,11.510949738141885,12.33058192805251,0.8196321899106245,False,scipy_with_fraction_check,scipy_highs_with_fraction_check,,0.02620000122988131,2.280599999721744,0.7179000003816327,1.768100000845152,1.5220999994198792,0.3324999997857958,0.0005999991117278114,0.11489999997138511,0.13440000111586414,0.022899999748915434,0.02479999966453761,0.0335000004270114,0.06740000026184134
test_consistent_random_observations__093,test_consistent_random_observations,PASS,solve_q1,observations,3,3,6,6,4.007700001238845,POLYGON,5,25.155948285436285,12.577974142718142,12.577974142718169,2.6645352591003757e-14,True,scipy_with_fraction_check,scipy_highs_with_fraction_check,,0.02390000008745119,2.451100001053419,0.42470000153116416,2.091800000926014,1.1243999997532228,0.35039999966102187,0.0006000009307172149,0.12069999866071157,0.15110000094864517,0.023299999156733975,0.02640000093379058,0.02700000004551839,0.05790000068373047
test_consistent_random_observations__094,test_consistent_random_observations,PASS,solve_q1,observations,4,4,8,8,4.341300000305637,POLYGON,5,25.155948285436285,12.577974142718142,12.577974142718169,2.6645352591003757e-14,True,scipy_with_fraction_check,scipy_highs_with_fraction_check,,0.02680000034160912,2.263899999888963,0.7220000006782357,1.7502999999123858,1.6162000010808697,0.3656999997474486,0.0006000009307172149,0.12690000039583538,0.15249999887601007,0.02390000008745119,0.02660000063769985,0.033799999073380604,0.0686999992467463
test_consistent_random_observations__095,test_consistent_random_observations,PASS,solve_q1,observations,3,3,6,6,3.5611000002973014,POLYGON,3,12.782323619368027,6.3911618096840135,7.829863511063272,1.4387017013792587,False,scipy_with_fraction_check,scipy_highs_with_fraction_check,,0.024000000848900527,2.250800000183517,0.4436999970494071,1.890000001367298,1.0450999998283805,0.185500000952743,0.0005000001692678779,0.047500001528533176,0.08579999848734587,0.012700000297627412,0.017899999875226058,0.019799999790848233,0.05569999848376028
test_consistent_random_observations__096,test_consistent_random_observations,PASS,solve_q1,observations,4,4,8,8,4.023899999083369,POLYGON,3,12.782323619368027,6.3911618096840135,7.829863511063272,1.4387017013792587,False,scipy_with_fraction_check,scipy_highs_with_fraction_check,,0.027799998861155473,2.3588999993080506,0.7483000008505769,1.8153000000893371,1.3643000002048211,0.18759999875328504,0.0005000001692678779,0.047599998652003706,0.08410000009462237,0.012599999536178075,0.018100001398124732,0.023399999918183312,0.0853000019560568
test_consistent_random_observations__097,test_consistent_random_observations,PASS,solve_q1,observations,3,3,6,6,3.836399999272544,POLYGON,5,27.910956732580164,13.955478366290082,14.039927292386345,0.08444892609626287,False,scipy_with_fraction_check,scipy_highs_with_fraction_check,,0.025999999706982635,2.1432000012282515,0.42039999971166253,1.790199999959441,1.1295000003883615,0.477100000352948,0.0006000009307172149,0.11969999832217582,0.24880000091798138,0.03760000072361436,0.03449999894655775,0.03420000030018855,0.06059999759600032
test_consistent_random_observations__098,test_consistent_random_observations,PASS,solve_q1,observations,4,4,8,8,4.874300000665244,POLYGON,5,20.24829273239503,10.124146366197515,10.124146366197515,0.0,True,scipy_with_fraction_check,scipy_highs_with_fraction_check,,0.06190000021888409,2.785000000585569,1.237800002854783,1.7481999966548756,1.5245999984472292,0.3544999999576248,0.0005999991117278114,0.11860000086016953,0.15220000022964086,0.023499998860643245,0.025800000003073364,0.032500000088475645,0.14830000145593658
test_consistent_random_observations__099,test_consistent_random_observations,PASS,solve_q1,observations,3,3,6,6,3.7181999996391824,POLYGON,5,25.190219572291205,12.595109786145603,12.595109786145613,1.0658141036401503e-14,True,scipy_with_fraction_check,scipy_highs_with_fraction_check,,0.02479999966453761,2.177099999244092,0.47559999802615494,1.7873000015242724,1.0987999994540587,0.3578000014385907,0.0006000009307172149,0.12479999895731453,0.15330000132962596,0.02429999949526973,0.025499999537714757,0.028000000384054147,0.059699999837903306
test_consistent_random_observations__100,test_consistent_random_observations,PASS,solve_q1,observations,4,4,8,8,4.435499999090098,POLYGON,6,24.363353693465573,12.181676846732787,12.18167684673281,2.3092638912203256e-14,True,scipy_with_fraction_check,scipy_highs_with_fraction_check,,0.026399999114801176,2.2904999987076735,0.7320000004256144,1.776600000084727,1.6039999991335208,0.4460000000108266,0.0006000009307172149,0.16689999938535038,0.1792999992176192,0.02970000059576705,0.029799999538226984,0.038500000300700776,0.06860000212327577
test_consistent_random_observations__101,test_consistent_random_observations,PASS,solve_q1,observations,3,3,6,6,4.267000000254484,POLYGON,4,23.416704374856483,11.708352187428241,14.576318795022905,2.8679666075946635,False,scipy_with_fraction_check,scipy_highs_with_fraction_check,,0.02719999974942766,2.2081999995862134,0.4243000003043562,1.8579000006866409,1.6513999999006046,0.3183999997418141,0.0006999998731771484,0.08759999946050812,0.13799999942420982,0.02570000106061343,0.029699998776777647,0.034800001230905764,0.061800001276424155
test_consistent_random_observations__102,test_consistent_random_observations,PASS,solve_q1,observations,4,4,8,8,5.180899999686517,POLYGON,5,22.962850530763838,11.481425265381919,14.573144827573994,3.0917195621920754,False,scipy_with_fraction_check,scipy_highs_with_fraction_check,,0.03159999869239982,2.8036000003339723,0.7745000020804582,2.254599998195772,1.617699999769684,0.6530000009661308,0.0005000001692678779,0.12310000056459103,0.4203000007692026,0.03849999848171137,0.02990000029967632,0.039200000173877925,0.07499999992433004
test_consistent_random_observations__103,test_consistent_random_observations,PASS,solve_q1,observations,3,3,6,6,4.224899999826448,POLYGON,3,20.27150907190812,10.13575453595406,15.720415808989546,5.584661273035486,False,scipy_with_fraction_check,scipy_highs_with_fraction_check,,0.030499999411404133,2.583299999969313,0.4544000003079418,2.2016000002622604,1.274300000659423,0.262999999904423,0.0011000010999850929,0.07419999928970356,0.11520000043674372,0.014299999747890979,0.019099999917671084,0.024000000848900527,0.07379999988188501
test_consistent_random_observations__104,test_consistent_random_observations,PASS,solve_q1,observations,4,4,8,8,4.882399998678011,POLYGON,4,19.30347510956782,9.65173755478391,14.952746389677008,5.301008834893098,False,scipy_with_fraction_check,scipy_highs_with_fraction_check,,0.07529999857069924,2.5282000005972805,0.8768999996391358,1.8536999996285886,1.8058999994536862,0.3040999999939231,0.0005999991117278114,0.07809999988239724,0.1444000008632429,0.024400000256719068,0.024499999199179,0.030699999115313403,0.1689000000624219
test_consistent_random_observations__105,test_consistent_random_observations,PASS,solve_q1,observations,3,3,6,6,4.279099999621394,POLYGON,4,18.01940247065873,9.009701235329365,12.127138136436844,3.11743690110748,False,scipy_with_fraction_check,scipy_highs_with_fraction_check,,0.029099999665049836,2.3130999998102197,0.702199999068398,1.930300002641161,1.6035999997257022,0.2710999997361796,0.0005000001692678779,0.07920000098238233,0.11210000047867652,0.023099999452824704,0.028399999791872688,0.026399999114801176,0.062200000684242696
test_consistent_random_observations__106,test_consistent_random_observations,PASS,solve_q1,observations,4,4,8,8,5.03980000030424,POLYGON,4,18.01940247065873,9.009701235329365,12.127138136436844,3.11743690110748,False,scipy_with_fraction_check,scipy_highs_with_fraction_check,,0.028899999961140566,3.1767000000400003,0.7220999996206956,2.6419000005262205,1.5158999995037448,0.2485999993950827,0.0006000009307172149,0.08139999954437371,0.09069999941857532,0.018000000636675395,0.025699999241624027,0.031000001399661414,0.06970000140427146
test_consistent_random_observations__107,test_consistent_random_observations,PASS,solve_q1,observations,3,3,6,6,4.057200001625461,POLYGON,6,24.785486220032382,12.392743110016191,15.082403507669817,2.6896603976536255,False,scipy_with_fraction_check,scipy_highs_with_fraction_check,,0.028200000087963417,2.256899999338202,0.4504000007727882,1.8744999997579725,1.2451000002329238,0.4656000000977656,0.0005000001692678779,0.18249999993713573,0.17999999909079634,0.03060000017285347,0.035000000934815034,0.03549999928509351,0.061400001868605614
test_consistent_random_observations__108,test_consistent_random_observations,PASS,solve_q1,observations,4,4,8,8,4.814599999008351,POLYGON,6,24.169381095836204,12.084690547918102,12.084690547918102,0.0,True,scipy_with_fraction_check,scipy_highs_with_fraction_check,,0.0289999989036005,2.5372000000061234,0.7942999982333276,1.9797999993897974,1.71309999859659,0.4628999995475169,0.0005999991117278114,0.17810000099416357,0.182699999641045,0.028200000087963417,0.02990000029967632,0.04199999966658652,0.07240000195452012
test_consistent_random_observations__109,test_consistent_random_observations,PASS,solve_q1,observations,3,3,6,6,4.020100001071114,POLYGON,6,32.62811081792988,16.31405540896494,19.52154664493904,3.2074912359741,False,scipy_with_fraction_check,scipy_highs_with_fraction_check,,0.025499999537714757,2.2408999993785983,0.4296000006434042,1.887600001282408,1.247000000148546,0.4489999992074445,0.0005999991117278114,0.18400000044493936,0.17130000014731195,0.028200000087963417,0.03219999962311704,0.031200001103570685,0.0577000027988106
test_consistent_random_observations__110,test_consistent_random_observations,PASS,solve_q1,observations,4,4,8,8,4.500099999859231,POLYGON,6,32.62110437306821,16.310552186534107,19.691313439996883,3.380761253462776,False,scipy_with_fraction_check,scipy_highs_with_fraction_check,,0.029599999834317714,2.303700000993558,0.760900000386755,1.772999999957392,1.6956999988906318,0.3973000002588378,0.0005000001692678779,0.17549999938637484,0.12140000035287812,0.027799998861155473,0.032699999792384915,0.0380000001314329,0.07379999988188501
test_consistent_random_observations__111,test_consistent_random_observations,PASS,solve_q1,observations,3,3,6,6,5.645499999445747,POLYGON,6,23.92802564192114,11.96401282096057,16.54500973528699,4.58099691432642,False,scipy_with_fraction_check,scipy_highs_with_fraction_check,,0.03389999983482994,3.8490000006277114,0.4990999987057876,2.5601000015740283,1.2799000014638295,0.4166999988228781,0.0006999998731771484,0.17859999934444204,0.13690000014321413,0.03240000114601571,0.03199999991920777,0.03459999970800709,0.06599999869649764
test_consistent_random_observations__112,test_consistent_random_observations,PASS,solve_q1,observations,4,4,8,8,5.028900000979775,POLYGON,6,23.58562512287119,11.792812561435595,16.566754455161508,4.7739418937259135,False,scipy_with_fraction_check,scipy_highs_with_fraction_check,,0.03409999953873921,2.5349999996251427,0.8100000013655517,1.9488999987515854,1.8001999997068197,0.5797000012535136,0.0009000013960758224,0.2265999992232537,0.19939999947382603,0.038500000300700776,0.03889999970851932,0.06060000123397913,0.07990000085555948
test_consistent_random_observations__113,test_consistent_random_observations,PASS,solve_q1,observations,3,3,6,6,3.759699999136501,POLYGON,5,23.996335681461492,11.998167840730746,14.92030749379433,2.9221396530635833,False,scipy_with_fraction_check,scipy_highs_with_fraction_check,,0.02970000059576705,2.2107000004325528,0.4217999994580168,1.8644000010681339,1.1391999996703817,0.3221000006305985,0.0005000001692678779,0.11450000056356657,0.12489999971876387,0.02320000021427404,0.02769999991869554,0.029799999538226984,0.057999997807201
test_consistent_random_observations__114,test_consistent_random_observations,PASS,solve_q1,observations,4,4,8,8,4.489000000830856,POLYGON,5,23.971422298640526,11.985711149320263,11.985711149320263,0.0,True,scipy_with_fraction_check,scipy_highs_with_fraction_check,,0.028899999961140566,2.425199998469907,0.7774000005156267,1.9040999995922903,1.6080000004876638,0.35709999974642415,0.0006000009307172149,0.11839999933727086,0.15280000116035808,0.024599999960628338,0.025699999241624027,0.0335000004270114,0.0698000021657208
test_consistent_random_observations__115,test_consistent_random_observations,PASS,solve_q1,observations,3,3,6,6,3.659600000901264,POLYGON,5,21.19893530218919,10.599467651094596,12.805836067037188,2.206368415942592,False,scipy_with_fraction_check,scipy_highs_with_fraction_check,,0.028399999791872688,2.1113999991939636,0.41880000026139896,1.7662999998719897,1.144199999544071,0.3186999983881833,0.0005000001692678779,0.11679999988700729,0.12369999967631884,0.023600001441081986,0.02499999936844688,0.02769999991869554,0.05690000398317352
test_consistent_random_observations__116,test_consistent_random_observations,PASS,solve_q1,observations,4,4,8,8,4.7285000000556465,POLYGON,5,19.90679392295804,9.95339696147902,9.95339696147902,0.0,True,scipy_with_fraction_check,scipy_highs_with_fraction_check,,0.030100000003585592,2.511900000172318,0.7738000003882917,1.9588999984989641,1.728999999613734,0.38189999941096175,0.0005000001692678779,0.12820000119972974,0.16209999921557028,0.025400000595254824,0.02849999873433262,0.03590000051190145,0.07560000085504726
test_consistent_random_observations__117,test_consistent_random_observations,PASS,solve_q1,observations,3,3,6,6,4.017000001113047,POLYGON,4,13.3338116271036,6.6669058135518,10.783862324599278,4.116956511047478,False,scipy_with_fraction_check,scipy_highs_with_fraction_check,,0.04219999937049579,2.4563000006310176,0.46459999975922983,2.074799998808885,1.1469000000943197,0.30189999961294234,0.0008999995770864189,0.0866999998834217,0.14030000056663994,0.02049999966402538,0.025100000129896216,0.026899999284069054,0.06970000140427146
test_consistent_random_observations__118,test_consistent_random_observations,PASS,solve_q1,observations,4,4,8,8,5.10519999988901,POLYGON,4,13.3338116271036,6.6669058135518,10.783862324599278,4.116956511047478,False,scipy_with_fraction_check,scipy_highs_with_fraction_check,,0.04199999966658652,2.759499999228865,0.8661999981995905,2.1383000021160115,1.8165000001317821,0.40330000047106296,0.0010000003385357559,0.09759999920788687,0.1650000012887176,0.03119999928458128,0.038500000300700776,0.06580000081157777,0.0839000003907131
test_consistent_random_observations__119,test_consistent_random_observations,PASS,solve_q1,observations,3,3,6,6,4.061300000103074,POLYGON,4,26.84440885344491,13.422204426722455,13.422204426722484,2.842170943040401e-14,True,scipy_with_fraction_check,scipy_highs_with_fraction_check,,0.027300000510877,2.381000000241329,0.4580999993777368,1.9938999976147898,1.2432000003173016,0.34469999991415534,0.0005999991117278114,0.08920000072976109,0.16209999921557028,0.02620000122988131,0.029400000130408444,0.0351999988197349,0.06509999911941122
test_consistent_random_observations__120,test_consistent_random_observations,PASS,solve_q1,observations,4,4,8,8,4.903199998807395,POLYGON,5,23.6521278839666,11.8260639419833,11.826063941983302,1.7763568394002505e-15,True,scipy_with_fraction_check,scipy_highs_with_fraction_check,,0.034199998481199145,2.5308000003860798,0.7814000000507804,1.9769999980780995,1.827699999921606,0.4337999998824671,0.0006000009307172149,0.12659999993047677,0.1953999999386724,0.03119999928458128,0.03239999932702631,0.045200000386103056,0.07670000013604295
test_consistent_random_observations__121,test_consistent_random_observations,PASS,solve_q1,observations,3,3,6,6,5.269399998724111,POLYGON,5,31.34122936737858,15.67061468368929,15.670614683689307,1.5987211554602254e-14,True,scipy_with_fraction_check,scipy_highs_with_fraction_check,,0.028800001018680632,2.3051000007399125,0.44019999950251076,1.9412999990890967,2.340099999855738,0.5321000007825205,0.0005999991117278114,0.1370999998471234,0.29720000020461157,0.031800000215298496,0.029400000130408444,0.033999998777289875,0.06329999632725958
test_consistent_random_observations__122,test_consistent_random_observations,PASS,solve_q1,observations,4,4,8,8,4.63579999996,POLYGON,5,31.34122936737858,15.67061468368929,15.670614683689307,1.5987211554602254e-14,True,scipy_with_fraction_check,scipy_highs_with_fraction_check,,0.030100000003585592,2.490400000169757,0.7314000013138866,1.9769999980780995,1.6476000000693602,0.39509999987785704,0.0008000006346264854,0.1297999988310039,0.1720000000204891,0.026700001399149187,0.02809999932651408,0.03619999915827066,0.07259999983943999
test_consistent_random_observations__123,test_consistent_random_observations,PASS,solve_q1,observations,3,3,6,6,4.484200000661076,POLYGON,6,35.88335078499438,17.94167539249719,17.941675392497203,1.4210854715202004e-14,True,scipy_with_fraction_check,scipy_highs_with_fraction_check,,0.033599999369471334,2.5427000000490807,0.5177000020921696,2.149499996448867,1.302900000155205,0.5149000007804716,0.0006999998731771484,0.17449999904783908,0.22460000036517158,0.03889999970851932,0.038800000766059384,0.035600000046542846,0.0901000003068475
test_consistent_random_observations__124,test_consistent_random_observations,PASS,solve_q1,observations,4,4,8,8,5.167799999981071,POLYGON,5,27.27107044553867,13.635535222769334,13.635535222769363,2.842170943040401e-14,True,scipy_with_fraction_check,scipy_highs_with_fraction_check,,0.039000000469968654,2.8573999989021104,0.781399998231791,2.2899999985384056,1.7649000001256354,0.4257000000507105,0.0006999998731771484,0.13079999916953966,0.189200000022538,0.029099999665049836,0.032100000680657104,0.04160000025876798,0.0808000004326459
test_consistent_random_observations__125,test_consistent_random_observations,PASS,solve_q1,observations,3,3,6,6,4.124499999306863,POLYGON,6,35.9569185639281,17.97845928196405,18.994368680705563,1.0159093987415133,False,scipy_with_fraction_check,scipy_highs_with_fraction_check,,0.03319999996165279,2.380599999014521,0.43560000085562933,2.0122999976592837,1.2313000006543007,0.41419999979552813,0.0007999988156370819,0.1745000008668285,0.1467000001866836,0.028399999791872688,0.03079999987676274,0.03149999974993989,0.06519999988086056
test_consistent_random_observations__126,test_consistent_random_observations,PASS,solve_q1,observations,4,4,8,8,4.1763999997783685,POLYGON,4,29.73829323158163,14.869146615790815,16.887122835674145,2.01797621988333,False,scipy_with_fraction_check,scipy_highs_with_fraction_check,,0.03240000114601571,2.312099999471684,0.7284000002982793,1.7817000007198658,1.5024000003904803,0.24980000125651713,0.0006000009307172149,0.08150000030582305,0.0931999984459253,0.01950000114447903,0.02229999881819822,0.030900000638212077,0.0796999975136714
test_consistent_random_observations__127,test_consistent_random_observations,PASS,solve_q1,observations,3,3,6,6,3.6278000006859656,POLYGON,4,25.223157967782935,12.611578983891468,14.523436280262057,1.9118572963705898,False,scipy_with_fraction_check,scipy_highs_with_fraction_check,,0.02970000059576705,2.1950999998807674,0.43279999954393134,1.8334999986109324,1.0671000000002095,0.27719999889086466,0.0005999991117278114,0.08470000102533959,0.12169999899924733,0.019400000383029692,0.02300000051036477,0.026399999114801176,0.058700001318356954
test_consistent_random_observations__128,test_consistent_random_observations,PASS,solve_q1,observations,4,4,8,8,4.656999999497202,POLYGON,4,25.223157967782935,12.611578983891468,14.523436280262057,1.9118572963705898,False,scipy_with_fraction_check,scipy_highs_with_fraction_check,,0.033599999369471334,2.525600000808481,0.8418000033998396,1.9680999994307058,1.6499000012117904,0.36100000033911783,0.002200000380980782,0.10479999946255703,0.15660000099160243,0.02519999907235615,0.031400000807479955,0.03370000013092067,0.08689999776834156
test_consistent_random_observations__129,test_consistent_random_observations,PASS,solve_q1,observations,3,3,6,6,4.153900001256261,POLYGON,6,25.350880607598643,12.675440303799322,12.973479135836232,0.2980388320369105,False,scipy_with_fraction_check,scipy_highs_with_fraction_check,,0.02750000021478627,2.298999999766238,0.45649999810848385,1.9231999995099613,1.3144999993528472,0.44999999954598024,0.0007999988156370819,0.19420000171521679,0.1539999993838137,0.030699999115313403,0.03470000046945643,0.03400000059627928,0.06290000237640925
test_consistent_random_observations__130,test_consistent_random_observations,PASS,solve_q1,observations,4,4,8,8,4.387799999676645,POLYGON,4,12.686195811969542,6.343097905984771,6.343097905984776,5.329070518200751e-15,True,scipy_with_fraction_check,scipy_highs_with_fraction_check,,0.04019999869342428,2.444100000502658,0.7673000000067987,1.8902000010712072,1.527100001112558,0.2975999996124301,0.0006999998731771484,0.08460000026389025,0.13559999933931977,0.01990000055229757,0.02479999966453761,0.030700000934302807,0.07879999975557439
test_consistent_random_observations__131,test_consistent_random_observations,PASS,solve_q1,observations,3,3,6,6,5.1950999986729585,POLYGON,3,26.835474185274858,13.417737092637429,16.699666448674503,3.2819293560370735,False,scipy_with_fraction_check,scipy_highs_with_fraction_check,,0.03710000055434648,3.170500000123866,0.6410999994841404,2.6709999965532916,1.562200000989833,0.3483000000414904,0.0010000003385357559,0.08410000009462237,0.1702999998087762,0.022399999579647556,0.03200000173819717,0.03639999886217993,0.07699999696342275
test_consistent_random_observations__132,test_consistent_random_observations,PASS,solve_q1,observations,4,4,8,8,5.953699999736273,POLYGON,4,26.835474185274858,13.417737092637429,13.417737092637434,5.329070518200751e-15,True,scipy_with_fraction_check,scipy_highs_with_fraction_check,,0.04939999962516595,3.625399998782086,1.0971000010613352,2.7849999987665797,1.8292000004294096,0.33289999919361435,0.0005999991117278114,0.09510000018053688,0.15130000065255444,0.02300000051036477,0.026300000172341242,0.034899998354376294,0.11680000170599669
test_consistent_random_observations__133,test_consistent_random_observations,PASS,solve_q1,observations,3,3,6,6,3.987599999163649,POLYGON,5,20.546170899938325,10.273085449969162,16.12589986624213,5.852814416272967,False,scipy_with_fraction_check,scipy_highs_with_fraction_check,,0.034100001357728615,2.428100000543054,0.4488000013225246,2.0600999996531755,1.1359999989508651,0.3265000013925601,0.0005000001692678779,0.13030000081926119,0.1114999995479593,0.025100000129896216,0.028000000384054147,0.02970000059576705,0.06289999691944104
test_consistent_random_observations__134,test_consistent_random_observations,PASS,solve_q1,observations,4,4,8,8,6.1124999992898665,POLYGON,6,20.51773338550417,10.258866692752084,10.258866692752107,2.3092638912203256e-14,True,scipy_with_fraction_check,scipy_highs_with_fraction_check,,0.03590000051190145,2.8875999996671453,0.9668999973655446,2.2253999995882623,2.3339999988820637,0.7624999998370185,0.0008999995770864189,0.26810000053956173,0.3300000007584458,0.04689999877882656,0.05140000030223746,0.06320000102277845,0.09250000039173756
test_consistent_random_observations__135,test_consistent_random_observations,PASS,solve_q1,observations,3,3,6,6,8.592599999246886,POLYGON,5,17.92004184716972,8.96002092358486,9.549138863770946,0.5891179401860853,False,scipy_with_fraction_check,scipy_highs_with_fraction_check,,0.05609999971056823,4.845299999942654,0.961199997618678,4.089200003363658,2.759999999398133,0.8152999998856103,0.0014000015653437003,0.2974999988509808,0.3218000001652399,0.0579999996261904,0.06360000043059699,0.06960000064282212,0.11590000030992087
test_consistent_random_observations__136,test_consistent_random_observations,PASS,solve_q1,observations,4,4,8,8,5.825100000947714,POLYGON,5,17.92004184716972,8.96002092358486,9.549138863770946,0.5891179401860853,False,scipy_with_fraction_check,scipy_highs_with_fraction_check,,0.049500000386615284,3.4307000005355803,1.0749999983090675,2.6093999986187555,1.8600000003061723,0.3716000010172138,0.0008000006346264854,0.13760000001639128,0.1351000009890413,0.027299998691887595,0.029599999834317714,0.03980000110459514,0.11329999870213214
test_consistent_random_observations__137,test_consistent_random_observations,PASS,solve_q1,observations,3,3,6,6,3.872899998896173,POLYGON,4,25.987897097450688,12.993948548725344,20.34574339427128,7.351794845545937,False,scipy_with_fraction_check,scipy_highs_with_fraction_check,,0.027399999453336932,2.215600001363782,0.45080000018060673,1.8654999985301401,1.2717999998130836,0.2993000016431324,0.0006999998731771484,0.08449999950244091,0.12129999959142879,0.0259000007645227,0.029400000130408444,0.03549999928509351,0.05879999662283808
test_consistent_random_observations__138,test_consistent_random_observations,PASS,solve_q1,observations,4,4,8,8,4.734000000098604,POLYGON,5,25.987897097450688,12.993948548725344,16.38629054678608,3.3923419980607346,False,scipy_with_fraction_check,scipy_highs_with_fraction_check,,0.02769999991869554,2.492599998731748,0.7451000001310604,1.9667999986268114,1.763599999321741,0.3802999999606982,0.0008000006346264854,0.14649999866378494,0.12430000060703605,0.029599999834317714,0.03319999996165279,0.0442000000475673,0.0698000021657208
test_consistent_random_observations__139,test_consistent_random_observations,PASS,solve_q1,observations,3,3,6,6,4.554600000119535,POLYGON,5,18.55282554527517,9.276412772637585,11.040324174163743,1.7639114015261583,False,scipy_with_fraction_check,scipy_highs_with_fraction_check,,0.03819999983534217,2.8425000000424916,0.5413999988377327,2.339900000151829,1.2490999997680774,0.34359999881417025,0.0006999998731771484,0.13620000027003698,0.11850000009872019,0.026499999876250513,0.029200000426499173,0.030699999115313403,0.08120000165945385
test_consistent_random_observations__140,test_consistent_random_observations,PASS,solve_q1,observations,4,4,8,8,4.742499999338179,POLYGON,6,17.7627306792776,8.8813653396388,10.735862738513486,1.8544973988746865,False,scipy_with_fraction_check,scipy_highs_with_fraction_check,,0.03459999970800709,2.495999999155174,0.7627999984833878,1.9493000017973827,1.684900000327616,0.45060000047669746,0.0005999991117278114,0.16980000145849772,0.1598999988345895,0.04340000123193022,0.03370000013092067,0.04189999890513718,0.07639999967068434
test_consistent_random_observations__141,test_consistent_random_observations,PASS,solve_q1,observations,3,3,6,6,4.000800001449534,POLYGON,5,19.302908920579394,9.651454460289697,9.686188153598927,0.03473369330922971,False,scipy_with_fraction_check,scipy_highs_with_fraction_check,,0.03239999932702631,2.409599999737111,0.4413999977259664,2.031199999692035,1.1434999996708939,0.35229999957664404,0.0005999991117278114,0.12830000014218967,0.1446999995096121,0.024000000848900527,0.025800000003073364,0.02750000021478627,0.06300000313785858
test_consistent_random_observations__142,test_consistent_random_observations,PASS,solve_q1,observations,4,4,8,8,4.885100001047249,POLYGON,5,19.208580491575876,9.604290245787938,9.627962241979635,0.023671996191696465,False,scipy_with_fraction_check,scipy_highs_with_fraction_check,,0.04240000089339446,2.648100000442355,0.7282000024133595,2.116800000294461,1.689000000624219,0.4296000006434042,0.0008000006346264854,0.13179999950807542,0.180200000613695,0.03279999873484485,0.03600000127335079,0.04599999920174014,0.0759999984438764
test_consistent_random_observations__143,test_consistent_random_observations,PASS,solve_q1,observations,3,3,6,6,3.722800000105053,POLYGON,4,31.011424830055763,15.505712415027881,15.505712415027896,1.4210854715202004e-14,True,scipy_with_fraction_check,scipy_highs_with_fraction_check,,0.0304000004689442,2.302300001247204,0.43960000039078295,1.928700001371908,1.0481999997864477,0.27740000041376334,0.0006999998731771484,0.07860000005166512,0.13209999997343402,0.018700000509852543,0.02209999911428895,0.023799999326001853,0.06449999818869401
test_consistent_random_observations__144,test_consistent_random_observations,PASS,solve_q1,observations,4,4,8,8,4.479100000025937,POLYGON,5,28.681728902376182,14.340864451188091,14.340864451188095,3.552713678800501e-15,True,scipy_with_fraction_check,scipy_highs_with_fraction_check,,0.03449999894655775,2.383900000495487,0.7475000020349398,1.8481000006431714,1.599700000951998,0.3833999999187654,0.0006999998731771484,0.12730000162264332,0.164399998539011,0.02570000106061343,0.02809999932651408,0.035799999750452116,0.07759999971312936
test_consistent_random_observations__145,test_consistent_random_observations,PASS,solve_q1,observations,3,3,6,6,3.9376000004267553,POLYGON,5,26.891954524394816,13.445977262197408,14.377575624125836,0.9315983619284278,False,scipy_with_fraction_check,scipy_highs_with_fraction_check,,0.031400000807479955,2.2691999984090216,0.45110000064596534,1.8972999987454386,1.2175000010756776,0.35600000046542846,0.0006000009307172149,0.12759999845002312,0.13670000043930486,0.024700000722077675,0.02719999974942766,0.0304000004689442,0.06349999966914766
test_consistent_random_observations__146,test_consistent_random_observations,PASS,solve_q1,observations,4,4,8,8,4.4422000009944895,POLYGON,5,18.626933282401094,9.313466641200547,10.161280450929183,0.8478138097286365,False,scipy_with_fraction_check,scipy_highs_with_fraction_check,,0.0304000004689442,2.460700001392979,0.7419000012305332,1.9279000007372815,1.5667000006942544,0.31409999974130187,0.0005999991117278114,0.12590000005729962,0.10459999975864775,0.023099999452824704,0.02570000106061343,0.03280000055383425,0.07029999869700987
test_consistent_random_observations__147,test_consistent_random_observations,PASS,solve_q1,observations,3,3,6,6,4.259900000761263,POLYGON,5,16.28343874830061,8.141719374150306,10.020325876117752,1.8786065019674467,False,scipy_with_fraction_check,scipy_highs_with_fraction_check,,0.043199999709031545,2.6049000007333234,0.4624999965017196,2.1802999999636086,1.1699999995471444,0.37119999979040585,0.0006999998731771484,0.12900000001536682,0.15239999993355013,0.02620000122988131,0.030100000003585592,0.03130000004603062,0.07060000098135788
test_consistent_random_observations__148,test_consistent_random_observations,PASS,solve_q1,observations,4,4,8,8,4.7166999993351055,POLYGON,5,16.28343874830061,8.141719374150306,8.461997439298743,0.3202780651484378,False,scipy_with_fraction_check,scipy_highs_with_fraction_check,,0.046999999540275894,2.6140999998460757,0.7752999990771059,2.0635000000766013,1.607500000318396,0.3682999995362479,0.0006999998731771484,0.13320000107341912,0.13839999883202836,0.026900001103058457,0.030100000003585592,0.03719999949680641,0.07980000009411015
test_consistent_random_observations__149,test_consistent_random_observations,PASS,solve_q1,observations,3,3,6,6,3.9373999989038566,POLYGON,5,25.50987491365179,12.754937456825894,15.09940224474934,2.344464787923446,False,scipy_with_fraction_check,scipy_highs_with_fraction_check,,0.04099999932805076,2.408800000921474,0.440800000433228,2.0278000010875985,1.1211000000912463,0.3001000004587695,0.0005999991117278114,0.11910000102943741,0.10139999903913122,0.02350000067963265,0.02680000034160912,0.027399999453336932,0.06639999810431618
test_consistent_random_observations__150,test_consistent_random_observations,PASS,solve_q1,observations,4,4,8,8,4.752200000439188,POLYGON,6,20.417231311133513,10.208615655566756,10.4551442336223,0.2465285780555444,False,scipy_with_fraction_check,scipy_highs_with_fraction_check,,0.032500000088475645,2.3934999990160577,0.7598000011057593,1.8531999994593207,1.784800000677933,0.4678999994212063,0.0005999991117278114,0.18230000023322646,0.17219999972439837,0.03330000072310213,0.03509999987727497,0.042800000301213004,0.07350000123551581
test_consistent_random_observations__151,test_consistent_random_observations,PASS,solve_q1,observations,3,3,6,6,4.063099999257247,POLYGON,6,30.782561073253586,15.391280536626793,16.05585177680175,0.664571240174956,False,scipy_with_fraction_check,scipy_highs_with_fraction_check,,0.030499999411404133,2.301800001077936,0.4585999977280153,1.9273999987490242,1.2259999984962633,0.44270000034885015,0.0006999998731771484,0.17600000137463212,0.17139999908977188,0.02950000089185778,0.031099998523131944,0.032699999792384915,0.06209999992279336
test_consistent_random_observations__152,test_consistent_random_observations,PASS,solve_q1,observations,4,4,8,8,5.17539999964356,POLYGON,6,30.395780286786067,15.197890143393034,15.19789014339304,7.105427357601002e-15,True,scipy_with_fraction_check,scipy_highs_with_fraction_check,,0.03529999958118424,2.866199998607044,0.7893999991210876,2.2746000031474978,1.7153000007965602,0.481999999465188,0.0006000009307172149,0.18309999904886354,0.19129999964206945,0.03000000106112566,0.03370000013092067,0.04189999890513718,0.07660000119358301
test_consistent_random_observations__153,test_consistent_random_observations,PASS,solve_q1,observations,3,3,6,6,4.117200000109733,POLYGON,6,16.22981576796982,8.11490788398491,8.11490788398491,0.0,True,scipy_with_fraction_check,scipy_highs_with_fraction_check,,0.039200000173877925,2.269700000397279,0.4527000019152183,1.9051000035688048,1.2706999987130985,0.47420000009879004,0.0006999998731771484,0.18169999930250924,0.1917000008688774,0.03159999869239982,0.03260000084992498,0.03459999970800709,0.06340000072668772
test_consistent_random_observations__154,test_consistent_random_observations,PASS,solve_q1,observations,4,4,8,8,5.054100000052131,POLYGON,7,15.66922215318764,7.83461107659382,8.24205703687934,0.4074459602855196,False,scipy_with_fraction_check,scipy_highs_with_fraction_check,,0.03879999894706998,2.5471000008110423,0.7898999992903555,1.983000000109314,1.890399998956127,0.500399999509682,0.0006999998731771484,0.2410000015515834,0.13979999857838266,0.03509999987727497,0.03650000144261867,0.045900000259280205,0.0774000018282095
test_consistent_random_observations__155,test_consistent_random_observations,PASS,solve_q1,observations,3,3,6,6,3.593699999328237,POLYGON,3,14.531833146560603,7.265916573280301,10.978508424883996,3.712591851603695,False,scipy_with_fraction_check,scipy_highs_with_fraction_check,,0.03609999839682132,2.3295000009966316,0.4581000011967262,1.9579999989218777,0.9477999992668629,0.21689999994123355,0.0006000009307172149,0.053699999625678174,0.10570000085863285,0.013999999282532372,0.01990000055229757,0.021699999706470408,0.06340000072668772
test_consistent_random_observations__156,test_consistent_random_observations,PASS,solve_q1,observations,4,4,8,8,4.112000000532134,POLYGON,3,5.042656613974294,2.521328306987147,3.9314127551999016,1.4100844482127548,False,scipy_with_fraction_check,scipy_highs_with_fraction_check,,0.031200001103570685,2.4573999999120133,0.7695999993302394,1.9071999995503575,1.333300000624149,0.21550000019487925,0.0006999998731771484,0.05400000009103678,0.0973999995039776,0.014600000213249587,0.019999999494757503,0.027300000510877,0.0745999986975221
test_consistent_random_observations__157,test_consistent_random_observations,PASS,solve_q1,observations,3,3,6,6,4.120999999940977,POLYGON,5,24.743918081324423,12.371959040662212,12.371959040662224,1.2434497875801753e-14,True,scipy_with_fraction_check,scipy_highs_with_fraction_check,,0.029200000426499173,2.5062000004254514,0.4574000013235491,2.1226999997452367,1.1517000002640998,0.3699000008055009,0.0005999991117278114,0.12280000009923242,0.1616000008652918,0.025699999241624027,0.027800000680144876,0.02990000029967632,0.06399999801942613
test_consistent_random_observations__158,test_consistent_random_observations,PASS,solve_q1,observations,4,4,8,8,4.544199999145349,POLYGON,3,12.660570437339388,6.330285218669694,9.296109837786624,2.9658246191169297,False,scipy_with_fraction_check,scipy_highs_with_fraction_check,,0.03580000156944152,2.6682999996410217,0.8566999968024902,2.0292999979574233,1.5339000001404202,0.22119999994174577,0.0006999998731771484,0.05609999971056823,0.09899999895424116,0.014700000974698924,0.0213999992411118,0.027800000680144876,0.08499999785271939
test_consistent_random_observations__159,test_consistent_random_observations,PASS,solve_q1,observations,3,3,6,6,4.232100000081118,POLYGON,5,23.86658576788942,11.93329288394471,15.065429420008051,3.132136536063342,False,scipy_with_fraction_check,scipy_highs_with_fraction_check,,0.04030000127386302,2.529200000935816,0.501500000609667,2.103100001477287,1.2163999999756925,0.3723999998328509,0.0006999998731771484,0.12600000081874896,0.15449999955308158,0.025999999706982635,0.032699999792384915,0.03099999958067201,0.07379999806289561
test_consistent_random_observations__160,test_consistent_random_observations,PASS,solve_q1,observations,4,4,8,8,4.442899999048677,POLYGON,5,23.86658576788942,11.93329288394471,15.065429420008051,3.132136536063342,False,scipy_with_fraction_check,scipy_highs_with_fraction_check,,0.028300000849412754,2.473399999871617,0.7587000000057742,1.9346999997651437,1.5227000003505964,0.34730000152194407,0.0006000009307172149,0.1188000005640788,0.14169999849400483,0.024800001483527012,0.025800000003073364,0.03429999924264848,0.07119999645510688
test_consistent_random_observations__161,test_consistent_random_observations,PASS,solve_q1,observations,3,3,6,6,4.633000000467291,POLYGON,4,25.581473800958232,12.790736900479116,15.957837228437715,3.1671003279585985,False,scipy_with_fraction_check,scipy_highs_with_fraction_check,,0.03440000000409782,2.645600001415005,0.6424999992304947,2.2551000001840293,1.5222000001813285,0.3625999997893814,0.0008000006346264854,0.08510000043315813,0.17899999875226058,0.02789999962260481,0.03300000025774352,0.035000000934815034,0.06819999907747842
test_consistent_random_observations__162,test_consistent_random_observations,PASS,solve_q1,observations,4,4,8,8,5.376799999794457,POLYGON,6,22.870502577644604,11.435251288822302,13.114006339519833,1.6787550506975304,False,scipy_with_fraction_check,scipy_highs_with_fraction_check,,0.030699999115313403,2.7595000010478543,0.7968000008986564,2.178099999582628,2.006200000323588,0.5033999987062998,0.0006000009307172149,0.1964999992196681,0.18430000091029797,0.03469999865046702,0.038500000300700776,0.04720000106317457,0.07700000060140155
test_consistent_random_observations__163,test_consistent_random_observations,PASS,solve_q1,observations,3,3,6,6,4.12280000091414,POLYGON,6,28.44783122999307,14.223915614996535,14.223915614996557,2.1316282072803006e-14,True,scipy_with_fraction_check,scipy_highs_with_fraction_check,,0.03139999898849055,2.31789999998,0.4555000014079269,1.9458999995549675,1.2602000006154412,0.45109999882697593,0.0005000001692678779,0.17560000014782418,0.18139999883715063,0.02950000089185778,0.02990000029967632,0.032699999792384915,0.0622000025032321
test_consistent_random_observations__164,test_consistent_random_observations,PASS,solve_q1,observations,4,4,8,8,8.381300000110059,POLYGON,6,16.049549728366415,8.024774864183208,8.395012830816738,0.37023796663353004,False,scipy_with_fraction_check,scipy_highs_with_fraction_check,,0.036100000215810724,5.185900001379196,0.9078000002773479,4.197400001430651,2.3505999997723848,0.7282000005943701,0.0008999995770864189,0.262999999904423,0.29569999969680794,0.04540000009001233,0.04720000106317457,0.07379999988188501,0.08049999814829789
test_consistent_random_observations__165,test_consistent_random_observations,PASS,solve_q1,observations,3,3,6,6,5.676499999026419,POLYGON,6,23.772736553421012,11.886368276710506,11.886368276710506,0.0,True,scipy_with_fraction_check,scipy_highs_with_fraction_check,,0.039399999877787195,3.0334000002767425,0.6539999976666877,2.4959000020317035,1.832099998864578,0.6871999994473299,0.0010999992809956893,0.2680000015971018,0.2777999998215819,0.043000000005122274,0.04780000017490238,0.04769999941345304,0.08440000055998098
test_consistent_random_observations__166,test_consistent_random_observations,PASS,solve_q1,observations,4,4,8,8,6.680800001049647,POLYGON,6,23.772736553421012,11.886368276710506,11.886368276710506,0.0,True,scipy_with_fraction_check,scipy_highs_with_fraction_check,,0.046499999371008016,3.6697000014100922,1.0182000005443115,2.87919999937003,2.1694999995816033,0.6911000000400236,0.0006999998731771484,0.2449000003252877,0.29349999931582715,0.045600001612911,0.047199999244185165,0.057199998991563916,0.10400000064691994
test_consistent_random_observations__167,test_consistent_random_observations,PASS,solve_q1,observations,3,3,6,6,5.026000000725617,POLYGON,4,25.613012744259628,12.806506372129814,12.80650637212984,2.6645352591003757e-14,True,scipy_with_fraction_check,scipy_highs_with_fraction_check,,0.04690000059781596,3.2591999988653697,0.6344000012177275,2.697299998544622,1.2913999999000225,0.3341000010550488,0.0006999998731771484,0.09710000085760839,0.1514999985374743,0.024500001018168405,0.029499999072868377,0.02930000118794851,0.09440000030735973
test_consistent_random_observations__168,test_consistent_random_observations,PASS,solve_q1,observations,4,4,8,8,4.602200000590528,POLYGON,4,19.09083938013213,9.545419690066065,9.545419690066074,8.881784197001252e-15,True,scipy_with_fraction_check,scipy_highs_with_fraction_check,,0.034100001357728615,2.4699999994481914,0.8438000004389323,1.864499996372615,1.552399999127374,0.45900000077381264,0.0006000009307172149,0.12629999946511816,0.22460000036517158,0.023999999029911123,0.027300000510877,0.053499999921768904,0.0866999998834217
test_consistent_random_observations__169,test_consistent_random_observations,PASS,solve_q1,observations,3,3,6,6,3.776100000322913,POLYGON,5,21.0435559471971,10.52177797359855,12.701437817551831,2.1796598439532815,False,scipy_with_fraction_check,scipy_highs_with_fraction_check,,0.030300001526484266,2.21620000047551,0.4380999998829793,1.866300000983756,1.0944000005110865,0.3773000007640803,0.0006000009307172149,0.1429999992978992,0.1477999994676793,0.02600000152597204,0.028899999961140566,0.029699998776777647,0.05789999704575166
test_consistent_random_observations__170,test_consistent_random_observations,PASS,solve_q1,observations,4,4,8,8,5.382400000598864,POLYGON,7,21.0435559471971,10.52177797359855,12.701437817551831,2.1796598439532815,False,scipy_with_fraction_check,scipy_highs_with_fraction_check,,0.027800000680144876,2.793300000121235,0.7371000028797425,2.2550000012415694,1.858600000559818,0.6293000005825888,0.0006999998731771484,0.25909999931172933,0.2311000007466646,0.04289999924367294,0.045900000259280205,0.04799999987881165,0.07339999865507707
test_consistent_random_observations__171,test_consistent_random_observations,PASS,solve_q1,observations,3,3,6,6,3.833400000075926,POLYGON,6,21.91320695917051,10.956603479585254,10.956603479585269,1.4210854715202004e-14,True,scipy_with_fraction_check,scipy_highs_with_fraction_check,,0.03739999920071568,2.130599999873084,0.4200000021228334,1.7834999980550492,1.1682000003929716,0.43200000072829425,0.0006000009307172149,0.16560000040044542,0.1768000001902692,0.02789999962260481,0.029200000426499173,0.030699999115313403,0.06519999988086056
test_consistent_random_observations__172,test_consistent_random_observations,PASS,solve_q1,observations,4,4,8,8,4.592600000250968,POLYGON,6,19.904144780448533,9.952072390224266,10.085069966022342,0.13299757579807547,False,scipy_with_fraction_check,scipy_highs_with_fraction_check,,0.02950000089185778,2.2939999998925487,0.7176000017352635,1.7831000059231883,1.7568000002938788,0.4429000000527594,0.0006999998731771484,0.1677999989624368,0.17600000137463212,0.027399999453336932,0.0304000004689442,0.039200000173877925,0.06939999911992345
test_consistent_random_observations__173,test_consistent_random_observations,PASS,solve_q1,observations,3,3,6,6,4.059200000483543,POLYGON,6,31.75158382503002,15.87579191251501,15.87579191251502,8.881784197001252e-15,True,scipy_with_fraction_check,scipy_highs_with_fraction_check,,0.024900000425986946,2.3498000009567477,0.43259999984002206,1.9783999996434432,1.1860000013257377,0.4414000013639452,0.0005000001692678779,0.1685999995970633,0.17970000044442713,0.028599999495781958,0.03060000017285347,0.0320999988616677,0.057099996411125176
test_consistent_random_observations__174,test_consistent_random_observations,PASS,solve_q1,observations,4,4,8,8,4.599199999574921,POLYGON,5,13.46589902881116,6.73294951440558,8.071725394475942,1.3387758800703624,False,scipy_with_fraction_check,scipy_highs_with_fraction_check,,0.030499999411404133,2.3931000014272286,0.7643999979336513,1.8457999995007413,1.7190999988088151,0.3621000014391029,0.0006999998731771484,0.12210000022605527,0.13020000005781185,0.029499999072868377,0.03319999996165279,0.044800000978284515,0.09439999848837033
test_consistent_random_observations__175,test_consistent_random_observations,PASS,solve_q1,observations,3,3,6,6,4.250400001183152,POLYGON,6,18.47240467265363,9.236202336326816,11.643535223063191,2.4073328867363752,False,scipy_with_fraction_check,scipy_highs_with_fraction_check,,0.026899999284069054,2.204399999754969,0.4408000022522174,1.851699998951517,1.4310000005934853,0.5256999993434874,0.0012999989849049598,0.30169999990903307,0.12220000098750461,0.03169999945384916,0.03199999991920777,0.03420000030018855,0.06240000220714137
test_consistent_random_observations__176,test_consistent_random_observations,PASS,solve_q1,observations,4,4,8,8,7.785099998727674,POLYGON,6,17.86918476743969,8.934592383719846,10.94162996469077,2.007037580970925,False,scipy_with_fraction_check,scipy_highs_with_fraction_check,,0.028899999961140566,2.4350999992748257,1.6815000017231796,1.9024000011995668,4.337800000939751,0.9104000000661472,0.0008000006346264854,0.633699999525561,0.15890000031504314,0.03099999958067201,0.03710000055434648,0.04669999907491729,0.07289999848580919
test_consistent_random_observations__177,test_consistent_random_observations,PASS,solve_q1,observations,3,3,6,6,4.205299999739509,POLYGON,5,18.167080593364368,9.083540296682184,9.27266433895939,0.18912404227720536,False,scipy_with_fraction_check,scipy_highs_with_fraction_check,,0.04269999953976367,2.569700000094599,0.41989999954239465,2.210800001194002,1.1515999995026505,0.3789000002143439,0.0006999998731771484,0.12199999946460593,0.16700000014679972,0.030700000934302807,0.028200000087963417,0.02869999843824189,0.062400000388151966
test_consistent_random_observations__178,test_consistent_random_observations,PASS,solve_q1,observations,4,4,8,8,4.349999999249121,POLYGON,5,18.167080593364368,9.083540296682184,9.27266433895939,0.18912404227720536,False,scipy_with_fraction_check,scipy_highs_with_fraction_check,,0.0349000001733657,2.4198999999498483,0.6976999993639765,1.905099999930826,1.4835000001767185,0.33790000088629313,0.0005999991117278114,0.1157000006060116,0.13770000077784061,0.022999998691375367,0.025100000129896216,0.034300001061637886,0.07379999806289561
test_consistent_random_observations__179,test_consistent_random_observations,PASS,solve_q1,observations,3,3,6,6,5.4592999986198265,POLYGON,6,26.421712805055996,13.210856402527998,17.77190923039144,4.561052827863442,False,scipy_with_fraction_check,scipy_highs_with_fraction_check,,0.03199999991920777,3.5010000010515796,0.4898000006505754,3.037399999811896,1.3300000009621726,0.5338000009942334,0.0005000001692678779,0.17440000010537915,0.2542000001994893,0.031400000807479955,0.036299999919719994,0.03549999928509351,0.06249999569263309
test_consistent_random_observations__180,test_consistent_random_observations,PASS,solve_q1,observations,4,4,8,8,5.29389999974228,POLYGON,7,25.04011372687751,12.520056863438755,16.94851541681587,4.428458553377114,False,scipy_with_fraction_check,scipy_highs_with_fraction_check,,0.04430000080901664,2.687099999093334,0.9454999999434222,1.9875999987561954,1.9302000000607222,0.5375999990064884,0.0006000009307172149,0.24540000049455557,0.16959999993559904,0.03529999958118424,0.0380000001314329,0.046999999540275894,0.09470000077271834
test_consistent_random_observations__181,test_consistent_random_observations,PASS,solve_q1,observations,3,3,6,6,4.359000000476954,POLYGON,6,22.049994419460035,11.024997209730017,14.442755728578629,3.4177585188486113,False,scipy_with_fraction_check,scipy_highs_with_fraction_check,,0.030499999411404133,2.5415000000066357,0.4456000006030081,2.1761999996670056,1.283999999941443,0.4453000001376495,0.0006000009307172149,0.17719999959808774,0.17219999972439837,0.02910000148403924,0.0320999988616677,0.032699999792384915,0.0577000009798212
test_consistent_random_observations__182,test_consistent_random_observations,PASS,solve_q1,observations,4,4,8,8,4.540299998552655,POLYGON,4,18.841193792468655,9.420596896234327,13.794048885883573,4.373451989649245,False,scipy_with_fraction_check,scipy_highs_with_fraction_check,,0.031800000215298496,2.4586999988969183,0.7783000000927132,1.9133999976475025,1.6765000000305008,0.2984000002470566,0.0005999991117278114,0.08399999933317304,0.13660000149684492,0.019999999494757503,0.02429999949526973,0.03149999974993989,0.0748999991628807
test_consistent_random_observations__183,test_consistent_random_observations,PASS,solve_q1,observations,3,3,6,6,3.5231000001658686,POLYGON,4,17.593011423252317,8.796505711626159,12.017280709809127,3.220774998182968,False,scipy_with_fraction_check,scipy_highs_with_fraction_check,,0.03170000127283856,2.1451000011438737,0.420000000303844,1.7966999985219445,1.0344000002078246,0.2516999993531499,0.0006000009307172149,0.08519999937561806,0.0926000011531869,0.02029999996011611,0.02629999835335184,0.025000001187436283,0.06019999818818178
test_consistent_random_observations__184,test_consistent_random_observations,PASS,solve_q1,observations,4,4,8,8,4.603499999575433,POLYGON,5,17.593011423252317,8.796505711626159,11.586180163874873,2.7896744522487147,False,scipy_with_fraction_check,scipy_highs_with_fraction_check,,0.035400000342633575,2.548299999034498,0.8116999997582752,1.9496999993862119,1.6333999992639292,0.30140000126266386,0.0006000009307172149,0.11749999976018444,0.1002000008156756,0.023399999918183312,0.02519999907235615,0.03330000072310213,0.08499999967170879
test_consistent_random_observations__185,test_consistent_random_observations,PASS,solve_q1,observations,3,3,6,6,4.098400000657421,POLYGON,6,29.58859029290227,14.794295146451136,15.666215679622413,0.8719205331712772,False,scipy_with_fraction_check,scipy_highs_with_fraction_check,,0.03239999932702631,2.3722000005363952,0.46069999734754674,1.9876999995176448,1.2145000000600703,0.41430000055697747,0.0006000009307172149,0.18169999930250924,0.1415999995515449,0.028000000384054147,0.029499999072868377,0.03150000156892929,0.06500000017695129
test_consistent_random_observations__186,test_consistent_random_observations,PASS,solve_q1,observations,4,4,8,8,4.578199999741628,POLYGON,6,26.447954010706965,13.223977005353483,15.708333124572306,2.4843561192188233,False,scipy_with_fraction_check,scipy_highs_with_fraction_check,,0.030100000003585592,2.2889000010763993,0.7163999998738291,1.780299999154522,1.6689000003680121,0.519900000654161,0.0006999998731771484,0.18509999972593505,0.21530000049096998,0.03859999924316071,0.0349000001733657,0.04369999987829942,0.0703999976394698
test_consistent_random_observations__187,test_consistent_random_observations,PASS,solve_q1,observations,3,3,6,6,4.575500001010369,POLYGON,4,27.2693152558022,13.6346576279011,20.206083190552533,6.571425562651433,False,scipy_with_fraction_check,scipy_highs_with_fraction_check,,0.02789999962260481,2.3460000011255033,1.2253000004420755,1.9330000013724202,1.8609000017022481,0.2789999998640269,0.0005000001692678779,0.07869999899412505,0.1281000004382804,0.018799999452312477,0.02300000051036477,0.02409999979136046,0.061699998695985414
test_consistent_random_observations__188,test_consistent_random_observations,PASS,solve_q1,observations,4,4,8,8,4.401199999847449,POLYGON,5,25.360129063609357,12.680064531804678,12.68006453180473,5.1514348342607263e-14,True,scipy_with_fraction_check,scipy_highs_with_fraction_check,,0.028399999791872688,2.2657999998045852,0.7191000004240777,1.7561000004207017,1.6439999999420252,0.3938000008929521,0.0005999991117278114,0.1298000006499933,0.16969999887805898,0.02660000063769985,0.02950000089185778,0.03609999839682132,0.06919999941601418
test_consistent_random_observations__189,test_consistent_random_observations,PASS,solve_q1,observations,3,3,6,6,4.5988000001671026,POLYGON,6,32.095407317363275,16.047703658681638,16.04770365868164,3.552713678800501e-15,True,scipy_with_fraction_check,scipy_highs_with_fraction_check,,0.03149999974993989,2.641799999764771,0.488499999846681,2.1723999998357613,1.3926000010542339,0.46610000026703347,0.005099998816149309,0.16979999963950831,0.19180000163032673,0.029699998776777647,0.030700000934302807,0.03719999949680641,0.06679999933112413
test_consistent_random_observations__190,test_consistent_random_observations,PASS,solve_q1,observations,4,4,8,8,7.936899999549496,POLYGON,7,32.095407317363275,16.047703658681638,16.04770365868164,3.552713678800501e-15,True,scipy_with_fraction_check,scipy_highs_with_fraction_check,,0.03930000093532726,4.7689000002719695,1.4553000019077444,3.801100001510349,2.3743000001559267,0.6588999985979171,0.0006999998731771484,0.2449000003252877,0.27439999939815607,0.04320000152802095,0.04269999953976367,0.05090000013296958,0.09549999958835542
test_consistent_random_observations__191,test_consistent_random_observations,PASS,solve_q1,observations,3,3,6,6,4.021599999759928,POLYGON,4,18.55843083331396,9.27921541665698,11.240326457713197,1.961111041056217,False,scipy_with_fraction_check,scipy_highs_with_fraction_check,,0.02990000029967632,2.498800000466872,0.4576999999699183,2.120900000591064,1.1542000011104392,0.2753999997366918,0.0005999991117278114,0.08379999962926377,0.12040000001434237,0.019999999494757503,0.023400001737172715,0.025800000003073364,0.06329999814624898
test_consistent_random_observations__192,test_consistent_random_observations,PASS,solve_q1,observations,4,4,8,8,4.608100000041304,POLYGON,4,16.359992017934047,8.179996008967024,9.527935892170273,1.3479398832032494,False,scipy_with_fraction_check,scipy_highs_with_fraction_check,,0.03509999987727497,2.6175000002695015,0.7768999985273695,2.065399998173234,1.5887999998085434,0.27939999927184545,0.0005999991117278114,0.08610000077169389,0.11330000052112155,0.02159999894502107,0.024300001314259134,0.03199999991920777,0.08730000081413891
test_consistent_random_observations__193,test_consistent_random_observations,PASS,solve_q1,observations,3,3,6,6,4.071499999554362,POLYGON,5,30.5646618518437,15.28233092592185,21.700051717882033,6.417720791960184,False,scipy_with_fraction_check,scipy_highs_with_fraction_check,,0.03730000025825575,2.394099999946775,0.4605000012816163,2.01079999715148,1.20019999849319,0.37429999974847306,0.0006999998731771484,0.12730000162264332,0.16229999891947955,0.025100000129896216,0.02700000004551839,0.030299999707494862,0.0656000011076685
test_consistent_random_observations__194,test_consistent_random_observations,PASS,solve_q1,observations,4,4,8,8,5.740900000091642,POLYGON,5,29.926100232289183,14.963050116144592,14.963050116144617,2.4868995751603507e-14,True,scipy_with_fraction_check,scipy_highs_with_fraction_check,,0.036299999919719994,3.1285999993997393,0.7927999995445134,2.522400001907954,1.8579999996291008,0.5316999995557126,0.0008000006346264854,0.17560000014782418,0.2260999990539858,0.03620000097726006,0.03859999924316071,0.051799999710056,0.18630000158736948
test_consistent_random_observations__195,test_consistent_random_observations,PASS,solve_q1,observations,3,3,6,6,3.7706000002799556,POLYGON,3,23.61149311599478,11.80574655799739,16.787054456328583,4.981307898331194,False,scipy_with_fraction_check,scipy_highs_with_fraction_check,,0.03650000144261867,2.47020000097109,0.44499999967229087,2.1063000003778143,0.9821000003285008,0.2203999993071193,0.0006000009307172149,0.05169999894860666,0.10590000056254212,0.013700000636163168,0.02429999949526973,0.022500000341096893,0.06139999823062681
test_consistent_random_observations__196,test_consistent_random_observations,PASS,solve_q1,observations,4,4,8,8,4.476800000702497,POLYGON,3,23.61149311599478,11.80574655799739,16.787054456328583,4.981307898331194,False,scipy_with_fraction_check,scipy_highs_with_fraction_check,,0.039000000469968654,2.7085999990958953,0.7912000000942498,2.140299999155104,1.3784000002488028,0.2688999993551988,0.0006999998731771484,0.05609999971056823,0.1360000005661277,0.016899999536690302,0.024400000256719068,0.032699999792384915,0.081900001532631
test_consistent_random_observations__197,test_consistent_random_observations,PASS,solve_q1,observations,3,3,6,6,4.210699999021017,POLYGON,6,20.200666669200956,10.100333334600478,14.483456133250828,4.38312279865035,False,scipy_with_fraction_check,scipy_highs_with_fraction_check,,0.035200000638724305,2.393599999777507,0.4611000022123335,2.011799999309005,1.2645999995584134,0.4515999989962438,0.0005000001692678779,0.17809999917517416,0.17660000048635993,0.029999999242136255,0.031200001103570685,0.033599999369471334,0.06570000005012844
test_consistent_random_observations__198,test_consistent_random_observations,PASS,solve_q1,observations,4,4,8,8,5.213000000367174,POLYGON,7,20.200666669200956,10.100333334600478,14.406400681457223,4.306067346856745,False,scipy_with_fraction_check,scipy_highs_with_fraction_check,,0.038300000596791506,2.589800000350806,0.7944999942992581,2.0260000001144363,1.9370000009075738,0.567699999010074,0.0010000003385357559,0.24440000015601981,0.19950000023527537,0.0351999988197349,0.03690000085043721,0.04879999869444873,0.08019999950192869
test_consistent_random_observations__199,test_consistent_random_observations,PASS,solve_q1,observations,3,3,6,6,4.232400000546477,POLYGON,6,34.018791863941445,17.009395931970722,17.009395931970726,3.552713678800501e-15,True,scipy_with_fraction_check,scipy_highs_with_fraction_check,,0.036100000215810724,2.37109999943641,0.4657000008592149,1.9858000032400014,1.2850000002799788,0.47310000081779435,0.0006999998731771484,0.18169999930250924,0.1914000004035188,0.031100000342121348,0.03280000055383425,0.033999998777289875,0.06709999979648273
test_consistent_random_observations__200,test_consistent_random_observations,PASS,solve_q1,observations,4,4,8,8,4.53659999948286,POLYGON,5,24.934925538381624,12.467462769190812,13.727563865361734,1.2601010961709225,False,scipy_with_fraction_check,scipy_highs_with_fraction_check,,0.03119999928458128,2.482100000634091,0.7754000016575446,1.932499999384163,1.6137999991769902,0.3350000006321352,0.0006000009307172149,0.12969999988854397,0.1080999991245335,0.024599999960628338,0.0349000001733657,0.03570000080799218,0.07449999975506216
test_constant_constraints__001,test_constant_constraints,PASS,solve_halfplanes,halfplanes,,,1,,0.3350000006321352,EMPTY,0,,,,,,scipy_with_fraction_check,not_run_or_early_return,0.30669999978272244,,,,,,,,,,,,,0.028300000849412754
test_constant_constraints__002,test_constant_constraints,PASS,solve_halfplanes,halfplanes,,,1,,0.40069999886327423,UNBOUNDED,0,Infinity,,,,,scipy_with_fraction_check,not_run_or_early_return,0.3594999998313142,,,,,,,,,,,,,0.04119999903196003
test_contradictory_parallel_constraints__001,test_contradictory_parallel_constraints,PASS,solve_halfplanes,halfplanes,,,2,2,0.7986999989952892,EMPTY,0,,,,,,scipy_with_fraction_check,scipy_highs_with_fraction_check,0.3310000010969816,,0.40520000038668513,0.024900000425986946,0.3679000001284294,,,,,,,,,0.062499997511622496
test_document_three_observations__001,test_document_three_observations,PASS,solve_q1,observations,3,3,6,6,4.02619999840681,POLYGON,6,32.25187208460611,16.125936042303056,16.370309230688353,0.2443731883852962,False,scipy_with_fraction_check,scipy_highs_with_fraction_check,,0.036299999919719994,2.2807999994256534,0.41740000233403407,1.9244000013713958,1.223299999765004,0.4214000000501983,0.0005999991117278114,0.17360000128974207,0.15249999887601007,0.029400000130408444,0.03130000004603062,0.03260000084992498,0.06439999924623407
test_document_two_observations__001,test_document_two_observations,PASS,solve_q1,observations,2,2,4,4,4.66729999970994,POLYGON,4,39.50834065898743,19.754170329493714,19.754170329493714,0.0,True,scipy_with_fraction_check,scipy_highs_with_fraction_check,,0.02570000106061343,3.6860000000160653,0.16450000111944973,3.4761000042635715,0.6392000013875077,0.2710999997361796,0.0005000001692678779,0.07729999924777076,0.13179999950807542,0.01920000067912042,0.022000000171829015,0.019099999917671084,0.045299997509573586
test_duplicate_and_permutation__001,test_duplicate_and_permutation,PASS,solve_q1,observations,2,2,4,4,3.922199999578879,POLYGON,4,39.50834065898743,19.754170329493714,19.754170329493714,0.0,True,scipy_with_fraction_check,scipy_highs_with_fraction_check,,0.03469999865046702,2.6621000015438767,0.21299999934853986,2.3884999991423683,0.8290999994642334,0.3357999994477723,0.0006999998731771484,0.1002000008156756,0.15779999921505805,0.02370000038354192,0.027600000976235606,0.023999999029911123,0.06050000047252979
test_duplicate_and_permutation__002,test_duplicate_and_permutation,PASS,solve_q1,observations,4,2,8,4,3.0327000004035654,POLYGON,4,39.50834065898743,19.754170329493714,19.754170329493714,0.0,True,scipy_with_fraction_check,scipy_highs_with_fraction_check,,0.030499999411404133,2.0206000008329283,0.16509999841218814,1.8132999994122656,0.6284000010055024,0.2941999991890043,0.0004999983502784744,0.08490000072924886,0.1365000007353956,0.02069999936793465,0.024599999960628338,0.025499999537714757,0.05899999996472616
test_empty_observation_intersection__001,test_empty_observation_intersection,PASS,solve_q1,observations,2,2,4,4,0.5089999995107064,EMPTY,0,,,,,,scipy_with_fraction_check,scipy_highs_with_fraction_check,,0.033299998904112726,0.42469999971217476,0.10819999988598283,0.3065000000788132,,,,,,,,,0.05100000089441892
test_invalid_inputs__001,test_invalid_inputs,PASS,solve_q1,observations,0,0,,,0.01049999991664663,EXCEPTION,,,,,,,scipy_with_fraction_check,,,0.007200000254670158,,,,,,,,,,,,0.0032999996619764715
test_invalid_inputs__002,test_invalid_inputs,PASS,solve_q1,observations,1,1,,,0.012299999070819467,EXCEPTION,,,,,,,scipy_with_fraction_check,,,0.009299999874201603,,,,,,,,,,,,0.002999999196617864
test_invalid_inputs__003,test_invalid_inputs,PASS,solve_q1,observations,1,1,,,0.023599999622092582,EXCEPTION,,,,,,,scipy_with_fraction_check,,,0.021200001356191933,,,,,,,,,,,,0.002399998265900649
test_invalid_inputs__004,test_invalid_inputs,PASS,solve_q1,observations,1,1,,,0.02750000021478627,EXCEPTION,,,,,,,scipy_with_fraction_check,,,0.02429999949526973,,,,,,,,,,,,0.003200000719516538
test_invalid_inputs__005,test_invalid_inputs,PASS,solve_q1,observations,1,1,,,0.33350000012433156,EXCEPTION,,,,,,,scipy_with_fraction_check,,0.3144000002066605,,,,,,,,,,,,,0.019099999917671084
test_invalid_inputs__006,test_invalid_inputs,PASS,solve_q1,observations,1,1,,,0.2975000006699702,EXCEPTION,,,,,,,scipy_with_fraction_check,,0.28019999990647193,,,,,,,,,,,,,0.017300000763498247
test_invalid_inputs__007,test_invalid_inputs,PASS,solve_q1,observations,1,1,,,0.38049999966460746,EXCEPTION,,,,,,,scipy_with_fraction_check,,0.36189999991620425,,,,,,,,,,,,,0.018599999748403206
test_invalid_inputs__008,test_invalid_inputs,PASS,solve_q1,observations,1,1,,,0.34919999961857684,EXCEPTION,,,,,,,scipy_with_fraction_check,,0.334399999701418,,,,,,,,,,,,,0.014799999917158857
test_invalid_inputs__009,test_invalid_inputs,PASS,solve_q1,observations,1,1,,,0.3400000005058246,EXCEPTION,,,,,,,scipy_with_fraction_check,,0.3028999999514781,,,,,,,,,,,,,0.03710000055434648
test_lp_numerical_failure_not_unbounded__001,test_lp_numerical_failure_not_unbounded,PASS,solve_q1,observations,2,2,4,4,0.21159999960218556,NUMERICAL_ISSUE,0,,,,,,mocked_linprog,scipy_highs_with_fraction_check,,0.04219999937049579,0.1173999989987351,0.08370000068680383,0.02209999911428895,,,,,,,,,0.05200000123295467
test_lp_uses_free_variables__001,test_lp_uses_free_variables,PASS,solve_q1,observations,1,1,2,2,0.11219999942113645,UNBOUNDED,0,Infinity,,,,,mocked_linprog,scipy_highs_with_fraction_check,,0.026599998818710446,0.050099999498343095,0.020899999071843922,0.02099999983329326,,,,,,,,,0.03550000110408291
test_near_parallel_not_discarded__001,test_near_parallel_not_discarded,PASS,solve_halfplanes,halfplanes,,,3,3,0.8457000003545545,POLYGON,3,1000000000000.0,500000000000.0,500000000000.0,0.0,True,fraction_only,fraction_fourier_motzkin,0.29400000130408444,,0.0366000003850786,0.05700000110664405,,0.28759999986505136,0.17410000145900995,0.000700001692166552,0.03569999898900278,0.08209999941755086,0.01590000101714395,0.018999999156221747,0.019600000086938962,0.05339999734133016
test_negative_coordinate_square__001,test_negative_coordinate_square,PASS,solve_halfplanes,halfplanes,,,4,4,2.882799999497365,POLYGON,4,2.8284271247461903,1.4142135623730951,1.4142135623730951,0.0,True,scipy_with_fraction_check,scipy_highs_with_fraction_check,0.2795000000332948,,2.0571000004565576,0.06429999848478474,1.8981000011990545,0.32699999974283855,0.16429999959655106,0.0005999991117278114,0.0473000000056345,0.07020000157353934,0.011599999197642319,0.015400000847876072,0.017899999875226058,0.0548999996681232
test_point_and_segment_direct_constraints__001,test_point_and_segment_direct_constraints,PASS,solve_halfplanes,halfplanes,,,4,4,2.9458999997586943,POINT,1,0.0,0.0,0.0,0.0,True,scipy_with_fraction_check,scipy_highs_with_fraction_check,0.28340000062598847,,2.273800000693882,0.0698000003467314,2.0655999978771433,0.3164999998261919,0.0037999998312443495,0.002200000380980782,,,,,,0.0683999987813877
test_point_and_segment_direct_constraints__002,test_point_and_segment_direct_constraints,PASS,solve_halfplanes,halfplanes,,,4,4,2.586900000096648,SEGMENT,2,2.0,1.0,1.0,0.0,True,scipy_with_fraction_check,scipy_highs_with_fraction_check,0.2750000003288733,,1.8769999987853225,0.06329999996523838,1.7181000002892688,0.29799999902024865,0.08320000051753595,0.0005000001692678779,0.01779999911377672,0.04400000034365803,0.006399999620043673,0.0006999998731771484,0.012600001355167478,0.05370000144466758
test_single_observation_unbounded__001,test_single_observation_unbounded,PASS,solve_q1,observations,1,1,2,2,3.0655000009573996,UNBOUNDED,0,Infinity,,,,,scipy_with_fraction_check,scipy_highs_with_fraction_check,,0.022000000171829015,3.0108999999356456,0.028000000384054147,2.9255000008561183,,,,,,,,,0.03260000084992498
test_strip_unbounded_with_no_vertices__001,test_strip_unbounded_with_no_vertices,PASS,solve_halfplanes,halfplanes,,,2,2,2.451199999995879,UNBOUNDED,0,Infinity,,,,,scipy_with_fraction_check,scipy_highs_with_fraction_check,0.36609999915526714,,2.038800001173513,0.020299998141126707,1.7744999986462062,,,,,,,,,0.046299999667098746
test_thin_polygon_not_merged_into_segment__001,test_thin_polygon_not_merged_into_segment,PASS,solve_halfplanes,halfplanes,,,4,4,0.9896999999909895,POLYGON,4,1.0,0.5,0.5,0.0,True,fraction_only,fraction_fourier_motzkin,0.3059999999095453,,0.038800000766059384,0.06130000110715628,,0.3713999994943151,0.21569999989878852,0.0005999991117278114,0.051900000471505336,0.09440000030735973,0.019299999621580355,0.0228000008064555,0.025499999537714757,0.05779999992228113
test_translation_and_rotation__001,test_translation_and_rotation,PASS,solve_q1,observations,2,2,4,4,3.230700000131037,POLYGON,4,39.50834065898743,19.754170329493714,19.754170329493714,0.0,True,scipy_with_fraction_check,scipy_highs_with_fraction_check,,0.02409999979136046,2.240099998743972,0.170000001162407,2.0223000010446412,0.6403999996109633,0.279799998679664,0.0005000001692678779,0.08540000089851674,0.12859999878855888,0.01920000067912042,0.022599999283556826,0.02190000122936908,0.04630000330507755
test_translation_and_rotation__002,test_translation_and_rotation,PASS,solve_q1,observations,2,2,4,4,2.936899998530862,POLYGON,4,39.50834065898741,19.754170329493704,19.754170329493785,8.171241461241152e-14,True,scipy_with_fraction_check,scipy_highs_with_fraction_check,,0.02550000135670416,1.931200000399258,0.16289999985019676,1.7198999976244522,0.6642999996984145,0.27039999986300245,0.0005999991117278114,0.07860000005166512,0.12849999984609894,0.019799999790848233,0.022399999579647556,0.01930000144056976,0.04549999721348286
test_translation_and_rotation__003,test_translation_and_rotation,PASS,solve_q1,observations,2,2,4,4,3.0441999988397583,POLYGON,4,39.50834065898749,19.754170329493746,19.754170329493746,0.0,True,scipy_with_fraction_check,scipy_highs_with_fraction_check,,0.025100000129896216,1.961400001164293,0.2175999998144107,1.7189000009238953,0.6991999998717802,0.3104999996139668,0.0005000001692678779,0.07659999937459361,0.12090000018361025,0.06690000009257346,0.022000000171829015,0.022300000637187622,0.047999998059822246
