case_id,test_name,test_outcome,entrypoint,input_kind,observation_count,unique_detection_point_count,constraint_count_input,constraint_count_solver,elapsed_ms,status,vertex_count,diameter,circle_radius,max_vertex_distance,coverage_excess,same_diameter_covers,backend_mode,backend,stage_config_ms,stage_build_halfplanes_ms,stage_classify_ms,stage_projection_bounds_ms,stage_linprog_ms,stage_vertices_ms,stage_measure_ms,stage_measure_setup_ms,stage_diameter_ms,stage_coverage_ms,stage_degeneracy_ms,stage_sort_vertices_ms,stage_residual_and_output_ms,stage_other_ms
test_angle_wrap_and_two_input_styles__001,test_angle_wrap_and_two_input_styles,PASS,solve_q1,observations,2,2,4,4,8.142500000758446,POLYGON,4,39.5083406589872,19.7541703294936,19.754170329493604,3.552713678800501e-15,True,scipy_with_fraction_check,scipy_highs_with_fraction_check,,0.1756999999997788,7.082699999955366,0.031599999601894524,6.767300000319665,0.4859000000578817,0.31820000003790483,0.0006000000212225132,0.10910000037256395,0.13000000035390258,0.02479999966453761,0.028000000384054147,0.023999999939405825,0.08000000070751412
test_angle_wrap_and_two_input_styles__002,test_angle_wrap_and_two_input_styles,PASS,solve_q1,observations,2,2,4,4,3.088700000262179,POLYGON,4,39.5083406589872,19.7541703294936,19.754170329493604,3.552713678800501e-15,True,scipy_with_fraction_check,scipy_highs_with_fraction_check,0.3071000001000357,0.019500000234984327,2.0663999994212645,0.027399999453336932,1.904899999317422,0.31710000075690914,0.2901999996538507,0.0006999998731771484,0.09899999986373587,0.12340000012045493,0.021699999706470408,0.02300000051036477,0.020799999219889287,0.0884000000951346
test_consistent_random_observations__001,test_consistent_random_observations,PASS,solve_q1,observations,3,3,6,6,3.1037999997352017,POLYGON,4,22.217638393864267,11.108819196932133,13.10623352407956,1.9974143271474265,False,scipy_with_fraction_check,scipy_highs_with_fraction_check,,0.03889999970851932,2.094500000566768,0.03670000023703324,1.9160000010742806,0.6591000001208158,0.24709999979677377,0.0006999998731771484,0.08040000011533266,0.10089999977935804,0.017400000615452882,0.021699999706470408,0.024599999960628338,0.0641999995423248
test_consistent_random_observations__002,test_consistent_random_observations,PASS,solve_q1,observations,4,4,8,8,3.75149999945279,POLYGON,5,20.83521363032694,10.41760681516347,12.111275110271798,1.6936682951083277,False,scipy_with_fraction_check,scipy_highs_with_fraction_check,,0.039200000173877925,2.0459999996091938,0.05129999954078812,1.843199999711942,1.2579000003825058,0.32899999951041536,0.0004999992597731762,0.11960000028921058,0.12560000050143572,0.023399999918183312,0.02499999936844688,0.03370000013092067,0.0793999997767969
test_consistent_random_observations__003,test_consistent_random_observations,PASS,solve_q1,observations,3,3,6,6,4.357700000582554,POLYGON,6,30.04862541611205,15.024312708056025,16.885144174807255,1.8608314667512307,False,scipy_with_fraction_check,scipy_highs_with_fraction_check,,0.04780000017490238,2.9731000004176167,0.047199999244185165,2.76069999927131,0.7793000004312489,0.47199999971780926,0.0006999998731771484,0.1872000002549612,0.1830000001064036,0.030199999855540227,0.03400000059627928,0.03529999958118424,0.08549999984097667
test_consistent_random_observations__004,test_consistent_random_observations,PASS,solve_q1,observations,4,4,8,8,4.295599999750266,POLYGON,4,18.4296311073659,9.21481555368295,12.824010371268423,3.6091948175854736,False,scipy_with_fraction_check,scipy_highs_with_fraction_check,,0.04129999979340937,2.5696000002426445,0.05439999949885532,2.3324999992837547,1.3272999995024293,0.2764999999271822,0.0009000004865811206,0.0793999997767969,0.12429999969754135,0.0183000001925393,0.021599999854515772,0.030199999855540227,0.08090000028460054
test_consistent_random_observations__005,test_consistent_random_observations,PASS,solve_q1,observations,3,3,6,6,3.312099999675411,POLYGON,5,20.689194195656633,10.344597097828316,10.344597097828316,0.0,True,scipy_with_fraction_check,scipy_highs_with_fraction_check,,0.042499999835854396,2.144399999451707,0.039599999581696466,1.9627000010586926,0.6876999996165978,0.3676999995150254,0.0006000000212225132,0.12150000020483276,0.1587999995535938,0.02500000027794158,0.029400000130408444,0.030899999728717376,0.0698000012562261
test_consistent_random_observations__006,test_consistent_random_observations,PASS,solve_q1,observations,4,4,8,8,3.9375000005748007,POLYGON,6,19.632239331280147,9.816119665640073,9.816119665640105,3.197442310920451e-14,True,scipy_with_fraction_check,scipy_highs_with_fraction_check,,0.03189999915775843,2.0843000002059853,0.04960000023856992,1.8787999997584848,1.2851000001319335,0.4624999992302037,0.0005000001692678779,0.17180000031657983,0.1854999991337536,0.028000000384054147,0.032300000384566374,0.0427999993917183,0.07370000184891978
test_consistent_random_observations__007,test_consistent_random_observations,PASS,solve_q1,observations,3,3,6,6,3.079500000239932,POLYGON,4,27.108856643533624,13.554428321766812,22.29074433885397,8.736316017087157,False,scipy_with_fraction_check,scipy_highs_with_fraction_check,,0.028499999643827323,2.077399999507179,0.03599999945436139,1.8989999998666462,0.6321000000752974,0.28329999986453913,0.0005000001692678779,0.09229999977833359,0.11280000035185367,0.025999999706982635,0.02390000008745119,0.026200000320386607,0.058200001149089076
test_consistent_random_observations__008,test_consistent_random_observations,PASS,solve_q1,observations,4,4,8,8,3.838300000097661,POLYGON,4,27.108856643533624,13.554428321766812,22.29074433885397,8.736316017087157,False,scipy_with_fraction_check,scipy_highs_with_fraction_check,,0.03119999928458128,2.201000000241038,0.05069999951956561,1.9746999987546587,1.2864999998782878,0.2488999998604413,0.0006000000212225132,0.08059999981924193,0.09700000009615906,0.018400000044493936,0.021800000467919745,0.0289999998130952,0.07070000083331252
test_consistent_random_observations__009,test_consistent_random_observations,PASS,solve_q1,observations,3,3,6,6,3.0912000001990236,POLYGON,5,24.936210746966673,12.468105373483336,13.790312456015865,1.322207082532529,False,scipy_with_fraction_check,scipy_highs_with_fraction_check,,0.02550000044720946,2.025800000410527,0.03510000078676967,1.8478000001778128,0.6730000004608883,0.30360000073414994,0.0004999992597731762,0.11760000052163377,0.09789999967324547,0.023300000066228677,0.034499999856052455,0.028299999939918052,0.06329999814624898
test_consistent_random_observations__010,test_consistent_random_observations,PASS,solve_q1,observations,4,4,8,8,4.164400000263413,POLYGON,4,23.405927302466317,11.702963651233159,14.22557584244861,2.522612191215451,False,scipy_with_fraction_check,scipy_highs_with_fraction_check,,0.038499999391206075,2.5875000001178705,0.050399999054207,2.239999999801512,1.2217000003147405,0.2379000006840215,0.0005000001692678779,0.08090000028460054,0.08660000003146706,0.017800000023271423,0.02190000031987438,0.028899999961140566,0.07879999975557439
test_consistent_random_observations__011,test_consistent_random_observations,PASS,solve_q1,observations,3,3,6,6,2.983899999890127,POLYGON,4,24.567064058789537,12.283532029394769,17.189747299423043,4.906215270028275,False,scipy_with_fraction_check,scipy_highs_with_fraction_check,,0.025299999833805487,1.9806999998763786,0.03509999987727497,1.800099999854865,0.6628999999520602,0.25180000011459924,0.0005000001692678779,0.079100000220933,0.10860000020329608,0.017499999557912815,0.021500000002561137,0.023399999918183312,0.06320000011328375
test_consistent_random_observations__012,test_consistent_random_observations,PASS,solve_q1,observations,4,4,8,8,4.784599999766215,POLYGON,5,20.179809411474533,10.089904705737267,15.739791625222104,5.649886919484837,False,scipy_with_fraction_check,scipy_highs_with_fraction_check,,0.03190000006725313,2.7632000001176493,0.04959999932907522,2.5347000009787735,1.5664000002288958,0.3499000004012487,0.0006000000212225132,0.11940000058530131,0.14409999948838959,0.02320000021427404,0.02500000027794158,0.03529999958118424,0.0731999989511678
test_consistent_random_observations__013,test_consistent_random_observations,PASS,solve_q1,observations,3,3,6,6,3.1828999999561347,POLYGON,4,16.30451157914354,8.15225578957177,11.980298852679946,3.8280430631081757,False,scipy_with_fraction_check,scipy_highs_with_fraction_check,,0.024699999812582973,2.1953000004941714,0.03550000019458821,1.989399998819863,0.6525999997393228,0.24910000047384528,0.0004999992597731762,0.07679999998799758,0.10780000047816429,0.018599999748403206,0.020399999812070746,0.02370000038354192,0.06119999943621224
test_consistent_random_observations__014,test_consistent_random_observations,PASS,solve_q1,observations,4,4,8,8,3.8156000000526547,POLYGON,5,16.092325748953094,8.046162874476547,11.84262705696514,3.7964641824885934,False,scipy_with_fraction_check,scipy_highs_with_fraction_check,,0.026400000024295878,2.0719000003737165,0.053499999921768904,1.844100000198523,1.3040000003456953,0.34469999991415534,0.0006000000212225132,0.11939999967580661,0.1314999999522115,0.02550000044720946,0.026900000193563756,0.03949999972974183,0.06859999939479167
test_consistent_random_observations__015,test_consistent_random_observations,PASS,solve_q1,observations,3,3,6,6,3.0387000006157905,POLYGON,5,30.187578062550447,15.093789031275223,19.38501609985523,4.291227068580005,False,scipy_with_fraction_check,scipy_highs_with_fraction_check,,0.024899999516492244,1.9715000007636263,0.03470000046945643,1.8001999997068197,0.6566000001839711,0.3248000002713525,0.0005000001692678779,0.11790000007749768,0.12820000029023504,0.023599999622092582,0.025399999685760122,0.02790000053209951,0.06089999988034833
test_consistent_random_observations__016,test_consistent_random_observations,PASS,solve_q1,observations,4,4,8,8,3.7044000000605593,POLYGON,5,23.882380565841423,11.941190282920711,15.47990021388992,3.5387099309692083,False,scipy_with_fraction_check,scipy_highs_with_fraction_check,,0.027400000362831634,2.0131000001128996,0.049199999921256676,1.8030999990514829,1.260799999727169,0.3299999998489511,0.0005000001692678779,0.1173999999082298,0.12859999969805358,0.023399999918183312,0.02519999998185085,0.033400000575056765,0.07310000000870787
test_consistent_random_observations__017,test_consistent_random_observations,PASS,solve_q1,observations,3,3,6,6,3.857400000015332,POLYGON,4,22.436888193427947,11.218444096713974,14.766177723358174,3.5477336266442006,False,scipy_with_fraction_check,scipy_highs_with_fraction_check,,0.030500000320898835,2.850800000487652,0.03500000002532033,2.6752000012493227,0.6548999999722582,0.26389999948150944,0.0006000000212225132,0.07709999954386149,0.12130000050092349,0.017999999727180693,0.021400000150606502,0.02409999979136046,0.05729999975301325
test_consistent_random_observations__018,test_consistent_random_observations,PASS,solve_q1,observations,4,4,8,8,3.966299999774492,POLYGON,5,22.436888193427947,11.218444096713974,11.21844409671399,1.5987211554602254e-14,True,scipy_with_fraction_check,scipy_highs_with_fraction_check,,0.026699999580159783,2.295799999956216,0.04999999964638846,2.069699999083241,1.2186000003566733,0.3559000006134738,0.0006999998731771484,0.12009999954898376,0.1509000003352412,0.023800000235496555,0.025399999685760122,0.0334999995175167,0.06929999926796881
test_consistent_random_observations__019,test_consistent_random_observations,PASS,solve_q1,observations,3,3,6,6,2.835100000083912,POLYGON,3,9.246267005690134,4.623133502845067,5.634110328343506,1.0109768254984388,False,scipy_with_fraction_check,scipy_highs_with_fraction_check,,0.03420000030018855,1.9719000001714448,0.0380000001314329,1.7928999996001949,0.6021000008331612,0.16849999974510865,0.0005000001692678779,0.04769999941345304,0.06950000079086749,0.012199999218864832,0.017300000763498247,0.019999999494757503,0.05839999903400894
test_consistent_random_observations__020,test_consistent_random_observations,PASS,solve_q1,observations,4,4,8,8,3.4762000004775473,POLYGON,3,9.246267005690134,4.623133502845067,5.634110328343506,1.0109768254984388,False,scipy_with_fraction_check,scipy_highs_with_fraction_check,,0.026599999728205148,1.9809000004897825,0.05020000025979243,1.778199998625496,1.2260000003152527,0.1731000002109795,0.0004999992597731762,0.04710000030172523,0.0714999996489496,0.012000000424450263,0.01700000029813964,0.023699999474047218,0.06959999973332742
test_consistent_random_observations__021,test_consistent_random_observations,PASS,solve_q1,observations,3,3,6,6,3.648599999905855,POLYGON,4,26.442952148004508,13.221476074002254,14.27129854739037,1.0498224733881152,False,scipy_with_fraction_check,scipy_highs_with_fraction_check,,0.024699999812582973,2.632400000038615,0.2038000002357876,2.260599999317492,0.6852000005892478,0.24880000000848668,0.0004999992597731762,0.08200000047509093,0.09890000001178123,0.018400000044493936,0.022700000045006163,0.02479999966453761,0.057499999456922524
test_consistent_random_observations__022,test_consistent_random_observations,PASS,solve_q1,observations,4,4,8,8,5.035600000155682,POLYGON,4,17.23703770541595,8.618518852707975,12.988327921397024,4.369809068689049,False,scipy_with_fraction_check,scipy_highs_with_fraction_check,,0.057500000366417225,3.3759999996618717,0.10249999922962161,3.0290999993667356,1.2096000000383356,0.24619999931019265,0.0004999992597731762,0.0774000000092201,0.0974000004134723,0.017899999875226058,0.022400000489142258,0.029299999368959107,0.14630000077886507
test_consistent_random_observations__023,test_consistent_random_observations,PASS,solve_q1,observations,3,3,6,6,4.797499999767751,POLYGON,4,22.901170157771865,11.450585078885933,11.450585078885947,1.4210854715202004e-14,True,scipy_with_fraction_check,scipy_highs_with_fraction_check,,0.0289999998130952,2.659799999491952,0.03530000049067894,2.4853999993865727,1.771799999914947,0.27769999996962724,0.0006999998731771484,0.08040000011533266,0.12830000014218967,0.018400000044493936,0.022500000341096893,0.025899999855028,0.05920000057813013
test_consistent_random_observations__024,test_consistent_random_observations,PASS,solve_q1,observations,4,4,8,8,3.867000000354892,POLYGON,4,22.901170157771865,11.450585078885933,11.450585078885947,1.4210854715202004e-14,True,scipy_with_fraction_check,scipy_highs_with_fraction_check,,0.03119999928458128,2.13279999934457,0.0501000004078378,1.9296000009489944,1.3486999996530358,0.28360000032989774,0.0006000000212225132,0.0804999999672873,0.1301000002058572,0.01919999976962572,0.022200000785232987,0.02949999998236308,0.07070000174280722
test_consistent_random_observations__025,test_consistent_random_observations,PASS,solve_q1,observations,3,3,6,6,3.571600000213948,POLYGON,6,27.042483552084324,13.521241776042162,13.521241776042165,3.552713678800501e-15,True,scipy_with_fraction_check,scipy_highs_with_fraction_check,,0.025299999833805487,2.3722000005363952,0.03550000019458821,2.1754999997938285,0.6804000004194677,0.43199999981879955,0.0005000001692678779,0.1674999994065729,0.17490000027464703,0.027300000510877,0.029099999665049836,0.031399999897985253,0.061699999605480116
test_consistent_random_observations__026,test_consistent_random_observations,PASS,solve_q1,observations,4,4,8,8,3.748500000256172,POLYGON,6,23.07626034780428,11.53813017390214,12.427104819446122,0.888974645543982,False,scipy_with_fraction_check,scipy_highs_with_fraction_check,,0.025899999855028,1.967500000318978,0.0486999997519888,1.7640000014580437,1.3027000004512956,0.38380000023607863,0.0004999992597731762,0.17290000050707022,0.11350000022503082,0.02769999991869554,0.029400000130408444,0.038499999391206075,0.06859999939479167
test_consistent_random_observations__027,test_consistent_random_observations,PASS,solve_q1,observations,3,3,6,6,3.123299999970186,POLYGON,5,26.043564992928037,13.021782496464018,13.021782496464045,2.6645352591003757e-14,True,scipy_with_fraction_check,scipy_highs_with_fraction_check,,0.028699999347736593,2.0336000006864197,0.03710000055434648,1.8566999997347011,0.6606999995710794,0.34249999953317456,0.0006000000212225132,0.11700000050041126,0.14769999961572466,0.02320000021427404,0.024500000108673703,0.028100000236008782,0.05780000083177583
test_consistent_random_observations__028,test_consistent_random_observations,PASS,solve_q1,observations,4,4,8,8,4.87150000026304,POLYGON,4,19.227330645630182,9.613665322815091,9.613665322815091,0.0,True,scipy_with_fraction_check,scipy_highs_with_fraction_check,,0.05510000028152717,3.2013000000006286,0.10180000026593916,2.8403999986039707,1.1961000000155764,0.27850000060425373,0.0004999992597731762,0.08030000026337802,0.12479999986680923,0.01900000006571645,0.02210000002378365,0.0304000004689442,0.1404999993610545
test_consistent_random_observations__029,test_consistent_random_observations,PASS,solve_q1,observations,3,3,6,6,2.919599999586353,POLYGON,4,20.1296607114347,10.06483035571735,14.367509026165235,4.302678670447886,False,scipy_with_fraction_check,scipy_highs_with_fraction_check,,0.025899999855028,1.9640999998955522,0.03500000002532033,1.7859999989013886,0.6418999992092722,0.23069999951985665,0.0005000001692678779,0.07819999973435188,0.08640000032755779,0.019099999917671084,0.020700000277429353,0.024499999199179,0.05700000110664405
test_consistent_random_observations__030,test_consistent_random_observations,PASS,solve_q1,observations,4,4,8,8,3.49129999995057,POLYGON,4,20.1296607114347,10.06483035571735,14.367509026165235,4.302678670447886,False,scipy_with_fraction_check,scipy_highs_with_fraction_check,,0.026699999580159783,1.9913000005544745,0.04910000006930204,1.7886999994516373,1.166699999885168,0.23710000004939502,0.0005000001692678779,0.08280000020022271,0.08549999984097667,0.01849999989644857,0.02010000025620684,0.028499999643827323,0.06949999988137279
test_consistent_random_observations__031,test_consistent_random_observations,PASS,solve_q1,observations,3,3,6,6,4.458700000213867,POLYGON,5,21.155216366145474,10.577608183072737,10.577608183072753,1.5987211554602254e-14,True,scipy_with_fraction_check,scipy_highs_with_fraction_check,,0.02500000027794158,3.216999999494874,0.038800000766059384,3.0056000023250817,0.8070999992924044,0.34589999995660037,0.0006000000212225132,0.11519999952724902,0.152900000102818,0.022600000193051528,0.02409999979136046,0.0289999998130952,0.06370000119204633
test_consistent_random_observations__032,test_consistent_random_observations,PASS,solve_q1,observations,4,4,8,8,4.152499999690917,POLYGON,6,16.14808659371456,8.07404329685728,8.19821205992348,0.12416876306619962,False,scipy_with_fraction_check,scipy_highs_with_fraction_check,,0.026699999580159783,2.067799999167619,0.04940000053466065,1.8605000013849349,1.600499999767635,0.38949999998294516,0.0006000000212225132,0.16689999938535038,0.12100000003556488,0.028700000257231295,0.03300000025774352,0.038099999983387534,0.06800000119255856
test_consistent_random_observations__033,test_consistent_random_observations,PASS,solve_q1,observations,3,3,6,6,3.6817999998675077,POLYGON,6,19.567795610403557,9.783897805201779,9.783897805201779,0.0,True,scipy_with_fraction_check,scipy_highs_with_fraction_check,,0.024400000256719068,2.4260999998659827,0.034899999263870995,2.245799999400333,0.7085999995979364,0.466499999674852,0.0006000000212225132,0.172299999576353,0.1940000001923181,0.030299999707494862,0.03330000072310213,0.034699999559961725,0.056200000472017564
test_consistent_random_observations__034,test_consistent_random_observations,PASS,solve_q1,observations,4,4,8,8,4.167800000686839,POLYGON,6,19.567795610403557,9.783897805201779,9.783897805201779,0.0,True,scipy_with_fraction_check,scipy_highs_with_fraction_check,,0.030700000024808105,2.2241999995458173,0.05339999916031957,2.004399999350426,1.349399999526213,0.48770000012154924,0.0006000000212225132,0.18600000021251617,0.19429999974818202,0.030000000151630957,0.03329999981360743,0.04200000057608122,0.07580000146845123
test_consistent_random_observations__035,test_consistent_random_observations,PASS,solve_q1,observations,3,3,6,6,3.962599999795202,POLYGON,6,33.296676229903746,16.648338114951873,16.648338114951873,0.0,True,scipy_with_fraction_check,scipy_highs_with_fraction_check,,0.026599999728205148,2.289399999426678,0.03770000057556899,2.0902999995087157,1.1199000000488013,0.46520000068994705,0.0006000000212225132,0.15629999961674912,0.1959000001079403,0.033799999982875306,0.03500000002532033,0.04089999947609613,0.061499999901570845
test_consistent_random_observations__036,test_consistent_random_observations,PASS,solve_q1,observations,4,4,8,8,3.6249999993742676,POLYGON,5,18.03443480176642,9.01721740088321,9.758980307948145,0.7417629070649348,False,scipy_with_fraction_check,scipy_highs_with_fraction_check,,0.02680000034160912,1.9516000002113287,0.049000000217347406,1.7558000008648378,1.2665000003835303,0.31260000014299294,0.0006000000212225132,0.1247000000148546,0.103599999420112,0.023999999939405825,0.025800000003073364,0.032500000088475645,0.06749999829480657
test_consistent_random_observations__037,test_consistent_random_observations,PASS,solve_q1,observations,3,3,6,6,3.1336000001829234,POLYGON,5,29.430560528708686,14.715280264354343,14.715280264354346,3.552713678800501e-15,True,scipy_with_fraction_check,scipy_highs_with_fraction_check,,0.030800000786257442,2.035000000432774,0.035200000638724305,1.8571000000520144,0.6789999997636187,0.3316000002087094,0.0006000000212225132,0.11159999939991394,0.14319999991130317,0.0228000008064555,0.024199999643315095,0.02769999991869554,0.057199998991563916
test_consistent_random_observations__038,test_consistent_random_observations,PASS,solve_q1,observations,4,4,8,8,3.460799999629671,POLYGON,4,10.544068518967078,5.272034259483539,5.598583283384244,0.3265490239007045,False,scipy_with_fraction_check,scipy_highs_with_fraction_check,,0.027099999897473026,1.9814000006590504,0.04930000068270601,1.7809000000852393,1.1215000004085596,0.26330000036978163,0.0005999991117278114,0.07570000070700189,0.11859999995067483,0.01720000000204891,0.021299999389157165,0.02860000040527666,0.06749999829480657
test_consistent_random_observations__039,test_consistent_random_observations,PASS,solve_q1,observations,3,3,6,6,2.8679999995802063,POLYGON,4,17.212272665764843,8.606136332882421,14.230868743170147,5.624732410287725,False,scipy_with_fraction_check,scipy_highs_with_fraction_check,,0.024699999812582973,1.9136000000798958,0.035400000342633575,1.7425000005459879,0.6332999992082478,0.24029999985941686,0.0006999998731771484,0.07270000060088933,0.10459999975864775,0.017800000023271423,0.019699999938893598,0.023599999622092582,0.05610000062006293
test_consistent_random_observations__040,test_consistent_random_observations,PASS,solve_q1,observations,4,4,8,8,3.4737000005407026,POLYGON,4,17.212272665764843,8.606136332882421,14.230868743170147,5.624732410287725,False,scipy_with_fraction_check,scipy_highs_with_fraction_check,,0.02769999991869554,1.9473000002108165,0.04929999977321131,1.7503000008218805,1.1853999994855258,0.24570000005041948,0.0006000000212225132,0.07230000028357608,0.10599999950500205,0.017899999875226058,0.01990000055229757,0.02789999962260481,0.06760000087524531
test_consistent_random_observations__041,test_consistent_random_observations,PASS,solve_q1,observations,3,3,6,6,2.98079999993206,POLYGON,5,23.42281576551974,11.71140788275987,11.71140788275987,0.0,True,scipy_with_fraction_check,scipy_highs_with_fraction_check,,0.024399999347224366,1.9431999999142135,0.037400000110210385,1.7715999983920483,0.6266000000323402,0.3312999997433508,0.0006000000212225132,0.11339999946358148,0.1432999997632578,0.022000000171829015,0.024200000552809797,0.026699999580159783,0.055300000894931145
test_consistent_random_observations__042,test_consistent_random_observations,PASS,solve_q1,observations,4,4,8,8,3.7152999993850244,POLYGON,6,23.42281576551974,11.71140788275987,11.71140788275987,0.0,True,scipy_with_fraction_check,scipy_highs_with_fraction_check,,0.026000000616477337,2.0111000003453228,0.04979999994247919,1.8101999985447037,1.1861000002681976,0.4242999993948615,0.0006000000212225132,0.1581999995323713,0.17139999999926658,0.026700000489654485,0.028499999643827323,0.03769999966607429,0.06779999876016518
test_consistent_random_observations__043,test_consistent_random_observations,PASS,solve_q1,observations,3,3,6,6,2.783399999316316,POLYGON,3,11.57141590678283,5.785707953391415,9.737700054650201,3.951992101258786,False,scipy_with_fraction_check,scipy_highs_with_fraction_check,,0.02479999966453761,1.9325000002936576,0.03529999958118424,1.7620000007809722,0.6036000004314701,0.16540000069653615,0.0006000000212225132,0.045900000259280205,0.06920000032550888,0.011499999345687684,0.01720000000204891,0.019800000700342935,0.05709999823011458
test_consistent_random_observations__044,test_consistent_random_observations,PASS,solve_q1,observations,4,4,8,8,3.4897999994427664,POLYGON,4,11.564433577160434,5.782216788580217,9.44961523774773,3.6673984491675133,False,scipy_with_fraction_check,scipy_highs_with_fraction_check,,0.026900000193563756,1.9369000001461245,0.049000000217347406,1.7412000006515882,1.2072999998054001,0.25129999994533136,0.0006000000212225132,0.07589999950141646,0.10699999984353781,0.017300000763498247,0.020799999219889287,0.028200000087963417,0.06739999935234664
test_consistent_random_observations__045,test_consistent_random_observations,PASS,solve_q1,observations,3,3,6,6,2.9285999999046908,POLYGON,5,26.16949016307199,13.084745081535996,13.084745081535996,0.0,True,scipy_with_fraction_check,scipy_highs_with_fraction_check,,0.02500000027794158,1.8888999993578182,0.034899999263870995,1.720400001431699,0.6322999997792067,0.32750000082160113,0.0006000000212225132,0.11040000026696362,0.1401999998051906,0.024200000552809797,0.02409999979136046,0.02680000034160912,0.0548999996681232
test_consistent_random_observations__046,test_consistent_random_observations,PASS,solve_q1,observations,4,4,8,8,3.491800000119838,POLYGON,5,24.753980463880698,12.376990231940349,12.376990231940349,0.0,True,scipy_with_fraction_check,scipy_highs_with_fraction_check,,0.027300000510877,1.9173999999111402,0.049199999921256676,1.721999999062973,1.1426000000938075,0.33660000008239876,0.0005000001692678779,0.11309999990771757,0.14289999944594456,0.02170000061596511,0.024599999960628338,0.032500000088475645,0.06789999952161452
test_consistent_random_observations__047,test_consistent_random_observations,PASS,solve_q1,observations,3,3,6,6,3.040500000679458,POLYGON,4,26.12226229183838,13.06113114591919,18.469711911849167,5.408580765929978,False,scipy_with_fraction_check,scipy_highs_with_fraction_check,,0.0411000000895001,2.0506000000750646,0.036299999919719994,1.8759999993562815,0.6604999998671701,0.22360000002663583,0.0005000001692678779,0.07410000034724362,0.08470000011584489,0.017999999727180693,0.020700000277429353,0.02409999979136046,0.06470000062108738
test_consistent_random_observations__048,test_consistent_random_observations,PASS,solve_q1,observations,4,4,8,8,3.695999999763444,POLYGON,5,26.12226229183838,13.06113114591919,14.659043777974185,1.597912632054996,False,scipy_with_fraction_check,scipy_highs_with_fraction_check,,0.040299999454873614,2.021700000113924,0.049700000090524554,1.8219000012322795,1.269999999749416,0.2883000006477232,0.0006999998731771484,0.11189999986527255,0.09520000003249152,0.022199999875738285,0.02390000008745119,0.03300000025774352,0.07569999979750719
test_consistent_random_observations__049,test_consistent_random_observations,PASS,solve_q1,observations,3,3,6,6,3.4019000004263944,POLYGON,6,27.027300901021377,13.513650450510688,13.51365045051069,1.7763568394002505e-15,True,scipy_with_fraction_check,scipy_highs_with_fraction_check,,0.025399999685760122,2.1722999999838066,0.035200000638724305,1.9898999998986255,0.7040000000415603,0.4439000003912952,0.0005000001692678779,0.1708999998299987,0.1810000003388268,0.027600000066740904,0.031399999897985253,0.031200000194075983,0.0563000003239722
test_consistent_random_observations__050,test_consistent_random_observations,PASS,solve_q1,observations,4,4,8,8,3.838200000245706,POLYGON,6,27.027300901021377,13.513650450510688,13.51365045051069,1.7763568394002505e-15,True,scipy_with_fraction_check,scipy_highs_with_fraction_check,,0.030900000638212077,2.0129999993514502,0.053900000239082146,1.808000000892207,1.2701999994533253,0.4531999993560021,0.0006000000212225132,0.17239999942830764,0.18210000052931719,0.027600000066740904,0.03099999958067201,0.038299999687296804,0.07090000144671649
test_consistent_random_observations__051,test_consistent_random_observations,PASS,solve_q1,observations,3,3,6,6,3.7677000000257976,POLYGON,6,19.16836247120864,9.58418123560432,9.584181235604321,1.7763568394002505e-15,True,scipy_with_fraction_check,scipy_highs_with_fraction_check,,0.02570000015111873,1.9126999995933147,0.0351999997292296,1.7411999997420935,1.2275999997655163,0.5387999999584281,0.0006000000212225132,0.1692000005277805,0.20459999996091938,0.07869999990361976,0.04960000023856992,0.03459999970800709,0.06290000055741984
test_consistent_random_observations__052,test_consistent_random_observations,PASS,solve_q1,observations,4,4,8,8,3.58929999947577,POLYGON,5,19.13245016188425,9.566225080942125,9.566225080942147,2.1316282072803006e-14,True,scipy_with_fraction_check,scipy_highs_with_fraction_check,,0.02680000034160912,1.9262999994680285,0.049199999921256676,1.7293000000790926,1.2314999994487152,0.33629999961704016,0.0006000000212225132,0.11069999982282752,0.1443999999537482,0.022700000045006163,0.02370000038354192,0.03300000025774352,0.0684000006003771
test_consistent_random_observations__053,test_consistent_random_observations,PASS,solve_q1,observations,3,3,6,6,3.1064000004334957,POLYGON,6,20.640998148375722,10.320499074187861,10.83522584747656,0.5147267732886984,False,scipy_with_fraction_check,scipy_highs_with_fraction_check,,0.025499999537714757,1.9240000001445878,0.03599999945436139,1.7526999990877812,0.6834000005255803,0.4177000000709086,0.0004999992597731762,0.15870000061113387,0.17070000012608944,0.026199999410891905,0.0289999998130952,0.03130000004603062,0.05580000015470432
test_consistent_random_observations__054,test_consistent_random_observations,PASS,solve_q1,observations,4,4,8,8,3.8323999997373903,POLYGON,6,19.3220843499491,9.66104217497455,9.88734038608564,0.2262982111110894,False,scipy_with_fraction_check,scipy_highs_with_fraction_check,,0.027300000510877,2.0264000004317495,0.04960000023856992,1.8213000003015622,1.2638999996852363,0.44470000011642696,0.0006000000212225132,0.16959999993559904,0.17750000006344635,0.027799999770650174,0.030299999707494862,0.03770000057556899,0.0700999989931006
test_consistent_random_observations__055,test_consistent_random_observations,PASS,solve_q1,observations,3,3,6,6,2.9715000000578584,POLYGON,4,26.501167804557774,13.250583902278887,13.250583902278898,1.0658141036401503e-14,True,scipy_with_fraction_check,scipy_highs_with_fraction_check,,0.025899999855028,1.9766000004892703,0.035000000934815034,1.8068999988827272,0.6616000000576605,0.25099999947997276,0.0006000000212225132,0.07230000028357608,0.11649999942164868,0.01700000029813964,0.019400000383029692,0.023799999326001853,0.056400000175926834
test_consistent_random_observations__056,test_consistent_random_observations,PASS,solve_q1,observations,4,4,8,8,4.402800000207208,POLYGON,5,22.805573939008273,11.402786969504136,11.402786969504136,0.0,True,scipy_with_fraction_check,scipy_highs_with_fraction_check,,0.02930000027845381,2.3363999998764484,0.04929999886371661,2.1075000004202593,1.6168000001925975,0.3483000000414904,0.0004999992597731762,0.11590000030992087,0.14620000001741573,0.026300000172341242,0.024699999812582973,0.0335000004270114,0.07199999981821747
test_consistent_random_observations__057,test_consistent_random_observations,PASS,solve_q1,observations,3,3,6,6,3.5141000007570256,POLYGON,6,23.313649856317966,11.656824928158983,12.642625586619552,0.985800658460569,False,scipy_with_fraction_check,scipy_highs_with_fraction_check,,0.0349000001733657,2.2080999997342587,0.04799999987881165,2.0039000000906526,0.7108999998308718,0.4816999999093241,0.0005000001692678779,0.18319999981031287,0.19659999998111743,0.03079999987676274,0.03389999983482994,0.035200000638724305,0.07850000110920519
test_consistent_random_observations__058,test_consistent_random_observations,PASS,solve_q1,observations,4,4,8,8,7.744099999399623,POLYGON,6,17.74052334003286,8.87026167001643,9.003924806230152,0.13366313621372328,False,scipy_with_fraction_check,scipy_highs_with_fraction_check,,0.02989999939018162,3.467500000624568,0.052800000048591755,3.218699999706587,3.682499999740685,0.478099999781989,0.0007999997251317836,0.18680000084714266,0.18060000002151355,0.030399999559449498,0.03310000010969816,0.044499999603431206,0.08609999986219918
test_consistent_random_observations__059,test_consistent_random_observations,PASS,solve_q1,observations,3,3,6,6,3.3167999999932363,POLYGON,6,24.78525038879993,12.392625194399965,16.236553279870343,3.8439280854703775,False,scipy_with_fraction_check,scipy_highs_with_fraction_check,,0.02719999974942766,2.017400000113412,0.03620000006776536,1.844500001425331,0.7353000000875909,0.4787999996551662,0.0005000001692678779,0.19069999962084694,0.18700000055105193,0.030299999707494862,0.03399999968678458,0.03470000046945643,0.05810000038763974
test_consistent_random_observations__060,test_consistent_random_observations,PASS,solve_q1,observations,4,4,8,8,3.7217999997665174,POLYGON,4,18.306402758889053,9.153201379444527,11.216273141037888,2.0630717615933616,False,scipy_with_fraction_check,scipy_highs_with_fraction_check,,0.02969999968627235,2.0854000003964757,0.053499999921768904,1.87629999982164,1.2715000002572197,0.26049999996757833,0.0006999998731771484,0.07960000039020088,0.11069999982282752,0.017700000171316788,0.021899999410379678,0.028700000257231295,0.07469999945897143
test_consistent_random_observations__061,test_consistent_random_observations,PASS,solve_q1,observations,3,3,6,6,3.2366999994337675,POLYGON,5,19.613576799317446,9.806788399658723,11.905041925636667,2.0982535259779436,False,scipy_with_fraction_check,scipy_highs_with_fraction_check,,0.02750000021478627,2.0881999998891843,0.03819999892584747,1.90290000045934,0.7147000005716109,0.3446000000622007,0.0006000000212225132,0.1202000003104331,0.14069999997445848,0.02519999998185085,0.028599999495781958,0.028000000384054147,0.061699998695985414
test_consistent_random_observations__062,test_consistent_random_observations,PASS,solve_q1,observations,4,4,8,8,4.186099999969883,POLYGON,6,19.613576799317446,9.806788399658723,11.905041925636667,2.0982535259779436,False,scipy_with_fraction_check,scipy_highs_with_fraction_check,,0.031099999432626646,2.1164999998291023,0.05449999935080996,1.8999999992956873,1.363600000331644,0.5977000000711996,0.0006000000212225132,0.1855000000432483,0.30309999965538736,0.030500000320898835,0.03420000030018855,0.042299999222450424,0.07720000030531082
test_consistent_random_observations__063,test_consistent_random_observations,PASS,solve_q1,observations,3,3,6,6,3.2490999992660363,POLYGON,3,27.501756484920143,13.750878242460072,21.756944316203334,8.006066073743263,False,scipy_with_fraction_check,scipy_highs_with_fraction_check,,0.030399999559449498,2.2746000004190137,0.04089999947609613,2.0738000002893386,0.6837000000814442,0.19720000000233995,0.0006000000212225132,0.04850000004807953,0.08459999935439555,0.012200000128359534,0.017899999875226058,0.03199999991920777,0.06319999920378905
test_consistent_random_observations__064,test_consistent_random_observations,PASS,solve_q1,observations,4,4,8,8,3.7894999995842227,POLYGON,4,27.308153297295792,13.654076648647896,21.576154414551368,7.922077765903472,False,scipy_with_fraction_check,scipy_highs_with_fraction_check,,0.02769999991869554,2.1138000001883483,0.05189999865251593,1.8994000001839595,1.2953999994351761,0.2807000000757398,0.0006000000212225132,0.08490000072924886,0.12009999954898376,0.01990000055229757,0.023999999939405825,0.029599999834317714,0.07189999996626284
test_consistent_random_observations__065,test_consistent_random_observations,PASS,solve_q1,observations,3,3,6,6,3.6970999999539345,POLYGON,4,22.910479182973717,11.455239591486858,14.480793803952906,3.025554212466048,False,scipy_with_fraction_check,scipy_highs_with_fraction_check,,0.02790000053209951,2.3651000001336797,0.03760000072361436,2.1602999995593564,0.8827999999994063,0.3575000000637374,0.0007000007826718502,0.11089999952673679,0.15460000031453092,0.024899999516492244,0.031800000215298496,0.03300000025774352,0.06379999922501156
test_consistent_random_observations__066,test_consistent_random_observations,PASS,solve_q1,observations,4,4,8,8,4.301699999814446,POLYGON,4,22.910479182973717,11.455239591486858,14.480793803952906,3.025554212466048,False,scipy_with_fraction_check,scipy_highs_with_fraction_check,,0.029099999665049836,2.112699999997858,0.05019999935029773,1.9054000003961846,1.7985000004046015,0.2764999999271822,0.0006000000212225132,0.08239999988290947,0.11670000003505265,0.019600000086938962,0.024899999516492244,0.030800000786257442,0.08489999981975416
test_consistent_random_observations__067,test_consistent_random_observations,PASS,solve_q1,observations,3,3,6,6,3.4115999997084145,POLYGON,6,23.685923450406495,11.842961725203248,12.485129755085659,0.6421680298824111,False,scipy_with_fraction_check,scipy_highs_with_fraction_check,,0.025999999706982635,2.130099999703816,0.036300000829214696,1.9449000010354212,0.7486000004064408,0.44830000024376204,0.0006000000212225132,0.18339999951422215,0.16630000027362257,0.030000000151630957,0.032899999496294186,0.03370000013092067,0.058599999647412915
test_consistent_random_observations__068,test_consistent_random_observations,PASS,solve_q1,observations,4,4,8,8,4.042300000037358,POLYGON,6,23.685923450406495,11.842961725203248,12.485129755085659,0.6421680298824111,False,scipy_with_fraction_check,scipy_highs_with_fraction_check,,0.02769999991869554,2.120199999808392,0.05090000013296958,1.9107999996776925,1.376499999423686,0.44830000024376204,0.0006999998731771484,0.1762000001690467,0.16479999976581894,0.030000000151630957,0.0320999997711624,0.043000000005122274,0.06960000064282212
test_consistent_random_observations__069,test_consistent_random_observations,PASS,solve_q1,observations,3,3,6,6,3.281799999967916,POLYGON,6,29.232435042508126,14.616217521254063,15.951188646296263,1.3349711250422,False,scipy_with_fraction_check,scipy_highs_with_fraction_check,,0.025200000891345553,2.0818000002691406,0.03790000027947826,1.8994999982169247,0.6984000001466484,0.4186999994999496,0.0005000001692678779,0.1675000003160676,0.15749999965919415,0.0289999998130952,0.029800000447721686,0.03279999964433955,0.057699999160831794
test_consistent_random_observations__070,test_consistent_random_observations,PASS,solve_q1,observations,4,4,8,8,4.129299999476643,POLYGON,6,28.159568871784522,14.079784435892261,14.370238372068785,0.29045393617652415,False,scipy_with_fraction_check,scipy_highs_with_fraction_check,,0.03020000076503493,2.193099999203696,0.05310000051395036,1.9671000000016647,1.3966999995318474,0.4349000000729575,0.0006999998731771484,0.19109999993816018,0.1391000005241949,0.02880000010918593,0.03199999991920777,0.04179999996267725,0.07439999990310753
test_consistent_random_observations__071,test_consistent_random_observations,PASS,solve_q1,observations,3,3,6,6,3.4550999998828047,POLYGON,6,34.37106650367972,17.18553325183986,17.185533251839885,2.4868995751603507e-14,True,scipy_with_fraction_check,scipy_highs_with_fraction_check,,0.03459999970800709,2.1244999998089042,0.04170000011072261,1.932900000610971,0.7226000006994582,0.46920000022510067,0.0006999998731771484,0.18000000000029104,0.1905999997688923,0.030000000151630957,0.03199999991920777,0.03440000000409782,0.10419999944133451
test_consistent_random_observations__072,test_consistent_random_observations,PASS,solve_q1,observations,4,4,8,8,4.896299999927578,POLYGON,6,18.940515556184263,9.470257778092131,11.807226706537218,2.3369689284450867,False,scipy_with_fraction_check,scipy_highs_with_fraction_check,,0.03600000036385609,2.399699999841687,0.05359999886422884,2.1645999995598686,1.6654000000926317,0.7144000001062523,0.0009000004865811206,0.2798999994411133,0.2761000005193637,0.044800000068789814,0.04759999956149841,0.06289999964792514,0.0807999995231512
test_consistent_random_observations__073,test_consistent_random_observations,PASS,solve_q1,observations,3,3,6,6,3.299699999843142,POLYGON,5,20.50021025576835,10.250105127884176,10.702091804762697,0.451986676878521,False,scipy_with_fraction_check,scipy_highs_with_fraction_check,,0.0289999998130952,2.1058000002085464,0.03870000000461005,1.9233000002714107,0.7375999994110316,0.3636999999798718,0.0005000001692678779,0.12900000001536682,0.15019999955256935,0.025100000129896216,0.02700000004551839,0.030199999855540227,0.06360000043059699
test_consistent_random_observations__074,test_consistent_random_observations,PASS,solve_q1,observations,4,4,8,8,5.166599999938626,POLYGON,6,20.50021025576835,10.250105127884176,10.493607449875348,0.24350232199117272,False,scipy_with_fraction_check,scipy_highs_with_fraction_check,,0.03199999991920777,2.823300000272866,0.06409999969037017,2.5437999984205817,1.7436000007364783,0.488700000460085,0.0006000000212225132,0.18430000000080327,0.19359999987500487,0.030399999559449498,0.03330000072310213,0.04469999930734048,0.07899999854998896
test_consistent_random_observations__075,test_consistent_random_observations,PASS,solve_q1,observations,3,3,6,6,3.691199999593664,POLYGON,6,26.153691291495313,13.076845645747657,18.006338139936368,4.929492494188711,False,scipy_with_fraction_check,scipy_highs_with_fraction_check,,0.028299999939918052,2.180399999815563,0.03899999956047395,1.9846000004690723,0.8639999996375991,0.5553000000872998,0.0006999998731771484,0.2227000004495494,0.21499999911611667,0.03760000072361436,0.0380000001314329,0.039599999581696466,0.06320000011328375
test_consistent_random_observations__076,test_consistent_random_observations,PASS,solve_q1,observations,4,4,8,8,4.089699999894947,POLYGON,5,23.89694708567158,11.94847354283579,11.94847354283579,0.0,True,scipy_with_fraction_check,scipy_highs_with_fraction_check,,0.02930000027845381,2.156400000785652,0.053200000365905,1.9325000002936576,1.4134000002741232,0.41650000002846355,0.0006000000212225132,0.13919999946665484,0.17890000071929535,0.026400000024295878,0.02789999962260481,0.042100000428035855,0.07409999852825422
test_consistent_random_observations__077,test_consistent_random_observations,PASS,solve_q1,observations,3,3,6,6,3.358500000103959,POLYGON,5,22.85584481912781,11.427922409563905,14.443539326102059,3.0156169165381534,False,scipy_with_fraction_check,scipy_highs_with_fraction_check,,0.0335000004270114,2.1374999996623956,0.03840000044874614,1.9499999998515705,0.7394999993266538,0.38519999998243293,0.0008000006346264854,0.1326000001427019,0.167199999850709,0.025100000129896216,0.028299999939918052,0.02969999968627235,0.06280000070546521
test_consistent_random_observations__078,test_consistent_random_observations,PASS,solve_q1,observations,4,4,8,8,4.230900000038673,POLYGON,5,20.079376434589125,10.039688217294563,12.715990388422426,2.6763021711278636,False,scipy_with_fraction_check,scipy_highs_with_fraction_check,,0.03590000051190145,2.300999999533815,0.053899999329587445,2.0806000002266956,1.4186999997036764,0.3974999999627471,0.0006000000212225132,0.13360000048123766,0.1702999998087762,0.025299999833805487,0.02880000010918593,0.03730000025825575,0.07780000032653334
test_consistent_random_observations__079,test_consistent_random_observations,PASS,solve_q1,observations,3,3,6,6,3.30500000018219,POLYGON,5,23.599418860013905,11.799709430006953,12.094476571657177,0.2947671416502242,False,scipy_with_fraction_check,scipy_highs_with_fraction_check,,0.030499999411404133,2.1151999999347026,0.038500000300700776,1.9339999998919666,0.7412000004478614,0.3541999994922662,0.0006000000212225132,0.13310000031196978,0.1300999992963625,0.027099999897473026,0.029000000722589903,0.03299999934824882,0.0639000008959556
test_consistent_random_observations__080,test_consistent_random_observations,PASS,solve_q1,observations,4,4,8,8,4.013499999928172,POLYGON,5,22.712282643557256,11.356141321778628,11.356141321778631,3.552713678800501e-15,True,scipy_with_fraction_check,scipy_highs_with_fraction_check,,0.02990000029967632,2.218200000243087,0.05359999977372354,2.000400000724767,1.324400000157766,0.36639999962062575,0.0006000000212225132,0.11919999997189734,0.15749999965919415,0.025100000129896216,0.026200000320386607,0.03639999977167463,0.0745999996070168
test_consistent_random_observations__081,test_consistent_random_observations,PASS,solve_q1,observations,3,3,6,6,3.4858999997595674,POLYGON,6,32.289195351864606,16.144597675932303,16.144597675932314,1.0658141036401503e-14,True,scipy_with_fraction_check,scipy_highs_with_fraction_check,,0.030800000786257442,2.147500000319269,0.037799999518028926,1.9614000002547982,0.7519999999203719,0.49339999986841576,0.0006000000212225132,0.19599999995989492,0.1976000003196532,0.02949999998236308,0.03389999983482994,0.03440000000409782,0.06219999886525329
test_consistent_random_observations__082,test_consistent_random_observations,PASS,solve_q1,observations,4,4,8,8,3.99219999962952,POLYGON,6,26.3166136858927,13.15830684294635,13.39473235983642,0.23642551689006908,False,scipy_with_fraction_check,scipy_highs_with_fraction_check,,0.026499999876250513,2.0119000000704546,0.050299999202252366,1.8098000000463799,1.4153000001897453,0.4687000000558328,0.0006000000212225132,0.1830000001064036,0.18009999985224567,0.029099999665049836,0.03240000023652101,0.042099999518541154,0.06979999943723669
test_consistent_random_observations__083,test_consistent_random_observations,PASS,solve_q1,observations,3,3,6,6,3.3233000003747293,POLYGON,4,17.528363083493996,8.764181541746998,11.130370220725672,2.3661886789786735,False,scipy_with_fraction_check,scipy_highs_with_fraction_check,,0.02679999943211442,2.2276999998211977,0.03809999907389283,2.0281999995859223,0.7470000000466825,0.2587000008134055,0.0006999998731771484,0.0839000003907131,0.1019000001178938,0.019499999325489625,0.02300000051036477,0.028100000236008782,0.06310000026132911
test_consistent_random_observations__084,test_consistent_random_observations,PASS,solve_q1,observations,4,4,8,8,3.6590999998225016,POLYGON,5,17.528363083493996,8.764181541746998,9.469959750907634,0.7057782091606359,False,scipy_with_fraction_check,scipy_highs_with_fraction_check,,0.03500000002532033,1.9941000000471831,0.06029999985912582,1.77830000029644,1.2592000002769055,0.2995999993800069,0.0005000001692678779,0.11590000030992087,0.10019999990618089,0.022700000045006163,0.024899999516492244,0.03389999983482994,0.07120000009308569
test_consistent_random_observations__085,test_consistent_random_observations,PASS,solve_q1,observations,3,3,6,6,3.2117000000653206,POLYGON,6,32.314230614523254,16.157115307261627,16.157115307261634,7.105427357601002e-15,True,scipy_with_fraction_check,scipy_highs_with_fraction_check,,0.04059999992023222,1.98270000055345,0.041599999349273276,1.8051999986710143,0.6874000000607339,0.4376999995656661,0.0006000000212225132,0.16790000063338084,0.1778999994712649,0.028000000384054147,0.030899999728717376,0.03130000004603062,0.06329999996523838
test_consistent_random_observations__086,test_consistent_random_observations,PASS,solve_q1,observations,4,4,8,8,3.9385000000038417,POLYGON,6,32.314230614523254,16.157115307261627,16.157115307261634,7.105427357601002e-15,True,scipy_with_fraction_check,scipy_highs_with_fraction_check,,0.02989999939018162,2.0150000000285218,0.05450000026030466,1.8071999984385911,1.360000000204309,0.46239999937824905,0.0004999992597731762,0.18210000052931719,0.18000000000029104,0.028599999495781958,0.031100000342121348,0.03870000000461005,0.0712000010025804
test_consistent_random_observations__087,test_consistent_random_observations,PASS,solve_q1,observations,3,3,6,6,2.9548000002250774,POLYGON,4,31.775242378748,15.887621189374,20.00510059847413,4.117479409100129,False,scipy_with_fraction_check,scipy_highs_with_fraction_check,,0.025499999537714757,1.9793000001300243,0.035400000342633575,1.807100000405626,0.6521000004795496,0.24149999990186188,0.0005000001692678779,0.08849999994708924,0.08710000020073494,0.017899999875226058,0.022400000489142258,0.023899999177956488,0.056400000175926834
test_consistent_random_observations__088,test_consistent_random_observations,PASS,solve_q1,observations,4,4,8,8,3.7675999992643483,POLYGON,5,31.775242378748,15.887621189374,15.88762118937401,8.881784197001252e-15,True,scipy_with_fraction_check,scipy_highs_with_fraction_check,,0.026499999876250513,2.0177000005787704,0.049199999921256676,1.8157999993491103,1.2943000001541805,0.3597999993871781,0.0005000001692678779,0.12319999950705096,0.15129999974305974,0.022500000341096893,0.02719999974942766,0.033799999982875306,0.06929999926796881
test_consistent_random_observations__089,test_consistent_random_observations,PASS,solve_q1,observations,3,3,6,6,3.319999999803258,POLYGON,6,26.69702640099359,13.348513200496795,14.291716547498476,0.9432033470016812,False,scipy_with_fraction_check,scipy_highs_with_fraction_check,,0.025499999537714757,2.137800000127754,0.03550000019458821,1.9591000000218628,0.6966000000829808,0.4031999997096136,0.0005000001692678779,0.1640999998926418,0.14879999980621506,0.02769999991869554,0.028899999961140566,0.03190000006725313,0.05690000034519471
test_consistent_random_observations__090,test_consistent_random_observations,PASS,solve_q1,observations,4,4,8,8,3.827900000032969,POLYGON,6,26.69702640099359,13.348513200496795,13.893042689463496,0.5445294889667007,False,scipy_with_fraction_check,scipy_highs_with_fraction_check,,0.027099999897473026,2.036799999586947,0.04929999977321131,1.8331999999645632,1.2907999998788,0.40439999975205865,0.0005000001692678779,0.167199999850709,0.14040000041859457,0.02750000021478627,0.028899999961140566,0.03860000015265541,0.06880000091769034
test_consistent_random_observations__091,test_consistent_random_observations,PASS,solve_q1,observations,3,3,6,6,4.381400000056601,POLYGON,6,32.37987472002551,16.189937360012756,16.189937360012784,2.842170943040401e-14,True,scipy_with_fraction_check,scipy_highs_with_fraction_check,,0.025299999833805487,1.995800000258896,0.03500000002532033,1.8239999999423162,1.4927000001989654,0.8084000000962988,0.0006000000212225132,0.19019999945157906,0.22330000047077192,0.2060999995592283,0.040500000068277586,0.1458000006095972,0.05919999966863543
test_consistent_random_observations__092,test_consistent_random_observations,PASS,solve_q1,observations,4,4,8,8,4.330299999310228,POLYGON,5,23.02189947628377,11.510949738141885,12.33058192805251,0.8196321899106245,False,scipy_with_fraction_check,scipy_highs_with_fraction_check,,0.04689999968832126,2.2570000000996515,0.05430000055639539,2.050200000667246,1.3539999999920838,0.5883999992875033,0.0012999998943996616,0.23270000019692816,0.26669999988371274,0.024199999643315095,0.02680000034160912,0.03459999970800709,0.08400000024266774
test_consistent_random_observations__093,test_consistent_random_observations,PASS,solve_q1,observations,3,3,6,6,3.335500000503089,POLYGON,5,25.155948285436285,12.577974142718142,12.577974142718169,2.6645352591003757e-14,True,scipy_with_fraction_check,scipy_highs_with_fraction_check,,0.04929999977321131,2.1336000008886913,0.039000000469968654,1.9395999988773838,0.7121999997252715,0.3723999998328509,0.0006000000212225132,0.12960000003658934,0.16119999963848386,0.02390000008745119,0.02700000004551839,0.028700000257231295,0.06800000028306386
test_consistent_random_observations__094,test_consistent_random_observations,PASS,solve_q1,observations,4,4,8,8,3.7415999995573657,POLYGON,5,25.155948285436285,12.577974142718142,12.577974142718169,2.6645352591003757e-14,True,scipy_with_fraction_check,scipy_highs_with_fraction_check,,0.026699999580159783,1.9589000003179535,0.04890000036539277,1.7609999995329417,1.3259000006655697,0.3601000007620314,0.0006000000212225132,0.1233000002685003,0.15100000018719584,0.023499999770137947,0.026599999728205148,0.03390000074432464,0.06999999823165126
test_consistent_random_observations__095,test_consistent_random_observations,PASS,solve_q1,observations,3,3,6,6,2.9913999997006613,POLYGON,3,12.782323619368027,6.3911618096840135,7.829863511063272,1.4387017013792587,False,scipy_with_fraction_check,scipy_highs_with_fraction_check,,0.024599999960628338,2.0525999998426414,0.03529999958118424,1.8810000010489603,0.6688999992547906,0.1886000000013155,0.0005000001692678779,0.05019999935029773,0.08590000015828991,0.012200000128359534,0.01809999957913533,0.020500000573520083,0.05670000064128544
test_consistent_random_observations__096,test_consistent_random_observations,PASS,solve_q1,observations,4,4,8,8,3.5875999992640573,POLYGON,3,12.782323619368027,6.3911618096840135,7.829863511063272,1.4387017013792587,False,scipy_with_fraction_check,scipy_highs_with_fraction_check,,0.026499999876250513,2.006700000492856,0.04939999962516595,1.8006999998760875,1.2862000003224239,0.19470000006549526,0.0006000000212225132,0.05000000055588316,0.08739999975659885,0.012800000149582047,0.018900000213761814,0.023699999474047218,0.0734999985070317
test_consistent_random_observations__097,test_consistent_random_observations,PASS,solve_q1,observations,3,3,6,6,3.054099999644677,POLYGON,5,27.910956732580164,13.955478366290082,14.039927292386345,0.08444892609626287,False,scipy_with_fraction_check,scipy_highs_with_fraction_check,,0.024500000108673703,1.96219999997993,0.036100000215810724,1.7740000002959277,0.6621999991693883,0.3431000004638918,0.0006000000212225132,0.11989999984507449,0.13410000065050554,0.023599999622092582,0.035600000046542846,0.028200000087963417,0.06209999992279336
test_consistent_random_observations__098,test_consistent_random_observations,PASS,solve_q1,observations,4,4,8,8,3.5951999998360407,POLYGON,5,20.24829273239503,10.124146366197515,10.124146366197515,0.0,True,scipy_with_fraction_check,scipy_highs_with_fraction_check,,0.027499999305291567,1.9807999997283332,0.049000000217347406,1.7805999996198807,1.1810999994850135,0.33910000001924345,0.0005000001692678779,0.1128999992943136,0.1443999999537482,0.022200000785232987,0.02519999998185085,0.03259999994043028,0.0667000012981589
test_consistent_random_observations__099,test_consistent_random_observations,PASS,solve_q1,observations,3,3,6,6,3.8194999997358536,POLYGON,5,25.190219572291205,12.595109786145603,12.595109786145613,1.0658141036401503e-14,True,scipy_with_fraction_check,scipy_highs_with_fraction_check,,0.024900000425986946,2.743999999438529,0.03499999911582563,2.5754000007509603,0.6593999996766797,0.3349999997226405,0.0006000000212225132,0.11249999988649506,0.14599999940401176,0.023100000362319406,0.023999999939405825,0.027600000066740904,0.056200000472017564
test_consistent_random_observations__100,test_consistent_random_observations,PASS,solve_q1,observations,4,4,8,8,3.9037999995343853,POLYGON,6,24.363353693465573,12.181676846732787,12.18167684673281,2.3092638912203256e-14,True,scipy_with_fraction_check,scipy_highs_with_fraction_check,,0.026900000193563756,2.0322999998825253,0.054600000112259295,1.8153000000893371,1.328599999396829,0.4467999997359584,0.0004999992597731762,0.16880000021046726,0.178799999957846,0.028700000257231295,0.029799999538226984,0.03860000015265541,0.06920000032550888
test_consistent_random_observations__101,test_consistent_random_observations,PASS,solve_q1,observations,3,3,6,6,3.008199999385397,POLYGON,4,23.416704374856483,11.708352187428241,14.576318795022905,2.8679666075946635,False,scipy_with_fraction_check,scipy_highs_with_fraction_check,,0.02969999968627235,2.017300000261457,0.035200000638724305,1.845300000240968,0.6567999998878804,0.24779999966995092,0.0005000001692678779,0.07790000017848797,0.10509999992791563,0.018599999748403206,0.020600000425474718,0.023899999177956488,0.056599999879836105
test_consistent_random_observations__102,test_consistent_random_observations,PASS,solve_q1,observations,4,4,8,8,5.3145000001677545,POLYGON,5,22.962850530763838,11.481425265381919,14.573144827573994,3.0917195621920754,False,scipy_with_fraction_check,scipy_highs_with_fraction_check,,0.027299999601382297,3.6387999998623854,0.049199999921256676,3.426299998864124,1.2537000002339482,0.32589999955234816,0.0006000000212225132,0.11959999937971588,0.12450000031094532,0.022700000045006163,0.024400000256719068,0.032899999496294186,0.06880000091769034
test_consistent_random_observations__103,test_consistent_random_observations,PASS,solve_q1,observations,3,3,6,6,2.921000000242202,POLYGON,3,20.27150907190812,10.13575453595406,15.720415808989546,5.584661273035486,False,scipy_with_fraction_check,scipy_highs_with_fraction_check,,0.02719999974942766,1.9976999992650235,0.03550000019458821,1.8251999990752665,0.6458999996539205,0.19209999936720124,0.0005000001692678779,0.046799999836366624,0.09379999937664252,0.012100000276404899,0.017100000150094274,0.02049999966402538,0.05810000220662914
test_consistent_random_observations__104,test_consistent_random_observations,PASS,solve_q1,observations,4,4,8,8,3.784999999879801,POLYGON,4,19.30347510956782,9.65173755478391,14.952746389677008,5.301008834893098,False,scipy_with_fraction_check,scipy_highs_with_fraction_check,,0.031799999305803794,2.1384000001489767,0.049199999921256676,1.9371000007595285,1.2745000003633322,0.2705999995669117,0.0004999992597731762,0.07900000036897836,0.12229999992996454,0.018599999748403206,0.02029999996011611,0.028700000257231295,0.06970000049477676
test_consistent_random_observations__105,test_consistent_random_observations,PASS,solve_q1,observations,3,3,6,6,4.575500000100874,POLYGON,4,18.01940247065873,9.009701235329365,12.127138136436844,3.11743690110748,False,scipy_with_fraction_check,scipy_highs_with_fraction_check,,0.02519999998185085,2.457900000081281,0.0349000010828604,2.2730999990017153,0.6935000001249136,1.3405999998212792,0.0006000000212225132,0.08569999954488594,0.09000000045489287,0.01919999976962572,1.1104999994131504,0.03280000055383425,0.05830000009154901
test_consistent_random_observations__106,test_consistent_random_observations,PASS,solve_q1,observations,4,4,8,8,3.7019000001237146,POLYGON,4,18.01940247065873,9.009701235329365,12.127138136436844,3.11743690110748,False,scipy_with_fraction_check,scipy_highs_with_fraction_check,,0.027499999305291567,2.174600000216742,0.050499998906161636,1.9188999995094491,1.1932000006709131,0.2372999997533043,0.0005000001692678779,0.08100000013655517,0.08609999986219918,0.017600000319362152,0.022199999875738285,0.028599999495781958,0.06930000017746352
test_consistent_random_observations__107,test_consistent_random_observations,PASS,solve_q1,observations,3,3,6,6,3.3164999995278777,POLYGON,6,24.785486220032382,12.392743110016191,15.082403507669817,2.6896603976536255,False,scipy_with_fraction_check,scipy_highs_with_fraction_check,,0.02500000027794158,2.094799999213137,0.03549999928509351,1.9043000002056942,0.7091999996191589,0.430400000368536,0.0005000001692678779,0.1720000000204891,0.16649999997753184,0.027600000066740904,0.030100000003585592,0.03239999932702631,0.05710000004910398
test_consistent_random_observations__108,test_consistent_random_observations,PASS,solve_q1,observations,4,4,8,8,4.170899999735411,POLYGON,6,24.169381095836204,12.084690547918102,12.084690547918102,0.0,True,scipy_with_fraction_check,scipy_highs_with_fraction_check,,0.028100000236008782,2.0822999995289138,0.049899999794433825,1.8763999996735947,1.5054999994390528,0.47989999984565657,0.0006000000212225132,0.189200000022538,0.19040000006498303,0.028100000236008782,0.031200000194075983,0.03899999956047395,0.07510000068577938
test_consistent_random_observations__109,test_consistent_random_observations,PASS,solve_q1,observations,3,3,6,6,3.2787000000098487,POLYGON,6,32.62811081792988,16.31405540896494,19.52154664493904,3.2074912359741,False,scipy_with_fraction_check,scipy_highs_with_fraction_check,,0.02519999998185085,2.039400000285241,0.03499999911582563,1.8566999997347011,0.6978999999773805,0.45789999967382755,0.0006000000212225132,0.18659999932424398,0.17800000023271423,0.027300000510877,0.03219999962311704,0.03199999991920777,0.05830000009154901
test_consistent_random_observations__110,test_consistent_random_observations,PASS,solve_q1,observations,4,4,8,8,4.400799999530136,POLYGON,6,32.62110437306821,16.310552186534107,19.691313439996883,3.380761253462776,False,scipy_with_fraction_check,scipy_highs_with_fraction_check,,0.02930000027845381,2.3305000004256726,0.050999999075429514,2.090400000270165,1.5636999996786471,0.40360000002692686,0.0006000000212225132,0.17939999997906853,0.12340000012045493,0.027299999601382297,0.032300000384566374,0.03909999941242859,0.07369999912043568
test_consistent_random_observations__111,test_consistent_random_observations,PASS,solve_q1,observations,3,3,6,6,3.261600000769249,POLYGON,6,23.92802564192114,11.96401282096057,16.54500973528699,4.58099691432642,False,scipy_with_fraction_check,scipy_highs_with_fraction_check,,0.026400000024295878,2.075399999739602,0.03619999915827066,1.8974000013258774,0.719300000127987,0.38239999958022963,0.0006000000212225132,0.17219999972439837,0.11799999992945231,0.02750000021478627,0.030300000616989564,0.03249999917898094,0.05810000129713444
test_consistent_random_observations__112,test_consistent_random_observations,PASS,solve_q1,observations,4,4,8,8,4.10950000059529,POLYGON,6,23.58562512287119,11.792812561435595,16.566754455161508,4.7739418937259135,False,scipy_with_fraction_check,scipy_highs_with_fraction_check,,0.027299999601382297,2.312999999958265,0.04929999977321131,2.087500000925502,1.3173999996070052,0.38380000023607863,0.0005000001692678779,0.16700000014679972,0.11389999963284936,0.03190000006725313,0.030100000003585592,0.039000000469968654,0.06800000119255856
test_consistent_random_observations__113,test_consistent_random_observations,PASS,solve_q1,observations,3,3,6,6,3.4592000001794077,POLYGON,5,23.996335681461492,11.998167840730746,14.92030749379433,2.9221396530635833,False,scipy_with_fraction_check,scipy_highs_with_fraction_check,,0.026499999876250513,2.353699999730452,0.035200000638724305,2.1642000019710395,0.6948999998712679,0.32670000018697465,0.0006999998731771484,0.11760000052163377,0.1283999999941443,0.02390000008745119,0.025299999833805487,0.029400000130408444,0.05740000051446259
test_consistent_random_observations__114,test_consistent_random_observations,PASS,solve_q1,observations,4,4,8,8,4.041099999994913,POLYGON,5,23.971422298640526,11.985711149320263,11.985711149320263,0.0,True,scipy_with_fraction_check,scipy_highs_with_fraction_check,,0.027399999453336932,2.053499999419728,0.05090000013296958,1.8436000009387499,1.241699999809498,0.6460999993578298,0.0006000000212225132,0.11679999988700729,0.3296000004411326,0.05580000015470432,0.05959999998594867,0.08119999984046444,0.07240000195452012
test_consistent_random_observations__115,test_consistent_random_observations,PASS,solve_q1,observations,3,3,6,6,3.5819999993691454,POLYGON,5,21.19893530218919,10.599467651094596,12.805836067037188,2.206368415942592,False,scipy_with_fraction_check,scipy_highs_with_fraction_check,,0.02969999968627235,2.395599999545084,0.03980000019510044,2.1880999993300065,0.7468999992852332,0.34390000018902356,0.0006999998731771484,0.12789999982487643,0.1339999998890562,0.02370000038354192,0.025800000003073364,0.030299999707494862,0.06590000066353241
test_consistent_random_observations__116,test_consistent_random_observations,PASS,solve_q1,observations,4,4,8,8,4.121500000110245,POLYGON,5,19.90679392295804,9.95339696147902,9.95339696147902,0.0,True,scipy_with_fraction_check,scipy_highs_with_fraction_check,,0.028899999961140566,2.2891999997227686,0.053699999625678174,2.0606000016414328,1.344000000244705,0.38380000023607863,0.0006000000212225132,0.13020000005781185,0.16260000029433286,0.025399999685760122,0.02750000021478627,0.03599999945436139,0.07559999994555255
test_consistent_random_observations__117,test_consistent_random_observations,PASS,solve_q1,observations,3,3,6,6,3.1565999997837935,POLYGON,4,13.3338116271036,6.6669058135518,10.783862324599278,4.116956511047478,False,scipy_with_fraction_check,scipy_highs_with_fraction_check,,0.026200000320386607,2.093600000080187,0.03640000068116933,1.9150000007357448,0.695899999300309,0.28110000039305305,0.0005000001692678779,0.0824999997348641,0.1289000001634122,0.020399999812070746,0.022600000193051528,0.024900000425986946,0.05979999968985794
test_consistent_random_observations__118,test_consistent_random_observations,PASS,solve_q1,observations,4,4,8,8,3.6434000003282563,POLYGON,4,13.3338116271036,6.6669058135518,10.783862324599278,4.116956511047478,False,scipy_with_fraction_check,scipy_highs_with_fraction_check,,0.028299999939918052,2.0457999999052845,0.05169999894860666,1.836500001445529,1.224499999807449,0.2739000001383829,0.0007000007826718502,0.07949999962875154,0.12229999992996454,0.01900000006571645,0.022399999579647556,0.028899999961140566,0.07090000053722179
test_consistent_random_observations__119,test_consistent_random_observations,PASS,solve_q1,observations,3,3,6,6,4.002600000603707,POLYGON,4,26.84440885344491,13.422204426722455,13.422204426722484,2.842170943040401e-14,True,scipy_with_fraction_check,scipy_highs_with_fraction_check,,0.028399999791872688,2.761599999757891,0.04069999977218686,2.5505999992674333,0.7723999997324427,0.3449000005275593,0.0006999998731771484,0.09700000009615906,0.1635999997233739,0.023600000531587284,0.02699999913602369,0.03130000004603062,0.09530000079394085
test_consistent_random_observations__120,test_consistent_random_observations,PASS,solve_q1,observations,4,4,8,8,4.5990999997229665,POLYGON,5,23.6521278839666,11.8260639419833,11.826063941983302,1.7763568394002505e-15,True,scipy_with_fraction_check,scipy_highs_with_fraction_check,,0.038299999687296804,2.6102000001628767,0.06860000030428637,2.343500000279164,1.467199999751756,0.38580000000365544,0.0006000000212225132,0.13159999980416615,0.16320000031555537,0.025100000129896216,0.027299999601382297,0.03670000023703324,0.09760000011738157
test_consistent_random_observations__121,test_consistent_random_observations,PASS,solve_q1,observations,3,3,6,6,3.848899999866262,POLYGON,5,31.34122936737858,15.67061468368929,15.670614683689307,1.5987211554602254e-14,True,scipy_with_fraction_check,scipy_highs_with_fraction_check,,0.025399999685760122,2.659499999936088,0.03870000000461005,2.4156999998012907,0.7291000001714565,0.3767000007428578,0.0006000000212225132,0.12970000079803867,0.1629999997021514,0.024599999960628338,0.027299999601382297,0.03020000076503493,0.05819999933009967
test_consistent_random_observations__122,test_consistent_random_observations,PASS,solve_q1,observations,4,4,8,8,4.853700000239769,POLYGON,5,31.34122936737858,15.67061468368929,15.670614683689307,1.5987211554602254e-14,True,scipy_with_fraction_check,scipy_highs_with_fraction_check,,0.029800000447721686,2.1877000008316827,0.050600000577105675,1.9690999997692415,2.050000000053842,0.5077999994682614,0.0006999998731771484,0.15419999999721767,0.2330999996047467,0.038099999983387534,0.03329999981360743,0.04640000042854808,0.07839999943826115
test_consistent_random_observations__123,test_consistent_random_observations,PASS,solve_q1,observations,3,3,6,6,3.6733999995703925,POLYGON,6,35.88335078499438,17.94167539249719,17.941675392497203,1.4210854715202004e-14,True,scipy_with_fraction_check,scipy_highs_with_fraction_check,,0.025299999833805487,2.194799999415409,0.034499999856052455,2.0155000011072843,0.6926999994902872,0.7017999996605795,0.0006999998731771484,0.21379999998316634,0.31940000008034986,0.05070000042906031,0.055699999393254984,0.05959999998594867,0.05880000117031159
test_consistent_random_observations__124,test_consistent_random_observations,PASS,solve_q1,observations,4,4,8,8,5.592800000158604,POLYGON,5,27.27107044553867,13.635535222769334,13.635535222769363,2.842170943040401e-14,True,scipy_with_fraction_check,scipy_highs_with_fraction_check,,0.030899999728717376,2.141900000424357,0.050800000281014945,1.9293999994260957,2.5964000005842536,0.7477999997718143,0.0006999998731771484,0.20479999966482865,0.3130000004603062,0.032500000088475645,0.03509999987727497,0.15869999970163917,0.07579999964946182
test_consistent_random_observations__125,test_consistent_random_observations,PASS,solve_q1,observations,3,3,6,6,3.4214000006613787,POLYGON,6,35.9569185639281,17.97845928196405,18.994368680705563,1.0159093987415133,False,scipy_with_fraction_check,scipy_highs_with_fraction_check,,0.04089999947609613,2.1222000004854635,0.038299999687296804,1.9406000001254142,0.7163000000218744,0.4737999997814768,0.0006000000212225132,0.194500000361586,0.17109999953390798,0.03279999964433955,0.03530000049067894,0.0380000001314329,0.06820000089646783
test_consistent_random_observations__126,test_consistent_random_observations,PASS,solve_q1,observations,4,4,8,8,4.381299999295152,POLYGON,4,29.73829323158163,14.869146615790815,16.887122835674145,2.01797621988333,False,scipy_with_fraction_check,scipy_highs_with_fraction_check,,0.02949999998236308,2.810700000736688,0.05030000011174707,2.5662999996711733,1.2149000003773835,0.25160000041069,0.0005999991117278114,0.0836000008348492,0.09209999916492961,0.019400000383029692,0.023100000362319406,0.03130000004603062,0.0745999977880274
test_consistent_random_observations__127,test_consistent_random_observations,PASS,solve_q1,observations,3,3,6,6,3.10780000017985,POLYGON,4,25.223157967782935,12.611578983891468,14.523436280262057,1.9118572963705898,False,scipy_with_fraction_check,scipy_highs_with_fraction_check,,0.025299999833805487,2.0746000000144704,0.03600000036385609,1.8933999999717344,0.6887000008646282,0.26059999981953297,0.0005000001692678779,0.08090000028460054,0.11439999980211724,0.017800000023271423,0.021699999706470408,0.02409999979136046,0.058599999647412915
test_consistent_random_observations__128,test_consistent_random_observations,PASS,solve_q1,observations,4,4,8,8,4.418299999997544,POLYGON,4,25.223157967782935,12.611578983891468,14.523436280262057,1.9118572963705898,False,scipy_with_fraction_check,scipy_highs_with_fraction_check,,0.030399999559449498,2.0233999994161422,0.051199999688833486,1.8208000001322944,1.3818999996146886,0.9001999997053645,0.0006000000212225132,0.4489999992074445,0.3797000008489704,0.017699999261822086,0.022000000171829015,0.02949999998236308,0.08240000170189887
test_consistent_random_observations__129,test_consistent_random_observations,PASS,solve_q1,observations,3,3,6,6,3.4093999993274338,POLYGON,6,25.350880607598643,12.675440303799322,12.973479135836232,0.2980388320369105,False,scipy_with_fraction_check,scipy_highs_with_fraction_check,,0.02480000057403231,2.1955000001980807,0.04379999973025406,2.008400000704569,0.6991999998717802,0.4281999999875552,0.0004999992597731762,0.18200000067736255,0.15209999946819153,0.02949999998236308,0.03150000065943459,0.031399999897985253,0.061699998695985414
test_consistent_random_observations__130,test_consistent_random_observations,PASS,solve_q1,observations,4,4,8,8,3.719199999977718,POLYGON,4,12.686195811969542,6.343097905984771,6.343097905984776,5.329070518200751e-15,True,scipy_with_fraction_check,scipy_highs_with_fraction_check,,0.026000000616477337,2.0990000002711895,0.04929999977321131,1.8926000002466026,1.2498000005507492,0.2749999994193786,0.0006000000212225132,0.07959999948070617,0.1250000004802132,0.01759999940986745,0.022300000637187622,0.028499999643827323,0.06939999911992345
test_consistent_random_observations__131,test_consistent_random_observations,PASS,solve_q1,observations,3,3,6,6,3.2981000003928784,POLYGON,3,26.835474185274858,13.417737092637429,16.699666448674503,3.2819293560370735,False,scipy_with_fraction_check,scipy_highs_with_fraction_check,,0.035600000046542846,2.3094999996828847,0.03870000000461005,2.119400000992755,0.6807999998272862,0.20839999979216373,0.0006000000212225132,0.051700000767596066,0.1004999994620448,0.012900000001536682,0.018700000509852543,0.02229999972769292,0.06380000104400096
test_consistent_random_observations__132,test_consistent_random_observations,PASS,solve_q1,observations,4,4,8,8,3.80589999986114,POLYGON,4,26.835474185274858,13.417737092637429,13.417737092637434,5.329070518200751e-15,True,scipy_with_fraction_check,scipy_highs_with_fraction_check,,0.033600000278966036,2.135900000212132,0.07439999899361283,1.9050999990213313,1.2813000003006891,0.28169999950478086,0.0007000007826718502,0.0807999995231512,0.12710000009974465,0.01869999960035784,0.022200000785232987,0.030599999263358768,0.07339999956457177
test_consistent_random_observations__133,test_consistent_random_observations,PASS,solve_q1,observations,3,3,6,6,3.1623000004401547,POLYGON,5,20.546170899938325,10.273085449969162,16.12589986624213,5.852814416272967,False,scipy_with_fraction_check,scipy_highs_with_fraction_check,,0.02750000021478627,2.0465999996304163,0.03769999966607429,1.8651999989742762,0.7129000005079433,0.31429999944521114,0.0006000000212225132,0.12710000009974465,0.10599999950500205,0.02390000008745119,0.026700000489654485,0.028599999495781958,0.06100000064179767
test_consistent_random_observations__134,test_consistent_random_observations,PASS,solve_q1,observations,4,4,8,8,4.962100000739156,POLYGON,6,20.51773338550417,10.258866692752084,10.258866692752107,2.3092638912203256e-14,True,scipy_with_fraction_check,scipy_highs_with_fraction_check,,0.03330000072310213,2.5701000004119123,0.06010000015521655,2.316499999324151,1.5521000004810048,0.7193999999799416,0.0008999995770864189,0.274800000624964,0.28729999939969275,0.04430000080901664,0.04939999962516595,0.0608000000283937,0.08719999914319487
test_consistent_random_observations__135,test_consistent_random_observations,PASS,solve_q1,observations,3,3,6,6,3.7861000000702916,POLYGON,5,17.92004184716972,8.96002092358486,9.549138863770946,0.5891179401860853,False,scipy_with_fraction_check,scipy_highs_with_fraction_check,,0.02880000010918593,2.4691999997230596,0.039399999877787195,2.2541000007549883,0.8414000003540423,0.38219999987632036,0.0006000000212225132,0.1483999994889018,0.13810000018565916,0.028100000236008782,0.030899999728717376,0.03440000000409782,0.06450000000768341
test_consistent_random_observations__136,test_consistent_random_observations,PASS,solve_q1,observations,4,4,8,8,5.0111000000470085,POLYGON,5,17.92004184716972,8.96002092358486,9.549138863770946,0.5891179401860853,False,scipy_with_fraction_check,scipy_highs_with_fraction_check,,0.032699999792384915,2.658000000337779,0.061300000197661575,2.3924999995870166,1.808799999707844,0.42639999992388766,0.0006999998731771484,0.16260000029433286,0.15460000031453092,0.02989999939018162,0.03319999996165279,0.04360000002634479,0.08520000028511276
test_consistent_random_observations__137,test_consistent_random_observations,PASS,solve_q1,observations,3,3,6,6,4.205000000183645,POLYGON,4,25.987897097450688,12.993948548725344,20.34574339427128,7.351794845545937,False,scipy_with_fraction_check,scipy_highs_with_fraction_check,,0.03889999970851932,2.930200000264449,0.055499999689345714,2.6814000002559624,0.856499999827065,0.2891999993153149,0.0006999998731771484,0.09779999982129084,0.10620000011840602,0.02300000051036477,0.025899999855028,0.03389999983482994,0.09020000106829684
test_consistent_random_observations__138,test_consistent_random_observations,PASS,solve_q1,observations,4,4,8,8,4.145999999309424,POLYGON,5,25.987897097450688,12.993948548725344,16.38629054678608,3.3923419980607346,False,scipy_with_fraction_check,scipy_highs_with_fraction_check,,0.0320999997711624,2.058900000520225,0.04890000036539277,1.8589000010251766,1.3144000004103873,0.6665999999313499,0.0018000000636675395,0.32389999978477135,0.22509999962494476,0.031600000511389226,0.03329999981360743,0.047700000322947744,0.07399999867629958
test_consistent_random_observations__139,test_consistent_random_observations,PASS,solve_q1,observations,3,3,6,6,3.1384000003527035,POLYGON,5,18.55282554527517,9.276412772637585,11.040324174163743,1.7639114015261583,False,scipy_with_fraction_check,scipy_highs_with_fraction_check,,0.02700000004551839,2.0346000001154607,0.03739999920071568,1.8580999994810554,0.6985999998505577,0.31690000014350517,0.0006000000212225132,0.12930000048072543,0.10550000024522888,0.024199999643315095,0.027099999897473026,0.028899999961140566,0.061300000197661575
test_consistent_random_observations__140,test_consistent_random_observations,PASS,solve_q1,observations,4,4,8,8,3.966700000091805,POLYGON,6,17.7627306792776,8.8813653396388,10.735862738513486,1.8544973988746865,False,scipy_with_fraction_check,scipy_highs_with_fraction_check,,0.029200000426499173,2.084100000502076,0.053200000365905,1.8719000017881626,1.3379000001805252,0.44159999924886506,0.0006999998731771484,0.17729999945004238,0.16060000052675605,0.029400000130408444,0.0320999997711624,0.040299999454873614,0.07389999973383965
test_consistent_random_observations__141,test_consistent_random_observations,PASS,solve_q1,observations,3,3,6,6,3.4848999994210317,POLYGON,5,19.302908920579394,9.651454460289697,9.686188153598927,0.03473369330922971,False,scipy_with_fraction_check,scipy_highs_with_fraction_check,,0.049500000386615284,2.3181999995358638,0.03949999972974183,2.1140999988347176,0.7070999999996275,0.3434999998717103,0.0008000006346264854,0.12269999933778308,0.14000000010128133,0.02370000038354192,0.026699999580159783,0.028200000087963417,0.06659999962721486
test_consistent_random_observations__142,test_consistent_random_observations,PASS,solve_q1,observations,4,4,8,8,3.8557999996555736,POLYGON,5,19.208580491575876,9.604290245787938,9.627962241979635,0.023671996191696465,False,scipy_with_fraction_check,scipy_highs_with_fraction_check,,0.028500000553322025,2.0592999999280437,0.05089999922347488,1.849300001595111,1.3269000000946107,0.37010000050941017,0.0005000001692678779,0.13039999976172112,0.14929999997548293,0.02479999966453761,0.027800000680144876,0.03569999989849748,0.07099999857018702
test_consistent_random_observations__143,test_consistent_random_observations,PASS,solve_q1,observations,3,3,6,6,3.159300000334042,POLYGON,4,31.011424830055763,15.505712415027881,15.505712415027896,1.4210854715202004e-14,True,scipy_with_fraction_check,scipy_highs_with_fraction_check,,0.02809999932651408,2.080500000374741,0.03819999983534217,1.8957999991471297,0.699700000041048,0.28949999978067353,0.0006000000212225132,0.08729999990464421,0.13179999950807542,0.01920000067912042,0.023699999474047218,0.025600000299164094,0.06150000081106555
test_consistent_random_observations__144,test_consistent_random_observations,PASS,solve_q1,observations,4,4,8,8,3.9635000002817833,POLYGON,5,28.681728902376182,14.340864451188091,14.340864451188095,3.552713678800501e-15,True,scipy_with_fraction_check,scipy_highs_with_fraction_check,,0.027999999474559445,2.09640000048239,0.05110000074637355,1.8853999990824377,1.392899999700603,0.37450000036187703,0.0006000000212225132,0.12830000014218967,0.15919999987090705,0.023800000235496555,0.026700000489654485,0.03459999970800709,0.07170000026235357
test_consistent_random_observations__145,test_consistent_random_observations,PASS,solve_q1,observations,3,3,6,6,3.126600000541657,POLYGON,5,26.891954524394816,13.445977262197408,14.377575624125836,0.9315983619284278,False,scipy_with_fraction_check,scipy_highs_with_fraction_check,,0.030000000151630957,2.0075000002179877,0.03890000061801402,1.830100000006496,0.6735000006301561,0.3499000004012487,0.0005000001692678779,0.13159999980416615,0.1351000000795466,0.024400000256719068,0.026400000024295878,0.030499999411404133,0.06569999914063374
test_consistent_random_observations__146,test_consistent_random_observations,PASS,solve_q1,observations,4,4,8,8,3.9387000006172457,POLYGON,5,18.626933282401094,9.313466641200547,10.161280450929183,0.8478138097286365,False,scipy_with_fraction_check,scipy_highs_with_fraction_check,,0.040099999750964344,2.2097999999459716,0.05419999979494605,1.9965000010415679,1.2884999996458646,0.3158999998049694,0.0006999998731771484,0.12820000029023504,0.10440000005473848,0.022399999579647556,0.024900000425986946,0.03369999922142597,0.08440000146947568
test_consistent_random_observations__147,test_consistent_random_observations,PASS,solve_q1,observations,3,3,6,6,3.1480999996347236,POLYGON,5,16.28343874830061,8.141719374150306,10.020325876117752,1.8786065019674467,False,scipy_with_fraction_check,scipy_highs_with_fraction_check,,0.03130000004603062,2.035799999248411,0.038099999983387534,1.859699998931319,0.6708000000799075,0.34719999985100003,0.0005000001692678779,0.12650000007852213,0.14089999967836775,0.023600000531587284,0.026400000024295878,0.027999999474559445,0.06300000040937448
test_consistent_random_observations__148,test_consistent_random_observations,PASS,solve_q1,observations,4,4,8,8,3.7522000002354616,POLYGON,5,16.28343874830061,8.141719374150306,8.461997439298743,0.3202780651484378,False,scipy_with_fraction_check,scipy_highs_with_fraction_check,,0.026899999284069054,1.9591999998738174,0.04890000036539277,1.753800001097261,1.3573999995060149,0.3389000003153342,0.0006000000212225132,0.1275000004170579,0.12679999963438604,0.02320000021427404,0.02609999955893727,0.033400000575056765,0.0698000012562261
test_consistent_random_observations__149,test_consistent_random_observations,PASS,solve_q1,observations,3,3,6,6,3.28200000058132,POLYGON,5,25.50987491365179,12.754937456825894,15.09940224474934,2.344464787923446,False,scipy_with_fraction_check,scipy_highs_with_fraction_check,,0.035600000046542846,2.0856999999523396,0.03789999936998356,1.9129999991491786,0.745400000596419,0.3501999999571126,0.0006000000212225132,0.13979999948787736,0.11799999992945231,0.02680000034160912,0.03099999958067201,0.03240000023652101,0.06510000002890592
test_consistent_random_observations__150,test_consistent_random_observations,PASS,solve_q1,observations,4,4,8,8,4.727399999865156,POLYGON,6,20.417231311133513,10.208615655566756,10.4551442336223,0.2465285780555444,False,scipy_with_fraction_check,scipy_highs_with_fraction_check,,0.042800000301213004,2.5722999998833984,0.07100000038917642,2.3053999993862817,1.5429999994012178,0.46970000039436854,0.0006000000212225132,0.190600000678387,0.1702999998087762,0.030299999707494862,0.03420000030018855,0.042300000131945126,0.09959999988495838
test_consistent_random_observations__151,test_consistent_random_observations,PASS,solve_q1,observations,3,3,6,6,3.8589000005231355,POLYGON,6,30.782561073253586,15.391280536626793,16.05585177680175,0.664571240174956,False,scipy_with_fraction_check,scipy_highs_with_fraction_check,,0.025800000003073364,2.2524999994857353,0.03790000027947826,2.0547000012811623,0.9112999996432336,0.602699999944889,0.0007999997251317836,0.23890000011306256,0.23210000017570565,0.040299999454873614,0.043199999709031545,0.04580000040732557,0.06660000144620426
test_consistent_random_observations__152,test_consistent_random_observations,PASS,solve_q1,observations,4,4,8,8,4.174800000328105,POLYGON,6,30.395780286786067,15.197890143393034,15.19789014339304,7.105427357601002e-15,True,scipy_with_fraction_check,scipy_highs_with_fraction_check,,0.03319999996165279,2.267500000016298,0.06489999941550195,2.0180000001346343,1.3392999999268795,0.4496000001381617,0.0006000000212225132,0.16979999963950831,0.18220000038127182,0.027299999601382297,0.030100000003585592,0.03840000044874614,0.08520000028511276
test_consistent_random_observations__153,test_consistent_random_observations,PASS,solve_q1,observations,3,3,6,6,3.1589999998686835,POLYGON,6,16.22981576796982,8.11490788398491,8.11490788398491,0.0,True,scipy_with_fraction_check,scipy_highs_with_fraction_check,,0.024900000425986946,1.9327999998495216,0.03529999958118424,1.7598000003999914,0.7119000001694076,0.43230000028415816,0.0006000000212225132,0.16689999938535038,0.17519999983051093,0.027800000680144876,0.029400000130408444,0.031099999432626646,0.05709999913960928
test_consistent_random_observations__154,test_consistent_random_observations,PASS,solve_q1,observations,4,4,8,8,3.8749000004827394,POLYGON,7,15.66922215318764,7.83461107659382,8.24205703687934,0.4074459602855196,False,scipy_with_fraction_check,scipy_highs_with_fraction_check,,0.026499999876250513,1.9430000002103043,0.04939999962516595,1.7449000015403726,1.3709000004382688,0.46099999963189475,0.0006999998731771484,0.22369999987859046,0.12710000009974465,0.03170000036334386,0.03299999934824882,0.04350000017439015,0.07350000032602111
test_consistent_random_observations__155,test_consistent_random_observations,PASS,solve_q1,observations,3,3,6,6,2.8921000002810615,POLYGON,3,14.531833146560603,7.265916573280301,10.978508424883996,3.712591851603695,False,scipy_with_fraction_check,scipy_highs_with_fraction_check,,0.03199999991920777,2.000200000111363,0.03639999977167463,1.8237999993289122,0.6057000000510016,0.1959000001079403,0.0004999992597731762,0.05000000055588316,0.09419999969395576,0.012200000128359534,0.017800000023271423,0.019899999642802868,0.05830000009154901
test_consistent_random_observations__156,test_consistent_random_observations,PASS,solve_q1,observations,4,4,8,8,3.5133999999743537,POLYGON,3,5.042656613974294,2.521328306987147,3.9314127551999016,1.4100844482127548,False,scipy_with_fraction_check,scipy_highs_with_fraction_check,,0.02700000004551839,2.065700000457582,0.05090000013296958,1.859899999544723,1.1634000002231915,0.1886000000013155,0.0006000000212225132,0.04739999985758914,0.08499999967170879,0.012400000741763506,0.01739999970595818,0.024400000256719068,0.0686999992467463
test_consistent_random_observations__157,test_consistent_random_observations,PASS,solve_q1,observations,3,3,6,6,11.007600000084494,POLYGON,5,24.743918081324423,12.371959040662212,12.371959040662224,1.2434497875801753e-14,True,scipy_with_fraction_check,scipy_highs_with_fraction_check,,0.025800000003073364,9.897299999465758,0.0365999994755839,8.351500000571832,0.675299999784329,0.349899999491754,0.0007000007826718502,0.11929999982385198,0.1508999994257465,0.02320000021427404,0.02550000044720946,0.028599999495781958,0.05930000133957947
test_consistent_random_observations__158,test_consistent_random_observations,PASS,solve_q1,observations,4,4,8,8,4.784700000527664,POLYGON,3,12.660570437339388,6.330285218669694,9.296109837786624,2.9658246191169297,False,scipy_with_fraction_check,scipy_highs_with_fraction_check,,0.03670000023703324,3.2142000000021653,0.05030000011174707,2.893900000344729,1.2528000006568618,0.201000000743079,0.0009000004865811206,0.053199999456410296,0.08940000043367036,0.012399999832268804,0.01869999960035784,0.023999999939405825,0.07999999888852471
test_consistent_random_observations__159,test_consistent_random_observations,PASS,solve_q1,observations,3,3,6,6,3.048800000215124,POLYGON,5,23.86658576788942,11.93329288394471,15.065429420008051,3.132136536063342,False,scipy_with_fraction_check,scipy_highs_with_fraction_check,,0.026100000468431972,1.9627000001491979,0.03509999987727497,1.7920000009326031,0.6695000001855078,0.33259999963775044,0.0004999992597731762,0.11780000022554304,0.1364999998259009,0.023999999939405825,0.025100000129896216,0.02750000021478627,0.057899999774235766
test_consistent_random_observations__160,test_consistent_random_observations,PASS,solve_q1,observations,4,4,8,8,4.052799999954004,POLYGON,5,23.86658576788942,11.93329288394471,15.065429420008051,3.132136536063342,False,scipy_with_fraction_check,scipy_highs_with_fraction_check,,0.02700000004551839,2.0524999999906868,0.049000000217347406,1.8525999994380982,1.4541999998982647,0.4438999994818005,0.0005000001692678779,0.15319999965868192,0.17939999997906853,0.03099999958067201,0.03290000040578889,0.04530000023805769,0.07520000053773401
test_consistent_random_observations__161,test_consistent_random_observations,PASS,solve_q1,observations,3,3,6,6,2.985399999488436,POLYGON,4,25.581473800958232,12.790736900479116,15.957837228437715,3.1671003279585985,False,scipy_with_fraction_check,scipy_highs_with_fraction_check,,0.026499999876250513,1.9808999995802878,0.03480000032141106,1.8098999989888398,0.6626000003961963,0.2572999992480618,0.0005000001692678779,0.08149999939632835,0.10939999992842786,0.01810000048863003,0.02229999972769292,0.02409999979136046,0.05810000038763974
test_consistent_random_observations__162,test_consistent_random_observations,PASS,solve_q1,observations,4,4,8,8,3.829100000075414,POLYGON,6,22.870502577644604,11.435251288822302,13.114006339519833,1.6787550506975304,False,scipy_with_fraction_check,scipy_highs_with_fraction_check,,0.036499999623629265,2.0143000001553446,0.04960000023856992,1.8139999992854428,1.2855999993917067,0.4216999996060622,0.0005000001692678779,0.16969999978755368,0.15330000042013125,0.027600000066740904,0.030599999263358768,0.03860000015265541,0.07100000129867112
test_consistent_random_observations__163,test_consistent_random_observations,PASS,solve_q1,observations,3,3,6,6,3.1635000004825997,POLYGON,6,28.44783122999307,14.223915614996535,14.223915614996557,2.1316282072803006e-14,True,scipy_with_fraction_check,scipy_highs_with_fraction_check,,0.025999999706982635,1.958800000465999,0.035400000342633575,1.7856000004030648,0.678899999911664,0.44160000015835976,0.0005000001692678779,0.17550000029586954,0.17639999987295596,0.027600000066740904,0.02880000010918593,0.03149999974993989,0.058200000239594374
test_consistent_random_observations__164,test_consistent_random_observations,PASS,solve_q1,observations,4,4,8,8,3.849900000204798,POLYGON,6,16.049549728366415,8.024774864183208,8.395012830816738,0.37023796663353004,False,scipy_with_fraction_check,scipy_highs_with_fraction_check,,0.02680000034160912,1.9947999999203603,0.049700000090524554,1.7809999990276992,1.3337000000319676,0.4264999997758423,0.0004999992597731762,0.1678000007814262,0.1626999992367928,0.027400000362831634,0.02880000010918593,0.0380000001314329,0.06810000013501849
test_consistent_random_observations__165,test_consistent_random_observations,PASS,solve_q1,observations,3,3,6,6,3.881300000102783,POLYGON,6,23.772736553421012,11.886368276710506,11.886368276710506,0.0,True,scipy_with_fraction_check,scipy_highs_with_fraction_check,,0.026900000193563756,2.2238000001379987,0.035400000342633575,2.0269999986339826,0.8566000005885144,0.7003999999142252,0.0006000000212225132,0.3495999999358901,0.246300000071642,0.031200000194075983,0.03440000000409782,0.03670000023703324,0.07359999926848104
test_consistent_random_observations__166,test_consistent_random_observations,PASS,solve_q1,observations,4,4,8,8,4.3075000003227615,POLYGON,6,23.772736553421012,11.886368276710506,11.886368276710506,0.0,True,scipy_with_fraction_check,scipy_highs_with_fraction_check,,0.0320999997711624,2.1745000003647874,0.05289999990054639,1.9602000002123532,1.47709999964718,0.5461000000650529,0.0006000000212225132,0.18739999995887047,0.23750000036670826,0.037799999518028926,0.03670000023703324,0.04400000034365803,0.0777000004745787
test_consistent_random_observations__167,test_consistent_random_observations,PASS,solve_q1,observations,3,3,6,6,3.5719999996217666,POLYGON,4,25.613012744259628,12.806506372129814,12.80650637212984,2.6645352591003757e-14,True,scipy_with_fraction_check,scipy_highs_with_fraction_check,,0.04330000047048088,2.472199999829172,0.046999999540275894,2.2538000002896297,0.7089999999152496,0.27659999977913685,0.0006000000212225132,0.08419999994657701,0.12299999980314169,0.019299999621580355,0.022500000341096893,0.02570000015111873,0.07089999962772708
test_consistent_random_observations__168,test_consistent_random_observations,PASS,solve_q1,observations,4,4,8,8,3.8555000000997097,POLYGON,4,19.09083938013213,9.545419690066065,9.545419690066074,8.881784197001252e-15,True,scipy_with_fraction_check,scipy_highs_with_fraction_check,,0.02789999962260481,2.10259999948903,0.06170000051497482,1.8800000007104245,1.3608999997813953,0.29230000018287683,0.0006000000212225132,0.0839000003907131,0.13190000026952475,0.019999999494757503,0.023300000066228677,0.03099999958067201,0.0718000010238029
test_consistent_random_observations__169,test_consistent_random_observations,PASS,solve_q1,observations,3,3,6,6,3.2746999995652004,POLYGON,5,21.0435559471971,10.52177797359855,12.701437817551831,2.1796598439532815,False,scipy_with_fraction_check,scipy_highs_with_fraction_check,,0.030500000320898835,2.0919999997204286,0.038500000300700776,1.9079000003330293,0.7228999993458274,0.36670000008598436,0.0006000000212225132,0.13170000056561548,0.14909999936207896,0.02530000074330019,0.028699999347736593,0.029800000447721686,0.06260000009206124
test_consistent_random_observations__170,test_consistent_random_observations,PASS,solve_q1,observations,4,4,8,8,4.245500000251923,POLYGON,7,21.0435559471971,10.52177797359855,12.701437817551831,2.1796598439532815,False,scipy_with_fraction_check,scipy_highs_with_fraction_check,,0.030000000151630957,2.1255999999993946,0.052999999752501026,1.9095999996352475,1.4411000001928187,0.574100000449107,0.0007000007826718502,0.25159999950119527,0.19859999974869424,0.0366000003850786,0.038299999687296804,0.04660000013245735,0.07469999945897143
test_consistent_random_observations__171,test_consistent_random_observations,PASS,solve_q1,observations,3,3,6,6,3.9965999994819867,POLYGON,6,21.91320695917051,10.956603479585254,10.956603479585269,1.4210854715202004e-14,True,scipy_with_fraction_check,scipy_highs_with_fraction_check,,0.03299999934824882,2.565599999797996,0.03819999983534217,2.3572999989482923,0.7351000003836816,0.5979000006846036,0.0008000006346264854,0.2268999996886123,0.24430000030406518,0.038099999983387534,0.04039999930682825,0.04530000023805769,0.06499999926745659
test_consistent_random_observations__172,test_consistent_random_observations,PASS,solve_q1,observations,4,4,8,8,4.803499999979977,POLYGON,6,19.904144780448533,9.952072390224266,10.085069966022342,0.13299757579807547,False,scipy_with_fraction_check,scipy_highs_with_fraction_check,,0.03420000030018855,2.377600000727398,0.055300000894931145,2.140399999007059,1.8689999997150153,0.44809999963035807,0.0006000000212225132,0.16899999991437653,0.17420000040146988,0.028599999495781958,0.031200000194075983,0.04020000051241368,0.0745999996070168
test_consistent_random_observations__173,test_consistent_random_observations,PASS,solve_q1,observations,3,3,6,6,3.383199999916542,POLYGON,6,31.75158382503002,15.87579191251501,15.87579191251502,8.881784197001252e-15,True,scipy_with_fraction_check,scipy_highs_with_fraction_check,,0.03060000017285347,2.1457000002556015,0.039799999285605736,1.9518999997671926,0.698499999998603,0.44519999937620014,0.0005000001692678779,0.17159999970317585,0.18140000065614004,0.028200000087963417,0.030199999855540227,0.03169999945384916,0.06320000011328375
test_consistent_random_observations__174,test_consistent_random_observations,PASS,solve_q1,observations,4,4,8,8,4.359999999905995,POLYGON,5,13.46589902881116,6.73294951440558,8.071725394475942,1.3387758800703624,False,scipy_with_fraction_check,scipy_highs_with_fraction_check,,0.029200000426499173,2.6051999993796926,0.06200000007083872,2.3629999996046536,1.3260999994599842,0.3243000001020846,0.0006000000212225132,0.12859999969805358,0.10479999946255703,0.024500000108673703,0.028100000236008782,0.03620000006776536,0.07520000053773401
test_consistent_random_observations__175,test_consistent_random_observations,PASS,solve_q1,observations,3,3,6,6,3.3046999997168314,POLYGON,6,18.47240467265363,9.236202336326816,11.643535223063191,2.4073328867363752,False,scipy_with_fraction_check,scipy_highs_with_fraction_check,,0.0289999998130952,2.072799999950803,0.038500000300700776,1.8895999983215006,0.7253000003402121,0.4151999992245692,0.0006000000212225132,0.1909000002342509,0.12389999938022811,0.03079999987676274,0.03280000055383425,0.034699999559961725,0.062400000388151966
test_consistent_random_observations__176,test_consistent_random_observations,PASS,solve_q1,observations,4,4,8,8,4.342699999142496,POLYGON,6,17.86918476743969,8.934592383719846,10.94162996469077,2.007037580970925,False,scipy_with_fraction_check,scipy_highs_with_fraction_check,,0.031000000490166713,2.2792999998273444,0.053900000239082146,2.048800000011397,1.4704000004712725,0.48609999976179097,0.0006999998731771484,0.18960000033985125,0.15900000016699778,0.03719999949680641,0.04739999985758914,0.05030000011174707,0.07589999859192176
test_consistent_random_observations__177,test_consistent_random_observations,PASS,solve_q1,observations,3,3,6,6,4.059200000483543,POLYGON,5,18.167080593364368,9.083540296682184,9.27266433895939,0.18912404227720536,False,scipy_with_fraction_check,scipy_highs_with_fraction_check,,0.02789999962260481,2.867600000172388,0.037400000110210385,2.6714999994510435,0.7384999998976127,0.36280000040278537,0.0006000000212225132,0.1289000001634122,0.14989999999670545,0.024199999643315095,0.02750000021478627,0.030100000003585592,0.062400000388151966
test_consistent_random_observations__178,test_consistent_random_observations,PASS,solve_q1,observations,4,4,8,8,4.588499999954365,POLYGON,5,18.167080593364368,9.083540296682184,9.27266433895939,0.18912404227720536,False,scipy_with_fraction_check,scipy_highs_with_fraction_check,,0.028200000087963417,2.3948999996719067,0.05259999943518778,2.1609000004900736,1.5547000002698041,0.5341999994925573,0.0008999995770864189,0.18980000004376052,0.2131000001099892,0.03530000049067894,0.040299999454873614,0.052800000048591755,0.07650000043213367
test_consistent_random_observations__179,test_consistent_random_observations,PASS,solve_q1,observations,3,3,6,6,3.8389000001188833,POLYGON,6,26.421712805055996,13.210856402527998,17.77190923039144,4.561052827863442,False,scipy_with_fraction_check,scipy_highs_with_fraction_check,,0.04199999966658652,2.522599999792874,0.03980000019510044,2.315900000212423,0.7373000007646624,0.4656000000977656,0.0006000000212225132,0.18399999953544466,0.1807000007829629,0.029299999368959107,0.03460000061750179,0.03479999941191636,0.07139999979699496
test_consistent_random_observations__180,test_consistent_random_observations,PASS,solve_q1,observations,4,4,8,8,4.120800000237068,POLYGON,7,25.04011372687751,12.520056863438755,16.94851541681587,4.428458553377114,False,scipy_with_fraction_check,scipy_highs_with_fraction_check,,0.03680000008898787,2.1176000000195927,0.05410000085248612,1.9001000000571366,1.3963999999759835,0.4909999997835257,0.0006000000212225132,0.23680000049353112,0.13579999995272374,0.03370000013092067,0.036699999327538535,0.046099999963189475,0.07900000036897836
test_consistent_random_observations__181,test_consistent_random_observations,PASS,solve_q1,observations,3,3,6,6,3.6136999997324892,POLYGON,6,22.049994419460035,11.024997209730017,14.442755728578629,3.4177585188486113,False,scipy_with_fraction_check,scipy_highs_with_fraction_check,,0.030100000003585592,2.290999999786436,0.0382999987778021,2.1009000001868117,0.7578000004286878,0.4647999994631391,0.0006000000212225132,0.18759999966277974,0.17750000006344635,0.030299999707494862,0.03310000010969816,0.034300000152143184,0.07000000005064066
test_consistent_random_observations__182,test_consistent_random_observations,PASS,solve_q1,observations,4,4,8,8,3.819699999439763,POLYGON,4,18.841193792468655,9.420596896234327,13.794048885883573,4.373451989649245,False,scipy_with_fraction_check,scipy_highs_with_fraction_check,,0.027399999453336932,2.1024999996370752,0.05050000072515104,1.8880999987231917,1.3290000006236369,0.2885000003516325,0.0006999998731771484,0.08609999986219918,0.12880000031145755,0.018799999452312477,0.022900000658410136,0.02969999968627235,0.07229999937408138
test_consistent_random_observations__183,test_consistent_random_observations,PASS,solve_q1,observations,3,3,6,6,3.1336000001829234,POLYGON,4,17.593011423252317,8.796505711626159,12.017280709809127,3.220774998182968,False,scipy_with_fraction_check,scipy_highs_with_fraction_check,,0.030000000151630957,2.089699999487493,0.04290000015316764,1.8976999981532572,0.7007999993220437,0.2534000004743575,0.0006000000212225132,0.08539999998902204,0.09469999986322364,0.02010000025620684,0.023499999770137947,0.028000000384054147,0.05970000074739801
test_consistent_random_observations__184,test_consistent_random_observations,PASS,solve_q1,observations,4,4,8,8,3.7930999997115578,POLYGON,5,17.593011423252317,8.796505711626159,11.586180163874873,2.7896744522487147,False,scipy_with_fraction_check,scipy_highs_with_fraction_check,,0.027399999453336932,2.019999999902211,0.05020000025979243,1.8121000002793153,1.3638999998875079,0.3110999996351893,0.0006000000212225132,0.1253000000360771,0.10209999982180307,0.02299999960087007,0.025400000595254824,0.03339999966556206,0.07070000083331252
test_consistent_random_observations__185,test_consistent_random_observations,PASS,solve_q1,observations,3,3,6,6,3.2369000000471715,POLYGON,6,29.58859029290227,14.794295146451136,15.666215679622413,0.8719205331712772,False,scipy_with_fraction_check,scipy_highs_with_fraction_check,,0.02550000044720946,2.0431000002645305,0.03480000032141106,1.867399999355257,0.7147000005716109,0.39709999964543385,0.0006000000212225132,0.1675000003160676,0.13929999931860948,0.028200000087963417,0.029100000574544538,0.031099999432626646,0.05649999911838677
test_consistent_random_observations__186,test_consistent_random_observations,PASS,solve_q1,observations,4,4,8,8,3.908400000000256,POLYGON,6,26.447954010706965,13.223977005353483,15.708333124572306,2.4843561192188233,False,scipy_with_fraction_check,scipy_highs_with_fraction_check,,0.028200000087963417,1.9992999996247818,0.049199999921256676,1.7947999986063223,1.3261999993119389,0.4847999998673913,0.0006000000212225132,0.1874999998108251,0.18589999945106683,0.03220000053261174,0.03299999934824882,0.044100000195612665,0.06990000110818073
test_consistent_random_observations__187,test_consistent_random_observations,PASS,solve_q1,observations,3,3,6,6,4.680199999711476,POLYGON,4,27.2693152558022,13.6346576279011,20.206083190552533,6.571425562651433,False,scipy_with_fraction_check,scipy_highs_with_fraction_check,,0.03960000049119117,3.1507000003330177,0.055499999689345714,2.873300000828749,0.9980999993786099,0.40209999951912323,0.0008000006346264854,0.12089999927411554,0.18369999997958075,0.027200000658922363,0.03329999981360743,0.03420000030018855,0.08969999998953426
test_consistent_random_observations__188,test_consistent_random_observations,PASS,solve_q1,observations,4,4,8,8,3.852499999993597,POLYGON,5,25.360129063609357,12.680064531804678,12.68006453180473,5.1514348342607263e-14,True,scipy_with_fraction_check,scipy_highs_with_fraction_check,,0.030399999559449498,2.0423999994818587,0.05609999971056823,1.8306999991182238,1.337200000307348,0.36099999942962313,0.0006000000212225132,0.12100000003556488,0.15469999925699085,0.023400000827678014,0.026399999114801176,0.033600000278966036,0.08150000121531775
test_consistent_random_observations__189,test_consistent_random_observations,PASS,solve_q1,observations,3,3,6,6,3.1619000001228414,POLYGON,6,32.095407317363275,16.047703658681638,16.04770365868164,3.552713678800501e-15,True,scipy_with_fraction_check,scipy_highs_with_fraction_check,,0.024199999643315095,1.9500000007610652,0.035099998967780266,1.7754999998942367,0.689299999976356,0.44210000032762764,0.0006000000212225132,0.17149999985122122,0.180200000613695,0.02769999991869554,0.02969999968627235,0.031200000194075983,0.0562999994144775
test_consistent_random_observations__190,test_consistent_random_observations,PASS,solve_q1,observations,4,4,8,8,4.40100000014354,POLYGON,7,32.095407317363275,16.047703658681638,16.04770365868164,3.552713678800501e-15,True,scipy_with_fraction_check,scipy_highs_with_fraction_check,,0.031200000194075983,2.2405999998227344,0.053699999625678174,2.0201000006636605,1.4205000006768387,0.6167000001369161,0.0008000006346264854,0.25039999945875024,0.23860000055719865,0.035799999750452116,0.03910000032192329,0.05030000011174707,0.09199999931297498
test_consistent_random_observations__191,test_consistent_random_observations,PASS,solve_q1,observations,3,3,6,6,3.3673999996608472,POLYGON,4,18.55843083331396,9.27921541665698,11.240326457713197,1.961111041056217,False,scipy_with_fraction_check,scipy_highs_with_fraction_check,,0.03949999972974183,2.2754000001441455,0.03890000061801402,2.086100000269653,0.7271000004038797,0.2598999999463558,0.0006000000212225132,0.08109999998850981,0.11199999971722718,0.018500000805943273,0.02210000002378365,0.023999999939405825,0.06549999943672447
test_consistent_random_observations__192,test_consistent_random_observations,PASS,solve_q1,observations,4,4,8,8,3.8628000002063345,POLYGON,4,16.359992017934047,8.179996008967024,9.527935892170273,1.3479398832032494,False,scipy_with_fraction_check,scipy_highs_with_fraction_check,,0.1018999992083991,2.178700000513345,0.0594000002820394,1.956100000825245,1.228899999659916,0.27210000007471535,0.0006999998731771484,0.08539999998902204,0.10959999963233713,0.019500000234984327,0.02390000008745119,0.031599999601894524,0.08120000074995914
test_consistent_random_observations__193,test_consistent_random_observations,PASS,solve_q1,observations,3,3,6,6,3.145899999253743,POLYGON,5,30.5646618518437,15.28233092592185,21.700051717882033,6.417720791960184,False,scipy_with_fraction_check,scipy_highs_with_fraction_check,,0.02680000034160912,2.02999999964959,0.03509999987727497,1.8561000006229733,0.682000000779226,0.3493000003800262,0.0005000001692678779,0.12000000060652383,0.1511999998911051,0.02299999960087007,0.025299999833805487,0.028000000384054147,0.05779999810329173
test_consistent_random_observations__194,test_consistent_random_observations,PASS,solve_q1,observations,4,4,8,8,4.191300000456977,POLYGON,5,29.926100232289183,14.963050116144592,14.963050116144617,2.4868995751603507e-14,True,scipy_with_fraction_check,scipy_highs_with_fraction_check,,0.045200000386103056,2.067200000055891,0.050999999984924216,1.8618000003698398,1.5881999997873208,0.4140999999435735,0.0006999998731771484,0.13070000022707973,0.18149999959859997,0.02990000029967632,0.03259999994043028,0.03719999949680641,0.07660000028408831
test_consistent_random_observations__195,test_consistent_random_observations,PASS,solve_q1,observations,3,3,6,6,2.9023000006418442,POLYGON,3,23.61149311599478,11.80574655799739,16.787054456328583,4.981307898331194,False,scipy_with_fraction_check,scipy_highs_with_fraction_check,,0.025399999685760122,1.9986000006610993,0.03589999960240675,1.8177000001742272,0.6260000000111177,0.19530000008671777,0.0007000007826718502,0.049199999921256676,0.09409999984200113,0.012200000128359534,0.017299999854003545,0.02049999966402538,0.05700000019714935
test_consistent_random_observations__196,test_consistent_random_observations,PASS,solve_q1,observations,4,4,8,8,3.82519999948272,POLYGON,3,23.61149311599478,11.80574655799739,16.787054456328583,4.981307898331194,False,scipy_with_fraction_check,scipy_highs_with_fraction_check,,0.06740000026184134,2.2601999999096734,0.055700000302749686,2.0352000001366832,1.159600000391947,0.20599999970727367,0.0006000000212225132,0.048999999307852704,0.09850000060396269,0.012999999853491317,0.018599999748403206,0.02500000027794158,0.1319999992119847
test_consistent_random_observations__197,test_consistent_random_observations,PASS,solve_q1,observations,3,3,6,6,3.7036000003354275,POLYGON,6,20.200666669200956,10.100333334600478,14.483456133250828,4.38312279865035,False,scipy_with_fraction_check,scipy_highs_with_fraction_check,,0.02750000021478627,2.223200000116776,0.037599999814119656,2.0284000001993263,0.8473999996567727,0.5442000001494307,0.0006999998731771484,0.21289999949658522,0.2134000005753478,0.03639999977167463,0.037400000110210385,0.04170000011072261,0.061300000197661575
test_consistent_random_observations__198,test_consistent_random_observations,PASS,solve_q1,observations,4,4,8,8,6.037000000105763,POLYGON,7,20.200666669200956,10.100333334600478,14.406400681457223,4.306067346856745,False,scipy_with_fraction_check,scipy_highs_with_fraction_check,,0.04630000057659345,2.9473000004145433,0.07970000024215551,2.6436999996803934,2.2047000002203276,0.7260000002133893,0.0007000007826718502,0.29459999950631754,0.26479999996809056,0.051199999688833486,0.053500000831263606,0.0593999993725447,0.11269999868090963
test_consistent_random_observations__199,test_consistent_random_observations,PASS,solve_q1,observations,3,3,6,6,4.212299999380775,POLYGON,6,34.018791863941445,17.009395931970722,17.009395931970726,3.552713678800501e-15,True,scipy_with_fraction_check,scipy_highs_with_fraction_check,,0.029100000574544538,2.546799999436189,0.040499999158782884,2.318000000741449,0.9766000002855435,0.5930999996053288,0.0006999998731771484,0.2331000005142414,0.23809999947843608,0.03770000057556899,0.04069999977218686,0.0411000000895001,0.06669999947916949
test_consistent_random_observations__200,test_consistent_random_observations,PASS,solve_q1,observations,4,4,8,8,3.9839999999458087,POLYGON,5,24.934925538381624,12.467462769190812,13.727563865361734,1.2601010961709225,False,scipy_with_fraction_check,scipy_highs_with_fraction_check,,0.02919999951700447,2.1979000002829707,0.05310000051395036,1.9298999995953636,1.3470000003508176,0.33520000033604447,0.0006000000212225132,0.13320000016392441,0.11050000011891825,0.02479999966453761,0.02880000010918593,0.03589999960240675,0.07469999945897143
test_constant_constraints__001,test_constant_constraints,PASS,solve_halfplanes,halfplanes,,,1,,0.3237999999328167,EMPTY,0,,,,,,scipy_with_fraction_check,not_run_or_early_return,0.30019999940122943,,,,,,,,,,,,,0.023600000531587284
test_constant_constraints__002,test_constant_constraints,PASS,solve_halfplanes,halfplanes,,,1,,0.3129999995508115,UNBOUNDED,0,Infinity,,,,,scipy_with_fraction_check,not_run_or_early_return,0.29009999980189605,,,,,,,,,,,,,0.022899999748915434
test_contradictory_parallel_constraints__001,test_contradictory_parallel_constraints,PASS,solve_halfplanes,halfplanes,,,2,2,0.6744000002072426,EMPTY,0,,,,,,scipy_with_fraction_check,scipy_highs_with_fraction_check,0.29689999973925296,,0.3312999997433508,0.028399999791872688,0.29319999975996325,,,,,,,,,0.04620000072463881
test_document_three_observations__001,test_document_three_observations,PASS,solve_q1,observations,3,3,6,6,3.474600000117789,POLYGON,6,32.25187208460611,16.125936042303056,16.370309230688353,0.2443731883852962,False,scipy_with_fraction_check,scipy_highs_with_fraction_check,,0.033600000278966036,2.160099999855447,0.03780000042752363,1.9720000000233995,0.7647000002179993,0.45140000020182924,0.0007999997251317836,0.1833000005717622,0.16529999993508682,0.031099999432626646,0.03370000013092067,0.03509999987727497,0.06479999956354732
test_document_two_observations__001,test_document_two_observations,PASS,solve_q1,observations,2,2,4,4,4.346699999587145,POLYGON,4,39.50834065898743,19.754170329493714,19.754170329493714,0.0,True,scipy_with_fraction_check,scipy_highs_with_fraction_check,,0.03240000023652101,3.6649000003308174,0.024300000404764432,3.5041999999521067,0.3020000003743917,0.2958999994007172,0.0006999998731771484,0.08770000022195745,0.13940000008005882,0.020599999515980016,0.02460000087012304,0.021099999685247894,0.05149999924469739
test_duplicate_and_permutation__001,test_duplicate_and_permutation,PASS,solve_q1,observations,2,2,4,4,2.9061000004730886,POLYGON,4,39.50834065898743,19.754170329493714,19.754170329493714,0.0,True,scipy_with_fraction_check,scipy_highs_with_fraction_check,,0.03999999989900971,2.1976999996695668,0.024400000256719068,2.0341999997981475,0.31179999950836645,0.29970000014145626,0.0006000000212225132,0.09019999924930744,0.13900000067224028,0.022199999875738285,0.024699999812582973,0.021300000298651867,0.056900001254689414
test_duplicate_and_permutation__002,test_duplicate_and_permutation,PASS,solve_q1,observations,4,2,8,4,2.854299999853538,POLYGON,4,39.50834065898743,19.754170329493714,19.754170329493714,0.0,True,scipy_with_fraction_check,scipy_highs_with_fraction_check,,0.03509999987727497,2.1485999996002647,0.02499999936844688,1.9867000000886037,0.30139999944367446,0.3089000001637032,0.0006000000212225132,0.08639999941806309,0.1534000002720859,0.020700000277429353,0.02429999949526973,0.022000000171829015,0.06030000076862052
test_empty_observation_intersection__001,test_empty_observation_intersection,PASS,solve_q1,observations,2,2,4,4,0.5879000000277301,EMPTY,0,,,,,,scipy_with_fraction_check,scipy_highs_with_fraction_check,,0.036699999327538535,0.49169999965670286,0.13519999993150122,0.3446000000622007,,,,,,,,,0.05950000104348874
test_invalid_inputs__001,test_invalid_inputs,PASS,solve_q1,observations,0,0,,,0.01160000010713702,EXCEPTION,,,,,,,scipy_with_fraction_check,,,0.007800000275892671,,,,,,,,,,,,0.0037999998312443495
test_invalid_inputs__002,test_invalid_inputs,PASS,solve_q1,observations,1,1,,,0.012999999853491317,EXCEPTION,,,,,,,scipy_with_fraction_check,,,0.010099999599333387,,,,,,,,,,,,0.0029000002541579306
test_invalid_inputs__003,test_invalid_inputs,PASS,solve_q1,observations,1,1,,,0.030700000024808105,EXCEPTION,,,,,,,scipy_with_fraction_check,,,0.027600000066740904,,,,,,,,,,,,0.003099999958067201
test_invalid_inputs__004,test_invalid_inputs,PASS,solve_q1,observations,1,1,,,0.025400000595254824,EXCEPTION,,,,,,,scipy_with_fraction_check,,,0.02249999943160219,,,,,,,,,,,,0.0029000011636526324
test_invalid_inputs__005,test_invalid_inputs,PASS,solve_q1,observations,1,1,,,0.4208999998809304,EXCEPTION,,,,,,,scipy_with_fraction_check,,0.4019999996671686,,,,,,,,,,,,,0.018900000213761814
test_invalid_inputs__006,test_invalid_inputs,PASS,solve_q1,observations,1,1,,,0.4040000003442401,EXCEPTION,,,,,,,scipy_with_fraction_check,,0.3864999998768326,,,,,,,,,,,,,0.017500000467407517
test_invalid_inputs__007,test_invalid_inputs,PASS,solve_q1,observations,1,1,,,0.4253999995853519,EXCEPTION,,,,,,,scipy_with_fraction_check,,0.4082000004927977,,,,,,,,,,,,,0.017199999092554208
test_invalid_inputs__008,test_invalid_inputs,PASS,solve_q1,observations,1,1,,,0.4205999994155718,EXCEPTION,,,,,,,scipy_with_fraction_check,,0.40669999998499407,,,,,,,,,,,,,0.013899999430577736
test_invalid_inputs__009,test_invalid_inputs,PASS,solve_q1,observations,1,1,,,0.42499999926803866,EXCEPTION,,,,,,,scipy_with_fraction_check,,0.3863000001729233,,,,,,,,,,,,,0.038699999095115345
test_lp_numerical_failure_not_unbounded__001,test_lp_numerical_failure_not_unbounded,PASS,solve_q1,observations,2,2,4,4,0.1432999997632578,NUMERICAL_ISSUE,0,,,,,,mocked_linprog,scipy_highs_with_fraction_check,,0.03240000023652101,0.055699999393254984,0.02480000057403231,0.021699999706470408,,,,,,,,,0.05520000013348181
test_lp_uses_free_variables__001,test_lp_uses_free_variables,PASS,solve_q1,observations,1,1,2,2,0.13859999944543233,UNBOUNDED,0,Infinity,,,,,mocked_linprog,scipy_highs_with_fraction_check,,0.03409999953873921,0.05579999924520962,0.017999999727180693,0.026200000320386607,,,,,,,,,0.0487000006614835
test_near_parallel_not_discarded__001,test_near_parallel_not_discarded,PASS,solve_halfplanes,halfplanes,,,3,3,1.6229000002567773,POLYGON,3,1000000000000.0,500000000000.0,500000000000.0,0.0,True,fraction_only,fraction_fourier_motzkin,0.4644999999072752,,0.05520000013348181,0.04959999932907522,,0.8254000003944384,0.20979999953851802,0.0006999998731771484,0.04630000057659345,0.0988000001598266,0.019099999917671084,0.022399999579647556,0.02099999983329326,0.06800000028306386
test_negative_coordinate_square__001,test_negative_coordinate_square,PASS,solve_halfplanes,halfplanes,,,4,4,4.057199999806471,POLYGON,4,2.8284271247461903,1.4142135623730951,1.4142135623730951,0.0,True,scipy_with_fraction_check,scipy_highs_with_fraction_check,0.5817999999635504,,2.9664000003322144,0.08160000015777769,2.6620000007824274,0.19179999981133733,0.22989999979472486,0.0006999998731771484,0.0683999996908824,0.09750000026542693,0.01609999981155852,0.020600000425474718,0.024599999960628338,0.08729999990464421
test_point_and_segment_direct_constraints__001,test_point_and_segment_direct_constraints,PASS,solve_halfplanes,halfplanes,,,4,4,3.296799999588984,POINT,1,0.0,0.0,0.0,0.0,True,scipy_with_fraction_check,scipy_highs_with_fraction_check,0.3650999997262261,,2.725599999394035,0.052600000344682485,2.5018999995154445,0.14620000001741573,0.0039000005926936865,0.002099999619531445,,,,,,0.05599999985861359
test_point_and_segment_direct_constraints__002,test_point_and_segment_direct_constraints,PASS,solve_halfplanes,halfplanes,,,4,4,2.6941999994960497,SEGMENT,2,2.0,1.0,1.0,0.0,True,scipy_with_fraction_check,scipy_highs_with_fraction_check,0.4195000001345761,,1.9646999999167747,0.05870000040886225,1.772999999957392,0.14509999982692534,0.09159999990515644,0.0006000000212225132,0.020200000108161476,0.04749999970954377,0.0070000005507608876,0.0007999997251317836,0.013900000340072438,0.07329999971261714
test_single_observation_unbounded__001,test_single_observation_unbounded,PASS,solve_q1,observations,1,1,2,2,3.6305000003267196,UNBOUNDED,0,Infinity,,,,,scipy_with_fraction_check,scipy_highs_with_fraction_check,,0.04639999951905338,3.529599999637867,0.020399999812070746,3.416099999412836,,,,,,,,,0.05450000116979936
test_strip_unbounded_with_no_vertices__001,test_strip_unbounded_with_no_vertices,PASS,solve_halfplanes,halfplanes,,,2,2,2.3903000001155306,UNBOUNDED,0,Infinity,,,,,scipy_with_fraction_check,scipy_highs_with_fraction_check,0.47339999946416356,,1.8604999995659455,0.03409999953873921,1.7312000009042094,,,,,,,,,0.056400001085421536
test_thin_polygon_not_merged_into_segment__001,test_thin_polygon_not_merged_into_segment,PASS,solve_halfplanes,halfplanes,,,4,4,0.8422000000791741,POLYGON,4,1.0,0.5,0.5,0.0,True,fraction_only,fraction_fourier_motzkin,0.38609999955951935,,0.053499999921768904,0.049500000386615284,,0.1345999999102787,0.21019999985583127,0.0005000001692678779,0.05160000000614673,0.09390000013809185,0.017999999727180693,0.02120000044669723,0.02390000008745119,0.05780000083177583
test_translation_and_rotation__001,test_translation_and_rotation,PASS,solve_q1,observations,2,2,4,4,2.558099999987462,POLYGON,4,39.50834065898743,19.754170329493714,19.754170329493714,0.0,True,scipy_with_fraction_check,scipy_highs_with_fraction_check,,0.02390000008745119,1.9298999995953636,0.022200000785232987,1.7845000020315638,0.28029999975842657,0.2720000002227607,0.0006000000212225132,0.0808000004326459,0.12869999955000822,0.018600000657897908,0.02210000002378365,0.019999999494757503,0.05200000032345997
test_translation_and_rotation__002,test_translation_and_rotation,PASS,solve_q1,observations,2,2,4,4,2.769399999124289,POLYGON,4,39.50834065898741,19.754170329493704,19.754170329493785,8.171241461241152e-14,True,scipy_with_fraction_check,scipy_highs_with_fraction_check,,0.027399999453336932,2.139500000339467,0.021800000467919745,1.973800000087067,0.26950000028591603,0.28790000033040997,0.0004999992597731762,0.09040000077220611,0.13389999912760686,0.020000000404252205,0.022399999579647556,0.019300000531075057,0.04509999871515902
test_translation_and_rotation__003,test_translation_and_rotation,PASS,solve_q1,observations,2,2,4,4,2.435700000205543,POLYGON,4,39.50834065898749,19.754170329493746,19.754170329493746,0.0,True,scipy_with_fraction_check,scipy_highs_with_fraction_check,,0.023600000531587284,1.823800000238407,0.023300000066228677,1.6792000014902442,0.2781000002869405,0.2641000000949134,0.0005000001692678779,0.07980000009411015,0.12289999995118706,0.0183000001925393,0.021799999558425043,0.019600000086938962,0.04609999905369477
