case_id,test_name,test_outcome,entrypoint,input_kind,observation_count,unique_detection_point_count,constraint_count_input,constraint_count_solver,elapsed_ms,status,vertex_count,diameter,circle_radius,max_vertex_distance,coverage_excess,same_diameter_covers,backend_mode,backend,stage_config_ms,stage_build_halfplanes_ms,stage_classify_ms,stage_projection_bounds_ms,stage_linprog_ms,stage_vertices_ms,stage_measure_ms,stage_measure_setup_ms,stage_diameter_ms,stage_coverage_ms,stage_degeneracy_ms,stage_sort_vertices_ms,stage_residual_and_output_ms,stage_other_ms
test_angle_wrap_and_two_input_styles__001,test_angle_wrap_and_two_input_styles,PASS,solve_q1,observations,2,2,4,4,7.072399999742629,POLYGON,4,39.5083406589872,19.7541703294936,19.754170329493604,3.552713678800501e-15,True,scipy_with_fraction_check,scipy_highs_with_fraction_check,,0.07409999943774892,5.724499999814725,0.15150000035646372,5.407999999988533,0.33090000033553224,0.8612999999968451,0.0008999995770864189,0.6549999998242129,0.08640000032755779,0.09270000009564683,0.0008999995770864189,0.023300000066228677,0.08160000015777769
test_angle_wrap_and_two_input_styles__002,test_angle_wrap_and_two_input_styles,PASS,solve_q1,observations,2,2,4,4,4.032099999676575,POLYGON,4,39.5083406589872,19.7541703294936,19.754170329493604,3.552713678800501e-15,True,scipy_with_fraction_check,scipy_highs_with_fraction_check,0.4220000000714208,0.01920000067912042,2.322400000593916,0.11249999988649506,2.061299998786126,0.3209000005881535,0.8393999996769708,0.000999999429041054,0.6474000001617242,0.08560000060242601,0.08149999939632835,0.0006000000212225132,0.021599999854515772,0.10819999806699343
test_consistent_random_observations__001,test_consistent_random_observations,PASS,solve_q1,observations,3,3,6,6,4.355000000032305,POLYGON,4,22.217638393864267,11.108819196932133,13.10623352407956,1.9974143271474265,False,scipy_with_fraction_check,scipy_highs_with_fraction_check,,0.04360000002634479,2.7580000005400507,0.2804000005198759,2.2998999993433245,0.7495000008930219,0.7212000000436092,0.0006999998731771484,0.5815999993501464,0.03950000063923653,0.07099999947968172,0.0006000000212225132,0.026300000172341242,0.08269999852927867
test_consistent_random_observations__002,test_consistent_random_observations,PASS,solve_q1,observations,4,4,8,8,5.22369999998773,POLYGON,5,20.83521363032694,10.41760681516347,12.111275110271798,1.6936682951083277,False,scipy_with_fraction_check,scipy_highs_with_fraction_check,,0.031000000490166713,2.9489000007743016,0.3730000007635681,2.402399998572946,1.28599999970902,0.8790000001681619,0.0006000000212225132,0.7109000007403665,0.03899999956047395,0.08969999998953426,0.0006999998731771484,0.03670000023703324,0.07879999884607969
test_consistent_random_observations__003,test_consistent_random_observations,PASS,solve_q1,observations,3,3,6,6,12.408399999912945,POLYGON,6,30.04862541611205,15.024312708056025,16.885144174807255,1.8608314667512307,False,scipy_with_fraction_check,scipy_highs_with_fraction_check,,0.09130000034929253,6.703099999867845,0.6400000002031447,5.625499999950989,2.158199999939825,3.2683999997971114,0.0018000000636675395,2.6187999992544064,0.21400000059657032,0.3359000002092216,0.0021999994714860804,0.09190000037051504,0.18739999995887047
test_consistent_random_observations__004,test_consistent_random_observations,PASS,solve_q1,observations,4,4,8,8,5.799600000500504,POLYGON,4,18.4296311073659,9.21481555368295,12.824010371268423,3.6091948175854736,False,scipy_with_fraction_check,scipy_highs_with_fraction_check,,0.05450000026030466,3.4328000001551118,0.5809000003864639,2.6177000008829054,1.4998999995441409,0.6932000005690497,0.0006999998731771484,0.5329999994501122,0.056400000175926834,0.06920000032550888,0.0008999995770864189,0.03149999974993989,0.11919999997189734
test_consistent_random_observations__005,test_consistent_random_observations,PASS,solve_q1,observations,3,3,6,6,3.790400000070804,POLYGON,5,20.689194195656633,10.344597097828316,10.344597097828316,0.0,True,scipy_with_fraction_check,scipy_highs_with_fraction_check,,0.02519999998185085,2.1464999999807333,0.21219999962340808,1.7878000007840456,0.6784999995943508,0.8830999995552702,0.0005000001692678779,0.6825999998909538,0.08769999931246275,0.08170000000973232,0.0006000000212225132,0.02880000010918593,0.057100000958598685
test_consistent_random_observations__006,test_consistent_random_observations,PASS,solve_q1,observations,4,4,8,8,4.793699999936507,POLYGON,6,19.632239331280147,9.816119665640073,9.816119665640105,3.197442310920451e-14,True,scipy_with_fraction_check,scipy_highs_with_fraction_check,,0.02719999974942766,2.33609999941109,0.3878999996231869,1.7926999998962856,1.2673999999606167,1.0915000002569286,0.0005000001692678779,0.847799999974086,0.09990000035031699,0.10199999996984843,0.0006999998731771484,0.03930000002583256,0.0715000005584443
test_consistent_random_observations__007,test_consistent_random_observations,PASS,solve_q1,observations,3,3,6,6,3.5771999991993653,POLYGON,4,27.108856643533624,13.554428321766812,22.29074433885397,8.736316017087157,False,scipy_with_fraction_check,scipy_highs_with_fraction_check,,0.025800000003073364,2.22829999984242,0.21110000034241239,1.8734000013864716,0.6337000004350557,0.6291999998211395,0.0006000000212225132,0.4957999999533058,0.03689999994094251,0.06540000049426453,0.0006000000212225132,0.027600000066740904,0.06019999909767648
test_consistent_random_observations__008,test_consistent_random_observations,PASS,solve_q1,observations,4,4,8,8,5.1419999999779975,POLYGON,4,27.108856643533624,13.554428321766812,22.29074433885397,8.736316017087157,False,scipy_with_fraction_check,scipy_highs_with_fraction_check,,0.11410000024625333,2.821399999447749,0.5426999996416271,2.085099999931117,1.2956999999005347,0.699700000041048,0.0006999998731771484,0.5381000000852509,0.050800000281014945,0.07310000000870787,0.000999999429041054,0.03420000030018855,0.21110000034241239
test_consistent_random_observations__009,test_consistent_random_observations,PASS,solve_q1,observations,3,3,6,6,3.8923000001886976,POLYGON,5,24.936210746966673,12.468105373483336,13.790312456015865,1.322207082532529,False,scipy_with_fraction_check,scipy_highs_with_fraction_check,,0.038299999687296804,2.226699999482662,0.20990000120946206,1.875300000392599,0.7137000002330751,0.8496999998897081,0.0006000000212225132,0.693199999659555,0.037400000110210385,0.08729999990464421,0.0006999998731771484,0.028899999961140566,0.0639000008959556
test_consistent_random_observations__010,test_consistent_random_observations,PASS,solve_q1,observations,4,4,8,8,7.999299999937648,POLYGON,4,23.405927302466317,11.702963651233159,14.22557584244861,2.522612191215451,False,scipy_with_fraction_check,scipy_highs_with_fraction_check,,0.04840000019612489,3.3782000000428525,0.3826000001936336,2.8256000005058013,3.0382000004465226,1.4491000001726206,0.0008999995770864189,1.234899999872141,0.09680000039224979,0.07550000009359792,0.0008999995770864189,0.03749999996216502,0.08539999907952733
test_consistent_random_observations__011,test_consistent_random_observations,PASS,solve_q1,observations,3,3,6,6,5.405500000051688,POLYGON,4,24.567064058789537,12.283532029394769,17.189747299423043,4.906215270028275,False,scipy_with_fraction_check,scipy_highs_with_fraction_check,,0.03329999981360743,3.633100000115519,0.23219999911816558,3.145300000142015,0.8271000006061513,0.8445000003121095,0.0010000003385357559,0.5905999996684841,0.07100000038917642,0.14449999980570283,0.0015999994502635673,0.032500000088475645,0.06749999920430128
test_consistent_random_observations__012,test_consistent_random_observations,PASS,solve_q1,observations,4,4,8,8,5.549999999857391,POLYGON,5,20.179809411474533,10.089904705737267,15.739791625222104,5.649886919484837,False,scipy_with_fraction_check,scipy_highs_with_fraction_check,,0.07069999992381781,2.8615999999601627,0.4321000005802489,2.2212999992916593,1.593900000443682,0.925199999983306,0.0007999997251317836,0.691000000188069,0.07000000005064066,0.11869999980262946,0.0006999998731771484,0.04170000011072261,0.09859999954642262
test_consistent_random_observations__013,test_consistent_random_observations,PASS,solve_q1,observations,3,3,6,6,4.083799999534676,POLYGON,4,16.30451157914354,8.15225578957177,11.980298852679946,3.8280430631081757,False,scipy_with_fraction_check,scipy_highs_with_fraction_check,,0.04640000042854808,2.578499999799533,0.2395999999862397,2.1740000001955195,0.6778999995731283,0.7077999998728046,0.0006999998731771484,0.5295000000842265,0.08269999943877338,0.06620000021939632,0.0006999998731771484,0.026200000320386607,0.0731999998606625
test_consistent_random_observations__014,test_consistent_random_observations,PASS,solve_q1,observations,4,4,8,8,4.991599999812024,POLYGON,5,16.092325748953094,8.046162874476547,11.84262705696514,3.7964641824885934,False,scipy_with_fraction_check,scipy_highs_with_fraction_check,,0.03870000000461005,2.6514000001043314,0.37430000065796776,2.0987000007153256,1.3196999998399406,0.9057999996002764,0.0007999997251317836,0.6857999997009756,0.09930000032909447,0.08400000024266774,0.0006000000212225132,0.03339999966556206,0.0760000002628658
test_consistent_random_observations__015,test_consistent_random_observations,PASS,solve_q1,observations,3,3,6,6,3.7451999996847007,POLYGON,5,30.187578062550447,15.093789031275223,19.38501609985523,4.291227068580005,False,scipy_with_fraction_check,scipy_highs_with_fraction_check,,0.024599999960628338,2.1275000008245115,0.20820000008825446,1.7763999985618284,0.6508999995276099,0.8854999996401602,0.0006999998731771484,0.6889000005685375,0.08459999935439555,0.0819000006231363,0.0006999998731771484,0.027399999453336932,0.05669999973179074
test_consistent_random_observations__016,test_consistent_random_observations,PASS,solve_q1,observations,4,4,8,8,5.036699999436678,POLYGON,5,23.882380565841423,11.941190282920711,15.47990021388992,3.5387099309692083,False,scipy_with_fraction_check,scipy_highs_with_fraction_check,,0.028299999939918052,2.2884999998495914,0.36999999974796083,1.7673000002105255,1.6843999992488534,0.9620999999242486,0.0006000000212225132,0.7164999997257837,0.09530000079394085,0.11009999980160501,0.0008999995770864189,0.037200000406301115,0.07340000047406647
test_consistent_random_observations__017,test_consistent_random_observations,PASS,solve_q1,observations,3,3,6,6,3.780000000006112,POLYGON,4,22.436888193427947,11.218444096713974,14.766177723358174,3.5477336266442006,False,scipy_with_fraction_check,scipy_highs_with_fraction_check,,0.025499999537714757,2.2855999995954335,0.210000000151922,1.9168999997418723,0.7518000002164626,0.6593999996766797,0.0006999998731771484,0.5164000003787805,0.0503999999637017,0.0652999997328152,0.0006000000212225132,0.024500000108673703,0.0577000009798212
test_consistent_random_observations__018,test_consistent_random_observations,PASS,solve_q1,observations,4,4,8,8,4.840500000682368,POLYGON,5,22.436888193427947,11.218444096713974,11.21844409671399,1.5987211554602254e-14,True,scipy_with_fraction_check,scipy_highs_with_fraction_check,,0.02700000004551839,2.6465999999345513,0.3552999996827566,2.117000000907865,1.2185000005047186,0.879900000654743,0.0006000000212225132,0.6696999998894171,0.0866999998834217,0.08479999996779952,0.0006999998731771484,0.03569999989849748,0.06849999954283703
test_consistent_random_observations__019,test_consistent_random_observations,PASS,solve_q1,observations,3,3,6,6,3.239199999370612,POLYGON,3,9.246267005690134,4.623133502845067,5.634110328343506,1.0109768254984388,False,scipy_with_fraction_check,scipy_highs_with_fraction_check,,0.02769999991869554,2.1110999996380997,0.2123000003848574,1.760600001034618,0.6069999999454012,0.4352000005383161,0.0005000001692678779,0.33320000056846766,0.03539999943313887,0.04360000002634479,0.0006000000212225132,0.02049999966402538,0.05819999933009967
test_consistent_random_observations__020,test_consistent_random_observations,PASS,solve_q1,observations,4,4,8,8,4.161700000622659,POLYGON,3,9.246267005690134,4.623133502845067,5.634110328343506,1.0109768254984388,False,scipy_with_fraction_check,scipy_highs_with_fraction_check,,0.030399999559449498,2.3879000000306405,0.3729999989445787,1.8529999997554114,1.2105999994673766,0.4591000006257673,0.0006000000212225132,0.3454000006968272,0.037599999814119656,0.047900000026857015,0.0006999998731771484,0.025600000299164094,0.07370000093942508
test_consistent_random_observations__021,test_consistent_random_observations,PASS,solve_q1,observations,3,3,6,6,3.6405000000740984,POLYGON,4,26.442952148004508,13.221476074002254,14.27129854739037,1.0498224733881152,False,scipy_with_fraction_check,scipy_highs_with_fraction_check,,0.0334999995175167,2.202200000283483,0.22929999977350235,1.8290000007255003,0.6841000003987574,0.6527999994432321,0.0006000000212225132,0.499100000524777,0.06139999914012151,0.06470000062108738,0.0006999998731771484,0.024699999812582973,0.06790000043110922
test_consistent_random_observations__022,test_consistent_random_observations,PASS,solve_q1,observations,4,4,8,8,4.23049999972136,POLYGON,4,17.23703770541595,8.618518852707975,12.988327921397024,4.369809068689049,False,scipy_with_fraction_check,scipy_highs_with_fraction_check,,0.030499999411404133,2.290500000526663,0.35990000014862744,1.7781000015020254,1.167399999758345,0.6721999998262618,0.0006000000212225132,0.5047000004196889,0.0641999995423248,0.06970000049477676,0.0006999998731771484,0.030899999728717376,0.06990000019868603
test_consistent_random_observations__023,test_consistent_random_observations,PASS,solve_q1,observations,3,3,6,6,3.92920000012964,POLYGON,4,22.901170157771865,11.450585078885933,11.450585078885947,1.4210854715202004e-14,True,scipy_with_fraction_check,scipy_highs_with_fraction_check,,0.033799999982875306,2.380700000685465,0.2217999999629683,1.9968000005974318,0.7402999999612803,0.7107000001269625,0.0006999998731771484,0.5445999995572492,0.07420000019919826,0.06450000000768341,0.0006000000212225132,0.024599999960628338,0.06369999937305693
test_consistent_random_observations__024,test_consistent_random_observations,PASS,solve_q1,observations,4,4,8,8,4.99740000032034,POLYGON,4,22.901170157771865,11.450585078885933,11.450585078885947,1.4210854715202004e-14,True,scipy_with_fraction_check,scipy_highs_with_fraction_check,,0.029800000447721686,2.986599999530881,0.7257000006575254,2.0888000008199015,1.2130999994042213,0.6927000003997819,0.0006000000212225132,0.5212000005485606,0.07399999958579428,0.06450000000768341,0.0006000000212225132,0.029200000426499173,0.07520000053773401
test_consistent_random_observations__025,test_consistent_random_observations,PASS,solve_q1,observations,3,3,6,6,4.3967999999949825,POLYGON,6,27.042483552084324,13.521241776042162,13.521241776042165,3.552713678800501e-15,True,scipy_with_fraction_check,scipy_highs_with_fraction_check,,0.029799999538226984,2.3704999994151876,0.24060000032477546,1.9757999989451491,0.7540999995399034,1.175100000182283,0.0006000000212225132,0.9181000004900852,0.10989999918820104,0.10770000062620966,0.0007999997251317836,0.03670000023703324,0.06730000131938141
test_consistent_random_observations__026,test_consistent_random_observations,PASS,solve_q1,observations,4,4,8,8,5.238900000222202,POLYGON,6,23.07626034780428,11.53813017390214,12.427104819446122,0.888974645543982,False,scipy_with_fraction_check,scipy_highs_with_fraction_check,,0.02950000089185778,2.56829999943875,0.40390000049228547,1.9902000012734788,1.39480000052572,1.1727999999493477,0.0006000000212225132,0.9675999999672058,0.041900000724126585,0.11209999956918182,0.0007999997251317836,0.04840000019612489,0.07349999941652641
test_consistent_random_observations__027,test_consistent_random_observations,PASS,solve_q1,observations,3,3,6,6,4.113400000278489,POLYGON,5,26.043564992928037,13.021782496464018,13.021782496464045,2.6645352591003757e-14,True,scipy_with_fraction_check,scipy_highs_with_fraction_check,,0.027100000806967728,2.320799999324663,0.22739999985788018,1.9428999985393602,0.7433000000673928,0.9607999991203542,0.0006000000212225132,0.7212999998955638,0.11610000001383014,0.09049999971466605,0.0007999997251317836,0.030100000003585592,0.06140000095911091
test_consistent_random_observations__028,test_consistent_random_observations,PASS,solve_q1,observations,4,4,8,8,4.587100000208011,POLYGON,4,19.227330645630182,9.613665322815091,9.613665322815091,0.0,True,scipy_with_fraction_check,scipy_highs_with_fraction_check,,0.030100000003585592,2.4498000002495246,0.38469999890367035,1.895799998237635,1.3220999999248306,0.7110000005923212,0.0006000000212225132,0.5271999998512911,0.07839999943826115,0.07110000024113106,0.0007999997251317836,0.03130000004603062,0.07409999943774892
test_consistent_random_observations__029,test_consistent_random_observations,PASS,solve_q1,observations,3,3,6,6,4.567300000417163,POLYGON,4,20.1296607114347,10.06483035571735,14.367509026165235,4.302678670447886,False,scipy_with_fraction_check,scipy_highs_with_fraction_check,,0.028000000384054147,3.102099999523489,0.2310999998371699,2.611899999465095,0.6838999997853534,0.689299999976356,0.0006999998731771484,0.5481999996845843,0.041199999941454735,0.07120000009308569,0.0006999998731771484,0.025800000003073364,0.06400000074791024
test_consistent_random_observations__030,test_consistent_random_observations,PASS,solve_q1,observations,4,4,8,8,6.14300000052026,POLYGON,4,20.1296607114347,10.06483035571735,14.367509026165235,4.302678670447886,False,scipy_with_fraction_check,scipy_highs_with_fraction_check,,0.03620000006776536,3.412100000787177,0.4907000011371565,2.6946000007228577,1.697499999863794,0.9052999994310085,0.0006999998731771484,0.692200000230514,0.051900000471505336,0.1083999995898921,0.0012000000424450263,0.048799999603943434,0.09190000037051504
test_consistent_random_observations__031,test_consistent_random_observations,PASS,solve_q1,observations,3,3,6,6,4.286800000045332,POLYGON,5,21.155216366145474,10.577608183072737,10.577608183072753,1.5987211554602254e-14,True,scipy_with_fraction_check,scipy_highs_with_fraction_check,,0.03190000006725313,2.4803999995128834,0.2279999998791027,2.0859000005657435,0.7327000002987916,0.9456999996473314,0.0006000000212225132,0.7225999997899635,0.09310000041296007,0.09589999990566866,0.0007999997251317836,0.031200000194075983,0.09610000051907264
test_consistent_random_observations__032,test_consistent_random_observations,PASS,solve_q1,observations,4,4,8,8,5.207700000028126,POLYGON,6,16.14808659371456,8.07404329685728,8.19821205992348,0.12416876306619962,False,scipy_with_fraction_check,scipy_highs_with_fraction_check,,0.03860000015265541,2.5275999996665632,0.393899999835412,1.9628999998531071,1.3780999997834442,1.1856000000989297,0.0006000000212225132,0.9296999996877275,0.068700000156241,0.13670000043930486,0.0027999994927085936,0.04549999994196696,0.07780000032653334
test_consistent_random_observations__033,test_consistent_random_observations,PASS,solve_q1,observations,3,3,6,6,4.606999999850814,POLYGON,6,19.567795610403557,9.783897805201779,9.783897805201779,0.0,True,scipy_with_fraction_check,scipy_highs_with_fraction_check,,0.0486999997519888,2.5161999992633355,0.23630000032426324,2.1188999999139924,0.7666000001336215,1.201500000206579,0.0006000000212225132,0.9362999999211752,0.1114999995479593,0.11520000043674372,0.0008999995770864189,0.03530000049067894,0.07400000049528899
test_consistent_random_observations__034,test_consistent_random_observations,PASS,solve_q1,observations,4,4,8,8,5.63860000056593,POLYGON,6,19.567795610403557,9.783897805201779,9.783897805201779,0.0,True,scipy_with_fraction_check,scipy_highs_with_fraction_check,,0.03949999972974183,2.9744000003120163,0.3930000002583256,2.3915999991004355,1.35610000052111,1.1900999998033512,0.0006000000212225132,0.9187000005113077,0.11219999942113645,0.11080000058427686,0.0007999997251317836,0.045200000386103056,0.07850000019971048
test_consistent_random_observations__035,test_consistent_random_observations,PASS,solve_q1,observations,3,3,6,6,4.423299999871233,POLYGON,6,33.296676229903746,16.648338114951873,16.648338114951873,0.0,True,scipy_with_fraction_check,scipy_highs_with_fraction_check,,0.03729999934876105,2.3160999999163323,0.23099999907572055,1.9325999992361176,0.7359000001088134,1.2657999996008584,0.0006000000212225132,0.9492999997746665,0.14350000037666177,0.11489999997138511,0.0012000000424450263,0.05429999964690069,0.06820000089646783
test_consistent_random_observations__036,test_consistent_random_observations,PASS,solve_q1,observations,4,4,8,8,5.040400000325462,POLYGON,5,18.03443480176642,9.01721740088321,9.758980307948145,0.7417629070649348,False,scipy_with_fraction_check,scipy_highs_with_fraction_check,,0.04020000051241368,2.6243999991493183,0.40720000015426194,2.0463000000745524,1.364800000374089,0.9304999994128593,0.0006999998731771484,0.7482999999410822,0.047900000026857015,0.09159999990515644,0.0007999997251317836,0.03930000002583256,0.080500000876782
test_consistent_random_observations__037,test_consistent_random_observations,PASS,solve_q1,observations,3,3,6,6,4.138100000091072,POLYGON,5,29.430560528708686,14.715280264354343,14.715280264354346,3.552713678800501e-15,True,scipy_with_fraction_check,scipy_highs_with_fraction_check,,0.03689999994094251,2.3624000004929258,0.23079999937181128,1.9795999996858882,0.7316999999602558,0.9318000002167537,0.0006999998731771484,0.7172999994509155,0.0915000000532018,0.09000000045489287,0.0006999998731771484,0.030100000003585592,0.07529999948019395
test_consistent_random_observations__038,test_consistent_random_observations,PASS,solve_q1,observations,4,4,8,8,4.9165000000357395,POLYGON,4,10.544068518967078,5.272034259483539,5.598583283384244,0.3265490239007045,False,scipy_with_fraction_check,scipy_highs_with_fraction_check,,0.04910000006930204,2.6296000005459064,0.39539999943372095,2.0511000002443325,1.3417000000117696,0.8136000005833921,0.0006999998731771484,0.6063000000722241,0.09640000007493654,0.07340000047406647,0.0007999997251317836,0.03409999953873921,0.0824999988253694
test_consistent_random_observations__039,test_consistent_random_observations,PASS,solve_q1,observations,3,3,6,6,3.791099999943981,POLYGON,4,17.212272665764843,8.606136332882421,14.230868743170147,5.624732410287725,False,scipy_with_fraction_check,scipy_highs_with_fraction_check,,0.03170000036334386,2.3291999996217783,0.2268999987791176,1.9519000006766873,0.699999999596912,0.6657999992967234,0.0006999998731771484,0.5249000005278504,0.038499999391206075,0.07020000066404464,0.0006999998731771484,0.0289999998130952,0.06440000106522348
test_consistent_random_observations__040,test_consistent_random_observations,PASS,solve_q1,observations,4,4,8,8,4.62850000076287,POLYGON,4,17.212272665764843,8.606136332882421,14.230868743170147,5.624732410287725,False,scipy_with_fraction_check,scipy_highs_with_fraction_check,,0.03420000030018855,2.510999999685737,0.39139999989856733,1.9465000004856847,1.3236999993750942,0.6825000000389991,0.0005000001692678779,0.5347000005713198,0.03999999989900971,0.07109999933163635,0.0008000006346264854,0.033799999982875306,0.07710000136285089
test_consistent_random_observations__041,test_consistent_random_observations,PASS,solve_q1,observations,3,3,6,6,4.736399999273999,POLYGON,5,23.42281576551974,11.71140788275987,11.71140788275987,0.0,True,scipy_with_fraction_check,scipy_highs_with_fraction_check,,0.029400000130408444,2.2415000003093155,0.2260999999634805,1.866799997515045,0.7832000001144479,1.6194999998333515,0.0006999998731771484,1.316699999733828,0.13000000035390258,0.12759999935951782,0.0010000003385357559,0.04170000011072261,0.0627999988864758
test_consistent_random_observations__042,test_consistent_random_observations,PASS,solve_q1,observations,4,4,8,8,5.594899999778136,POLYGON,6,23.42281576551974,11.71140788275987,11.71140788275987,0.0,True,scipy_with_fraction_check,scipy_highs_with_fraction_check,,0.030700000024808105,2.517400000215275,0.3920999997717445,1.9536000008884002,1.370100000713137,1.5923999999358784,0.0006000000212225132,1.2677000004259753,0.1247000000148546,0.14149999969959026,0.0010000003385357559,0.05539999983739108,0.08429999888903694
test_consistent_random_observations__043,test_consistent_random_observations,PASS,solve_q1,observations,3,3,6,6,4.1894999994838145,POLYGON,3,11.57141590678283,5.785707953391415,9.737700054650201,3.951992101258786,False,scipy_with_fraction_check,scipy_highs_with_fraction_check,,0.03699999979289714,2.8628000000026077,0.3093999994234764,2.372199998717406,0.706499999978405,0.5000000001018634,0.0006000000212225132,0.3780999995797174,0.042800000301213004,0.051899999562010635,0.0008000006346264854,0.02390000008745119,0.08319999960804125
test_consistent_random_observations__044,test_consistent_random_observations,PASS,solve_q1,observations,4,4,8,8,4.309200000534474,POLYGON,4,11.564433577160434,5.782216788580217,9.44961523774773,3.6673984491675133,False,scipy_with_fraction_check,scipy_highs_with_fraction_check,,0.0396999994336511,2.3295999999390915,0.36410000029718503,1.8113999994966434,1.2285999991945573,0.6383999998433865,0.0006000000212225132,0.4945999999108608,0.04760000047099311,0.06479999956354732,0.0006000000212225132,0.028700000257231295,0.072900002123788
test_consistent_random_observations__045,test_consistent_random_observations,PASS,solve_q1,observations,3,3,6,6,3.9905000003273017,POLYGON,5,26.16949016307199,13.084745081535996,13.084745081535996,0.0,True,scipy_with_fraction_check,scipy_highs_with_fraction_check,,0.03060000017285347,2.2343999999066,0.22710000030201627,1.862099999016209,0.6843000001026667,0.9712000000945409,0.0006000000212225132,0.7507999998779269,0.09640000007493654,0.09090000003197929,0.0008000006346264854,0.030299999707494862,0.07000000005064066
test_consistent_random_observations__046,test_consistent_random_observations,PASS,solve_q1,observations,4,4,8,8,4.700600000433042,POLYGON,5,24.753980463880698,12.376990231940349,12.376990231940349,0.0,True,scipy_with_fraction_check,scipy_highs_with_fraction_check,,0.02969999968627235,2.3972999997567968,0.3877000008287723,1.8514000012146425,1.2280999999347841,0.9620999999242486,0.0006000000212225132,0.7361000007222174,0.09520000003249152,0.0911999995878432,0.0009000004865811206,0.036499999623629265,0.08340000113093993
test_consistent_random_observations__047,test_consistent_random_observations,PASS,solve_q1,observations,3,3,6,6,3.5659999994095415,POLYGON,4,26.12226229183838,13.06113114591919,18.469711911849167,5.408580765929978,False,scipy_with_fraction_check,scipy_highs_with_fraction_check,,0.025299999833805487,2.107100000102946,0.20959999983460875,1.755899998897803,0.6655999995928141,0.7034000000203378,0.0006000000212225132,0.5208000002312474,0.07579999964946182,0.06589999975403771,0.0006000000212225132,0.03820000074483687,0.06459999985963805
test_consistent_random_observations__048,test_consistent_random_observations,PASS,solve_q1,observations,4,4,8,8,4.701500000010128,POLYGON,5,26.12226229183838,13.06113114591919,14.659043777974185,1.597912632054996,False,scipy_with_fraction_check,scipy_highs_with_fraction_check,,0.035799999750452116,2.3601999992024503,0.3692999998747837,1.827199999752338,1.3286000003063236,0.902200000382436,0.0006000000212225132,0.6974999996600673,0.07670000013604295,0.09189999946102034,0.0006999998731771484,0.0335000004270114,0.07470000036846614
test_consistent_random_observations__049,test_consistent_random_observations,PASS,solve_q1,observations,3,3,6,6,4.109699999389704,POLYGON,6,27.027300901021377,13.513650450510688,13.51365045051069,1.7763568394002505e-15,True,scipy_with_fraction_check,scipy_highs_with_fraction_check,,0.025100000129896216,2.1977000005790615,0.21120000019436702,1.831399998991401,0.7012000005488517,1.1287000006632297,0.0004000003173132427,0.8684000003995607,0.1187999996545841,0.10719999954744708,0.0008000006346264854,0.031800000215298496,0.05699999746866524
test_consistent_random_observations__050,test_consistent_random_observations,PASS,solve_q1,observations,4,4,8,8,4.797499999767751,POLYGON,6,27.027300901021377,13.513650450510688,13.51365045051069,1.7763568394002505e-15,True,scipy_with_fraction_check,scipy_highs_with_fraction_check,,0.028699999347736593,2.3117000000638654,0.3640000004452304,1.7920000000231084,1.2582999997903244,1.1287999996056897,0.0005000001692678779,0.8766000000832719,0.10479999946255703,0.10629999997036066,0.0006999998731771484,0.038500000300700776,0.07000000096013537
test_consistent_random_observations__051,test_consistent_random_observations,PASS,solve_q1,observations,3,3,6,6,4.135099999984959,POLYGON,6,19.16836247120864,9.58418123560432,9.584181235604321,1.7763568394002505e-15,True,scipy_with_fraction_check,scipy_highs_with_fraction_check,,0.024899999516492244,2.231099999335129,0.20760000006703194,1.8749000000752858,0.6902999994053971,1.1317999997118022,0.0006000000212225132,0.8961000003182562,0.09959999988495838,0.10070000007544877,0.0006999998731771484,0.03259999994043028,0.05700000201613875
test_consistent_random_observations__052,test_consistent_random_observations,PASS,solve_q1,observations,4,4,8,8,4.680099999859522,POLYGON,5,19.13245016188425,9.566225080942125,9.566225080942147,2.1316282072803006e-14,True,scipy_with_fraction_check,scipy_highs_with_fraction_check,,0.027200000658922363,2.3552000002382556,0.3666000002340297,1.8267000004925649,1.3239999998404528,0.9038999996846542,0.0006000000212225132,0.6802999996580184,0.09490000047662761,0.09229999977833359,0.0008000006346264854,0.03339999966556206,0.06979999943723669
test_consistent_random_observations__053,test_consistent_random_observations,PASS,solve_q1,observations,3,3,6,6,4.254499999660766,POLYGON,6,20.640998148375722,10.320499074187861,10.83522584747656,0.5147267732886984,False,scipy_with_fraction_check,scipy_highs_with_fraction_check,,0.025100000129896216,2.3713999999017688,0.20979999953851802,2.01189999916096,0.7125000001906301,1.0871999993469217,0.0004999992597731762,0.8815000001050066,0.06310000026132911,0.10759999986476032,0.0006999998731771484,0.032500000088475645,0.05830000009154901
test_consistent_random_observations__054,test_consistent_random_observations,PASS,solve_q1,observations,4,4,8,8,4.901799999970535,POLYGON,6,19.3220843499491,9.66104217497455,9.88734038608564,0.2262982111110894,False,scipy_with_fraction_check,scipy_highs_with_fraction_check,,0.026300000172341242,2.4076999998214887,0.36700000055134296,1.881999998659012,1.3159000000086962,1.0780000002341694,0.0004999992597731762,0.8716000002095825,0.06360000043059699,0.10159999965253519,0.0006999998731771484,0.03860000015265541,0.07389999973383965
test_consistent_random_observations__055,test_consistent_random_observations,PASS,solve_q1,observations,3,3,6,6,3.6221000000296044,POLYGON,4,26.501167804557774,13.250583902278887,13.250583902278898,1.0658141036401503e-14,True,scipy_with_fraction_check,scipy_highs_with_fraction_check,,0.024899999516492244,2.1885000005568145,0.22230000013223616,1.8265000007886556,0.6916000002092915,0.6577000003744615,0.0006000000212225132,0.4951999999320833,0.07170000026235357,0.0642000004518195,0.0006999998731771484,0.023999999939405825,0.0593999993725447
test_consistent_random_observations__056,test_consistent_random_observations,PASS,solve_q1,observations,4,4,8,8,5.58530000034807,POLYGON,5,22.805573939008273,11.402786969504136,11.402786969504136,0.0,True,scipy_with_fraction_check,scipy_highs_with_fraction_check,,0.04129999979340937,2.7970000001005246,0.45480000062525505,2.1486000005097594,1.3685000003533787,1.279199999771663,0.0006999998731771484,0.9878999999273219,0.1111999999920954,0.1275000004170579,0.0010999992809956893,0.04890000036539277,0.09930000032909447
test_consistent_random_observations__057,test_consistent_random_observations,PASS,solve_q1,observations,3,3,6,6,4.496900000049209,POLYGON,6,23.313649856317966,11.656824928158983,12.642625586619552,0.985800658460569,False,scipy_with_fraction_check,scipy_highs_with_fraction_check,,0.028100000236008782,2.4132999997164006,0.22370000078808516,2.0312999995439895,0.8412999995925929,1.1519999998199637,0.0006000000212225132,0.9249999993699021,0.07520000053773401,0.11480000011943048,0.0007999997251317836,0.03409999953873921,0.062200000684242696
test_consistent_random_observations__058,test_consistent_random_observations,PASS,solve_q1,observations,4,4,8,8,7.773399999678077,POLYGON,6,17.74052334003286,8.87026167001643,9.003924806230152,0.13366313621372328,False,scipy_with_fraction_check,scipy_highs_with_fraction_check,,0.05329999930836493,4.371299999547773,0.6490999994639424,3.4510999994381564,1.8196000000898493,1.4387999999598833,0.0007999997251317836,1.0925000005954644,0.12069999957020627,0.1695000000836444,0.0008999995770864189,0.052600000344682485,0.09040000077220611
test_consistent_random_observations__059,test_consistent_random_observations,PASS,solve_q1,observations,3,3,6,6,4.272600000149396,POLYGON,6,24.78525038879993,12.392625194399965,16.236553279870343,3.8439280854703775,False,scipy_with_fraction_check,scipy_highs_with_fraction_check,,0.03550000019458821,2.338899999813293,0.2576000006229151,1.9322999996802537,0.7220999996206956,1.1060999995606835,0.0005000001692678779,0.9014999995997641,0.0656000001981738,0.10409999958937988,0.0006000000212225132,0.032500000088475645,0.07000000096013537
test_consistent_random_observations__060,test_consistent_random_observations,PASS,solve_q1,observations,4,4,8,8,5.5489999995188555,POLYGON,4,18.306402758889053,9.153201379444527,11.216273141037888,2.0630717615933616,False,scipy_with_fraction_check,scipy_highs_with_fraction_check,,0.028700000257231295,2.6375999996162136,0.3788999993048492,2.075300001706637,1.7407999994247803,1.066299999365583,0.0009000004865811206,0.7921999995232909,0.08059999981924193,0.1419000000169035,0.0012999998943996616,0.047500000619038474,0.07560000085504726
test_consistent_random_observations__061,test_consistent_random_observations,PASS,solve_q1,observations,3,3,6,6,8.173100000021805,POLYGON,5,19.613576799317446,9.806788399658723,11.905041925636667,2.0982535259779436,False,scipy_with_fraction_check,scipy_highs_with_fraction_check,,0.0731999998606625,4.572799999550625,0.4577999998218729,3.8112999991426477,1.4651000001322245,1.9356999991941848,0.0012000000424450263,1.5131999998629908,0.10999999994965037,0.2418000003672205,0.0018000000636675395,0.06469999971159268,0.12630000128410757
test_consistent_random_observations__062,test_consistent_random_observations,PASS,solve_q1,observations,4,4,8,8,7.393400000182737,POLYGON,6,19.613576799317446,9.806788399658723,11.905041925636667,2.0982535259779436,False,scipy_with_fraction_check,scipy_highs_with_fraction_check,,0.05379999947763281,3.8828999995530467,0.7110999995347811,2.9126000008545816,1.788499999747728,1.5316999997594394,0.0008000006346264854,1.0916999999608379,0.061699999605480116,0.32389999978477135,0.0017000002117129043,0.0501000004078378,0.1365000016448903
test_consistent_random_observations__063,test_consistent_random_observations,PASS,solve_q1,observations,3,3,6,6,5.830600000081176,POLYGON,3,27.501756484920143,13.750878242460072,21.756944316203334,8.006066073743263,False,scipy_with_fraction_check,scipy_highs_with_fraction_check,,0.040500000068277586,4.182200000286684,0.3268999998908839,3.543800000443298,0.6398999994416954,0.8756999995966908,0.0006000000212225132,0.6167000001369161,0.08379999962926377,0.11689999973896192,0.002200000380980782,0.05229999987932388,0.09230000068782829
test_consistent_random_observations__064,test_consistent_random_observations,PASS,solve_q1,observations,4,4,8,8,7.027499999821885,POLYGON,4,27.308153297295792,13.654076648647896,21.576154414551368,7.922077765903472,False,scipy_with_fraction_check,scipy_highs_with_fraction_check,,0.04379999973025406,3.454300000157673,0.5823999999847729,2.6372000011178898,2.2819999994680984,1.1294999994788668,0.0012000000424450263,0.843699999677483,0.0746000005165115,0.14319999991130317,0.0013999997463542968,0.06260000009206124,0.11790000098699238
test_consistent_random_observations__065,test_consistent_random_observations,PASS,solve_q1,observations,3,3,6,6,4.087399999662011,POLYGON,4,22.910479182973717,11.455239591486858,14.480793803952906,3.025554212466048,False,scipy_with_fraction_check,scipy_highs_with_fraction_check,,0.03840000044874614,2.592799999547424,0.21810000089317327,2.1950000009383075,0.7051000002320507,0.6836000002294895,0.0006000000212225132,0.539099999514292,0.04979999994247919,0.06790000043110922,0.0006000000212225132,0.02409999979136046,0.06749999920430128
test_consistent_random_observations__066,test_consistent_random_observations,PASS,solve_q1,observations,4,4,8,8,4.525500000454485,POLYGON,4,22.910479182973717,11.455239591486858,14.480793803952906,3.025554212466048,False,scipy_with_fraction_check,scipy_highs_with_fraction_check,,0.0320999997711624,2.4580000008427305,0.38190000032045646,1.911899999868183,1.2446999999156105,0.7134999996196711,0.0006000000212225132,0.5594000003839028,0.05139999939274276,0.06540000049426453,0.0006999998731771484,0.03440000000409782,0.07720000030531082
test_consistent_random_observations__067,test_consistent_random_observations,PASS,solve_q1,observations,3,3,6,6,4.259000000274682,POLYGON,6,23.685923450406495,11.842961725203248,12.485129755085659,0.6421680298824111,False,scipy_with_fraction_check,scipy_highs_with_fraction_check,,0.030000000151630957,2.419999999801803,0.2282999994349666,2.0257000005585724,0.6924999997863779,1.0535000001254957,0.0006000000212225132,0.8574000003136462,0.0610999995842576,0.10070000007544877,0.0006999998731771484,0.031600000511389226,0.06300000040937448
test_consistent_random_observations__068,test_consistent_random_observations,PASS,solve_q1,observations,4,4,8,8,5.01429999985703,POLYGON,6,23.685923450406495,11.842961725203248,12.485129755085659,0.6421680298824111,False,scipy_with_fraction_check,scipy_highs_with_fraction_check,,0.031800000215298496,2.5195999996867613,0.3806000004260568,1.9797000004473375,1.3189000001148088,1.0684999997465638,0.0006000000212225132,0.8581000001868233,0.06140000004961621,0.10540000039327424,0.0005999991117278114,0.040800000533636194,0.07550000009359792
test_consistent_random_observations__069,test_consistent_random_observations,PASS,solve_q1,observations,3,3,6,6,4.224000000249362,POLYGON,6,29.232435042508126,14.616217521254063,15.951188646296263,1.3349711250422,False,scipy_with_fraction_check,scipy_highs_with_fraction_check,,0.028899999961140566,2.2898000006534858,0.23719999990134966,1.8967000005432055,0.7423000006383518,1.1007000002791756,0.0005000001692678779,0.8901999999579857,0.06970000049477676,0.10419999944133451,0.0006999998731771484,0.03400000059627928,0.06229999871720793
test_consistent_random_observations__070,test_consistent_random_observations,PASS,solve_q1,observations,4,4,8,8,4.745700000057695,POLYGON,6,28.159568871784522,14.079784435892261,14.370238372068785,0.29045393617652415,False,scipy_with_fraction_check,scipy_highs_with_fraction_check,,0.027600000066740904,2.3031999999147956,0.36240000008547213,1.786899998478475,1.2720000004264875,1.0743000002548797,0.0005000001692678779,0.8340000003954628,0.09199999931297498,0.10400000064691994,0.0006999998731771484,0.04170000011072261,0.06859999939479167
test_consistent_random_observations__071,test_consistent_random_observations,PASS,solve_q1,observations,3,3,6,6,4.464900000130001,POLYGON,6,34.37106650367972,17.18553325183986,17.185533251839885,2.4868995751603507e-14,True,scipy_with_fraction_check,scipy_highs_with_fraction_check,,0.027299999601382297,2.6271999995515216,0.20790000053239055,2.2463000004790956,0.6808999996792409,1.0701000001063221,0.0006000000212225132,0.8379999999306165,0.09779999982129084,0.10030000066763023,0.0006999998731771484,0.03149999974993989,0.0594000011915341
test_consistent_random_observations__072,test_consistent_random_observations,PASS,solve_q1,observations,4,4,8,8,4.625099999429949,POLYGON,6,18.940515556184263,9.470257778092131,11.807226706537218,2.3369689284450867,False,scipy_with_fraction_check,scipy_highs_with_fraction_check,,0.02970000059576705,2.2969999999986612,0.35990000105812214,1.7842000006567105,1.2403000000631437,0.988800000413903,0.0006000000212225132,0.7980999998835614,0.049000000217347406,0.1007999999274034,0.0006000000212225132,0.038500000300700776,0.06929999835847411
test_consistent_random_observations__073,test_consistent_random_observations,PASS,solve_q1,observations,3,3,6,6,3.681000000142376,POLYGON,5,20.50021025576835,10.250105127884176,10.702091804762697,0.451986676878521,False,scipy_with_fraction_check,scipy_highs_with_fraction_check,,0.024200000552809797,2.070500000627362,0.20909999966534087,1.725000000988075,0.6684999998469721,0.8601999998063548,0.0005000001692678779,0.6683000001430628,0.06769999981770525,0.09200000022246968,0.0006999998731771484,0.029599999834317714,0.05759999930887716
test_consistent_random_observations__074,test_consistent_random_observations,PASS,solve_q1,observations,4,4,8,8,4.630599999472906,POLYGON,6,20.50021025576835,10.250105127884176,10.493607449875348,0.24350232199117272,False,scipy_with_fraction_check,scipy_highs_with_fraction_check,,0.026499999876250513,2.2224000003916444,0.3586000002542278,1.7128999988926807,1.2488000002122135,1.0647999997672741,0.0006000000212225132,0.8326999995915685,0.08739999975659885,0.1022000005832524,0.0006999998731771484,0.03999999989900971,0.06809999922552379
test_consistent_random_observations__075,test_consistent_random_observations,PASS,solve_q1,observations,3,3,6,6,3.866600000037579,POLYGON,6,26.153691291495313,13.076845645747657,18.006338139936368,4.929492494188711,False,scipy_with_fraction_check,scipy_highs_with_fraction_check,,0.031000000490166713,2.0581999997375533,0.20810000023629982,1.7128999998021754,0.6892000001244014,1.027500000418513,0.0006000000212225132,0.8307999996759463,0.0608000000283937,0.10210000073129777,0.0006999998731771484,0.03130000004603062,0.06069999926694436
test_consistent_random_observations__076,test_consistent_random_observations,PASS,solve_q1,observations,4,4,8,8,4.400499999974272,POLYGON,5,23.89694708567158,11.94847354283579,11.94847354283579,0.0,True,scipy_with_fraction_check,scipy_highs_with_fraction_check,,0.027099999897473026,2.2371999993993086,0.35430000025371555,1.7315000004600734,1.2412000005497248,0.8270999996966566,0.0005000001692678779,0.6241000000954955,0.08379999962926377,0.08340000022144523,0.0006999998731771484,0.03319999996165279,0.06790000043110922
test_consistent_random_observations__077,test_consistent_random_observations,PASS,solve_q1,observations,3,3,6,6,3.6913999992975732,POLYGON,5,22.85584481912781,11.427922409563905,14.443539326102059,3.0156169165381534,False,scipy_with_fraction_check,scipy_highs_with_fraction_check,,0.025899999855028,2.0980999997846084,0.2047000007223687,1.7536000013933517,0.6560000001627486,0.8537000003343564,0.0005000001692678779,0.6739000000379747,0.06310000026132911,0.08619999971415382,0.0006999998731771484,0.02790000053209951,0.057699999160831794
test_consistent_random_observations__078,test_consistent_random_observations,PASS,solve_q1,observations,4,4,8,8,4.675099999985832,POLYGON,5,20.079376434589125,10.039688217294563,12.715990388422426,2.6763021711278636,False,scipy_with_fraction_check,scipy_highs_with_fraction_check,,0.027300000510877,2.4806000001262873,0.3478999997241772,1.9771000006585382,1.2315999993006699,0.8674999999129795,0.0006000000212225132,0.6843000001026667,0.06140000004961621,0.08549999984097667,0.0006000000212225132,0.03370000013092067,0.06810000013501849
test_consistent_random_observations__079,test_consistent_random_observations,PASS,solve_q1,observations,3,3,6,6,3.702500000144937,POLYGON,5,23.599418860013905,11.799709430006953,12.094476571657177,0.2947671416502242,False,scipy_with_fraction_check,scipy_highs_with_fraction_check,,0.02570000015111873,2.150499999515887,0.20309999945311574,1.8017999991570832,0.6460000004153699,0.8232000000134576,0.0005000001692678779,0.6343000004562782,0.07259999983943999,0.0855999996929313,0.0006999998731771484,0.028200000087963417,0.05710000004910398
test_consistent_random_observations__080,test_consistent_random_observations,PASS,solve_q1,observations,4,4,8,8,4.429999999956635,POLYGON,5,22.712282643557256,11.356141321778628,11.356141321778631,3.552713678800501e-15,True,scipy_with_fraction_check,scipy_highs_with_fraction_check,,0.028899999961140566,2.3054000002957764,0.35399999978835694,1.7971999986912124,1.1953000002904446,0.8290999994642334,0.0005000001692678779,0.6275999994613812,0.08299999990413198,0.0822000001790002,0.0006999998731771484,0.03370000013092067,0.07129999994504033
test_consistent_random_observations__081,test_consistent_random_observations,PASS,solve_q1,observations,3,3,6,6,4.879600000094797,POLYGON,6,32.289195351864606,16.144597675932303,16.144597675932314,1.0658141036401503e-14,True,scipy_with_fraction_check,scipy_highs_with_fraction_check,,0.028399999791872688,2.411299999948824,0.20980000044801272,2.034500001173001,0.8849000005284324,1.494000000093365,0.0008000006346264854,1.1610000001383014,0.1395999997839681,0.14509999982692534,0.0010000003385357559,0.04439999975147657,0.06099999973230297
test_consistent_random_observations__082,test_consistent_random_observations,PASS,solve_q1,observations,4,4,8,8,10.757300000477699,POLYGON,6,26.3166136858927,13.15830684294635,13.39473235983642,0.23642551689006908,False,scipy_with_fraction_check,scipy_highs_with_fraction_check,,0.057300000662507955,5.3362999997261795,0.755600000047707,4.169200001342688,2.878499999496853,2.3380000002362067,0.0012999998943996616,1.8243000004076748,0.1837999998315354,0.24819999998726416,0.0012999998943996616,0.07619999996677507,0.1472000003559515
test_consistent_random_observations__083,test_consistent_random_observations,PASS,solve_q1,observations,3,3,6,6,4.534699999567238,POLYGON,4,17.528363083493996,8.764181541746998,11.130370220725672,2.3661886789786735,False,scipy_with_fraction_check,scipy_highs_with_fraction_check,,0.03589999960240675,2.7461999998195097,0.30419999984587776,2.2640000006504124,0.7975999997142935,0.8655999999973574,0.0006000000212225132,0.6441000004997477,0.09069999941857532,0.0884000000951346,0.0009000004865811206,0.037599999814119656,0.08940000043367036
test_consistent_random_observations__084,test_consistent_random_observations,PASS,solve_q1,observations,4,4,8,8,5.531600000722392,POLYGON,5,17.528363083493996,8.764181541746998,9.469959750907634,0.7057782091606359,False,scipy_with_fraction_check,scipy_highs_with_fraction_check,,0.03219999962311704,2.5015999999595806,0.3673999999591615,1.9606000014391611,1.613500000530621,1.313099999606493,0.0006999998731771484,0.9724999999889405,0.11199999971722718,0.1598999997440842,0.0012000000424450263,0.06450000000768341,0.0712000010025804
test_consistent_random_observations__085,test_consistent_random_observations,PASS,solve_q1,observations,3,3,6,6,6.933599999683793,POLYGON,6,32.314230614523254,16.157115307261627,16.157115307261634,7.105427357601002e-15,True,scipy_with_fraction_check,scipy_highs_with_fraction_check,,0.03879999985656468,3.210400000170921,0.30609999976149993,2.6748999998744694,1.2587999999595922,2.3400000000037835,0.0010999992809956893,1.77830000029644,0.22679999983665766,0.2586999999039108,0.0015000005078036338,0.07089999962772708,0.0855999996929313
test_consistent_random_observations__086,test_consistent_random_observations,PASS,solve_q1,observations,4,4,8,8,10.09669999984908,POLYGON,6,32.314230614523254,16.157115307261627,16.157115307261634,7.105427357601002e-15,True,scipy_with_fraction_check,scipy_highs_with_fraction_check,,0.06100000064179767,4.763500000080967,0.7744000004095142,3.6566999997376115,2.728499999648193,2.393199999460194,0.0012000000424450263,1.8564000001788372,0.2071999997497187,0.24790000043140026,0.0012999998943996616,0.07639999967068434,0.15050000001792796
test_consistent_random_observations__087,test_consistent_random_observations,PASS,solve_q1,observations,3,3,6,6,4.064400000061141,POLYGON,4,31.775242378748,15.887621189374,20.00510059847413,4.117479409100129,False,scipy_with_fraction_check,scipy_highs_with_fraction_check,,0.035799999750452116,2.5514999997540144,0.2845999997589388,2.1005999979024637,0.7199000001492095,0.6815000006099581,0.0006000000212225132,0.5135000001246226,0.07330000062211184,0.06779999966965988,0.0006000000212225132,0.024199999643315095,0.07569999979750719
test_consistent_random_observations__088,test_consistent_random_observations,PASS,solve_q1,observations,4,4,8,8,4.4967000003452995,POLYGON,5,31.775242378748,15.887621189374,15.88762118937401,8.881784197001252e-15,True,scipy_with_fraction_check,scipy_highs_with_fraction_check,,0.026699999580159783,2.256900000247697,0.3556000001481152,1.7472000008638133,1.2398999997458304,0.9052000004885485,0.0006000000212225132,0.684200000250712,0.0928999997995561,0.08940000043367036,0.0006999998731771484,0.03620000006776536,0.06800000028306386
test_consistent_random_observations__089,test_consistent_random_observations,PASS,solve_q1,observations,3,3,6,6,4.164699999819277,POLYGON,6,26.69702640099359,13.348513200496795,14.291716547498476,0.9432033470016812,False,scipy_with_fraction_check,scipy_highs_with_fraction_check,,0.028299999939918052,2.202200000283483,0.23990000045159832,1.8197999997937586,0.739899999643967,1.1318999995637569,0.0006000000212225132,0.9183000001939945,0.06669999947916949,0.10990000009769574,0.0006999998731771484,0.034300000152143184,0.062400000388151966
test_consistent_random_observations__090,test_consistent_random_observations,PASS,solve_q1,observations,4,4,8,8,4.842299999836541,POLYGON,6,26.69702640099359,13.348513200496795,13.893042689463496,0.5445294889667007,False,scipy_with_fraction_check,scipy_highs_with_fraction_check,,0.028399999791872688,2.2711000001436332,0.38999999924271833,1.7269999998461572,1.3724999998885323,1.0963000004267087,0.0004999992597731762,0.8836000006340328,0.06630000007135095,0.10579999980109278,0.0006000000212225132,0.03819999983534217,0.07399999958579428
test_consistent_random_observations__091,test_consistent_random_observations,PASS,solve_q1,observations,3,3,6,6,4.439199999978882,POLYGON,6,32.37987472002551,16.189937360012756,16.189937360012784,2.842170943040401e-14,True,scipy_with_fraction_check,scipy_highs_with_fraction_check,,0.034499999856052455,2.4356000003535883,0.22900000021763844,2.055099999779486,0.7372000000032131,1.1671000002024812,0.0006000000212225132,0.9030999999595224,0.11039999935746891,0.11489999997138511,0.0008000006346264854,0.035600000046542846,0.06479999956354732
test_consistent_random_observations__092,test_consistent_random_observations,PASS,solve_q1,observations,4,4,8,8,4.9673000003167544,POLYGON,5,23.02189947628377,11.510949738141885,12.33058192805251,0.8196321899106245,False,scipy_with_fraction_check,scipy_highs_with_fraction_check,,0.03639999977167463,2.4137999998856685,0.389000000723172,1.8616999996083905,1.3068999996903585,1.1335999997754698,0.0006000000212225132,0.9129000000029919,0.08510000043315813,0.09309999950346537,0.0006999998731771484,0.03950000063923653,0.07660000119358301
test_consistent_random_observations__093,test_consistent_random_observations,PASS,solve_q1,observations,3,3,6,6,4.034900000078778,POLYGON,5,25.155948285436285,12.577974142718142,12.577974142718169,2.6645352591003757e-14,True,scipy_with_fraction_check,scipy_highs_with_fraction_check,,0.026400000024295878,2.2403000002668705,0.22420000004785834,1.8705999982557842,0.727000000551925,0.9798000000955653,0.0006000000212225132,0.7646000003660447,0.09259999933419749,0.09000000045489287,0.0006999998731771484,0.02990000029967632,0.06139999914012151
test_consistent_random_observations__094,test_consistent_random_observations,PASS,solve_q1,observations,4,4,8,8,4.794200000105775,POLYGON,5,25.155948285436285,12.577974142718142,12.577974142718169,2.6645352591003757e-14,True,scipy_with_fraction_check,scipy_highs_with_fraction_check,,0.028599999495781958,2.3622999997314764,0.384799998755625,1.8136999997295788,1.361900000119931,0.9677999996711151,0.0006000000212225132,0.7454999995388789,0.09300000056100544,0.09020000015880214,0.0007999997251317836,0.036100000215810724,0.07360000108747045
test_consistent_random_observations__095,test_consistent_random_observations,PASS,solve_q1,observations,3,3,6,6,3.471699999863631,POLYGON,3,12.782323619368027,6.3911618096840135,7.829863511063272,1.4387017013792587,False,scipy_with_fraction_check,scipy_highs_with_fraction_check,,0.026700000489654485,2.2117000007710885,0.22619999981543515,1.8399999980829307,0.6892000001244014,0.48379999952885555,0.0006000000212225132,0.3682999995362479,0.039399999877787195,0.051699999858101364,0.0008000006346264854,0.021699999706470408,0.06029999894963112
test_consistent_random_observations__096,test_consistent_random_observations,PASS,solve_q1,observations,4,4,8,8,4.407099999298225,POLYGON,3,12.782323619368027,6.3911618096840135,7.829863511063272,1.4387017013792587,False,scipy_with_fraction_check,scipy_highs_with_fraction_check,,0.029099999665049836,2.4239000003944966,0.38810000023659086,1.8688000009206007,1.3711999999941327,0.5085000002509332,0.0004999992597731762,0.366799999937939,0.04350000017439015,0.061300000197661575,0.0010000003385357559,0.033799999982875306,0.07439999899361283
test_consistent_random_observations__097,test_consistent_random_observations,PASS,solve_q1,observations,3,3,6,6,4.764299999806099,POLYGON,5,27.910956732580164,13.955478366290082,14.039927292386345,0.08444892609626287,False,scipy_with_fraction_check,scipy_highs_with_fraction_check,,0.026599999728205148,2.441300000100455,0.22669999998470303,2.0453999995879713,0.9147000000666594,1.3189000001148088,0.0006999998731771484,1.0487000008652103,0.09159999990515644,0.13109999963489827,0.0010000003385357559,0.04379999973025406,0.06279999979597051
test_consistent_random_observations__098,test_consistent_random_observations,PASS,solve_q1,observations,4,4,8,8,5.076399999779824,POLYGON,5,20.24829273239503,10.124146366197515,10.124146366197515,0.0,True,scipy_with_fraction_check,scipy_highs_with_fraction_check,,0.03229999947507167,2.5671000003057998,0.44329999946057796,1.9531999996615923,1.3801000004605157,1.0128000003533089,0.0005999991117278114,0.7424000004903064,0.10310000016033882,0.1156999996965169,0.0009000004865811206,0.04839999928663019,0.08409999918512767
test_consistent_random_observations__099,test_consistent_random_observations,PASS,solve_q1,observations,3,3,6,6,4.531699999461125,POLYGON,5,25.190219572291205,12.595109786145603,12.595109786145613,1.0658141036401503e-14,True,scipy_with_fraction_check,scipy_highs_with_fraction_check,,0.028200000087963417,2.4515000004612375,0.22850000004837057,2.060100001472165,0.896699999429984,1.091400000404974,0.0007999997251317836,0.8539999998902204,0.10170000041398453,0.09969999973691301,0.0007999997251317836,0.03290000040578889,0.0638999990769662
test_consistent_random_observations__100,test_consistent_random_observations,PASS,solve_q1,observations,4,4,8,8,5.43050000032963,POLYGON,6,24.363353693465573,12.181676846732787,12.18167684673281,2.3092638912203256e-14,True,scipy_with_fraction_check,scipy_highs_with_fraction_check,,0.0396999994336511,2.7505999996719765,0.4245000000082655,2.1355999988372787,1.3773000000583124,1.1781000002883957,0.0006000000212225132,0.9098999998968793,0.1098000002457411,0.11340000037307618,0.0007999997251317836,0.04220000027999049,0.08480000087729422
test_consistent_random_observations__101,test_consistent_random_observations,PASS,solve_q1,observations,3,3,6,6,4.08160000006319,POLYGON,4,23.416704374856483,11.708352187428241,14.576318795022905,2.8679666075946635,False,scipy_with_fraction_check,scipy_highs_with_fraction_check,,0.029099999665049836,2.5599999999030842,0.22879999869473977,2.135400000042864,0.6959000002098037,0.7316999999602558,0.0006000000212225132,0.5565000001297449,0.0780000000304426,0.06919999941601418,0.0006000000212225132,0.02550000044720946,0.06490000032499665
test_consistent_random_observations__102,test_consistent_random_observations,PASS,solve_q1,observations,4,4,8,8,4.769500000293192,POLYGON,5,22.962850530763838,11.481425265381919,14.573144827573994,3.0917195621920754,False,scipy_with_fraction_check,scipy_highs_with_fraction_check,,0.029200000426499173,2.3944000004121335,0.3753000009965035,1.85570000030566,1.328800000010233,0.9432000006199814,0.0005999991117278114,0.7212000000436092,0.09360000058222795,0.08900000011635711,0.0006999998731771484,0.0365999994755839,0.07389999882434495
test_consistent_random_observations__103,test_consistent_random_observations,PASS,solve_q1,observations,3,3,6,6,4.623699999683595,POLYGON,3,20.27150907190812,10.13575453595406,15.720415808989546,5.584661273035486,False,scipy_with_fraction_check,scipy_highs_with_fraction_check,,0.02930000027845381,2.736200000072131,0.22959999932936626,2.3354999993898673,1.0978000000250177,0.6948000000193133,0.0010000003385357559,0.5242999995971331,0.07089999962772708,0.06440000015572878,0.0009000004865811206,0.03099999958067201,0.0655999992886791
test_consistent_random_observations__104,test_consistent_random_observations,PASS,solve_q1,observations,4,4,8,8,4.67190000017581,POLYGON,4,19.30347510956782,9.65173755478391,14.952746389677008,5.301008834893098,False,scipy_with_fraction_check,scipy_highs_with_fraction_check,,0.029600000743812416,2.4794000000838423,0.3882000009980402,1.9296000000394997,1.409800000146788,0.6773000004614005,0.0006999998731771484,0.5204999997658888,0.052999999752501026,0.06930000017746352,0.0006000000212225132,0.031800000215298496,0.07579999873996712
test_consistent_random_observations__105,test_consistent_random_observations,PASS,solve_q1,observations,3,3,6,6,3.9129999995566322,POLYGON,4,18.01940247065873,9.009701235329365,12.127138136436844,3.11743690110748,False,scipy_with_fraction_check,scipy_highs_with_fraction_check,,0.03259999994043028,2.2914000001037493,0.22669999907520832,1.9161999998686952,0.7864999997764244,0.7372999998551677,0.0006000000212225132,0.5614000001514796,0.047700000322947744,0.08909999996831175,0.0008999995770864189,0.035799999750452116,0.06519999988086056
test_consistent_random_observations__106,test_consistent_random_observations,PASS,solve_q1,observations,4,4,8,8,4.6213000005081994,POLYGON,4,18.01940247065873,9.009701235329365,12.127138136436844,3.11743690110748,False,scipy_with_fraction_check,scipy_highs_with_fraction_check,,0.0289999998130952,2.448599999297585,0.3847999996651197,1.9001999989995966,1.2463000002753688,0.8213999999497901,0.0006000000212225132,0.6561000000147033,0.0442000000475673,0.08100000013655517,0.001499999598308932,0.03600000036385609,0.0760000011723605
test_consistent_random_observations__107,test_consistent_random_observations,PASS,solve_q1,observations,3,3,6,6,4.239500000039698,POLYGON,6,24.785486220032382,12.392743110016191,15.082403507669817,2.6896603976536255,False,scipy_with_fraction_check,scipy_highs_with_fraction_check,,0.0397000003431458,2.2408000004361384,0.22960000023886096,1.8669999990379438,0.7481000002371729,1.1437000002842979,0.0005999991117278114,0.917900000786176,0.0731999998606625,0.11309999990771757,0.0006999998731771484,0.03689999994094251,0.06719999873894267
test_consistent_random_observations__108,test_consistent_random_observations,PASS,solve_q1,observations,4,4,8,8,6.274900000789785,POLYGON,6,24.169381095836204,12.084690547918102,12.084690547918102,0.0,True,scipy_with_fraction_check,scipy_highs_with_fraction_check,,0.04020000051241368,2.841200000148092,0.37200000042503234,2.2429999999076244,1.744700000017474,1.5722000007372117,0.0006999998731771484,1.1873000003106426,0.14399999963643495,0.17220000063389307,0.0012999998943996616,0.06469999971159268,0.07659999937459361
test_consistent_random_observations__109,test_consistent_random_observations,PASS,solve_q1,observations,3,3,6,6,7.043699999485398,POLYGON,6,32.62811081792988,16.31405540896494,19.52154664493904,3.2074912359741,False,scipy_with_fraction_check,scipy_highs_with_fraction_check,,0.049199999921256676,3.5485999997035833,0.32330000067304354,2.991699999256525,1.4266999996834784,1.9211999997423845,0.0018000000636675395,1.5205999998215702,0.1157000006060116,0.22359999911714112,0.001100000190490391,0.054799999816168565,0.09800000043469481
test_consistent_random_observations__110,test_consistent_random_observations,PASS,solve_q1,observations,4,4,8,8,8.476399999381101,POLYGON,6,32.62110437306821,16.310552186534107,19.691313439996883,3.380761253462776,False,scipy_with_fraction_check,scipy_highs_with_fraction_check,,0.06069999926694436,4.03569999980391,0.6137000000308035,3.1416000019817147,2.3549999996248516,1.8998000005012727,0.001100000190490391,1.472500000090804,0.1542999998491723,0.20560000029945513,0.0012000000424450263,0.062399999478657264,0.12520000018412247
test_consistent_random_observations__111,test_consistent_random_observations,PASS,solve_q1,observations,3,3,6,6,6.764100000509643,POLYGON,6,23.92802564192114,11.96401282096057,16.54500973528699,4.58099691432642,False,scipy_with_fraction_check,scipy_highs_with_fraction_check,,0.04340000032243552,4.038199999740755,0.27009999939764384,3.5120000002279994,0.947499999710999,1.6440999997939798,0.0007999997251317836,1.3028000003032503,0.059699999837903306,0.1706000002741348,0.0012000000424450263,0.10689999999158317,0.09090000094147399
test_consistent_random_observations__112,test_consistent_random_observations,PASS,solve_q1,observations,4,4,8,8,6.4422000004924485,POLYGON,6,23.58562512287119,11.792812561435595,16.566754455161508,4.7739418937259135,False,scipy_with_fraction_check,scipy_highs_with_fraction_check,,0.04099999932805076,3.2105999998748302,0.4740999993373407,2.5313000005553477,1.552899999296642,1.5437000001838896,0.0007999997251317836,1.299700000345183,0.04650000028050272,0.14769999961572466,0.0009000004865811206,0.04639999951905338,0.0940000018090359
test_consistent_random_observations__113,test_consistent_random_observations,PASS,solve_q1,observations,3,3,6,6,6.262699999751931,POLYGON,5,23.996335681461492,11.998167840730746,14.92030749379433,2.9221396530635833,False,scipy_with_fraction_check,scipy_highs_with_fraction_check,,0.045000000682193786,3.6477000003287685,0.35479999951348873,3.0525000011039083,1.167899999927613,1.3059000002613175,0.0009000004865811206,1.0781999999380787,0.05449999935080996,0.12740000056510326,0.0008999995770864189,0.04179999996267725,0.09619999855203787
test_consistent_random_observations__114,test_consistent_random_observations,PASS,solve_q1,observations,4,4,8,8,7.8365999997913605,POLYGON,5,23.971422298640526,11.985711149320263,11.985711149320263,0.0,True,scipy_with_fraction_check,scipy_highs_with_fraction_check,,0.047900000026857015,4.250999999385385,0.7058000001052278,3.2579000007899594,2.0063000001755427,1.3988000000608736,0.0007999997251317836,1.0603999999148073,0.1250000004802132,0.1492000001235283,0.0012999998943996616,0.05999999939376721,0.1326000001427019
test_consistent_random_observations__115,test_consistent_random_observations,PASS,solve_q1,observations,3,3,6,6,3.63169999945967,POLYGON,5,21.19893530218919,10.599467651094596,12.805836067037188,2.206368415942592,False,scipy_with_fraction_check,scipy_highs_with_fraction_check,,0.026000000616477337,2.0804000005227863,0.21470000046974747,1.7262999990634853,0.6665000000793952,0.8000000007086783,0.0006000000212225132,0.6493000000773463,0.038099999983387534,0.0822000001790002,0.0006999998731771484,0.02790000053209951,0.05879999753233278
test_consistent_random_observations__116,test_consistent_random_observations,PASS,solve_q1,observations,4,4,8,8,4.431500000464439,POLYGON,5,19.90679392295804,9.95339696147902,9.95339696147902,0.0,True,scipy_with_fraction_check,scipy_highs_with_fraction_check,,0.026300000172341242,2.2129999997559935,0.3564000007827417,1.7067999997379957,1.2449999994714744,0.8788999994067126,0.0006000000212225132,0.6726999999955297,0.0869999994392856,0.08350000007339986,0.0006000000212225132,0.03329999981360743,0.06830000165791716
test_consistent_random_observations__117,test_consistent_random_observations,PASS,solve_q1,observations,3,3,6,6,3.7947999999232707,POLYGON,4,13.3338116271036,6.6669058135518,10.783862324599278,4.116956511047478,False,scipy_with_fraction_check,scipy_highs_with_fraction_check,,0.03099999958067201,2.2955999993428122,0.2472000005582231,1.8991999995705555,0.7225999997899635,0.6825000000389991,0.0006000000212225132,0.5284999997456907,0.05300000066199573,0.0718000001143082,0.0006999998731771484,0.026499999876250513,0.06310000117082382
test_consistent_random_observations__118,test_consistent_random_observations,PASS,solve_q1,observations,4,4,8,8,4.486200000428653,POLYGON,4,13.3338116271036,6.6669058135518,10.783862324599278,4.116956511047478,False,scipy_with_fraction_check,scipy_highs_with_fraction_check,,0.040500000068277586,2.4779000004855334,0.39120000019465806,1.9216999999116524,1.2514000000010128,0.6396999997377861,0.0006000000212225132,0.49390000003768364,0.048099999730766285,0.06600000051548705,0.0006000000212225132,0.029099999665049836,0.07670000013604295
test_consistent_random_observations__119,test_consistent_random_observations,PASS,solve_q1,observations,3,3,6,6,3.4997000002476852,POLYGON,4,26.84440885344491,13.422204426722455,13.422204426722484,2.842170943040401e-14,True,scipy_with_fraction_check,scipy_highs_with_fraction_check,,0.025100000129896216,2.10739999965881,0.2077999997709412,1.7576999998709653,0.6462999999712338,0.6633999992118333,0.0004999992597731762,0.5005000002711313,0.0729000003047986,0.06349999966914766,0.0006999998731771484,0.023999999939405825,0.05750000127591193
test_consistent_random_observations__120,test_consistent_random_observations,PASS,solve_q1,observations,4,4,8,8,4.450899999937974,POLYGON,5,23.6521278839666,11.8260639419833,11.826063941983302,1.7763568394002505e-15,True,scipy_with_fraction_check,scipy_highs_with_fraction_check,,0.026499999876250513,2.245499999844469,0.3589000007195864,1.7360000001644948,1.216999999996915,0.8934999996199622,0.0005000001692678779,0.6870000006529153,0.08619999971415382,0.0838999994812184,0.0007000007826718502,0.033599999369471334,0.0684000006003771
test_consistent_random_observations__121,test_consistent_random_observations,PASS,solve_q1,observations,3,3,6,6,3.8050000002840534,POLYGON,5,31.34122936737858,15.67061468368929,15.670614683689307,1.5987211554602254e-14,True,scipy_with_fraction_check,scipy_highs_with_fraction_check,,0.026699999580159783,2.1101000002090586,0.2164999996239203,1.755599999341939,0.7044000003588735,0.903199999811477,0.0006000000212225132,0.7016999998086249,0.0870000003487803,0.08459999935439555,0.0006000000212225132,0.02750000021478627,0.060600000324484427
test_consistent_random_observations__122,test_consistent_random_observations,PASS,solve_q1,observations,4,4,8,8,4.498700000112876,POLYGON,5,31.34122936737858,15.67061468368929,15.670614683689307,1.5987211554602254e-14,True,scipy_with_fraction_check,scipy_highs_with_fraction_check,,0.025699999241624027,2.246000000013737,0.34810000033758115,1.7436000007364783,1.247000000148546,0.9108000003834604,0.0006000000212225132,0.7036000006337417,0.08629999956610845,0.08489999981975416,0.0007000007826718502,0.03339999966556206,0.06920000032550888
test_consistent_random_observations__123,test_consistent_random_observations,PASS,solve_q1,observations,3,3,6,6,4.0026999995461665,POLYGON,6,35.88335078499438,17.94167539249719,17.941675392497203,1.4210854715202004e-14,True,scipy_with_fraction_check,scipy_highs_with_fraction_check,,0.02480000057403231,2.1218000001681503,0.2178999993702746,1.7630000002100132,0.6860000003143796,1.1129000004075351,0.0005000001692678779,0.8761999997659586,0.09930000032909447,0.10209999982180307,0.0018999999156221747,0.03150000065943459,0.057199998082069214
test_consistent_random_observations__124,test_consistent_random_observations,PASS,solve_q1,observations,4,4,8,8,4.957799999829149,POLYGON,5,27.27107044553867,13.635535222769334,13.635535222769363,2.842170943040401e-14,True,scipy_with_fraction_check,scipy_highs_with_fraction_check,,0.03999999989900971,2.359199999773409,0.39170000036392594,1.8127000003005378,1.5379999995275284,0.9468999996897765,0.0006000000212225132,0.6798000003982452,0.11749999976018444,0.10339999971620273,0.0007000007826718502,0.04329999956098618,0.07370000093942508
test_consistent_random_observations__125,test_consistent_random_observations,PASS,solve_q1,observations,3,3,6,6,4.08659999993688,POLYGON,6,35.9569185639281,17.97845928196405,18.994368680705563,1.0159093987415133,False,scipy_with_fraction_check,scipy_highs_with_fraction_check,,0.03790000027947826,2.2025999996913015,0.20710000080725877,1.8501000013202429,0.7201999997050734,1.0647999997672741,0.0006000000212225132,0.8766999999352265,0.03889999970851932,0.10930000007647322,0.0006999998731771484,0.03730000025825575,0.061100000493752304
test_consistent_random_observations__126,test_consistent_random_observations,PASS,solve_q1,observations,4,4,8,8,4.685100000642706,POLYGON,4,29.73829323158163,14.869146615790815,16.887122835674145,2.01797621988333,False,scipy_with_fraction_check,scipy_highs_with_fraction_check,,0.044100000195612665,2.527399999962654,0.3642999990915996,1.9908999993276666,1.4104000001680106,0.6279999997786945,0.0006000000212225132,0.48409999999421416,0.04669999998441199,0.06230000053619733,0.0006999998731771484,0.03190000006725313,0.07520000053773401
test_consistent_random_observations__127,test_consistent_random_observations,PASS,solve_q1,observations,3,3,6,6,4.218500000206404,POLYGON,4,25.223157967782935,12.611578983891468,14.523436280262057,1.9118572963705898,False,scipy_with_fraction_check,scipy_highs_with_fraction_check,,0.03440000000409782,2.65179999951215,0.2766999996310915,2.1972999993522535,0.7272000002558343,0.7236000001284992,0.0006999998731771484,0.5693000002793269,0.053199999456410296,0.07170000026235357,0.0006999998731771484,0.026599999728205148,0.08150000030582305
test_consistent_random_observations__128,test_consistent_random_observations,PASS,solve_q1,observations,4,4,8,8,4.277000000001863,POLYGON,4,25.223157967782935,12.611578983891468,14.523436280262057,1.9118572963705898,False,scipy_with_fraction_check,scipy_highs_with_fraction_check,,0.028299999939918052,2.28030000016588,0.35620000107883243,1.7699999998512794,1.2251999996806262,0.6721999998262618,0.0006000000212225132,0.5253999997876235,0.04890000036539277,0.06539999958476983,0.0006000000212225132,0.02990000029967632,0.07100000038917642
test_consistent_random_observations__129,test_consistent_random_observations,PASS,solve_q1,observations,3,3,6,6,3.937899999982619,POLYGON,6,25.350880607598643,12.675440303799322,12.973479135836232,0.2980388320369105,False,scipy_with_fraction_check,scipy_highs_with_fraction_check,,0.025899999855028,2.085899999656249,0.20429999949556077,1.740500000778411,0.6793000002289773,1.089999999749125,0.0006000000212225132,0.8612000001448905,0.0901000003068475,0.10099999963131268,0.0006999998731771484,0.03500000002532033,0.05680000049324008
test_consistent_random_observations__130,test_consistent_random_observations,PASS,solve_q1,observations,4,4,8,8,4.3849999992744415,POLYGON,4,12.686195811969542,6.343097905984771,6.343097905984776,5.329070518200751e-15,True,scipy_with_fraction_check,scipy_highs_with_fraction_check,,0.02790000053209951,2.2933000000193715,0.35770000067714136,1.7762000006769085,1.270999999178457,0.7207999997262959,0.0004999992597731762,0.519900000654161,0.08749999960855348,0.08059999981924193,0.0008000006346264854,0.029999999242136255,0.07199999981821747
test_consistent_random_observations__131,test_consistent_random_observations,PASS,solve_q1,observations,3,3,6,6,3.334300000460644,POLYGON,3,26.835474185274858,13.417737092637429,16.699666448674503,3.2819293560370735,False,scipy_with_fraction_check,scipy_highs_with_fraction_check,,0.02409999979136046,2.0968999997421633,0.22140000055514975,1.7361000000164495,0.6700999992972356,0.48689999948692275,0.0005000001692678779,0.3634999993664678,0.05070000042906031,0.0486999997519888,0.0006999998731771484,0.021400000150606502,0.0563000021429616
test_consistent_random_observations__132,test_consistent_random_observations,PASS,solve_q1,observations,4,4,8,8,5.961999999271939,POLYGON,4,26.835474185274858,13.417737092637429,13.417737092637434,5.329070518200751e-15,True,scipy_with_fraction_check,scipy_highs_with_fraction_check,,0.030700000024808105,3.011099999639555,0.4429000000527594,2.3602999999638996,1.9870000005539623,0.8520999999745982,0.0007000007826718502,0.6100999999034684,0.09520000003249152,0.09950000003300374,0.0008999995770864189,0.04379999973025406,0.0810999990790151
test_consistent_random_observations__133,test_consistent_random_observations,PASS,solve_q1,observations,3,3,6,6,3.635900000517722,POLYGON,5,20.546170899938325,10.273085449969162,16.12589986624213,5.852814416272967,False,scipy_with_fraction_check,scipy_highs_with_fraction_check,,0.024400000256719068,2.045800000814779,0.2088999999614316,1.700600000731356,0.6782000000384869,0.8317000001625274,0.0005000001692678779,0.6817000003138673,0.03509999987727497,0.08499999967170879,0.0006000000212225132,0.027400000362831634,0.05579999924520962
test_consistent_random_observations__134,test_consistent_random_observations,PASS,solve_q1,observations,4,4,8,8,5.2598000002035405,POLYGON,6,20.51773338550417,10.258866692752084,10.258866692752107,2.3092638912203256e-14,True,scipy_with_fraction_check,scipy_highs_with_fraction_check,,0.028700000257231295,2.56589999935386,0.3661999999167165,1.895200000035402,1.418799999555631,1.1669999994410318,0.0006000000212225132,0.8916999995562946,0.10879999990720535,0.12560000050143572,0.0006999998731771484,0.038299999687296804,0.07940000159578631
test_consistent_random_observations__135,test_consistent_random_observations,PASS,solve_q1,observations,3,3,6,6,3.762000000278931,POLYGON,5,17.92004184716972,8.96002092358486,9.549138863770946,0.5891179401860853,False,scipy_with_fraction_check,scipy_highs_with_fraction_check,,0.024400000256719068,2.0786000004591187,0.20899999890389154,1.7247000005227164,0.7292000000234111,0.8735999999771593,0.0006000000212225132,0.7087000003593857,0.050999999984924216,0.08369999977730913,0.0006999998731771484,0.02750000021478627,0.05619999956252286
test_consistent_random_observations__136,test_consistent_random_observations,PASS,solve_q1,observations,4,4,8,8,5.0096999993911595,POLYGON,5,17.92004184716972,8.96002092358486,9.549138863770946,0.5891179401860853,False,scipy_with_fraction_check,scipy_highs_with_fraction_check,,0.026200000320386607,2.7781999997387175,0.3581000000849599,2.249099999971804,1.2341000001470093,0.9037999998326995,0.0006000000212225132,0.7161000003179652,0.05919999966863543,0.0901000003068475,0.0006000000212225132,0.035799999750452116,0.06739999935234664
test_consistent_random_observations__137,test_consistent_random_observations,PASS,solve_q1,observations,3,3,6,6,3.7014999998064013,POLYGON,4,25.987897097450688,12.993948548725344,20.34574339427128,7.351794845545937,False,scipy_with_fraction_check,scipy_highs_with_fraction_check,,0.024500000108673703,2.2441999999500695,0.21250000008876668,1.8744999997579725,0.6890999993629521,0.6798999993407051,0.0006000000212225132,0.5127999993419508,0.07550000009359792,0.06480000047304202,0.0006999998731771484,0.024199999643315095,0.06380000104400096
test_consistent_random_observations__138,test_consistent_random_observations,PASS,solve_q1,observations,4,4,8,8,4.471700000067358,POLYGON,5,25.987897097450688,12.993948548725344,16.38629054678608,3.3923419980607346,False,scipy_with_fraction_check,scipy_highs_with_fraction_check,,0.02680000034160912,2.2913000002517947,0.35510000088834204,1.784300000508665,1.236099999914586,0.8483000001433538,0.0006000000212225132,0.656899999739835,0.07370000002993038,0.08170000000973232,0.0006999998731771484,0.0335000004270114,0.06919999941601418
test_consistent_random_observations__139,test_consistent_random_observations,PASS,solve_q1,observations,3,3,6,6,3.63160000051721,POLYGON,5,18.55282554527517,9.276412772637585,11.040324174163743,1.7639114015261583,False,scipy_with_fraction_check,scipy_highs_with_fraction_check,,0.024599999960628338,2.0364000001791283,0.19970000084867934,1.701399999546993,0.6685999996989267,0.8415000002059969,0.0005000001692678779,0.6897999992361292,0.037200000406301115,0.08419999994657701,0.0006000000212225132,0.028000000384054147,0.06050000047252979
test_consistent_random_observations__140,test_consistent_random_observations,PASS,solve_q1,observations,4,4,8,8,5.722500000047148,POLYGON,6,17.7627306792776,8.8813653396388,10.735862738513486,1.8544973988746865,False,scipy_with_fraction_check,scipy_highs_with_fraction_check,,0.02609999955893727,2.2164000001794193,0.3470999999990454,1.7177000008814503,1.6003999999156804,1.810700000532961,0.0006999998731771484,1.3976000000184285,0.2029999996011611,0.16520000008313218,0.0006999998731771484,0.04179999996267725,0.06889999986015027
test_consistent_random_observations__141,test_consistent_random_observations,PASS,solve_q1,observations,3,3,6,6,3.954800000428804,POLYGON,5,19.302908920579394,9.651454460289697,9.686188153598927,0.03473369330922971,False,scipy_with_fraction_check,scipy_highs_with_fraction_check,,0.025999999706982635,2.3397000004479196,0.2190000004702597,1.9594999994296813,0.6631000005654641,0.8576999998695101,0.0005000001692678779,0.6703999997625942,0.07300000015675323,0.08460000026389025,0.0006999998731771484,0.02719999974942766,0.06829999983892776
test_consistent_random_observations__142,test_consistent_random_observations,PASS,solve_q1,observations,4,4,8,8,4.522700000052282,POLYGON,5,19.208580491575876,9.604290245787938,9.627962241979635,0.023671996191696465,False,scipy_with_fraction_check,scipy_highs_with_fraction_check,,0.03930000002583256,2.2928999997020583,0.36099999942962313,1.7767999997886363,1.2504000005719718,0.8686999999554246,0.0005000001692678779,0.6756000002496876,0.07370000002993038,0.0838999994812184,0.0006999998731771484,0.03310000010969816,0.07139999979699496
test_consistent_random_observations__143,test_consistent_random_observations,PASS,solve_q1,observations,3,3,6,6,3.4488000001147157,POLYGON,4,31.011424830055763,15.505712415027881,15.505712415027896,1.4210854715202004e-14,True,scipy_with_fraction_check,scipy_highs_with_fraction_check,,0.026100000468431972,2.0688000004156493,0.21360000027925707,1.7147999997177976,0.6552999993800768,0.6426999998438987,0.0005000001692678779,0.48150000020541484,0.07079999977577245,0.06409999969037017,0.0006000000212225132,0.02390000008745119,0.055900000006658956
test_consistent_random_observations__144,test_consistent_random_observations,PASS,solve_q1,observations,4,4,8,8,4.577599999720405,POLYGON,5,28.681728902376182,14.340864451188091,14.340864451188095,3.552713678800501e-15,True,scipy_with_fraction_check,scipy_highs_with_fraction_check,,0.030199999855540227,2.2961999993640347,0.3598000002966728,1.7867999986265204,1.27020000036282,0.9114999993471429,0.0006000000212225132,0.6873000002087792,0.09339999996882398,0.09210000007442432,0.0007999997251317836,0.036100000215810724,0.06950000079086749
test_consistent_random_observations__145,test_consistent_random_observations,PASS,solve_q1,observations,3,3,6,6,3.687700000227778,POLYGON,5,26.891954524394816,13.445977262197408,14.377575624125836,0.9315983619284278,False,scipy_with_fraction_check,scipy_highs_with_fraction_check,,0.025100000129896216,2.1191999994698563,0.20709999989776406,1.7687999998088344,0.6628000001001055,0.8242999992944533,0.0005000001692678779,0.6624999996347469,0.0503999999637017,0.08109999998850981,0.0006999998731771484,0.02769999991869554,0.0563000012334669
test_consistent_random_observations__146,test_consistent_random_observations,PASS,solve_q1,observations,4,4,8,8,4.5395000006465125,POLYGON,5,18.626933282401094,9.313466641200547,10.161280450929183,0.8478138097286365,False,scipy_with_fraction_check,scipy_highs_with_fraction_check,,0.026400000024295878,2.280800000335148,0.36129999989498174,1.7662000018390245,1.3281999999890104,0.8348000001205946,0.0005000001692678779,0.6704999996145489,0.03780000042752363,0.08779999916441739,0.0007000007826718502,0.03599999945436139,0.06930000017746352
test_consistent_random_observations__147,test_consistent_random_observations,PASS,solve_q1,observations,3,3,6,6,3.8190000004760805,POLYGON,5,16.28343874830061,8.141719374150306,10.020325876117752,1.8786065019674467,False,scipy_with_fraction_check,scipy_highs_with_fraction_check,,0.04389999958220869,2.1912000001975684,0.22870000066177454,1.821100000597653,0.6739999998899293,0.8452000001852866,0.0006000000212225132,0.683000000208267,0.048800000513438135,0.08269999943877338,0.0006000000212225132,0.02790000053209951,0.06470000062108738
test_consistent_random_observations__148,test_consistent_random_observations,PASS,solve_q1,observations,4,4,8,8,5.662999999913154,POLYGON,5,16.28343874830061,8.141719374150306,8.461997439298743,0.3202780651484378,False,scipy_with_fraction_check,scipy_highs_with_fraction_check,,0.1990000000660075,3.1270999998014304,0.6281000005401438,2.333500000531785,1.3396000003922381,0.8857000002535642,0.0006999998731771484,0.6723000005877111,0.05639999926643213,0.11520000043674372,0.0007999997251317836,0.03840000044874614,0.11159999939991394
test_consistent_random_observations__149,test_consistent_random_observations,PASS,solve_q1,observations,3,3,6,6,4.356800000095973,POLYGON,5,25.50987491365179,12.754937456825894,15.09940224474934,2.344464787923446,False,scipy_with_fraction_check,scipy_highs_with_fraction_check,,0.030199999855540227,2.6271000006090617,0.21909999941271963,2.25749999844993,0.7173000003604102,0.9206000004269299,0.0006000000212225132,0.757000000703556,0.040099999750964344,0.09070000032807002,0.0006999998731771484,0.030000000151630957,0.06159999884403078
test_consistent_random_observations__150,test_consistent_random_observations,PASS,solve_q1,observations,4,4,8,8,5.03370000024006,POLYGON,6,20.417231311133513,10.208615655566756,10.4551442336223,0.2465285780555444,False,scipy_with_fraction_check,scipy_highs_with_fraction_check,,0.031599999601894524,2.418000000034226,0.3878999996231869,1.8655000003491296,1.361699999506527,1.1487000001579872,0.0005000001692678779,0.911199999791279,0.08009999964997405,0.11500000073283445,0.0006999998731771484,0.0396999994336511,0.07370000093942508
test_consistent_random_observations__151,test_consistent_random_observations,PASS,solve_q1,observations,3,3,6,6,4.30410000080883,POLYGON,6,30.782561073253586,15.391280536626793,16.05585177680175,0.664571240174956,False,scipy_with_fraction_check,scipy_highs_with_fraction_check,,0.02700000004551839,2.3516000001109205,0.22920000083104242,1.9723000013982528,0.7304000000658561,1.1329999997542473,0.0005000001692678779,0.9015999994517188,0.09000000045489287,0.105000000075961,0.0006999998731771484,0.033799999982875306,0.06210000083228806
test_consistent_random_observations__152,test_consistent_random_observations,PASS,solve_q1,observations,4,4,8,8,4.910300000119605,POLYGON,6,30.395780286786067,15.197890143393034,15.19789014339304,7.105427357601002e-15,True,scipy_with_fraction_check,scipy_highs_with_fraction_check,,0.031100000342121348,2.4152999994839774,0.3631999998106039,1.8867999997382867,1.296399999773712,1.0969999993903912,0.0005000001692678779,0.8531000003131339,0.10099999963131268,0.10209999982180307,0.0006000000212225132,0.038099999983387534,0.07050000112940324
test_consistent_random_observations__153,test_consistent_random_observations,PASS,solve_q1,observations,3,3,6,6,4.01620000047842,POLYGON,6,16.22981576796982,8.11490788398491,8.11490788398491,0.0,True,scipy_with_fraction_check,scipy_highs_with_fraction_check,,0.027099999897473026,2.162300000236428,0.20940000013069948,1.8105000017385464,0.6908999994266196,1.073299999916344,0.0005000001692678779,0.833500000226195,0.10449999990669312,0.10139999994862592,0.0006999998731771484,0.031399999897985253,0.06260000100155594
test_consistent_random_observations__154,test_consistent_random_observations,PASS,solve_q1,observations,4,4,8,8,4.922099999930651,POLYGON,7,15.66922215318764,7.83461107659382,8.24205703687934,0.4074459602855196,False,scipy_with_fraction_check,scipy_highs_with_fraction_check,,0.026300000172341242,2.2904000006747083,0.37739999970654026,1.7626000017116894,1.3184999997974955,1.21820000003936,0.0006000000212225132,1.0174999997616396,0.03590000051190145,0.11819999963336159,0.0006000000212225132,0.044100000195612665,0.0686999992467463
test_consistent_random_observations__155,test_consistent_random_observations,PASS,solve_q1,observations,3,3,6,6,3.3192000000781263,POLYGON,3,14.531833146560603,7.265916573280301,10.978508424883996,3.712591851603695,False,scipy_with_fraction_check,scipy_highs_with_fraction_check,,0.03259999994043028,2.136199999767996,0.2086000004055677,1.788700000361132,0.6210000001374283,0.4662000001189881,0.0005000001692678779,0.34890000006271293,0.0486999997519888,0.04620000072463881,0.0006999998731771484,0.019999999494757503,0.06320000011328375
test_consistent_random_observations__156,test_consistent_random_observations,PASS,solve_q1,observations,4,4,8,8,4.02120000035211,POLYGON,3,5.042656613974294,2.521328306987147,3.9314127551999016,1.4100844482127548,False,scipy_with_fraction_check,scipy_highs_with_fraction_check,,0.02700000004551839,2.311500000359956,0.3603999994084006,1.7958999997063074,1.1656999995466322,0.4473999997571809,0.0005000001692678779,0.34219999997731065,0.03479999941191636,0.044100000195612665,0.0006000000212225132,0.02390000008745119,0.06960000064282212
test_consistent_random_observations__157,test_consistent_random_observations,PASS,solve_q1,observations,3,3,6,6,3.655399999843212,POLYGON,5,24.743918081324423,12.371959040662212,12.371959040662224,1.2434497875801753e-14,True,scipy_with_fraction_check,scipy_highs_with_fraction_check,,0.024900000425986946,2.0696999999927357,0.2074999993055826,1.7247999994651764,0.6639999992330559,0.8408000003328198,0.0005000001692678779,0.6432999998651212,0.08489999981975416,0.08270000034826808,0.0006999998731771484,0.02750000021478627,0.05599999985861359
test_consistent_random_observations__158,test_consistent_random_observations,PASS,solve_q1,observations,4,4,8,8,4.1180999996868195,POLYGON,3,12.660570437339388,6.330285218669694,9.296109837786624,2.9658246191169297,False,scipy_with_fraction_check,scipy_highs_with_fraction_check,,0.03310000010969816,2.3314999998547137,0.3675999996630708,1.8127000003005378,1.2122999996790895,0.4681999998865649,0.0005000001692678779,0.3386999997019302,0.058400000852998346,0.04509999962465372,0.0006999998731771484,0.023600000531587284,0.07300000015675323
test_consistent_random_observations__159,test_consistent_random_observations,PASS,solve_q1,observations,3,3,6,6,3.912099999979546,POLYGON,5,23.86658576788942,11.93329288394471,15.065429420008051,3.132136536063342,False,scipy_with_fraction_check,scipy_highs_with_fraction_check,,0.028499999643827323,2.220199999101169,0.22670000089419773,1.8438999986756244,0.7082000001901179,0.8884999997462728,0.0006000000212225132,0.7198999992397148,0.05480000072566327,0.0835999999253545,0.0006000000212225132,0.027600000066740904,0.0667000012981589
test_consistent_random_observations__160,test_consistent_random_observations,PASS,solve_q1,observations,4,4,8,8,4.422200000590237,POLYGON,5,23.86658576788942,11.93329288394471,15.065429420008051,3.132136536063342,False,scipy_with_fraction_check,scipy_highs_with_fraction_check,,0.027299999601382297,2.258299999994051,0.37539999902946874,1.7276999988098396,1.2309999992794474,0.8250000000771252,0.0006999998731771484,0.6570000005012844,0.047900000026857015,0.08379999962926377,0.0006999998731771484,0.033600000278966036,0.08060000163823133
test_consistent_random_observations__161,test_consistent_random_observations,PASS,solve_q1,observations,3,3,6,6,3.539999999702559,POLYGON,4,25.581473800958232,12.790736900479116,15.957837228437715,3.1671003279585985,False,scipy_with_fraction_check,scipy_highs_with_fraction_check,,0.026599999728205148,2.132300000084797,0.2162000009775511,1.776699999027187,0.6640999999945052,0.6526999995912774,0.0005000001692678779,0.5133000004207133,0.04859999990003416,0.0638999999864609,0.0006999998731771484,0.024400000256719068,0.06430000030377414
test_consistent_random_observations__162,test_consistent_random_observations,PASS,solve_q1,observations,4,4,8,8,4.7853999994913465,POLYGON,6,22.870502577644604,11.435251288822302,13.114006339519833,1.6787550506975304,False,scipy_with_fraction_check,scipy_highs_with_fraction_check,,0.026300000172341242,2.251799999612558,0.3555000002961606,1.7444000013711047,1.3383000004978385,1.0988999993060133,0.0004999992597731762,0.8436000007350231,0.05309999960445566,0.15640000037819846,0.000999999429041054,0.04290000015316764,0.0700999999025953
test_consistent_random_observations__163,test_consistent_random_observations,PASS,solve_q1,observations,3,3,6,6,3.931700000066485,POLYGON,6,28.44783122999307,14.223915614996535,14.223915614996557,2.1316282072803006e-14,True,scipy_with_fraction_check,scipy_highs_with_fraction_check,,0.026699999580159783,2.103200000419747,0.21329999890440376,1.7481000013503945,0.6798000003982452,1.0624999995343387,0.0006000000212225132,0.830599999972037,0.09789999967324547,0.10029999975813553,0.0006000000212225132,0.03130000004603062,0.059500000133994035
test_consistent_random_observations__164,test_consistent_random_observations,PASS,solve_q1,observations,4,4,8,8,4.683899999690766,POLYGON,6,16.049549728366415,8.024774864183208,8.395012830816738,0.37023796663353004,False,scipy_with_fraction_check,scipy_highs_with_fraction_check,,0.026400000024295878,2.2348000002239132,0.35769999976764666,1.7242999992959085,1.299700000345183,1.054699999258446,0.0005000001692678779,0.8433999992121244,0.07000000005064066,0.1005000003715395,0.0006999998731771484,0.038299999687296804,0.06829999983892776
test_consistent_random_observations__165,test_consistent_random_observations,PASS,solve_q1,observations,3,3,6,6,4.31509999998525,POLYGON,6,23.772736553421012,11.886368276710506,11.886368276710506,0.0,True,scipy_with_fraction_check,scipy_highs_with_fraction_check,,0.0320999997711624,2.37959999958548,0.21090000063850312,2.008899999964342,0.6852999995317077,1.1580000000321888,0.0004999992597731762,0.9131000006163958,0.1081000000340282,0.10250000013911631,0.0006999998731771484,0.03190000006725313,0.06010000106471125
test_consistent_random_observations__166,test_consistent_random_observations,PASS,solve_q1,observations,4,4,8,8,4.955800000061572,POLYGON,6,23.772736553421012,11.886368276710506,11.886368276710506,0.0,True,scipy_with_fraction_check,scipy_highs_with_fraction_check,,0.026499999876250513,2.434699999867007,0.3581000000849599,1.8804000019372324,1.3096999991830671,1.1156999999002437,0.0005000001692678779,0.8636000002297806,0.10579999980109278,0.10490000022400636,0.0007999997251317836,0.03860000015265541,0.06920000123500358
test_consistent_random_observations__167,test_consistent_random_observations,PASS,solve_q1,observations,3,3,6,6,3.458400000454276,POLYGON,4,25.613012744259628,12.806506372129814,12.80650637212984,2.6645352591003757e-14,True,scipy_with_fraction_check,scipy_highs_with_fraction_check,,0.024199999643315095,2.0695000002888264,0.22090000038588187,1.7101000003094669,0.6442000003517023,0.6646000001637731,0.0006000000212225132,0.504200000250421,0.07060000007186318,0.06339999981719302,0.0006999998731771484,0.023800000235496555,0.055900000006658956
test_consistent_random_observations__168,test_consistent_random_observations,PASS,solve_q1,observations,4,4,8,8,4.281499999706284,POLYGON,4,19.09083938013213,9.545419690066065,9.545419690066074,8.881784197001252e-15,True,scipy_with_fraction_check,scipy_highs_with_fraction_check,,0.026300000172341242,2.286199999616656,0.3589000007195864,1.771599999301543,1.23639999947045,0.6652000001849956,0.0006999998731771484,0.4886999995505903,0.07989999994606478,0.06550000034621917,0.0006000000212225132,0.028499999643827323,0.06740000026184134
test_consistent_random_observations__169,test_consistent_random_observations,PASS,solve_q1,observations,3,3,6,6,3.8318999995681224,POLYGON,5,21.0435559471971,10.52177797359855,12.701437817551831,2.1796598439532815,False,scipy_with_fraction_check,scipy_highs_with_fraction_check,,0.04140000055485871,2.1384000001489767,0.22260000059759477,1.7653000004429487,0.6868000000395114,0.8770000004005851,0.0006000000212225132,0.7120000000213622,0.049199999921256676,0.0855999996929313,0.0006000000212225132,0.02750000021478627,0.08829999842419056
test_consistent_random_observations__170,test_consistent_random_observations,PASS,solve_q1,observations,4,4,8,8,5.117800000334682,POLYGON,7,21.0435559471971,10.52177797359855,12.701437817551831,2.1796598439532815,False,scipy_with_fraction_check,scipy_highs_with_fraction_check,,0.030299999707494862,2.384200000051351,0.3937999990739627,1.829100000577455,1.3355999999475898,1.2972000004083384,0.0005000001692678779,1.043299999764713,0.04960000023856992,0.15590000020893058,0.0008999995770864189,0.0456000007034163,0.07050000021990854
test_consistent_random_observations__171,test_consistent_random_observations,PASS,solve_q1,observations,3,3,6,6,5.069800000455871,POLYGON,6,21.91320695917051,10.956603479585254,10.956603479585269,1.4210854715202004e-14,True,scipy_with_fraction_check,scipy_highs_with_fraction_check,,0.026499999876250513,2.9784000007566647,0.2184999993914971,2.5336999988212483,0.8379000000786618,1.1658000003080815,0.0006000000212225132,0.920100000257662,0.1032999998642481,0.10689999999158317,0.0006999998731771484,0.03290000040578889,0.06119999943621224
test_consistent_random_observations__172,test_consistent_random_observations,PASS,solve_q1,observations,4,4,8,8,5.321399999957066,POLYGON,6,19.904144780448533,9.952072390224266,10.085069966022342,0.13299757579807547,False,scipy_with_fraction_check,scipy_highs_with_fraction_check,,0.028500000553322025,2.520099999856029,0.38239999958022963,1.972600000044622,1.3343000000531902,1.366000000416534,0.0006000000212225132,1.0714000000007218,0.10579999980109278,0.13440000020636944,0.0007999997251317836,0.051500000154192094,0.07249999907799065
test_consistent_random_observations__173,test_consistent_random_observations,PASS,solve_q1,observations,3,3,6,6,3.952500000195869,POLYGON,6,31.75158382503002,15.87579191251501,15.87579191251502,8.881784197001252e-15,True,scipy_with_fraction_check,scipy_highs_with_fraction_check,,0.025100000129896216,2.0815000007132767,0.20769999900949188,1.7335000002276502,0.6836000002294895,1.1062000003221328,0.0006000000212225132,0.8674999999129795,0.10240000028716167,0.10180000026593916,0.0006999998731771484,0.031800000215298496,0.056099998801073525
test_consistent_random_observations__174,test_consistent_random_observations,PASS,solve_q1,observations,4,4,8,8,4.453200000170909,POLYGON,5,13.46589902881116,6.73294951440558,8.071725394475942,1.3387758800703624,False,scipy_with_fraction_check,scipy_highs_with_fraction_check,,0.026399999114801176,2.2797999999966123,0.3682999995362479,1.7514000001028762,1.220399999510846,0.8530999994036392,0.0006000000212225132,0.6858999995529302,0.040300000364368316,0.08799999977782136,0.0006999998731771484,0.036299999919719994,0.07350000214501051
test_consistent_random_observations__175,test_consistent_random_observations,PASS,solve_q1,observations,3,3,6,6,4.484399999455491,POLYGON,6,18.47240467265363,9.236202336326816,11.643535223063191,2.4073328867363752,False,scipy_with_fraction_check,scipy_highs_with_fraction_check,,0.02769999991869554,2.2482999993371777,0.21470000046974747,1.8861999997170642,1.0746999996626982,1.072799999747076,0.0006000000212225132,0.8923000004870119,0.038499999391206075,0.10540000039327424,0.0006999998731771484,0.03389999983482994,0.060900000789843034
test_consistent_random_observations__176,test_consistent_random_observations,PASS,solve_q1,observations,4,4,8,8,5.679200000486162,POLYGON,6,17.86918476743969,8.934592383719846,10.94162996469077,2.007037580970925,False,scipy_with_fraction_check,scipy_highs_with_fraction_check,,0.025800000003073364,2.741900000728492,0.3372999999555759,2.2364999995261314,1.5486000002056244,1.2932999998156447,0.0006999998731771484,1.0424000001876266,0.0456000007034163,0.15279999934136868,0.001100000190490391,0.04910000006930204,0.06959999973332742
test_consistent_random_observations__177,test_consistent_random_observations,PASS,solve_q1,observations,3,3,6,6,4.046399999424466,POLYGON,5,18.167080593364368,9.083540296682184,9.27266433895939,0.18912404227720536,False,scipy_with_fraction_check,scipy_highs_with_fraction_check,,0.02680000034160912,2.275099999678787,0.21660000038536964,1.8916999997600215,0.7407000002785935,0.9432000006199814,0.0006000000212225132,0.7358000002568588,0.08119999984046444,0.09370000043418258,0.0007999997251317836,0.02969999968627235,0.06059999850549502
test_consistent_random_observations__178,test_consistent_random_observations,PASS,solve_q1,observations,4,4,8,8,4.981799999768555,POLYGON,5,18.167080593364368,9.083540296682184,9.27266433895939,0.18912404227720536,False,scipy_with_fraction_check,scipy_highs_with_fraction_check,,0.028499999643827323,2.4762999992162804,0.3754999997909181,1.9325999983266229,1.4176000004226808,0.9850000005826587,0.0006000000212225132,0.7555000001957524,0.09189999946102034,0.09510000018053688,0.0006999998731771484,0.03950000063923653,0.07439999990310753
test_consistent_random_observations__179,test_consistent_random_observations,PASS,solve_q1,observations,3,3,6,6,4.285000000891159,POLYGON,6,26.421712805055996,13.210856402527998,17.77190923039144,4.561052827863442,False,scipy_with_fraction_check,scipy_highs_with_fraction_check,,0.036100000215810724,2.274299999953655,0.2285999999003252,1.903800000945921,0.7314999993468518,1.1778999996749917,0.0006000000212225132,0.947499999710999,0.06900000062159961,0.12509999942267314,0.0006999998731771484,0.033600000278966036,0.06520000169984996
test_consistent_random_observations__180,test_consistent_random_observations,PASS,solve_q1,observations,4,4,8,8,5.621399999654386,POLYGON,7,25.04011372687751,12.520056863438755,16.94851541681587,4.428458553377114,False,scipy_with_fraction_check,scipy_highs_with_fraction_check,,0.03199999991920777,2.442400000290945,0.3651000006357208,1.9135000002279412,1.3619999999718857,1.7097999998441082,0.0006000000212225132,1.3017999999647145,0.137400000312482,0.19659999998111743,0.0012000000424450263,0.07060000007186318,0.07519999962823931
test_consistent_random_observations__181,test_consistent_random_observations,PASS,solve_q1,observations,3,3,6,6,4.200600000331178,POLYGON,6,22.049994419460035,11.024997209730017,14.442755728578629,3.4177585188486113,False,scipy_with_fraction_check,scipy_highs_with_fraction_check,,0.032500000088475645,2.308199999788485,0.2139999987775809,1.9451000007393304,0.7101999999576947,1.0871000004044618,0.0006000000212225132,0.8777000002737623,0.06589999975403771,0.10750000001280569,0.0006999998731771484,0.03330000072310213,0.06260000009206124
test_consistent_random_observations__182,test_consistent_random_observations,PASS,solve_q1,observations,4,4,8,8,4.504900000029011,POLYGON,4,18.841193792468655,9.420596896234327,13.794048885883573,4.373451989649245,False,scipy_with_fraction_check,scipy_highs_with_fraction_check,,0.03600000036385609,2.490400000169757,0.3663000006781658,1.95979999989504,1.2393999995765625,0.6629999998040148,0.0008000006346264854,0.5068000000392203,0.053499999921768904,0.0683999996908824,0.0006999998731771484,0.03130000004603062,0.07610000011482043
test_consistent_random_observations__183,test_consistent_random_observations,PASS,solve_q1,observations,3,3,6,6,3.760300000067218,POLYGON,4,17.593011423252317,8.796505711626159,12.017280709809127,3.220774998182968,False,scipy_with_fraction_check,scipy_highs_with_fraction_check,,0.031399999897985253,2.2933000000193715,0.21240000023681205,1.9308999999338994,0.6640999999945052,0.7100000002537854,0.0006000000212225132,0.5368000001908513,0.07540000024164328,0.06969999958528206,0.0006000000212225132,0.02550000044720946,0.061499999901570845
test_consistent_random_observations__184,test_consistent_random_observations,PASS,solve_q1,observations,4,4,8,8,6.031900000380119,POLYGON,5,17.593011423252317,8.796505711626159,11.586180163874873,2.7896744522487147,False,scipy_with_fraction_check,scipy_highs_with_fraction_check,,0.03580000065994682,2.509500000087428,0.3633999995145132,1.9773999993049074,2.454100000250037,0.9557000003042049,0.0006999998731771484,0.703599999724247,0.08870000056049321,0.1125999997384497,0.0008999995770864189,0.047500000619038474,0.07679999907850288
test_consistent_random_observations__185,test_consistent_random_observations,PASS,solve_q1,observations,3,3,6,6,4.803800000445335,POLYGON,6,29.58859029290227,14.794295146451136,15.666215679622413,0.8719205331712772,False,scipy_with_fraction_check,scipy_highs_with_fraction_check,,0.02949999998236308,2.3859000002630637,0.21740000011050142,2.006900000196765,1.0830999999598134,1.2415000001055887,0.0006999998731771484,0.9651999998823158,0.11350000022503082,0.11949999952776125,0.0007999997251317836,0.03950000063923653,0.06380000013450626
test_consistent_random_observations__186,test_consistent_random_observations,PASS,solve_q1,observations,4,4,8,8,5.09059999967576,POLYGON,6,26.447954010706965,13.223977005353483,15.708333124572306,2.4843561192188233,False,scipy_with_fraction_check,scipy_highs_with_fraction_check,,0.04290000015316764,2.5751000002856017,0.37120000069990056,2.035900000919355,1.297099999646889,1.0958000002574408,0.0010000003385357559,0.8717000000615371,0.0714999996489496,0.10730000030889641,0.0007999997251317836,0.04179999996267725,0.07969999933266081
test_consistent_random_observations__187,test_consistent_random_observations,PASS,solve_q1,observations,3,3,6,6,3.961600000366161,POLYGON,4,27.2693152558022,13.6346576279011,20.206083190552533,6.571425562651433,False,scipy_with_fraction_check,scipy_highs_with_fraction_check,,0.0455999997939216,2.369199999520788,0.2522000013414072,1.9632999992609257,0.7195999996838509,0.7589999995616381,0.0006000000212225132,0.5848000000696629,0.06990000019868603,0.07480000022042077,0.0007999997251317836,0.026300000172341242,0.06820000180596253
test_consistent_random_observations__188,test_consistent_random_observations,PASS,solve_q1,observations,4,4,8,8,5.0735000004351605,POLYGON,5,25.360129063609357,12.680064531804678,12.68006453180473,5.1514348342607263e-14,True,scipy_with_fraction_check,scipy_highs_with_fraction_check,,0.03319999996165279,2.4769999999989523,0.3862999992634286,1.9247999998697196,1.4447000003201538,1.0417000003144494,0.0008999995770864189,0.7653000002392218,0.10480000037205173,0.1191000001199427,0.0008999995770864189,0.0486999997519888,0.07689999983995222
test_consistent_random_observations__189,test_consistent_random_observations,PASS,solve_q1,observations,3,3,6,6,4.304799999772513,POLYGON,6,32.095407317363275,16.047703658681638,16.04770365868164,3.552713678800501e-15,True,scipy_with_fraction_check,scipy_highs_with_fraction_check,,0.028499999643827323,2.2719999997207196,0.2260999999634805,1.8986000004588277,0.7510999994337908,1.1918999998670188,0.0006000000212225132,0.9352999995826394,0.10960000054183183,0.11029999950551428,0.0006999998731771484,0.034100000448233914,0.06130000110715628
test_consistent_random_observations__190,test_consistent_random_observations,PASS,solve_q1,observations,4,4,8,8,5.69180000002234,POLYGON,7,32.095407317363275,16.047703658681638,16.04770365868164,3.552713678800501e-15,True,scipy_with_fraction_check,scipy_highs_with_fraction_check,,0.0289999998130952,2.4835000003804453,0.38889999996172264,1.9294999992780504,1.5229999999064603,1.5810000004421454,0.0006999998731771484,1.2267000001884298,0.1457999997001025,0.15460000031453092,0.0007999997251317836,0.050800000281014945,0.07529999948019395
test_consistent_random_observations__191,test_consistent_random_observations,PASS,solve_q1,observations,3,3,6,6,3.835800000160816,POLYGON,4,18.55843083331396,9.27921541665698,11.240326457713197,1.961111041056217,False,scipy_with_fraction_check,scipy_highs_with_fraction_check,,0.03730000025825575,2.3417000002154964,0.24639999901410192,1.9430000002103043,0.7180000002335873,0.6668000005447539,0.0008000006346264854,0.5272999997032457,0.03999999989900971,0.06949999988137279,0.0007999997251317836,0.026500000785745215,0.07199999890872277
test_consistent_random_observations__192,test_consistent_random_observations,PASS,solve_q1,observations,4,4,8,8,7.845999999517517,POLYGON,4,16.359992017934047,8.179996008967024,9.527935892170273,1.3479398832032494,False,scipy_with_fraction_check,scipy_highs_with_fraction_check,,0.06170000051497482,4.416900000251189,0.7391999997707899,3.385000000889704,2.167399999962072,1.0584000001472305,0.0009000004865811206,0.8110999997370527,0.07860000005166512,0.11979999999311985,0.0008999995770864189,0.04440000066097127,0.1415999986420502
test_consistent_random_observations__193,test_consistent_random_observations,PASS,solve_q1,observations,3,3,6,6,4.873399999269168,POLYGON,5,30.5646618518437,15.28233092592185,21.700051717882033,6.417720791960184,False,scipy_with_fraction_check,scipy_highs_with_fraction_check,,0.040800000533636194,2.4751999999352847,0.2674999996088445,2.0404999995662365,0.9958000000551692,1.283300000068266,0.0006999998731771484,0.8676000006744289,0.12909999986732146,0.2051999999821419,0.0015999994502635673,0.07610000011482043,0.07829999867681181
test_consistent_random_observations__194,test_consistent_random_observations,PASS,solve_q1,observations,4,4,8,8,5.796500000542437,POLYGON,5,29.926100232289183,14.963050116144592,14.963050116144617,2.4868995751603507e-14,True,scipy_with_fraction_check,scipy_highs_with_fraction_check,,0.03130000004603062,3.5277000006317394,0.3643000000010943,2.9981999987285235,1.2395000003380119,0.9237000003849971,0.0006999998731771484,0.7102999998096493,0.08939999952417566,0.0850000005812035,0.0006000000212225132,0.03620000006776536,0.07429999914165819
test_consistent_random_observations__195,test_consistent_random_observations,PASS,solve_q1,observations,3,3,6,6,3.7314000001060776,POLYGON,3,23.61149311599478,11.80574655799739,16.787054456328583,4.981307898331194,False,scipy_with_fraction_check,scipy_highs_with_fraction_check,,0.03440000000409782,2.4038999999902444,0.2653999999893131,1.9812000000456464,0.7092000005286536,0.5166000000826898,0.001100000190490391,0.37849999989703065,0.05869999949936755,0.052600000344682485,0.0006000000212225132,0.023499999770137947,0.067299999500392
test_consistent_random_observations__196,test_consistent_random_observations,PASS,solve_q1,observations,4,4,8,8,4.314200000408164,POLYGON,3,23.61149311599478,11.80574655799739,16.787054456328583,4.981307898331194,False,scipy_with_fraction_check,scipy_highs_with_fraction_check,,0.048799999603943434,2.464299999701325,0.3952999995817663,1.903800000945921,1.236099999914586,0.4810999998881016,0.0006000000212225132,0.35570000000006985,0.049000000217347406,0.047700000322947744,0.0007999997251317836,0.025800000003073364,0.0839000013002078
test_consistent_random_observations__197,test_consistent_random_observations,PASS,solve_q1,observations,3,3,6,6,4.132000000026892,POLYGON,6,20.200666669200956,10.100333334600478,14.483456133250828,4.38312279865035,False,scipy_with_fraction_check,scipy_highs_with_fraction_check,,0.031100000342121348,2.2343000000546454,0.22730000000592554,1.8568999985291157,0.7122999995772261,1.0895999994318117,0.0006000000212225132,0.8800999994491576,0.06570000005012844,0.1081000000340282,0.0006999998731771484,0.03310000010969816,0.06470000062108738
test_consistent_random_observations__198,test_consistent_random_observations,PASS,solve_q1,observations,4,4,8,8,7.605199999488832,POLYGON,7,20.200666669200956,10.100333334600478,14.406400681457223,4.306067346856745,False,scipy_with_fraction_check,scipy_highs_with_fraction_check,,0.035200000638724305,3.3948999998756335,0.4866999997830135,2.673300000424206,2.1362999996199505,1.945200000591285,0.0007999997251317836,1.5116000004127272,0.0942999995459104,0.26620000062393956,0.0021999994714860804,0.06780000057915458,0.09359999876323855
test_consistent_random_observations__199,test_consistent_random_observations,PASS,solve_q1,observations,3,3,6,6,8.059799999500683,POLYGON,6,34.018791863941445,17.009395931970722,17.009395931970726,3.552713678800501e-15,True,scipy_with_fraction_check,scipy_highs_with_fraction_check,,0.04769999941345304,4.518099999586411,0.41679999958432745,3.784599999562488,1.4317999994091224,1.950599999872793,0.000999999429041054,1.516500000434462,0.17529999968246557,0.2024000004894333,0.0010999992809956893,0.05200000032345997,0.11160000121890334
test_consistent_random_observations__200,test_consistent_random_observations,PASS,solve_q1,observations,4,4,8,8,8.534300000064832,POLYGON,5,24.934925538381624,12.467462769190812,13.727563865361734,1.2601010961709225,False,scipy_with_fraction_check,scipy_highs_with_fraction_check,,0.042499999835854396,4.093300000022282,0.5912999995416612,3.2142999980351306,2.532200000132434,1.7535999995743623,0.0010999992809956893,1.3281999999890104,0.1447000004191068,0.1978999998755171,0.001600000359758269,0.07749999986117473,0.11270000049989903
test_constant_constraints__001,test_constant_constraints,PASS,solve_halfplanes,halfplanes,,,1,,0.40050000006885966,EMPTY,0,,,,,,scipy_with_fraction_check,not_run_or_early_return,0.36950000048818765,,,,,,,,,,,,,0.03099999958067201
test_constant_constraints__002,test_constant_constraints,PASS,solve_halfplanes,halfplanes,,,1,,0.3484999997453997,UNBOUNDED,0,Infinity,,,,,scipy_with_fraction_check,not_run_or_early_return,0.3233999996155035,,,,,,,,,,,,,0.025100000129896216
test_contradictory_parallel_constraints__001,test_contradictory_parallel_constraints,PASS,solve_halfplanes,halfplanes,,,2,2,0.6915000003573368,EMPTY,0,,,,,,scipy_with_fraction_check,scipy_highs_with_fraction_check,0.30590000005759066,,0.33999999959632987,0.021499999093066435,0.3082000002905261,,,,,,,,,0.0456000007034163
test_document_three_observations__001,test_document_three_observations,PASS,solve_q1,observations,3,3,6,6,3.850600000077975,POLYGON,6,32.25187208460611,16.125936042303056,16.370309230688353,0.2443731883852962,False,scipy_with_fraction_check,scipy_highs_with_fraction_check,,0.028899999961140566,2.034000000094238,0.19740000061574392,1.6990999993140576,0.6808000007367809,1.0419000000183587,0.0005000001692678779,0.8613999998487998,0.048800000513438135,0.09779999982129084,0.0006000000212225132,0.03149999974993989,0.06499999926745659
test_document_two_observations__001,test_document_two_observations,PASS,solve_q1,observations,2,2,4,4,2.9685999998037005,POLYGON,4,39.50834065898743,19.754170329493714,19.754170329493714,0.0,True,scipy_with_fraction_check,scipy_highs_with_fraction_check,,0.028500000553322025,1.9293000004836358,0.08179999986168696,1.7228000006070943,0.267100000201026,0.6969999994907994,0.0005000001692678779,0.5308999998305808,0.07499999992433004,0.06889999986015027,0.0006999998731771484,0.019400000383029692,0.04669999907491729
test_duplicate_and_permutation__001,test_duplicate_and_permutation,PASS,solve_q1,observations,2,2,4,4,3.1079999998837593,POLYGON,4,39.50834065898743,19.754170329493714,19.754170329493714,0.0,True,scipy_with_fraction_check,scipy_highs_with_fraction_check,,0.03170000036334386,2.0168000000921893,0.08799999977782136,1.8007999988185475,0.2725000003920286,0.7332999994105194,0.0006999998731771484,0.5203000000619795,0.11560000075405696,0.0717999992048135,0.0007000007826718502,0.02249999943160219,0.053699999625678174
test_duplicate_and_permutation__002,test_duplicate_and_permutation,PASS,solve_q1,observations,4,2,8,4,2.9903000004196656,POLYGON,4,39.50834065898743,19.754170329493714,19.754170329493714,0.0,True,scipy_with_fraction_check,scipy_highs_with_fraction_check,,0.03399999968678458,1.8815000003087334,0.08729999990464421,1.670199999352917,0.32559999999648426,0.6854000002931571,0.0006000000212225132,0.5219000004217378,0.07379999988188501,0.0673000004098867,0.0006999998731771484,0.019699999938893598,0.06380000013450626
test_empty_observation_intersection__001,test_empty_observation_intersection,PASS,solve_q1,observations,2,2,4,4,0.46580000071116956,EMPTY,0,,,,,,scipy_with_fraction_check,scipy_highs_with_fraction_check,,0.028000000384054147,0.3927999996449216,0.09999999929277692,0.28360000032989774,,,,,,,,,0.045000000682193786
test_invalid_inputs__001,test_invalid_inputs,PASS,solve_q1,observations,0,0,,,0.008600000001024455,EXCEPTION,,,,,,,scipy_with_fraction_check,,,0.006000000212225132,,,,,,,,,,,,0.002599999788799323
test_invalid_inputs__002,test_invalid_inputs,PASS,solve_q1,observations,1,1,,,0.022700000045006163,EXCEPTION,,,,,,,scipy_with_fraction_check,,,0.01720000000204891,,,,,,,,,,,,0.005500000042957254
test_invalid_inputs__003,test_invalid_inputs,PASS,solve_q1,observations,1,1,,,0.03149999974993989,EXCEPTION,,,,,,,scipy_with_fraction_check,,,0.027799999770650174,,,,,,,,,,,,0.0036999999792897142
test_invalid_inputs__004,test_invalid_inputs,PASS,solve_q1,observations,1,1,,,0.021599999854515772,EXCEPTION,,,,,,,scipy_with_fraction_check,,,0.018799999452312477,,,,,,,,,,,,0.0028000004022032954
test_invalid_inputs__005,test_invalid_inputs,PASS,solve_q1,observations,1,1,,,0.3636999999798718,EXCEPTION,,,,,,,scipy_with_fraction_check,,0.3401000003577792,,,,,,,,,,,,,0.023599999622092582
test_invalid_inputs__006,test_invalid_inputs,PASS,solve_q1,observations,1,1,,,0.2918999998655636,EXCEPTION,,,,,,,scipy_with_fraction_check,,0.27460000001156004,,,,,,,,,,,,,0.017299999854003545
test_invalid_inputs__007,test_invalid_inputs,PASS,solve_q1,observations,1,1,,,0.29940000058559235,EXCEPTION,,,,,,,scipy_with_fraction_check,,0.2826999998433166,,,,,,,,,,,,,0.016700000742275734
test_invalid_inputs__008,test_invalid_inputs,PASS,solve_q1,observations,1,1,,,0.2868000001399196,EXCEPTION,,,,,,,scipy_with_fraction_check,,0.27350000073056435,,,,,,,,,,,,,0.013299999409355223
test_invalid_inputs__009,test_invalid_inputs,PASS,solve_q1,observations,1,1,,,0.3255000001445296,EXCEPTION,,,,,,,scipy_with_fraction_check,,0.2898999991884921,,,,,,,,,,,,,0.03560000095603755
test_lp_numerical_failure_not_unbounded__001,test_lp_numerical_failure_not_unbounded,PASS,solve_q1,observations,2,2,4,4,0.19080000038229628,NUMERICAL_ISSUE,0,,,,,,mocked_linprog,scipy_highs_with_fraction_check,,0.028700000257231295,0.11369999992894009,0.08580000030633528,0.019699999938893598,,,,,,,,,0.04840000019612489
test_lp_uses_free_variables__001,test_lp_uses_free_variables,PASS,solve_q1,observations,1,1,2,2,0.10999999994965037,UNBOUNDED,0,Infinity,,,,,mocked_linprog,scipy_highs_with_fraction_check,,0.024599999960628338,0.04960000023856992,0.021699999706470408,0.020000000404252205,,,,,,,,,0.035799999750452116
test_near_parallel_not_discarded__001,test_near_parallel_not_discarded,PASS,solve_halfplanes,halfplanes,,,3,3,0.8865999998306506,POLYGON,3,1000000000000.0,500000000000.0,500000000000.0,0.0,True,fraction_only,fraction_fourier_motzkin,0.3021000002263463,,0.0410999991800054,0.03690000085043721,,0.14039999950909987,0.34469999991415534,0.0005000001692678779,0.21919999926467426,0.06230000053619733,0.03999999989900971,0.0008999995770864189,0.020400000721565448,0.05830000100104371
test_negative_coordinate_square__001,test_negative_coordinate_square,PASS,solve_halfplanes,halfplanes,,,4,4,2.8348000005280483,POLYGON,4,2.8284271247461903,1.4142135623730951,1.4142135623730951,0.0,True,scipy_with_fraction_check,scipy_highs_with_fraction_check,0.28139999994891696,,1.9652000000860426,0.03609999930631602,1.8036000001302455,0.13639999997394625,0.3839999999399879,0.0005000001692678779,0.27399999999033753,0.05000000055588316,0.03749999996216502,0.0006000000212225132,0.02009999934671214,0.06780000057915458
test_point_and_segment_direct_constraints__001,test_point_and_segment_direct_constraints,PASS,solve_halfplanes,halfplanes,,,4,4,2.853500000128406,POINT,1,0.0,0.0,0.0,0.0,True,scipy_with_fraction_check,scipy_highs_with_fraction_check,0.533999999788648,,2.0963999995728955,0.03509999987727497,1.9293000004836358,0.14400000054592965,0.0035000002753804438,0.00199999976757681,,,,,,0.07559999994555255
test_point_and_segment_direct_constraints__002,test_point_and_segment_direct_constraints,PASS,solve_halfplanes,halfplanes,,,4,4,2.5507999998808373,SEGMENT,2,2.0,1.0,1.0,0.0,True,scipy_with_fraction_check,scipy_highs_with_fraction_check,0.3143999992971658,,1.959299999725772,0.03319999996165279,1.7900999991979916,0.1395999997839681,0.0774000000092201,0.0006000000212225132,0.03199999991920777,0.029600000743812416,0.0007999997251317836,0.0005000001692678779,0.012399999832268804,0.06010000106471125
test_single_observation_unbounded__001,test_single_observation_unbounded,PASS,solve_q1,observations,1,1,2,2,1.6535000004296307,UNBOUNDED,0,Infinity,,,,,scipy_with_fraction_check,scipy_highs_with_fraction_check,,0.02750000021478627,1.5886999999565887,0.029400000130408444,1.497199999903387,,,,,,,,,0.03730000025825575
test_strip_unbounded_with_no_vertices__001,test_strip_unbounded_with_no_vertices,PASS,solve_halfplanes,halfplanes,,,2,2,1.8000000000029104,UNBOUNDED,0,Infinity,,,,,scipy_with_fraction_check,scipy_highs_with_fraction_check,0.3011999997397652,,1.4535999998770421,0.02049999966402538,1.3557000002037967,,,,,,,,,0.045200000386103056
test_thin_polygon_not_merged_into_segment__001,test_thin_polygon_not_merged_into_segment,PASS,solve_halfplanes,halfplanes,,,4,4,0.97989999994752,POLYGON,4,1.0,0.5,0.5,0.0,True,fraction_only,fraction_fourier_motzkin,0.28960000054212287,,0.03860000015265541,0.03439999909460312,,0.14869999995426042,0.445900000158872,0.0005000001692678779,0.30950000018492574,0.056400000175926834,0.05249999958323315,0.0009000004865811206,0.02479999966453761,0.05709999913960928
test_translation_and_rotation__001,test_translation_and_rotation,PASS,solve_q1,observations,2,2,4,4,3.1936000004861853,POLYGON,4,39.50834065898743,19.754170329493714,19.754170329493714,0.0,True,scipy_with_fraction_check,scipy_highs_with_fraction_check,,0.026400000024295878,2.1151999999347026,0.08790000083536142,1.8837000006897142,0.2955999998448533,0.7069999992381781,0.0006000000212225132,0.5388999998103827,0.07569999979750719,0.0698000003467314,0.0006999998731771484,0.019899999642802868,0.04940000144415535
test_translation_and_rotation__002,test_translation_and_rotation,PASS,solve_q1,observations,2,2,4,4,3.036199999769451,POLYGON,4,39.50834065898741,19.754170329493704,19.754170329493785,8.171241461241152e-14,True,scipy_with_fraction_check,scipy_highs_with_fraction_check,,0.023800000235496555,1.9691999996211962,0.08149999848683365,1.7578000006324146,0.26950000028591603,0.7279999999809661,0.0005000001692678779,0.5609999998341664,0.07709999954386149,0.06709999979648273,0.0007000007826718502,0.019999999494757503,0.04569999964587623
test_translation_and_rotation__003,test_translation_and_rotation,PASS,solve_q1,observations,2,2,4,4,3.3161999999720138,POLYGON,4,39.50834065898749,19.754170329493746,19.754170329493746,0.0,True,scipy_with_fraction_check,scipy_highs_with_fraction_check,,0.02390000008745119,2.266100000269944,0.09930000032909447,2.0135999993726728,0.28470000052038813,0.6966999999349355,0.0006999998731771484,0.5326000000422937,0.07480000022042077,0.06719999964843737,0.0006000000212225132,0.019600000086938962,0.04479999915929511
