2026-09-13 01:15:47,046 INFO request {"path": "/enter", "payload": {"arena_id": "default", "robot_id": "202601002029", "request_id": "014167302dd445ecac5890457da62a10"}, "attempt": 1}
2026-09-13 01:15:47,050 INFO response {"request_id": "014167302dd445ecac5890457da62a10", "http_status": 200, "body": {"accepted": true, "real_timestamp_ms": 1789233344013, "virtual_time_s": 0, "max_virtual_duration_s": 360000, "max_real_duration_s": 1200, "remaining_real_duration_s": 1200}}
2026-09-13 01:15:47,077 INFO request {"path": "/measure", "payload": {"arena_id": "default", "robot_id": "202601002029", "request_id": "dd5576fa94f74ac49bba5a9c43fbf730", "position": {"x": 0.0, "y": 0.0}, "channel": 1}, "attempt": 1}
2026-09-13 01:15:47,079 INFO response {"request_id": "dd5576fa94f74ac49bba5a9c43fbf730", "http_status": 200, "body": {"accepted": true, "real_timestamp_ms": 1789233344043, "virtual_time_s": 5, "measure_result": "direction", "svd_deg": 355.72}}
2026-09-13 01:15:47,099 INFO request {"path": "/measure", "payload": {"arena_id": "default", "robot_id": "202601002029", "request_id": "70e5b5f44a574e97967c57acc48cca47", "position": {"x": 0.0, "y": 0.0}, "channel": 2}, "attempt": 1}
2026-09-13 01:15:47,114 INFO response {"request_id": "70e5b5f44a574e97967c57acc48cca47", "http_status": 200, "body": {"accepted": true, "real_timestamp_ms": 1789233344078, "virtual_time_s": 11, "measure_result": "no_signal"}}
2026-09-13 01:15:47,128 INFO request {"path": "/measure", "payload": {"arena_id": "default", "robot_id": "202601002029", "request_id": "fc882539656348ba868a201796a5e3e8", "position": {"x": 0.0, "y": 0.0}, "channel": 3}, "attempt": 1}
2026-09-13 01:15:47,131 INFO response {"request_id": "fc882539656348ba868a201796a5e3e8", "http_status": 200, "body": {"accepted": true, "real_timestamp_ms": 1789233344094, "virtual_time_s": 17, "measure_result": "no_signal"}}
2026-09-13 01:15:47,162 INFO request {"path": "/measure", "payload": {"arena_id": "default", "robot_id": "202601002029", "request_id": "a5521a1c2d4841d493980390d7233dd1", "position": {"x": 0.0, "y": 0.0}, "channel": 4}, "attempt": 1}
2026-09-13 01:15:47,182 INFO response {"request_id": "a5521a1c2d4841d493980390d7233dd1", "http_status": 200, "body": {"accepted": true, "real_timestamp_ms": 1789233344146, "virtual_time_s": 23, "measure_result": "no_signal"}}
2026-09-13 01:15:47,197 INFO request {"path": "/measure", "payload": {"arena_id": "default", "robot_id": "202601002029", "request_id": "a7ffbcdee74d41c6a32aad68924f6bbf", "position": {"x": 0.0, "y": 0.0}, "channel": 5}, "attempt": 1}
2026-09-13 01:15:47,199 INFO response {"request_id": "a7ffbcdee74d41c6a32aad68924f6bbf", "http_status": 200, "body": {"accepted": true, "real_timestamp_ms": 1789233344163, "virtual_time_s": 29, "measure_result": "no_signal"}}
2026-09-13 01:15:47,230 INFO request {"path": "/measure", "payload": {"arena_id": "default", "robot_id": "202601002029", "request_id": "ae4b179a8c5c469ca019d44c5afcb729", "position": {"x": 0.0, "y": 0.0}, "channel": 6}, "attempt": 1}
2026-09-13 01:15:47,232 INFO response {"request_id": "ae4b179a8c5c469ca019d44c5afcb729", "http_status": 200, "body": {"accepted": true, "real_timestamp_ms": 1789233344196, "virtual_time_s": 35, "measure_result": "direction", "svd_deg": 127.81}}
2026-09-13 01:15:47,264 INFO request {"path": "/measure", "payload": {"arena_id": "default", "robot_id": "202601002029", "request_id": "9ae0f190878b4006ae124a1a02bdc73b", "position": {"x": 0.0, "y": 0.0}, "channel": 7}, "attempt": 1}
2026-09-13 01:15:47,280 INFO response {"request_id": "9ae0f190878b4006ae124a1a02bdc73b", "http_status": 200, "body": {"accepted": true, "real_timestamp_ms": 1789233344245, "virtual_time_s": 41, "measure_result": "no_signal"}}
2026-09-13 01:15:47,296 INFO request {"path": "/measure", "payload": {"arena_id": "default", "robot_id": "202601002029", "request_id": "e6ae749f7d2e49199899cf1a802c143e", "position": {"x": 0.0, "y": 0.0}, "channel": 8}, "attempt": 1}
2026-09-13 01:15:47,309 INFO response {"request_id": "e6ae749f7d2e49199899cf1a802c143e", "http_status": 200, "body": {"accepted": true, "real_timestamp_ms": 1789233344273, "virtual_time_s": 47, "measure_result": "no_signal"}}
2026-09-13 01:15:47,324 INFO request {"path": "/measure", "payload": {"arena_id": "default", "robot_id": "202601002029", "request_id": "55bbf5321bb1424084e2685fec4d13f9", "position": {"x": 0.0, "y": 0.0}, "channel": 9}, "attempt": 1}
2026-09-13 01:15:47,330 INFO response {"request_id": "55bbf5321bb1424084e2685fec4d13f9", "http_status": 200, "body": {"accepted": true, "real_timestamp_ms": 1789233344293, "virtual_time_s": 53, "measure_result": "no_signal"}}
2026-09-13 01:15:47,360 INFO request {"path": "/measure", "payload": {"arena_id": "default", "robot_id": "202601002029", "request_id": "3af74d155e3d49838cf891c0f3b155d4", "position": {"x": 0.0, "y": 0.0}, "channel": 10}, "attempt": 1}
2026-09-13 01:15:47,362 INFO response {"request_id": "3af74d155e3d49838cf891c0f3b155d4", "http_status": 200, "body": {"accepted": true, "real_timestamp_ms": 1789233344326, "virtual_time_s": 59, "measure_result": "direction", "svd_deg": 50.39}}
2026-09-13 01:15:47,381 INFO request {"path": "/measure", "payload": {"arena_id": "default", "robot_id": "202601002029", "request_id": "13bff50e37f54563bd65843375014463", "position": {"x": 0.0, "y": 0.0}, "channel": 11}, "attempt": 1}
2026-09-13 01:15:47,384 INFO response {"request_id": "13bff50e37f54563bd65843375014463", "http_status": 200, "body": {"accepted": true, "real_timestamp_ms": 1789233344347, "virtual_time_s": 65, "measure_result": "no_signal"}}
2026-09-13 01:15:47,416 INFO request {"path": "/measure", "payload": {"arena_id": "default", "robot_id": "202601002029", "request_id": "52ce430b70404639ba0b4f20a936c023", "position": {"x": 0.0, "y": 0.0}, "channel": 12}, "attempt": 1}
2026-09-13 01:15:47,428 INFO response {"request_id": "52ce430b70404639ba0b4f20a936c023", "http_status": 200, "body": {"accepted": true, "real_timestamp_ms": 1789233344391, "virtual_time_s": 71, "measure_result": "direction", "svd_deg": 346.58}}
2026-09-13 01:15:47,448 INFO request {"path": "/measure", "payload": {"arena_id": "default", "robot_id": "202601002029", "request_id": "e26c20d468d94d0e819349a180b6376d", "position": {"x": 0.0, "y": 0.0}, "channel": 13}, "attempt": 1}
2026-09-13 01:15:47,450 INFO response {"request_id": "e26c20d468d94d0e819349a180b6376d", "http_status": 200, "body": {"accepted": true, "real_timestamp_ms": 1789233344414, "virtual_time_s": 77, "measure_result": "no_signal"}}
2026-09-13 01:15:47,481 INFO request {"path": "/measure", "payload": {"arena_id": "default", "robot_id": "202601002029", "request_id": "27f2232165a74af582a10ae8c4e2304a", "position": {"x": 0.0, "y": 0.0}, "channel": 14}, "attempt": 1}
2026-09-13 01:15:47,483 INFO response {"request_id": "27f2232165a74af582a10ae8c4e2304a", "http_status": 200, "body": {"accepted": true, "real_timestamp_ms": 1789233344447, "virtual_time_s": 83, "measure_result": "no_signal"}}
2026-09-13 01:15:47,515 INFO request {"path": "/measure", "payload": {"arena_id": "default", "robot_id": "202601002029", "request_id": "a7729517764b4259a0599cd1eb3c85f6", "position": {"x": 0.0, "y": 0.0}, "channel": 15}, "attempt": 1}
2026-09-13 01:15:47,536 INFO response {"request_id": "a7729517764b4259a0599cd1eb3c85f6", "http_status": 200, "body": {"accepted": true, "real_timestamp_ms": 1789233344500, "virtual_time_s": 89, "measure_result": "no_signal"}}
2026-09-13 01:15:47,536 INFO request {"path": "/measure", "payload": {"arena_id": "default", "robot_id": "202601002029", "request_id": "558d4ff3dbbd462bad72983c9077a85b", "position": {"x": 0.0, "y": 0.0}, "channel": 16}, "attempt": 1}
2026-09-13 01:15:47,556 INFO response {"request_id": "558d4ff3dbbd462bad72983c9077a85b", "http_status": 200, "body": {"accepted": true, "real_timestamp_ms": 1789233344520, "virtual_time_s": 95, "measure_result": "no_signal"}}
2026-09-13 01:15:47,571 INFO request {"path": "/measure", "payload": {"arena_id": "default", "robot_id": "202601002029", "request_id": "9b8181efbbad4ec39b68d085ba0c9421", "position": {"x": 0.0, "y": 0.0}, "channel": 17}, "attempt": 1}
2026-09-13 01:15:47,585 INFO response {"request_id": "9b8181efbbad4ec39b68d085ba0c9421", "http_status": 200, "body": {"accepted": true, "real_timestamp_ms": 1789233344548, "virtual_time_s": 101, "measure_result": "no_signal"}}
2026-09-13 01:15:47,599 INFO request {"path": "/measure", "payload": {"arena_id": "default", "robot_id": "202601002029", "request_id": "1a870711c7e84ca0982f454e261c4467", "position": {"x": 0.0, "y": 0.0}, "channel": 18}, "attempt": 1}
2026-09-13 01:15:47,613 INFO response {"request_id": "1a870711c7e84ca0982f454e261c4467", "http_status": 200, "body": {"accepted": true, "real_timestamp_ms": 1789233344578, "virtual_time_s": 107, "measure_result": "direction", "svd_deg": 303.79}}
2026-09-13 01:15:47,630 INFO request {"path": "/measure", "payload": {"arena_id": "default", "robot_id": "202601002029", "request_id": "7ea22d7a74424354bd4ce6dd96733e62", "position": {"x": 0.0, "y": 0.0}, "channel": 19}, "attempt": 1}
2026-09-13 01:15:47,644 INFO response {"request_id": "7ea22d7a74424354bd4ce6dd96733e62", "http_status": 200, "body": {"accepted": true, "real_timestamp_ms": 1789233344607, "virtual_time_s": 113, "measure_result": "no_signal"}}
2026-09-13 01:15:47,660 INFO request {"path": "/measure", "payload": {"arena_id": "default", "robot_id": "202601002029", "request_id": "8c837869504240859c36d51cb0bfa4d8", "position": {"x": 0.0, "y": 0.0}, "channel": 20}, "attempt": 1}
2026-09-13 01:15:47,674 INFO response {"request_id": "8c837869504240859c36d51cb0bfa4d8", "http_status": 200, "body": {"accepted": true, "real_timestamp_ms": 1789233344638, "virtual_time_s": 119, "measure_result": "direction", "svd_deg": 133.03}}
2026-09-13 01:15:48,384 INFO request {"path": "/measure", "payload": {"arena_id": "default", "robot_id": "202601002029", "request_id": "3533076b281649ad8bfc8329efe4aa87", "position": {"x": 463.39693041970287, "y": 802.627027558385}, "channel": 2}, "attempt": 1}
2026-09-13 01:15:48,386 INFO response {"request_id": "3533076b281649ad8bfc8329efe4aa87", "http_status": 200, "body": {"accepted": true, "real_timestamp_ms": 1789233345350, "virtual_time_s": 310.358772, "measure_result": "no_signal"}}
2026-09-13 01:15:48,416 INFO request {"path": "/measure", "payload": {"arena_id": "default", "robot_id": "202601002029", "request_id": "1df496ef59544a83a87cd17687065f38", "position": {"x": 463.39693041970287, "y": 802.627027558385}, "channel": 3}, "attempt": 1}
2026-09-13 01:15:48,417 INFO response {"request_id": "1df496ef59544a83a87cd17687065f38", "http_status": 200, "body": {"accepted": true, "real_timestamp_ms": 1789233345381, "virtual_time_s": 316.358772, "measure_result": "direction", "svd_deg": 151.94}}
2026-09-13 01:15:48,451 INFO request {"path": "/measure", "payload": {"arena_id": "default", "robot_id": "202601002029", "request_id": "78a305b45b7048f2990e1f47793e074f", "position": {"x": 463.39693041970287, "y": 802.627027558385}, "channel": 4}, "attempt": 1}
2026-09-13 01:15:48,467 INFO response {"request_id": "78a305b45b7048f2990e1f47793e074f", "http_status": 200, "body": {"accepted": true, "real_timestamp_ms": 1789233345431, "virtual_time_s": 322.358772, "measure_result": "no_signal"}}
2026-09-13 01:15:48,482 INFO request {"path": "/measure", "payload": {"arena_id": "default", "robot_id": "202601002029", "request_id": "4fc16b1045a14e1291910ce1c54dac2b", "position": {"x": 463.39693041970287, "y": 802.627027558385}, "channel": 5}, "attempt": 1}
2026-09-13 01:15:48,484 INFO response {"request_id": "4fc16b1045a14e1291910ce1c54dac2b", "http_status": 200, "body": {"accepted": true, "real_timestamp_ms": 1789233345447, "virtual_time_s": 328.358772, "measure_result": "no_signal"}}
2026-09-13 01:15:48,514 INFO request {"path": "/measure", "payload": {"arena_id": "default", "robot_id": "202601002029", "request_id": "5039b51cd6b742ffb28be1e6b5f0d313", "position": {"x": 463.39693041970287, "y": 802.627027558385}, "channel": 7}, "attempt": 1}
2026-09-13 01:15:48,526 INFO response {"request_id": "5039b51cd6b742ffb28be1e6b5f0d313", "http_status": 200, "body": {"accepted": true, "real_timestamp_ms": 1789233345491, "virtual_time_s": 334.358772, "measure_result": "no_signal"}}
2026-09-13 01:15:48,542 INFO request {"path": "/measure", "payload": {"arena_id": "default", "robot_id": "202601002029", "request_id": "1e5fe2517df6481f9f14c690508da9fd", "position": {"x": 463.39693041970287, "y": 802.627027558385}, "channel": 8}, "attempt": 1}
2026-09-13 01:15:48,556 INFO response {"request_id": "1e5fe2517df6481f9f14c690508da9fd", "http_status": 200, "body": {"accepted": true, "real_timestamp_ms": 1789233345520, "virtual_time_s": 340.358772, "measure_result": "no_signal"}}
2026-09-13 01:15:48,571 INFO request {"path": "/measure", "payload": {"arena_id": "default", "robot_id": "202601002029", "request_id": "747f67eb98e642adb9dc7d8ce78e9fb9", "position": {"x": 463.39693041970287, "y": 802.627027558385}, "channel": 9}, "attempt": 1}
2026-09-13 01:15:48,573 INFO response {"request_id": "747f67eb98e642adb9dc7d8ce78e9fb9", "http_status": 200, "body": {"accepted": true, "real_timestamp_ms": 1789233345537, "virtual_time_s": 346.358772, "measure_result": "no_signal"}}
2026-09-13 01:15:48,604 INFO request {"path": "/measure", "payload": {"arena_id": "default", "robot_id": "202601002029", "request_id": "488b6039c4504edb86234ae05774876f", "position": {"x": 463.39693041970287, "y": 802.627027558385}, "channel": 11}, "attempt": 1}
2026-09-13 01:15:48,606 INFO response {"request_id": "488b6039c4504edb86234ae05774876f", "http_status": 200, "body": {"accepted": true, "real_timestamp_ms": 1789233345569, "virtual_time_s": 352.358772, "measure_result": "no_signal"}}
2026-09-13 01:15:48,636 INFO request {"path": "/measure", "payload": {"arena_id": "default", "robot_id": "202601002029", "request_id": "f3d2e7b562874c00af2d96724465d6ae", "position": {"x": 463.39693041970287, "y": 802.627027558385}, "channel": 13}, "attempt": 1}
2026-09-13 01:15:48,654 INFO response {"request_id": "f3d2e7b562874c00af2d96724465d6ae", "http_status": 200, "body": {"accepted": true, "real_timestamp_ms": 1789233345618, "virtual_time_s": 358.358772, "measure_result": "no_signal"}}
2026-09-13 01:15:48,670 INFO request {"path": "/measure", "payload": {"arena_id": "default", "robot_id": "202601002029", "request_id": "c0cbe05ff151458a9a69af41dffd438e", "position": {"x": 463.39693041970287, "y": 802.627027558385}, "channel": 14}, "attempt": 1}
2026-09-13 01:15:48,684 INFO response {"request_id": "c0cbe05ff151458a9a69af41dffd438e", "http_status": 200, "body": {"accepted": true, "real_timestamp_ms": 1789233345648, "virtual_time_s": 364.358772, "measure_result": "no_signal"}}
2026-09-13 01:15:48,698 INFO request {"path": "/measure", "payload": {"arena_id": "default", "robot_id": "202601002029", "request_id": "eebfe66447524e8d9f67cff54f34ecc5", "position": {"x": 463.39693041970287, "y": 802.627027558385}, "channel": 15}, "attempt": 1}
2026-09-13 01:15:48,699 INFO response {"request_id": "eebfe66447524e8d9f67cff54f34ecc5", "http_status": 200, "body": {"accepted": true, "real_timestamp_ms": 1789233345663, "virtual_time_s": 370.358772, "measure_result": "direction", "svd_deg": 7.05}}
2026-09-13 01:15:48,731 INFO request {"path": "/measure", "payload": {"arena_id": "default", "robot_id": "202601002029", "request_id": "b79c0c2c037247ad8d9591e509835ee4", "position": {"x": 463.39693041970287, "y": 802.627027558385}, "channel": 16}, "attempt": 1}
2026-09-13 01:15:48,732 INFO response {"request_id": "b79c0c2c037247ad8d9591e509835ee4", "http_status": 200, "body": {"accepted": true, "real_timestamp_ms": 1789233345697, "virtual_time_s": 376.358772, "measure_result": "no_signal"}}
2026-09-13 01:15:48,763 INFO request {"path": "/measure", "payload": {"arena_id": "default", "robot_id": "202601002029", "request_id": "f5826109f80a4e3095b01179ec94b4ae", "position": {"x": 463.39693041970287, "y": 802.627027558385}, "channel": 17}, "attempt": 1}
2026-09-13 01:15:48,782 INFO response {"request_id": "f5826109f80a4e3095b01179ec94b4ae", "http_status": 200, "body": {"accepted": true, "real_timestamp_ms": 1789233345746, "virtual_time_s": 382.358772, "measure_result": "no_signal"}}
2026-09-13 01:15:48,801 INFO request {"path": "/measure", "payload": {"arena_id": "default", "robot_id": "202601002029", "request_id": "ee57973d705b4257950d42fde5d3c8f4", "position": {"x": 463.39693041970287, "y": 802.627027558385}, "channel": 19}, "attempt": 1}
2026-09-13 01:15:48,821 INFO response {"request_id": "ee57973d705b4257950d42fde5d3c8f4", "http_status": 200, "body": {"accepted": true, "real_timestamp_ms": 1789233345785, "virtual_time_s": 388.358772, "measure_result": "no_signal"}}
2026-09-13 01:15:48,907 INFO request {"path": "/measure", "payload": {"arena_id": "default", "robot_id": "202601002029", "request_id": "c9c2952b69c04990911371e258c55fba", "position": {"x": 463.39693041970287, "y": 802.627027558385}, "channel": 10}, "attempt": 1}
2026-09-13 01:15:48,909 INFO response {"request_id": "c9c2952b69c04990911371e258c55fba", "http_status": 200, "body": {"accepted": true, "real_timestamp_ms": 1789233345874, "virtual_time_s": 394.358772, "measure_result": "direction", "svd_deg": 30.0}}
2026-09-13 01:15:48,927 INFO request {"path": "/measure", "payload": {"arena_id": "default", "robot_id": "202601002029", "request_id": "0767648e66da45858ee7ac8bc3c60a50", "position": {"x": 463.39693041970287, "y": 802.627027558385}, "channel": 6}, "attempt": 1}
2026-09-13 01:15:48,928 INFO response {"request_id": "0767648e66da45858ee7ac8bc3c60a50", "http_status": 200, "body": {"accepted": true, "real_timestamp_ms": 1789233345892, "virtual_time_s": 400.358772, "measure_result": "direction", "svd_deg": 187.6}}
2026-09-13 01:15:48,961 INFO request {"path": "/measure", "payload": {"arena_id": "default", "robot_id": "202601002029", "request_id": "855315ebaff34185abaabb3e4fdd48f6", "position": {"x": 463.39693041970287, "y": 802.627027558385}, "channel": 1}, "attempt": 1}
2026-09-13 01:15:48,963 INFO response {"request_id": "855315ebaff34185abaabb3e4fdd48f6", "http_status": 200, "body": {"accepted": true, "real_timestamp_ms": 1789233345926, "virtual_time_s": 406.358772, "measure_result": "direction", "svd_deg": 292.4}}
2026-09-13 01:15:49,511 INFO request {"path": "/measure", "payload": {"arena_id": "default", "robot_id": "202601002029", "request_id": "9dcc3093f1094a958d9ed88a9a2645d2", "position": {"x": 802.6270275583851, "y": 463.3969304197027}, "channel": 2}, "attempt": 1}
2026-09-13 01:15:49,526 INFO response {"request_id": "9dcc3093f1094a958d9ed88a9a2645d2", "http_status": 200, "body": {"accepted": true, "real_timestamp_ms": 1789233346490, "virtual_time_s": 508.307533, "measure_result": "no_signal"}}
2026-09-13 01:15:49,541 INFO request {"path": "/measure", "payload": {"arena_id": "default", "robot_id": "202601002029", "request_id": "97ff4d7dbff5492985ecc9ffbdf14355", "position": {"x": 802.6270275583851, "y": 463.3969304197027}, "channel": 4}, "attempt": 1}
2026-09-13 01:15:49,555 INFO response {"request_id": "97ff4d7dbff5492985ecc9ffbdf14355", "http_status": 200, "body": {"accepted": true, "real_timestamp_ms": 1789233346519, "virtual_time_s": 514.307533, "measure_result": "no_signal"}}
2026-09-13 01:15:49,570 INFO request {"path": "/measure", "payload": {"arena_id": "default", "robot_id": "202601002029", "request_id": "f9b99133bd6b45cfa4091f97cf47e560", "position": {"x": 802.6270275583851, "y": 463.3969304197027}, "channel": 5}, "attempt": 1}
2026-09-13 01:15:49,584 INFO response {"request_id": "f9b99133bd6b45cfa4091f97cf47e560", "http_status": 200, "body": {"accepted": true, "real_timestamp_ms": 1789233346547, "virtual_time_s": 520.307533, "measure_result": "no_signal"}}
2026-09-13 01:15:49,599 INFO request {"path": "/measure", "payload": {"arena_id": "default", "robot_id": "202601002029", "request_id": "78a54f02a0ef4ea5840fa87717e19f19", "position": {"x": 802.6270275583851, "y": 463.3969304197027}, "channel": 7}, "attempt": 1}
2026-09-13 01:15:49,601 INFO response {"request_id": "78a54f02a0ef4ea5840fa87717e19f19", "http_status": 200, "body": {"accepted": true, "real_timestamp_ms": 1789233346565, "virtual_time_s": 526.307533, "measure_result": "no_signal"}}
2026-09-13 01:15:49,632 INFO request {"path": "/measure", "payload": {"arena_id": "default", "robot_id": "202601002029", "request_id": "afd27e5fb60d469b965978ff543f9c4e", "position": {"x": 802.6270275583851, "y": 463.3969304197027}, "channel": 8}, "attempt": 1}
2026-09-13 01:15:49,652 INFO response {"request_id": "afd27e5fb60d469b965978ff543f9c4e", "http_status": 200, "body": {"accepted": true, "real_timestamp_ms": 1789233346616, "virtual_time_s": 532.307533, "measure_result": "no_signal"}}
2026-09-13 01:15:49,668 INFO request {"path": "/measure", "payload": {"arena_id": "default", "robot_id": "202601002029", "request_id": "9e649f14df674c2a81a811469a8ac91b", "position": {"x": 802.6270275583851, "y": 463.3969304197027}, "channel": 9}, "attempt": 1}
2026-09-13 01:15:49,669 INFO response {"request_id": "9e649f14df674c2a81a811469a8ac91b", "http_status": 200, "body": {"accepted": true, "real_timestamp_ms": 1789233346633, "virtual_time_s": 538.307533, "measure_result": "no_signal"}}
2026-09-13 01:15:49,700 INFO request {"path": "/measure", "payload": {"arena_id": "default", "robot_id": "202601002029", "request_id": "dccf63feeb45403a889b4e791ac7ad68", "position": {"x": 802.6270275583851, "y": 463.3969304197027}, "channel": 11}, "attempt": 1}
2026-09-13 01:15:49,702 INFO response {"request_id": "dccf63feeb45403a889b4e791ac7ad68", "http_status": 200, "body": {"accepted": true, "real_timestamp_ms": 1789233346665, "virtual_time_s": 544.307533, "measure_result": "no_signal"}}
2026-09-13 01:15:49,733 INFO request {"path": "/measure", "payload": {"arena_id": "default", "robot_id": "202601002029", "request_id": "62b016b964114b698064592a0536961d", "position": {"x": 802.6270275583851, "y": 463.3969304197027}, "channel": 13}, "attempt": 1}
2026-09-13 01:15:49,750 INFO response {"request_id": "62b016b964114b698064592a0536961d", "http_status": 200, "body": {"accepted": true, "real_timestamp_ms": 1789233346714, "virtual_time_s": 550.307533, "measure_result": "no_signal"}}
2026-09-13 01:15:49,765 INFO request {"path": "/measure", "payload": {"arena_id": "default", "robot_id": "202601002029", "request_id": "4c86c47897c3449cbb70761c3ae22e1c", "position": {"x": 802.6270275583851, "y": 463.3969304197027}, "channel": 14}, "attempt": 1}
2026-09-13 01:15:49,767 INFO response {"request_id": "4c86c47897c3449cbb70761c3ae22e1c", "http_status": 200, "body": {"accepted": true, "real_timestamp_ms": 1789233346731, "virtual_time_s": 556.307533, "measure_result": "no_signal"}}
2026-09-13 01:15:49,798 INFO request {"path": "/measure", "payload": {"arena_id": "default", "robot_id": "202601002029", "request_id": "f5cfa21da2d94f22a97299830e343869", "position": {"x": 802.6270275583851, "y": 463.3969304197027}, "channel": 16}, "attempt": 1}
2026-09-13 01:15:49,799 INFO response {"request_id": "f5cfa21da2d94f22a97299830e343869", "http_status": 200, "body": {"accepted": true, "real_timestamp_ms": 1789233346763, "virtual_time_s": 562.307533, "measure_result": "no_signal"}}
2026-09-13 01:15:49,830 INFO request {"path": "/measure", "payload": {"arena_id": "default", "robot_id": "202601002029", "request_id": "6475aebbcc6348bc9297cf0e72193628", "position": {"x": 802.6270275583851, "y": 463.3969304197027}, "channel": 17}, "attempt": 1}
2026-09-13 01:15:49,833 INFO response {"request_id": "6475aebbcc6348bc9297cf0e72193628", "http_status": 200, "body": {"accepted": true, "real_timestamp_ms": 1789233346797, "virtual_time_s": 568.307533, "measure_result": "no_signal"}}
2026-09-13 01:15:49,848 INFO request {"path": "/measure", "payload": {"arena_id": "default", "robot_id": "202601002029", "request_id": "d7e6bfe510d941738815d722f0b86a10", "position": {"x": 802.6270275583851, "y": 463.3969304197027}, "channel": 19}, "attempt": 1}
2026-09-13 01:15:49,867 INFO response {"request_id": "d7e6bfe510d941738815d722f0b86a10", "http_status": 200, "body": {"accepted": true, "real_timestamp_ms": 1789233346830, "virtual_time_s": 574.307533, "measure_result": "no_signal"}}
2026-09-13 01:15:49,971 INFO request {"path": "/measure", "payload": {"arena_id": "default", "robot_id": "202601002029", "request_id": "f48e4c8b35184f4c8b7cee9aa7a675c1", "position": {"x": 802.6270275583851, "y": 463.3969304197027}, "channel": 1}, "attempt": 1}
2026-09-13 01:15:49,972 INFO response {"request_id": "f48e4c8b35184f4c8b7cee9aa7a675c1", "http_status": 200, "body": {"accepted": true, "real_timestamp_ms": 1789233346937, "virtual_time_s": 580.307533, "measure_result": "direction", "svd_deg": 273.51}}
2026-09-13 01:15:49,991 INFO request {"path": "/measure", "payload": {"arena_id": "default", "robot_id": "202601002029", "request_id": "988a1f8c148e4e8db74dccbfb28edbd0", "position": {"x": 802.6270275583851, "y": 463.3969304197027}, "channel": 12}, "attempt": 1}
2026-09-13 01:15:50,006 INFO response {"request_id": "988a1f8c148e4e8db74dccbfb28edbd0", "http_status": 200, "body": {"accepted": true, "real_timestamp_ms": 1789233346970, "virtual_time_s": 586.307533, "measure_result": "direction", "svd_deg": 230.19}}
2026-09-13 01:15:50,028 INFO request {"path": "/measure", "payload": {"arena_id": "default", "robot_id": "202601002029", "request_id": "550b09bfe3454388bdca27d88d6b0b95", "position": {"x": 802.6270275583851, "y": 463.3969304197027}, "channel": 15}, "attempt": 1}
2026-09-13 01:15:50,045 INFO response {"request_id": "550b09bfe3454388bdca27d88d6b0b95", "http_status": 200, "body": {"accepted": true, "real_timestamp_ms": 1789233347009, "virtual_time_s": 592.307533, "measure_result": "direction", "svd_deg": 40.35}}
2026-09-13 01:15:50,662 INFO request {"path": "/clear", "payload": {"arena_id": "default", "robot_id": "202601002029", "request_id": "b7985a98aead4ca1bdf50f48969cddd7", "position": {"x": 834.7552374988691, "y": -62.66268205586174}, "channel": 1}, "attempt": 1}
2026-09-13 01:15:50,674 INFO response {"request_id": "b7985a98aead4ca1bdf50f48969cddd7", "http_status": 200, "body": {"accepted": true, "real_timestamp_ms": 1789233347638, "virtual_time_s": 702.715491, "clear_result": "success"}}
2026-09-13 01:15:50,729 INFO request {"path": "/measure", "payload": {"arena_id": "default", "robot_id": "202601002029", "request_id": "294c9a155e7446669f44d3f00289b6c1", "position": {"x": 926.7938608394055, "y": 0.0}, "channel": 2}, "attempt": 1}
2026-09-13 01:15:50,731 INFO response {"request_id": "294c9a155e7446669f44d3f00289b6c1", "http_status": 200, "body": {"accepted": true, "real_timestamp_ms": 1789233347695, "virtual_time_s": 730.984501, "measure_result": "no_signal"}}
2026-09-13 01:15:50,761 INFO request {"path": "/measure", "payload": {"arena_id": "default", "robot_id": "202601002029", "request_id": "00330c8e310249c8bcb35c004d34c157", "position": {"x": 926.7938608394055, "y": 0.0}, "channel": 4}, "attempt": 1}
2026-09-13 01:15:50,781 INFO response {"request_id": "00330c8e310249c8bcb35c004d34c157", "http_status": 200, "body": {"accepted": true, "real_timestamp_ms": 1789233347744, "virtual_time_s": 736.984501, "measure_result": "no_signal"}}
2026-09-13 01:15:50,796 INFO request {"path": "/measure", "payload": {"arena_id": "default", "robot_id": "202601002029", "request_id": "dbe05084bd564e8d8172045918890995", "position": {"x": 926.7938608394055, "y": 0.0}, "channel": 5}, "attempt": 1}
2026-09-13 01:15:50,797 INFO response {"request_id": "dbe05084bd564e8d8172045918890995", "http_status": 200, "body": {"accepted": true, "real_timestamp_ms": 1789233347761, "virtual_time_s": 742.984501, "measure_result": "no_signal"}}
2026-09-13 01:15:50,828 INFO request {"path": "/measure", "payload": {"arena_id": "default", "robot_id": "202601002029", "request_id": "1e6d806c12e145cc8a22208f1b2c0b8b", "position": {"x": 926.7938608394055, "y": 0.0}, "channel": 7}, "attempt": 1}
2026-09-13 01:15:50,829 INFO response {"request_id": "1e6d806c12e145cc8a22208f1b2c0b8b", "http_status": 200, "body": {"accepted": true, "real_timestamp_ms": 1789233347793, "virtual_time_s": 748.984501, "measure_result": "no_signal"}}
2026-09-13 01:15:50,860 INFO request {"path": "/measure", "payload": {"arena_id": "default", "robot_id": "202601002029", "request_id": "226ad4407b294741ac15a3233c280b14", "position": {"x": 926.7938608394055, "y": 0.0}, "channel": 8}, "attempt": 1}
2026-09-13 01:15:50,879 INFO response {"request_id": "226ad4407b294741ac15a3233c280b14", "http_status": 200, "body": {"accepted": true, "real_timestamp_ms": 1789233347842, "virtual_time_s": 754.984501, "measure_result": "no_signal"}}
2026-09-13 01:15:50,879 INFO request {"path": "/measure", "payload": {"arena_id": "default", "robot_id": "202601002029", "request_id": "f10d8fc4def24e148b6b17b653ea5a7a", "position": {"x": 926.7938608394055, "y": 0.0}, "channel": 9}, "attempt": 1}
2026-09-13 01:15:50,899 INFO response {"request_id": "f10d8fc4def24e148b6b17b653ea5a7a", "http_status": 200, "body": {"accepted": true, "real_timestamp_ms": 1789233347862, "virtual_time_s": 760.984501, "measure_result": "no_signal"}}
2026-09-13 01:15:50,915 INFO request {"path": "/measure", "payload": {"arena_id": "default", "robot_id": "202601002029", "request_id": "39a8f303164f48ff9a1325a8a7cb26eb", "position": {"x": 926.7938608394055, "y": 0.0}, "channel": 11}, "attempt": 1}
2026-09-13 01:15:50,917 INFO response {"request_id": "39a8f303164f48ff9a1325a8a7cb26eb", "http_status": 200, "body": {"accepted": true, "real_timestamp_ms": 1789233347880, "virtual_time_s": 766.984501, "measure_result": "no_signal"}}
2026-09-13 01:15:50,949 INFO request {"path": "/measure", "payload": {"arena_id": "default", "robot_id": "202601002029", "request_id": "63fdbfa5ab844eb8b6853ee2893b823f", "position": {"x": 926.7938608394055, "y": 0.0}, "channel": 13}, "attempt": 1}
2026-09-13 01:15:50,951 INFO response {"request_id": "63fdbfa5ab844eb8b6853ee2893b823f", "http_status": 200, "body": {"accepted": true, "real_timestamp_ms": 1789233347915, "virtual_time_s": 772.984501, "measure_result": "no_signal"}}
2026-09-13 01:15:50,983 INFO request {"path": "/measure", "payload": {"arena_id": "default", "robot_id": "202601002029", "request_id": "e6bce735c557460183f2834233593a06", "position": {"x": 926.7938608394055, "y": 0.0}, "channel": 14}, "attempt": 1}
2026-09-13 01:15:50,984 INFO response {"request_id": "e6bce735c557460183f2834233593a06", "http_status": 200, "body": {"accepted": true, "real_timestamp_ms": 1789233347948, "virtual_time_s": 778.984501, "measure_result": "no_signal"}}
2026-09-13 01:15:51,015 INFO request {"path": "/measure", "payload": {"arena_id": "default", "robot_id": "202601002029", "request_id": "6810290600a44b4fa06c27d48f3ade64", "position": {"x": 926.7938608394055, "y": 0.0}, "channel": 16}, "attempt": 1}
2026-09-13 01:15:51,017 INFO response {"request_id": "6810290600a44b4fa06c27d48f3ade64", "http_status": 200, "body": {"accepted": true, "real_timestamp_ms": 1789233347981, "virtual_time_s": 784.984501, "measure_result": "no_signal"}}
2026-09-13 01:15:51,048 INFO request {"path": "/measure", "payload": {"arena_id": "default", "robot_id": "202601002029", "request_id": "eaad4033149848cf94a3844ae1515cf1", "position": {"x": 926.7938608394055, "y": 0.0}, "channel": 17}, "attempt": 1}
2026-09-13 01:15:51,050 INFO response {"request_id": "eaad4033149848cf94a3844ae1515cf1", "http_status": 200, "body": {"accepted": true, "real_timestamp_ms": 1789233348014, "virtual_time_s": 790.984501, "measure_result": "no_signal"}}
2026-09-13 01:15:51,065 INFO request {"path": "/measure", "payload": {"arena_id": "default", "robot_id": "202601002029", "request_id": "e4f742997d444ff9b4f73a047ddf8a3b", "position": {"x": 926.7938608394055, "y": 0.0}, "channel": 19}, "attempt": 1}
2026-09-13 01:15:51,067 INFO response {"request_id": "e4f742997d444ff9b4f73a047ddf8a3b", "http_status": 200, "body": {"accepted": true, "real_timestamp_ms": 1789233348031, "virtual_time_s": 796.984501, "measure_result": "no_signal"}}
2026-09-13 01:15:51,140 INFO request {"path": "/measure", "payload": {"arena_id": "default", "robot_id": "202601002029", "request_id": "1954d7faece44016aba9f8be81dbfdfd", "position": {"x": 926.7938608394055, "y": 0.0}, "channel": 18}, "attempt": 1}
2026-09-13 01:15:51,154 INFO response {"request_id": "1954d7faece44016aba9f8be81dbfdfd", "http_status": 200, "body": {"accepted": true, "real_timestamp_ms": 1789233348118, "virtual_time_s": 802.984501, "measure_result": "direction", "svd_deg": 239.97}}
2026-09-13 01:15:51,173 INFO request {"path": "/measure", "payload": {"arena_id": "default", "robot_id": "202601002029", "request_id": "879963ce9061451a8cc68c2295729b5f", "position": {"x": 926.7938608394055, "y": 0.0}, "channel": 10}, "attempt": 1}
2026-09-13 01:15:51,194 INFO response {"request_id": "879963ce9061451a8cc68c2295729b5f", "http_status": 200, "body": {"accepted": true, "real_timestamp_ms": 1789233348158, "virtual_time_s": 808.984501, "measure_result": "direction", "svd_deg": 93.39}}
2026-09-13 01:15:51,199 INFO request {"path": "/measure", "payload": {"arena_id": "default", "robot_id": "202601002029", "request_id": "90b23a5dd1ed4f99886de24296275ffa", "position": {"x": 926.7938608394055, "y": 0.0}, "channel": 15}, "attempt": 1}
2026-09-13 01:15:51,201 INFO response {"request_id": "90b23a5dd1ed4f99886de24296275ffa", "http_status": 200, "body": {"accepted": true, "real_timestamp_ms": 1789233348165, "virtual_time_s": 814.984501, "measure_result": "direction", "svd_deg": 66.53}}
2026-09-13 01:15:52,431 INFO request {"path": "/measure", "payload": {"arena_id": "default", "robot_id": "202601002029", "request_id": "21622871df594eb4bdf74b6216f3b2b0", "position": {"x": 802.6270275583847, "y": -463.39693041970315}, "channel": 2}, "attempt": 1}
2026-09-13 01:15:52,433 INFO response {"request_id": "21622871df594eb4bdf74b6216f3b2b0", "http_status": 200, "body": {"accepted": true, "real_timestamp_ms": 1789233349397, "virtual_time_s": 916.933262, "measure_result": "no_signal"}}
2026-09-13 01:15:52,463 INFO request {"path": "/measure", "payload": {"arena_id": "default", "robot_id": "202601002029", "request_id": "5b76d53fedab4825b70e67bc032fec7c", "position": {"x": 802.6270275583847, "y": -463.39693041970315}, "channel": 4}, "attempt": 1}
2026-09-13 01:15:52,465 INFO response {"request_id": "5b76d53fedab4825b70e67bc032fec7c", "http_status": 200, "body": {"accepted": true, "real_timestamp_ms": 1789233349429, "virtual_time_s": 922.933262, "measure_result": "no_signal"}}
2026-09-13 01:15:52,495 INFO request {"path": "/measure", "payload": {"arena_id": "default", "robot_id": "202601002029", "request_id": "f8b881888d614162ad4e618f1ec7e525", "position": {"x": 802.6270275583847, "y": -463.39693041970315}, "channel": 5}, "attempt": 1}
2026-09-13 01:15:52,514 INFO response {"request_id": "f8b881888d614162ad4e618f1ec7e525", "http_status": 200, "body": {"accepted": true, "real_timestamp_ms": 1789233349478, "virtual_time_s": 928.933262, "measure_result": "no_signal"}}
2026-09-13 01:15:52,529 INFO request {"path": "/measure", "payload": {"arena_id": "default", "robot_id": "202601002029", "request_id": "186bce1cd11440de9cf4f3ebd8d3da8a", "position": {"x": 802.6270275583847, "y": -463.39693041970315}, "channel": 7}, "attempt": 1}
2026-09-13 01:15:52,545 INFO response {"request_id": "186bce1cd11440de9cf4f3ebd8d3da8a", "http_status": 200, "body": {"accepted": true, "real_timestamp_ms": 1789233349509, "virtual_time_s": 934.933262, "measure_result": "no_signal"}}
2026-09-13 01:15:52,560 INFO request {"path": "/measure", "payload": {"arena_id": "default", "robot_id": "202601002029", "request_id": "08e16876f9f24b019453d70d452ec5a6", "position": {"x": 802.6270275583847, "y": -463.39693041970315}, "channel": 8}, "attempt": 1}
2026-09-13 01:15:52,574 INFO response {"request_id": "08e16876f9f24b019453d70d452ec5a6", "http_status": 200, "body": {"accepted": true, "real_timestamp_ms": 1789233349537, "virtual_time_s": 940.933262, "measure_result": "no_signal"}}
2026-09-13 01:15:52,589 INFO request {"path": "/measure", "payload": {"arena_id": "default", "robot_id": "202601002029", "request_id": "508a93a6cd5547b4a94e7d9f523f9813", "position": {"x": 802.6270275583847, "y": -463.39693041970315}, "channel": 9}, "attempt": 1}
2026-09-13 01:15:52,604 INFO response {"request_id": "508a93a6cd5547b4a94e7d9f523f9813", "http_status": 200, "body": {"accepted": true, "real_timestamp_ms": 1789233349567, "virtual_time_s": 946.933262, "measure_result": "no_signal"}}
2026-09-13 01:15:52,620 INFO request {"path": "/measure", "payload": {"arena_id": "default", "robot_id": "202601002029", "request_id": "22b9c864b36f4a7da9d6478d7dd5a01f", "position": {"x": 802.6270275583847, "y": -463.39693041970315}, "channel": 11}, "attempt": 1}
2026-09-13 01:15:52,633 INFO response {"request_id": "22b9c864b36f4a7da9d6478d7dd5a01f", "http_status": 200, "body": {"accepted": true, "real_timestamp_ms": 1789233349597, "virtual_time_s": 952.933262, "measure_result": "no_signal"}}
2026-09-13 01:15:52,648 INFO request {"path": "/measure", "payload": {"arena_id": "default", "robot_id": "202601002029", "request_id": "053446371ae2413bad5dc5640015263e", "position": {"x": 802.6270275583847, "y": -463.39693041970315}, "channel": 13}, "attempt": 1}
2026-09-13 01:15:52,661 INFO response {"request_id": "053446371ae2413bad5dc5640015263e", "http_status": 200, "body": {"accepted": true, "real_timestamp_ms": 1789233349625, "virtual_time_s": 958.933262, "measure_result": "no_signal"}}
2026-09-13 01:15:52,676 INFO request {"path": "/measure", "payload": {"arena_id": "default", "robot_id": "202601002029", "request_id": "74bdbe9293c4413da94f18199422ca69", "position": {"x": 802.6270275583847, "y": -463.39693041970315}, "channel": 14}, "attempt": 1}
2026-09-13 01:15:52,695 INFO response {"request_id": "74bdbe9293c4413da94f18199422ca69", "http_status": 200, "body": {"accepted": true, "real_timestamp_ms": 1789233349655, "virtual_time_s": 964.933262, "measure_result": "no_signal"}}
2026-09-13 01:15:52,711 INFO request {"path": "/measure", "payload": {"arena_id": "default", "robot_id": "202601002029", "request_id": "7f7b8cae8b7b4da6b717599da039d2fa", "position": {"x": 802.6270275583847, "y": -463.39693041970315}, "channel": 16}, "attempt": 1}
2026-09-13 01:15:52,712 INFO response {"request_id": "7f7b8cae8b7b4da6b717599da039d2fa", "http_status": 200, "body": {"accepted": true, "real_timestamp_ms": 1789233349676, "virtual_time_s": 970.933262, "measure_result": "no_signal"}}
2026-09-13 01:15:52,743 INFO request {"path": "/measure", "payload": {"arena_id": "default", "robot_id": "202601002029", "request_id": "50be8d8e48d54bd9a3a81aaec76e3c3e", "position": {"x": 802.6270275583847, "y": -463.39693041970315}, "channel": 17}, "attempt": 1}
2026-09-13 01:15:52,745 INFO response {"request_id": "50be8d8e48d54bd9a3a81aaec76e3c3e", "http_status": 200, "body": {"accepted": true, "real_timestamp_ms": 1789233349709, "virtual_time_s": 976.933262, "measure_result": "no_signal"}}
2026-09-13 01:15:52,776 INFO request {"path": "/measure", "payload": {"arena_id": "default", "robot_id": "202601002029", "request_id": "d82a84a26f2949f2bb4058861660a918", "position": {"x": 802.6270275583847, "y": -463.39693041970315}, "channel": 19}, "attempt": 1}
2026-09-13 01:15:52,781 INFO response {"request_id": "d82a84a26f2949f2bb4058861660a918", "http_status": 200, "body": {"accepted": true, "real_timestamp_ms": 1789233349742, "virtual_time_s": 982.933262, "measure_result": "no_signal"}}
2026-09-13 01:15:52,860 INFO request {"path": "/measure", "payload": {"arena_id": "default", "robot_id": "202601002029", "request_id": "242fd6cd88a04922a1e81e51be66f2dc", "position": {"x": 802.6270275583847, "y": -463.39693041970315}, "channel": 18}, "attempt": 1}
2026-09-13 01:15:52,862 INFO response {"request_id": "242fd6cd88a04922a1e81e51be66f2dc", "http_status": 200, "body": {"accepted": true, "real_timestamp_ms": 1789233349826, "virtual_time_s": 988.933262, "measure_result": "direction", "svd_deg": 222.25}}
2026-09-13 01:15:53,419 INFO request {"path": "/clear", "payload": {"arena_id": "default", "robot_id": "202601002029", "request_id": "29a89a0c5a054904b9d0dbd4fdc2e8a1", "position": {"x": 496.3397532515299, "y": -742.0055377166032}, "channel": 18}, "attempt": 1}
2026-09-13 01:15:53,442 INFO response {"request_id": "29a89a0c5a054904b9d0dbd4fdc2e8a1", "http_status": 200, "body": {"accepted": true, "real_timestamp_ms": 1789233350405, "virtual_time_s": 1076.742597, "clear_result": "success"}}
2026-09-13 01:15:53,493 INFO request {"path": "/measure", "payload": {"arena_id": "default", "robot_id": "202601002029", "request_id": "45305db1389a49d5abcc288177daa8c3", "position": {"x": 463.39693041970213, "y": -802.6270275583854}, "channel": 2}, "attempt": 1}
2026-09-13 01:15:53,509 INFO response {"request_id": "45305db1389a49d5abcc288177daa8c3", "http_status": 200, "body": {"accepted": true, "real_timestamp_ms": 1789233350474, "virtual_time_s": 1096.54143, "measure_result": "no_signal"}}
2026-09-13 01:15:53,524 INFO request {"path": "/measure", "payload": {"arena_id": "default", "robot_id": "202601002029", "request_id": "f1548a3df9a74e938f4b4a4cfeb497a7", "position": {"x": 463.39693041970213, "y": -802.6270275583854}, "channel": 4}, "attempt": 1}
2026-09-13 01:15:53,526 INFO response {"request_id": "f1548a3df9a74e938f4b4a4cfeb497a7", "http_status": 200, "body": {"accepted": true, "real_timestamp_ms": 1789233350489, "virtual_time_s": 1102.54143, "measure_result": "no_signal"}}
2026-09-13 01:15:53,556 INFO request {"path": "/measure", "payload": {"arena_id": "default", "robot_id": "202601002029", "request_id": "c5d90c1ab3914c0fb8f9da5241e651f4", "position": {"x": 463.39693041970213, "y": -802.6270275583854}, "channel": 5}, "attempt": 1}
2026-09-13 01:15:53,568 INFO response {"request_id": "c5d90c1ab3914c0fb8f9da5241e651f4", "http_status": 200, "body": {"accepted": true, "real_timestamp_ms": 1789233350532, "virtual_time_s": 1108.54143, "measure_result": "no_signal"}}
2026-09-13 01:15:53,583 INFO request {"path": "/measure", "payload": {"arena_id": "default", "robot_id": "202601002029", "request_id": "04633e4818a2427db64b03c2bc2707c1", "position": {"x": 463.39693041970213, "y": -802.6270275583854}, "channel": 7}, "attempt": 1}
2026-09-13 01:15:53,586 INFO response {"request_id": "04633e4818a2427db64b03c2bc2707c1", "http_status": 200, "body": {"accepted": true, "real_timestamp_ms": 1789233350549, "virtual_time_s": 1114.54143, "measure_result": "no_signal"}}
2026-09-13 01:15:53,617 INFO request {"path": "/measure", "payload": {"arena_id": "default", "robot_id": "202601002029", "request_id": "8217e6467e344b93a84c32b33b865e35", "position": {"x": 463.39693041970213, "y": -802.6270275583854}, "channel": 8}, "attempt": 1}
2026-09-13 01:15:53,638 INFO response {"request_id": "8217e6467e344b93a84c32b33b865e35", "http_status": 200, "body": {"accepted": true, "real_timestamp_ms": 1789233350602, "virtual_time_s": 1120.54143, "measure_result": "no_signal"}}
2026-09-13 01:15:53,653 INFO request {"path": "/measure", "payload": {"arena_id": "default", "robot_id": "202601002029", "request_id": "00102fee2cb14ec2a45b9ca5750c6920", "position": {"x": 463.39693041970213, "y": -802.6270275583854}, "channel": 9}, "attempt": 1}
2026-09-13 01:15:53,667 INFO response {"request_id": "00102fee2cb14ec2a45b9ca5750c6920", "http_status": 200, "body": {"accepted": true, "real_timestamp_ms": 1789233350631, "virtual_time_s": 1126.54143, "measure_result": "no_signal"}}
2026-09-13 01:15:53,682 INFO request {"path": "/measure", "payload": {"arena_id": "default", "robot_id": "202601002029", "request_id": "9f18a8f1f92040369352b120aaefb615", "position": {"x": 463.39693041970213, "y": -802.6270275583854}, "channel": 11}, "attempt": 1}
2026-09-13 01:15:53,684 INFO response {"request_id": "9f18a8f1f92040369352b120aaefb615", "http_status": 200, "body": {"accepted": true, "real_timestamp_ms": 1789233350647, "virtual_time_s": 1132.54143, "measure_result": "no_signal"}}
2026-09-13 01:15:53,714 INFO request {"path": "/measure", "payload": {"arena_id": "default", "robot_id": "202601002029", "request_id": "5d7636c4efb5414887535c001cc3bc57", "position": {"x": 463.39693041970213, "y": -802.6270275583854}, "channel": 13}, "attempt": 1}
2026-09-13 01:15:53,716 INFO response {"request_id": "5d7636c4efb5414887535c001cc3bc57", "http_status": 200, "body": {"accepted": true, "real_timestamp_ms": 1789233350680, "virtual_time_s": 1138.54143, "measure_result": "no_signal"}}
2026-09-13 01:15:53,747 INFO request {"path": "/measure", "payload": {"arena_id": "default", "robot_id": "202601002029", "request_id": "ea8de2914ee647d0a07422aeaf09105f", "position": {"x": 463.39693041970213, "y": -802.6270275583854}, "channel": 14}, "attempt": 1}
2026-09-13 01:15:53,750 INFO response {"request_id": "ea8de2914ee647d0a07422aeaf09105f", "http_status": 200, "body": {"accepted": true, "real_timestamp_ms": 1789233350713, "virtual_time_s": 1144.54143, "measure_result": "no_signal"}}
2026-09-13 01:15:53,780 INFO request {"path": "/measure", "payload": {"arena_id": "default", "robot_id": "202601002029", "request_id": "8572e9e9bd504ea99f5542f55304f1bc", "position": {"x": 463.39693041970213, "y": -802.6270275583854}, "channel": 16}, "attempt": 1}
2026-09-13 01:15:53,782 INFO response {"request_id": "8572e9e9bd504ea99f5542f55304f1bc", "http_status": 200, "body": {"accepted": true, "real_timestamp_ms": 1789233350746, "virtual_time_s": 1150.54143, "measure_result": "no_signal"}}
2026-09-13 01:15:53,813 INFO request {"path": "/measure", "payload": {"arena_id": "default", "robot_id": "202601002029", "request_id": "1aab48cffb3644bbbf7b8ce98b803413", "position": {"x": 463.39693041970213, "y": -802.6270275583854}, "channel": 17}, "attempt": 1}
2026-09-13 01:15:53,815 INFO response {"request_id": "1aab48cffb3644bbbf7b8ce98b803413", "http_status": 200, "body": {"accepted": true, "real_timestamp_ms": 1789233350778, "virtual_time_s": 1156.54143, "measure_result": "no_signal"}}
2026-09-13 01:15:53,845 INFO request {"path": "/measure", "payload": {"arena_id": "default", "robot_id": "202601002029", "request_id": "d56391d508a641c891023a3e70492d95", "position": {"x": 463.39693041970213, "y": -802.6270275583854}, "channel": 19}, "attempt": 1}
2026-09-13 01:15:53,863 INFO response {"request_id": "d56391d508a641c891023a3e70492d95", "http_status": 200, "body": {"accepted": true, "real_timestamp_ms": 1789233350826, "virtual_time_s": 1162.54143, "measure_result": "no_signal"}}
2026-09-13 01:15:54,874 INFO request {"path": "/measure", "payload": {"arena_id": "default", "robot_id": "202601002029", "request_id": "6a9c11292855457d937c0433116ea5b8", "position": {"x": -1.702492702719593e-13, "y": -926.7938608394055}, "channel": 19}, "attempt": 1}
2026-09-13 01:15:54,890 INFO response {"request_id": "6a9c11292855457d937c0433116ea5b8", "http_status": 200, "body": {"accepted": true, "real_timestamp_ms": 1789233351854, "virtual_time_s": 1263.490191, "measure_result": "no_signal"}}
2026-09-13 01:15:54,905 INFO request {"path": "/measure", "payload": {"arena_id": "default", "robot_id": "202601002029", "request_id": "76df96b2e91c4a97b573701c93db0f64", "position": {"x": -1.702492702719593e-13, "y": -926.7938608394055}, "channel": 2}, "attempt": 1}
2026-09-13 01:15:54,907 INFO response {"request_id": "76df96b2e91c4a97b573701c93db0f64", "http_status": 200, "body": {"accepted": true, "real_timestamp_ms": 1789233351871, "virtual_time_s": 1269.490191, "measure_result": "no_signal"}}
2026-09-13 01:15:54,938 INFO request {"path": "/measure", "payload": {"arena_id": "default", "robot_id": "202601002029", "request_id": "661544f8bbb240f9872a4ea73fe6e4c5", "position": {"x": -1.702492702719593e-13, "y": -926.7938608394055}, "channel": 4}, "attempt": 1}
2026-09-13 01:15:54,959 INFO response {"request_id": "661544f8bbb240f9872a4ea73fe6e4c5", "http_status": 200, "body": {"accepted": true, "real_timestamp_ms": 1789233351923, "virtual_time_s": 1275.490191, "measure_result": "no_signal"}}
2026-09-13 01:15:54,959 INFO request {"path": "/measure", "payload": {"arena_id": "default", "robot_id": "202601002029", "request_id": "5a53cc177d764cd58cd3d3d09948ccb7", "position": {"x": -1.702492702719593e-13, "y": -926.7938608394055}, "channel": 5}, "attempt": 1}
2026-09-13 01:15:54,961 INFO response {"request_id": "5a53cc177d764cd58cd3d3d09948ccb7", "http_status": 200, "body": {"accepted": true, "real_timestamp_ms": 1789233351925, "virtual_time_s": 1281.490191, "measure_result": "no_signal"}}
2026-09-13 01:15:54,992 INFO request {"path": "/measure", "payload": {"arena_id": "default", "robot_id": "202601002029", "request_id": "904628c038e74a6ea7f2d964448b7d99", "position": {"x": -1.702492702719593e-13, "y": -926.7938608394055}, "channel": 7}, "attempt": 1}
2026-09-13 01:15:55,009 INFO response {"request_id": "904628c038e74a6ea7f2d964448b7d99", "http_status": 200, "body": {"accepted": true, "real_timestamp_ms": 1789233351972, "virtual_time_s": 1287.490191, "measure_result": "no_signal"}}
2026-09-13 01:15:55,024 INFO request {"path": "/measure", "payload": {"arena_id": "default", "robot_id": "202601002029", "request_id": "3fe0b4ff0c3640d0b0cc5bd321ea6cc4", "position": {"x": -1.702492702719593e-13, "y": -926.7938608394055}, "channel": 8}, "attempt": 1}
2026-09-13 01:15:55,026 INFO response {"request_id": "3fe0b4ff0c3640d0b0cc5bd321ea6cc4", "http_status": 200, "body": {"accepted": true, "real_timestamp_ms": 1789233351990, "virtual_time_s": 1293.490191, "measure_result": "no_signal"}}
2026-09-13 01:15:55,058 INFO request {"path": "/measure", "payload": {"arena_id": "default", "robot_id": "202601002029", "request_id": "94b190fd1f614ff9bb0e7b23b5e7122b", "position": {"x": -1.702492702719593e-13, "y": -926.7938608394055}, "channel": 9}, "attempt": 1}
2026-09-13 01:15:55,059 INFO response {"request_id": "94b190fd1f614ff9bb0e7b23b5e7122b", "http_status": 200, "body": {"accepted": true, "real_timestamp_ms": 1789233352023, "virtual_time_s": 1299.490191, "measure_result": "no_signal"}}
2026-09-13 01:15:55,090 INFO request {"path": "/measure", "payload": {"arena_id": "default", "robot_id": "202601002029", "request_id": "89f1149242844d63b4a4d27a9dbaf5d9", "position": {"x": -1.702492702719593e-13, "y": -926.7938608394055}, "channel": 11}, "attempt": 1}
2026-09-13 01:15:55,091 INFO response {"request_id": "89f1149242844d63b4a4d27a9dbaf5d9", "http_status": 200, "body": {"accepted": true, "real_timestamp_ms": 1789233352055, "virtual_time_s": 1305.490191, "measure_result": "no_signal"}}
2026-09-13 01:15:55,122 INFO request {"path": "/measure", "payload": {"arena_id": "default", "robot_id": "202601002029", "request_id": "8995852732be449ab730bf5cafc6157d", "position": {"x": -1.702492702719593e-13, "y": -926.7938608394055}, "channel": 13}, "attempt": 1}
2026-09-13 01:15:55,123 INFO response {"request_id": "8995852732be449ab730bf5cafc6157d", "http_status": 200, "body": {"accepted": true, "real_timestamp_ms": 1789233352087, "virtual_time_s": 1311.490191, "measure_result": "no_signal"}}
2026-09-13 01:15:55,154 INFO request {"path": "/measure", "payload": {"arena_id": "default", "robot_id": "202601002029", "request_id": "4744f7cc377f46c29c99b937a1ff056b", "position": {"x": -1.702492702719593e-13, "y": -926.7938608394055}, "channel": 14}, "attempt": 1}
2026-09-13 01:15:55,167 INFO response {"request_id": "4744f7cc377f46c29c99b937a1ff056b", "http_status": 200, "body": {"accepted": true, "real_timestamp_ms": 1789233352131, "virtual_time_s": 1317.490191, "measure_result": "no_signal"}}
2026-09-13 01:15:55,182 INFO request {"path": "/measure", "payload": {"arena_id": "default", "robot_id": "202601002029", "request_id": "40d281a87a08496ca3c22a4f4315be28", "position": {"x": -1.702492702719593e-13, "y": -926.7938608394055}, "channel": 16}, "attempt": 1}
2026-09-13 01:15:55,184 INFO response {"request_id": "40d281a87a08496ca3c22a4f4315be28", "http_status": 200, "body": {"accepted": true, "real_timestamp_ms": 1789233352147, "virtual_time_s": 1323.490191, "measure_result": "direction", "svd_deg": 208.17}}
2026-09-13 01:15:55,219 INFO request {"path": "/measure", "payload": {"arena_id": "default", "robot_id": "202601002029", "request_id": "acc6e8fcfb6c432fb249442efafe9843", "position": {"x": -1.702492702719593e-13, "y": -926.7938608394055}, "channel": 17}, "attempt": 1}
2026-09-13 01:15:55,236 INFO response {"request_id": "acc6e8fcfb6c432fb249442efafe9843", "http_status": 200, "body": {"accepted": true, "real_timestamp_ms": 1789233352200, "virtual_time_s": 1329.490191, "measure_result": "no_signal"}}
2026-09-13 01:15:56,444 INFO request {"path": "/measure", "payload": {"arena_id": "default", "robot_id": "202601002029", "request_id": "29c9c0e2ae0a4934b3b771e6ef5d7151", "position": {"x": -463.39693041970315, "y": -802.6270275583848}, "channel": 17}, "attempt": 1}
2026-09-13 01:15:56,463 INFO response {"request_id": "29c9c0e2ae0a4934b3b771e6ef5d7151", "http_status": 200, "body": {"accepted": true, "real_timestamp_ms": 1789233353427, "virtual_time_s": 1430.438952, "measure_result": "no_signal"}}
2026-09-13 01:15:56,477 INFO request {"path": "/measure", "payload": {"arena_id": "default", "robot_id": "202601002029", "request_id": "7b43baceba2a4e59b8447c00f3766ed2", "position": {"x": -463.39693041970315, "y": -802.6270275583848}, "channel": 2}, "attempt": 1}
2026-09-13 01:15:56,493 INFO response {"request_id": "7b43baceba2a4e59b8447c00f3766ed2", "http_status": 200, "body": {"accepted": true, "real_timestamp_ms": 1789233353456, "virtual_time_s": 1436.438952, "measure_result": "no_signal"}}
2026-09-13 01:15:56,507 INFO request {"path": "/measure", "payload": {"arena_id": "default", "robot_id": "202601002029", "request_id": "c3874eee710244109bd3845d56ae046a", "position": {"x": -463.39693041970315, "y": -802.6270275583848}, "channel": 4}, "attempt": 1}
2026-09-13 01:15:56,509 INFO response {"request_id": "c3874eee710244109bd3845d56ae046a", "http_status": 200, "body": {"accepted": true, "real_timestamp_ms": 1789233353473, "virtual_time_s": 1442.438952, "measure_result": "no_signal"}}
2026-09-13 01:15:56,539 INFO request {"path": "/measure", "payload": {"arena_id": "default", "robot_id": "202601002029", "request_id": "e19992fb0f5a429f8f89e86d5c49d838", "position": {"x": -463.39693041970315, "y": -802.6270275583848}, "channel": 5}, "attempt": 1}
2026-09-13 01:15:56,550 INFO response {"request_id": "e19992fb0f5a429f8f89e86d5c49d838", "http_status": 200, "body": {"accepted": true, "real_timestamp_ms": 1789233353514, "virtual_time_s": 1448.438952, "measure_result": "no_signal"}}
2026-09-13 01:15:56,565 INFO request {"path": "/measure", "payload": {"arena_id": "default", "robot_id": "202601002029", "request_id": "408063a76c2c473697c1c36a9edb2fcc", "position": {"x": -463.39693041970315, "y": -802.6270275583848}, "channel": 7}, "attempt": 1}
2026-09-13 01:15:56,566 INFO response {"request_id": "408063a76c2c473697c1c36a9edb2fcc", "http_status": 200, "body": {"accepted": true, "real_timestamp_ms": 1789233353530, "virtual_time_s": 1454.438952, "measure_result": "no_signal"}}
2026-09-13 01:15:56,582 INFO request {"path": "/measure", "payload": {"arena_id": "default", "robot_id": "202601002029", "request_id": "1b9478e014cf4534811cceb00c684551", "position": {"x": -463.39693041970315, "y": -802.6270275583848}, "channel": 8}, "attempt": 1}
2026-09-13 01:15:56,585 INFO response {"request_id": "1b9478e014cf4534811cceb00c684551", "http_status": 200, "body": {"accepted": true, "real_timestamp_ms": 1789233353548, "virtual_time_s": 1460.438952, "measure_result": "direction", "svd_deg": 162.83}}
2026-09-13 01:15:56,620 INFO request {"path": "/measure", "payload": {"arena_id": "default", "robot_id": "202601002029", "request_id": "38b013a28ed3438c8e50cdffcf099f42", "position": {"x": -463.39693041970315, "y": -802.6270275583848}, "channel": 9}, "attempt": 1}
2026-09-13 01:15:56,641 INFO response {"request_id": "38b013a28ed3438c8e50cdffcf099f42", "http_status": 200, "body": {"accepted": true, "real_timestamp_ms": 1789233353604, "virtual_time_s": 1466.438952, "measure_result": "no_signal"}}
2026-09-13 01:15:56,655 INFO request {"path": "/measure", "payload": {"arena_id": "default", "robot_id": "202601002029", "request_id": "d2fc2a85d3634ccca64645f3a3b89c96", "position": {"x": -463.39693041970315, "y": -802.6270275583848}, "channel": 11}, "attempt": 1}
2026-09-13 01:15:56,671 INFO response {"request_id": "d2fc2a85d3634ccca64645f3a3b89c96", "http_status": 200, "body": {"accepted": true, "real_timestamp_ms": 1789233353635, "virtual_time_s": 1472.438952, "measure_result": "no_signal"}}
2026-09-13 01:15:56,686 INFO request {"path": "/measure", "payload": {"arena_id": "default", "robot_id": "202601002029", "request_id": "a50c98a90d544e8ea9b2840a44224386", "position": {"x": -463.39693041970315, "y": -802.6270275583848}, "channel": 13}, "attempt": 1}
2026-09-13 01:15:56,701 INFO response {"request_id": "a50c98a90d544e8ea9b2840a44224386", "http_status": 200, "body": {"accepted": true, "real_timestamp_ms": 1789233353664, "virtual_time_s": 1478.438952, "measure_result": "no_signal"}}
2026-09-13 01:15:56,716 INFO request {"path": "/measure", "payload": {"arena_id": "default", "robot_id": "202601002029", "request_id": "92faffda8a0147c0bbc97adbb9b60147", "position": {"x": -463.39693041970315, "y": -802.6270275583848}, "channel": 14}, "attempt": 1}
2026-09-13 01:15:56,718 INFO response {"request_id": "92faffda8a0147c0bbc97adbb9b60147", "http_status": 200, "body": {"accepted": true, "real_timestamp_ms": 1789233353682, "virtual_time_s": 1484.438952, "measure_result": "no_signal"}}
2026-09-13 01:15:56,752 INFO request {"path": "/measure", "payload": {"arena_id": "default", "robot_id": "202601002029", "request_id": "467b952330b24508a149927fe3570749", "position": {"x": -463.39693041970315, "y": -802.6270275583848}, "channel": 19}, "attempt": 1}
2026-09-13 01:15:56,769 INFO response {"request_id": "467b952330b24508a149927fe3570749", "http_status": 200, "body": {"accepted": true, "real_timestamp_ms": 1789233353733, "virtual_time_s": 1490.438952, "measure_result": "no_signal"}}
2026-09-13 01:15:56,818 INFO request {"path": "/measure", "payload": {"arena_id": "default", "robot_id": "202601002029", "request_id": "a86e3149b6634990976a4eeff4dc3d31", "position": {"x": -463.39693041970315, "y": -802.6270275583848}, "channel": 16}, "attempt": 1}
2026-09-13 01:15:56,838 INFO response {"request_id": "a86e3149b6634990976a4eeff4dc3d31", "http_status": 200, "body": {"accepted": true, "real_timestamp_ms": 1789233353801, "virtual_time_s": 1496.438952, "measure_result": "direction", "svd_deg": 232.59}}
2026-09-13 01:15:58,324 INFO request {"path": "/measure", "payload": {"arena_id": "default", "robot_id": "202601002029", "request_id": "28ae09ba8a4a411d8a538ad2b9acb66a", "position": {"x": -802.6270275583852, "y": -463.39693041970247}, "channel": 2}, "attempt": 1}
2026-09-13 01:15:58,340 INFO response {"request_id": "28ae09ba8a4a411d8a538ad2b9acb66a", "http_status": 200, "body": {"accepted": true, "real_timestamp_ms": 1789233355304, "virtual_time_s": 1598.387713, "measure_result": "no_signal"}}
2026-09-13 01:15:58,355 INFO request {"path": "/measure", "payload": {"arena_id": "default", "robot_id": "202601002029", "request_id": "19a9496621874d479ce4a1772196954e", "position": {"x": -802.6270275583852, "y": -463.39693041970247}, "channel": 4}, "attempt": 1}
2026-09-13 01:15:58,369 INFO response {"request_id": "19a9496621874d479ce4a1772196954e", "http_status": 200, "body": {"accepted": true, "real_timestamp_ms": 1789233355333, "virtual_time_s": 1604.387713, "measure_result": "no_signal"}}
2026-09-13 01:15:58,385 INFO request {"path": "/measure", "payload": {"arena_id": "default", "robot_id": "202601002029", "request_id": "9fc754a2ed3f47dbab18092513abab26", "position": {"x": -802.6270275583852, "y": -463.39693041970247}, "channel": 5}, "attempt": 1}
2026-09-13 01:15:58,388 INFO response {"request_id": "9fc754a2ed3f47dbab18092513abab26", "http_status": 200, "body": {"accepted": true, "real_timestamp_ms": 1789233355351, "virtual_time_s": 1610.387713, "measure_result": "no_signal"}}
2026-09-13 01:15:58,419 INFO request {"path": "/measure", "payload": {"arena_id": "default", "robot_id": "202601002029", "request_id": "8617562d26fa46428124aaef8cecfa9f", "position": {"x": -802.6270275583852, "y": -463.39693041970247}, "channel": 7}, "attempt": 1}
2026-09-13 01:15:58,421 INFO response {"request_id": "8617562d26fa46428124aaef8cecfa9f", "http_status": 200, "body": {"accepted": true, "real_timestamp_ms": 1789233355384, "virtual_time_s": 1616.387713, "measure_result": "no_signal"}}
2026-09-13 01:15:58,451 INFO request {"path": "/measure", "payload": {"arena_id": "default", "robot_id": "202601002029", "request_id": "68ca4dde3631406b9ef879a5c6b23d70", "position": {"x": -802.6270275583852, "y": -463.39693041970247}, "channel": 9}, "attempt": 1}
2026-09-13 01:15:58,467 INFO response {"request_id": "68ca4dde3631406b9ef879a5c6b23d70", "http_status": 200, "body": {"accepted": true, "real_timestamp_ms": 1789233355430, "virtual_time_s": 1622.387713, "measure_result": "no_signal"}}
2026-09-13 01:15:58,482 INFO request {"path": "/measure", "payload": {"arena_id": "default", "robot_id": "202601002029", "request_id": "9a195d5b0d7d4bca8caae8aef479b320", "position": {"x": -802.6270275583852, "y": -463.39693041970247}, "channel": 11}, "attempt": 1}
2026-09-13 01:15:58,499 INFO response {"request_id": "9a195d5b0d7d4bca8caae8aef479b320", "http_status": 200, "body": {"accepted": true, "real_timestamp_ms": 1789233355462, "virtual_time_s": 1628.387713, "measure_result": "no_signal"}}
2026-09-13 01:15:58,514 INFO request {"path": "/measure", "payload": {"arena_id": "default", "robot_id": "202601002029", "request_id": "db5df9a8d847429bb828b4f03e27fa3c", "position": {"x": -802.6270275583852, "y": -463.39693041970247}, "channel": 13}, "attempt": 1}
2026-09-13 01:15:58,517 INFO response {"request_id": "db5df9a8d847429bb828b4f03e27fa3c", "http_status": 200, "body": {"accepted": true, "real_timestamp_ms": 1789233355480, "virtual_time_s": 1634.387713, "measure_result": "no_signal"}}
2026-09-13 01:15:58,548 INFO request {"path": "/measure", "payload": {"arena_id": "default", "robot_id": "202601002029", "request_id": "82b701ea6df5434bad5bba95c233a3fc", "position": {"x": -802.6270275583852, "y": -463.39693041970247}, "channel": 14}, "attempt": 1}
2026-09-13 01:15:58,550 INFO response {"request_id": "82b701ea6df5434bad5bba95c233a3fc", "http_status": 200, "body": {"accepted": true, "real_timestamp_ms": 1789233355514, "virtual_time_s": 1640.387713, "measure_result": "no_signal"}}
2026-09-13 01:15:58,581 INFO request {"path": "/measure", "payload": {"arena_id": "default", "robot_id": "202601002029", "request_id": "72190054c2674158996d27ca047b5a55", "position": {"x": -802.6270275583852, "y": -463.39693041970247}, "channel": 17}, "attempt": 1}
2026-09-13 01:15:58,596 INFO response {"request_id": "72190054c2674158996d27ca047b5a55", "http_status": 200, "body": {"accepted": true, "real_timestamp_ms": 1789233355560, "virtual_time_s": 1646.387713, "measure_result": "no_signal"}}
2026-09-13 01:15:58,611 INFO request {"path": "/measure", "payload": {"arena_id": "default", "robot_id": "202601002029", "request_id": "b560150b2b3a4903a7da48a9ab60c2af", "position": {"x": -802.6270275583852, "y": -463.39693041970247}, "channel": 19}, "attempt": 1}
2026-09-13 01:15:58,613 INFO response {"request_id": "b560150b2b3a4903a7da48a9ab60c2af", "http_status": 200, "body": {"accepted": true, "real_timestamp_ms": 1789233355576, "virtual_time_s": 1652.387713, "measure_result": "no_signal"}}
2026-09-13 01:15:58,694 INFO request {"path": "/measure", "payload": {"arena_id": "default", "robot_id": "202601002029", "request_id": "b0e3565356e640c5a48e46c73cdc337c", "position": {"x": -802.6270275583852, "y": -463.39693041970247}, "channel": 8}, "attempt": 1}
2026-09-13 01:15:58,696 INFO response {"request_id": "b0e3565356e640c5a48e46c73cdc337c", "http_status": 200, "body": {"accepted": true, "real_timestamp_ms": 1789233355660, "virtual_time_s": 1658.387713, "measure_result": "direction", "svd_deg": 181.94}}
2026-09-13 01:15:58,732 INFO request {"path": "/measure", "payload": {"arena_id": "default", "robot_id": "202601002029", "request_id": "e8ab23a028344dcfbd2599aec4456d45", "position": {"x": -802.6270275583852, "y": -463.39693041970247}, "channel": 16}, "attempt": 1}
2026-09-13 01:15:58,735 INFO response {"request_id": "e8ab23a028344dcfbd2599aec4456d45", "http_status": 200, "body": {"accepted": true, "real_timestamp_ms": 1789233355698, "virtual_time_s": 1664.387713, "measure_result": "direction", "svd_deg": 262.24}}
2026-09-13 01:15:58,758 INFO request {"path": "/measure", "payload": {"arena_id": "default", "robot_id": "202601002029", "request_id": "85db470d4dff47068cb3b82b3120b285", "position": {"x": -802.6270275583852, "y": -463.39693041970247}, "channel": 6}, "attempt": 1}
2026-09-13 01:15:58,760 INFO response {"request_id": "85db470d4dff47068cb3b82b3120b285", "http_status": 200, "body": {"accepted": true, "real_timestamp_ms": 1789233355724, "virtual_time_s": 1670.387713, "measure_result": "no_signal"}}
2026-09-13 01:16:00,327 INFO request {"path": "/measure", "payload": {"arena_id": "default", "robot_id": "202601002029", "request_id": "07e3f47d52774a5a809875ba4fb25c0c", "position": {"x": -926.7938608394055, "y": 1.1349951351463954e-13}, "channel": 2}, "attempt": 1}
2026-09-13 01:16:00,329 INFO response {"request_id": "07e3f47d52774a5a809875ba4fb25c0c", "http_status": 200, "body": {"accepted": true, "real_timestamp_ms": 1789233357293, "virtual_time_s": 1772.336474, "measure_result": "no_signal"}}
2026-09-13 01:16:00,360 INFO request {"path": "/measure", "payload": {"arena_id": "default", "robot_id": "202601002029", "request_id": "72632230b07a42e2b991d98035e8678b", "position": {"x": -926.7938608394055, "y": 1.1349951351463954e-13}, "channel": 4}, "attempt": 1}
2026-09-13 01:16:00,373 INFO response {"request_id": "72632230b07a42e2b991d98035e8678b", "http_status": 200, "body": {"accepted": true, "real_timestamp_ms": 1789233357336, "virtual_time_s": 1778.336474, "measure_result": "no_signal"}}
2026-09-13 01:16:00,388 INFO request {"path": "/measure", "payload": {"arena_id": "default", "robot_id": "202601002029", "request_id": "93f9f0bf15ac4fc1957a4f187e51935d", "position": {"x": -926.7938608394055, "y": 1.1349951351463954e-13}, "channel": 5}, "attempt": 1}
2026-09-13 01:16:00,402 INFO response {"request_id": "93f9f0bf15ac4fc1957a4f187e51935d", "http_status": 200, "body": {"accepted": true, "real_timestamp_ms": 1789233357365, "virtual_time_s": 1784.336474, "measure_result": "no_signal"}}
2026-09-13 01:16:00,418 INFO request {"path": "/measure", "payload": {"arena_id": "default", "robot_id": "202601002029", "request_id": "62a5b906f0ed4a7bbb45e8aef1e95515", "position": {"x": -926.7938608394055, "y": 1.1349951351463954e-13}, "channel": 7}, "attempt": 1}
2026-09-13 01:16:00,420 INFO response {"request_id": "62a5b906f0ed4a7bbb45e8aef1e95515", "http_status": 200, "body": {"accepted": true, "real_timestamp_ms": 1789233357384, "virtual_time_s": 1790.336474, "measure_result": "no_signal"}}
2026-09-13 01:16:00,453 INFO request {"path": "/measure", "payload": {"arena_id": "default", "robot_id": "202601002029", "request_id": "31afad44715f4638a311723ba5274a43", "position": {"x": -926.7938608394055, "y": 1.1349951351463954e-13}, "channel": 9}, "attempt": 1}
2026-09-13 01:16:00,456 INFO response {"request_id": "31afad44715f4638a311723ba5274a43", "http_status": 200, "body": {"accepted": true, "real_timestamp_ms": 1789233357419, "virtual_time_s": 1796.336474, "measure_result": "no_signal"}}
2026-09-13 01:16:00,486 INFO request {"path": "/measure", "payload": {"arena_id": "default", "robot_id": "202601002029", "request_id": "28f774dbe390405bbd3fb2c957fb52f0", "position": {"x": -926.7938608394055, "y": 1.1349951351463954e-13}, "channel": 11}, "attempt": 1}
2026-09-13 01:16:00,488 INFO response {"request_id": "28f774dbe390405bbd3fb2c957fb52f0", "http_status": 200, "body": {"accepted": true, "real_timestamp_ms": 1789233357452, "virtual_time_s": 1802.336474, "measure_result": "direction", "svd_deg": 80.16}}
2026-09-13 01:16:00,507 INFO request {"path": "/measure", "payload": {"arena_id": "default", "robot_id": "202601002029", "request_id": "6169799c0a3e4a75bc6fbceba1e5d2ff", "position": {"x": -926.7938608394055, "y": 1.1349951351463954e-13}, "channel": 13}, "attempt": 1}
2026-09-13 01:16:00,510 INFO response {"request_id": "6169799c0a3e4a75bc6fbceba1e5d2ff", "http_status": 200, "body": {"accepted": true, "real_timestamp_ms": 1789233357473, "virtual_time_s": 1808.336474, "measure_result": "no_signal"}}
2026-09-13 01:16:00,541 INFO request {"path": "/measure", "payload": {"arena_id": "default", "robot_id": "202601002029", "request_id": "f41d251351954600b4bf74006aef2099", "position": {"x": -926.7938608394055, "y": 1.1349951351463954e-13}, "channel": 14}, "attempt": 1}
2026-09-13 01:16:00,560 INFO response {"request_id": "f41d251351954600b4bf74006aef2099", "http_status": 200, "body": {"accepted": true, "real_timestamp_ms": 1789233357524, "virtual_time_s": 1814.336474, "measure_result": "no_signal"}}
2026-09-13 01:16:00,575 INFO request {"path": "/measure", "payload": {"arena_id": "default", "robot_id": "202601002029", "request_id": "7f23cbb7c38748288088a481b718749d", "position": {"x": -926.7938608394055, "y": 1.1349951351463954e-13}, "channel": 17}, "attempt": 1}
2026-09-13 01:16:00,590 INFO response {"request_id": "7f23cbb7c38748288088a481b718749d", "http_status": 200, "body": {"accepted": true, "real_timestamp_ms": 1789233357553, "virtual_time_s": 1820.336474, "measure_result": "no_signal"}}
2026-09-13 01:16:00,604 INFO request {"path": "/measure", "payload": {"arena_id": "default", "robot_id": "202601002029", "request_id": "b36086ab41a8413499f59576d15f45a6", "position": {"x": -926.7938608394055, "y": 1.1349951351463954e-13}, "channel": 19}, "attempt": 1}
2026-09-13 01:16:00,619 INFO response {"request_id": "b36086ab41a8413499f59576d15f45a6", "http_status": 200, "body": {"accepted": true, "real_timestamp_ms": 1789233357583, "virtual_time_s": 1826.336474, "measure_result": "no_signal"}}
2026-09-13 01:16:00,715 INFO request {"path": "/measure", "payload": {"arena_id": "default", "robot_id": "202601002029", "request_id": "78f681ec7e8a4fc1b3df246b1267dc27", "position": {"x": -926.7938608394055, "y": 1.1349951351463954e-13}, "channel": 6}, "attempt": 1}
2026-09-13 01:16:00,716 INFO response {"request_id": "78f681ec7e8a4fc1b3df246b1267dc27", "http_status": 200, "body": {"accepted": true, "real_timestamp_ms": 1789233357680, "virtual_time_s": 1832.336474, "measure_result": "no_signal"}}
2026-09-13 01:16:00,746 INFO request {"path": "/measure", "payload": {"arena_id": "default", "robot_id": "202601002029", "request_id": "d37b0d11d3644c03b67c79f9a395256a", "position": {"x": -926.7938608394055, "y": 1.1349951351463954e-13}, "channel": 20}, "attempt": 1}
2026-09-13 01:16:00,749 INFO response {"request_id": "d37b0d11d3644c03b67c79f9a395256a", "http_status": 200, "body": {"accepted": true, "real_timestamp_ms": 1789233357712, "virtual_time_s": 1838.336474, "measure_result": "direction", "svd_deg": 79.63}}
2026-09-13 01:16:00,771 INFO request {"path": "/measure", "payload": {"arena_id": "default", "robot_id": "202601002029", "request_id": "c63fd17b235b44b78f0696dc623ac86c", "position": {"x": -926.7938608394055, "y": 1.1349951351463954e-13}, "channel": 8}, "attempt": 1}
2026-09-13 01:16:00,774 INFO response {"request_id": "c63fd17b235b44b78f0696dc623ac86c", "http_status": 200, "body": {"accepted": true, "real_timestamp_ms": 1789233357737, "virtual_time_s": 1844.336474, "measure_result": "direction", "svd_deg": 222.24}}
2026-09-13 01:16:02,099 INFO request {"path": "/measure", "payload": {"arena_id": "default", "robot_id": "202601002029", "request_id": "1e2282f449c74935866a647a95172130", "position": {"x": -802.6270275583848, "y": 463.39693041970304}, "channel": 2}, "attempt": 1}
2026-09-13 01:16:02,115 INFO response {"request_id": "1e2282f449c74935866a647a95172130", "http_status": 200, "body": {"accepted": true, "real_timestamp_ms": 1789233359078, "virtual_time_s": 1946.285235, "measure_result": "no_signal"}}
2026-09-13 01:16:02,129 INFO request {"path": "/measure", "payload": {"arena_id": "default", "robot_id": "202601002029", "request_id": "1317357650e34ea1ab4d18d82db1969f", "position": {"x": -802.6270275583848, "y": 463.39693041970304}, "channel": 4}, "attempt": 1}
2026-09-13 01:16:02,132 INFO response {"request_id": "1317357650e34ea1ab4d18d82db1969f", "http_status": 200, "body": {"accepted": true, "real_timestamp_ms": 1789233359096, "virtual_time_s": 1952.285235, "measure_result": "no_signal"}}
2026-09-13 01:16:02,163 INFO request {"path": "/measure", "payload": {"arena_id": "default", "robot_id": "202601002029", "request_id": "f504e81d21044a608d374aff7135ea60", "position": {"x": -802.6270275583848, "y": 463.39693041970304}, "channel": 5}, "attempt": 1}
2026-09-13 01:16:02,184 INFO response {"request_id": "f504e81d21044a608d374aff7135ea60", "http_status": 200, "body": {"accepted": true, "real_timestamp_ms": 1789233359148, "virtual_time_s": 1958.285235, "measure_result": "no_signal"}}
2026-09-13 01:16:02,200 INFO request {"path": "/measure", "payload": {"arena_id": "default", "robot_id": "202601002029", "request_id": "fc5758eb392540289382f6b767ea9981", "position": {"x": -802.6270275583848, "y": 463.39693041970304}, "channel": 7}, "attempt": 1}
2026-09-13 01:16:02,214 INFO response {"request_id": "fc5758eb392540289382f6b767ea9981", "http_status": 200, "body": {"accepted": true, "real_timestamp_ms": 1789233359179, "virtual_time_s": 1964.285235, "measure_result": "no_signal"}}
2026-09-13 01:16:02,230 INFO request {"path": "/measure", "payload": {"arena_id": "default", "robot_id": "202601002029", "request_id": "c7df61638e33450d91926b27d4d0f84e", "position": {"x": -802.6270275583848, "y": 463.39693041970304}, "channel": 9}, "attempt": 1}
2026-09-13 01:16:02,243 INFO response {"request_id": "c7df61638e33450d91926b27d4d0f84e", "http_status": 200, "body": {"accepted": true, "real_timestamp_ms": 1789233359207, "virtual_time_s": 1970.285235, "measure_result": "no_signal"}}
2026-09-13 01:16:02,258 INFO request {"path": "/measure", "payload": {"arena_id": "default", "robot_id": "202601002029", "request_id": "217c4a86b3d64535ae4b6b3002979a32", "position": {"x": -802.6270275583848, "y": 463.39693041970304}, "channel": 13}, "attempt": 1}
2026-09-13 01:16:02,259 INFO response {"request_id": "217c4a86b3d64535ae4b6b3002979a32", "http_status": 200, "body": {"accepted": true, "real_timestamp_ms": 1789233359223, "virtual_time_s": 1976.285235, "measure_result": "no_signal"}}
2026-09-13 01:16:02,290 INFO request {"path": "/measure", "payload": {"arena_id": "default", "robot_id": "202601002029", "request_id": "6384c1f43d4b4392b9f95335f180ea7b", "position": {"x": -802.6270275583848, "y": 463.39693041970304}, "channel": 14}, "attempt": 1}
2026-09-13 01:16:02,293 INFO response {"request_id": "6384c1f43d4b4392b9f95335f180ea7b", "http_status": 200, "body": {"accepted": true, "real_timestamp_ms": 1789233359256, "virtual_time_s": 1982.285235, "measure_result": "direction", "svd_deg": 78.33}}
2026-09-13 01:16:02,328 INFO request {"path": "/measure", "payload": {"arena_id": "default", "robot_id": "202601002029", "request_id": "f69a5422f2514e61bf32e76627c3b7f6", "position": {"x": -802.6270275583848, "y": 463.39693041970304}, "channel": 17}, "attempt": 1}
2026-09-13 01:16:02,329 INFO response {"request_id": "f69a5422f2514e61bf32e76627c3b7f6", "http_status": 200, "body": {"accepted": true, "real_timestamp_ms": 1789233359293, "virtual_time_s": 1988.285235, "measure_result": "no_signal"}}
2026-09-13 01:16:02,360 INFO request {"path": "/measure", "payload": {"arena_id": "default", "robot_id": "202601002029", "request_id": "ec59441476894f3d994ab2231f7edc59", "position": {"x": -802.6270275583848, "y": 463.39693041970304}, "channel": 19}, "attempt": 1}
2026-09-13 01:16:02,381 INFO response {"request_id": "ec59441476894f3d994ab2231f7edc59", "http_status": 200, "body": {"accepted": true, "real_timestamp_ms": 1789233359345, "virtual_time_s": 1994.285235, "measure_result": "no_signal"}}
2026-09-13 01:16:02,474 INFO request {"path": "/measure", "payload": {"arena_id": "default", "robot_id": "202601002029", "request_id": "f722e747b770459d85892217f82f558d", "position": {"x": -802.6270275583848, "y": 463.39693041970304}, "channel": 3}, "attempt": 1}
2026-09-13 01:16:02,490 INFO response {"request_id": "f722e747b770459d85892217f82f558d", "http_status": 200, "body": {"accepted": true, "real_timestamp_ms": 1789233359454, "virtual_time_s": 2000.285235, "measure_result": "no_signal"}}
2026-09-13 01:16:02,505 INFO request {"path": "/measure", "payload": {"arena_id": "default", "robot_id": "202601002029", "request_id": "1f8d59fec7b04851b5bee62ea3eeb85d", "position": {"x": -802.6270275583848, "y": 463.39693041970304}, "channel": 11}, "attempt": 1}
2026-09-13 01:16:02,522 INFO response {"request_id": "1f8d59fec7b04851b5bee62ea3eeb85d", "http_status": 200, "body": {"accepted": true, "real_timestamp_ms": 1789233359485, "virtual_time_s": 2006.285235, "measure_result": "direction", "svd_deg": 85.06}}
2026-09-13 01:16:02,545 INFO request {"path": "/measure", "payload": {"arena_id": "default", "robot_id": "202601002029", "request_id": "e3b62e1def894d999a094bb1b4ed24d7", "position": {"x": -802.6270275583848, "y": 463.39693041970304}, "channel": 20}, "attempt": 1}
2026-09-13 01:16:02,559 INFO response {"request_id": "e3b62e1def894d999a094bb1b4ed24d7", "http_status": 200, "body": {"accepted": true, "real_timestamp_ms": 1789233359523, "virtual_time_s": 2012.285235, "measure_result": "direction", "svd_deg": 84.66}}
2026-09-13 01:16:03,848 INFO request {"path": "/measure", "payload": {"arena_id": "default", "robot_id": "202601002029", "request_id": "375b702c33c14e828f1aa1a6502758bf", "position": {"x": -463.3969304197025, "y": 802.6270275583851}, "channel": 2}, "attempt": 1}
2026-09-13 01:16:03,849 INFO response {"request_id": "375b702c33c14e828f1aa1a6502758bf", "http_status": 200, "body": {"accepted": true, "real_timestamp_ms": 1789233360813, "virtual_time_s": 2114.233996, "measure_result": "no_signal"}}
2026-09-13 01:16:03,880 INFO request {"path": "/measure", "payload": {"arena_id": "default", "robot_id": "202601002029", "request_id": "96167352d7a445d19ff7397a79ba147e", "position": {"x": -463.3969304197025, "y": 802.6270275583851}, "channel": 4}, "attempt": 1}
2026-09-13 01:16:03,883 INFO response {"request_id": "96167352d7a445d19ff7397a79ba147e", "http_status": 200, "body": {"accepted": true, "real_timestamp_ms": 1789233360846, "virtual_time_s": 2120.233996, "measure_result": "no_signal"}}
2026-09-13 01:16:03,914 INFO request {"path": "/measure", "payload": {"arena_id": "default", "robot_id": "202601002029", "request_id": "f3d182d333d74b29abea6c8a2b63a208", "position": {"x": -463.3969304197025, "y": 802.6270275583851}, "channel": 5}, "attempt": 1}
2026-09-13 01:16:03,917 INFO response {"request_id": "f3d182d333d74b29abea6c8a2b63a208", "http_status": 200, "body": {"accepted": true, "real_timestamp_ms": 1789233360881, "virtual_time_s": 2126.233996, "measure_result": "no_signal"}}
2026-09-13 01:16:03,948 INFO request {"path": "/measure", "payload": {"arena_id": "default", "robot_id": "202601002029", "request_id": "8ad3884f77f24544a39aee47e8d414c0", "position": {"x": -463.3969304197025, "y": 802.6270275583851}, "channel": 7}, "attempt": 1}
2026-09-13 01:16:03,962 INFO response {"request_id": "8ad3884f77f24544a39aee47e8d414c0", "http_status": 200, "body": {"accepted": true, "real_timestamp_ms": 1789233360926, "virtual_time_s": 2132.233996, "measure_result": "no_signal"}}
2026-09-13 01:16:03,977 INFO request {"path": "/measure", "payload": {"arena_id": "default", "robot_id": "202601002029", "request_id": "254ccdb20e204f96ab2e1c1aba2cf8e2", "position": {"x": -463.3969304197025, "y": 802.6270275583851}, "channel": 9}, "attempt": 1}
2026-09-13 01:16:03,980 INFO response {"request_id": "254ccdb20e204f96ab2e1c1aba2cf8e2", "http_status": 200, "body": {"accepted": true, "real_timestamp_ms": 1789233360943, "virtual_time_s": 2138.233996, "measure_result": "no_signal"}}
2026-09-13 01:16:04,011 INFO request {"path": "/measure", "payload": {"arena_id": "default", "robot_id": "202601002029", "request_id": "75fc073ccdbe48169b5d1e7c1befe117", "position": {"x": -463.3969304197025, "y": 802.6270275583851}, "channel": 13}, "attempt": 1}
2026-09-13 01:16:04,031 INFO response {"request_id": "75fc073ccdbe48169b5d1e7c1befe117", "http_status": 200, "body": {"accepted": true, "real_timestamp_ms": 1789233360995, "virtual_time_s": 2144.233996, "measure_result": "no_signal"}}
2026-09-13 01:16:04,047 INFO request {"path": "/measure", "payload": {"arena_id": "default", "robot_id": "202601002029", "request_id": "e91e2003824645308039c782c08dc249", "position": {"x": -463.3969304197025, "y": 802.6270275583851}, "channel": 17}, "attempt": 1}
2026-09-13 01:16:04,048 INFO response {"request_id": "e91e2003824645308039c782c08dc249", "http_status": 200, "body": {"accepted": true, "real_timestamp_ms": 1789233361012, "virtual_time_s": 2150.233996, "measure_result": "no_signal"}}
2026-09-13 01:16:04,080 INFO request {"path": "/measure", "payload": {"arena_id": "default", "robot_id": "202601002029", "request_id": "fc9e8247e7804654ac93819c8427f816", "position": {"x": -463.3969304197025, "y": 802.6270275583851}, "channel": 19}, "attempt": 1}
2026-09-13 01:16:04,081 INFO response {"request_id": "fc9e8247e7804654ac93819c8427f816", "http_status": 200, "body": {"accepted": true, "real_timestamp_ms": 1789233361045, "virtual_time_s": 2156.233996, "measure_result": "no_signal"}}
2026-09-13 01:16:04,184 INFO request {"path": "/measure", "payload": {"arena_id": "default", "robot_id": "202601002029", "request_id": "c76d9fd1156f4a7f8c84ca3dcc67265a", "position": {"x": -463.3969304197025, "y": 802.6270275583851}, "channel": 20}, "attempt": 1}
2026-09-13 01:16:04,198 INFO response {"request_id": "c76d9fd1156f4a7f8c84ca3dcc67265a", "http_status": 200, "body": {"accepted": true, "real_timestamp_ms": 1789233361163, "virtual_time_s": 2162.233996, "measure_result": "direction", "svd_deg": 179.79}}
2026-09-13 01:16:04,218 INFO request {"path": "/measure", "payload": {"arena_id": "default", "robot_id": "202601002029", "request_id": "fb4feac94c974cbfb1ac7828227b3ebc", "position": {"x": -463.3969304197025, "y": 802.6270275583851}, "channel": 6}, "attempt": 1}
2026-09-13 01:16:04,220 INFO response {"request_id": "fb4feac94c974cbfb1ac7828227b3ebc", "http_status": 200, "body": {"accepted": true, "real_timestamp_ms": 1789233361184, "virtual_time_s": 2168.233996, "measure_result": "direction", "svd_deg": 250.24}}
2026-09-13 01:16:04,243 INFO request {"path": "/measure", "payload": {"arena_id": "default", "robot_id": "202601002029", "request_id": "99525c185c754ee2affb1ff1365ff530", "position": {"x": -463.3969304197025, "y": 802.6270275583851}, "channel": 14}, "attempt": 1}
2026-09-13 01:16:04,258 INFO response {"request_id": "99525c185c754ee2affb1ff1365ff530", "http_status": 200, "body": {"accepted": true, "real_timestamp_ms": 1789233361222, "virtual_time_s": 2174.233996, "measure_result": "direction", "svd_deg": 99.27}}
2026-09-13 01:16:05,757 INFO request {"path": "/measure", "payload": {"arena_id": "default", "robot_id": "202601002029", "request_id": "9937869f7a8f4017831480c1d556289f", "position": {"x": 5.674975675731977e-14, "y": 926.7938608394055}, "channel": 2}, "attempt": 1}
2026-09-13 01:16:05,758 INFO response {"request_id": "9937869f7a8f4017831480c1d556289f", "http_status": 200, "body": {"accepted": true, "real_timestamp_ms": 1789233362722, "virtual_time_s": 2276.182757, "measure_result": "no_signal"}}
2026-09-13 01:16:05,789 INFO request {"path": "/measure", "payload": {"arena_id": "default", "robot_id": "202601002029", "request_id": "a3f20c6c6e24466faf448860dabba5ab", "position": {"x": 5.674975675731977e-14, "y": 926.7938608394055}, "channel": 4}, "attempt": 1}
2026-09-13 01:16:05,803 INFO response {"request_id": "a3f20c6c6e24466faf448860dabba5ab", "http_status": 200, "body": {"accepted": true, "real_timestamp_ms": 1789233362767, "virtual_time_s": 2282.182757, "measure_result": "no_signal"}}
2026-09-13 01:16:05,818 INFO request {"path": "/measure", "payload": {"arena_id": "default", "robot_id": "202601002029", "request_id": "65abc974fe764df3a0d00a8167166f1f", "position": {"x": 5.674975675731977e-14, "y": 926.7938608394055}, "channel": 5}, "attempt": 1}
2026-09-13 01:16:05,832 INFO response {"request_id": "65abc974fe764df3a0d00a8167166f1f", "http_status": 200, "body": {"accepted": true, "real_timestamp_ms": 1789233362796, "virtual_time_s": 2288.182757, "measure_result": "no_signal"}}
2026-09-13 01:16:05,847 INFO request {"path": "/measure", "payload": {"arena_id": "default", "robot_id": "202601002029", "request_id": "e81d755f708d4010bdbf458b07ea8b56", "position": {"x": 5.674975675731977e-14, "y": 926.7938608394055}, "channel": 7}, "attempt": 1}
2026-09-13 01:16:05,862 INFO response {"request_id": "e81d755f708d4010bdbf458b07ea8b56", "http_status": 200, "body": {"accepted": true, "real_timestamp_ms": 1789233362826, "virtual_time_s": 2294.182757, "measure_result": "no_signal"}}
2026-09-13 01:16:05,893 INFO request {"path": "/measure", "payload": {"arena_id": "default", "robot_id": "202601002029", "request_id": "4f91ffbcec2341a4b026b7db8790ab8f", "position": {"x": 5.674975675731977e-14, "y": 926.7938608394055}, "channel": 9}, "attempt": 1}
2026-09-13 01:16:05,896 INFO response {"request_id": "4f91ffbcec2341a4b026b7db8790ab8f", "http_status": 200, "body": {"accepted": true, "real_timestamp_ms": 1789233362859, "virtual_time_s": 2300.182757, "measure_result": "no_signal"}}
2026-09-13 01:16:05,912 INFO request {"path": "/measure", "payload": {"arena_id": "default", "robot_id": "202601002029", "request_id": "a5338c82a5ac44d98d50f8705f1382ee", "position": {"x": 5.674975675731977e-14, "y": 926.7938608394055}, "channel": 13}, "attempt": 1}
2026-09-13 01:16:05,914 INFO response {"request_id": "a5338c82a5ac44d98d50f8705f1382ee", "http_status": 200, "body": {"accepted": true, "real_timestamp_ms": 1789233362877, "virtual_time_s": 2306.182757, "measure_result": "direction", "svd_deg": 162.53}}
2026-09-13 01:16:05,949 INFO request {"path": "/measure", "payload": {"arena_id": "default", "robot_id": "202601002029", "request_id": "2bb0142d57304fbeb5b541d637601e4f", "position": {"x": 5.674975675731977e-14, "y": 926.7938608394055}, "channel": 17}, "attempt": 1}
2026-09-13 01:16:05,951 INFO response {"request_id": "2bb0142d57304fbeb5b541d637601e4f", "http_status": 200, "body": {"accepted": true, "real_timestamp_ms": 1789233362915, "virtual_time_s": 2312.182757, "measure_result": "no_signal"}}
2026-09-13 01:16:05,982 INFO request {"path": "/measure", "payload": {"arena_id": "default", "robot_id": "202601002029", "request_id": "4a031e863fcc45cb87adf27a1b96a3ff", "position": {"x": 5.674975675731977e-14, "y": 926.7938608394055}, "channel": 19}, "attempt": 1}
2026-09-13 01:16:05,984 INFO response {"request_id": "4a031e863fcc45cb87adf27a1b96a3ff", "http_status": 200, "body": {"accepted": true, "real_timestamp_ms": 1789233362948, "virtual_time_s": 2318.182757, "measure_result": "no_signal"}}
2026-09-13 01:16:06,090 INFO request {"path": "/measure", "payload": {"arena_id": "default", "robot_id": "202601002029", "request_id": "f224c0040d104b49a26b8b243e7c790b", "position": {"x": 5.674975675731977e-14, "y": 926.7938608394055}, "channel": 11}, "attempt": 1}
2026-09-13 01:16:06,091 INFO response {"request_id": "f224c0040d104b49a26b8b243e7c790b", "http_status": 200, "body": {"accepted": true, "real_timestamp_ms": 1789233363055, "virtual_time_s": 2324.182757, "measure_result": "direction", "svd_deg": 174.24}}
2026-09-13 01:16:06,125 INFO request {"path": "/measure", "payload": {"arena_id": "default", "robot_id": "202601002029", "request_id": "67d4a37f7eea4aae95e06bbdae0e817e", "position": {"x": 5.674975675731977e-14, "y": 926.7938608394055}, "channel": 3}, "attempt": 1}
2026-09-13 01:16:06,127 INFO response {"request_id": "67d4a37f7eea4aae95e06bbdae0e817e", "http_status": 200, "body": {"accepted": true, "real_timestamp_ms": 1789233363091, "virtual_time_s": 2330.182757, "measure_result": "direction", "svd_deg": 145.92}}
2026-09-13 01:16:06,150 INFO request {"path": "/measure", "payload": {"arena_id": "default", "robot_id": "202601002029", "request_id": "c9558a6e944b40c386155d5e7a09d165", "position": {"x": 5.674975675731977e-14, "y": 926.7938608394055}, "channel": 14}, "attempt": 1}
2026-09-13 01:16:06,168 INFO response {"request_id": "c9558a6e944b40c386155d5e7a09d165", "http_status": 200, "body": {"accepted": true, "real_timestamp_ms": 1789233363132, "virtual_time_s": 2336.182757, "measure_result": "direction", "svd_deg": 130.73}}
2026-09-13 01:16:07,751 INFO request {"path": "/measure", "payload": {"arena_id": "default", "robot_id": "202601002029", "request_id": "2e4ff59751ec4862934f4376349a6589", "position": {"x": 482.8444447608835, "y": 1801.9999999999998}, "channel": 2}, "attempt": 1}
2026-09-13 01:16:07,753 INFO response {"request_id": "2e4ff59751ec4862934f4376349a6589", "http_status": 200, "body": {"accepted": true, "real_timestamp_ms": 1789233364717, "virtual_time_s": 2542.095192, "measure_result": "no_signal"}}
2026-09-13 01:16:07,783 INFO request {"path": "/measure", "payload": {"arena_id": "default", "robot_id": "202601002029", "request_id": "5c110e42866d4e3fa4962fb5690a4955", "position": {"x": 482.8444447608835, "y": 1801.9999999999998}, "channel": 4}, "attempt": 1}
2026-09-13 01:16:07,786 INFO response {"request_id": "5c110e42866d4e3fa4962fb5690a4955", "http_status": 200, "body": {"accepted": true, "real_timestamp_ms": 1789233364749, "virtual_time_s": 2548.095192, "measure_result": "no_signal"}}
2026-09-13 01:16:07,801 INFO request {"path": "/measure", "payload": {"arena_id": "default", "robot_id": "202601002029", "request_id": "bf859034a7f64287853232cca523a942", "position": {"x": 482.8444447608835, "y": 1801.9999999999998}, "channel": 5}, "attempt": 1}
2026-09-13 01:16:07,803 INFO response {"request_id": "bf859034a7f64287853232cca523a942", "http_status": 200, "body": {"accepted": true, "real_timestamp_ms": 1789233364767, "virtual_time_s": 2554.095192, "measure_result": "no_signal"}}
2026-09-13 01:16:07,834 INFO request {"path": "/measure", "payload": {"arena_id": "default", "robot_id": "202601002029", "request_id": "02cd0ae8e1ae478c9deb5924b39d2e1a", "position": {"x": 482.8444447608835, "y": 1801.9999999999998}, "channel": 7}, "attempt": 1}
2026-09-13 01:16:07,836 INFO response {"request_id": "02cd0ae8e1ae478c9deb5924b39d2e1a", "http_status": 200, "body": {"accepted": true, "real_timestamp_ms": 1789233364800, "virtual_time_s": 2560.095192, "measure_result": "no_signal"}}
2026-09-13 01:16:07,867 INFO request {"path": "/measure", "payload": {"arena_id": "default", "robot_id": "202601002029", "request_id": "abc68186e61d4caea923404139e507a6", "position": {"x": 482.8444447608835, "y": 1801.9999999999998}, "channel": 9}, "attempt": 1}
2026-09-13 01:16:07,880 INFO response {"request_id": "abc68186e61d4caea923404139e507a6", "http_status": 200, "body": {"accepted": true, "real_timestamp_ms": 1789233364843, "virtual_time_s": 2566.095192, "measure_result": "no_signal"}}
2026-09-13 01:16:07,895 INFO request {"path": "/measure", "payload": {"arena_id": "default", "robot_id": "202601002029", "request_id": "43f5d78c62ad480c87c1fbd2a79e86fa", "position": {"x": 482.8444447608835, "y": 1801.9999999999998}, "channel": 17}, "attempt": 1}
2026-09-13 01:16:07,897 INFO response {"request_id": "43f5d78c62ad480c87c1fbd2a79e86fa", "http_status": 200, "body": {"accepted": true, "real_timestamp_ms": 1789233364860, "virtual_time_s": 2572.095192, "measure_result": "no_signal"}}
2026-09-13 01:16:07,928 INFO request {"path": "/measure", "payload": {"arena_id": "default", "robot_id": "202601002029", "request_id": "f44a9f4da97c4972bfbeb708558cf04b", "position": {"x": 482.8444447608835, "y": 1801.9999999999998}, "channel": 19}, "attempt": 1}
2026-09-13 01:16:07,949 INFO response {"request_id": "f44a9f4da97c4972bfbeb708558cf04b", "http_status": 200, "body": {"accepted": true, "real_timestamp_ms": 1789233364912, "virtual_time_s": 2578.095192, "measure_result": "no_signal"}}
2026-09-13 01:16:08,031 INFO request {"path": "/measure", "payload": {"arena_id": "default", "robot_id": "202601002029", "request_id": "c0b16530f3634f5d8433d6bbb590103d", "position": {"x": 482.8444447608835, "y": 1801.9999999999998}, "channel": 10}, "attempt": 1}
2026-09-13 01:16:08,032 INFO response {"request_id": "c0b16530f3634f5d8433d6bbb590103d", "http_status": 200, "body": {"accepted": true, "real_timestamp_ms": 1789233364996, "virtual_time_s": 2584.095192, "measure_result": "direction", "svd_deg": 294.85}}
2026-09-13 01:16:08,051 INFO request {"path": "/measure", "payload": {"arena_id": "default", "robot_id": "202601002029", "request_id": "f769acbadefd46dd8c2fed39ae5874ca", "position": {"x": 482.8444447608835, "y": 1801.9999999999998}, "channel": 3}, "attempt": 1}
2026-09-13 01:16:08,067 INFO response {"request_id": "f769acbadefd46dd8c2fed39ae5874ca", "http_status": 200, "body": {"accepted": true, "real_timestamp_ms": 1789233365032, "virtual_time_s": 2590.095192, "measure_result": "direction", "svd_deg": 198.58}}
2026-09-13 01:16:08,087 INFO request {"path": "/measure", "payload": {"arena_id": "default", "robot_id": "202601002029", "request_id": "8f7190c37bf14dbd81883671040c7aaf", "position": {"x": 482.8444447608835, "y": 1801.9999999999998}, "channel": 14}, "attempt": 1}
2026-09-13 01:16:08,088 INFO response {"request_id": "8f7190c37bf14dbd81883671040c7aaf", "http_status": 200, "body": {"accepted": true, "real_timestamp_ms": 1789233365052, "virtual_time_s": 2596.095192, "measure_result": "direction", "svd_deg": 191.24}}
2026-09-13 01:16:09,216 INFO request {"path": "/measure", "payload": {"arena_id": "default", "robot_id": "202601002029", "request_id": "1a1b609347cb42a39711c22ac2b43541", "position": {"x": -482.8444447608829, "y": 1802.0}, "channel": 2}, "attempt": 1}
2026-09-13 01:16:09,218 INFO response {"request_id": "1a1b609347cb42a39711c22ac2b43541", "http_status": 200, "body": {"accepted": true, "real_timestamp_ms": 1789233366182, "virtual_time_s": 2795.23297, "measure_result": "no_signal"}}
2026-09-13 01:16:09,248 INFO request {"path": "/measure", "payload": {"arena_id": "default", "robot_id": "202601002029", "request_id": "a6b919802bcb4963866be081a3be101b", "position": {"x": -482.8444447608829, "y": 1802.0}, "channel": 4}, "attempt": 1}
2026-09-13 01:16:09,266 INFO response {"request_id": "a6b919802bcb4963866be081a3be101b", "http_status": 200, "body": {"accepted": true, "real_timestamp_ms": 1789233366229, "virtual_time_s": 2801.23297, "measure_result": "no_signal"}}
2026-09-13 01:16:09,282 INFO request {"path": "/measure", "payload": {"arena_id": "default", "robot_id": "202601002029", "request_id": "ffe28d2d1ca440e886c880e880db8d67", "position": {"x": -482.8444447608829, "y": 1802.0}, "channel": 5}, "attempt": 1}
2026-09-13 01:16:09,294 INFO response {"request_id": "ffe28d2d1ca440e886c880e880db8d67", "http_status": 200, "body": {"accepted": true, "real_timestamp_ms": 1789233366258, "virtual_time_s": 2807.23297, "measure_result": "no_signal"}}
2026-09-13 01:16:09,309 INFO request {"path": "/measure", "payload": {"arena_id": "default", "robot_id": "202601002029", "request_id": "030c145b56944f5492c3210102bb8a5d", "position": {"x": -482.8444447608829, "y": 1802.0}, "channel": 7}, "attempt": 1}
2026-09-13 01:16:09,311 INFO response {"request_id": "030c145b56944f5492c3210102bb8a5d", "http_status": 200, "body": {"accepted": true, "real_timestamp_ms": 1789233366275, "virtual_time_s": 2813.23297, "measure_result": "no_signal"}}
2026-09-13 01:16:09,343 INFO request {"path": "/measure", "payload": {"arena_id": "default", "robot_id": "202601002029", "request_id": "105f526993a24738b24b2d084faa84e8", "position": {"x": -482.8444447608829, "y": 1802.0}, "channel": 9}, "attempt": 1}
2026-09-13 01:16:09,344 INFO response {"request_id": "105f526993a24738b24b2d084faa84e8", "http_status": 200, "body": {"accepted": true, "real_timestamp_ms": 1789233366308, "virtual_time_s": 2819.23297, "measure_result": "no_signal"}}
2026-09-13 01:16:09,375 INFO request {"path": "/measure", "payload": {"arena_id": "default", "robot_id": "202601002029", "request_id": "066d79ea0b0e443a9962feb71461e10d", "position": {"x": -482.8444447608829, "y": 1802.0}, "channel": 17}, "attempt": 1}
2026-09-13 01:16:09,392 INFO response {"request_id": "066d79ea0b0e443a9962feb71461e10d", "http_status": 200, "body": {"accepted": true, "real_timestamp_ms": 1789233366356, "virtual_time_s": 2825.23297, "measure_result": "no_signal"}}
2026-09-13 01:16:09,407 INFO request {"path": "/measure", "payload": {"arena_id": "default", "robot_id": "202601002029", "request_id": "9e1cd6af281946bb999d05ba4f67e6bf", "position": {"x": -482.8444447608829, "y": 1802.0}, "channel": 19}, "attempt": 1}
2026-09-13 01:16:09,421 INFO response {"request_id": "9e1cd6af281946bb999d05ba4f67e6bf", "http_status": 200, "body": {"accepted": true, "real_timestamp_ms": 1789233366384, "virtual_time_s": 2831.23297, "measure_result": "no_signal"}}
2026-09-13 01:16:09,465 INFO request {"path": "/measure", "payload": {"arena_id": "default", "robot_id": "202601002029", "request_id": "914fc908d50542a7bbd7dcfdcf5c1971", "position": {"x": -482.8444447608829, "y": 1802.0}, "channel": 3}, "attempt": 1}
2026-09-13 01:16:09,467 INFO response {"request_id": "914fc908d50542a7bbd7dcfdcf5c1971", "http_status": 200, "body": {"accepted": true, "real_timestamp_ms": 1789233366431, "virtual_time_s": 2837.23297, "measure_result": "direction", "svd_deg": 240.91}}
2026-09-13 01:16:09,490 INFO request {"path": "/measure", "payload": {"arena_id": "default", "robot_id": "202601002029", "request_id": "ede4b71f432a428e9a602793441aeb32", "position": {"x": -482.8444447608829, "y": 1802.0}, "channel": 13}, "attempt": 1}
2026-09-13 01:16:09,493 INFO response {"request_id": "ede4b71f432a428e9a602793441aeb32", "http_status": 200, "body": {"accepted": true, "real_timestamp_ms": 1789233366456, "virtual_time_s": 2843.23297, "measure_result": "direction", "svd_deg": 252.73}}
2026-09-13 01:16:09,849 INFO request {"path": "/clear", "payload": {"arena_id": "default", "robot_id": "202601002029", "request_id": "df462652843941ea841e7f5c77c4b525", "position": {"x": -580.4349351716314, "y": 1590.805533633359}, "channel": 14}, "attempt": 1}
2026-09-13 01:16:09,850 INFO response {"request_id": "df462652843941ea841e7f5c77c4b525", "http_status": 200, "body": {"accepted": true, "real_timestamp_ms": 1789233366814, "virtual_time_s": 2894.763393, "clear_result": "success"}}
2026-09-13 01:16:09,881 INFO request {"path": "/clear", "payload": {"arena_id": "default", "robot_id": "202601002029", "request_id": "cc352978b61c4924855db00d81c12d98", "position": {"x": -702.0864191069375, "y": 1408.6379609203852}, "channel": 3}, "attempt": 1}
2026-09-13 01:16:09,898 INFO response {"request_id": "cc352978b61c4924855db00d81c12d98", "http_status": 200, "body": {"accepted": true, "real_timestamp_ms": 1789233366861, "virtual_time_s": 2943.573943, "clear_result": "success"}}
2026-09-13 01:16:09,948 INFO request {"path": "/measure", "payload": {"arena_id": "default", "robot_id": "202601002029", "request_id": "2e219cac195949c38482fbd3ec19f971", "position": {"x": -1319.1555552391167, "y": 1319.155555239117}, "channel": 2}, "attempt": 1}
2026-09-13 01:16:09,949 INFO response {"request_id": "2e219cac195949c38482fbd3ec19f971", "http_status": 200, "body": {"accepted": true, "real_timestamp_ms": 1789233366913, "virtual_time_s": 3074.278621, "measure_result": "no_signal"}}
2026-09-13 01:16:09,979 INFO request {"path": "/measure", "payload": {"arena_id": "default", "robot_id": "202601002029", "request_id": "898ab669e9384612bc2a7f9f89d67a28", "position": {"x": -1319.1555552391167, "y": 1319.155555239117}, "channel": 4}, "attempt": 1}
2026-09-13 01:16:09,981 INFO response {"request_id": "898ab669e9384612bc2a7f9f89d67a28", "http_status": 200, "body": {"accepted": true, "real_timestamp_ms": 1789233366945, "virtual_time_s": 3080.278621, "measure_result": "no_signal"}}
2026-09-13 01:16:10,012 INFO request {"path": "/measure", "payload": {"arena_id": "default", "robot_id": "202601002029", "request_id": "7298fd95c7604ea88db6d993595a1350", "position": {"x": -1319.1555552391167, "y": 1319.155555239117}, "channel": 5}, "attempt": 1}
2026-09-13 01:16:10,015 INFO response {"request_id": "7298fd95c7604ea88db6d993595a1350", "http_status": 200, "body": {"accepted": true, "real_timestamp_ms": 1789233366978, "virtual_time_s": 3086.278621, "measure_result": "no_signal"}}
2026-09-13 01:16:10,046 INFO request {"path": "/measure", "payload": {"arena_id": "default", "robot_id": "202601002029", "request_id": "bdc8fd2d5f04479eafb14665ffd43261", "position": {"x": -1319.1555552391167, "y": 1319.155555239117}, "channel": 7}, "attempt": 1}
2026-09-13 01:16:10,048 INFO response {"request_id": "bdc8fd2d5f04479eafb14665ffd43261", "http_status": 200, "body": {"accepted": true, "real_timestamp_ms": 1789233367012, "virtual_time_s": 3092.278621, "measure_result": "no_signal"}}
2026-09-13 01:16:10,079 INFO request {"path": "/measure", "payload": {"arena_id": "default", "robot_id": "202601002029", "request_id": "aeddfb80921847f9b2ead8c28312e454", "position": {"x": -1319.1555552391167, "y": 1319.155555239117}, "channel": 9}, "attempt": 1}
2026-09-13 01:16:10,080 INFO response {"request_id": "aeddfb80921847f9b2ead8c28312e454", "http_status": 200, "body": {"accepted": true, "real_timestamp_ms": 1789233367044, "virtual_time_s": 3098.278621, "measure_result": "no_signal"}}
2026-09-13 01:16:10,111 INFO request {"path": "/measure", "payload": {"arena_id": "default", "robot_id": "202601002029", "request_id": "da3aedfeea1744c0896db3764ebf26fe", "position": {"x": -1319.1555552391167, "y": 1319.155555239117}, "channel": 17}, "attempt": 1}
2026-09-13 01:16:10,124 INFO response {"request_id": "da3aedfeea1744c0896db3764ebf26fe", "http_status": 200, "body": {"accepted": true, "real_timestamp_ms": 1789233367088, "virtual_time_s": 3104.278621, "measure_result": "no_signal"}}
2026-09-13 01:16:10,139 INFO request {"path": "/measure", "payload": {"arena_id": "default", "robot_id": "202601002029", "request_id": "a5478cc40933410485ecd55d778543f4", "position": {"x": -1319.1555552391167, "y": 1319.155555239117}, "channel": 19}, "attempt": 1}
2026-09-13 01:16:10,141 INFO response {"request_id": "a5478cc40933410485ecd55d778543f4", "http_status": 200, "body": {"accepted": true, "real_timestamp_ms": 1789233367105, "virtual_time_s": 3110.278621, "measure_result": "no_signal"}}
2026-09-13 01:16:10,722 INFO request {"path": "/measure", "payload": {"arena_id": "default", "robot_id": "202601002029", "request_id": "4aec8ebfe995486888caab5e2b6de2b5", "position": {"x": -1801.9999999999998, "y": 482.84444476088356}, "channel": 19}, "attempt": 1}
2026-09-13 01:16:10,723 INFO response {"request_id": "4aec8ebfe995486888caab5e2b6de2b5", "http_status": 200, "body": {"accepted": true, "real_timestamp_ms": 1789233367687, "virtual_time_s": 3308.416399, "measure_result": "no_signal"}}
2026-09-13 01:16:10,739 INFO request {"path": "/measure", "payload": {"arena_id": "default", "robot_id": "202601002029", "request_id": "0e365aa41fc542d0bc3c4ac41f170ed6", "position": {"x": -1801.9999999999998, "y": 482.84444476088356}, "channel": 2}, "attempt": 1}
2026-09-13 01:16:10,759 INFO response {"request_id": "0e365aa41fc542d0bc3c4ac41f170ed6", "http_status": 200, "body": {"accepted": true, "real_timestamp_ms": 1789233367723, "virtual_time_s": 3314.416399, "measure_result": "no_signal"}}
2026-09-13 01:16:10,774 INFO request {"path": "/measure", "payload": {"arena_id": "default", "robot_id": "202601002029", "request_id": "2b5669ebb67c4d1cb14647f043de3ea8", "position": {"x": -1801.9999999999998, "y": 482.84444476088356}, "channel": 4}, "attempt": 1}
2026-09-13 01:16:10,776 INFO response {"request_id": "2b5669ebb67c4d1cb14647f043de3ea8", "http_status": 200, "body": {"accepted": true, "real_timestamp_ms": 1789233367739, "virtual_time_s": 3320.416399, "measure_result": "no_signal"}}
2026-09-13 01:16:10,807 INFO request {"path": "/measure", "payload": {"arena_id": "default", "robot_id": "202601002029", "request_id": "b19491886f5a488d95d3b1fa66bcac93", "position": {"x": -1801.9999999999998, "y": 482.84444476088356}, "channel": 5}, "attempt": 1}
2026-09-13 01:16:10,828 INFO response {"request_id": "b19491886f5a488d95d3b1fa66bcac93", "http_status": 200, "body": {"accepted": true, "real_timestamp_ms": 1789233367792, "virtual_time_s": 3326.416399, "measure_result": "no_signal"}}
2026-09-13 01:16:10,844 INFO request {"path": "/measure", "payload": {"arena_id": "default", "robot_id": "202601002029", "request_id": "eedcb6d53cf544069bc98de405ba7c8a", "position": {"x": -1801.9999999999998, "y": 482.84444476088356}, "channel": 7}, "attempt": 1}
2026-09-13 01:16:10,857 INFO response {"request_id": "eedcb6d53cf544069bc98de405ba7c8a", "http_status": 200, "body": {"accepted": true, "real_timestamp_ms": 1789233367821, "virtual_time_s": 3332.416399, "measure_result": "no_signal"}}
2026-09-13 01:16:10,873 INFO request {"path": "/measure", "payload": {"arena_id": "default", "robot_id": "202601002029", "request_id": "1e4bded6b9c742ffb899fb5f2a68856a", "position": {"x": -1801.9999999999998, "y": 482.84444476088356}, "channel": 9}, "attempt": 1}
2026-09-13 01:16:10,886 INFO response {"request_id": "1e4bded6b9c742ffb899fb5f2a68856a", "http_status": 200, "body": {"accepted": true, "real_timestamp_ms": 1789233367850, "virtual_time_s": 3338.416399, "measure_result": "no_signal"}}
2026-09-13 01:16:10,901 INFO request {"path": "/measure", "payload": {"arena_id": "default", "robot_id": "202601002029", "request_id": "a82d95f9aef4412298cc8df7bd9b8afb", "position": {"x": -1801.9999999999998, "y": 482.84444476088356}, "channel": 17}, "attempt": 1}
2026-09-13 01:16:10,916 INFO response {"request_id": "a82d95f9aef4412298cc8df7bd9b8afb", "http_status": 200, "body": {"accepted": true, "real_timestamp_ms": 1789233367879, "virtual_time_s": 3344.416399, "measure_result": "no_signal"}}
2026-09-13 01:16:10,948 INFO request {"path": "/measure", "payload": {"arena_id": "default", "robot_id": "202601002029", "request_id": "33aa83f3c7aa4debb9391ab63a59d6dc", "position": {"x": -1801.9999999999998, "y": 482.84444476088356}, "channel": 8}, "attempt": 1}
2026-09-13 01:16:10,966 INFO response {"request_id": "33aa83f3c7aa4debb9391ab63a59d6dc", "http_status": 200, "body": {"accepted": true, "real_timestamp_ms": 1789233367930, "virtual_time_s": 3350.416399, "measure_result": "direction", "svd_deg": 288.79}}
2026-09-13 01:16:11,327 INFO request {"path": "/measure", "payload": {"arena_id": "default", "robot_id": "202601002029", "request_id": "1a80845224ab4de38e3450e00d78fd47", "position": {"x": -1802.0000000000002, "y": -482.84444476088237}, "channel": 2}, "attempt": 1}
2026-09-13 01:16:11,329 INFO response {"request_id": "1a80845224ab4de38e3450e00d78fd47", "http_status": 200, "body": {"accepted": true, "real_timestamp_ms": 1789233368293, "virtual_time_s": 3549.554177, "measure_result": "no_signal"}}
2026-09-13 01:16:11,360 INFO request {"path": "/measure", "payload": {"arena_id": "default", "robot_id": "202601002029", "request_id": "267395cf7c274bd7b5b03ac9ef3507a5", "position": {"x": -1802.0000000000002, "y": -482.84444476088237}, "channel": 4}, "attempt": 1}
2026-09-13 01:16:11,379 INFO response {"request_id": "267395cf7c274bd7b5b03ac9ef3507a5", "http_status": 200, "body": {"accepted": true, "real_timestamp_ms": 1789233368343, "virtual_time_s": 3555.554177, "measure_result": "no_signal"}}
2026-09-13 01:16:11,379 INFO request {"path": "/measure", "payload": {"arena_id": "default", "robot_id": "202601002029", "request_id": "0b3cc1a60605456497ec5dcef599fb27", "position": {"x": -1802.0000000000002, "y": -482.84444476088237}, "channel": 5}, "attempt": 1}
2026-09-13 01:16:11,380 INFO response {"request_id": "0b3cc1a60605456497ec5dcef599fb27", "http_status": 200, "body": {"accepted": true, "real_timestamp_ms": 1789233368344, "virtual_time_s": 3561.554177, "measure_result": "no_signal"}}
2026-09-13 01:16:11,411 INFO request {"path": "/measure", "payload": {"arena_id": "default", "robot_id": "202601002029", "request_id": "bf5b91f6c54f4dba9f0882912cbbbdea", "position": {"x": -1802.0000000000002, "y": -482.84444476088237}, "channel": 7}, "attempt": 1}
2026-09-13 01:16:11,430 INFO response {"request_id": "bf5b91f6c54f4dba9f0882912cbbbdea", "http_status": 200, "body": {"accepted": true, "real_timestamp_ms": 1789233368393, "virtual_time_s": 3567.554177, "measure_result": "no_signal"}}
2026-09-13 01:16:11,445 INFO request {"path": "/measure", "payload": {"arena_id": "default", "robot_id": "202601002029", "request_id": "f9bc45ccfa124fd995798ff8ddf83812", "position": {"x": -1802.0000000000002, "y": -482.84444476088237}, "channel": 9}, "attempt": 1}
2026-09-13 01:16:11,447 INFO response {"request_id": "f9bc45ccfa124fd995798ff8ddf83812", "http_status": 200, "body": {"accepted": true, "real_timestamp_ms": 1789233368410, "virtual_time_s": 3573.554177, "measure_result": "no_signal"}}
2026-09-13 01:16:11,478 INFO request {"path": "/measure", "payload": {"arena_id": "default", "robot_id": "202601002029", "request_id": "0dfd2077f23a47f9a4ca6c33ce5e9e23", "position": {"x": -1802.0000000000002, "y": -482.84444476088237}, "channel": 17}, "attempt": 1}
2026-09-13 01:16:11,480 INFO response {"request_id": "0dfd2077f23a47f9a4ca6c33ce5e9e23", "http_status": 200, "body": {"accepted": true, "real_timestamp_ms": 1789233368444, "virtual_time_s": 3579.554177, "measure_result": "no_signal"}}
2026-09-13 01:16:11,511 INFO request {"path": "/measure", "payload": {"arena_id": "default", "robot_id": "202601002029", "request_id": "dffc6f4eeaf14d13b3f55697dad2dce2", "position": {"x": -1802.0000000000002, "y": -482.84444476088237}, "channel": 19}, "attempt": 1}
2026-09-13 01:16:11,529 INFO response {"request_id": "dffc6f4eeaf14d13b3f55697dad2dce2", "http_status": 200, "body": {"accepted": true, "real_timestamp_ms": 1789233368493, "virtual_time_s": 3585.554177, "measure_result": "no_signal"}}
2026-09-13 01:16:11,692 INFO request {"path": "/clear", "payload": {"arena_id": "default", "robot_id": "202601002029", "request_id": "3b550b3b709d4d08b61070eaa4495818", "position": {"x": -1469.9224245722075, "y": -490.52136714700293}, "channel": 8}, "attempt": 1}
2026-09-13 01:16:11,692 INFO response {"request_id": "3b550b3b709d4d08b61070eaa4495818", "http_status": 200, "body": {"accepted": true, "real_timestamp_ms": 1789233368657, "virtual_time_s": 3656.987437, "clear_result": "success"}}
2026-09-13 01:16:11,710 INFO request {"path": "/measure", "payload": {"arena_id": "default", "robot_id": "202601002029", "request_id": "79425d2c60c14513877d0c59825129c1", "position": {"x": -1319.1555552391176, "y": -1319.1555552391162}, "channel": 19}, "attempt": 1}
2026-09-13 01:16:11,711 INFO response {"request_id": "79425d2c60c14513877d0c59825129c1", "http_status": 200, "body": {"accepted": true, "real_timestamp_ms": 1789233368674, "virtual_time_s": 3830.435087, "measure_result": "no_signal"}}
2026-09-13 01:16:11,742 INFO request {"path": "/measure", "payload": {"arena_id": "default", "robot_id": "202601002029", "request_id": "49355704cf3945fa800a181823a1d465", "position": {"x": -1319.1555552391176, "y": -1319.1555552391162}, "channel": 2}, "attempt": 1}
2026-09-13 01:16:11,757 INFO response {"request_id": "49355704cf3945fa800a181823a1d465", "http_status": 200, "body": {"accepted": true, "real_timestamp_ms": 1789233368721, "virtual_time_s": 3836.435087, "measure_result": "no_signal"}}
2026-09-13 01:16:11,772 INFO request {"path": "/measure", "payload": {"arena_id": "default", "robot_id": "202601002029", "request_id": "2f43c4894129448fbeee6ca774075a71", "position": {"x": -1319.1555552391176, "y": -1319.1555552391162}, "channel": 4}, "attempt": 1}
2026-09-13 01:16:11,775 INFO response {"request_id": "2f43c4894129448fbeee6ca774075a71", "http_status": 200, "body": {"accepted": true, "real_timestamp_ms": 1789233368738, "virtual_time_s": 3842.435087, "measure_result": "no_signal"}}
2026-09-13 01:16:11,806 INFO request {"path": "/measure", "payload": {"arena_id": "default", "robot_id": "202601002029", "request_id": "008e13bcc5fb4014aebd974427931e7e", "position": {"x": -1319.1555552391176, "y": -1319.1555552391162}, "channel": 5}, "attempt": 1}
2026-09-13 01:16:11,809 INFO response {"request_id": "008e13bcc5fb4014aebd974427931e7e", "http_status": 200, "body": {"accepted": true, "real_timestamp_ms": 1789233368772, "virtual_time_s": 3848.435087, "measure_result": "no_signal"}}
2026-09-13 01:16:11,839 INFO request {"path": "/measure", "payload": {"arena_id": "default", "robot_id": "202601002029", "request_id": "044b39739c3e4538adff26b90ac74e48", "position": {"x": -1319.1555552391176, "y": -1319.1555552391162}, "channel": 7}, "attempt": 1}
2026-09-13 01:16:11,841 INFO response {"request_id": "044b39739c3e4538adff26b90ac74e48", "http_status": 200, "body": {"accepted": true, "real_timestamp_ms": 1789233368805, "virtual_time_s": 3854.435087, "measure_result": "no_signal"}}
2026-09-13 01:16:11,872 INFO request {"path": "/measure", "payload": {"arena_id": "default", "robot_id": "202601002029", "request_id": "6169f9ae0751463f83bbdbea32ba2b82", "position": {"x": -1319.1555552391176, "y": -1319.1555552391162}, "channel": 9}, "attempt": 1}
2026-09-13 01:16:11,886 INFO response {"request_id": "6169f9ae0751463f83bbdbea32ba2b82", "http_status": 200, "body": {"accepted": true, "real_timestamp_ms": 1789233368849, "virtual_time_s": 3860.435087, "measure_result": "no_signal"}}
2026-09-13 01:16:11,900 INFO request {"path": "/measure", "payload": {"arena_id": "default", "robot_id": "202601002029", "request_id": "af0a185ae7c84c50b7b1db7f4ea73785", "position": {"x": -1319.1555552391176, "y": -1319.1555552391162}, "channel": 17}, "attempt": 1}
2026-09-13 01:16:11,902 INFO response {"request_id": "af0a185ae7c84c50b7b1db7f4ea73785", "http_status": 200, "body": {"accepted": true, "real_timestamp_ms": 1789233368866, "virtual_time_s": 3866.435087, "measure_result": "direction", "svd_deg": 11.9}}
2026-09-13 01:16:11,939 INFO request {"path": "/measure", "payload": {"arena_id": "default", "robot_id": "202601002029", "request_id": "f4f4e6c721a24c2b973a778a42f79516", "position": {"x": -1319.1555552391176, "y": -1319.1555552391162}, "channel": 16}, "attempt": 1}
2026-09-13 01:16:11,955 INFO response {"request_id": "f4f4e6c721a24c2b973a778a42f79516", "http_status": 200, "body": {"accepted": true, "real_timestamp_ms": 1789233368919, "virtual_time_s": 3872.435087, "measure_result": "direction", "svd_deg": 340.59}}
2026-09-13 01:16:12,091 INFO request {"path": "/clear", "payload": {"arena_id": "default", "robot_id": "202601002029", "request_id": "e7135f74ba754490b51a3773a92ef4d4", "position": {"x": -947.3666466840721, "y": -1448.803577462555}, "channel": 16}, "attempt": 1}
2026-09-13 01:16:12,114 INFO response {"request_id": "e7135f74ba754490b51a3773a92ef4d4", "http_status": 200, "body": {"accepted": true, "real_timestamp_ms": 1789233369077, "virtual_time_s": 3956.184208, "clear_result": "success"}}
2026-09-13 01:16:12,147 INFO request {"path": "/measure", "payload": {"arena_id": "default", "robot_id": "202601002029", "request_id": "5a52c2793f2b4310b31dcfa34562fd6e", "position": {"x": -482.8444447608845, "y": -1801.9999999999995}, "channel": 2}, "attempt": 1}
2026-09-13 01:16:12,163 INFO response {"request_id": "5a52c2793f2b4310b31dcfa34562fd6e", "http_status": 200, "body": {"accepted": true, "real_timestamp_ms": 1789233369127, "virtual_time_s": 4078.893863, "measure_result": "no_signal"}}
2026-09-13 01:16:12,178 INFO request {"path": "/measure", "payload": {"arena_id": "default", "robot_id": "202601002029", "request_id": "0e58ff4da7024647bd9437b1657a28f9", "position": {"x": -482.8444447608845, "y": -1801.9999999999995}, "channel": 4}, "attempt": 1}
2026-09-13 01:16:12,192 INFO response {"request_id": "0e58ff4da7024647bd9437b1657a28f9", "http_status": 200, "body": {"accepted": true, "real_timestamp_ms": 1789233369156, "virtual_time_s": 4084.893863, "measure_result": "no_signal"}}
2026-09-13 01:16:12,208 INFO request {"path": "/measure", "payload": {"arena_id": "default", "robot_id": "202601002029", "request_id": "9005c1eac9e9451c86e5d1e8df372d2c", "position": {"x": -482.8444447608845, "y": -1801.9999999999995}, "channel": 5}, "attempt": 1}
2026-09-13 01:16:12,222 INFO response {"request_id": "9005c1eac9e9451c86e5d1e8df372d2c", "http_status": 200, "body": {"accepted": true, "real_timestamp_ms": 1789233369186, "virtual_time_s": 4090.893863, "measure_result": "no_signal"}}
2026-09-13 01:16:12,238 INFO request {"path": "/measure", "payload": {"arena_id": "default", "robot_id": "202601002029", "request_id": "68479a11600f4d1897d70044cd19c0cb", "position": {"x": -482.8444447608845, "y": -1801.9999999999995}, "channel": 7}, "attempt": 1}
2026-09-13 01:16:12,250 INFO response {"request_id": "68479a11600f4d1897d70044cd19c0cb", "http_status": 200, "body": {"accepted": true, "real_timestamp_ms": 1789233369214, "virtual_time_s": 4096.893863, "measure_result": "no_signal"}}
2026-09-13 01:16:12,281 INFO request {"path": "/measure", "payload": {"arena_id": "default", "robot_id": "202601002029", "request_id": "82ea977420b74332a94e00de73ef2e18", "position": {"x": -482.8444447608845, "y": -1801.9999999999995}, "channel": 9}, "attempt": 1}
2026-09-13 01:16:12,284 INFO response {"request_id": "82ea977420b74332a94e00de73ef2e18", "http_status": 200, "body": {"accepted": true, "real_timestamp_ms": 1789233369248, "virtual_time_s": 4102.893863, "measure_result": "no_signal"}}
2026-09-13 01:16:12,315 INFO request {"path": "/measure", "payload": {"arena_id": "default", "robot_id": "202601002029", "request_id": "6811774dff7d42dfa9ef9333feb3ace2", "position": {"x": -482.8444447608845, "y": -1801.9999999999995}, "channel": 19}, "attempt": 1}
2026-09-13 01:16:12,316 INFO response {"request_id": "6811774dff7d42dfa9ef9333feb3ace2", "http_status": 200, "body": {"accepted": true, "real_timestamp_ms": 1789233369280, "virtual_time_s": 4108.893863, "measure_result": "no_signal"}}
2026-09-13 01:16:12,347 INFO request {"path": "/measure", "payload": {"arena_id": "default", "robot_id": "202601002029", "request_id": "1125bf4889a64591b17dccbfcb530952", "position": {"x": -482.8444447608845, "y": -1801.9999999999995}, "channel": 17}, "attempt": 1}
2026-09-13 01:16:12,349 INFO response {"request_id": "1125bf4889a64591b17dccbfcb530952", "http_status": 200, "body": {"accepted": true, "real_timestamp_ms": 1789233369313, "virtual_time_s": 4114.893863, "measure_result": "direction", "svd_deg": 95.65}}
2026-09-13 01:16:12,430 INFO request {"path": "/measure", "payload": {"arena_id": "default", "robot_id": "202601002029", "request_id": "c0bf18e4a7f14fe29f5e0aa99931a493", "position": {"x": 482.84444476088225, "y": -1802.0000000000002}, "channel": 2}, "attempt": 1}
2026-09-13 01:16:12,447 INFO response {"request_id": "c0bf18e4a7f14fe29f5e0aa99931a493", "http_status": 200, "body": {"accepted": true, "real_timestamp_ms": 1789233369411, "virtual_time_s": 4314.031641, "measure_result": "no_signal"}}
2026-09-13 01:16:12,463 INFO request {"path": "/measure", "payload": {"arena_id": "default", "robot_id": "202601002029", "request_id": "e6eab0e4f65d4e29b96ce4192a06aca9", "position": {"x": 482.84444476088225, "y": -1802.0000000000002}, "channel": 4}, "attempt": 1}
2026-09-13 01:16:12,478 INFO response {"request_id": "e6eab0e4f65d4e29b96ce4192a06aca9", "http_status": 200, "body": {"accepted": true, "real_timestamp_ms": 1789233369441, "virtual_time_s": 4320.031641, "measure_result": "no_signal"}}
2026-09-13 01:16:12,494 INFO request {"path": "/measure", "payload": {"arena_id": "default", "robot_id": "202601002029", "request_id": "b3c575029a21455f89b384abe5d2007d", "position": {"x": 482.84444476088225, "y": -1802.0000000000002}, "channel": 5}, "attempt": 1}
2026-09-13 01:16:12,497 INFO response {"request_id": "b3c575029a21455f89b384abe5d2007d", "http_status": 200, "body": {"accepted": true, "real_timestamp_ms": 1789233369460, "virtual_time_s": 4326.031641, "measure_result": "no_signal"}}
2026-09-13 01:16:12,528 INFO request {"path": "/measure", "payload": {"arena_id": "default", "robot_id": "202601002029", "request_id": "09b28b5ed0c14fe8bf5b33a3cf555be8", "position": {"x": 482.84444476088225, "y": -1802.0000000000002}, "channel": 7}, "attempt": 1}
2026-09-13 01:16:12,546 INFO response {"request_id": "09b28b5ed0c14fe8bf5b33a3cf555be8", "http_status": 200, "body": {"accepted": true, "real_timestamp_ms": 1789233369510, "virtual_time_s": 4332.031641, "measure_result": "no_signal"}}
2026-09-13 01:16:12,562 INFO request {"path": "/measure", "payload": {"arena_id": "default", "robot_id": "202601002029", "request_id": "4e4a32800d30462d9fa4db5370c38644", "position": {"x": 482.84444476088225, "y": -1802.0000000000002}, "channel": 9}, "attempt": 1}
2026-09-13 01:16:12,563 INFO response {"request_id": "4e4a32800d30462d9fa4db5370c38644", "http_status": 200, "body": {"accepted": true, "real_timestamp_ms": 1789233369527, "virtual_time_s": 4338.031641, "measure_result": "no_signal"}}
2026-09-13 01:16:12,595 INFO request {"path": "/measure", "payload": {"arena_id": "default", "robot_id": "202601002029", "request_id": "c4ec9dcc5f9c4973b6c0273bd1c0d00f", "position": {"x": 482.84444476088225, "y": -1802.0000000000002}, "channel": 19}, "attempt": 1}
2026-09-13 01:16:12,616 INFO response {"request_id": "c4ec9dcc5f9c4973b6c0273bd1c0d00f", "http_status": 200, "body": {"accepted": true, "real_timestamp_ms": 1789233369579, "virtual_time_s": 4344.031641, "measure_result": "no_signal"}}
2026-09-13 01:16:12,714 INFO request {"path": "/measure", "payload": {"arena_id": "default", "robot_id": "202601002029", "request_id": "8e1a6bb71b3b4522819418787a4cc499", "position": {"x": 1319.1555552391164, "y": -1319.1555552391171}, "channel": 19}, "attempt": 1}
2026-09-13 01:16:12,735 INFO response {"request_id": "8e1a6bb71b3b4522819418787a4cc499", "http_status": 200, "body": {"accepted": true, "real_timestamp_ms": 1789233369698, "virtual_time_s": 4542.169419, "measure_result": "no_signal"}}
2026-09-13 01:16:12,751 INFO request {"path": "/measure", "payload": {"arena_id": "default", "robot_id": "202601002029", "request_id": "abf5843b9548482e80eca35685e34629", "position": {"x": 1319.1555552391164, "y": -1319.1555552391171}, "channel": 2}, "attempt": 1}
2026-09-13 01:16:12,753 INFO response {"request_id": "abf5843b9548482e80eca35685e34629", "http_status": 200, "body": {"accepted": true, "real_timestamp_ms": 1789233369717, "virtual_time_s": 4548.169419, "measure_result": "no_signal"}}
2026-09-13 01:16:12,770 INFO request {"path": "/measure", "payload": {"arena_id": "default", "robot_id": "202601002029", "request_id": "05bdc2a97bb34a299714b0c84d250269", "position": {"x": 1319.1555552391164, "y": -1319.1555552391171}, "channel": 4}, "attempt": 1}
2026-09-13 01:16:12,784 INFO response {"request_id": "05bdc2a97bb34a299714b0c84d250269", "http_status": 200, "body": {"accepted": true, "real_timestamp_ms": 1789233369748, "virtual_time_s": 4554.169419, "measure_result": "no_signal"}}
2026-09-13 01:16:12,799 INFO request {"path": "/measure", "payload": {"arena_id": "default", "robot_id": "202601002029", "request_id": "3c5781f71f444749baeec3f786df4c49", "position": {"x": 1319.1555552391164, "y": -1319.1555552391171}, "channel": 5}, "attempt": 1}
2026-09-13 01:16:12,802 INFO response {"request_id": "3c5781f71f444749baeec3f786df4c49", "http_status": 200, "body": {"accepted": true, "real_timestamp_ms": 1789233369765, "virtual_time_s": 4560.169419, "measure_result": "no_signal"}}
2026-09-13 01:16:12,817 INFO request {"path": "/measure", "payload": {"arena_id": "default", "robot_id": "202601002029", "request_id": "fffd39cdc3d34b27ada588dadcb18cd2", "position": {"x": 1319.1555552391164, "y": -1319.1555552391171}, "channel": 7}, "attempt": 1}
2026-09-13 01:16:12,819 INFO response {"request_id": "fffd39cdc3d34b27ada588dadcb18cd2", "http_status": 200, "body": {"accepted": true, "real_timestamp_ms": 1789233369783, "virtual_time_s": 4566.169419, "measure_result": "no_signal"}}
2026-09-13 01:16:12,850 INFO request {"path": "/measure", "payload": {"arena_id": "default", "robot_id": "202601002029", "request_id": "5cd22c6ad35e4cac86c17d395adbc42f", "position": {"x": 1319.1555552391164, "y": -1319.1555552391171}, "channel": 9}, "attempt": 1}
2026-09-13 01:16:12,852 INFO response {"request_id": "5cd22c6ad35e4cac86c17d395adbc42f", "http_status": 200, "body": {"accepted": true, "real_timestamp_ms": 1789233369816, "virtual_time_s": 4572.169419, "measure_result": "no_signal"}}
2026-09-13 01:16:12,926 INFO request {"path": "/measure", "payload": {"arena_id": "default", "robot_id": "202601002029", "request_id": "c66ce840d743440d878bfe48d5b02ca7", "position": {"x": 1801.9999999999995, "y": -482.84444476088464}, "channel": 9}, "attempt": 1}
2026-09-13 01:16:12,942 INFO response {"request_id": "c66ce840d743440d878bfe48d5b02ca7", "http_status": 200, "body": {"accepted": true, "real_timestamp_ms": 1789233369906, "virtual_time_s": 4770.307197, "measure_result": "no_signal"}}
2026-09-13 01:16:12,958 INFO request {"path": "/measure", "payload": {"arena_id": "default", "robot_id": "202601002029", "request_id": "1c71fce550c941ebab848b3c716e7f3d", "position": {"x": 1801.9999999999995, "y": -482.84444476088464}, "channel": 2}, "attempt": 1}
2026-09-13 01:16:12,960 INFO response {"request_id": "1c71fce550c941ebab848b3c716e7f3d", "http_status": 200, "body": {"accepted": true, "real_timestamp_ms": 1789233369924, "virtual_time_s": 4776.307197, "measure_result": "no_signal"}}
2026-09-13 01:16:12,991 INFO request {"path": "/measure", "payload": {"arena_id": "default", "robot_id": "202601002029", "request_id": "61760aae881749a081a344eb979557c5", "position": {"x": 1801.9999999999995, "y": -482.84444476088464}, "channel": 4}, "attempt": 1}
2026-09-13 01:16:13,012 INFO response {"request_id": "61760aae881749a081a344eb979557c5", "http_status": 200, "body": {"accepted": true, "real_timestamp_ms": 1789233369976, "virtual_time_s": 4782.307197, "measure_result": "no_signal"}}
2026-09-13 01:16:13,027 INFO request {"path": "/measure", "payload": {"arena_id": "default", "robot_id": "202601002029", "request_id": "d20fdc247f5447e88cf54b435ddc0ebc", "position": {"x": 1801.9999999999995, "y": -482.84444476088464}, "channel": 5}, "attempt": 1}
2026-09-13 01:16:13,041 INFO response {"request_id": "d20fdc247f5447e88cf54b435ddc0ebc", "http_status": 200, "body": {"accepted": true, "real_timestamp_ms": 1789233370004, "virtual_time_s": 4788.307197, "measure_result": "no_signal"}}
2026-09-13 01:16:13,055 INFO request {"path": "/measure", "payload": {"arena_id": "default", "robot_id": "202601002029", "request_id": "20aeec5ea81d45d69283f72841637e82", "position": {"x": 1801.9999999999995, "y": -482.84444476088464}, "channel": 7}, "attempt": 1}
2026-09-13 01:16:13,057 INFO response {"request_id": "20aeec5ea81d45d69283f72841637e82", "http_status": 200, "body": {"accepted": true, "real_timestamp_ms": 1789233370021, "virtual_time_s": 4794.307197, "measure_result": "no_signal"}}
2026-09-13 01:16:13,088 INFO request {"path": "/measure", "payload": {"arena_id": "default", "robot_id": "202601002029", "request_id": "722a146a6f4e47a1b39a51dacacf1c3c", "position": {"x": 1801.9999999999995, "y": -482.84444476088464}, "channel": 19}, "attempt": 1}
2026-09-13 01:16:13,108 INFO response {"request_id": "722a146a6f4e47a1b39a51dacacf1c3c", "http_status": 200, "body": {"accepted": true, "real_timestamp_ms": 1789233370072, "virtual_time_s": 4800.307197, "measure_result": "no_signal"}}
2026-09-13 01:16:13,179 INFO request {"path": "/measure", "payload": {"arena_id": "default", "robot_id": "202601002029", "request_id": "2b7a0151e8c040a3aaf1b86fc6427301", "position": {"x": 1802.0, "y": 482.84444476088305}, "channel": 19}, "attempt": 1}
2026-09-13 01:16:13,180 INFO response {"request_id": "2b7a0151e8c040a3aaf1b86fc6427301", "http_status": 200, "body": {"accepted": true, "real_timestamp_ms": 1789233370145, "virtual_time_s": 4998.444975, "measure_result": "no_signal"}}
2026-09-13 01:16:13,211 INFO request {"path": "/measure", "payload": {"arena_id": "default", "robot_id": "202601002029", "request_id": "a8009479da104b10b2f86b52c6217557", "position": {"x": 1802.0, "y": 482.84444476088305}, "channel": 2}, "attempt": 1}
2026-09-13 01:16:13,227 INFO response {"request_id": "a8009479da104b10b2f86b52c6217557", "http_status": 200, "body": {"accepted": true, "real_timestamp_ms": 1789233370192, "virtual_time_s": 5004.444975, "measure_result": "no_signal"}}
2026-09-13 01:16:13,243 INFO request {"path": "/measure", "payload": {"arena_id": "default", "robot_id": "202601002029", "request_id": "4ba57b1b41fc4fd987fa4b7100e27d20", "position": {"x": 1802.0, "y": 482.84444476088305}, "channel": 4}, "attempt": 1}
2026-09-13 01:16:13,258 INFO response {"request_id": "4ba57b1b41fc4fd987fa4b7100e27d20", "http_status": 200, "body": {"accepted": true, "real_timestamp_ms": 1789233370221, "virtual_time_s": 5010.444975, "measure_result": "no_signal"}}
2026-09-13 01:16:13,273 INFO request {"path": "/measure", "payload": {"arena_id": "default", "robot_id": "202601002029", "request_id": "7c1f16b3fe49415b8a9f8638fedf01fd", "position": {"x": 1802.0, "y": 482.84444476088305}, "channel": 5}, "attempt": 1}
2026-09-13 01:16:13,275 INFO response {"request_id": "7c1f16b3fe49415b8a9f8638fedf01fd", "http_status": 200, "body": {"accepted": true, "real_timestamp_ms": 1789233370239, "virtual_time_s": 5016.444975, "measure_result": "no_signal"}}
2026-09-13 01:16:13,306 INFO request {"path": "/measure", "payload": {"arena_id": "default", "robot_id": "202601002029", "request_id": "58de7e26b515477abb4bcf3865e55a66", "position": {"x": 1802.0, "y": 482.84444476088305}, "channel": 7}, "attempt": 1}
2026-09-13 01:16:13,308 INFO response {"request_id": "58de7e26b515477abb4bcf3865e55a66", "http_status": 200, "body": {"accepted": true, "real_timestamp_ms": 1789233370272, "virtual_time_s": 5022.444975, "measure_result": "no_signal"}}
2026-09-13 01:16:13,339 INFO request {"path": "/measure", "payload": {"arena_id": "default", "robot_id": "202601002029", "request_id": "93b2776cd0e944f6ba28eb887fc0c6b7", "position": {"x": 1802.0, "y": 482.84444476088305}, "channel": 9}, "attempt": 1}
2026-09-13 01:16:13,341 INFO response {"request_id": "93b2776cd0e944f6ba28eb887fc0c6b7", "http_status": 200, "body": {"accepted": true, "real_timestamp_ms": 1789233370305, "virtual_time_s": 5028.444975, "measure_result": "no_signal"}}
2026-09-13 01:16:13,373 INFO request {"path": "/measure", "payload": {"arena_id": "default", "robot_id": "202601002029", "request_id": "c6a6a28eea5b4645acf482a071eb6b7a", "position": {"x": 1802.0, "y": 482.84444476088305}, "channel": 15}, "attempt": 1}
2026-09-13 01:16:13,386 INFO response {"request_id": "c6a6a28eea5b4645acf482a071eb6b7a", "http_status": 200, "body": {"accepted": true, "real_timestamp_ms": 1789233370349, "virtual_time_s": 5034.444975, "measure_result": "direction", "svd_deg": 138.19}}
2026-09-13 01:16:13,396 INFO request {"path": "/clear", "payload": {"arena_id": "default", "robot_id": "202601002029", "request_id": "3f8b2e5744654f3982691d1b26152241", "position": {"x": 1324.813561807843, "y": 909.376411119667}, "channel": 15}, "attempt": 1}
2026-09-13 01:16:13,415 INFO response {"request_id": "3f8b2e5744654f3982691d1b26152241", "http_status": 200, "body": {"accepted": true, "real_timestamp_ms": 1789233370379, "virtual_time_s": 5167.450665, "clear_result": "success"}}
2026-09-13 01:16:13,430 INFO request {"path": "/measure", "payload": {"arena_id": "default", "robot_id": "202601002029", "request_id": "1242c41500484fd18c86c1de05ee27e2", "position": {"x": 1319.155555239117, "y": 1319.155555239117}, "channel": 2}, "attempt": 1}
2026-09-13 01:16:13,432 INFO response {"request_id": "1242c41500484fd18c86c1de05ee27e2", "http_status": 200, "body": {"accepted": true, "real_timestamp_ms": 1789233370396, "virtual_time_s": 5255.414306, "measure_result": "no_signal"}}
2026-09-13 01:16:13,463 INFO request {"path": "/measure", "payload": {"arena_id": "default", "robot_id": "202601002029", "request_id": "781ec7491a0841af9d3b4c7710154910", "position": {"x": 1319.155555239117, "y": 1319.155555239117}, "channel": 4}, "attempt": 1}
2026-09-13 01:16:13,465 INFO response {"request_id": "781ec7491a0841af9d3b4c7710154910", "http_status": 200, "body": {"accepted": true, "real_timestamp_ms": 1789233370429, "virtual_time_s": 5261.414306, "measure_result": "no_signal"}}
2026-09-13 01:16:13,497 INFO request {"path": "/measure", "payload": {"arena_id": "default", "robot_id": "202601002029", "request_id": "bea9b5d2d185405c9d9540a3c991e637", "position": {"x": 1319.155555239117, "y": 1319.155555239117}, "channel": 5}, "attempt": 1}
2026-09-13 01:16:13,514 INFO response {"request_id": "bea9b5d2d185405c9d9540a3c991e637", "http_status": 200, "body": {"accepted": true, "real_timestamp_ms": 1789233370478, "virtual_time_s": 5267.414306, "measure_result": "no_signal"}}
2026-09-13 01:16:13,529 INFO request {"path": "/measure", "payload": {"arena_id": "default", "robot_id": "202601002029", "request_id": "6043c1165c064d3da2475a7e1d8f6a4e", "position": {"x": 1319.155555239117, "y": 1319.155555239117}, "channel": 7}, "attempt": 1}
2026-09-13 01:16:13,532 INFO response {"request_id": "6043c1165c064d3da2475a7e1d8f6a4e", "http_status": 200, "body": {"accepted": true, "real_timestamp_ms": 1789233370495, "virtual_time_s": 5273.414306, "measure_result": "no_signal"}}
2026-09-13 01:16:13,562 INFO request {"path": "/measure", "payload": {"arena_id": "default", "robot_id": "202601002029", "request_id": "f13f88bd3e5f4e5ba4ac57444377dad1", "position": {"x": 1319.155555239117, "y": 1319.155555239117}, "channel": 9}, "attempt": 1}
2026-09-13 01:16:13,566 INFO response {"request_id": "f13f88bd3e5f4e5ba4ac57444377dad1", "http_status": 200, "body": {"accepted": true, "real_timestamp_ms": 1789233370529, "virtual_time_s": 5279.414306, "measure_result": "no_signal"}}
2026-09-13 01:16:13,597 INFO request {"path": "/measure", "payload": {"arena_id": "default", "robot_id": "202601002029", "request_id": "15dae5add2c04699b211aadfbb64adc9", "position": {"x": 1319.155555239117, "y": 1319.155555239117}, "channel": 19}, "attempt": 1}
2026-09-13 01:16:13,598 INFO response {"request_id": "15dae5add2c04699b211aadfbb64adc9", "http_status": 200, "body": {"accepted": true, "real_timestamp_ms": 1789233370562, "virtual_time_s": 5285.414306, "measure_result": "no_signal"}}
2026-09-13 01:16:13,615 INFO request {"path": "/clear", "payload": {"arena_id": "default", "robot_id": "202601002029", "request_id": "ac8c24c789854b5fa6284a9f9404e931", "position": {"x": 851.1273181421924, "y": 1026.6289395418623}, "channel": 10}, "attempt": 1}
2026-09-13 01:16:13,617 INFO response {"request_id": "ac8c24c789854b5fa6284a9f9404e931", "http_status": 200, "body": {"accepted": true, "real_timestamp_ms": 1789233370581, "virtual_time_s": 5400.799496, "clear_result": "success"}}
2026-09-13 01:16:13,649 INFO request {"path": "/clear", "payload": {"arena_id": "default", "robot_id": "202601002029", "request_id": "4ab3b995346d4602b4e0c192419d1366", "position": {"x": -687.8731627762431, "y": 1143.1065583289935}, "channel": 13}, "attempt": 1}
2026-09-13 01:16:13,650 INFO response {"request_id": "4ab3b995346d4602b4e0c192419d1366", "http_status": 200, "body": {"accepted": true, "real_timestamp_ms": 1789233370614, "virtual_time_s": 5714.479882, "clear_result": "success"}}
2026-09-13 01:16:13,681 INFO request {"path": "/clear", "payload": {"arena_id": "default", "robot_id": "202601002029", "request_id": "d6714781d59f421ea84a85061932e7ca", "position": {"x": -756.2011435650404, "y": 1003.2419072832616}, "channel": 11}, "attempt": 1}
2026-09-13 01:16:13,684 INFO response {"request_id": "d6714781d59f421ea84a85061932e7ca", "http_status": 200, "body": {"accepted": true, "real_timestamp_ms": 1789233370648, "virtual_time_s": 5750.612395, "clear_result": "success"}}
2026-09-13 01:16:13,715 INFO request {"path": "/clear", "payload": {"arena_id": "default", "robot_id": "202601002029", "request_id": "2ba82080bdf543579273ff07ecfb4305", "position": {"x": -770.3982869794843, "y": 804.6989741861878}, "channel": 20}, "attempt": 1}
2026-09-13 01:16:13,718 INFO response {"request_id": "2ba82080bdf543579273ff07ecfb4305", "http_status": 200, "body": {"accepted": true, "real_timestamp_ms": 1789233370681, "virtual_time_s": 5795.422371, "clear_result": "success"}}
2026-09-13 01:16:13,749 INFO request {"path": "/clear", "payload": {"arena_id": "default", "robot_id": "202601002029", "request_id": "47359a00c40d457786fc2cfce2c76a0f", "position": {"x": -514.6536121454424, "y": 667.4085660808967}, "channel": 6}, "attempt": 1}
2026-09-13 01:16:13,769 INFO response {"request_id": "47359a00c40d457786fc2cfce2c76a0f", "http_status": 200, "body": {"accepted": true, "real_timestamp_ms": 1789233370732, "virtual_time_s": 5858.475448, "clear_result": "success"}}
2026-09-13 01:16:13,769 INFO request {"path": "/clear", "payload": {"arena_id": "default", "robot_id": "202601002029", "request_id": "d5f65f2836d54bc6acfe72415dd1b831", "position": {"x": 347.2927308975096, "y": -82.5608503786815}, "channel": 12}, "attempt": 1}
2026-09-13 01:16:13,772 INFO response {"request_id": "d5f65f2836d54bc6acfe72415dd1b831", "http_status": 200, "body": {"accepted": true, "real_timestamp_ms": 1789233370736, "virtual_time_s": 6091.984146, "clear_result": "success"}}
2026-09-13 01:16:13,803 INFO request {"path": "/clear", "payload": {"arena_id": "default", "robot_id": "202601002029", "request_id": "b523c539559b4c0dac851f69859ff037", "position": {"x": -546.4799228937213, "y": -1156.097034060491}, "channel": 17}, "attempt": 1}
2026-09-13 01:16:13,818 INFO response {"request_id": "b523c539559b4c0dac851f69859ff037", "http_status": 200, "body": {"accepted": true, "real_timestamp_ms": 1789233370782, "virtual_time_s": 6376.362706, "clear_result": "success"}}
2026-09-13 01:16:13,835 INFO request {"path": "/exit", "payload": {"arena_id": "default", "robot_id": "202601002029", "request_id": "66bfedebfa2747d5b0c1233b33c4e053"}, "attempt": 1}
2026-09-13 01:16:13,836 INFO response {"request_id": "66bfedebfa2747d5b0c1233b33c4e053", "http_status": 200, "body": {"accepted": true, "real_timestamp_ms": 1789233370800, "virtual_time_s": 6376.362706, "exit_reason": "user_exit"}}
