2026-09-13 11:57:02,658 INFO request {"path": "/enter", "payload": {"arena_id": "default", "robot_id": "202601002029", "request_id": "c644be7fc9874fb482bc3dfbdaf07af6"}, "attempt": 1}
2026-09-13 11:57:02,662 INFO response {"request_id": "c644be7fc9874fb482bc3dfbdaf07af6", "http_status": 200, "body": {"accepted": true, "real_timestamp_ms": 1789271818626, "virtual_time_s": 0, "max_virtual_duration_s": 360000, "max_real_duration_s": 1200, "remaining_real_duration_s": 1200}}
2026-09-13 11:57:02,703 INFO request {"path": "/measure", "payload": {"arena_id": "default", "robot_id": "202601002029", "request_id": "529893ad6c064791b6a5c138c8a5a543", "position": {"x": 0.0, "y": 0.0}, "channel": 1}, "attempt": 1}
2026-09-13 11:57:02,719 INFO response {"request_id": "529893ad6c064791b6a5c138c8a5a543", "http_status": 200, "body": {"accepted": true, "real_timestamp_ms": 1789271818682, "virtual_time_s": 5, "measure_result": "no_signal"}}
2026-09-13 11:57:02,722 INFO request {"path": "/measure", "payload": {"arena_id": "default", "robot_id": "202601002029", "request_id": "c94c31b7c70e40c6a1b7aeb98e0c65a1", "position": {"x": 0.0, "y": 0.0}, "channel": 2}, "attempt": 1}
2026-09-13 11:57:02,749 INFO response {"request_id": "c94c31b7c70e40c6a1b7aeb98e0c65a1", "http_status": 200, "body": {"accepted": true, "real_timestamp_ms": 1789271818712, "virtual_time_s": 11, "measure_result": "no_signal"}}
2026-09-13 11:57:02,763 INFO request {"path": "/measure", "payload": {"arena_id": "default", "robot_id": "202601002029", "request_id": "91ecd1f33d1f4b95a7639b817d61ac87", "position": {"x": 0.0, "y": 0.0}, "channel": 3}, "attempt": 1}
2026-09-13 11:57:02,766 INFO response {"request_id": "91ecd1f33d1f4b95a7639b817d61ac87", "http_status": 200, "body": {"accepted": true, "real_timestamp_ms": 1789271818729, "virtual_time_s": 17, "measure_result": "no_signal"}}
2026-09-13 11:57:02,797 INFO request {"path": "/measure", "payload": {"arena_id": "default", "robot_id": "202601002029", "request_id": "09e18b7028ec42148b1595f628c88cca", "position": {"x": 0.0, "y": 0.0}, "channel": 4}, "attempt": 1}
2026-09-13 11:57:02,800 INFO response {"request_id": "09e18b7028ec42148b1595f628c88cca", "http_status": 200, "body": {"accepted": true, "real_timestamp_ms": 1789271818763, "virtual_time_s": 23, "measure_result": "no_signal"}}
2026-09-13 11:57:02,815 INFO request {"path": "/measure", "payload": {"arena_id": "default", "robot_id": "202601002029", "request_id": "df206a875e33408ea2c314e6cfa61562", "position": {"x": 0.0, "y": 0.0}, "channel": 5}, "attempt": 1}
2026-09-13 11:57:02,827 INFO response {"request_id": "df206a875e33408ea2c314e6cfa61562", "http_status": 200, "body": {"accepted": true, "real_timestamp_ms": 1789271818790, "virtual_time_s": 29, "measure_result": "no_signal"}}
2026-09-13 11:57:02,860 INFO request {"path": "/measure", "payload": {"arena_id": "default", "robot_id": "202601002029", "request_id": "7bb475e579644c76b700d132361dfaf4", "position": {"x": 0.0, "y": 0.0}, "channel": 6}, "attempt": 1}
2026-09-13 11:57:02,862 INFO response {"request_id": "7bb475e579644c76b700d132361dfaf4", "http_status": 200, "body": {"accepted": true, "real_timestamp_ms": 1789271818826, "virtual_time_s": 35, "measure_result": "no_signal"}}
2026-09-13 11:57:02,877 INFO request {"path": "/measure", "payload": {"arena_id": "default", "robot_id": "202601002029", "request_id": "7d99c8d17b9d45adaf1d8dc9bed3ec21", "position": {"x": 0.0, "y": 0.0}, "channel": 7}, "attempt": 1}
2026-09-13 11:57:02,880 INFO response {"request_id": "7d99c8d17b9d45adaf1d8dc9bed3ec21", "http_status": 200, "body": {"accepted": true, "real_timestamp_ms": 1789271818843, "virtual_time_s": 41, "measure_result": "direction", "svd_deg": 73.13}}
2026-09-13 11:57:02,919 INFO request {"path": "/measure", "payload": {"arena_id": "default", "robot_id": "202601002029", "request_id": "fa2aad4771784d218dc63d9d621a1e90", "position": {"x": 0.0, "y": 0.0}, "channel": 8}, "attempt": 1}
2026-09-13 11:57:02,922 INFO response {"request_id": "fa2aad4771784d218dc63d9d621a1e90", "http_status": 200, "body": {"accepted": true, "real_timestamp_ms": 1789271818885, "virtual_time_s": 47, "measure_result": "no_signal"}}
2026-09-13 11:57:02,953 INFO request {"path": "/measure", "payload": {"arena_id": "default", "robot_id": "202601002029", "request_id": "67b2f9fe3c3149688afd24eaa5f86a66", "position": {"x": 0.0, "y": 0.0}, "channel": 9}, "attempt": 1}
2026-09-13 11:57:02,968 INFO response {"request_id": "67b2f9fe3c3149688afd24eaa5f86a66", "http_status": 200, "body": {"accepted": true, "real_timestamp_ms": 1789271818931, "virtual_time_s": 53, "measure_result": "no_signal"}}
2026-09-13 11:57:02,983 INFO request {"path": "/measure", "payload": {"arena_id": "default", "robot_id": "202601002029", "request_id": "0f5b484d3a8b474a9d39d8ae77904a8f", "position": {"x": 0.0, "y": 0.0}, "channel": 10}, "attempt": 1}
2026-09-13 11:57:02,999 INFO response {"request_id": "0f5b484d3a8b474a9d39d8ae77904a8f", "http_status": 200, "body": {"accepted": true, "real_timestamp_ms": 1789271818963, "virtual_time_s": 59, "measure_result": "direction", "svd_deg": 28.76}}
2026-09-13 11:57:03,017 INFO request {"path": "/measure", "payload": {"arena_id": "default", "robot_id": "202601002029", "request_id": "2b0d74f76e8c42c193a87f92b0112cec", "position": {"x": 0.0, "y": 0.0}, "channel": 11}, "attempt": 1}
2026-09-13 11:57:03,028 INFO response {"request_id": "2b0d74f76e8c42c193a87f92b0112cec", "http_status": 200, "body": {"accepted": true, "real_timestamp_ms": 1789271818992, "virtual_time_s": 65, "measure_result": "no_signal"}}
2026-09-13 11:57:03,044 INFO request {"path": "/measure", "payload": {"arena_id": "default", "robot_id": "202601002029", "request_id": "052539c770a94951a7ce4226009a65d9", "position": {"x": 0.0, "y": 0.0}, "channel": 12}, "attempt": 1}
2026-09-13 11:57:03,045 INFO response {"request_id": "052539c770a94951a7ce4226009a65d9", "http_status": 200, "body": {"accepted": true, "real_timestamp_ms": 1789271819009, "virtual_time_s": 71, "measure_result": "no_signal"}}
2026-09-13 11:57:03,075 INFO request {"path": "/measure", "payload": {"arena_id": "default", "robot_id": "202601002029", "request_id": "4441a7e7e4ab40cab0751931b414e7d3", "position": {"x": 0.0, "y": 0.0}, "channel": 13}, "attempt": 1}
2026-09-13 11:57:03,082 INFO response {"request_id": "4441a7e7e4ab40cab0751931b414e7d3", "http_status": 200, "body": {"accepted": true, "real_timestamp_ms": 1789271819046, "virtual_time_s": 77, "measure_result": "no_signal"}}
2026-09-13 11:57:03,097 INFO request {"path": "/measure", "payload": {"arena_id": "default", "robot_id": "202601002029", "request_id": "a641f93cb7bc45ffaec3c63f807bdd7b", "position": {"x": 0.0, "y": 0.0}, "channel": 14}, "attempt": 1}
2026-09-13 11:57:03,098 INFO response {"request_id": "a641f93cb7bc45ffaec3c63f807bdd7b", "http_status": 200, "body": {"accepted": true, "real_timestamp_ms": 1789271819062, "virtual_time_s": 83, "measure_result": "no_signal"}}
2026-09-13 11:57:03,128 INFO request {"path": "/measure", "payload": {"arena_id": "default", "robot_id": "202601002029", "request_id": "e3df1d7c0d9247a293067647faa9b5f1", "position": {"x": 0.0, "y": 0.0}, "channel": 15}, "attempt": 1}
2026-09-13 11:57:03,130 INFO response {"request_id": "e3df1d7c0d9247a293067647faa9b5f1", "http_status": 200, "body": {"accepted": true, "real_timestamp_ms": 1789271819094, "virtual_time_s": 89, "measure_result": "no_signal"}}
2026-09-13 11:57:03,161 INFO request {"path": "/measure", "payload": {"arena_id": "default", "robot_id": "202601002029", "request_id": "d03f87f66cd64089a5f345db30bdcf21", "position": {"x": 0.0, "y": 0.0}, "channel": 16}, "attempt": 1}
2026-09-13 11:57:03,183 INFO response {"request_id": "d03f87f66cd64089a5f345db30bdcf21", "http_status": 200, "body": {"accepted": true, "real_timestamp_ms": 1789271819146, "virtual_time_s": 95, "measure_result": "no_signal"}}
2026-09-13 11:57:03,197 INFO request {"path": "/measure", "payload": {"arena_id": "default", "robot_id": "202601002029", "request_id": "8710184e8ee149de91e3944c6a56646e", "position": {"x": 0.0, "y": 0.0}, "channel": 17}, "attempt": 1}
2026-09-13 11:57:03,198 INFO response {"request_id": "8710184e8ee149de91e3944c6a56646e", "http_status": 200, "body": {"accepted": true, "real_timestamp_ms": 1789271819162, "virtual_time_s": 101, "measure_result": "no_signal"}}
2026-09-13 11:57:03,229 INFO request {"path": "/measure", "payload": {"arena_id": "default", "robot_id": "202601002029", "request_id": "78bf5a5b8190426f9e5810fdcdc0148f", "position": {"x": 0.0, "y": 0.0}, "channel": 18}, "attempt": 1}
2026-09-13 11:57:03,230 INFO response {"request_id": "78bf5a5b8190426f9e5810fdcdc0148f", "http_status": 200, "body": {"accepted": true, "real_timestamp_ms": 1789271819193, "virtual_time_s": 107, "measure_result": "direction", "svd_deg": 230.51}}
2026-09-13 11:57:03,264 INFO request {"path": "/measure", "payload": {"arena_id": "default", "robot_id": "202601002029", "request_id": "e604a153c9544f0fa8f869636665f6c5", "position": {"x": 0.0, "y": 0.0}, "channel": 19}, "attempt": 1}
2026-09-13 11:57:03,277 INFO response {"request_id": "e604a153c9544f0fa8f869636665f6c5", "http_status": 200, "body": {"accepted": true, "real_timestamp_ms": 1789271819241, "virtual_time_s": 113, "measure_result": "direction", "svd_deg": 30.65}}
2026-09-13 11:57:03,296 INFO request {"path": "/measure", "payload": {"arena_id": "default", "robot_id": "202601002029", "request_id": "c8a464c8b0cc4c3ab76dd3bf710ac533", "position": {"x": 0.0, "y": 0.0}, "channel": 20}, "attempt": 1}
2026-09-13 11:57:03,298 INFO response {"request_id": "c8a464c8b0cc4c3ab76dd3bf710ac533", "http_status": 200, "body": {"accepted": true, "real_timestamp_ms": 1789271819261, "virtual_time_s": 119, "measure_result": "no_signal"}}
2026-09-13 11:57:03,760 INFO request {"path": "/measure", "payload": {"arena_id": "default", "robot_id": "202601002029", "request_id": "2e73169053e5461cb54bd500aef4707f", "position": {"x": 5.674975675731977e-14, "y": 926.7938608394055}, "channel": 20}, "attempt": 1}
2026-09-13 11:57:03,761 INFO response {"request_id": "2e73169053e5461cb54bd500aef4707f", "http_status": 200, "body": {"accepted": true, "real_timestamp_ms": 1789271819726, "virtual_time_s": 309.358772, "measure_result": "direction", "svd_deg": 2.02}}
2026-09-13 11:57:03,794 INFO request {"path": "/measure", "payload": {"arena_id": "default", "robot_id": "202601002029", "request_id": "0fe1f142e4b440ea9607594ccb355dd9", "position": {"x": 5.674975675731977e-14, "y": 926.7938608394055}, "channel": 1}, "attempt": 1}
2026-09-13 11:57:03,806 INFO response {"request_id": "0fe1f142e4b440ea9607594ccb355dd9", "http_status": 200, "body": {"accepted": true, "real_timestamp_ms": 1789271819770, "virtual_time_s": 315.358772, "measure_result": "no_signal"}}
2026-09-13 11:57:03,820 INFO request {"path": "/measure", "payload": {"arena_id": "default", "robot_id": "202601002029", "request_id": "47449e311782432191b3b01b802fe80d", "position": {"x": 5.674975675731977e-14, "y": 926.7938608394055}, "channel": 2}, "attempt": 1}
2026-09-13 11:57:03,837 INFO response {"request_id": "47449e311782432191b3b01b802fe80d", "http_status": 200, "body": {"accepted": true, "real_timestamp_ms": 1789271819801, "virtual_time_s": 321.358772, "measure_result": "no_signal"}}
2026-09-13 11:57:03,852 INFO request {"path": "/measure", "payload": {"arena_id": "default", "robot_id": "202601002029", "request_id": "ead2f12899654a8c88d7c56c81b5108e", "position": {"x": 5.674975675731977e-14, "y": 926.7938608394055}, "channel": 3}, "attempt": 1}
2026-09-13 11:57:03,854 INFO response {"request_id": "ead2f12899654a8c88d7c56c81b5108e", "http_status": 200, "body": {"accepted": true, "real_timestamp_ms": 1789271819817, "virtual_time_s": 327.358772, "measure_result": "no_signal"}}
2026-09-13 11:57:03,884 INFO request {"path": "/measure", "payload": {"arena_id": "default", "robot_id": "202601002029", "request_id": "1e184c9165bf4fbb9ce6b2c66e80e1b2", "position": {"x": 5.674975675731977e-14, "y": 926.7938608394055}, "channel": 4}, "attempt": 1}
2026-09-13 11:57:03,901 INFO response {"request_id": "1e184c9165bf4fbb9ce6b2c66e80e1b2", "http_status": 200, "body": {"accepted": true, "real_timestamp_ms": 1789271819864, "virtual_time_s": 333.358772, "measure_result": "no_signal"}}
2026-09-13 11:57:03,917 INFO request {"path": "/measure", "payload": {"arena_id": "default", "robot_id": "202601002029", "request_id": "142ed9dfc8704d54949ee05901bb59af", "position": {"x": 5.674975675731977e-14, "y": 926.7938608394055}, "channel": 5}, "attempt": 1}
2026-09-13 11:57:03,919 INFO response {"request_id": "142ed9dfc8704d54949ee05901bb59af", "http_status": 200, "body": {"accepted": true, "real_timestamp_ms": 1789271819883, "virtual_time_s": 339.358772, "measure_result": "no_signal"}}
2026-09-13 11:57:03,950 INFO request {"path": "/measure", "payload": {"arena_id": "default", "robot_id": "202601002029", "request_id": "b937d119cd174f27a05f686a55c9189a", "position": {"x": 5.674975675731977e-14, "y": 926.7938608394055}, "channel": 6}, "attempt": 1}
2026-09-13 11:57:03,963 INFO response {"request_id": "b937d119cd174f27a05f686a55c9189a", "http_status": 200, "body": {"accepted": true, "real_timestamp_ms": 1789271819926, "virtual_time_s": 345.358772, "measure_result": "no_signal"}}
2026-09-13 11:57:03,977 INFO request {"path": "/measure", "payload": {"arena_id": "default", "robot_id": "202601002029", "request_id": "451472748e9d4fb6bb383b92142237f9", "position": {"x": 5.674975675731977e-14, "y": 926.7938608394055}, "channel": 8}, "attempt": 1}
2026-09-13 11:57:03,993 INFO response {"request_id": "451472748e9d4fb6bb383b92142237f9", "http_status": 200, "body": {"accepted": true, "real_timestamp_ms": 1789271819957, "virtual_time_s": 351.358772, "measure_result": "no_signal"}}
2026-09-13 11:57:04,008 INFO request {"path": "/measure", "payload": {"arena_id": "default", "robot_id": "202601002029", "request_id": "e410eff013c045e5ba06f3d233cd84c0", "position": {"x": 5.674975675731977e-14, "y": 926.7938608394055}, "channel": 9}, "attempt": 1}
2026-09-13 11:57:04,025 INFO response {"request_id": "e410eff013c045e5ba06f3d233cd84c0", "http_status": 200, "body": {"accepted": true, "real_timestamp_ms": 1789271819989, "virtual_time_s": 357.358772, "measure_result": "no_signal"}}
2026-09-13 11:57:04,041 INFO request {"path": "/measure", "payload": {"arena_id": "default", "robot_id": "202601002029", "request_id": "b70aef4795c5425186a222319e77f5ea", "position": {"x": 5.674975675731977e-14, "y": 926.7938608394055}, "channel": 11}, "attempt": 1}
2026-09-13 11:57:04,043 INFO response {"request_id": "b70aef4795c5425186a222319e77f5ea", "http_status": 200, "body": {"accepted": true, "real_timestamp_ms": 1789271820007, "virtual_time_s": 363.358772, "measure_result": "no_signal"}}
2026-09-13 11:57:04,074 INFO request {"path": "/measure", "payload": {"arena_id": "default", "robot_id": "202601002029", "request_id": "c47a23d258e94015b1449d72ed35d69b", "position": {"x": 5.674975675731977e-14, "y": 926.7938608394055}, "channel": 12}, "attempt": 1}
2026-09-13 11:57:04,076 INFO response {"request_id": "c47a23d258e94015b1449d72ed35d69b", "http_status": 200, "body": {"accepted": true, "real_timestamp_ms": 1789271820040, "virtual_time_s": 369.358772, "measure_result": "no_signal"}}
2026-09-13 11:57:04,107 INFO request {"path": "/measure", "payload": {"arena_id": "default", "robot_id": "202601002029", "request_id": "38ab3101febc489da253b13f7d532c78", "position": {"x": 5.674975675731977e-14, "y": 926.7938608394055}, "channel": 13}, "attempt": 1}
2026-09-13 11:57:04,109 INFO response {"request_id": "38ab3101febc489da253b13f7d532c78", "http_status": 200, "body": {"accepted": true, "real_timestamp_ms": 1789271820072, "virtual_time_s": 375.358772, "measure_result": "no_signal"}}
2026-09-13 11:57:04,140 INFO request {"path": "/measure", "payload": {"arena_id": "default", "robot_id": "202601002029", "request_id": "1a93ed173f5e478483ddb37f103caa2a", "position": {"x": 5.674975675731977e-14, "y": 926.7938608394055}, "channel": 14}, "attempt": 1}
2026-09-13 11:57:04,164 INFO response {"request_id": "1a93ed173f5e478483ddb37f103caa2a", "http_status": 200, "body": {"accepted": true, "real_timestamp_ms": 1789271820128, "virtual_time_s": 381.358772, "measure_result": "no_signal"}}
2026-09-13 11:57:04,164 INFO request {"path": "/measure", "payload": {"arena_id": "default", "robot_id": "202601002029", "request_id": "689e1a51af794bb3823dfcd3fc06e984", "position": {"x": 5.674975675731977e-14, "y": 926.7938608394055}, "channel": 15}, "attempt": 1}
2026-09-13 11:57:04,179 INFO response {"request_id": "689e1a51af794bb3823dfcd3fc06e984", "http_status": 200, "body": {"accepted": true, "real_timestamp_ms": 1789271820143, "virtual_time_s": 387.358772, "measure_result": "no_signal"}}
2026-09-13 11:57:04,193 INFO request {"path": "/measure", "payload": {"arena_id": "default", "robot_id": "202601002029", "request_id": "197604903d62414eac580ba6ed5517ec", "position": {"x": 5.674975675731977e-14, "y": 926.7938608394055}, "channel": 16}, "attempt": 1}
2026-09-13 11:57:04,195 INFO response {"request_id": "197604903d62414eac580ba6ed5517ec", "http_status": 200, "body": {"accepted": true, "real_timestamp_ms": 1789271820158, "virtual_time_s": 393.358772, "measure_result": "no_signal"}}
2026-09-13 11:57:04,225 INFO request {"path": "/measure", "payload": {"arena_id": "default", "robot_id": "202601002029", "request_id": "728a0ee6d4534caf87e419ecfb124d00", "position": {"x": 5.674975675731977e-14, "y": 926.7938608394055}, "channel": 17}, "attempt": 1}
2026-09-13 11:57:04,226 INFO response {"request_id": "728a0ee6d4534caf87e419ecfb124d00", "http_status": 200, "body": {"accepted": true, "real_timestamp_ms": 1789271820190, "virtual_time_s": 399.358772, "measure_result": "no_signal"}}
2026-09-13 11:57:04,271 INFO request {"path": "/measure", "payload": {"arena_id": "default", "robot_id": "202601002029", "request_id": "3865cb23e7dd43d0a113668d6b1c5fae", "position": {"x": 5.674975675731977e-14, "y": 926.7938608394055}, "channel": 19}, "attempt": 1}
2026-09-13 11:57:04,272 INFO response {"request_id": "3865cb23e7dd43d0a113668d6b1c5fae", "http_status": 200, "body": {"accepted": true, "real_timestamp_ms": 1789271820236, "virtual_time_s": 405.358772, "measure_result": "direction", "svd_deg": 309.37}}
2026-09-13 11:57:04,306 INFO request {"path": "/measure", "payload": {"arena_id": "default", "robot_id": "202601002029", "request_id": "c4fe72e83df64285976f867f1c9c6aea", "position": {"x": 5.674975675731977e-14, "y": 926.7938608394055}, "channel": 10}, "attempt": 1}
2026-09-13 11:57:04,308 INFO response {"request_id": "c4fe72e83df64285976f867f1c9c6aea", "http_status": 200, "body": {"accepted": true, "real_timestamp_ms": 1789271820271, "virtual_time_s": 411.358772, "measure_result": "direction", "svd_deg": 307.34}}
2026-09-13 11:57:04,345 INFO request {"path": "/measure", "payload": {"arena_id": "default", "robot_id": "202601002029", "request_id": "2c434b559b98433d82c18c4cbbf6963a", "position": {"x": 5.674975675731977e-14, "y": 926.7938608394055}, "channel": 7}, "attempt": 1}
2026-09-13 11:57:04,347 INFO response {"request_id": "2c434b559b98433d82c18c4cbbf6963a", "http_status": 200, "body": {"accepted": true, "real_timestamp_ms": 1789271820311, "virtual_time_s": 417.358772, "measure_result": "direction", "svd_deg": 278.63}}
2026-09-13 11:57:04,922 INFO request {"path": "/measure", "payload": {"arena_id": "default", "robot_id": "202601002029", "request_id": "9e1fc57bd7ac4c83953b98012a51f863", "position": {"x": 463.39693041970287, "y": 802.627027558385}, "channel": 1}, "attempt": 1}
2026-09-13 11:57:04,946 INFO response {"request_id": "9e1fc57bd7ac4c83953b98012a51f863", "http_status": 200, "body": {"accepted": true, "real_timestamp_ms": 1789271820909, "virtual_time_s": 519.307533, "measure_result": "no_signal"}}
2026-09-13 11:57:04,946 INFO request {"path": "/measure", "payload": {"arena_id": "default", "robot_id": "202601002029", "request_id": "33546dd1f27343d6b7c6b4b08d5318b2", "position": {"x": 463.39693041970287, "y": 802.627027558385}, "channel": 2}, "attempt": 1}
2026-09-13 11:57:04,949 INFO response {"request_id": "33546dd1f27343d6b7c6b4b08d5318b2", "http_status": 200, "body": {"accepted": true, "real_timestamp_ms": 1789271820912, "virtual_time_s": 525.307533, "measure_result": "no_signal"}}
2026-09-13 11:57:04,980 INFO request {"path": "/measure", "payload": {"arena_id": "default", "robot_id": "202601002029", "request_id": "98e6030940a04ccda0d38ef2e748c31e", "position": {"x": 463.39693041970287, "y": 802.627027558385}, "channel": 3}, "attempt": 1}
2026-09-13 11:57:04,982 INFO response {"request_id": "98e6030940a04ccda0d38ef2e748c31e", "http_status": 200, "body": {"accepted": true, "real_timestamp_ms": 1789271820945, "virtual_time_s": 531.307533, "measure_result": "no_signal"}}
2026-09-13 11:57:05,013 INFO request {"path": "/measure", "payload": {"arena_id": "default", "robot_id": "202601002029", "request_id": "3e437a88a29c4ef6ada8b585b3292c65", "position": {"x": 463.39693041970287, "y": 802.627027558385}, "channel": 4}, "attempt": 1}
2026-09-13 11:57:05,040 INFO response {"request_id": "3e437a88a29c4ef6ada8b585b3292c65", "http_status": 200, "body": {"accepted": true, "real_timestamp_ms": 1789271821003, "virtual_time_s": 537.307533, "measure_result": "no_signal"}}
2026-09-13 11:57:05,040 INFO request {"path": "/measure", "payload": {"arena_id": "default", "robot_id": "202601002029", "request_id": "1948295cd2084d6295b22d3a26b09fa8", "position": {"x": 463.39693041970287, "y": 802.627027558385}, "channel": 5}, "attempt": 1}
2026-09-13 11:57:05,054 INFO response {"request_id": "1948295cd2084d6295b22d3a26b09fa8", "http_status": 200, "body": {"accepted": true, "real_timestamp_ms": 1789271821018, "virtual_time_s": 543.307533, "measure_result": "no_signal"}}
2026-09-13 11:57:05,069 INFO request {"path": "/measure", "payload": {"arena_id": "default", "robot_id": "202601002029", "request_id": "7697007aae014cc4ad8d9377019b8c15", "position": {"x": 463.39693041970287, "y": 802.627027558385}, "channel": 6}, "attempt": 1}
2026-09-13 11:57:05,085 INFO response {"request_id": "7697007aae014cc4ad8d9377019b8c15", "http_status": 200, "body": {"accepted": true, "real_timestamp_ms": 1789271821049, "virtual_time_s": 549.307533, "measure_result": "no_signal"}}
2026-09-13 11:57:05,100 INFO request {"path": "/measure", "payload": {"arena_id": "default", "robot_id": "202601002029", "request_id": "021c93e6b4484a5db608a0c5dba36472", "position": {"x": 463.39693041970287, "y": 802.627027558385}, "channel": 8}, "attempt": 1}
2026-09-13 11:57:05,101 INFO response {"request_id": "021c93e6b4484a5db608a0c5dba36472", "http_status": 200, "body": {"accepted": true, "real_timestamp_ms": 1789271821064, "virtual_time_s": 555.307533, "measure_result": "no_signal"}}
2026-09-13 11:57:05,131 INFO request {"path": "/measure", "payload": {"arena_id": "default", "robot_id": "202601002029", "request_id": "2b57654ee41a460f905a996d5fb977bf", "position": {"x": 463.39693041970287, "y": 802.627027558385}, "channel": 9}, "attempt": 1}
2026-09-13 11:57:05,133 INFO response {"request_id": "2b57654ee41a460f905a996d5fb977bf", "http_status": 200, "body": {"accepted": true, "real_timestamp_ms": 1789271821097, "virtual_time_s": 561.307533, "measure_result": "no_signal"}}
2026-09-13 11:57:05,164 INFO request {"path": "/measure", "payload": {"arena_id": "default", "robot_id": "202601002029", "request_id": "e82f8359f258491389fddd07e0cb06c2", "position": {"x": 463.39693041970287, "y": 802.627027558385}, "channel": 11}, "attempt": 1}
2026-09-13 11:57:05,165 INFO response {"request_id": "e82f8359f258491389fddd07e0cb06c2", "http_status": 200, "body": {"accepted": true, "real_timestamp_ms": 1789271821128, "virtual_time_s": 567.307533, "measure_result": "no_signal"}}
2026-09-13 11:57:05,195 INFO request {"path": "/measure", "payload": {"arena_id": "default", "robot_id": "202601002029", "request_id": "1cb4c9f2f7d946b3875ec371ee03cf2b", "position": {"x": 463.39693041970287, "y": 802.627027558385}, "channel": 12}, "attempt": 1}
2026-09-13 11:57:05,210 INFO response {"request_id": "1cb4c9f2f7d946b3875ec371ee03cf2b", "http_status": 200, "body": {"accepted": true, "real_timestamp_ms": 1789271821174, "virtual_time_s": 573.307533, "measure_result": "no_signal"}}
2026-09-13 11:57:05,225 INFO request {"path": "/measure", "payload": {"arena_id": "default", "robot_id": "202601002029", "request_id": "6e9ed482198744bbbd222d49484e2a69", "position": {"x": 463.39693041970287, "y": 802.627027558385}, "channel": 13}, "attempt": 1}
2026-09-13 11:57:05,242 INFO response {"request_id": "6e9ed482198744bbbd222d49484e2a69", "http_status": 200, "body": {"accepted": true, "real_timestamp_ms": 1789271821205, "virtual_time_s": 579.307533, "measure_result": "no_signal"}}
2026-09-13 11:57:05,258 INFO request {"path": "/measure", "payload": {"arena_id": "default", "robot_id": "202601002029", "request_id": "e04919e175624c27ad73c97eb34f13d0", "position": {"x": 463.39693041970287, "y": 802.627027558385}, "channel": 14}, "attempt": 1}
2026-09-13 11:57:05,259 INFO response {"request_id": "e04919e175624c27ad73c97eb34f13d0", "http_status": 200, "body": {"accepted": true, "real_timestamp_ms": 1789271821223, "virtual_time_s": 585.307533, "measure_result": "no_signal"}}
2026-09-13 11:57:05,290 INFO request {"path": "/measure", "payload": {"arena_id": "default", "robot_id": "202601002029", "request_id": "c78e60a3ce2e40b18d340884ccdf433c", "position": {"x": 463.39693041970287, "y": 802.627027558385}, "channel": 15}, "attempt": 1}
2026-09-13 11:57:05,293 INFO response {"request_id": "c78e60a3ce2e40b18d340884ccdf433c", "http_status": 200, "body": {"accepted": true, "real_timestamp_ms": 1789271821256, "virtual_time_s": 591.307533, "measure_result": "no_signal"}}
2026-09-13 11:57:05,326 INFO request {"path": "/measure", "payload": {"arena_id": "default", "robot_id": "202601002029", "request_id": "6276d8fcd1144313b8fb28e47ff22c53", "position": {"x": 463.39693041970287, "y": 802.627027558385}, "channel": 16}, "attempt": 1}
2026-09-13 11:57:05,350 INFO response {"request_id": "6276d8fcd1144313b8fb28e47ff22c53", "http_status": 200, "body": {"accepted": true, "real_timestamp_ms": 1789271821314, "virtual_time_s": 597.307533, "measure_result": "no_signal"}}
2026-09-13 11:57:05,350 INFO request {"path": "/measure", "payload": {"arena_id": "default", "robot_id": "202601002029", "request_id": "ea240aab8fe747188cce7c1854b15fa2", "position": {"x": 463.39693041970287, "y": 802.627027558385}, "channel": 17}, "attempt": 1}
2026-09-13 11:57:05,352 INFO response {"request_id": "ea240aab8fe747188cce7c1854b15fa2", "http_status": 200, "body": {"accepted": true, "real_timestamp_ms": 1789271821316, "virtual_time_s": 603.307533, "measure_result": "no_signal"}}
2026-09-13 11:57:05,394 INFO request {"path": "/measure", "payload": {"arena_id": "default", "robot_id": "202601002029", "request_id": "bada1cdfce0c4bf3ad420aa83d0d01ab", "position": {"x": 463.39693041970287, "y": 802.627027558385}, "channel": 20}, "attempt": 1}
2026-09-13 11:57:05,413 INFO response {"request_id": "bada1cdfce0c4bf3ad420aa83d0d01ab", "http_status": 200, "body": {"accepted": true, "real_timestamp_ms": 1789271821377, "virtual_time_s": 609.307533, "measure_result": "direction", "svd_deg": 10.56}}
2026-09-13 11:57:05,431 INFO request {"path": "/measure", "payload": {"arena_id": "default", "robot_id": "202601002029", "request_id": "2bf7bb6c573749ce87d4993714fd3d77", "position": {"x": 463.39693041970287, "y": 802.627027558385}, "channel": 7}, "attempt": 1}
2026-09-13 11:57:05,445 INFO response {"request_id": "2bf7bb6c573749ce87d4993714fd3d77", "http_status": 200, "body": {"accepted": true, "real_timestamp_ms": 1789271821408, "virtual_time_s": 615.307533, "measure_result": "direction", "svd_deg": 232.85}}
2026-09-13 11:57:06,010 INFO request {"path": "/measure", "payload": {"arena_id": "default", "robot_id": "202601002029", "request_id": "e0d0e340f01e4633b39b2a225f29dd83", "position": {"x": 802.6270275583851, "y": 463.3969304197027}, "channel": 1}, "attempt": 1}
2026-09-13 11:57:06,037 INFO response {"request_id": "e0d0e340f01e4633b39b2a225f29dd83", "http_status": 200, "body": {"accepted": true, "real_timestamp_ms": 1789271822000, "virtual_time_s": 717.256294, "measure_result": "no_signal"}}
2026-09-13 11:57:06,037 INFO request {"path": "/measure", "payload": {"arena_id": "default", "robot_id": "202601002029", "request_id": "2c334985d7a747e8874d4bec97f46a55", "position": {"x": 802.6270275583851, "y": 463.3969304197027}, "channel": 2}, "attempt": 1}
2026-09-13 11:57:06,038 INFO response {"request_id": "2c334985d7a747e8874d4bec97f46a55", "http_status": 200, "body": {"accepted": true, "real_timestamp_ms": 1789271822002, "virtual_time_s": 723.256294, "measure_result": "no_signal"}}
2026-09-13 11:57:06,069 INFO request {"path": "/measure", "payload": {"arena_id": "default", "robot_id": "202601002029", "request_id": "503ee42e39044d619e16f57c9e493c01", "position": {"x": 802.6270275583851, "y": 463.3969304197027}, "channel": 3}, "attempt": 1}
2026-09-13 11:57:06,083 INFO response {"request_id": "503ee42e39044d619e16f57c9e493c01", "http_status": 200, "body": {"accepted": true, "real_timestamp_ms": 1789271822047, "virtual_time_s": 729.256294, "measure_result": "no_signal"}}
2026-09-13 11:57:06,098 INFO request {"path": "/measure", "payload": {"arena_id": "default", "robot_id": "202601002029", "request_id": "78d4763397b543af986cfddc387c3c50", "position": {"x": 802.6270275583851, "y": 463.3969304197027}, "channel": 4}, "attempt": 1}
2026-09-13 11:57:06,115 INFO response {"request_id": "78d4763397b543af986cfddc387c3c50", "http_status": 200, "body": {"accepted": true, "real_timestamp_ms": 1789271822079, "virtual_time_s": 735.256294, "measure_result": "no_signal"}}
2026-09-13 11:57:06,131 INFO request {"path": "/measure", "payload": {"arena_id": "default", "robot_id": "202601002029", "request_id": "771fff9a5dec42838027f83ce21513e2", "position": {"x": 802.6270275583851, "y": 463.3969304197027}, "channel": 5}, "attempt": 1}
2026-09-13 11:57:06,132 INFO response {"request_id": "771fff9a5dec42838027f83ce21513e2", "http_status": 200, "body": {"accepted": true, "real_timestamp_ms": 1789271822096, "virtual_time_s": 741.256294, "measure_result": "no_signal"}}
2026-09-13 11:57:06,163 INFO request {"path": "/measure", "payload": {"arena_id": "default", "robot_id": "202601002029", "request_id": "12ee95a4038f425087ed818893fb818c", "position": {"x": 802.6270275583851, "y": 463.3969304197027}, "channel": 6}, "attempt": 1}
2026-09-13 11:57:06,164 INFO response {"request_id": "12ee95a4038f425087ed818893fb818c", "http_status": 200, "body": {"accepted": true, "real_timestamp_ms": 1789271822127, "virtual_time_s": 747.256294, "measure_result": "no_signal"}}
2026-09-13 11:57:06,194 INFO request {"path": "/measure", "payload": {"arena_id": "default", "robot_id": "202601002029", "request_id": "6d68aff65db44a90a4845f9e2a142560", "position": {"x": 802.6270275583851, "y": 463.3969304197027}, "channel": 8}, "attempt": 1}
2026-09-13 11:57:06,208 INFO response {"request_id": "6d68aff65db44a90a4845f9e2a142560", "http_status": 200, "body": {"accepted": true, "real_timestamp_ms": 1789271822172, "virtual_time_s": 753.256294, "measure_result": "no_signal"}}
2026-09-13 11:57:06,223 INFO request {"path": "/measure", "payload": {"arena_id": "default", "robot_id": "202601002029", "request_id": "04859a93e876423daf124bc237ea912c", "position": {"x": 802.6270275583851, "y": 463.3969304197027}, "channel": 9}, "attempt": 1}
2026-09-13 11:57:06,240 INFO response {"request_id": "04859a93e876423daf124bc237ea912c", "http_status": 200, "body": {"accepted": true, "real_timestamp_ms": 1789271822202, "virtual_time_s": 759.256294, "measure_result": "direction", "svd_deg": 351.67}}
2026-09-13 11:57:06,256 INFO request {"path": "/measure", "payload": {"arena_id": "default", "robot_id": "202601002029", "request_id": "5eb549fb305d4ab89b187c3c9c83200b", "position": {"x": 802.6270275583851, "y": 463.3969304197027}, "channel": 11}, "attempt": 1}
2026-09-13 11:57:06,271 INFO response {"request_id": "5eb549fb305d4ab89b187c3c9c83200b", "http_status": 200, "body": {"accepted": true, "real_timestamp_ms": 1789271822234, "virtual_time_s": 765.256294, "measure_result": "no_signal"}}
2026-09-13 11:57:06,287 INFO request {"path": "/measure", "payload": {"arena_id": "default", "robot_id": "202601002029", "request_id": "08f83cbcedee49ad91f60fd35cb30c83", "position": {"x": 802.6270275583851, "y": 463.3969304197027}, "channel": 12}, "attempt": 1}
2026-09-13 11:57:06,302 INFO response {"request_id": "08f83cbcedee49ad91f60fd35cb30c83", "http_status": 200, "body": {"accepted": true, "real_timestamp_ms": 1789271822265, "virtual_time_s": 771.256294, "measure_result": "no_signal"}}
2026-09-13 11:57:06,320 INFO request {"path": "/measure", "payload": {"arena_id": "default", "robot_id": "202601002029", "request_id": "221d6c7fd82541cd81a7d128c8d605be", "position": {"x": 802.6270275583851, "y": 463.3969304197027}, "channel": 13}, "attempt": 1}
2026-09-13 11:57:06,333 INFO response {"request_id": "221d6c7fd82541cd81a7d128c8d605be", "http_status": 200, "body": {"accepted": true, "real_timestamp_ms": 1789271822296, "virtual_time_s": 777.256294, "measure_result": "no_signal"}}
2026-09-13 11:57:06,348 INFO request {"path": "/measure", "payload": {"arena_id": "default", "robot_id": "202601002029", "request_id": "ae34f3f078b6485fb58a90ff10963492", "position": {"x": 802.6270275583851, "y": 463.3969304197027}, "channel": 14}, "attempt": 1}
2026-09-13 11:57:06,350 INFO response {"request_id": "ae34f3f078b6485fb58a90ff10963492", "http_status": 200, "body": {"accepted": true, "real_timestamp_ms": 1789271822313, "virtual_time_s": 783.256294, "measure_result": "no_signal"}}
2026-09-13 11:57:06,381 INFO request {"path": "/measure", "payload": {"arena_id": "default", "robot_id": "202601002029", "request_id": "0fed1258e49645fdbef44730bcc0b37f", "position": {"x": 802.6270275583851, "y": 463.3969304197027}, "channel": 15}, "attempt": 1}
2026-09-13 11:57:06,394 INFO response {"request_id": "0fed1258e49645fdbef44730bcc0b37f", "http_status": 200, "body": {"accepted": true, "real_timestamp_ms": 1789271822357, "virtual_time_s": 789.256294, "measure_result": "no_signal"}}
2026-09-13 11:57:06,410 INFO request {"path": "/measure", "payload": {"arena_id": "default", "robot_id": "202601002029", "request_id": "a1f96a8ca2174a6ba2c681eb327ac4ac", "position": {"x": 802.6270275583851, "y": 463.3969304197027}, "channel": 16}, "attempt": 1}
2026-09-13 11:57:06,424 INFO response {"request_id": "a1f96a8ca2174a6ba2c681eb327ac4ac", "http_status": 200, "body": {"accepted": true, "real_timestamp_ms": 1789271822388, "virtual_time_s": 795.256294, "measure_result": "no_signal"}}
2026-09-13 11:57:06,440 INFO request {"path": "/measure", "payload": {"arena_id": "default", "robot_id": "202601002029", "request_id": "3c5a69c48b6e46d0b51b729c3ab905b0", "position": {"x": 802.6270275583851, "y": 463.3969304197027}, "channel": 17}, "attempt": 1}
2026-09-13 11:57:06,455 INFO response {"request_id": "3c5a69c48b6e46d0b51b729c3ab905b0", "http_status": 200, "body": {"accepted": true, "real_timestamp_ms": 1789271822418, "virtual_time_s": 801.256294, "measure_result": "no_signal"}}
2026-09-13 11:57:06,494 INFO request {"path": "/measure", "payload": {"arena_id": "default", "robot_id": "202601002029", "request_id": "a306302089d04fdebb061b51e54e95ff", "position": {"x": 802.6270275583851, "y": 463.3969304197027}, "channel": 7}, "attempt": 1}
2026-09-13 11:57:06,517 INFO response {"request_id": "a306302089d04fdebb061b51e54e95ff", "http_status": 200, "body": {"accepted": true, "real_timestamp_ms": 1789271822481, "virtual_time_s": 807.256294, "measure_result": "direction", "svd_deg": 191.96}}
2026-09-13 11:57:06,522 INFO request {"path": "/measure", "payload": {"arena_id": "default", "robot_id": "202601002029", "request_id": "377426c9b9414a4483176565b4aff155", "position": {"x": 802.6270275583851, "y": 463.3969304197027}, "channel": 20}, "attempt": 1}
2026-09-13 11:57:06,549 INFO response {"request_id": "377426c9b9414a4483176565b4aff155", "http_status": 200, "body": {"accepted": true, "real_timestamp_ms": 1789271822513, "virtual_time_s": 813.256294, "measure_result": "direction", "svd_deg": 41.0}}
2026-09-13 11:57:07,187 INFO request {"path": "/measure", "payload": {"arena_id": "default", "robot_id": "202601002029", "request_id": "71116bb2cc1243208291cc85e30ba523", "position": {"x": 926.7938608394055, "y": 0.0}, "channel": 1}, "attempt": 1}
2026-09-13 11:57:07,210 INFO response {"request_id": "71116bb2cc1243208291cc85e30ba523", "http_status": 200, "body": {"accepted": true, "real_timestamp_ms": 1789271823174, "virtual_time_s": 915.205055, "measure_result": "no_signal"}}
2026-09-13 11:57:07,211 INFO request {"path": "/measure", "payload": {"arena_id": "default", "robot_id": "202601002029", "request_id": "41e27e5690814915b95ff320346daca0", "position": {"x": 926.7938608394055, "y": 0.0}, "channel": 2}, "attempt": 1}
2026-09-13 11:57:07,211 INFO response {"request_id": "41e27e5690814915b95ff320346daca0", "http_status": 200, "body": {"accepted": true, "real_timestamp_ms": 1789271823175, "virtual_time_s": 921.205055, "measure_result": "no_signal"}}
2026-09-13 11:57:07,242 INFO request {"path": "/measure", "payload": {"arena_id": "default", "robot_id": "202601002029", "request_id": "94455350e20845438b894842465bdaf4", "position": {"x": 926.7938608394055, "y": 0.0}, "channel": 3}, "attempt": 1}
2026-09-13 11:57:07,245 INFO response {"request_id": "94455350e20845438b894842465bdaf4", "http_status": 200, "body": {"accepted": true, "real_timestamp_ms": 1789271823207, "virtual_time_s": 927.205055, "measure_result": "no_signal"}}
2026-09-13 11:57:07,275 INFO request {"path": "/measure", "payload": {"arena_id": "default", "robot_id": "202601002029", "request_id": "90c4d5c380184f8284f35824251da0e4", "position": {"x": 926.7938608394055, "y": 0.0}, "channel": 4}, "attempt": 1}
2026-09-13 11:57:07,277 INFO response {"request_id": "90c4d5c380184f8284f35824251da0e4", "http_status": 200, "body": {"accepted": true, "real_timestamp_ms": 1789271823240, "virtual_time_s": 933.205055, "measure_result": "direction", "svd_deg": 280.59}}
2026-09-13 11:57:07,311 INFO request {"path": "/measure", "payload": {"arena_id": "default", "robot_id": "202601002029", "request_id": "5f80c866464e4306bce928628cbb3b4c", "position": {"x": 926.7938608394055, "y": 0.0}, "channel": 5}, "attempt": 1}
2026-09-13 11:57:07,313 INFO response {"request_id": "5f80c866464e4306bce928628cbb3b4c", "http_status": 200, "body": {"accepted": true, "real_timestamp_ms": 1789271823277, "virtual_time_s": 939.205055, "measure_result": "no_signal"}}
2026-09-13 11:57:07,344 INFO request {"path": "/measure", "payload": {"arena_id": "default", "robot_id": "202601002029", "request_id": "e19325fe738f486081a14154f38e2cba", "position": {"x": 926.7938608394055, "y": 0.0}, "channel": 6}, "attempt": 1}
2026-09-13 11:57:07,368 INFO response {"request_id": "e19325fe738f486081a14154f38e2cba", "http_status": 200, "body": {"accepted": true, "real_timestamp_ms": 1789271823332, "virtual_time_s": 945.205055, "measure_result": "no_signal"}}
2026-09-13 11:57:07,368 INFO request {"path": "/measure", "payload": {"arena_id": "default", "robot_id": "202601002029", "request_id": "ed48c8873d16489395eb56d5c278cc1e", "position": {"x": 926.7938608394055, "y": 0.0}, "channel": 8}, "attempt": 1}
2026-09-13 11:57:07,369 INFO response {"request_id": "ed48c8873d16489395eb56d5c278cc1e", "http_status": 200, "body": {"accepted": true, "real_timestamp_ms": 1789271823333, "virtual_time_s": 951.205055, "measure_result": "no_signal"}}
2026-09-13 11:57:07,400 INFO request {"path": "/measure", "payload": {"arena_id": "default", "robot_id": "202601002029", "request_id": "13b1de3f4bce4e59a222314b59d95aa0", "position": {"x": 926.7938608394055, "y": 0.0}, "channel": 11}, "attempt": 1}
2026-09-13 11:57:07,401 INFO response {"request_id": "13b1de3f4bce4e59a222314b59d95aa0", "http_status": 200, "body": {"accepted": true, "real_timestamp_ms": 1789271823365, "virtual_time_s": 957.205055, "measure_result": "no_signal"}}
2026-09-13 11:57:07,431 INFO request {"path": "/measure", "payload": {"arena_id": "default", "robot_id": "202601002029", "request_id": "d413339d6a1f4ea4be48fb502e1c1068", "position": {"x": 926.7938608394055, "y": 0.0}, "channel": 12}, "attempt": 1}
2026-09-13 11:57:07,446 INFO response {"request_id": "d413339d6a1f4ea4be48fb502e1c1068", "http_status": 200, "body": {"accepted": true, "real_timestamp_ms": 1789271823410, "virtual_time_s": 963.205055, "measure_result": "no_signal"}}
2026-09-13 11:57:07,462 INFO request {"path": "/measure", "payload": {"arena_id": "default", "robot_id": "202601002029", "request_id": "f54643e54f98492a8b15aaf2b35f3c29", "position": {"x": 926.7938608394055, "y": 0.0}, "channel": 13}, "attempt": 1}
2026-09-13 11:57:07,464 INFO response {"request_id": "f54643e54f98492a8b15aaf2b35f3c29", "http_status": 200, "body": {"accepted": true, "real_timestamp_ms": 1789271823427, "virtual_time_s": 969.205055, "measure_result": "no_signal"}}
2026-09-13 11:57:07,495 INFO request {"path": "/measure", "payload": {"arena_id": "default", "robot_id": "202601002029", "request_id": "055002e5d05f4a7c8293672b45829c67", "position": {"x": 926.7938608394055, "y": 0.0}, "channel": 14}, "attempt": 1}
2026-09-13 11:57:07,509 INFO response {"request_id": "055002e5d05f4a7c8293672b45829c67", "http_status": 200, "body": {"accepted": true, "real_timestamp_ms": 1789271823473, "virtual_time_s": 975.205055, "measure_result": "no_signal"}}
2026-09-13 11:57:07,524 INFO request {"path": "/measure", "payload": {"arena_id": "default", "robot_id": "202601002029", "request_id": "a819afa5efa243719e51d821e69defe3", "position": {"x": 926.7938608394055, "y": 0.0}, "channel": 15}, "attempt": 1}
2026-09-13 11:57:07,526 INFO response {"request_id": "a819afa5efa243719e51d821e69defe3", "http_status": 200, "body": {"accepted": true, "real_timestamp_ms": 1789271823490, "virtual_time_s": 981.205055, "measure_result": "no_signal"}}
2026-09-13 11:57:07,557 INFO request {"path": "/measure", "payload": {"arena_id": "default", "robot_id": "202601002029", "request_id": "d9e8b244a342491a8e4afc116995cf93", "position": {"x": 926.7938608394055, "y": 0.0}, "channel": 16}, "attempt": 1}
2026-09-13 11:57:07,572 INFO response {"request_id": "d9e8b244a342491a8e4afc116995cf93", "http_status": 200, "body": {"accepted": true, "real_timestamp_ms": 1789271823535, "virtual_time_s": 987.205055, "measure_result": "no_signal"}}
2026-09-13 11:57:07,587 INFO request {"path": "/measure", "payload": {"arena_id": "default", "robot_id": "202601002029", "request_id": "1cb2c584180f4b87aa64c83caee512d0", "position": {"x": 926.7938608394055, "y": 0.0}, "channel": 17}, "attempt": 1}
2026-09-13 11:57:07,603 INFO response {"request_id": "1cb2c584180f4b87aa64c83caee512d0", "http_status": 200, "body": {"accepted": true, "real_timestamp_ms": 1789271823568, "virtual_time_s": 993.205055, "measure_result": "no_signal"}}
2026-09-13 11:57:07,638 INFO request {"path": "/measure", "payload": {"arena_id": "default", "robot_id": "202601002029", "request_id": "be3564615e77496dbe400dcc806e3c1a", "position": {"x": 926.7938608394055, "y": 0.0}, "channel": 9}, "attempt": 1}
2026-09-13 11:57:07,651 INFO response {"request_id": "be3564615e77496dbe400dcc806e3c1a", "http_status": 200, "body": {"accepted": true, "real_timestamp_ms": 1789271823615, "virtual_time_s": 999.205055, "measure_result": "no_signal"}}
2026-09-13 11:57:07,667 INFO request {"path": "/measure", "payload": {"arena_id": "default", "robot_id": "202601002029", "request_id": "f0914ccf40784fdcb0f5d75a06a73258", "position": {"x": 926.7938608394055, "y": 0.0}, "channel": 20}, "attempt": 1}
2026-09-13 11:57:07,668 INFO response {"request_id": "f0914ccf40784fdcb0f5d75a06a73258", "http_status": 200, "body": {"accepted": true, "real_timestamp_ms": 1789271823631, "virtual_time_s": 1005.205055, "measure_result": "direction", "svd_deg": 64.63}}
2026-09-13 11:57:08,619 INFO request {"path": "/measure", "payload": {"arena_id": "default", "robot_id": "202601002029", "request_id": "be089dce65884ac4a4e481230cb96549", "position": {"x": 802.6270275583847, "y": -463.39693041970315}, "channel": 1}, "attempt": 1}
2026-09-13 11:57:08,644 INFO response {"request_id": "be089dce65884ac4a4e481230cb96549", "http_status": 200, "body": {"accepted": true, "real_timestamp_ms": 1789271824608, "virtual_time_s": 1107.153816, "measure_result": "no_signal"}}
2026-09-13 11:57:08,644 INFO request {"path": "/measure", "payload": {"arena_id": "default", "robot_id": "202601002029", "request_id": "ecf4a93fe93847af849cb92600622402", "position": {"x": 802.6270275583847, "y": -463.39693041970315}, "channel": 2}, "attempt": 1}
2026-09-13 11:57:08,646 INFO response {"request_id": "ecf4a93fe93847af849cb92600622402", "http_status": 200, "body": {"accepted": true, "real_timestamp_ms": 1789271824610, "virtual_time_s": 1113.153816, "measure_result": "no_signal"}}
2026-09-13 11:57:08,677 INFO request {"path": "/measure", "payload": {"arena_id": "default", "robot_id": "202601002029", "request_id": "b49789d4105c4c4eb58d933ca11f6639", "position": {"x": 802.6270275583847, "y": -463.39693041970315}, "channel": 3}, "attempt": 1}
2026-09-13 11:57:08,680 INFO response {"request_id": "b49789d4105c4c4eb58d933ca11f6639", "http_status": 200, "body": {"accepted": true, "real_timestamp_ms": 1789271824643, "virtual_time_s": 1119.153816, "measure_result": "no_signal"}}
2026-09-13 11:57:08,711 INFO request {"path": "/measure", "payload": {"arena_id": "default", "robot_id": "202601002029", "request_id": "8e1c638fa56b4b63a3ebd9caf1149cac", "position": {"x": 802.6270275583847, "y": -463.39693041970315}, "channel": 5}, "attempt": 1}
2026-09-13 11:57:08,738 INFO response {"request_id": "8e1c638fa56b4b63a3ebd9caf1149cac", "http_status": 200, "body": {"accepted": true, "real_timestamp_ms": 1789271824702, "virtual_time_s": 1125.153816, "measure_result": "no_signal"}}
2026-09-13 11:57:08,738 INFO request {"path": "/measure", "payload": {"arena_id": "default", "robot_id": "202601002029", "request_id": "13cc62c41df5423782296785ea309e5c", "position": {"x": 802.6270275583847, "y": -463.39693041970315}, "channel": 6}, "attempt": 1}
2026-09-13 11:57:08,741 INFO response {"request_id": "13cc62c41df5423782296785ea309e5c", "http_status": 200, "body": {"accepted": true, "real_timestamp_ms": 1789271824704, "virtual_time_s": 1131.153816, "measure_result": "no_signal"}}
2026-09-13 11:57:08,772 INFO request {"path": "/measure", "payload": {"arena_id": "default", "robot_id": "202601002029", "request_id": "8e29646cac2146af885f5d2a9e465bf9", "position": {"x": 802.6270275583847, "y": -463.39693041970315}, "channel": 8}, "attempt": 1}
2026-09-13 11:57:08,799 INFO response {"request_id": "8e29646cac2146af885f5d2a9e465bf9", "http_status": 200, "body": {"accepted": true, "real_timestamp_ms": 1789271824762, "virtual_time_s": 1137.153816, "measure_result": "no_signal"}}
2026-09-13 11:57:08,813 INFO request {"path": "/measure", "payload": {"arena_id": "default", "robot_id": "202601002029", "request_id": "085517e21b5644c28d167da2969c2d6d", "position": {"x": 802.6270275583847, "y": -463.39693041970315}, "channel": 11}, "attempt": 1}
2026-09-13 11:57:08,830 INFO response {"request_id": "085517e21b5644c28d167da2969c2d6d", "http_status": 200, "body": {"accepted": true, "real_timestamp_ms": 1789271824794, "virtual_time_s": 1143.153816, "measure_result": "no_signal"}}
2026-09-13 11:57:08,830 INFO request {"path": "/measure", "payload": {"arena_id": "default", "robot_id": "202601002029", "request_id": "772178dfa3d4406c8af67ce4c2e6a2f1", "position": {"x": 802.6270275583847, "y": -463.39693041970315}, "channel": 12}, "attempt": 1}
2026-09-13 11:57:08,846 INFO response {"request_id": "772178dfa3d4406c8af67ce4c2e6a2f1", "http_status": 200, "body": {"accepted": true, "real_timestamp_ms": 1789271824809, "virtual_time_s": 1149.153816, "measure_result": "no_signal"}}
2026-09-13 11:57:08,862 INFO request {"path": "/measure", "payload": {"arena_id": "default", "robot_id": "202601002029", "request_id": "0454096df4384d3ea045e52153cedc2a", "position": {"x": 802.6270275583847, "y": -463.39693041970315}, "channel": 13}, "attempt": 1}
2026-09-13 11:57:08,879 INFO response {"request_id": "0454096df4384d3ea045e52153cedc2a", "http_status": 200, "body": {"accepted": true, "real_timestamp_ms": 1789271824842, "virtual_time_s": 1155.153816, "measure_result": "no_signal"}}
2026-09-13 11:57:08,893 INFO request {"path": "/measure", "payload": {"arena_id": "default", "robot_id": "202601002029", "request_id": "81839d9afc204236b938c50db49b1ed1", "position": {"x": 802.6270275583847, "y": -463.39693041970315}, "channel": 14}, "attempt": 1}
2026-09-13 11:57:08,910 INFO response {"request_id": "81839d9afc204236b938c50db49b1ed1", "http_status": 200, "body": {"accepted": true, "real_timestamp_ms": 1789271824874, "virtual_time_s": 1161.153816, "measure_result": "no_signal"}}
2026-09-13 11:57:08,925 INFO request {"path": "/measure", "payload": {"arena_id": "default", "robot_id": "202601002029", "request_id": "2ab7bf8363c045a9a10f22f7fc51be98", "position": {"x": 802.6270275583847, "y": -463.39693041970315}, "channel": 15}, "attempt": 1}
2026-09-13 11:57:08,927 INFO response {"request_id": "2ab7bf8363c045a9a10f22f7fc51be98", "http_status": 200, "body": {"accepted": true, "real_timestamp_ms": 1789271824890, "virtual_time_s": 1167.153816, "measure_result": "no_signal"}}
2026-09-13 11:57:08,958 INFO request {"path": "/measure", "payload": {"arena_id": "default", "robot_id": "202601002029", "request_id": "ba4f0269b92a431dbc65a1e5a3c9f2ee", "position": {"x": 802.6270275583847, "y": -463.39693041970315}, "channel": 16}, "attempt": 1}
2026-09-13 11:57:08,974 INFO response {"request_id": "ba4f0269b92a431dbc65a1e5a3c9f2ee", "http_status": 200, "body": {"accepted": true, "real_timestamp_ms": 1789271824937, "virtual_time_s": 1173.153816, "measure_result": "no_signal"}}
2026-09-13 11:57:08,990 INFO request {"path": "/measure", "payload": {"arena_id": "default", "robot_id": "202601002029", "request_id": "01b3972fc81c4e9d8ea9bc281d732094", "position": {"x": 802.6270275583847, "y": -463.39693041970315}, "channel": 17}, "attempt": 1}
2026-09-13 11:57:08,993 INFO response {"request_id": "01b3972fc81c4e9d8ea9bc281d732094", "http_status": 200, "body": {"accepted": true, "real_timestamp_ms": 1789271824956, "virtual_time_s": 1179.153816, "measure_result": "no_signal"}}
2026-09-13 11:57:09,035 INFO request {"path": "/measure", "payload": {"arena_id": "default", "robot_id": "202601002029", "request_id": "d1433144c0814a7592ff6585d416d842", "position": {"x": 802.6270275583847, "y": -463.39693041970315}, "channel": 4}, "attempt": 1}
2026-09-13 11:57:09,037 INFO response {"request_id": "d1433144c0814a7592ff6585d416d842", "http_status": 200, "body": {"accepted": true, "real_timestamp_ms": 1789271825001, "virtual_time_s": 1185.153816, "measure_result": "direction", "svd_deg": 303.62}}
2026-09-13 11:57:09,811 INFO request {"path": "/measure", "payload": {"arena_id": "default", "robot_id": "202601002029", "request_id": "c2c9060cecac4c7485c23f5edd57047f", "position": {"x": 463.39693041970213, "y": -802.6270275583854}, "channel": 1}, "attempt": 1}
2026-09-13 11:57:09,813 INFO response {"request_id": "c2c9060cecac4c7485c23f5edd57047f", "http_status": 200, "body": {"accepted": true, "real_timestamp_ms": 1789271825777, "virtual_time_s": 1287.102577, "measure_result": "no_signal"}}
2026-09-13 11:57:09,844 INFO request {"path": "/measure", "payload": {"arena_id": "default", "robot_id": "202601002029", "request_id": "14f3b704be6d414a832e8d6003fdf77d", "position": {"x": 463.39693041970213, "y": -802.6270275583854}, "channel": 2}, "attempt": 1}
2026-09-13 11:57:09,864 INFO response {"request_id": "14f3b704be6d414a832e8d6003fdf77d", "http_status": 200, "body": {"accepted": true, "real_timestamp_ms": 1789271825828, "virtual_time_s": 1293.102577, "measure_result": "no_signal"}}
2026-09-13 11:57:09,864 INFO request {"path": "/measure", "payload": {"arena_id": "default", "robot_id": "202601002029", "request_id": "c217863c054345c495ad0d830deec856", "position": {"x": 463.39693041970213, "y": -802.6270275583854}, "channel": 3}, "attempt": 1}
2026-09-13 11:57:09,866 INFO response {"request_id": "c217863c054345c495ad0d830deec856", "http_status": 200, "body": {"accepted": true, "real_timestamp_ms": 1789271825830, "virtual_time_s": 1299.102577, "measure_result": "no_signal"}}
2026-09-13 11:57:09,897 INFO request {"path": "/measure", "payload": {"arena_id": "default", "robot_id": "202601002029", "request_id": "2541563d18ca4a238dbd04e5444a1340", "position": {"x": 463.39693041970213, "y": -802.6270275583854}, "channel": 5}, "attempt": 1}
2026-09-13 11:57:09,911 INFO response {"request_id": "2541563d18ca4a238dbd04e5444a1340", "http_status": 200, "body": {"accepted": true, "real_timestamp_ms": 1789271825874, "virtual_time_s": 1305.102577, "measure_result": "no_signal"}}
2026-09-13 11:57:09,925 INFO request {"path": "/measure", "payload": {"arena_id": "default", "robot_id": "202601002029", "request_id": "6b0c6b5cea6a4a9e9fa44e4ca37e708a", "position": {"x": 463.39693041970213, "y": -802.6270275583854}, "channel": 6}, "attempt": 1}
2026-09-13 11:57:09,941 INFO response {"request_id": "6b0c6b5cea6a4a9e9fa44e4ca37e708a", "http_status": 200, "body": {"accepted": true, "real_timestamp_ms": 1789271825905, "virtual_time_s": 1311.102577, "measure_result": "no_signal"}}
2026-09-13 11:57:09,957 INFO request {"path": "/measure", "payload": {"arena_id": "default", "robot_id": "202601002029", "request_id": "7e2d16f8ee404b6d871d6c23261620a9", "position": {"x": 463.39693041970213, "y": -802.6270275583854}, "channel": 8}, "attempt": 1}
2026-09-13 11:57:09,972 INFO response {"request_id": "7e2d16f8ee404b6d871d6c23261620a9", "http_status": 200, "body": {"accepted": true, "real_timestamp_ms": 1789271825936, "virtual_time_s": 1317.102577, "measure_result": "no_signal"}}
2026-09-13 11:57:09,988 INFO request {"path": "/measure", "payload": {"arena_id": "default", "robot_id": "202601002029", "request_id": "0551a94e0885492597874677c742f840", "position": {"x": 463.39693041970213, "y": -802.6270275583854}, "channel": 11}, "attempt": 1}
2026-09-13 11:57:10,004 INFO response {"request_id": "0551a94e0885492597874677c742f840", "http_status": 200, "body": {"accepted": true, "real_timestamp_ms": 1789271825968, "virtual_time_s": 1323.102577, "measure_result": "no_signal"}}
2026-09-13 11:57:10,019 INFO request {"path": "/measure", "payload": {"arena_id": "default", "robot_id": "202601002029", "request_id": "63fba278467341ffba8073a14a56184c", "position": {"x": 463.39693041970213, "y": -802.6270275583854}, "channel": 12}, "attempt": 1}
2026-09-13 11:57:10,035 INFO response {"request_id": "63fba278467341ffba8073a14a56184c", "http_status": 200, "body": {"accepted": true, "real_timestamp_ms": 1789271825999, "virtual_time_s": 1329.102577, "measure_result": "no_signal"}}
2026-09-13 11:57:10,050 INFO request {"path": "/measure", "payload": {"arena_id": "default", "robot_id": "202601002029", "request_id": "10738c839e0b46858acd71ff17c1d331", "position": {"x": 463.39693041970213, "y": -802.6270275583854}, "channel": 13}, "attempt": 1}
2026-09-13 11:57:10,067 INFO response {"request_id": "10738c839e0b46858acd71ff17c1d331", "http_status": 200, "body": {"accepted": true, "real_timestamp_ms": 1789271826030, "virtual_time_s": 1335.102577, "measure_result": "no_signal"}}
2026-09-13 11:57:10,083 INFO request {"path": "/measure", "payload": {"arena_id": "default", "robot_id": "202601002029", "request_id": "1fbd4d7b7b2b4202a6514d3a0ff5689f", "position": {"x": 463.39693041970213, "y": -802.6270275583854}, "channel": 14}, "attempt": 1}
2026-09-13 11:57:10,098 INFO response {"request_id": "1fbd4d7b7b2b4202a6514d3a0ff5689f", "http_status": 200, "body": {"accepted": true, "real_timestamp_ms": 1789271826061, "virtual_time_s": 1341.102577, "measure_result": "no_signal"}}
2026-09-13 11:57:10,114 INFO request {"path": "/measure", "payload": {"arena_id": "default", "robot_id": "202601002029", "request_id": "2155bbc7d7624c5b99b0f055701b9f71", "position": {"x": 463.39693041970213, "y": -802.6270275583854}, "channel": 15}, "attempt": 1}
2026-09-13 11:57:10,129 INFO response {"request_id": "2155bbc7d7624c5b99b0f055701b9f71", "http_status": 200, "body": {"accepted": true, "real_timestamp_ms": 1789271826092, "virtual_time_s": 1347.102577, "measure_result": "no_signal"}}
2026-09-13 11:57:10,143 INFO request {"path": "/measure", "payload": {"arena_id": "default", "robot_id": "202601002029", "request_id": "063c575d6c4d4ad99de388fba07135b1", "position": {"x": 463.39693041970213, "y": -802.6270275583854}, "channel": 16}, "attempt": 1}
2026-09-13 11:57:10,145 INFO response {"request_id": "063c575d6c4d4ad99de388fba07135b1", "http_status": 200, "body": {"accepted": true, "real_timestamp_ms": 1789271826109, "virtual_time_s": 1353.102577, "measure_result": "direction", "svd_deg": 353.42}}
2026-09-13 11:57:10,179 INFO request {"path": "/measure", "payload": {"arena_id": "default", "robot_id": "202601002029", "request_id": "13d717de9eec48b2aa0a8a53f11417d8", "position": {"x": 463.39693041970213, "y": -802.6270275583854}, "channel": 17}, "attempt": 1}
2026-09-13 11:57:10,180 INFO response {"request_id": "13d717de9eec48b2aa0a8a53f11417d8", "http_status": 200, "body": {"accepted": true, "real_timestamp_ms": 1789271826144, "virtual_time_s": 1359.102577, "measure_result": "direction", "svd_deg": 326.49}}
2026-09-13 11:57:10,230 INFO request {"path": "/measure", "payload": {"arena_id": "default", "robot_id": "202601002029", "request_id": "14b064d15d4f419cb278a04f0058ac11", "position": {"x": 463.39693041970213, "y": -802.6270275583854}, "channel": 18}, "attempt": 1}
2026-09-13 11:57:10,252 INFO response {"request_id": "14b064d15d4f419cb278a04f0058ac11", "http_status": 200, "body": {"accepted": true, "real_timestamp_ms": 1789271826216, "virtual_time_s": 1365.102577, "measure_result": "direction", "svd_deg": 179.08}}
2026-09-13 11:57:10,257 INFO request {"path": "/measure", "payload": {"arena_id": "default", "robot_id": "202601002029", "request_id": "f96c83bd850747d4991f1e3641b0517c", "position": {"x": 463.39693041970213, "y": -802.6270275583854}, "channel": 4}, "attempt": 1}
2026-09-13 11:57:10,283 INFO response {"request_id": "f96c83bd850747d4991f1e3641b0517c", "http_status": 200, "body": {"accepted": true, "real_timestamp_ms": 1789271826247, "virtual_time_s": 1371.102577, "measure_result": "direction", "svd_deg": 347.46}}
2026-09-13 11:57:11,333 INFO request {"path": "/measure", "payload": {"arena_id": "default", "robot_id": "202601002029", "request_id": "dc355a7b0a1c473d839042a10676d1db", "position": {"x": -1.702492702719593e-13, "y": -926.7938608394055}, "channel": 1}, "attempt": 1}
2026-09-13 11:57:11,355 INFO response {"request_id": "dc355a7b0a1c473d839042a10676d1db", "http_status": 200, "body": {"accepted": true, "real_timestamp_ms": 1789271827318, "virtual_time_s": 1473.051338, "measure_result": "no_signal"}}
2026-09-13 11:57:11,370 INFO request {"path": "/measure", "payload": {"arena_id": "default", "robot_id": "202601002029", "request_id": "2eab41bb8d1d44619596897f6d23c541", "position": {"x": -1.702492702719593e-13, "y": -926.7938608394055}, "channel": 2}, "attempt": 1}
2026-09-13 11:57:11,387 INFO response {"request_id": "2eab41bb8d1d44619596897f6d23c541", "http_status": 200, "body": {"accepted": true, "real_timestamp_ms": 1789271827350, "virtual_time_s": 1479.051338, "measure_result": "no_signal"}}
2026-09-13 11:57:11,402 INFO request {"path": "/measure", "payload": {"arena_id": "default", "robot_id": "202601002029", "request_id": "53f570706ad54917bbdd45643ca132b7", "position": {"x": -1.702492702719593e-13, "y": -926.7938608394055}, "channel": 3}, "attempt": 1}
2026-09-13 11:57:11,404 INFO response {"request_id": "53f570706ad54917bbdd45643ca132b7", "http_status": 200, "body": {"accepted": true, "real_timestamp_ms": 1789271827368, "virtual_time_s": 1485.051338, "measure_result": "no_signal"}}
2026-09-13 11:57:11,435 INFO request {"path": "/measure", "payload": {"arena_id": "default", "robot_id": "202601002029", "request_id": "cab576bdb5c0416983bb0d9476dd0e89", "position": {"x": -1.702492702719593e-13, "y": -926.7938608394055}, "channel": 5}, "attempt": 1}
2026-09-13 11:57:11,437 INFO response {"request_id": "cab576bdb5c0416983bb0d9476dd0e89", "http_status": 200, "body": {"accepted": true, "real_timestamp_ms": 1789271827400, "virtual_time_s": 1491.051338, "measure_result": "direction", "svd_deg": 178.67}}
2026-09-13 11:57:11,457 INFO request {"path": "/measure", "payload": {"arena_id": "default", "robot_id": "202601002029", "request_id": "7beb1cbf39354c619017d0fb381420d4", "position": {"x": -1.702492702719593e-13, "y": -926.7938608394055}, "channel": 6}, "attempt": 1}
2026-09-13 11:57:11,479 INFO response {"request_id": "7beb1cbf39354c619017d0fb381420d4", "http_status": 200, "body": {"accepted": true, "real_timestamp_ms": 1789271827442, "virtual_time_s": 1497.051338, "measure_result": "no_signal"}}
2026-09-13 11:57:11,494 INFO request {"path": "/measure", "payload": {"arena_id": "default", "robot_id": "202601002029", "request_id": "fb31481161ed47d98c7fbeda5274ba20", "position": {"x": -1.702492702719593e-13, "y": -926.7938608394055}, "channel": 8}, "attempt": 1}
2026-09-13 11:57:11,509 INFO response {"request_id": "fb31481161ed47d98c7fbeda5274ba20", "http_status": 200, "body": {"accepted": true, "real_timestamp_ms": 1789271827473, "virtual_time_s": 1503.051338, "measure_result": "no_signal"}}
2026-09-13 11:57:11,524 INFO request {"path": "/measure", "payload": {"arena_id": "default", "robot_id": "202601002029", "request_id": "5544324e50154debb034cb1e9018d014", "position": {"x": -1.702492702719593e-13, "y": -926.7938608394055}, "channel": 11}, "attempt": 1}
2026-09-13 11:57:11,539 INFO response {"request_id": "5544324e50154debb034cb1e9018d014", "http_status": 200, "body": {"accepted": true, "real_timestamp_ms": 1789271827503, "virtual_time_s": 1509.051338, "measure_result": "direction", "svd_deg": 176.51}}
2026-09-13 11:57:11,558 INFO request {"path": "/measure", "payload": {"arena_id": "default", "robot_id": "202601002029", "request_id": "94b45a9a6ae84c5fa930502bd4324c9d", "position": {"x": -1.702492702719593e-13, "y": -926.7938608394055}, "channel": 12}, "attempt": 1}
2026-09-13 11:57:11,559 INFO response {"request_id": "94b45a9a6ae84c5fa930502bd4324c9d", "http_status": 200, "body": {"accepted": true, "real_timestamp_ms": 1789271827523, "virtual_time_s": 1515.051338, "measure_result": "no_signal"}}
2026-09-13 11:57:11,590 INFO request {"path": "/measure", "payload": {"arena_id": "default", "robot_id": "202601002029", "request_id": "7950941e640f47b0b90b27eb450fca94", "position": {"x": -1.702492702719593e-13, "y": -926.7938608394055}, "channel": 13}, "attempt": 1}
2026-09-13 11:57:11,592 INFO response {"request_id": "7950941e640f47b0b90b27eb450fca94", "http_status": 200, "body": {"accepted": true, "real_timestamp_ms": 1789271827556, "virtual_time_s": 1521.051338, "measure_result": "no_signal"}}
2026-09-13 11:57:11,623 INFO request {"path": "/measure", "payload": {"arena_id": "default", "robot_id": "202601002029", "request_id": "f98c350b93a34b11b0ad9618741c6b43", "position": {"x": -1.702492702719593e-13, "y": -926.7938608394055}, "channel": 14}, "attempt": 1}
2026-09-13 11:57:11,646 INFO response {"request_id": "f98c350b93a34b11b0ad9618741c6b43", "http_status": 200, "body": {"accepted": true, "real_timestamp_ms": 1789271827610, "virtual_time_s": 1527.051338, "measure_result": "no_signal"}}
2026-09-13 11:57:11,647 INFO request {"path": "/measure", "payload": {"arena_id": "default", "robot_id": "202601002029", "request_id": "74522c7f753d4400bf57a574be6e06ff", "position": {"x": -1.702492702719593e-13, "y": -926.7938608394055}, "channel": 15}, "attempt": 1}
2026-09-13 11:57:11,662 INFO response {"request_id": "74522c7f753d4400bf57a574be6e06ff", "http_status": 200, "body": {"accepted": true, "real_timestamp_ms": 1789271827626, "virtual_time_s": 1533.051338, "measure_result": "no_signal"}}
2026-09-13 11:57:11,735 INFO request {"path": "/measure", "payload": {"arena_id": "default", "robot_id": "202601002029", "request_id": "ccd96ecc19204aeaa07c9ab73db6f9f4", "position": {"x": -1.702492702719593e-13, "y": -926.7938608394055}, "channel": 17}, "attempt": 1}
2026-09-13 11:57:11,755 INFO response {"request_id": "ccd96ecc19204aeaa07c9ab73db6f9f4", "http_status": 200, "body": {"accepted": true, "real_timestamp_ms": 1789271827719, "virtual_time_s": 1539.051338, "measure_result": "direction", "svd_deg": 344.11}}
2026-09-13 11:57:11,762 INFO request {"path": "/measure", "payload": {"arena_id": "default", "robot_id": "202601002029", "request_id": "bde0f7b83e324389bd03ecd644dd3f10", "position": {"x": -1.702492702719593e-13, "y": -926.7938608394055}, "channel": 16}, "attempt": 1}
2026-09-13 11:57:11,765 INFO response {"request_id": "bde0f7b83e324389bd03ecd644dd3f10", "http_status": 200, "body": {"accepted": true, "real_timestamp_ms": 1789271827728, "virtual_time_s": 1545.051338, "measure_result": "direction", "svd_deg": 1.64}}
2026-09-13 11:57:11,787 INFO request {"path": "/measure", "payload": {"arena_id": "default", "robot_id": "202601002029", "request_id": "d3c43934947f4cd284acd00c363d5a64", "position": {"x": -1.702492702719593e-13, "y": -926.7938608394055}, "channel": 18}, "attempt": 1}
2026-09-13 11:57:11,789 INFO response {"request_id": "d3c43934947f4cd284acd00c363d5a64", "http_status": 200, "body": {"accepted": true, "real_timestamp_ms": 1789271827753, "virtual_time_s": 1551.051338, "measure_result": "direction", "svd_deg": 165.75}}
2026-09-13 11:57:13,109 INFO request {"path": "/measure", "payload": {"arena_id": "default", "robot_id": "202601002029", "request_id": "6632c2f6c56d426e97c869fb9d51cd18", "position": {"x": -463.39693041970315, "y": -802.6270275583848}, "channel": 1}, "attempt": 1}
2026-09-13 11:57:13,125 INFO response {"request_id": "6632c2f6c56d426e97c869fb9d51cd18", "http_status": 200, "body": {"accepted": true, "real_timestamp_ms": 1789271829089, "virtual_time_s": 1653.000099, "measure_result": "no_signal"}}
2026-09-13 11:57:13,140 INFO request {"path": "/measure", "payload": {"arena_id": "default", "robot_id": "202601002029", "request_id": "7fc233334b3a4c4ea679d21ba74be708", "position": {"x": -463.39693041970315, "y": -802.6270275583848}, "channel": 2}, "attempt": 1}
2026-09-13 11:57:13,156 INFO response {"request_id": "7fc233334b3a4c4ea679d21ba74be708", "http_status": 200, "body": {"accepted": true, "real_timestamp_ms": 1789271829119, "virtual_time_s": 1659.000099, "measure_result": "no_signal"}}
2026-09-13 11:57:13,172 INFO request {"path": "/measure", "payload": {"arena_id": "default", "robot_id": "202601002029", "request_id": "c114eed52a224c019a4599ae823fc405", "position": {"x": -463.39693041970315, "y": -802.6270275583848}, "channel": 3}, "attempt": 1}
2026-09-13 11:57:13,174 INFO response {"request_id": "c114eed52a224c019a4599ae823fc405", "http_status": 200, "body": {"accepted": true, "real_timestamp_ms": 1789271829137, "virtual_time_s": 1665.000099, "measure_result": "no_signal"}}
2026-09-13 11:57:13,189 INFO request {"path": "/measure", "payload": {"arena_id": "default", "robot_id": "202601002029", "request_id": "f27240f19926431b87848cbee7eb1029", "position": {"x": -463.39693041970315, "y": -802.6270275583848}, "channel": 6}, "attempt": 1}
2026-09-13 11:57:13,202 INFO response {"request_id": "f27240f19926431b87848cbee7eb1029", "http_status": 200, "body": {"accepted": true, "real_timestamp_ms": 1789271829166, "virtual_time_s": 1671.000099, "measure_result": "no_signal"}}
2026-09-13 11:57:13,218 INFO request {"path": "/measure", "payload": {"arena_id": "default", "robot_id": "202601002029", "request_id": "649c34be358442a288f61abbef1956dd", "position": {"x": -463.39693041970315, "y": -802.6270275583848}, "channel": 8}, "attempt": 1}
2026-09-13 11:57:13,221 INFO response {"request_id": "649c34be358442a288f61abbef1956dd", "http_status": 200, "body": {"accepted": true, "real_timestamp_ms": 1789271829184, "virtual_time_s": 1677.000099, "measure_result": "no_signal"}}
2026-09-13 11:57:13,237 INFO request {"path": "/measure", "payload": {"arena_id": "default", "robot_id": "202601002029", "request_id": "eaf0171b3e834705a7a87cdffc761650", "position": {"x": -463.39693041970315, "y": -802.6270275583848}, "channel": 12}, "attempt": 1}
2026-09-13 11:57:13,239 INFO response {"request_id": "eaf0171b3e834705a7a87cdffc761650", "http_status": 200, "body": {"accepted": true, "real_timestamp_ms": 1789271829202, "virtual_time_s": 1683.000099, "measure_result": "no_signal"}}
2026-09-13 11:57:13,270 INFO request {"path": "/measure", "payload": {"arena_id": "default", "robot_id": "202601002029", "request_id": "00783d1772304b00b4666b31da2b8e39", "position": {"x": -463.39693041970315, "y": -802.6270275583848}, "channel": 13}, "attempt": 1}
2026-09-13 11:57:13,295 INFO response {"request_id": "00783d1772304b00b4666b31da2b8e39", "http_status": 200, "body": {"accepted": true, "real_timestamp_ms": 1789271829259, "virtual_time_s": 1689.000099, "measure_result": "no_signal"}}
2026-09-13 11:57:13,310 INFO request {"path": "/measure", "payload": {"arena_id": "default", "robot_id": "202601002029", "request_id": "4584cd922a234661a8d3b71979b55f59", "position": {"x": -463.39693041970315, "y": -802.6270275583848}, "channel": 14}, "attempt": 1}
2026-09-13 11:57:13,326 INFO response {"request_id": "4584cd922a234661a8d3b71979b55f59", "http_status": 200, "body": {"accepted": true, "real_timestamp_ms": 1789271829290, "virtual_time_s": 1695.000099, "measure_result": "no_signal"}}
2026-09-13 11:57:13,342 INFO request {"path": "/measure", "payload": {"arena_id": "default", "robot_id": "202601002029", "request_id": "4def75e6b911426dbdb9be1280009e32", "position": {"x": -463.39693041970315, "y": -802.6270275583848}, "channel": 15}, "attempt": 1}
2026-09-13 11:57:13,357 INFO response {"request_id": "4def75e6b911426dbdb9be1280009e32", "http_status": 200, "body": {"accepted": true, "real_timestamp_ms": 1789271829321, "virtual_time_s": 1701.000099, "measure_result": "no_signal"}}
2026-09-13 11:57:13,411 INFO request {"path": "/measure", "payload": {"arena_id": "default", "robot_id": "202601002029", "request_id": "4bb0a3fd27544ef39a249f7316164084", "position": {"x": -463.39693041970315, "y": -802.6270275583848}, "channel": 5}, "attempt": 1}
2026-09-13 11:57:13,435 INFO response {"request_id": "4bb0a3fd27544ef39a249f7316164084", "http_status": 200, "body": {"accepted": true, "real_timestamp_ms": 1789271829399, "virtual_time_s": 1707.000099, "measure_result": "direction", "svd_deg": 189.01}}
2026-09-13 11:57:13,453 INFO request {"path": "/measure", "payload": {"arena_id": "default", "robot_id": "202601002029", "request_id": "d43d4b8b5c514264a534a41d4c988570", "position": {"x": -463.39693041970315, "y": -802.6270275583848}, "channel": 11}, "attempt": 1}
2026-09-13 11:57:13,465 INFO response {"request_id": "d43d4b8b5c514264a534a41d4c988570", "http_status": 200, "body": {"accepted": true, "real_timestamp_ms": 1789271829429, "virtual_time_s": 1713.000099, "measure_result": "direction", "svd_deg": 185.99}}
2026-09-13 11:57:13,482 INFO request {"path": "/measure", "payload": {"arena_id": "default", "robot_id": "202601002029", "request_id": "e778c2bfe0ff475faf7f74303e351481", "position": {"x": -463.39693041970315, "y": -802.6270275583848}, "channel": 18}, "attempt": 1}
2026-09-13 11:57:13,496 INFO response {"request_id": "e778c2bfe0ff475faf7f74303e351481", "http_status": 200, "body": {"accepted": true, "real_timestamp_ms": 1789271829460, "virtual_time_s": 1719.000099, "measure_result": "direction", "svd_deg": 169.82}}
2026-09-13 11:57:14,915 INFO request {"path": "/measure", "payload": {"arena_id": "default", "robot_id": "202601002029", "request_id": "8fc6c4a9148e4369845d449b1fb90627", "position": {"x": -802.6270275583852, "y": -463.39693041970247}, "channel": 1}, "attempt": 1}
2026-09-13 11:57:14,918 INFO response {"request_id": "8fc6c4a9148e4369845d449b1fb90627", "http_status": 200, "body": {"accepted": true, "real_timestamp_ms": 1789271830882, "virtual_time_s": 1820.94886, "measure_result": "no_signal"}}
2026-09-13 11:57:14,948 INFO request {"path": "/measure", "payload": {"arena_id": "default", "robot_id": "202601002029", "request_id": "ba295cf9ce974803924ad9a6830681c5", "position": {"x": -802.6270275583852, "y": -463.39693041970247}, "channel": 2}, "attempt": 1}
2026-09-13 11:57:14,964 INFO response {"request_id": "ba295cf9ce974803924ad9a6830681c5", "http_status": 200, "body": {"accepted": true, "real_timestamp_ms": 1789271830927, "virtual_time_s": 1826.94886, "measure_result": "no_signal"}}
2026-09-13 11:57:14,980 INFO request {"path": "/measure", "payload": {"arena_id": "default", "robot_id": "202601002029", "request_id": "155a04599db64a9eab80bcefb3b55b00", "position": {"x": -802.6270275583852, "y": -463.39693041970247}, "channel": 3}, "attempt": 1}
2026-09-13 11:57:14,984 INFO response {"request_id": "155a04599db64a9eab80bcefb3b55b00", "http_status": 200, "body": {"accepted": true, "real_timestamp_ms": 1789271830946, "virtual_time_s": 1832.94886, "measure_result": "no_signal"}}
2026-09-13 11:57:15,014 INFO request {"path": "/measure", "payload": {"arena_id": "default", "robot_id": "202601002029", "request_id": "d4561e6a3f0d4b3dbd3b0a46e8922ea6", "position": {"x": -802.6270275583852, "y": -463.39693041970247}, "channel": 6}, "attempt": 1}
2026-09-13 11:57:15,017 INFO response {"request_id": "d4561e6a3f0d4b3dbd3b0a46e8922ea6", "http_status": 200, "body": {"accepted": true, "real_timestamp_ms": 1789271830980, "virtual_time_s": 1838.94886, "measure_result": "no_signal"}}
2026-09-13 11:57:15,048 INFO request {"path": "/measure", "payload": {"arena_id": "default", "robot_id": "202601002029", "request_id": "dd98a61b040347a884b3896f2f0e642a", "position": {"x": -802.6270275583852, "y": -463.39693041970247}, "channel": 8}, "attempt": 1}
2026-09-13 11:57:15,050 INFO response {"request_id": "dd98a61b040347a884b3896f2f0e642a", "http_status": 200, "body": {"accepted": true, "real_timestamp_ms": 1789271831014, "virtual_time_s": 1844.94886, "measure_result": "no_signal"}}
2026-09-13 11:57:15,065 INFO request {"path": "/measure", "payload": {"arena_id": "default", "robot_id": "202601002029", "request_id": "a59f1c155c5b4c7cbf26b3d19c8a1244", "position": {"x": -802.6270275583852, "y": -463.39693041970247}, "channel": 12}, "attempt": 1}
2026-09-13 11:57:15,091 INFO response {"request_id": "a59f1c155c5b4c7cbf26b3d19c8a1244", "http_status": 200, "body": {"accepted": true, "real_timestamp_ms": 1789271831052, "virtual_time_s": 1850.94886, "measure_result": "no_signal"}}
2026-09-13 11:57:15,107 INFO request {"path": "/measure", "payload": {"arena_id": "default", "robot_id": "202601002029", "request_id": "af05b04d9d6b4c08a1aa2955bd3f39f4", "position": {"x": -802.6270275583852, "y": -463.39693041970247}, "channel": 13}, "attempt": 1}
2026-09-13 11:57:15,120 INFO response {"request_id": "af05b04d9d6b4c08a1aa2955bd3f39f4", "http_status": 200, "body": {"accepted": true, "real_timestamp_ms": 1789271831084, "virtual_time_s": 1856.94886, "measure_result": "no_signal"}}
2026-09-13 11:57:15,128 INFO request {"path": "/measure", "payload": {"arena_id": "default", "robot_id": "202601002029", "request_id": "c50f59eddcc746e7be29f9e87e172507", "position": {"x": -802.6270275583852, "y": -463.39693041970247}, "channel": 14}, "attempt": 1}
2026-09-13 11:57:15,130 INFO response {"request_id": "c50f59eddcc746e7be29f9e87e172507", "http_status": 200, "body": {"accepted": true, "real_timestamp_ms": 1789271831094, "virtual_time_s": 1862.94886, "measure_result": "no_signal"}}
2026-09-13 11:57:15,161 INFO request {"path": "/measure", "payload": {"arena_id": "default", "robot_id": "202601002029", "request_id": "790484ef257f49018a91559ac7c00658", "position": {"x": -802.6270275583852, "y": -463.39693041970247}, "channel": 15}, "attempt": 1}
2026-09-13 11:57:15,182 INFO response {"request_id": "790484ef257f49018a91559ac7c00658", "http_status": 200, "body": {"accepted": true, "real_timestamp_ms": 1789271831145, "virtual_time_s": 1868.94886, "measure_result": "no_signal"}}
2026-09-13 11:57:15,229 INFO request {"path": "/measure", "payload": {"arena_id": "default", "robot_id": "202601002029", "request_id": "d4f79f7dbede44ffa2f9881cc4be7c7a", "position": {"x": -802.6270275583852, "y": -463.39693041970247}, "channel": 18}, "attempt": 1}
2026-09-13 11:57:15,230 INFO response {"request_id": "d4f79f7dbede44ffa2f9881cc4be7c7a", "http_status": 200, "body": {"accepted": true, "real_timestamp_ms": 1789271831194, "virtual_time_s": 1874.94886, "measure_result": "direction", "svd_deg": 301.03}}
2026-09-13 11:57:15,266 INFO request {"path": "/measure", "payload": {"arena_id": "default", "robot_id": "202601002029", "request_id": "583ea546f38549d08a0d67f6b4e8a902", "position": {"x": -802.6270275583852, "y": -463.39693041970247}, "channel": 11}, "attempt": 1}
2026-09-13 11:57:15,290 INFO response {"request_id": "583ea546f38549d08a0d67f6b4e8a902", "http_status": 200, "body": {"accepted": true, "real_timestamp_ms": 1789271831253, "virtual_time_s": 1880.94886, "measure_result": "direction", "svd_deg": 240.94}}
2026-09-13 11:57:15,299 INFO request {"path": "/measure", "payload": {"arena_id": "default", "robot_id": "202601002029", "request_id": "a8f9b0ce4c8245d9a706047241571a51", "position": {"x": -802.6270275583852, "y": -463.39693041970247}, "channel": 5}, "attempt": 1}
2026-09-13 11:57:15,321 INFO response {"request_id": "a8f9b0ce4c8245d9a706047241571a51", "http_status": 200, "body": {"accepted": true, "real_timestamp_ms": 1789271831285, "virtual_time_s": 1886.94886, "measure_result": "direction", "svd_deg": 245.07}}
2026-09-13 11:57:16,145 INFO request {"path": "/measure", "payload": {"arena_id": "default", "robot_id": "202601002029", "request_id": "fe4bcd9e7e304db68fb76e18a9f40477", "position": {"x": -926.7938608394055, "y": 1.1349951351463954e-13}, "channel": 1}, "attempt": 1}
2026-09-13 11:57:16,147 INFO response {"request_id": "fe4bcd9e7e304db68fb76e18a9f40477", "http_status": 200, "body": {"accepted": true, "real_timestamp_ms": 1789271832109, "virtual_time_s": 1988.897621, "measure_result": "no_signal"}}
2026-09-13 11:57:16,177 INFO request {"path": "/measure", "payload": {"arena_id": "default", "robot_id": "202601002029", "request_id": "2d2ea5d96ddb4b3c966266e49de908ea", "position": {"x": -926.7938608394055, "y": 1.1349951351463954e-13}, "channel": 2}, "attempt": 1}
2026-09-13 11:57:16,179 INFO response {"request_id": "2d2ea5d96ddb4b3c966266e49de908ea", "http_status": 200, "body": {"accepted": true, "real_timestamp_ms": 1789271832142, "virtual_time_s": 1994.897621, "measure_result": "no_signal"}}
2026-09-13 11:57:16,210 INFO request {"path": "/measure", "payload": {"arena_id": "default", "robot_id": "202601002029", "request_id": "a98fd3267a69418598a73fc47960dfa1", "position": {"x": -926.7938608394055, "y": 1.1349951351463954e-13}, "channel": 3}, "attempt": 1}
2026-09-13 11:57:16,236 INFO response {"request_id": "a98fd3267a69418598a73fc47960dfa1", "http_status": 200, "body": {"accepted": true, "real_timestamp_ms": 1789271832200, "virtual_time_s": 2000.897621, "measure_result": "no_signal"}}
2026-09-13 11:57:16,252 INFO request {"path": "/measure", "payload": {"arena_id": "default", "robot_id": "202601002029", "request_id": "18c9c20fa2044999a03231a64a61521b", "position": {"x": -926.7938608394055, "y": 1.1349951351463954e-13}, "channel": 6}, "attempt": 1}
2026-09-13 11:57:16,268 INFO response {"request_id": "18c9c20fa2044999a03231a64a61521b", "http_status": 200, "body": {"accepted": true, "real_timestamp_ms": 1789271832231, "virtual_time_s": 2006.897621, "measure_result": "no_signal"}}
2026-09-13 11:57:16,299 INFO request {"path": "/measure", "payload": {"arena_id": "default", "robot_id": "202601002029", "request_id": "61b2df40ffec4defabd08b5f7ae5146c", "position": {"x": -926.7938608394055, "y": 1.1349951351463954e-13}, "channel": 8}, "attempt": 1}
2026-09-13 11:57:16,316 INFO response {"request_id": "61b2df40ffec4defabd08b5f7ae5146c", "http_status": 200, "body": {"accepted": true, "real_timestamp_ms": 1789271832279, "virtual_time_s": 2012.897621, "measure_result": "no_signal"}}
2026-09-13 11:57:16,316 INFO request {"path": "/measure", "payload": {"arena_id": "default", "robot_id": "202601002029", "request_id": "96155d53b3df44b68b4954fe0c37257b", "position": {"x": -926.7938608394055, "y": 1.1349951351463954e-13}, "channel": 12}, "attempt": 1}
2026-09-13 11:57:16,333 INFO response {"request_id": "96155d53b3df44b68b4954fe0c37257b", "http_status": 200, "body": {"accepted": true, "real_timestamp_ms": 1789271832296, "virtual_time_s": 2018.897621, "measure_result": "no_signal"}}
2026-09-13 11:57:16,348 INFO request {"path": "/measure", "payload": {"arena_id": "default", "robot_id": "202601002029", "request_id": "422568341f46473aa183958c0ef0c95a", "position": {"x": -926.7938608394055, "y": 1.1349951351463954e-13}, "channel": 13}, "attempt": 1}
2026-09-13 11:57:16,363 INFO response {"request_id": "422568341f46473aa183958c0ef0c95a", "http_status": 200, "body": {"accepted": true, "real_timestamp_ms": 1789271832327, "virtual_time_s": 2024.897621, "measure_result": "no_signal"}}
2026-09-13 11:57:16,378 INFO request {"path": "/measure", "payload": {"arena_id": "default", "robot_id": "202601002029", "request_id": "fabb7a6640b94c89b71b666210995997", "position": {"x": -926.7938608394055, "y": 1.1349951351463954e-13}, "channel": 14}, "attempt": 1}
2026-09-13 11:57:16,380 INFO response {"request_id": "fabb7a6640b94c89b71b666210995997", "http_status": 200, "body": {"accepted": true, "real_timestamp_ms": 1789271832343, "virtual_time_s": 2030.897621, "measure_result": "no_signal"}}
2026-09-13 11:57:16,411 INFO request {"path": "/measure", "payload": {"arena_id": "default", "robot_id": "202601002029", "request_id": "1af8af7b82504c1e8e34962e3e1b7f9c", "position": {"x": -926.7938608394055, "y": 1.1349951351463954e-13}, "channel": 15}, "attempt": 1}
2026-09-13 11:57:16,426 INFO response {"request_id": "1af8af7b82504c1e8e34962e3e1b7f9c", "http_status": 200, "body": {"accepted": true, "real_timestamp_ms": 1789271832389, "virtual_time_s": 2036.897621, "measure_result": "no_signal"}}
2026-09-13 11:57:17,350 INFO request {"path": "/measure", "payload": {"arena_id": "default", "robot_id": "202601002029", "request_id": "e8109cf92fa34eb4bffcb79d82172fd6", "position": {"x": -802.6270275583848, "y": 463.39693041970304}, "channel": 15}, "attempt": 1}
2026-09-13 11:57:17,351 INFO response {"request_id": "e8109cf92fa34eb4bffcb79d82172fd6", "http_status": 200, "body": {"accepted": true, "real_timestamp_ms": 1789271833315, "virtual_time_s": 2137.846382, "measure_result": "no_signal"}}
2026-09-13 11:57:17,382 INFO request {"path": "/measure", "payload": {"arena_id": "default", "robot_id": "202601002029", "request_id": "80b4dc81f6714d5a82a7507ea0f7ff47", "position": {"x": -802.6270275583848, "y": 463.39693041970304}, "channel": 1}, "attempt": 1}
2026-09-13 11:57:17,404 INFO response {"request_id": "80b4dc81f6714d5a82a7507ea0f7ff47", "http_status": 200, "body": {"accepted": true, "real_timestamp_ms": 1789271833368, "virtual_time_s": 2143.846382, "measure_result": "no_signal"}}
2026-09-13 11:57:17,420 INFO request {"path": "/measure", "payload": {"arena_id": "default", "robot_id": "202601002029", "request_id": "2cbdcc395d0d4b899c45b76d1afe7c0e", "position": {"x": -802.6270275583848, "y": 463.39693041970304}, "channel": 2}, "attempt": 1}
2026-09-13 11:57:17,436 INFO response {"request_id": "2cbdcc395d0d4b899c45b76d1afe7c0e", "http_status": 200, "body": {"accepted": true, "real_timestamp_ms": 1789271833399, "virtual_time_s": 2149.846382, "measure_result": "no_signal"}}
2026-09-13 11:57:17,451 INFO request {"path": "/measure", "payload": {"arena_id": "default", "robot_id": "202601002029", "request_id": "f780e2083acc42c5b9b2f648ee571e43", "position": {"x": -802.6270275583848, "y": 463.39693041970304}, "channel": 3}, "attempt": 1}
2026-09-13 11:57:17,453 INFO response {"request_id": "f780e2083acc42c5b9b2f648ee571e43", "http_status": 200, "body": {"accepted": true, "real_timestamp_ms": 1789271833416, "virtual_time_s": 2155.846382, "measure_result": "no_signal"}}
2026-09-13 11:57:17,485 INFO request {"path": "/measure", "payload": {"arena_id": "default", "robot_id": "202601002029", "request_id": "3f7772b66d7542a881641656b85aa938", "position": {"x": -802.6270275583848, "y": 463.39693041970304}, "channel": 6}, "attempt": 1}
2026-09-13 11:57:17,499 INFO response {"request_id": "3f7772b66d7542a881641656b85aa938", "http_status": 200, "body": {"accepted": true, "real_timestamp_ms": 1789271833462, "virtual_time_s": 2161.846382, "measure_result": "no_signal"}}
2026-09-13 11:57:17,513 INFO request {"path": "/measure", "payload": {"arena_id": "default", "robot_id": "202601002029", "request_id": "27cd024359d84052a1579812099cafd4", "position": {"x": -802.6270275583848, "y": 463.39693041970304}, "channel": 8}, "attempt": 1}
2026-09-13 11:57:17,530 INFO response {"request_id": "27cd024359d84052a1579812099cafd4", "http_status": 200, "body": {"accepted": true, "real_timestamp_ms": 1789271833493, "virtual_time_s": 2167.846382, "measure_result": "no_signal"}}
2026-09-13 11:57:17,546 INFO request {"path": "/measure", "payload": {"arena_id": "default", "robot_id": "202601002029", "request_id": "0c1bfce03aa64127abc71db0974d4f88", "position": {"x": -802.6270275583848, "y": 463.39693041970304}, "channel": 12}, "attempt": 1}
2026-09-13 11:57:17,548 INFO response {"request_id": "0c1bfce03aa64127abc71db0974d4f88", "http_status": 200, "body": {"accepted": true, "real_timestamp_ms": 1789271833512, "virtual_time_s": 2173.846382, "measure_result": "no_signal"}}
2026-09-13 11:57:17,579 INFO request {"path": "/measure", "payload": {"arena_id": "default", "robot_id": "202601002029", "request_id": "d6a3a60d74ba43cfaa8e0a9357bd2b0e", "position": {"x": -802.6270275583848, "y": 463.39693041970304}, "channel": 13}, "attempt": 1}
2026-09-13 11:57:17,581 INFO response {"request_id": "d6a3a60d74ba43cfaa8e0a9357bd2b0e", "http_status": 200, "body": {"accepted": true, "real_timestamp_ms": 1789271833545, "virtual_time_s": 2179.846382, "measure_result": "no_signal"}}
2026-09-13 11:57:17,596 INFO request {"path": "/measure", "payload": {"arena_id": "default", "robot_id": "202601002029", "request_id": "419fe4367d1b4d909ab406c03b6500d1", "position": {"x": -802.6270275583848, "y": 463.39693041970304}, "channel": 14}, "attempt": 1}
2026-09-13 11:57:17,598 INFO response {"request_id": "419fe4367d1b4d909ab406c03b6500d1", "http_status": 200, "body": {"accepted": true, "real_timestamp_ms": 1789271833562, "virtual_time_s": 2185.846382, "measure_result": "no_signal"}}
2026-09-13 11:57:18,519 INFO request {"path": "/measure", "payload": {"arena_id": "default", "robot_id": "202601002029", "request_id": "b427fc5f7bf44bed80891683458218d9", "position": {"x": -463.3969304197025, "y": 802.6270275583851}, "channel": 14}, "attempt": 1}
2026-09-13 11:57:18,540 INFO response {"request_id": "b427fc5f7bf44bed80891683458218d9", "http_status": 200, "body": {"accepted": true, "real_timestamp_ms": 1789271834504, "virtual_time_s": 2286.795143, "measure_result": "no_signal"}}
2026-09-13 11:57:18,555 INFO request {"path": "/measure", "payload": {"arena_id": "default", "robot_id": "202601002029", "request_id": "dfd28f943cd24112b2ee2544ab8be5ef", "position": {"x": -463.3969304197025, "y": 802.6270275583851}, "channel": 1}, "attempt": 1}
2026-09-13 11:57:18,558 INFO response {"request_id": "dfd28f943cd24112b2ee2544ab8be5ef", "http_status": 200, "body": {"accepted": true, "real_timestamp_ms": 1789271834521, "virtual_time_s": 2292.795143, "measure_result": "no_signal"}}
2026-09-13 11:57:18,589 INFO request {"path": "/measure", "payload": {"arena_id": "default", "robot_id": "202601002029", "request_id": "d75b9856583449d79ed5fed0ba753580", "position": {"x": -463.3969304197025, "y": 802.6270275583851}, "channel": 2}, "attempt": 1}
2026-09-13 11:57:18,591 INFO response {"request_id": "d75b9856583449d79ed5fed0ba753580", "http_status": 200, "body": {"accepted": true, "real_timestamp_ms": 1789271834555, "virtual_time_s": 2298.795143, "measure_result": "no_signal"}}
2026-09-13 11:57:18,622 INFO request {"path": "/measure", "payload": {"arena_id": "default", "robot_id": "202601002029", "request_id": "97bbfd878abc42ea84a57c761f9a2c1d", "position": {"x": -463.3969304197025, "y": 802.6270275583851}, "channel": 3}, "attempt": 1}
2026-09-13 11:57:18,625 INFO response {"request_id": "97bbfd878abc42ea84a57c761f9a2c1d", "http_status": 200, "body": {"accepted": true, "real_timestamp_ms": 1789271834588, "virtual_time_s": 2304.795143, "measure_result": "no_signal"}}
2026-09-13 11:57:18,655 INFO request {"path": "/measure", "payload": {"arena_id": "default", "robot_id": "202601002029", "request_id": "780ee15813ba415dbb9808bd94bdb268", "position": {"x": -463.3969304197025, "y": 802.6270275583851}, "channel": 6}, "attempt": 1}
2026-09-13 11:57:18,657 INFO response {"request_id": "780ee15813ba415dbb9808bd94bdb268", "http_status": 200, "body": {"accepted": true, "real_timestamp_ms": 1789271834620, "virtual_time_s": 2310.795143, "measure_result": "no_signal"}}
2026-09-13 11:57:18,688 INFO request {"path": "/measure", "payload": {"arena_id": "default", "robot_id": "202601002029", "request_id": "bc2f67ebe9e34fcabd801d08bab74c6e", "position": {"x": -463.3969304197025, "y": 802.6270275583851}, "channel": 8}, "attempt": 1}
2026-09-13 11:57:18,690 INFO response {"request_id": "bc2f67ebe9e34fcabd801d08bab74c6e", "http_status": 200, "body": {"accepted": true, "real_timestamp_ms": 1789271834653, "virtual_time_s": 2316.795143, "measure_result": "no_signal"}}
2026-09-13 11:57:18,705 INFO request {"path": "/measure", "payload": {"arena_id": "default", "robot_id": "202601002029", "request_id": "a25e5eae23e742469169f3cb97f1c21d", "position": {"x": -463.3969304197025, "y": 802.6270275583851}, "channel": 12}, "attempt": 1}
2026-09-13 11:57:18,708 INFO response {"request_id": "a25e5eae23e742469169f3cb97f1c21d", "http_status": 200, "body": {"accepted": true, "real_timestamp_ms": 1789271834671, "virtual_time_s": 2322.795143, "measure_result": "no_signal"}}
2026-09-13 11:57:18,723 INFO request {"path": "/measure", "payload": {"arena_id": "default", "robot_id": "202601002029", "request_id": "af184eaeeb204707b8777e90406c5bcb", "position": {"x": -463.3969304197025, "y": 802.6270275583851}, "channel": 13}, "attempt": 1}
2026-09-13 11:57:18,725 INFO response {"request_id": "af184eaeeb204707b8777e90406c5bcb", "http_status": 200, "body": {"accepted": true, "real_timestamp_ms": 1789271834688, "virtual_time_s": 2328.795143, "measure_result": "no_signal"}}
2026-09-13 11:57:18,756 INFO request {"path": "/measure", "payload": {"arena_id": "default", "robot_id": "202601002029", "request_id": "c7d979271af3451d95f16a0268339547", "position": {"x": -463.3969304197025, "y": 802.6270275583851}, "channel": 15}, "attempt": 1}
2026-09-13 11:57:18,775 INFO response {"request_id": "c7d979271af3451d95f16a0268339547", "http_status": 200, "body": {"accepted": true, "real_timestamp_ms": 1789271834738, "virtual_time_s": 2334.795143, "measure_result": "no_signal"}}
2026-09-13 11:57:19,642 INFO request {"path": "/measure", "payload": {"arena_id": "default", "robot_id": "202601002029", "request_id": "6c5759eac6374dbf934987772e52cd7e", "position": {"x": -482.8444447608829, "y": 1802.0}, "channel": 15}, "attempt": 1}
2026-09-13 11:57:19,643 INFO response {"request_id": "6c5759eac6374dbf934987772e52cd7e", "http_status": 200, "body": {"accepted": true, "real_timestamp_ms": 1789271835607, "virtual_time_s": 2539.707578, "measure_result": "no_signal"}}
2026-09-13 11:57:19,659 INFO request {"path": "/measure", "payload": {"arena_id": "default", "robot_id": "202601002029", "request_id": "19933bffedcb4f2785fe000d37cfb44e", "position": {"x": -482.8444447608829, "y": 1802.0}, "channel": 1}, "attempt": 1}
2026-09-13 11:57:19,660 INFO response {"request_id": "19933bffedcb4f2785fe000d37cfb44e", "http_status": 200, "body": {"accepted": true, "real_timestamp_ms": 1789271835624, "virtual_time_s": 2545.707578, "measure_result": "no_signal"}}
2026-09-13 11:57:19,691 INFO request {"path": "/measure", "payload": {"arena_id": "default", "robot_id": "202601002029", "request_id": "3593d70fa4d34922bcf869f3cbde52aa", "position": {"x": -482.8444447608829, "y": 1802.0}, "channel": 2}, "attempt": 1}
2026-09-13 11:57:19,692 INFO response {"request_id": "3593d70fa4d34922bcf869f3cbde52aa", "http_status": 200, "body": {"accepted": true, "real_timestamp_ms": 1789271835656, "virtual_time_s": 2551.707578, "measure_result": "no_signal"}}
2026-09-13 11:57:19,723 INFO request {"path": "/measure", "payload": {"arena_id": "default", "robot_id": "202601002029", "request_id": "6fef826509da46e2aa572d8d97dbf846", "position": {"x": -482.8444447608829, "y": 1802.0}, "channel": 3}, "attempt": 1}
2026-09-13 11:57:19,725 INFO response {"request_id": "6fef826509da46e2aa572d8d97dbf846", "http_status": 200, "body": {"accepted": true, "real_timestamp_ms": 1789271835689, "virtual_time_s": 2557.707578, "measure_result": "no_signal"}}
2026-09-13 11:57:19,756 INFO request {"path": "/measure", "payload": {"arena_id": "default", "robot_id": "202601002029", "request_id": "4faba2e1abaa49d38952a80697ba0a4c", "position": {"x": -482.8444447608829, "y": 1802.0}, "channel": 6}, "attempt": 1}
2026-09-13 11:57:19,782 INFO response {"request_id": "4faba2e1abaa49d38952a80697ba0a4c", "http_status": 200, "body": {"accepted": true, "real_timestamp_ms": 1789271835746, "virtual_time_s": 2563.707578, "measure_result": "no_signal"}}
2026-09-13 11:57:19,798 INFO request {"path": "/measure", "payload": {"arena_id": "default", "robot_id": "202601002029", "request_id": "188c4dec90a54319a1a448cef71f37f8", "position": {"x": -482.8444447608829, "y": 1802.0}, "channel": 8}, "attempt": 1}
2026-09-13 11:57:19,814 INFO response {"request_id": "188c4dec90a54319a1a448cef71f37f8", "http_status": 200, "body": {"accepted": true, "real_timestamp_ms": 1789271835778, "virtual_time_s": 2569.707578, "measure_result": "direction", "svd_deg": 222.07}}
2026-09-13 11:57:19,819 INFO request {"path": "/measure", "payload": {"arena_id": "default", "robot_id": "202601002029", "request_id": "b1709892729e43f48efb0bd2240ef1a1", "position": {"x": -482.8444447608829, "y": 1802.0}, "channel": 12}, "attempt": 1}
2026-09-13 11:57:19,831 INFO response {"request_id": "b1709892729e43f48efb0bd2240ef1a1", "http_status": 200, "body": {"accepted": true, "real_timestamp_ms": 1789271835794, "virtual_time_s": 2575.707578, "measure_result": "no_signal"}}
2026-09-13 11:57:19,845 INFO request {"path": "/measure", "payload": {"arena_id": "default", "robot_id": "202601002029", "request_id": "898fe1f013c6451d8faff5cb07ef865c", "position": {"x": -482.8444447608829, "y": 1802.0}, "channel": 13}, "attempt": 1}
2026-09-13 11:57:19,862 INFO response {"request_id": "898fe1f013c6451d8faff5cb07ef865c", "http_status": 200, "body": {"accepted": true, "real_timestamp_ms": 1789271835826, "virtual_time_s": 2581.707578, "measure_result": "no_signal"}}
2026-09-13 11:57:19,862 INFO request {"path": "/measure", "payload": {"arena_id": "default", "robot_id": "202601002029", "request_id": "1d80de08c45e4f459123b15fe8843808", "position": {"x": -482.8444447608829, "y": 1802.0}, "channel": 14}, "attempt": 1}
2026-09-13 11:57:19,864 INFO response {"request_id": "1d80de08c45e4f459123b15fe8843808", "http_status": 200, "body": {"accepted": true, "real_timestamp_ms": 1789271835828, "virtual_time_s": 2587.707578, "measure_result": "no_signal"}}
2026-09-13 11:57:21,059 INFO request {"path": "/measure", "payload": {"arena_id": "default", "robot_id": "202601002029", "request_id": "90357ff86ae248a08cfb347675433cab", "position": {"x": 482.8444447608835, "y": 1801.9999999999998}, "channel": 14}, "attempt": 1}
2026-09-13 11:57:21,060 INFO response {"request_id": "90357ff86ae248a08cfb347675433cab", "http_status": 200, "body": {"accepted": true, "real_timestamp_ms": 1789271837025, "virtual_time_s": 2785.845356, "measure_result": "no_signal"}}
2026-09-13 11:57:21,092 INFO request {"path": "/measure", "payload": {"arena_id": "default", "robot_id": "202601002029", "request_id": "b9da0ed5e458467daa5a185192d54446", "position": {"x": 482.8444447608835, "y": 1801.9999999999998}, "channel": 1}, "attempt": 1}
2026-09-13 11:57:21,109 INFO response {"request_id": "b9da0ed5e458467daa5a185192d54446", "http_status": 200, "body": {"accepted": true, "real_timestamp_ms": 1789271837072, "virtual_time_s": 2791.845356, "measure_result": "no_signal"}}
2026-09-13 11:57:21,126 INFO request {"path": "/measure", "payload": {"arena_id": "default", "robot_id": "202601002029", "request_id": "026ff39eb9604bf0b05d5f8004d8f097", "position": {"x": 482.8444447608835, "y": 1801.9999999999998}, "channel": 2}, "attempt": 1}
2026-09-13 11:57:21,128 INFO response {"request_id": "026ff39eb9604bf0b05d5f8004d8f097", "http_status": 200, "body": {"accepted": true, "real_timestamp_ms": 1789271837091, "virtual_time_s": 2797.845356, "measure_result": "no_signal"}}
2026-09-13 11:57:21,143 INFO request {"path": "/measure", "payload": {"arena_id": "default", "robot_id": "202601002029", "request_id": "a71296508d1e4a06b936de324e2d69a5", "position": {"x": 482.8444447608835, "y": 1801.9999999999998}, "channel": 3}, "attempt": 1}
2026-09-13 11:57:21,146 INFO response {"request_id": "a71296508d1e4a06b936de324e2d69a5", "http_status": 200, "body": {"accepted": true, "real_timestamp_ms": 1789271837109, "virtual_time_s": 2803.845356, "measure_result": "no_signal"}}
2026-09-13 11:57:21,177 INFO request {"path": "/measure", "payload": {"arena_id": "default", "robot_id": "202601002029", "request_id": "bed88c3fd721472b8d9074b0ee8ff6df", "position": {"x": 482.8444447608835, "y": 1801.9999999999998}, "channel": 6}, "attempt": 1}
2026-09-13 11:57:21,179 INFO response {"request_id": "bed88c3fd721472b8d9074b0ee8ff6df", "http_status": 200, "body": {"accepted": true, "real_timestamp_ms": 1789271837143, "virtual_time_s": 2809.845356, "measure_result": "no_signal"}}
2026-09-13 11:57:21,210 INFO request {"path": "/measure", "payload": {"arena_id": "default", "robot_id": "202601002029", "request_id": "c6400abab0054271b3f8d20ae9cd8eaa", "position": {"x": 482.8444447608835, "y": 1801.9999999999998}, "channel": 12}, "attempt": 1}
2026-09-13 11:57:21,235 INFO response {"request_id": "c6400abab0054271b3f8d20ae9cd8eaa", "http_status": 200, "body": {"accepted": true, "real_timestamp_ms": 1789271837198, "virtual_time_s": 2815.845356, "measure_result": "no_signal"}}
2026-09-13 11:57:21,250 INFO request {"path": "/measure", "payload": {"arena_id": "default", "robot_id": "202601002029", "request_id": "3504cba530e34086a3be53f43e0ad2a9", "position": {"x": 482.8444447608835, "y": 1801.9999999999998}, "channel": 13}, "attempt": 1}
2026-09-13 11:57:21,253 INFO response {"request_id": "3504cba530e34086a3be53f43e0ad2a9", "http_status": 200, "body": {"accepted": true, "real_timestamp_ms": 1789271837216, "virtual_time_s": 2821.845356, "measure_result": "no_signal"}}
2026-09-13 11:57:21,268 INFO request {"path": "/measure", "payload": {"arena_id": "default", "robot_id": "202601002029", "request_id": "fff0d7ed5e9742b7a74168089e3a5049", "position": {"x": 482.8444447608835, "y": 1801.9999999999998}, "channel": 15}, "attempt": 1}
2026-09-13 11:57:21,282 INFO response {"request_id": "fff0d7ed5e9742b7a74168089e3a5049", "http_status": 200, "body": {"accepted": true, "real_timestamp_ms": 1789271837245, "virtual_time_s": 2827.845356, "measure_result": "no_signal"}}
2026-09-13 11:57:21,337 INFO request {"path": "/measure", "payload": {"arena_id": "default", "robot_id": "202601002029", "request_id": "0d5a7333ebcb4ccaab94dbdc5b8acdd0", "position": {"x": 482.8444447608835, "y": 1801.9999999999998}, "channel": 20}, "attempt": 1}
2026-09-13 11:57:21,337 INFO response {"request_id": "0d5a7333ebcb4ccaab94dbdc5b8acdd0", "http_status": 200, "body": {"accepted": true, "real_timestamp_ms": 1789271837302, "virtual_time_s": 2833.845356, "measure_result": "direction", "svd_deg": 317.0}}
2026-09-13 11:57:22,331 INFO request {"path": "/measure", "payload": {"arena_id": "default", "robot_id": "202601002029", "request_id": "fcafffcb40c94c34987278ef2b4c5fb6", "position": {"x": 1319.155555239117, "y": 1319.155555239117}, "channel": 1}, "attempt": 1}
2026-09-13 11:57:22,332 INFO response {"request_id": "fcafffcb40c94c34987278ef2b4c5fb6", "http_status": 200, "body": {"accepted": true, "real_timestamp_ms": 1789271838297, "virtual_time_s": 3032.983134, "measure_result": "no_signal"}}
2026-09-13 11:57:22,363 INFO request {"path": "/measure", "payload": {"arena_id": "default", "robot_id": "202601002029", "request_id": "00dd025cd4da428a8e57c2be2d5b8fa6", "position": {"x": 1319.155555239117, "y": 1319.155555239117}, "channel": 2}, "attempt": 1}
2026-09-13 11:57:22,385 INFO response {"request_id": "00dd025cd4da428a8e57c2be2d5b8fa6", "http_status": 200, "body": {"accepted": true, "real_timestamp_ms": 1789271838349, "virtual_time_s": 3038.983134, "measure_result": "no_signal"}}
2026-09-13 11:57:22,400 INFO request {"path": "/measure", "payload": {"arena_id": "default", "robot_id": "202601002029", "request_id": "c3e9fe5e25eb449c9a710a927d27b1a3", "position": {"x": 1319.155555239117, "y": 1319.155555239117}, "channel": 3}, "attempt": 1}
2026-09-13 11:57:22,402 INFO response {"request_id": "c3e9fe5e25eb449c9a710a927d27b1a3", "http_status": 200, "body": {"accepted": true, "real_timestamp_ms": 1789271838365, "virtual_time_s": 3044.983134, "measure_result": "no_signal"}}
2026-09-13 11:57:22,432 INFO request {"path": "/measure", "payload": {"arena_id": "default", "robot_id": "202601002029", "request_id": "59cc759edccc42aba685cd1f08aba9ff", "position": {"x": 1319.155555239117, "y": 1319.155555239117}, "channel": 6}, "attempt": 1}
2026-09-13 11:57:22,434 INFO response {"request_id": "59cc759edccc42aba685cd1f08aba9ff", "http_status": 200, "body": {"accepted": true, "real_timestamp_ms": 1789271838398, "virtual_time_s": 3050.983134, "measure_result": "no_signal"}}
2026-09-13 11:57:22,465 INFO request {"path": "/measure", "payload": {"arena_id": "default", "robot_id": "202601002029", "request_id": "8663b8b7e4e8416cb16cc1617747d76b", "position": {"x": 1319.155555239117, "y": 1319.155555239117}, "channel": 12}, "attempt": 1}
2026-09-13 11:57:22,480 INFO response {"request_id": "8663b8b7e4e8416cb16cc1617747d76b", "http_status": 200, "body": {"accepted": true, "real_timestamp_ms": 1789271838443, "virtual_time_s": 3056.983134, "measure_result": "no_signal"}}
2026-09-13 11:57:22,496 INFO request {"path": "/measure", "payload": {"arena_id": "default", "robot_id": "202601002029", "request_id": "daf1845319a849259673aee1447fc8cf", "position": {"x": 1319.155555239117, "y": 1319.155555239117}, "channel": 13}, "attempt": 1}
2026-09-13 11:57:22,497 INFO response {"request_id": "daf1845319a849259673aee1447fc8cf", "http_status": 200, "body": {"accepted": true, "real_timestamp_ms": 1789271838461, "virtual_time_s": 3062.983134, "measure_result": "no_signal"}}
2026-09-13 11:57:22,528 INFO request {"path": "/measure", "payload": {"arena_id": "default", "robot_id": "202601002029", "request_id": "cf21ad23b4b44b2388dd4a7580361fc2", "position": {"x": 1319.155555239117, "y": 1319.155555239117}, "channel": 14}, "attempt": 1}
2026-09-13 11:57:22,541 INFO response {"request_id": "cf21ad23b4b44b2388dd4a7580361fc2", "http_status": 200, "body": {"accepted": true, "real_timestamp_ms": 1789271838504, "virtual_time_s": 3068.983134, "measure_result": "no_signal"}}
2026-09-13 11:57:22,555 INFO request {"path": "/measure", "payload": {"arena_id": "default", "robot_id": "202601002029", "request_id": "93d42d3eef9f4d04a2707fb6a2c31ede", "position": {"x": 1319.155555239117, "y": 1319.155555239117}, "channel": 15}, "attempt": 1}
2026-09-13 11:57:22,572 INFO response {"request_id": "93d42d3eef9f4d04a2707fb6a2c31ede", "http_status": 200, "body": {"accepted": true, "real_timestamp_ms": 1789271838535, "virtual_time_s": 3074.983134, "measure_result": "no_signal"}}
2026-09-13 11:57:22,618 INFO request {"path": "/measure", "payload": {"arena_id": "default", "robot_id": "202601002029", "request_id": "8bbef4423c9144ee94cb55885d075763", "position": {"x": 1319.155555239117, "y": 1319.155555239117}, "channel": 20}, "attempt": 1}
2026-09-13 11:57:22,619 INFO response {"request_id": "8bbef4423c9144ee94cb55885d075763", "http_status": 200, "body": {"accepted": true, "real_timestamp_ms": 1789271838583, "virtual_time_s": 3080.983134, "measure_result": "direction", "svd_deg": 281.42}}
2026-09-13 11:57:22,957 INFO request {"path": "/clear", "payload": {"arena_id": "default", "robot_id": "202601002029", "request_id": "9a58b278eb4b4b60b6e485c6b76229e6", "position": {"x": 1387.1218582082902, "y": 973.315601092442}, "channel": 20}, "attempt": 1}
2026-09-13 11:57:22,981 INFO response {"request_id": "9a58b278eb4b4b60b6e485c6b76229e6", "http_status": 200, "body": {"accepted": true, "real_timestamp_ms": 1789271838945, "virtual_time_s": 3156.474181, "clear_result": "success"}}
2026-09-13 11:57:23,020 INFO request {"path": "/measure", "payload": {"arena_id": "default", "robot_id": "202601002029", "request_id": "96ef113c1d4d430c8d11bc921fc9613d", "position": {"x": 1802.0, "y": 482.84444476088305}, "channel": 1}, "attempt": 1}
2026-09-13 11:57:23,021 INFO response {"request_id": "96ef113c1d4d430c8d11bc921fc9613d", "http_status": 200, "body": {"accepted": true, "real_timestamp_ms": 1789271838985, "virtual_time_s": 3290.955437, "measure_result": "no_signal"}}
2026-09-13 11:57:23,052 INFO request {"path": "/measure", "payload": {"arena_id": "default", "robot_id": "202601002029", "request_id": "09e983ef2b7b4947a36ced0f7994731e", "position": {"x": 1802.0, "y": 482.84444476088305}, "channel": 2}, "attempt": 1}
2026-09-13 11:57:23,073 INFO response {"request_id": "09e983ef2b7b4947a36ced0f7994731e", "http_status": 200, "body": {"accepted": true, "real_timestamp_ms": 1789271839037, "virtual_time_s": 3296.955437, "measure_result": "no_signal"}}
2026-09-13 11:57:23,089 INFO request {"path": "/measure", "payload": {"arena_id": "default", "robot_id": "202601002029", "request_id": "db053b7045cf4c1a92084c961fd012d7", "position": {"x": 1802.0, "y": 482.84444476088305}, "channel": 3}, "attempt": 1}
2026-09-13 11:57:23,091 INFO response {"request_id": "db053b7045cf4c1a92084c961fd012d7", "http_status": 200, "body": {"accepted": true, "real_timestamp_ms": 1789271839054, "virtual_time_s": 3302.955437, "measure_result": "no_signal"}}
2026-09-13 11:57:23,122 INFO request {"path": "/measure", "payload": {"arena_id": "default", "robot_id": "202601002029", "request_id": "a455dd1b4b934bf4b04ed2ea653ea495", "position": {"x": 1802.0, "y": 482.84444476088305}, "channel": 6}, "attempt": 1}
2026-09-13 11:57:23,124 INFO response {"request_id": "a455dd1b4b934bf4b04ed2ea653ea495", "http_status": 200, "body": {"accepted": true, "real_timestamp_ms": 1789271839087, "virtual_time_s": 3308.955437, "measure_result": "no_signal"}}
2026-09-13 11:57:23,155 INFO request {"path": "/measure", "payload": {"arena_id": "default", "robot_id": "202601002029", "request_id": "4c8dc623a85a4ddda5dc795efab375a4", "position": {"x": 1802.0, "y": 482.84444476088305}, "channel": 12}, "attempt": 1}
2026-09-13 11:57:23,157 INFO response {"request_id": "4c8dc623a85a4ddda5dc795efab375a4", "http_status": 200, "body": {"accepted": true, "real_timestamp_ms": 1789271839121, "virtual_time_s": 3314.955437, "measure_result": "no_signal"}}
2026-09-13 11:57:23,188 INFO request {"path": "/measure", "payload": {"arena_id": "default", "robot_id": "202601002029", "request_id": "d1ffab7c27034c139ee33bae5e262726", "position": {"x": 1802.0, "y": 482.84444476088305}, "channel": 13}, "attempt": 1}
2026-09-13 11:57:23,213 INFO response {"request_id": "d1ffab7c27034c139ee33bae5e262726", "http_status": 200, "body": {"accepted": true, "real_timestamp_ms": 1789271839176, "virtual_time_s": 3320.955437, "measure_result": "no_signal"}}
2026-09-13 11:57:23,214 INFO request {"path": "/measure", "payload": {"arena_id": "default", "robot_id": "202601002029", "request_id": "ae814323d70f4fbb992f92c3113b6aeb", "position": {"x": 1802.0, "y": 482.84444476088305}, "channel": 14}, "attempt": 1}
2026-09-13 11:57:23,216 INFO response {"request_id": "ae814323d70f4fbb992f92c3113b6aeb", "http_status": 200, "body": {"accepted": true, "real_timestamp_ms": 1789271839179, "virtual_time_s": 3326.955437, "measure_result": "no_signal"}}
2026-09-13 11:57:23,247 INFO request {"path": "/measure", "payload": {"arena_id": "default", "robot_id": "202601002029", "request_id": "eaadad5aa371429a8202335be9bf8d0f", "position": {"x": 1802.0, "y": 482.84444476088305}, "channel": 15}, "attempt": 1}
2026-09-13 11:57:23,249 INFO response {"request_id": "eaadad5aa371429a8202335be9bf8d0f", "http_status": 200, "body": {"accepted": true, "real_timestamp_ms": 1789271839212, "virtual_time_s": 3332.955437, "measure_result": "no_signal"}}
2026-09-13 11:57:23,288 INFO request {"path": "/measure", "payload": {"arena_id": "default", "robot_id": "202601002029", "request_id": "eb5358c57f7a4fadbc948ec87b957c84", "position": {"x": 1802.0, "y": 482.84444476088305}, "channel": 9}, "attempt": 1}
2026-09-13 11:57:23,306 INFO response {"request_id": "eb5358c57f7a4fadbc948ec87b957c84", "http_status": 200, "body": {"accepted": true, "real_timestamp_ms": 1789271839270, "virtual_time_s": 3338.955437, "measure_result": "direction", "svd_deg": 220.64}}
2026-09-13 11:57:23,937 INFO request {"path": "/measure", "payload": {"arena_id": "default", "robot_id": "202601002029", "request_id": "5b27d658c82c422bad4b53f72a8bab5e", "position": {"x": 1801.9999999999995, "y": -482.84444476088464}, "channel": 1}, "attempt": 1}
2026-09-13 11:57:23,958 INFO response {"request_id": "5b27d658c82c422bad4b53f72a8bab5e", "http_status": 200, "body": {"accepted": true, "real_timestamp_ms": 1789271839922, "virtual_time_s": 3538.093215, "measure_result": "no_signal"}}
2026-09-13 11:57:23,958 INFO request {"path": "/measure", "payload": {"arena_id": "default", "robot_id": "202601002029", "request_id": "faa0b196ffce4e28a989cec60ea4046c", "position": {"x": 1801.9999999999995, "y": -482.84444476088464}, "channel": 2}, "attempt": 1}
2026-09-13 11:57:23,974 INFO response {"request_id": "faa0b196ffce4e28a989cec60ea4046c", "http_status": 200, "body": {"accepted": true, "real_timestamp_ms": 1789271839937, "virtual_time_s": 3544.093215, "measure_result": "no_signal"}}
2026-09-13 11:57:23,990 INFO request {"path": "/measure", "payload": {"arena_id": "default", "robot_id": "202601002029", "request_id": "cdb88aeedeb643389310d8196cd1b5c5", "position": {"x": 1801.9999999999995, "y": -482.84444476088464}, "channel": 3}, "attempt": 1}
2026-09-13 11:57:24,005 INFO response {"request_id": "cdb88aeedeb643389310d8196cd1b5c5", "http_status": 200, "body": {"accepted": true, "real_timestamp_ms": 1789271839968, "virtual_time_s": 3550.093215, "measure_result": "no_signal"}}
2026-09-13 11:57:24,019 INFO request {"path": "/measure", "payload": {"arena_id": "default", "robot_id": "202601002029", "request_id": "2eb83a23983045cb834d768bca287e35", "position": {"x": 1801.9999999999995, "y": -482.84444476088464}, "channel": 6}, "attempt": 1}
2026-09-13 11:57:24,022 INFO response {"request_id": "2eb83a23983045cb834d768bca287e35", "http_status": 200, "body": {"accepted": true, "real_timestamp_ms": 1789271839985, "virtual_time_s": 3556.093215, "measure_result": "no_signal"}}
2026-09-13 11:57:24,053 INFO request {"path": "/measure", "payload": {"arena_id": "default", "robot_id": "202601002029", "request_id": "6b73c645d7c94cb9ada4aa25f6654767", "position": {"x": 1801.9999999999995, "y": -482.84444476088464}, "channel": 12}, "attempt": 1}
2026-09-13 11:57:24,067 INFO response {"request_id": "6b73c645d7c94cb9ada4aa25f6654767", "http_status": 200, "body": {"accepted": true, "real_timestamp_ms": 1789271840031, "virtual_time_s": 3562.093215, "measure_result": "direction", "svd_deg": 225.85}}
2026-09-13 11:57:24,087 INFO request {"path": "/measure", "payload": {"arena_id": "default", "robot_id": "202601002029", "request_id": "05c9f4c775704cd6ad171c1e7b77d00b", "position": {"x": 1801.9999999999995, "y": -482.84444476088464}, "channel": 13}, "attempt": 1}
2026-09-13 11:57:24,099 INFO response {"request_id": "05c9f4c775704cd6ad171c1e7b77d00b", "http_status": 200, "body": {"accepted": true, "real_timestamp_ms": 1789271840062, "virtual_time_s": 3568.093215, "measure_result": "no_signal"}}
2026-09-13 11:57:24,114 INFO request {"path": "/measure", "payload": {"arena_id": "default", "robot_id": "202601002029", "request_id": "8116c5ce73a64e778d9197eacd455958", "position": {"x": 1801.9999999999995, "y": -482.84444476088464}, "channel": 14}, "attempt": 1}
2026-09-13 11:57:24,116 INFO response {"request_id": "8116c5ce73a64e778d9197eacd455958", "http_status": 200, "body": {"accepted": true, "real_timestamp_ms": 1789271840080, "virtual_time_s": 3574.093215, "measure_result": "no_signal"}}
2026-09-13 11:57:24,147 INFO request {"path": "/measure", "payload": {"arena_id": "default", "robot_id": "202601002029", "request_id": "b07ec11d00d3400eb01215fde131ee78", "position": {"x": 1801.9999999999995, "y": -482.84444476088464}, "channel": 15}, "attempt": 1}
2026-09-13 11:57:24,149 INFO response {"request_id": "b07ec11d00d3400eb01215fde131ee78", "http_status": 200, "body": {"accepted": true, "real_timestamp_ms": 1789271840113, "virtual_time_s": 3580.093215, "measure_result": "no_signal"}}
2026-09-13 11:57:24,888 INFO request {"path": "/measure", "payload": {"arena_id": "default", "robot_id": "202601002029", "request_id": "567c820f1ee6488291a71c06c4ffb568", "position": {"x": 1319.1555552391164, "y": -1319.1555552391171}, "channel": 15}, "attempt": 1}
2026-09-13 11:57:24,889 INFO response {"request_id": "567c820f1ee6488291a71c06c4ffb568", "http_status": 200, "body": {"accepted": true, "real_timestamp_ms": 1789271840853, "virtual_time_s": 3778.230993, "measure_result": "no_signal"}}
2026-09-13 11:57:24,919 INFO request {"path": "/measure", "payload": {"arena_id": "default", "robot_id": "202601002029", "request_id": "0cf2502195144372b294ae4ce6cb2d67", "position": {"x": 1319.1555552391164, "y": -1319.1555552391171}, "channel": 1}, "attempt": 1}
2026-09-13 11:57:24,922 INFO response {"request_id": "0cf2502195144372b294ae4ce6cb2d67", "http_status": 200, "body": {"accepted": true, "real_timestamp_ms": 1789271840886, "virtual_time_s": 3784.230993, "measure_result": "no_signal"}}
2026-09-13 11:57:24,954 INFO request {"path": "/measure", "payload": {"arena_id": "default", "robot_id": "202601002029", "request_id": "8a89a4cf2f564926b5c7b4ffed98dc16", "position": {"x": 1319.1555552391164, "y": -1319.1555552391171}, "channel": 2}, "attempt": 1}
2026-09-13 11:57:24,956 INFO response {"request_id": "8a89a4cf2f564926b5c7b4ffed98dc16", "http_status": 200, "body": {"accepted": true, "real_timestamp_ms": 1789271840920, "virtual_time_s": 3790.230993, "measure_result": "no_signal"}}
2026-09-13 11:57:24,971 INFO request {"path": "/measure", "payload": {"arena_id": "default", "robot_id": "202601002029", "request_id": "c02d4a55f27744b89e0f6378b11a9325", "position": {"x": 1319.1555552391164, "y": -1319.1555552391171}, "channel": 3}, "attempt": 1}
2026-09-13 11:57:24,973 INFO response {"request_id": "c02d4a55f27744b89e0f6378b11a9325", "http_status": 200, "body": {"accepted": true, "real_timestamp_ms": 1789271840936, "virtual_time_s": 3796.230993, "measure_result": "no_signal"}}
2026-09-13 11:57:25,003 INFO request {"path": "/measure", "payload": {"arena_id": "default", "robot_id": "202601002029", "request_id": "37ea4e1508ee4847945c5c032075e234", "position": {"x": 1319.1555552391164, "y": -1319.1555552391171}, "channel": 6}, "attempt": 1}
2026-09-13 11:57:25,031 INFO response {"request_id": "37ea4e1508ee4847945c5c032075e234", "http_status": 200, "body": {"accepted": true, "real_timestamp_ms": 1789271840994, "virtual_time_s": 3802.230993, "measure_result": "no_signal"}}
2026-09-13 11:57:25,047 INFO request {"path": "/measure", "payload": {"arena_id": "default", "robot_id": "202601002029", "request_id": "cf9c2ccbc6cc4abd86c733f843941e23", "position": {"x": 1319.1555552391164, "y": -1319.1555552391171}, "channel": 13}, "attempt": 1}
2026-09-13 11:57:25,061 INFO response {"request_id": "cf9c2ccbc6cc4abd86c733f843941e23", "http_status": 200, "body": {"accepted": true, "real_timestamp_ms": 1789271841025, "virtual_time_s": 3808.230993, "measure_result": "no_signal"}}
2026-09-13 11:57:25,076 INFO request {"path": "/measure", "payload": {"arena_id": "default", "robot_id": "202601002029", "request_id": "1de7bd4f4f814b31970ef0e02e7839d3", "position": {"x": 1319.1555552391164, "y": -1319.1555552391171}, "channel": 14}, "attempt": 1}
2026-09-13 11:57:25,092 INFO response {"request_id": "1de7bd4f4f814b31970ef0e02e7839d3", "http_status": 200, "body": {"accepted": true, "real_timestamp_ms": 1789271841056, "virtual_time_s": 3814.230993, "measure_result": "no_signal"}}
2026-09-13 11:57:25,168 INFO request {"path": "/measure", "payload": {"arena_id": "default", "robot_id": "202601002029", "request_id": "f88e37f750074c7082c063243f23c145", "position": {"x": 1319.1555552391164, "y": -1319.1555552391171}, "channel": 16}, "attempt": 1}
2026-09-13 11:57:25,170 INFO response {"request_id": "f88e37f750074c7082c063243f23c145", "http_status": 200, "body": {"accepted": true, "real_timestamp_ms": 1789271841133, "virtual_time_s": 3820.230993, "measure_result": "direction", "svd_deg": 110.36}}
2026-09-13 11:57:25,204 INFO request {"path": "/measure", "payload": {"arena_id": "default", "robot_id": "202601002029", "request_id": "b13328405bbe4e24b446e9f10e643ad9", "position": {"x": 1319.1555552391164, "y": -1319.1555552391171}, "channel": 12}, "attempt": 1}
2026-09-13 11:57:25,216 INFO response {"request_id": "b13328405bbe4e24b446e9f10e643ad9", "http_status": 200, "body": {"accepted": true, "real_timestamp_ms": 1789271841180, "virtual_time_s": 3826.230993, "measure_result": "direction", "svd_deg": 139.64}}
2026-09-13 11:57:25,412 INFO request {"path": "/clear", "payload": {"arena_id": "default", "robot_id": "202601002029", "request_id": "4cfe45e96b664362a56ab3ca456fcc05", "position": {"x": 1138.5992593456228, "y": -1166.0952171977538}, "channel": 12}, "attempt": 1}
2026-09-13 11:57:25,413 INFO response {"request_id": "4cfe45e96b664362a56ab3ca456fcc05", "http_status": 200, "body": {"accepted": true, "real_timestamp_ms": 1789271841378, "virtual_time_s": 3878.57148, "clear_result": "success"}}
2026-09-13 11:57:25,454 INFO request {"path": "/measure", "payload": {"arena_id": "default", "robot_id": "202601002029", "request_id": "8b0fd2a656814550bd63245ae33806a8", "position": {"x": 482.84444476088225, "y": -1802.0000000000002}, "channel": 1}, "attempt": 1}
2026-09-13 11:57:25,455 INFO response {"request_id": "8b0fd2a656814550bd63245ae33806a8", "http_status": 200, "body": {"accepted": true, "real_timestamp_ms": 1789271841419, "virtual_time_s": 4067.261301, "measure_result": "no_signal"}}
2026-09-13 11:57:25,486 INFO request {"path": "/measure", "payload": {"arena_id": "default", "robot_id": "202601002029", "request_id": "76c6153c474046f1af6899f8536d9131", "position": {"x": 482.84444476088225, "y": -1802.0000000000002}, "channel": 2}, "attempt": 1}
2026-09-13 11:57:25,512 INFO response {"request_id": "76c6153c474046f1af6899f8536d9131", "http_status": 200, "body": {"accepted": true, "real_timestamp_ms": 1789271841476, "virtual_time_s": 4073.261301, "measure_result": "no_signal"}}
2026-09-13 11:57:25,513 INFO request {"path": "/measure", "payload": {"arena_id": "default", "robot_id": "202601002029", "request_id": "266a70379a0e472f9a8e33665f93bc53", "position": {"x": 482.84444476088225, "y": -1802.0000000000002}, "channel": 3}, "attempt": 1}
2026-09-13 11:57:25,516 INFO response {"request_id": "266a70379a0e472f9a8e33665f93bc53", "http_status": 200, "body": {"accepted": true, "real_timestamp_ms": 1789271841479, "virtual_time_s": 4079.261301, "measure_result": "no_signal"}}
2026-09-13 11:57:25,547 INFO request {"path": "/measure", "payload": {"arena_id": "default", "robot_id": "202601002029", "request_id": "877de7f4596a4d8490df2b784eb8ae2c", "position": {"x": 482.84444476088225, "y": -1802.0000000000002}, "channel": 6}, "attempt": 1}
2026-09-13 11:57:25,550 INFO response {"request_id": "877de7f4596a4d8490df2b784eb8ae2c", "http_status": 200, "body": {"accepted": true, "real_timestamp_ms": 1789271841513, "virtual_time_s": 4085.261301, "measure_result": "no_signal"}}
2026-09-13 11:57:25,565 INFO request {"path": "/measure", "payload": {"arena_id": "default", "robot_id": "202601002029", "request_id": "d9a665fc5c484e20868da602a7f713f8", "position": {"x": 482.84444476088225, "y": -1802.0000000000002}, "channel": 13}, "attempt": 1}
2026-09-13 11:57:25,591 INFO response {"request_id": "d9a665fc5c484e20868da602a7f713f8", "http_status": 200, "body": {"accepted": true, "real_timestamp_ms": 1789271841554, "virtual_time_s": 4091.261301, "measure_result": "no_signal"}}
2026-09-13 11:57:25,591 INFO request {"path": "/measure", "payload": {"arena_id": "default", "robot_id": "202601002029", "request_id": "4f9d505a325b40eba66620916b877806", "position": {"x": 482.84444476088225, "y": -1802.0000000000002}, "channel": 14}, "attempt": 1}
2026-09-13 11:57:25,593 INFO response {"request_id": "4f9d505a325b40eba66620916b877806", "http_status": 200, "body": {"accepted": true, "real_timestamp_ms": 1789271841556, "virtual_time_s": 4097.261301, "measure_result": "no_signal"}}
2026-09-13 11:57:25,623 INFO request {"path": "/measure", "payload": {"arena_id": "default", "robot_id": "202601002029", "request_id": "b4432987ccba420bbd0be3c995557104", "position": {"x": 482.84444476088225, "y": -1802.0000000000002}, "channel": 15}, "attempt": 1}
2026-09-13 11:57:25,625 INFO response {"request_id": "b4432987ccba420bbd0be3c995557104", "http_status": 200, "body": {"accepted": true, "real_timestamp_ms": 1789271841589, "virtual_time_s": 4103.261301, "measure_result": "no_signal"}}
2026-09-13 11:57:25,658 INFO request {"path": "/measure", "payload": {"arena_id": "default", "robot_id": "202601002029", "request_id": "83a303b792294c6eb9f7a5a8dc000071", "position": {"x": 482.84444476088225, "y": -1802.0000000000002}, "channel": 17}, "attempt": 1}
2026-09-13 11:57:25,660 INFO response {"request_id": "83a303b792294c6eb9f7a5a8dc000071", "http_status": 200, "body": {"accepted": true, "real_timestamp_ms": 1789271841624, "virtual_time_s": 4109.261301, "measure_result": "direction", "svd_deg": 36.22}}
2026-09-13 11:57:25,975 INFO request {"path": "/measure", "payload": {"arena_id": "default", "robot_id": "202601002029", "request_id": "9032dfb307a546aabdf31ac619cdfdc3", "position": {"x": -482.8444447608845, "y": -1801.9999999999995}, "channel": 1}, "attempt": 1}
2026-09-13 11:57:26,003 INFO response {"request_id": "9032dfb307a546aabdf31ac619cdfdc3", "http_status": 200, "body": {"accepted": true, "real_timestamp_ms": 1789271841965, "virtual_time_s": 4308.399079, "measure_result": "no_signal"}}
2026-09-13 11:57:26,004 INFO request {"path": "/measure", "payload": {"arena_id": "default", "robot_id": "202601002029", "request_id": "1e7e45d2fce246ff9a4de7cb6a3667cb", "position": {"x": -482.8444447608845, "y": -1801.9999999999995}, "channel": 2}, "attempt": 1}
2026-09-13 11:57:26,006 INFO response {"request_id": "1e7e45d2fce246ff9a4de7cb6a3667cb", "http_status": 200, "body": {"accepted": true, "real_timestamp_ms": 1789271841969, "virtual_time_s": 4314.399079, "measure_result": "no_signal"}}
2026-09-13 11:57:26,036 INFO request {"path": "/measure", "payload": {"arena_id": "default", "robot_id": "202601002029", "request_id": "7d3a8a4def6f4126b88500d8de33b6b8", "position": {"x": -482.8444447608845, "y": -1801.9999999999995}, "channel": 3}, "attempt": 1}
2026-09-13 11:57:26,039 INFO response {"request_id": "7d3a8a4def6f4126b88500d8de33b6b8", "http_status": 200, "body": {"accepted": true, "real_timestamp_ms": 1789271842002, "virtual_time_s": 4320.399079, "measure_result": "no_signal"}}
2026-09-13 11:57:26,070 INFO request {"path": "/measure", "payload": {"arena_id": "default", "robot_id": "202601002029", "request_id": "f85277abf5b448d49c7c6f768ada44f6", "position": {"x": -482.8444447608845, "y": -1801.9999999999995}, "channel": 6}, "attempt": 1}
2026-09-13 11:57:26,071 INFO response {"request_id": "f85277abf5b448d49c7c6f768ada44f6", "http_status": 200, "body": {"accepted": true, "real_timestamp_ms": 1789271842035, "virtual_time_s": 4326.399079, "measure_result": "no_signal"}}
2026-09-13 11:57:26,102 INFO request {"path": "/measure", "payload": {"arena_id": "default", "robot_id": "202601002029", "request_id": "f797ade50eef4743b51270f1e42d295b", "position": {"x": -482.8444447608845, "y": -1801.9999999999995}, "channel": 13}, "attempt": 1}
2026-09-13 11:57:26,124 INFO response {"request_id": "f797ade50eef4743b51270f1e42d295b", "http_status": 200, "body": {"accepted": true, "real_timestamp_ms": 1789271842088, "virtual_time_s": 4332.399079, "measure_result": "no_signal"}}
2026-09-13 11:57:26,140 INFO request {"path": "/measure", "payload": {"arena_id": "default", "robot_id": "202601002029", "request_id": "654add047a9840e3a713a90ee6d62bc6", "position": {"x": -482.8444447608845, "y": -1801.9999999999995}, "channel": 14}, "attempt": 1}
2026-09-13 11:57:26,141 INFO response {"request_id": "654add047a9840e3a713a90ee6d62bc6", "http_status": 200, "body": {"accepted": true, "real_timestamp_ms": 1789271842105, "virtual_time_s": 4338.399079, "measure_result": "no_signal"}}
2026-09-13 11:57:26,172 INFO request {"path": "/measure", "payload": {"arena_id": "default", "robot_id": "202601002029", "request_id": "725ea4004c3e4c4cb80c9e0ed116f121", "position": {"x": -482.8444447608845, "y": -1801.9999999999995}, "channel": 15}, "attempt": 1}
2026-09-13 11:57:26,173 INFO response {"request_id": "725ea4004c3e4c4cb80c9e0ed116f121", "http_status": 200, "body": {"accepted": true, "real_timestamp_ms": 1789271842137, "virtual_time_s": 4344.399079, "measure_result": "no_signal"}}
2026-09-13 11:57:26,383 INFO request {"path": "/measure", "payload": {"arena_id": "default", "robot_id": "202601002029", "request_id": "3f6b596560d44dc58d7c437dc1d15c71", "position": {"x": -1319.1555552391176, "y": -1319.1555552391162}, "channel": 15}, "attempt": 1}
2026-09-13 11:57:26,385 INFO response {"request_id": "3f6b596560d44dc58d7c437dc1d15c71", "http_status": 200, "body": {"accepted": true, "real_timestamp_ms": 1789271842348, "virtual_time_s": 4542.536857, "measure_result": "no_signal"}}
2026-09-13 11:57:26,415 INFO request {"path": "/measure", "payload": {"arena_id": "default", "robot_id": "202601002029", "request_id": "905a7d283ed84afca1ce2ea176796873", "position": {"x": -1319.1555552391176, "y": -1319.1555552391162}, "channel": 1}, "attempt": 1}
2026-09-13 11:57:26,440 INFO response {"request_id": "905a7d283ed84afca1ce2ea176796873", "http_status": 200, "body": {"accepted": true, "real_timestamp_ms": 1789271842404, "virtual_time_s": 4548.536857, "measure_result": "no_signal"}}
2026-09-13 11:57:26,440 INFO request {"path": "/measure", "payload": {"arena_id": "default", "robot_id": "202601002029", "request_id": "544b0cd763fe4812a9fb555e486f6cbf", "position": {"x": -1319.1555552391176, "y": -1319.1555552391162}, "channel": 2}, "attempt": 1}
2026-09-13 11:57:26,456 INFO response {"request_id": "544b0cd763fe4812a9fb555e486f6cbf", "http_status": 200, "body": {"accepted": true, "real_timestamp_ms": 1789271842419, "virtual_time_s": 4554.536857, "measure_result": "no_signal"}}
2026-09-13 11:57:26,470 INFO request {"path": "/measure", "payload": {"arena_id": "default", "robot_id": "202601002029", "request_id": "c0a75ae32c22402399aef37fcd48aa42", "position": {"x": -1319.1555552391176, "y": -1319.1555552391162}, "channel": 3}, "attempt": 1}
2026-09-13 11:57:26,474 INFO response {"request_id": "c0a75ae32c22402399aef37fcd48aa42", "http_status": 200, "body": {"accepted": true, "real_timestamp_ms": 1789271842437, "virtual_time_s": 4560.536857, "measure_result": "no_signal"}}
2026-09-13 11:57:26,490 INFO request {"path": "/measure", "payload": {"arena_id": "default", "robot_id": "202601002029", "request_id": "779cbc6bbb5b43c487add9982a4abe83", "position": {"x": -1319.1555552391176, "y": -1319.1555552391162}, "channel": 6}, "attempt": 1}
2026-09-13 11:57:26,517 INFO response {"request_id": "779cbc6bbb5b43c487add9982a4abe83", "http_status": 200, "body": {"accepted": true, "real_timestamp_ms": 1789271842481, "virtual_time_s": 4566.536857, "measure_result": "no_signal"}}
2026-09-13 11:57:26,532 INFO request {"path": "/measure", "payload": {"arena_id": "default", "robot_id": "202601002029", "request_id": "ed66668aef2b48a3af899a70089177e1", "position": {"x": -1319.1555552391176, "y": -1319.1555552391162}, "channel": 13}, "attempt": 1}
2026-09-13 11:57:26,535 INFO response {"request_id": "ed66668aef2b48a3af899a70089177e1", "http_status": 200, "body": {"accepted": true, "real_timestamp_ms": 1789271842498, "virtual_time_s": 4572.536857, "measure_result": "no_signal"}}
2026-09-13 11:57:26,550 INFO request {"path": "/measure", "payload": {"arena_id": "default", "robot_id": "202601002029", "request_id": "533d82d089ef442a9def520d1b58effc", "position": {"x": -1319.1555552391176, "y": -1319.1555552391162}, "channel": 14}, "attempt": 1}
2026-09-13 11:57:26,552 INFO response {"request_id": "533d82d089ef442a9def520d1b58effc", "http_status": 200, "body": {"accepted": true, "real_timestamp_ms": 1789271842515, "virtual_time_s": 4578.536857, "measure_result": "no_signal"}}
2026-09-13 11:57:26,741 INFO request {"path": "/measure", "payload": {"arena_id": "default", "robot_id": "202601002029", "request_id": "7b3f1564e5a443d4b349322fa477d693", "position": {"x": -1802.0000000000002, "y": -482.84444476088237}, "channel": 14}, "attempt": 1}
2026-09-13 11:57:26,743 INFO response {"request_id": "7b3f1564e5a443d4b349322fa477d693", "http_status": 200, "body": {"accepted": true, "real_timestamp_ms": 1789271842707, "virtual_time_s": 4776.674635, "measure_result": "no_signal"}}
2026-09-13 11:57:26,773 INFO request {"path": "/measure", "payload": {"arena_id": "default", "robot_id": "202601002029", "request_id": "d31cac4606894487b471c164d12be307", "position": {"x": -1802.0000000000002, "y": -482.84444476088237}, "channel": 1}, "attempt": 1}
2026-09-13 11:57:26,787 INFO response {"request_id": "d31cac4606894487b471c164d12be307", "http_status": 200, "body": {"accepted": true, "real_timestamp_ms": 1789271842750, "virtual_time_s": 4782.674635, "measure_result": "no_signal"}}
2026-09-13 11:57:26,802 INFO request {"path": "/measure", "payload": {"arena_id": "default", "robot_id": "202601002029", "request_id": "58f22d21dc8d4e32af3449758f457726", "position": {"x": -1802.0000000000002, "y": -482.84444476088237}, "channel": 2}, "attempt": 1}
2026-09-13 11:57:26,803 INFO response {"request_id": "58f22d21dc8d4e32af3449758f457726", "http_status": 200, "body": {"accepted": true, "real_timestamp_ms": 1789271842767, "virtual_time_s": 4788.674635, "measure_result": "no_signal"}}
2026-09-13 11:57:26,834 INFO request {"path": "/measure", "payload": {"arena_id": "default", "robot_id": "202601002029", "request_id": "b2a735f43768470bb6066cbb19dd69db", "position": {"x": -1802.0000000000002, "y": -482.84444476088237}, "channel": 3}, "attempt": 1}
2026-09-13 11:57:26,848 INFO response {"request_id": "b2a735f43768470bb6066cbb19dd69db", "http_status": 200, "body": {"accepted": true, "real_timestamp_ms": 1789271842812, "virtual_time_s": 4794.674635, "measure_result": "no_signal"}}
2026-09-13 11:57:26,864 INFO request {"path": "/measure", "payload": {"arena_id": "default", "robot_id": "202601002029", "request_id": "ee99ebf5671e4c23b22c4aeaa0983280", "position": {"x": -1802.0000000000002, "y": -482.84444476088237}, "channel": 6}, "attempt": 1}
2026-09-13 11:57:26,867 INFO response {"request_id": "ee99ebf5671e4c23b22c4aeaa0983280", "http_status": 200, "body": {"accepted": true, "real_timestamp_ms": 1789271842830, "virtual_time_s": 4800.674635, "measure_result": "no_signal"}}
2026-09-13 11:57:26,897 INFO request {"path": "/measure", "payload": {"arena_id": "default", "robot_id": "202601002029", "request_id": "58dec25b1ae04d45927bf22a7bfb6c7b", "position": {"x": -1802.0000000000002, "y": -482.84444476088237}, "channel": 13}, "attempt": 1}
2026-09-13 11:57:26,899 INFO response {"request_id": "58dec25b1ae04d45927bf22a7bfb6c7b", "http_status": 200, "body": {"accepted": true, "real_timestamp_ms": 1789271842863, "virtual_time_s": 4806.674635, "measure_result": "no_signal"}}
2026-09-13 11:57:26,930 INFO request {"path": "/measure", "payload": {"arena_id": "default", "robot_id": "202601002029", "request_id": "e37cc3f1aca54a5988db21be720e3fb9", "position": {"x": -1802.0000000000002, "y": -482.84444476088237}, "channel": 15}, "attempt": 1}
2026-09-13 11:57:26,932 INFO response {"request_id": "e37cc3f1aca54a5988db21be720e3fb9", "http_status": 200, "body": {"accepted": true, "real_timestamp_ms": 1789271842896, "virtual_time_s": 4812.674635, "measure_result": "no_signal"}}
2026-09-13 11:57:27,062 INFO request {"path": "/measure", "payload": {"arena_id": "default", "robot_id": "202601002029", "request_id": "50e0f254f4ce499fa19aae87d0b27e7a", "position": {"x": -1801.9999999999998, "y": 482.84444476088356}, "channel": 15}, "attempt": 1}
2026-09-13 11:57:27,064 INFO response {"request_id": "50e0f254f4ce499fa19aae87d0b27e7a", "http_status": 200, "body": {"accepted": true, "real_timestamp_ms": 1789271843027, "virtual_time_s": 5010.812413, "measure_result": "no_signal"}}
2026-09-13 11:57:27,094 INFO request {"path": "/measure", "payload": {"arena_id": "default", "robot_id": "202601002029", "request_id": "ba3e912f1a2b49b7b16d025d405d9f8b", "position": {"x": -1801.9999999999998, "y": 482.84444476088356}, "channel": 1}, "attempt": 1}
2026-09-13 11:57:27,099 INFO response {"request_id": "ba3e912f1a2b49b7b16d025d405d9f8b", "http_status": 200, "body": {"accepted": true, "real_timestamp_ms": 1789271843060, "virtual_time_s": 5016.812413, "measure_result": "no_signal"}}
2026-09-13 11:57:27,115 INFO request {"path": "/measure", "payload": {"arena_id": "default", "robot_id": "202601002029", "request_id": "aae0f7491c3440658910827c4586032a", "position": {"x": -1801.9999999999998, "y": 482.84444476088356}, "channel": 2}, "attempt": 1}
2026-09-13 11:57:27,118 INFO response {"request_id": "aae0f7491c3440658910827c4586032a", "http_status": 200, "body": {"accepted": true, "real_timestamp_ms": 1789271843081, "virtual_time_s": 5022.812413, "measure_result": "no_signal"}}
2026-09-13 11:57:27,150 INFO request {"path": "/measure", "payload": {"arena_id": "default", "robot_id": "202601002029", "request_id": "1246e573c45840a5a8335baa8c69ab8b", "position": {"x": -1801.9999999999998, "y": 482.84444476088356}, "channel": 3}, "attempt": 1}
2026-09-13 11:57:27,174 INFO response {"request_id": "1246e573c45840a5a8335baa8c69ab8b", "http_status": 200, "body": {"accepted": true, "real_timestamp_ms": 1789271843138, "virtual_time_s": 5028.812413, "measure_result": "no_signal"}}
2026-09-13 11:57:27,174 INFO request {"path": "/measure", "payload": {"arena_id": "default", "robot_id": "202601002029", "request_id": "4c12c683906643218cbb68ae0d5090dd", "position": {"x": -1801.9999999999998, "y": 482.84444476088356}, "channel": 6}, "attempt": 1}
2026-09-13 11:57:27,176 INFO response {"request_id": "4c12c683906643218cbb68ae0d5090dd", "http_status": 200, "body": {"accepted": true, "real_timestamp_ms": 1789271843140, "virtual_time_s": 5034.812413, "measure_result": "no_signal"}}
2026-09-13 11:57:27,207 INFO request {"path": "/measure", "payload": {"arena_id": "default", "robot_id": "202601002029", "request_id": "aa3e402d96654a94a80dd8e01fe4f0a5", "position": {"x": -1801.9999999999998, "y": 482.84444476088356}, "channel": 13}, "attempt": 1}
2026-09-13 11:57:27,221 INFO response {"request_id": "aa3e402d96654a94a80dd8e01fe4f0a5", "http_status": 200, "body": {"accepted": true, "real_timestamp_ms": 1789271843184, "virtual_time_s": 5040.812413, "measure_result": "no_signal"}}
2026-09-13 11:57:27,251 INFO request {"path": "/measure", "payload": {"arena_id": "default", "robot_id": "202601002029", "request_id": "e68d595183f14b54ab100ed1e6894ac2", "position": {"x": -1801.9999999999998, "y": 482.84444476088356}, "channel": 14}, "attempt": 1}
2026-09-13 11:57:27,253 INFO response {"request_id": "e68d595183f14b54ab100ed1e6894ac2", "http_status": 200, "body": {"accepted": true, "real_timestamp_ms": 1789271843217, "virtual_time_s": 5046.812413, "measure_result": "no_signal"}}
2026-09-13 11:57:27,332 INFO request {"path": "/measure", "payload": {"arena_id": "default", "robot_id": "202601002029", "request_id": "af113e3b03bc4d1baf1cde577ec93625", "position": {"x": -1319.1555552391167, "y": 1319.155555239117}, "channel": 14}, "attempt": 1}
2026-09-13 11:57:27,333 INFO response {"request_id": "af113e3b03bc4d1baf1cde577ec93625", "http_status": 200, "body": {"accepted": true, "real_timestamp_ms": 1789271843297, "virtual_time_s": 5244.950191, "measure_result": "no_signal"}}
2026-09-13 11:57:27,364 INFO request {"path": "/measure", "payload": {"arena_id": "default", "robot_id": "202601002029", "request_id": "102452e3ec6f4e6281fffd4126d9e738", "position": {"x": -1319.1555552391167, "y": 1319.155555239117}, "channel": 1}, "attempt": 1}
2026-09-13 11:57:27,366 INFO response {"request_id": "102452e3ec6f4e6281fffd4126d9e738", "http_status": 200, "body": {"accepted": true, "real_timestamp_ms": 1789271843329, "virtual_time_s": 5250.950191, "measure_result": "no_signal"}}
2026-09-13 11:57:27,398 INFO request {"path": "/measure", "payload": {"arena_id": "default", "robot_id": "202601002029", "request_id": "686023778f3e4f17a485cdc604575bf8", "position": {"x": -1319.1555552391167, "y": 1319.155555239117}, "channel": 2}, "attempt": 1}
2026-09-13 11:57:27,400 INFO response {"request_id": "686023778f3e4f17a485cdc604575bf8", "http_status": 200, "body": {"accepted": true, "real_timestamp_ms": 1789271843363, "virtual_time_s": 5256.950191, "measure_result": "no_signal"}}
2026-09-13 11:57:27,431 INFO request {"path": "/measure", "payload": {"arena_id": "default", "robot_id": "202601002029", "request_id": "a81db084c35a4f3daa4e4896d30eaff9", "position": {"x": -1319.1555552391167, "y": 1319.155555239117}, "channel": 3}, "attempt": 1}
2026-09-13 11:57:27,433 INFO response {"request_id": "a81db084c35a4f3daa4e4896d30eaff9", "http_status": 200, "body": {"accepted": true, "real_timestamp_ms": 1789271843397, "virtual_time_s": 5262.950191, "measure_result": "no_signal"}}
2026-09-13 11:57:27,463 INFO request {"path": "/measure", "payload": {"arena_id": "default", "robot_id": "202601002029", "request_id": "3c7828feb2dc4bba956e2fbdde365cb8", "position": {"x": -1319.1555552391167, "y": 1319.155555239117}, "channel": 6}, "attempt": 1}
2026-09-13 11:57:27,486 INFO response {"request_id": "3c7828feb2dc4bba956e2fbdde365cb8", "http_status": 200, "body": {"accepted": true, "real_timestamp_ms": 1789271843449, "virtual_time_s": 5268.950191, "measure_result": "no_signal"}}
2026-09-13 11:57:27,502 INFO request {"path": "/measure", "payload": {"arena_id": "default", "robot_id": "202601002029", "request_id": "9cac7175848e4312b565696678e1ab6d", "position": {"x": -1319.1555552391167, "y": 1319.155555239117}, "channel": 13}, "attempt": 1}
2026-09-13 11:57:27,504 INFO response {"request_id": "9cac7175848e4312b565696678e1ab6d", "http_status": 200, "body": {"accepted": true, "real_timestamp_ms": 1789271843467, "virtual_time_s": 5274.950191, "measure_result": "no_signal"}}
2026-09-13 11:57:27,519 INFO request {"path": "/measure", "payload": {"arena_id": "default", "robot_id": "202601002029", "request_id": "c5334066c381411dbd16607ff6fa2cd4", "position": {"x": -1319.1555552391167, "y": 1319.155555239117}, "channel": 15}, "attempt": 1}
2026-09-13 11:57:27,532 INFO response {"request_id": "c5334066c381411dbd16607ff6fa2cd4", "http_status": 200, "body": {"accepted": true, "real_timestamp_ms": 1789271843495, "virtual_time_s": 5280.950191, "measure_result": "no_signal"}}
2026-09-13 11:57:27,572 INFO request {"path": "/measure", "payload": {"arena_id": "default", "robot_id": "202601002029", "request_id": "df83d58b01d94a93b9de259f730ddf7f", "position": {"x": -1319.1555552391167, "y": 1319.155555239117}, "channel": 8}, "attempt": 1}
2026-09-13 11:57:27,595 INFO response {"request_id": "df83d58b01d94a93b9de259f730ddf7f", "http_status": 200, "body": {"accepted": true, "real_timestamp_ms": 1789271843558, "virtual_time_s": 5286.950191, "measure_result": "direction", "svd_deg": 20.14}}
2026-09-13 11:57:31,870 INFO request {"path": "/clear", "payload": {"arena_id": "default", "robot_id": "202601002029", "request_id": "deec7b48394a43f19b3881f00c8186c5", "position": {"x": 93.2173121416601, "y": 312.92297520052387}, "channel": 7}, "attempt": 1}
2026-09-13 11:57:31,871 INFO response {"request_id": "deec7b48394a43f19b3881f00c8186c5", "http_status": 200, "body": {"accepted": true, "real_timestamp_ms": 1789271847835, "virtual_time_s": 5638.781627, "clear_result": "success"}}
2026-09-13 11:57:31,902 INFO request {"path": "/clear", "payload": {"arena_id": "default", "robot_id": "202601002029", "request_id": "e9a2159ac0e542a98f74e9545ef0a8cc", "position": {"x": 512.0440182814089, "y": 303.1039744729749}, "channel": 19}, "attempt": 1}
2026-09-13 11:57:31,903 INFO response {"request_id": "e9a2159ac0e542a98f74e9545ef0a8cc", "http_status": 200, "body": {"accepted": true, "real_timestamp_ms": 1789271847867, "virtual_time_s": 5727.569985, "clear_result": "success"}}
2026-09-13 11:57:31,934 INFO request {"path": "/clear", "payload": {"arena_id": "default", "robot_id": "202601002029", "request_id": "fb7f6fa0674d46619cf3b9ee9e2ce140", "position": {"x": 498.73457041136794, "y": 273.4096720776371}, "channel": 10}, "attempt": 1}
2026-09-13 11:57:31,946 INFO response {"request_id": "fb7f6fa0674d46619cf3b9ee9e2ce140", "http_status": 200, "body": {"accepted": true, "real_timestamp_ms": 1789271847910, "virtual_time_s": 5739.078112, "clear_result": "success"}}
2026-09-13 11:57:31,962 INFO request {"path": "/clear", "payload": {"arena_id": "default", "robot_id": "202601002029", "request_id": "9651104ead76408b9d61751b729d5e4e", "position": {"x": 1113.7015908509384, "y": -947.5079704688187}, "channel": 4}, "attempt": 1}
2026-09-13 11:57:31,963 INFO response {"request_id": "9651104ead76408b9d61751b729d5e4e", "http_status": 200, "body": {"accepted": true, "real_timestamp_ms": 1789271847927, "virtual_time_s": 6017.488011, "clear_result": "success"}}
2026-09-13 11:57:36,448 INFO request {"path": "/measure", "payload": {"arena_id": "default", "robot_id": "202601002029", "request_id": "80b1dbdbb2fb499bae42ca47654dec8a", "position": {"x": 910.1194006724609, "y": -1090.4931375034648}, "channel": 17}, "attempt": 1}
2026-09-13 11:57:36,449 INFO response {"request_id": "80b1dbdbb2fb499bae42ca47654dec8a", "http_status": 200, "body": {"accepted": true, "real_timestamp_ms": 1789271852413, "virtual_time_s": 6073.2436, "measure_result": "direction", "svd_deg": 325.77}}
2026-09-13 11:57:36,484 INFO request {"path": "/clear", "payload": {"arena_id": "default", "robot_id": "202601002029", "request_id": "9a70bf05b0de4758bde7c30391627160", "position": {"x": 1157.897024833761, "y": -885.3754786224631}, "channel": 16}, "attempt": 1}
2026-09-13 11:57:36,496 INFO response {"request_id": "9a70bf05b0de4758bde7c30391627160", "http_status": 200, "body": {"accepted": true, "real_timestamp_ms": 1789271852460, "virtual_time_s": 6142.576175, "clear_result": "success"}}
2026-09-13 11:57:36,513 INFO request {"path": "/clear", "payload": {"arena_id": "default", "robot_id": "202601002029", "request_id": "e8a0298c4cb34f07a124e2ab2bf63360", "position": {"x": 1192.6831109663708, "y": -1282.350883035368}, "channel": 17}, "attempt": 1}
2026-09-13 11:57:36,516 INFO response {"request_id": "e8a0298c4cb34f07a124e2ab2bf63360", "http_status": 200, "body": {"accepted": true, "real_timestamp_ms": 1789271852479, "virtual_time_s": 6227.275496, "clear_result": "success"}}
2026-09-13 11:57:36,548 INFO request {"path": "/clear", "payload": {"arena_id": "default", "robot_id": "202601002029", "request_id": "591b12385c5740339147db78d623f36c", "position": {"x": -619.8681330318036, "y": -772.4121407868431}, "channel": 18}, "attempt": 1}
2026-09-13 11:57:36,559 INFO response {"request_id": "591b12385c5740339147db78d623f36c", "http_status": 200, "body": {"accepted": true, "real_timestamp_ms": 1789271852522, "virtual_time_s": 6608.859061, "clear_result": "success"}}
2026-09-13 11:57:39,646 INFO request {"path": "/clear", "payload": {"arena_id": "default", "robot_id": "202601002029", "request_id": "2f65f9a326f8463a93030b753917153d", "position": {"x": -1002.6412826602625, "y": -893.2337017471164}, "channel": 5}, "attempt": 1}
2026-09-13 11:57:39,647 INFO response {"request_id": "2f65f9a326f8463a93030b753917153d", "http_status": 200, "body": {"accepted": true, "real_timestamp_ms": 1789271855611, "virtual_time_s": 6694.136862, "clear_result": "success"}}
2026-09-13 11:57:39,677 INFO request {"path": "/clear", "payload": {"arena_id": "default", "robot_id": "202601002029", "request_id": "d048fc78a6964bb78035977602195e53", "position": {"x": -1024.3508751794318, "y": -861.7785153325528}, "channel": 11}, "attempt": 1}
2026-09-13 11:57:39,697 INFO response {"request_id": "d048fc78a6964bb78035977602195e53", "http_status": 200, "body": {"accepted": true, "real_timestamp_ms": 1789271855661, "virtual_time_s": 6706.780775, "clear_result": "success"}}
2026-09-13 11:57:42,955 INFO request {"path": "/measure", "payload": {"arena_id": "default", "robot_id": "202601002029", "request_id": "eaf6a90ca2de495bb77e12d7e32ae2f5", "position": {"x": -823.9750982540266, "y": 1525.0762192590103}, "channel": 8}, "attempt": 1}
2026-09-13 11:57:42,956 INFO response {"request_id": "eaf6a90ca2de495bb77e12d7e32ae2f5", "http_status": 200, "body": {"accepted": true, "real_timestamp_ms": 1789271858921, "virtual_time_s": 7191.830918, "measure_result": "direction", "svd_deg": 297.87}}
2026-09-13 11:57:42,975 INFO request {"path": "/clear", "payload": {"arena_id": "default", "robot_id": "202601002029", "request_id": "68e4585addba4858bab10f905cb46a9f", "position": {"x": -812.9715416568881, "y": 1503.9648380097335}, "channel": 8}, "attempt": 1}
2026-09-13 11:57:43,000 INFO response {"request_id": "68e4585addba4858bab10f905cb46a9f", "http_status": 200, "body": {"accepted": true, "real_timestamp_ms": 1789271858964, "virtual_time_s": 7201.592299, "clear_result": "success"}}
2026-09-13 11:57:44,419 INFO request {"path": "/measure", "payload": {"arena_id": "default", "robot_id": "202601002029", "request_id": "15e53964cdac48d994706ae31b2bc6b6", "position": {"x": 1087.664231599972, "y": 416.5670377376536}, "channel": 9}, "attempt": 1}
2026-09-13 11:57:44,421 INFO response {"request_id": "15e53964cdac48d994706ae31b2bc6b6", "http_status": 200, "body": {"accepted": true, "real_timestamp_ms": 1789271860384, "virtual_time_s": 7645.535232, "measure_result": "direction", "svd_deg": 352.41}}
2026-09-13 11:57:44,439 INFO request {"path": "/clear", "payload": {"arena_id": "default", "robot_id": "202601002029", "request_id": "939b326b624844779d3753644d601091", "position": {"x": 1639.0270064740907, "y": 343.3385869207523}, "channel": 9}, "attempt": 1}
2026-09-13 11:57:44,439 INFO response {"request_id": "939b326b624844779d3753644d601091", "http_status": 200, "body": {"accepted": true, "real_timestamp_ms": 1789271860404, "virtual_time_s": 7761.776109, "clear_result": "success"}}
2026-09-13 11:57:44,455 INFO request {"path": "/exit", "payload": {"arena_id": "default", "robot_id": "202601002029", "request_id": "c25c62c53eef4113980f44eec256fcbc"}, "attempt": 1}
2026-09-13 11:57:44,457 INFO response {"request_id": "c25c62c53eef4113980f44eec256fcbc", "http_status": 200, "body": {"accepted": true, "real_timestamp_ms": 1789271860421, "virtual_time_s": 7761.776109, "exit_reason": "user_exit"}}
