case_id,test_name,test_outcome,entrypoint,input_kind,observation_count,unique_detection_point_count,constraint_count_input,constraint_count_solver,elapsed_ms,status,vertex_count,diameter,circle_radius,max_vertex_distance,coverage_excess,same_diameter_covers,backend_mode,backend,stage_config_ms,stage_build_halfplanes_ms,stage_classify_ms,stage_projection_bounds_ms,stage_linprog_ms,stage_vertices_ms,stage_measure_ms,stage_measure_setup_ms,stage_diameter_ms,stage_coverage_ms,stage_degeneracy_ms,stage_sort_vertices_ms,stage_residual_and_output_ms,stage_other_ms
test_angle_wrap_and_two_input_styles__001,test_angle_wrap_and_two_input_styles,PASS,solve_q1,observations,2,2,4,4,11.116099999981088,POLYGON,4,39.5083406589872,19.7541703294936,19.754170329493604,3.552713678800501e-15,True,scipy_with_fraction_check,scipy_highs_with_fraction_check,,0.3547999999682361,9.734499999922264,0.327900000002046,9.027100000139399,0.38960000006227347,0.34900000014204124,0.0009000000318337698,0.11770000014621473,0.06579999990208307,0.10459999998602143,0.03100000003541936,0.02689999996619008,0.28819999988627387
test_angle_wrap_and_two_input_styles__002,test_angle_wrap_and_two_input_styles,PASS,solve_q1,observations,2,2,4,4,3.2366000000365602,POLYGON,4,39.5083406589872,19.7541703294936,19.754170329493604,3.552713678800501e-15,True,scipy_with_fraction_check,scipy_highs_with_fraction_check,0.3345999998600746,0.019599999859565287,2.1798000000217144,0.1142999999501626,1.9260000001395383,0.316299999894909,0.29650000010406075,0.0008999998044600943,0.09940000018104911,0.056699999959164415,0.09049999994203972,0.024899999971239595,0.022400000034394907,0.08980000029623625
test_consistent_random_observations__001,test_consistent_random_observations,PASS,solve_q1,observations,3,3,6,6,4.990099999986342,POLYGON,4,22.217638393864267,11.108819196932133,13.10623352407956,1.9974143271474265,False,scipy_with_fraction_check,scipy_highs_with_fraction_check,,0.055400000064764754,3.1988999999157386,0.28189999989081116,2.657500000168511,0.9974999998121348,0.6444999999075662,0.0012000000424450263,0.18929999987449264,0.13319999993655074,0.19430000020292937,0.058399999943503644,0.06510000002890592,0.09380000028613722
test_consistent_random_observations__002,test_consistent_random_observations,PASS,solve_q1,observations,4,4,8,8,4.747899999983929,POLYGON,5,20.83521363032694,10.41760681516347,12.111275110271798,1.6936682951083277,False,scipy_with_fraction_check,scipy_highs_with_fraction_check,,0.04910000006930204,2.868799999987459,0.48819999983606976,2.1945999997114995,1.3887000000067928,0.33849999999802094,0.0004999999418942025,0.12300000003051537,0.06349999989652133,0.08860000002641755,0.02779999999802385,0.03370000013092067,0.10279999992235389
test_consistent_random_observations__003,test_consistent_random_observations,PASS,solve_q1,observations,3,3,6,6,5.916200000001481,POLYGON,6,30.04862541611205,15.024312708056025,16.885144174807255,1.8608314667512307,False,scipy_with_fraction_check,scipy_highs_with_fraction_check,,0.05779999992228113,3.960199999937686,0.4229999999552092,3.2779000005120906,1.1139999999159045,0.6577000001470878,0.0009000000318337698,0.2661000000898639,0.133499999947162,0.1620999998976913,0.04590000003190653,0.0473000000056345,0.12650000007852213
test_consistent_random_observations__004,test_consistent_random_observations,PASS,solve_q1,observations,4,4,8,8,4.109999999855063,POLYGON,4,18.4296311073659,9.21481555368295,12.824010371268423,3.6091948175854736,False,scipy_with_fraction_check,scipy_highs_with_fraction_check,,0.037199999951553764,2.464700000018638,0.3827999998975429,1.9258000002082554,1.2558000000808534,0.27210000007471535,0.0004999999418942025,0.07849999997233681,0.07370000002993038,0.06789999997636187,0.02119999999194988,0.029100000119797187,0.08019999972930236
test_consistent_random_observations__005,test_consistent_random_observations,PASS,solve_q1,observations,3,3,6,6,3.2181999999920663,POLYGON,5,20.689194195656633,10.344597097828316,10.344597097828316,0.0,True,scipy_with_fraction_check,scipy_highs_with_fraction_check,,0.03700000002027082,2.1152000001620763,0.2092999998239975,1.770700000179204,0.6576000000677595,0.34740000000965665,0.0004999999418942025,0.11829999994006357,0.0861999999415275,0.08750000006330083,0.02599999993435631,0.027700000146069215,0.06099999973230297
test_consistent_random_observations__006,test_consistent_random_observations,PASS,solve_q1,observations,4,4,8,8,4.114599999866186,POLYGON,6,19.632239331280147,9.816119665640073,9.816119665640105,3.197442310920451e-14,True,scipy_with_fraction_check,scipy_highs_with_fraction_check,,0.02689999996619008,2.237499999864667,0.3639000001385284,1.724700000067969,1.2988999999379303,0.48100000003614696,0.0007000001005508238,0.18359999990025244,0.10689999999158317,0.11349999999765714,0.03319999996165279,0.04170000011072261,0.07030000006125192
test_consistent_random_observations__007,test_consistent_random_observations,PASS,solve_q1,observations,3,3,6,6,3.309899999976551,POLYGON,4,27.108856643533624,13.554428321766812,22.29074433885397,8.736316017087157,False,scipy_with_fraction_check,scipy_highs_with_fraction_check,,0.026199999865639256,2.267699999947581,0.2225000000635191,1.8990999997186009,0.6960000000617583,0.26330000014240795,0.0004999999418942025,0.08589999993091624,0.05120000014358084,0.07459999983439047,0.023700000156168244,0.025899999855028,0.056699999959164415
test_consistent_random_observations__008,test_consistent_random_observations,PASS,solve_q1,observations,4,4,8,8,4.069699999945442,POLYGON,4,27.108856643533624,13.554428321766812,22.29074433885397,8.736316017087157,False,scipy_with_fraction_check,scipy_highs_with_fraction_check,,0.030200000082913903,2.467499999966094,0.38829999994050013,1.918999999816151,1.2406999999257096,0.2557000000251719,0.0006999998731771484,0.08210000009967189,0.048699999979362474,0.07090000008247443,0.0227999998969608,0.029300000051080133,0.07559999994555255
test_consistent_random_observations__009,test_consistent_random_observations,PASS,solve_q1,observations,3,3,6,6,3.277600000046732,POLYGON,5,24.936210746966673,12.468105373483336,13.790312456015865,1.322207082532529,False,scipy_with_fraction_check,scipy_highs_with_fraction_check,,0.026499999876250513,2.17360000010558,0.21450000008371717,1.8119999999726133,0.7124999999632564,0.30369999990398355,0.0004999999418942025,0.12179999998807034,0.03609999998843705,0.08920000004764006,0.026200000093012932,0.028400000019246363,0.061300000197661575
test_consistent_random_observations__010,test_consistent_random_observations,PASS,solve_q1,observations,4,4,8,8,7.294499999943582,POLYGON,4,23.405927302466317,11.702963651233159,14.22557584244861,2.522612191215451,False,scipy_with_fraction_check,scipy_highs_with_fraction_check,,0.03270000001975859,4.300399999920046,0.40970000009110663,3.653999999869484,2.083200000015495,0.7986999999047839,0.001799999836293864,0.1767000001109409,0.3169999999954598,0.1474999999118154,0.028300000167291728,0.03599999990910874,0.07950000008349889
test_consistent_random_observations__011,test_consistent_random_observations,PASS,solve_q1,observations,3,3,6,6,3.2346000000416097,POLYGON,4,24.567064058789537,12.283532029394769,17.189747299423043,4.906215270028275,False,scipy_with_fraction_check,scipy_highs_with_fraction_check,,0.02880000010918593,2.1853999999166263,0.22639999997409177,1.8201000000317435,0.690699999950084,0.2660999998624902,0.0004999999418942025,0.08190000016838894,0.06009999992784287,0.07230000005620241,0.02429999995001708,0.025499999992462108,0.06360000020322332
test_consistent_random_observations__012,test_consistent_random_observations,PASS,solve_q1,observations,4,4,8,8,4.0466999998898245,POLYGON,5,20.179809411474533,10.089904705737267,15.739791625222104,5.649886919484837,False,scipy_with_fraction_check,scipy_highs_with_fraction_check,,0.036500000078376615,2.365099999906306,0.370599999996557,1.838799999859475,1.2328999998771906,0.33490000009805954,0.0005999997938488377,0.11480000011943048,0.07019999998192361,0.08720000005268957,0.025399999913133797,0.0354000001152599,0.07729999992989178
test_consistent_random_observations__013,test_consistent_random_observations,PASS,solve_q1,observations,3,3,6,6,4.167399999914778,POLYGON,4,16.30451157914354,8.15225578957177,11.980298852679946,3.8280430631081757,False,scipy_with_fraction_check,scipy_highs_with_fraction_check,,0.031600000056641875,2.712599999995291,0.2462999998442683,2.2797000001446577,0.9657000000515836,0.38790000007793424,0.0007999999525054591,0.11719999997694686,0.0915000000532018,0.10659999998097192,0.031499999977313564,0.038200000062715844,0.06959999973332742
test_consistent_random_observations__014,test_consistent_random_observations,PASS,solve_q1,observations,4,4,8,8,8.74359999988883,POLYGON,5,16.092325748953094,8.046162874476547,11.84262705696514,3.7964641824885934,False,scipy_with_fraction_check,scipy_highs_with_fraction_check,,0.06640000015067926,5.412800000158313,0.8997000002182176,4.170199999862234,2.467699999897377,0.6344999999328138,0.0010999999631167157,0.22730000000592554,0.11620000009315845,0.17929999989974021,0.04520000015872938,0.0612999999702879,0.16219999974964594
test_consistent_random_observations__015,test_consistent_random_observations,PASS,solve_q1,observations,3,3,6,6,3.702900000007503,POLYGON,5,30.187578062550447,15.093789031275223,19.38501609985523,4.291227068580005,False,scipy_with_fraction_check,scipy_highs_with_fraction_check,,0.043900000036956044,2.5279999999838765,0.282599999991362,2.0829000000048836,0.7152999999107124,0.33750000011423253,0.0007000001005508238,0.12609999998858257,0.0638999999864609,0.09019999993142847,0.02689999996619008,0.028300000167291728,0.07819999996172555
test_consistent_random_observations__016,test_consistent_random_observations,PASS,solve_q1,observations,4,4,8,8,4.117700000051627,POLYGON,5,23.882380565841423,11.941190282920711,15.47990021388992,3.5387099309692083,False,scipy_with_fraction_check,scipy_highs_with_fraction_check,,0.029400000130408444,2.420299999812414,0.39420000007339695,1.8643000000793108,1.2733999999454682,0.3211000000646891,0.0004999999418942025,0.11700000004566391,0.0591999998960091,0.08610000008957286,0.024400000029345392,0.03259999994043028,0.07350000009864743
test_consistent_random_observations__017,test_consistent_random_observations,PASS,solve_q1,observations,3,3,6,6,3.3332999998947344,POLYGON,4,22.436888193427947,11.218444096713974,14.766177723358174,3.5477336266442006,False,scipy_with_fraction_check,scipy_highs_with_fraction_check,,0.028100000008635106,2.2242000000005646,0.2253999998629297,1.8522000000302796,0.6934000000455853,0.31469999998989806,0.0007000001005508238,0.11889999996128608,0.07430000005115289,0.06880000000819564,0.022699999817632488,0.02779999999802385,0.07289999985005124
test_consistent_random_observations__018,test_consistent_random_observations,PASS,solve_q1,observations,4,4,8,8,4.113800000141055,POLYGON,5,22.436888193427947,11.218444096713974,11.21844409671399,1.5987211554602254e-14,True,scipy_with_fraction_check,scipy_highs_with_fraction_check,,0.027199999976801337,2.380300000140778,0.3962000002957211,1.8322999999327294,1.2592000000495318,0.37770000017189886,0.0007999999525054591,0.1288999999360385,0.09399999999004649,0.09340000019619765,0.025599999844416743,0.03370000013092067,0.06939999980204448
test_consistent_random_observations__019,test_consistent_random_observations,PASS,solve_q1,observations,3,3,6,6,3.333899999915957,POLYGON,3,9.246267005690134,4.623133502845067,5.634110328343506,1.0109768254984388,False,scipy_with_fraction_check,scipy_highs_with_fraction_check,,0.029900000072302646,2.4158000001079927,0.22620000004280882,2.031699999633929,0.646799999913128,0.1786999998785177,0.0006000000212225132,0.0503999999637017,0.035399999887886224,0.05140000007486378,0.018400000044493936,0.02119999999194988,0.06269999994401587
test_consistent_random_observations__020,test_consistent_random_observations,PASS,solve_q1,observations,4,4,8,8,3.8695999999163178,POLYGON,3,9.246267005690134,4.623133502845067,5.634110328343506,1.0109768254984388,False,scipy_with_fraction_check,scipy_highs_with_fraction_check,,0.028400000019246363,2.3446999998668616,0.3945000000840082,1.7896000003929657,1.2475000000904402,0.17490000004727335,0.0006000000212225132,0.047799999947528704,0.033799999982875306,0.05000000010113581,0.017299999854003545,0.024100000018734136,0.07409999989249627
test_consistent_random_observations__021,test_consistent_random_observations,PASS,solve_q1,observations,3,3,6,6,3.4278999999060034,POLYGON,4,26.442952148004508,13.221476074002254,14.27129854739037,1.0498224733881152,False,scipy_with_fraction_check,scipy_highs_with_fraction_check,,0.03509999987727497,2.3209000000861124,0.23460000011255033,1.9328000000768952,0.7069999999202992,0.26630000002114684,0.0007000001005508238,0.08609999986219918,0.05340000006981427,0.07249999998748535,0.024899999971239595,0.0271000001248467,0.09860000000116997
test_consistent_random_observations__022,test_consistent_random_observations,PASS,solve_q1,observations,4,4,8,8,5.095199999914257,POLYGON,4,17.23703770541595,8.618518852707975,12.988327921397024,4.369809068689049,False,scipy_with_fraction_check,scipy_highs_with_fraction_check,,0.0473000000056345,2.4714000001040404,0.3973999998834188,1.9127999999000167,2.228499999773703,0.26469999988876225,0.0006000000212225132,0.08200000002034358,0.050999999984924216,0.07039999991320656,0.026700000034907134,0.032500000088475645,0.08330000014211691
test_consistent_random_observations__023,test_consistent_random_observations,PASS,solve_q1,observations,3,3,6,6,3.336999999874024,POLYGON,4,22.901170157771865,11.450585078885933,11.450585078885947,1.4210854715202004e-14,True,scipy_with_fraction_check,scipy_highs_with_fraction_check,,0.03339999989293574,2.319299999953728,0.25269999991905934,1.9125999999687338,0.6527999998979794,0.26309999998375133,0.0004999999418942025,0.0780000000304426,0.0705999998444895,0.06760000019312429,0.021599999854515772,0.023400000145556987,0.06840000014562975
test_consistent_random_observations__024,test_consistent_random_observations,PASS,solve_q1,observations,4,4,8,8,4.277200000160519,POLYGON,4,22.901170157771865,11.450585078885933,11.450585078885947,1.4210854715202004e-14,True,scipy_with_fraction_check,scipy_highs_with_fraction_check,,0.03130000004603062,2.556400000003123,0.38180000024112815,2.0128000001022883,1.3120000000981236,0.2971999999772379,0.0006999998731771484,0.08589999993091624,0.07980000009411015,0.07320000008803618,0.02429999995001708,0.031499999977313564,0.08030000003600435
test_consistent_random_observations__025,test_consistent_random_observations,PASS,solve_q1,observations,3,3,6,6,4.081100000121296,POLYGON,6,27.042483552084324,13.521241776042162,13.521241776042165,3.552713678800501e-15,True,scipy_with_fraction_check,scipy_highs_with_fraction_check,,0.04749999993691745,2.7425000000675936,0.3388000000086322,2.243099999759579,0.733599999875878,0.4655000000184373,0.0006000000212225132,0.18100000011145312,0.10439999982736481,0.11190000009264622,0.03220000007786439,0.03389999983482994,0.09200000022246968
test_consistent_random_observations__026,test_consistent_random_observations,PASS,solve_q1,observations,4,4,8,8,4.233699999986129,POLYGON,6,23.07626034780428,11.53813017390214,12.427104819446122,0.888974645543982,False,scipy_with_fraction_check,scipy_highs_with_fraction_check,,0.030300000162242213,2.41520000008677,0.3974999999627471,1.859999999851425,1.315799999929368,0.39709999987280753,0.0006000000212225132,0.17870000010589138,0.035399999887886224,0.10730000008152274,0.032400000009147334,0.041300000020783045,0.0752999999349413
test_consistent_random_observations__027,test_consistent_random_observations,PASS,solve_q1,observations,3,3,6,6,3.4206000000267522,POLYGON,5,26.043564992928037,13.021782496464018,13.021782496464045,2.6645352591003757e-14,True,scipy_with_fraction_check,scipy_highs_with_fraction_check,,0.031199999966702308,2.217900000005102,0.22399999988920172,1.8449999997756095,0.7229000000279484,0.3856000000723725,0.0004999999418942025,0.12979999996787228,0.10320000001229346,0.09430000000065775,0.02679999988686177,0.02960000006169139,0.06299999995462713
test_consistent_random_observations__028,test_consistent_random_observations,PASS,solve_q1,observations,4,4,8,8,3.8203000001431064,POLYGON,4,19.227330645630182,9.613665322815091,9.613665322815091,0.0,True,scipy_with_fraction_check,scipy_highs_with_fraction_check,,0.027600000066740904,2.243900000166832,0.35599999978330743,1.7320999995718012,1.2057999999797175,0.27410000006966584,0.0006000000212225132,0.08180000008906063,0.07099999993442907,0.06950000010874646,0.02199999994445534,0.02779999999802385,0.06889999986015027
test_consistent_random_observations__029,test_consistent_random_observations,PASS,solve_q1,observations,3,3,6,6,3.2714999999825523,POLYGON,4,20.1296607114347,10.06483035571735,14.367509026165235,4.302678670447886,False,scipy_with_fraction_check,scipy_highs_with_fraction_check,,0.026599999955578824,2.2526999998717656,0.22910000006959308,1.874099999668033,0.6875999999920168,0.24260000009235227,0.0004999999418942025,0.08350000007339986,0.0367999998616142,0.07279999999809661,0.02170000016121776,0.025899999855028,0.06200000007083872
test_consistent_random_observations__030,test_consistent_random_observations,PASS,solve_q1,observations,4,4,8,8,3.868000000011307,POLYGON,4,20.1296607114347,10.06483035571735,14.367509026165235,4.302678670447886,False,scipy_with_fraction_check,scipy_highs_with_fraction_check,,0.031200000194075983,2.33539999999266,0.38070000005063775,1.795399999991787,1.1888999999882799,0.23780000014994584,0.0004999999418942025,0.08019999995667604,0.03530000003593159,0.07000000005064066,0.02130000007127819,0.02909999989242351,0.07469999968634511
test_consistent_random_observations__031,test_consistent_random_observations,PASS,solve_q1,observations,3,3,6,6,3.3541000000241183,POLYGON,5,21.155216366145474,10.577608183072737,10.577608183072753,1.5987211554602254e-14,True,scipy_with_fraction_check,scipy_highs_with_fraction_check,,0.027099999897473026,2.166500000157612,0.2162000000680564,1.8039000001408567,0.7226000000173372,0.3678000000491011,0.0006999998731771484,0.12760000004163885,0.08950000005825132,0.09120000004259055,0.027299999828755972,0.029900000072302646,0.0700999999025953
test_consistent_random_observations__032,test_consistent_random_observations,PASS,solve_q1,observations,4,4,8,8,4.59909999995034,POLYGON,6,16.14808659371456,8.07404329685728,8.19821205992348,0.12416876306619962,False,scipy_with_fraction_check,scipy_highs_with_fraction_check,,0.03079999987676274,2.695099999982631,0.47319999998762796,2.0362999998724263,1.4085000000250147,0.3855999998449988,0.0005000001692678779,0.16999999979816494,0.03630000014709367,0.10840000004463946,0.030299999934868538,0.03870000000461005,0.079100000220933
test_consistent_random_observations__033,test_consistent_random_observations,PASS,solve_q1,observations,3,3,6,6,3.2800999999835767,POLYGON,6,19.567795610403557,9.783897805201779,9.783897805201779,0.0,True,scipy_with_fraction_check,scipy_highs_with_fraction_check,,0.024100000018734136,2.066000000013446,0.20949999975528044,1.7069000000446977,0.6972000001042034,0.43570000002546294,0.0004999999418942025,0.16930000015236146,0.0976999999693362,0.10559999986980984,0.030100000003585592,0.03100000003541936,0.05709999982173031
test_consistent_random_observations__034,test_consistent_random_observations,PASS,solve_q1,observations,4,4,8,8,4.013900000018111,POLYGON,6,19.567795610403557,9.783897805201779,9.783897805201779,0.0,True,scipy_with_fraction_check,scipy_highs_with_fraction_check,,0.026199999865639256,2.2370000001501467,0.356500000179949,1.7310999999153864,1.243099999783226,0.4401000001053035,0.0006000000212225132,0.1682999998138257,0.09660000000621949,0.10560000009718351,0.02999999992425728,0.03779999997277628,0.06750000011379598
test_consistent_random_observations__035,test_consistent_random_observations,PASS,solve_q1,observations,3,3,6,6,3.3167999999932363,POLYGON,6,33.296676229903746,16.648338114951873,16.648338114951873,0.0,True,scipy_with_fraction_check,scipy_highs_with_fraction_check,,0.025599999844416743,2.084799999920506,0.22400000034394907,1.7246000002160145,0.723300000117888,0.42269999994459795,0.0004999999418942025,0.1625999998395855,0.0962000001436536,0.10309999993296515,0.028299999939918052,0.030700000024808105,0.060400000165827805
test_consistent_random_observations__036,test_consistent_random_observations,PASS,solve_q1,observations,4,4,8,8,3.926999999976033,POLYGON,5,18.03443480176642,9.01721740088321,9.758980307948145,0.7417629070649348,False,scipy_with_fraction_check,scipy_highs_with_fraction_check,,0.026700000034907134,2.253999999993539,0.36819999991166696,1.733799999783514,1.27569999995103,0.30160000005707843,0.0004999999418942025,0.12029999993501406,0.035600000046542846,0.08559999992030498,0.024899999971239595,0.033300000040981104,0.06899999993947858
test_consistent_random_observations__037,test_consistent_random_observations,PASS,solve_q1,observations,3,3,6,6,3.4697000000960543,POLYGON,5,29.430560528708686,14.715280264354343,14.715280264354346,3.552713678800501e-15,True,scipy_with_fraction_check,scipy_highs_with_fraction_check,,0.02470000003995665,2.188199999864082,0.20799999992959783,1.8333999996684724,0.7837000000563421,0.4151999999066902,0.0007000001005508238,0.13730000000578002,0.10380000003351597,0.10720000000219443,0.030499999866151484,0.03420000007281487,0.05790000022898312
test_consistent_random_observations__038,test_consistent_random_observations,PASS,solve_q1,observations,4,4,8,8,4.965699999956996,POLYGON,4,10.544068518967078,5.272034259483539,5.598583283384244,0.3265490239007045,False,scipy_with_fraction_check,scipy_highs_with_fraction_check,,0.028600000177902984,2.9565000002094166,0.36730000010720687,2.3461000000679633,1.3473000001340552,0.5596000000878121,0.0006999998731771484,0.08679999996275001,0.08590000015828991,0.32239999995908875,0.028100000008635106,0.03399999991415825,0.07369999934780935
test_consistent_random_observations__039,test_consistent_random_observations,PASS,solve_q1,observations,3,3,6,6,3.8592000000789994,POLYGON,4,17.212272665764843,8.606136332882421,14.230868743170147,5.624732410287725,False,scipy_with_fraction_check,scipy_highs_with_fraction_check,,0.03409999999348656,2.4071999998795945,0.22669999975732935,1.995500000020911,1.0606999999254185,0.2805999999964115,0.0007000001005508238,0.08339999999407155,0.07209999989754579,0.07260000006681366,0.02390000008745119,0.026199999865639256,0.07660000028408831
test_consistent_random_observations__040,test_consistent_random_observations,PASS,solve_q1,observations,4,4,8,8,4.90059999992809,POLYGON,4,17.212272665764843,8.606136332882421,14.230868743170147,5.624732410287725,False,scipy_with_fraction_check,scipy_highs_with_fraction_check,,0.036299999919719994,3.145899999935864,0.894300000027215,2.062600000272141,1.3470999999753985,0.2930999999080086,0.0006000000212225132,0.08569999999963329,0.0749000000723754,0.07489999984500173,0.023400000145556987,0.03179999998792482,0.07820000018909923
test_consistent_random_observations__041,test_consistent_random_observations,PASS,solve_q1,observations,3,3,6,6,3.2572000000072876,POLYGON,5,23.42281576551974,11.71140788275987,11.71140788275987,0.0,True,scipy_with_fraction_check,scipy_highs_with_fraction_check,,0.027299999828755972,2.1035000002029847,0.21369999990383803,1.752399999759291,0.7175999999162741,0.3506999998990068,0.0004999999418942025,0.12040000001434237,0.08729999990464421,0.08759999991525547,0.025900000082401675,0.027499999987412593,0.05810000016026606
test_consistent_random_observations__042,test_consistent_random_observations,PASS,solve_q1,observations,4,4,8,8,4.161000000067361,POLYGON,6,23.42281576551974,11.71140788275987,11.71140788275987,0.0,True,scipy_with_fraction_check,scipy_highs_with_fraction_check,,0.027700000146069215,2.3089000001164095,0.3768000001400651,1.7770000001746666,1.306399999975838,0.44879999995828257,0.0005000001692678779,0.16949999985627073,0.10070000007544877,0.10780000002341694,0.030700000024808105,0.038099999983387534,0.06919999987076153
test_consistent_random_observations__043,test_consistent_random_observations,PASS,solve_q1,observations,3,3,6,6,3.030600000101913,POLYGON,3,11.57141590678283,5.785707953391415,9.737700054650201,3.951992101258786,False,scipy_with_fraction_check,scipy_highs_with_fraction_check,,0.0271000001248467,2.103699999906894,0.2108999999563821,1.7544000002089888,0.6382999999914318,0.19919999999729043,0.0006000000212225132,0.052800000048591755,0.03649999985100294,0.06570000005012844,0.019700000166267273,0.02239999980702123,0.06230000008144998
test_consistent_random_observations__044,test_consistent_random_observations,PASS,solve_q1,observations,4,4,8,8,5.767500000047221,POLYGON,4,11.564433577160434,5.782216788580217,9.44961523774773,3.6673984491675133,False,scipy_with_fraction_check,scipy_highs_with_fraction_check,,0.029199999971751822,3.280399999994188,0.40449999983138696,2.597900000409936,2.024699999992663,0.35590000015872647,0.009099999942918657,0.09790000012799283,0.08430000002590532,0.09749999981067958,0.030000000151630957,0.034499999856052455,0.07729999992989178
test_consistent_random_observations__045,test_consistent_random_observations,PASS,solve_q1,observations,3,3,6,6,4.851300000154879,POLYGON,5,26.16949016307199,13.084745081535996,13.084745081535996,0.0,True,scipy_with_fraction_check,scipy_highs_with_fraction_check,,0.03720000017892744,3.66970000004585,0.2297000000908156,3.237500000068394,0.7213999999748921,0.3544999999576248,0.0006000000212225132,0.12870000000475557,0.08519999983036541,0.08460000003651658,0.026299999944967567,0.027400000135457958,0.06849999999758438
test_consistent_random_observations__046,test_consistent_random_observations,PASS,solve_q1,observations,4,4,8,8,4.623700000138342,POLYGON,5,24.753980463880698,12.376990231940349,12.376990231940349,0.0,True,scipy_with_fraction_check,scipy_highs_with_fraction_check,,0.03199999991920777,2.4906999999529944,0.39170000013655226,1.935400000320442,1.5428000001520559,0.47889999996186816,0.0007000001005508238,0.13259999991532823,0.11510000013004174,0.13069999999970605,0.03659999993033125,0.06099999995967664,0.07930000015221594
test_consistent_random_observations__047,test_consistent_random_observations,PASS,solve_q1,observations,3,3,6,6,3.987099999903876,POLYGON,4,26.12226229183838,13.06113114591919,18.469711911849167,5.408580765929978,False,scipy_with_fraction_check,scipy_highs_with_fraction_check,,0.044299999899521936,2.830600000152117,0.25069999992410885,2.387300000009418,0.7688999999118096,0.26840000009542564,0.0007000001005508238,0.09609999983695161,0.049600000011196244,0.07160000018302526,0.02289999997628911,0.025899999855028,0.07489999984500173
test_consistent_random_observations__048,test_consistent_random_observations,PASS,solve_q1,observations,4,4,8,8,4.1791000001012435,POLYGON,5,26.12226229183838,13.06113114591919,14.659043777974185,1.597912632054996,False,scipy_with_fraction_check,scipy_highs_with_fraction_check,,0.030700000024808105,2.3571000001538778,0.36980000004405156,1.8307999998796731,1.3844000000062806,0.33529999996062543,0.0007999999525054591,0.13060000014775142,0.04129999979340937,0.09510000018053688,0.02819999986058974,0.03749999996216502,0.07159999995565158
test_consistent_random_observations__049,test_consistent_random_observations,PASS,solve_q1,observations,3,3,6,6,3.5464000000047236,POLYGON,6,27.027300901021377,13.513650450510688,13.51365045051069,1.7763568394002505e-15,True,scipy_with_fraction_check,scipy_highs_with_fraction_check,,0.03749999996216502,2.2331000000122003,0.230699999974604,1.8583000000944594,0.7375000000138243,0.4681000000346103,0.0006000000212225132,0.17209999987244373,0.10880000013457902,0.11729999982890149,0.034300000152143184,0.03360000005159236,0.07019999998192361
test_consistent_random_observations__050,test_consistent_random_observations,PASS,solve_q1,observations,4,4,8,8,4.366099999970174,POLYGON,6,27.027300901021377,13.513650450510688,13.51365045051069,1.7763568394002505e-15,True,scipy_with_fraction_check,scipy_highs_with_fraction_check,,0.03370000013092067,2.41649999998117,0.37380000003395253,1.884400000108144,1.3429999999061693,0.49599999988458876,0.0006000000212225132,0.18609999983709713,0.11050000011891825,0.12079999987690826,0.03460000016275444,0.04179999996267725,0.07690000006732589
test_consistent_random_observations__051,test_consistent_random_observations,PASS,solve_q1,observations,3,3,6,6,3.5471000001052744,POLYGON,6,19.16836247120864,9.58418123560432,9.584181235604321,1.7763568394002505e-15,True,scipy_with_fraction_check,scipy_highs_with_fraction_check,,0.034700000014709076,2.2386000000551576,0.2271000000746426,1.86510000025919,0.7474999999885767,0.46149999980116263,0.0006000000212225132,0.17739999998411804,0.10520000000724394,0.11190000009264622,0.03129999981865694,0.03370000013092067,0.06480000024566834
test_consistent_random_observations__052,test_consistent_random_observations,PASS,solve_q1,observations,4,4,8,8,4.214100000126564,POLYGON,5,19.13245016188425,9.566225080942125,9.566225080942147,2.1316282072803006e-14,True,scipy_with_fraction_check,scipy_highs_with_fraction_check,,0.028100000008635106,2.3545000001377048,0.3793000000769098,1.8149999998513522,1.3797999999951571,0.3800000001774606,0.0004999999418942025,0.12760000004163885,0.09260000001631852,0.09470000009059731,0.027199999976801337,0.03589999982978043,0.07169999980760622
test_consistent_random_observations__053,test_consistent_random_observations,PASS,solve_q1,observations,3,3,6,6,3.96639999985382,POLYGON,6,20.640998148375722,10.320499074187861,10.83522584747656,0.5147267732886984,False,scipy_with_fraction_check,scipy_highs_with_fraction_check,,0.031099999887373997,2.1515000000817963,0.2237999997305451,1.7873000001600303,1.1669000000438245,0.5520000001979497,0.0006999998731771484,0.19240000005993352,0.12749999996231054,0.14480000004368776,0.04269999999451102,0.04229999990457145,0.06489999964287563
test_consistent_random_observations__054,test_consistent_random_observations,PASS,solve_q1,observations,4,4,8,8,4.281900000023597,POLYGON,6,19.3220843499491,9.66104217497455,9.88734038608564,0.2262982111110894,False,scipy_with_fraction_check,scipy_highs_with_fraction_check,,0.026200000093012932,2.394299999878058,0.3666999998586107,1.8671000000267668,1.3278999999783991,0.4630999999335472,0.0004999999418942025,0.18109999996340775,0.10690000021895685,0.10489999999663269,0.030299999934868538,0.03799999990405922,0.07040000014058023
test_consistent_random_observations__055,test_consistent_random_observations,PASS,solve_q1,observations,3,3,6,6,3.1968000000688335,POLYGON,4,26.501167804557774,13.250583902278887,13.250583902278898,1.0658141036401503e-14,True,scipy_with_fraction_check,scipy_highs_with_fraction_check,,0.024400000029345392,2.1421000001282664,0.22860000012769888,1.775200000110999,0.6927000001724082,0.2804999999170832,0.0004999999418942025,0.08560000014767866,0.07909999999355932,0.06880000000819564,0.020799999902010313,0.02429999995001708,0.05709999982173031
test_consistent_random_observations__056,test_consistent_random_observations,PASS,solve_q1,observations,4,4,8,8,3.9721999999073887,POLYGON,5,22.805573939008273,11.402786969504136,11.402786969504136,0.0,True,scipy_with_fraction_check,scipy_highs_with_fraction_check,,0.026599999955578824,2.261800000042058,0.3701000000546628,1.7344000000321103,1.270100000056118,0.3444999999828724,0.0005000001692678779,0.11639999979706772,0.08380000008401112,0.08509999997841078,0.024400000029345392,0.03300000003036985,0.06919999987076153
test_consistent_random_observations__057,test_consistent_random_observations,PASS,solve_q1,observations,3,3,6,6,3.5152000000380212,POLYGON,6,23.313649856317966,11.656824928158983,12.642625586619552,0.985800658460569,False,scipy_with_fraction_check,scipy_highs_with_fraction_check,,0.03259999994043028,2.1987000000081025,0.21419999984573224,1.831699999911507,0.7415999998556799,0.479600000062419,0.0005000001692678779,0.18559999989520293,0.11100000006081245,0.11530000006132468,0.03399999991415825,0.031600000056641875,0.06270000017138955
test_consistent_random_observations__058,test_consistent_random_observations,PASS,solve_q1,observations,4,4,8,8,4.5252999998410814,POLYGON,6,17.74052334003286,8.87026167001643,9.003924806230152,0.13366313621372328,False,scipy_with_fraction_check,scipy_highs_with_fraction_check,,0.03799999990405922,2.501500000107626,0.379800000018804,1.954500000238113,1.4295000000856817,0.4762000000937405,0.0007000001005508238,0.18950000003314926,0.09000000000014552,0.11610000001383014,0.034599999935380765,0.04349999994701648,0.08009999964997405
test_consistent_random_observations__059,test_consistent_random_observations,PASS,solve_q1,observations,3,3,6,6,3.83519999991222,POLYGON,6,24.78525038879993,12.392625194399965,16.236553279870343,3.8439280854703775,False,scipy_with_fraction_check,scipy_highs_with_fraction_check,,0.03680000008898787,2.4918999999954394,0.22790000002714805,2.1006999998007814,0.7656999998744141,0.4713000000720058,0.0006000000212225132,0.1837999998315354,0.0962000001436536,0.11909999989256903,0.03489999994599202,0.03500000002532033,0.06949999988137279
test_consistent_random_observations__060,test_consistent_random_observations,PASS,solve_q1,observations,4,4,8,8,4.208899999866844,POLYGON,4,18.306402758889053,9.153201379444527,11.216273141037888,2.0630717615933616,False,scipy_with_fraction_check,scipy_highs_with_fraction_check,,0.03339999989293574,2.4621999998544197,0.37820000011379307,1.9160999997893668,1.350300000012794,0.2875000000130967,0.0004999999418942025,0.08789999992586672,0.06570000005012844,0.07559999994555255,0.024500000108673703,0.031600000056641875,0.07550000009359792
test_consistent_random_observations__061,test_consistent_random_observations,PASS,solve_q1,observations,3,3,6,6,3.285400000095251,POLYGON,5,19.613576799317446,9.806788399658723,11.905041925636667,2.0982535259779436,False,scipy_with_fraction_check,scipy_highs_with_fraction_check,,0.029799999992974335,2.139299999953437,0.22719999992659723,1.7708999994283658,0.6757999999535969,0.36550000004353933,0.0005000001692678779,0.11989999984507449,0.08830000001580629,0.0962000001436536,0.028899999961140566,0.030100000003585592,0.07500000015170372
test_consistent_random_observations__062,test_consistent_random_observations,PASS,solve_q1,observations,4,4,8,8,4.683800000066185,POLYGON,6,19.613576799317446,9.806788399658723,11.905041925636667,2.0982535259779436,False,scipy_with_fraction_check,scipy_highs_with_fraction_check,,0.032500000088475645,2.5451000001339708,0.3881000000092172,1.9784000003255642,1.433099999985643,0.5943999999544758,0.0006000000212225132,0.1861000000644708,0.17359999992550001,0.1487000001816341,0.03649999985100294,0.046999999995023245,0.07869999990361976
test_consistent_random_observations__063,test_consistent_random_observations,PASS,solve_q1,observations,3,3,6,6,3.0090000000200234,POLYGON,3,27.501756484920143,13.750878242460072,21.756944316203334,8.006066073743263,False,scipy_with_fraction_check,scipy_highs_with_fraction_check,,0.025400000140507473,2.0452999999633903,0.20919999997204286,1.7011000002185028,0.6829000001289387,0.19659999998111743,0.0006000000212225132,0.052900000127920066,0.049099999841928366,0.05140000007486378,0.01950000000761065,0.021900000092500704,0.058799999806069536
test_consistent_random_observations__064,test_consistent_random_observations,PASS,solve_q1,observations,4,4,8,8,4.196800000045187,POLYGON,4,27.308153297295792,13.654076648647896,21.576154414551368,7.922077765903472,False,scipy_with_fraction_check,scipy_highs_with_fraction_check,,0.029900000072302646,2.531799999815121,0.4074999999374995,1.9522000000051776,1.295999999911146,0.26099999990947254,0.0005000001692678779,0.07819999996172555,0.0612999999702879,0.06899999993947858,0.02170000016121776,0.028899999961140566,0.07810000033714459
test_consistent_random_observations__065,test_consistent_random_observations,PASS,solve_q1,observations,3,3,6,6,3.0199999998785643,POLYGON,4,22.910479182973717,11.455239591486858,14.480793803952906,3.025554212466048,False,scipy_with_fraction_check,scipy_highs_with_fraction_check,,0.029300000051080133,2.0190999998703774,0.1986000002034416,1.6826999999466352,0.6461000000399508,0.26679999996304105,0.0005999997938488377,0.08380000008401112,0.05910000004405447,0.06979999989198404,0.02289999997628911,0.029200000199125498,0.0586999999541149
test_consistent_random_observations__066,test_consistent_random_observations,PASS,solve_q1,observations,4,4,8,8,4.110899999886897,POLYGON,4,22.910479182973717,11.455239591486858,14.480793803952906,3.025554212466048,False,scipy_with_fraction_check,scipy_highs_with_fraction_check,,0.025800000003073364,2.4602999999387976,0.34789999995155085,1.9396000000142521,1.2624000000869273,0.293000000056054,0.0006000000212225132,0.08739999998397252,0.06839999991825607,0.07660000005671463,0.026299999944967567,0.03209999999853608,0.06939999980204448
test_consistent_random_observations__067,test_consistent_random_observations,PASS,solve_q1,observations,3,3,6,6,3.5715000001346198,POLYGON,6,23.685923450406495,11.842961725203248,12.485129755085659,0.6421680298824111,False,scipy_with_fraction_check,scipy_highs_with_fraction_check,,0.03290000017841521,2.3496999999679247,0.23029999988466443,1.9636999998056126,0.7219999999961146,0.406899999916277,0.0004999999418942025,0.16709999999875436,0.07329999993999081,0.10400000019217259,0.029799999992974335,0.03079999987676274,0.06000000007588824
test_consistent_random_observations__068,test_consistent_random_observations,PASS,solve_q1,observations,4,4,8,8,5.082200000060766,POLYGON,6,23.685923450406495,11.842961725203248,12.485129755085659,0.6421680298824111,False,scipy_with_fraction_check,scipy_highs_with_fraction_check,,0.02909999989242351,3.020500000047832,0.3854999997656705,2.4569999998220737,1.499599999988277,0.45909999994364625,0.0006000000212225132,0.1824000000851811,0.08379999985663744,0.11500000005071342,0.033799999982875306,0.04179999996267725,0.073900000188587
test_consistent_random_observations__069,test_consistent_random_observations,PASS,solve_q1,observations,3,3,6,6,3.8038000000142347,POLYGON,6,29.232435042508126,14.616217521254063,15.951188646296263,1.3349711250422,False,scipy_with_fraction_check,scipy_highs_with_fraction_check,,0.17649999995228427,2.3681000000124186,0.2285999999003252,1.987200000030498,0.7482999999410822,0.44660000003204914,0.0007000001005508238,0.17839999986790644,0.08019999995667604,0.11310000013509125,0.03709999987222545,0.03530000003593159,0.06430000007640047
test_consistent_random_observations__070,test_consistent_random_observations,PASS,solve_q1,observations,4,4,8,8,4.233000000112952,POLYGON,6,28.159568871784522,14.079784435892261,14.370238372068785,0.29045393617652415,False,scipy_with_fraction_check,scipy_highs_with_fraction_check,,0.030800000104136416,2.3955000001478766,0.3990000000158034,1.8398999998225918,1.3211000000410422,0.4136000000016793,0.0006000000212225132,0.17109999998865533,0.05409999994299142,0.11210000002392917,0.03259999994043028,0.04180000019005092,0.07199999981821747
test_consistent_random_observations__071,test_consistent_random_observations,PASS,solve_q1,observations,3,3,6,6,3.4793999998328218,POLYGON,6,34.37106650367972,17.18553325183986,17.185533251839885,2.4868995751603507e-14,True,scipy_with_fraction_check,scipy_highs_with_fraction_check,,0.025399999913133797,2.175899999883768,0.20930000005137117,1.8235000002277957,0.753000000031534,0.46700000007149356,0.0006000000212225132,0.17939999997906853,0.10750000001280569,0.11240000003454043,0.031899999839879456,0.033799999982875306,0.05809999993289239
test_consistent_random_observations__072,test_consistent_random_observations,PASS,solve_q1,observations,4,4,8,8,4.320000000006985,POLYGON,6,18.940515556184263,9.470257778092131,11.807226706537218,2.3369689284450867,False,scipy_with_fraction_check,scipy_highs_with_fraction_check,,0.032699999792384915,2.424299999802315,0.4111000000648346,1.8527999998241285,1.3405999998212792,0.4464999999527208,0.0006000000212225132,0.1756999999997788,0.08909999996831175,0.10950000000775617,0.030599999945479794,0.03970000011577213,0.07590000063828484
test_consistent_random_observations__073,test_consistent_random_observations,PASS,solve_q1,observations,3,3,6,6,3.243399999973917,POLYGON,5,20.50021025576835,10.250105127884176,10.702091804762697,0.451986676878521,False,scipy_with_fraction_check,scipy_highs_with_fraction_check,,0.030100000003585592,2.1212000001469278,0.21660000015799596,1.7620999999508058,0.6897999999182503,0.34370000003036694,0.0006000000212225132,0.12260000016794947,0.07559999994555255,0.08989999992081721,0.025800000003073364,0.02779999999802385,0.05859999987478659
test_consistent_random_observations__074,test_consistent_random_observations,PASS,solve_q1,observations,4,4,8,8,5.000500000051034,POLYGON,6,20.50021025576835,10.250105127884176,10.493607449875348,0.24350232199117272,False,scipy_with_fraction_check,scipy_highs_with_fraction_check,,0.027999999929306796,2.693899999940186,0.391400000125941,2.1200999999564374,1.6806999999516847,0.5227999999988242,0.0007000001005508238,0.21059999994577083,0.09300000010625808,0.13209999997343402,0.03689999994094251,0.048000000106185325,0.07510000023103203
test_consistent_random_observations__075,test_consistent_random_observations,PASS,solve_q1,observations,3,3,6,6,3.322600000046805,POLYGON,6,26.153691291495313,13.076845645747657,18.006338139936368,4.929492494188711,False,scipy_with_fraction_check,scipy_highs_with_fraction_check,,0.0315999998292682,2.0971999999801483,0.23149999992710946,1.7277999997986626,0.7084999999733554,0.42209999992337544,0.0006000000212225132,0.16649999997753184,0.0863000000208558,0.10589999988042109,0.03060000017285347,0.03079999987676274,0.06320000034065743
test_consistent_random_observations__076,test_consistent_random_observations,PASS,solve_q1,observations,4,4,8,8,4.466099999945072,POLYGON,5,23.89694708567158,11.94847354283579,11.94847354283579,0.0,True,scipy_with_fraction_check,scipy_highs_with_fraction_check,,0.029400000130408444,2.4837000000843545,0.3867000000354892,1.918200000318393,1.4948000000458705,0.38390000008803327,0.0006000000212225132,0.12500000002546585,0.09679999993750243,0.09490000002188026,0.028500000098574674,0.036399999999048305,0.07429999959640554
test_consistent_random_observations__077,test_consistent_random_observations,PASS,solve_q1,observations,3,3,6,6,3.417699999999968,POLYGON,5,22.85584481912781,11.427922409563905,14.443539326102059,3.0156169165381534,False,scipy_with_fraction_check,scipy_highs_with_fraction_check,,0.030599999945479794,2.207300000009127,0.22659999990537472,1.8350000002556044,0.7310000000870787,0.3845999999612104,0.0004999999418942025,0.13150000017958519,0.09519999980511784,0.09810000005927577,0.027999999929306796,0.029900000072302646,0.06419999999707215
test_consistent_random_observations__078,test_consistent_random_observations,PASS,solve_q1,observations,4,4,8,8,4.802700000027471,POLYGON,5,20.079376434589125,10.039688217294563,12.715990388422426,2.6763021711278636,False,scipy_with_fraction_check,scipy_highs_with_fraction_check,,0.03510000010464864,2.8887000000850094,0.7101999999576947,2.004099999794562,1.395799999954761,0.40820000003805035,0.0007999999525054591,0.13920000014877587,0.10359999987485935,0.09580000005371403,0.029699999913646025,0.037400000110210385,0.07489999984500173
test_consistent_random_observations__079,test_consistent_random_observations,PASS,solve_q1,observations,3,3,6,6,3.4654999999474967,POLYGON,5,23.599418860013905,11.799709430006953,12.094476571657177,0.2947671416502242,False,scipy_with_fraction_check,scipy_highs_with_fraction_check,,0.0390000000152213,2.3787000000083935,0.2286999999796535,2.002100000026985,0.6726999999955297,0.3065999999307678,0.0005000001692678779,0.117899999850124,0.04690000014306861,0.08749999983592716,0.024500000108673703,0.02779999999802385,0.06849999999758438
test_consistent_random_observations__080,test_consistent_random_observations,PASS,solve_q1,observations,4,4,8,8,4.599699999971563,POLYGON,5,22.712282643557256,11.356141321778628,11.356141321778631,3.552713678800501e-15,True,scipy_with_fraction_check,scipy_highs_with_fraction_check,,0.03270000001975859,2.7420000001256994,0.3974999999627471,2.1681000000626227,1.3559000001350796,0.3644000000804226,0.0004999999418942025,0.12250000008862116,0.08950000005825132,0.09030000001075678,0.025399999913133797,0.034599999935380765,0.10469999961060239
test_consistent_random_observations__081,test_consistent_random_observations,PASS,solve_q1,observations,3,3,6,6,3.364400000009482,POLYGON,6,32.289195351864606,16.144597675932303,16.144597675932314,1.0658141036401503e-14,True,scipy_with_fraction_check,scipy_highs_with_fraction_check,,0.027300000056129647,2.102299999933166,0.2197999999680178,1.7420000001493463,0.7166000000324857,0.45759999989058997,0.0004999999418942025,0.17639999987295596,0.102400000059788,0.11240000003454043,0.032500000088475645,0.03199999991920777,0.06060000009711075
test_consistent_random_observations__082,test_consistent_random_observations,PASS,solve_q1,observations,4,4,8,8,5.2392000000054395,POLYGON,6,26.3166136858927,13.15830684294635,13.39473235983642,0.23642551689006908,False,scipy_with_fraction_check,scipy_highs_with_fraction_check,,0.03630000014709367,3.013900000041758,0.49410000019634026,2.311600000211911,1.543500000025233,0.5498000000443426,0.0007000001005508238,0.21259999994072132,0.110200000108307,0.13339999986783369,0.04089999993084348,0.05040000019107538,0.09569999974701204
test_consistent_random_observations__083,test_consistent_random_observations,PASS,solve_q1,observations,3,3,6,6,3.3995999999660853,POLYGON,4,17.528363083493996,8.764181541746998,11.130370220725672,2.3661886789786735,False,scipy_with_fraction_check,scipy_highs_with_fraction_check,,0.031199999966702308,2.3850000000038563,0.26619999994181853,1.9601999997576058,0.6751000000804197,0.23349999992205994,0.0005999997938488377,0.07909999999355932,0.03440000000409782,0.07190000019363652,0.021500000002561137,0.024599999960628338,0.0747999999930471
test_consistent_random_observations__084,test_consistent_random_observations,PASS,solve_q1,observations,4,4,8,8,4.034700000147495,POLYGON,5,17.528363083493996,8.764181541746998,9.469959750907634,0.7057782091606359,False,scipy_with_fraction_check,scipy_highs_with_fraction_check,,0.02790000007735216,2.279300000054718,0.37649999990208016,1.7516999998861138,1.317800000151692,0.33540000003995374,0.0004999999418942025,0.11549999999260763,0.0354000001152599,0.12319999996179831,0.025900000082401675,0.033599999824218685,0.07429999982377922
test_consistent_random_observations__085,test_consistent_random_observations,PASS,solve_q1,observations,3,3,6,6,3.2396999999946274,POLYGON,6,32.314230614523254,16.157115307261627,16.157115307261634,7.105427357601002e-15,True,scipy_with_fraction_check,scipy_highs_with_fraction_check,,0.02429999995001708,2.036899999893649,0.2082999999402091,1.6920999996727915,0.6809999999859428,0.43679999998857966,0.0006000000212225132,0.16699999991942605,0.09890000001178123,0.10590000010779477,0.03179999998792482,0.031199999966702308,0.06070000017643906
test_consistent_random_observations__086,test_consistent_random_observations,PASS,solve_q1,observations,4,4,8,8,4.188200000044162,POLYGON,6,32.314230614523254,16.157115307261627,16.157115307261634,7.105427357601002e-15,True,scipy_with_fraction_check,scipy_highs_with_fraction_check,,0.02570000015111873,2.30609999994158,0.38049999989198113,1.7708000000311586,1.2950999998793122,0.49250000006395567,0.0004999999418942025,0.16980000009425567,0.09999999997489795,0.1434000000699598,0.03479999986666371,0.04260000014255638,0.06880000000819564
test_consistent_random_observations__087,test_consistent_random_observations,PASS,solve_q1,observations,3,3,6,6,3.006099999993239,POLYGON,4,31.775242378748,15.887621189374,20.00510059847413,4.117479409100129,False,scipy_with_fraction_check,scipy_highs_with_fraction_check,,0.024400000029345392,2.0268000000669417,0.20869999980277498,1.6829999999572465,0.665000000026339,0.2339000000119995,0.0006000000212225132,0.07899999991423101,0.03659999993033125,0.0695999999607011,0.022800000124334474,0.023999999939405825,0.05599999985861359
test_consistent_random_observations__088,test_consistent_random_observations,PASS,solve_q1,observations,4,4,8,8,4.018099999939295,POLYGON,5,31.775242378748,15.887621189374,15.88762118937401,8.881784197001252e-15,True,scipy_with_fraction_check,scipy_highs_with_fraction_check,,0.02570000015111873,2.273299999842493,0.3762000001188426,1.7453999996632774,1.293700000132958,0.35360000015316473,0.0005000001692678779,0.11929999982385198,0.0853000001370674,0.08679999996275001,0.027099999897473026,0.033300000040981104,0.07179999965956085
test_consistent_random_observations__089,test_consistent_random_observations,PASS,solve_q1,observations,3,3,6,6,3.44930000005661,POLYGON,6,26.69702640099359,13.348513200496795,14.291716547498476,0.9432033470016812,False,scipy_with_fraction_check,scipy_highs_with_fraction_check,,0.02700000004551839,2.168900000015128,0.22850000004837057,1.7930000003616442,0.7521999998516549,0.4349000000729575,0.0004999999418942025,0.1776999999947293,0.07890000006227638,0.11180000001331791,0.03089999995609105,0.033599999824218685,0.06630000007135095
test_consistent_random_observations__090,test_consistent_random_observations,PASS,solve_q1,observations,4,4,8,8,4.000800000085292,POLYGON,6,26.69702640099359,13.348513200496795,13.893042689463496,0.5445294889667007,False,scipy_with_fraction_check,scipy_highs_with_fraction_check,,0.025499999992462108,2.2414000000026135,0.357599999915692,1.7344000000321103,1.2662999999975,0.39530000003651367,0.0004999999418942025,0.16570000002502638,0.05890000011277152,0.1029000000016822,0.028499999871201,0.037400000110210385,0.07230000005620241
test_consistent_random_observations__091,test_consistent_random_observations,PASS,solve_q1,observations,3,3,6,6,3.3931999998912943,POLYGON,6,32.37987472002551,16.189937360012756,16.189937360012784,2.842170943040401e-14,True,scipy_with_fraction_check,scipy_highs_with_fraction_check,,0.02419999987068877,2.1893999999065272,0.30110000011518423,1.749800000425239,0.6820999999490596,0.44090000005780894,0.0004999999418942025,0.1661999999669206,0.09940000018104911,0.10729999985414906,0.03209999999853608,0.03400000014153193,0.05660000010720978
test_consistent_random_observations__092,test_consistent_random_observations,PASS,solve_q1,observations,4,4,8,8,3.9865999999619817,POLYGON,5,23.02189947628377,11.510949738141885,12.33058192805251,0.8196321899106245,False,scipy_with_fraction_check,scipy_highs_with_fraction_check,,0.025900000082401675,2.302299999882962,0.3730999999334017,1.7767000001640554,1.2550999999803025,0.33529999996062543,0.0005999997938488377,0.11560000007193594,0.07329999993999081,0.08720000005268957,0.024500000108673703,0.032899999951041536,0.06800000005569018
test_consistent_random_observations__093,test_consistent_random_observations,PASS,solve_q1,observations,3,3,6,6,3.2742000000780536,POLYGON,5,25.155948285436285,12.577974142718142,12.577974142718169,2.6645352591003757e-14,True,scipy_with_fraction_check,scipy_highs_with_fraction_check,,0.028400000019246363,2.0853999999417283,0.2363999999488442,1.7153000001144392,0.750400000015361,0.35309999998389685,0.0004999999418942025,0.12190000006739865,0.08769999999458378,0.08779999984653841,0.026300000172341242,0.02759999983936723,0.05690000011782104
test_consistent_random_observations__094,test_consistent_random_observations,PASS,solve_q1,observations,4,4,8,8,3.9772000000084518,POLYGON,5,25.155948285436285,12.577974142718142,12.577974142718169,2.6645352591003757e-14,True,scipy_with_fraction_check,scipy_highs_with_fraction_check,,0.026299999944967567,2.2504000000935775,0.35590000015872647,1.744599999710772,1.2748999999985244,0.3538999999364023,0.0004999999418942025,0.1217000001361157,0.08490000004712783,0.08609999986219918,0.02650000010362419,0.032799999871713226,0.0717000000349799
test_consistent_random_observations__095,test_consistent_random_observations,PASS,solve_q1,observations,3,3,6,6,3.0111000000943022,POLYGON,3,12.782323619368027,6.3911618096840135,7.829863511063272,1.4387017013792587,False,scipy_with_fraction_check,scipy_highs_with_fraction_check,,0.024200000098062446,2.086299999973562,0.20900000004075991,1.73899999981586,0.659799999993993,0.18539999996391998,0.0004999999418942025,0.04930000000058499,0.046200000042517786,0.05020000003241876,0.018199999885837315,0.019699999938893598,0.055400000064764754
test_consistent_random_observations__096,test_consistent_random_observations,PASS,solve_q1,observations,4,4,8,8,3.993999999920561,POLYGON,3,12.782323619368027,6.3911618096840135,7.829863511063272,1.4387017013792587,False,scipy_with_fraction_check,scipy_highs_with_fraction_check,,0.027199999976801337,2.3519000001215318,0.38010000002941524,1.8123000002105982,1.3374000000112574,0.20449999988159107,0.0004999999418942025,0.05170000008547504,0.05059999989498465,0.054600000112259295,0.020100000028833165,0.025499999992462108,0.07299999992937956
test_consistent_random_observations__097,test_consistent_random_observations,PASS,solve_q1,observations,3,3,6,6,3.2433000001219625,POLYGON,5,27.910956732580164,13.955478366290082,14.039927292386345,0.08444892609626287,False,scipy_with_fraction_check,scipy_highs_with_fraction_check,,0.02470000003995665,2.095100000133243,0.21629999992001103,1.737099999900238,0.7441999998718529,0.3205999998954212,0.0004999999418942025,0.12489999994613754,0.049700000090524554,0.09019999993142847,0.025900000082401675,0.027999999929306796,0.058700000181488576
test_consistent_random_observations__098,test_consistent_random_observations,PASS,solve_q1,observations,4,4,8,8,4.122900000083973,POLYGON,5,20.24829273239503,10.124146366197515,10.124146366197515,0.0,True,scipy_with_fraction_check,scipy_highs_with_fraction_check,,0.0271000001248467,2.307100000052742,0.397899999825313,1.7572000001564447,1.2394999998832645,0.47939999990376236,0.0005000001692678779,0.120499999866297,0.18380000005890906,0.10150000002795423,0.03089999995609105,0.04080000007888884,0.06980000011935772
test_consistent_random_observations__099,test_consistent_random_observations,PASS,solve_q1,observations,3,3,6,6,4.118400000152178,POLYGON,5,25.190219572291205,12.595109786145603,12.595109786145613,1.0658141036401503e-14,True,scipy_with_fraction_check,scipy_highs_with_fraction_check,,0.024300000177390757,2.996899999970992,0.21020000008320494,2.640200000087134,0.6937000000561966,0.34630000004653994,0.0004999999418942025,0.11709999989761855,0.08739999998397252,0.08750000006330083,0.024899999971239595,0.027499999987412593,0.05719999990105862
test_consistent_random_observations__100,test_consistent_random_observations,PASS,solve_q1,observations,4,4,8,8,5.616799999870636,POLYGON,6,24.363353693465573,12.181676846732787,12.18167684673281,2.3092638912203256e-14,True,scipy_with_fraction_check,scipy_highs_with_fraction_check,,0.04500000000007276,3.69330000012269,0.6021000001510401,2.7991999997993844,1.3240999999197811,0.443300000142699,0.0006999998731771484,0.1684000001205277,0.09899999986373587,0.10560000009718351,0.03040000001419685,0.03790000005210459,0.11109999968539341
test_consistent_random_observations__101,test_consistent_random_observations,PASS,solve_q1,observations,3,3,6,6,3.137300000162213,POLYGON,4,23.416704374856483,11.708352187428241,14.576318795022905,2.8679666075946635,False,scipy_with_fraction_check,scipy_highs_with_fraction_check,,0.023899999860077514,2.1179999998821586,0.22769999986849143,1.7530999998598418,0.6714999999530846,0.24000000007617928,0.0005000001692678779,0.0788999998349027,0.047100000074351556,0.06809999990764481,0.020899999981338624,0.02310000013494573,0.0839000003907131
test_consistent_random_observations__102,test_consistent_random_observations,PASS,solve_q1,observations,4,4,8,8,3.903000000036627,POLYGON,5,22.962850530763838,11.481425265381919,14.573144827573994,3.0917195621920754,False,scipy_with_fraction_check,scipy_highs_with_fraction_check,,0.026300000172341242,2.2524999999404827,0.3658000000541506,1.737599999842132,1.2349999999514694,0.3211000000646891,0.0006000000212225132,0.11629999994511309,0.06190000021888409,0.0840999998672487,0.02369999992879457,0.03310000010969816,0.06809999990764481
test_consistent_random_observations__103,test_consistent_random_observations,PASS,solve_q1,observations,3,3,6,6,2.921900000046662,POLYGON,3,20.27150907190812,10.13575453595406,15.720415808989546,5.584661273035486,False,scipy_with_fraction_check,scipy_highs_with_fraction_check,,0.02380000000812288,2.0187000000078115,0.21500000002561137,1.6701999998076644,0.6303000000116299,0.19240000005993352,0.0005000001692678779,0.04649999982575537,0.058500000022831955,0.04850000004807953,0.0170999999227206,0.019800000018221908,0.056699999959164415
test_consistent_random_observations__104,test_consistent_random_observations,PASS,solve_q1,observations,4,4,8,8,4.2879999998604035,POLYGON,4,19.30347510956782,9.65173755478391,14.952746389677008,5.301008834893098,False,scipy_with_fraction_check,scipy_highs_with_fraction_check,,0.026200000093012932,2.67079999980524,0.3663999998479994,2.1555000000716973,1.2561000000914646,0.2673000001323089,0.0006000000212225132,0.07810000010977092,0.07110000001375738,0.06710000002385641,0.020399999812070746,0.028500000098574674,0.06759999973837694
test_consistent_random_observations__105,test_consistent_random_observations,PASS,solve_q1,observations,3,3,6,6,3.0210000002171,POLYGON,4,18.01940247065873,9.009701235329365,12.127138136436844,3.11743690110748,False,scipy_with_fraction_check,scipy_highs_with_fraction_check,,0.02509999990252254,2.0637000000078842,0.20859999995082035,1.7199999999775173,0.648199999886856,0.22699999999531428,0.0005000001692678779,0.07749999986117473,0.03460000016275444,0.0669999999445281,0.022299999955066596,0.02369999992879457,0.05700000042452302
test_consistent_random_observations__106,test_consistent_random_observations,PASS,solve_q1,observations,4,4,8,8,3.822499999841966,POLYGON,4,18.01940247065873,9.009701235329365,12.127138136436844,3.11743690110748,False,scipy_with_fraction_check,scipy_highs_with_fraction_check,,0.027399999908084283,2.3390999999719497,0.3595999999106425,1.8300999997791223,1.1567000001377892,0.2315999997790641,0.0004999999418942025,0.07870000013099343,0.033799999982875306,0.06719999987581105,0.021800000013172394,0.028100000008635106,0.06770000004507892
test_consistent_random_observations__107,test_consistent_random_observations,PASS,solve_q1,observations,3,3,6,6,3.2684999998764397,POLYGON,6,24.785486220032382,12.392743110016191,15.082403507669817,2.6896603976536255,False,scipy_with_fraction_check,scipy_highs_with_fraction_check,,0.02759999983936723,2.0730000001094595,0.2093999999033258,1.7129999998815038,0.6883999999445223,0.4218999999920925,0.0005000001692678779,0.16759999994064856,0.08579999985158793,0.10560000009718351,0.030200000082913903,0.03089999995609105,0.057599999990998185
test_consistent_random_observations__108,test_consistent_random_observations,PASS,solve_q1,observations,4,4,8,8,4.306399999904897,POLYGON,6,24.169381095836204,12.084690547918102,12.084690547918102,0.0,True,scipy_with_fraction_check,scipy_highs_with_fraction_check,,0.026200000093012932,2.2280999999111373,0.36599999998543353,1.7097999998441082,1.494599999887214,0.48809999998411513,0.0006000000212225132,0.18010000007961935,0.1063999998223153,0.1294000001053064,0.030199999855540227,0.03970000011577213,0.06940000002941815
test_consistent_random_observations__109,test_consistent_random_observations,PASS,solve_q1,observations,3,3,6,6,3.330500000174652,POLYGON,6,32.62811081792988,16.31405540896494,19.52154664493904,3.2074912359741,False,scipy_with_fraction_check,scipy_highs_with_fraction_check,,0.024599999960628338,2.1091000000978966,0.20960000006198243,1.764199999797711,0.706300000047122,0.4334000000199012,0.0004999999418942025,0.17279999997299456,0.08710000020073494,0.10879999990720535,0.03190000006725313,0.03100000003541936,0.05710000004910398
test_consistent_random_observations__110,test_consistent_random_observations,PASS,solve_q1,observations,4,4,8,8,4.121899999972811,POLYGON,6,32.62110437306821,16.310552186534107,19.691313439996883,3.380761253462776,False,scipy_with_fraction_check,scipy_highs_with_fraction_check,,0.02610000001368462,2.2957000001042616,0.3573999999844091,1.7863000000488682,1.275300000088464,0.4512000000431726,0.0004999999418942025,0.21790000005239563,0.03999999989900971,0.1142999999501626,0.0354000001152599,0.04179999996267725,0.0735999997232284
test_consistent_random_observations__111,test_consistent_random_observations,PASS,solve_q1,observations,3,3,6,6,3.247599999895101,POLYGON,6,23.92802564192114,11.96401282096057,16.54500973528699,4.58099691432642,False,scipy_with_fraction_check,scipy_highs_with_fraction_check,,0.024500000108673703,2.0969000001969107,0.2095000002100278,1.7524999998386193,0.6983000000673201,0.37079999992783996,0.0006000000212225132,0.16720000007808267,0.035499999967214535,0.10399999996479892,0.03089999995609105,0.031399999897985253,0.05709999959435663
test_consistent_random_observations__112,test_consistent_random_observations,PASS,solve_q1,observations,4,4,8,8,4.0727000000515545,POLYGON,6,23.58562512287119,11.792812561435595,16.566754455161508,4.7739418937259135,False,scipy_with_fraction_check,scipy_highs_with_fraction_check,,0.030700000024808105,2.2816999999122345,0.36820000013904064,1.7605999996703758,1.3122000000294065,0.3787999999076419,0.0005000001692678779,0.1692999999249878,0.036299999919719994,0.10380000003351597,0.029300000051080133,0.038200000062715844,0.06930000017746352
test_consistent_random_observations__113,test_consistent_random_observations,PASS,solve_q1,observations,3,3,6,6,5.2650999998604675,POLYGON,5,23.996335681461492,11.998167840730746,14.92030749379433,2.9221396530635833,False,scipy_with_fraction_check,scipy_highs_with_fraction_check,,0.0473000000056345,2.6193000001057953,0.23469999996450497,2.2299000002021785,2.1180000001095323,0.4043999999794323,0.0007000001005508238,0.1303999999890948,0.0752999999349413,0.11940000013055396,0.035399999887886224,0.04089999993084348,0.07609999966007308
test_consistent_random_observations__114,test_consistent_random_observations,PASS,solve_q1,observations,4,4,8,8,4.459600000018327,POLYGON,5,23.971422298640526,11.985711149320263,11.985711149320263,0.0,True,scipy_with_fraction_check,scipy_highs_with_fraction_check,,0.042200000052616815,2.5547999998707382,0.38800000015726255,1.9944000000577944,1.3885000000755099,0.3941999998460233,0.0005999997938488377,0.13180000019019644,0.09899999986373587,0.09490000002188026,0.029000000040468876,0.037199999951553764,0.07990000017343846
test_consistent_random_observations__115,test_consistent_random_observations,PASS,solve_q1,observations,3,3,6,6,3.4941999999773543,POLYGON,5,21.19893530218919,10.599467651094596,12.805836067037188,2.206368415942592,False,scipy_with_fraction_check,scipy_highs_with_fraction_check,,0.03429999992476951,2.261999999973341,0.2259999998841522,1.886800000193034,0.7393000000774919,0.3871999999773834,0.0006000000212225132,0.12769999989359349,0.06559999997080013,0.12220000007800991,0.037699999893447966,0.031499999977313564,0.07140000002436864
test_consistent_random_observations__116,test_consistent_random_observations,PASS,solve_q1,observations,4,4,8,8,4.659500000116168,POLYGON,5,19.90679392295804,9.95339696147902,9.95339696147902,0.0,True,scipy_with_fraction_check,scipy_highs_with_fraction_check,,0.038599999925281736,2.942700000176046,0.3974999999627471,2.3672999998325395,1.2460000000373839,0.3518999999414518,0.0005000001692678779,0.11309999990771757,0.08460000003651658,0.0837000000046828,0.02560000007179042,0.04259999991518271,0.08030000003600435
test_consistent_random_observations__117,test_consistent_random_observations,PASS,solve_q1,observations,3,3,6,6,3.373600000031729,POLYGON,4,13.3338116271036,6.6669058135518,10.783862324599278,4.116956511047478,False,scipy_with_fraction_check,scipy_highs_with_fraction_check,,0.030199999855540227,2.2981000001891516,0.22199999989425123,1.9294000001082168,0.699700000041048,0.282599999991362,0.0006000000212225132,0.08249999996223778,0.07649999997738632,0.07220000020424777,0.023599999849466258,0.025800000003073364,0.06299999995462713
test_consistent_random_observations__118,test_consistent_random_observations,PASS,solve_q1,observations,4,4,8,8,4.151900000124442,POLYGON,4,13.3338116271036,6.6669058135518,10.783862324599278,4.116956511047478,False,scipy_with_fraction_check,scipy_highs_with_fraction_check,,0.0315999998292682,2.497700000049008,0.3739999997378618,1.9575999999688065,1.2593000001288601,0.28770000017175335,0.0007000001005508238,0.08230000003095483,0.07699999991928053,0.07090000008247443,0.024399999801971717,0.030800000104136416,0.07559999994555255
test_consistent_random_observations__119,test_consistent_random_observations,PASS,solve_q1,observations,3,3,6,6,3.8569999999253923,POLYGON,4,26.84440885344491,13.422204426722455,13.422204426722484,2.842170943040401e-14,True,scipy_with_fraction_check,scipy_highs_with_fraction_check,,0.03399999991415825,2.330899999833491,0.22620000004280882,1.9251999999596592,1.0729999999057327,0.35200000002078013,0.0006000000212225132,0.09049999994203972,0.08870000010574586,0.10279999992235389,0.03100000003541936,0.03589999982978043,0.06710000025123009
test_consistent_random_observations__120,test_consistent_random_observations,PASS,solve_q1,observations,4,4,8,8,4.556599999887112,POLYGON,5,23.6521278839666,11.8260639419833,11.826063941983302,1.7763568394002505e-15,True,scipy_with_fraction_check,scipy_highs_with_fraction_check,,0.03460000016275444,2.5944999999865104,0.39950000018507126,2.029700000093726,1.4017999999396125,0.4453999999896041,0.0006999998731771484,0.13009999997848354,0.1059999999597494,0.1220999999986816,0.036399999999048305,0.048100000185513636,0.08029999980863067
test_consistent_random_observations__121,test_consistent_random_observations,PASS,solve_q1,observations,3,3,6,6,3.576500000008309,POLYGON,5,31.34122936737858,15.67061468368929,15.670614683689307,1.5987211554602254e-14,True,scipy_with_fraction_check,scipy_highs_with_fraction_check,,0.029199999971751822,2.3519999999734864,0.21720000017921848,1.9841999999243853,0.7421000000249478,0.3878000002259796,0.0007000001005508238,0.12969999988854397,0.09510000018053688,0.09679999993750243,0.03349999997226405,0.030299999934868538,0.0653999998121435
test_consistent_random_observations__122,test_consistent_random_observations,PASS,solve_q1,observations,4,4,8,8,4.540299999916897,POLYGON,5,31.34122936737858,15.67061468368929,15.670614683689307,1.5987211554602254e-14,True,scipy_with_fraction_check,scipy_highs_with_fraction_check,,0.038099999983387534,2.5391000001491193,0.3897000001416018,1.984500000389744,1.4831999999387335,0.39929999979904096,0.0007999999525054591,0.13429999989966745,0.09950000003300374,0.09709999994811369,0.028400000019246363,0.037300000030882074,0.0806000000466156
test_consistent_random_observations__123,test_consistent_random_observations,PASS,solve_q1,observations,3,3,6,6,3.427700000202094,POLYGON,6,35.88335078499438,17.94167539249719,17.941675392497203,1.4210854715202004e-14,True,scipy_with_fraction_check,scipy_highs_with_fraction_check,,0.028899999961140566,2.168900000015128,0.2267000002120767,1.797899999701258,0.7305999999971391,0.44000000002597517,0.0004999999418942025,0.1720000000204891,0.09950000003300374,0.10419999989608186,0.031100000114747672,0.031399999897985253,0.05930000020271109
test_consistent_random_observations__124,test_consistent_random_observations,PASS,solve_q1,observations,4,4,8,8,4.449200000181008,POLYGON,5,27.27107044553867,13.635535222769334,13.635535222769363,2.842170943040401e-14,True,scipy_with_fraction_check,scipy_highs_with_fraction_check,,0.031099999887373997,2.527599999893937,0.423799999680341,1.9443999999566586,1.3303999999152438,0.4831999999623804,0.0007000001005508238,0.1604999999926804,0.11759999983951275,0.12070000002495362,0.03579999997782579,0.04560000002129527,0.07690000052207324
test_consistent_random_observations__125,test_consistent_random_observations,PASS,solve_q1,observations,3,3,6,6,3.522900000007212,POLYGON,6,35.9569185639281,17.97845928196405,18.994368680705563,1.0159093987415133,False,scipy_with_fraction_check,scipy_highs_with_fraction_check,,0.03739999988283671,2.2469000000455708,0.21090000018375576,1.8916999997600215,0.7325000001401349,0.44129999992037483,0.0006000000212225132,0.1896999999644322,0.06779999989703356,0.11470000004010217,0.032500000088475645,0.03440000000409782,0.06480000001829467
test_consistent_random_observations__126,test_consistent_random_observations,PASS,solve_q1,observations,4,4,8,8,4.212699999925462,POLYGON,4,29.73829323158163,14.869146615790815,16.887122835674145,2.01797621988333,False,scipy_with_fraction_check,scipy_highs_with_fraction_check,,0.03179999998792482,2.5170999999772903,0.3741000000445638,1.9787999999607564,1.3243999999303924,0.26479999996809056,0.0006000000212225132,0.08809999985714967,0.040500000068277586,0.07630000004610338,0.02419999987068877,0.033300000040981104,0.07460000006176415
test_consistent_random_observations__127,test_consistent_random_observations,PASS,solve_q1,observations,3,3,6,6,3.350500000124157,POLYGON,4,25.223157967782935,12.611578983891468,14.523436280262057,1.9118572963705898,False,scipy_with_fraction_check,scipy_highs_with_fraction_check,,0.029000000040468876,2.2828999999546795,0.22719999969922355,1.9068999999944936,0.7022000002052664,0.27460000001156004,0.0005000001692678779,0.08649999995213875,0.06310000003395544,0.07409999989249627,0.023499999997511622,0.025499999992462108,0.0617999999121821
test_consistent_random_observations__128,test_consistent_random_observations,PASS,solve_q1,observations,4,4,8,8,4.194000000097731,POLYGON,4,25.223157967782935,12.611578983891468,14.523436280262057,1.9118572963705898,False,scipy_with_fraction_check,scipy_highs_with_fraction_check,,0.03440000000409782,2.4499000001014792,0.3986000001532375,1.8901999999343388,1.358299999992596,0.27670000008583884,0.0006000000212225132,0.08610000008957286,0.06370000005517795,0.07179999988693453,0.02300000005561742,0.02999999992425728,0.07469999991371878
test_consistent_random_observations__129,test_consistent_random_observations,PASS,solve_q1,observations,3,3,6,6,3.3504000000448286,POLYGON,6,25.350880607598643,12.675440303799322,12.973479135836232,0.2980388320369105,False,scipy_with_fraction_check,scipy_highs_with_fraction_check,,0.030100000003585592,2.1255999999993946,0.22059999992052326,1.7619000000195228,0.7178999999268854,0.41710000004968606,0.0004999999418942025,0.17230000003110035,0.06280000002334418,0.1116999999339896,0.03489999994599202,0.033300000040981104,0.05970000006527698
test_consistent_random_observations__130,test_consistent_random_observations,PASS,solve_q1,observations,4,4,8,8,5.182999999988169,POLYGON,4,12.686195811969542,6.343097905984771,6.343097905984776,5.329070518200751e-15,True,scipy_with_fraction_check,scipy_highs_with_fraction_check,,0.0499000000218075,3.1879000000571978,0.6442999997489096,2.342300000236719,1.4871999999286345,0.3281000001607026,0.0007000001005508238,0.09849999992184166,0.08400000001529406,0.08219999995162652,0.027199999976801337,0.03370000013092067,0.12989999981982692
test_consistent_random_observations__131,test_consistent_random_observations,PASS,solve_q1,observations,3,3,6,6,5.737199999884979,POLYGON,3,26.835474185274858,13.417737092637429,16.699666448674503,3.2819293560370735,False,scipy_with_fraction_check,scipy_highs_with_fraction_check,,0.03829999991467048,3.7614999998822896,0.3424999999879219,3.1632999998691957,1.425299999937124,0.4169000001184031,0.0010999999631167157,0.10529999985919858,0.12880000008408388,0.10160000010728254,0.03619999984039168,0.040900000158217154,0.09520000003249152
test_consistent_random_observations__132,test_consistent_random_observations,PASS,solve_q1,observations,4,4,8,8,9.910600000011982,POLYGON,4,26.835474185274858,13.417737092637429,13.417737092637434,5.329070518200751e-15,True,scipy_with_fraction_check,scipy_highs_with_fraction_check,,0.07200000004559115,5.966599999965183,0.8686999999554246,4.727500000171858,3.0517000000145345,0.6573000000571483,0.0012999998943996616,0.1720000000204891,0.17630000002100132,0.1921999999012769,0.04899999998997373,0.06330000019261206,0.16299999992952507
test_consistent_random_observations__133,test_consistent_random_observations,PASS,solve_q1,observations,3,3,6,6,3.9933999998993386,POLYGON,5,20.546170899938325,10.273085449969162,16.12589986624213,5.852814416272967,False,scipy_with_fraction_check,scipy_highs_with_fraction_check,,0.04009999997833802,2.7529999999842403,0.30110000011518423,2.2771000001284847,0.7805000000189466,0.33760000019356085,0.0006000000212225132,0.13539999986278417,0.04030000013699464,0.10299999985363684,0.02779999999802385,0.029000000040468876,0.08219999972425285
test_consistent_random_observations__134,test_consistent_random_observations,PASS,solve_q1,observations,4,4,8,8,4.354599999942366,POLYGON,6,20.51773338550417,10.258866692752084,10.258866692752107,2.3092638912203256e-14,True,scipy_with_fraction_check,scipy_highs_with_fraction_check,,0.026200000093012932,2.3420999998506886,0.35980000006929913,1.8051000004106754,1.3922000000547996,0.524900000073103,0.0006000000212225132,0.21949999995740654,0.11220000010325748,0.11670000003505265,0.03409999999348656,0.040299999909620965,0.06919999987076153
test_consistent_random_observations__135,test_consistent_random_observations,PASS,solve_q1,observations,3,3,6,6,3.2929999999851134,POLYGON,5,17.92004184716972,8.96002092358486,9.549138863770946,0.5891179401860853,False,scipy_with_fraction_check,scipy_highs_with_fraction_check,,0.026800000114235445,2.18300000005911,0.22149999995235703,1.8135000002530433,0.7092000000739063,0.3121999998256797,0.0006000000212225132,0.1194999999825086,0.04979999994247919,0.08709999997336126,0.026299999944967567,0.027600000066740904,0.0617999999121821
test_consistent_random_observations__136,test_consistent_random_observations,PASS,solve_q1,observations,4,4,8,8,4.140700000107245,POLYGON,5,17.92004184716972,8.96002092358486,9.549138863770946,0.5891179401860853,False,scipy_with_fraction_check,scipy_highs_with_fraction_check,,0.026999999818144715,2.3741999998492247,0.37140000017643615,1.8440000001191947,1.3258999999834487,0.3446000000622007,0.0006000000212225132,0.12330000004112662,0.06220000000212167,0.09490000002188026,0.028400000019246363,0.033799999982875306,0.06900000039422594
test_consistent_random_observations__137,test_consistent_random_observations,PASS,solve_q1,observations,3,3,6,6,3.134599999839338,POLYGON,4,25.987897097450688,12.993948548725344,20.34574339427128,7.351794845545937,False,scipy_with_fraction_check,scipy_highs_with_fraction_check,,0.027399999908084283,2.179100000148537,0.29549999999289867,1.7439999999169231,0.6415000000288273,0.22449999983109592,0.0005000001692678779,0.0762999998187297,0.03460000016275444,0.06710000002385641,0.020899999981338624,0.02369999992879457,0.06209999992279336
test_consistent_random_observations__138,test_consistent_random_observations,PASS,solve_q1,observations,4,4,8,8,3.86819999994259,POLYGON,5,25.987897097450688,12.993948548725344,16.38629054678608,3.3923419980607346,False,scipy_with_fraction_check,scipy_highs_with_fraction_check,,0.02570000015111873,2.2318999999697553,0.35509999975147366,1.7259000001104141,1.245800000106101,0.29640000002473244,0.0005000001692678779,0.11580000000321888,0.03489999994599202,0.08639999987281044,0.024899999971239595,0.03270000001975859,0.0683999996908824
test_consistent_random_observations__139,test_consistent_random_observations,PASS,solve_q1,observations,3,3,6,6,3.245899999910762,POLYGON,5,18.55282554527517,9.276412772637585,11.040324174163743,1.7639114015261583,False,scipy_with_fraction_check,scipy_highs_with_fraction_check,,0.027999999929306796,2.144400000133828,0.2140999999937776,1.7897999998695013,0.6862000000182888,0.3259000000070955,0.0004999999418942025,0.130899999930989,0.03670000000965956,0.09619999991627992,0.028300000167291728,0.03199999991920777,0.061399999822242535
test_consistent_random_observations__140,test_consistent_random_observations,PASS,solve_q1,observations,4,4,8,8,7.326400000010835,POLYGON,6,17.7627306792776,8.8813653396388,10.735862738513486,1.8544973988746865,False,scipy_with_fraction_check,scipy_highs_with_fraction_check,,0.03979999996772676,3.5390999998980988,0.5292999999255699,2.765300000191928,2.6691000000482745,0.974499999983891,0.001199999815071351,0.3628000001754117,0.1730999999836058,0.27609999983724265,0.07060000007186318,0.08750000006330083,0.10390000011284428
test_consistent_random_observations__141,test_consistent_random_observations,PASS,solve_q1,observations,3,3,6,6,4.4304999998985295,POLYGON,5,19.302908920579394,9.651454460289697,9.686188153598927,0.03473369330922971,False,scipy_with_fraction_check,scipy_highs_with_fraction_check,,0.041099999862126424,2.9931999999917025,0.3417999998873711,2.4495999998634943,0.8774000000357773,0.42419999999765423,0.0006999998731771484,0.14940000005481124,0.09300000010625808,0.11180000001331791,0.03259999994043028,0.03500000002532033,0.094600000011269
test_consistent_random_observations__142,test_consistent_random_observations,PASS,solve_q1,observations,4,4,8,8,4.345899999862013,POLYGON,5,19.208580491575876,9.604290245787938,9.627962241979635,0.023671996191696465,False,scipy_with_fraction_check,scipy_highs_with_fraction_check,,0.029300000051080133,2.468500000077256,0.4168000000390748,1.8995000002632878,1.367699999946126,0.4051999999319378,0.0006000000212225132,0.13760000001639128,0.08660000003146706,0.10980000001836743,0.030200000082913903,0.03870000000461005,0.07519999985561299
test_consistent_random_observations__143,test_consistent_random_observations,PASS,solve_q1,observations,3,3,6,6,6.435900000042238,POLYGON,4,31.011424830055763,15.505712415027881,15.505712415027896,1.4210854715202004e-14,True,scipy_with_fraction_check,scipy_highs_with_fraction_check,,0.04910000006930204,3.8567000001421547,0.37500000030377123,3.2158999999865046,1.787000000149419,0.6390000000919827,0.001300000121773337,0.17179999986183248,0.1908000001549226,0.16439999990325305,0.04839999996875122,0.057700000070326496,0.10409999958937988
test_consistent_random_observations__144,test_consistent_random_observations,PASS,solve_q1,observations,4,4,8,8,6.198100000119666,POLYGON,5,28.681728902376182,14.340864451188091,14.340864451188095,3.552713678800501e-15,True,scipy_with_fraction_check,scipy_highs_with_fraction_check,,0.05400000009103678,3.6170999999285414,0.6106999999246909,2.778099999886763,1.817099999925631,0.5919999998695857,0.0006000000212225132,0.15459999985978357,0.11280000012448,0.23089999990588694,0.036500000078376615,0.05429999987427436,0.11790000030487136
test_consistent_random_observations__145,test_consistent_random_observations,PASS,solve_q1,observations,3,3,6,6,3.6281999998664105,POLYGON,5,26.891954524394816,13.445977262197408,14.377575624125836,0.9315983619284278,False,scipy_with_fraction_check,scipy_highs_with_fraction_check,,0.03609999998843705,2.5045999998383195,0.22600000011152588,2.105599999822516,0.6928000000243628,0.327900000002046,0.0004999999418942025,0.12650000007852213,0.060699999949065386,0.08589999993091624,0.025000000050567905,0.02769999991869554,0.06680000001324515
test_consistent_random_observations__146,test_consistent_random_observations,PASS,solve_q1,observations,4,4,8,8,5.511300000080155,POLYGON,5,18.626933282401094,9.313466641200547,10.161280450929183,0.8478138097286365,False,scipy_with_fraction_check,scipy_highs_with_fraction_check,,0.02870000002985762,3.8746999998693354,0.3887000000304397,3.3188999998401414,1.2355999999726919,0.29639999979735876,0.0004999999418942025,0.11650000010376971,0.03390000006220362,0.0861999999415275,0.02509999990252254,0.032600000167803955,0.07590000041091116
test_consistent_random_observations__147,test_consistent_random_observations,PASS,solve_q1,observations,3,3,6,6,3.201700000090568,POLYGON,5,16.28343874830061,8.141719374150306,10.020325876117752,1.8786065019674467,False,scipy_with_fraction_check,scipy_highs_with_fraction_check,,0.027999999929306796,2.074800000173127,0.22579999995286926,1.7136999999820546,0.6915999999819178,0.3455999999459891,0.0006999998731771484,0.12970000011591765,0.07340000001931912,0.08649999995213875,0.026400000024295878,0.027300000056129647,0.06170000006022747
test_consistent_random_observations__148,test_consistent_random_observations,PASS,solve_q1,observations,4,4,8,8,4.294999999956417,POLYGON,5,16.28343874830061,8.141719374150306,8.461997439298743,0.3202780651484378,False,scipy_with_fraction_check,scipy_highs_with_fraction_check,,0.03209999999853608,2.2410999999920023,0.3645000001597509,1.7278000000260363,1.3744000000315282,0.5781999998362153,0.0005000001692678779,0.1292999997986044,0.28659999998126295,0.0941000000693748,0.02859999995052931,0.037500000189538696,0.0692000000981352
test_consistent_random_observations__149,test_consistent_random_observations,PASS,solve_q1,observations,3,3,6,6,5.934799999977258,POLYGON,5,25.50987491365179,12.754937456825894,15.09940224474934,2.344464787923446,False,scipy_with_fraction_check,scipy_highs_with_fraction_check,,0.06720000010318472,4.006699999990815,1.1609999999109277,2.6746999999431864,1.4125000000149157,0.3490999999939959,0.0006000000212225132,0.13230000013209064,0.04839999996875122,0.09589999990566866,0.03720000017892744,0.032799999871713226,0.09929999987434712
test_consistent_random_observations__150,test_consistent_random_observations,PASS,solve_q1,observations,4,4,8,8,5.267599999797312,POLYGON,6,20.417231311133513,10.208615655566756,10.4551442336223,0.2465285780555444,False,scipy_with_fraction_check,scipy_highs_with_fraction_check,,0.04020000005766633,3.056499999956941,0.39809999975659593,2.4744999996073602,1.6163000000233296,0.474400000030073,0.0004999999418942025,0.1855000000432483,0.09030000001075678,0.11770000014621473,0.03499999979794666,0.04360000002634479,0.08019999972930236
test_consistent_random_observations__151,test_consistent_random_observations,PASS,solve_q1,observations,3,3,6,6,4.438300000174422,POLYGON,6,30.782561073253586,15.391280536626793,16.05585177680175,0.664571240174956,False,scipy_with_fraction_check,scipy_highs_with_fraction_check,,0.029300000051080133,3.1281999999919208,0.8206999998492392,2.1450000001550507,0.7463999997980864,0.4598000000441971,0.0005000001692678779,0.18009999985224567,0.09450000015931437,0.11519999998199637,0.033699999903546995,0.03400000014153193,0.07460000028913782
test_consistent_random_observations__152,test_consistent_random_observations,PASS,solve_q1,observations,4,4,8,8,4.594100000076651,POLYGON,6,30.395780286786067,15.197890143393034,15.19789014339304,7.105427357601002e-15,True,scipy_with_fraction_check,scipy_highs_with_fraction_check,,0.04009999997833802,2.5868999998692743,0.38949999998294516,2.0185000000765285,1.4005000000452128,0.487299999804236,0.0004999999418942025,0.18380000005890906,0.11139999992337835,0.11450000010881922,0.033799999982875306,0.04139999987273768,0.07930000037958962
test_consistent_random_observations__153,test_consistent_random_observations,PASS,solve_q1,observations,3,3,6,6,4.082700000026307,POLYGON,6,16.22981576796982,8.11490788398491,8.11490788398491,0.0,True,scipy_with_fraction_check,scipy_highs_with_fraction_check,,0.03399999991415825,2.7595999999903142,0.32559999999648426,2.2625999999945634,0.7502999999360327,0.47160000008261704,0.0006000000212225132,0.181399999974019,0.10740000016085105,0.11389999986022303,0.032500000088475645,0.03420000007281487,0.06720000010318472
test_consistent_random_observations__154,test_consistent_random_observations,PASS,solve_q1,observations,4,4,8,8,4.589099999975588,POLYGON,7,15.66922215318764,7.83461107659382,8.24205703687934,0.4074459602855196,False,scipy_with_fraction_check,scipy_highs_with_fraction_check,,0.038599999925281736,2.4648000000979664,0.3678000000491011,1.9362000000455737,1.4988999998877262,0.49919999992198427,0.0004999999418942025,0.23970000006556802,0.0416000000313943,0.1325000000633736,0.036399999999048305,0.04709999984697788,0.08760000014262914
test_consistent_random_observations__155,test_consistent_random_observations,PASS,solve_q1,observations,3,3,6,6,3.1716999999389373,POLYGON,3,14.531833146560603,7.265916573280301,10.978508424883996,3.712591851603695,False,scipy_with_fraction_check,scipy_highs_with_fraction_check,,0.03510000010464864,2.226199999995515,0.23709999982202135,1.8402000000605767,0.6467000000611733,0.19500000007610652,0.0004999999418942025,0.04979999994247919,0.05670000018653809,0.049099999841928366,0.018000000181928044,0.019699999938893598,0.06869999970149365
test_consistent_random_observations__156,test_consistent_random_observations,PASS,solve_q1,observations,4,4,8,8,3.841099999817743,POLYGON,3,5.042656613974294,2.521328306987147,3.9314127551999016,1.4100844482127548,False,scipy_with_fraction_check,scipy_highs_with_fraction_check,,0.026300000172341242,2.3525000001427543,0.3854999997656705,1.8150000003060995,1.2014999999792053,0.19240000005993352,0.0005000001692678779,0.04969999986315088,0.04830000011679658,0.04969999986315088,0.01820000011321099,0.02470000003995665,0.06839999946350872
test_consistent_random_observations__157,test_consistent_random_observations,PASS,solve_q1,observations,3,3,6,6,3.3419000001231325,POLYGON,5,24.743918081324423,12.371959040662212,12.371959040662224,1.2434497875801753e-14,True,scipy_with_fraction_check,scipy_highs_with_fraction_check,,0.027300000056129647,2.178299999968658,0.20810000000892614,1.83120000042436,0.7242000001497217,0.35509999997884734,0.0006000000212225132,0.12709999987237097,0.08769999999458378,0.0863000000208558,0.024600000188002014,0.02759999983936723,0.05699999996977567
test_consistent_random_observations__158,test_consistent_random_observations,PASS,solve_q1,observations,4,4,8,8,3.8234999999531283,POLYGON,3,12.660570437339388,6.330285218669694,9.296109837786624,2.9658246191169297,False,scipy_with_fraction_check,scipy_highs_with_fraction_check,,0.026599999955578824,2.3139999998420535,0.3632000000379776,1.7815999999584164,1.2292999999772292,0.18579999982648587,0.0006000000212225132,0.04780000017490238,0.045999999883861165,0.048699999979362474,0.01799999995455437,0.023400000145556987,0.06780000035178091
test_consistent_random_observations__159,test_consistent_random_observations,PASS,solve_q1,observations,3,3,6,6,3.1476999999995314,POLYGON,5,23.86658576788942,11.93329288394471,15.065429420008051,3.132136536063342,False,scipy_with_fraction_check,scipy_highs_with_fraction_check,,0.026499999876250513,2.071900000146343,0.21209999999882712,1.7233999999461957,0.6584999998722196,0.32980000014504185,0.0004999999418942025,0.11610000001383014,0.07270000014614197,0.08699999989403295,0.02480000011928496,0.027399999908084283,0.06099999995967664
test_consistent_random_observations__160,test_consistent_random_observations,PASS,solve_q1,observations,4,4,8,8,4.157300000088071,POLYGON,5,23.86658576788942,11.93329288394471,15.065429420008051,3.132136536063342,False,scipy_with_fraction_check,scipy_highs_with_fraction_check,,0.03360000005159236,2.4272999999084277,0.3987000000051921,1.871799999889845,1.2733999999454682,0.3455999999459891,0.0004999999418942025,0.12080000010428193,0.07370000002993038,0.09090000003197929,0.02519999998185085,0.03319999996165279,0.07740000023659377
test_consistent_random_observations__161,test_consistent_random_observations,PASS,solve_q1,observations,3,3,6,6,3.6926000000221393,POLYGON,4,25.581473800958232,12.790736900479116,15.957837228437715,3.1671003279585985,False,scipy_with_fraction_check,scipy_highs_with_fraction_check,,0.02519999998185085,2.6279999999587744,0.22960000023886096,2.1474999998645217,0.7046000000627828,0.2770000000964501,0.0006000000212225132,0.08699999989403295,0.06460000008701172,0.07329999993999081,0.024400000029345392,0.025699999923745054,0.05779999992228113
test_consistent_random_observations__162,test_consistent_random_observations,PASS,solve_q1,observations,4,4,8,8,4.413999999997031,POLYGON,6,22.870502577644604,11.435251288822302,13.114006339519833,1.6787550506975304,False,scipy_with_fraction_check,scipy_highs_with_fraction_check,,0.03799999990405922,2.4914000000535452,0.3891999999723339,1.9379999998818676,1.354300000002695,0.4529999998794665,0.0005999997938488377,0.18370000020695443,0.07899999991423101,0.11629999994511309,0.03209999999853608,0.039600000036443816,0.07730000015726546
test_consistent_random_observations__163,test_consistent_random_observations,PASS,solve_q1,observations,3,3,6,6,3.5060000000157743,POLYGON,6,28.44783122999307,14.223915614996535,14.223915614996557,2.1316282072803006e-14,True,scipy_with_fraction_check,scipy_highs_with_fraction_check,,0.02800000015668047,2.2175999999944906,0.2248999999210355,1.8436000000292552,0.735999999960768,0.4618999998911022,0.0006000000212225132,0.1778000000740576,0.10419999989608186,0.11280000012448,0.03079999987676274,0.03399999991415825,0.06250000001273293
test_consistent_random_observations__164,test_consistent_random_observations,PASS,solve_q1,observations,4,4,8,8,4.364800000075775,POLYGON,6,16.049549728366415,8.024774864183208,8.395012830816738,0.37023796663353004,False,scipy_with_fraction_check,scipy_highs_with_fraction_check,,0.03259999994043028,2.4218999999447988,0.39480000009461946,1.8650000001798617,1.3732999998410378,0.46120000001792505,0.0004999999418942025,0.18010000007961935,0.09419999992132944,0.11190000009264622,0.031600000056641875,0.04139999987273768,0.07580000033158285
test_consistent_random_observations__165,test_consistent_random_observations,PASS,solve_q1,observations,3,3,6,6,3.5920999998779735,POLYGON,6,23.772736553421012,11.886368276710506,11.886368276710506,0.0,True,scipy_with_fraction_check,scipy_highs_with_fraction_check,,0.02700000004551839,2.1962999999232125,0.22750000016458216,1.8254999999953725,0.7422000001042761,0.5641000000196073,0.0006000000212225132,0.18460000001141452,0.1522000000022672,0.152900000102818,0.036299999919719994,0.03609999998843705,0.06249999978535925
test_consistent_random_observations__166,test_consistent_random_observations,PASS,solve_q1,observations,4,4,8,8,4.465799999934461,POLYGON,6,23.772736553421012,11.886368276710506,11.886368276710506,0.0,True,scipy_with_fraction_check,scipy_highs_with_fraction_check,,0.03429999992476951,2.4870999998256593,0.40149999995264807,1.9265999999333872,1.3858999998319632,0.4830999998830521,0.0007999999525054591,0.1855000000432483,0.10939999992842786,0.11250000011386874,0.03319999996165279,0.04020000005766633,0.07540000046901696
test_consistent_random_observations__167,test_consistent_random_observations,PASS,solve_q1,observations,3,3,6,6,3.3074000000397064,POLYGON,4,25.613012744259628,12.806506372129814,12.80650637212984,2.6645352591003757e-14,True,scipy_with_fraction_check,scipy_highs_with_fraction_check,,0.03319999996165279,2.2230000001854933,0.22989999979472486,1.8474999997124542,0.7015000001047156,0.2854000001661916,0.0006000000212225132,0.08449999995718827,0.07670000013604295,0.07340000001931912,0.022999999828243745,0.025499999992462108,0.06429999962165311
test_consistent_random_observations__168,test_consistent_random_observations,PASS,solve_q1,observations,4,4,8,8,4.419099999950049,POLYGON,4,19.09083938013213,9.545419690066065,9.545419690066074,8.881784197001252e-15,True,scipy_with_fraction_check,scipy_highs_with_fraction_check,,0.03420000007281487,2.566999999999098,0.3956000000471249,2.0064000000274973,1.3974000000871456,0.3441000001203065,0.0006000000212225132,0.0863000000208558,0.08869999987837218,0.09470000009059731,0.030800000104136416,0.04099999978279811,0.07639999967068434
test_consistent_random_observations__169,test_consistent_random_observations,PASS,solve_q1,observations,3,3,6,6,3.3808000000590255,POLYGON,5,21.0435559471971,10.52177797359855,12.701437817551831,2.1796598439532815,False,scipy_with_fraction_check,scipy_highs_with_fraction_check,,0.027600000066740904,2.2057999999560707,0.22390000003724708,1.835300000038842,0.7201000000804925,0.36439999985304894,0.0006000000212225132,0.13130000002092856,0.07649999997738632,0.09599999998499698,0.028899999961140566,0.02960000006169139,0.0629000001026725
test_consistent_random_observations__170,test_consistent_random_observations,PASS,solve_q1,observations,4,4,8,8,4.985499999975218,POLYGON,7,21.0435559471971,10.52177797359855,12.701437817551831,2.1796598439532815,False,scipy_with_fraction_check,scipy_highs_with_fraction_check,,0.033799999982875306,2.719399999932648,0.39939999987836927,2.134000000069136,1.5510000000631408,0.5697999999938475,0.0006000000212225132,0.24880000000848668,0.09590000013304234,0.13579999995272374,0.03969999988839845,0.047200000153679866,0.11150000000270666
test_consistent_random_observations__171,test_consistent_random_observations,PASS,solve_q1,observations,3,3,6,6,3.6370000000260916,POLYGON,6,21.91320695917051,10.956603479585254,10.956603479585269,1.4210854715202004e-14,True,scipy_with_fraction_check,scipy_highs_with_fraction_check,,0.0323000001571927,2.3108999998839863,0.22580000018024293,1.9340000001193403,0.7479000000785163,0.4837999999836029,0.0007000001005508238,0.18419999992147496,0.11190000009264622,0.11580000000321888,0.03409999999348656,0.03519999995660328,0.06209999992279336
test_consistent_random_observations__172,test_consistent_random_observations,PASS,solve_q1,observations,4,4,8,8,4.476699999941047,POLYGON,6,19.904144780448533,9.952072390224266,10.085069966022342,0.13299757579807547,False,scipy_with_fraction_check,scipy_highs_with_fraction_check,,0.03889999993589299,2.4839000000156375,0.3995999998096522,1.9250000000283762,1.4072999999825697,0.46589999988100317,0.0006000000212225132,0.17949999983102316,0.0936000001274806,0.11670000003505265,0.03329999981360743,0.0406000001476059,0.08070000012594392
test_consistent_random_observations__173,test_consistent_random_observations,PASS,solve_q1,observations,3,3,6,6,3.502900000057707,POLYGON,6,31.75158382503002,15.87579191251501,15.87579191251502,8.881784197001252e-15,True,scipy_with_fraction_check,scipy_highs_with_fraction_check,,0.02790000007735216,2.1912000001975684,0.23529999998572748,1.8076000001201464,0.7452999998349696,0.4759999999350839,0.0004999999418942025,0.18430000000080327,0.10759999986476032,0.11490000019875879,0.032699999792384915,0.03450000008342613,0.06250000001273293
test_consistent_random_observations__174,test_consistent_random_observations,PASS,solve_q1,observations,4,4,8,8,4.54530000001796,POLYGON,5,13.46589902881116,6.73294951440558,8.071725394475942,1.3387758800703624,False,scipy_with_fraction_check,scipy_highs_with_fraction_check,,0.03969999988839845,2.7537999999367457,0.3902999999354506,2.1861999998691317,1.3340999998945335,0.33700000017233833,0.0007999999525054591,0.13080000007903436,0.04399999988891068,0.09290000002692977,0.029300000051080133,0.03749999996216502,0.08070000012594392
test_consistent_random_observations__175,test_consistent_random_observations,PASS,solve_q1,observations,3,3,6,6,3.8752000000386033,POLYGON,6,18.47240467265363,9.236202336326816,11.643535223063191,2.4073328867363752,False,scipy_with_fraction_check,scipy_highs_with_fraction_check,,0.040199999830292654,2.6014000000031956,0.23239999995894323,2.205199999934848,0.7514999999784777,0.41329999999106803,0.0006000000212225132,0.1833999999689695,0.04330000001573353,0.11510000013004174,0.03409999999348656,0.03500000002532033,0.06880000023556931
test_consistent_random_observations__176,test_consistent_random_observations,PASS,solve_q1,observations,4,4,8,8,4.515400000173031,POLYGON,6,17.86918476743969,8.934592383719846,10.94162996469077,2.007037580970925,False,scipy_with_fraction_check,scipy_highs_with_fraction_check,,0.04379999995762773,2.5450000000546424,0.40029999991020304,1.981400000204303,1.4234999998734565,0.4208000000289758,0.0005999997938488377,0.1851000001806824,0.041300000020783045,0.11489999997138511,0.03489999994599202,0.04229999990457145,0.08230000025832851
test_consistent_random_observations__177,test_consistent_random_observations,PASS,solve_q1,observations,3,3,6,6,3.548200000068391,POLYGON,5,18.167080593364368,9.083540296682184,9.27266433895939,0.18912404227720536,False,scipy_with_fraction_check,scipy_highs_with_fraction_check,,0.03420000007281487,2.260599999999613,0.2157000001261622,1.8980999996074388,0.7841999999982363,0.40409999996882107,0.0007000001005508238,0.13049999984104943,0.08930000012696837,0.12109999988751952,0.029000000040468876,0.03179999998792482,0.06510000002890592
test_consistent_random_observations__178,test_consistent_random_observations,PASS,solve_q1,observations,4,4,8,8,4.28490000012971,POLYGON,5,18.167080593364368,9.083540296682184,9.27266433895939,0.18912404227720536,False,scipy_with_fraction_check,scipy_highs_with_fraction_check,,0.03089999995609105,2.42219999995541,0.3807999999025924,1.8813000001500768,1.328099999909682,0.41080000005422335,0.0007000001005508238,0.12799999990420474,0.07770000001983135,0.09569999997438572,0.027600000066740904,0.0783999998930085,0.09290000025430345
test_consistent_random_observations__179,test_consistent_random_observations,PASS,solve_q1,observations,3,3,6,6,3.662600000097882,POLYGON,6,26.421712805055996,13.210856402527998,17.77190923039144,4.561052827863442,False,scipy_with_fraction_check,scipy_highs_with_fraction_check,,0.029900000072302646,2.31420000000071,0.22730000000592554,1.9374999997125997,0.7651000000805652,0.4888999999366206,0.0006000000212225132,0.1922999999806052,0.10090000000673172,0.12249999986124749,0.03579999997782579,0.03530000003593159,0.06450000000768341
test_consistent_random_observations__180,test_consistent_random_observations,PASS,solve_q1,observations,4,4,8,8,4.625300000043353,POLYGON,7,25.04011372687751,12.520056863438755,16.94851541681587,4.428458553377114,False,scipy_with_fraction_check,scipy_highs_with_fraction_check,,0.03790000005210459,2.568699999983437,0.4073999998581712,1.9967999999153108,1.425600000175109,0.5142999998497544,0.0006000000212225132,0.24840000014592079,0.04369999987829942,0.1351000000795466,0.038499999845953425,0.04660000013245735,0.07879999998294807
test_consistent_random_observations__181,test_consistent_random_observations,PASS,solve_q1,observations,3,3,6,6,3.5835999999562773,POLYGON,6,22.049994419460035,11.024997209730017,14.442755728578629,3.4177585188486113,False,scipy_with_fraction_check,scipy_highs_with_fraction_check,,0.03770000012082164,2.29910000007294,0.22930000000087603,1.9207999998798186,0.7319999999708671,0.44879999995828257,0.0006000000212225132,0.181399999974019,0.09020000015880214,0.10939999992842786,0.03270000001975859,0.032899999951041536,0.06599999983336602
test_consistent_random_observations__182,test_consistent_random_observations,PASS,solve_q1,observations,4,4,8,8,4.223700000011377,POLYGON,4,18.841193792468655,9.420596896234327,13.794048885883573,4.373451989649245,False,scipy_with_fraction_check,scipy_highs_with_fraction_check,,0.03229999992981902,2.463499999976193,0.3946000001633365,1.9062000001213164,1.3409000000592641,0.31110000008993666,0.000999999883788405,0.08730000013201789,0.08299999990413198,0.07649999997738632,0.02610000001368462,0.03500000002532033,0.07589999995616381
test_consistent_random_observations__183,test_consistent_random_observations,PASS,solve_q1,observations,3,3,6,6,3.2738999998400686,POLYGON,4,17.593011423252317,8.796505711626159,12.017280709809127,3.220774998182968,False,scipy_with_fraction_check,scipy_highs_with_fraction_check,,0.03479999986666371,2.1955999998226616,0.22680000006403134,1.826499999879161,0.709099999994578,0.26890000003731984,0.0006000000212225132,0.094600000011269,0.03970000011577213,0.0762999998187297,0.029500000209736754,0.026599999955578824,0.06550000011884549
test_consistent_random_observations__184,test_consistent_random_observations,PASS,solve_q1,observations,4,4,8,8,4.339200000003984,POLYGON,5,17.593011423252317,8.796505711626159,11.586180163874873,2.7896744522487147,False,scipy_with_fraction_check,scipy_highs_with_fraction_check,,0.034700000014709076,2.5454999999965366,0.39579999997840787,1.98429999977634,1.3533999999708612,0.32670000018697465,0.0005999997938488377,0.13030000013714016,0.03799999990405922,0.09309999995821272,0.026900000193563756,0.03619999984039168,0.0788999998349027
test_consistent_random_observations__185,test_consistent_random_observations,PASS,solve_q1,observations,3,3,6,6,3.497899999956644,POLYGON,6,29.58859029290227,14.794295146451136,15.666215679622413,0.8719205331712772,False,scipy_with_fraction_check,scipy_highs_with_fraction_check,,0.03670000000965956,2.267300000085015,0.23190000001704902,1.8885000001773733,0.7186999998793908,0.40930000000116706,0.0005000001692678779,0.17209999987244373,0.06359999997584964,0.1085999999759224,0.03060000017285347,0.03259999994043028,0.06589999998141138
test_consistent_random_observations__186,test_consistent_random_observations,PASS,solve_q1,observations,4,4,8,8,4.586499999959415,POLYGON,6,26.447954010706965,13.223977005353483,15.708333124572306,2.4843561192188233,False,scipy_with_fraction_check,scipy_highs_with_fraction_check,,0.031199999966702308,2.6501999998345127,0.4533000001174514,2.028800000289266,1.3593999999557127,0.46689999999216525,0.0007000001005508238,0.18209999984719616,0.09550000004310277,0.11360000007698545,0.03249999986110197,0.04069999999956053,0.07880000021032174
test_consistent_random_observations__187,test_consistent_random_observations,PASS,solve_q1,observations,3,3,6,6,3.492499999993015,POLYGON,4,27.2693152558022,13.6346576279011,20.206083190552533,6.571425562651433,False,scipy_with_fraction_check,scipy_highs_with_fraction_check,,0.031100000114747672,2.222399999936897,0.22850000004837057,1.8480999997336767,0.8003999998891231,0.3760999998121406,0.0006000000212225132,0.08870000010574586,0.12739999988298223,0.10150000002795423,0.02790000007735216,0.028200000087963417,0.0625000002401066
test_consistent_random_observations__188,test_consistent_random_observations,PASS,solve_q1,observations,4,4,8,8,7.71759999997812,POLYGON,5,25.360129063609357,12.680064531804678,12.68006453180473,5.1514348342607263e-14,True,scipy_with_fraction_check,scipy_highs_with_fraction_check,,0.032899999951041536,4.818500000055792,0.44790000038119615,4.053999999996449,2.320100000133607,0.4647000000659318,0.0006999998731771484,0.1346000001376524,0.11309999990771757,0.12600000013662793,0.03930000002583256,0.04839999996875122,0.08139999977174739
test_consistent_random_observations__189,test_consistent_random_observations,PASS,solve_q1,observations,3,3,6,6,3.707099999928687,POLYGON,6,32.095407317363275,16.047703658681638,16.04770365868164,3.552713678800501e-15,True,scipy_with_fraction_check,scipy_highs_with_fraction_check,,0.034599999935380765,2.379300000029616,0.22699999999531428,1.9912000000203989,0.7473000000572938,0.47840000001997396,0.0006000000212225132,0.18320000003768655,0.10980000001836743,0.1147999998920568,0.03390000006220362,0.03429999992476951,0.0674999998864223
test_consistent_random_observations__190,test_consistent_random_observations,PASS,solve_q1,observations,4,4,8,8,4.623300000048403,POLYGON,7,32.095407317363275,16.047703658681638,16.04770365868164,3.552713678800501e-15,True,scipy_with_fraction_check,scipy_highs_with_fraction_check,,0.03530000003593159,2.488999999968655,0.3895999998348998,1.9363999999768566,1.4217000000371627,0.599899999997433,0.0007999999525054591,0.24699999994481914,0.1294000001053064,0.13439999997899577,0.037400000110210385,0.04879999983131711,0.0774000000092201
test_consistent_random_observations__191,test_consistent_random_observations,PASS,solve_q1,observations,3,3,6,6,3.4929999999349093,POLYGON,4,18.55843083331396,9.27921541665698,11.240326457713197,1.961111041056217,False,scipy_with_fraction_check,scipy_highs_with_fraction_check,,0.035600000046542846,2.279699999917284,0.22739999985788018,1.904000000195083,0.7954999998673884,0.3154999999424035,0.0006000000212225132,0.08789999992586672,0.07970000001478184,0.09290000002692977,0.024699999812582973,0.02790000007735216,0.06670000016129052
test_consistent_random_observations__192,test_consistent_random_observations,PASS,solve_q1,observations,4,4,8,8,4.262899999957881,POLYGON,4,16.359992017934047,8.179996008967024,9.527935892170273,1.3479398832032494,False,scipy_with_fraction_check,scipy_highs_with_fraction_check,,0.04170000011072261,2.526699999862103,0.3917999999885069,1.969600000165883,1.3303000000632892,0.28239999983270536,0.0006999998731771484,0.08730000013201789,0.053700000080425525,0.0830999999834603,0.024899999971239595,0.031099999887373997,0.08180000008906063
test_consistent_random_observations__193,test_consistent_random_observations,PASS,solve_q1,observations,3,3,6,6,3.6066000000118947,POLYGON,5,30.5646618518437,15.28233092592185,21.700051717882033,6.417720791960184,False,scipy_with_fraction_check,scipy_highs_with_fraction_check,,0.04089999993084348,2.3953000002165936,0.233299999990777,2.0098999998481304,0.7279999999809661,0.37350000002334127,0.0006000000212225132,0.12649999985114846,0.09320000003754103,0.0936000001274806,0.027499999987412593,0.03040000001419685,0.06889999986015027
test_consistent_random_observations__194,test_consistent_random_observations,PASS,solve_q1,observations,4,4,8,8,5.042100000082428,POLYGON,5,29.926100232289183,14.963050116144592,14.963050116144617,2.4868995751603507e-14,True,scipy_with_fraction_check,scipy_highs_with_fraction_check,,0.0416000000313943,2.911000000040076,0.40039999998953135,2.29429999990316,1.5650999998797488,0.44129999992037483,0.0007999999525054591,0.13629999989461794,0.11280000012448,0.11700000004566391,0.03129999981865694,0.040500000068277586,0.08310000021083397
test_consistent_random_observations__195,test_consistent_random_observations,PASS,solve_q1,observations,3,3,6,6,3.4287000000858825,POLYGON,3,23.61149311599478,11.80574655799739,16.787054456328583,4.981307898331194,False,scipy_with_fraction_check,scipy_highs_with_fraction_check,,0.07249999998748535,2.366299999948751,0.22979999994277023,1.9785999998020998,0.6977000000460976,0.22260000014284742,0.0012000000424450263,0.053999999863663106,0.06660000008196221,0.05409999994299142,0.020799999902010313,0.02300000005561742,0.0695999999607011
test_consistent_random_observations__196,test_consistent_random_observations,PASS,solve_q1,observations,4,4,8,8,4.320699999880162,POLYGON,3,23.61149311599478,11.80574655799739,16.787054456328583,4.981307898331194,False,scipy_with_fraction_check,scipy_highs_with_fraction_check,,0.04500000000007276,2.6792000001023553,0.39270000024771434,2.113900000040303,1.2896999999156833,0.2246000001377979,0.0008999998044600943,0.054700000191587606,0.06849999999758438,0.05279999982121808,0.020500000118772732,0.025300000061179162,0.08219999972425285
test_consistent_random_observations__197,test_consistent_random_observations,PASS,solve_q1,observations,3,3,6,6,3.5759000002144603,POLYGON,6,20.200666669200956,10.100333334600478,14.483456133250828,4.38312279865035,False,scipy_with_fraction_check,scipy_highs_with_fraction_check,,0.03710000009959913,2.272899999979927,0.22929999977350235,1.8954000001940585,0.7440000001679437,0.4546000000118511,0.0007000001005508238,0.17939999997906853,0.09430000000065775,0.11300000005576294,0.03169999990859651,0.03349999997226405,0.06729999995513936
test_consistent_random_observations__198,test_consistent_random_observations,PASS,solve_q1,observations,4,4,8,8,4.8074999999698775,POLYGON,7,20.200666669200956,10.100333334600478,14.406400681457223,4.306067346856745,False,scipy_with_fraction_check,scipy_highs_with_fraction_check,,0.02960000006169139,2.461999999923137,0.4120000000966684,1.886699999886332,1.4563000001999171,0.7805000000189466,0.0007999999525054591,0.2448000000185857,0.19100000008620555,0.1734999998461717,0.07360000017797574,0.09409999984200113,0.07909999976618565
test_consistent_random_observations__199,test_consistent_random_observations,PASS,solve_q1,observations,3,3,6,6,3.6689000000933447,POLYGON,6,34.018791863941445,17.009395931970722,17.009395931970726,3.552713678800501e-15,True,scipy_with_fraction_check,scipy_highs_with_fraction_check,,0.03480000009403739,2.327799999875424,0.2328000000488828,1.9466999999622203,0.7531000001108623,0.48470000001543667,0.0007999999525054591,0.18470000009074283,0.110200000108307,0.11659999995572434,0.03489999994599202,0.03579999997782579,0.06849999999758438
test_consistent_random_observations__200,test_consistent_random_observations,PASS,solve_q1,observations,4,4,8,8,4.2685000000801665,POLYGON,5,24.934925538381624,12.467462769190812,13.727563865361734,1.2601010961709225,False,scipy_with_fraction_check,scipy_highs_with_fraction_check,,0.03990000004705507,2.4854999999206484,0.39570000012645323,1.92349999997532,1.3329000000794622,0.33069999994950194,0.0006000000212225132,0.13130000002092856,0.03870000000461005,0.09359999990010692,0.029199999971751822,0.03579999997782579,0.07950000008349889
test_constant_constraints__001,test_constant_constraints,PASS,solve_halfplanes,halfplanes,,,1,,0.3424999999879219,EMPTY,0,,,,,,scipy_with_fraction_check,not_run_or_early_return,0.3106999999999971,,,,,,,,,,,,,0.03179999998792482
test_constant_constraints__002,test_constant_constraints,PASS,solve_halfplanes,halfplanes,,,1,,0.3483000000414904,UNBOUNDED,0,Infinity,,,,,scipy_with_fraction_check,not_run_or_early_return,0.31719999992674275,,,,,,,,,,,,,0.031100000114747672
test_contradictory_parallel_constraints__001,test_contradictory_parallel_constraints,PASS,solve_halfplanes,halfplanes,,,2,2,0.7378000000244356,EMPTY,0,,,,,,scipy_with_fraction_check,scipy_highs_with_fraction_check,0.3044000000045344,,0.37919999999758147,0.023999999939405825,0.3446000000622007,,,,,,,,,0.05420000002231973
test_document_three_observations__001,test_document_three_observations,PASS,solve_q1,observations,3,3,6,6,3.5359999999400316,POLYGON,6,32.25187208460611,16.125936042303056,16.370309230688353,0.2443731883852962,False,scipy_with_fraction_check,scipy_highs_with_fraction_check,,0.03100000003541936,2.2430999999869528,0.21379999998316634,1.8808999998327636,0.7433999999193475,0.45269999986885523,0.0006999998731771484,0.18280000017512066,0.08009999987734773,0.11150000000270666,0.04100000001017179,0.034700000014709076,0.06580000012945675
test_document_two_observations__001,test_document_two_observations,PASS,solve_q1,observations,2,2,4,4,3.1902000000627595,POLYGON,4,39.50834065898743,19.754170329493714,19.754170329493714,0.0,True,scipy_with_fraction_check,scipy_highs_with_fraction_check,,0.03360000005159236,2.5109999999131105,0.08849999994708924,2.284500000087064,0.29749999998784915,0.29529999983424204,0.0006000000212225132,0.08640000010018412,0.08170000000973232,0.07799999980306893,0.025499999992462108,0.021000000060666935,0.05280000027596543
test_duplicate_and_permutation__001,test_duplicate_and_permutation,PASS,solve_q1,observations,2,2,4,4,2.721099999916987,POLYGON,4,39.50834065898743,19.754170329493714,19.754170329493714,0.0,True,scipy_with_fraction_check,scipy_highs_with_fraction_check,,0.032899999951041536,2.0692000000508415,0.08720000005268957,1.848300000119707,0.29500000005100446,0.2703000000110478,0.0006000000212225132,0.07899999991423101,0.07449999998243584,0.07120000009308569,0.02300000005561742,0.02029999996011611,0.05369999985305185
test_duplicate_and_permutation__002,test_duplicate_and_permutation,PASS,solve_q1,observations,4,2,8,4,2.5921999999809486,POLYGON,4,39.50834065898743,19.754170329493714,19.754170329493714,0.0,True,scipy_with_fraction_check,scipy_highs_with_fraction_check,,0.03089999995609105,1.9506000001001667,0.08299999990413198,1.737599999842132,0.27930000010201184,0.274799999942843,0.0005000001692678779,0.08059999981924193,0.07550000009359792,0.07379999988188501,0.022700000045006163,0.02029999996011611,0.056599999879836105
test_empty_observation_intersection__001,test_empty_observation_intersection,PASS,solve_q1,observations,2,2,4,4,0.45179999983702146,EMPTY,0,,,,,,scipy_with_fraction_check,scipy_highs_with_fraction_check,,0.02560000007179042,0.3796999999394757,0.09999999997489795,0.2698000000691536,,,,,,,,,0.04649999982575537
test_invalid_inputs__001,test_invalid_inputs,PASS,solve_q1,observations,0,0,,,0.009200000022246968,EXCEPTION,,,,,,,scipy_with_fraction_check,,,0.006200000143508078,,,,,,,,,,,,0.0029999998787388904
test_invalid_inputs__002,test_invalid_inputs,PASS,solve_q1,observations,1,1,,,0.010700000075303251,EXCEPTION,,,,,,,scipy_with_fraction_check,,,0.008200000138458563,,,,,,,,,,,,0.002499999936844688
test_invalid_inputs__003,test_invalid_inputs,PASS,solve_q1,observations,1,1,,,0.020799999902010313,EXCEPTION,,,,,,,scipy_with_fraction_check,,,0.018199999885837315,,,,,,,,,,,,0.0026000000161729986
test_invalid_inputs__004,test_invalid_inputs,PASS,solve_q1,observations,1,1,,,0.01889999998638814,EXCEPTION,,,,,,,scipy_with_fraction_check,,,0.01640000004954345,,,,,,,,,,,,0.002499999936844688
test_invalid_inputs__005,test_invalid_inputs,PASS,solve_q1,observations,1,1,,,0.3139000000373926,EXCEPTION,,,,,,,scipy_with_fraction_check,,0.29599999993479287,,,,,,,,,,,,,0.017900000102599734
test_invalid_inputs__006,test_invalid_inputs,PASS,solve_q1,observations,1,1,,,0.3114000001005479,EXCEPTION,,,,,,,scipy_with_fraction_check,,0.29419999987112533,,,,,,,,,,,,,0.017200000229422585
test_invalid_inputs__007,test_invalid_inputs,PASS,solve_q1,observations,1,1,,,0.29159999985495233,EXCEPTION,,,,,,,scipy_with_fraction_check,,0.27530000011211087,,,,,,,,,,,,,0.016299999742841464
test_invalid_inputs__008,test_invalid_inputs,PASS,solve_q1,observations,1,1,,,0.3097999999681633,EXCEPTION,,,,,,,scipy_with_fraction_check,,0.2962999999454041,,,,,,,,,,,,,0.013500000022759195
test_invalid_inputs__009,test_invalid_inputs,PASS,solve_q1,observations,1,1,,,0.34469999991415534,EXCEPTION,,,,,,,scipy_with_fraction_check,,0.31209999997372506,,,,,,,,,,,,,0.03259999994043028
test_lp_numerical_failure_not_unbounded__001,test_lp_numerical_failure_not_unbounded,PASS,solve_q1,observations,2,2,4,4,0.22480000006908085,NUMERICAL_ISSUE,0,,,,,,mocked_linprog,scipy_highs_with_fraction_check,,0.03579999997782579,0.12369999990369251,0.09040000009008509,0.024400000029345392,,,,,,,,,0.06530000018756255
test_lp_uses_free_variables__001,test_lp_uses_free_variables,PASS,solve_q1,observations,1,1,2,2,0.11970000014116522,UNBOUNDED,0,Infinity,,,,,mocked_linprog,scipy_highs_with_fraction_check,,0.027999999929306796,0.05320000013853132,0.023299999838855,0.020799999902010313,,,,,,,,,0.0385000000733271
test_near_parallel_not_discarded__001,test_near_parallel_not_discarded,PASS,solve_halfplanes,halfplanes,,,3,3,1.4411000001928187,POLYGON,3,1000000000000.0,500000000000.0,500000000000.0,0.0,True,fraction_only,fraction_fourier_motzkin,0.33389999998689746,,0.03919999994650425,0.03460000016275444,,0.8121999999275431,0.19139999994877144,0.0006000000212225132,0.038599999925281736,0.06209999992279336,0.04660000013245735,0.019899999870176543,0.02199999994445534,0.06440000038310245
test_negative_coordinate_square__001,test_negative_coordinate_square,PASS,solve_halfplanes,halfplanes,,,4,4,2.659300000004805,POLYGON,4,2.8284271247461903,1.4142135623730951,1.4142135623730951,0.0,True,scipy_with_fraction_check,scipy_highs_with_fraction_check,0.2900000001773151,,1.9803000000138127,0.03209999999853608,1.820899999984249,0.15250000001287844,0.1772000000528351,0.0006000000212225132,0.05199999986871262,0.04780000017490238,0.03909999986717594,0.017000000070765964,0.019300000076327706,0.05929999974796374
test_point_and_segment_direct_constraints__001,test_point_and_segment_direct_constraints,PASS,solve_halfplanes,halfplanes,,,4,4,2.3602999999638996,POINT,1,0.0,0.0,0.0,0.0,True,scipy_with_fraction_check,scipy_highs_with_fraction_check,0.28770000017175335,,1.8771000000015192,0.0320999997711624,1.7243000002054032,0.13330000001587905,0.0035000000480067683,0.0018999999156221747,,,,,,0.058699999726741225
test_point_and_segment_direct_constraints__002,test_point_and_segment_direct_constraints,PASS,solve_halfplanes,halfplanes,,,4,4,2.3665999999593623,SEGMENT,2,2.0,1.0,1.0,0.0,True,scipy_with_fraction_check,scipy_highs_with_fraction_check,0.30290000017885177,,1.7933000001448818,0.03289999972366786,1.63709999992534,0.13059999992037774,0.08170000000973232,0.0006000000212225132,0.017800000023271423,0.029900000072302646,0.01889999998638814,0.0007999999525054591,0.01250000013897079,0.05809999970551871
test_single_observation_unbounded__001,test_single_observation_unbounded,PASS,solve_q1,observations,1,1,2,2,1.8029000000296946,UNBOUNDED,0,Infinity,,,,,scipy_with_fraction_check,scipy_highs_with_fraction_check,,0.022800000124334474,1.7461999998431565,0.027800000225397525,1.6564000000016676,,,,,,,,,0.03390000006220362
test_strip_unbounded_with_no_vertices__001,test_strip_unbounded_with_no_vertices,PASS,solve_halfplanes,halfplanes,,,2,2,1.7930999999862252,UNBOUNDED,0,Infinity,,,,,scipy_with_fraction_check,scipy_highs_with_fraction_check,0.2821000000494678,,1.4661999998679676,0.01930000030370138,1.3711999999941327,,,,,,,,,0.044800000068789814
test_thin_polygon_not_merged_into_segment__001,test_thin_polygon_not_merged_into_segment,PASS,solve_halfplanes,halfplanes,,,4,4,0.742799999898125,POLYGON,4,1.0,0.5,0.5,0.0,True,fraction_only,fraction_fourier_motzkin,0.28610000003936875,,0.03909999986717594,0.03500000025269401,,0.1443999999537482,0.21579999997811683,0.0006000000212225132,0.05660000010720978,0.05790000000160944,0.05480000004354224,0.021500000002561137,0.023099999907572055,0.05740000005971524
test_translation_and_rotation__001,test_translation_and_rotation,PASS,solve_q1,observations,2,2,4,4,2.6652999999896565,POLYGON,4,39.50834065898743,19.754170329493714,19.754170329493714,0.0,True,scipy_with_fraction_check,scipy_highs_with_fraction_check,,0.02419999987068877,2.004899999974441,0.08720000005268957,1.783000000159518,0.3017999999883614,0.28510000015558035,0.0007000001005508238,0.08769999999458378,0.07409999989249627,0.07610000011482043,0.02419999987068877,0.020899999981338624,0.04930000000058499
test_translation_and_rotation__002,test_translation_and_rotation,PASS,solve_q1,observations,2,2,4,4,2.6167000000896223,POLYGON,4,39.50834065898741,19.754170329493704,19.754170329493785,8.171241461241152e-14,True,scipy_with_fraction_check,scipy_highs_with_fraction_check,,0.029399999903034768,1.962399999911213,0.07989999994606478,1.7554999997173582,0.2867999999125459,0.2888999999868247,0.0006000000212225132,0.08559999992030498,0.07959999993545352,0.07780000009915966,0.024100000018734136,0.019800000018221908,0.04920000037600403
test_translation_and_rotation__003,test_translation_and_rotation,PASS,solve_q1,observations,2,2,4,4,2.7062999999998283,POLYGON,4,39.50834065898749,19.754170329493746,19.754170329493746,0.0,True,scipy_with_fraction_check,scipy_highs_with_fraction_check,,0.029199999971751822,2.038200000015422,0.10780000002341694,1.7971999998280808,0.3030000000308064,0.2859000001080858,0.0004999999418942025,0.08540000021639571,0.07879999998294807,0.07469999991371878,0.023399999918183312,0.021500000002561137,0.049999999873762135
