2026-09-12 22:26:09,304 INFO request {"path": "/enter", "payload": {"arena_id": "default", "robot_id": "202601002029", "request_id": "ec5ebbb223de4671a30be1780697ecfc"}, "attempt": 1}
2026-09-12 22:26:09,308 INFO response {"request_id": "ec5ebbb223de4671a30be1780697ecfc", "http_status": 200, "body": {"accepted": true, "real_timestamp_ms": 1789223166183, "virtual_time_s": 0, "max_virtual_duration_s": 360000, "max_real_duration_s": 1200, "remaining_real_duration_s": 1200}}
2026-09-12 22:26:09,339 INFO request {"path": "/measure", "payload": {"arena_id": "default", "robot_id": "202601002029", "request_id": "3a74426d013045e5b36656d099695768", "position": {"x": 0.0, "y": 0.0}, "channel": 1}, "attempt": 1}
2026-09-12 22:26:09,356 INFO response {"request_id": "3a74426d013045e5b36656d099695768", "http_status": 200, "body": {"accepted": true, "real_timestamp_ms": 1789223166230, "virtual_time_s": 5, "measure_result": "no_signal"}}
2026-09-12 22:26:09,374 INFO request {"path": "/measure", "payload": {"arena_id": "default", "robot_id": "202601002029", "request_id": "83fd0f4fc72b42ae86eb01f1910c43c0", "position": {"x": 0.0, "y": 0.0}, "channel": 2}, "attempt": 1}
2026-09-12 22:26:09,377 INFO response {"request_id": "83fd0f4fc72b42ae86eb01f1910c43c0", "http_status": 200, "body": {"accepted": true, "real_timestamp_ms": 1789223166252, "virtual_time_s": 11, "measure_result": "no_signal"}}
2026-09-12 22:26:09,394 INFO request {"path": "/measure", "payload": {"arena_id": "default", "robot_id": "202601002029", "request_id": "f0144737c942459fa35a8db4fb9e8c86", "position": {"x": 0.0, "y": 0.0}, "channel": 3}, "attempt": 1}
2026-09-12 22:26:09,415 INFO response {"request_id": "f0144737c942459fa35a8db4fb9e8c86", "http_status": 200, "body": {"accepted": true, "real_timestamp_ms": 1789223166289, "virtual_time_s": 17, "measure_result": "no_signal"}}
2026-09-12 22:26:09,430 INFO request {"path": "/measure", "payload": {"arena_id": "default", "robot_id": "202601002029", "request_id": "4b62adaf398c4ab7912b83a0bc24ab58", "position": {"x": 0.0, "y": 0.0}, "channel": 4}, "attempt": 1}
2026-09-12 22:26:09,432 INFO response {"request_id": "4b62adaf398c4ab7912b83a0bc24ab58", "http_status": 200, "body": {"accepted": true, "real_timestamp_ms": 1789223166307, "virtual_time_s": 23, "measure_result": "no_signal"}}
2026-09-12 22:26:09,463 INFO request {"path": "/measure", "payload": {"arena_id": "default", "robot_id": "202601002029", "request_id": "b0674dacdbcd4338b7482f0b3525c192", "position": {"x": 0.0, "y": 0.0}, "channel": 5}, "attempt": 1}
2026-09-12 22:26:09,475 INFO response {"request_id": "b0674dacdbcd4338b7482f0b3525c192", "http_status": 200, "body": {"accepted": true, "real_timestamp_ms": 1789223166349, "virtual_time_s": 29, "measure_result": "direction", "svd_deg": 152.06}}
2026-09-12 22:26:09,499 INFO request {"path": "/measure", "payload": {"arena_id": "default", "robot_id": "202601002029", "request_id": "83e897cd9a0d4f24a3094338905c9070", "position": {"x": 0.0, "y": 0.0}, "channel": 6}, "attempt": 1}
2026-09-12 22:26:09,515 INFO response {"request_id": "83e897cd9a0d4f24a3094338905c9070", "http_status": 200, "body": {"accepted": true, "real_timestamp_ms": 1789223166390, "virtual_time_s": 35, "measure_result": "direction", "svd_deg": 103.97}}
2026-09-12 22:26:09,533 INFO request {"path": "/measure", "payload": {"arena_id": "default", "robot_id": "202601002029", "request_id": "2873ac15c016478e8f489b020c492bac", "position": {"x": 0.0, "y": 0.0}, "channel": 7}, "attempt": 1}
2026-09-12 22:26:09,545 INFO response {"request_id": "2873ac15c016478e8f489b020c492bac", "http_status": 200, "body": {"accepted": true, "real_timestamp_ms": 1789223166420, "virtual_time_s": 41, "measure_result": "direction", "svd_deg": 44.63}}
2026-09-12 22:26:09,551 INFO request {"path": "/measure", "payload": {"arena_id": "default", "robot_id": "202601002029", "request_id": "c0337efe017542598aa516baf790ceb7", "position": {"x": 0.0, "y": 0.0}, "channel": 8}, "attempt": 1}
2026-09-12 22:26:09,554 INFO response {"request_id": "c0337efe017542598aa516baf790ceb7", "http_status": 200, "body": {"accepted": true, "real_timestamp_ms": 1789223166428, "virtual_time_s": 47, "measure_result": "no_signal"}}
2026-09-12 22:26:09,585 INFO request {"path": "/measure", "payload": {"arena_id": "default", "robot_id": "202601002029", "request_id": "a1c7ffd4d8144dcaba8247f2873997d1", "position": {"x": 0.0, "y": 0.0}, "channel": 9}, "attempt": 1}
2026-09-12 22:26:09,587 INFO response {"request_id": "a1c7ffd4d8144dcaba8247f2873997d1", "http_status": 200, "body": {"accepted": true, "real_timestamp_ms": 1789223166461, "virtual_time_s": 53, "measure_result": "no_signal"}}
2026-09-12 22:26:09,618 INFO request {"path": "/measure", "payload": {"arena_id": "default", "robot_id": "202601002029", "request_id": "b936db654e94474e84b1d0efe893108c", "position": {"x": 0.0, "y": 0.0}, "channel": 10}, "attempt": 1}
2026-09-12 22:26:09,635 INFO response {"request_id": "b936db654e94474e84b1d0efe893108c", "http_status": 200, "body": {"accepted": true, "real_timestamp_ms": 1789223166510, "virtual_time_s": 59, "measure_result": "no_signal"}}
2026-09-12 22:26:09,650 INFO request {"path": "/measure", "payload": {"arena_id": "default", "robot_id": "202601002029", "request_id": "d4fe4e6435d44d0aaee5c4dcb618ce70", "position": {"x": 0.0, "y": 0.0}, "channel": 11}, "attempt": 1}
2026-09-12 22:26:09,663 INFO response {"request_id": "d4fe4e6435d44d0aaee5c4dcb618ce70", "http_status": 200, "body": {"accepted": true, "real_timestamp_ms": 1789223166538, "virtual_time_s": 65, "measure_result": "no_signal"}}
2026-09-12 22:26:09,678 INFO request {"path": "/measure", "payload": {"arena_id": "default", "robot_id": "202601002029", "request_id": "fe174d6fef4f43249f889a6dc4781ac2", "position": {"x": 0.0, "y": 0.0}, "channel": 12}, "attempt": 1}
2026-09-12 22:26:09,692 INFO response {"request_id": "fe174d6fef4f43249f889a6dc4781ac2", "http_status": 200, "body": {"accepted": true, "real_timestamp_ms": 1789223166567, "virtual_time_s": 71, "measure_result": "direction", "svd_deg": 84.43}}
2026-09-12 22:26:09,712 INFO request {"path": "/measure", "payload": {"arena_id": "default", "robot_id": "202601002029", "request_id": "38889436c90e46f789fdecbe296cc730", "position": {"x": 0.0, "y": 0.0}, "channel": 13}, "attempt": 1}
2026-09-12 22:26:09,731 INFO response {"request_id": "38889436c90e46f789fdecbe296cc730", "http_status": 200, "body": {"accepted": true, "real_timestamp_ms": 1789223166606, "virtual_time_s": 77, "measure_result": "no_signal"}}
2026-09-12 22:26:09,747 INFO request {"path": "/measure", "payload": {"arena_id": "default", "robot_id": "202601002029", "request_id": "1e96a24940ca4850be8f28ad0f319a83", "position": {"x": 0.0, "y": 0.0}, "channel": 14}, "attempt": 1}
2026-09-12 22:26:09,749 INFO response {"request_id": "1e96a24940ca4850be8f28ad0f319a83", "http_status": 200, "body": {"accepted": true, "real_timestamp_ms": 1789223166624, "virtual_time_s": 83, "measure_result": "no_signal"}}
2026-09-12 22:26:09,779 INFO request {"path": "/measure", "payload": {"arena_id": "default", "robot_id": "202601002029", "request_id": "1a78172c896049beb801445805c50f0b", "position": {"x": 0.0, "y": 0.0}, "channel": 15}, "attempt": 1}
2026-09-12 22:26:09,799 INFO response {"request_id": "1a78172c896049beb801445805c50f0b", "http_status": 200, "body": {"accepted": true, "real_timestamp_ms": 1789223166674, "virtual_time_s": 89, "measure_result": "no_signal"}}
2026-09-12 22:26:09,814 INFO request {"path": "/measure", "payload": {"arena_id": "default", "robot_id": "202601002029", "request_id": "fa1a32befe3441b5bd07bb24534c3f66", "position": {"x": 0.0, "y": 0.0}, "channel": 16}, "attempt": 1}
2026-09-12 22:26:09,816 INFO response {"request_id": "fa1a32befe3441b5bd07bb24534c3f66", "http_status": 200, "body": {"accepted": true, "real_timestamp_ms": 1789223166691, "virtual_time_s": 95, "measure_result": "no_signal"}}
2026-09-12 22:26:09,832 INFO request {"path": "/measure", "payload": {"arena_id": "default", "robot_id": "202601002029", "request_id": "409a5ff1962a4a0e940b8d2914e55ea9", "position": {"x": 0.0, "y": 0.0}, "channel": 17}, "attempt": 1}
2026-09-12 22:26:09,849 INFO response {"request_id": "409a5ff1962a4a0e940b8d2914e55ea9", "http_status": 200, "body": {"accepted": true, "real_timestamp_ms": 1789223166724, "virtual_time_s": 101, "measure_result": "no_signal"}}
2026-09-12 22:26:09,865 INFO request {"path": "/measure", "payload": {"arena_id": "default", "robot_id": "202601002029", "request_id": "dfb40453fb0d4e00b5a2701e246afc91", "position": {"x": 0.0, "y": 0.0}, "channel": 18}, "attempt": 1}
2026-09-12 22:26:09,877 INFO response {"request_id": "dfb40453fb0d4e00b5a2701e246afc91", "http_status": 200, "body": {"accepted": true, "real_timestamp_ms": 1789223166753, "virtual_time_s": 107, "measure_result": "no_signal"}}
2026-09-12 22:26:09,908 INFO request {"path": "/measure", "payload": {"arena_id": "default", "robot_id": "202601002029", "request_id": "548f447cc4dc46f19e4aa5cd87a9ebee", "position": {"x": 0.0, "y": 0.0}, "channel": 19}, "attempt": 1}
2026-09-12 22:26:09,927 INFO response {"request_id": "548f447cc4dc46f19e4aa5cd87a9ebee", "http_status": 200, "body": {"accepted": true, "real_timestamp_ms": 1789223166803, "virtual_time_s": 113, "measure_result": "direction", "svd_deg": 214.36}}
2026-09-12 22:26:09,929 INFO request {"path": "/measure", "payload": {"arena_id": "default", "robot_id": "202601002029", "request_id": "d179d0f98f4b43b78d75700db5d1ab85", "position": {"x": 0.0, "y": 0.0}, "channel": 20}, "attempt": 1}
2026-09-12 22:26:09,947 INFO response {"request_id": "d179d0f98f4b43b78d75700db5d1ab85", "http_status": 200, "body": {"accepted": true, "real_timestamp_ms": 1789223166823, "virtual_time_s": 119, "measure_result": "no_signal"}}
2026-09-12 22:26:10,124 INFO request {"path": "/measure", "payload": {"arena_id": "default", "robot_id": "202601002029", "request_id": "964c66caf9a34f13a5ecdaa1ab9f78a8", "position": {"x": 6.000769315822031e-14, "y": 980.0}, "channel": 20}, "attempt": 1}
2026-09-12 22:26:10,125 INFO response {"request_id": "964c66caf9a34f13a5ecdaa1ab9f78a8", "http_status": 200, "body": {"accepted": true, "real_timestamp_ms": 1789223167000, "virtual_time_s": 320, "measure_result": "no_signal"}}
2026-09-12 22:26:10,156 INFO request {"path": "/measure", "payload": {"arena_id": "default", "robot_id": "202601002029", "request_id": "55c13776343b4780bfbdfd7e6d0caef2", "position": {"x": 6.000769315822031e-14, "y": 980.0}, "channel": 1}, "attempt": 1}
2026-09-12 22:26:10,157 INFO response {"request_id": "55c13776343b4780bfbdfd7e6d0caef2", "http_status": 200, "body": {"accepted": true, "real_timestamp_ms": 1789223167032, "virtual_time_s": 326, "measure_result": "no_signal"}}
2026-09-12 22:26:10,188 INFO request {"path": "/measure", "payload": {"arena_id": "default", "robot_id": "202601002029", "request_id": "670cb76757cb4ad5812d964461c3e640", "position": {"x": 6.000769315822031e-14, "y": 980.0}, "channel": 2}, "attempt": 1}
2026-09-12 22:26:10,202 INFO response {"request_id": "670cb76757cb4ad5812d964461c3e640", "http_status": 200, "body": {"accepted": true, "real_timestamp_ms": 1789223167077, "virtual_time_s": 332, "measure_result": "no_signal"}}
2026-09-12 22:26:10,217 INFO request {"path": "/measure", "payload": {"arena_id": "default", "robot_id": "202601002029", "request_id": "9b88118eee9047e5bf563bbe005f0312", "position": {"x": 6.000769315822031e-14, "y": 980.0}, "channel": 3}, "attempt": 1}
2026-09-12 22:26:10,232 INFO response {"request_id": "9b88118eee9047e5bf563bbe005f0312", "http_status": 200, "body": {"accepted": true, "real_timestamp_ms": 1789223167107, "virtual_time_s": 338, "measure_result": "no_signal"}}
2026-09-12 22:26:10,247 INFO request {"path": "/measure", "payload": {"arena_id": "default", "robot_id": "202601002029", "request_id": "6870aecbbf694bc28bc1edeabb2289ae", "position": {"x": 6.000769315822031e-14, "y": 980.0}, "channel": 4}, "attempt": 1}
2026-09-12 22:26:10,248 INFO response {"request_id": "6870aecbbf694bc28bc1edeabb2289ae", "http_status": 200, "body": {"accepted": true, "real_timestamp_ms": 1789223167124, "virtual_time_s": 344, "measure_result": "no_signal"}}
2026-09-12 22:26:10,279 INFO request {"path": "/measure", "payload": {"arena_id": "default", "robot_id": "202601002029", "request_id": "a5583168de6e44ccb74cb4ac77a010cd", "position": {"x": 6.000769315822031e-14, "y": 980.0}, "channel": 8}, "attempt": 1}
2026-09-12 22:26:10,292 INFO response {"request_id": "a5583168de6e44ccb74cb4ac77a010cd", "http_status": 200, "body": {"accepted": true, "real_timestamp_ms": 1789223167167, "virtual_time_s": 350, "measure_result": "no_signal"}}
2026-09-12 22:26:10,306 INFO request {"path": "/measure", "payload": {"arena_id": "default", "robot_id": "202601002029", "request_id": "d24e08c0ac9c4fe585c859624e8ddd9f", "position": {"x": 6.000769315822031e-14, "y": 980.0}, "channel": 9}, "attempt": 1}
2026-09-12 22:26:10,321 INFO response {"request_id": "d24e08c0ac9c4fe585c859624e8ddd9f", "http_status": 200, "body": {"accepted": true, "real_timestamp_ms": 1789223167197, "virtual_time_s": 356, "measure_result": "no_signal"}}
2026-09-12 22:26:10,337 INFO request {"path": "/measure", "payload": {"arena_id": "default", "robot_id": "202601002029", "request_id": "12ebc7d39af2489ca11b54f17cac8143", "position": {"x": 6.000769315822031e-14, "y": 980.0}, "channel": 10}, "attempt": 1}
2026-09-12 22:26:10,338 INFO response {"request_id": "12ebc7d39af2489ca11b54f17cac8143", "http_status": 200, "body": {"accepted": true, "real_timestamp_ms": 1789223167214, "virtual_time_s": 362, "measure_result": "no_signal"}}
2026-09-12 22:26:10,370 INFO request {"path": "/measure", "payload": {"arena_id": "default", "robot_id": "202601002029", "request_id": "a14f60908922497eaa25b3cc4b0fbaf6", "position": {"x": 6.000769315822031e-14, "y": 980.0}, "channel": 11}, "attempt": 1}
2026-09-12 22:26:10,381 INFO response {"request_id": "a14f60908922497eaa25b3cc4b0fbaf6", "http_status": 200, "body": {"accepted": true, "real_timestamp_ms": 1789223167256, "virtual_time_s": 368, "measure_result": "no_signal"}}
2026-09-12 22:26:10,395 INFO request {"path": "/measure", "payload": {"arena_id": "default", "robot_id": "202601002029", "request_id": "ff70afbac30945bc8629193fd1e4f75c", "position": {"x": 6.000769315822031e-14, "y": 980.0}, "channel": 13}, "attempt": 1}
2026-09-12 22:26:10,409 INFO response {"request_id": "ff70afbac30945bc8629193fd1e4f75c", "http_status": 200, "body": {"accepted": true, "real_timestamp_ms": 1789223167284, "virtual_time_s": 374, "measure_result": "no_signal"}}
2026-09-12 22:26:10,440 INFO request {"path": "/measure", "payload": {"arena_id": "default", "robot_id": "202601002029", "request_id": "34f9005ba0b849b79e2bb037e3787309", "position": {"x": 6.000769315822031e-14, "y": 980.0}, "channel": 14}, "attempt": 1}
2026-09-12 22:26:10,459 INFO response {"request_id": "34f9005ba0b849b79e2bb037e3787309", "http_status": 200, "body": {"accepted": true, "real_timestamp_ms": 1789223167334, "virtual_time_s": 380, "measure_result": "no_signal"}}
2026-09-12 22:26:10,459 INFO request {"path": "/measure", "payload": {"arena_id": "default", "robot_id": "202601002029", "request_id": "52be69747753401a94fd63448f08360f", "position": {"x": 6.000769315822031e-14, "y": 980.0}, "channel": 15}, "attempt": 1}
2026-09-12 22:26:10,480 INFO response {"request_id": "52be69747753401a94fd63448f08360f", "http_status": 200, "body": {"accepted": true, "real_timestamp_ms": 1789223167355, "virtual_time_s": 386, "measure_result": "no_signal"}}
2026-09-12 22:26:10,496 INFO request {"path": "/measure", "payload": {"arena_id": "default", "robot_id": "202601002029", "request_id": "1d3ee0832b3248c2b799e23856b06260", "position": {"x": 6.000769315822031e-14, "y": 980.0}, "channel": 16}, "attempt": 1}
2026-09-12 22:26:10,498 INFO response {"request_id": "1d3ee0832b3248c2b799e23856b06260", "http_status": 200, "body": {"accepted": true, "real_timestamp_ms": 1789223167372, "virtual_time_s": 392, "measure_result": "no_signal"}}
2026-09-12 22:26:10,529 INFO request {"path": "/measure", "payload": {"arena_id": "default", "robot_id": "202601002029", "request_id": "2efc6db439ad44f4a5a151d6e6340539", "position": {"x": 6.000769315822031e-14, "y": 980.0}, "channel": 17}, "attempt": 1}
2026-09-12 22:26:10,547 INFO response {"request_id": "2efc6db439ad44f4a5a151d6e6340539", "http_status": 200, "body": {"accepted": true, "real_timestamp_ms": 1789223167422, "virtual_time_s": 398, "measure_result": "no_signal"}}
2026-09-12 22:26:10,562 INFO request {"path": "/measure", "payload": {"arena_id": "default", "robot_id": "202601002029", "request_id": "88a84e0b3d16477bb9c8038e406506a3", "position": {"x": 6.000769315822031e-14, "y": 980.0}, "channel": 18}, "attempt": 1}
2026-09-12 22:26:10,562 INFO response {"request_id": "88a84e0b3d16477bb9c8038e406506a3", "http_status": 200, "body": {"accepted": true, "real_timestamp_ms": 1789223167438, "virtual_time_s": 404, "measure_result": "no_signal"}}
2026-09-12 22:26:10,613 INFO request {"path": "/measure", "payload": {"arena_id": "default", "robot_id": "202601002029", "request_id": "f222d9b0c4904827afec710c40db88cd", "position": {"x": 6.000769315822031e-14, "y": 980.0}, "channel": 7}, "attempt": 1}
2026-09-12 22:26:10,626 INFO response {"request_id": "f222d9b0c4904827afec710c40db88cd", "http_status": 200, "body": {"accepted": true, "real_timestamp_ms": 1789223167502, "virtual_time_s": 410, "measure_result": "direction", "svd_deg": 311.69}}
2026-09-12 22:26:10,644 INFO request {"path": "/measure", "payload": {"arena_id": "default", "robot_id": "202601002029", "request_id": "3874dde4f22443668c9768c5b39149f5", "position": {"x": 6.000769315822031e-14, "y": 980.0}, "channel": 5}, "attempt": 1}
2026-09-12 22:26:10,645 INFO response {"request_id": "3874dde4f22443668c9768c5b39149f5", "http_status": 200, "body": {"accepted": true, "real_timestamp_ms": 1789223167520, "virtual_time_s": 416, "measure_result": "direction", "svd_deg": 232.19}}
2026-09-12 22:26:10,680 INFO request {"path": "/measure", "payload": {"arena_id": "default", "robot_id": "202601002029", "request_id": "15ea60187b7a4951a2a309c06e55b91e", "position": {"x": 6.000769315822031e-14, "y": 980.0}, "channel": 6}, "attempt": 1}
2026-09-12 22:26:10,681 INFO response {"request_id": "15ea60187b7a4951a2a309c06e55b91e", "http_status": 200, "body": {"accepted": true, "real_timestamp_ms": 1789223167556, "virtual_time_s": 422, "measure_result": "direction", "svd_deg": 159.87}}
2026-09-12 22:26:10,752 INFO request {"path": "/measure", "payload": {"arena_id": "default", "robot_id": "202601002029", "request_id": "dd2ce79847ae4bb9ad856b98bf44a16b", "position": {"x": -489.9999999999998, "y": 848.70489570875}, "channel": 1}, "attempt": 1}
2026-09-12 22:26:10,765 INFO response {"request_id": "dd2ce79847ae4bb9ad856b98bf44a16b", "http_status": 200, "body": {"accepted": true, "real_timestamp_ms": 1789223167640, "virtual_time_s": 529.457066, "measure_result": "no_signal"}}
2026-09-12 22:26:10,779 INFO request {"path": "/measure", "payload": {"arena_id": "default", "robot_id": "202601002029", "request_id": "4b557d021d50490595f9d432b88e654d", "position": {"x": -489.9999999999998, "y": 848.70489570875}, "channel": 2}, "attempt": 1}
2026-09-12 22:26:10,781 INFO response {"request_id": "4b557d021d50490595f9d432b88e654d", "http_status": 200, "body": {"accepted": true, "real_timestamp_ms": 1789223167656, "virtual_time_s": 535.457066, "measure_result": "no_signal"}}
2026-09-12 22:26:10,812 INFO request {"path": "/measure", "payload": {"arena_id": "default", "robot_id": "202601002029", "request_id": "f157b72cf4ec470c87ad548506ef13b6", "position": {"x": -489.9999999999998, "y": 848.70489570875}, "channel": 3}, "attempt": 1}
2026-09-12 22:26:10,825 INFO response {"request_id": "f157b72cf4ec470c87ad548506ef13b6", "http_status": 200, "body": {"accepted": true, "real_timestamp_ms": 1789223167700, "virtual_time_s": 541.457066, "measure_result": "no_signal"}}
2026-09-12 22:26:10,841 INFO request {"path": "/measure", "payload": {"arena_id": "default", "robot_id": "202601002029", "request_id": "a766e23425c4403e9899b4fb85815c2e", "position": {"x": -489.9999999999998, "y": 848.70489570875}, "channel": 4}, "attempt": 1}
2026-09-12 22:26:10,853 INFO response {"request_id": "a766e23425c4403e9899b4fb85815c2e", "http_status": 200, "body": {"accepted": true, "real_timestamp_ms": 1789223167729, "virtual_time_s": 547.457066, "measure_result": "no_signal"}}
2026-09-12 22:26:10,869 INFO request {"path": "/measure", "payload": {"arena_id": "default", "robot_id": "202601002029", "request_id": "d94a3610e39b4d0fad3ffca1d7dcafc0", "position": {"x": -489.9999999999998, "y": 848.70489570875}, "channel": 8}, "attempt": 1}
2026-09-12 22:26:10,883 INFO response {"request_id": "d94a3610e39b4d0fad3ffca1d7dcafc0", "http_status": 200, "body": {"accepted": true, "real_timestamp_ms": 1789223167759, "virtual_time_s": 553.457066, "measure_result": "no_signal"}}
2026-09-12 22:26:10,898 INFO request {"path": "/measure", "payload": {"arena_id": "default", "robot_id": "202601002029", "request_id": "7e095b4ab8a941f48a24f5eaf9b31069", "position": {"x": -489.9999999999998, "y": 848.70489570875}, "channel": 9}, "attempt": 1}
2026-09-12 22:26:10,899 INFO response {"request_id": "7e095b4ab8a941f48a24f5eaf9b31069", "http_status": 200, "body": {"accepted": true, "real_timestamp_ms": 1789223167775, "virtual_time_s": 559.457066, "measure_result": "no_signal"}}
2026-09-12 22:26:10,930 INFO request {"path": "/measure", "payload": {"arena_id": "default", "robot_id": "202601002029", "request_id": "4dcb095d044f4f289129f59c8ace0abc", "position": {"x": -489.9999999999998, "y": 848.70489570875}, "channel": 10}, "attempt": 1}
2026-09-12 22:26:10,931 INFO response {"request_id": "4dcb095d044f4f289129f59c8ace0abc", "http_status": 200, "body": {"accepted": true, "real_timestamp_ms": 1789223167806, "virtual_time_s": 565.457066, "measure_result": "no_signal"}}
2026-09-12 22:26:10,961 INFO request {"path": "/measure", "payload": {"arena_id": "default", "robot_id": "202601002029", "request_id": "cc73b0058af540c0bc7e2fb27bc0145c", "position": {"x": -489.9999999999998, "y": 848.70489570875}, "channel": 11}, "attempt": 1}
2026-09-12 22:26:10,962 INFO response {"request_id": "cc73b0058af540c0bc7e2fb27bc0145c", "http_status": 200, "body": {"accepted": true, "real_timestamp_ms": 1789223167838, "virtual_time_s": 571.457066, "measure_result": "no_signal"}}
2026-09-12 22:26:10,993 INFO request {"path": "/measure", "payload": {"arena_id": "default", "robot_id": "202601002029", "request_id": "6ad96948fdeb4b63812984e59e013757", "position": {"x": -489.9999999999998, "y": 848.70489570875}, "channel": 13}, "attempt": 1}
2026-09-12 22:26:11,011 INFO response {"request_id": "6ad96948fdeb4b63812984e59e013757", "http_status": 200, "body": {"accepted": true, "real_timestamp_ms": 1789223167887, "virtual_time_s": 577.457066, "measure_result": "no_signal"}}
2026-09-12 22:26:11,026 INFO request {"path": "/measure", "payload": {"arena_id": "default", "robot_id": "202601002029", "request_id": "c9c70bd9bb5c49f390609ec8b23d302d", "position": {"x": -489.9999999999998, "y": 848.70489570875}, "channel": 14}, "attempt": 1}
2026-09-12 22:26:11,027 INFO response {"request_id": "c9c70bd9bb5c49f390609ec8b23d302d", "http_status": 200, "body": {"accepted": true, "real_timestamp_ms": 1789223167902, "virtual_time_s": 583.457066, "measure_result": "no_signal"}}
2026-09-12 22:26:11,058 INFO request {"path": "/measure", "payload": {"arena_id": "default", "robot_id": "202601002029", "request_id": "ada0a96ec85a4e5ebb20d349c81b4d88", "position": {"x": -489.9999999999998, "y": 848.70489570875}, "channel": 15}, "attempt": 1}
2026-09-12 22:26:11,059 INFO response {"request_id": "ada0a96ec85a4e5ebb20d349c81b4d88", "http_status": 200, "body": {"accepted": true, "real_timestamp_ms": 1789223167935, "virtual_time_s": 589.457066, "measure_result": "no_signal"}}
2026-09-12 22:26:11,090 INFO request {"path": "/measure", "payload": {"arena_id": "default", "robot_id": "202601002029", "request_id": "d8b78cfd8ec445bbb83f443046e6dcfb", "position": {"x": -489.9999999999998, "y": 848.70489570875}, "channel": 16}, "attempt": 1}
2026-09-12 22:26:11,091 INFO response {"request_id": "d8b78cfd8ec445bbb83f443046e6dcfb", "http_status": 200, "body": {"accepted": true, "real_timestamp_ms": 1789223167966, "virtual_time_s": 595.457066, "measure_result": "no_signal"}}
2026-09-12 22:26:11,122 INFO request {"path": "/measure", "payload": {"arena_id": "default", "robot_id": "202601002029", "request_id": "99f274724dcf488a8ad9518e0498b8a2", "position": {"x": -489.9999999999998, "y": 848.70489570875}, "channel": 17}, "attempt": 1}
2026-09-12 22:26:11,124 INFO response {"request_id": "99f274724dcf488a8ad9518e0498b8a2", "http_status": 200, "body": {"accepted": true, "real_timestamp_ms": 1789223167999, "virtual_time_s": 601.457066, "measure_result": "no_signal"}}
2026-09-12 22:26:11,154 INFO request {"path": "/measure", "payload": {"arena_id": "default", "robot_id": "202601002029", "request_id": "72e8f24cc142491fbbfa90c6cf26bc3f", "position": {"x": -489.9999999999998, "y": 848.70489570875}, "channel": 18}, "attempt": 1}
2026-09-12 22:26:11,155 INFO response {"request_id": "72e8f24cc142491fbbfa90c6cf26bc3f", "http_status": 200, "body": {"accepted": true, "real_timestamp_ms": 1789223168031, "virtual_time_s": 607.457066, "measure_result": "no_signal"}}
2026-09-12 22:26:11,186 INFO request {"path": "/measure", "payload": {"arena_id": "default", "robot_id": "202601002029", "request_id": "fc917240dfec4d97ad4d2f0799635d6c", "position": {"x": -489.9999999999998, "y": 848.70489570875}, "channel": 20}, "attempt": 1}
2026-09-12 22:26:11,199 INFO response {"request_id": "fc917240dfec4d97ad4d2f0799635d6c", "http_status": 200, "body": {"accepted": true, "real_timestamp_ms": 1789223168075, "virtual_time_s": 613.457066, "measure_result": "no_signal"}}
2026-09-12 22:26:11,233 INFO request {"path": "/measure", "payload": {"arena_id": "default", "robot_id": "202601002029", "request_id": "4ba679e6ce2a4cdebe7c5fb23572d7ae", "position": {"x": -489.9999999999998, "y": 848.70489570875}, "channel": 5}, "attempt": 1}
2026-09-12 22:26:11,247 INFO response {"request_id": "4ba679e6ce2a4cdebe7c5fb23572d7ae", "http_status": 200, "body": {"accepted": true, "real_timestamp_ms": 1789223168123, "virtual_time_s": 619.457066, "measure_result": "direction", "svd_deg": 264.24}}
2026-09-12 22:26:11,265 INFO request {"path": "/measure", "payload": {"arena_id": "default", "robot_id": "202601002029", "request_id": "a26276858eda4b9ead61eb6837a8294f", "position": {"x": -489.9999999999998, "y": 848.70489570875}, "channel": 6}, "attempt": 1}
2026-09-12 22:26:11,277 INFO response {"request_id": "a26276858eda4b9ead61eb6837a8294f", "http_status": 200, "body": {"accepted": true, "real_timestamp_ms": 1789223168152, "virtual_time_s": 625.457066, "measure_result": "no_signal"}}
2026-09-12 22:26:11,293 INFO request {"path": "/measure", "payload": {"arena_id": "default", "robot_id": "202601002029", "request_id": "ec1436b53b764331ad311dd9f18601cd", "position": {"x": -489.9999999999998, "y": 848.70489570875}, "channel": 12}, "attempt": 1}
2026-09-12 22:26:11,295 INFO response {"request_id": "ec1436b53b764331ad311dd9f18601cd", "http_status": 200, "body": {"accepted": true, "real_timestamp_ms": 1789223168170, "virtual_time_s": 631.457066, "measure_result": "no_signal"}}
2026-09-12 22:26:11,336 INFO request {"path": "/measure", "payload": {"arena_id": "default", "robot_id": "202601002029", "request_id": "7d7f000448a8497783ee5b96661f41b7", "position": {"x": 490.0000000000001, "y": 848.7048957087499}, "channel": 1}, "attempt": 1}
2026-09-12 22:26:11,357 INFO response {"request_id": "7d7f000448a8497783ee5b96661f41b7", "http_status": 200, "body": {"accepted": true, "real_timestamp_ms": 1789223168231, "virtual_time_s": 833.457066, "measure_result": "no_signal"}}
2026-09-12 22:26:11,373 INFO request {"path": "/measure", "payload": {"arena_id": "default", "robot_id": "202601002029", "request_id": "ced82d19cce9471c82241dc82fd4f8e3", "position": {"x": 490.0000000000001, "y": 848.7048957087499}, "channel": 2}, "attempt": 1}
2026-09-12 22:26:11,386 INFO response {"request_id": "ced82d19cce9471c82241dc82fd4f8e3", "http_status": 200, "body": {"accepted": true, "real_timestamp_ms": 1789223168261, "virtual_time_s": 839.457066, "measure_result": "no_signal"}}
2026-09-12 22:26:11,400 INFO request {"path": "/measure", "payload": {"arena_id": "default", "robot_id": "202601002029", "request_id": "71de5c6336634214a9b960e82c01323d", "position": {"x": 490.0000000000001, "y": 848.7048957087499}, "channel": 3}, "attempt": 1}
2026-09-12 22:26:11,414 INFO response {"request_id": "71de5c6336634214a9b960e82c01323d", "http_status": 200, "body": {"accepted": true, "real_timestamp_ms": 1789223168290, "virtual_time_s": 845.457066, "measure_result": "no_signal"}}
2026-09-12 22:26:11,429 INFO request {"path": "/measure", "payload": {"arena_id": "default", "robot_id": "202601002029", "request_id": "c820ca6332a849dba0fab9a80e8424f3", "position": {"x": 490.0000000000001, "y": 848.7048957087499}, "channel": 4}, "attempt": 1}
2026-09-12 22:26:11,444 INFO response {"request_id": "c820ca6332a849dba0fab9a80e8424f3", "http_status": 200, "body": {"accepted": true, "real_timestamp_ms": 1789223168319, "virtual_time_s": 851.457066, "measure_result": "no_signal"}}
2026-09-12 22:26:11,459 INFO request {"path": "/measure", "payload": {"arena_id": "default", "robot_id": "202601002029", "request_id": "853c18a943b443929b296b31156ced40", "position": {"x": 490.0000000000001, "y": 848.7048957087499}, "channel": 8}, "attempt": 1}
2026-09-12 22:26:11,473 INFO response {"request_id": "853c18a943b443929b296b31156ced40", "http_status": 200, "body": {"accepted": true, "real_timestamp_ms": 1789223168348, "virtual_time_s": 857.457066, "measure_result": "direction", "svd_deg": 343.71}}
2026-09-12 22:26:11,490 INFO request {"path": "/measure", "payload": {"arena_id": "default", "robot_id": "202601002029", "request_id": "523e3650f1204d5587dc45dd010c1f54", "position": {"x": 490.0000000000001, "y": 848.7048957087499}, "channel": 9}, "attempt": 1}
2026-09-12 22:26:11,502 INFO response {"request_id": "523e3650f1204d5587dc45dd010c1f54", "http_status": 200, "body": {"accepted": true, "real_timestamp_ms": 1789223168378, "virtual_time_s": 863.457066, "measure_result": "no_signal"}}
2026-09-12 22:26:11,533 INFO request {"path": "/measure", "payload": {"arena_id": "default", "robot_id": "202601002029", "request_id": "0a7a21b0835a4b91a3e502e4501f92e5", "position": {"x": 490.0000000000001, "y": 848.7048957087499}, "channel": 10}, "attempt": 1}
2026-09-12 22:26:11,553 INFO response {"request_id": "0a7a21b0835a4b91a3e502e4501f92e5", "http_status": 200, "body": {"accepted": true, "real_timestamp_ms": 1789223168428, "virtual_time_s": 869.457066, "measure_result": "no_signal"}}
2026-09-12 22:26:11,554 INFO request {"path": "/measure", "payload": {"arena_id": "default", "robot_id": "202601002029", "request_id": "27f5e9b4a0b946dd84c87ecb7642ff0b", "position": {"x": 490.0000000000001, "y": 848.7048957087499}, "channel": 11}, "attempt": 1}
2026-09-12 22:26:11,572 INFO response {"request_id": "27f5e9b4a0b946dd84c87ecb7642ff0b", "http_status": 200, "body": {"accepted": true, "real_timestamp_ms": 1789223168447, "virtual_time_s": 875.457066, "measure_result": "no_signal"}}
2026-09-12 22:26:11,588 INFO request {"path": "/measure", "payload": {"arena_id": "default", "robot_id": "202601002029", "request_id": "0124a374ead4497ba6db1ff4612a7178", "position": {"x": 490.0000000000001, "y": 848.7048957087499}, "channel": 13}, "attempt": 1}
2026-09-12 22:26:11,602 INFO response {"request_id": "0124a374ead4497ba6db1ff4612a7178", "http_status": 200, "body": {"accepted": true, "real_timestamp_ms": 1789223168477, "virtual_time_s": 881.457066, "measure_result": "no_signal"}}
2026-09-12 22:26:11,618 INFO request {"path": "/measure", "payload": {"arena_id": "default", "robot_id": "202601002029", "request_id": "fe1a7d96741d48aabff2b01c19a43bab", "position": {"x": 490.0000000000001, "y": 848.7048957087499}, "channel": 14}, "attempt": 1}
2026-09-12 22:26:11,620 INFO response {"request_id": "fe1a7d96741d48aabff2b01c19a43bab", "http_status": 200, "body": {"accepted": true, "real_timestamp_ms": 1789223168495, "virtual_time_s": 887.457066, "measure_result": "no_signal"}}
2026-09-12 22:26:11,651 INFO request {"path": "/measure", "payload": {"arena_id": "default", "robot_id": "202601002029", "request_id": "6a50839916b346749edae2a82f10fedf", "position": {"x": 490.0000000000001, "y": 848.7048957087499}, "channel": 15}, "attempt": 1}
2026-09-12 22:26:11,671 INFO response {"request_id": "6a50839916b346749edae2a82f10fedf", "http_status": 200, "body": {"accepted": true, "real_timestamp_ms": 1789223168547, "virtual_time_s": 893.457066, "measure_result": "no_signal"}}
2026-09-12 22:26:11,686 INFO request {"path": "/measure", "payload": {"arena_id": "default", "robot_id": "202601002029", "request_id": "ba30715028754f11b5726afefd14fcd3", "position": {"x": 490.0000000000001, "y": 848.7048957087499}, "channel": 16}, "attempt": 1}
2026-09-12 22:26:11,701 INFO response {"request_id": "ba30715028754f11b5726afefd14fcd3", "http_status": 200, "body": {"accepted": true, "real_timestamp_ms": 1789223168577, "virtual_time_s": 899.457066, "measure_result": "no_signal"}}
2026-09-12 22:26:11,717 INFO request {"path": "/measure", "payload": {"arena_id": "default", "robot_id": "202601002029", "request_id": "5526f53366f34c3ba359003ebdfa1709", "position": {"x": 490.0000000000001, "y": 848.7048957087499}, "channel": 17}, "attempt": 1}
2026-09-12 22:26:11,730 INFO response {"request_id": "5526f53366f34c3ba359003ebdfa1709", "http_status": 200, "body": {"accepted": true, "real_timestamp_ms": 1789223168605, "virtual_time_s": 905.457066, "measure_result": "no_signal"}}
2026-09-12 22:26:11,746 INFO request {"path": "/measure", "payload": {"arena_id": "default", "robot_id": "202601002029", "request_id": "935ea42b06c34804995a64bc1c1a5dac", "position": {"x": 490.0000000000001, "y": 848.7048957087499}, "channel": 18}, "attempt": 1}
2026-09-12 22:26:11,760 INFO response {"request_id": "935ea42b06c34804995a64bc1c1a5dac", "http_status": 200, "body": {"accepted": true, "real_timestamp_ms": 1789223168635, "virtual_time_s": 911.457066, "measure_result": "no_signal"}}
2026-09-12 22:26:11,775 INFO request {"path": "/measure", "payload": {"arena_id": "default", "robot_id": "202601002029", "request_id": "45b13f4c0be14bdf9bd1780d161190b7", "position": {"x": 490.0000000000001, "y": 848.7048957087499}, "channel": 20}, "attempt": 1}
2026-09-12 22:26:11,778 INFO response {"request_id": "45b13f4c0be14bdf9bd1780d161190b7", "http_status": 200, "body": {"accepted": true, "real_timestamp_ms": 1789223168652, "virtual_time_s": 917.457066, "measure_result": "no_signal"}}
2026-09-12 22:26:11,832 INFO request {"path": "/measure", "payload": {"arena_id": "default", "robot_id": "202601002029", "request_id": "6b383d41211b46c2acb8684517717a0a", "position": {"x": 490.0000000000001, "y": 848.7048957087499}, "channel": 12}, "attempt": 1}
2026-09-12 22:26:11,851 INFO response {"request_id": "6b383d41211b46c2acb8684517717a0a", "http_status": 200, "body": {"accepted": true, "real_timestamp_ms": 1789223168726, "virtual_time_s": 923.457066, "measure_result": "direction", "svd_deg": 188.28}}
2026-09-12 22:26:11,889 INFO request {"path": "/measure", "payload": {"arena_id": "default", "robot_id": "202601002029", "request_id": "71572d0d266b417f9afba5b5eab81978", "position": {"x": 848.70489570875, "y": 489.99999999999994}, "channel": 1}, "attempt": 1}
2026-09-12 22:26:11,890 INFO response {"request_id": "71572d0d266b417f9afba5b5eab81978", "http_status": 200, "body": {"accepted": true, "real_timestamp_ms": 1789223168765, "virtual_time_s": 1030.914132, "measure_result": "no_signal"}}
2026-09-12 22:26:11,921 INFO request {"path": "/measure", "payload": {"arena_id": "default", "robot_id": "202601002029", "request_id": "31d7d28d5e7f488488e897682a7ee7c6", "position": {"x": 848.70489570875, "y": 489.99999999999994}, "channel": 2}, "attempt": 1}
2026-09-12 22:26:11,922 INFO response {"request_id": "31d7d28d5e7f488488e897682a7ee7c6", "http_status": 200, "body": {"accepted": true, "real_timestamp_ms": 1789223168797, "virtual_time_s": 1036.914132, "measure_result": "no_signal"}}
2026-09-12 22:26:11,953 INFO request {"path": "/measure", "payload": {"arena_id": "default", "robot_id": "202601002029", "request_id": "76b87f807fcd49f3b8c7cbe487cc7067", "position": {"x": 848.70489570875, "y": 489.99999999999994}, "channel": 3}, "attempt": 1}
2026-09-12 22:26:11,954 INFO response {"request_id": "76b87f807fcd49f3b8c7cbe487cc7067", "http_status": 200, "body": {"accepted": true, "real_timestamp_ms": 1789223168830, "virtual_time_s": 1042.914132, "measure_result": "no_signal"}}
2026-09-12 22:26:11,985 INFO request {"path": "/measure", "payload": {"arena_id": "default", "robot_id": "202601002029", "request_id": "5f87b33d7c8f4d3eb2674a246cd1162c", "position": {"x": 848.70489570875, "y": 489.99999999999994}, "channel": 4}, "attempt": 1}
2026-09-12 22:26:11,997 INFO response {"request_id": "5f87b33d7c8f4d3eb2674a246cd1162c", "http_status": 200, "body": {"accepted": true, "real_timestamp_ms": 1789223168872, "virtual_time_s": 1048.914132, "measure_result": "no_signal"}}
2026-09-12 22:26:12,012 INFO request {"path": "/measure", "payload": {"arena_id": "default", "robot_id": "202601002029", "request_id": "98bc1e83b4074c40b0819c085580665a", "position": {"x": 848.70489570875, "y": 489.99999999999994}, "channel": 9}, "attempt": 1}
2026-09-12 22:26:12,027 INFO response {"request_id": "98bc1e83b4074c40b0819c085580665a", "http_status": 200, "body": {"accepted": true, "real_timestamp_ms": 1789223168902, "virtual_time_s": 1054.914132, "measure_result": "no_signal"}}
2026-09-12 22:26:12,042 INFO request {"path": "/measure", "payload": {"arena_id": "default", "robot_id": "202601002029", "request_id": "8f7c8977db344edb8986b4882c0f8b42", "position": {"x": 848.70489570875, "y": 489.99999999999994}, "channel": 10}, "attempt": 1}
2026-09-12 22:26:12,055 INFO response {"request_id": "8f7c8977db344edb8986b4882c0f8b42", "http_status": 200, "body": {"accepted": true, "real_timestamp_ms": 1789223168930, "virtual_time_s": 1060.914132, "measure_result": "no_signal"}}
2026-09-12 22:26:12,070 INFO request {"path": "/measure", "payload": {"arena_id": "default", "robot_id": "202601002029", "request_id": "d2d69ccf5d654aa0aefc76df943dc145", "position": {"x": 848.70489570875, "y": 489.99999999999994}, "channel": 11}, "attempt": 1}
2026-09-12 22:26:12,084 INFO response {"request_id": "d2d69ccf5d654aa0aefc76df943dc145", "http_status": 200, "body": {"accepted": true, "real_timestamp_ms": 1789223168959, "virtual_time_s": 1066.914132, "measure_result": "no_signal"}}
2026-09-12 22:26:12,098 INFO request {"path": "/measure", "payload": {"arena_id": "default", "robot_id": "202601002029", "request_id": "27d8b5e5d6e04e6ebe3ef9c7b071a18f", "position": {"x": 848.70489570875, "y": 489.99999999999994}, "channel": 13}, "attempt": 1}
2026-09-12 22:26:12,099 INFO response {"request_id": "27d8b5e5d6e04e6ebe3ef9c7b071a18f", "http_status": 200, "body": {"accepted": true, "real_timestamp_ms": 1789223168975, "virtual_time_s": 1072.914132, "measure_result": "no_signal"}}
2026-09-12 22:26:12,130 INFO request {"path": "/measure", "payload": {"arena_id": "default", "robot_id": "202601002029", "request_id": "5aaa99321c1c44599a114babae8d2b6d", "position": {"x": 848.70489570875, "y": 489.99999999999994}, "channel": 14}, "attempt": 1}
2026-09-12 22:26:12,143 INFO response {"request_id": "5aaa99321c1c44599a114babae8d2b6d", "http_status": 200, "body": {"accepted": true, "real_timestamp_ms": 1789223169018, "virtual_time_s": 1078.914132, "measure_result": "no_signal"}}
2026-09-12 22:26:12,174 INFO request {"path": "/measure", "payload": {"arena_id": "default", "robot_id": "202601002029", "request_id": "bcae0be3456e4401acb56e65a80f3f8c", "position": {"x": 848.70489570875, "y": 489.99999999999994}, "channel": 15}, "attempt": 1}
2026-09-12 22:26:12,193 INFO response {"request_id": "bcae0be3456e4401acb56e65a80f3f8c", "http_status": 200, "body": {"accepted": true, "real_timestamp_ms": 1789223169068, "virtual_time_s": 1084.914132, "measure_result": "no_signal"}}
2026-09-12 22:26:12,193 INFO request {"path": "/measure", "payload": {"arena_id": "default", "robot_id": "202601002029", "request_id": "514c85494c6d494880ae53b04d67aea7", "position": {"x": 848.70489570875, "y": 489.99999999999994}, "channel": 16}, "attempt": 1}
2026-09-12 22:26:12,194 INFO response {"request_id": "514c85494c6d494880ae53b04d67aea7", "http_status": 200, "body": {"accepted": true, "real_timestamp_ms": 1789223169069, "virtual_time_s": 1090.914132, "measure_result": "no_signal"}}
2026-09-12 22:26:12,225 INFO request {"path": "/measure", "payload": {"arena_id": "default", "robot_id": "202601002029", "request_id": "d996857617844937a1fa4ba4e94067aa", "position": {"x": 848.70489570875, "y": 489.99999999999994}, "channel": 17}, "attempt": 1}
2026-09-12 22:26:12,241 INFO response {"request_id": "d996857617844937a1fa4ba4e94067aa", "http_status": 200, "body": {"accepted": true, "real_timestamp_ms": 1789223169117, "virtual_time_s": 1096.914132, "measure_result": "no_signal"}}
2026-09-12 22:26:12,256 INFO request {"path": "/measure", "payload": {"arena_id": "default", "robot_id": "202601002029", "request_id": "4f4a6f2a7a104754883d2e13585427ed", "position": {"x": 848.70489570875, "y": 489.99999999999994}, "channel": 18}, "attempt": 1}
2026-09-12 22:26:12,257 INFO response {"request_id": "4f4a6f2a7a104754883d2e13585427ed", "http_status": 200, "body": {"accepted": true, "real_timestamp_ms": 1789223169132, "virtual_time_s": 1102.914132, "measure_result": "no_signal"}}
2026-09-12 22:26:12,288 INFO request {"path": "/measure", "payload": {"arena_id": "default", "robot_id": "202601002029", "request_id": "e8dd08e20cd64bf4aa7af0466e9de953", "position": {"x": 848.70489570875, "y": 489.99999999999994}, "channel": 20}, "attempt": 1}
2026-09-12 22:26:12,289 INFO response {"request_id": "e8dd08e20cd64bf4aa7af0466e9de953", "http_status": 200, "body": {"accepted": true, "real_timestamp_ms": 1789223169164, "virtual_time_s": 1108.914132, "measure_result": "no_signal"}}
2026-09-12 22:26:12,326 INFO request {"path": "/measure", "payload": {"arena_id": "default", "robot_id": "202601002029", "request_id": "cfe874b8f6274338929be1b45fa2eb0f", "position": {"x": 848.70489570875, "y": 489.99999999999994}, "channel": 8}, "attempt": 1}
2026-09-12 22:26:12,340 INFO response {"request_id": "cfe874b8f6274338929be1b45fa2eb0f", "http_status": 200, "body": {"accepted": true, "real_timestamp_ms": 1789223169215, "virtual_time_s": 1114.914132, "measure_result": "direction", "svd_deg": 0.87}}
2026-09-12 22:26:12,370 INFO request {"path": "/measure", "payload": {"arena_id": "default", "robot_id": "202601002029", "request_id": "5d8fff421dca4cf18832c3c859220207", "position": {"x": 980.0, "y": 0.0}, "channel": 1}, "attempt": 1}
2026-09-12 22:26:12,389 INFO response {"request_id": "5d8fff421dca4cf18832c3c859220207", "http_status": 200, "body": {"accepted": true, "real_timestamp_ms": 1789223169264, "virtual_time_s": 1222.371198, "measure_result": "no_signal"}}
2026-09-12 22:26:12,404 INFO request {"path": "/measure", "payload": {"arena_id": "default", "robot_id": "202601002029", "request_id": "3afedc47c98543bf82b7efda1b2fe27e", "position": {"x": 980.0, "y": 0.0}, "channel": 2}, "attempt": 1}
2026-09-12 22:26:12,405 INFO response {"request_id": "3afedc47c98543bf82b7efda1b2fe27e", "http_status": 200, "body": {"accepted": true, "real_timestamp_ms": 1789223169280, "virtual_time_s": 1228.371198, "measure_result": "no_signal"}}
2026-09-12 22:26:12,436 INFO request {"path": "/measure", "payload": {"arena_id": "default", "robot_id": "202601002029", "request_id": "a8bd5fe45db24694a681d8d4baa00b1b", "position": {"x": 980.0, "y": 0.0}, "channel": 3}, "attempt": 1}
2026-09-12 22:26:12,458 INFO response {"request_id": "a8bd5fe45db24694a681d8d4baa00b1b", "http_status": 200, "body": {"accepted": true, "real_timestamp_ms": 1789223169333, "virtual_time_s": 1234.371198, "measure_result": "no_signal"}}
2026-09-12 22:26:12,458 INFO request {"path": "/measure", "payload": {"arena_id": "default", "robot_id": "202601002029", "request_id": "12b977b043fe454483e9feeb6ccf9ab7", "position": {"x": 980.0, "y": 0.0}, "channel": 4}, "attempt": 1}
2026-09-12 22:26:12,461 INFO response {"request_id": "12b977b043fe454483e9feeb6ccf9ab7", "http_status": 200, "body": {"accepted": true, "real_timestamp_ms": 1789223169335, "virtual_time_s": 1240.371198, "measure_result": "no_signal"}}
2026-09-12 22:26:12,492 INFO request {"path": "/measure", "payload": {"arena_id": "default", "robot_id": "202601002029", "request_id": "246b3b96369442eea7131259bb125d8b", "position": {"x": 980.0, "y": 0.0}, "channel": 9}, "attempt": 1}
2026-09-12 22:26:12,494 INFO response {"request_id": "246b3b96369442eea7131259bb125d8b", "http_status": 200, "body": {"accepted": true, "real_timestamp_ms": 1789223169369, "virtual_time_s": 1246.371198, "measure_result": "no_signal"}}
2026-09-12 22:26:12,525 INFO request {"path": "/measure", "payload": {"arena_id": "default", "robot_id": "202601002029", "request_id": "17bb6cf80382481abb964faede21e945", "position": {"x": 980.0, "y": 0.0}, "channel": 10}, "attempt": 1}
2026-09-12 22:26:12,528 INFO response {"request_id": "17bb6cf80382481abb964faede21e945", "http_status": 200, "body": {"accepted": true, "real_timestamp_ms": 1789223169403, "virtual_time_s": 1252.371198, "measure_result": "no_signal"}}
2026-09-12 22:26:12,558 INFO request {"path": "/measure", "payload": {"arena_id": "default", "robot_id": "202601002029", "request_id": "a2bd67d2dbae466298ca7115216f4b4a", "position": {"x": 980.0, "y": 0.0}, "channel": 11}, "attempt": 1}
2026-09-12 22:26:12,577 INFO response {"request_id": "a2bd67d2dbae466298ca7115216f4b4a", "http_status": 200, "body": {"accepted": true, "real_timestamp_ms": 1789223169451, "virtual_time_s": 1258.371198, "measure_result": "no_signal"}}
2026-09-12 22:26:12,592 INFO request {"path": "/measure", "payload": {"arena_id": "default", "robot_id": "202601002029", "request_id": "42a5187fd532481f982d9858939c69b2", "position": {"x": 980.0, "y": 0.0}, "channel": 13}, "attempt": 1}
2026-09-12 22:26:12,606 INFO response {"request_id": "42a5187fd532481f982d9858939c69b2", "http_status": 200, "body": {"accepted": true, "real_timestamp_ms": 1789223169480, "virtual_time_s": 1264.371198, "measure_result": "no_signal"}}
2026-09-12 22:26:12,622 INFO request {"path": "/measure", "payload": {"arena_id": "default", "robot_id": "202601002029", "request_id": "3f282bb5c17b48b784917652330bb242", "position": {"x": 980.0, "y": 0.0}, "channel": 14}, "attempt": 1}
2026-09-12 22:26:12,635 INFO response {"request_id": "3f282bb5c17b48b784917652330bb242", "http_status": 200, "body": {"accepted": true, "real_timestamp_ms": 1789223169510, "virtual_time_s": 1270.371198, "measure_result": "no_signal"}}
2026-09-12 22:26:12,650 INFO request {"path": "/measure", "payload": {"arena_id": "default", "robot_id": "202601002029", "request_id": "f8a731a01ac04e2588c146fe8fe283ff", "position": {"x": 980.0, "y": 0.0}, "channel": 15}, "attempt": 1}
2026-09-12 22:26:12,652 INFO response {"request_id": "f8a731a01ac04e2588c146fe8fe283ff", "http_status": 200, "body": {"accepted": true, "real_timestamp_ms": 1789223169527, "virtual_time_s": 1276.371198, "measure_result": "no_signal"}}
2026-09-12 22:26:12,683 INFO request {"path": "/measure", "payload": {"arena_id": "default", "robot_id": "202601002029", "request_id": "0088b157979443e0b46c33f61af398b8", "position": {"x": 980.0, "y": 0.0}, "channel": 16}, "attempt": 1}
2026-09-12 22:26:12,685 INFO response {"request_id": "0088b157979443e0b46c33f61af398b8", "http_status": 200, "body": {"accepted": true, "real_timestamp_ms": 1789223169560, "virtual_time_s": 1282.371198, "measure_result": "no_signal"}}
2026-09-12 22:26:12,716 INFO request {"path": "/measure", "payload": {"arena_id": "default", "robot_id": "202601002029", "request_id": "c69684c9d7654e758e6d79a1808c1b58", "position": {"x": 980.0, "y": 0.0}, "channel": 17}, "attempt": 1}
2026-09-12 22:26:12,719 INFO response {"request_id": "c69684c9d7654e758e6d79a1808c1b58", "http_status": 200, "body": {"accepted": true, "real_timestamp_ms": 1789223169594, "virtual_time_s": 1288.371198, "measure_result": "no_signal"}}
2026-09-12 22:26:12,750 INFO request {"path": "/measure", "payload": {"arena_id": "default", "robot_id": "202601002029", "request_id": "5cb78ce17fe64f618f8da9f11f9073ee", "position": {"x": 980.0, "y": 0.0}, "channel": 18}, "attempt": 1}
2026-09-12 22:26:12,763 INFO response {"request_id": "5cb78ce17fe64f618f8da9f11f9073ee", "http_status": 200, "body": {"accepted": true, "real_timestamp_ms": 1789223169638, "virtual_time_s": 1294.371198, "measure_result": "no_signal"}}
2026-09-12 22:26:12,778 INFO request {"path": "/measure", "payload": {"arena_id": "default", "robot_id": "202601002029", "request_id": "14c6a23980714d81a2a8d3dfee8464e9", "position": {"x": 980.0, "y": 0.0}, "channel": 20}, "attempt": 1}
2026-09-12 22:26:12,794 INFO response {"request_id": "14c6a23980714d81a2a8d3dfee8464e9", "http_status": 200, "body": {"accepted": true, "real_timestamp_ms": 1789223169669, "virtual_time_s": 1300.371198, "measure_result": "no_signal"}}
2026-09-12 22:26:12,813 INFO request {"path": "/measure", "payload": {"arena_id": "default", "robot_id": "202601002029", "request_id": "2b2ac25d87d44ca6b78f70af7f9762fb", "position": {"x": 980.0, "y": 0.0}, "channel": 8}, "attempt": 1}
2026-09-12 22:26:12,832 INFO response {"request_id": "2b2ac25d87d44ca6b78f70af7f9762fb", "http_status": 200, "body": {"accepted": true, "real_timestamp_ms": 1789223169707, "virtual_time_s": 1306.371198, "measure_result": "no_signal"}}
2026-09-12 22:26:12,857 INFO request {"path": "/measure", "payload": {"arena_id": "default", "robot_id": "202601002029", "request_id": "ca171a713a1a4c369970aac5656d92e3", "position": {"x": 848.7048957087496, "y": -490.00000000000045}, "channel": 1}, "attempt": 1}
2026-09-12 22:26:12,871 INFO response {"request_id": "ca171a713a1a4c369970aac5656d92e3", "http_status": 200, "body": {"accepted": true, "real_timestamp_ms": 1789223169746, "virtual_time_s": 1413.828264, "measure_result": "no_signal"}}
2026-09-12 22:26:12,886 INFO request {"path": "/measure", "payload": {"arena_id": "default", "robot_id": "202601002029", "request_id": "924c0c0ae9cd4598a8f173f1ea98af4f", "position": {"x": 848.7048957087496, "y": -490.00000000000045}, "channel": 2}, "attempt": 1}
2026-09-12 22:26:12,901 INFO response {"request_id": "924c0c0ae9cd4598a8f173f1ea98af4f", "http_status": 200, "body": {"accepted": true, "real_timestamp_ms": 1789223169776, "virtual_time_s": 1419.828264, "measure_result": "no_signal"}}
2026-09-12 22:26:12,916 INFO request {"path": "/measure", "payload": {"arena_id": "default", "robot_id": "202601002029", "request_id": "a90793a344ba40a490f00ca12c17722c", "position": {"x": 848.7048957087496, "y": -490.00000000000045}, "channel": 3}, "attempt": 1}
2026-09-12 22:26:12,930 INFO response {"request_id": "a90793a344ba40a490f00ca12c17722c", "http_status": 200, "body": {"accepted": true, "real_timestamp_ms": 1789223169806, "virtual_time_s": 1425.828264, "measure_result": "no_signal"}}
2026-09-12 22:26:12,946 INFO request {"path": "/measure", "payload": {"arena_id": "default", "robot_id": "202601002029", "request_id": "23d9724f59654408922d63a751798837", "position": {"x": 848.7048957087496, "y": -490.00000000000045}, "channel": 4}, "attempt": 1}
2026-09-12 22:26:12,959 INFO response {"request_id": "23d9724f59654408922d63a751798837", "http_status": 200, "body": {"accepted": true, "real_timestamp_ms": 1789223169835, "virtual_time_s": 1431.828264, "measure_result": "no_signal"}}
2026-09-12 22:26:12,974 INFO request {"path": "/measure", "payload": {"arena_id": "default", "robot_id": "202601002029", "request_id": "3affad82a35042de8fd18fdff783251a", "position": {"x": 848.7048957087496, "y": -490.00000000000045}, "channel": 9}, "attempt": 1}
2026-09-12 22:26:12,990 INFO response {"request_id": "3affad82a35042de8fd18fdff783251a", "http_status": 200, "body": {"accepted": true, "real_timestamp_ms": 1789223169865, "virtual_time_s": 1437.828264, "measure_result": "no_signal"}}
2026-09-12 22:26:13,004 INFO request {"path": "/measure", "payload": {"arena_id": "default", "robot_id": "202601002029", "request_id": "963462a00aad44bfbced969c17d119a4", "position": {"x": 848.7048957087496, "y": -490.00000000000045}, "channel": 10}, "attempt": 1}
2026-09-12 22:26:13,019 INFO response {"request_id": "963462a00aad44bfbced969c17d119a4", "http_status": 200, "body": {"accepted": true, "real_timestamp_ms": 1789223169894, "virtual_time_s": 1443.828264, "measure_result": "no_signal"}}
2026-09-12 22:26:13,035 INFO request {"path": "/measure", "payload": {"arena_id": "default", "robot_id": "202601002029", "request_id": "c58b8fa8199540fd9fadf7c01a90da0c", "position": {"x": 848.7048957087496, "y": -490.00000000000045}, "channel": 11}, "attempt": 1}
2026-09-12 22:26:13,049 INFO response {"request_id": "c58b8fa8199540fd9fadf7c01a90da0c", "http_status": 200, "body": {"accepted": true, "real_timestamp_ms": 1789223169924, "virtual_time_s": 1449.828264, "measure_result": "no_signal"}}
2026-09-12 22:26:13,079 INFO request {"path": "/measure", "payload": {"arena_id": "default", "robot_id": "202601002029", "request_id": "d3708127fef645e4b4176a4544bf338f", "position": {"x": 848.7048957087496, "y": -490.00000000000045}, "channel": 13}, "attempt": 1}
2026-09-12 22:26:13,097 INFO response {"request_id": "d3708127fef645e4b4176a4544bf338f", "http_status": 200, "body": {"accepted": true, "real_timestamp_ms": 1789223169973, "virtual_time_s": 1455.828264, "measure_result": "no_signal"}}
2026-09-12 22:26:13,097 INFO request {"path": "/measure", "payload": {"arena_id": "default", "robot_id": "202601002029", "request_id": "d51365a2edf1453e91ec4cd809ea73d6", "position": {"x": 848.7048957087496, "y": -490.00000000000045}, "channel": 14}, "attempt": 1}
2026-09-12 22:26:13,116 INFO response {"request_id": "d51365a2edf1453e91ec4cd809ea73d6", "http_status": 200, "body": {"accepted": true, "real_timestamp_ms": 1789223169992, "virtual_time_s": 1461.828264, "measure_result": "no_signal"}}
2026-09-12 22:26:13,131 INFO request {"path": "/measure", "payload": {"arena_id": "default", "robot_id": "202601002029", "request_id": "8700dcd763d5476791d02a227841739e", "position": {"x": 848.7048957087496, "y": -490.00000000000045}, "channel": 15}, "attempt": 1}
2026-09-12 22:26:13,146 INFO response {"request_id": "8700dcd763d5476791d02a227841739e", "http_status": 200, "body": {"accepted": true, "real_timestamp_ms": 1789223170021, "virtual_time_s": 1467.828264, "measure_result": "direction", "svd_deg": 21.61}}
2026-09-12 22:26:13,165 INFO request {"path": "/measure", "payload": {"arena_id": "default", "robot_id": "202601002029", "request_id": "1769c8bd5b1d4bd498ff56e09fb2a352", "position": {"x": 848.7048957087496, "y": -490.00000000000045}, "channel": 16}, "attempt": 1}
2026-09-12 22:26:13,186 INFO response {"request_id": "1769c8bd5b1d4bd498ff56e09fb2a352", "http_status": 200, "body": {"accepted": true, "real_timestamp_ms": 1789223170061, "virtual_time_s": 1473.828264, "measure_result": "no_signal"}}
2026-09-12 22:26:13,201 INFO request {"path": "/measure", "payload": {"arena_id": "default", "robot_id": "202601002029", "request_id": "bb42c041963f4616bc15ee1d0eab4afc", "position": {"x": 848.7048957087496, "y": -490.00000000000045}, "channel": 17}, "attempt": 1}
2026-09-12 22:26:13,215 INFO response {"request_id": "bb42c041963f4616bc15ee1d0eab4afc", "http_status": 200, "body": {"accepted": true, "real_timestamp_ms": 1789223170090, "virtual_time_s": 1479.828264, "measure_result": "no_signal"}}
2026-09-12 22:26:13,230 INFO request {"path": "/measure", "payload": {"arena_id": "default", "robot_id": "202601002029", "request_id": "34808a28063d4efab896a11df20b6d5a", "position": {"x": 848.7048957087496, "y": -490.00000000000045}, "channel": 18}, "attempt": 1}
2026-09-12 22:26:13,233 INFO response {"request_id": "34808a28063d4efab896a11df20b6d5a", "http_status": 200, "body": {"accepted": true, "real_timestamp_ms": 1789223170107, "virtual_time_s": 1485.828264, "measure_result": "no_signal"}}
2026-09-12 22:26:13,264 INFO request {"path": "/measure", "payload": {"arena_id": "default", "robot_id": "202601002029", "request_id": "cd867501a67041ae9bb77deaa74a9f83", "position": {"x": 848.7048957087496, "y": -490.00000000000045}, "channel": 20}, "attempt": 1}
2026-09-12 22:26:13,267 INFO response {"request_id": "cd867501a67041ae9bb77deaa74a9f83", "http_status": 200, "body": {"accepted": true, "real_timestamp_ms": 1789223170141, "virtual_time_s": 1491.828264, "measure_result": "no_signal"}}
2026-09-12 22:26:13,319 INFO request {"path": "/measure", "payload": {"arena_id": "default", "robot_id": "202601002029", "request_id": "031b36e0cdd54ee782a33527a89a232d", "position": {"x": 489.9999999999994, "y": -848.7048957087503}, "channel": 20}, "attempt": 1}
2026-09-12 22:26:13,334 INFO response {"request_id": "031b36e0cdd54ee782a33527a89a232d", "http_status": 200, "body": {"accepted": true, "real_timestamp_ms": 1789223170209, "virtual_time_s": 1598.28533, "measure_result": "no_signal"}}
2026-09-12 22:26:13,348 INFO request {"path": "/measure", "payload": {"arena_id": "default", "robot_id": "202601002029", "request_id": "4dbad502bb7c47debc6817adf452b12e", "position": {"x": 489.9999999999994, "y": -848.7048957087503}, "channel": 1}, "attempt": 1}
2026-09-12 22:26:13,364 INFO response {"request_id": "4dbad502bb7c47debc6817adf452b12e", "http_status": 200, "body": {"accepted": true, "real_timestamp_ms": 1789223170239, "virtual_time_s": 1604.28533, "measure_result": "no_signal"}}
2026-09-12 22:26:13,379 INFO request {"path": "/measure", "payload": {"arena_id": "default", "robot_id": "202601002029", "request_id": "ac730b825a9340fe952233f644473b8c", "position": {"x": 489.9999999999994, "y": -848.7048957087503}, "channel": 2}, "attempt": 1}
2026-09-12 22:26:13,380 INFO response {"request_id": "ac730b825a9340fe952233f644473b8c", "http_status": 200, "body": {"accepted": true, "real_timestamp_ms": 1789223170255, "virtual_time_s": 1610.28533, "measure_result": "no_signal"}}
2026-09-12 22:26:13,411 INFO request {"path": "/measure", "payload": {"arena_id": "default", "robot_id": "202601002029", "request_id": "5ac203e808d64f47be9bd96dd10ef2c1", "position": {"x": 489.9999999999994, "y": -848.7048957087503}, "channel": 3}, "attempt": 1}
2026-09-12 22:26:13,412 INFO response {"request_id": "5ac203e808d64f47be9bd96dd10ef2c1", "http_status": 200, "body": {"accepted": true, "real_timestamp_ms": 1789223170287, "virtual_time_s": 1616.28533, "measure_result": "no_signal"}}
2026-09-12 22:26:13,443 INFO request {"path": "/measure", "payload": {"arena_id": "default", "robot_id": "202601002029", "request_id": "e1a1878fc3854606a27971182e04277e", "position": {"x": 489.9999999999994, "y": -848.7048957087503}, "channel": 4}, "attempt": 1}
2026-09-12 22:26:13,444 INFO response {"request_id": "e1a1878fc3854606a27971182e04277e", "http_status": 200, "body": {"accepted": true, "real_timestamp_ms": 1789223170319, "virtual_time_s": 1622.28533, "measure_result": "no_signal"}}
2026-09-12 22:26:13,474 INFO request {"path": "/measure", "payload": {"arena_id": "default", "robot_id": "202601002029", "request_id": "7d78e9de42dc452eb2733f407e92c2f3", "position": {"x": 489.9999999999994, "y": -848.7048957087503}, "channel": 9}, "attempt": 1}
2026-09-12 22:26:13,492 INFO response {"request_id": "7d78e9de42dc452eb2733f407e92c2f3", "http_status": 200, "body": {"accepted": true, "real_timestamp_ms": 1789223170367, "virtual_time_s": 1628.28533, "measure_result": "no_signal"}}
2026-09-12 22:26:13,507 INFO request {"path": "/measure", "payload": {"arena_id": "default", "robot_id": "202601002029", "request_id": "6365f95189234a12a1270c900cf5ff9d", "position": {"x": 489.9999999999994, "y": -848.7048957087503}, "channel": 10}, "attempt": 1}
2026-09-12 22:26:13,509 INFO response {"request_id": "6365f95189234a12a1270c900cf5ff9d", "http_status": 200, "body": {"accepted": true, "real_timestamp_ms": 1789223170384, "virtual_time_s": 1634.28533, "measure_result": "no_signal"}}
2026-09-12 22:26:13,540 INFO request {"path": "/measure", "payload": {"arena_id": "default", "robot_id": "202601002029", "request_id": "8cf34266a31d4fe7ac5d64dbe5d8c78c", "position": {"x": 489.9999999999994, "y": -848.7048957087503}, "channel": 11}, "attempt": 1}
2026-09-12 22:26:13,561 INFO response {"request_id": "8cf34266a31d4fe7ac5d64dbe5d8c78c", "http_status": 200, "body": {"accepted": true, "real_timestamp_ms": 1789223170436, "virtual_time_s": 1640.28533, "measure_result": "no_signal"}}
2026-09-12 22:26:13,576 INFO request {"path": "/measure", "payload": {"arena_id": "default", "robot_id": "202601002029", "request_id": "3ac0366fc0a34fbc9831b43e89e9d665", "position": {"x": 489.9999999999994, "y": -848.7048957087503}, "channel": 13}, "attempt": 1}
2026-09-12 22:26:13,589 INFO response {"request_id": "3ac0366fc0a34fbc9831b43e89e9d665", "http_status": 200, "body": {"accepted": true, "real_timestamp_ms": 1789223170465, "virtual_time_s": 1646.28533, "measure_result": "no_signal"}}
2026-09-12 22:26:13,604 INFO request {"path": "/measure", "payload": {"arena_id": "default", "robot_id": "202601002029", "request_id": "c74f28a465624028a5385108ee7481bf", "position": {"x": 489.9999999999994, "y": -848.7048957087503}, "channel": 14}, "attempt": 1}
2026-09-12 22:26:13,619 INFO response {"request_id": "c74f28a465624028a5385108ee7481bf", "http_status": 200, "body": {"accepted": true, "real_timestamp_ms": 1789223170495, "virtual_time_s": 1652.28533, "measure_result": "no_signal"}}
2026-09-12 22:26:13,634 INFO request {"path": "/measure", "payload": {"arena_id": "default", "robot_id": "202601002029", "request_id": "e45b69c6d1eb49bb868b6eefaf710a02", "position": {"x": 489.9999999999994, "y": -848.7048957087503}, "channel": 16}, "attempt": 1}
2026-09-12 22:26:13,649 INFO response {"request_id": "e45b69c6d1eb49bb868b6eefaf710a02", "http_status": 200, "body": {"accepted": true, "real_timestamp_ms": 1789223170524, "virtual_time_s": 1658.28533, "measure_result": "no_signal"}}
2026-09-12 22:26:13,664 INFO request {"path": "/measure", "payload": {"arena_id": "default", "robot_id": "202601002029", "request_id": "2e060b40895f4bc5b6a4555a4d0cb9cb", "position": {"x": 489.9999999999994, "y": -848.7048957087503}, "channel": 17}, "attempt": 1}
2026-09-12 22:26:13,666 INFO response {"request_id": "2e060b40895f4bc5b6a4555a4d0cb9cb", "http_status": 200, "body": {"accepted": true, "real_timestamp_ms": 1789223170541, "virtual_time_s": 1664.28533, "measure_result": "no_signal"}}
2026-09-12 22:26:13,696 INFO request {"path": "/measure", "payload": {"arena_id": "default", "robot_id": "202601002029", "request_id": "9a6a667866df4484ba1c7ce70565f3c4", "position": {"x": 489.9999999999994, "y": -848.7048957087503}, "channel": 18}, "attempt": 1}
2026-09-12 22:26:13,698 INFO response {"request_id": "9a6a667866df4484ba1c7ce70565f3c4", "http_status": 200, "body": {"accepted": true, "real_timestamp_ms": 1789223170573, "virtual_time_s": 1670.28533, "measure_result": "no_signal"}}
2026-09-12 22:26:13,733 INFO request {"path": "/measure", "payload": {"arena_id": "default", "robot_id": "202601002029", "request_id": "4b390c814d494d71ac36ac145b3093f8", "position": {"x": 489.9999999999994, "y": -848.7048957087503}, "channel": 15}, "attempt": 1}
2026-09-12 22:26:13,735 INFO response {"request_id": "4b390c814d494d71ac36ac145b3093f8", "http_status": 200, "body": {"accepted": true, "real_timestamp_ms": 1789223170610, "virtual_time_s": 1676.28533, "measure_result": "direction", "svd_deg": 36.0}}
2026-09-12 22:26:13,773 INFO request {"path": "/measure", "payload": {"arena_id": "default", "robot_id": "202601002029", "request_id": "63d926fddcf744d6905c229b283da40f", "position": {"x": -1.8002307947466092e-13, "y": -980.0}, "channel": 1}, "attempt": 1}
2026-09-12 22:26:13,787 INFO response {"request_id": "63d926fddcf744d6905c229b283da40f", "http_status": 200, "body": {"accepted": true, "real_timestamp_ms": 1789223170661, "virtual_time_s": 1783.742396, "measure_result": "no_signal"}}
2026-09-12 22:26:13,801 INFO request {"path": "/measure", "payload": {"arena_id": "default", "robot_id": "202601002029", "request_id": "69840bf3a3724942a4540fc3f25e6217", "position": {"x": -1.8002307947466092e-13, "y": -980.0}, "channel": 2}, "attempt": 1}
2026-09-12 22:26:13,803 INFO response {"request_id": "69840bf3a3724942a4540fc3f25e6217", "http_status": 200, "body": {"accepted": true, "real_timestamp_ms": 1789223170678, "virtual_time_s": 1789.742396, "measure_result": "no_signal"}}
2026-09-12 22:26:13,834 INFO request {"path": "/measure", "payload": {"arena_id": "default", "robot_id": "202601002029", "request_id": "3b96275a3ee54a318f062d320992f5c6", "position": {"x": -1.8002307947466092e-13, "y": -980.0}, "channel": 3}, "attempt": 1}
2026-09-12 22:26:13,846 INFO response {"request_id": "3b96275a3ee54a318f062d320992f5c6", "http_status": 200, "body": {"accepted": true, "real_timestamp_ms": 1789223170721, "virtual_time_s": 1795.742396, "measure_result": "no_signal"}}
2026-09-12 22:26:13,876 INFO request {"path": "/measure", "payload": {"arena_id": "default", "robot_id": "202601002029", "request_id": "21afd63b318e453f96d10ce5179921c9", "position": {"x": -1.8002307947466092e-13, "y": -980.0}, "channel": 4}, "attempt": 1}
2026-09-12 22:26:13,896 INFO response {"request_id": "21afd63b318e453f96d10ce5179921c9", "http_status": 200, "body": {"accepted": true, "real_timestamp_ms": 1789223170771, "virtual_time_s": 1801.742396, "measure_result": "no_signal"}}
2026-09-12 22:26:13,896 INFO request {"path": "/measure", "payload": {"arena_id": "default", "robot_id": "202601002029", "request_id": "39e45588a8e64887be49d05d76036edf", "position": {"x": -1.8002307947466092e-13, "y": -980.0}, "channel": 9}, "attempt": 1}
2026-09-12 22:26:13,898 INFO response {"request_id": "39e45588a8e64887be49d05d76036edf", "http_status": 200, "body": {"accepted": true, "real_timestamp_ms": 1789223170773, "virtual_time_s": 1807.742396, "measure_result": "no_signal"}}
2026-09-12 22:26:13,929 INFO request {"path": "/measure", "payload": {"arena_id": "default", "robot_id": "202601002029", "request_id": "0d140d9ede73458591162a889e977f40", "position": {"x": -1.8002307947466092e-13, "y": -980.0}, "channel": 10}, "attempt": 1}
2026-09-12 22:26:13,943 INFO response {"request_id": "0d140d9ede73458591162a889e977f40", "http_status": 200, "body": {"accepted": true, "real_timestamp_ms": 1789223170819, "virtual_time_s": 1813.742396, "measure_result": "no_signal"}}
2026-09-12 22:26:13,959 INFO request {"path": "/measure", "payload": {"arena_id": "default", "robot_id": "202601002029", "request_id": "dc912fb04eeb431d87a7a06db1ecd7a0", "position": {"x": -1.8002307947466092e-13, "y": -980.0}, "channel": 11}, "attempt": 1}
2026-09-12 22:26:13,961 INFO response {"request_id": "dc912fb04eeb431d87a7a06db1ecd7a0", "http_status": 200, "body": {"accepted": true, "real_timestamp_ms": 1789223170836, "virtual_time_s": 1819.742396, "measure_result": "no_signal"}}
2026-09-12 22:26:13,992 INFO request {"path": "/measure", "payload": {"arena_id": "default", "robot_id": "202601002029", "request_id": "6537f6cbb2834e4f98637ddb6f76a7a5", "position": {"x": -1.8002307947466092e-13, "y": -980.0}, "channel": 13}, "attempt": 1}
2026-09-12 22:26:13,994 INFO response {"request_id": "6537f6cbb2834e4f98637ddb6f76a7a5", "http_status": 200, "body": {"accepted": true, "real_timestamp_ms": 1789223170869, "virtual_time_s": 1825.742396, "measure_result": "no_signal"}}
2026-09-12 22:26:14,024 INFO request {"path": "/measure", "payload": {"arena_id": "default", "robot_id": "202601002029", "request_id": "6c85c74ea03344c68e66505d6fa5f63a", "position": {"x": -1.8002307947466092e-13, "y": -980.0}, "channel": 14}, "attempt": 1}
2026-09-12 22:26:14,044 INFO response {"request_id": "6c85c74ea03344c68e66505d6fa5f63a", "http_status": 200, "body": {"accepted": true, "real_timestamp_ms": 1789223170918, "virtual_time_s": 1831.742396, "measure_result": "no_signal"}}
2026-09-12 22:26:14,059 INFO request {"path": "/measure", "payload": {"arena_id": "default", "robot_id": "202601002029", "request_id": "bed6038ebf07482dadd170fbddf6e80d", "position": {"x": -1.8002307947466092e-13, "y": -980.0}, "channel": 16}, "attempt": 1}
2026-09-12 22:26:14,072 INFO response {"request_id": "bed6038ebf07482dadd170fbddf6e80d", "http_status": 200, "body": {"accepted": true, "real_timestamp_ms": 1789223170947, "virtual_time_s": 1837.742396, "measure_result": "no_signal"}}
2026-09-12 22:26:14,088 INFO request {"path": "/measure", "payload": {"arena_id": "default", "robot_id": "202601002029", "request_id": "7a91d0be57134be59feeaee00660fbe9", "position": {"x": -1.8002307947466092e-13, "y": -980.0}, "channel": 17}, "attempt": 1}
2026-09-12 22:26:14,102 INFO response {"request_id": "7a91d0be57134be59feeaee00660fbe9", "http_status": 200, "body": {"accepted": true, "real_timestamp_ms": 1789223170977, "virtual_time_s": 1843.742396, "measure_result": "no_signal"}}
2026-09-12 22:26:14,117 INFO request {"path": "/measure", "payload": {"arena_id": "default", "robot_id": "202601002029", "request_id": "231ce6cd73b744c08e224d16c6a260d1", "position": {"x": -1.8002307947466092e-13, "y": -980.0}, "channel": 18}, "attempt": 1}
2026-09-12 22:26:14,131 INFO response {"request_id": "231ce6cd73b744c08e224d16c6a260d1", "http_status": 200, "body": {"accepted": true, "real_timestamp_ms": 1789223171006, "virtual_time_s": 1849.742396, "measure_result": "direction", "svd_deg": 179.9}}
2026-09-12 22:26:14,148 INFO request {"path": "/measure", "payload": {"arena_id": "default", "robot_id": "202601002029", "request_id": "2122dd92649b4d03aef3ce22b565935d", "position": {"x": -1.8002307947466092e-13, "y": -980.0}, "channel": 20}, "attempt": 1}
2026-09-12 22:26:14,161 INFO response {"request_id": "2122dd92649b4d03aef3ce22b565935d", "http_status": 200, "body": {"accepted": true, "real_timestamp_ms": 1789223171036, "virtual_time_s": 1855.742396, "measure_result": "no_signal"}}
2026-09-12 22:26:14,183 INFO request {"path": "/measure", "payload": {"arena_id": "default", "robot_id": "202601002029", "request_id": "164c1b16b13d4c369f490f4853817123", "position": {"x": -1.8002307947466092e-13, "y": -980.0}, "channel": 19}, "attempt": 1}
2026-09-12 22:26:14,200 INFO response {"request_id": "164c1b16b13d4c369f490f4853817123", "http_status": 200, "body": {"accepted": true, "real_timestamp_ms": 1789223171075, "virtual_time_s": 1861.742396, "measure_result": "no_signal"}}
2026-09-12 22:26:14,223 INFO request {"path": "/measure", "payload": {"arena_id": "default", "robot_id": "202601002029", "request_id": "072b5fd2e4e44eaca4fcdd4de24f3333", "position": {"x": -490.00000000000045, "y": -848.7048957087497}, "channel": 1}, "attempt": 1}
2026-09-12 22:26:14,225 INFO response {"request_id": "072b5fd2e4e44eaca4fcdd4de24f3333", "http_status": 200, "body": {"accepted": true, "real_timestamp_ms": 1789223171100, "virtual_time_s": 1969.199462, "measure_result": "no_signal"}}
2026-09-12 22:26:14,255 INFO request {"path": "/measure", "payload": {"arena_id": "default", "robot_id": "202601002029", "request_id": "c5501574304949c2a5fc6274be3f0055", "position": {"x": -490.00000000000045, "y": -848.7048957087497}, "channel": 2}, "attempt": 1}
2026-09-12 22:26:14,257 INFO response {"request_id": "c5501574304949c2a5fc6274be3f0055", "http_status": 200, "body": {"accepted": true, "real_timestamp_ms": 1789223171132, "virtual_time_s": 1975.199462, "measure_result": "no_signal"}}
2026-09-12 22:26:14,287 INFO request {"path": "/measure", "payload": {"arena_id": "default", "robot_id": "202601002029", "request_id": "442e45c55e25480e8802a374347c6070", "position": {"x": -490.00000000000045, "y": -848.7048957087497}, "channel": 3}, "attempt": 1}
2026-09-12 22:26:14,289 INFO response {"request_id": "442e45c55e25480e8802a374347c6070", "http_status": 200, "body": {"accepted": true, "real_timestamp_ms": 1789223171164, "virtual_time_s": 1981.199462, "measure_result": "no_signal"}}
2026-09-12 22:26:14,319 INFO request {"path": "/measure", "payload": {"arena_id": "default", "robot_id": "202601002029", "request_id": "10fb3b40e6d64e1e9110a3be080ffd9e", "position": {"x": -490.00000000000045, "y": -848.7048957087497}, "channel": 4}, "attempt": 1}
2026-09-12 22:26:14,321 INFO response {"request_id": "10fb3b40e6d64e1e9110a3be080ffd9e", "http_status": 200, "body": {"accepted": true, "real_timestamp_ms": 1789223171196, "virtual_time_s": 1987.199462, "measure_result": "no_signal"}}
2026-09-12 22:26:14,352 INFO request {"path": "/measure", "payload": {"arena_id": "default", "robot_id": "202601002029", "request_id": "b043625fc77f492d82a5df143680e530", "position": {"x": -490.00000000000045, "y": -848.7048957087497}, "channel": 9}, "attempt": 1}
2026-09-12 22:26:14,353 INFO response {"request_id": "b043625fc77f492d82a5df143680e530", "http_status": 200, "body": {"accepted": true, "real_timestamp_ms": 1789223171228, "virtual_time_s": 1993.199462, "measure_result": "no_signal"}}
2026-09-12 22:26:14,384 INFO request {"path": "/measure", "payload": {"arena_id": "default", "robot_id": "202601002029", "request_id": "090d36b9191041fa87e93e606326f09e", "position": {"x": -490.00000000000045, "y": -848.7048957087497}, "channel": 10}, "attempt": 1}
2026-09-12 22:26:14,397 INFO response {"request_id": "090d36b9191041fa87e93e606326f09e", "http_status": 200, "body": {"accepted": true, "real_timestamp_ms": 1789223171271, "virtual_time_s": 1999.199462, "measure_result": "no_signal"}}
2026-09-12 22:26:14,413 INFO request {"path": "/measure", "payload": {"arena_id": "default", "robot_id": "202601002029", "request_id": "3e1a9eef2a9b4017896626579c83066a", "position": {"x": -490.00000000000045, "y": -848.7048957087497}, "channel": 11}, "attempt": 1}
2026-09-12 22:26:14,425 INFO response {"request_id": "3e1a9eef2a9b4017896626579c83066a", "http_status": 200, "body": {"accepted": true, "real_timestamp_ms": 1789223171301, "virtual_time_s": 2005.199462, "measure_result": "no_signal"}}
2026-09-12 22:26:14,440 INFO request {"path": "/measure", "payload": {"arena_id": "default", "robot_id": "202601002029", "request_id": "425d7eebafa94cc8909a8e20078fdc67", "position": {"x": -490.00000000000045, "y": -848.7048957087497}, "channel": 13}, "attempt": 1}
2026-09-12 22:26:14,442 INFO response {"request_id": "425d7eebafa94cc8909a8e20078fdc67", "http_status": 200, "body": {"accepted": true, "real_timestamp_ms": 1789223171317, "virtual_time_s": 2011.199462, "measure_result": "no_signal"}}
2026-09-12 22:26:14,458 INFO request {"path": "/measure", "payload": {"arena_id": "default", "robot_id": "202601002029", "request_id": "fd08e7cb936b498c90d96bcc0e9cb471", "position": {"x": -490.00000000000045, "y": -848.7048957087497}, "channel": 14}, "attempt": 1}
2026-09-12 22:26:14,476 INFO response {"request_id": "fd08e7cb936b498c90d96bcc0e9cb471", "http_status": 200, "body": {"accepted": true, "real_timestamp_ms": 1789223171350, "virtual_time_s": 2017.199462, "measure_result": "no_signal"}}
2026-09-12 22:26:14,492 INFO request {"path": "/measure", "payload": {"arena_id": "default", "robot_id": "202601002029", "request_id": "0bbf22e6c0704090908e52f429e7722d", "position": {"x": -490.00000000000045, "y": -848.7048957087497}, "channel": 16}, "attempt": 1}
2026-09-12 22:26:14,505 INFO response {"request_id": "0bbf22e6c0704090908e52f429e7722d", "http_status": 200, "body": {"accepted": true, "real_timestamp_ms": 1789223171380, "virtual_time_s": 2023.199462, "measure_result": "no_signal"}}
2026-09-12 22:26:14,520 INFO request {"path": "/measure", "payload": {"arena_id": "default", "robot_id": "202601002029", "request_id": "e4a7377707e340e9bd7068485a3f68a9", "position": {"x": -490.00000000000045, "y": -848.7048957087497}, "channel": 17}, "attempt": 1}
2026-09-12 22:26:14,533 INFO response {"request_id": "e4a7377707e340e9bd7068485a3f68a9", "http_status": 200, "body": {"accepted": true, "real_timestamp_ms": 1789223171409, "virtual_time_s": 2029.199462, "measure_result": "no_signal"}}
2026-09-12 22:26:14,564 INFO request {"path": "/measure", "payload": {"arena_id": "default", "robot_id": "202601002029", "request_id": "0889216792704c4f99dda724d5581f04", "position": {"x": -490.00000000000045, "y": -848.7048957087497}, "channel": 20}, "attempt": 1}
2026-09-12 22:26:14,584 INFO response {"request_id": "0889216792704c4f99dda724d5581f04", "http_status": 200, "body": {"accepted": true, "real_timestamp_ms": 1789223171458, "virtual_time_s": 2035.199462, "measure_result": "direction", "svd_deg": 109.75}}
2026-09-12 22:26:14,623 INFO request {"path": "/measure", "payload": {"arena_id": "default", "robot_id": "202601002029", "request_id": "417d08bcf8e84fbf92a3bc3888fd9799", "position": {"x": -490.00000000000045, "y": -848.7048957087497}, "channel": 18}, "attempt": 1}
2026-09-12 22:26:14,625 INFO response {"request_id": "417d08bcf8e84fbf92a3bc3888fd9799", "http_status": 200, "body": {"accepted": true, "real_timestamp_ms": 1789223171500, "virtual_time_s": 2041.199462, "measure_result": "direction", "svd_deg": 197.84}}
2026-09-12 22:26:14,660 INFO request {"path": "/measure", "payload": {"arena_id": "default", "robot_id": "202601002029", "request_id": "f8b484bf197b45baad9aaeebde5e827e", "position": {"x": -848.7048957087501, "y": -489.9999999999997}, "channel": 1}, "attempt": 1}
2026-09-12 22:26:14,671 INFO response {"request_id": "f8b484bf197b45baad9aaeebde5e827e", "http_status": 200, "body": {"accepted": true, "real_timestamp_ms": 1789223171546, "virtual_time_s": 2148.656528, "measure_result": "no_signal"}}
2026-09-12 22:26:14,701 INFO request {"path": "/measure", "payload": {"arena_id": "default", "robot_id": "202601002029", "request_id": "aa986563057149419ea7fed29074f2ab", "position": {"x": -848.7048957087501, "y": -489.9999999999997}, "channel": 2}, "attempt": 1}
2026-09-12 22:26:14,721 INFO response {"request_id": "aa986563057149419ea7fed29074f2ab", "http_status": 200, "body": {"accepted": true, "real_timestamp_ms": 1789223171597, "virtual_time_s": 2154.656528, "measure_result": "no_signal"}}
2026-09-12 22:26:14,736 INFO request {"path": "/measure", "payload": {"arena_id": "default", "robot_id": "202601002029", "request_id": "987ef34fb82d48f0bba959598af91b56", "position": {"x": -848.7048957087501, "y": -489.9999999999997}, "channel": 3}, "attempt": 1}
2026-09-12 22:26:14,738 INFO response {"request_id": "987ef34fb82d48f0bba959598af91b56", "http_status": 200, "body": {"accepted": true, "real_timestamp_ms": 1789223171613, "virtual_time_s": 2160.656528, "measure_result": "no_signal"}}
2026-09-12 22:26:14,753 INFO request {"path": "/measure", "payload": {"arena_id": "default", "robot_id": "202601002029", "request_id": "6a1ae1b356b34c9aa4032613721b8490", "position": {"x": -848.7048957087501, "y": -489.9999999999997}, "channel": 4}, "attempt": 1}
2026-09-12 22:26:14,770 INFO response {"request_id": "6a1ae1b356b34c9aa4032613721b8490", "http_status": 200, "body": {"accepted": true, "real_timestamp_ms": 1789223171645, "virtual_time_s": 2166.656528, "measure_result": "no_signal"}}
2026-09-12 22:26:14,785 INFO request {"path": "/measure", "payload": {"arena_id": "default", "robot_id": "202601002029", "request_id": "7bddda875a304211aef1d05bc3314963", "position": {"x": -848.7048957087501, "y": -489.9999999999997}, "channel": 9}, "attempt": 1}
2026-09-12 22:26:14,788 INFO response {"request_id": "7bddda875a304211aef1d05bc3314963", "http_status": 200, "body": {"accepted": true, "real_timestamp_ms": 1789223171663, "virtual_time_s": 2172.656528, "measure_result": "no_signal"}}
2026-09-12 22:26:14,819 INFO request {"path": "/measure", "payload": {"arena_id": "default", "robot_id": "202601002029", "request_id": "36d3315f5751496186ac7ce34f7396d0", "position": {"x": -848.7048957087501, "y": -489.9999999999997}, "channel": 10}, "attempt": 1}
2026-09-12 22:26:14,839 INFO response {"request_id": "36d3315f5751496186ac7ce34f7396d0", "http_status": 200, "body": {"accepted": true, "real_timestamp_ms": 1789223171715, "virtual_time_s": 2178.656528, "measure_result": "no_signal"}}
2026-09-12 22:26:14,854 INFO request {"path": "/measure", "payload": {"arena_id": "default", "robot_id": "202601002029", "request_id": "cbd0b79c3e73434d8475f14bc213929f", "position": {"x": -848.7048957087501, "y": -489.9999999999997}, "channel": 11}, "attempt": 1}
2026-09-12 22:26:14,869 INFO response {"request_id": "cbd0b79c3e73434d8475f14bc213929f", "http_status": 200, "body": {"accepted": true, "real_timestamp_ms": 1789223171744, "virtual_time_s": 2184.656528, "measure_result": "no_signal"}}
2026-09-12 22:26:14,884 INFO request {"path": "/measure", "payload": {"arena_id": "default", "robot_id": "202601002029", "request_id": "9b8997af49e4454283088716e184cfa7", "position": {"x": -848.7048957087501, "y": -489.9999999999997}, "channel": 13}, "attempt": 1}
2026-09-12 22:26:14,898 INFO response {"request_id": "9b8997af49e4454283088716e184cfa7", "http_status": 200, "body": {"accepted": true, "real_timestamp_ms": 1789223171773, "virtual_time_s": 2190.656528, "measure_result": "no_signal"}}
2026-09-12 22:26:14,914 INFO request {"path": "/measure", "payload": {"arena_id": "default", "robot_id": "202601002029", "request_id": "4705d5dda9bf4e55a33f356c68f4dbe3", "position": {"x": -848.7048957087501, "y": -489.9999999999997}, "channel": 14}, "attempt": 1}
2026-09-12 22:26:14,915 INFO response {"request_id": "4705d5dda9bf4e55a33f356c68f4dbe3", "http_status": 200, "body": {"accepted": true, "real_timestamp_ms": 1789223171790, "virtual_time_s": 2196.656528, "measure_result": "no_signal"}}
2026-09-12 22:26:14,946 INFO request {"path": "/measure", "payload": {"arena_id": "default", "robot_id": "202601002029", "request_id": "f7464dc8d4c14722b04ec746a80f430b", "position": {"x": -848.7048957087501, "y": -489.9999999999997}, "channel": 16}, "attempt": 1}
2026-09-12 22:26:14,946 INFO response {"request_id": "f7464dc8d4c14722b04ec746a80f430b", "http_status": 200, "body": {"accepted": true, "real_timestamp_ms": 1789223171822, "virtual_time_s": 2202.656528, "measure_result": "direction", "svd_deg": 139.16}}
2026-09-12 22:26:14,979 INFO request {"path": "/measure", "payload": {"arena_id": "default", "robot_id": "202601002029", "request_id": "5831107ba86f4e5db8d97c5ba355c4ed", "position": {"x": -848.7048957087501, "y": -489.9999999999997}, "channel": 17}, "attempt": 1}
2026-09-12 22:26:14,995 INFO response {"request_id": "5831107ba86f4e5db8d97c5ba355c4ed", "http_status": 200, "body": {"accepted": true, "real_timestamp_ms": 1789223171870, "virtual_time_s": 2208.656528, "measure_result": "no_signal"}}
2026-09-12 22:26:15,036 INFO request {"path": "/measure", "payload": {"arena_id": "default", "robot_id": "202601002029", "request_id": "db070a310b7541bbbf8cd1dc54734391", "position": {"x": -848.7048957087501, "y": -489.9999999999997}, "channel": 18}, "attempt": 1}
2026-09-12 22:26:15,054 INFO response {"request_id": "db070a310b7541bbbf8cd1dc54734391", "http_status": 200, "body": {"accepted": true, "real_timestamp_ms": 1789223171929, "virtual_time_s": 2214.656528, "measure_result": "direction", "svd_deg": 263.01}}
2026-09-12 22:26:15,072 INFO request {"path": "/measure", "payload": {"arena_id": "default", "robot_id": "202601002029", "request_id": "d8aa254258624c46a04ed86d8e4814d1", "position": {"x": -848.7048957087501, "y": -489.9999999999997}, "channel": 20}, "attempt": 1}
2026-09-12 22:26:15,073 INFO response {"request_id": "d8aa254258624c46a04ed86d8e4814d1", "http_status": 200, "body": {"accepted": true, "real_timestamp_ms": 1789223171948, "virtual_time_s": 2220.656528, "measure_result": "direction", "svd_deg": 96.11}}
2026-09-12 22:26:15,103 INFO request {"path": "/measure", "payload": {"arena_id": "default", "robot_id": "202601002029", "request_id": "d173fc0ef11046cba72718f5d66ac77a", "position": {"x": -980.0, "y": 1.2001538631644062e-13}, "channel": 1}, "attempt": 1}
2026-09-12 22:26:15,106 INFO response {"request_id": "d173fc0ef11046cba72718f5d66ac77a", "http_status": 200, "body": {"accepted": true, "real_timestamp_ms": 1789223171981, "virtual_time_s": 2328.113594, "measure_result": "no_signal"}}
2026-09-12 22:26:15,136 INFO request {"path": "/measure", "payload": {"arena_id": "default", "robot_id": "202601002029", "request_id": "eae0dac9d5944ceb9cdf11a0a73f946e", "position": {"x": -980.0, "y": 1.2001538631644062e-13}, "channel": 2}, "attempt": 1}
2026-09-12 22:26:15,138 INFO response {"request_id": "eae0dac9d5944ceb9cdf11a0a73f946e", "http_status": 200, "body": {"accepted": true, "real_timestamp_ms": 1789223172013, "virtual_time_s": 2334.113594, "measure_result": "no_signal"}}
2026-09-12 22:26:15,169 INFO request {"path": "/measure", "payload": {"arena_id": "default", "robot_id": "202601002029", "request_id": "e82117eabce1468fba8d80bd01580148", "position": {"x": -980.0, "y": 1.2001538631644062e-13}, "channel": 3}, "attempt": 1}
2026-09-12 22:26:15,182 INFO response {"request_id": "e82117eabce1468fba8d80bd01580148", "http_status": 200, "body": {"accepted": true, "real_timestamp_ms": 1789223172057, "virtual_time_s": 2340.113594, "measure_result": "no_signal"}}
2026-09-12 22:26:15,196 INFO request {"path": "/measure", "payload": {"arena_id": "default", "robot_id": "202601002029", "request_id": "956e607848954ddcb4b0edf10152015c", "position": {"x": -980.0, "y": 1.2001538631644062e-13}, "channel": 4}, "attempt": 1}
2026-09-12 22:26:15,212 INFO response {"request_id": "956e607848954ddcb4b0edf10152015c", "http_status": 200, "body": {"accepted": true, "real_timestamp_ms": 1789223172087, "virtual_time_s": 2346.113594, "measure_result": "no_signal"}}
2026-09-12 22:26:15,227 INFO request {"path": "/measure", "payload": {"arena_id": "default", "robot_id": "202601002029", "request_id": "0dfd4cec623449dfbe1b70a3957d3456", "position": {"x": -980.0, "y": 1.2001538631644062e-13}, "channel": 9}, "attempt": 1}
2026-09-12 22:26:15,241 INFO response {"request_id": "0dfd4cec623449dfbe1b70a3957d3456", "http_status": 200, "body": {"accepted": true, "real_timestamp_ms": 1789223172116, "virtual_time_s": 2352.113594, "measure_result": "no_signal"}}
2026-09-12 22:26:15,256 INFO request {"path": "/measure", "payload": {"arena_id": "default", "robot_id": "202601002029", "request_id": "6625883c95064c11bcbf75e2e81b17a7", "position": {"x": -980.0, "y": 1.2001538631644062e-13}, "channel": 10}, "attempt": 1}
2026-09-12 22:26:15,270 INFO response {"request_id": "6625883c95064c11bcbf75e2e81b17a7", "http_status": 200, "body": {"accepted": true, "real_timestamp_ms": 1789223172145, "virtual_time_s": 2358.113594, "measure_result": "no_signal"}}
2026-09-12 22:26:15,286 INFO request {"path": "/measure", "payload": {"arena_id": "default", "robot_id": "202601002029", "request_id": "bca68f88da194c60aeb0137c76a0e6e9", "position": {"x": -980.0, "y": 1.2001538631644062e-13}, "channel": 11}, "attempt": 1}
2026-09-12 22:26:15,300 INFO response {"request_id": "bca68f88da194c60aeb0137c76a0e6e9", "http_status": 200, "body": {"accepted": true, "real_timestamp_ms": 1789223172175, "virtual_time_s": 2364.113594, "measure_result": "no_signal"}}
2026-09-12 22:26:15,314 INFO request {"path": "/measure", "payload": {"arena_id": "default", "robot_id": "202601002029", "request_id": "5d8f7dcb243648158dd51e4ed3086088", "position": {"x": -980.0, "y": 1.2001538631644062e-13}, "channel": 13}, "attempt": 1}
2026-09-12 22:26:15,330 INFO response {"request_id": "5d8f7dcb243648158dd51e4ed3086088", "http_status": 200, "body": {"accepted": true, "real_timestamp_ms": 1789223172204, "virtual_time_s": 2370.113594, "measure_result": "no_signal"}}
2026-09-12 22:26:15,345 INFO request {"path": "/measure", "payload": {"arena_id": "default", "robot_id": "202601002029", "request_id": "e8dce9ce708341ff87c6b688171e1160", "position": {"x": -980.0, "y": 1.2001538631644062e-13}, "channel": 14}, "attempt": 1}
2026-09-12 22:26:15,359 INFO response {"request_id": "e8dce9ce708341ff87c6b688171e1160", "http_status": 200, "body": {"accepted": true, "real_timestamp_ms": 1789223172234, "virtual_time_s": 2376.113594, "measure_result": "no_signal"}}
2026-09-12 22:26:15,375 INFO request {"path": "/measure", "payload": {"arena_id": "default", "robot_id": "202601002029", "request_id": "71b04961da8e4c5ba1ab8f419f089b74", "position": {"x": -980.0, "y": 1.2001538631644062e-13}, "channel": 17}, "attempt": 1}
2026-09-12 22:26:15,388 INFO response {"request_id": "71b04961da8e4c5ba1ab8f419f089b74", "http_status": 200, "body": {"accepted": true, "real_timestamp_ms": 1789223172263, "virtual_time_s": 2382.113594, "measure_result": "no_signal"}}
2026-09-12 22:26:15,452 INFO request {"path": "/measure", "payload": {"arena_id": "default", "robot_id": "202601002029", "request_id": "2a418f943b0045dbada42496fa4e6146", "position": {"x": -980.0, "y": 1.2001538631644062e-13}, "channel": 19}, "attempt": 1}
2026-09-12 22:26:15,453 INFO response {"request_id": "2a418f943b0045dbada42496fa4e6146", "http_status": 200, "body": {"accepted": true, "real_timestamp_ms": 1789223172329, "virtual_time_s": 2388.113594, "measure_result": "direction", "svd_deg": 290.69}}
2026-09-12 22:26:15,486 INFO request {"path": "/measure", "payload": {"arena_id": "default", "robot_id": "202601002029", "request_id": "8bf376c026734666bf66c7570f10efd1", "position": {"x": -980.0, "y": 1.2001538631644062e-13}, "channel": 16}, "attempt": 1}
2026-09-12 22:26:15,498 INFO response {"request_id": "8bf376c026734666bf66c7570f10efd1", "http_status": 200, "body": {"accepted": true, "real_timestamp_ms": 1789223172373, "virtual_time_s": 2394.113594, "measure_result": "direction", "svd_deg": 163.45}}
2026-09-12 22:26:15,517 INFO request {"path": "/measure", "payload": {"arena_id": "default", "robot_id": "202601002029", "request_id": "73884ff331bf46feb9f6b657bb8808c8", "position": {"x": -980.0, "y": 1.2001538631644062e-13}, "channel": 20}, "attempt": 1}
2026-09-12 22:26:15,518 INFO response {"request_id": "73884ff331bf46feb9f6b657bb8808c8", "http_status": 200, "body": {"accepted": true, "real_timestamp_ms": 1789223172394, "virtual_time_s": 2400.113594, "measure_result": "direction", "svd_deg": 84.03}}
2026-09-12 22:26:15,569 INFO request {"path": "/measure", "payload": {"arena_id": "default", "robot_id": "202601002029", "request_id": "be461ab6955d4a889ca62788656b3e9a", "position": {"x": -848.7048957087497, "y": 490.00000000000034}, "channel": 1}, "attempt": 1}
2026-09-12 22:26:15,570 INFO response {"request_id": "be461ab6955d4a889ca62788656b3e9a", "http_status": 200, "body": {"accepted": true, "real_timestamp_ms": 1789223172445, "virtual_time_s": 2507.57066, "measure_result": "no_signal"}}
2026-09-12 22:26:15,600 INFO request {"path": "/measure", "payload": {"arena_id": "default", "robot_id": "202601002029", "request_id": "8fffefb227a0484880a076b2021bb703", "position": {"x": -848.7048957087497, "y": 490.00000000000034}, "channel": 2}, "attempt": 1}
2026-09-12 22:26:15,618 INFO response {"request_id": "8fffefb227a0484880a076b2021bb703", "http_status": 200, "body": {"accepted": true, "real_timestamp_ms": 1789223172492, "virtual_time_s": 2513.57066, "measure_result": "no_signal"}}
2026-09-12 22:26:15,632 INFO request {"path": "/measure", "payload": {"arena_id": "default", "robot_id": "202601002029", "request_id": "c6f228d8950c4449a4fa097fd177cbe4", "position": {"x": -848.7048957087497, "y": 490.00000000000034}, "channel": 3}, "attempt": 1}
2026-09-12 22:26:15,646 INFO response {"request_id": "c6f228d8950c4449a4fa097fd177cbe4", "http_status": 200, "body": {"accepted": true, "real_timestamp_ms": 1789223172520, "virtual_time_s": 2519.57066, "measure_result": "no_signal"}}
2026-09-12 22:26:15,662 INFO request {"path": "/measure", "payload": {"arena_id": "default", "robot_id": "202601002029", "request_id": "fddef13a3d32411cba75907c583be01b", "position": {"x": -848.7048957087497, "y": 490.00000000000034}, "channel": 4}, "attempt": 1}
2026-09-12 22:26:15,664 INFO response {"request_id": "fddef13a3d32411cba75907c583be01b", "http_status": 200, "body": {"accepted": true, "real_timestamp_ms": 1789223172539, "virtual_time_s": 2525.57066, "measure_result": "no_signal"}}
2026-09-12 22:26:15,695 INFO request {"path": "/measure", "payload": {"arena_id": "default", "robot_id": "202601002029", "request_id": "6aa652addd9d4c9db5d65eaa43c923fa", "position": {"x": -848.7048957087497, "y": 490.00000000000034}, "channel": 9}, "attempt": 1}
2026-09-12 22:26:15,697 INFO response {"request_id": "6aa652addd9d4c9db5d65eaa43c923fa", "http_status": 200, "body": {"accepted": true, "real_timestamp_ms": 1789223172572, "virtual_time_s": 2531.57066, "measure_result": "no_signal"}}
2026-09-12 22:26:15,728 INFO request {"path": "/measure", "payload": {"arena_id": "default", "robot_id": "202601002029", "request_id": "df4490a6efbb4e5eb002206d40dc96e7", "position": {"x": -848.7048957087497, "y": 490.00000000000034}, "channel": 10}, "attempt": 1}
2026-09-12 22:26:15,743 INFO response {"request_id": "df4490a6efbb4e5eb002206d40dc96e7", "http_status": 200, "body": {"accepted": true, "real_timestamp_ms": 1789223172619, "virtual_time_s": 2537.57066, "measure_result": "no_signal"}}
2026-09-12 22:26:15,758 INFO request {"path": "/measure", "payload": {"arena_id": "default", "robot_id": "202601002029", "request_id": "502d248a7f544c91b912fbe85cd5d07e", "position": {"x": -848.7048957087497, "y": 490.00000000000034}, "channel": 11}, "attempt": 1}
2026-09-12 22:26:15,773 INFO response {"request_id": "502d248a7f544c91b912fbe85cd5d07e", "http_status": 200, "body": {"accepted": true, "real_timestamp_ms": 1789223172648, "virtual_time_s": 2543.57066, "measure_result": "no_signal"}}
2026-09-12 22:26:15,789 INFO request {"path": "/measure", "payload": {"arena_id": "default", "robot_id": "202601002029", "request_id": "628cf300b10c4d6cac93bcfa78684b75", "position": {"x": -848.7048957087497, "y": 490.00000000000034}, "channel": 13}, "attempt": 1}
2026-09-12 22:26:15,794 INFO response {"request_id": "628cf300b10c4d6cac93bcfa78684b75", "http_status": 200, "body": {"accepted": true, "real_timestamp_ms": 1789223172668, "virtual_time_s": 2549.57066, "measure_result": "no_signal"}}
2026-09-12 22:26:15,825 INFO request {"path": "/measure", "payload": {"arena_id": "default", "robot_id": "202601002029", "request_id": "64f46901d45741769dbaff4ca00fe575", "position": {"x": -848.7048957087497, "y": 490.00000000000034}, "channel": 14}, "attempt": 1}
2026-09-12 22:26:15,844 INFO response {"request_id": "64f46901d45741769dbaff4ca00fe575", "http_status": 200, "body": {"accepted": true, "real_timestamp_ms": 1789223172719, "virtual_time_s": 2555.57066, "measure_result": "no_signal"}}
2026-09-12 22:26:15,859 INFO request {"path": "/measure", "payload": {"arena_id": "default", "robot_id": "202601002029", "request_id": "76ce7bbecccf479c8c919fc5f40c506d", "position": {"x": -848.7048957087497, "y": 490.00000000000034}, "channel": 17}, "attempt": 1}
2026-09-12 22:26:15,861 INFO response {"request_id": "76ce7bbecccf479c8c919fc5f40c506d", "http_status": 200, "body": {"accepted": true, "real_timestamp_ms": 1789223172737, "virtual_time_s": 2561.57066, "measure_result": "no_signal"}}
2026-09-12 22:26:15,942 INFO request {"path": "/measure", "payload": {"arena_id": "default", "robot_id": "202601002029", "request_id": "245250aa24964e408e68cfbcc38d26ac", "position": {"x": -848.7048957087497, "y": 490.00000000000034}, "channel": 16}, "attempt": 1}
2026-09-12 22:26:15,962 INFO response {"request_id": "245250aa24964e408e68cfbcc38d26ac", "http_status": 200, "body": {"accepted": true, "real_timestamp_ms": 1789223172837, "virtual_time_s": 2567.57066, "measure_result": "direction", "svd_deg": 200.02}}
2026-09-12 22:26:16,019 INFO request {"path": "/measure", "payload": {"arena_id": "default", "robot_id": "202601002029", "request_id": "22435cdec894477fa215d1cb8949c838", "position": {"x": -1801.9999999999998, "y": 482.84444476088356}, "channel": 1}, "attempt": 1}
2026-09-12 22:26:16,040 INFO response {"request_id": "22435cdec894477fa215d1cb8949c838", "http_status": 200, "body": {"accepted": true, "real_timestamp_ms": 1789223172915, "virtual_time_s": 2764.235052, "measure_result": "no_signal"}}
2026-09-12 22:26:16,055 INFO request {"path": "/measure", "payload": {"arena_id": "default", "robot_id": "202601002029", "request_id": "0fe005339d924e9fb4f16c505df8faea", "position": {"x": -1801.9999999999998, "y": 482.84444476088356}, "channel": 2}, "attempt": 1}
2026-09-12 22:26:16,070 INFO response {"request_id": "0fe005339d924e9fb4f16c505df8faea", "http_status": 200, "body": {"accepted": true, "real_timestamp_ms": 1789223172945, "virtual_time_s": 2770.235052, "measure_result": "no_signal"}}
2026-09-12 22:26:16,085 INFO request {"path": "/measure", "payload": {"arena_id": "default", "robot_id": "202601002029", "request_id": "b9dac265b0584ae29f37d66d4ff0bc4a", "position": {"x": -1801.9999999999998, "y": 482.84444476088356}, "channel": 3}, "attempt": 1}
2026-09-12 22:26:16,099 INFO response {"request_id": "b9dac265b0584ae29f37d66d4ff0bc4a", "http_status": 200, "body": {"accepted": true, "real_timestamp_ms": 1789223172974, "virtual_time_s": 2776.235052, "measure_result": "no_signal"}}
2026-09-12 22:26:16,114 INFO request {"path": "/measure", "payload": {"arena_id": "default", "robot_id": "202601002029", "request_id": "61b0d6a69b06448fbc79395d201d8403", "position": {"x": -1801.9999999999998, "y": 482.84444476088356}, "channel": 4}, "attempt": 1}
2026-09-12 22:26:16,115 INFO response {"request_id": "61b0d6a69b06448fbc79395d201d8403", "http_status": 200, "body": {"accepted": true, "real_timestamp_ms": 1789223172991, "virtual_time_s": 2782.235052, "measure_result": "no_signal"}}
2026-09-12 22:26:16,146 INFO request {"path": "/measure", "payload": {"arena_id": "default", "robot_id": "202601002029", "request_id": "c721b0c6992f424ea581481e06f9fd91", "position": {"x": -1801.9999999999998, "y": 482.84444476088356}, "channel": 9}, "attempt": 1}
2026-09-12 22:26:16,157 INFO response {"request_id": "c721b0c6992f424ea581481e06f9fd91", "http_status": 200, "body": {"accepted": true, "real_timestamp_ms": 1789223173033, "virtual_time_s": 2788.235052, "measure_result": "no_signal"}}
2026-09-12 22:26:16,188 INFO request {"path": "/measure", "payload": {"arena_id": "default", "robot_id": "202601002029", "request_id": "5fea9f37d3da455a9d86a5da5cc4bf9d", "position": {"x": -1801.9999999999998, "y": 482.84444476088356}, "channel": 10}, "attempt": 1}
2026-09-12 22:26:16,189 INFO response {"request_id": "5fea9f37d3da455a9d86a5da5cc4bf9d", "http_status": 200, "body": {"accepted": true, "real_timestamp_ms": 1789223173065, "virtual_time_s": 2794.235052, "measure_result": "no_signal"}}
2026-09-12 22:26:16,220 INFO request {"path": "/measure", "payload": {"arena_id": "default", "robot_id": "202601002029", "request_id": "c5b3d3af21694007b24242f2e70172a6", "position": {"x": -1801.9999999999998, "y": 482.84444476088356}, "channel": 11}, "attempt": 1}
2026-09-12 22:26:16,237 INFO response {"request_id": "c5b3d3af21694007b24242f2e70172a6", "http_status": 200, "body": {"accepted": true, "real_timestamp_ms": 1789223173112, "virtual_time_s": 2800.235052, "measure_result": "no_signal"}}
2026-09-12 22:26:16,253 INFO request {"path": "/measure", "payload": {"arena_id": "default", "robot_id": "202601002029", "request_id": "c715433733f74443903da0b07bab705b", "position": {"x": -1801.9999999999998, "y": 482.84444476088356}, "channel": 13}, "attempt": 1}
2026-09-12 22:26:16,254 INFO response {"request_id": "c715433733f74443903da0b07bab705b", "http_status": 200, "body": {"accepted": true, "real_timestamp_ms": 1789223173129, "virtual_time_s": 2806.235052, "measure_result": "no_signal"}}
2026-09-12 22:26:16,269 INFO request {"path": "/measure", "payload": {"arena_id": "default", "robot_id": "202601002029", "request_id": "604e5e5a8ba349eaa35a2c098f4e85d6", "position": {"x": -1801.9999999999998, "y": 482.84444476088356}, "channel": 14}, "attempt": 1}
2026-09-12 22:26:16,287 INFO response {"request_id": "604e5e5a8ba349eaa35a2c098f4e85d6", "http_status": 200, "body": {"accepted": true, "real_timestamp_ms": 1789223173162, "virtual_time_s": 2812.235052, "measure_result": "no_signal"}}
2026-09-12 22:26:16,302 INFO request {"path": "/measure", "payload": {"arena_id": "default", "robot_id": "202601002029", "request_id": "080b47eca44b40889779e0801c65edb1", "position": {"x": -1801.9999999999998, "y": 482.84444476088356}, "channel": 17}, "attempt": 1}
2026-09-12 22:26:16,304 INFO response {"request_id": "080b47eca44b40889779e0801c65edb1", "http_status": 200, "body": {"accepted": true, "real_timestamp_ms": 1789223173179, "virtual_time_s": 2818.235052, "measure_result": "no_signal"}}
2026-09-12 22:26:16,371 INFO request {"path": "/measure", "payload": {"arena_id": "default", "robot_id": "202601002029", "request_id": "22dc75153c9d469a8e1c6a9cf17b01c8", "position": {"x": -1801.9999999999998, "y": 482.84444476088356}, "channel": 20}, "attempt": 1}
2026-09-12 22:26:16,386 INFO response {"request_id": "22dc75153c9d469a8e1c6a9cf17b01c8", "http_status": 200, "body": {"accepted": true, "real_timestamp_ms": 1789223173261, "virtual_time_s": 2824.235052, "measure_result": "direction", "svd_deg": 355.71}}
2026-09-12 22:26:16,405 INFO request {"path": "/measure", "payload": {"arena_id": "default", "robot_id": "202601002029", "request_id": "1282296413244e85a02dfcc7cb5db909", "position": {"x": -1801.9999999999998, "y": 482.84444476088356}, "channel": 16}, "attempt": 1}
2026-09-12 22:26:16,427 INFO response {"request_id": "1282296413244e85a02dfcc7cb5db909", "http_status": 200, "body": {"accepted": true, "real_timestamp_ms": 1789223173301, "virtual_time_s": 2830.235052, "measure_result": "direction", "svd_deg": 298.09}}
2026-09-12 22:26:16,472 INFO request {"path": "/measure", "payload": {"arena_id": "default", "robot_id": "202601002029", "request_id": "fe3a67ff28f54dd68f5e65913888d7e9", "position": {"x": -1319.1555552391167, "y": 1319.155555239117}, "channel": 1}, "attempt": 1}
2026-09-12 22:26:16,486 INFO response {"request_id": "fe3a67ff28f54dd68f5e65913888d7e9", "http_status": 200, "body": {"accepted": true, "real_timestamp_ms": 1789223173361, "virtual_time_s": 3029.37283, "measure_result": "no_signal"}}
2026-09-12 22:26:16,501 INFO request {"path": "/measure", "payload": {"arena_id": "default", "robot_id": "202601002029", "request_id": "23a75dfc371f45959832e9e70575dab2", "position": {"x": -1319.1555552391167, "y": 1319.155555239117}, "channel": 2}, "attempt": 1}
2026-09-12 22:26:16,517 INFO response {"request_id": "23a75dfc371f45959832e9e70575dab2", "http_status": 200, "body": {"accepted": true, "real_timestamp_ms": 1789223173392, "virtual_time_s": 3035.37283, "measure_result": "no_signal"}}
2026-09-12 22:26:16,532 INFO request {"path": "/measure", "payload": {"arena_id": "default", "robot_id": "202601002029", "request_id": "d5cf093986fc467b836e6ce38e2803f1", "position": {"x": -1319.1555552391167, "y": 1319.155555239117}, "channel": 3}, "attempt": 1}
2026-09-12 22:26:16,546 INFO response {"request_id": "d5cf093986fc467b836e6ce38e2803f1", "http_status": 200, "body": {"accepted": true, "real_timestamp_ms": 1789223173421, "virtual_time_s": 3041.37283, "measure_result": "no_signal"}}
2026-09-12 22:26:16,561 INFO request {"path": "/measure", "payload": {"arena_id": "default", "robot_id": "202601002029", "request_id": "a35c1efc7aa1423b99dd412170ef4697", "position": {"x": -1319.1555552391167, "y": 1319.155555239117}, "channel": 4}, "attempt": 1}
2026-09-12 22:26:16,577 INFO response {"request_id": "a35c1efc7aa1423b99dd412170ef4697", "http_status": 200, "body": {"accepted": true, "real_timestamp_ms": 1789223173451, "virtual_time_s": 3047.37283, "measure_result": "no_signal"}}
2026-09-12 22:26:16,593 INFO request {"path": "/measure", "payload": {"arena_id": "default", "robot_id": "202601002029", "request_id": "faaebcebaea54f9e91150074e829d38e", "position": {"x": -1319.1555552391167, "y": 1319.155555239117}, "channel": 9}, "attempt": 1}
2026-09-12 22:26:16,594 INFO response {"request_id": "faaebcebaea54f9e91150074e829d38e", "http_status": 200, "body": {"accepted": true, "real_timestamp_ms": 1789223173470, "virtual_time_s": 3053.37283, "measure_result": "no_signal"}}
2026-09-12 22:26:16,625 INFO request {"path": "/measure", "payload": {"arena_id": "default", "robot_id": "202601002029", "request_id": "495a5ec193d14db284b4071014ce6453", "position": {"x": -1319.1555552391167, "y": 1319.155555239117}, "channel": 10}, "attempt": 1}
2026-09-12 22:26:16,644 INFO response {"request_id": "495a5ec193d14db284b4071014ce6453", "http_status": 200, "body": {"accepted": true, "real_timestamp_ms": 1789223173519, "virtual_time_s": 3059.37283, "measure_result": "no_signal"}}
2026-09-12 22:26:16,645 INFO request {"path": "/measure", "payload": {"arena_id": "default", "robot_id": "202601002029", "request_id": "f6092de540a844259fa493248b8b37ba", "position": {"x": -1319.1555552391167, "y": 1319.155555239117}, "channel": 11}, "attempt": 1}
2026-09-12 22:26:16,647 INFO response {"request_id": "f6092de540a844259fa493248b8b37ba", "http_status": 200, "body": {"accepted": true, "real_timestamp_ms": 1789223173522, "virtual_time_s": 3065.37283, "measure_result": "no_signal"}}
2026-09-12 22:26:16,678 INFO request {"path": "/measure", "payload": {"arena_id": "default", "robot_id": "202601002029", "request_id": "58d15068ec5c40acaf1a139da5fbd3ea", "position": {"x": -1319.1555552391167, "y": 1319.155555239117}, "channel": 13}, "attempt": 1}
2026-09-12 22:26:16,681 INFO response {"request_id": "58d15068ec5c40acaf1a139da5fbd3ea", "http_status": 200, "body": {"accepted": true, "real_timestamp_ms": 1789223173555, "virtual_time_s": 3071.37283, "measure_result": "no_signal"}}
2026-09-12 22:26:16,712 INFO request {"path": "/measure", "payload": {"arena_id": "default", "robot_id": "202601002029", "request_id": "511131f4dd2b4395a4253d23fefe1209", "position": {"x": -1319.1555552391167, "y": 1319.155555239117}, "channel": 14}, "attempt": 1}
2026-09-12 22:26:16,733 INFO response {"request_id": "511131f4dd2b4395a4253d23fefe1209", "http_status": 200, "body": {"accepted": true, "real_timestamp_ms": 1789223173608, "virtual_time_s": 3077.37283, "measure_result": "no_signal"}}
2026-09-12 22:26:16,749 INFO request {"path": "/measure", "payload": {"arena_id": "default", "robot_id": "202601002029", "request_id": "1540791eb8224bea9a1b640a8c4e7ad2", "position": {"x": -1319.1555552391167, "y": 1319.155555239117}, "channel": 17}, "attempt": 1}
2026-09-12 22:26:16,750 INFO response {"request_id": "1540791eb8224bea9a1b640a8c4e7ad2", "http_status": 200, "body": {"accepted": true, "real_timestamp_ms": 1789223173625, "virtual_time_s": 3083.37283, "measure_result": "no_signal"}}
2026-09-12 22:26:16,789 INFO request {"path": "/measure", "payload": {"arena_id": "default", "robot_id": "202601002029", "request_id": "55e18023548b4b6e936446e3a9c9279f", "position": {"x": -482.8444447608829, "y": 1802.0}, "channel": 17}, "attempt": 1}
2026-09-12 22:26:16,791 INFO response {"request_id": "55e18023548b4b6e936446e3a9c9279f", "http_status": 200, "body": {"accepted": true, "real_timestamp_ms": 1789223173666, "virtual_time_s": 3281.510608, "measure_result": "no_signal"}}
2026-09-12 22:26:16,821 INFO request {"path": "/measure", "payload": {"arena_id": "default", "robot_id": "202601002029", "request_id": "e193c0de97f44c12bd70582ded89e22e", "position": {"x": -482.8444447608829, "y": 1802.0}, "channel": 1}, "attempt": 1}
2026-09-12 22:26:16,824 INFO response {"request_id": "e193c0de97f44c12bd70582ded89e22e", "http_status": 200, "body": {"accepted": true, "real_timestamp_ms": 1789223173699, "virtual_time_s": 3287.510608, "measure_result": "no_signal"}}
2026-09-12 22:26:16,854 INFO request {"path": "/measure", "payload": {"arena_id": "default", "robot_id": "202601002029", "request_id": "60b084ee48404409a0c23613c5115620", "position": {"x": -482.8444447608829, "y": 1802.0}, "channel": 2}, "attempt": 1}
2026-09-12 22:26:16,873 INFO response {"request_id": "60b084ee48404409a0c23613c5115620", "http_status": 200, "body": {"accepted": true, "real_timestamp_ms": 1789223173748, "virtual_time_s": 3293.510608, "measure_result": "no_signal"}}
2026-09-12 22:26:16,888 INFO request {"path": "/measure", "payload": {"arena_id": "default", "robot_id": "202601002029", "request_id": "15f1e1f7538b4261865ecf9320a2fe07", "position": {"x": -482.8444447608829, "y": 1802.0}, "channel": 3}, "attempt": 1}
2026-09-12 22:26:16,903 INFO response {"request_id": "15f1e1f7538b4261865ecf9320a2fe07", "http_status": 200, "body": {"accepted": true, "real_timestamp_ms": 1789223173777, "virtual_time_s": 3299.510608, "measure_result": "no_signal"}}
2026-09-12 22:26:16,918 INFO request {"path": "/measure", "payload": {"arena_id": "default", "robot_id": "202601002029", "request_id": "138ce72b819843499030682f2ab3ab32", "position": {"x": -482.8444447608829, "y": 1802.0}, "channel": 4}, "attempt": 1}
2026-09-12 22:26:16,933 INFO response {"request_id": "138ce72b819843499030682f2ab3ab32", "http_status": 200, "body": {"accepted": true, "real_timestamp_ms": 1789223173808, "virtual_time_s": 3305.510608, "measure_result": "no_signal"}}
2026-09-12 22:26:16,948 INFO request {"path": "/measure", "payload": {"arena_id": "default", "robot_id": "202601002029", "request_id": "fe3714d1965845038a58e3f34c3c61aa", "position": {"x": -482.8444447608829, "y": 1802.0}, "channel": 9}, "attempt": 1}
2026-09-12 22:26:16,950 INFO response {"request_id": "fe3714d1965845038a58e3f34c3c61aa", "http_status": 200, "body": {"accepted": true, "real_timestamp_ms": 1789223173825, "virtual_time_s": 3311.510608, "measure_result": "no_signal"}}
2026-09-12 22:26:16,982 INFO request {"path": "/measure", "payload": {"arena_id": "default", "robot_id": "202601002029", "request_id": "be73d5cbe1494644b3f924e06f6c3b1c", "position": {"x": -482.8444447608829, "y": 1802.0}, "channel": 10}, "attempt": 1}
2026-09-12 22:26:17,002 INFO response {"request_id": "be73d5cbe1494644b3f924e06f6c3b1c", "http_status": 200, "body": {"accepted": true, "real_timestamp_ms": 1789223173877, "virtual_time_s": 3317.510608, "measure_result": "no_signal"}}
2026-09-12 22:26:17,017 INFO request {"path": "/measure", "payload": {"arena_id": "default", "robot_id": "202601002029", "request_id": "15c00a8f9a0d43c8b07fb5d3e6bee6ae", "position": {"x": -482.8444447608829, "y": 1802.0}, "channel": 11}, "attempt": 1}
2026-09-12 22:26:17,020 INFO response {"request_id": "15c00a8f9a0d43c8b07fb5d3e6bee6ae", "http_status": 200, "body": {"accepted": true, "real_timestamp_ms": 1789223173895, "virtual_time_s": 3323.510608, "measure_result": "no_signal"}}
2026-09-12 22:26:17,036 INFO request {"path": "/measure", "payload": {"arena_id": "default", "robot_id": "202601002029", "request_id": "9172399aaa7b46669c423b1a730f3516", "position": {"x": -482.8444447608829, "y": 1802.0}, "channel": 13}, "attempt": 1}
2026-09-12 22:26:17,039 INFO response {"request_id": "9172399aaa7b46669c423b1a730f3516", "http_status": 200, "body": {"accepted": true, "real_timestamp_ms": 1789223173913, "virtual_time_s": 3329.510608, "measure_result": "no_signal"}}
2026-09-12 22:26:17,069 INFO request {"path": "/measure", "payload": {"arena_id": "default", "robot_id": "202601002029", "request_id": "5cf1cf278d9f40b5b9ad087de53cbf4d", "position": {"x": -482.8444447608829, "y": 1802.0}, "channel": 14}, "attempt": 1}
2026-09-12 22:26:17,083 INFO response {"request_id": "5cf1cf278d9f40b5b9ad087de53cbf4d", "http_status": 200, "body": {"accepted": true, "real_timestamp_ms": 1789223173957, "virtual_time_s": 3335.510608, "measure_result": "no_signal"}}
2026-09-12 22:26:17,134 INFO request {"path": "/measure", "payload": {"arena_id": "default", "robot_id": "202601002029", "request_id": "7e24c868314143a7b6d436399855e414", "position": {"x": 482.8444447608835, "y": 1801.9999999999998}, "channel": 14}, "attempt": 1}
2026-09-12 22:26:17,135 INFO response {"request_id": "7e24c868314143a7b6d436399855e414", "http_status": 200, "body": {"accepted": true, "real_timestamp_ms": 1789223174010, "virtual_time_s": 3533.648386, "measure_result": "no_signal"}}
2026-09-12 22:26:17,166 INFO request {"path": "/measure", "payload": {"arena_id": "default", "robot_id": "202601002029", "request_id": "bc72f0ee48ba42ccbbfa2afc72c3c4e7", "position": {"x": 482.8444447608835, "y": 1801.9999999999998}, "channel": 1}, "attempt": 1}
2026-09-12 22:26:17,183 INFO response {"request_id": "bc72f0ee48ba42ccbbfa2afc72c3c4e7", "http_status": 200, "body": {"accepted": true, "real_timestamp_ms": 1789223174057, "virtual_time_s": 3539.648386, "measure_result": "no_signal"}}
2026-09-12 22:26:17,197 INFO request {"path": "/measure", "payload": {"arena_id": "default", "robot_id": "202601002029", "request_id": "56a50504420b474098606b9f994c2088", "position": {"x": 482.8444447608835, "y": 1801.9999999999998}, "channel": 2}, "attempt": 1}
2026-09-12 22:26:17,199 INFO response {"request_id": "56a50504420b474098606b9f994c2088", "http_status": 200, "body": {"accepted": true, "real_timestamp_ms": 1789223174074, "virtual_time_s": 3545.648386, "measure_result": "no_signal"}}
2026-09-12 22:26:17,231 INFO request {"path": "/measure", "payload": {"arena_id": "default", "robot_id": "202601002029", "request_id": "31cc1ef3ad394df5b1f5ebd4428d1c49", "position": {"x": 482.8444447608835, "y": 1801.9999999999998}, "channel": 3}, "attempt": 1}
2026-09-12 22:26:17,233 INFO response {"request_id": "31cc1ef3ad394df5b1f5ebd4428d1c49", "http_status": 200, "body": {"accepted": true, "real_timestamp_ms": 1789223174108, "virtual_time_s": 3551.648386, "measure_result": "no_signal"}}
2026-09-12 22:26:17,264 INFO request {"path": "/measure", "payload": {"arena_id": "default", "robot_id": "202601002029", "request_id": "bd1463a1567d4648ba77f95a09e60591", "position": {"x": 482.8444447608835, "y": 1801.9999999999998}, "channel": 4}, "attempt": 1}
2026-09-12 22:26:17,279 INFO response {"request_id": "bd1463a1567d4648ba77f95a09e60591", "http_status": 200, "body": {"accepted": true, "real_timestamp_ms": 1789223174154, "virtual_time_s": 3557.648386, "measure_result": "no_signal"}}
2026-09-12 22:26:17,295 INFO request {"path": "/measure", "payload": {"arena_id": "default", "robot_id": "202601002029", "request_id": "449cc7b07e0b4efeb751c193751eceef", "position": {"x": 482.8444447608835, "y": 1801.9999999999998}, "channel": 9}, "attempt": 1}
2026-09-12 22:26:17,309 INFO response {"request_id": "449cc7b07e0b4efeb751c193751eceef", "http_status": 200, "body": {"accepted": true, "real_timestamp_ms": 1789223174185, "virtual_time_s": 3563.648386, "measure_result": "no_signal"}}
2026-09-12 22:26:17,323 INFO request {"path": "/measure", "payload": {"arena_id": "default", "robot_id": "202601002029", "request_id": "a289e6308ee4454f87546987bd321319", "position": {"x": 482.8444447608835, "y": 1801.9999999999998}, "channel": 10}, "attempt": 1}
2026-09-12 22:26:17,337 INFO response {"request_id": "a289e6308ee4454f87546987bd321319", "http_status": 200, "body": {"accepted": true, "real_timestamp_ms": 1789223174213, "virtual_time_s": 3569.648386, "measure_result": "no_signal"}}
2026-09-12 22:26:17,352 INFO request {"path": "/measure", "payload": {"arena_id": "default", "robot_id": "202601002029", "request_id": "473c305bbfa443b196faeddad56b4d43", "position": {"x": 482.8444447608835, "y": 1801.9999999999998}, "channel": 11}, "attempt": 1}
2026-09-12 22:26:17,368 INFO response {"request_id": "473c305bbfa443b196faeddad56b4d43", "http_status": 200, "body": {"accepted": true, "real_timestamp_ms": 1789223174243, "virtual_time_s": 3575.648386, "measure_result": "no_signal"}}
2026-09-12 22:26:17,382 INFO request {"path": "/measure", "payload": {"arena_id": "default", "robot_id": "202601002029", "request_id": "34216201dab44b3db921083cea85e038", "position": {"x": 482.8444447608835, "y": 1801.9999999999998}, "channel": 13}, "attempt": 1}
2026-09-12 22:26:17,396 INFO response {"request_id": "34216201dab44b3db921083cea85e038", "http_status": 200, "body": {"accepted": true, "real_timestamp_ms": 1789223174271, "virtual_time_s": 3581.648386, "measure_result": "no_signal"}}
2026-09-12 22:26:17,411 INFO request {"path": "/measure", "payload": {"arena_id": "default", "robot_id": "202601002029", "request_id": "2b483bf6fe824e859c3fb76eef21bfec", "position": {"x": 482.8444447608835, "y": 1801.9999999999998}, "channel": 17}, "attempt": 1}
2026-09-12 22:26:17,425 INFO response {"request_id": "2b483bf6fe824e859c3fb76eef21bfec", "http_status": 200, "body": {"accepted": true, "real_timestamp_ms": 1789223174300, "virtual_time_s": 3587.648386, "measure_result": "no_signal"}}
2026-09-12 22:26:17,441 INFO request {"path": "/measure", "payload": {"arena_id": "default", "robot_id": "202601002029", "request_id": "60062e2196d74db9ab90d487b38fc122", "position": {"x": 482.8444447608835, "y": 1801.9999999999998}, "channel": 6}, "attempt": 1}
2026-09-12 22:26:17,443 INFO response {"request_id": "60062e2196d74db9ab90d487b38fc122", "http_status": 200, "body": {"accepted": true, "real_timestamp_ms": 1789223174318, "virtual_time_s": 3593.648386, "measure_result": "direction", "svd_deg": 223.03}}
2026-09-12 22:26:17,487 INFO request {"path": "/measure", "payload": {"arena_id": "default", "robot_id": "202601002029", "request_id": "a6fc19c17b16413282d91707da87281a", "position": {"x": 1319.155555239117, "y": 1319.155555239117}, "channel": 1}, "attempt": 1}
2026-09-12 22:26:17,504 INFO response {"request_id": "a6fc19c17b16413282d91707da87281a", "http_status": 200, "body": {"accepted": true, "real_timestamp_ms": 1789223174379, "virtual_time_s": 3792.786164, "measure_result": "no_signal"}}
2026-09-12 22:26:17,504 INFO request {"path": "/measure", "payload": {"arena_id": "default", "robot_id": "202601002029", "request_id": "1902046ef3ba420a818df2fece742e71", "position": {"x": 1319.155555239117, "y": 1319.155555239117}, "channel": 2}, "attempt": 1}
2026-09-12 22:26:17,523 INFO response {"request_id": "1902046ef3ba420a818df2fece742e71", "http_status": 200, "body": {"accepted": true, "real_timestamp_ms": 1789223174399, "virtual_time_s": 3798.786164, "measure_result": "no_signal"}}
2026-09-12 22:26:17,539 INFO request {"path": "/measure", "payload": {"arena_id": "default", "robot_id": "202601002029", "request_id": "b7f8efb08cc14c6092f38f0b8d182d6d", "position": {"x": 1319.155555239117, "y": 1319.155555239117}, "channel": 3}, "attempt": 1}
2026-09-12 22:26:17,554 INFO response {"request_id": "b7f8efb08cc14c6092f38f0b8d182d6d", "http_status": 200, "body": {"accepted": true, "real_timestamp_ms": 1789223174429, "virtual_time_s": 3804.786164, "measure_result": "no_signal"}}
2026-09-12 22:26:17,569 INFO request {"path": "/measure", "payload": {"arena_id": "default", "robot_id": "202601002029", "request_id": "fba1f05a0ea94a4e90417407cd1c1e85", "position": {"x": 1319.155555239117, "y": 1319.155555239117}, "channel": 4}, "attempt": 1}
2026-09-12 22:26:17,572 INFO response {"request_id": "fba1f05a0ea94a4e90417407cd1c1e85", "http_status": 200, "body": {"accepted": true, "real_timestamp_ms": 1789223174447, "virtual_time_s": 3810.786164, "measure_result": "no_signal"}}
2026-09-12 22:26:17,603 INFO request {"path": "/measure", "payload": {"arena_id": "default", "robot_id": "202601002029", "request_id": "a2788ef4e9504d6db0841f6bc68af480", "position": {"x": 1319.155555239117, "y": 1319.155555239117}, "channel": 9}, "attempt": 1}
2026-09-12 22:26:17,606 INFO response {"request_id": "a2788ef4e9504d6db0841f6bc68af480", "http_status": 200, "body": {"accepted": true, "real_timestamp_ms": 1789223174481, "virtual_time_s": 3816.786164, "measure_result": "no_signal"}}
2026-09-12 22:26:17,637 INFO request {"path": "/measure", "payload": {"arena_id": "default", "robot_id": "202601002029", "request_id": "2d891d557ddc429cb78627b22872f43b", "position": {"x": 1319.155555239117, "y": 1319.155555239117}, "channel": 10}, "attempt": 1}
2026-09-12 22:26:17,652 INFO response {"request_id": "2d891d557ddc429cb78627b22872f43b", "http_status": 200, "body": {"accepted": true, "real_timestamp_ms": 1789223174527, "virtual_time_s": 3822.786164, "measure_result": "no_signal"}}
2026-09-12 22:26:17,668 INFO request {"path": "/measure", "payload": {"arena_id": "default", "robot_id": "202601002029", "request_id": "b03d76631f1b4d7db0c48f8d2504c248", "position": {"x": 1319.155555239117, "y": 1319.155555239117}, "channel": 11}, "attempt": 1}
2026-09-12 22:26:17,669 INFO response {"request_id": "b03d76631f1b4d7db0c48f8d2504c248", "http_status": 200, "body": {"accepted": true, "real_timestamp_ms": 1789223174545, "virtual_time_s": 3828.786164, "measure_result": "no_signal"}}
2026-09-12 22:26:17,700 INFO request {"path": "/measure", "payload": {"arena_id": "default", "robot_id": "202601002029", "request_id": "d688350513a24697870fd0a24b47dcc3", "position": {"x": 1319.155555239117, "y": 1319.155555239117}, "channel": 13}, "attempt": 1}
2026-09-12 22:26:17,703 INFO response {"request_id": "d688350513a24697870fd0a24b47dcc3", "http_status": 200, "body": {"accepted": true, "real_timestamp_ms": 1789223174577, "virtual_time_s": 3834.786164, "measure_result": "no_signal"}}
2026-09-12 22:26:17,733 INFO request {"path": "/measure", "payload": {"arena_id": "default", "robot_id": "202601002029", "request_id": "957be7acf78d4a288f0ee38240c1d987", "position": {"x": 1319.155555239117, "y": 1319.155555239117}, "channel": 14}, "attempt": 1}
2026-09-12 22:26:17,753 INFO response {"request_id": "957be7acf78d4a288f0ee38240c1d987", "http_status": 200, "body": {"accepted": true, "real_timestamp_ms": 1789223174627, "virtual_time_s": 3840.786164, "measure_result": "no_signal"}}
2026-09-12 22:26:17,753 INFO request {"path": "/measure", "payload": {"arena_id": "default", "robot_id": "202601002029", "request_id": "a4d56da7a4ed425d9cb5c16150a82ab8", "position": {"x": 1319.155555239117, "y": 1319.155555239117}, "channel": 17}, "attempt": 1}
2026-09-12 22:26:17,772 INFO response {"request_id": "a4d56da7a4ed425d9cb5c16150a82ab8", "http_status": 200, "body": {"accepted": true, "real_timestamp_ms": 1789223174647, "virtual_time_s": 3846.786164, "measure_result": "no_signal"}}
2026-09-12 22:26:17,804 INFO request {"path": "/measure", "payload": {"arena_id": "default", "robot_id": "202601002029", "request_id": "246e5b2deed2439181a6cdb87d3a0538", "position": {"x": 1319.155555239117, "y": 1319.155555239117}, "channel": 8}, "attempt": 1}
2026-09-12 22:26:17,822 INFO response {"request_id": "246e5b2deed2439181a6cdb87d3a0538", "http_status": 200, "body": {"accepted": true, "real_timestamp_ms": 1789223174696, "virtual_time_s": 3852.786164, "measure_result": "direction", "svd_deg": 292.92}}
2026-09-12 22:26:17,873 INFO request {"path": "/measure", "payload": {"arena_id": "default", "robot_id": "202601002029", "request_id": "d3f9e259bd3549fca490841f3381cd78", "position": {"x": 1802.0, "y": 482.84444476088305}, "channel": 1}, "attempt": 1}
2026-09-12 22:26:17,891 INFO response {"request_id": "d3f9e259bd3549fca490841f3381cd78", "http_status": 200, "body": {"accepted": true, "real_timestamp_ms": 1789223174765, "virtual_time_s": 4051.923942, "measure_result": "no_signal"}}
2026-09-12 22:26:17,905 INFO request {"path": "/measure", "payload": {"arena_id": "default", "robot_id": "202601002029", "request_id": "cc3c2b37cfd94138bce13e073477c8d7", "position": {"x": 1802.0, "y": 482.84444476088305}, "channel": 2}, "attempt": 1}
2026-09-12 22:26:17,920 INFO response {"request_id": "cc3c2b37cfd94138bce13e073477c8d7", "http_status": 200, "body": {"accepted": true, "real_timestamp_ms": 1789223174795, "virtual_time_s": 4057.923942, "measure_result": "no_signal"}}
2026-09-12 22:26:17,934 INFO request {"path": "/measure", "payload": {"arena_id": "default", "robot_id": "202601002029", "request_id": "47e75952fc0a4e71b8be32741864df70", "position": {"x": 1802.0, "y": 482.84444476088305}, "channel": 3}, "attempt": 1}
2026-09-12 22:26:17,936 INFO response {"request_id": "47e75952fc0a4e71b8be32741864df70", "http_status": 200, "body": {"accepted": true, "real_timestamp_ms": 1789223174811, "virtual_time_s": 4063.923942, "measure_result": "no_signal"}}
2026-09-12 22:26:17,967 INFO request {"path": "/measure", "payload": {"arena_id": "default", "robot_id": "202601002029", "request_id": "27a87ef05d6142328011982257cab1e5", "position": {"x": 1802.0, "y": 482.84444476088305}, "channel": 4}, "attempt": 1}
2026-09-12 22:26:17,969 INFO response {"request_id": "27a87ef05d6142328011982257cab1e5", "http_status": 200, "body": {"accepted": true, "real_timestamp_ms": 1789223174844, "virtual_time_s": 4069.923942, "measure_result": "no_signal"}}
2026-09-12 22:26:17,999 INFO request {"path": "/measure", "payload": {"arena_id": "default", "robot_id": "202601002029", "request_id": "b009909af6ee4c75902108b7cb90375b", "position": {"x": 1802.0, "y": 482.84444476088305}, "channel": 9}, "attempt": 1}
2026-09-12 22:26:18,017 INFO response {"request_id": "b009909af6ee4c75902108b7cb90375b", "http_status": 200, "body": {"accepted": true, "real_timestamp_ms": 1789223174893, "virtual_time_s": 4075.923942, "measure_result": "no_signal"}}
2026-09-12 22:26:18,032 INFO request {"path": "/measure", "payload": {"arena_id": "default", "robot_id": "202601002029", "request_id": "f196db2bb12140119839620092a6776b", "position": {"x": 1802.0, "y": 482.84444476088305}, "channel": 10}, "attempt": 1}
2026-09-12 22:26:18,035 INFO response {"request_id": "f196db2bb12140119839620092a6776b", "http_status": 200, "body": {"accepted": true, "real_timestamp_ms": 1789223174909, "virtual_time_s": 4081.923942, "measure_result": "no_signal"}}
2026-09-12 22:26:18,049 INFO request {"path": "/measure", "payload": {"arena_id": "default", "robot_id": "202601002029", "request_id": "0a18ca4043d94af2ab55172ad43fb651", "position": {"x": 1802.0, "y": 482.84444476088305}, "channel": 11}, "attempt": 1}
2026-09-12 22:26:18,068 INFO response {"request_id": "0a18ca4043d94af2ab55172ad43fb651", "http_status": 200, "body": {"accepted": true, "real_timestamp_ms": 1789223174943, "virtual_time_s": 4087.923942, "measure_result": "no_signal"}}
2026-09-12 22:26:18,068 INFO request {"path": "/measure", "payload": {"arena_id": "default", "robot_id": "202601002029", "request_id": "b1ced8eab99a418e805abb26f0e15a0a", "position": {"x": 1802.0, "y": 482.84444476088305}, "channel": 13}, "attempt": 1}
2026-09-12 22:26:18,070 INFO response {"request_id": "b1ced8eab99a418e805abb26f0e15a0a", "http_status": 200, "body": {"accepted": true, "real_timestamp_ms": 1789223174945, "virtual_time_s": 4093.923942, "measure_result": "no_signal"}}
2026-09-12 22:26:18,101 INFO request {"path": "/measure", "payload": {"arena_id": "default", "robot_id": "202601002029", "request_id": "f0b7b68667b54c79b83be12c410b2ba6", "position": {"x": 1802.0, "y": 482.84444476088305}, "channel": 14}, "attempt": 1}
2026-09-12 22:26:18,105 INFO response {"request_id": "f0b7b68667b54c79b83be12c410b2ba6", "http_status": 200, "body": {"accepted": true, "real_timestamp_ms": 1789223174979, "virtual_time_s": 4099.923942, "measure_result": "no_signal"}}
2026-09-12 22:26:18,136 INFO request {"path": "/measure", "payload": {"arena_id": "default", "robot_id": "202601002029", "request_id": "7eb6166f12bd4899ac8d46793c7e2133", "position": {"x": 1802.0, "y": 482.84444476088305}, "channel": 17}, "attempt": 1}
2026-09-12 22:26:18,155 INFO response {"request_id": "7eb6166f12bd4899ac8d46793c7e2133", "http_status": 200, "body": {"accepted": true, "real_timestamp_ms": 1789223175030, "virtual_time_s": 4105.923942, "measure_result": "no_signal"}}
2026-09-12 22:26:18,212 INFO request {"path": "/measure", "payload": {"arena_id": "default", "robot_id": "202601002029", "request_id": "ff6e39c0073e4b7faa9fee0a1847a6ca", "position": {"x": 1801.9999999999995, "y": -482.84444476088464}, "channel": 17}, "attempt": 1}
2026-09-12 22:26:18,224 INFO response {"request_id": "ff6e39c0073e4b7faa9fee0a1847a6ca", "http_status": 200, "body": {"accepted": true, "real_timestamp_ms": 1789223175099, "virtual_time_s": 4304.06172, "measure_result": "direction", "svd_deg": 170.61}}
2026-09-12 22:26:18,242 INFO request {"path": "/measure", "payload": {"arena_id": "default", "robot_id": "202601002029", "request_id": "03fb15d32e0d4690bfd8497b74f07ba1", "position": {"x": 1801.9999999999995, "y": -482.84444476088464}, "channel": 1}, "attempt": 1}
2026-09-12 22:26:18,263 INFO response {"request_id": "03fb15d32e0d4690bfd8497b74f07ba1", "http_status": 200, "body": {"accepted": true, "real_timestamp_ms": 1789223175138, "virtual_time_s": 4310.06172, "measure_result": "no_signal"}}
2026-09-12 22:26:18,278 INFO request {"path": "/measure", "payload": {"arena_id": "default", "robot_id": "202601002029", "request_id": "89042b350d81422b9101976e5efb6369", "position": {"x": 1801.9999999999995, "y": -482.84444476088464}, "channel": 2}, "attempt": 1}
2026-09-12 22:26:18,281 INFO response {"request_id": "89042b350d81422b9101976e5efb6369", "http_status": 200, "body": {"accepted": true, "real_timestamp_ms": 1789223175156, "virtual_time_s": 4316.06172, "measure_result": "no_signal"}}
2026-09-12 22:26:18,312 INFO request {"path": "/measure", "payload": {"arena_id": "default", "robot_id": "202601002029", "request_id": "3e477eb5b5fa49148e230c9f8577f667", "position": {"x": 1801.9999999999995, "y": -482.84444476088464}, "channel": 3}, "attempt": 1}
2026-09-12 22:26:18,314 INFO response {"request_id": "3e477eb5b5fa49148e230c9f8577f667", "http_status": 200, "body": {"accepted": true, "real_timestamp_ms": 1789223175189, "virtual_time_s": 4322.06172, "measure_result": "no_signal"}}
2026-09-12 22:26:18,345 INFO request {"path": "/measure", "payload": {"arena_id": "default", "robot_id": "202601002029", "request_id": "62355f2d774c4cb8ba7a55ccdd6a0c9d", "position": {"x": 1801.9999999999995, "y": -482.84444476088464}, "channel": 4}, "attempt": 1}
2026-09-12 22:26:18,360 INFO response {"request_id": "62355f2d774c4cb8ba7a55ccdd6a0c9d", "http_status": 200, "body": {"accepted": true, "real_timestamp_ms": 1789223175235, "virtual_time_s": 4328.06172, "measure_result": "no_signal"}}
2026-09-12 22:26:18,376 INFO request {"path": "/measure", "payload": {"arena_id": "default", "robot_id": "202601002029", "request_id": "1da615e49ca34abe8a851d7a862009ff", "position": {"x": 1801.9999999999995, "y": -482.84444476088464}, "channel": 9}, "attempt": 1}
2026-09-12 22:26:18,389 INFO response {"request_id": "1da615e49ca34abe8a851d7a862009ff", "http_status": 200, "body": {"accepted": true, "real_timestamp_ms": 1789223175264, "virtual_time_s": 4334.06172, "measure_result": "no_signal"}}
2026-09-12 22:26:18,404 INFO request {"path": "/measure", "payload": {"arena_id": "default", "robot_id": "202601002029", "request_id": "3135c3718f27418bb18615226c0a56ef", "position": {"x": 1801.9999999999995, "y": -482.84444476088464}, "channel": 10}, "attempt": 1}
2026-09-12 22:26:18,420 INFO response {"request_id": "3135c3718f27418bb18615226c0a56ef", "http_status": 200, "body": {"accepted": true, "real_timestamp_ms": 1789223175294, "virtual_time_s": 4340.06172, "measure_result": "no_signal"}}
2026-09-12 22:26:18,435 INFO request {"path": "/measure", "payload": {"arena_id": "default", "robot_id": "202601002029", "request_id": "cab247ce18444bf5a58f3654ea5f962f", "position": {"x": 1801.9999999999995, "y": -482.84444476088464}, "channel": 11}, "attempt": 1}
2026-09-12 22:26:18,448 INFO response {"request_id": "cab247ce18444bf5a58f3654ea5f962f", "http_status": 200, "body": {"accepted": true, "real_timestamp_ms": 1789223175323, "virtual_time_s": 4346.06172, "measure_result": "no_signal"}}
2026-09-12 22:26:18,464 INFO request {"path": "/measure", "payload": {"arena_id": "default", "robot_id": "202601002029", "request_id": "cc9c9230ac6342149bc61eea223112b5", "position": {"x": 1801.9999999999995, "y": -482.84444476088464}, "channel": 13}, "attempt": 1}
2026-09-12 22:26:18,478 INFO response {"request_id": "cc9c9230ac6342149bc61eea223112b5", "http_status": 200, "body": {"accepted": true, "real_timestamp_ms": 1789223175353, "virtual_time_s": 4352.06172, "measure_result": "no_signal"}}
2026-09-12 22:26:18,494 INFO request {"path": "/measure", "payload": {"arena_id": "default", "robot_id": "202601002029", "request_id": "1abec3371b234e89887fcd61ea3aa4c8", "position": {"x": 1801.9999999999995, "y": -482.84444476088464}, "channel": 14}, "attempt": 1}
2026-09-12 22:26:18,508 INFO response {"request_id": "1abec3371b234e89887fcd61ea3aa4c8", "http_status": 200, "body": {"accepted": true, "real_timestamp_ms": 1789223175383, "virtual_time_s": 4358.06172, "measure_result": "no_signal"}}
2026-09-12 22:26:18,538 INFO request {"path": "/measure", "payload": {"arena_id": "default", "robot_id": "202601002029", "request_id": "f6cc530ee6d54cdd98bd6b29557e97ca", "position": {"x": 1801.9999999999995, "y": -482.84444476088464}, "channel": 15}, "attempt": 1}
2026-09-12 22:26:18,558 INFO response {"request_id": "f6cc530ee6d54cdd98bd6b29557e97ca", "http_status": 200, "body": {"accepted": true, "real_timestamp_ms": 1789223175433, "virtual_time_s": 4364.06172, "measure_result": "direction", "svd_deg": 169.44}}
2026-09-12 22:26:18,583 INFO request {"path": "/measure", "payload": {"arena_id": "default", "robot_id": "202601002029", "request_id": "77cf7665136c4e20b464a25dd90aec6b", "position": {"x": 1319.1555552391164, "y": -1319.1555552391171}, "channel": 1}, "attempt": 1}
2026-09-12 22:26:18,598 INFO response {"request_id": "77cf7665136c4e20b464a25dd90aec6b", "http_status": 200, "body": {"accepted": true, "real_timestamp_ms": 1789223175473, "virtual_time_s": 4563.199498, "measure_result": "no_signal"}}
2026-09-12 22:26:18,613 INFO request {"path": "/measure", "payload": {"arena_id": "default", "robot_id": "202601002029", "request_id": "ef469437c0b84bfab443086128e78ef1", "position": {"x": 1319.1555552391164, "y": -1319.1555552391171}, "channel": 2}, "attempt": 1}
2026-09-12 22:26:18,614 INFO response {"request_id": "ef469437c0b84bfab443086128e78ef1", "http_status": 200, "body": {"accepted": true, "real_timestamp_ms": 1789223175490, "virtual_time_s": 4569.199498, "measure_result": "no_signal"}}
2026-09-12 22:26:18,645 INFO request {"path": "/measure", "payload": {"arena_id": "default", "robot_id": "202601002029", "request_id": "30c918763a4743769611b33d9eed603c", "position": {"x": 1319.1555552391164, "y": -1319.1555552391171}, "channel": 3}, "attempt": 1}
2026-09-12 22:26:18,657 INFO response {"request_id": "30c918763a4743769611b33d9eed603c", "http_status": 200, "body": {"accepted": true, "real_timestamp_ms": 1789223175532, "virtual_time_s": 4575.199498, "measure_result": "no_signal"}}
2026-09-12 22:26:18,687 INFO request {"path": "/measure", "payload": {"arena_id": "default", "robot_id": "202601002029", "request_id": "63fc9a3c38c64535949b111cd2ae59d5", "position": {"x": 1319.1555552391164, "y": -1319.1555552391171}, "channel": 4}, "attempt": 1}
2026-09-12 22:26:18,707 INFO response {"request_id": "63fc9a3c38c64535949b111cd2ae59d5", "http_status": 200, "body": {"accepted": true, "real_timestamp_ms": 1789223175582, "virtual_time_s": 4581.199498, "measure_result": "no_signal"}}
2026-09-12 22:26:18,707 INFO request {"path": "/measure", "payload": {"arena_id": "default", "robot_id": "202601002029", "request_id": "f7994a1876574f849254b53482c0a645", "position": {"x": 1319.1555552391164, "y": -1319.1555552391171}, "channel": 9}, "attempt": 1}
2026-09-12 22:26:18,709 INFO response {"request_id": "f7994a1876574f849254b53482c0a645", "http_status": 200, "body": {"accepted": true, "real_timestamp_ms": 1789223175584, "virtual_time_s": 4587.199498, "measure_result": "no_signal"}}
2026-09-12 22:26:18,740 INFO request {"path": "/measure", "payload": {"arena_id": "default", "robot_id": "202601002029", "request_id": "b48e7828d49843a9a12f96725979d44f", "position": {"x": 1319.1555552391164, "y": -1319.1555552391171}, "channel": 10}, "attempt": 1}
2026-09-12 22:26:18,756 INFO response {"request_id": "b48e7828d49843a9a12f96725979d44f", "http_status": 200, "body": {"accepted": true, "real_timestamp_ms": 1789223175631, "virtual_time_s": 4593.199498, "measure_result": "no_signal"}}
2026-09-12 22:26:18,770 INFO request {"path": "/measure", "payload": {"arena_id": "default", "robot_id": "202601002029", "request_id": "cf55887b11e34ad5ae95d207aa154548", "position": {"x": 1319.1555552391164, "y": -1319.1555552391171}, "channel": 11}, "attempt": 1}
2026-09-12 22:26:18,786 INFO response {"request_id": "cf55887b11e34ad5ae95d207aa154548", "http_status": 200, "body": {"accepted": true, "real_timestamp_ms": 1789223175661, "virtual_time_s": 4599.199498, "measure_result": "no_signal"}}
2026-09-12 22:26:18,802 INFO request {"path": "/measure", "payload": {"arena_id": "default", "robot_id": "202601002029", "request_id": "6c295aa959c148e6b45968a9ac7baef5", "position": {"x": 1319.1555552391164, "y": -1319.1555552391171}, "channel": 13}, "attempt": 1}
2026-09-12 22:26:18,816 INFO response {"request_id": "6c295aa959c148e6b45968a9ac7baef5", "http_status": 200, "body": {"accepted": true, "real_timestamp_ms": 1789223175691, "virtual_time_s": 4605.199498, "measure_result": "no_signal"}}
2026-09-12 22:26:18,832 INFO request {"path": "/measure", "payload": {"arena_id": "default", "robot_id": "202601002029", "request_id": "57da471f49c3412fbe07dae820cc127c", "position": {"x": 1319.1555552391164, "y": -1319.1555552391171}, "channel": 14}, "attempt": 1}
2026-09-12 22:26:18,845 INFO response {"request_id": "57da471f49c3412fbe07dae820cc127c", "http_status": 200, "body": {"accepted": true, "real_timestamp_ms": 1789223175720, "virtual_time_s": 4611.199498, "measure_result": "no_signal"}}
2026-09-12 22:26:18,894 INFO request {"path": "/measure", "payload": {"arena_id": "default", "robot_id": "202601002029", "request_id": "fd3d54f453824f7f9171c4e37eacf16b", "position": {"x": 1319.1555552391164, "y": -1319.1555552391171}, "channel": 15}, "attempt": 1}
2026-09-12 22:26:18,895 INFO response {"request_id": "fd3d54f453824f7f9171c4e37eacf16b", "http_status": 200, "body": {"accepted": true, "real_timestamp_ms": 1789223175770, "virtual_time_s": 4617.199498, "measure_result": "direction", "svd_deg": 99.01}}
2026-09-12 22:26:18,931 INFO request {"path": "/measure", "payload": {"arena_id": "default", "robot_id": "202601002029", "request_id": "6520ca27f035448293d1f8b1cf7e77a9", "position": {"x": 1319.1555552391164, "y": -1319.1555552391171}, "channel": 17}, "attempt": 1}
2026-09-12 22:26:18,953 INFO response {"request_id": "6520ca27f035448293d1f8b1cf7e77a9", "http_status": 200, "body": {"accepted": true, "real_timestamp_ms": 1789223175828, "virtual_time_s": 4623.199498, "measure_result": "direction", "svd_deg": 105.1}}
2026-09-12 22:26:18,997 INFO request {"path": "/measure", "payload": {"arena_id": "default", "robot_id": "202601002029", "request_id": "e5e0252da82748f89139c8584a212a6b", "position": {"x": 482.84444476088225, "y": -1802.0000000000002}, "channel": 1}, "attempt": 1}
2026-09-12 22:26:19,011 INFO response {"request_id": "e5e0252da82748f89139c8584a212a6b", "http_status": 200, "body": {"accepted": true, "real_timestamp_ms": 1789223175887, "virtual_time_s": 4822.337276, "measure_result": "no_signal"}}
2026-09-12 22:26:19,026 INFO request {"path": "/measure", "payload": {"arena_id": "default", "robot_id": "202601002029", "request_id": "a5a5678155af458896e1a7b9d830e224", "position": {"x": 482.84444476088225, "y": -1802.0000000000002}, "channel": 2}, "attempt": 1}
2026-09-12 22:26:19,043 INFO response {"request_id": "a5a5678155af458896e1a7b9d830e224", "http_status": 200, "body": {"accepted": true, "real_timestamp_ms": 1789223175917, "virtual_time_s": 4828.337276, "measure_result": "no_signal"}}
2026-09-12 22:26:19,058 INFO request {"path": "/measure", "payload": {"arena_id": "default", "robot_id": "202601002029", "request_id": "9d42c267776b4d6ea5b4323e7f612c6f", "position": {"x": 482.84444476088225, "y": -1802.0000000000002}, "channel": 3}, "attempt": 1}
2026-09-12 22:26:19,071 INFO response {"request_id": "9d42c267776b4d6ea5b4323e7f612c6f", "http_status": 200, "body": {"accepted": true, "real_timestamp_ms": 1789223175946, "virtual_time_s": 4834.337276, "measure_result": "no_signal"}}
2026-09-12 22:26:19,087 INFO request {"path": "/measure", "payload": {"arena_id": "default", "robot_id": "202601002029", "request_id": "ea634655d48743f99a80c6087f255468", "position": {"x": 482.84444476088225, "y": -1802.0000000000002}, "channel": 4}, "attempt": 1}
2026-09-12 22:26:19,100 INFO response {"request_id": "ea634655d48743f99a80c6087f255468", "http_status": 200, "body": {"accepted": true, "real_timestamp_ms": 1789223175974, "virtual_time_s": 4840.337276, "measure_result": "no_signal"}}
2026-09-12 22:26:19,116 INFO request {"path": "/measure", "payload": {"arena_id": "default", "robot_id": "202601002029", "request_id": "7ce9f9705e8246fea21021c7fafbf81a", "position": {"x": 482.84444476088225, "y": -1802.0000000000002}, "channel": 9}, "attempt": 1}
2026-09-12 22:26:19,130 INFO response {"request_id": "7ce9f9705e8246fea21021c7fafbf81a", "http_status": 200, "body": {"accepted": true, "real_timestamp_ms": 1789223176005, "virtual_time_s": 4846.337276, "measure_result": "no_signal"}}
2026-09-12 22:26:19,145 INFO request {"path": "/measure", "payload": {"arena_id": "default", "robot_id": "202601002029", "request_id": "549a2b8a2ccc422789fde6461733c9c1", "position": {"x": 482.84444476088225, "y": -1802.0000000000002}, "channel": 10}, "attempt": 1}
2026-09-12 22:26:19,158 INFO response {"request_id": "549a2b8a2ccc422789fde6461733c9c1", "http_status": 200, "body": {"accepted": true, "real_timestamp_ms": 1789223176033, "virtual_time_s": 4852.337276, "measure_result": "no_signal"}}
2026-09-12 22:26:19,189 INFO request {"path": "/measure", "payload": {"arena_id": "default", "robot_id": "202601002029", "request_id": "fecc7e1129d34f03be2aad4dc5d959c5", "position": {"x": 482.84444476088225, "y": -1802.0000000000002}, "channel": 11}, "attempt": 1}
2026-09-12 22:26:19,207 INFO response {"request_id": "fecc7e1129d34f03be2aad4dc5d959c5", "http_status": 200, "body": {"accepted": true, "real_timestamp_ms": 1789223176082, "virtual_time_s": 4858.337276, "measure_result": "no_signal"}}
2026-09-12 22:26:19,207 INFO request {"path": "/measure", "payload": {"arena_id": "default", "robot_id": "202601002029", "request_id": "638e03c234f64d3baa728a154c1b2b93", "position": {"x": 482.84444476088225, "y": -1802.0000000000002}, "channel": 13}, "attempt": 1}
2026-09-12 22:26:19,209 INFO response {"request_id": "638e03c234f64d3baa728a154c1b2b93", "http_status": 200, "body": {"accepted": true, "real_timestamp_ms": 1789223176084, "virtual_time_s": 4864.337276, "measure_result": "no_signal"}}
2026-09-12 22:26:19,240 INFO request {"path": "/measure", "payload": {"arena_id": "default", "robot_id": "202601002029", "request_id": "462d147bbc874865b676ee3aee794dfa", "position": {"x": 482.84444476088225, "y": -1802.0000000000002}, "channel": 14}, "attempt": 1}
2026-09-12 22:26:19,241 INFO response {"request_id": "462d147bbc874865b676ee3aee794dfa", "http_status": 200, "body": {"accepted": true, "real_timestamp_ms": 1789223176116, "virtual_time_s": 4870.337276, "measure_result": "no_signal"}}
2026-09-12 22:26:19,271 INFO request {"path": "/measure", "payload": {"arena_id": "default", "robot_id": "202601002029", "request_id": "526f479e1b0043b3948ad285370c32fe", "position": {"x": -482.8444447608845, "y": -1801.9999999999995}, "channel": 14}, "attempt": 1}
2026-09-12 22:26:19,273 INFO response {"request_id": "526f479e1b0043b3948ad285370c32fe", "http_status": 200, "body": {"accepted": true, "real_timestamp_ms": 1789223176147, "virtual_time_s": 5068.475054, "measure_result": "no_signal"}}
2026-09-12 22:26:19,303 INFO request {"path": "/measure", "payload": {"arena_id": "default", "robot_id": "202601002029", "request_id": "ff8f90f97b914cfea72a22328596c912", "position": {"x": -482.8444447608845, "y": -1801.9999999999995}, "channel": 1}, "attempt": 1}
2026-09-12 22:26:19,305 INFO response {"request_id": "ff8f90f97b914cfea72a22328596c912", "http_status": 200, "body": {"accepted": true, "real_timestamp_ms": 1789223176180, "virtual_time_s": 5074.475054, "measure_result": "no_signal"}}
2026-09-12 22:26:19,335 INFO request {"path": "/measure", "payload": {"arena_id": "default", "robot_id": "202601002029", "request_id": "a0178107b9ab46dfb941954299075197", "position": {"x": -482.8444447608845, "y": -1801.9999999999995}, "channel": 2}, "attempt": 1}
2026-09-12 22:26:19,336 INFO response {"request_id": "a0178107b9ab46dfb941954299075197", "http_status": 200, "body": {"accepted": true, "real_timestamp_ms": 1789223176212, "virtual_time_s": 5080.475054, "measure_result": "no_signal"}}
2026-09-12 22:26:19,367 INFO request {"path": "/measure", "payload": {"arena_id": "default", "robot_id": "202601002029", "request_id": "9261cbd37fcf4dab9d47fe0101145e73", "position": {"x": -482.8444447608845, "y": -1801.9999999999995}, "channel": 3}, "attempt": 1}
2026-09-12 22:26:19,368 INFO response {"request_id": "9261cbd37fcf4dab9d47fe0101145e73", "http_status": 200, "body": {"accepted": true, "real_timestamp_ms": 1789223176243, "virtual_time_s": 5086.475054, "measure_result": "no_signal"}}
2026-09-12 22:26:19,398 INFO request {"path": "/measure", "payload": {"arena_id": "default", "robot_id": "202601002029", "request_id": "f5c8dc70f7be4124b07aad039a995e5c", "position": {"x": -482.8444447608845, "y": -1801.9999999999995}, "channel": 4}, "attempt": 1}
2026-09-12 22:26:19,400 INFO response {"request_id": "f5c8dc70f7be4124b07aad039a995e5c", "http_status": 200, "body": {"accepted": true, "real_timestamp_ms": 1789223176275, "virtual_time_s": 5092.475054, "measure_result": "no_signal"}}
2026-09-12 22:26:19,430 INFO request {"path": "/measure", "payload": {"arena_id": "default", "robot_id": "202601002029", "request_id": "a9f58e65f7c2411bbfb28aa6c8959094", "position": {"x": -482.8444447608845, "y": -1801.9999999999995}, "channel": 9}, "attempt": 1}
2026-09-12 22:26:19,431 INFO response {"request_id": "a9f58e65f7c2411bbfb28aa6c8959094", "http_status": 200, "body": {"accepted": true, "real_timestamp_ms": 1789223176307, "virtual_time_s": 5098.475054, "measure_result": "no_signal"}}
2026-09-12 22:26:19,462 INFO request {"path": "/measure", "payload": {"arena_id": "default", "robot_id": "202601002029", "request_id": "00a648ac533c40269d4e3de5fc19a7ed", "position": {"x": -482.8444447608845, "y": -1801.9999999999995}, "channel": 10}, "attempt": 1}
2026-09-12 22:26:19,482 INFO response {"request_id": "00a648ac533c40269d4e3de5fc19a7ed", "http_status": 200, "body": {"accepted": true, "real_timestamp_ms": 1789223176357, "virtual_time_s": 5104.475054, "measure_result": "no_signal"}}
2026-09-12 22:26:19,498 INFO request {"path": "/measure", "payload": {"arena_id": "default", "robot_id": "202601002029", "request_id": "1b8bb5736a7248df9c52ab5be08e9774", "position": {"x": -482.8444447608845, "y": -1801.9999999999995}, "channel": 11}, "attempt": 1}
2026-09-12 22:26:19,500 INFO response {"request_id": "1b8bb5736a7248df9c52ab5be08e9774", "http_status": 200, "body": {"accepted": true, "real_timestamp_ms": 1789223176375, "virtual_time_s": 5110.475054, "measure_result": "no_signal"}}
2026-09-12 22:26:19,531 INFO request {"path": "/measure", "payload": {"arena_id": "default", "robot_id": "202601002029", "request_id": "297604ff80104d7eac3610dede645ffd", "position": {"x": -482.8444447608845, "y": -1801.9999999999995}, "channel": 13}, "attempt": 1}
2026-09-12 22:26:19,550 INFO response {"request_id": "297604ff80104d7eac3610dede645ffd", "http_status": 200, "body": {"accepted": true, "real_timestamp_ms": 1789223176425, "virtual_time_s": 5116.475054, "measure_result": "no_signal"}}
2026-09-12 22:26:19,583 INFO request {"path": "/measure", "payload": {"arena_id": "default", "robot_id": "202601002029", "request_id": "ee1e84a0a75b4adfb96b173ebffe18fe", "position": {"x": -1319.1555552391176, "y": -1319.1555552391162}, "channel": 13}, "attempt": 1}
2026-09-12 22:26:19,585 INFO response {"request_id": "ee1e84a0a75b4adfb96b173ebffe18fe", "http_status": 200, "body": {"accepted": true, "real_timestamp_ms": 1789223176460, "virtual_time_s": 5314.612832, "measure_result": "no_signal"}}
2026-09-12 22:26:19,616 INFO request {"path": "/measure", "payload": {"arena_id": "default", "robot_id": "202601002029", "request_id": "d38d49fa33b34de6bb9273ba4d50be60", "position": {"x": -1319.1555552391176, "y": -1319.1555552391162}, "channel": 1}, "attempt": 1}
2026-09-12 22:26:19,629 INFO response {"request_id": "d38d49fa33b34de6bb9273ba4d50be60", "http_status": 200, "body": {"accepted": true, "real_timestamp_ms": 1789223176504, "virtual_time_s": 5320.612832, "measure_result": "no_signal"}}
2026-09-12 22:26:19,644 INFO request {"path": "/measure", "payload": {"arena_id": "default", "robot_id": "202601002029", "request_id": "2372687a58e34d4e813e9fda7b41eb7d", "position": {"x": -1319.1555552391176, "y": -1319.1555552391162}, "channel": 2}, "attempt": 1}
2026-09-12 22:26:19,646 INFO response {"request_id": "2372687a58e34d4e813e9fda7b41eb7d", "http_status": 200, "body": {"accepted": true, "real_timestamp_ms": 1789223176521, "virtual_time_s": 5326.612832, "measure_result": "no_signal"}}
2026-09-12 22:26:19,662 INFO request {"path": "/measure", "payload": {"arena_id": "default", "robot_id": "202601002029", "request_id": "4972be7bd9274188b335d9a64bad55ce", "position": {"x": -1319.1555552391176, "y": -1319.1555552391162}, "channel": 3}, "attempt": 1}
2026-09-12 22:26:19,677 INFO response {"request_id": "4972be7bd9274188b335d9a64bad55ce", "http_status": 200, "body": {"accepted": true, "real_timestamp_ms": 1789223176552, "virtual_time_s": 5332.612832, "measure_result": "no_signal"}}
2026-09-12 22:26:19,692 INFO request {"path": "/measure", "payload": {"arena_id": "default", "robot_id": "202601002029", "request_id": "dc3812df4cba4519b0c201387077048a", "position": {"x": -1319.1555552391176, "y": -1319.1555552391162}, "channel": 4}, "attempt": 1}
2026-09-12 22:26:19,706 INFO response {"request_id": "dc3812df4cba4519b0c201387077048a", "http_status": 200, "body": {"accepted": true, "real_timestamp_ms": 1789223176582, "virtual_time_s": 5338.612832, "measure_result": "no_signal"}}
2026-09-12 22:26:19,721 INFO request {"path": "/measure", "payload": {"arena_id": "default", "robot_id": "202601002029", "request_id": "1af6031e20fb45ceaa176ee992abf306", "position": {"x": -1319.1555552391176, "y": -1319.1555552391162}, "channel": 9}, "attempt": 1}
2026-09-12 22:26:19,737 INFO response {"request_id": "1af6031e20fb45ceaa176ee992abf306", "http_status": 200, "body": {"accepted": true, "real_timestamp_ms": 1789223176612, "virtual_time_s": 5344.612832, "measure_result": "no_signal"}}
2026-09-12 22:26:19,752 INFO request {"path": "/measure", "payload": {"arena_id": "default", "robot_id": "202601002029", "request_id": "49c2411d9e3b4effbc93fa649a2863de", "position": {"x": -1319.1555552391176, "y": -1319.1555552391162}, "channel": 10}, "attempt": 1}
2026-09-12 22:26:19,765 INFO response {"request_id": "49c2411d9e3b4effbc93fa649a2863de", "http_status": 200, "body": {"accepted": true, "real_timestamp_ms": 1789223176640, "virtual_time_s": 5350.612832, "measure_result": "no_signal"}}
2026-09-12 22:26:19,780 INFO request {"path": "/measure", "payload": {"arena_id": "default", "robot_id": "202601002029", "request_id": "f1546ec8d90b47bcb3c699e65d0761fb", "position": {"x": -1319.1555552391176, "y": -1319.1555552391162}, "channel": 11}, "attempt": 1}
2026-09-12 22:26:19,795 INFO response {"request_id": "f1546ec8d90b47bcb3c699e65d0761fb", "http_status": 200, "body": {"accepted": true, "real_timestamp_ms": 1789223176670, "virtual_time_s": 5356.612832, "measure_result": "no_signal"}}
2026-09-12 22:26:19,810 INFO request {"path": "/measure", "payload": {"arena_id": "default", "robot_id": "202601002029", "request_id": "e16ff77b4f654231b67c8b30c85c2514", "position": {"x": -1319.1555552391176, "y": -1319.1555552391162}, "channel": 14}, "attempt": 1}
2026-09-12 22:26:19,824 INFO response {"request_id": "e16ff77b4f654231b67c8b30c85c2514", "http_status": 200, "body": {"accepted": true, "real_timestamp_ms": 1789223176699, "virtual_time_s": 5362.612832, "measure_result": "no_signal"}}
2026-09-12 22:26:19,848 INFO request {"path": "/measure", "payload": {"arena_id": "default", "robot_id": "202601002029", "request_id": "3ca433539434476c8d22d816eea58bea", "position": {"x": -1802.0000000000002, "y": -482.84444476088237}, "channel": 14}, "attempt": 1}
2026-09-12 22:26:19,864 INFO response {"request_id": "3ca433539434476c8d22d816eea58bea", "http_status": 200, "body": {"accepted": true, "real_timestamp_ms": 1789223176739, "virtual_time_s": 5560.75061, "measure_result": "no_signal"}}
2026-09-12 22:26:19,879 INFO request {"path": "/measure", "payload": {"arena_id": "default", "robot_id": "202601002029", "request_id": "66ca584deb2348ab977b96993a4ba4cd", "position": {"x": -1802.0000000000002, "y": -482.84444476088237}, "channel": 1}, "attempt": 1}
2026-09-12 22:26:19,893 INFO response {"request_id": "66ca584deb2348ab977b96993a4ba4cd", "http_status": 200, "body": {"accepted": true, "real_timestamp_ms": 1789223176768, "virtual_time_s": 5566.75061, "measure_result": "no_signal"}}
2026-09-12 22:26:19,924 INFO request {"path": "/measure", "payload": {"arena_id": "default", "robot_id": "202601002029", "request_id": "e0e9a512bf84420791346ac9cb7f28d9", "position": {"x": -1802.0000000000002, "y": -482.84444476088237}, "channel": 2}, "attempt": 1}
2026-09-12 22:26:19,925 INFO response {"request_id": "e0e9a512bf84420791346ac9cb7f28d9", "http_status": 200, "body": {"accepted": true, "real_timestamp_ms": 1789223176800, "virtual_time_s": 5572.75061, "measure_result": "no_signal"}}
2026-09-12 22:26:19,940 INFO request {"path": "/measure", "payload": {"arena_id": "default", "robot_id": "202601002029", "request_id": "8050b7f7e0a443e494359fe50f373dae", "position": {"x": -1802.0000000000002, "y": -482.84444476088237}, "channel": 3}, "attempt": 1}
2026-09-12 22:26:19,941 INFO response {"request_id": "8050b7f7e0a443e494359fe50f373dae", "http_status": 200, "body": {"accepted": true, "real_timestamp_ms": 1789223176816, "virtual_time_s": 5578.75061, "measure_result": "no_signal"}}
2026-09-12 22:26:19,957 INFO request {"path": "/measure", "payload": {"arena_id": "default", "robot_id": "202601002029", "request_id": "00a99d1fa1854a789430ddba3240b74a", "position": {"x": -1802.0000000000002, "y": -482.84444476088237}, "channel": 4}, "attempt": 1}
2026-09-12 22:26:19,970 INFO response {"request_id": "00a99d1fa1854a789430ddba3240b74a", "http_status": 200, "body": {"accepted": true, "real_timestamp_ms": 1789223176845, "virtual_time_s": 5584.75061, "measure_result": "no_signal"}}
2026-09-12 22:26:20,001 INFO request {"path": "/measure", "payload": {"arena_id": "default", "robot_id": "202601002029", "request_id": "47e464850fdb41fb8f450e4afc607216", "position": {"x": -1802.0000000000002, "y": -482.84444476088237}, "channel": 9}, "attempt": 1}
2026-09-12 22:26:20,019 INFO response {"request_id": "47e464850fdb41fb8f450e4afc607216", "http_status": 200, "body": {"accepted": true, "real_timestamp_ms": 1789223176894, "virtual_time_s": 5590.75061, "measure_result": "no_signal"}}
2026-09-12 22:26:20,019 INFO request {"path": "/measure", "payload": {"arena_id": "default", "robot_id": "202601002029", "request_id": "d5cd97748bf54488b44780208b4d6742", "position": {"x": -1802.0000000000002, "y": -482.84444476088237}, "channel": 10}, "attempt": 1}
2026-09-12 22:26:20,021 INFO response {"request_id": "d5cd97748bf54488b44780208b4d6742", "http_status": 200, "body": {"accepted": true, "real_timestamp_ms": 1789223176896, "virtual_time_s": 5596.75061, "measure_result": "no_signal"}}
2026-09-12 22:26:20,052 INFO request {"path": "/measure", "payload": {"arena_id": "default", "robot_id": "202601002029", "request_id": "42b4404b318043f888d49737ba549935", "position": {"x": -1802.0000000000002, "y": -482.84444476088237}, "channel": 11}, "attempt": 1}
2026-09-12 22:26:20,069 INFO response {"request_id": "42b4404b318043f888d49737ba549935", "http_status": 200, "body": {"accepted": true, "real_timestamp_ms": 1789223176944, "virtual_time_s": 5602.75061, "measure_result": "no_signal"}}
2026-09-12 22:26:20,085 INFO request {"path": "/measure", "payload": {"arena_id": "default", "robot_id": "202601002029", "request_id": "4e83c48be79d49b798d71752f2788119", "position": {"x": -1802.0000000000002, "y": -482.84444476088237}, "channel": 13}, "attempt": 1}
2026-09-12 22:26:20,097 INFO response {"request_id": "4e83c48be79d49b798d71752f2788119", "http_status": 200, "body": {"accepted": true, "real_timestamp_ms": 1789223176972, "virtual_time_s": 5608.75061, "measure_result": "no_signal"}}
2026-09-12 22:26:24,063 INFO request {"path": "/clear", "payload": {"arena_id": "default", "robot_id": "202601002029", "request_id": "c97fe1c14d3145b4bdf45f6428b92606", "position": {"x": -1649.794286557589, "y": 198.25548931816863}, "channel": 16}, "attempt": 1}
2026-09-12 22:26:24,064 INFO response {"request_id": "c97fe1c14d3145b4bdf45f6428b92606", "http_status": 200, "body": {"accepted": true, "real_timestamp_ms": 1789223180939, "virtual_time_s": 5753.330508, "clear_result": "success"}}
2026-09-12 22:26:27,968 INFO request {"path": "/measure", "payload": {"arena_id": "default", "robot_id": "202601002029", "request_id": "6224f8833c474625a09015607156a0c8", "position": {"x": -1012.3552114912108, "y": -197.36549923773146}, "channel": 19}, "attempt": 1}
2026-09-12 22:26:27,985 INFO response {"request_id": "6224f8833c474625a09015607156a0c8", "http_status": 200, "body": {"accepted": true, "real_timestamp_ms": 1789223184860, "virtual_time_s": 5909.37644, "measure_result": "direction", "svd_deg": 304.84}}
2026-09-12 22:26:30,667 INFO request {"path": "/clear", "payload": {"arena_id": "default", "robot_id": "202601002029", "request_id": "7e1becf3ca674431b96f031a3e7e28b6", "position": {"x": -779.1790855722801, "y": -532.8643177826402}, "channel": 19}, "attempt": 1}
2026-09-12 22:26:30,685 INFO response {"request_id": "7e1becf3ca674431b96f031a3e7e28b6", "http_status": 200, "body": {"accepted": true, "real_timestamp_ms": 1789223187559, "virtual_time_s": 5996.090714, "clear_result": "success"}}
2026-09-12 22:26:33,405 INFO request {"path": "/clear", "payload": {"arena_id": "default", "robot_id": "202601002029", "request_id": "b193f59306154f5085b39384beea4812", "position": {"x": -542.9161106440805, "y": 287.20422289826195}, "channel": 5}, "attempt": 1}
2026-09-12 22:26:33,419 INFO response {"request_id": "b193f59306154f5085b39384beea4812", "http_status": 200, "body": {"accepted": true, "real_timestamp_ms": 1789223190294, "virtual_time_s": 6171.775523, "clear_result": "success"}}
2026-09-12 22:26:36,195 INFO request {"path": "/clear", "payload": {"arena_id": "default", "robot_id": "202601002029", "request_id": "01a38ca51637481f9bdbdb71dd69a1ba", "position": {"x": -277.37954369519036, "y": 1087.1987521512976}, "channel": 6}, "attempt": 1}
2026-09-12 22:26:36,214 INFO response {"request_id": "01a38ca51637481f9bdbdb71dd69a1ba", "http_status": 200, "body": {"accepted": true, "real_timestamp_ms": 1789223193088, "virtual_time_s": 6345.357956, "clear_result": "success"}}
2026-09-12 22:26:38,821 INFO request {"path": "/clear", "payload": {"arena_id": "default", "robot_id": "202601002029", "request_id": "8f5dd75f968e4b638158e827f11fd788", "position": {"x": 77.07101962556048, "y": 788.3294154521458}, "channel": 12}, "attempt": 1}
2026-09-12 22:26:38,824 INFO response {"request_id": "8f5dd75f968e4b638158e827f11fd788", "http_status": 200, "body": {"accepted": true, "real_timestamp_ms": 1789223195699, "virtual_time_s": 6443.0851, "clear_result": "success"}}
2026-09-12 22:26:41,401 INFO request {"path": "/clear", "payload": {"arena_id": "default", "robot_id": "202601002029", "request_id": "d2bd521318894f2187967b388370fcc7", "position": {"x": 464.17054500719246, "y": 458.5275910094175}, "channel": 7}, "attempt": 1}
2026-09-12 22:26:41,420 INFO response {"request_id": "d2bd521318894f2187967b388370fcc7", "http_status": 200, "body": {"accepted": true, "real_timestamp_ms": 1789223198295, "virtual_time_s": 6549.793563, "clear_result": "success"}}
2026-09-12 22:26:44,063 INFO request {"path": "/measure", "payload": {"arena_id": "default", "robot_id": "202601002029", "request_id": "f289fc520cba4930b2a5f9ecfabc0e8a", "position": {"x": 1352.1484486024826, "y": 488.85772085236374}, "channel": 8}, "attempt": 1}
2026-09-12 22:26:44,064 INFO response {"request_id": "f289fc520cba4930b2a5f9ecfabc0e8a", "http_status": 200, "body": {"accepted": true, "real_timestamp_ms": 1789223200939, "virtual_time_s": 6733.49271, "measure_result": "direction", "svd_deg": 1.98}}
2026-09-12 22:26:45,372 INFO request {"path": "/clear", "payload": {"arena_id": "default", "robot_id": "202601002029", "request_id": "faf26b51e0d042a1ab5d2eeb64f68890", "position": {"x": 1666.003099647017, "y": 499.38088767700674}, "channel": 8}, "attempt": 1}
2026-09-12 22:26:45,373 INFO response {"request_id": "faf26b51e0d042a1ab5d2eeb64f68890", "http_status": 200, "body": {"accepted": true, "real_timestamp_ms": 1789223202248, "virtual_time_s": 6801.298913, "clear_result": "success"}}
2026-09-12 22:26:45,404 INFO request {"path": "/clear", "payload": {"arena_id": "default", "robot_id": "202601002029", "request_id": "bde06c49fa5f46efbba35c85b7d417e8", "position": {"x": 1167.9491837906517, "y": -364.8898995209183}, "channel": 15}, "attempt": 1}
2026-09-12 22:26:45,405 INFO response {"request_id": "bde06c49fa5f46efbba35c85b7d417e8", "http_status": 200, "body": {"accepted": true, "real_timestamp_ms": 1789223202280, "virtual_time_s": 7005.800462, "clear_result": "success"}}
2026-09-12 22:26:46,649 INFO request {"path": "/measure", "payload": {"arena_id": "default", "robot_id": "202601002029", "request_id": "701fb82f5f9247c88b44dae126b21f40", "position": {"x": 1115.8790402272466, "y": -351.8601350538612}, "channel": 17}, "attempt": 1}
2026-09-12 22:26:46,651 INFO response {"request_id": "701fb82f5f9247c88b44dae126b21f40", "http_status": 200, "body": {"accepted": true, "real_timestamp_ms": 1789223203526, "virtual_time_s": 7022.535591, "measure_result": "direction", "svd_deg": 201.07}}
2026-09-12 22:26:46,684 INFO request {"path": "/clear", "payload": {"arena_id": "default", "robot_id": "202601002029", "request_id": "9d992abb66f0428796972850944e170e", "position": {"x": 1068.6584266124084, "y": -369.1123953721923}, "channel": 17}, "attempt": 1}
2026-09-12 22:26:46,699 INFO response {"request_id": "9d992abb66f0428796972850944e170e", "http_status": 200, "body": {"accepted": true, "real_timestamp_ms": 1789223203575, "virtual_time_s": 7037.590295, "clear_result": "success"}}
2026-09-12 22:26:46,716 INFO request {"path": "/clear", "payload": {"arena_id": "default", "robot_id": "202601002029", "request_id": "dbe06dacc7a7431e897efec9e0f6d231", "position": {"x": -909.4268836791258, "y": -983.5248565946011}, "channel": 18}, "attempt": 1}
2026-09-12 22:26:46,731 INFO response {"request_id": "dbe06dacc7a7431e897efec9e0f6d231", "http_status": 200, "body": {"accepted": true, "real_timestamp_ms": 1789223203605, "virtual_time_s": 7456.852249, "clear_result": "success"}}
2026-09-12 22:26:46,747 INFO request {"path": "/clear", "payload": {"arena_id": "default", "robot_id": "202601002029", "request_id": "57f6a09a853a4263b52cf83d7c5d27cd", "position": {"x": -936.570426867585, "y": 417.80374669805957}, "channel": 20}, "attempt": 1}
2026-09-12 22:26:46,760 INFO response {"request_id": "57f6a09a853a4263b52cf83d7c5d27cd", "http_status": 200, "body": {"accepted": true, "real_timestamp_ms": 1789223203635, "virtual_time_s": 7742.170541, "clear_result": "success"}}
2026-09-12 22:26:46,775 INFO request {"path": "/exit", "payload": {"arena_id": "default", "robot_id": "202601002029", "request_id": "ee58ce06fd23417d9c5f9979d19cf03c"}, "attempt": 1}
2026-09-12 22:26:46,777 INFO response {"request_id": "ee58ce06fd23417d9c5f9979d19cf03c", "http_status": 200, "body": {"accepted": true, "real_timestamp_ms": 1789223203652, "virtual_time_s": 7742.170541, "exit_reason": "user_exit"}}
