2026-09-12 22:35:08,580 INFO request {"path": "/enter", "payload": {"arena_id": "default", "robot_id": "202601002029", "request_id": "fd2a4644667f4befae495434d4a0f7d3"}, "attempt": 1}
2026-09-12 22:35:08,593 INFO response {"request_id": "fd2a4644667f4befae495434d4a0f7d3", "http_status": 200, "body": {"accepted": true, "real_timestamp_ms": 1789223705481, "virtual_time_s": 0, "max_virtual_duration_s": 360000, "max_real_duration_s": 1200, "remaining_real_duration_s": 1200}}
2026-09-12 22:35:08,608 INFO request {"path": "/measure", "payload": {"arena_id": "default", "robot_id": "202601002029", "request_id": "10519544f1e74106853b65021931171d", "position": {"x": 0.0, "y": 0.0}, "channel": 1}, "attempt": 1}
2026-09-12 22:35:08,626 INFO response {"request_id": "10519544f1e74106853b65021931171d", "http_status": 200, "body": {"accepted": true, "real_timestamp_ms": 1789223705513, "virtual_time_s": 5, "measure_result": "no_signal"}}
2026-09-12 22:35:08,642 INFO request {"path": "/measure", "payload": {"arena_id": "default", "robot_id": "202601002029", "request_id": "da998e69478242bbbdbddc5cc0381864", "position": {"x": 0.0, "y": 0.0}, "channel": 2}, "attempt": 1}
2026-09-12 22:35:08,645 INFO response {"request_id": "da998e69478242bbbdbddc5cc0381864", "http_status": 200, "body": {"accepted": true, "real_timestamp_ms": 1789223705532, "virtual_time_s": 11, "measure_result": "no_signal"}}
2026-09-12 22:35:08,663 INFO request {"path": "/measure", "payload": {"arena_id": "default", "robot_id": "202601002029", "request_id": "98ddee6313844c7f94485c7de13ab8b9", "position": {"x": 0.0, "y": 0.0}, "channel": 3}, "attempt": 1}
2026-09-12 22:35:08,676 INFO response {"request_id": "98ddee6313844c7f94485c7de13ab8b9", "http_status": 200, "body": {"accepted": true, "real_timestamp_ms": 1789223705563, "virtual_time_s": 17, "measure_result": "no_signal"}}
2026-09-12 22:35:08,691 INFO request {"path": "/measure", "payload": {"arena_id": "default", "robot_id": "202601002029", "request_id": "22e4feb8ddcc4f0d8b0d028f6f8c6bc3", "position": {"x": 0.0, "y": 0.0}, "channel": 4}, "attempt": 1}
2026-09-12 22:35:08,705 INFO response {"request_id": "22e4feb8ddcc4f0d8b0d028f6f8c6bc3", "http_status": 200, "body": {"accepted": true, "real_timestamp_ms": 1789223705593, "virtual_time_s": 23, "measure_result": "no_signal"}}
2026-09-12 22:35:08,736 INFO request {"path": "/measure", "payload": {"arena_id": "default", "robot_id": "202601002029", "request_id": "1aeaa3b464aa4d8db984a59cc8e5f45c", "position": {"x": 0.0, "y": 0.0}, "channel": 5}, "attempt": 1}
2026-09-12 22:35:08,754 INFO response {"request_id": "1aeaa3b464aa4d8db984a59cc8e5f45c", "http_status": 200, "body": {"accepted": true, "real_timestamp_ms": 1789223705641, "virtual_time_s": 29, "measure_result": "no_signal"}}
2026-09-12 22:35:08,754 INFO request {"path": "/measure", "payload": {"arena_id": "default", "robot_id": "202601002029", "request_id": "a37d7304279143af8da426bc5097ad50", "position": {"x": 0.0, "y": 0.0}, "channel": 6}, "attempt": 1}
2026-09-12 22:35:08,774 INFO response {"request_id": "a37d7304279143af8da426bc5097ad50", "http_status": 200, "body": {"accepted": true, "real_timestamp_ms": 1789223705661, "virtual_time_s": 35, "measure_result": "no_signal"}}
2026-09-12 22:35:08,790 INFO request {"path": "/measure", "payload": {"arena_id": "default", "robot_id": "202601002029", "request_id": "b0fabdf8c14942e1b5116b954cd6ae3c", "position": {"x": 0.0, "y": 0.0}, "channel": 7}, "attempt": 1}
2026-09-12 22:35:08,804 INFO response {"request_id": "b0fabdf8c14942e1b5116b954cd6ae3c", "http_status": 200, "body": {"accepted": true, "real_timestamp_ms": 1789223705692, "virtual_time_s": 41, "measure_result": "no_signal"}}
2026-09-12 22:35:08,819 INFO request {"path": "/measure", "payload": {"arena_id": "default", "robot_id": "202601002029", "request_id": "47e68e24342743e6a35ab23c3d594d50", "position": {"x": 0.0, "y": 0.0}, "channel": 8}, "attempt": 1}
2026-09-12 22:35:08,820 INFO response {"request_id": "47e68e24342743e6a35ab23c3d594d50", "http_status": 200, "body": {"accepted": true, "real_timestamp_ms": 1789223705708, "virtual_time_s": 47, "measure_result": "direction", "svd_deg": 207.8}}
2026-09-12 22:35:08,855 INFO request {"path": "/measure", "payload": {"arena_id": "default", "robot_id": "202601002029", "request_id": "bce95f66f6b747e2a6f6d7a8c91e788a", "position": {"x": 0.0, "y": 0.0}, "channel": 9}, "attempt": 1}
2026-09-12 22:35:08,872 INFO response {"request_id": "bce95f66f6b747e2a6f6d7a8c91e788a", "http_status": 200, "body": {"accepted": true, "real_timestamp_ms": 1789223705759, "virtual_time_s": 53, "measure_result": "direction", "svd_deg": 182.15}}
2026-09-12 22:35:08,892 INFO request {"path": "/measure", "payload": {"arena_id": "default", "robot_id": "202601002029", "request_id": "a63a3a17a2044a6e8042ac667dcd8d86", "position": {"x": 0.0, "y": 0.0}, "channel": 10}, "attempt": 1}
2026-09-12 22:35:08,912 INFO response {"request_id": "a63a3a17a2044a6e8042ac667dcd8d86", "http_status": 200, "body": {"accepted": true, "real_timestamp_ms": 1789223705799, "virtual_time_s": 59, "measure_result": "no_signal"}}
2026-09-12 22:35:08,912 INFO request {"path": "/measure", "payload": {"arena_id": "default", "robot_id": "202601002029", "request_id": "2a8d4ea0b70f4c21a88629ca8bf687ef", "position": {"x": 0.0, "y": 0.0}, "channel": 11}, "attempt": 1}
2026-09-12 22:35:08,931 INFO response {"request_id": "2a8d4ea0b70f4c21a88629ca8bf687ef", "http_status": 200, "body": {"accepted": true, "real_timestamp_ms": 1789223705819, "virtual_time_s": 65, "measure_result": "no_signal"}}
2026-09-12 22:35:08,946 INFO request {"path": "/measure", "payload": {"arena_id": "default", "robot_id": "202601002029", "request_id": "4d0b5a50fae34e9783da40afc6d09399", "position": {"x": 0.0, "y": 0.0}, "channel": 12}, "attempt": 1}
2026-09-12 22:35:08,961 INFO response {"request_id": "4d0b5a50fae34e9783da40afc6d09399", "http_status": 200, "body": {"accepted": true, "real_timestamp_ms": 1789223705848, "virtual_time_s": 71, "measure_result": "no_signal"}}
2026-09-12 22:35:08,976 INFO request {"path": "/measure", "payload": {"arena_id": "default", "robot_id": "202601002029", "request_id": "0faac00115834d44a13a5645816dce0a", "position": {"x": 0.0, "y": 0.0}, "channel": 13}, "attempt": 1}
2026-09-12 22:35:08,978 INFO response {"request_id": "0faac00115834d44a13a5645816dce0a", "http_status": 200, "body": {"accepted": true, "real_timestamp_ms": 1789223705865, "virtual_time_s": 77, "measure_result": "no_signal"}}
2026-09-12 22:35:09,009 INFO request {"path": "/measure", "payload": {"arena_id": "default", "robot_id": "202601002029", "request_id": "5607860768e04d9ba261ea7875a61e4e", "position": {"x": 0.0, "y": 0.0}, "channel": 14}, "attempt": 1}
2026-09-12 22:35:09,020 INFO response {"request_id": "5607860768e04d9ba261ea7875a61e4e", "http_status": 200, "body": {"accepted": true, "real_timestamp_ms": 1789223705907, "virtual_time_s": 83, "measure_result": "direction", "svd_deg": 110.2}}
2026-09-12 22:35:09,038 INFO request {"path": "/measure", "payload": {"arena_id": "default", "robot_id": "202601002029", "request_id": "dce948181de343f38379e7da5b2803ff", "position": {"x": 0.0, "y": 0.0}, "channel": 15}, "attempt": 1}
2026-09-12 22:35:09,040 INFO response {"request_id": "dce948181de343f38379e7da5b2803ff", "http_status": 200, "body": {"accepted": true, "real_timestamp_ms": 1789223705927, "virtual_time_s": 89, "measure_result": "no_signal"}}
2026-09-12 22:35:09,070 INFO request {"path": "/measure", "payload": {"arena_id": "default", "robot_id": "202601002029", "request_id": "36900a49f34d41619c4218d8a62d0a64", "position": {"x": 0.0, "y": 0.0}, "channel": 16}, "attempt": 1}
2026-09-12 22:35:09,072 INFO response {"request_id": "36900a49f34d41619c4218d8a62d0a64", "http_status": 200, "body": {"accepted": true, "real_timestamp_ms": 1789223705958, "virtual_time_s": 95, "measure_result": "direction", "svd_deg": 252.25}}
2026-09-12 22:35:09,105 INFO request {"path": "/measure", "payload": {"arena_id": "default", "robot_id": "202601002029", "request_id": "3c4b95ee1052403fa15f6e441679273a", "position": {"x": 0.0, "y": 0.0}, "channel": 17}, "attempt": 1}
2026-09-12 22:35:09,106 INFO response {"request_id": "3c4b95ee1052403fa15f6e441679273a", "http_status": 200, "body": {"accepted": true, "real_timestamp_ms": 1789223705993, "virtual_time_s": 101, "measure_result": "direction", "svd_deg": 37.8}}
2026-09-12 22:35:09,138 INFO request {"path": "/measure", "payload": {"arena_id": "default", "robot_id": "202601002029", "request_id": "92f48540083743bfab36bf9ba866957c", "position": {"x": 0.0, "y": 0.0}, "channel": 18}, "attempt": 1}
2026-09-12 22:35:09,139 INFO response {"request_id": "92f48540083743bfab36bf9ba866957c", "http_status": 200, "body": {"accepted": true, "real_timestamp_ms": 1789223706027, "virtual_time_s": 107, "measure_result": "no_signal"}}
2026-09-12 22:35:09,170 INFO request {"path": "/measure", "payload": {"arena_id": "default", "robot_id": "202601002029", "request_id": "4dedc5c0758a4135a1e9a194d302bf5c", "position": {"x": 0.0, "y": 0.0}, "channel": 19}, "attempt": 1}
2026-09-12 22:35:09,185 INFO response {"request_id": "4dedc5c0758a4135a1e9a194d302bf5c", "http_status": 200, "body": {"accepted": true, "real_timestamp_ms": 1789223706072, "virtual_time_s": 113, "measure_result": "no_signal"}}
2026-09-12 22:35:09,199 INFO request {"path": "/measure", "payload": {"arena_id": "default", "robot_id": "202601002029", "request_id": "d048f14325ba40a68a9c2602cc7f1547", "position": {"x": 0.0, "y": 0.0}, "channel": 20}, "attempt": 1}
2026-09-12 22:35:09,201 INFO response {"request_id": "d048f14325ba40a68a9c2602cc7f1547", "http_status": 200, "body": {"accepted": true, "real_timestamp_ms": 1789223706088, "virtual_time_s": 119, "measure_result": "direction", "svd_deg": 280.37}}
2026-09-12 22:35:09,413 INFO request {"path": "/measure", "payload": {"arena_id": "default", "robot_id": "202601002029", "request_id": "f488b9e3607648f2b02df20741ae63ee", "position": {"x": -848.7048957087501, "y": -489.9999999999997}, "channel": 1}, "attempt": 1}
2026-09-12 22:35:09,414 INFO response {"request_id": "f488b9e3607648f2b02df20741ae63ee", "http_status": 200, "body": {"accepted": true, "real_timestamp_ms": 1789223706302, "virtual_time_s": 321, "measure_result": "no_signal"}}
2026-09-12 22:35:09,445 INFO request {"path": "/measure", "payload": {"arena_id": "default", "robot_id": "202601002029", "request_id": "46f699d047c44671ab6734250f2b2934", "position": {"x": -848.7048957087501, "y": -489.9999999999997}, "channel": 2}, "attempt": 1}
2026-09-12 22:35:09,462 INFO response {"request_id": "46f699d047c44671ab6734250f2b2934", "http_status": 200, "body": {"accepted": true, "real_timestamp_ms": 1789223706349, "virtual_time_s": 327, "measure_result": "no_signal"}}
2026-09-12 22:35:09,476 INFO request {"path": "/measure", "payload": {"arena_id": "default", "robot_id": "202601002029", "request_id": "ae486bc53a584d8db9fa995d122bc0d2", "position": {"x": -848.7048957087501, "y": -489.9999999999997}, "channel": 3}, "attempt": 1}
2026-09-12 22:35:09,477 INFO response {"request_id": "ae486bc53a584d8db9fa995d122bc0d2", "http_status": 200, "body": {"accepted": true, "real_timestamp_ms": 1789223706365, "virtual_time_s": 333, "measure_result": "no_signal"}}
2026-09-12 22:35:09,509 INFO request {"path": "/measure", "payload": {"arena_id": "default", "robot_id": "202601002029", "request_id": "01ee99208bf44f41b0d82c6fa097f17a", "position": {"x": -848.7048957087501, "y": -489.9999999999997}, "channel": 4}, "attempt": 1}
2026-09-12 22:35:09,520 INFO response {"request_id": "01ee99208bf44f41b0d82c6fa097f17a", "http_status": 200, "body": {"accepted": true, "real_timestamp_ms": 1789223706407, "virtual_time_s": 339, "measure_result": "direction", "svd_deg": 170.32}}
2026-09-12 22:35:09,540 INFO request {"path": "/measure", "payload": {"arena_id": "default", "robot_id": "202601002029", "request_id": "6c9b56ceec8e4fa8a4ae3bf12fb3bc3e", "position": {"x": -848.7048957087501, "y": -489.9999999999997}, "channel": 5}, "attempt": 1}
2026-09-12 22:35:09,560 INFO response {"request_id": "6c9b56ceec8e4fa8a4ae3bf12fb3bc3e", "http_status": 200, "body": {"accepted": true, "real_timestamp_ms": 1789223706447, "virtual_time_s": 345, "measure_result": "no_signal"}}
2026-09-12 22:35:09,575 INFO request {"path": "/measure", "payload": {"arena_id": "default", "robot_id": "202601002029", "request_id": "b4a4261a2b454cd0bff5ebbb3dd88b1a", "position": {"x": -848.7048957087501, "y": -489.9999999999997}, "channel": 6}, "attempt": 1}
2026-09-12 22:35:09,577 INFO response {"request_id": "b4a4261a2b454cd0bff5ebbb3dd88b1a", "http_status": 200, "body": {"accepted": true, "real_timestamp_ms": 1789223706464, "virtual_time_s": 351, "measure_result": "no_signal"}}
2026-09-12 22:35:09,608 INFO request {"path": "/measure", "payload": {"arena_id": "default", "robot_id": "202601002029", "request_id": "53d0bb0153e04da2a7fd4740eea3c90c", "position": {"x": -848.7048957087501, "y": -489.9999999999997}, "channel": 7}, "attempt": 1}
2026-09-12 22:35:09,611 INFO response {"request_id": "53d0bb0153e04da2a7fd4740eea3c90c", "http_status": 200, "body": {"accepted": true, "real_timestamp_ms": 1789223706497, "virtual_time_s": 357, "measure_result": "no_signal"}}
2026-09-12 22:35:09,641 INFO request {"path": "/measure", "payload": {"arena_id": "default", "robot_id": "202601002029", "request_id": "e38d36b7d522462b96716d407bf37aa0", "position": {"x": -848.7048957087501, "y": -489.9999999999997}, "channel": 10}, "attempt": 1}
2026-09-12 22:35:09,656 INFO response {"request_id": "e38d36b7d522462b96716d407bf37aa0", "http_status": 200, "body": {"accepted": true, "real_timestamp_ms": 1789223706544, "virtual_time_s": 363, "measure_result": "no_signal"}}
2026-09-12 22:35:09,672 INFO request {"path": "/measure", "payload": {"arena_id": "default", "robot_id": "202601002029", "request_id": "7ded0a3463f34f86baf55a6532c219aa", "position": {"x": -848.7048957087501, "y": -489.9999999999997}, "channel": 11}, "attempt": 1}
2026-09-12 22:35:09,674 INFO response {"request_id": "7ded0a3463f34f86baf55a6532c219aa", "http_status": 200, "body": {"accepted": true, "real_timestamp_ms": 1789223706561, "virtual_time_s": 369, "measure_result": "no_signal"}}
2026-09-12 22:35:09,704 INFO request {"path": "/measure", "payload": {"arena_id": "default", "robot_id": "202601002029", "request_id": "870a31b1899245fba13658de548db04d", "position": {"x": -848.7048957087501, "y": -489.9999999999997}, "channel": 12}, "attempt": 1}
2026-09-12 22:35:09,716 INFO response {"request_id": "870a31b1899245fba13658de548db04d", "http_status": 200, "body": {"accepted": true, "real_timestamp_ms": 1789223706603, "virtual_time_s": 375, "measure_result": "no_signal"}}
2026-09-12 22:35:09,730 INFO request {"path": "/measure", "payload": {"arena_id": "default", "robot_id": "202601002029", "request_id": "e26a8b4830b84e8e8c586594fb5239db", "position": {"x": -848.7048957087501, "y": -489.9999999999997}, "channel": 13}, "attempt": 1}
2026-09-12 22:35:09,745 INFO response {"request_id": "e26a8b4830b84e8e8c586594fb5239db", "http_status": 200, "body": {"accepted": true, "real_timestamp_ms": 1789223706633, "virtual_time_s": 381, "measure_result": "direction", "svd_deg": 286.08}}
2026-09-12 22:35:09,762 INFO request {"path": "/measure", "payload": {"arena_id": "default", "robot_id": "202601002029", "request_id": "eaf04b38e7c34b7e983cbc580253f4a5", "position": {"x": -848.7048957087501, "y": -489.9999999999997}, "channel": 15}, "attempt": 1}
2026-09-12 22:35:09,775 INFO response {"request_id": "eaf04b38e7c34b7e983cbc580253f4a5", "http_status": 200, "body": {"accepted": true, "real_timestamp_ms": 1789223706662, "virtual_time_s": 387, "measure_result": "no_signal"}}
2026-09-12 22:35:09,791 INFO request {"path": "/measure", "payload": {"arena_id": "default", "robot_id": "202601002029", "request_id": "42f8ab0a9f14401594f434598759bd21", "position": {"x": -848.7048957087501, "y": -489.9999999999997}, "channel": 18}, "attempt": 1}
2026-09-12 22:35:09,804 INFO response {"request_id": "42f8ab0a9f14401594f434598759bd21", "http_status": 200, "body": {"accepted": true, "real_timestamp_ms": 1789223706692, "virtual_time_s": 393, "measure_result": "direction", "svd_deg": 129.73}}
2026-09-12 22:35:09,824 INFO request {"path": "/measure", "payload": {"arena_id": "default", "robot_id": "202601002029", "request_id": "6600ae7cb6b546949f168b0c1cf43c84", "position": {"x": -848.7048957087501, "y": -489.9999999999997}, "channel": 19}, "attempt": 1}
2026-09-12 22:35:09,844 INFO response {"request_id": "6600ae7cb6b546949f168b0c1cf43c84", "http_status": 200, "body": {"accepted": true, "real_timestamp_ms": 1789223706731, "virtual_time_s": 399, "measure_result": "no_signal"}}
2026-09-12 22:35:09,887 INFO request {"path": "/measure", "payload": {"arena_id": "default", "robot_id": "202601002029", "request_id": "8684c28622cf49159cc13d4018285892", "position": {"x": -848.7048957087501, "y": -489.9999999999997}, "channel": 9}, "attempt": 1}
2026-09-12 22:35:09,889 INFO response {"request_id": "8684c28622cf49159cc13d4018285892", "http_status": 200, "body": {"accepted": true, "real_timestamp_ms": 1789223706776, "virtual_time_s": 405, "measure_result": "direction", "svd_deg": 128.87}}
2026-09-12 22:35:09,921 INFO request {"path": "/measure", "payload": {"arena_id": "default", "robot_id": "202601002029", "request_id": "49fd6c8195cb4124b9b330d0cde54e06", "position": {"x": -848.7048957087501, "y": -489.9999999999997}, "channel": 16}, "attempt": 1}
2026-09-12 22:35:09,934 INFO response {"request_id": "49fd6c8195cb4124b9b330d0cde54e06", "http_status": 200, "body": {"accepted": true, "real_timestamp_ms": 1789223706821, "virtual_time_s": 411, "measure_result": "direction", "svd_deg": 24.0}}
2026-09-12 22:35:09,955 INFO request {"path": "/measure", "payload": {"arena_id": "default", "robot_id": "202601002029", "request_id": "b323cd2dfd524c1c9deb196c3062e982", "position": {"x": -848.7048957087501, "y": -489.9999999999997}, "channel": 20}, "attempt": 1}
2026-09-12 22:35:09,971 INFO response {"request_id": "b323cd2dfd524c1c9deb196c3062e982", "http_status": 200, "body": {"accepted": true, "real_timestamp_ms": 1789223706859, "virtual_time_s": 417, "measure_result": "direction", "svd_deg": 348.81}}
2026-09-12 22:35:10,103 INFO request {"path": "/measure", "payload": {"arena_id": "default", "robot_id": "202601002029", "request_id": "73f0c086b07749bab6de57233e982859", "position": {"x": -980.0, "y": 1.2001538631644062e-13}, "channel": 1}, "attempt": 1}
2026-09-12 22:35:10,121 INFO response {"request_id": "73f0c086b07749bab6de57233e982859", "http_status": 200, "body": {"accepted": true, "real_timestamp_ms": 1789223707008, "virtual_time_s": 524.457066, "measure_result": "no_signal"}}
2026-09-12 22:35:10,135 INFO request {"path": "/measure", "payload": {"arena_id": "default", "robot_id": "202601002029", "request_id": "d0ce6ec059bc4118977631c91a2d7509", "position": {"x": -980.0, "y": 1.2001538631644062e-13}, "channel": 2}, "attempt": 1}
2026-09-12 22:35:10,150 INFO response {"request_id": "d0ce6ec059bc4118977631c91a2d7509", "http_status": 200, "body": {"accepted": true, "real_timestamp_ms": 1789223707038, "virtual_time_s": 530.457066, "measure_result": "no_signal"}}
2026-09-12 22:35:10,166 INFO request {"path": "/measure", "payload": {"arena_id": "default", "robot_id": "202601002029", "request_id": "3f397aae524744ef9e57d4e902f72a92", "position": {"x": -980.0, "y": 1.2001538631644062e-13}, "channel": 3}, "attempt": 1}
2026-09-12 22:35:10,180 INFO response {"request_id": "3f397aae524744ef9e57d4e902f72a92", "http_status": 200, "body": {"accepted": true, "real_timestamp_ms": 1789223707068, "virtual_time_s": 536.457066, "measure_result": "no_signal"}}
2026-09-12 22:35:10,194 INFO request {"path": "/measure", "payload": {"arena_id": "default", "robot_id": "202601002029", "request_id": "a1c8298f3d7d45dabd27b59205bb15fd", "position": {"x": -980.0, "y": 1.2001538631644062e-13}, "channel": 5}, "attempt": 1}
2026-09-12 22:35:10,196 INFO response {"request_id": "a1c8298f3d7d45dabd27b59205bb15fd", "http_status": 200, "body": {"accepted": true, "real_timestamp_ms": 1789223707083, "virtual_time_s": 542.457066, "measure_result": "no_signal"}}
2026-09-12 22:35:10,226 INFO request {"path": "/measure", "payload": {"arena_id": "default", "robot_id": "202601002029", "request_id": "a739842c1ce44500a3e82438bd44a721", "position": {"x": -980.0, "y": 1.2001538631644062e-13}, "channel": 6}, "attempt": 1}
2026-09-12 22:35:10,227 INFO response {"request_id": "a739842c1ce44500a3e82438bd44a721", "http_status": 200, "body": {"accepted": true, "real_timestamp_ms": 1789223707115, "virtual_time_s": 548.457066, "measure_result": "no_signal"}}
2026-09-12 22:35:10,258 INFO request {"path": "/measure", "payload": {"arena_id": "default", "robot_id": "202601002029", "request_id": "0935b8ac6b544082a29ad71a29a3104c", "position": {"x": -980.0, "y": 1.2001538631644062e-13}, "channel": 7}, "attempt": 1}
2026-09-12 22:35:10,259 INFO response {"request_id": "0935b8ac6b544082a29ad71a29a3104c", "http_status": 200, "body": {"accepted": true, "real_timestamp_ms": 1789223707146, "virtual_time_s": 554.457066, "measure_result": "no_signal"}}
2026-09-12 22:35:10,290 INFO request {"path": "/measure", "payload": {"arena_id": "default", "robot_id": "202601002029", "request_id": "911776b8553e427f931eeb78688d46a8", "position": {"x": -980.0, "y": 1.2001538631644062e-13}, "channel": 10}, "attempt": 1}
2026-09-12 22:35:10,290 INFO response {"request_id": "911776b8553e427f931eeb78688d46a8", "http_status": 200, "body": {"accepted": true, "real_timestamp_ms": 1789223707177, "virtual_time_s": 560.457066, "measure_result": "no_signal"}}
2026-09-12 22:35:10,321 INFO request {"path": "/measure", "payload": {"arena_id": "default", "robot_id": "202601002029", "request_id": "78d9aceb56d24c6bb9aedb37c7097b50", "position": {"x": -980.0, "y": 1.2001538631644062e-13}, "channel": 11}, "attempt": 1}
2026-09-12 22:35:10,339 INFO response {"request_id": "78d9aceb56d24c6bb9aedb37c7097b50", "http_status": 200, "body": {"accepted": true, "real_timestamp_ms": 1789223707227, "virtual_time_s": 566.457066, "measure_result": "no_signal"}}
2026-09-12 22:35:10,354 INFO request {"path": "/measure", "payload": {"arena_id": "default", "robot_id": "202601002029", "request_id": "2cf9e09b473947cfa4f7ee6a3a9edfdd", "position": {"x": -980.0, "y": 1.2001538631644062e-13}, "channel": 12}, "attempt": 1}
2026-09-12 22:35:10,369 INFO response {"request_id": "2cf9e09b473947cfa4f7ee6a3a9edfdd", "http_status": 200, "body": {"accepted": true, "real_timestamp_ms": 1789223707256, "virtual_time_s": 572.457066, "measure_result": "no_signal"}}
2026-09-12 22:35:10,383 INFO request {"path": "/measure", "payload": {"arena_id": "default", "robot_id": "202601002029", "request_id": "66082e3835ad47108cada18d3dcfbd22", "position": {"x": -980.0, "y": 1.2001538631644062e-13}, "channel": 15}, "attempt": 1}
2026-09-12 22:35:10,385 INFO response {"request_id": "66082e3835ad47108cada18d3dcfbd22", "http_status": 200, "body": {"accepted": true, "real_timestamp_ms": 1789223707272, "virtual_time_s": 578.457066, "measure_result": "no_signal"}}
2026-09-12 22:35:10,416 INFO request {"path": "/measure", "payload": {"arena_id": "default", "robot_id": "202601002029", "request_id": "d490f213cba8460fbf4dd96061ccf5bf", "position": {"x": -980.0, "y": 1.2001538631644062e-13}, "channel": 19}, "attempt": 1}
2026-09-12 22:35:10,418 INFO response {"request_id": "d490f213cba8460fbf4dd96061ccf5bf", "http_status": 200, "body": {"accepted": true, "real_timestamp_ms": 1789223707305, "virtual_time_s": 584.457066, "measure_result": "no_signal"}}
2026-09-12 22:35:10,493 INFO request {"path": "/measure", "payload": {"arena_id": "default", "robot_id": "202601002029", "request_id": "170f4d6ddbd24ae78c103a0ad483829d", "position": {"x": -980.0, "y": 1.2001538631644062e-13}, "channel": 16}, "attempt": 1}
2026-09-12 22:35:10,495 INFO response {"request_id": "170f4d6ddbd24ae78c103a0ad483829d", "http_status": 200, "body": {"accepted": true, "real_timestamp_ms": 1789223707382, "virtual_time_s": 590.457066, "measure_result": "direction", "svd_deg": 352.69}}
2026-09-12 22:35:10,529 INFO request {"path": "/measure", "payload": {"arena_id": "default", "robot_id": "202601002029", "request_id": "63c4002597d64b3d8e5f7eee51ff9621", "position": {"x": -980.0, "y": 1.2001538631644062e-13}, "channel": 9}, "attempt": 1}
2026-09-12 22:35:10,546 INFO response {"request_id": "63c4002597d64b3d8e5f7eee51ff9621", "http_status": 200, "body": {"accepted": true, "real_timestamp_ms": 1789223707433, "virtual_time_s": 596.457066, "measure_result": "direction", "svd_deg": 186.27}}
2026-09-12 22:35:10,555 INFO request {"path": "/measure", "payload": {"arena_id": "default", "robot_id": "202601002029", "request_id": "8bccc327e4b84f26a2bc93045e6a101d", "position": {"x": -980.0, "y": 1.2001538631644062e-13}, "channel": 8}, "attempt": 1}
2026-09-12 22:35:10,576 INFO response {"request_id": "8bccc327e4b84f26a2bc93045e6a101d", "http_status": 200, "body": {"accepted": true, "real_timestamp_ms": 1789223707463, "virtual_time_s": 602.457066, "measure_result": "direction", "svd_deg": 259.86}}
2026-09-12 22:35:10,665 INFO request {"path": "/measure", "payload": {"arena_id": "default", "robot_id": "202601002029", "request_id": "df5c300d4bd1409b96931194a36d412c", "position": {"x": -848.7048957087497, "y": 490.00000000000034}, "channel": 1}, "attempt": 1}
2026-09-12 22:35:10,685 INFO response {"request_id": "df5c300d4bd1409b96931194a36d412c", "http_status": 200, "body": {"accepted": true, "real_timestamp_ms": 1789223707572, "virtual_time_s": 709.914132, "measure_result": "no_signal"}}
2026-09-12 22:35:10,700 INFO request {"path": "/measure", "payload": {"arena_id": "default", "robot_id": "202601002029", "request_id": "2c539dec3a054a02bceb07ce1287bde5", "position": {"x": -848.7048957087497, "y": 490.00000000000034}, "channel": 2}, "attempt": 1}
2026-09-12 22:35:10,715 INFO response {"request_id": "2c539dec3a054a02bceb07ce1287bde5", "http_status": 200, "body": {"accepted": true, "real_timestamp_ms": 1789223707602, "virtual_time_s": 715.914132, "measure_result": "no_signal"}}
2026-09-12 22:35:10,730 INFO request {"path": "/measure", "payload": {"arena_id": "default", "robot_id": "202601002029", "request_id": "55f7366b7ec547d3848013e24ff05e9f", "position": {"x": -848.7048957087497, "y": 490.00000000000034}, "channel": 3}, "attempt": 1}
2026-09-12 22:35:10,744 INFO response {"request_id": "55f7366b7ec547d3848013e24ff05e9f", "http_status": 200, "body": {"accepted": true, "real_timestamp_ms": 1789223707631, "virtual_time_s": 721.914132, "measure_result": "no_signal"}}
2026-09-12 22:35:10,759 INFO request {"path": "/measure", "payload": {"arena_id": "default", "robot_id": "202601002029", "request_id": "b3eb4c9aac774e6c8b2629842d585225", "position": {"x": -848.7048957087497, "y": 490.00000000000034}, "channel": 5}, "attempt": 1}
2026-09-12 22:35:10,761 INFO response {"request_id": "b3eb4c9aac774e6c8b2629842d585225", "http_status": 200, "body": {"accepted": true, "real_timestamp_ms": 1789223707648, "virtual_time_s": 727.914132, "measure_result": "no_signal"}}
2026-09-12 22:35:10,792 INFO request {"path": "/measure", "payload": {"arena_id": "default", "robot_id": "202601002029", "request_id": "e8166d0f6c994721a32857d6940c5787", "position": {"x": -848.7048957087497, "y": 490.00000000000034}, "channel": 6}, "attempt": 1}
2026-09-12 22:35:10,794 INFO response {"request_id": "e8166d0f6c994721a32857d6940c5787", "http_status": 200, "body": {"accepted": true, "real_timestamp_ms": 1789223707681, "virtual_time_s": 733.914132, "measure_result": "no_signal"}}
2026-09-12 22:35:10,825 INFO request {"path": "/measure", "payload": {"arena_id": "default", "robot_id": "202601002029", "request_id": "15e146e7f0cc43d2900af8c75f94bb2c", "position": {"x": -848.7048957087497, "y": 490.00000000000034}, "channel": 7}, "attempt": 1}
2026-09-12 22:35:10,828 INFO response {"request_id": "15e146e7f0cc43d2900af8c75f94bb2c", "http_status": 200, "body": {"accepted": true, "real_timestamp_ms": 1789223707715, "virtual_time_s": 739.914132, "measure_result": "no_signal"}}
2026-09-12 22:35:10,859 INFO request {"path": "/measure", "payload": {"arena_id": "default", "robot_id": "202601002029", "request_id": "dfd48a491fbd49f8ba3dee52df3cecfd", "position": {"x": -848.7048957087497, "y": 490.00000000000034}, "channel": 10}, "attempt": 1}
2026-09-12 22:35:10,862 INFO response {"request_id": "dfd48a491fbd49f8ba3dee52df3cecfd", "http_status": 200, "body": {"accepted": true, "real_timestamp_ms": 1789223707749, "virtual_time_s": 745.914132, "measure_result": "no_signal"}}
2026-09-12 22:35:10,892 INFO request {"path": "/measure", "payload": {"arena_id": "default", "robot_id": "202601002029", "request_id": "52348510b844425c809ead425088cc9b", "position": {"x": -848.7048957087497, "y": 490.00000000000034}, "channel": 11}, "attempt": 1}
2026-09-12 22:35:10,911 INFO response {"request_id": "52348510b844425c809ead425088cc9b", "http_status": 200, "body": {"accepted": true, "real_timestamp_ms": 1789223707799, "virtual_time_s": 751.914132, "measure_result": "no_signal"}}
2026-09-12 22:35:10,911 INFO request {"path": "/measure", "payload": {"arena_id": "default", "robot_id": "202601002029", "request_id": "838c09a958c64b1bbdf3701711b5fc0b", "position": {"x": -848.7048957087497, "y": 490.00000000000034}, "channel": 12}, "attempt": 1}
2026-09-12 22:35:10,931 INFO response {"request_id": "838c09a958c64b1bbdf3701711b5fc0b", "http_status": 200, "body": {"accepted": true, "real_timestamp_ms": 1789223707818, "virtual_time_s": 757.914132, "measure_result": "direction", "svd_deg": 118.66}}
2026-09-12 22:35:10,951 INFO request {"path": "/measure", "payload": {"arena_id": "default", "robot_id": "202601002029", "request_id": "d5bbc5ccd6944387aede24c454c9a4aa", "position": {"x": -848.7048957087497, "y": 490.00000000000034}, "channel": 15}, "attempt": 1}
2026-09-12 22:35:10,970 INFO response {"request_id": "d5bbc5ccd6944387aede24c454c9a4aa", "http_status": 200, "body": {"accepted": true, "real_timestamp_ms": 1789223707858, "virtual_time_s": 763.914132, "measure_result": "no_signal"}}
2026-09-12 22:35:10,985 INFO request {"path": "/measure", "payload": {"arena_id": "default", "robot_id": "202601002029", "request_id": "4be73161f3f44978b784294b2ccdac63", "position": {"x": -848.7048957087497, "y": 490.00000000000034}, "channel": 19}, "attempt": 1}
2026-09-12 22:35:10,999 INFO response {"request_id": "4be73161f3f44978b784294b2ccdac63", "http_status": 200, "body": {"accepted": true, "real_timestamp_ms": 1789223707887, "virtual_time_s": 769.914132, "measure_result": "no_signal"}}
2026-09-12 22:35:11,054 INFO request {"path": "/measure", "payload": {"arena_id": "default", "robot_id": "202601002029", "request_id": "3107c35727b54551b2a7c4bcd7217ba0", "position": {"x": -848.7048957087497, "y": 490.00000000000034}, "channel": 14}, "attempt": 1}
2026-09-12 22:35:11,069 INFO response {"request_id": "3107c35727b54551b2a7c4bcd7217ba0", "http_status": 200, "body": {"accepted": true, "real_timestamp_ms": 1789223707956, "virtual_time_s": 775.914132, "measure_result": "direction", "svd_deg": 59.88}}
2026-09-12 22:35:11,092 INFO request {"path": "/measure", "payload": {"arena_id": "default", "robot_id": "202601002029", "request_id": "129f8b889e1147629ce64ac7cf60774e", "position": {"x": -848.7048957087497, "y": 490.00000000000034}, "channel": 18}, "attempt": 1}
2026-09-12 22:35:11,093 INFO response {"request_id": "129f8b889e1147629ce64ac7cf60774e", "http_status": 200, "body": {"accepted": true, "real_timestamp_ms": 1789223707980, "virtual_time_s": 781.914132, "measure_result": "direction", "svd_deg": 189.55}}
2026-09-12 22:35:11,127 INFO request {"path": "/measure", "payload": {"arena_id": "default", "robot_id": "202601002029", "request_id": "755a4304d40e411395fb538914f5fc64", "position": {"x": -848.7048957087497, "y": 490.00000000000034}, "channel": 4}, "attempt": 1}
2026-09-12 22:35:11,147 INFO response {"request_id": "755a4304d40e411395fb538914f5fc64", "http_status": 200, "body": {"accepted": true, "real_timestamp_ms": 1789223708034, "virtual_time_s": 787.914132, "measure_result": "direction", "svd_deg": 225.28}}
2026-09-12 22:35:11,175 INFO request {"path": "/measure", "payload": {"arena_id": "default", "robot_id": "202601002029", "request_id": "f07d23b8863d4f3092d3c84890d06cdd", "position": {"x": -489.9999999999998, "y": 848.70489570875}, "channel": 1}, "attempt": 1}
2026-09-12 22:35:11,185 INFO response {"request_id": "f07d23b8863d4f3092d3c84890d06cdd", "http_status": 200, "body": {"accepted": true, "real_timestamp_ms": 1789223708073, "virtual_time_s": 895.371198, "measure_result": "no_signal"}}
2026-09-12 22:35:11,200 INFO request {"path": "/measure", "payload": {"arena_id": "default", "robot_id": "202601002029", "request_id": "4bc8766e5e944e6bbb09692dc9d1bb7f", "position": {"x": -489.9999999999998, "y": 848.70489570875}, "channel": 2}, "attempt": 1}
2026-09-12 22:35:11,215 INFO response {"request_id": "4bc8766e5e944e6bbb09692dc9d1bb7f", "http_status": 200, "body": {"accepted": true, "real_timestamp_ms": 1789223708103, "virtual_time_s": 901.371198, "measure_result": "no_signal"}}
2026-09-12 22:35:11,230 INFO request {"path": "/measure", "payload": {"arena_id": "default", "robot_id": "202601002029", "request_id": "5d08550230cb45a48a8b61579dae5972", "position": {"x": -489.9999999999998, "y": 848.70489570875}, "channel": 3}, "attempt": 1}
2026-09-12 22:35:11,244 INFO response {"request_id": "5d08550230cb45a48a8b61579dae5972", "http_status": 200, "body": {"accepted": true, "real_timestamp_ms": 1789223708132, "virtual_time_s": 907.371198, "measure_result": "no_signal"}}
2026-09-12 22:35:11,259 INFO request {"path": "/measure", "payload": {"arena_id": "default", "robot_id": "202601002029", "request_id": "a27bb81b58e54134913278a6af43c307", "position": {"x": -489.9999999999998, "y": 848.70489570875}, "channel": 5}, "attempt": 1}
2026-09-12 22:35:11,274 INFO response {"request_id": "a27bb81b58e54134913278a6af43c307", "http_status": 200, "body": {"accepted": true, "real_timestamp_ms": 1789223708161, "virtual_time_s": 913.371198, "measure_result": "no_signal"}}
2026-09-12 22:35:11,289 INFO request {"path": "/measure", "payload": {"arena_id": "default", "robot_id": "202601002029", "request_id": "07833033827c424595fbd5e42a5d65c4", "position": {"x": -489.9999999999998, "y": 848.70489570875}, "channel": 6}, "attempt": 1}
2026-09-12 22:35:11,304 INFO response {"request_id": "07833033827c424595fbd5e42a5d65c4", "http_status": 200, "body": {"accepted": true, "real_timestamp_ms": 1789223708191, "virtual_time_s": 919.371198, "measure_result": "no_signal"}}
2026-09-12 22:35:11,319 INFO request {"path": "/measure", "payload": {"arena_id": "default", "robot_id": "202601002029", "request_id": "1400d824a2224e03a45b3477357efa29", "position": {"x": -489.9999999999998, "y": 848.70489570875}, "channel": 7}, "attempt": 1}
2026-09-12 22:35:11,320 INFO response {"request_id": "1400d824a2224e03a45b3477357efa29", "http_status": 200, "body": {"accepted": true, "real_timestamp_ms": 1789223708208, "virtual_time_s": 925.371198, "measure_result": "no_signal"}}
2026-09-12 22:35:11,351 INFO request {"path": "/measure", "payload": {"arena_id": "default", "robot_id": "202601002029", "request_id": "7f5a81fb51894810a38807d1f3d1d162", "position": {"x": -489.9999999999998, "y": 848.70489570875}, "channel": 10}, "attempt": 1}
2026-09-12 22:35:11,352 INFO response {"request_id": "7f5a81fb51894810a38807d1f3d1d162", "http_status": 200, "body": {"accepted": true, "real_timestamp_ms": 1789223708240, "virtual_time_s": 931.371198, "measure_result": "no_signal"}}
2026-09-12 22:35:11,383 INFO request {"path": "/measure", "payload": {"arena_id": "default", "robot_id": "202601002029", "request_id": "ed48c17057474496994fdc0d1e182a96", "position": {"x": -489.9999999999998, "y": 848.70489570875}, "channel": 11}, "attempt": 1}
2026-09-12 22:35:11,401 INFO response {"request_id": "ed48c17057474496994fdc0d1e182a96", "http_status": 200, "body": {"accepted": true, "real_timestamp_ms": 1789223708288, "virtual_time_s": 937.371198, "measure_result": "no_signal"}}
2026-09-12 22:35:11,416 INFO request {"path": "/measure", "payload": {"arena_id": "default", "robot_id": "202601002029", "request_id": "ff6b7e62f132414d96fdcc38eba46f5a", "position": {"x": -489.9999999999998, "y": 848.70489570875}, "channel": 15}, "attempt": 1}
2026-09-12 22:35:11,431 INFO response {"request_id": "ff6b7e62f132414d96fdcc38eba46f5a", "http_status": 200, "body": {"accepted": true, "real_timestamp_ms": 1789223708318, "virtual_time_s": 943.371198, "measure_result": "no_signal"}}
2026-09-12 22:35:11,445 INFO request {"path": "/measure", "payload": {"arena_id": "default", "robot_id": "202601002029", "request_id": "084beecf96734af18343f9f6909218cb", "position": {"x": -489.9999999999998, "y": 848.70489570875}, "channel": 19}, "attempt": 1}
2026-09-12 22:35:11,460 INFO response {"request_id": "084beecf96734af18343f9f6909218cb", "http_status": 200, "body": {"accepted": true, "real_timestamp_ms": 1789223708347, "virtual_time_s": 949.371198, "measure_result": "no_signal"}}
2026-09-12 22:35:11,517 INFO request {"path": "/measure", "payload": {"arena_id": "default", "robot_id": "202601002029", "request_id": "d1cbf5a60bae4b68a882e7e71dddf56b", "position": {"x": -489.9999999999998, "y": 848.70489570875}, "channel": 12}, "attempt": 1}
2026-09-12 22:35:11,519 INFO response {"request_id": "d1cbf5a60bae4b68a882e7e71dddf56b", "http_status": 200, "body": {"accepted": true, "real_timestamp_ms": 1789223708406, "virtual_time_s": 955.371198, "measure_result": "direction", "svd_deg": 158.4}}
2026-09-12 22:35:11,575 INFO request {"path": "/measure", "payload": {"arena_id": "default", "robot_id": "202601002029", "request_id": "78b231b094ce4dbea16afd5da4edfb66", "position": {"x": -1319.1555552391167, "y": 1319.155555239117}, "channel": 1}, "attempt": 1}
2026-09-12 22:35:11,588 INFO response {"request_id": "78b231b094ce4dbea16afd5da4edfb66", "http_status": 200, "body": {"accepted": true, "real_timestamp_ms": 1789223708475, "virtual_time_s": 1152.03559, "measure_result": "no_signal"}}
2026-09-12 22:35:11,603 INFO request {"path": "/measure", "payload": {"arena_id": "default", "robot_id": "202601002029", "request_id": "3878d3d2e9c547e9b4a23ea6c7fdc303", "position": {"x": -1319.1555552391167, "y": 1319.155555239117}, "channel": 2}, "attempt": 1}
2026-09-12 22:35:11,618 INFO response {"request_id": "3878d3d2e9c547e9b4a23ea6c7fdc303", "http_status": 200, "body": {"accepted": true, "real_timestamp_ms": 1789223708505, "virtual_time_s": 1158.03559, "measure_result": "no_signal"}}
2026-09-12 22:35:11,633 INFO request {"path": "/measure", "payload": {"arena_id": "default", "robot_id": "202601002029", "request_id": "045e30d6687b4132b6114c7cf8e77076", "position": {"x": -1319.1555552391167, "y": 1319.155555239117}, "channel": 3}, "attempt": 1}
2026-09-12 22:35:11,647 INFO response {"request_id": "045e30d6687b4132b6114c7cf8e77076", "http_status": 200, "body": {"accepted": true, "real_timestamp_ms": 1789223708534, "virtual_time_s": 1164.03559, "measure_result": "no_signal"}}
2026-09-12 22:35:11,662 INFO request {"path": "/measure", "payload": {"arena_id": "default", "robot_id": "202601002029", "request_id": "4f99cc6d1e9e46079b94d3824338f4db", "position": {"x": -1319.1555552391167, "y": 1319.155555239117}, "channel": 5}, "attempt": 1}
2026-09-12 22:35:11,676 INFO response {"request_id": "4f99cc6d1e9e46079b94d3824338f4db", "http_status": 200, "body": {"accepted": true, "real_timestamp_ms": 1789223708563, "virtual_time_s": 1170.03559, "measure_result": "no_signal"}}
2026-09-12 22:35:11,690 INFO request {"path": "/measure", "payload": {"arena_id": "default", "robot_id": "202601002029", "request_id": "e4802c93cbe24a6d9db8c84e5ba9cd21", "position": {"x": -1319.1555552391167, "y": 1319.155555239117}, "channel": 6}, "attempt": 1}
2026-09-12 22:35:11,706 INFO response {"request_id": "e4802c93cbe24a6d9db8c84e5ba9cd21", "http_status": 200, "body": {"accepted": true, "real_timestamp_ms": 1789223708593, "virtual_time_s": 1176.03559, "measure_result": "no_signal"}}
2026-09-12 22:35:11,721 INFO request {"path": "/measure", "payload": {"arena_id": "default", "robot_id": "202601002029", "request_id": "5179a5bf75d445daaa6b9bcc1782d7c4", "position": {"x": -1319.1555552391167, "y": 1319.155555239117}, "channel": 7}, "attempt": 1}
2026-09-12 22:35:11,723 INFO response {"request_id": "5179a5bf75d445daaa6b9bcc1782d7c4", "http_status": 200, "body": {"accepted": true, "real_timestamp_ms": 1789223708610, "virtual_time_s": 1182.03559, "measure_result": "no_signal"}}
2026-09-12 22:35:11,739 INFO request {"path": "/measure", "payload": {"arena_id": "default", "robot_id": "202601002029", "request_id": "1ee7ae91ad13499db7ae10efb9d87c9e", "position": {"x": -1319.1555552391167, "y": 1319.155555239117}, "channel": 10}, "attempt": 1}
2026-09-12 22:35:11,740 INFO response {"request_id": "1ee7ae91ad13499db7ae10efb9d87c9e", "http_status": 200, "body": {"accepted": true, "real_timestamp_ms": 1789223708628, "virtual_time_s": 1188.03559, "measure_result": "no_signal"}}
2026-09-12 22:35:11,770 INFO request {"path": "/measure", "payload": {"arena_id": "default", "robot_id": "202601002029", "request_id": "65576c7183cb4a43828fe24ec89bfc56", "position": {"x": -1319.1555552391167, "y": 1319.155555239117}, "channel": 11}, "attempt": 1}
2026-09-12 22:35:11,771 INFO response {"request_id": "65576c7183cb4a43828fe24ec89bfc56", "http_status": 200, "body": {"accepted": true, "real_timestamp_ms": 1789223708659, "virtual_time_s": 1194.03559, "measure_result": "no_signal"}}
2026-09-12 22:35:11,802 INFO request {"path": "/measure", "payload": {"arena_id": "default", "robot_id": "202601002029", "request_id": "a032522256314b719187ea230d839a3e", "position": {"x": -1319.1555552391167, "y": 1319.155555239117}, "channel": 15}, "attempt": 1}
2026-09-12 22:35:11,815 INFO response {"request_id": "a032522256314b719187ea230d839a3e", "http_status": 200, "body": {"accepted": true, "real_timestamp_ms": 1789223708702, "virtual_time_s": 1200.03559, "measure_result": "no_signal"}}
2026-09-12 22:35:11,846 INFO request {"path": "/measure", "payload": {"arena_id": "default", "robot_id": "202601002029", "request_id": "2e5fe8b1358841b58fba0ec6c0536245", "position": {"x": -1319.1555552391167, "y": 1319.155555239117}, "channel": 19}, "attempt": 1}
2026-09-12 22:35:11,866 INFO response {"request_id": "2e5fe8b1358841b58fba0ec6c0536245", "http_status": 200, "body": {"accepted": true, "real_timestamp_ms": 1789223708751, "virtual_time_s": 1206.03559, "measure_result": "no_signal"}}
2026-09-12 22:35:11,917 INFO request {"path": "/measure", "payload": {"arena_id": "default", "robot_id": "202601002029", "request_id": "16fb66ab4ac54ef0a29c046a308f949a", "position": {"x": -1319.1555552391167, "y": 1319.155555239117}, "channel": 14}, "attempt": 1}
2026-09-12 22:35:11,932 INFO response {"request_id": "16fb66ab4ac54ef0a29c046a308f949a", "http_status": 200, "body": {"accepted": true, "real_timestamp_ms": 1789223708819, "virtual_time_s": 1212.03559, "measure_result": "direction", "svd_deg": 349.99}}
2026-09-12 22:35:11,955 INFO request {"path": "/measure", "payload": {"arena_id": "default", "robot_id": "202601002029", "request_id": "b0676af4d267499d949a6201494f40f8", "position": {"x": -1319.1555552391167, "y": 1319.155555239117}, "channel": 18}, "attempt": 1}
2026-09-12 22:35:11,957 INFO response {"request_id": "b0676af4d267499d949a6201494f40f8", "http_status": 200, "body": {"accepted": true, "real_timestamp_ms": 1789223708844, "virtual_time_s": 1218.03559, "measure_result": "direction", "svd_deg": 255.46}}
2026-09-12 22:35:11,981 INFO request {"path": "/measure", "payload": {"arena_id": "default", "robot_id": "202601002029", "request_id": "9cc2a24b079c41678107527fce2734dd", "position": {"x": -1319.1555552391167, "y": 1319.155555239117}, "channel": 12}, "attempt": 1}
2026-09-12 22:35:12,000 INFO response {"request_id": "9cc2a24b079c41678107527fce2734dd", "http_status": 200, "body": {"accepted": true, "real_timestamp_ms": 1789223708887, "virtual_time_s": 1224.03559, "measure_result": "direction", "svd_deg": 302.87}}
2026-09-12 22:35:12,055 INFO request {"path": "/measure", "payload": {"arena_id": "default", "robot_id": "202601002029", "request_id": "34f360294801443eac1a85c0180fbe9c", "position": {"x": -1801.9999999999998, "y": 482.84444476088356}, "channel": 1}, "attempt": 1}
2026-09-12 22:35:12,069 INFO response {"request_id": "34f360294801443eac1a85c0180fbe9c", "http_status": 200, "body": {"accepted": true, "real_timestamp_ms": 1789223708957, "virtual_time_s": 1423.173368, "measure_result": "no_signal"}}
2026-09-12 22:35:12,085 INFO request {"path": "/measure", "payload": {"arena_id": "default", "robot_id": "202601002029", "request_id": "ef332d3614b74cae810b05783df84a46", "position": {"x": -1801.9999999999998, "y": 482.84444476088356}, "channel": 2}, "attempt": 1}
2026-09-12 22:35:12,087 INFO response {"request_id": "ef332d3614b74cae810b05783df84a46", "http_status": 200, "body": {"accepted": true, "real_timestamp_ms": 1789223708974, "virtual_time_s": 1429.173368, "measure_result": "no_signal"}}
2026-09-12 22:35:12,118 INFO request {"path": "/measure", "payload": {"arena_id": "default", "robot_id": "202601002029", "request_id": "2e52937e40704fcd88dc7a7ab051647d", "position": {"x": -1801.9999999999998, "y": 482.84444476088356}, "channel": 3}, "attempt": 1}
2026-09-12 22:35:12,123 INFO response {"request_id": "2e52937e40704fcd88dc7a7ab051647d", "http_status": 200, "body": {"accepted": true, "real_timestamp_ms": 1789223709009, "virtual_time_s": 1435.173368, "measure_result": "no_signal"}}
2026-09-12 22:35:12,153 INFO request {"path": "/measure", "payload": {"arena_id": "default", "robot_id": "202601002029", "request_id": "d84c12257f414904acafecb1a3a4281c", "position": {"x": -1801.9999999999998, "y": 482.84444476088356}, "channel": 5}, "attempt": 1}
2026-09-12 22:35:12,166 INFO response {"request_id": "d84c12257f414904acafecb1a3a4281c", "http_status": 200, "body": {"accepted": true, "real_timestamp_ms": 1789223709053, "virtual_time_s": 1441.173368, "measure_result": "no_signal"}}
2026-09-12 22:35:12,181 INFO request {"path": "/measure", "payload": {"arena_id": "default", "robot_id": "202601002029", "request_id": "9cb0926839d94fdbbff1ac673878d595", "position": {"x": -1801.9999999999998, "y": 482.84444476088356}, "channel": 6}, "attempt": 1}
2026-09-12 22:35:12,183 INFO response {"request_id": "9cb0926839d94fdbbff1ac673878d595", "http_status": 200, "body": {"accepted": true, "real_timestamp_ms": 1789223709070, "virtual_time_s": 1447.173368, "measure_result": "no_signal"}}
2026-09-12 22:35:12,214 INFO request {"path": "/measure", "payload": {"arena_id": "default", "robot_id": "202601002029", "request_id": "02318b48d1b54ff2aba6c6728cb8ac02", "position": {"x": -1801.9999999999998, "y": 482.84444476088356}, "channel": 7}, "attempt": 1}
2026-09-12 22:35:12,216 INFO response {"request_id": "02318b48d1b54ff2aba6c6728cb8ac02", "http_status": 200, "body": {"accepted": true, "real_timestamp_ms": 1789223709103, "virtual_time_s": 1453.173368, "measure_result": "no_signal"}}
2026-09-12 22:35:12,247 INFO request {"path": "/measure", "payload": {"arena_id": "default", "robot_id": "202601002029", "request_id": "a161aefb23ba4cf29c96bc85a343237e", "position": {"x": -1801.9999999999998, "y": 482.84444476088356}, "channel": 10}, "attempt": 1}
2026-09-12 22:35:12,263 INFO response {"request_id": "a161aefb23ba4cf29c96bc85a343237e", "http_status": 200, "body": {"accepted": true, "real_timestamp_ms": 1789223709150, "virtual_time_s": 1459.173368, "measure_result": "no_signal"}}
2026-09-12 22:35:12,277 INFO request {"path": "/measure", "payload": {"arena_id": "default", "robot_id": "202601002029", "request_id": "8cdbaf8734c94ad6a96b441ae5ab9ad0", "position": {"x": -1801.9999999999998, "y": 482.84444476088356}, "channel": 11}, "attempt": 1}
2026-09-12 22:35:12,278 INFO response {"request_id": "8cdbaf8734c94ad6a96b441ae5ab9ad0", "http_status": 200, "body": {"accepted": true, "real_timestamp_ms": 1789223709166, "virtual_time_s": 1465.173368, "measure_result": "no_signal"}}
2026-09-12 22:35:12,309 INFO request {"path": "/measure", "payload": {"arena_id": "default", "robot_id": "202601002029", "request_id": "778f59ed2bbd488597152eedca9cd3b3", "position": {"x": -1801.9999999999998, "y": 482.84444476088356}, "channel": 15}, "attempt": 1}
2026-09-12 22:35:12,310 INFO response {"request_id": "778f59ed2bbd488597152eedca9cd3b3", "http_status": 200, "body": {"accepted": true, "real_timestamp_ms": 1789223709197, "virtual_time_s": 1471.173368, "measure_result": "no_signal"}}
2026-09-12 22:35:12,340 INFO request {"path": "/measure", "payload": {"arena_id": "default", "robot_id": "202601002029", "request_id": "035893d1a32e4c2ab940264c960b7520", "position": {"x": -1801.9999999999998, "y": 482.84444476088356}, "channel": 19}, "attempt": 1}
2026-09-12 22:35:12,341 INFO response {"request_id": "035893d1a32e4c2ab940264c960b7520", "http_status": 200, "body": {"accepted": true, "real_timestamp_ms": 1789223709229, "virtual_time_s": 1477.173368, "measure_result": "no_signal"}}
2026-09-12 22:35:12,396 INFO request {"path": "/measure", "payload": {"arena_id": "default", "robot_id": "202601002029", "request_id": "4b7b7b6e449646848aed936807efa77f", "position": {"x": -1801.9999999999998, "y": 482.84444476088356}, "channel": 12}, "attempt": 1}
2026-09-12 22:35:12,408 INFO response {"request_id": "4b7b7b6e449646848aed936807efa77f", "http_status": 200, "body": {"accepted": true, "real_timestamp_ms": 1789223709295, "virtual_time_s": 1483.173368, "measure_result": "direction", "svd_deg": 47.13}}
2026-09-12 22:35:12,427 INFO request {"path": "/measure", "payload": {"arena_id": "default", "robot_id": "202601002029", "request_id": "1403b72d2fe8474687ca24269d4b2f1d", "position": {"x": -1801.9999999999998, "y": 482.84444476088356}, "channel": 18}, "attempt": 1}
2026-09-12 22:35:12,447 INFO response {"request_id": "1403b72d2fe8474687ca24269d4b2f1d", "http_status": 200, "body": {"accepted": true, "real_timestamp_ms": 1789223709334, "virtual_time_s": 1489.173368, "measure_result": "direction", "svd_deg": 334.36}}
2026-09-12 22:35:12,470 INFO request {"path": "/measure", "payload": {"arena_id": "default", "robot_id": "202601002029", "request_id": "0e0a4ff6478149bdb48426e079b576a4", "position": {"x": -1801.9999999999998, "y": 482.84444476088356}, "channel": 4}, "attempt": 1}
2026-09-12 22:35:12,486 INFO response {"request_id": "0e0a4ff6478149bdb48426e079b576a4", "http_status": 200, "body": {"accepted": true, "real_timestamp_ms": 1789223709373, "virtual_time_s": 1495.173368, "measure_result": "direction", "svd_deg": 276.64}}
2026-09-12 22:35:12,510 INFO request {"path": "/measure", "payload": {"arena_id": "default", "robot_id": "202601002029", "request_id": "9d24d6a140bd4adf85b0ec404c62303b", "position": {"x": -1802.0000000000002, "y": -482.84444476088237}, "channel": 1}, "attempt": 1}
2026-09-12 22:35:12,525 INFO response {"request_id": "9d24d6a140bd4adf85b0ec404c62303b", "http_status": 200, "body": {"accepted": true, "real_timestamp_ms": 1789223709412, "virtual_time_s": 1694.311146, "measure_result": "no_signal"}}
2026-09-12 22:35:12,541 INFO request {"path": "/measure", "payload": {"arena_id": "default", "robot_id": "202601002029", "request_id": "6f07d4df8ffc463988e4143413e32889", "position": {"x": -1802.0000000000002, "y": -482.84444476088237}, "channel": 2}, "attempt": 1}
2026-09-12 22:35:12,555 INFO response {"request_id": "6f07d4df8ffc463988e4143413e32889", "http_status": 200, "body": {"accepted": true, "real_timestamp_ms": 1789223709442, "virtual_time_s": 1700.311146, "measure_result": "no_signal"}}
2026-09-12 22:35:12,570 INFO request {"path": "/measure", "payload": {"arena_id": "default", "robot_id": "202601002029", "request_id": "b75035a3e462475b8def73021a0946b7", "position": {"x": -1802.0000000000002, "y": -482.84444476088237}, "channel": 3}, "attempt": 1}
2026-09-12 22:35:12,572 INFO response {"request_id": "b75035a3e462475b8def73021a0946b7", "http_status": 200, "body": {"accepted": true, "real_timestamp_ms": 1789223709459, "virtual_time_s": 1706.311146, "measure_result": "no_signal"}}
2026-09-12 22:35:12,603 INFO request {"path": "/measure", "payload": {"arena_id": "default", "robot_id": "202601002029", "request_id": "653e862b859848cabce0b51ab38d7c2d", "position": {"x": -1802.0000000000002, "y": -482.84444476088237}, "channel": 5}, "attempt": 1}
2026-09-12 22:35:12,614 INFO response {"request_id": "653e862b859848cabce0b51ab38d7c2d", "http_status": 200, "body": {"accepted": true, "real_timestamp_ms": 1789223709501, "virtual_time_s": 1712.311146, "measure_result": "no_signal"}}
2026-09-12 22:35:12,628 INFO request {"path": "/measure", "payload": {"arena_id": "default", "robot_id": "202601002029", "request_id": "2dd077a16b7542c5a94ebd74fa0f79e4", "position": {"x": -1802.0000000000002, "y": -482.84444476088237}, "channel": 6}, "attempt": 1}
2026-09-12 22:35:12,643 INFO response {"request_id": "2dd077a16b7542c5a94ebd74fa0f79e4", "http_status": 200, "body": {"accepted": true, "real_timestamp_ms": 1789223709531, "virtual_time_s": 1718.311146, "measure_result": "no_signal"}}
2026-09-12 22:35:12,660 INFO request {"path": "/measure", "payload": {"arena_id": "default", "robot_id": "202601002029", "request_id": "94f552dec18d44a6a4d7777ae6db1c57", "position": {"x": -1802.0000000000002, "y": -482.84444476088237}, "channel": 7}, "attempt": 1}
2026-09-12 22:35:12,663 INFO response {"request_id": "94f552dec18d44a6a4d7777ae6db1c57", "http_status": 200, "body": {"accepted": true, "real_timestamp_ms": 1789223709549, "virtual_time_s": 1724.311146, "measure_result": "no_signal"}}
2026-09-12 22:35:12,678 INFO request {"path": "/measure", "payload": {"arena_id": "default", "robot_id": "202601002029", "request_id": "3d4ca2b4eeee4e9982beeda00e013d50", "position": {"x": -1802.0000000000002, "y": -482.84444476088237}, "channel": 10}, "attempt": 1}
2026-09-12 22:35:12,679 INFO response {"request_id": "3d4ca2b4eeee4e9982beeda00e013d50", "http_status": 200, "body": {"accepted": true, "real_timestamp_ms": 1789223709567, "virtual_time_s": 1730.311146, "measure_result": "no_signal"}}
2026-09-12 22:35:12,710 INFO request {"path": "/measure", "payload": {"arena_id": "default", "robot_id": "202601002029", "request_id": "bd414d5ed7ad43fda5ea12d6531dba12", "position": {"x": -1802.0000000000002, "y": -482.84444476088237}, "channel": 11}, "attempt": 1}
2026-09-12 22:35:12,723 INFO response {"request_id": "bd414d5ed7ad43fda5ea12d6531dba12", "http_status": 200, "body": {"accepted": true, "real_timestamp_ms": 1789223709610, "virtual_time_s": 1736.311146, "measure_result": "no_signal"}}
2026-09-12 22:35:12,739 INFO request {"path": "/measure", "payload": {"arena_id": "default", "robot_id": "202601002029", "request_id": "19a8d808e19d44239a1ed1f531774857", "position": {"x": -1802.0000000000002, "y": -482.84444476088237}, "channel": 15}, "attempt": 1}
2026-09-12 22:35:12,752 INFO response {"request_id": "19a8d808e19d44239a1ed1f531774857", "http_status": 200, "body": {"accepted": true, "real_timestamp_ms": 1789223709639, "virtual_time_s": 1742.311146, "measure_result": "no_signal"}}
2026-09-12 22:35:12,783 INFO request {"path": "/measure", "payload": {"arena_id": "default", "robot_id": "202601002029", "request_id": "3a691c665f6a414b8af3a2d8d94e4f3e", "position": {"x": -1802.0000000000002, "y": -482.84444476088237}, "channel": 19}, "attempt": 1}
2026-09-12 22:35:12,801 INFO response {"request_id": "3a691c665f6a414b8af3a2d8d94e4f3e", "http_status": 200, "body": {"accepted": true, "real_timestamp_ms": 1789223709688, "virtual_time_s": 1748.311146, "measure_result": "no_signal"}}
2026-09-12 22:35:12,833 INFO request {"path": "/measure", "payload": {"arena_id": "default", "robot_id": "202601002029", "request_id": "6f10d7f5ed5746648099328c6946a5bc", "position": {"x": -1802.0000000000002, "y": -482.84444476088237}, "channel": 8}, "attempt": 1}
2026-09-12 22:35:12,835 INFO response {"request_id": "6f10d7f5ed5746648099328c6946a5bc", "http_status": 200, "body": {"accepted": true, "real_timestamp_ms": 1789223709723, "virtual_time_s": 1754.311146, "measure_result": "direction", "svd_deg": 352.89}}
2026-09-12 22:35:12,869 INFO request {"path": "/clear", "payload": {"arena_id": "default", "robot_id": "202601002029", "request_id": "5bf1020f87dd446495109a8df48f7741", "position": {"x": -1701.5214342394768, "y": -348.80179741777533}, "channel": 4}, "attempt": 1}
2026-09-12 22:35:12,889 INFO response {"request_id": "5bf1020f87dd446495109a8df48f7741", "http_status": 200, "body": {"accepted": true, "real_timestamp_ms": 1789223709777, "virtual_time_s": 1792.815399, "clear_result": "success"}}
2026-09-12 22:35:12,925 INFO request {"path": "/measure", "payload": {"arena_id": "default", "robot_id": "202601002029", "request_id": "585e4fa4983541e7a88761b18d222f9c", "position": {"x": -490.00000000000045, "y": -848.7048957087497}, "channel": 1}, "attempt": 1}
2026-09-12 22:35:12,938 INFO response {"request_id": "585e4fa4983541e7a88761b18d222f9c", "http_status": 200, "body": {"accepted": true, "real_timestamp_ms": 1789223709825, "virtual_time_s": 2060.936538, "measure_result": "no_signal"}}
2026-09-12 22:35:12,953 INFO request {"path": "/measure", "payload": {"arena_id": "default", "robot_id": "202601002029", "request_id": "9141a379256e458b8e754c3a9518e966", "position": {"x": -490.00000000000045, "y": -848.7048957087497}, "channel": 2}, "attempt": 1}
2026-09-12 22:35:12,955 INFO response {"request_id": "9141a379256e458b8e754c3a9518e966", "http_status": 200, "body": {"accepted": true, "real_timestamp_ms": 1789223709842, "virtual_time_s": 2066.936538, "measure_result": "no_signal"}}
2026-09-12 22:35:12,986 INFO request {"path": "/measure", "payload": {"arena_id": "default", "robot_id": "202601002029", "request_id": "27f86c22892b468d8e629cf7f024d0e2", "position": {"x": -490.00000000000045, "y": -848.7048957087497}, "channel": 3}, "attempt": 1}
2026-09-12 22:35:13,007 INFO response {"request_id": "27f86c22892b468d8e629cf7f024d0e2", "http_status": 200, "body": {"accepted": true, "real_timestamp_ms": 1789223709894, "virtual_time_s": 2072.936538, "measure_result": "no_signal"}}
2026-09-12 22:35:13,007 INFO request {"path": "/measure", "payload": {"arena_id": "default", "robot_id": "202601002029", "request_id": "a6f59d5918ff4be0b0f5c03ec5ed996b", "position": {"x": -490.00000000000045, "y": -848.7048957087497}, "channel": 5}, "attempt": 1}
2026-09-12 22:35:13,008 INFO response {"request_id": "a6f59d5918ff4be0b0f5c03ec5ed996b", "http_status": 200, "body": {"accepted": true, "real_timestamp_ms": 1789223709896, "virtual_time_s": 2078.936538, "measure_result": "no_signal"}}
2026-09-12 22:35:13,039 INFO request {"path": "/measure", "payload": {"arena_id": "default", "robot_id": "202601002029", "request_id": "66a95bf745294073a3161ce0d13d4008", "position": {"x": -490.00000000000045, "y": -848.7048957087497}, "channel": 6}, "attempt": 1}
2026-09-12 22:35:13,041 INFO response {"request_id": "66a95bf745294073a3161ce0d13d4008", "http_status": 200, "body": {"accepted": true, "real_timestamp_ms": 1789223709928, "virtual_time_s": 2084.936538, "measure_result": "no_signal"}}
2026-09-12 22:35:13,072 INFO request {"path": "/measure", "payload": {"arena_id": "default", "robot_id": "202601002029", "request_id": "e14a531893f7451595d9ec7be6f0777c", "position": {"x": -490.00000000000045, "y": -848.7048957087497}, "channel": 7}, "attempt": 1}
2026-09-12 22:35:13,073 INFO response {"request_id": "e14a531893f7451595d9ec7be6f0777c", "http_status": 200, "body": {"accepted": true, "real_timestamp_ms": 1789223709961, "virtual_time_s": 2090.936538, "measure_result": "no_signal"}}
2026-09-12 22:35:13,104 INFO request {"path": "/measure", "payload": {"arena_id": "default", "robot_id": "202601002029", "request_id": "4267d809287c40b7b05f37f54d7edeb4", "position": {"x": -490.00000000000045, "y": -848.7048957087497}, "channel": 10}, "attempt": 1}
2026-09-12 22:35:13,107 INFO response {"request_id": "4267d809287c40b7b05f37f54d7edeb4", "http_status": 200, "body": {"accepted": true, "real_timestamp_ms": 1789223709995, "virtual_time_s": 2096.936538, "measure_result": "no_signal"}}
2026-09-12 22:35:13,139 INFO request {"path": "/measure", "payload": {"arena_id": "default", "robot_id": "202601002029", "request_id": "9ac31976a52e469d8f0f1bc9c9ec1cdd", "position": {"x": -490.00000000000045, "y": -848.7048957087497}, "channel": 11}, "attempt": 1}
2026-09-12 22:35:13,141 INFO response {"request_id": "9ac31976a52e469d8f0f1bc9c9ec1cdd", "http_status": 200, "body": {"accepted": true, "real_timestamp_ms": 1789223710028, "virtual_time_s": 2102.936538, "measure_result": "no_signal"}}
2026-09-12 22:35:13,171 INFO request {"path": "/measure", "payload": {"arena_id": "default", "robot_id": "202601002029", "request_id": "73ae1ef4334149a0ba3dcf40be6087ba", "position": {"x": -490.00000000000045, "y": -848.7048957087497}, "channel": 15}, "attempt": 1}
2026-09-12 22:35:13,174 INFO response {"request_id": "73ae1ef4334149a0ba3dcf40be6087ba", "http_status": 200, "body": {"accepted": true, "real_timestamp_ms": 1789223710061, "virtual_time_s": 2108.936538, "measure_result": "direction", "svd_deg": 330.33}}
2026-09-12 22:35:13,194 INFO request {"path": "/measure", "payload": {"arena_id": "default", "robot_id": "202601002029", "request_id": "756afebce31c486da448984b7a7983cd", "position": {"x": -490.00000000000045, "y": -848.7048957087497}, "channel": 19}, "attempt": 1}
2026-09-12 22:35:13,214 INFO response {"request_id": "756afebce31c486da448984b7a7983cd", "http_status": 200, "body": {"accepted": true, "real_timestamp_ms": 1789223710101, "virtual_time_s": 2114.936538, "measure_result": "no_signal"}}
2026-09-12 22:35:13,250 INFO request {"path": "/measure", "payload": {"arena_id": "default", "robot_id": "202601002029", "request_id": "7310cd7dac6e43d5b10c798ea5dbe665", "position": {"x": -490.00000000000045, "y": -848.7048957087497}, "channel": 20}, "attempt": 1}
2026-09-12 22:35:13,263 INFO response {"request_id": "7310cd7dac6e43d5b10c798ea5dbe665", "http_status": 200, "body": {"accepted": true, "real_timestamp_ms": 1789223710151, "virtual_time_s": 2120.936538, "measure_result": "direction", "svd_deg": 14.94}}
2026-09-12 22:35:13,281 INFO request {"path": "/measure", "payload": {"arena_id": "default", "robot_id": "202601002029", "request_id": "86da9b34bf9a43758e57791a690135b4", "position": {"x": -490.00000000000045, "y": -848.7048957087497}, "channel": 13}, "attempt": 1}
2026-09-12 22:35:13,292 INFO response {"request_id": "86da9b34bf9a43758e57791a690135b4", "http_status": 200, "body": {"accepted": true, "real_timestamp_ms": 1789223710180, "virtual_time_s": 2126.936538, "measure_result": "direction", "svd_deg": 243.72}}
2026-09-12 22:35:13,309 INFO request {"path": "/measure", "payload": {"arena_id": "default", "robot_id": "202601002029", "request_id": "d3bdb8ca7b394d9d82b771de2abafb01", "position": {"x": -1.8002307947466092e-13, "y": -980.0}, "channel": 1}, "attempt": 1}
2026-09-12 22:35:13,322 INFO response {"request_id": "d3bdb8ca7b394d9d82b771de2abafb01", "http_status": 200, "body": {"accepted": true, "real_timestamp_ms": 1789223710210, "virtual_time_s": 2234.393604, "measure_result": "no_signal"}}
2026-09-12 22:35:13,338 INFO request {"path": "/measure", "payload": {"arena_id": "default", "robot_id": "202601002029", "request_id": "b749ece617c941abbd560a835f469d24", "position": {"x": -1.8002307947466092e-13, "y": -980.0}, "channel": 2}, "attempt": 1}
2026-09-12 22:35:13,352 INFO response {"request_id": "b749ece617c941abbd560a835f469d24", "http_status": 200, "body": {"accepted": true, "real_timestamp_ms": 1789223710239, "virtual_time_s": 2240.393604, "measure_result": "no_signal"}}
2026-09-12 22:35:13,368 INFO request {"path": "/measure", "payload": {"arena_id": "default", "robot_id": "202601002029", "request_id": "4bca2f7a4c6e4cf9a75eac6466330eed", "position": {"x": -1.8002307947466092e-13, "y": -980.0}, "channel": 3}, "attempt": 1}
2026-09-12 22:35:13,381 INFO response {"request_id": "4bca2f7a4c6e4cf9a75eac6466330eed", "http_status": 200, "body": {"accepted": true, "real_timestamp_ms": 1789223710268, "virtual_time_s": 2246.393604, "measure_result": "no_signal"}}
2026-09-12 22:35:13,395 INFO request {"path": "/measure", "payload": {"arena_id": "default", "robot_id": "202601002029", "request_id": "898a2713cd284f49bab4f0675a133f58", "position": {"x": -1.8002307947466092e-13, "y": -980.0}, "channel": 5}, "attempt": 1}
2026-09-12 22:35:13,410 INFO response {"request_id": "898a2713cd284f49bab4f0675a133f58", "http_status": 200, "body": {"accepted": true, "real_timestamp_ms": 1789223710297, "virtual_time_s": 2252.393604, "measure_result": "no_signal"}}
2026-09-12 22:35:13,425 INFO request {"path": "/measure", "payload": {"arena_id": "default", "robot_id": "202601002029", "request_id": "aa2851830a30426c81656bd734604a1f", "position": {"x": -1.8002307947466092e-13, "y": -980.0}, "channel": 6}, "attempt": 1}
2026-09-12 22:35:13,439 INFO response {"request_id": "aa2851830a30426c81656bd734604a1f", "http_status": 200, "body": {"accepted": true, "real_timestamp_ms": 1789223710326, "virtual_time_s": 2258.393604, "measure_result": "no_signal"}}
2026-09-12 22:35:13,454 INFO request {"path": "/measure", "payload": {"arena_id": "default", "robot_id": "202601002029", "request_id": "c6e0bd8d86fb420f9425bc206d134867", "position": {"x": -1.8002307947466092e-13, "y": -980.0}, "channel": 7}, "attempt": 1}
2026-09-12 22:35:13,469 INFO response {"request_id": "c6e0bd8d86fb420f9425bc206d134867", "http_status": 200, "body": {"accepted": true, "real_timestamp_ms": 1789223710357, "virtual_time_s": 2264.393604, "measure_result": "no_signal"}}
2026-09-12 22:35:13,484 INFO request {"path": "/measure", "payload": {"arena_id": "default", "robot_id": "202601002029", "request_id": "400c304d4a874e86a8020c959d53e208", "position": {"x": -1.8002307947466092e-13, "y": -980.0}, "channel": 10}, "attempt": 1}
2026-09-12 22:35:13,484 INFO response {"request_id": "400c304d4a874e86a8020c959d53e208", "http_status": 200, "body": {"accepted": true, "real_timestamp_ms": 1789223710372, "virtual_time_s": 2270.393604, "measure_result": "no_signal"}}
2026-09-12 22:35:13,515 INFO request {"path": "/measure", "payload": {"arena_id": "default", "robot_id": "202601002029", "request_id": "ba22e085e53c4cde87ca9f93db15cf90", "position": {"x": -1.8002307947466092e-13, "y": -980.0}, "channel": 11}, "attempt": 1}
2026-09-12 22:35:13,528 INFO response {"request_id": "ba22e085e53c4cde87ca9f93db15cf90", "http_status": 200, "body": {"accepted": true, "real_timestamp_ms": 1789223710415, "virtual_time_s": 2276.393604, "measure_result": "no_signal"}}
2026-09-12 22:35:13,544 INFO request {"path": "/measure", "payload": {"arena_id": "default", "robot_id": "202601002029", "request_id": "1871b9c3eb4d4a66a6aa251a07ada3c2", "position": {"x": -1.8002307947466092e-13, "y": -980.0}, "channel": 19}, "attempt": 1}
2026-09-12 22:35:13,557 INFO response {"request_id": "1871b9c3eb4d4a66a6aa251a07ada3c2", "http_status": 200, "body": {"accepted": true, "real_timestamp_ms": 1789223710444, "virtual_time_s": 2282.393604, "measure_result": "no_signal"}}
2026-09-12 22:35:13,598 INFO request {"path": "/measure", "payload": {"arena_id": "default", "robot_id": "202601002029", "request_id": "4d514491d7214ec29b63353729a9a314", "position": {"x": -1.8002307947466092e-13, "y": -980.0}, "channel": 13}, "attempt": 1}
2026-09-12 22:35:13,600 INFO response {"request_id": "4d514491d7214ec29b63353729a9a314", "http_status": 200, "body": {"accepted": true, "real_timestamp_ms": 1789223710488, "virtual_time_s": 2288.393604, "measure_result": "direction", "svd_deg": 196.86}}
2026-09-12 22:35:13,638 INFO request {"path": "/measure", "payload": {"arena_id": "default", "robot_id": "202601002029", "request_id": "378b5fe85f714d04b692efe45356638a", "position": {"x": -1.8002307947466092e-13, "y": -980.0}, "channel": 15}, "attempt": 1}
2026-09-12 22:35:13,640 INFO response {"request_id": "378b5fe85f714d04b692efe45356638a", "http_status": 200, "body": {"accepted": true, "real_timestamp_ms": 1789223710527, "virtual_time_s": 2294.393604, "measure_result": "direction", "svd_deg": 319.47}}
2026-09-12 22:35:13,672 INFO request {"path": "/measure", "payload": {"arena_id": "default", "robot_id": "202601002029", "request_id": "8e5f42f53107416f82677c756e53df4c", "position": {"x": 489.9999999999994, "y": -848.7048957087503}, "channel": 1}, "attempt": 1}
2026-09-12 22:35:13,687 INFO response {"request_id": "8e5f42f53107416f82677c756e53df4c", "http_status": 200, "body": {"accepted": true, "real_timestamp_ms": 1789223710574, "virtual_time_s": 2401.85067, "measure_result": "no_signal"}}
2026-09-12 22:35:13,701 INFO request {"path": "/measure", "payload": {"arena_id": "default", "robot_id": "202601002029", "request_id": "0759b496a1fa4be2a551a2ac1e005697", "position": {"x": 489.9999999999994, "y": -848.7048957087503}, "channel": 2}, "attempt": 1}
2026-09-12 22:35:13,716 INFO response {"request_id": "0759b496a1fa4be2a551a2ac1e005697", "http_status": 200, "body": {"accepted": true, "real_timestamp_ms": 1789223710604, "virtual_time_s": 2407.85067, "measure_result": "no_signal"}}
2026-09-12 22:35:13,731 INFO request {"path": "/measure", "payload": {"arena_id": "default", "robot_id": "202601002029", "request_id": "470892bc972a4953a08f588015469cf3", "position": {"x": 489.9999999999994, "y": -848.7048957087503}, "channel": 3}, "attempt": 1}
2026-09-12 22:35:13,746 INFO response {"request_id": "470892bc972a4953a08f588015469cf3", "http_status": 200, "body": {"accepted": true, "real_timestamp_ms": 1789223710633, "virtual_time_s": 2413.85067, "measure_result": "no_signal"}}
2026-09-12 22:35:13,760 INFO request {"path": "/measure", "payload": {"arena_id": "default", "robot_id": "202601002029", "request_id": "5396b696d27144ecaec9fa588b548400", "position": {"x": 489.9999999999994, "y": -848.7048957087503}, "channel": 5}, "attempt": 1}
2026-09-12 22:35:13,775 INFO response {"request_id": "5396b696d27144ecaec9fa588b548400", "http_status": 200, "body": {"accepted": true, "real_timestamp_ms": 1789223710662, "virtual_time_s": 2419.85067, "measure_result": "no_signal"}}
2026-09-12 22:35:13,791 INFO request {"path": "/measure", "payload": {"arena_id": "default", "robot_id": "202601002029", "request_id": "7d338b36178c4d739c9885c712179cda", "position": {"x": 489.9999999999994, "y": -848.7048957087503}, "channel": 6}, "attempt": 1}
2026-09-12 22:35:13,793 INFO response {"request_id": "7d338b36178c4d739c9885c712179cda", "http_status": 200, "body": {"accepted": true, "real_timestamp_ms": 1789223710680, "virtual_time_s": 2425.85067, "measure_result": "no_signal"}}
2026-09-12 22:35:13,824 INFO request {"path": "/measure", "payload": {"arena_id": "default", "robot_id": "202601002029", "request_id": "7b3459b26a514a829391862a336e8069", "position": {"x": 489.9999999999994, "y": -848.7048957087503}, "channel": 7}, "attempt": 1}
2026-09-12 22:35:13,844 INFO response {"request_id": "7b3459b26a514a829391862a336e8069", "http_status": 200, "body": {"accepted": true, "real_timestamp_ms": 1789223710731, "virtual_time_s": 2431.85067, "measure_result": "no_signal"}}
2026-09-12 22:35:13,858 INFO request {"path": "/measure", "payload": {"arena_id": "default", "robot_id": "202601002029", "request_id": "1712d1016f5949e487be01b138169b5c", "position": {"x": 489.9999999999994, "y": -848.7048957087503}, "channel": 10}, "attempt": 1}
2026-09-12 22:35:13,872 INFO response {"request_id": "1712d1016f5949e487be01b138169b5c", "http_status": 200, "body": {"accepted": true, "real_timestamp_ms": 1789223710759, "virtual_time_s": 2437.85067, "measure_result": "no_signal"}}
2026-09-12 22:35:13,886 INFO request {"path": "/measure", "payload": {"arena_id": "default", "robot_id": "202601002029", "request_id": "c027ac8a5dae41ed8b63816f2c6b0511", "position": {"x": 489.9999999999994, "y": -848.7048957087503}, "channel": 11}, "attempt": 1}
2026-09-12 22:35:13,902 INFO response {"request_id": "c027ac8a5dae41ed8b63816f2c6b0511", "http_status": 200, "body": {"accepted": true, "real_timestamp_ms": 1789223710788, "virtual_time_s": 2443.85067, "measure_result": "no_signal"}}
2026-09-12 22:35:13,917 INFO request {"path": "/measure", "payload": {"arena_id": "default", "robot_id": "202601002029", "request_id": "5155ba263a0e4977a879af01973ff037", "position": {"x": 489.9999999999994, "y": -848.7048957087503}, "channel": 19}, "attempt": 1}
2026-09-12 22:35:13,930 INFO response {"request_id": "5155ba263a0e4977a879af01973ff037", "http_status": 200, "body": {"accepted": true, "real_timestamp_ms": 1789223710818, "virtual_time_s": 2449.85067, "measure_result": "no_signal"}}
2026-09-12 22:35:13,952 INFO request {"path": "/measure", "payload": {"arena_id": "default", "robot_id": "202601002029", "request_id": "ea150671b69f4bcd9650af22f2e820b1", "position": {"x": 489.9999999999994, "y": -848.7048957087503}, "channel": 15}, "attempt": 1}
2026-09-12 22:35:13,969 INFO response {"request_id": "ea150671b69f4bcd9650af22f2e820b1", "http_status": 200, "body": {"accepted": true, "real_timestamp_ms": 1789223710857, "virtual_time_s": 2455.85067, "measure_result": "direction", "svd_deg": 271.11}}
2026-09-12 22:35:13,990 INFO request {"path": "/measure", "payload": {"arena_id": "default", "robot_id": "202601002029", "request_id": "45697d63122f4dbc9b8a138fd3af6b6f", "position": {"x": 848.7048957087496, "y": -490.00000000000045}, "channel": 1}, "attempt": 1}
2026-09-12 22:35:13,991 INFO response {"request_id": "45697d63122f4dbc9b8a138fd3af6b6f", "http_status": 200, "body": {"accepted": true, "real_timestamp_ms": 1789223710879, "virtual_time_s": 2563.307736, "measure_result": "no_signal"}}
2026-09-12 22:35:14,022 INFO request {"path": "/measure", "payload": {"arena_id": "default", "robot_id": "202601002029", "request_id": "85c8c35228a043c49317c40c805241f5", "position": {"x": 848.7048957087496, "y": -490.00000000000045}, "channel": 2}, "attempt": 1}
2026-09-12 22:35:14,039 INFO response {"request_id": "85c8c35228a043c49317c40c805241f5", "http_status": 200, "body": {"accepted": true, "real_timestamp_ms": 1789223710926, "virtual_time_s": 2569.307736, "measure_result": "no_signal"}}
2026-09-12 22:35:14,054 INFO request {"path": "/measure", "payload": {"arena_id": "default", "robot_id": "202601002029", "request_id": "aab0349df3e14752afef7fe087158eb7", "position": {"x": 848.7048957087496, "y": -490.00000000000045}, "channel": 3}, "attempt": 1}
2026-09-12 22:35:14,056 INFO response {"request_id": "aab0349df3e14752afef7fe087158eb7", "http_status": 200, "body": {"accepted": true, "real_timestamp_ms": 1789223710943, "virtual_time_s": 2575.307736, "measure_result": "no_signal"}}
2026-09-12 22:35:14,087 INFO request {"path": "/measure", "payload": {"arena_id": "default", "robot_id": "202601002029", "request_id": "5bde40557ffe4b76af3930258b2a2749", "position": {"x": 848.7048957087496, "y": -490.00000000000045}, "channel": 5}, "attempt": 1}
2026-09-12 22:35:14,106 INFO response {"request_id": "5bde40557ffe4b76af3930258b2a2749", "http_status": 200, "body": {"accepted": true, "real_timestamp_ms": 1789223710994, "virtual_time_s": 2581.307736, "measure_result": "no_signal"}}
2026-09-12 22:35:14,122 INFO request {"path": "/measure", "payload": {"arena_id": "default", "robot_id": "202601002029", "request_id": "265cb91b8cd746d98224555769dab86b", "position": {"x": 848.7048957087496, "y": -490.00000000000045}, "channel": 6}, "attempt": 1}
2026-09-12 22:35:14,137 INFO response {"request_id": "265cb91b8cd746d98224555769dab86b", "http_status": 200, "body": {"accepted": true, "real_timestamp_ms": 1789223711024, "virtual_time_s": 2587.307736, "measure_result": "no_signal"}}
2026-09-12 22:35:14,152 INFO request {"path": "/measure", "payload": {"arena_id": "default", "robot_id": "202601002029", "request_id": "aab9a129ab7f4d84951e28082a10acdc", "position": {"x": 848.7048957087496, "y": -490.00000000000045}, "channel": 7}, "attempt": 1}
2026-09-12 22:35:14,166 INFO response {"request_id": "aab9a129ab7f4d84951e28082a10acdc", "http_status": 200, "body": {"accepted": true, "real_timestamp_ms": 1789223711053, "virtual_time_s": 2593.307736, "measure_result": "no_signal"}}
2026-09-12 22:35:14,181 INFO request {"path": "/measure", "payload": {"arena_id": "default", "robot_id": "202601002029", "request_id": "2730e0c9068344548854673f43c71c23", "position": {"x": 848.7048957087496, "y": -490.00000000000045}, "channel": 10}, "attempt": 1}
2026-09-12 22:35:14,195 INFO response {"request_id": "2730e0c9068344548854673f43c71c23", "http_status": 200, "body": {"accepted": true, "real_timestamp_ms": 1789223711082, "virtual_time_s": 2599.307736, "measure_result": "no_signal"}}
2026-09-12 22:35:14,210 INFO request {"path": "/measure", "payload": {"arena_id": "default", "robot_id": "202601002029", "request_id": "e990e36bb85a45c3873776b7fe929c1a", "position": {"x": 848.7048957087496, "y": -490.00000000000045}, "channel": 11}, "attempt": 1}
2026-09-12 22:35:14,226 INFO response {"request_id": "e990e36bb85a45c3873776b7fe929c1a", "http_status": 200, "body": {"accepted": true, "real_timestamp_ms": 1789223711113, "virtual_time_s": 2605.307736, "measure_result": "no_signal"}}
2026-09-12 22:35:14,242 INFO request {"path": "/measure", "payload": {"arena_id": "default", "robot_id": "202601002029", "request_id": "eb8bf36afeca461c8722688082e73b87", "position": {"x": 848.7048957087496, "y": -490.00000000000045}, "channel": 19}, "attempt": 1}
2026-09-12 22:35:14,256 INFO response {"request_id": "eb8bf36afeca461c8722688082e73b87", "http_status": 200, "body": {"accepted": true, "real_timestamp_ms": 1789223711143, "virtual_time_s": 2611.307736, "measure_result": "no_signal"}}
2026-09-12 22:35:14,310 INFO request {"path": "/measure", "payload": {"arena_id": "default", "robot_id": "202601002029", "request_id": "a594073f295a4aec8b78210ff7760f62", "position": {"x": 848.7048957087496, "y": -490.00000000000045}, "channel": 17}, "attempt": 1}
2026-09-12 22:35:14,326 INFO response {"request_id": "a594073f295a4aec8b78210ff7760f62", "http_status": 200, "body": {"accepted": true, "real_timestamp_ms": 1789223711214, "virtual_time_s": 2617.307736, "measure_result": "direction", "svd_deg": 125.05}}
2026-09-12 22:35:14,346 INFO request {"path": "/measure", "payload": {"arena_id": "default", "robot_id": "202601002029", "request_id": "e6a4314a68294a489820ee04250bfdc2", "position": {"x": 848.7048957087496, "y": -490.00000000000045}, "channel": 15}, "attempt": 1}
2026-09-12 22:35:14,366 INFO response {"request_id": "e6a4314a68294a489820ee04250bfdc2", "http_status": 200, "body": {"accepted": true, "real_timestamp_ms": 1789223711252, "virtual_time_s": 2623.307736, "measure_result": "direction", "svd_deg": 248.11}}
2026-09-12 22:35:14,379 INFO request {"path": "/measure", "payload": {"arena_id": "default", "robot_id": "202601002029", "request_id": "57f9d63da4894b729dfb088bcdb2ba7d", "position": {"x": 980.0, "y": 0.0}, "channel": 1}, "attempt": 1}
2026-09-12 22:35:14,381 INFO response {"request_id": "57f9d63da4894b729dfb088bcdb2ba7d", "http_status": 200, "body": {"accepted": true, "real_timestamp_ms": 1789223711268, "virtual_time_s": 2730.764802, "measure_result": "no_signal"}}
2026-09-12 22:35:14,413 INFO request {"path": "/measure", "payload": {"arena_id": "default", "robot_id": "202601002029", "request_id": "f9c220d4787d4e2a865e5846a7b446ab", "position": {"x": 980.0, "y": 0.0}, "channel": 2}, "attempt": 1}
2026-09-12 22:35:14,423 INFO response {"request_id": "f9c220d4787d4e2a865e5846a7b446ab", "http_status": 200, "body": {"accepted": true, "real_timestamp_ms": 1789223711310, "virtual_time_s": 2736.764802, "measure_result": "no_signal"}}
2026-09-12 22:35:14,454 INFO request {"path": "/measure", "payload": {"arena_id": "default", "robot_id": "202601002029", "request_id": "70b06fd8154643449b3840b5319aa173", "position": {"x": 980.0, "y": 0.0}, "channel": 3}, "attempt": 1}
2026-09-12 22:35:14,472 INFO response {"request_id": "70b06fd8154643449b3840b5319aa173", "http_status": 200, "body": {"accepted": true, "real_timestamp_ms": 1789223711360, "virtual_time_s": 2742.764802, "measure_result": "no_signal"}}
2026-09-12 22:35:14,472 INFO request {"path": "/measure", "payload": {"arena_id": "default", "robot_id": "202601002029", "request_id": "80c03e4f2a0c4bc2af52f9b9eb2302e3", "position": {"x": 980.0, "y": 0.0}, "channel": 5}, "attempt": 1}
2026-09-12 22:35:14,473 INFO response {"request_id": "80c03e4f2a0c4bc2af52f9b9eb2302e3", "http_status": 200, "body": {"accepted": true, "real_timestamp_ms": 1789223711360, "virtual_time_s": 2748.764802, "measure_result": "no_signal"}}
2026-09-12 22:35:14,504 INFO request {"path": "/measure", "payload": {"arena_id": "default", "robot_id": "202601002029", "request_id": "c4a24d493e6f460eadda64a84ef283e5", "position": {"x": 980.0, "y": 0.0}, "channel": 6}, "attempt": 1}
2026-09-12 22:35:14,504 INFO response {"request_id": "c4a24d493e6f460eadda64a84ef283e5", "http_status": 200, "body": {"accepted": true, "real_timestamp_ms": 1789223711392, "virtual_time_s": 2754.764802, "measure_result": "no_signal"}}
2026-09-12 22:35:14,536 INFO request {"path": "/measure", "payload": {"arena_id": "default", "robot_id": "202601002029", "request_id": "e27f719d2eb14890b97402677652f5fa", "position": {"x": 980.0, "y": 0.0}, "channel": 7}, "attempt": 1}
2026-09-12 22:35:14,536 INFO response {"request_id": "e27f719d2eb14890b97402677652f5fa", "http_status": 200, "body": {"accepted": true, "real_timestamp_ms": 1789223711424, "virtual_time_s": 2760.764802, "measure_result": "no_signal"}}
2026-09-12 22:35:14,567 INFO request {"path": "/measure", "payload": {"arena_id": "default", "robot_id": "202601002029", "request_id": "3709c96b71f54dda83b69d077bcebc7e", "position": {"x": 980.0, "y": 0.0}, "channel": 10}, "attempt": 1}
2026-09-12 22:35:14,580 INFO response {"request_id": "3709c96b71f54dda83b69d077bcebc7e", "http_status": 200, "body": {"accepted": true, "real_timestamp_ms": 1789223711467, "virtual_time_s": 2766.764802, "measure_result": "no_signal"}}
2026-09-12 22:35:14,611 INFO request {"path": "/measure", "payload": {"arena_id": "default", "robot_id": "202601002029", "request_id": "8f4f4d02ad4c47f79c48513a7d4fcf9b", "position": {"x": 980.0, "y": 0.0}, "channel": 11}, "attempt": 1}
2026-09-12 22:35:14,629 INFO response {"request_id": "8f4f4d02ad4c47f79c48513a7d4fcf9b", "http_status": 200, "body": {"accepted": true, "real_timestamp_ms": 1789223711515, "virtual_time_s": 2772.764802, "measure_result": "no_signal"}}
2026-09-12 22:35:14,629 INFO request {"path": "/measure", "payload": {"arena_id": "default", "robot_id": "202601002029", "request_id": "fce1fd539f5b45c8b165f4828a641fde", "position": {"x": 980.0, "y": 0.0}, "channel": 19}, "attempt": 1}
2026-09-12 22:35:14,648 INFO response {"request_id": "fce1fd539f5b45c8b165f4828a641fde", "http_status": 200, "body": {"accepted": true, "real_timestamp_ms": 1789223711535, "virtual_time_s": 2778.764802, "measure_result": "no_signal"}}
2026-09-12 22:35:14,666 INFO request {"path": "/measure", "payload": {"arena_id": "default", "robot_id": "202601002029", "request_id": "b10390a3a21d40a3a68278a6d9cb57b8", "position": {"x": 848.70489570875, "y": 489.99999999999994}, "channel": 19}, "attempt": 1}
2026-09-12 22:35:14,687 INFO response {"request_id": "b10390a3a21d40a3a68278a6d9cb57b8", "http_status": 200, "body": {"accepted": true, "real_timestamp_ms": 1789223711575, "virtual_time_s": 2885.221868, "measure_result": "no_signal"}}
2026-09-12 22:35:14,702 INFO request {"path": "/measure", "payload": {"arena_id": "default", "robot_id": "202601002029", "request_id": "26e13569bb7e42c6b6c201daad091415", "position": {"x": 848.70489570875, "y": 489.99999999999994}, "channel": 1}, "attempt": 1}
2026-09-12 22:35:14,716 INFO response {"request_id": "26e13569bb7e42c6b6c201daad091415", "http_status": 200, "body": {"accepted": true, "real_timestamp_ms": 1789223711604, "virtual_time_s": 2891.221868, "measure_result": "no_signal"}}
2026-09-12 22:35:14,731 INFO request {"path": "/measure", "payload": {"arena_id": "default", "robot_id": "202601002029", "request_id": "e63b86c2dde244518d4332cffc40578a", "position": {"x": 848.70489570875, "y": 489.99999999999994}, "channel": 2}, "attempt": 1}
2026-09-12 22:35:14,747 INFO response {"request_id": "e63b86c2dde244518d4332cffc40578a", "http_status": 200, "body": {"accepted": true, "real_timestamp_ms": 1789223711635, "virtual_time_s": 2897.221868, "measure_result": "no_signal"}}
2026-09-12 22:35:14,762 INFO request {"path": "/measure", "payload": {"arena_id": "default", "robot_id": "202601002029", "request_id": "74d45bd8d49f4e998a233fce98d0538a", "position": {"x": 848.70489570875, "y": 489.99999999999994}, "channel": 3}, "attempt": 1}
2026-09-12 22:35:14,777 INFO response {"request_id": "74d45bd8d49f4e998a233fce98d0538a", "http_status": 200, "body": {"accepted": true, "real_timestamp_ms": 1789223711665, "virtual_time_s": 2903.221868, "measure_result": "no_signal"}}
2026-09-12 22:35:14,793 INFO request {"path": "/measure", "payload": {"arena_id": "default", "robot_id": "202601002029", "request_id": "dccfda69ab0c43299403ebc3f9f3828a", "position": {"x": 848.70489570875, "y": 489.99999999999994}, "channel": 5}, "attempt": 1}
2026-09-12 22:35:14,795 INFO response {"request_id": "dccfda69ab0c43299403ebc3f9f3828a", "http_status": 200, "body": {"accepted": true, "real_timestamp_ms": 1789223711682, "virtual_time_s": 2909.221868, "measure_result": "no_signal"}}
2026-09-12 22:35:14,826 INFO request {"path": "/measure", "payload": {"arena_id": "default", "robot_id": "202601002029", "request_id": "d46bae374bf149ce8cf4ea994e49a5eb", "position": {"x": 848.70489570875, "y": 489.99999999999994}, "channel": 6}, "attempt": 1}
2026-09-12 22:35:14,828 INFO response {"request_id": "d46bae374bf149ce8cf4ea994e49a5eb", "http_status": 200, "body": {"accepted": true, "real_timestamp_ms": 1789223711715, "virtual_time_s": 2915.221868, "measure_result": "no_signal"}}
2026-09-12 22:35:14,858 INFO request {"path": "/measure", "payload": {"arena_id": "default", "robot_id": "202601002029", "request_id": "60206867eede48c0ae179f5d13604521", "position": {"x": 848.70489570875, "y": 489.99999999999994}, "channel": 7}, "attempt": 1}
2026-09-12 22:35:14,875 INFO response {"request_id": "60206867eede48c0ae179f5d13604521", "http_status": 200, "body": {"accepted": true, "real_timestamp_ms": 1789223711762, "virtual_time_s": 2921.221868, "measure_result": "no_signal"}}
2026-09-12 22:35:14,890 INFO request {"path": "/measure", "payload": {"arena_id": "default", "robot_id": "202601002029", "request_id": "2f9b0d48cc07426396357428856fbf6b", "position": {"x": 848.70489570875, "y": 489.99999999999994}, "channel": 10}, "attempt": 1}
2026-09-12 22:35:14,891 INFO response {"request_id": "2f9b0d48cc07426396357428856fbf6b", "http_status": 200, "body": {"accepted": true, "real_timestamp_ms": 1789223711778, "virtual_time_s": 2927.221868, "measure_result": "no_signal"}}
2026-09-12 22:35:14,922 INFO request {"path": "/measure", "payload": {"arena_id": "default", "robot_id": "202601002029", "request_id": "e0d6f1580ae44bb4b793e4f6f424ea28", "position": {"x": 848.70489570875, "y": 489.99999999999994}, "channel": 11}, "attempt": 1}
2026-09-12 22:35:14,923 INFO response {"request_id": "e0d6f1580ae44bb4b793e4f6f424ea28", "http_status": 200, "body": {"accepted": true, "real_timestamp_ms": 1789223711811, "virtual_time_s": 2933.221868, "measure_result": "direction", "svd_deg": 77.37}}
2026-09-12 22:35:14,947 INFO request {"path": "/measure", "payload": {"arena_id": "default", "robot_id": "202601002029", "request_id": "426569e2a1124167aa186bf0052c35d7", "position": {"x": 490.0000000000001, "y": 848.7048957087499}, "channel": 1}, "attempt": 1}
2026-09-12 22:35:14,948 INFO response {"request_id": "426569e2a1124167aa186bf0052c35d7", "http_status": 200, "body": {"accepted": true, "real_timestamp_ms": 1789223711835, "virtual_time_s": 3040.678934, "measure_result": "no_signal"}}
2026-09-12 22:35:14,979 INFO request {"path": "/measure", "payload": {"arena_id": "default", "robot_id": "202601002029", "request_id": "e9203fd441eb41399b0b3ab0d6625ea2", "position": {"x": 490.0000000000001, "y": 848.7048957087499}, "channel": 2}, "attempt": 1}
2026-09-12 22:35:14,992 INFO response {"request_id": "e9203fd441eb41399b0b3ab0d6625ea2", "http_status": 200, "body": {"accepted": true, "real_timestamp_ms": 1789223711879, "virtual_time_s": 3046.678934, "measure_result": "no_signal"}}
2026-09-12 22:35:15,007 INFO request {"path": "/measure", "payload": {"arena_id": "default", "robot_id": "202601002029", "request_id": "7792dbc0af9a4282b1313e1d97e74d2f", "position": {"x": 490.0000000000001, "y": 848.7048957087499}, "channel": 3}, "attempt": 1}
2026-09-12 22:35:15,007 INFO response {"request_id": "7792dbc0af9a4282b1313e1d97e74d2f", "http_status": 200, "body": {"accepted": true, "real_timestamp_ms": 1789223711895, "virtual_time_s": 3052.678934, "measure_result": "no_signal"}}
2026-09-12 22:35:15,038 INFO request {"path": "/measure", "payload": {"arena_id": "default", "robot_id": "202601002029", "request_id": "26b545d6a49548f2ab8eb9a009991f3d", "position": {"x": 490.0000000000001, "y": 848.7048957087499}, "channel": 5}, "attempt": 1}
2026-09-12 22:35:15,039 INFO response {"request_id": "26b545d6a49548f2ab8eb9a009991f3d", "http_status": 200, "body": {"accepted": true, "real_timestamp_ms": 1789223711927, "virtual_time_s": 3058.678934, "measure_result": "no_signal"}}
2026-09-12 22:35:15,070 INFO request {"path": "/measure", "payload": {"arena_id": "default", "robot_id": "202601002029", "request_id": "548497f5e2a543d09c37720809b10b91", "position": {"x": 490.0000000000001, "y": 848.7048957087499}, "channel": 6}, "attempt": 1}
2026-09-12 22:35:15,091 INFO response {"request_id": "548497f5e2a543d09c37720809b10b91", "http_status": 200, "body": {"accepted": true, "real_timestamp_ms": 1789223711978, "virtual_time_s": 3064.678934, "measure_result": "no_signal"}}
2026-09-12 22:35:15,105 INFO request {"path": "/measure", "payload": {"arena_id": "default", "robot_id": "202601002029", "request_id": "1e46f5ab009244f796c34a188f7dfa9b", "position": {"x": 490.0000000000001, "y": 848.7048957087499}, "channel": 7}, "attempt": 1}
2026-09-12 22:35:15,119 INFO response {"request_id": "1e46f5ab009244f796c34a188f7dfa9b", "http_status": 200, "body": {"accepted": true, "real_timestamp_ms": 1789223712006, "virtual_time_s": 3070.678934, "measure_result": "no_signal"}}
2026-09-12 22:35:15,133 INFO request {"path": "/measure", "payload": {"arena_id": "default", "robot_id": "202601002029", "request_id": "7fb498a252df4382b39398ed3e18f5a4", "position": {"x": 490.0000000000001, "y": 848.7048957087499}, "channel": 10}, "attempt": 1}
2026-09-12 22:35:15,148 INFO response {"request_id": "7fb498a252df4382b39398ed3e18f5a4", "http_status": 200, "body": {"accepted": true, "real_timestamp_ms": 1789223712035, "virtual_time_s": 3076.678934, "measure_result": "no_signal"}}
2026-09-12 22:35:15,164 INFO request {"path": "/measure", "payload": {"arena_id": "default", "robot_id": "202601002029", "request_id": "94f299eda9974fe684499d2d4cc7803c", "position": {"x": 490.0000000000001, "y": 848.7048957087499}, "channel": 19}, "attempt": 1}
2026-09-12 22:35:15,177 INFO response {"request_id": "94f299eda9974fe684499d2d4cc7803c", "http_status": 200, "body": {"accepted": true, "real_timestamp_ms": 1789223712064, "virtual_time_s": 3082.678934, "measure_result": "no_signal"}}
2026-09-12 22:35:15,197 INFO request {"path": "/measure", "payload": {"arena_id": "default", "robot_id": "202601002029", "request_id": "8aa54723f82c40b4bd39553e0040dee9", "position": {"x": 490.0000000000001, "y": 848.7048957087499}, "channel": 11}, "attempt": 1}
2026-09-12 22:35:15,217 INFO response {"request_id": "8aa54723f82c40b4bd39553e0040dee9", "http_status": 200, "body": {"accepted": true, "real_timestamp_ms": 1789223712103, "virtual_time_s": 3088.678934, "measure_result": "direction", "svd_deg": 41.63}}
2026-09-12 22:35:15,238 INFO request {"path": "/measure", "payload": {"arena_id": "default", "robot_id": "202601002029", "request_id": "480b80bf9b2d4b0685529083b7dad3a8", "position": {"x": 6.000769315822031e-14, "y": 980.0}, "channel": 1}, "attempt": 1}
2026-09-12 22:35:15,255 INFO response {"request_id": "480b80bf9b2d4b0685529083b7dad3a8", "http_status": 200, "body": {"accepted": true, "real_timestamp_ms": 1789223712142, "virtual_time_s": 3196.136, "measure_result": "no_signal"}}
2026-09-12 22:35:15,269 INFO request {"path": "/measure", "payload": {"arena_id": "default", "robot_id": "202601002029", "request_id": "af689442b4f84d319fc5f4375f654adf", "position": {"x": 6.000769315822031e-14, "y": 980.0}, "channel": 2}, "attempt": 1}
2026-09-12 22:35:15,284 INFO response {"request_id": "af689442b4f84d319fc5f4375f654adf", "http_status": 200, "body": {"accepted": true, "real_timestamp_ms": 1789223712171, "virtual_time_s": 3202.136, "measure_result": "no_signal"}}
2026-09-12 22:35:15,315 INFO request {"path": "/measure", "payload": {"arena_id": "default", "robot_id": "202601002029", "request_id": "7c97a4e3e4ac4d0b954cc7ca3af249c0", "position": {"x": 6.000769315822031e-14, "y": 980.0}, "channel": 3}, "attempt": 1}
2026-09-12 22:35:15,315 INFO response {"request_id": "7c97a4e3e4ac4d0b954cc7ca3af249c0", "http_status": 200, "body": {"accepted": true, "real_timestamp_ms": 1789223712203, "virtual_time_s": 3208.136, "measure_result": "no_signal"}}
2026-09-12 22:35:15,331 INFO request {"path": "/measure", "payload": {"arena_id": "default", "robot_id": "202601002029", "request_id": "bd77fadcf29f4c9a9845e20be8d69d10", "position": {"x": 6.000769315822031e-14, "y": 980.0}, "channel": 5}, "attempt": 1}
2026-09-12 22:35:15,353 INFO response {"request_id": "bd77fadcf29f4c9a9845e20be8d69d10", "http_status": 200, "body": {"accepted": true, "real_timestamp_ms": 1789223712240, "virtual_time_s": 3214.136, "measure_result": "no_signal"}}
2026-09-12 22:35:15,353 INFO request {"path": "/measure", "payload": {"arena_id": "default", "robot_id": "202601002029", "request_id": "441e645936764aff906005364e2fafea", "position": {"x": 6.000769315822031e-14, "y": 980.0}, "channel": 6}, "attempt": 1}
2026-09-12 22:35:15,354 INFO response {"request_id": "441e645936764aff906005364e2fafea", "http_status": 200, "body": {"accepted": true, "real_timestamp_ms": 1789223712241, "virtual_time_s": 3220.136, "measure_result": "no_signal"}}
2026-09-12 22:35:15,384 INFO request {"path": "/measure", "payload": {"arena_id": "default", "robot_id": "202601002029", "request_id": "5b05fbcb7ae0405dbda8659a8809957f", "position": {"x": 6.000769315822031e-14, "y": 980.0}, "channel": 7}, "attempt": 1}
2026-09-12 22:35:15,401 INFO response {"request_id": "5b05fbcb7ae0405dbda8659a8809957f", "http_status": 200, "body": {"accepted": true, "real_timestamp_ms": 1789223712288, "virtual_time_s": 3226.136, "measure_result": "no_signal"}}
2026-09-12 22:35:15,416 INFO request {"path": "/measure", "payload": {"arena_id": "default", "robot_id": "202601002029", "request_id": "4366cd61bb5b4df58608be31280822bb", "position": {"x": 6.000769315822031e-14, "y": 980.0}, "channel": 10}, "attempt": 1}
2026-09-12 22:35:15,431 INFO response {"request_id": "4366cd61bb5b4df58608be31280822bb", "http_status": 200, "body": {"accepted": true, "real_timestamp_ms": 1789223712318, "virtual_time_s": 3232.136, "measure_result": "no_signal"}}
2026-09-12 22:35:15,445 INFO request {"path": "/measure", "payload": {"arena_id": "default", "robot_id": "202601002029", "request_id": "ed5fcbe1ddbe4d2bb0842ca672147f54", "position": {"x": 6.000769315822031e-14, "y": 980.0}, "channel": 19}, "attempt": 1}
2026-09-12 22:35:15,461 INFO response {"request_id": "ed5fcbe1ddbe4d2bb0842ca672147f54", "http_status": 200, "body": {"accepted": true, "real_timestamp_ms": 1789223712347, "virtual_time_s": 3238.136, "measure_result": "no_signal"}}
2026-09-12 22:35:15,507 INFO request {"path": "/measure", "payload": {"arena_id": "default", "robot_id": "202601002029", "request_id": "cb6b9c3016a74da3943a2b703026ac93", "position": {"x": -482.8444447608829, "y": 1802.0}, "channel": 19}, "attempt": 1}
2026-09-12 22:35:15,509 INFO response {"request_id": "cb6b9c3016a74da3943a2b703026ac93", "http_status": 200, "body": {"accepted": true, "real_timestamp_ms": 1789223712396, "virtual_time_s": 3433.800392, "measure_result": "no_signal"}}
2026-09-12 22:35:15,540 INFO request {"path": "/measure", "payload": {"arena_id": "default", "robot_id": "202601002029", "request_id": "d8089f87b7ce418ea5ba1df1bf465330", "position": {"x": -482.8444447608829, "y": 1802.0}, "channel": 1}, "attempt": 1}
2026-09-12 22:35:15,541 INFO response {"request_id": "d8089f87b7ce418ea5ba1df1bf465330", "http_status": 200, "body": {"accepted": true, "real_timestamp_ms": 1789223712428, "virtual_time_s": 3439.800392, "measure_result": "no_signal"}}
2026-09-12 22:35:15,572 INFO request {"path": "/measure", "payload": {"arena_id": "default", "robot_id": "202601002029", "request_id": "2b6d8dd9d6784a29abb04a1363780fbe", "position": {"x": -482.8444447608829, "y": 1802.0}, "channel": 2}, "attempt": 1}
2026-09-12 22:35:15,589 INFO response {"request_id": "2b6d8dd9d6784a29abb04a1363780fbe", "http_status": 200, "body": {"accepted": true, "real_timestamp_ms": 1789223712476, "virtual_time_s": 3445.800392, "measure_result": "no_signal"}}
2026-09-12 22:35:15,603 INFO request {"path": "/measure", "payload": {"arena_id": "default", "robot_id": "202601002029", "request_id": "92083a20ecf64fe4929a7bec5e2a665f", "position": {"x": -482.8444447608829, "y": 1802.0}, "channel": 3}, "attempt": 1}
2026-09-12 22:35:15,618 INFO response {"request_id": "92083a20ecf64fe4929a7bec5e2a665f", "http_status": 200, "body": {"accepted": true, "real_timestamp_ms": 1789223712506, "virtual_time_s": 3451.800392, "measure_result": "no_signal"}}
2026-09-12 22:35:15,633 INFO request {"path": "/measure", "payload": {"arena_id": "default", "robot_id": "202601002029", "request_id": "623c4c21cd9441438db3afa5d0863080", "position": {"x": -482.8444447608829, "y": 1802.0}, "channel": 5}, "attempt": 1}
2026-09-12 22:35:15,634 INFO response {"request_id": "623c4c21cd9441438db3afa5d0863080", "http_status": 200, "body": {"accepted": true, "real_timestamp_ms": 1789223712522, "virtual_time_s": 3457.800392, "measure_result": "no_signal"}}
2026-09-12 22:35:15,665 INFO request {"path": "/measure", "payload": {"arena_id": "default", "robot_id": "202601002029", "request_id": "f7395d06c017461399dde18db8c3a7e8", "position": {"x": -482.8444447608829, "y": 1802.0}, "channel": 6}, "attempt": 1}
2026-09-12 22:35:15,676 INFO response {"request_id": "f7395d06c017461399dde18db8c3a7e8", "http_status": 200, "body": {"accepted": true, "real_timestamp_ms": 1789223712564, "virtual_time_s": 3463.800392, "measure_result": "no_signal"}}
2026-09-12 22:35:15,691 INFO request {"path": "/measure", "payload": {"arena_id": "default", "robot_id": "202601002029", "request_id": "57c9215dea6b4992ab12494130b81ffc", "position": {"x": -482.8444447608829, "y": 1802.0}, "channel": 7}, "attempt": 1}
2026-09-12 22:35:15,706 INFO response {"request_id": "57c9215dea6b4992ab12494130b81ffc", "http_status": 200, "body": {"accepted": true, "real_timestamp_ms": 1789223712593, "virtual_time_s": 3469.800392, "measure_result": "no_signal"}}
2026-09-12 22:35:15,737 INFO request {"path": "/measure", "payload": {"arena_id": "default", "robot_id": "202601002029", "request_id": "a525b3e040bb4c6b8786917f8ae8f3c8", "position": {"x": -482.8444447608829, "y": 1802.0}, "channel": 10}, "attempt": 1}
2026-09-12 22:35:15,738 INFO response {"request_id": "a525b3e040bb4c6b8786917f8ae8f3c8", "http_status": 200, "body": {"accepted": true, "real_timestamp_ms": 1789223712625, "virtual_time_s": 3475.800392, "measure_result": "no_signal"}}
2026-09-12 22:35:15,756 INFO request {"path": "/measure", "payload": {"arena_id": "default", "robot_id": "202601002029", "request_id": "5037fea022bb45daa8a92dd176f44387", "position": {"x": 482.8444447608835, "y": 1801.9999999999998}, "channel": 10}, "attempt": 1}
2026-09-12 22:35:15,757 INFO response {"request_id": "5037fea022bb45daa8a92dd176f44387", "http_status": 200, "body": {"accepted": true, "real_timestamp_ms": 1789223712645, "virtual_time_s": 3673.93817, "measure_result": "no_signal"}}
2026-09-12 22:35:15,788 INFO request {"path": "/measure", "payload": {"arena_id": "default", "robot_id": "202601002029", "request_id": "bf0050ce7f3f44e69ea502fdd9054267", "position": {"x": 482.8444447608835, "y": 1801.9999999999998}, "channel": 1}, "attempt": 1}
2026-09-12 22:35:15,804 INFO response {"request_id": "bf0050ce7f3f44e69ea502fdd9054267", "http_status": 200, "body": {"accepted": true, "real_timestamp_ms": 1789223712692, "virtual_time_s": 3679.93817, "measure_result": "no_signal"}}
2026-09-12 22:35:15,819 INFO request {"path": "/measure", "payload": {"arena_id": "default", "robot_id": "202601002029", "request_id": "aa454d511650494492a1d2c426eb78dc", "position": {"x": 482.8444447608835, "y": 1801.9999999999998}, "channel": 2}, "attempt": 1}
2026-09-12 22:35:15,834 INFO response {"request_id": "aa454d511650494492a1d2c426eb78dc", "http_status": 200, "body": {"accepted": true, "real_timestamp_ms": 1789223712721, "virtual_time_s": 3685.93817, "measure_result": "no_signal"}}
2026-09-12 22:35:15,848 INFO request {"path": "/measure", "payload": {"arena_id": "default", "robot_id": "202601002029", "request_id": "d5f35db775a6462a8c6c99df84b9da41", "position": {"x": 482.8444447608835, "y": 1801.9999999999998}, "channel": 3}, "attempt": 1}
2026-09-12 22:35:15,850 INFO response {"request_id": "d5f35db775a6462a8c6c99df84b9da41", "http_status": 200, "body": {"accepted": true, "real_timestamp_ms": 1789223712737, "virtual_time_s": 3691.93817, "measure_result": "no_signal"}}
2026-09-12 22:35:15,881 INFO request {"path": "/measure", "payload": {"arena_id": "default", "robot_id": "202601002029", "request_id": "7644c6693a264ce3a1ed105810ea7d70", "position": {"x": 482.8444447608835, "y": 1801.9999999999998}, "channel": 5}, "attempt": 1}
2026-09-12 22:35:15,882 INFO response {"request_id": "7644c6693a264ce3a1ed105810ea7d70", "http_status": 200, "body": {"accepted": true, "real_timestamp_ms": 1789223712770, "virtual_time_s": 3697.93817, "measure_result": "no_signal"}}
2026-09-12 22:35:15,913 INFO request {"path": "/measure", "payload": {"arena_id": "default", "robot_id": "202601002029", "request_id": "cd426b4e589a4366b0c54323adf6f1b6", "position": {"x": 482.8444447608835, "y": 1801.9999999999998}, "channel": 6}, "attempt": 1}
2026-09-12 22:35:15,932 INFO response {"request_id": "cd426b4e589a4366b0c54323adf6f1b6", "http_status": 200, "body": {"accepted": true, "real_timestamp_ms": 1789223712818, "virtual_time_s": 3703.93817, "measure_result": "no_signal"}}
2026-09-12 22:35:15,947 INFO request {"path": "/measure", "payload": {"arena_id": "default", "robot_id": "202601002029", "request_id": "6cc2803252a34d8d914fba214bfc6bd6", "position": {"x": 482.8444447608835, "y": 1801.9999999999998}, "channel": 7}, "attempt": 1}
2026-09-12 22:35:15,961 INFO response {"request_id": "6cc2803252a34d8d914fba214bfc6bd6", "http_status": 200, "body": {"accepted": true, "real_timestamp_ms": 1789223712848, "virtual_time_s": 3709.93817, "measure_result": "no_signal"}}
2026-09-12 22:35:15,976 INFO request {"path": "/measure", "payload": {"arena_id": "default", "robot_id": "202601002029", "request_id": "fe7bc9276db54cabbc7a74d277ccf821", "position": {"x": 482.8444447608835, "y": 1801.9999999999998}, "channel": 19}, "attempt": 1}
2026-09-12 22:35:15,978 INFO response {"request_id": "fe7bc9276db54cabbc7a74d277ccf821", "http_status": 200, "body": {"accepted": true, "real_timestamp_ms": 1789223712865, "virtual_time_s": 3715.93817, "measure_result": "no_signal"}}
2026-09-12 22:35:16,008 INFO request {"path": "/measure", "payload": {"arena_id": "default", "robot_id": "202601002029", "request_id": "1c9edd0667dc41c7a53dfd30239a2b74", "position": {"x": 482.8444447608835, "y": 1801.9999999999998}, "channel": 11}, "attempt": 1}
2026-09-12 22:35:16,021 INFO response {"request_id": "1c9edd0667dc41c7a53dfd30239a2b74", "http_status": 200, "body": {"accepted": true, "real_timestamp_ms": 1789223712908, "virtual_time_s": 3721.93817, "measure_result": "no_signal"}}
2026-09-12 22:35:16,040 INFO request {"path": "/measure", "payload": {"arena_id": "default", "robot_id": "202601002029", "request_id": "f565bc4657ef42f8ba9808b7e810cefa", "position": {"x": 1319.155555239117, "y": 1319.155555239117}, "channel": 1}, "attempt": 1}
2026-09-12 22:35:16,043 INFO response {"request_id": "f565bc4657ef42f8ba9808b7e810cefa", "http_status": 200, "body": {"accepted": true, "real_timestamp_ms": 1789223712930, "virtual_time_s": 3921.075948, "measure_result": "no_signal"}}
2026-09-12 22:35:16,073 INFO request {"path": "/measure", "payload": {"arena_id": "default", "robot_id": "202601002029", "request_id": "44d8e4e1e27f403f8b1ff594a2851f70", "position": {"x": 1319.155555239117, "y": 1319.155555239117}, "channel": 2}, "attempt": 1}
2026-09-12 22:35:16,075 INFO response {"request_id": "44d8e4e1e27f403f8b1ff594a2851f70", "http_status": 200, "body": {"accepted": true, "real_timestamp_ms": 1789223712962, "virtual_time_s": 3927.075948, "measure_result": "no_signal"}}
2026-09-12 22:35:16,106 INFO request {"path": "/measure", "payload": {"arena_id": "default", "robot_id": "202601002029", "request_id": "d61bbdcaf3494351948c714686ededc6", "position": {"x": 1319.155555239117, "y": 1319.155555239117}, "channel": 3}, "attempt": 1}
2026-09-12 22:35:16,107 INFO response {"request_id": "d61bbdcaf3494351948c714686ededc6", "http_status": 200, "body": {"accepted": true, "real_timestamp_ms": 1789223712994, "virtual_time_s": 3933.075948, "measure_result": "no_signal"}}
2026-09-12 22:35:16,138 INFO request {"path": "/measure", "payload": {"arena_id": "default", "robot_id": "202601002029", "request_id": "a835fe30991c4d079b4ca65d6d8a0765", "position": {"x": 1319.155555239117, "y": 1319.155555239117}, "channel": 5}, "attempt": 1}
2026-09-12 22:35:16,157 INFO response {"request_id": "a835fe30991c4d079b4ca65d6d8a0765", "http_status": 200, "body": {"accepted": true, "real_timestamp_ms": 1789223713044, "virtual_time_s": 3939.075948, "measure_result": "no_signal"}}
2026-09-12 22:35:16,173 INFO request {"path": "/measure", "payload": {"arena_id": "default", "robot_id": "202601002029", "request_id": "4eba99ac69db4a4cbb9b45252fa9076d", "position": {"x": 1319.155555239117, "y": 1319.155555239117}, "channel": 6}, "attempt": 1}
2026-09-12 22:35:16,187 INFO response {"request_id": "4eba99ac69db4a4cbb9b45252fa9076d", "http_status": 200, "body": {"accepted": true, "real_timestamp_ms": 1789223713075, "virtual_time_s": 3945.075948, "measure_result": "no_signal"}}
2026-09-12 22:35:16,202 INFO request {"path": "/measure", "payload": {"arena_id": "default", "robot_id": "202601002029", "request_id": "efa8a7f088ef4e71b749b8e57cb9e1ff", "position": {"x": 1319.155555239117, "y": 1319.155555239117}, "channel": 7}, "attempt": 1}
2026-09-12 22:35:16,217 INFO response {"request_id": "efa8a7f088ef4e71b749b8e57cb9e1ff", "http_status": 200, "body": {"accepted": true, "real_timestamp_ms": 1789223713104, "virtual_time_s": 3951.075948, "measure_result": "no_signal"}}
2026-09-12 22:35:16,231 INFO request {"path": "/measure", "payload": {"arena_id": "default", "robot_id": "202601002029", "request_id": "9664b4eb34214528b09ed73aca275d33", "position": {"x": 1319.155555239117, "y": 1319.155555239117}, "channel": 10}, "attempt": 1}
2026-09-12 22:35:16,247 INFO response {"request_id": "9664b4eb34214528b09ed73aca275d33", "http_status": 200, "body": {"accepted": true, "real_timestamp_ms": 1789223713133, "virtual_time_s": 3957.075948, "measure_result": "no_signal"}}
2026-09-12 22:35:16,261 INFO request {"path": "/measure", "payload": {"arena_id": "default", "robot_id": "202601002029", "request_id": "92d703d8bcc24a8084f9af4556c165ea", "position": {"x": 1319.155555239117, "y": 1319.155555239117}, "channel": 19}, "attempt": 1}
2026-09-12 22:35:16,275 INFO response {"request_id": "92d703d8bcc24a8084f9af4556c165ea", "http_status": 200, "body": {"accepted": true, "real_timestamp_ms": 1789223713163, "virtual_time_s": 3963.075948, "measure_result": "no_signal"}}
2026-09-12 22:35:16,289 INFO request {"path": "/measure", "payload": {"arena_id": "default", "robot_id": "202601002029", "request_id": "76cecf4318c74fa7b6d9f83833fb9570", "position": {"x": 1319.155555239117, "y": 1319.155555239117}, "channel": 11}, "attempt": 1}
2026-09-12 22:35:16,305 INFO response {"request_id": "76cecf4318c74fa7b6d9f83833fb9570", "http_status": 200, "body": {"accepted": true, "real_timestamp_ms": 1789223713193, "virtual_time_s": 3969.075948, "measure_result": "direction", "svd_deg": 178.86}}
2026-09-12 22:35:16,325 INFO request {"path": "/measure", "payload": {"arena_id": "default", "robot_id": "202601002029", "request_id": "5fd88dbc28094b198f3c645c9bea58bb", "position": {"x": 1802.0, "y": 482.84444476088305}, "channel": 1}, "attempt": 1}
2026-09-12 22:35:16,344 INFO response {"request_id": "5fd88dbc28094b198f3c645c9bea58bb", "http_status": 200, "body": {"accepted": true, "real_timestamp_ms": 1789223713231, "virtual_time_s": 4168.213726, "measure_result": "no_signal"}}
2026-09-12 22:35:16,359 INFO request {"path": "/measure", "payload": {"arena_id": "default", "robot_id": "202601002029", "request_id": "47a5462049544dea85bf8027a0769689", "position": {"x": 1802.0, "y": 482.84444476088305}, "channel": 2}, "attempt": 1}
2026-09-12 22:35:16,361 INFO response {"request_id": "47a5462049544dea85bf8027a0769689", "http_status": 200, "body": {"accepted": true, "real_timestamp_ms": 1789223713248, "virtual_time_s": 4174.213726, "measure_result": "no_signal"}}
2026-09-12 22:35:16,392 INFO request {"path": "/measure", "payload": {"arena_id": "default", "robot_id": "202601002029", "request_id": "51ab3f74a3144bde8fd94d550bd4cb36", "position": {"x": 1802.0, "y": 482.84444476088305}, "channel": 3}, "attempt": 1}
2026-09-12 22:35:16,413 INFO response {"request_id": "51ab3f74a3144bde8fd94d550bd4cb36", "http_status": 200, "body": {"accepted": true, "real_timestamp_ms": 1789223713300, "virtual_time_s": 4180.213726, "measure_result": "no_signal"}}
2026-09-12 22:35:16,413 INFO request {"path": "/measure", "payload": {"arena_id": "default", "robot_id": "202601002029", "request_id": "c66baecb504c4d0f81a362bb1b64a64d", "position": {"x": 1802.0, "y": 482.84444476088305}, "channel": 5}, "attempt": 1}
2026-09-12 22:35:16,414 INFO response {"request_id": "c66baecb504c4d0f81a362bb1b64a64d", "http_status": 200, "body": {"accepted": true, "real_timestamp_ms": 1789223713302, "virtual_time_s": 4186.213726, "measure_result": "no_signal"}}
2026-09-12 22:35:16,445 INFO request {"path": "/measure", "payload": {"arena_id": "default", "robot_id": "202601002029", "request_id": "c78cfc0301794a759a1b274137adf665", "position": {"x": 1802.0, "y": 482.84444476088305}, "channel": 6}, "attempt": 1}
2026-09-12 22:35:16,463 INFO response {"request_id": "c78cfc0301794a759a1b274137adf665", "http_status": 200, "body": {"accepted": true, "real_timestamp_ms": 1789223713350, "virtual_time_s": 4192.213726, "measure_result": "no_signal"}}
2026-09-12 22:35:16,477 INFO request {"path": "/measure", "payload": {"arena_id": "default", "robot_id": "202601002029", "request_id": "6238b7cd81614001ae62ee6265314b21", "position": {"x": 1802.0, "y": 482.84444476088305}, "channel": 7}, "attempt": 1}
2026-09-12 22:35:16,492 INFO response {"request_id": "6238b7cd81614001ae62ee6265314b21", "http_status": 200, "body": {"accepted": true, "real_timestamp_ms": 1789223713379, "virtual_time_s": 4198.213726, "measure_result": "no_signal"}}
2026-09-12 22:35:16,507 INFO request {"path": "/measure", "payload": {"arena_id": "default", "robot_id": "202601002029", "request_id": "e143c6acca0a410e9270e0a61bf4240e", "position": {"x": 1802.0, "y": 482.84444476088305}, "channel": 10}, "attempt": 1}
2026-09-12 22:35:16,521 INFO response {"request_id": "e143c6acca0a410e9270e0a61bf4240e", "http_status": 200, "body": {"accepted": true, "real_timestamp_ms": 1789223713408, "virtual_time_s": 4204.213726, "measure_result": "no_signal"}}
2026-09-12 22:35:16,537 INFO request {"path": "/measure", "payload": {"arena_id": "default", "robot_id": "202601002029", "request_id": "d5d229e5fb4d42ef95709701d627e781", "position": {"x": 1802.0, "y": 482.84444476088305}, "channel": 19}, "attempt": 1}
2026-09-12 22:35:16,551 INFO response {"request_id": "d5d229e5fb4d42ef95709701d627e781", "http_status": 200, "body": {"accepted": true, "real_timestamp_ms": 1789223713438, "virtual_time_s": 4210.213726, "measure_result": "no_signal"}}
2026-09-12 22:35:16,566 INFO request {"path": "/measure", "payload": {"arena_id": "default", "robot_id": "202601002029", "request_id": "beaeb252b64a4fe5b0cdb11d8b42e4f3", "position": {"x": 1801.9999999999995, "y": -482.84444476088464}, "channel": 19}, "attempt": 1}
2026-09-12 22:35:16,581 INFO response {"request_id": "beaeb252b64a4fe5b0cdb11d8b42e4f3", "http_status": 200, "body": {"accepted": true, "real_timestamp_ms": 1789223713467, "virtual_time_s": 4408.351504, "measure_result": "no_signal"}}
2026-09-12 22:35:16,596 INFO request {"path": "/measure", "payload": {"arena_id": "default", "robot_id": "202601002029", "request_id": "ee9d4f0748524e6e90e86b698804e88b", "position": {"x": 1801.9999999999995, "y": -482.84444476088464}, "channel": 1}, "attempt": 1}
2026-09-12 22:35:16,598 INFO response {"request_id": "ee9d4f0748524e6e90e86b698804e88b", "http_status": 200, "body": {"accepted": true, "real_timestamp_ms": 1789223713485, "virtual_time_s": 4414.351504, "measure_result": "no_signal"}}
2026-09-12 22:35:16,614 INFO request {"path": "/measure", "payload": {"arena_id": "default", "robot_id": "202601002029", "request_id": "363e58afa83a43dfb227214c9afb6c6c", "position": {"x": 1801.9999999999995, "y": -482.84444476088464}, "channel": 2}, "attempt": 1}
2026-09-12 22:35:16,616 INFO response {"request_id": "363e58afa83a43dfb227214c9afb6c6c", "http_status": 200, "body": {"accepted": true, "real_timestamp_ms": 1789223713503, "virtual_time_s": 4420.351504, "measure_result": "no_signal"}}
2026-09-12 22:35:16,647 INFO request {"path": "/measure", "payload": {"arena_id": "default", "robot_id": "202601002029", "request_id": "0ec6cb8095ee46d0a0d914c42ead5820", "position": {"x": 1801.9999999999995, "y": -482.84444476088464}, "channel": 3}, "attempt": 1}
2026-09-12 22:35:16,649 INFO response {"request_id": "0ec6cb8095ee46d0a0d914c42ead5820", "http_status": 200, "body": {"accepted": true, "real_timestamp_ms": 1789223713536, "virtual_time_s": 4426.351504, "measure_result": "no_signal"}}
2026-09-12 22:35:16,679 INFO request {"path": "/measure", "payload": {"arena_id": "default", "robot_id": "202601002029", "request_id": "937edff8337f4375b1adbebc3c1d8174", "position": {"x": 1801.9999999999995, "y": -482.84444476088464}, "channel": 5}, "attempt": 1}
2026-09-12 22:35:16,699 INFO response {"request_id": "937edff8337f4375b1adbebc3c1d8174", "http_status": 200, "body": {"accepted": true, "real_timestamp_ms": 1789223713585, "virtual_time_s": 4432.351504, "measure_result": "no_signal"}}
2026-09-12 22:35:16,715 INFO request {"path": "/measure", "payload": {"arena_id": "default", "robot_id": "202601002029", "request_id": "a1cc9d12856e4ae3a427c0a1b6476a69", "position": {"x": 1801.9999999999995, "y": -482.84444476088464}, "channel": 6}, "attempt": 1}
2026-09-12 22:35:16,737 INFO response {"request_id": "a1cc9d12856e4ae3a427c0a1b6476a69", "http_status": 200, "body": {"accepted": true, "real_timestamp_ms": 1789223713624, "virtual_time_s": 4438.351504, "measure_result": "no_signal"}}
2026-09-12 22:35:16,738 INFO request {"path": "/measure", "payload": {"arena_id": "default", "robot_id": "202601002029", "request_id": "0728fcc14dfa4516bf78b1df2702fe78", "position": {"x": 1801.9999999999995, "y": -482.84444476088464}, "channel": 7}, "attempt": 1}
2026-09-12 22:35:16,757 INFO response {"request_id": "0728fcc14dfa4516bf78b1df2702fe78", "http_status": 200, "body": {"accepted": true, "real_timestamp_ms": 1789223713644, "virtual_time_s": 4444.351504, "measure_result": "no_signal"}}
2026-09-12 22:35:16,771 INFO request {"path": "/measure", "payload": {"arena_id": "default", "robot_id": "202601002029", "request_id": "157f15ab3d9e42059d47339a7d5ba3c1", "position": {"x": 1801.9999999999995, "y": -482.84444476088464}, "channel": 10}, "attempt": 1}
2026-09-12 22:35:16,773 INFO response {"request_id": "157f15ab3d9e42059d47339a7d5ba3c1", "http_status": 200, "body": {"accepted": true, "real_timestamp_ms": 1789223713660, "virtual_time_s": 4450.351504, "measure_result": "no_signal"}}
2026-09-12 22:35:16,803 INFO request {"path": "/measure", "payload": {"arena_id": "default", "robot_id": "202601002029", "request_id": "f703f89ef77245629203ead40c204721", "position": {"x": 1319.1555552391164, "y": -1319.1555552391171}, "channel": 10}, "attempt": 1}
2026-09-12 22:35:16,815 INFO response {"request_id": "f703f89ef77245629203ead40c204721", "http_status": 200, "body": {"accepted": true, "real_timestamp_ms": 1789223713702, "virtual_time_s": 4648.489282, "measure_result": "no_signal"}}
2026-09-12 22:35:16,845 INFO request {"path": "/measure", "payload": {"arena_id": "default", "robot_id": "202601002029", "request_id": "6f5fcc2c61304a19a15eae90e5cb47a9", "position": {"x": 1319.1555552391164, "y": -1319.1555552391171}, "channel": 1}, "attempt": 1}
2026-09-12 22:35:16,864 INFO response {"request_id": "6f5fcc2c61304a19a15eae90e5cb47a9", "http_status": 200, "body": {"accepted": true, "real_timestamp_ms": 1789223713751, "virtual_time_s": 4654.489282, "measure_result": "no_signal"}}
2026-09-12 22:35:16,864 INFO request {"path": "/measure", "payload": {"arena_id": "default", "robot_id": "202601002029", "request_id": "79a91f3bd949470197c8807c9eac16b7", "position": {"x": 1319.1555552391164, "y": -1319.1555552391171}, "channel": 2}, "attempt": 1}
2026-09-12 22:35:16,864 INFO response {"request_id": "79a91f3bd949470197c8807c9eac16b7", "http_status": 200, "body": {"accepted": true, "real_timestamp_ms": 1789223713752, "virtual_time_s": 4660.489282, "measure_result": "no_signal"}}
2026-09-12 22:35:16,895 INFO request {"path": "/measure", "payload": {"arena_id": "default", "robot_id": "202601002029", "request_id": "6deba317e5d44857a79ccf39d08b2e21", "position": {"x": 1319.1555552391164, "y": -1319.1555552391171}, "channel": 3}, "attempt": 1}
2026-09-12 22:35:16,913 INFO response {"request_id": "6deba317e5d44857a79ccf39d08b2e21", "http_status": 200, "body": {"accepted": true, "real_timestamp_ms": 1789223713801, "virtual_time_s": 4666.489282, "measure_result": "no_signal"}}
2026-09-12 22:35:16,928 INFO request {"path": "/measure", "payload": {"arena_id": "default", "robot_id": "202601002029", "request_id": "57a3285c73614c6e881ed8fad4443021", "position": {"x": 1319.1555552391164, "y": -1319.1555552391171}, "channel": 5}, "attempt": 1}
2026-09-12 22:35:16,942 INFO response {"request_id": "57a3285c73614c6e881ed8fad4443021", "http_status": 200, "body": {"accepted": true, "real_timestamp_ms": 1789223713829, "virtual_time_s": 4672.489282, "measure_result": "no_signal"}}
2026-09-12 22:35:16,957 INFO request {"path": "/measure", "payload": {"arena_id": "default", "robot_id": "202601002029", "request_id": "1996620a0bd8447a8a67d5a4ee6ea9b6", "position": {"x": 1319.1555552391164, "y": -1319.1555552391171}, "channel": 6}, "attempt": 1}
2026-09-12 22:35:16,971 INFO response {"request_id": "1996620a0bd8447a8a67d5a4ee6ea9b6", "http_status": 200, "body": {"accepted": true, "real_timestamp_ms": 1789223713858, "virtual_time_s": 4678.489282, "measure_result": "no_signal"}}
2026-09-12 22:35:17,002 INFO request {"path": "/measure", "payload": {"arena_id": "default", "robot_id": "202601002029", "request_id": "73ff216de38849968663e1f63c98f357", "position": {"x": 1319.1555552391164, "y": -1319.1555552391171}, "channel": 7}, "attempt": 1}
2026-09-12 22:35:17,021 INFO response {"request_id": "73ff216de38849968663e1f63c98f357", "http_status": 200, "body": {"accepted": true, "real_timestamp_ms": 1789223713908, "virtual_time_s": 4684.489282, "measure_result": "no_signal"}}
2026-09-12 22:35:17,021 INFO request {"path": "/measure", "payload": {"arena_id": "default", "robot_id": "202601002029", "request_id": "2cb5e991af994d8c92d7411f602633c4", "position": {"x": 1319.1555552391164, "y": -1319.1555552391171}, "channel": 19}, "attempt": 1}
2026-09-12 22:35:17,040 INFO response {"request_id": "2cb5e991af994d8c92d7411f602633c4", "http_status": 200, "body": {"accepted": true, "real_timestamp_ms": 1789223713928, "virtual_time_s": 4690.489282, "measure_result": "no_signal"}}
2026-09-12 22:35:17,055 INFO request {"path": "/measure", "payload": {"arena_id": "default", "robot_id": "202601002029", "request_id": "5f00a4eed0384d389c0b42108231bb97", "position": {"x": 482.84444476088225, "y": -1802.0000000000002}, "channel": 19}, "attempt": 1}
2026-09-12 22:35:17,069 INFO response {"request_id": "5f00a4eed0384d389c0b42108231bb97", "http_status": 200, "body": {"accepted": true, "real_timestamp_ms": 1789223713957, "virtual_time_s": 4888.62706, "measure_result": "no_signal"}}
2026-09-12 22:35:17,085 INFO request {"path": "/measure", "payload": {"arena_id": "default", "robot_id": "202601002029", "request_id": "2c9547d9890f4078bb45745204efcd8c", "position": {"x": 482.84444476088225, "y": -1802.0000000000002}, "channel": 1}, "attempt": 1}
2026-09-12 22:35:17,100 INFO response {"request_id": "2c9547d9890f4078bb45745204efcd8c", "http_status": 200, "body": {"accepted": true, "real_timestamp_ms": 1789223713987, "virtual_time_s": 4894.62706, "measure_result": "no_signal"}}
2026-09-12 22:35:17,115 INFO request {"path": "/measure", "payload": {"arena_id": "default", "robot_id": "202601002029", "request_id": "c29a8bcf49a542808e4fb5a0422a12dd", "position": {"x": 482.84444476088225, "y": -1802.0000000000002}, "channel": 2}, "attempt": 1}
2026-09-12 22:35:17,118 INFO response {"request_id": "c29a8bcf49a542808e4fb5a0422a12dd", "http_status": 200, "body": {"accepted": true, "real_timestamp_ms": 1789223714005, "virtual_time_s": 4900.62706, "measure_result": "no_signal"}}
2026-09-12 22:35:17,149 INFO request {"path": "/measure", "payload": {"arena_id": "default", "robot_id": "202601002029", "request_id": "8328f0b91a6c45438b427842e9c031cc", "position": {"x": 482.84444476088225, "y": -1802.0000000000002}, "channel": 3}, "attempt": 1}
2026-09-12 22:35:17,169 INFO response {"request_id": "8328f0b91a6c45438b427842e9c031cc", "http_status": 200, "body": {"accepted": true, "real_timestamp_ms": 1789223714056, "virtual_time_s": 4906.62706, "measure_result": "no_signal"}}
2026-09-12 22:35:17,184 INFO request {"path": "/measure", "payload": {"arena_id": "default", "robot_id": "202601002029", "request_id": "5b5707eb0ee04765bb66ecb637c3ebeb", "position": {"x": 482.84444476088225, "y": -1802.0000000000002}, "channel": 5}, "attempt": 1}
2026-09-12 22:35:17,186 INFO response {"request_id": "5b5707eb0ee04765bb66ecb637c3ebeb", "http_status": 200, "body": {"accepted": true, "real_timestamp_ms": 1789223714073, "virtual_time_s": 4912.62706, "measure_result": "no_signal"}}
2026-09-12 22:35:17,217 INFO request {"path": "/measure", "payload": {"arena_id": "default", "robot_id": "202601002029", "request_id": "0ad5f7fa98c14ce1935ab2ac724417d1", "position": {"x": 482.84444476088225, "y": -1802.0000000000002}, "channel": 6}, "attempt": 1}
2026-09-12 22:35:17,238 INFO response {"request_id": "0ad5f7fa98c14ce1935ab2ac724417d1", "http_status": 200, "body": {"accepted": true, "real_timestamp_ms": 1789223714125, "virtual_time_s": 4918.62706, "measure_result": "no_signal"}}
2026-09-12 22:35:17,238 INFO request {"path": "/measure", "payload": {"arena_id": "default", "robot_id": "202601002029", "request_id": "f7a9c79d267141369391bda0c8ff6b68", "position": {"x": 482.84444476088225, "y": -1802.0000000000002}, "channel": 7}, "attempt": 1}
2026-09-12 22:35:17,240 INFO response {"request_id": "f7a9c79d267141369391bda0c8ff6b68", "http_status": 200, "body": {"accepted": true, "real_timestamp_ms": 1789223714127, "virtual_time_s": 4924.62706, "measure_result": "no_signal"}}
2026-09-12 22:35:17,271 INFO request {"path": "/measure", "payload": {"arena_id": "default", "robot_id": "202601002029", "request_id": "3feaf4305016447cb30750bb906c7f96", "position": {"x": 482.84444476088225, "y": -1802.0000000000002}, "channel": 10}, "attempt": 1}
2026-09-12 22:35:17,287 INFO response {"request_id": "3feaf4305016447cb30750bb906c7f96", "http_status": 200, "body": {"accepted": true, "real_timestamp_ms": 1789223714174, "virtual_time_s": 4930.62706, "measure_result": "no_signal"}}
2026-09-12 22:35:17,302 INFO request {"path": "/measure", "payload": {"arena_id": "default", "robot_id": "202601002029", "request_id": "578ebb2cef6f4fb2ae6d604a9f98292f", "position": {"x": -482.8444447608845, "y": -1801.9999999999995}, "channel": 10}, "attempt": 1}
2026-09-12 22:35:17,317 INFO response {"request_id": "578ebb2cef6f4fb2ae6d604a9f98292f", "http_status": 200, "body": {"accepted": true, "real_timestamp_ms": 1789223714204, "virtual_time_s": 5128.764838, "measure_result": "no_signal"}}
2026-09-12 22:35:17,333 INFO request {"path": "/measure", "payload": {"arena_id": "default", "robot_id": "202601002029", "request_id": "c46c8ad902a24844b57333e0a3df6360", "position": {"x": -482.8444447608845, "y": -1801.9999999999995}, "channel": 1}, "attempt": 1}
2026-09-12 22:35:17,346 INFO response {"request_id": "c46c8ad902a24844b57333e0a3df6360", "http_status": 200, "body": {"accepted": true, "real_timestamp_ms": 1789223714234, "virtual_time_s": 5134.764838, "measure_result": "no_signal"}}
2026-09-12 22:35:17,377 INFO request {"path": "/measure", "payload": {"arena_id": "default", "robot_id": "202601002029", "request_id": "302f7391befd4c8e955267594a99a033", "position": {"x": -482.8444447608845, "y": -1801.9999999999995}, "channel": 2}, "attempt": 1}
2026-09-12 22:35:17,395 INFO response {"request_id": "302f7391befd4c8e955267594a99a033", "http_status": 200, "body": {"accepted": true, "real_timestamp_ms": 1789223714282, "virtual_time_s": 5140.764838, "measure_result": "no_signal"}}
2026-09-12 22:35:17,395 INFO request {"path": "/measure", "payload": {"arena_id": "default", "robot_id": "202601002029", "request_id": "45e56a0bbbf3498a953c3cb1ec511b6e", "position": {"x": -482.8444447608845, "y": -1801.9999999999995}, "channel": 3}, "attempt": 1}
2026-09-12 22:35:17,397 INFO response {"request_id": "45e56a0bbbf3498a953c3cb1ec511b6e", "http_status": 200, "body": {"accepted": true, "real_timestamp_ms": 1789223714285, "virtual_time_s": 5146.764838, "measure_result": "no_signal"}}
2026-09-12 22:35:17,429 INFO request {"path": "/measure", "payload": {"arena_id": "default", "robot_id": "202601002029", "request_id": "39cf2f4379f34e3da0079e190f83c9bd", "position": {"x": -482.8444447608845, "y": -1801.9999999999995}, "channel": 5}, "attempt": 1}
2026-09-12 22:35:17,431 INFO response {"request_id": "39cf2f4379f34e3da0079e190f83c9bd", "http_status": 200, "body": {"accepted": true, "real_timestamp_ms": 1789223714318, "virtual_time_s": 5152.764838, "measure_result": "no_signal"}}
2026-09-12 22:35:17,462 INFO request {"path": "/measure", "payload": {"arena_id": "default", "robot_id": "202601002029", "request_id": "cf3026416f8640fa894d9fede1973d74", "position": {"x": -482.8444447608845, "y": -1801.9999999999995}, "channel": 6}, "attempt": 1}
2026-09-12 22:35:17,466 INFO response {"request_id": "cf3026416f8640fa894d9fede1973d74", "http_status": 200, "body": {"accepted": true, "real_timestamp_ms": 1789223714353, "virtual_time_s": 5158.764838, "measure_result": "no_signal"}}
2026-09-12 22:35:17,497 INFO request {"path": "/measure", "payload": {"arena_id": "default", "robot_id": "202601002029", "request_id": "fbe27defc7b84a67a8e48cfd05a4d6c2", "position": {"x": -482.8444447608845, "y": -1801.9999999999995}, "channel": 7}, "attempt": 1}
2026-09-12 22:35:17,513 INFO response {"request_id": "fbe27defc7b84a67a8e48cfd05a4d6c2", "http_status": 200, "body": {"accepted": true, "real_timestamp_ms": 1789223714401, "virtual_time_s": 5164.764838, "measure_result": "no_signal"}}
2026-09-12 22:35:17,528 INFO request {"path": "/measure", "payload": {"arena_id": "default", "robot_id": "202601002029", "request_id": "b372e54a8f4f4a65a5be6b454817440b", "position": {"x": -482.8444447608845, "y": -1801.9999999999995}, "channel": 19}, "attempt": 1}
2026-09-12 22:35:17,530 INFO response {"request_id": "b372e54a8f4f4a65a5be6b454817440b", "http_status": 200, "body": {"accepted": true, "real_timestamp_ms": 1789223714417, "virtual_time_s": 5170.764838, "measure_result": "no_signal"}}
2026-09-12 22:35:17,560 INFO request {"path": "/measure", "payload": {"arena_id": "default", "robot_id": "202601002029", "request_id": "bd7e22886d7e4c5e959627eb6a403f37", "position": {"x": -1319.1555552391176, "y": -1319.1555552391162}, "channel": 19}, "attempt": 1}
2026-09-12 22:35:17,563 INFO response {"request_id": "bd7e22886d7e4c5e959627eb6a403f37", "http_status": 200, "body": {"accepted": true, "real_timestamp_ms": 1789223714450, "virtual_time_s": 5368.902616, "measure_result": "no_signal"}}
2026-09-12 22:35:17,594 INFO request {"path": "/measure", "payload": {"arena_id": "default", "robot_id": "202601002029", "request_id": "67366024e9374b34943a0fd1779a17d1", "position": {"x": -1319.1555552391176, "y": -1319.1555552391162}, "channel": 1}, "attempt": 1}
2026-09-12 22:35:17,596 INFO response {"request_id": "67366024e9374b34943a0fd1779a17d1", "http_status": 200, "body": {"accepted": true, "real_timestamp_ms": 1789223714483, "virtual_time_s": 5374.902616, "measure_result": "no_signal"}}
2026-09-12 22:35:17,627 INFO request {"path": "/measure", "payload": {"arena_id": "default", "robot_id": "202601002029", "request_id": "899639a2281c440c9398fcb53f76abf7", "position": {"x": -1319.1555552391176, "y": -1319.1555552391162}, "channel": 2}, "attempt": 1}
2026-09-12 22:35:17,642 INFO response {"request_id": "899639a2281c440c9398fcb53f76abf7", "http_status": 200, "body": {"accepted": true, "real_timestamp_ms": 1789223714528, "virtual_time_s": 5380.902616, "measure_result": "no_signal"}}
2026-09-12 22:35:17,657 INFO request {"path": "/measure", "payload": {"arena_id": "default", "robot_id": "202601002029", "request_id": "d309aeabfbd84b6e84fb5ba3f8dd2219", "position": {"x": -1319.1555552391176, "y": -1319.1555552391162}, "channel": 3}, "attempt": 1}
2026-09-12 22:35:17,671 INFO response {"request_id": "d309aeabfbd84b6e84fb5ba3f8dd2219", "http_status": 200, "body": {"accepted": true, "real_timestamp_ms": 1789223714558, "virtual_time_s": 5386.902616, "measure_result": "no_signal"}}
2026-09-12 22:35:17,686 INFO request {"path": "/measure", "payload": {"arena_id": "default", "robot_id": "202601002029", "request_id": "dc9d12d4629f43a2a486a77432b3112f", "position": {"x": -1319.1555552391176, "y": -1319.1555552391162}, "channel": 5}, "attempt": 1}
2026-09-12 22:35:17,699 INFO response {"request_id": "dc9d12d4629f43a2a486a77432b3112f", "http_status": 200, "body": {"accepted": true, "real_timestamp_ms": 1789223714587, "virtual_time_s": 5392.902616, "measure_result": "no_signal"}}
2026-09-12 22:35:17,715 INFO request {"path": "/measure", "payload": {"arena_id": "default", "robot_id": "202601002029", "request_id": "f3d5740c03e54ad3a649255fa42d3440", "position": {"x": -1319.1555552391176, "y": -1319.1555552391162}, "channel": 6}, "attempt": 1}
2026-09-12 22:35:17,728 INFO response {"request_id": "f3d5740c03e54ad3a649255fa42d3440", "http_status": 200, "body": {"accepted": true, "real_timestamp_ms": 1789223714616, "virtual_time_s": 5398.902616, "measure_result": "no_signal"}}
2026-09-12 22:35:17,744 INFO request {"path": "/measure", "payload": {"arena_id": "default", "robot_id": "202601002029", "request_id": "beb3bc51532049f3b920bdd3c835c8e4", "position": {"x": -1319.1555552391176, "y": -1319.1555552391162}, "channel": 7}, "attempt": 1}
2026-09-12 22:35:17,745 INFO response {"request_id": "beb3bc51532049f3b920bdd3c835c8e4", "http_status": 200, "body": {"accepted": true, "real_timestamp_ms": 1789223714632, "virtual_time_s": 5404.902616, "measure_result": "no_signal"}}
2026-09-12 22:35:17,776 INFO request {"path": "/measure", "payload": {"arena_id": "default", "robot_id": "202601002029", "request_id": "20cdf83ed0c74110a1b2e54ba6d95448", "position": {"x": -1319.1555552391176, "y": -1319.1555552391162}, "channel": 10}, "attempt": 1}
2026-09-12 22:35:17,787 INFO response {"request_id": "20cdf83ed0c74110a1b2e54ba6d95448", "http_status": 200, "body": {"accepted": true, "real_timestamp_ms": 1789223714675, "virtual_time_s": 5410.902616, "measure_result": "no_signal"}}
2026-09-12 22:35:17,806 INFO request {"path": "/clear", "payload": {"arena_id": "default", "robot_id": "202601002029", "request_id": "9c82b445855c4f1da4e7f89b38d30b59", "position": {"x": -1082.6041828978607, "y": -572.3868602344536}, "channel": 8}, "attempt": 1}
2026-09-12 22:35:17,817 INFO response {"request_id": "9c82b445855c4f1da4e7f89b38d30b59", "http_status": 200, "body": {"accepted": true, "real_timestamp_ms": 1789223714704, "virtual_time_s": 5572.570422, "clear_result": "success"}}
2026-09-12 22:35:17,835 INFO request {"path": "/clear", "payload": {"arena_id": "default", "robot_id": "202601002029", "request_id": "5485b7f2f74d4db6bf8986a76ebcd55c", "position": {"x": -1222.2181696209345, "y": -26.910587283496902}, "channel": 9}, "attempt": 1}
2026-09-12 22:35:17,837 INFO response {"request_id": "5485b7f2f74d4db6bf8986a76ebcd55c", "http_status": 200, "body": {"accepted": true, "real_timestamp_ms": 1789223714724, "virtual_time_s": 5690.182398, "clear_result": "success"}}
2026-09-12 22:35:17,872 INFO request {"path": "/clear", "payload": {"arena_id": "default", "robot_id": "202601002029", "request_id": "a36c08d785164fec8e11e6553c8d25fd", "position": {"x": -1565.3037637785865, "y": 369.67110563585436}, "channel": 18}, "attempt": 1}
2026-09-12 22:35:17,886 INFO response {"request_id": "a36c08d785164fec8e11e6553c8d25fd", "http_status": 200, "body": {"accepted": true, "real_timestamp_ms": 1789223714773, "virtual_time_s": 5800.060377, "clear_result": "success"}}
2026-09-12 22:35:17,901 INFO request {"path": "/clear", "payload": {"arena_id": "default", "robot_id": "202601002029", "request_id": "e8c7d302680f4aefa9f8e57b71cde969", "position": {"x": -1199.8638480666464, "y": 1131.6706652038042}, "channel": 12}, "attempt": 1}
2026-09-12 22:35:17,915 INFO response {"request_id": "e8c7d302680f4aefa9f8e57b71cde969", "http_status": 200, "body": {"accepted": true, "real_timestamp_ms": 1789223714802, "virtual_time_s": 5974.079862, "clear_result": "success"}}
2026-09-12 22:35:17,931 INFO request {"path": "/clear", "payload": {"arena_id": "default", "robot_id": "202601002029", "request_id": "de7c78d7cf2a49a6a30688a3fdf4ce85", "position": {"x": -447.43558472756183, "y": 1170.7248963059506}, "channel": 14}, "attempt": 1}
2026-09-12 22:35:17,944 INFO response {"request_id": "de7c78d7cf2a49a6a30688a3fdf4ce85", "http_status": 200, "body": {"accepted": true, "real_timestamp_ms": 1789223714831, "virtual_time_s": 6129.768086, "clear_result": "success"}}
2026-09-12 22:35:17,961 INFO request {"path": "/clear", "payload": {"arena_id": "default", "robot_id": "202601002029", "request_id": "00c7a0a707d74d87bdf4be648043559c", "position": {"x": 326.96687207764114, "y": 253.97996123150483}, "channel": 17}, "attempt": 1}
2026-09-12 22:35:17,973 INFO response {"request_id": "00c7a0a707d74d87bdf4be648043559c", "http_status": 200, "body": {"accepted": true, "real_timestamp_ms": 1789223714861, "virtual_time_s": 6374.778123, "clear_result": "success"}}
2026-09-12 22:35:17,989 INFO request {"path": "/clear", "payload": {"arena_id": "default", "robot_id": "202601002029", "request_id": "c5db1cae9dc245859917072dca673f13", "position": {"x": -39.64439519438294, "y": -123.00360352151787}, "channel": 16}, "attempt": 1}
2026-09-12 22:35:18,003 INFO response {"request_id": "c5db1cae9dc245859917072dca673f13", "http_status": 200, "body": {"accepted": true, "real_timestamp_ms": 1789223714890, "virtual_time_s": 6484.948543, "clear_result": "success"}}
2026-09-12 22:35:18,033 INFO request {"path": "/clear", "payload": {"arena_id": "default", "robot_id": "202601002029", "request_id": "e700148f686944ebae233c4fa7e840a2", "position": {"x": 124.99929059041503, "y": -684.2450548532241}, "channel": 20}, "attempt": 1}
2026-09-12 22:35:18,052 INFO response {"request_id": "e700148f686944ebae233c4fa7e840a2", "http_status": 200, "body": {"accepted": true, "real_timestamp_ms": 1789223714939, "virtual_time_s": 6606.92709, "clear_result": "success"}}
2026-09-12 22:35:18,052 INFO request {"path": "/clear", "payload": {"arena_id": "default", "robot_id": "202601002029", "request_id": "1039de20c1e74bcea8cb1696b6c10988", "position": {"x": -650.7610642541791, "y": -1177.4508995549718}, "channel": 13}, "attempt": 1}
2026-09-12 22:35:18,071 INFO response {"request_id": "1039de20c1e74bcea8cb1696b6c10988", "http_status": 200, "body": {"accepted": true, "real_timestamp_ms": 1789223714959, "virtual_time_s": 6795.78096, "clear_result": "success"}}
2026-09-12 22:35:18,087 INFO request {"path": "/clear", "payload": {"arena_id": "default", "robot_id": "202601002029", "request_id": "139952933cc94279809656ec7c2ed5f7", "position": {"x": 492.77905050685087, "y": -1401.5946122573064}, "channel": 15}, "attempt": 1}
2026-09-12 22:35:18,100 INFO response {"request_id": "139952933cc94279809656ec7c2ed5f7", "http_status": 200, "body": {"accepted": true, "real_timestamp_ms": 1789223714988, "virtual_time_s": 7033.840986, "clear_result": "success"}}
2026-09-12 22:35:18,116 INFO request {"path": "/clear", "payload": {"arena_id": "default", "robot_id": "202601002029", "request_id": "326e5a10031c4f6e9215fc1193143230", "position": {"x": 1034.76659074448, "y": 1324.5500210272419}, "channel": 11}, "attempt": 1}
2026-09-12 22:35:18,120 INFO response {"request_id": "326e5a10031c4f6e9215fc1193143230", "http_status": 200, "body": {"accepted": true, "real_timestamp_ms": 1789223715008, "virtual_time_s": 7594.740799, "clear_result": "success"}}
2026-09-12 22:35:18,151 INFO request {"path": "/exit", "payload": {"arena_id": "default", "robot_id": "202601002029", "request_id": "96e7576711c14489973b6391a823681d"}, "attempt": 1}
2026-09-12 22:35:18,169 INFO response {"request_id": "96e7576711c14489973b6391a823681d", "http_status": 200, "body": {"accepted": true, "real_timestamp_ms": 1789223715057, "virtual_time_s": 7594.740799, "exit_reason": "user_exit"}}
