2026-09-13 12:07:32,948 INFO request {"path": "/enter", "payload": {"arena_id": "default", "robot_id": "202601002029", "request_id": "6e3f991f93c540dd926eec619f4d7dfd"}, "attempt": 1}
2026-09-13 12:07:32,952 INFO response {"request_id": "6e3f991f93c540dd926eec619f4d7dfd", "http_status": 200, "body": {"accepted": true, "real_timestamp_ms": 1789272448922, "virtual_time_s": 0, "max_virtual_duration_s": 360000, "max_real_duration_s": 1200, "remaining_real_duration_s": 1200}}
2026-09-13 12:07:32,981 INFO request {"path": "/measure", "payload": {"arena_id": "default", "robot_id": "202601002029", "request_id": "d40ec2c909ed431db525ffbc25ff25ac", "position": {"x": 0.0, "y": 0.0}, "channel": 1}, "attempt": 1}
2026-09-13 12:07:32,982 INFO response {"request_id": "d40ec2c909ed431db525ffbc25ff25ac", "http_status": 200, "body": {"accepted": true, "real_timestamp_ms": 1789272448952, "virtual_time_s": 5, "measure_result": "direction", "svd_deg": 85.49}}
2026-09-13 12:07:33,002 INFO request {"path": "/measure", "payload": {"arena_id": "default", "robot_id": "202601002029", "request_id": "870d9a7b529a48bc81390666c9f62b8b", "position": {"x": 0.0, "y": 0.0}, "channel": 2}, "attempt": 1}
2026-09-13 12:07:33,025 INFO response {"request_id": "870d9a7b529a48bc81390666c9f62b8b", "http_status": 200, "body": {"accepted": true, "real_timestamp_ms": 1789272448995, "virtual_time_s": 11, "measure_result": "no_signal"}}
2026-09-13 12:07:33,025 INFO request {"path": "/measure", "payload": {"arena_id": "default", "robot_id": "202601002029", "request_id": "25c494cfb999489d995571b22c5e06eb", "position": {"x": 0.0, "y": 0.0}, "channel": 3}, "attempt": 1}
2026-09-13 12:07:33,040 INFO response {"request_id": "25c494cfb999489d995571b22c5e06eb", "http_status": 200, "body": {"accepted": true, "real_timestamp_ms": 1789272449009, "virtual_time_s": 17, "measure_result": "no_signal"}}
2026-09-13 12:07:33,056 INFO request {"path": "/measure", "payload": {"arena_id": "default", "robot_id": "202601002029", "request_id": "7cd73e2c56db44f1971a35c28a7d279b", "position": {"x": 0.0, "y": 0.0}, "channel": 4}, "attempt": 1}
2026-09-13 12:07:33,071 INFO response {"request_id": "7cd73e2c56db44f1971a35c28a7d279b", "http_status": 200, "body": {"accepted": true, "real_timestamp_ms": 1789272449040, "virtual_time_s": 23, "measure_result": "no_signal"}}
2026-09-13 12:07:33,087 INFO request {"path": "/measure", "payload": {"arena_id": "default", "robot_id": "202601002029", "request_id": "71a15be44cca456eb87f51bcc0b699aa", "position": {"x": 0.0, "y": 0.0}, "channel": 5}, "attempt": 1}
2026-09-13 12:07:33,102 INFO response {"request_id": "71a15be44cca456eb87f51bcc0b699aa", "http_status": 200, "body": {"accepted": true, "real_timestamp_ms": 1789272449071, "virtual_time_s": 29, "measure_result": "no_signal"}}
2026-09-13 12:07:33,118 INFO request {"path": "/measure", "payload": {"arena_id": "default", "robot_id": "202601002029", "request_id": "14524deab47745c883865b088c7dca95", "position": {"x": 0.0, "y": 0.0}, "channel": 6}, "attempt": 1}
2026-09-13 12:07:33,119 INFO response {"request_id": "14524deab47745c883865b088c7dca95", "http_status": 200, "body": {"accepted": true, "real_timestamp_ms": 1789272449089, "virtual_time_s": 35, "measure_result": "no_signal"}}
2026-09-13 12:07:33,150 INFO request {"path": "/measure", "payload": {"arena_id": "default", "robot_id": "202601002029", "request_id": "a4f14629adbe415987a409334b3e9bdb", "position": {"x": 0.0, "y": 0.0}, "channel": 7}, "attempt": 1}
2026-09-13 12:07:33,151 INFO response {"request_id": "a4f14629adbe415987a409334b3e9bdb", "http_status": 200, "body": {"accepted": true, "real_timestamp_ms": 1789272449121, "virtual_time_s": 41, "measure_result": "no_signal"}}
2026-09-13 12:07:33,182 INFO request {"path": "/measure", "payload": {"arena_id": "default", "robot_id": "202601002029", "request_id": "c12871c759e24afc8cda9270c568cf60", "position": {"x": 0.0, "y": 0.0}, "channel": 8}, "attempt": 1}
2026-09-13 12:07:33,196 INFO response {"request_id": "c12871c759e24afc8cda9270c568cf60", "http_status": 200, "body": {"accepted": true, "real_timestamp_ms": 1789272449165, "virtual_time_s": 47, "measure_result": "direction", "svd_deg": 262.68}}
2026-09-13 12:07:33,215 INFO request {"path": "/measure", "payload": {"arena_id": "default", "robot_id": "202601002029", "request_id": "0355416bd0b649b09886e7a0a88c3259", "position": {"x": 0.0, "y": 0.0}, "channel": 9}, "attempt": 1}
2026-09-13 12:07:33,242 INFO response {"request_id": "0355416bd0b649b09886e7a0a88c3259", "http_status": 200, "body": {"accepted": true, "real_timestamp_ms": 1789272449211, "virtual_time_s": 53, "measure_result": "no_signal"}}
2026-09-13 12:07:33,242 INFO request {"path": "/measure", "payload": {"arena_id": "default", "robot_id": "202601002029", "request_id": "40f00a7e3ff548bbabf5d18f7ff45d06", "position": {"x": 0.0, "y": 0.0}, "channel": 10}, "attempt": 1}
2026-09-13 12:07:33,259 INFO response {"request_id": "40f00a7e3ff548bbabf5d18f7ff45d06", "http_status": 200, "body": {"accepted": true, "real_timestamp_ms": 1789272449227, "virtual_time_s": 59, "measure_result": "no_signal"}}
2026-09-13 12:07:33,274 INFO request {"path": "/measure", "payload": {"arena_id": "default", "robot_id": "202601002029", "request_id": "bd8fe4089b2244e4bf06e785f5771455", "position": {"x": 0.0, "y": 0.0}, "channel": 11}, "attempt": 1}
2026-09-13 12:07:33,275 INFO response {"request_id": "bd8fe4089b2244e4bf06e785f5771455", "http_status": 200, "body": {"accepted": true, "real_timestamp_ms": 1789272449245, "virtual_time_s": 65, "measure_result": "no_signal"}}
2026-09-13 12:07:33,306 INFO request {"path": "/measure", "payload": {"arena_id": "default", "robot_id": "202601002029", "request_id": "1911ef8a249e4a0ebb333a67e3ae47b0", "position": {"x": 0.0, "y": 0.0}, "channel": 12}, "attempt": 1}
2026-09-13 12:07:33,308 INFO response {"request_id": "1911ef8a249e4a0ebb333a67e3ae47b0", "http_status": 200, "body": {"accepted": true, "real_timestamp_ms": 1789272449277, "virtual_time_s": 71, "measure_result": "no_signal"}}
2026-09-13 12:07:33,338 INFO request {"path": "/measure", "payload": {"arena_id": "default", "robot_id": "202601002029", "request_id": "bc35b714b9534fb18f062b13152ddac7", "position": {"x": 0.0, "y": 0.0}, "channel": 13}, "attempt": 1}
2026-09-13 12:07:33,350 INFO response {"request_id": "bc35b714b9534fb18f062b13152ddac7", "http_status": 200, "body": {"accepted": true, "real_timestamp_ms": 1789272449320, "virtual_time_s": 77, "measure_result": "no_signal"}}
2026-09-13 12:07:33,366 INFO request {"path": "/measure", "payload": {"arena_id": "default", "robot_id": "202601002029", "request_id": "42bcc177dd0845059ab756a00afd6b32", "position": {"x": 0.0, "y": 0.0}, "channel": 14}, "attempt": 1}
2026-09-13 12:07:33,367 INFO response {"request_id": "42bcc177dd0845059ab756a00afd6b32", "http_status": 200, "body": {"accepted": true, "real_timestamp_ms": 1789272449337, "virtual_time_s": 83, "measure_result": "no_signal"}}
2026-09-13 12:07:33,398 INFO request {"path": "/measure", "payload": {"arena_id": "default", "robot_id": "202601002029", "request_id": "22399ff8cf8c4b78ab44b16381c9ff41", "position": {"x": 0.0, "y": 0.0}, "channel": 15}, "attempt": 1}
2026-09-13 12:07:33,413 INFO response {"request_id": "22399ff8cf8c4b78ab44b16381c9ff41", "http_status": 200, "body": {"accepted": true, "real_timestamp_ms": 1789272449383, "virtual_time_s": 89, "measure_result": "no_signal"}}
2026-09-13 12:07:33,428 INFO request {"path": "/measure", "payload": {"arena_id": "default", "robot_id": "202601002029", "request_id": "1dcdc1124ca54eedb1a055d8cf2f6cf1", "position": {"x": 0.0, "y": 0.0}, "channel": 16}, "attempt": 1}
2026-09-13 12:07:33,444 INFO response {"request_id": "1dcdc1124ca54eedb1a055d8cf2f6cf1", "http_status": 200, "body": {"accepted": true, "real_timestamp_ms": 1789272449414, "virtual_time_s": 95, "measure_result": "no_signal"}}
2026-09-13 12:07:33,460 INFO request {"path": "/measure", "payload": {"arena_id": "default", "robot_id": "202601002029", "request_id": "44f3c9393c7a42558828097a6495e6b0", "position": {"x": 0.0, "y": 0.0}, "channel": 17}, "attempt": 1}
2026-09-13 12:07:33,461 INFO response {"request_id": "44f3c9393c7a42558828097a6495e6b0", "http_status": 200, "body": {"accepted": true, "real_timestamp_ms": 1789272449431, "virtual_time_s": 101, "measure_result": "no_signal"}}
2026-09-13 12:07:33,494 INFO request {"path": "/measure", "payload": {"arena_id": "default", "robot_id": "202601002029", "request_id": "4620245c73614dec902967e2c126f94a", "position": {"x": 0.0, "y": 0.0}, "channel": 18}, "attempt": 1}
2026-09-13 12:07:33,507 INFO response {"request_id": "4620245c73614dec902967e2c126f94a", "http_status": 200, "body": {"accepted": true, "real_timestamp_ms": 1789272449477, "virtual_time_s": 107, "measure_result": "no_signal"}}
2026-09-13 12:07:33,522 INFO request {"path": "/measure", "payload": {"arena_id": "default", "robot_id": "202601002029", "request_id": "31c5d83f17024743a1784242e03bbe7f", "position": {"x": 0.0, "y": 0.0}, "channel": 19}, "attempt": 1}
2026-09-13 12:07:33,525 INFO response {"request_id": "31c5d83f17024743a1784242e03bbe7f", "http_status": 200, "body": {"accepted": true, "real_timestamp_ms": 1789272449494, "virtual_time_s": 113, "measure_result": "direction", "svd_deg": 52.09}}
2026-09-13 12:07:33,561 INFO request {"path": "/measure", "payload": {"arena_id": "default", "robot_id": "202601002029", "request_id": "686499c9a8444f1a8a3177a43318aca2", "position": {"x": 0.0, "y": 0.0}, "channel": 20}, "attempt": 1}
2026-09-13 12:07:33,586 INFO response {"request_id": "686499c9a8444f1a8a3177a43318aca2", "http_status": 200, "body": {"accepted": true, "real_timestamp_ms": 1789272449556, "virtual_time_s": 119, "measure_result": "no_signal"}}
2026-09-13 12:07:33,883 INFO request {"path": "/measure", "payload": {"arena_id": "default", "robot_id": "202601002029", "request_id": "3df839184c9a442aae43908b3d649cea", "position": {"x": 802.6270275583851, "y": 463.3969304197027}, "channel": 20}, "attempt": 1}
2026-09-13 12:07:33,885 INFO response {"request_id": "3df839184c9a442aae43908b3d649cea", "http_status": 200, "body": {"accepted": true, "real_timestamp_ms": 1789272449855, "virtual_time_s": 309.358772, "measure_result": "no_signal"}}
2026-09-13 12:07:33,916 INFO request {"path": "/measure", "payload": {"arena_id": "default", "robot_id": "202601002029", "request_id": "fa135087cb814e48bdb064031c675479", "position": {"x": 802.6270275583851, "y": 463.3969304197027}, "channel": 2}, "attempt": 1}
2026-09-13 12:07:33,929 INFO response {"request_id": "fa135087cb814e48bdb064031c675479", "http_status": 200, "body": {"accepted": true, "real_timestamp_ms": 1789272449898, "virtual_time_s": 315.358772, "measure_result": "no_signal"}}
2026-09-13 12:07:33,943 INFO request {"path": "/measure", "payload": {"arena_id": "default", "robot_id": "202601002029", "request_id": "dc7c6a47a16140da9450080f8d380a2e", "position": {"x": 802.6270275583851, "y": 463.3969304197027}, "channel": 3}, "attempt": 1}
2026-09-13 12:07:33,944 INFO response {"request_id": "dc7c6a47a16140da9450080f8d380a2e", "http_status": 200, "body": {"accepted": true, "real_timestamp_ms": 1789272449914, "virtual_time_s": 321.358772, "measure_result": "no_signal"}}
2026-09-13 12:07:33,975 INFO request {"path": "/measure", "payload": {"arena_id": "default", "robot_id": "202601002029", "request_id": "a39df3db005a43acaa7ccf65980da03b", "position": {"x": 802.6270275583851, "y": 463.3969304197027}, "channel": 4}, "attempt": 1}
2026-09-13 12:07:33,977 INFO response {"request_id": "a39df3db005a43acaa7ccf65980da03b", "http_status": 200, "body": {"accepted": true, "real_timestamp_ms": 1789272449946, "virtual_time_s": 327.358772, "measure_result": "no_signal"}}
2026-09-13 12:07:34,007 INFO request {"path": "/measure", "payload": {"arena_id": "default", "robot_id": "202601002029", "request_id": "618bbeac90d4424c9f343219660800fd", "position": {"x": 802.6270275583851, "y": 463.3969304197027}, "channel": 5}, "attempt": 1}
2026-09-13 12:07:34,008 INFO response {"request_id": "618bbeac90d4424c9f343219660800fd", "http_status": 200, "body": {"accepted": true, "real_timestamp_ms": 1789272449978, "virtual_time_s": 333.358772, "measure_result": "no_signal"}}
2026-09-13 12:07:34,039 INFO request {"path": "/measure", "payload": {"arena_id": "default", "robot_id": "202601002029", "request_id": "f684b2a100cc46029896206c603ceaf8", "position": {"x": 802.6270275583851, "y": 463.3969304197027}, "channel": 6}, "attempt": 1}
2026-09-13 12:07:34,054 INFO response {"request_id": "f684b2a100cc46029896206c603ceaf8", "http_status": 200, "body": {"accepted": true, "real_timestamp_ms": 1789272450024, "virtual_time_s": 339.358772, "measure_result": "no_signal"}}
2026-09-13 12:07:34,068 INFO request {"path": "/measure", "payload": {"arena_id": "default", "robot_id": "202601002029", "request_id": "92c56d2f55b34696a06edffdba642fc1", "position": {"x": 802.6270275583851, "y": 463.3969304197027}, "channel": 7}, "attempt": 1}
2026-09-13 12:07:34,084 INFO response {"request_id": "92c56d2f55b34696a06edffdba642fc1", "http_status": 200, "body": {"accepted": true, "real_timestamp_ms": 1789272450054, "virtual_time_s": 345.358772, "measure_result": "no_signal"}}
2026-09-13 12:07:34,099 INFO request {"path": "/measure", "payload": {"arena_id": "default", "robot_id": "202601002029", "request_id": "b17275f78e494434947f1fb7114ecbb9", "position": {"x": 802.6270275583851, "y": 463.3969304197027}, "channel": 9}, "attempt": 1}
2026-09-13 12:07:34,115 INFO response {"request_id": "b17275f78e494434947f1fb7114ecbb9", "http_status": 200, "body": {"accepted": true, "real_timestamp_ms": 1789272450085, "virtual_time_s": 351.358772, "measure_result": "no_signal"}}
2026-09-13 12:07:34,130 INFO request {"path": "/measure", "payload": {"arena_id": "default", "robot_id": "202601002029", "request_id": "b9e7dcf731ee4669a538d3b451836c91", "position": {"x": 802.6270275583851, "y": 463.3969304197027}, "channel": 10}, "attempt": 1}
2026-09-13 12:07:34,133 INFO response {"request_id": "b9e7dcf731ee4669a538d3b451836c91", "http_status": 200, "body": {"accepted": true, "real_timestamp_ms": 1789272450102, "virtual_time_s": 357.358772, "measure_result": "no_signal"}}
2026-09-13 12:07:34,164 INFO request {"path": "/measure", "payload": {"arena_id": "default", "robot_id": "202601002029", "request_id": "2ea89722f35b4d8996e913aef1beef36", "position": {"x": 802.6270275583851, "y": 463.3969304197027}, "channel": 11}, "attempt": 1}
2026-09-13 12:07:34,178 INFO response {"request_id": "2ea89722f35b4d8996e913aef1beef36", "http_status": 200, "body": {"accepted": true, "real_timestamp_ms": 1789272450148, "virtual_time_s": 363.358772, "measure_result": "no_signal"}}
2026-09-13 12:07:34,193 INFO request {"path": "/measure", "payload": {"arena_id": "default", "robot_id": "202601002029", "request_id": "0cee5f90bfc147249995c35a70a6a6aa", "position": {"x": 802.6270275583851, "y": 463.3969304197027}, "channel": 12}, "attempt": 1}
2026-09-13 12:07:34,210 INFO response {"request_id": "0cee5f90bfc147249995c35a70a6a6aa", "http_status": 200, "body": {"accepted": true, "real_timestamp_ms": 1789272450179, "virtual_time_s": 369.358772, "measure_result": "no_signal"}}
2026-09-13 12:07:34,225 INFO request {"path": "/measure", "payload": {"arena_id": "default", "robot_id": "202601002029", "request_id": "d9927c2da9ab41429f480494c66d5344", "position": {"x": 802.6270275583851, "y": 463.3969304197027}, "channel": 13}, "attempt": 1}
2026-09-13 12:07:34,227 INFO response {"request_id": "d9927c2da9ab41429f480494c66d5344", "http_status": 200, "body": {"accepted": true, "real_timestamp_ms": 1789272450196, "virtual_time_s": 375.358772, "measure_result": "no_signal"}}
2026-09-13 12:07:34,258 INFO request {"path": "/measure", "payload": {"arena_id": "default", "robot_id": "202601002029", "request_id": "63be8b1f8b91441c9e52421551de6018", "position": {"x": 802.6270275583851, "y": 463.3969304197027}, "channel": 14}, "attempt": 1}
2026-09-13 12:07:34,272 INFO response {"request_id": "63be8b1f8b91441c9e52421551de6018", "http_status": 200, "body": {"accepted": true, "real_timestamp_ms": 1789272450242, "virtual_time_s": 381.358772, "measure_result": "no_signal"}}
2026-09-13 12:07:34,288 INFO request {"path": "/measure", "payload": {"arena_id": "default", "robot_id": "202601002029", "request_id": "c04c8ab99fac43afa454440bff0c5965", "position": {"x": 802.6270275583851, "y": 463.3969304197027}, "channel": 15}, "attempt": 1}
2026-09-13 12:07:34,303 INFO response {"request_id": "c04c8ab99fac43afa454440bff0c5965", "http_status": 200, "body": {"accepted": true, "real_timestamp_ms": 1789272450273, "virtual_time_s": 387.358772, "measure_result": "direction", "svd_deg": 180.69}}
2026-09-13 12:07:34,319 INFO request {"path": "/measure", "payload": {"arena_id": "default", "robot_id": "202601002029", "request_id": "b91bffd6f2e0411db104ce450ec02c77", "position": {"x": 802.6270275583851, "y": 463.3969304197027}, "channel": 16}, "attempt": 1}
2026-09-13 12:07:34,334 INFO response {"request_id": "b91bffd6f2e0411db104ce450ec02c77", "http_status": 200, "body": {"accepted": true, "real_timestamp_ms": 1789272450304, "virtual_time_s": 393.358772, "measure_result": "no_signal"}}
2026-09-13 12:07:34,349 INFO request {"path": "/measure", "payload": {"arena_id": "default", "robot_id": "202601002029", "request_id": "44fc824417d74633957fb9349ea851c2", "position": {"x": 802.6270275583851, "y": 463.3969304197027}, "channel": 17}, "attempt": 1}
2026-09-13 12:07:34,364 INFO response {"request_id": "44fc824417d74633957fb9349ea851c2", "http_status": 200, "body": {"accepted": true, "real_timestamp_ms": 1789272450335, "virtual_time_s": 399.358772, "measure_result": "no_signal"}}
2026-09-13 12:07:34,379 INFO request {"path": "/measure", "payload": {"arena_id": "default", "robot_id": "202601002029", "request_id": "29bafa8317194dfca8ee5e16fb2e9632", "position": {"x": 802.6270275583851, "y": 463.3969304197027}, "channel": 18}, "attempt": 1}
2026-09-13 12:07:34,381 INFO response {"request_id": "29bafa8317194dfca8ee5e16fb2e9632", "http_status": 200, "body": {"accepted": true, "real_timestamp_ms": 1789272450351, "virtual_time_s": 405.358772, "measure_result": "direction", "svd_deg": 31.56}}
2026-09-13 12:07:34,423 INFO request {"path": "/measure", "payload": {"arena_id": "default", "robot_id": "202601002029", "request_id": "0a350d36ab4d47dda5569ac492058f15", "position": {"x": 802.6270275583851, "y": 463.3969304197027}, "channel": 19}, "attempt": 1}
2026-09-13 12:07:34,427 INFO response {"request_id": "0a350d36ab4d47dda5569ac492058f15", "http_status": 200, "body": {"accepted": true, "real_timestamp_ms": 1789272450397, "virtual_time_s": 411.358772, "measure_result": "direction", "svd_deg": 125.76}}
2026-09-13 12:07:34,444 INFO request {"path": "/measure", "payload": {"arena_id": "default", "robot_id": "202601002029", "request_id": "e9996878463d47fdbdfd9a52b5e2201a", "position": {"x": 802.6270275583851, "y": 463.3969304197027}, "channel": 1}, "attempt": 1}
2026-09-13 12:07:34,458 INFO response {"request_id": "e9996878463d47fdbdfd9a52b5e2201a", "http_status": 200, "body": {"accepted": true, "real_timestamp_ms": 1789272450428, "virtual_time_s": 417.358772, "measure_result": "no_signal"}}
2026-09-13 12:07:34,920 INFO request {"path": "/measure", "payload": {"arena_id": "default", "robot_id": "202601002029", "request_id": "05863127b3604065b525bcd00af2befb", "position": {"x": 463.39693041970287, "y": 802.627027558385}, "channel": 2}, "attempt": 1}
2026-09-13 12:07:34,921 INFO response {"request_id": "05863127b3604065b525bcd00af2befb", "http_status": 200, "body": {"accepted": true, "real_timestamp_ms": 1789272450890, "virtual_time_s": 519.307533, "measure_result": "no_signal"}}
2026-09-13 12:07:34,951 INFO request {"path": "/measure", "payload": {"arena_id": "default", "robot_id": "202601002029", "request_id": "29f6ff901d314541a8abf80ef4923e96", "position": {"x": 463.39693041970287, "y": 802.627027558385}, "channel": 3}, "attempt": 1}
2026-09-13 12:07:34,974 INFO response {"request_id": "29f6ff901d314541a8abf80ef4923e96", "http_status": 200, "body": {"accepted": true, "real_timestamp_ms": 1789272450943, "virtual_time_s": 525.307533, "measure_result": "no_signal"}}
2026-09-13 12:07:34,974 INFO request {"path": "/measure", "payload": {"arena_id": "default", "robot_id": "202601002029", "request_id": "e5ec24942fa64eb999477ceb217f14e7", "position": {"x": 463.39693041970287, "y": 802.627027558385}, "channel": 4}, "attempt": 1}
2026-09-13 12:07:34,989 INFO response {"request_id": "e5ec24942fa64eb999477ceb217f14e7", "http_status": 200, "body": {"accepted": true, "real_timestamp_ms": 1789272450959, "virtual_time_s": 531.307533, "measure_result": "no_signal"}}
2026-09-13 12:07:35,004 INFO request {"path": "/measure", "payload": {"arena_id": "default", "robot_id": "202601002029", "request_id": "faa4c7e0f405413187be2c338f714a4f", "position": {"x": 463.39693041970287, "y": 802.627027558385}, "channel": 5}, "attempt": 1}
2026-09-13 12:07:35,006 INFO response {"request_id": "faa4c7e0f405413187be2c338f714a4f", "http_status": 200, "body": {"accepted": true, "real_timestamp_ms": 1789272450976, "virtual_time_s": 537.307533, "measure_result": "no_signal"}}
2026-09-13 12:07:35,037 INFO request {"path": "/measure", "payload": {"arena_id": "default", "robot_id": "202601002029", "request_id": "cfbcf9ecdd66497a83d212d3189a3f82", "position": {"x": 463.39693041970287, "y": 802.627027558385}, "channel": 6}, "attempt": 1}
2026-09-13 12:07:35,039 INFO response {"request_id": "cfbcf9ecdd66497a83d212d3189a3f82", "http_status": 200, "body": {"accepted": true, "real_timestamp_ms": 1789272451009, "virtual_time_s": 543.307533, "measure_result": "no_signal"}}
2026-09-13 12:07:35,070 INFO request {"path": "/measure", "payload": {"arena_id": "default", "robot_id": "202601002029", "request_id": "521536cb7df64fdd981bca717861c195", "position": {"x": 463.39693041970287, "y": 802.627027558385}, "channel": 7}, "attempt": 1}
2026-09-13 12:07:35,082 INFO response {"request_id": "521536cb7df64fdd981bca717861c195", "http_status": 200, "body": {"accepted": true, "real_timestamp_ms": 1789272451052, "virtual_time_s": 549.307533, "measure_result": "no_signal"}}
2026-09-13 12:07:35,097 INFO request {"path": "/measure", "payload": {"arena_id": "default", "robot_id": "202601002029", "request_id": "7959e854c1214a8d92a76902988b987f", "position": {"x": 463.39693041970287, "y": 802.627027558385}, "channel": 9}, "attempt": 1}
2026-09-13 12:07:35,100 INFO response {"request_id": "7959e854c1214a8d92a76902988b987f", "http_status": 200, "body": {"accepted": true, "real_timestamp_ms": 1789272451069, "virtual_time_s": 555.307533, "measure_result": "no_signal"}}
2026-09-13 12:07:35,131 INFO request {"path": "/measure", "payload": {"arena_id": "default", "robot_id": "202601002029", "request_id": "e5c66c43d2274088bb9325279047f4ed", "position": {"x": 463.39693041970287, "y": 802.627027558385}, "channel": 10}, "attempt": 1}
2026-09-13 12:07:35,133 INFO response {"request_id": "e5c66c43d2274088bb9325279047f4ed", "http_status": 200, "body": {"accepted": true, "real_timestamp_ms": 1789272451102, "virtual_time_s": 561.307533, "measure_result": "no_signal"}}
2026-09-13 12:07:35,164 INFO request {"path": "/measure", "payload": {"arena_id": "default", "robot_id": "202601002029", "request_id": "5609a4ed27b44cb6a2bc295f768e6241", "position": {"x": 463.39693041970287, "y": 802.627027558385}, "channel": 11}, "attempt": 1}
2026-09-13 12:07:35,164 INFO response {"request_id": "5609a4ed27b44cb6a2bc295f768e6241", "http_status": 200, "body": {"accepted": true, "real_timestamp_ms": 1789272451135, "virtual_time_s": 567.307533, "measure_result": "no_signal"}}
2026-09-13 12:07:35,195 INFO request {"path": "/measure", "payload": {"arena_id": "default", "robot_id": "202601002029", "request_id": "28b247ff5eb54ed38b0e49a4696f05a1", "position": {"x": 463.39693041970287, "y": 802.627027558385}, "channel": 12}, "attempt": 1}
2026-09-13 12:07:35,207 INFO response {"request_id": "28b247ff5eb54ed38b0e49a4696f05a1", "http_status": 200, "body": {"accepted": true, "real_timestamp_ms": 1789272451176, "virtual_time_s": 573.307533, "measure_result": "no_signal"}}
2026-09-13 12:07:35,222 INFO request {"path": "/measure", "payload": {"arena_id": "default", "robot_id": "202601002029", "request_id": "586e041fc1fa40168b0ecd5fa9d04d92", "position": {"x": 463.39693041970287, "y": 802.627027558385}, "channel": 13}, "attempt": 1}
2026-09-13 12:07:35,223 INFO response {"request_id": "586e041fc1fa40168b0ecd5fa9d04d92", "http_status": 200, "body": {"accepted": true, "real_timestamp_ms": 1789272451193, "virtual_time_s": 579.307533, "measure_result": "no_signal"}}
2026-09-13 12:07:35,254 INFO request {"path": "/measure", "payload": {"arena_id": "default", "robot_id": "202601002029", "request_id": "c2727e598e3b4b0383db6f35bbbe384d", "position": {"x": 463.39693041970287, "y": 802.627027558385}, "channel": 14}, "attempt": 1}
2026-09-13 12:07:35,255 INFO response {"request_id": "c2727e598e3b4b0383db6f35bbbe384d", "http_status": 200, "body": {"accepted": true, "real_timestamp_ms": 1789272451225, "virtual_time_s": 585.307533, "measure_result": "direction", "svd_deg": 149.12}}
2026-09-13 12:07:35,289 INFO request {"path": "/measure", "payload": {"arena_id": "default", "robot_id": "202601002029", "request_id": "e69e87c4ad0a434a8aeb6e48269916ba", "position": {"x": 463.39693041970287, "y": 802.627027558385}, "channel": 16}, "attempt": 1}
2026-09-13 12:07:35,291 INFO response {"request_id": "e69e87c4ad0a434a8aeb6e48269916ba", "http_status": 200, "body": {"accepted": true, "real_timestamp_ms": 1789272451261, "virtual_time_s": 591.307533, "measure_result": "no_signal"}}
2026-09-13 12:07:35,322 INFO request {"path": "/measure", "payload": {"arena_id": "default", "robot_id": "202601002029", "request_id": "00ae7ac9ccf548428e088b2f2fc50565", "position": {"x": 463.39693041970287, "y": 802.627027558385}, "channel": 17}, "attempt": 1}
2026-09-13 12:07:35,325 INFO response {"request_id": "00ae7ac9ccf548428e088b2f2fc50565", "http_status": 200, "body": {"accepted": true, "real_timestamp_ms": 1789272451294, "virtual_time_s": 597.307533, "measure_result": "no_signal"}}
2026-09-13 12:07:35,355 INFO request {"path": "/measure", "payload": {"arena_id": "default", "robot_id": "202601002029", "request_id": "02d125242d9244beb700e65ed6b4b055", "position": {"x": 463.39693041970287, "y": 802.627027558385}, "channel": 20}, "attempt": 1}
2026-09-13 12:07:35,378 INFO response {"request_id": "02d125242d9244beb700e65ed6b4b055", "http_status": 200, "body": {"accepted": true, "real_timestamp_ms": 1789272451348, "virtual_time_s": 603.307533, "measure_result": "no_signal"}}
2026-09-13 12:07:35,439 INFO request {"path": "/measure", "payload": {"arena_id": "default", "robot_id": "202601002029", "request_id": "2d0abdcf9b8842568be4e77ee768c31c", "position": {"x": 463.39693041970287, "y": 802.627027558385}, "channel": 19}, "attempt": 1}
2026-09-13 12:07:35,457 INFO response {"request_id": "2d0abdcf9b8842568be4e77ee768c31c", "http_status": 200, "body": {"accepted": true, "real_timestamp_ms": 1789272451427, "virtual_time_s": 609.307533, "measure_result": "direction", "svd_deg": 340.09}}
2026-09-13 12:07:35,460 INFO request {"path": "/measure", "payload": {"arena_id": "default", "robot_id": "202601002029", "request_id": "7c166421cfd745d69fcecbabaa73212a", "position": {"x": 463.39693041970287, "y": 802.627027558385}, "channel": 15}, "attempt": 1}
2026-09-13 12:07:35,472 INFO response {"request_id": "7c166421cfd745d69fcecbabaa73212a", "http_status": 200, "body": {"accepted": true, "real_timestamp_ms": 1789272451443, "virtual_time_s": 615.307533, "measure_result": "direction", "svd_deg": 208.22}}
2026-09-13 12:07:35,491 INFO request {"path": "/measure", "payload": {"arena_id": "default", "robot_id": "202601002029", "request_id": "d38155082a824bb7b249ba1a9536a46e", "position": {"x": 463.39693041970287, "y": 802.627027558385}, "channel": 18}, "attempt": 1}
2026-09-13 12:07:35,503 INFO response {"request_id": "d38155082a824bb7b249ba1a9536a46e", "http_status": 200, "body": {"accepted": true, "real_timestamp_ms": 1789272451474, "virtual_time_s": 621.307533, "measure_result": "direction", "svd_deg": 356.01}}
2026-09-13 12:07:36,467 INFO request {"path": "/measure", "payload": {"arena_id": "default", "robot_id": "202601002029", "request_id": "2bc417cd3c5546ab89dfb7454ad57b25", "position": {"x": 5.674975675731977e-14, "y": 926.7938608394055}, "channel": 2}, "attempt": 1}
2026-09-13 12:07:36,487 INFO response {"request_id": "2bc417cd3c5546ab89dfb7454ad57b25", "http_status": 200, "body": {"accepted": true, "real_timestamp_ms": 1789272452458, "virtual_time_s": 723.256294, "measure_result": "no_signal"}}
2026-09-13 12:07:36,488 INFO request {"path": "/measure", "payload": {"arena_id": "default", "robot_id": "202601002029", "request_id": "7f5b8e09fa4e4e3b8aff843709d2c688", "position": {"x": 5.674975675731977e-14, "y": 926.7938608394055}, "channel": 3}, "attempt": 1}
2026-09-13 12:07:36,502 INFO response {"request_id": "7f5b8e09fa4e4e3b8aff843709d2c688", "http_status": 200, "body": {"accepted": true, "real_timestamp_ms": 1789272452473, "virtual_time_s": 729.256294, "measure_result": "no_signal"}}
2026-09-13 12:07:36,517 INFO request {"path": "/measure", "payload": {"arena_id": "default", "robot_id": "202601002029", "request_id": "54031d1ef90b487c940e2cdc43764d72", "position": {"x": 5.674975675731977e-14, "y": 926.7938608394055}, "channel": 4}, "attempt": 1}
2026-09-13 12:07:36,519 INFO response {"request_id": "54031d1ef90b487c940e2cdc43764d72", "http_status": 200, "body": {"accepted": true, "real_timestamp_ms": 1789272452489, "virtual_time_s": 735.256294, "measure_result": "no_signal"}}
2026-09-13 12:07:36,534 INFO request {"path": "/measure", "payload": {"arena_id": "default", "robot_id": "202601002029", "request_id": "d288408628ce4c069d742aa34a350ff7", "position": {"x": 5.674975675731977e-14, "y": 926.7938608394055}, "channel": 5}, "attempt": 1}
2026-09-13 12:07:36,549 INFO response {"request_id": "d288408628ce4c069d742aa34a350ff7", "http_status": 200, "body": {"accepted": true, "real_timestamp_ms": 1789272452519, "virtual_time_s": 741.256294, "measure_result": "no_signal"}}
2026-09-13 12:07:36,580 INFO request {"path": "/measure", "payload": {"arena_id": "default", "robot_id": "202601002029", "request_id": "538befb7f56945d0b5332122f5313af3", "position": {"x": 5.674975675731977e-14, "y": 926.7938608394055}, "channel": 6}, "attempt": 1}
2026-09-13 12:07:36,581 INFO response {"request_id": "538befb7f56945d0b5332122f5313af3", "http_status": 200, "body": {"accepted": true, "real_timestamp_ms": 1789272452551, "virtual_time_s": 747.256294, "measure_result": "no_signal"}}
2026-09-13 12:07:36,596 INFO request {"path": "/measure", "payload": {"arena_id": "default", "robot_id": "202601002029", "request_id": "cc172822c7ef469f8e46e7ec1bfc7e1e", "position": {"x": 5.674975675731977e-14, "y": 926.7938608394055}, "channel": 7}, "attempt": 1}
2026-09-13 12:07:36,613 INFO response {"request_id": "cc172822c7ef469f8e46e7ec1bfc7e1e", "http_status": 200, "body": {"accepted": true, "real_timestamp_ms": 1789272452583, "virtual_time_s": 753.256294, "measure_result": "no_signal"}}
2026-09-13 12:07:36,628 INFO request {"path": "/measure", "payload": {"arena_id": "default", "robot_id": "202601002029", "request_id": "240c4536c6f14f788259c761f1493488", "position": {"x": 5.674975675731977e-14, "y": 926.7938608394055}, "channel": 9}, "attempt": 1}
2026-09-13 12:07:36,629 INFO response {"request_id": "240c4536c6f14f788259c761f1493488", "http_status": 200, "body": {"accepted": true, "real_timestamp_ms": 1789272452599, "virtual_time_s": 759.256294, "measure_result": "no_signal"}}
2026-09-13 12:07:36,660 INFO request {"path": "/measure", "payload": {"arena_id": "default", "robot_id": "202601002029", "request_id": "b201b870622041d9a6d37bb721b585a3", "position": {"x": 5.674975675731977e-14, "y": 926.7938608394055}, "channel": 10}, "attempt": 1}
2026-09-13 12:07:36,675 INFO response {"request_id": "b201b870622041d9a6d37bb721b585a3", "http_status": 200, "body": {"accepted": true, "real_timestamp_ms": 1789272452645, "virtual_time_s": 765.256294, "measure_result": "no_signal"}}
2026-09-13 12:07:36,689 INFO request {"path": "/measure", "payload": {"arena_id": "default", "robot_id": "202601002029", "request_id": "8e23ec564a434540a70c0f132cf693ec", "position": {"x": 5.674975675731977e-14, "y": 926.7938608394055}, "channel": 11}, "attempt": 1}
2026-09-13 12:07:36,691 INFO response {"request_id": "8e23ec564a434540a70c0f132cf693ec", "http_status": 200, "body": {"accepted": true, "real_timestamp_ms": 1789272452661, "virtual_time_s": 771.256294, "measure_result": "no_signal"}}
2026-09-13 12:07:36,706 INFO request {"path": "/measure", "payload": {"arena_id": "default", "robot_id": "202601002029", "request_id": "ea25a32e67084b45bfe2e01d2a95fae8", "position": {"x": 5.674975675731977e-14, "y": 926.7938608394055}, "channel": 12}, "attempt": 1}
2026-09-13 12:07:36,721 INFO response {"request_id": "ea25a32e67084b45bfe2e01d2a95fae8", "http_status": 200, "body": {"accepted": true, "real_timestamp_ms": 1789272452691, "virtual_time_s": 777.256294, "measure_result": "no_signal"}}
2026-09-13 12:07:36,737 INFO request {"path": "/measure", "payload": {"arena_id": "default", "robot_id": "202601002029", "request_id": "530f21ec4b654c0aab607ab2019b160b", "position": {"x": 5.674975675731977e-14, "y": 926.7938608394055}, "channel": 13}, "attempt": 1}
2026-09-13 12:07:36,753 INFO response {"request_id": "530f21ec4b654c0aab607ab2019b160b", "http_status": 200, "body": {"accepted": true, "real_timestamp_ms": 1789272452722, "virtual_time_s": 783.256294, "measure_result": "no_signal"}}
2026-09-13 12:07:36,768 INFO request {"path": "/measure", "payload": {"arena_id": "default", "robot_id": "202601002029", "request_id": "27b843b1b3a44e72ad81ef8383c1d7fe", "position": {"x": 5.674975675731977e-14, "y": 926.7938608394055}, "channel": 16}, "attempt": 1}
2026-09-13 12:07:36,770 INFO response {"request_id": "27b843b1b3a44e72ad81ef8383c1d7fe", "http_status": 200, "body": {"accepted": true, "real_timestamp_ms": 1789272452740, "virtual_time_s": 789.256294, "measure_result": "no_signal"}}
2026-09-13 12:07:36,801 INFO request {"path": "/measure", "payload": {"arena_id": "default", "robot_id": "202601002029", "request_id": "7c8539e0ec1542c58871d405a9021378", "position": {"x": 5.674975675731977e-14, "y": 926.7938608394055}, "channel": 17}, "attempt": 1}
2026-09-13 12:07:36,804 INFO response {"request_id": "7c8539e0ec1542c58871d405a9021378", "http_status": 200, "body": {"accepted": true, "real_timestamp_ms": 1789272452774, "virtual_time_s": 795.256294, "measure_result": "no_signal"}}
2026-09-13 12:07:36,835 INFO request {"path": "/measure", "payload": {"arena_id": "default", "robot_id": "202601002029", "request_id": "e506ebc0c74b455f854ad6cc4cd3aba6", "position": {"x": 5.674975675731977e-14, "y": 926.7938608394055}, "channel": 20}, "attempt": 1}
2026-09-13 12:07:36,864 INFO response {"request_id": "e506ebc0c74b455f854ad6cc4cd3aba6", "http_status": 200, "body": {"accepted": true, "real_timestamp_ms": 1789272452833, "virtual_time_s": 801.256294, "measure_result": "no_signal"}}
2026-09-13 12:07:36,952 INFO request {"path": "/measure", "payload": {"arena_id": "default", "robot_id": "202601002029", "request_id": "496bb4eaf8324307bf38a3dfaae4fdcc", "position": {"x": 5.674975675731977e-14, "y": 926.7938608394055}, "channel": 14}, "attempt": 1}
2026-09-13 12:07:36,973 INFO response {"request_id": "496bb4eaf8324307bf38a3dfaae4fdcc", "http_status": 200, "body": {"accepted": true, "real_timestamp_ms": 1789272452943, "virtual_time_s": 807.256294, "measure_result": "direction", "svd_deg": 132.43}}
2026-09-13 12:07:36,977 INFO request {"path": "/measure", "payload": {"arena_id": "default", "robot_id": "202601002029", "request_id": "b624a72100374edcbdb6f012cf7122b4", "position": {"x": 5.674975675731977e-14, "y": 926.7938608394055}, "channel": 1}, "attempt": 1}
2026-09-13 12:07:37,005 INFO response {"request_id": "b624a72100374edcbdb6f012cf7122b4", "http_status": 200, "body": {"accepted": true, "real_timestamp_ms": 1789272452974, "virtual_time_s": 813.256294, "measure_result": "direction", "svd_deg": 309.69}}
2026-09-13 12:07:37,012 INFO request {"path": "/measure", "payload": {"arena_id": "default", "robot_id": "202601002029", "request_id": "2fe6075eabd44d88acf32438a2f3246a", "position": {"x": 5.674975675731977e-14, "y": 926.7938608394055}, "channel": 15}, "attempt": 1}
2026-09-13 12:07:37,014 INFO response {"request_id": "2fe6075eabd44d88acf32438a2f3246a", "http_status": 200, "body": {"accepted": true, "real_timestamp_ms": 1789272452984, "virtual_time_s": 819.256294, "measure_result": "direction", "svd_deg": 250.56}}
2026-09-13 12:07:37,795 INFO request {"path": "/measure", "payload": {"arena_id": "default", "robot_id": "202601002029", "request_id": "cb8b2abd7e414c8c9ffef1702d50e8fc", "position": {"x": -463.3969304197025, "y": 802.6270275583851}, "channel": 2}, "attempt": 1}
2026-09-13 12:07:37,797 INFO response {"request_id": "cb8b2abd7e414c8c9ffef1702d50e8fc", "http_status": 200, "body": {"accepted": true, "real_timestamp_ms": 1789272453766, "virtual_time_s": 921.205055, "measure_result": "no_signal"}}
2026-09-13 12:07:37,827 INFO request {"path": "/measure", "payload": {"arena_id": "default", "robot_id": "202601002029", "request_id": "2c9db238d74e40a9bf4e4f63f743abd7", "position": {"x": -463.3969304197025, "y": 802.6270275583851}, "channel": 3}, "attempt": 1}
2026-09-13 12:07:37,828 INFO response {"request_id": "2c9db238d74e40a9bf4e4f63f743abd7", "http_status": 200, "body": {"accepted": true, "real_timestamp_ms": 1789272453798, "virtual_time_s": 927.205055, "measure_result": "no_signal"}}
2026-09-13 12:07:37,859 INFO request {"path": "/measure", "payload": {"arena_id": "default", "robot_id": "202601002029", "request_id": "8b856677dfa142b6b9e7cdb93786386f", "position": {"x": -463.3969304197025, "y": 802.6270275583851}, "channel": 4}, "attempt": 1}
2026-09-13 12:07:37,871 INFO response {"request_id": "8b856677dfa142b6b9e7cdb93786386f", "http_status": 200, "body": {"accepted": true, "real_timestamp_ms": 1789272453841, "virtual_time_s": 933.205055, "measure_result": "no_signal"}}
2026-09-13 12:07:37,886 INFO request {"path": "/measure", "payload": {"arena_id": "default", "robot_id": "202601002029", "request_id": "a481b2930f044059b5af7a7602dd14f3", "position": {"x": -463.3969304197025, "y": 802.6270275583851}, "channel": 5}, "attempt": 1}
2026-09-13 12:07:37,890 INFO response {"request_id": "a481b2930f044059b5af7a7602dd14f3", "http_status": 200, "body": {"accepted": true, "real_timestamp_ms": 1789272453860, "virtual_time_s": 939.205055, "measure_result": "no_signal"}}
2026-09-13 12:07:37,921 INFO request {"path": "/measure", "payload": {"arena_id": "default", "robot_id": "202601002029", "request_id": "f1956fa6bcd94072a4541fbcb6e22140", "position": {"x": -463.3969304197025, "y": 802.6270275583851}, "channel": 6}, "attempt": 1}
2026-09-13 12:07:37,934 INFO response {"request_id": "f1956fa6bcd94072a4541fbcb6e22140", "http_status": 200, "body": {"accepted": true, "real_timestamp_ms": 1789272453904, "virtual_time_s": 945.205055, "measure_result": "no_signal"}}
2026-09-13 12:07:37,949 INFO request {"path": "/measure", "payload": {"arena_id": "default", "robot_id": "202601002029", "request_id": "cc594a42dfbb491ba00589092a4481c6", "position": {"x": -463.3969304197025, "y": 802.6270275583851}, "channel": 7}, "attempt": 1}
2026-09-13 12:07:37,952 INFO response {"request_id": "cc594a42dfbb491ba00589092a4481c6", "http_status": 200, "body": {"accepted": true, "real_timestamp_ms": 1789272453921, "virtual_time_s": 951.205055, "measure_result": "no_signal"}}
2026-09-13 12:07:37,983 INFO request {"path": "/measure", "payload": {"arena_id": "default", "robot_id": "202601002029", "request_id": "0b5cc7feb8af4142aa4f5dbaad2ddddb", "position": {"x": -463.3969304197025, "y": 802.6270275583851}, "channel": 9}, "attempt": 1}
2026-09-13 12:07:37,998 INFO response {"request_id": "0b5cc7feb8af4142aa4f5dbaad2ddddb", "http_status": 200, "body": {"accepted": true, "real_timestamp_ms": 1789272453967, "virtual_time_s": 957.205055, "measure_result": "no_signal"}}
2026-09-13 12:07:38,012 INFO request {"path": "/measure", "payload": {"arena_id": "default", "robot_id": "202601002029", "request_id": "0721611368d546bcb953e86b58fb32be", "position": {"x": -463.3969304197025, "y": 802.6270275583851}, "channel": 10}, "attempt": 1}
2026-09-13 12:07:38,014 INFO response {"request_id": "0721611368d546bcb953e86b58fb32be", "http_status": 200, "body": {"accepted": true, "real_timestamp_ms": 1789272453984, "virtual_time_s": 963.205055, "measure_result": "no_signal"}}
2026-09-13 12:07:38,046 INFO request {"path": "/measure", "payload": {"arena_id": "default", "robot_id": "202601002029", "request_id": "14cb0230836649959cd513e3e76199e8", "position": {"x": -463.3969304197025, "y": 802.6270275583851}, "channel": 11}, "attempt": 1}
2026-09-13 12:07:38,047 INFO response {"request_id": "14cb0230836649959cd513e3e76199e8", "http_status": 200, "body": {"accepted": true, "real_timestamp_ms": 1789272454017, "virtual_time_s": 969.205055, "measure_result": "no_signal"}}
2026-09-13 12:07:38,079 INFO request {"path": "/measure", "payload": {"arena_id": "default", "robot_id": "202601002029", "request_id": "2b48ebf464134b7081bce684b791b1cf", "position": {"x": -463.3969304197025, "y": 802.6270275583851}, "channel": 12}, "attempt": 1}
2026-09-13 12:07:38,081 INFO response {"request_id": "2b48ebf464134b7081bce684b791b1cf", "http_status": 200, "body": {"accepted": true, "real_timestamp_ms": 1789272454051, "virtual_time_s": 975.205055, "measure_result": "no_signal"}}
2026-09-13 12:07:38,097 INFO request {"path": "/measure", "payload": {"arena_id": "default", "robot_id": "202601002029", "request_id": "ab45e080b4754a97a4e1e8b7abe93ab2", "position": {"x": -463.3969304197025, "y": 802.6270275583851}, "channel": 13}, "attempt": 1}
2026-09-13 12:07:38,124 INFO response {"request_id": "ab45e080b4754a97a4e1e8b7abe93ab2", "http_status": 200, "body": {"accepted": true, "real_timestamp_ms": 1789272454094, "virtual_time_s": 981.205055, "measure_result": "no_signal"}}
2026-09-13 12:07:38,139 INFO request {"path": "/measure", "payload": {"arena_id": "default", "robot_id": "202601002029", "request_id": "1678f4cc420f4d01923886a376c0f01a", "position": {"x": -463.3969304197025, "y": 802.6270275583851}, "channel": 16}, "attempt": 1}
2026-09-13 12:07:38,140 INFO response {"request_id": "1678f4cc420f4d01923886a376c0f01a", "http_status": 200, "body": {"accepted": true, "real_timestamp_ms": 1789272454110, "virtual_time_s": 987.205055, "measure_result": "no_signal"}}
2026-09-13 12:07:38,171 INFO request {"path": "/measure", "payload": {"arena_id": "default", "robot_id": "202601002029", "request_id": "6a639651ecb94ee987608de371d79afa", "position": {"x": -463.3969304197025, "y": 802.6270275583851}, "channel": 17}, "attempt": 1}
2026-09-13 12:07:38,176 INFO response {"request_id": "6a639651ecb94ee987608de371d79afa", "http_status": 200, "body": {"accepted": true, "real_timestamp_ms": 1789272454145, "virtual_time_s": 993.205055, "measure_result": "no_signal"}}
2026-09-13 12:07:38,190 INFO request {"path": "/measure", "payload": {"arena_id": "default", "robot_id": "202601002029", "request_id": "91d0bc69044e422bbefd5443dbc4139c", "position": {"x": -463.3969304197025, "y": 802.6270275583851}, "channel": 20}, "attempt": 1}
2026-09-13 12:07:38,192 INFO response {"request_id": "91d0bc69044e422bbefd5443dbc4139c", "http_status": 200, "body": {"accepted": true, "real_timestamp_ms": 1789272454162, "virtual_time_s": 999.205055, "measure_result": "no_signal"}}
2026-09-13 12:07:38,250 INFO request {"path": "/measure", "payload": {"arena_id": "default", "robot_id": "202601002029", "request_id": "44886fb7f0a641e0a295ff6f8a282b88", "position": {"x": -463.3969304197025, "y": 802.6270275583851}, "channel": 14}, "attempt": 1}
2026-09-13 12:07:38,264 INFO response {"request_id": "44886fb7f0a641e0a295ff6f8a282b88", "http_status": 200, "body": {"accepted": true, "real_timestamp_ms": 1789272454235, "virtual_time_s": 1005.205055, "measure_result": "direction", "svd_deg": 74.79}}
2026-09-13 12:07:38,269 INFO request {"path": "/measure", "payload": {"arena_id": "default", "robot_id": "202601002029", "request_id": "1197fd3df4874b29a7aa2eec1569dd20", "position": {"x": -463.3969304197025, "y": 802.6270275583851}, "channel": 1}, "attempt": 1}
2026-09-13 12:07:38,295 INFO response {"request_id": "1197fd3df4874b29a7aa2eec1569dd20", "http_status": 200, "body": {"accepted": true, "real_timestamp_ms": 1789272454266, "virtual_time_s": 1011.205055, "measure_result": "direction", "svd_deg": 4.44}}
2026-09-13 12:07:38,721 INFO request {"path": "/measure", "payload": {"arena_id": "default", "robot_id": "202601002029", "request_id": "0984c3636c124fca9d07a962dbfab065", "position": {"x": -802.6270275583848, "y": 463.39693041970304}, "channel": 2}, "attempt": 1}
2026-09-13 12:07:38,722 INFO response {"request_id": "0984c3636c124fca9d07a962dbfab065", "http_status": 200, "body": {"accepted": true, "real_timestamp_ms": 1789272454693, "virtual_time_s": 1113.153816, "measure_result": "no_signal"}}
2026-09-13 12:07:38,753 INFO request {"path": "/measure", "payload": {"arena_id": "default", "robot_id": "202601002029", "request_id": "a4d5ed2e12c942deb260e4eb475b83f4", "position": {"x": -802.6270275583848, "y": 463.39693041970304}, "channel": 3}, "attempt": 1}
2026-09-13 12:07:38,769 INFO response {"request_id": "a4d5ed2e12c942deb260e4eb475b83f4", "http_status": 200, "body": {"accepted": true, "real_timestamp_ms": 1789272454738, "virtual_time_s": 1119.153816, "measure_result": "direction", "svd_deg": 55.69}}
2026-09-13 12:07:38,790 INFO request {"path": "/measure", "payload": {"arena_id": "default", "robot_id": "202601002029", "request_id": "25ed083803ef496bb09e1a26fbd73f03", "position": {"x": -802.6270275583848, "y": 463.39693041970304}, "channel": 4}, "attempt": 1}
2026-09-13 12:07:38,819 INFO response {"request_id": "25ed083803ef496bb09e1a26fbd73f03", "http_status": 200, "body": {"accepted": true, "real_timestamp_ms": 1789272454786, "virtual_time_s": 1125.153816, "measure_result": "no_signal"}}
2026-09-13 12:07:38,820 INFO request {"path": "/measure", "payload": {"arena_id": "default", "robot_id": "202601002029", "request_id": "9e00c6d47bc04f24b2e82dc52f50dd68", "position": {"x": -802.6270275583848, "y": 463.39693041970304}, "channel": 5}, "attempt": 1}
2026-09-13 12:07:38,823 INFO response {"request_id": "9e00c6d47bc04f24b2e82dc52f50dd68", "http_status": 200, "body": {"accepted": true, "real_timestamp_ms": 1789272454792, "virtual_time_s": 1131.153816, "measure_result": "direction", "svd_deg": 238.55}}
2026-09-13 12:07:38,858 INFO request {"path": "/measure", "payload": {"arena_id": "default", "robot_id": "202601002029", "request_id": "58d027b370cb4433a848b539672053a5", "position": {"x": -802.6270275583848, "y": 463.39693041970304}, "channel": 6}, "attempt": 1}
2026-09-13 12:07:38,878 INFO response {"request_id": "58d027b370cb4433a848b539672053a5", "http_status": 200, "body": {"accepted": true, "real_timestamp_ms": 1789272454848, "virtual_time_s": 1137.153816, "measure_result": "no_signal"}}
2026-09-13 12:07:38,878 INFO request {"path": "/measure", "payload": {"arena_id": "default", "robot_id": "202601002029", "request_id": "395b9211525445ab8c1cd0794fc1d6bc", "position": {"x": -802.6270275583848, "y": 463.39693041970304}, "channel": 7}, "attempt": 1}
2026-09-13 12:07:38,880 INFO response {"request_id": "395b9211525445ab8c1cd0794fc1d6bc", "http_status": 200, "body": {"accepted": true, "real_timestamp_ms": 1789272454849, "virtual_time_s": 1143.153816, "measure_result": "no_signal"}}
2026-09-13 12:07:38,911 INFO request {"path": "/measure", "payload": {"arena_id": "default", "robot_id": "202601002029", "request_id": "a125c07a98d5463e9ad17158264424cf", "position": {"x": -802.6270275583848, "y": 463.39693041970304}, "channel": 9}, "attempt": 1}
2026-09-13 12:07:38,913 INFO response {"request_id": "a125c07a98d5463e9ad17158264424cf", "http_status": 200, "body": {"accepted": true, "real_timestamp_ms": 1789272454883, "virtual_time_s": 1149.153816, "measure_result": "no_signal"}}
2026-09-13 12:07:38,945 INFO request {"path": "/measure", "payload": {"arena_id": "default", "robot_id": "202601002029", "request_id": "57745c4b6a7a4c41b5f66e49e5228ce4", "position": {"x": -802.6270275583848, "y": 463.39693041970304}, "channel": 10}, "attempt": 1}
2026-09-13 12:07:38,947 INFO response {"request_id": "57745c4b6a7a4c41b5f66e49e5228ce4", "http_status": 200, "body": {"accepted": true, "real_timestamp_ms": 1789272454916, "virtual_time_s": 1155.153816, "measure_result": "no_signal"}}
2026-09-13 12:07:38,978 INFO request {"path": "/measure", "payload": {"arena_id": "default", "robot_id": "202601002029", "request_id": "9be6a594142f43e682b41f52878dee6d", "position": {"x": -802.6270275583848, "y": 463.39693041970304}, "channel": 11}, "attempt": 1}
2026-09-13 12:07:39,003 INFO response {"request_id": "9be6a594142f43e682b41f52878dee6d", "http_status": 200, "body": {"accepted": true, "real_timestamp_ms": 1789272454973, "virtual_time_s": 1161.153816, "measure_result": "direction", "svd_deg": 245.02}}
2026-09-13 12:07:39,008 INFO request {"path": "/measure", "payload": {"arena_id": "default", "robot_id": "202601002029", "request_id": "e825893df93f484091e173a58e8c3a3d", "position": {"x": -802.6270275583848, "y": 463.39693041970304}, "channel": 12}, "attempt": 1}
2026-09-13 12:07:39,010 INFO response {"request_id": "e825893df93f484091e173a58e8c3a3d", "http_status": 200, "body": {"accepted": true, "real_timestamp_ms": 1789272454980, "virtual_time_s": 1167.153816, "measure_result": "no_signal"}}
2026-09-13 12:07:39,041 INFO request {"path": "/measure", "payload": {"arena_id": "default", "robot_id": "202601002029", "request_id": "64378e39043043ae80fce9e96361318d", "position": {"x": -802.6270275583848, "y": 463.39693041970304}, "channel": 13}, "attempt": 1}
2026-09-13 12:07:39,043 INFO response {"request_id": "64378e39043043ae80fce9e96361318d", "http_status": 200, "body": {"accepted": true, "real_timestamp_ms": 1789272455013, "virtual_time_s": 1173.153816, "measure_result": "no_signal"}}
2026-09-13 12:07:39,074 INFO request {"path": "/measure", "payload": {"arena_id": "default", "robot_id": "202601002029", "request_id": "c0f01ae4a99b4c29a7dc3019b8fd92ca", "position": {"x": -802.6270275583848, "y": 463.39693041970304}, "channel": 16}, "attempt": 1}
2026-09-13 12:07:39,075 INFO response {"request_id": "c0f01ae4a99b4c29a7dc3019b8fd92ca", "http_status": 200, "body": {"accepted": true, "real_timestamp_ms": 1789272455045, "virtual_time_s": 1179.153816, "measure_result": "no_signal"}}
2026-09-13 12:07:39,106 INFO request {"path": "/measure", "payload": {"arena_id": "default", "robot_id": "202601002029", "request_id": "ca6eeafda44f48e8b347965199108f21", "position": {"x": -802.6270275583848, "y": 463.39693041970304}, "channel": 17}, "attempt": 1}
2026-09-13 12:07:39,128 INFO response {"request_id": "ca6eeafda44f48e8b347965199108f21", "http_status": 200, "body": {"accepted": true, "real_timestamp_ms": 1789272455097, "virtual_time_s": 1185.153816, "measure_result": "no_signal"}}
2026-09-13 12:07:39,128 INFO request {"path": "/measure", "payload": {"arena_id": "default", "robot_id": "202601002029", "request_id": "a2058bdcedec476194ec537704a976da", "position": {"x": -802.6270275583848, "y": 463.39693041970304}, "channel": 20}, "attempt": 1}
2026-09-13 12:07:39,128 INFO response {"request_id": "a2058bdcedec476194ec537704a976da", "http_status": 200, "body": {"accepted": true, "real_timestamp_ms": 1789272455099, "virtual_time_s": 1191.153816, "measure_result": "no_signal"}}
2026-09-13 12:07:40,164 INFO request {"path": "/measure", "payload": {"arena_id": "default", "robot_id": "202601002029", "request_id": "1a48c48ad37f4e4ca59ab62507b8590e", "position": {"x": -926.7938608394055, "y": 1.1349951351463954e-13}, "channel": 20}, "attempt": 1}
2026-09-13 12:07:40,165 INFO response {"request_id": "1a48c48ad37f4e4ca59ab62507b8590e", "http_status": 200, "body": {"accepted": true, "real_timestamp_ms": 1789272456135, "virtual_time_s": 1292.102577, "measure_result": "no_signal"}}
2026-09-13 12:07:40,199 INFO request {"path": "/measure", "payload": {"arena_id": "default", "robot_id": "202601002029", "request_id": "fa380756b47e467b96738736d00f638d", "position": {"x": -926.7938608394055, "y": 1.1349951351463954e-13}, "channel": 2}, "attempt": 1}
2026-09-13 12:07:40,201 INFO response {"request_id": "fa380756b47e467b96738736d00f638d", "http_status": 200, "body": {"accepted": true, "real_timestamp_ms": 1789272456171, "virtual_time_s": 1298.102577, "measure_result": "no_signal"}}
2026-09-13 12:07:40,231 INFO request {"path": "/measure", "payload": {"arena_id": "default", "robot_id": "202601002029", "request_id": "a9585d2805724647a8a377d6f737d2d3", "position": {"x": -926.7938608394055, "y": 1.1349951351463954e-13}, "channel": 4}, "attempt": 1}
2026-09-13 12:07:40,234 INFO response {"request_id": "a9585d2805724647a8a377d6f737d2d3", "http_status": 200, "body": {"accepted": true, "real_timestamp_ms": 1789272456203, "virtual_time_s": 1304.102577, "measure_result": "no_signal"}}
2026-09-13 12:07:40,264 INFO request {"path": "/measure", "payload": {"arena_id": "default", "robot_id": "202601002029", "request_id": "3fbf9d8ee23d481ca471e03281add2f9", "position": {"x": -926.7938608394055, "y": 1.1349951351463954e-13}, "channel": 6}, "attempt": 1}
2026-09-13 12:07:40,266 INFO response {"request_id": "3fbf9d8ee23d481ca471e03281add2f9", "http_status": 200, "body": {"accepted": true, "real_timestamp_ms": 1789272456235, "virtual_time_s": 1310.102577, "measure_result": "no_signal"}}
2026-09-13 12:07:40,297 INFO request {"path": "/measure", "payload": {"arena_id": "default", "robot_id": "202601002029", "request_id": "c474f09233cd4a6298eb1f52556bb685", "position": {"x": -926.7938608394055, "y": 1.1349951351463954e-13}, "channel": 7}, "attempt": 1}
2026-09-13 12:07:40,310 INFO response {"request_id": "c474f09233cd4a6298eb1f52556bb685", "http_status": 200, "body": {"accepted": true, "real_timestamp_ms": 1789272456280, "virtual_time_s": 1316.102577, "measure_result": "no_signal"}}
2026-09-13 12:07:40,325 INFO request {"path": "/measure", "payload": {"arena_id": "default", "robot_id": "202601002029", "request_id": "fc49de60083148bbaeb35e380222757a", "position": {"x": -926.7938608394055, "y": 1.1349951351463954e-13}, "channel": 9}, "attempt": 1}
2026-09-13 12:07:40,341 INFO response {"request_id": "fc49de60083148bbaeb35e380222757a", "http_status": 200, "body": {"accepted": true, "real_timestamp_ms": 1789272456312, "virtual_time_s": 1322.102577, "measure_result": "no_signal"}}
2026-09-13 12:07:40,358 INFO request {"path": "/measure", "payload": {"arena_id": "default", "robot_id": "202601002029", "request_id": "3ef8a6b53b554464b9a681c7af755157", "position": {"x": -926.7938608394055, "y": 1.1349951351463954e-13}, "channel": 10}, "attempt": 1}
2026-09-13 12:07:40,358 INFO response {"request_id": "3ef8a6b53b554464b9a681c7af755157", "http_status": 200, "body": {"accepted": true, "real_timestamp_ms": 1789272456329, "virtual_time_s": 1328.102577, "measure_result": "no_signal"}}
2026-09-13 12:07:40,389 INFO request {"path": "/measure", "payload": {"arena_id": "default", "robot_id": "202601002029", "request_id": "3c0fadd1b9654ed0bdfc07edec3c0b29", "position": {"x": -926.7938608394055, "y": 1.1349951351463954e-13}, "channel": 12}, "attempt": 1}
2026-09-13 12:07:40,390 INFO response {"request_id": "3c0fadd1b9654ed0bdfc07edec3c0b29", "http_status": 200, "body": {"accepted": true, "real_timestamp_ms": 1789272456360, "virtual_time_s": 1334.102577, "measure_result": "no_signal"}}
2026-09-13 12:07:40,420 INFO request {"path": "/measure", "payload": {"arena_id": "default", "robot_id": "202601002029", "request_id": "6709b14676da4aa7b6de8aa2a0339926", "position": {"x": -926.7938608394055, "y": 1.1349951351463954e-13}, "channel": 13}, "attempt": 1}
2026-09-13 12:07:40,423 INFO response {"request_id": "6709b14676da4aa7b6de8aa2a0339926", "http_status": 200, "body": {"accepted": true, "real_timestamp_ms": 1789272456393, "virtual_time_s": 1340.102577, "measure_result": "no_signal"}}
2026-09-13 12:07:40,454 INFO request {"path": "/measure", "payload": {"arena_id": "default", "robot_id": "202601002029", "request_id": "81f3ba2b16654cc2acc9e57fb7aee77a", "position": {"x": -926.7938608394055, "y": 1.1349951351463954e-13}, "channel": 16}, "attempt": 1}
2026-09-13 12:07:40,480 INFO response {"request_id": "81f3ba2b16654cc2acc9e57fb7aee77a", "http_status": 200, "body": {"accepted": true, "real_timestamp_ms": 1789272456450, "virtual_time_s": 1346.102577, "measure_result": "no_signal"}}
2026-09-13 12:07:40,480 INFO request {"path": "/measure", "payload": {"arena_id": "default", "robot_id": "202601002029", "request_id": "7a5cd68310bd4e3f9d103ccf1a8fb7b9", "position": {"x": -926.7938608394055, "y": 1.1349951351463954e-13}, "channel": 17}, "attempt": 1}
2026-09-13 12:07:40,495 INFO response {"request_id": "7a5cd68310bd4e3f9d103ccf1a8fb7b9", "http_status": 200, "body": {"accepted": true, "real_timestamp_ms": 1789272456465, "virtual_time_s": 1352.102577, "measure_result": "no_signal"}}
2026-09-13 12:07:40,559 INFO request {"path": "/measure", "payload": {"arena_id": "default", "robot_id": "202601002029", "request_id": "2960a26970c74f08a9e42797fba03789", "position": {"x": -926.7938608394055, "y": 1.1349951351463954e-13}, "channel": 5}, "attempt": 1}
2026-09-13 12:07:40,560 INFO response {"request_id": "2960a26970c74f08a9e42797fba03789", "http_status": 200, "body": {"accepted": true, "real_timestamp_ms": 1789272456531, "virtual_time_s": 1358.102577, "measure_result": "direction", "svd_deg": 222.59}}
2026-09-13 12:07:40,595 INFO request {"path": "/measure", "payload": {"arena_id": "default", "robot_id": "202601002029", "request_id": "903f5f456a1842ccab80b0b4c0990522", "position": {"x": -926.7938608394055, "y": 1.1349951351463954e-13}, "channel": 11}, "attempt": 1}
2026-09-13 12:07:40,621 INFO response {"request_id": "903f5f456a1842ccab80b0b4c0990522", "http_status": 200, "body": {"accepted": true, "real_timestamp_ms": 1789272456591, "virtual_time_s": 1364.102577, "measure_result": "direction", "svd_deg": 230.3}}
2026-09-13 12:07:42,027 INFO request {"path": "/measure", "payload": {"arena_id": "default", "robot_id": "202601002029", "request_id": "d15c10e0d96b41838bf760d9b64eb9f0", "position": {"x": -802.6270275583852, "y": -463.39693041970247}, "channel": 2}, "attempt": 1}
2026-09-13 12:07:42,052 INFO response {"request_id": "d15c10e0d96b41838bf760d9b64eb9f0", "http_status": 200, "body": {"accepted": true, "real_timestamp_ms": 1789272458022, "virtual_time_s": 1466.051338, "measure_result": "no_signal"}}
2026-09-13 12:07:42,052 INFO request {"path": "/measure", "payload": {"arena_id": "default", "robot_id": "202601002029", "request_id": "dc3c7ecd858749b6b25d6d89f75b0ba4", "position": {"x": -802.6270275583852, "y": -463.39693041970247}, "channel": 4}, "attempt": 1}
2026-09-13 12:07:42,067 INFO response {"request_id": "dc3c7ecd858749b6b25d6d89f75b0ba4", "http_status": 200, "body": {"accepted": true, "real_timestamp_ms": 1789272458037, "virtual_time_s": 1472.051338, "measure_result": "no_signal"}}
2026-09-13 12:07:42,083 INFO request {"path": "/measure", "payload": {"arena_id": "default", "robot_id": "202601002029", "request_id": "429cc35da4d248caab3a5c03d878fd7b", "position": {"x": -802.6270275583852, "y": -463.39693041970247}, "channel": 6}, "attempt": 1}
2026-09-13 12:07:42,097 INFO response {"request_id": "429cc35da4d248caab3a5c03d878fd7b", "http_status": 200, "body": {"accepted": true, "real_timestamp_ms": 1789272458067, "virtual_time_s": 1478.051338, "measure_result": "no_signal"}}
2026-09-13 12:07:42,112 INFO request {"path": "/measure", "payload": {"arena_id": "default", "robot_id": "202601002029", "request_id": "2495ef816633460eb1e52ef3cb4ae8ae", "position": {"x": -802.6270275583852, "y": -463.39693041970247}, "channel": 7}, "attempt": 1}
2026-09-13 12:07:42,129 INFO response {"request_id": "2495ef816633460eb1e52ef3cb4ae8ae", "http_status": 200, "body": {"accepted": true, "real_timestamp_ms": 1789272458098, "virtual_time_s": 1484.051338, "measure_result": "no_signal"}}
2026-09-13 12:07:42,143 INFO request {"path": "/measure", "payload": {"arena_id": "default", "robot_id": "202601002029", "request_id": "5c8ced06c48647d1a9fe92ace2d933d4", "position": {"x": -802.6270275583852, "y": -463.39693041970247}, "channel": 9}, "attempt": 1}
2026-09-13 12:07:42,160 INFO response {"request_id": "5c8ced06c48647d1a9fe92ace2d933d4", "http_status": 200, "body": {"accepted": true, "real_timestamp_ms": 1789272458130, "virtual_time_s": 1490.051338, "measure_result": "direction", "svd_deg": 295.23}}
2026-09-13 12:07:42,178 INFO request {"path": "/measure", "payload": {"arena_id": "default", "robot_id": "202601002029", "request_id": "7a7546106bd742099dc9363bcd0c9543", "position": {"x": -802.6270275583852, "y": -463.39693041970247}, "channel": 10}, "attempt": 1}
2026-09-13 12:07:42,179 INFO response {"request_id": "7a7546106bd742099dc9363bcd0c9543", "http_status": 200, "body": {"accepted": true, "real_timestamp_ms": 1789272458149, "virtual_time_s": 1496.051338, "measure_result": "no_signal"}}
2026-09-13 12:07:42,211 INFO request {"path": "/measure", "payload": {"arena_id": "default", "robot_id": "202601002029", "request_id": "ad192ff27f5740a5ad1e0abd74797c2f", "position": {"x": -802.6270275583852, "y": -463.39693041970247}, "channel": 12}, "attempt": 1}
2026-09-13 12:07:42,224 INFO response {"request_id": "ad192ff27f5740a5ad1e0abd74797c2f", "http_status": 200, "body": {"accepted": true, "real_timestamp_ms": 1789272458193, "virtual_time_s": 1502.051338, "measure_result": "no_signal"}}
2026-09-13 12:07:42,239 INFO request {"path": "/measure", "payload": {"arena_id": "default", "robot_id": "202601002029", "request_id": "0c7ae1063a2f4c6e9d206e3079e553cd", "position": {"x": -802.6270275583852, "y": -463.39693041970247}, "channel": 13}, "attempt": 1}
2026-09-13 12:07:42,254 INFO response {"request_id": "0c7ae1063a2f4c6e9d206e3079e553cd", "http_status": 200, "body": {"accepted": true, "real_timestamp_ms": 1789272458224, "virtual_time_s": 1508.051338, "measure_result": "no_signal"}}
2026-09-13 12:07:42,269 INFO request {"path": "/measure", "payload": {"arena_id": "default", "robot_id": "202601002029", "request_id": "503d3576fc9f4e439f0f8cc5a76d085a", "position": {"x": -802.6270275583852, "y": -463.39693041970247}, "channel": 16}, "attempt": 1}
2026-09-13 12:07:42,271 INFO response {"request_id": "503d3576fc9f4e439f0f8cc5a76d085a", "http_status": 200, "body": {"accepted": true, "real_timestamp_ms": 1789272458241, "virtual_time_s": 1514.051338, "measure_result": "no_signal"}}
2026-09-13 12:07:42,302 INFO request {"path": "/measure", "payload": {"arena_id": "default", "robot_id": "202601002029", "request_id": "ea84ffd3d67e466494d192b491aff28f", "position": {"x": -802.6270275583852, "y": -463.39693041970247}, "channel": 17}, "attempt": 1}
2026-09-13 12:07:42,305 INFO response {"request_id": "ea84ffd3d67e466494d192b491aff28f", "http_status": 200, "body": {"accepted": true, "real_timestamp_ms": 1789272458274, "virtual_time_s": 1520.051338, "measure_result": "direction", "svd_deg": 115.24}}
2026-09-13 12:07:42,341 INFO request {"path": "/measure", "payload": {"arena_id": "default", "robot_id": "202601002029", "request_id": "5cbd13a031a5462d94b36898dcef3216", "position": {"x": -802.6270275583852, "y": -463.39693041970247}, "channel": 20}, "attempt": 1}
2026-09-13 12:07:42,343 INFO response {"request_id": "5cbd13a031a5462d94b36898dcef3216", "http_status": 200, "body": {"accepted": true, "real_timestamp_ms": 1789272458313, "virtual_time_s": 1526.051338, "measure_result": "no_signal"}}
2026-09-13 12:07:42,405 INFO request {"path": "/measure", "payload": {"arena_id": "default", "robot_id": "202601002029", "request_id": "8bb137c11546453bb2a3d805670e9e1c", "position": {"x": -802.6270275583852, "y": -463.39693041970247}, "channel": 5}, "attempt": 1}
2026-09-13 12:07:42,406 INFO response {"request_id": "8bb137c11546453bb2a3d805670e9e1c", "http_status": 200, "body": {"accepted": true, "real_timestamp_ms": 1789272458376, "virtual_time_s": 1532.051338, "measure_result": "direction", "svd_deg": 171.58}}
2026-09-13 12:07:42,424 INFO request {"path": "/measure", "payload": {"arena_id": "default", "robot_id": "202601002029", "request_id": "6dfd1d96e3e340cdbee440d3eeaee552", "position": {"x": -802.6270275583852, "y": -463.39693041970247}, "channel": 11}, "attempt": 1}
2026-09-13 12:07:42,426 INFO response {"request_id": "6dfd1d96e3e340cdbee440d3eeaee552", "http_status": 200, "body": {"accepted": true, "real_timestamp_ms": 1789272458396, "virtual_time_s": 1538.051338, "measure_result": "direction", "svd_deg": 151.13}}
2026-09-13 12:07:42,462 INFO request {"path": "/measure", "payload": {"arena_id": "default", "robot_id": "202601002029", "request_id": "037f3ec18d244004bf72179e30672b73", "position": {"x": -802.6270275583852, "y": -463.39693041970247}, "channel": 8}, "attempt": 1}
2026-09-13 12:07:42,464 INFO response {"request_id": "037f3ec18d244004bf72179e30672b73", "http_status": 200, "body": {"accepted": true, "real_timestamp_ms": 1789272458434, "virtual_time_s": 1544.051338, "measure_result": "no_signal"}}
2026-09-13 12:07:43,726 INFO request {"path": "/measure", "payload": {"arena_id": "default", "robot_id": "202601002029", "request_id": "f4af24ed968d40aca3025193d7ddda09", "position": {"x": -463.39693041970315, "y": -802.6270275583848}, "channel": 2}, "attempt": 1}
2026-09-13 12:07:43,727 INFO response {"request_id": "f4af24ed968d40aca3025193d7ddda09", "http_status": 200, "body": {"accepted": true, "real_timestamp_ms": 1789272459698, "virtual_time_s": 1646.000099, "measure_result": "no_signal"}}
2026-09-13 12:07:43,758 INFO request {"path": "/measure", "payload": {"arena_id": "default", "robot_id": "202601002029", "request_id": "93298651b1c94bf6bd34ed6626eb6898", "position": {"x": -463.39693041970315, "y": -802.6270275583848}, "channel": 4}, "attempt": 1}
2026-09-13 12:07:43,761 INFO response {"request_id": "93298651b1c94bf6bd34ed6626eb6898", "http_status": 200, "body": {"accepted": true, "real_timestamp_ms": 1789272459730, "virtual_time_s": 1652.000099, "measure_result": "no_signal"}}
2026-09-13 12:07:43,791 INFO request {"path": "/measure", "payload": {"arena_id": "default", "robot_id": "202601002029", "request_id": "8a79ce51cfa14b0294d9d437a869d1c1", "position": {"x": -463.39693041970315, "y": -802.6270275583848}, "channel": 6}, "attempt": 1}
2026-09-13 12:07:43,793 INFO response {"request_id": "8a79ce51cfa14b0294d9d437a869d1c1", "http_status": 200, "body": {"accepted": true, "real_timestamp_ms": 1789272459763, "virtual_time_s": 1658.000099, "measure_result": "no_signal"}}
2026-09-13 12:07:43,824 INFO request {"path": "/measure", "payload": {"arena_id": "default", "robot_id": "202601002029", "request_id": "b984d637d8494e338f6c7e33e23af86a", "position": {"x": -463.39693041970315, "y": -802.6270275583848}, "channel": 7}, "attempt": 1}
2026-09-13 12:07:43,826 INFO response {"request_id": "b984d637d8494e338f6c7e33e23af86a", "http_status": 200, "body": {"accepted": true, "real_timestamp_ms": 1789272459796, "virtual_time_s": 1664.000099, "measure_result": "no_signal"}}
2026-09-13 12:07:43,857 INFO request {"path": "/measure", "payload": {"arena_id": "default", "robot_id": "202601002029", "request_id": "b8f06a28e841407898292ad380b8e45f", "position": {"x": -463.39693041970315, "y": -802.6270275583848}, "channel": 10}, "attempt": 1}
2026-09-13 12:07:43,860 INFO response {"request_id": "b8f06a28e841407898292ad380b8e45f", "http_status": 200, "body": {"accepted": true, "real_timestamp_ms": 1789272459830, "virtual_time_s": 1670.000099, "measure_result": "no_signal"}}
2026-09-13 12:07:43,891 INFO request {"path": "/measure", "payload": {"arena_id": "default", "robot_id": "202601002029", "request_id": "c5ab50085cd34218b9bfa57b2dc2f9d0", "position": {"x": -463.39693041970315, "y": -802.6270275583848}, "channel": 12}, "attempt": 1}
2026-09-13 12:07:43,904 INFO response {"request_id": "c5ab50085cd34218b9bfa57b2dc2f9d0", "http_status": 200, "body": {"accepted": true, "real_timestamp_ms": 1789272459874, "virtual_time_s": 1676.000099, "measure_result": "no_signal"}}
2026-09-13 12:07:43,921 INFO request {"path": "/measure", "payload": {"arena_id": "default", "robot_id": "202601002029", "request_id": "72642a0834d645e3a83945697cd0d094", "position": {"x": -463.39693041970315, "y": -802.6270275583848}, "channel": 13}, "attempt": 1}
2026-09-13 12:07:43,936 INFO response {"request_id": "72642a0834d645e3a83945697cd0d094", "http_status": 200, "body": {"accepted": true, "real_timestamp_ms": 1789272459906, "virtual_time_s": 1682.000099, "measure_result": "no_signal"}}
2026-09-13 12:07:43,951 INFO request {"path": "/measure", "payload": {"arena_id": "default", "robot_id": "202601002029", "request_id": "89c347381c004038a45fa7fefb48e60e", "position": {"x": -463.39693041970315, "y": -802.6270275583848}, "channel": 16}, "attempt": 1}
2026-09-13 12:07:43,954 INFO response {"request_id": "89c347381c004038a45fa7fefb48e60e", "http_status": 200, "body": {"accepted": true, "real_timestamp_ms": 1789272459923, "virtual_time_s": 1688.000099, "measure_result": "no_signal"}}
2026-09-13 12:07:43,985 INFO request {"path": "/measure", "payload": {"arena_id": "default", "robot_id": "202601002029", "request_id": "9bd5e054c1c34e3b8351a078b66bf703", "position": {"x": -463.39693041970315, "y": -802.6270275583848}, "channel": 20}, "attempt": 1}
2026-09-13 12:07:43,987 INFO response {"request_id": "9bd5e054c1c34e3b8351a078b66bf703", "http_status": 200, "body": {"accepted": true, "real_timestamp_ms": 1789272459957, "virtual_time_s": 1694.000099, "measure_result": "no_signal"}}
2026-09-13 12:07:44,030 INFO request {"path": "/measure", "payload": {"arena_id": "default", "robot_id": "202601002029", "request_id": "a08cd4b7343b4352bde2b62f9e152580", "position": {"x": -463.39693041970315, "y": -802.6270275583848}, "channel": 9}, "attempt": 1}
2026-09-13 12:07:44,030 INFO response {"request_id": "a08cd4b7343b4352bde2b62f9e152580", "http_status": 200, "body": {"accepted": true, "real_timestamp_ms": 1789272460001, "virtual_time_s": 1700.000099, "measure_result": "direction", "svd_deg": 278.37}}
2026-09-13 12:07:45,209 INFO request {"path": "/measure", "payload": {"arena_id": "default", "robot_id": "202601002029", "request_id": "5b31b854a6fe4e2c89bc0e1f5766df64", "position": {"x": -1.702492702719593e-13, "y": -926.7938608394055}, "channel": 2}, "attempt": 1}
2026-09-13 12:07:45,210 INFO response {"request_id": "5b31b854a6fe4e2c89bc0e1f5766df64", "http_status": 200, "body": {"accepted": true, "real_timestamp_ms": 1789272461180, "virtual_time_s": 1801.94886, "measure_result": "no_signal"}}
2026-09-13 12:07:45,241 INFO request {"path": "/measure", "payload": {"arena_id": "default", "robot_id": "202601002029", "request_id": "1bb2f308fd764eb483053718c5975bf9", "position": {"x": -1.702492702719593e-13, "y": -926.7938608394055}, "channel": 4}, "attempt": 1}
2026-09-13 12:07:45,244 INFO response {"request_id": "1bb2f308fd764eb483053718c5975bf9", "http_status": 200, "body": {"accepted": true, "real_timestamp_ms": 1789272461213, "virtual_time_s": 1807.94886, "measure_result": "no_signal"}}
2026-09-13 12:07:45,275 INFO request {"path": "/measure", "payload": {"arena_id": "default", "robot_id": "202601002029", "request_id": "a13e9843b2bb41e7aea5499af79b2d53", "position": {"x": -1.702492702719593e-13, "y": -926.7938608394055}, "channel": 6}, "attempt": 1}
2026-09-13 12:07:45,277 INFO response {"request_id": "a13e9843b2bb41e7aea5499af79b2d53", "http_status": 200, "body": {"accepted": true, "real_timestamp_ms": 1789272461247, "virtual_time_s": 1813.94886, "measure_result": "direction", "svd_deg": 330.89}}
2026-09-13 12:07:45,314 INFO request {"path": "/measure", "payload": {"arena_id": "default", "robot_id": "202601002029", "request_id": "601be8cdf2d2450e8b41df61b11f4985", "position": {"x": -1.702492702719593e-13, "y": -926.7938608394055}, "channel": 7}, "attempt": 1}
2026-09-13 12:07:45,337 INFO response {"request_id": "601be8cdf2d2450e8b41df61b11f4985", "http_status": 200, "body": {"accepted": true, "real_timestamp_ms": 1789272461306, "virtual_time_s": 1819.94886, "measure_result": "no_signal"}}
2026-09-13 12:07:45,337 INFO request {"path": "/measure", "payload": {"arena_id": "default", "robot_id": "202601002029", "request_id": "e9900ddb551b4aab9261774090b12a47", "position": {"x": -1.702492702719593e-13, "y": -926.7938608394055}, "channel": 10}, "attempt": 1}
2026-09-13 12:07:45,339 INFO response {"request_id": "e9900ddb551b4aab9261774090b12a47", "http_status": 200, "body": {"accepted": true, "real_timestamp_ms": 1789272461309, "virtual_time_s": 1825.94886, "measure_result": "no_signal"}}
2026-09-13 12:07:45,371 INFO request {"path": "/measure", "payload": {"arena_id": "default", "robot_id": "202601002029", "request_id": "c13d6b3e759c4824b6275bfe7a030463", "position": {"x": -1.702492702719593e-13, "y": -926.7938608394055}, "channel": 12}, "attempt": 1}
2026-09-13 12:07:45,397 INFO response {"request_id": "c13d6b3e759c4824b6275bfe7a030463", "http_status": 200, "body": {"accepted": true, "real_timestamp_ms": 1789272461366, "virtual_time_s": 1831.94886, "measure_result": "no_signal"}}
2026-09-13 12:07:45,397 INFO request {"path": "/measure", "payload": {"arena_id": "default", "robot_id": "202601002029", "request_id": "c479a49013894d9798fc4cf8ca26f735", "position": {"x": -1.702492702719593e-13, "y": -926.7938608394055}, "channel": 13}, "attempt": 1}
2026-09-13 12:07:45,399 INFO response {"request_id": "c479a49013894d9798fc4cf8ca26f735", "http_status": 200, "body": {"accepted": true, "real_timestamp_ms": 1789272461369, "virtual_time_s": 1837.94886, "measure_result": "no_signal"}}
2026-09-13 12:07:45,430 INFO request {"path": "/measure", "payload": {"arena_id": "default", "robot_id": "202601002029", "request_id": "47f59aee0c404db283d6f76595ed4f2c", "position": {"x": -1.702492702719593e-13, "y": -926.7938608394055}, "channel": 16}, "attempt": 1}
2026-09-13 12:07:45,432 INFO response {"request_id": "47f59aee0c404db283d6f76595ed4f2c", "http_status": 200, "body": {"accepted": true, "real_timestamp_ms": 1789272461401, "virtual_time_s": 1843.94886, "measure_result": "no_signal"}}
2026-09-13 12:07:45,463 INFO request {"path": "/measure", "payload": {"arena_id": "default", "robot_id": "202601002029", "request_id": "827819d60d594d1cb2accc2bd86fe356", "position": {"x": -1.702492702719593e-13, "y": -926.7938608394055}, "channel": 20}, "attempt": 1}
2026-09-13 12:07:45,488 INFO response {"request_id": "827819d60d594d1cb2accc2bd86fe356", "http_status": 200, "body": {"accepted": true, "real_timestamp_ms": 1789272461458, "virtual_time_s": 1849.94886, "measure_result": "no_signal"}}
2026-09-13 12:07:45,559 INFO request {"path": "/measure", "payload": {"arena_id": "default", "robot_id": "202601002029", "request_id": "985db6554ad44062bb152b6a1281b456", "position": {"x": -1.702492702719593e-13, "y": -926.7938608394055}, "channel": 9}, "attempt": 1}
2026-09-13 12:07:45,560 INFO response {"request_id": "985db6554ad44062bb152b6a1281b456", "http_status": 200, "body": {"accepted": true, "real_timestamp_ms": 1789272461530, "virtual_time_s": 1855.94886, "measure_result": "direction", "svd_deg": 229.54}}
2026-09-13 12:07:47,503 INFO request {"path": "/measure", "payload": {"arena_id": "default", "robot_id": "202601002029", "request_id": "e1eabc961d0c4e57a011a8be96f65363", "position": {"x": 463.39693041970213, "y": -802.6270275583854}, "channel": 2}, "attempt": 1}
2026-09-13 12:07:47,506 INFO response {"request_id": "e1eabc961d0c4e57a011a8be96f65363", "http_status": 200, "body": {"accepted": true, "real_timestamp_ms": 1789272463475, "virtual_time_s": 1957.897621, "measure_result": "no_signal"}}
2026-09-13 12:07:47,538 INFO request {"path": "/measure", "payload": {"arena_id": "default", "robot_id": "202601002029", "request_id": "eaa1fad3902c4c3f9778a9bb42f70b1f", "position": {"x": 463.39693041970213, "y": -802.6270275583854}, "channel": 4}, "attempt": 1}
2026-09-13 12:07:47,541 INFO response {"request_id": "eaa1fad3902c4c3f9778a9bb42f70b1f", "http_status": 200, "body": {"accepted": true, "real_timestamp_ms": 1789272463510, "virtual_time_s": 1963.897621, "measure_result": "no_signal"}}
2026-09-13 12:07:47,572 INFO request {"path": "/measure", "payload": {"arena_id": "default", "robot_id": "202601002029", "request_id": "02210aababbb46f2975db7d6d70551c9", "position": {"x": 463.39693041970213, "y": -802.6270275583854}, "channel": 7}, "attempt": 1}
2026-09-13 12:07:47,575 INFO response {"request_id": "02210aababbb46f2975db7d6d70551c9", "http_status": 200, "body": {"accepted": true, "real_timestamp_ms": 1789272463544, "virtual_time_s": 1969.897621, "measure_result": "no_signal"}}
2026-09-13 12:07:47,606 INFO request {"path": "/measure", "payload": {"arena_id": "default", "robot_id": "202601002029", "request_id": "1af829c014a0437a80514b50898f5b5f", "position": {"x": 463.39693041970213, "y": -802.6270275583854}, "channel": 10}, "attempt": 1}
2026-09-13 12:07:47,607 INFO response {"request_id": "1af829c014a0437a80514b50898f5b5f", "http_status": 200, "body": {"accepted": true, "real_timestamp_ms": 1789272463577, "virtual_time_s": 1975.897621, "measure_result": "no_signal"}}
2026-09-13 12:07:47,639 INFO request {"path": "/measure", "payload": {"arena_id": "default", "robot_id": "202601002029", "request_id": "1c94e59b56d84fdb97584ebe1e2276e8", "position": {"x": 463.39693041970213, "y": -802.6270275583854}, "channel": 12}, "attempt": 1}
2026-09-13 12:07:47,655 INFO response {"request_id": "1c94e59b56d84fdb97584ebe1e2276e8", "http_status": 200, "body": {"accepted": true, "real_timestamp_ms": 1789272463624, "virtual_time_s": 1981.897621, "measure_result": "no_signal"}}
2026-09-13 12:07:47,670 INFO request {"path": "/measure", "payload": {"arena_id": "default", "robot_id": "202601002029", "request_id": "d45189fa8e1d47869ad384ca8acb3bc8", "position": {"x": 463.39693041970213, "y": -802.6270275583854}, "channel": 13}, "attempt": 1}
2026-09-13 12:07:47,685 INFO response {"request_id": "d45189fa8e1d47869ad384ca8acb3bc8", "http_status": 200, "body": {"accepted": true, "real_timestamp_ms": 1789272463654, "virtual_time_s": 1987.897621, "measure_result": "no_signal"}}
2026-09-13 12:07:47,700 INFO request {"path": "/measure", "payload": {"arena_id": "default", "robot_id": "202601002029", "request_id": "85d3a3388fdb448ca09acbee79f78ad0", "position": {"x": 463.39693041970213, "y": -802.6270275583854}, "channel": 16}, "attempt": 1}
2026-09-13 12:07:47,716 INFO response {"request_id": "85d3a3388fdb448ca09acbee79f78ad0", "http_status": 200, "body": {"accepted": true, "real_timestamp_ms": 1789272463686, "virtual_time_s": 1993.897621, "measure_result": "no_signal"}}
2026-09-13 12:07:47,732 INFO request {"path": "/measure", "payload": {"arena_id": "default", "robot_id": "202601002029", "request_id": "029133982e7845adb5256fe7d87835aa", "position": {"x": 463.39693041970213, "y": -802.6270275583854}, "channel": 20}, "attempt": 1}
2026-09-13 12:07:47,733 INFO response {"request_id": "029133982e7845adb5256fe7d87835aa", "http_status": 200, "body": {"accepted": true, "real_timestamp_ms": 1789272463703, "virtual_time_s": 1999.897621, "measure_result": "no_signal"}}
2026-09-13 12:07:47,795 INFO request {"path": "/measure", "payload": {"arena_id": "default", "robot_id": "202601002029", "request_id": "5f2b6686f5a24daa9efb2097dbc635e4", "position": {"x": 463.39693041970213, "y": -802.6270275583854}, "channel": 6}, "attempt": 1}
2026-09-13 12:07:47,797 INFO response {"request_id": "5f2b6686f5a24daa9efb2097dbc635e4", "http_status": 200, "body": {"accepted": true, "real_timestamp_ms": 1789272463767, "virtual_time_s": 2005.897621, "measure_result": "direction", "svd_deg": 301.95}}
2026-09-13 12:07:47,814 INFO request {"path": "/measure", "payload": {"arena_id": "default", "robot_id": "202601002029", "request_id": "192db77a974a4108b3064cc4ccdcd666", "position": {"x": 463.39693041970213, "y": -802.6270275583854}, "channel": 8}, "attempt": 1}
2026-09-13 12:07:47,825 INFO response {"request_id": "192db77a974a4108b3064cc4ccdcd666", "http_status": 200, "body": {"accepted": true, "real_timestamp_ms": 1789272463796, "virtual_time_s": 2011.897621, "measure_result": "no_signal"}}
2026-09-13 12:07:49,352 INFO request {"path": "/measure", "payload": {"arena_id": "default", "robot_id": "202601002029", "request_id": "1d01e54d26414e0790f34b0eaf805441", "position": {"x": 802.6270275583847, "y": -463.39693041970315}, "channel": 2}, "attempt": 1}
2026-09-13 12:07:49,353 INFO response {"request_id": "1d01e54d26414e0790f34b0eaf805441", "http_status": 200, "body": {"accepted": true, "real_timestamp_ms": 1789272465323, "virtual_time_s": 2113.846382, "measure_result": "no_signal"}}
2026-09-13 12:07:49,384 INFO request {"path": "/measure", "payload": {"arena_id": "default", "robot_id": "202601002029", "request_id": "9b45d11e181b4047bb1d9b34e212e27c", "position": {"x": 802.6270275583847, "y": -463.39693041970315}, "channel": 4}, "attempt": 1}
2026-09-13 12:07:49,386 INFO response {"request_id": "9b45d11e181b4047bb1d9b34e212e27c", "http_status": 200, "body": {"accepted": true, "real_timestamp_ms": 1789272465356, "virtual_time_s": 2119.846382, "measure_result": "no_signal"}}
2026-09-13 12:07:49,418 INFO request {"path": "/measure", "payload": {"arena_id": "default", "robot_id": "202601002029", "request_id": "0e5dee30d9f947628c7c8094f0cb570f", "position": {"x": 802.6270275583847, "y": -463.39693041970315}, "channel": 7}, "attempt": 1}
2026-09-13 12:07:49,419 INFO response {"request_id": "0e5dee30d9f947628c7c8094f0cb570f", "http_status": 200, "body": {"accepted": true, "real_timestamp_ms": 1789272465389, "virtual_time_s": 2125.846382, "measure_result": "no_signal"}}
2026-09-13 12:07:49,450 INFO request {"path": "/measure", "payload": {"arena_id": "default", "robot_id": "202601002029", "request_id": "865fa47b93134c4886c8eedf87bf93b6", "position": {"x": 802.6270275583847, "y": -463.39693041970315}, "channel": 10}, "attempt": 1}
2026-09-13 12:07:49,451 INFO response {"request_id": "865fa47b93134c4886c8eedf87bf93b6", "http_status": 200, "body": {"accepted": true, "real_timestamp_ms": 1789272465421, "virtual_time_s": 2131.846382, "measure_result": "no_signal"}}
2026-09-13 12:07:49,482 INFO request {"path": "/measure", "payload": {"arena_id": "default", "robot_id": "202601002029", "request_id": "7c8f366d0a6d41909dc11ad5e51ac46d", "position": {"x": 802.6270275583847, "y": -463.39693041970315}, "channel": 12}, "attempt": 1}
2026-09-13 12:07:49,496 INFO response {"request_id": "7c8f366d0a6d41909dc11ad5e51ac46d", "http_status": 200, "body": {"accepted": true, "real_timestamp_ms": 1789272465466, "virtual_time_s": 2137.846382, "measure_result": "no_signal"}}
2026-09-13 12:07:49,511 INFO request {"path": "/measure", "payload": {"arena_id": "default", "robot_id": "202601002029", "request_id": "8cc434b0b6364dca95f97e22d0b9eb9b", "position": {"x": 802.6270275583847, "y": -463.39693041970315}, "channel": 13}, "attempt": 1}
2026-09-13 12:07:49,527 INFO response {"request_id": "8cc434b0b6364dca95f97e22d0b9eb9b", "http_status": 200, "body": {"accepted": true, "real_timestamp_ms": 1789272465496, "virtual_time_s": 2143.846382, "measure_result": "no_signal"}}
2026-09-13 12:07:49,543 INFO request {"path": "/measure", "payload": {"arena_id": "default", "robot_id": "202601002029", "request_id": "5534f0e60f81476996a5668d1e5be505", "position": {"x": 802.6270275583847, "y": -463.39693041970315}, "channel": 16}, "attempt": 1}
2026-09-13 12:07:49,560 INFO response {"request_id": "5534f0e60f81476996a5668d1e5be505", "http_status": 200, "body": {"accepted": true, "real_timestamp_ms": 1789272465529, "virtual_time_s": 2149.846382, "measure_result": "no_signal"}}
2026-09-13 12:07:49,574 INFO request {"path": "/measure", "payload": {"arena_id": "default", "robot_id": "202601002029", "request_id": "fccf2924b6bb40b6b9c54d302af137c9", "position": {"x": 802.6270275583847, "y": -463.39693041970315}, "channel": 20}, "attempt": 1}
2026-09-13 12:07:49,591 INFO response {"request_id": "fccf2924b6bb40b6b9c54d302af137c9", "http_status": 200, "body": {"accepted": true, "real_timestamp_ms": 1789272465560, "virtual_time_s": 2155.846382, "measure_result": "no_signal"}}
2026-09-13 12:07:49,665 INFO request {"path": "/measure", "payload": {"arena_id": "default", "robot_id": "202601002029", "request_id": "b234529acab6436fad7cb7c06330457f", "position": {"x": 802.6270275583847, "y": -463.39693041970315}, "channel": 6}, "attempt": 1}
2026-09-13 12:07:49,665 INFO response {"request_id": "b234529acab6436fad7cb7c06330457f", "http_status": 200, "body": {"accepted": true, "real_timestamp_ms": 1789272465636, "virtual_time_s": 2161.846382, "measure_result": "direction", "svd_deg": 270.64}}
2026-09-13 12:07:51,198 INFO request {"path": "/measure", "payload": {"arena_id": "default", "robot_id": "202601002029", "request_id": "fcec9811f0ce485c8101212ac0de3d67", "position": {"x": 926.7938608394055, "y": 0.0}, "channel": 2}, "attempt": 1}
2026-09-13 12:07:51,200 INFO response {"request_id": "fcec9811f0ce485c8101212ac0de3d67", "http_status": 200, "body": {"accepted": true, "real_timestamp_ms": 1789272467170, "virtual_time_s": 2263.795143, "measure_result": "no_signal"}}
2026-09-13 12:07:51,231 INFO request {"path": "/measure", "payload": {"arena_id": "default", "robot_id": "202601002029", "request_id": "36105181d5d241cf8a3ab638d61ed47b", "position": {"x": 926.7938608394055, "y": 0.0}, "channel": 4}, "attempt": 1}
2026-09-13 12:07:51,233 INFO response {"request_id": "36105181d5d241cf8a3ab638d61ed47b", "http_status": 200, "body": {"accepted": true, "real_timestamp_ms": 1789272467203, "virtual_time_s": 2269.795143, "measure_result": "no_signal"}}
2026-09-13 12:07:51,264 INFO request {"path": "/measure", "payload": {"arena_id": "default", "robot_id": "202601002029", "request_id": "0fa2d87537ea4540acc4970c8fa0ec9d", "position": {"x": 926.7938608394055, "y": 0.0}, "channel": 7}, "attempt": 1}
2026-09-13 12:07:51,281 INFO response {"request_id": "0fa2d87537ea4540acc4970c8fa0ec9d", "http_status": 200, "body": {"accepted": true, "real_timestamp_ms": 1789272467250, "virtual_time_s": 2275.795143, "measure_result": "no_signal"}}
2026-09-13 12:07:51,296 INFO request {"path": "/measure", "payload": {"arena_id": "default", "robot_id": "202601002029", "request_id": "50ee382a34e04cd5aea5e1eb026f17d3", "position": {"x": 926.7938608394055, "y": 0.0}, "channel": 10}, "attempt": 1}
2026-09-13 12:07:51,298 INFO response {"request_id": "50ee382a34e04cd5aea5e1eb026f17d3", "http_status": 200, "body": {"accepted": true, "real_timestamp_ms": 1789272467268, "virtual_time_s": 2281.795143, "measure_result": "no_signal"}}
2026-09-13 12:07:51,329 INFO request {"path": "/measure", "payload": {"arena_id": "default", "robot_id": "202601002029", "request_id": "2620e43715504f66a6f548b5799cb0fa", "position": {"x": 926.7938608394055, "y": 0.0}, "channel": 12}, "attempt": 1}
2026-09-13 12:07:51,331 INFO response {"request_id": "2620e43715504f66a6f548b5799cb0fa", "http_status": 200, "body": {"accepted": true, "real_timestamp_ms": 1789272467300, "virtual_time_s": 2287.795143, "measure_result": "no_signal"}}
2026-09-13 12:07:51,346 INFO request {"path": "/measure", "payload": {"arena_id": "default", "robot_id": "202601002029", "request_id": "81f874277e7d4707b4c5ce42f34940be", "position": {"x": 926.7938608394055, "y": 0.0}, "channel": 13}, "attempt": 1}
2026-09-13 12:07:51,374 INFO response {"request_id": "81f874277e7d4707b4c5ce42f34940be", "http_status": 200, "body": {"accepted": true, "real_timestamp_ms": 1789272467343, "virtual_time_s": 2293.795143, "measure_result": "no_signal"}}
2026-09-13 12:07:51,375 INFO request {"path": "/measure", "payload": {"arena_id": "default", "robot_id": "202601002029", "request_id": "48da97603e53498a96c7bfc5ffa9bd73", "position": {"x": 926.7938608394055, "y": 0.0}, "channel": 16}, "attempt": 1}
2026-09-13 12:07:51,377 INFO response {"request_id": "48da97603e53498a96c7bfc5ffa9bd73", "http_status": 200, "body": {"accepted": true, "real_timestamp_ms": 1789272467346, "virtual_time_s": 2299.795143, "measure_result": "no_signal"}}
2026-09-13 12:07:51,392 INFO request {"path": "/measure", "payload": {"arena_id": "default", "robot_id": "202601002029", "request_id": "d218e08f38df4125a130fc815ba2adb9", "position": {"x": 926.7938608394055, "y": 0.0}, "channel": 20}, "attempt": 1}
2026-09-13 12:07:51,404 INFO response {"request_id": "d218e08f38df4125a130fc815ba2adb9", "http_status": 200, "body": {"accepted": true, "real_timestamp_ms": 1789272467374, "virtual_time_s": 2305.795143, "measure_result": "no_signal"}}
2026-09-13 12:07:51,490 INFO request {"path": "/measure", "payload": {"arena_id": "default", "robot_id": "202601002029", "request_id": "d45730c331a847c7886440cf34ab65ff", "position": {"x": 926.7938608394055, "y": 0.0}, "channel": 18}, "attempt": 1}
2026-09-13 12:07:51,493 INFO response {"request_id": "d45730c331a847c7886440cf34ab65ff", "http_status": 200, "body": {"accepted": true, "real_timestamp_ms": 1789272467463, "virtual_time_s": 2311.795143, "measure_result": "direction", "svd_deg": 66.39}}
2026-09-13 12:07:53,247 INFO request {"path": "/measure", "payload": {"arena_id": "default", "robot_id": "202601002029", "request_id": "0a77a4d2ae3a4ed4b16b267e830347f6", "position": {"x": 1802.0, "y": 482.84444476088305}, "channel": 2}, "attempt": 1}
2026-09-13 12:07:53,249 INFO response {"request_id": "0a77a4d2ae3a4ed4b16b267e830347f6", "http_status": 200, "body": {"accepted": true, "real_timestamp_ms": 1789272469219, "virtual_time_s": 2517.707578, "measure_result": "no_signal"}}
2026-09-13 12:07:53,280 INFO request {"path": "/measure", "payload": {"arena_id": "default", "robot_id": "202601002029", "request_id": "6b110c28059c4a98afa3893615b7616e", "position": {"x": 1802.0, "y": 482.84444476088305}, "channel": 4}, "attempt": 1}
2026-09-13 12:07:53,300 INFO response {"request_id": "6b110c28059c4a98afa3893615b7616e", "http_status": 200, "body": {"accepted": true, "real_timestamp_ms": 1789272469270, "virtual_time_s": 2523.707578, "measure_result": "no_signal"}}
2026-09-13 12:07:53,301 INFO request {"path": "/measure", "payload": {"arena_id": "default", "robot_id": "202601002029", "request_id": "aa021f2fc87a4285b37485c2bdeda60a", "position": {"x": 1802.0, "y": 482.84444476088305}, "channel": 7}, "attempt": 1}
2026-09-13 12:07:53,316 INFO response {"request_id": "aa021f2fc87a4285b37485c2bdeda60a", "http_status": 200, "body": {"accepted": true, "real_timestamp_ms": 1789272469286, "virtual_time_s": 2529.707578, "measure_result": "no_signal"}}
2026-09-13 12:07:53,332 INFO request {"path": "/measure", "payload": {"arena_id": "default", "robot_id": "202601002029", "request_id": "7efaae7ff8d645178218f1a5d0f08d5c", "position": {"x": 1802.0, "y": 482.84444476088305}, "channel": 10}, "attempt": 1}
2026-09-13 12:07:53,334 INFO response {"request_id": "7efaae7ff8d645178218f1a5d0f08d5c", "http_status": 200, "body": {"accepted": true, "real_timestamp_ms": 1789272469303, "virtual_time_s": 2535.707578, "measure_result": "no_signal"}}
2026-09-13 12:07:53,365 INFO request {"path": "/measure", "payload": {"arena_id": "default", "robot_id": "202601002029", "request_id": "0bbc7cd89fcf43bc9304629b1e52975a", "position": {"x": 1802.0, "y": 482.84444476088305}, "channel": 12}, "attempt": 1}
2026-09-13 12:07:53,378 INFO response {"request_id": "0bbc7cd89fcf43bc9304629b1e52975a", "http_status": 200, "body": {"accepted": true, "real_timestamp_ms": 1789272469348, "virtual_time_s": 2541.707578, "measure_result": "no_signal"}}
2026-09-13 12:07:53,394 INFO request {"path": "/measure", "payload": {"arena_id": "default", "robot_id": "202601002029", "request_id": "c3ed512c4efa4e46a45455c3191b0a8f", "position": {"x": 1802.0, "y": 482.84444476088305}, "channel": 13}, "attempt": 1}
2026-09-13 12:07:53,395 INFO response {"request_id": "c3ed512c4efa4e46a45455c3191b0a8f", "http_status": 200, "body": {"accepted": true, "real_timestamp_ms": 1789272469365, "virtual_time_s": 2547.707578, "measure_result": "no_signal"}}
2026-09-13 12:07:53,426 INFO request {"path": "/measure", "payload": {"arena_id": "default", "robot_id": "202601002029", "request_id": "40233d7456394cf299f84077cd8fd10f", "position": {"x": 1802.0, "y": 482.84444476088305}, "channel": 16}, "attempt": 1}
2026-09-13 12:07:53,442 INFO response {"request_id": "40233d7456394cf299f84077cd8fd10f", "http_status": 200, "body": {"accepted": true, "real_timestamp_ms": 1789272469412, "virtual_time_s": 2553.707578, "measure_result": "no_signal"}}
2026-09-13 12:07:53,458 INFO request {"path": "/measure", "payload": {"arena_id": "default", "robot_id": "202601002029", "request_id": "b2d407c132814dfe81fab48720e6aa5f", "position": {"x": 1802.0, "y": 482.84444476088305}, "channel": 20}, "attempt": 1}
2026-09-13 12:07:53,459 INFO response {"request_id": "b2d407c132814dfe81fab48720e6aa5f", "http_status": 200, "body": {"accepted": true, "real_timestamp_ms": 1789272469429, "virtual_time_s": 2559.707578, "measure_result": "no_signal"}}
2026-09-13 12:07:53,499 INFO request {"path": "/measure", "payload": {"arena_id": "default", "robot_id": "202601002029", "request_id": "3af2444b6a704d4aa6547e463ee29f11", "position": {"x": 1802.0, "y": 482.84444476088305}, "channel": 18}, "attempt": 1}
2026-09-13 12:07:53,522 INFO response {"request_id": "3af2444b6a704d4aa6547e463ee29f11", "http_status": 200, "body": {"accepted": true, "real_timestamp_ms": 1789272469491, "virtual_time_s": 2565.707578, "measure_result": "no_signal"}}
2026-09-13 12:07:55,247 INFO request {"path": "/measure", "payload": {"arena_id": "default", "robot_id": "202601002029", "request_id": "a1fd9d9b162846dd908505067f39327a", "position": {"x": 1801.9999999999995, "y": -482.84444476088464}, "channel": 2}, "attempt": 1}
2026-09-13 12:07:55,248 INFO response {"request_id": "a1fd9d9b162846dd908505067f39327a", "http_status": 200, "body": {"accepted": true, "real_timestamp_ms": 1789272471218, "virtual_time_s": 2764.845356, "measure_result": "no_signal"}}
2026-09-13 12:07:55,279 INFO request {"path": "/measure", "payload": {"arena_id": "default", "robot_id": "202601002029", "request_id": "bf212b0dc4794152a97b4e6af4f2520b", "position": {"x": 1801.9999999999995, "y": -482.84444476088464}, "channel": 4}, "attempt": 1}
2026-09-13 12:07:55,287 INFO response {"request_id": "bf212b0dc4794152a97b4e6af4f2520b", "http_status": 200, "body": {"accepted": true, "real_timestamp_ms": 1789272471257, "virtual_time_s": 2770.845356, "measure_result": "no_signal"}}
2026-09-13 12:07:55,302 INFO request {"path": "/measure", "payload": {"arena_id": "default", "robot_id": "202601002029", "request_id": "87a452007e544839aaf749a24cbcf43e", "position": {"x": 1801.9999999999995, "y": -482.84444476088464}, "channel": 7}, "attempt": 1}
2026-09-13 12:07:55,306 INFO response {"request_id": "87a452007e544839aaf749a24cbcf43e", "http_status": 200, "body": {"accepted": true, "real_timestamp_ms": 1789272471275, "virtual_time_s": 2776.845356, "measure_result": "no_signal"}}
2026-09-13 12:07:55,336 INFO request {"path": "/measure", "payload": {"arena_id": "default", "robot_id": "202601002029", "request_id": "b4ea8b19e76448e1bde8e2a4df4dd5ad", "position": {"x": 1801.9999999999995, "y": -482.84444476088464}, "channel": 10}, "attempt": 1}
2026-09-13 12:07:55,356 INFO response {"request_id": "b4ea8b19e76448e1bde8e2a4df4dd5ad", "http_status": 200, "body": {"accepted": true, "real_timestamp_ms": 1789272471326, "virtual_time_s": 2782.845356, "measure_result": "no_signal"}}
2026-09-13 12:07:55,373 INFO request {"path": "/measure", "payload": {"arena_id": "default", "robot_id": "202601002029", "request_id": "2fe945dcd8c4484fa7fd765d7e01a7a1", "position": {"x": 1801.9999999999995, "y": -482.84444476088464}, "channel": 12}, "attempt": 1}
2026-09-13 12:07:55,375 INFO response {"request_id": "2fe945dcd8c4484fa7fd765d7e01a7a1", "http_status": 200, "body": {"accepted": true, "real_timestamp_ms": 1789272471345, "virtual_time_s": 2788.845356, "measure_result": "no_signal"}}
2026-09-13 12:07:55,406 INFO request {"path": "/measure", "payload": {"arena_id": "default", "robot_id": "202601002029", "request_id": "1ff435cf25e94c00ac29eb0ac6cd6104", "position": {"x": 1801.9999999999995, "y": -482.84444476088464}, "channel": 13}, "attempt": 1}
2026-09-13 12:07:55,408 INFO response {"request_id": "1ff435cf25e94c00ac29eb0ac6cd6104", "http_status": 200, "body": {"accepted": true, "real_timestamp_ms": 1789272471377, "virtual_time_s": 2794.845356, "measure_result": "no_signal"}}
2026-09-13 12:07:55,439 INFO request {"path": "/measure", "payload": {"arena_id": "default", "robot_id": "202601002029", "request_id": "38d459b8a4cc48cba21a6ce9df7d8934", "position": {"x": 1801.9999999999995, "y": -482.84444476088464}, "channel": 16}, "attempt": 1}
2026-09-13 12:07:55,463 INFO response {"request_id": "38d459b8a4cc48cba21a6ce9df7d8934", "http_status": 200, "body": {"accepted": true, "real_timestamp_ms": 1789272471434, "virtual_time_s": 2800.845356, "measure_result": "no_signal"}}
2026-09-13 12:07:55,463 INFO request {"path": "/measure", "payload": {"arena_id": "default", "robot_id": "202601002029", "request_id": "65ebbaf4d88546d291e21f92896a0f9f", "position": {"x": 1801.9999999999995, "y": -482.84444476088464}, "channel": 20}, "attempt": 1}
2026-09-13 12:07:55,466 INFO response {"request_id": "65ebbaf4d88546d291e21f92896a0f9f", "http_status": 200, "body": {"accepted": true, "real_timestamp_ms": 1789272471436, "virtual_time_s": 2806.845356, "measure_result": "no_signal"}}
2026-09-13 12:07:57,525 INFO request {"path": "/measure", "payload": {"arena_id": "default", "robot_id": "202601002029", "request_id": "d6a588a6da6348f28693b0c4bcd8d039", "position": {"x": 1319.1555552391164, "y": -1319.1555552391171}, "channel": 20}, "attempt": 1}
2026-09-13 12:07:57,528 INFO response {"request_id": "d6a588a6da6348f28693b0c4bcd8d039", "http_status": 200, "body": {"accepted": true, "real_timestamp_ms": 1789272473498, "virtual_time_s": 3004.983134, "measure_result": "no_signal"}}
2026-09-13 12:07:57,559 INFO request {"path": "/measure", "payload": {"arena_id": "default", "robot_id": "202601002029", "request_id": "752db66f614740e3a985712691957b7f", "position": {"x": 1319.1555552391164, "y": -1319.1555552391171}, "channel": 2}, "attempt": 1}
2026-09-13 12:07:57,576 INFO response {"request_id": "752db66f614740e3a985712691957b7f", "http_status": 200, "body": {"accepted": true, "real_timestamp_ms": 1789272473545, "virtual_time_s": 3010.983134, "measure_result": "no_signal"}}
2026-09-13 12:07:57,592 INFO request {"path": "/measure", "payload": {"arena_id": "default", "robot_id": "202601002029", "request_id": "e6c60a67bd2249e78c00647c823d96c1", "position": {"x": 1319.1555552391164, "y": -1319.1555552391171}, "channel": 4}, "attempt": 1}
2026-09-13 12:07:57,607 INFO response {"request_id": "e6c60a67bd2249e78c00647c823d96c1", "http_status": 200, "body": {"accepted": true, "real_timestamp_ms": 1789272473575, "virtual_time_s": 3016.983134, "measure_result": "no_signal"}}
2026-09-13 12:07:57,623 INFO request {"path": "/measure", "payload": {"arena_id": "default", "robot_id": "202601002029", "request_id": "628bd7d2f1c24ba4bcb4c4127ca53369", "position": {"x": 1319.1555552391164, "y": -1319.1555552391171}, "channel": 7}, "attempt": 1}
2026-09-13 12:07:57,637 INFO response {"request_id": "628bd7d2f1c24ba4bcb4c4127ca53369", "http_status": 200, "body": {"accepted": true, "real_timestamp_ms": 1789272473606, "virtual_time_s": 3022.983134, "measure_result": "no_signal"}}
2026-09-13 12:07:57,652 INFO request {"path": "/measure", "payload": {"arena_id": "default", "robot_id": "202601002029", "request_id": "18b96e6c1a4a40d0893b69d15c56aa03", "position": {"x": 1319.1555552391164, "y": -1319.1555552391171}, "channel": 10}, "attempt": 1}
2026-09-13 12:07:57,655 INFO response {"request_id": "18b96e6c1a4a40d0893b69d15c56aa03", "http_status": 200, "body": {"accepted": true, "real_timestamp_ms": 1789272473625, "virtual_time_s": 3028.983134, "measure_result": "no_signal"}}
2026-09-13 12:07:57,687 INFO request {"path": "/measure", "payload": {"arena_id": "default", "robot_id": "202601002029", "request_id": "9e7993d52693404d8546c481d6b68175", "position": {"x": 1319.1555552391164, "y": -1319.1555552391171}, "channel": 12}, "attempt": 1}
2026-09-13 12:07:57,713 INFO response {"request_id": "9e7993d52693404d8546c481d6b68175", "http_status": 200, "body": {"accepted": true, "real_timestamp_ms": 1789272473683, "virtual_time_s": 3034.983134, "measure_result": "no_signal"}}
2026-09-13 12:07:57,715 INFO request {"path": "/measure", "payload": {"arena_id": "default", "robot_id": "202601002029", "request_id": "8c6cf5d2304c466bb399bbc3c2d89f65", "position": {"x": 1319.1555552391164, "y": -1319.1555552391171}, "channel": 13}, "attempt": 1}
2026-09-13 12:07:57,718 INFO response {"request_id": "8c6cf5d2304c466bb399bbc3c2d89f65", "http_status": 200, "body": {"accepted": true, "real_timestamp_ms": 1789272473687, "virtual_time_s": 3040.983134, "measure_result": "no_signal"}}
2026-09-13 12:07:57,749 INFO request {"path": "/measure", "payload": {"arena_id": "default", "robot_id": "202601002029", "request_id": "90ab53e491ae48bda9c2593dcde22fe4", "position": {"x": 1319.1555552391164, "y": -1319.1555552391171}, "channel": 16}, "attempt": 1}
2026-09-13 12:07:57,775 INFO response {"request_id": "90ab53e491ae48bda9c2593dcde22fe4", "http_status": 200, "body": {"accepted": true, "real_timestamp_ms": 1789272473744, "virtual_time_s": 3046.983134, "measure_result": "no_signal"}}
2026-09-13 12:07:57,901 INFO request {"path": "/measure", "payload": {"arena_id": "default", "robot_id": "202601002029", "request_id": "c57cc5c5a5fb4bb18e34cd4d15abb729", "position": {"x": 1319.1555552391164, "y": -1319.1555552391171}, "channel": 6}, "attempt": 1}
2026-09-13 12:07:57,913 INFO response {"request_id": "c57cc5c5a5fb4bb18e34cd4d15abb729", "http_status": 200, "body": {"accepted": true, "real_timestamp_ms": 1789272473883, "virtual_time_s": 3052.983134, "measure_result": "direction", "svd_deg": 185.84}}
2026-09-13 12:07:58,946 INFO request {"path": "/clear", "payload": {"arena_id": "default", "robot_id": "202601002029", "request_id": "1fcc62e993ac4c26a5f632c80ec02f5a", "position": {"x": 814.1715832093813, "y": -1370.563834678447}, "channel": 6}, "attempt": 1}
2026-09-13 12:07:58,994 INFO response {"request_id": "1fcc62e993ac4c26a5f632c80ec02f5a", "http_status": 200, "body": {"accepted": true, "real_timestamp_ms": 1789272474962, "virtual_time_s": 3159.501925, "clear_result": "success"}}
2026-09-13 12:07:59,081 INFO request {"path": "/measure", "payload": {"arena_id": "default", "robot_id": "202601002029", "request_id": "338383a7333f4206aa8c44e4414cd848", "position": {"x": 482.84444476088225, "y": -1802.0000000000002}, "channel": 2}, "attempt": 1}
2026-09-13 12:07:59,098 INFO response {"request_id": "338383a7333f4206aa8c44e4414cd848", "http_status": 200, "body": {"accepted": true, "real_timestamp_ms": 1789272475067, "virtual_time_s": 3274.298035, "measure_result": "no_signal"}}
2026-09-13 12:07:59,114 INFO request {"path": "/measure", "payload": {"arena_id": "default", "robot_id": "202601002029", "request_id": "1a6f78fb239b4ef78c06394ecd194db7", "position": {"x": 482.84444476088225, "y": -1802.0000000000002}, "channel": 4}, "attempt": 1}
2026-09-13 12:07:59,129 INFO response {"request_id": "1a6f78fb239b4ef78c06394ecd194db7", "http_status": 200, "body": {"accepted": true, "real_timestamp_ms": 1789272475098, "virtual_time_s": 3280.298035, "measure_result": "no_signal"}}
2026-09-13 12:07:59,144 INFO request {"path": "/measure", "payload": {"arena_id": "default", "robot_id": "202601002029", "request_id": "c3ff0b6a907a4754bb03ab257f1a2370", "position": {"x": 482.84444476088225, "y": -1802.0000000000002}, "channel": 7}, "attempt": 1}
2026-09-13 12:07:59,147 INFO response {"request_id": "c3ff0b6a907a4754bb03ab257f1a2370", "http_status": 200, "body": {"accepted": true, "real_timestamp_ms": 1789272475116, "virtual_time_s": 3286.298035, "measure_result": "no_signal"}}
2026-09-13 12:07:59,178 INFO request {"path": "/measure", "payload": {"arena_id": "default", "robot_id": "202601002029", "request_id": "1d16a76b38a44148978f297e2d8d624f", "position": {"x": 482.84444476088225, "y": -1802.0000000000002}, "channel": 10}, "attempt": 1}
2026-09-13 12:07:59,189 INFO response {"request_id": "1d16a76b38a44148978f297e2d8d624f", "http_status": 200, "body": {"accepted": true, "real_timestamp_ms": 1789272475155, "virtual_time_s": 3292.298035, "measure_result": "no_signal"}}
2026-09-13 12:07:59,206 INFO request {"path": "/measure", "payload": {"arena_id": "default", "robot_id": "202601002029", "request_id": "a9e97c68925041519fa95b5804253462", "position": {"x": 482.84444476088225, "y": -1802.0000000000002}, "channel": 12}, "attempt": 1}
2026-09-13 12:07:59,208 INFO response {"request_id": "a9e97c68925041519fa95b5804253462", "http_status": 200, "body": {"accepted": true, "real_timestamp_ms": 1789272475178, "virtual_time_s": 3298.298035, "measure_result": "no_signal"}}
2026-09-13 12:07:59,239 INFO request {"path": "/measure", "payload": {"arena_id": "default", "robot_id": "202601002029", "request_id": "6177a11dd7724bfe9ba31e1e6db190f6", "position": {"x": 482.84444476088225, "y": -1802.0000000000002}, "channel": 13}, "attempt": 1}
2026-09-13 12:07:59,243 INFO response {"request_id": "6177a11dd7724bfe9ba31e1e6db190f6", "http_status": 200, "body": {"accepted": true, "real_timestamp_ms": 1789272475212, "virtual_time_s": 3304.298035, "measure_result": "direction", "svd_deg": 165.81}}
2026-09-13 12:07:59,281 INFO request {"path": "/measure", "payload": {"arena_id": "default", "robot_id": "202601002029", "request_id": "6e962373e2964b31ac13c9d9055cd64b", "position": {"x": 482.84444476088225, "y": -1802.0000000000002}, "channel": 16}, "attempt": 1}
2026-09-13 12:07:59,298 INFO response {"request_id": "6e962373e2964b31ac13c9d9055cd64b", "http_status": 200, "body": {"accepted": true, "real_timestamp_ms": 1789272475268, "virtual_time_s": 3310.298035, "measure_result": "no_signal"}}
2026-09-13 12:07:59,313 INFO request {"path": "/measure", "payload": {"arena_id": "default", "robot_id": "202601002029", "request_id": "8da71d0be5c2498c8a7604afe8239c8b", "position": {"x": 482.84444476088225, "y": -1802.0000000000002}, "channel": 20}, "attempt": 1}
2026-09-13 12:07:59,329 INFO response {"request_id": "8da71d0be5c2498c8a7604afe8239c8b", "http_status": 200, "body": {"accepted": true, "real_timestamp_ms": 1789272475298, "virtual_time_s": 3316.298035, "measure_result": "no_signal"}}
2026-09-13 12:07:59,442 INFO request {"path": "/measure", "payload": {"arena_id": "default", "robot_id": "202601002029", "request_id": "08a248f0409f482dbf1f824ce23a7d03", "position": {"x": 482.84444476088225, "y": -1802.0000000000002}, "channel": 9}, "attempt": 1}
2026-09-13 12:07:59,469 INFO response {"request_id": "08a248f0409f482dbf1f824ce23a7d03", "http_status": 200, "body": {"accepted": true, "real_timestamp_ms": 1789272475438, "virtual_time_s": 3322.298035, "measure_result": "direction", "svd_deg": 154.48}}
2026-09-13 12:08:01,192 INFO request {"path": "/measure", "payload": {"arena_id": "default", "robot_id": "202601002029", "request_id": "f857df9f66c3442fb4dd8a8148b635d7", "position": {"x": -482.8444447608845, "y": -1801.9999999999995}, "channel": 2}, "attempt": 1}
2026-09-13 12:08:01,195 INFO response {"request_id": "f857df9f66c3442fb4dd8a8148b635d7", "http_status": 200, "body": {"accepted": true, "real_timestamp_ms": 1789272477164, "virtual_time_s": 3521.435813, "measure_result": "no_signal"}}
2026-09-13 12:08:01,226 INFO request {"path": "/measure", "payload": {"arena_id": "default", "robot_id": "202601002029", "request_id": "763a8a9d548540d280a556a6ef4cbdea", "position": {"x": -482.8444447608845, "y": -1801.9999999999995}, "channel": 4}, "attempt": 1}
2026-09-13 12:08:01,258 INFO response {"request_id": "763a8a9d548540d280a556a6ef4cbdea", "http_status": 200, "body": {"accepted": true, "real_timestamp_ms": 1789272477227, "virtual_time_s": 3527.435813, "measure_result": "no_signal"}}
2026-09-13 12:08:01,258 INFO request {"path": "/measure", "payload": {"arena_id": "default", "robot_id": "202601002029", "request_id": "d86473b308134ac0951e5f8993dd4652", "position": {"x": -482.8444447608845, "y": -1801.9999999999995}, "channel": 7}, "attempt": 1}
2026-09-13 12:08:01,280 INFO response {"request_id": "d86473b308134ac0951e5f8993dd4652", "http_status": 200, "body": {"accepted": true, "real_timestamp_ms": 1789272477251, "virtual_time_s": 3533.435813, "measure_result": "no_signal"}}
2026-09-13 12:08:01,296 INFO request {"path": "/measure", "payload": {"arena_id": "default", "robot_id": "202601002029", "request_id": "c42443eaf4fb407dae9d3d994ad2d0f9", "position": {"x": -482.8444447608845, "y": -1801.9999999999995}, "channel": 10}, "attempt": 1}
2026-09-13 12:08:01,322 INFO response {"request_id": "c42443eaf4fb407dae9d3d994ad2d0f9", "http_status": 200, "body": {"accepted": true, "real_timestamp_ms": 1789272477292, "virtual_time_s": 3539.435813, "measure_result": "no_signal"}}
2026-09-13 12:08:01,322 INFO request {"path": "/measure", "payload": {"arena_id": "default", "robot_id": "202601002029", "request_id": "8fc1b06198304718bbc9a8070a755b92", "position": {"x": -482.8444447608845, "y": -1801.9999999999995}, "channel": 12}, "attempt": 1}
2026-09-13 12:08:01,338 INFO response {"request_id": "8fc1b06198304718bbc9a8070a755b92", "http_status": 200, "body": {"accepted": true, "real_timestamp_ms": 1789272477308, "virtual_time_s": 3545.435813, "measure_result": "no_signal"}}
2026-09-13 12:08:01,353 INFO request {"path": "/measure", "payload": {"arena_id": "default", "robot_id": "202601002029", "request_id": "0bd50eadb97e497898b7fe5d474ff16d", "position": {"x": -482.8444447608845, "y": -1801.9999999999995}, "channel": 16}, "attempt": 1}
2026-09-13 12:08:01,369 INFO response {"request_id": "0bd50eadb97e497898b7fe5d474ff16d", "http_status": 200, "body": {"accepted": true, "real_timestamp_ms": 1789272477339, "virtual_time_s": 3551.435813, "measure_result": "no_signal"}}
2026-09-13 12:08:01,385 INFO request {"path": "/measure", "payload": {"arena_id": "default", "robot_id": "202601002029", "request_id": "480254411aff40e9805bd635029efeae", "position": {"x": -482.8444447608845, "y": -1801.9999999999995}, "channel": 20}, "attempt": 1}
2026-09-13 12:08:01,399 INFO response {"request_id": "480254411aff40e9805bd635029efeae", "http_status": 200, "body": {"accepted": true, "real_timestamp_ms": 1789272477369, "virtual_time_s": 3557.435813, "measure_result": "no_signal"}}
2026-09-13 12:08:01,471 INFO request {"path": "/measure", "payload": {"arena_id": "default", "robot_id": "202601002029", "request_id": "c53e8d41ca9e4a8baa95958ea38a0b6d", "position": {"x": -482.8444447608845, "y": -1801.9999999999995}, "channel": 13}, "attempt": 1}
2026-09-13 12:08:01,473 INFO response {"request_id": "c53e8d41ca9e4a8baa95958ea38a0b6d", "http_status": 200, "body": {"accepted": true, "real_timestamp_ms": 1789272477443, "virtual_time_s": 3563.435813, "measure_result": "direction", "svd_deg": 36.33}}
2026-09-13 12:08:02,882 INFO request {"path": "/measure", "payload": {"arena_id": "default", "robot_id": "202601002029", "request_id": "770471b3995d4dbda12a3075399c6a93", "position": {"x": -1319.1555552391176, "y": -1319.1555552391162}, "channel": 2}, "attempt": 1}
2026-09-13 12:08:02,885 INFO response {"request_id": "770471b3995d4dbda12a3075399c6a93", "http_status": 200, "body": {"accepted": true, "real_timestamp_ms": 1789272478855, "virtual_time_s": 3762.573591, "measure_result": "no_signal"}}
2026-09-13 12:08:02,916 INFO request {"path": "/measure", "payload": {"arena_id": "default", "robot_id": "202601002029", "request_id": "b9bfaf68af214536a2d8acc122948017", "position": {"x": -1319.1555552391176, "y": -1319.1555552391162}, "channel": 4}, "attempt": 1}
2026-09-13 12:08:02,919 INFO response {"request_id": "b9bfaf68af214536a2d8acc122948017", "http_status": 200, "body": {"accepted": true, "real_timestamp_ms": 1789272478888, "virtual_time_s": 3768.573591, "measure_result": "no_signal"}}
2026-09-13 12:08:02,950 INFO request {"path": "/measure", "payload": {"arena_id": "default", "robot_id": "202601002029", "request_id": "edb8ca6eefd846519638c4872a786a15", "position": {"x": -1319.1555552391176, "y": -1319.1555552391162}, "channel": 7}, "attempt": 1}
2026-09-13 12:08:02,952 INFO response {"request_id": "edb8ca6eefd846519638c4872a786a15", "http_status": 200, "body": {"accepted": true, "real_timestamp_ms": 1789272478922, "virtual_time_s": 3774.573591, "measure_result": "no_signal"}}
2026-09-13 12:08:02,983 INFO request {"path": "/measure", "payload": {"arena_id": "default", "robot_id": "202601002029", "request_id": "d1e6738fcb9241f6a058301cee9e7353", "position": {"x": -1319.1555552391176, "y": -1319.1555552391162}, "channel": 10}, "attempt": 1}
2026-09-13 12:08:02,986 INFO response {"request_id": "d1e6738fcb9241f6a058301cee9e7353", "http_status": 200, "body": {"accepted": true, "real_timestamp_ms": 1789272478955, "virtual_time_s": 3780.573591, "measure_result": "no_signal"}}
2026-09-13 12:08:03,001 INFO request {"path": "/measure", "payload": {"arena_id": "default", "robot_id": "202601002029", "request_id": "2ca596f6ce534e95bdff58f36f3ae105", "position": {"x": -1319.1555552391176, "y": -1319.1555552391162}, "channel": 12}, "attempt": 1}
2026-09-13 12:08:03,004 INFO response {"request_id": "2ca596f6ce534e95bdff58f36f3ae105", "http_status": 200, "body": {"accepted": true, "real_timestamp_ms": 1789272478974, "virtual_time_s": 3786.573591, "measure_result": "no_signal"}}
2026-09-13 12:08:03,019 INFO request {"path": "/measure", "payload": {"arena_id": "default", "robot_id": "202601002029", "request_id": "209098704cd44b84b8c1fe6d43922a60", "position": {"x": -1319.1555552391176, "y": -1319.1555552391162}, "channel": 16}, "attempt": 1}
2026-09-13 12:08:03,022 INFO response {"request_id": "209098704cd44b84b8c1fe6d43922a60", "http_status": 200, "body": {"accepted": true, "real_timestamp_ms": 1789272478991, "virtual_time_s": 3792.573591, "measure_result": "no_signal"}}
2026-09-13 12:08:03,052 INFO request {"path": "/measure", "payload": {"arena_id": "default", "robot_id": "202601002029", "request_id": "ca2cc8a611e144d8b1a0c6a96e4f9703", "position": {"x": -1319.1555552391176, "y": -1319.1555552391162}, "channel": 20}, "attempt": 1}
2026-09-13 12:08:03,055 INFO response {"request_id": "ca2cc8a611e144d8b1a0c6a96e4f9703", "http_status": 200, "body": {"accepted": true, "real_timestamp_ms": 1789272479025, "virtual_time_s": 3798.573591, "measure_result": "no_signal"}}
2026-09-13 12:08:03,928 INFO request {"path": "/measure", "payload": {"arena_id": "default", "robot_id": "202601002029", "request_id": "a2d366aee58641e6b32f42081336bdd9", "position": {"x": -1802.0000000000002, "y": -482.84444476088237}, "channel": 20}, "attempt": 1}
2026-09-13 12:08:03,943 INFO response {"request_id": "a2d366aee58641e6b32f42081336bdd9", "http_status": 200, "body": {"accepted": true, "real_timestamp_ms": 1789272479912, "virtual_time_s": 3996.711369, "measure_result": "no_signal"}}
2026-09-13 12:08:03,958 INFO request {"path": "/measure", "payload": {"arena_id": "default", "robot_id": "202601002029", "request_id": "9d50be1e30794c1991579bb0d78ad1a4", "position": {"x": -1802.0000000000002, "y": -482.84444476088237}, "channel": 2}, "attempt": 1}
2026-09-13 12:08:03,960 INFO response {"request_id": "9d50be1e30794c1991579bb0d78ad1a4", "http_status": 200, "body": {"accepted": true, "real_timestamp_ms": 1789272479930, "virtual_time_s": 4002.711369, "measure_result": "no_signal"}}
2026-09-13 12:08:03,991 INFO request {"path": "/measure", "payload": {"arena_id": "default", "robot_id": "202601002029", "request_id": "f8da9cbcd81f43c380d871fccca1d6aa", "position": {"x": -1802.0000000000002, "y": -482.84444476088237}, "channel": 4}, "attempt": 1}
2026-09-13 12:08:04,037 INFO response {"request_id": "f8da9cbcd81f43c380d871fccca1d6aa", "http_status": 200, "body": {"accepted": true, "real_timestamp_ms": 1789272480008, "virtual_time_s": 4008.711369, "measure_result": "no_signal"}}
2026-09-13 12:08:04,037 INFO request {"path": "/measure", "payload": {"arena_id": "default", "robot_id": "202601002029", "request_id": "9338c07b01d24fc6b532fafc71580388", "position": {"x": -1802.0000000000002, "y": -482.84444476088237}, "channel": 7}, "attempt": 1}
2026-09-13 12:08:04,038 INFO response {"request_id": "9338c07b01d24fc6b532fafc71580388", "http_status": 200, "body": {"accepted": true, "real_timestamp_ms": 1789272480008, "virtual_time_s": 4014.711369, "measure_result": "no_signal"}}
2026-09-13 12:08:04,069 INFO request {"path": "/measure", "payload": {"arena_id": "default", "robot_id": "202601002029", "request_id": "d47ec07296e74d1587311e824f648342", "position": {"x": -1802.0000000000002, "y": -482.84444476088237}, "channel": 10}, "attempt": 1}
2026-09-13 12:08:04,086 INFO response {"request_id": "d47ec07296e74d1587311e824f648342", "http_status": 200, "body": {"accepted": true, "real_timestamp_ms": 1789272480056, "virtual_time_s": 4020.711369, "measure_result": "no_signal"}}
2026-09-13 12:08:04,101 INFO request {"path": "/measure", "payload": {"arena_id": "default", "robot_id": "202601002029", "request_id": "dc44362f7fac4cb1a873d6197ee8ae90", "position": {"x": -1802.0000000000002, "y": -482.84444476088237}, "channel": 12}, "attempt": 1}
2026-09-13 12:08:04,103 INFO response {"request_id": "dc44362f7fac4cb1a873d6197ee8ae90", "http_status": 200, "body": {"accepted": true, "real_timestamp_ms": 1789272480073, "virtual_time_s": 4026.711369, "measure_result": "no_signal"}}
2026-09-13 12:08:04,135 INFO request {"path": "/measure", "payload": {"arena_id": "default", "robot_id": "202601002029", "request_id": "9e38f122bf754ad8b8a933a4bb99b466", "position": {"x": -1802.0000000000002, "y": -482.84444476088237}, "channel": 16}, "attempt": 1}
2026-09-13 12:08:04,139 INFO response {"request_id": "9e38f122bf754ad8b8a933a4bb99b466", "http_status": 200, "body": {"accepted": true, "real_timestamp_ms": 1789272480108, "virtual_time_s": 4032.711369, "measure_result": "no_signal"}}
2026-09-13 12:08:04,172 INFO request {"path": "/measure", "payload": {"arena_id": "default", "robot_id": "202601002029", "request_id": "25335f963aec4610a949f706025210f1", "position": {"x": -1802.0000000000002, "y": -482.84444476088237}, "channel": 17}, "attempt": 1}
2026-09-13 12:08:04,194 INFO response {"request_id": "25335f963aec4610a949f706025210f1", "http_status": 200, "body": {"accepted": true, "real_timestamp_ms": 1789272480164, "virtual_time_s": 4038.711369, "measure_result": "direction", "svd_deg": 26.28}}
2026-09-13 12:08:04,693 INFO request {"path": "/measure", "payload": {"arena_id": "default", "robot_id": "202601002029", "request_id": "496885b23570423791511961e6b5e7d9", "position": {"x": -1801.9999999999998, "y": 482.84444476088356}, "channel": 2}, "attempt": 1}
2026-09-13 12:08:04,694 INFO response {"request_id": "496885b23570423791511961e6b5e7d9", "http_status": 200, "body": {"accepted": true, "real_timestamp_ms": 1789272480664, "virtual_time_s": 4237.849147, "measure_result": "no_signal"}}
2026-09-13 12:08:04,725 INFO request {"path": "/measure", "payload": {"arena_id": "default", "robot_id": "202601002029", "request_id": "b1db1a260c6a476a9c0d0505e73d3d3f", "position": {"x": -1801.9999999999998, "y": 482.84444476088356}, "channel": 4}, "attempt": 1}
2026-09-13 12:08:04,727 INFO response {"request_id": "b1db1a260c6a476a9c0d0505e73d3d3f", "http_status": 200, "body": {"accepted": true, "real_timestamp_ms": 1789272480696, "virtual_time_s": 4243.849147, "measure_result": "no_signal"}}
2026-09-13 12:08:04,757 INFO request {"path": "/measure", "payload": {"arena_id": "default", "robot_id": "202601002029", "request_id": "a7819cf5479e46cb929625636afad40e", "position": {"x": -1801.9999999999998, "y": 482.84444476088356}, "channel": 7}, "attempt": 1}
2026-09-13 12:08:04,761 INFO response {"request_id": "a7819cf5479e46cb929625636afad40e", "http_status": 200, "body": {"accepted": true, "real_timestamp_ms": 1789272480730, "virtual_time_s": 4249.849147, "measure_result": "no_signal"}}
2026-09-13 12:08:04,791 INFO request {"path": "/measure", "payload": {"arena_id": "default", "robot_id": "202601002029", "request_id": "0d94deb1f8fd4d549b1b842b17d09e58", "position": {"x": -1801.9999999999998, "y": 482.84444476088356}, "channel": 10}, "attempt": 1}
2026-09-13 12:08:04,793 INFO response {"request_id": "0d94deb1f8fd4d549b1b842b17d09e58", "http_status": 200, "body": {"accepted": true, "real_timestamp_ms": 1789272480763, "virtual_time_s": 4255.849147, "measure_result": "no_signal"}}
2026-09-13 12:08:04,824 INFO request {"path": "/measure", "payload": {"arena_id": "default", "robot_id": "202601002029", "request_id": "fad4d342386e4520bf64d7ede5d7ced5", "position": {"x": -1801.9999999999998, "y": 482.84444476088356}, "channel": 12}, "attempt": 1}
2026-09-13 12:08:04,839 INFO response {"request_id": "fad4d342386e4520bf64d7ede5d7ced5", "http_status": 200, "body": {"accepted": true, "real_timestamp_ms": 1789272480809, "virtual_time_s": 4261.849147, "measure_result": "no_signal"}}
2026-09-13 12:08:04,854 INFO request {"path": "/measure", "payload": {"arena_id": "default", "robot_id": "202601002029", "request_id": "7f1d16175a8446c6a9d5496437c5a59d", "position": {"x": -1801.9999999999998, "y": 482.84444476088356}, "channel": 16}, "attempt": 1}
2026-09-13 12:08:04,856 INFO response {"request_id": "7f1d16175a8446c6a9d5496437c5a59d", "http_status": 200, "body": {"accepted": true, "real_timestamp_ms": 1789272480825, "virtual_time_s": 4267.849147, "measure_result": "no_signal"}}
2026-09-13 12:08:04,887 INFO request {"path": "/measure", "payload": {"arena_id": "default", "robot_id": "202601002029", "request_id": "a021ceaa3e18490ebcc4d4569217731b", "position": {"x": -1801.9999999999998, "y": 482.84444476088356}, "channel": 20}, "attempt": 1}
2026-09-13 12:08:04,888 INFO response {"request_id": "a021ceaa3e18490ebcc4d4569217731b", "http_status": 200, "body": {"accepted": true, "real_timestamp_ms": 1789272480858, "virtual_time_s": 4273.849147, "measure_result": "no_signal"}}
2026-09-13 12:08:05,213 INFO request {"path": "/measure", "payload": {"arena_id": "default", "robot_id": "202601002029", "request_id": "fc41c2b4d9a9427da7a3c0dbd60ad0c5", "position": {"x": -1319.1555552391167, "y": 1319.155555239117}, "channel": 20}, "attempt": 1}
2026-09-13 12:08:05,233 INFO response {"request_id": "fc41c2b4d9a9427da7a3c0dbd60ad0c5", "http_status": 200, "body": {"accepted": true, "real_timestamp_ms": 1789272481203, "virtual_time_s": 4471.986925, "measure_result": "no_signal"}}
2026-09-13 12:08:05,250 INFO request {"path": "/measure", "payload": {"arena_id": "default", "robot_id": "202601002029", "request_id": "51a0b461b19c4fb89957066202ae533b", "position": {"x": -1319.1555552391167, "y": 1319.155555239117}, "channel": 2}, "attempt": 1}
2026-09-13 12:08:05,266 INFO response {"request_id": "51a0b461b19c4fb89957066202ae533b", "http_status": 200, "body": {"accepted": true, "real_timestamp_ms": 1789272481234, "virtual_time_s": 4477.986925, "measure_result": "no_signal"}}
2026-09-13 12:08:05,281 INFO request {"path": "/measure", "payload": {"arena_id": "default", "robot_id": "202601002029", "request_id": "d486adaffc6d43a58ce8d94db5502937", "position": {"x": -1319.1555552391167, "y": 1319.155555239117}, "channel": 4}, "attempt": 1}
2026-09-13 12:08:05,283 INFO response {"request_id": "d486adaffc6d43a58ce8d94db5502937", "http_status": 200, "body": {"accepted": true, "real_timestamp_ms": 1789272481252, "virtual_time_s": 4483.986925, "measure_result": "no_signal"}}
2026-09-13 12:08:05,314 INFO request {"path": "/measure", "payload": {"arena_id": "default", "robot_id": "202601002029", "request_id": "0e5ef55cb62a4b188263d30fa485e7f3", "position": {"x": -1319.1555552391167, "y": 1319.155555239117}, "channel": 7}, "attempt": 1}
2026-09-13 12:08:05,316 INFO response {"request_id": "0e5ef55cb62a4b188263d30fa485e7f3", "http_status": 200, "body": {"accepted": true, "real_timestamp_ms": 1789272481286, "virtual_time_s": 4489.986925, "measure_result": "no_signal"}}
2026-09-13 12:08:05,331 INFO request {"path": "/measure", "payload": {"arena_id": "default", "robot_id": "202601002029", "request_id": "278bcf998e684686a2423f83765ba563", "position": {"x": -1319.1555552391167, "y": 1319.155555239117}, "channel": 10}, "attempt": 1}
2026-09-13 12:08:05,333 INFO response {"request_id": "278bcf998e684686a2423f83765ba563", "http_status": 200, "body": {"accepted": true, "real_timestamp_ms": 1789272481303, "virtual_time_s": 4495.986925, "measure_result": "no_signal"}}
2026-09-13 12:08:05,364 INFO request {"path": "/measure", "payload": {"arena_id": "default", "robot_id": "202601002029", "request_id": "3e03edb4baff49d387ef0cb320af7242", "position": {"x": -1319.1555552391167, "y": 1319.155555239117}, "channel": 12}, "attempt": 1}
2026-09-13 12:08:05,388 INFO response {"request_id": "3e03edb4baff49d387ef0cb320af7242", "http_status": 200, "body": {"accepted": true, "real_timestamp_ms": 1789272481357, "virtual_time_s": 4501.986925, "measure_result": "no_signal"}}
2026-09-13 12:08:05,403 INFO request {"path": "/measure", "payload": {"arena_id": "default", "robot_id": "202601002029", "request_id": "e4dc5b37046e481fa65671c590c33c17", "position": {"x": -1319.1555552391167, "y": 1319.155555239117}, "channel": 16}, "attempt": 1}
2026-09-13 12:08:05,405 INFO response {"request_id": "e4dc5b37046e481fa65671c590c33c17", "http_status": 200, "body": {"accepted": true, "real_timestamp_ms": 1789272481374, "virtual_time_s": 4507.986925, "measure_result": "no_signal"}}
2026-09-13 12:08:05,426 INFO request {"path": "/measure", "payload": {"arena_id": "default", "robot_id": "202601002029", "request_id": "5c17da88f0324849aa632e5c46335855", "position": {"x": -1319.1555552391167, "y": 1319.155555239117}, "channel": 3}, "attempt": 1}
2026-09-13 12:08:05,450 INFO response {"request_id": "5c17da88f0324849aa632e5c46335855", "http_status": 200, "body": {"accepted": true, "real_timestamp_ms": 1789272481420, "virtual_time_s": 4513.986925, "measure_result": "direction", "svd_deg": 325.28}}
2026-09-13 12:08:05,683 INFO request {"path": "/measure", "payload": {"arena_id": "default", "robot_id": "202601002029", "request_id": "d28aa5ea45ca418eb6ead85cac0d214b", "position": {"x": -482.8444447608829, "y": 1802.0}, "channel": 2}, "attempt": 1}
2026-09-13 12:08:05,701 INFO response {"request_id": "d28aa5ea45ca418eb6ead85cac0d214b", "http_status": 200, "body": {"accepted": true, "real_timestamp_ms": 1789272481671, "virtual_time_s": 4713.124703, "measure_result": "no_signal"}}
2026-09-13 12:08:05,717 INFO request {"path": "/measure", "payload": {"arena_id": "default", "robot_id": "202601002029", "request_id": "7c3cc3b5ee614c2697dd638ae807384f", "position": {"x": -482.8444447608829, "y": 1802.0}, "channel": 4}, "attempt": 1}
2026-09-13 12:08:05,719 INFO response {"request_id": "7c3cc3b5ee614c2697dd638ae807384f", "http_status": 200, "body": {"accepted": true, "real_timestamp_ms": 1789272481689, "virtual_time_s": 4719.124703, "measure_result": "no_signal"}}
2026-09-13 12:08:05,750 INFO request {"path": "/measure", "payload": {"arena_id": "default", "robot_id": "202601002029", "request_id": "3ceb082dbc434120ba614f438fee676a", "position": {"x": -482.8444447608829, "y": 1802.0}, "channel": 7}, "attempt": 1}
2026-09-13 12:08:05,764 INFO response {"request_id": "3ceb082dbc434120ba614f438fee676a", "http_status": 200, "body": {"accepted": true, "real_timestamp_ms": 1789272481734, "virtual_time_s": 4725.124703, "measure_result": "no_signal"}}
2026-09-13 12:08:05,779 INFO request {"path": "/measure", "payload": {"arena_id": "default", "robot_id": "202601002029", "request_id": "6a516ea7499e4280a14fc050417c03bc", "position": {"x": -482.8444447608829, "y": 1802.0}, "channel": 10}, "attempt": 1}
2026-09-13 12:08:05,781 INFO response {"request_id": "6a516ea7499e4280a14fc050417c03bc", "http_status": 200, "body": {"accepted": true, "real_timestamp_ms": 1789272481751, "virtual_time_s": 4731.124703, "measure_result": "no_signal"}}
2026-09-13 12:08:05,813 INFO request {"path": "/measure", "payload": {"arena_id": "default", "robot_id": "202601002029", "request_id": "41336dda4ba7416abf72b78e859599eb", "position": {"x": -482.8444447608829, "y": 1802.0}, "channel": 12}, "attempt": 1}
2026-09-13 12:08:05,814 INFO response {"request_id": "41336dda4ba7416abf72b78e859599eb", "http_status": 200, "body": {"accepted": true, "real_timestamp_ms": 1789272481784, "virtual_time_s": 4737.124703, "measure_result": "no_signal"}}
2026-09-13 12:08:05,830 INFO request {"path": "/measure", "payload": {"arena_id": "default", "robot_id": "202601002029", "request_id": "8a28a22c226f459aa68f5d0d4de1f201", "position": {"x": -482.8444447608829, "y": 1802.0}, "channel": 16}, "attempt": 1}
2026-09-13 12:08:05,833 INFO response {"request_id": "8a28a22c226f459aa68f5d0d4de1f201", "http_status": 200, "body": {"accepted": true, "real_timestamp_ms": 1789272481802, "virtual_time_s": 4743.124703, "measure_result": "no_signal"}}
2026-09-13 12:08:05,848 INFO request {"path": "/measure", "payload": {"arena_id": "default", "robot_id": "202601002029", "request_id": "fffd9d3fc3c94b69a12da36c23453d71", "position": {"x": -482.8444447608829, "y": 1802.0}, "channel": 20}, "attempt": 1}
2026-09-13 12:08:05,851 INFO response {"request_id": "fffd9d3fc3c94b69a12da36c23453d71", "http_status": 200, "body": {"accepted": true, "real_timestamp_ms": 1789272481820, "virtual_time_s": 4749.124703, "measure_result": "no_signal"}}
2026-09-13 12:08:06,005 INFO request {"path": "/measure", "payload": {"arena_id": "default", "robot_id": "202601002029", "request_id": "8dedde20c5f443efa1f5e05318b20d3f", "position": {"x": 482.8444447608835, "y": 1801.9999999999998}, "channel": 20}, "attempt": 1}
2026-09-13 12:08:06,006 INFO response {"request_id": "8dedde20c5f443efa1f5e05318b20d3f", "http_status": 200, "body": {"accepted": true, "real_timestamp_ms": 1789272481976, "virtual_time_s": 4947.262481, "measure_result": "no_signal"}}
2026-09-13 12:08:06,037 INFO request {"path": "/measure", "payload": {"arena_id": "default", "robot_id": "202601002029", "request_id": "c57aaef619824986b6db36ae135ae26f", "position": {"x": 482.8444447608835, "y": 1801.9999999999998}, "channel": 2}, "attempt": 1}
2026-09-13 12:08:06,065 INFO response {"request_id": "c57aaef619824986b6db36ae135ae26f", "http_status": 200, "body": {"accepted": true, "real_timestamp_ms": 1789272482034, "virtual_time_s": 4953.262481, "measure_result": "no_signal"}}
2026-09-13 12:08:06,065 INFO request {"path": "/measure", "payload": {"arena_id": "default", "robot_id": "202601002029", "request_id": "c9490011471e4766b1cc38c2f080c664", "position": {"x": 482.8444447608835, "y": 1801.9999999999998}, "channel": 4}, "attempt": 1}
2026-09-13 12:08:06,068 INFO response {"request_id": "c9490011471e4766b1cc38c2f080c664", "http_status": 200, "body": {"accepted": true, "real_timestamp_ms": 1789272482037, "virtual_time_s": 4959.262481, "measure_result": "no_signal"}}
2026-09-13 12:08:06,099 INFO request {"path": "/measure", "payload": {"arena_id": "default", "robot_id": "202601002029", "request_id": "9a5d77d8001648c98da803f90d32e05b", "position": {"x": 482.8444447608835, "y": 1801.9999999999998}, "channel": 7}, "attempt": 1}
2026-09-13 12:08:06,101 INFO response {"request_id": "9a5d77d8001648c98da803f90d32e05b", "http_status": 200, "body": {"accepted": true, "real_timestamp_ms": 1789272482071, "virtual_time_s": 4965.262481, "measure_result": "no_signal"}}
2026-09-13 12:08:06,132 INFO request {"path": "/measure", "payload": {"arena_id": "default", "robot_id": "202601002029", "request_id": "4ba43f7b01474c2f9e208a8a17030723", "position": {"x": 482.8444447608835, "y": 1801.9999999999998}, "channel": 10}, "attempt": 1}
2026-09-13 12:08:06,134 INFO response {"request_id": "4ba43f7b01474c2f9e208a8a17030723", "http_status": 200, "body": {"accepted": true, "real_timestamp_ms": 1789272482104, "virtual_time_s": 4971.262481, "measure_result": "no_signal"}}
2026-09-13 12:08:06,165 INFO request {"path": "/measure", "payload": {"arena_id": "default", "robot_id": "202601002029", "request_id": "2a0cae13128d4caa914c5f8a763529dd", "position": {"x": 482.8444447608835, "y": 1801.9999999999998}, "channel": 12}, "attempt": 1}
2026-09-13 12:08:06,166 INFO response {"request_id": "2a0cae13128d4caa914c5f8a763529dd", "http_status": 200, "body": {"accepted": true, "real_timestamp_ms": 1789272482136, "virtual_time_s": 4977.262481, "measure_result": "no_signal"}}
2026-09-13 12:08:06,197 INFO request {"path": "/measure", "payload": {"arena_id": "default", "robot_id": "202601002029", "request_id": "86e8df0c63b04904a304f7b892ca317c", "position": {"x": 482.8444447608835, "y": 1801.9999999999998}, "channel": 16}, "attempt": 1}
2026-09-13 12:08:06,221 INFO response {"request_id": "86e8df0c63b04904a304f7b892ca317c", "http_status": 200, "body": {"accepted": true, "real_timestamp_ms": 1789272482190, "virtual_time_s": 4983.262481, "measure_result": "no_signal"}}
2026-09-13 12:08:06,309 INFO request {"path": "/measure", "payload": {"arena_id": "default", "robot_id": "202601002029", "request_id": "770b011b9931447187ab1943bdbf51dc", "position": {"x": 1319.155555239117, "y": 1319.155555239117}, "channel": 16}, "attempt": 1}
2026-09-13 12:08:06,310 INFO response {"request_id": "770b011b9931447187ab1943bdbf51dc", "http_status": 200, "body": {"accepted": true, "real_timestamp_ms": 1789272482280, "virtual_time_s": 5181.400259, "measure_result": "no_signal"}}
2026-09-13 12:08:06,341 INFO request {"path": "/measure", "payload": {"arena_id": "default", "robot_id": "202601002029", "request_id": "6141a287bae74b48a20ee69e62dd15f6", "position": {"x": 1319.155555239117, "y": 1319.155555239117}, "channel": 2}, "attempt": 1}
2026-09-13 12:08:06,344 INFO response {"request_id": "6141a287bae74b48a20ee69e62dd15f6", "http_status": 200, "body": {"accepted": true, "real_timestamp_ms": 1789272482314, "virtual_time_s": 5187.400259, "measure_result": "no_signal"}}
2026-09-13 12:08:06,375 INFO request {"path": "/measure", "payload": {"arena_id": "default", "robot_id": "202601002029", "request_id": "ec2360c0f2ef4cbdb650be6a48f93860", "position": {"x": 1319.155555239117, "y": 1319.155555239117}, "channel": 4}, "attempt": 1}
2026-09-13 12:08:06,377 INFO response {"request_id": "ec2360c0f2ef4cbdb650be6a48f93860", "http_status": 200, "body": {"accepted": true, "real_timestamp_ms": 1789272482346, "virtual_time_s": 5193.400259, "measure_result": "no_signal"}}
2026-09-13 12:08:06,407 INFO request {"path": "/measure", "payload": {"arena_id": "default", "robot_id": "202601002029", "request_id": "e3e8b9daa43e4107971569a109322d2e", "position": {"x": 1319.155555239117, "y": 1319.155555239117}, "channel": 7}, "attempt": 1}
2026-09-13 12:08:06,409 INFO response {"request_id": "e3e8b9daa43e4107971569a109322d2e", "http_status": 200, "body": {"accepted": true, "real_timestamp_ms": 1789272482379, "virtual_time_s": 5199.400259, "measure_result": "no_signal"}}
2026-09-13 12:08:06,424 INFO request {"path": "/measure", "payload": {"arena_id": "default", "robot_id": "202601002029", "request_id": "4d8ca9ae8e5648eb989b727d0171c7ca", "position": {"x": 1319.155555239117, "y": 1319.155555239117}, "channel": 10}, "attempt": 1}
2026-09-13 12:08:06,441 INFO response {"request_id": "4d8ca9ae8e5648eb989b727d0171c7ca", "http_status": 200, "body": {"accepted": true, "real_timestamp_ms": 1789272482410, "virtual_time_s": 5205.400259, "measure_result": "no_signal"}}
2026-09-13 12:08:06,456 INFO request {"path": "/measure", "payload": {"arena_id": "default", "robot_id": "202601002029", "request_id": "539bea85b3bb4b9ba18610e6efd0ce05", "position": {"x": 1319.155555239117, "y": 1319.155555239117}, "channel": 12}, "attempt": 1}
2026-09-13 12:08:06,458 INFO response {"request_id": "539bea85b3bb4b9ba18610e6efd0ce05", "http_status": 200, "body": {"accepted": true, "real_timestamp_ms": 1789272482428, "virtual_time_s": 5211.400259, "measure_result": "no_signal"}}
2026-09-13 12:08:06,489 INFO request {"path": "/measure", "payload": {"arena_id": "default", "robot_id": "202601002029", "request_id": "66e177f130e8462c81f6309503912b7e", "position": {"x": 1319.155555239117, "y": 1319.155555239117}, "channel": 20}, "attempt": 1}
2026-09-13 12:08:06,493 INFO response {"request_id": "66e177f130e8462c81f6309503912b7e", "http_status": 200, "body": {"accepted": true, "real_timestamp_ms": 1789272482463, "virtual_time_s": 5217.400259, "measure_result": "no_signal"}}
2026-09-13 12:08:12,419 INFO request {"path": "/measure", "payload": {"arena_id": "default", "robot_id": "202601002029", "request_id": "8e56b23193b44687beeb23e5633aec91", "position": {"x": 1153.273666335979, "y": 766.592855656307}, "channel": 18}, "attempt": 1}
2026-09-13 12:08:12,420 INFO response {"request_id": "8e56b23193b44687beeb23e5633aec91", "http_status": 200, "body": {"accepted": true, "real_timestamp_ms": 1789272488390, "virtual_time_s": 5338.785239, "measure_result": "direction", "svd_deg": 350.71}}
2026-09-13 12:08:12,439 INFO request {"path": "/clear", "payload": {"arena_id": "default", "robot_id": "202601002029", "request_id": "e751680d3a564099828ae0bd10126dac", "position": {"x": 1260.045714818143, "y": 749.3026713210423}, "channel": 18}, "attempt": 1}
2026-09-13 12:08:12,457 INFO response {"request_id": "e751680d3a564099828ae0bd10126dac", "http_status": 200, "body": {"accepted": true, "real_timestamp_ms": 1789272488427, "virtual_time_s": 5365.417826, "clear_result": "success"}}
2026-09-13 12:08:14,305 INFO request {"path": "/clear", "payload": {"arena_id": "default", "robot_id": "202601002029", "request_id": "7d5396a000c94bafb3779033908f661b", "position": {"x": 591.6160356101905, "y": 756.0046363064832}, "channel": 19}, "attempt": 1}
2026-09-13 12:08:14,332 INFO response {"request_id": "7d5396a000c94bafb3779033908f661b", "http_status": 200, "body": {"accepted": true, "real_timestamp_ms": 1789272490302, "virtual_time_s": 5504.110481, "clear_result": "success"}}
2026-09-13 12:08:14,332 INFO request {"path": "/clear", "payload": {"arena_id": "default", "robot_id": "202601002029", "request_id": "385d847e549c490889abc5d7c5bd7e2e", "position": {"x": -166.64582568982388, "y": 455.51703732093654}, "channel": 15}, "attempt": 1}
2026-09-13 12:08:14,334 INFO response {"request_id": "385d847e549c490889abc5d7c5bd7e2e", "http_status": 200, "body": {"accepted": true, "real_timestamp_ms": 1789272490304, "virtual_time_s": 5672.236671, "clear_result": "success"}}
2026-09-13 12:08:16,167 INFO request {"path": "/clear", "payload": {"arena_id": "default", "robot_id": "202601002029", "request_id": "3944105a33d348c9b2794b34b339500c", "position": {"x": 69.14894279856395, "y": 843.8224301307279}, "channel": 1}, "attempt": 1}
2026-09-13 12:08:16,191 INFO response {"request_id": "3944105a33d348c9b2794b34b339500c", "http_status": 200, "body": {"accepted": true, "real_timestamp_ms": 1789272492161, "virtual_time_s": 5768.094857, "clear_result": "success"}}
2026-09-13 12:08:18,038 INFO request {"path": "/clear", "payload": {"arena_id": "default", "robot_id": "202601002029", "request_id": "4ac575c7a6a743f593d6124a1886776b", "position": {"x": -332.0990230479467, "y": 1286.3746623647294}, "channel": 14}, "attempt": 1}
2026-09-13 12:08:18,049 INFO response {"request_id": "4ac575c7a6a743f593d6124a1886776b", "http_status": 200, "body": {"accepted": true, "real_timestamp_ms": 1789272494018, "virtual_time_s": 5892.569107, "clear_result": "success"}}
2026-09-13 12:08:18,064 INFO request {"path": "/clear", "payload": {"arena_id": "default", "robot_id": "202601002029", "request_id": "933aae0c9f8441f09d20647d15442f41", "position": {"x": -571.79632939531, "y": 801.3643687489064}, "channel": 3}, "attempt": 1}
2026-09-13 12:08:18,067 INFO response {"request_id": "933aae0c9f8441f09d20647d15442f41", "http_status": 200, "body": {"accepted": true, "real_timestamp_ms": 1789272494036, "virtual_time_s": 6005.770731, "clear_result": "success"}}
2026-09-13 12:08:18,083 INFO request {"path": "/clear", "payload": {"arena_id": "default", "robot_id": "202601002029", "request_id": "138126fe3254499ea80ffebc247fe87f", "position": {"x": -983.7058120873958, "y": -78.62346065812055}, "channel": 17}, "attempt": 1}
2026-09-13 12:08:18,095 INFO response {"request_id": "138126fe3254499ea80ffebc247fe87f", "http_status": 200, "body": {"accepted": true, "real_timestamp_ms": 1789272494065, "virtual_time_s": 6205.094996, "clear_result": "success"}}
2026-09-13 12:08:18,126 INFO request {"path": "/clear", "payload": {"arena_id": "default", "robot_id": "202601002029", "request_id": "b55c763847bf4145b8e27316abe395dd", "position": {"x": -383.4593166534146, "y": -1379.6343475434696}, "channel": 9}, "attempt": 1}
2026-09-13 12:08:18,129 INFO response {"request_id": "b55c763847bf4145b8e27316abe395dd", "http_status": 200, "body": {"accepted": true, "real_timestamp_ms": 1789272494098, "virtual_time_s": 6496.655648, "clear_result": "success"}}
2026-09-13 12:08:20,930 INFO request {"path": "/measure", "payload": {"arena_id": "default", "robot_id": "202601002029", "request_id": "886f8489c0b446368e8fe56c71800ea7", "position": {"x": -242.89006654120405, "y": -1631.91413437991}, "channel": 13}, "attempt": 1}
2026-09-13 12:08:20,931 INFO response {"request_id": "886f8489c0b446368e8fe56c71800ea7", "http_status": 200, "body": {"accepted": true, "real_timestamp_ms": 1789272496901, "virtual_time_s": 6560.415428, "measure_result": "direction", "svd_deg": 51.2}}
2026-09-13 12:08:20,966 INFO request {"path": "/clear", "payload": {"arena_id": "default", "robot_id": "202601002029", "request_id": "cce4243a42b642d197b70c9301380b1b", "position": {"x": -233.732281126401, "y": -1620.9226189373858}, "channel": 13}, "attempt": 1}
2026-09-13 12:08:20,980 INFO response {"request_id": "cce4243a42b642d197b70c9301380b1b", "http_status": 200, "body": {"accepted": true, "real_timestamp_ms": 1789272496949, "virtual_time_s": 6568.276745, "clear_result": "success"}}
2026-09-13 12:08:22,660 INFO request {"path": "/measure", "payload": {"arena_id": "default", "robot_id": "202601002029", "request_id": "4b36c697bc824d66b20d6181edaf0971", "position": {"x": 597.8464751584025, "y": -356.67093145563524}, "channel": 8}, "attempt": 1}
2026-09-13 12:08:22,680 INFO response {"request_id": "4b36c697bc824d66b20d6181edaf0971", "http_status": 200, "body": {"accepted": true, "real_timestamp_ms": 1789272498650, "virtual_time_s": 6876.922119, "measure_result": "direction", "svd_deg": 181.31}}
2026-09-13 12:08:22,702 INFO request {"path": "/clear", "payload": {"arena_id": "default", "robot_id": "202601002029", "request_id": "c242e6155b284f5eb8a120faac0d5ff6", "position": {"x": -47.951054989873256, "y": -371.5842676635489}, "channel": 8}, "attempt": 1}
2026-09-13 12:08:22,727 INFO response {"request_id": "c242e6155b284f5eb8a120faac0d5ff6", "http_status": 200, "body": {"accepted": true, "real_timestamp_ms": 1789272498696, "virtual_time_s": 7011.11606, "clear_result": "success"}}
2026-09-13 12:08:22,728 INFO request {"path": "/clear", "payload": {"arena_id": "default", "robot_id": "202601002029", "request_id": "5a2955a1c7f345029d419db8821e718d", "position": {"x": -1151.8231106006633, "y": -271.0176296563986}, "channel": 11}, "attempt": 1}
2026-09-13 12:08:22,731 INFO response {"request_id": "5a2955a1c7f345029d419db8821e718d", "http_status": 200, "body": {"accepted": true, "real_timestamp_ms": 1789272498700, "virtual_time_s": 7237.804775, "clear_result": "success"}}
2026-09-13 12:08:22,762 INFO request {"path": "/clear", "payload": {"arena_id": "default", "robot_id": "202601002029", "request_id": "a0ad5ff59934487fb75241197b71cd1b", "position": {"x": -1334.880682405031, "y": -384.7997971133365}, "channel": 5}, "attempt": 1}
2026-09-13 12:08:22,763 INFO response {"request_id": "a0ad5ff59934487fb75241197b71cd1b", "http_status": 200, "body": {"accepted": true, "real_timestamp_ms": 1789272498733, "virtual_time_s": 7285.912295, "clear_result": "success"}}
2026-09-13 12:08:22,794 INFO request {"path": "/exit", "payload": {"arena_id": "default", "robot_id": "202601002029", "request_id": "d3b73546d0dc40f5842319402b52bc75"}, "attempt": 1}
2026-09-13 12:08:22,820 INFO response {"request_id": "d3b73546d0dc40f5842319402b52bc75", "http_status": 200, "body": {"accepted": true, "real_timestamp_ms": 1789272498789, "virtual_time_s": 7285.912295, "exit_reason": "user_exit"}}
