case_id,test_name,test_outcome,entrypoint,input_kind,observation_count,unique_detection_point_count,constraint_count_input,constraint_count_solver,elapsed_ms,status,vertex_count,diameter,circle_radius,max_vertex_distance,coverage_excess,same_diameter_covers,backend_mode,backend,stage_config_ms,stage_build_halfplanes_ms,stage_classify_ms,stage_projection_bounds_ms,stage_linprog_ms,stage_vertices_ms,stage_measure_ms,stage_measure_setup_ms,stage_diameter_ms,stage_coverage_ms,stage_degeneracy_ms,stage_sort_vertices_ms,stage_residual_and_output_ms,stage_other_ms
test_angle_wrap_and_two_input_styles__001,test_angle_wrap_and_two_input_styles,PASS,solve_q1,observations,2,2,4,4,4.0312000000994885,POLYGON,4,39.5083406589872,19.7541703294936,19.754170329493604,3.552713678800501e-15,True,scipy_with_fraction_check,scipy_highs_with_fraction_check,,0.08040000011533266,3.2004000004235422,0.1540000002933084,2.990700000736979,0.35960000059276354,0.3074999995078542,0.0008000006346264854,0.1032999998642481,0.1264000002265675,0.025099999220401514,0.027400000362831634,0.022500000341096893,0.08329999945999589
test_angle_wrap_and_two_input_styles__002,test_angle_wrap_and_two_input_styles,PASS,solve_q1,observations,2,2,4,4,2.5879000004351838,POLYGON,4,39.5083406589872,19.7541703294936,19.754170329493604,3.552713678800501e-15,True,scipy_with_fraction_check,scipy_highs_with_fraction_check,0.997799999822746,0.032100000680657104,0.7678000001760665,0.18420000014884863,0.5392000002757413,0.34669999968173215,0.28949999978067353,0.0010000003385357559,0.09749999935593223,0.1202000003104331,0.0227999998969608,0.024500000108673703,0.021300000298651867,0.1540000002933084
test_consistent_random_observations__001,test_consistent_random_observations,PASS,solve_q1,observations,3,3,6,6,2.194499999859545,POLYGON,4,22.217638393864267,11.108819196932133,13.10623352407956,1.9974143271474265,False,scipy_with_fraction_check,scipy_highs_with_fraction_check,,0.046999999540275894,0.9771000004548114,0.21409999953903025,0.7136000003811205,0.7931999998618267,0.30919999971956713,0.0006000000212225132,0.09940000018104911,0.12559999959194101,0.0228000008064555,0.027799999770650174,0.031099999432626646,0.06800000028306386
test_consistent_random_observations__002,test_consistent_random_observations,PASS,solve_q1,observations,4,4,8,8,4.144300000007206,POLYGON,5,20.83521363032694,10.41760681516347,12.111275110271798,1.6936682951083277,False,scipy_with_fraction_check,scipy_highs_with_fraction_check,,0.04979999994247919,1.182899999548681,0.450999999884516,0.6763000001228647,2.4510000002919696,0.3623000002335175,0.0005000001692678779,0.12479999986680923,0.147800000377174,0.02479999966453761,0.02680000034160912,0.03589999960240675,0.09829999999055872
test_consistent_random_observations__003,test_consistent_random_observations,PASS,solve_q1,observations,3,3,6,6,4.944799999975658,POLYGON,6,30.04862541611205,15.024312708056025,16.885144174807255,1.8608314667512307,False,scipy_with_fraction_check,scipy_highs_with_fraction_check,,0.08369999977730913,1.9191999999748077,0.5749000001742388,1.2403999999150983,1.7563999999765656,1.015699999697972,0.001100000190490391,0.4008999994766782,0.38920000042708125,0.061699999605480116,0.08590000015828991,0.07280000045284396,0.16980000054900302
test_consistent_random_observations__004,test_consistent_random_observations,PASS,solve_q1,observations,4,4,8,8,3.4034000000247033,POLYGON,4,18.4296311073659,9.21481555368295,12.824010371268423,3.6091948175854736,False,scipy_with_fraction_check,scipy_highs_with_fraction_check,,0.04299999909562757,1.2669999996433035,0.5500999996002065,0.6499000000985689,1.6545999997106264,0.33059999987017363,0.0006999998731771484,0.0991000006251852,0.1477999994676793,0.02120000044669723,0.02500000027794158,0.03479999941191636,0.10820000170497224
test_consistent_random_observations__005,test_consistent_random_observations,PASS,solve_q1,observations,3,3,6,6,2.09160000031261,POLYGON,5,20.689194195656633,10.344597097828316,10.344597097828316,0.0,True,scipy_with_fraction_check,scipy_highs_with_fraction_check,,0.04330000047048088,0.847799999974086,0.23230000078910962,0.5694999999832362,0.7488000001103501,0.38159999985509785,0.0005000001692678779,0.13049999961367575,0.1646999999138643,0.025600000299164094,0.028599999495781958,0.030100000003585592,0.0700999999025953
test_consistent_random_observations__006,test_consistent_random_observations,PASS,solve_q1,observations,4,4,8,8,2.9709999998885905,POLYGON,6,19.632239331280147,9.816119665640073,9.816119665640105,3.197442310920451e-14,True,scipy_with_fraction_check,scipy_highs_with_fraction_check,,0.036699999327538535,1.0014999998020357,0.3934999995180988,0.5539000003409456,1.3738999996348866,0.48179999976127874,0.0006000000212225132,0.18369999997958075,0.19100000008620555,0.029599999834317714,0.03290000040578889,0.04220000027999049,0.07710000136285089
test_consistent_random_observations__007,test_consistent_random_observations,PASS,solve_q1,observations,3,3,6,6,1.806600000236358,POLYGON,4,27.108856643533624,13.554428321766812,22.29074433885397,8.736316017087157,False,scipy_with_fraction_check,scipy_highs_with_fraction_check,,0.027099999897473026,0.7438000002366607,0.22619999981543515,0.47540000014123507,0.7126999998945394,0.26140000045415945,0.0006000000212225132,0.08649999927001772,0.10400000064691994,0.019600000086938962,0.023300000066228677,0.025599999389669392,0.06159999975352548
test_consistent_random_observations__008,test_consistent_random_observations,PASS,solve_q1,observations,4,4,8,8,2.50899999991816,POLYGON,4,27.108856643533624,13.554428321766812,22.29074433885397,8.736316017087157,False,scipy_with_fraction_check,scipy_highs_with_fraction_check,,0.026900000193563756,0.8661000001666253,0.35969999953522347,0.4602999997587176,1.280100000258244,0.26619999971444486,0.0006999998731771484,0.08590000015828991,0.1032999998642481,0.019699999938893598,0.023800000235496555,0.031000000490166713,0.06969999958528206
test_consistent_random_observations__009,test_consistent_random_observations,PASS,solve_q1,observations,3,3,6,6,2.037999999629392,POLYGON,5,24.936210746966673,12.468105373483336,13.790312456015865,1.322207082532529,False,scipy_with_fraction_check,scipy_highs_with_fraction_check,,0.027300000510877,0.8761999997659586,0.3155999993396108,0.5191999998714891,0.7458000000042375,0.32329999976354884,0.0006000000212225132,0.12930000048072543,0.10750000001280569,0.025800000003073364,0.02809999932651408,0.03020000076503493,0.06539999958476983
test_consistent_random_observations__010,test_consistent_random_observations,PASS,solve_q1,observations,4,4,8,8,3.1964999998308485,POLYGON,4,23.405927302466317,11.702963651233159,14.22557584244861,2.522612191215451,False,scipy_with_fraction_check,scipy_highs_with_fraction_check,,0.05229999987932388,1.4593000005334034,0.6253999999898952,0.7433999999193475,1.3405999998212792,0.25740000000951113,0.0006999998731771484,0.08789999992586672,0.09359999967273325,0.018600000657897908,0.023599999622092582,0.031100000342121348,0.08689999958733097
test_consistent_random_observations__011,test_consistent_random_observations,PASS,solve_q1,observations,3,3,6,6,2.056799999991199,POLYGON,4,24.567064058789537,12.283532029394769,17.189747299423043,4.906215270028275,False,scipy_with_fraction_check,scipy_highs_with_fraction_check,,0.043000000005122274,0.9284000007028226,0.23259999943547882,0.6466000004365924,0.7378999998763902,0.2758999999059597,0.0007999997251317836,0.08789999992586672,0.11949999952776125,0.01900000006571645,0.0227999998969608,0.024100000700855162,0.07159999950090423
test_consistent_random_observations__012,test_consistent_random_observations,PASS,solve_q1,observations,4,4,8,8,2.74730000001,POLYGON,5,20.179809411474533,10.089904705737267,15.739791625222104,5.649886919484837,False,scipy_with_fraction_check,scipy_highs_with_fraction_check,,0.03440000000409782,0.9819999995670514,0.4015000004073954,0.5333999997674255,1.3165999998818734,0.3350000006321352,0.0006000000212225132,0.11829999948531622,0.13390000003710156,0.02229999972769292,0.024700000722077675,0.0334999995175167,0.07929999992484227
test_consistent_random_observations__013,test_consistent_random_observations,PASS,solve_q1,observations,3,3,6,6,1.6838000001371256,POLYGON,4,16.30451157914354,8.15225578957177,11.980298852679946,3.8280430631081757,False,scipy_with_fraction_check,scipy_highs_with_fraction_check,,0.026300000172341242,0.7016999998086249,0.22669999998470303,0.43559999994613463,0.646799999231007,0.24769999981799629,0.0006000000212225132,0.07679999998799758,0.10679999923013384,0.01810000048863003,0.02010000025620684,0.023699999474047218,0.06130000110715628
test_consistent_random_observations__014,test_consistent_random_observations,PASS,solve_q1,observations,4,4,8,8,2.6721999993242207,POLYGON,5,16.092325748953094,8.046162874476547,11.84262705696514,3.7964641824885934,False,scipy_with_fraction_check,scipy_highs_with_fraction_check,,0.04820000049221562,0.929099999666505,0.3783000011026161,0.5093999998280196,1.2815000000045984,0.335599999743863,0.0006000000212225132,0.12349999997240957,0.1267000006919261,0.023599999622092582,0.025299999833805487,0.03420000030018855,0.07779999941703863
test_consistent_random_observations__015,test_consistent_random_observations,PASS,solve_q1,observations,3,3,6,6,1.9928000001527835,POLYGON,5,30.187578062550447,15.093789031275223,19.38501609985523,4.291227068580005,False,scipy_with_fraction_check,scipy_highs_with_fraction_check,,0.02719999974942766,0.7295000004887697,0.21920000017416896,0.4682000007960596,0.7238000007419032,0.4518000005191425,0.0005000001692678779,0.19100000008620555,0.1708999998299987,0.03150000065943459,0.02609999955893727,0.030100000003585592,0.06049999865354039
test_consistent_random_observations__016,test_consistent_random_observations,PASS,solve_q1,observations,4,4,8,8,2.623699999276141,POLYGON,5,23.882380565841423,11.941190282920711,15.47990021388992,3.5387099309692083,False,scipy_with_fraction_check,scipy_highs_with_fraction_check,,0.027400000362831634,0.8419999994657701,0.3711000008479459,0.42829999983950984,1.361900000119931,0.32220000048255315,0.0005000001692678779,0.11660000018309802,0.12319999950705096,0.0227999998969608,0.02460000087012304,0.032899999496294186,0.07019999884505523
test_consistent_random_observations__017,test_consistent_random_observations,PASS,solve_q1,observations,3,3,6,6,1.9098000002486515,POLYGON,4,22.436888193427947,11.218444096713974,14.766177723358174,3.5477336266442006,False,scipy_with_fraction_check,scipy_highs_with_fraction_check,,0.026599999728205148,0.7568999999421067,0.22729999909643084,0.48580000020592706,0.7357999993473641,0.315000000227883,0.0007999997251317836,0.0932000002649147,0.14430000010179356,0.021400000150606502,0.025800000003073364,0.027799999770650174,0.07550000100309262
test_consistent_random_observations__018,test_consistent_random_observations,PASS,solve_q1,observations,4,4,8,8,2.612299999782408,POLYGON,5,22.436888193427947,11.218444096713974,11.21844409671399,1.5987211554602254e-14,True,scipy_with_fraction_check,scipy_highs_with_fraction_check,,0.02989999939018162,0.8692000001246925,0.35739999930228805,0.4687000000558328,1.2866000006397371,0.35370000023249304,0.0005000001692678779,0.11989999984507449,0.14899999951012433,0.023300000066228677,0.026100000468431972,0.03329999981360743,0.0728999993953039
test_consistent_random_observations__019,test_consistent_random_observations,PASS,solve_q1,observations,3,3,6,6,1.6540999995413586,POLYGON,3,9.246267005690134,4.623133502845067,5.634110328343506,1.0109768254984388,False,scipy_with_fraction_check,scipy_highs_with_fraction_check,,0.02680000034160912,0.7379999997283448,0.21100000049045775,0.4838999993808102,0.6462999999712338,0.18339999951422215,0.0006000000212225132,0.05059999966761097,0.07710000045335619,0.012900000001536682,0.01880000036180718,0.021699999706470408,0.05959999998594867
test_consistent_random_observations__020,test_consistent_random_observations,PASS,solve_q1,observations,4,4,8,8,2.521800000067742,POLYGON,3,9.246267005690134,4.623133502845067,5.634110328343506,1.0109768254984388,False,scipy_with_fraction_check,scipy_highs_with_fraction_check,,0.032899999496294186,0.9520999992673751,0.40530000023863977,0.49839999974210514,1.2843000004068017,0.17440000010537915,0.0006000000212225132,0.04820000049221562,0.07000000005064066,0.011899999663000926,0.017400000615452882,0.024399999347224366,0.07810000079189194
test_consistent_random_observations__021,test_consistent_random_observations,PASS,solve_q1,observations,3,3,6,6,2.133500000127242,POLYGON,4,26.442952148004508,13.221476074002254,14.27129854739037,1.0498224733881152,False,scipy_with_fraction_check,scipy_highs_with_fraction_check,,0.07689999983995222,0.9396000004926464,0.35959999968326883,0.5329000005076523,0.70770000002085,0.252599999839731,0.0006000000212225132,0.08239999988290947,0.10100000054080738,0.018899999304267112,0.023400000827678014,0.024699999812582973,0.15669999993406236
test_consistent_random_observations__022,test_consistent_random_observations,PASS,solve_q1,observations,4,4,8,8,2.8223999997862848,POLYGON,4,17.23703770541595,8.618518852707975,12.988327921397024,4.369809068689049,False,scipy_with_fraction_check,scipy_highs_with_fraction_check,,0.043399999412940815,1.1009999998350395,0.49530000069353264,0.5535000000236323,1.32709999979852,0.2691999998205574,0.0006000000212225132,0.08580000030633528,0.10569999994913815,0.019099999917671084,0.024599999960628338,0.031600000511389226,0.08170000091922702
test_consistent_random_observations__023,test_consistent_random_observations,PASS,solve_q1,observations,3,3,6,6,1.9066000004386296,POLYGON,4,22.901170157771865,11.450585078885933,11.450585078885947,1.4210854715202004e-14,True,scipy_with_fraction_check,scipy_highs_with_fraction_check,,0.03550000019458821,0.8126999991873163,0.2297000000908156,0.5389999996623374,0.7052000000840053,0.2880000001823646,0.0006000000212225132,0.08549999984097667,0.13140000010025688,0.01939999947353499,0.023600000531587284,0.025999999706982635,0.06520000079035526
test_consistent_random_observations__024,test_consistent_random_observations,PASS,solve_q1,observations,4,4,8,8,2.9272000001583365,POLYGON,4,22.901170157771865,11.450585078885933,11.450585078885947,1.4210854715202004e-14,True,scipy_with_fraction_check,scipy_highs_with_fraction_check,,0.14490000012301607,0.9949999994205427,0.4086999997525709,0.537899999471847,1.3835999998264015,0.30280000009952346,0.0006999998731771484,0.08679999973537633,0.13699999999516876,0.020399999812070746,0.02409999979136046,0.03200000082870247,0.10090000068885274
test_consistent_random_observations__025,test_consistent_random_observations,PASS,solve_q1,observations,3,3,6,6,2.1222000004854635,POLYGON,6,27.042483552084324,13.521241776042162,13.521241776042165,3.552713678800501e-15,True,scipy_with_fraction_check,scipy_highs_with_fraction_check,,0.0380000001314329,0.8053999999901862,0.22470000021712622,0.5353999995350023,0.7406000004266389,0.4702000005636364,0.0006000000212225132,0.17750000006344635,0.18319999981031287,0.031400000807479955,0.04219999937049579,0.033799999982875306,0.06799999937356915
test_consistent_random_observations__026,test_consistent_random_observations,PASS,solve_q1,observations,4,4,8,8,3.1720000006316695,POLYGON,6,23.07626034780428,11.53813017390214,12.427104819446122,0.888974645543982,False,scipy_with_fraction_check,scipy_highs_with_fraction_check,,0.03509999987727497,1.1178999993717298,0.49370000033377437,0.5666999995810329,1.4728000005561626,0.46750000001338776,0.0006999998731771484,0.19070000053034164,0.15999999959603883,0.037599999814119656,0.03280000055383425,0.04349999926489545,0.07870000081311446
test_consistent_random_observations__027,test_consistent_random_observations,PASS,solve_q1,observations,3,3,6,6,2.0051999999850523,POLYGON,5,26.043564992928037,13.021782496464018,13.021782496464045,2.6645352591003757e-14,True,scipy_with_fraction_check,scipy_highs_with_fraction_check,,0.028100000236008782,0.7777999999234453,0.2279999998791027,0.5070999995950842,0.766000000112399,0.36999999974796083,0.0007000007826718502,0.12759999935951782,0.15900000016699778,0.024699999812582973,0.02660000063769985,0.029599999834317714,0.06329999996523838
test_consistent_random_observations__028,test_consistent_random_observations,PASS,solve_q1,observations,4,4,8,8,2.5546000006215763,POLYGON,4,19.227330645630182,9.613665322815091,9.613665322815091,0.0,True,scipy_with_fraction_check,scipy_highs_with_fraction_check,,0.02860000040527666,0.8885000006557675,0.3893000002790359,0.45339999996940605,1.2735000000247965,0.2905000001192093,0.0006000000212225132,0.08450000041193562,0.130899999930989,0.019699999938893598,0.022899999748915434,0.030199999855540227,0.07349999941652641
test_consistent_random_observations__029,test_consistent_random_observations,PASS,solve_q1,observations,3,3,6,6,1.7135000007328927,POLYGON,4,20.1296607114347,10.06483035571735,14.367509026165235,4.302678670447886,False,scipy_with_fraction_check,scipy_highs_with_fraction_check,,0.027099999897473026,0.7147999995140708,0.22810000064055203,0.445699999545468,0.667500000417931,0.24279999979626155,0.0006000000212225132,0.08340000022144523,0.0900999993973528,0.019800000700342935,0.021899999410379678,0.02550000044720946,0.06130000110715628
test_consistent_random_observations__030,test_consistent_random_observations,PASS,solve_q1,observations,4,4,8,8,2.510199999960605,POLYGON,4,20.1296607114347,10.06483035571735,14.367509026165235,4.302678670447886,False,scipy_with_fraction_check,scipy_highs_with_fraction_check,,0.02860000040527666,0.8862000004228321,0.38840000070194947,0.45110000064596534,1.2805999995180173,0.2403999997113715,0.0006000000212225132,0.08239999988290947,0.0835999999253545,0.019699999938893598,0.022000000171829015,0.030399999559449498,0.07439999990310753
test_consistent_random_observations__031,test_consistent_random_observations,PASS,solve_q1,observations,3,3,6,6,1.9211999997423845,POLYGON,5,21.155216366145474,10.577608183072737,10.577608183072753,1.5987211554602254e-14,True,scipy_with_fraction_check,scipy_highs_with_fraction_check,,0.026899999284069054,0.7144000001062523,0.22540000009030337,0.4462000006242306,0.7451000001310604,0.37259999953676015,0.0006000000212225132,0.12930000048072543,0.1595999992787256,0.02519999998185085,0.027200000658922363,0.02919999951700447,0.062200000684242696
test_consistent_random_observations__032,test_consistent_random_observations,PASS,solve_q1,observations,4,4,8,8,4.133100000217382,POLYGON,6,16.14808659371456,8.07404329685728,8.19821205992348,0.12416876306619962,False,scipy_with_fraction_check,scipy_highs_with_fraction_check,,0.031100000342121348,0.8920000000216532,0.39510000078735175,0.4513000003498746,2.157900000383961,0.9724000001369859,0.0013000008038943633,0.39459999970858917,0.3255000001445296,0.08100000013655517,0.07689999983995222,0.08960000013757963,0.07969999933266081
test_consistent_random_observations__033,test_consistent_random_observations,PASS,solve_q1,observations,3,3,6,6,2.0612999996956205,POLYGON,6,19.567795610403557,9.783897805201779,9.783897805201779,0.0,True,scipy_with_fraction_check,scipy_highs_with_fraction_check,,0.02790000053209951,0.7292000000234111,0.229199999012053,0.45539999973698286,0.7593999998789513,0.4840000001422595,0.0006000000212225132,0.1846999994086218,0.19919999976991676,0.03020000076503493,0.03409999953873921,0.0335000004270114,0.060799999118898995
test_consistent_random_observations__034,test_consistent_random_observations,PASS,solve_q1,observations,4,4,8,8,3.2710000004954054,POLYGON,6,19.567795610403557,9.783897805201779,9.783897805201779,0.0,True,scipy_with_fraction_check,scipy_highs_with_fraction_check,,0.02880000010918593,1.3200000003052992,0.3881999991790508,0.8834999998725834,1.3659999995070393,0.4814000003534602,0.0006000000212225132,0.18619999991642544,0.19040000006498303,0.02969999968627235,0.031800000215298496,0.0411000000895001,0.07480000022042077
test_consistent_random_observations__035,test_consistent_random_observations,PASS,solve_q1,observations,3,3,6,6,2.035500000602042,POLYGON,6,33.296676229903746,16.648338114951873,16.648338114951873,0.0,True,scipy_with_fraction_check,scipy_highs_with_fraction_check,,0.027600000066740904,0.7337999995797873,0.22619999981543515,0.4645000008167699,0.750299999708659,0.4627999996955623,0.0006000000212225132,0.17939999997906853,0.1874999998108251,0.029400000130408444,0.030399999559449498,0.03389999983482994,0.06100000155129237
test_consistent_random_observations__036,test_consistent_random_observations,PASS,solve_q1,observations,4,4,8,8,2.767599999970116,POLYGON,5,18.03443480176642,9.01721740088321,9.758980307948145,0.7417629070649348,False,scipy_with_fraction_check,scipy_highs_with_fraction_check,,0.028899999961140566,0.9583999999449588,0.4442999997991137,0.46459999975922983,1.3761000000158674,0.3262999998696614,0.0005000001692678779,0.130899999930989,0.1063999998223153,0.02409999979136046,0.026700000489654485,0.03589999960240675,0.07790000017848797
test_consistent_random_observations__037,test_consistent_random_observations,PASS,solve_q1,observations,3,3,6,6,2.746600000136823,POLYGON,5,29.430560528708686,14.715280264354343,14.715280264354346,3.552713678800501e-15,True,scipy_with_fraction_check,scipy_highs_with_fraction_check,,0.530100000105449,0.9413999996468192,0.23289999990083743,0.6608999992749887,0.7404999996651895,0.4026000005978858,0.0007999997251317836,0.13520000084099593,0.17379999917466193,0.02790000053209951,0.029599999834317714,0.03329999981360743,0.1320000001214794
test_consistent_random_observations__038,test_consistent_random_observations,PASS,solve_q1,observations,4,4,8,8,2.7812000007543247,POLYGON,4,10.544068518967078,5.272034259483539,5.598583283384244,0.3265490239007045,False,scipy_with_fraction_check,scipy_highs_with_fraction_check,,0.0608000000283937,1.0404999993625097,0.4011999999420368,0.5889999993087258,1.2907000000268454,0.30169999990903307,0.0007000007826718502,0.08689999958733097,0.13659999967785552,0.019600000086938962,0.02480000057403231,0.031099999432626646,0.08750000142754288
test_consistent_random_observations__039,test_consistent_random_observations,PASS,solve_q1,observations,3,3,6,6,1.8950999992739526,POLYGON,4,17.212272665764843,8.606136332882421,14.230868743170147,5.624732410287725,False,scipy_with_fraction_check,scipy_highs_with_fraction_check,,0.03399999968678458,0.8048999998209183,0.22899999930814374,0.5317000004652073,0.7203000004665228,0.2703000000110478,0.0005000001692678779,0.08330000036949059,0.11670000003505265,0.019799999790848233,0.022399999579647556,0.025800000003073364,0.0655999992886791
test_consistent_random_observations__040,test_consistent_random_observations,PASS,solve_q1,observations,4,4,8,8,2.6711999998951796,POLYGON,4,17.212272665764843,8.606136332882421,14.230868743170147,5.624732410287725,False,scipy_with_fraction_check,scipy_highs_with_fraction_check,,0.0289999998130952,0.9078999992198078,0.3988999997091014,0.4635999994206941,1.380599999720289,0.27859999954671366,0.0006000000212225132,0.08380000053875847,0.11919999997189734,0.020200000108161476,0.022199999875738285,0.030899999728717376,0.07510000159527408
test_consistent_random_observations__041,test_consistent_random_observations,PASS,solve_q1,observations,3,3,6,6,2.0864000007350114,POLYGON,5,23.42281576551974,11.71140788275987,11.71140788275987,0.0,True,scipy_with_fraction_check,scipy_highs_with_fraction_check,,0.026599999728205148,0.7281000007424154,0.22809999882156262,0.4563999991660239,0.8576000000175554,0.41139999939332483,0.0006999998731771484,0.13250000029074727,0.19109999993816018,0.02570000015111873,0.027799999770650174,0.031800000215298496,0.06270000085351057
test_consistent_random_observations__042,test_consistent_random_observations,PASS,solve_q1,observations,4,4,8,8,2.776599999378959,POLYGON,6,23.42281576551974,11.71140788275987,11.71140788275987,0.0,True,scipy_with_fraction_check,scipy_highs_with_fraction_check,,0.028700000257231295,0.8790000001681619,0.3884999996444094,0.4450999995242455,1.3165000000299187,0.4779999999300344,0.0006000000212225132,0.1823999991756864,0.19080000038229628,0.029599999834317714,0.03190000006725313,0.04090000038559083,0.07439999899361283
test_consistent_random_observations__043,test_consistent_random_observations,PASS,solve_q1,observations,3,3,6,6,1.6762999994170968,POLYGON,3,11.57141590678283,5.785707953391415,9.737700054650201,3.951992101258786,False,scipy_with_fraction_check,scipy_highs_with_fraction_check,,0.026100000468431972,0.7109999996828265,0.22649999937129905,0.4435999999259366,0.6955999997444451,0.18320000071980758,0.0006000000212225132,0.05160000000614673,0.07590000041091116,0.012800000149582047,0.019500000234984327,0.021299999389157165,0.06039999880158575
test_consistent_random_observations__044,test_consistent_random_observations,PASS,solve_q1,observations,4,4,8,8,2.6448999997228384,POLYGON,4,11.564433577160434,5.782216788580217,9.44961523774773,3.6673984491675133,False,scipy_with_fraction_check,scipy_highs_with_fraction_check,,0.028299999939918052,0.895700000000943,0.3971999994973885,0.4534999998213607,1.3637000001835986,0.28139999994891696,0.0006000000212225132,0.08650000017951243,0.11840000024676556,0.019499999325489625,0.023800000235496555,0.030899999728717376,0.07579999964946182
test_consistent_random_observations__045,test_consistent_random_observations,PASS,solve_q1,observations,3,3,6,6,1.8841999999494874,POLYGON,5,26.16949016307199,13.084745081535996,13.084745081535996,0.0,True,scipy_with_fraction_check,scipy_highs_with_fraction_check,,0.026000000616477337,0.713000000359898,0.22650000028079376,0.4455999996935134,0.7131000002118526,0.371899999663583,0.0006000000212225132,0.1283999999941443,0.15910000001895241,0.025299999833805487,0.027400000362831634,0.029399999220913742,0.06019999909767648
test_consistent_random_observations__046,test_consistent_random_observations,PASS,solve_q1,observations,4,4,8,8,2.6619999998729327,POLYGON,5,24.753980463880698,12.376990231940349,12.376990231940349,0.0,True,scipy_with_fraction_check,scipy_highs_with_fraction_check,,0.027600000066740904,0.8717000000615371,0.38949999998294516,0.4369999996924889,1.3090000002193847,0.3804000007221475,0.0004999992597731762,0.13040000067121582,0.1612999994904385,0.024500000108673703,0.02680000034160912,0.03539999943313887,0.07329999880312243
test_consistent_random_observations__047,test_consistent_random_observations,PASS,solve_q1,observations,3,3,6,6,1.9179999999323627,POLYGON,4,26.12226229183838,13.06113114591919,18.469711911849167,5.408580765929978,False,scipy_with_fraction_check,scipy_highs_with_fraction_check,,0.03079999987676274,0.8545999999114429,0.22760000047128415,0.5830000000059954,0.7226999996419181,0.2449000003252877,0.0006000000212225132,0.08499999967170879,0.09030000001075678,0.019299999621580355,0.022900000658410136,0.02519999998185085,0.06500000017695129
test_consistent_random_observations__048,test_consistent_random_observations,PASS,solve_q1,observations,4,4,8,8,2.834699999766599,POLYGON,5,26.12226229183838,13.06113114591919,14.659043777974185,1.597912632054996,False,scipy_with_fraction_check,scipy_highs_with_fraction_check,,0.03569999989849748,0.9508000002824701,0.39259999903151765,0.5097000002933783,1.4339999997901032,0.3299999998489511,0.0006000000212225132,0.1306000003751251,0.10849999944184674,0.02550000044720946,0.02719999974942766,0.035799999750452116,0.08419999994657701
test_consistent_random_observations__049,test_consistent_random_observations,PASS,solve_q1,observations,3,3,6,6,2.0808999997825595,POLYGON,6,27.027300901021377,13.513650450510688,13.51365045051069,1.7763568394002505e-15,True,scipy_with_fraction_check,scipy_highs_with_fraction_check,,0.02680000034160912,0.7277000004251022,0.2289000003656838,0.4564000000755186,0.7755000006000046,0.4893000004813075,0.0006000000212225132,0.18940000063594198,0.19739999970624922,0.030299999707494862,0.0335000004270114,0.036499999623629265,0.06159999793453608
test_consistent_random_observations__050,test_consistent_random_observations,PASS,solve_q1,observations,4,4,8,8,2.818400000251131,POLYGON,6,27.027300901021377,13.513650450510688,13.51365045051069,1.7763568394002505e-15,True,scipy_with_fraction_check,scipy_highs_with_fraction_check,,0.02919999951700447,0.863000000208558,0.36529999943013536,0.4546000000118511,1.3611000003947993,0.49140000010083895,0.0006000000212225132,0.18679999993764795,0.1971000001503853,0.030399999559449498,0.03380000089237001,0.0410999991800054,0.07370000002993038
test_consistent_random_observations__051,test_consistent_random_observations,PASS,solve_q1,observations,3,3,6,6,2.0039000000906526,POLYGON,6,19.16836247120864,9.58418123560432,9.584181235604321,1.7763568394002505e-15,True,scipy_with_fraction_check,scipy_highs_with_fraction_check,,0.02919999951700447,0.7110999995347811,0.2268999996886123,0.44299999990471406,0.7359000001088134,0.46610000026703347,0.0004999992597731762,0.18110000019078143,0.18939999972644728,0.029100000574544538,0.03060000017285347,0.033799999982875306,0.06160000066302018
test_consistent_random_observations__052,test_consistent_random_observations,PASS,solve_q1,observations,4,4,8,8,2.7757999996538274,POLYGON,5,19.13245016188425,9.566225080942125,9.566225080942147,2.1316282072803006e-14,True,scipy_with_fraction_check,scipy_highs_with_fraction_check,,0.02860000040527666,0.8873000006133225,0.39929999911691993,0.4382999995868886,1.3995999997860054,0.38500000027852366,0.0006000000212225132,0.12990000050194794,0.1643999994485057,0.02519999998185085,0.026700000489654485,0.036299999919719994,0.07529999857069924
test_consistent_random_observations__053,test_consistent_random_observations,PASS,solve_q1,observations,3,3,6,6,2.014499999859254,POLYGON,6,20.640998148375722,10.320499074187861,10.83522584747656,0.5147267732886984,False,scipy_with_fraction_check,scipy_highs_with_fraction_check,,0.02480000057403231,0.7132999999157619,0.22249999892665073,0.45339999996940605,0.7131000002118526,0.4725999997390318,0.0006000000212225132,0.18509999972593505,0.18910000017058337,0.02969999968627235,0.03310000010969816,0.03329999981360743,0.09069999941857532
test_consistent_random_observations__054,test_consistent_random_observations,PASS,solve_q1,observations,4,4,8,8,2.7995000000373693,POLYGON,6,19.3220843499491,9.66104217497455,9.88734038608564,0.2262982111110894,False,scipy_with_fraction_check,scipy_highs_with_fraction_check,,0.03170000036334386,0.8930999993026489,0.3606000000218046,0.48910000077739824,1.3390000003710156,0.46470000052067917,0.0006000000212225132,0.17780000052880496,0.18289999934495427,0.028200000087963417,0.032500000088475645,0.0411000000895001,0.07099999947968172
test_consistent_random_observations__055,test_consistent_random_observations,PASS,solve_q1,observations,3,3,6,6,1.9886000000042259,POLYGON,4,26.501167804557774,13.250583902278887,13.250583902278898,1.0658141036401503e-14,True,scipy_with_fraction_check,scipy_highs_with_fraction_check,,0.036699999327538535,0.8416000000579515,0.23099999907572055,0.563700000384415,0.7494000001315726,0.29259999973874073,0.0006999998731771484,0.08600000001024455,0.1337000003331923,0.02009999934671214,0.023300000066228677,0.02680000034160912,0.06830000074842246
test_consistent_random_observations__056,test_consistent_random_observations,PASS,solve_q1,observations,4,4,8,8,2.8757000000041444,POLYGON,5,22.805573939008273,11.402786969504136,11.402786969504136,0.0,True,scipy_with_fraction_check,scipy_highs_with_fraction_check,,0.04260000059730373,0.9726999996928498,0.3949999991164077,0.529899999492045,1.3967000004413421,0.38270000004558824,0.0006999998731771484,0.1283999999941443,0.16250000044237822,0.02479999966453761,0.02769999991869554,0.03680000008898787,0.08099999922706047
test_consistent_random_observations__057,test_consistent_random_observations,PASS,solve_q1,observations,3,3,6,6,2.386399999522837,POLYGON,6,23.313649856317966,11.656824928158983,12.642625586619552,0.985800658460569,False,scipy_with_fraction_check,scipy_highs_with_fraction_check,,0.042499999835854396,1.009600000543287,0.2767000005405862,0.677900000482623,0.7797999996910221,0.4841999998461688,0.0006000000212225132,0.18700000055105193,0.19489999976940453,0.031099999432626646,0.033799999982875306,0.03480000032141106,0.07029999960650457
test_consistent_random_observations__058,test_consistent_random_observations,PASS,solve_q1,observations,4,4,8,8,2.896099999816215,POLYGON,6,17.74052334003286,8.87026167001643,9.003924806230152,0.13366313621372328,False,scipy_with_fraction_check,scipy_highs_with_fraction_check,,0.03870000000461005,0.9263000001737964,0.3666000011435244,0.5154999998921994,1.3962000002720742,0.45680000039283186,0.0006999998731771484,0.18500000078347512,0.16449999930046033,0.030100000003585592,0.03280000055383425,0.04199999966658652,0.07809999897290254
test_consistent_random_observations__059,test_consistent_random_observations,PASS,solve_q1,observations,3,3,6,6,2.228100000138511,POLYGON,6,24.78525038879993,12.392625194399965,16.236553279870343,3.8439280854703775,False,scipy_with_fraction_check,scipy_highs_with_fraction_check,,0.030000000151630957,0.8038999994823826,0.22819999958301196,0.5307999999786261,0.7583999995404156,0.5719000000681262,0.0005000001692678779,0.182699999641045,0.27710000085789943,0.039399999877787195,0.0351999997292296,0.03509999987727497,0.0639000008959556
test_consistent_random_observations__060,test_consistent_random_observations,PASS,solve_q1,observations,4,4,8,8,2.7660000005198526,POLYGON,4,18.306402758889053,9.153201379444527,11.216273141037888,2.0630717615933616,False,scipy_with_fraction_check,scipy_highs_with_fraction_check,,0.031100000342121348,0.9828000002016779,0.404299999900104,0.5315999997037579,1.3901000002078945,0.28560000009747455,0.0005000001692678779,0.08799999977782136,0.11999999969702912,0.019500000234984327,0.024699999812582973,0.031100000342121348,0.07639999967068434
test_consistent_random_observations__061,test_consistent_random_observations,PASS,solve_q1,observations,3,3,6,6,1.907500000015716,POLYGON,5,19.613576799317446,9.806788399658723,11.905041925636667,2.0982535259779436,False,scipy_with_fraction_check,scipy_highs_with_fraction_check,,0.028299999939918052,0.7741999997961102,0.22879999960423447,0.5037999999331078,0.7117000004654983,0.3350000006321352,0.0005000001692678779,0.11970000014116522,0.1368000002912595,0.023099999452824704,0.025800000003073364,0.027600000066740904,0.05829999918205431
test_consistent_random_observations__062,test_consistent_random_observations,PASS,solve_q1,observations,4,4,8,8,2.9002999999647727,POLYGON,6,19.613576799317446,9.806788399658723,11.905041925636667,2.0982535259779436,False,scipy_with_fraction_check,scipy_highs_with_fraction_check,,0.032899999496294186,0.9392000001753331,0.38890000087121734,0.5039000006945571,1.3914000001022941,0.46010000005480833,0.0005000001692678779,0.17829999978857813,0.17670000033831457,0.028899999961140566,0.03339999966556206,0.04020000051241368,0.07670000013604295
test_consistent_random_observations__063,test_consistent_random_observations,PASS,solve_q1,observations,3,3,6,6,1.8868999995902414,POLYGON,3,27.501756484920143,13.750878242460072,21.756944316203334,8.006066073743263,False,scipy_with_fraction_check,scipy_highs_with_fraction_check,,0.034300000152143184,0.8729000001039822,0.23039999905449804,0.5963000003248453,0.7130999993023579,0.2015999998548068,0.0006000000212225132,0.05340000006981427,0.09159999990515644,0.013500000022759195,0.019299999621580355,0.021500000002561137,0.06500000017695129
test_consistent_random_observations__064,test_consistent_random_observations,PASS,solve_q1,observations,4,4,8,8,2.6203999996141647,POLYGON,4,27.308153297295792,13.654076648647896,21.576154414551368,7.922077765903472,False,scipy_with_fraction_check,scipy_highs_with_fraction_check,,0.03060000017285347,0.9216999997079256,0.399400000787864,0.4766000001836801,1.316900000347232,0.27099999988422496,0.0006999998731771484,0.08280000020022271,0.11469999935798114,0.018700000509852543,0.02229999972769292,0.02990000029967632,0.08019999950192869
test_consistent_random_observations__065,test_consistent_random_observations,PASS,solve_q1,observations,3,3,6,6,1.677400000517082,POLYGON,4,22.910479182973717,11.455239591486858,14.480793803952906,3.025554212466048,False,scipy_with_fraction_check,scipy_highs_with_fraction_check,,0.026900000193563756,0.6826999997429084,0.2162000000680564,0.4271000007065595,0.636300000223855,0.27039999986300245,0.0005000001692678779,0.08109999998850981,0.11859999995067483,0.019099999917671084,0.024400000256719068,0.025099999220401514,0.061100000493752304
test_consistent_random_observations__066,test_consistent_random_observations,PASS,solve_q1,observations,4,4,8,8,2.3817999999664607,POLYGON,4,22.910479182973717,11.455239591486858,14.480793803952906,3.025554212466048,False,scipy_with_fraction_check,scipy_highs_with_fraction_check,,0.02680000034160912,0.8213999999497901,0.35800000023300527,0.41650000002846355,1.183399999717949,0.2801000000545173,0.0006000000212225132,0.0855999996929313,0.11859999995067483,0.019300000531075057,0.023999999939405825,0.030299999707494862,0.0700999999025953
test_consistent_random_observations__067,test_consistent_random_observations,PASS,solve_q1,observations,3,3,6,6,1.900200000818586,POLYGON,6,23.685923450406495,11.842961725203248,12.485129755085659,0.6421680298824111,False,scipy_with_fraction_check,scipy_highs_with_fraction_check,,0.026700000489654485,0.6765999996787286,0.21179999930609483,0.42550000034680124,0.7156000001486973,0.42409999969095225,0.0006000000212225132,0.16709999999875436,0.1598999997440842,0.02949999998236308,0.0320999997711624,0.0335000004270114,0.05720000081055332
test_consistent_random_observations__068,test_consistent_random_observations,PASS,solve_q1,observations,4,4,8,8,2.7712000000974513,POLYGON,6,23.685923450406495,11.842961725203248,12.485129755085659,0.6421680298824111,False,scipy_with_fraction_check,scipy_highs_with_fraction_check,,0.029599999834317714,0.888900000063586,0.37350000002334127,0.47110000014072284,1.3650000000779983,0.4168999994362821,0.0004999992597731762,0.1675000003160676,0.1523000000815955,0.02750000021478627,0.02949999998236308,0.038099999983387534,0.07080000068526715
test_consistent_random_observations__069,test_consistent_random_observations,PASS,solve_q1,observations,3,3,6,6,1.937500000167347,POLYGON,6,29.232435042508126,14.616217521254063,15.951188646296263,1.3349711250422,False,scipy_with_fraction_check,scipy_highs_with_fraction_check,,0.027299999601382297,0.6964000003790716,0.2122999994753627,0.44380000053934054,0.7515999996030587,0.40410000019619474,0.0005000001692678779,0.16520000008313218,0.14989999999670545,0.027400000362831634,0.028599999495781958,0.031100000342121348,0.05810000038763974
test_consistent_random_observations__070,test_consistent_random_observations,PASS,solve_q1,observations,4,4,8,8,2.6922000006379676,POLYGON,6,28.159568871784522,14.079784435892261,14.370238372068785,0.29045393617652415,False,scipy_with_fraction_check,scipy_highs_with_fraction_check,,0.026499999876250513,0.8379999999306165,0.37010000050941017,0.42550000034680124,1.3175000003684545,0.44070000058127334,0.0006000000212225132,0.1916999999593827,0.14310000005934853,0.029200000426499173,0.03279999964433955,0.04179999996267725,0.06949999988137279
test_consistent_random_observations__071,test_consistent_random_observations,PASS,solve_q1,observations,3,3,6,6,1.963400000022375,POLYGON,6,34.37106650367972,17.18553325183986,17.185533251839885,2.4868995751603507e-14,True,scipy_with_fraction_check,scipy_highs_with_fraction_check,,0.02479999966453761,0.7197000004453002,0.22170000011101365,0.4576999999699183,0.7349000006797723,0.42670000038924627,0.0006000000212225132,0.16560000040044542,0.17179999940708512,0.027300000510877,0.029099999665049836,0.030899999728717376,0.05729999884351855
test_consistent_random_observations__072,test_consistent_random_observations,PASS,solve_q1,observations,4,4,8,8,2.6434000001245295,POLYGON,6,18.940515556184263,9.470257778092131,11.807226706537218,2.3369689284450867,False,scipy_with_fraction_check,scipy_highs_with_fraction_check,,0.030000000151630957,0.8293000000776374,0.3707999994730926,0.41510000028210925,1.2894999999844003,0.4258999997546198,0.0006000000212225132,0.16630000027362257,0.16390000018873252,0.027499999305291567,0.028500000553322025,0.037599999814119656,0.068700000156241
test_consistent_random_observations__073,test_consistent_random_observations,PASS,solve_q1,observations,3,3,6,6,1.9262000005255686,POLYGON,5,20.50021025576835,10.250105127884176,10.702091804762697,0.451986676878521,False,scipy_with_fraction_check,scipy_highs_with_fraction_check,,0.026499999876250513,0.7181999999374966,0.2297000010003103,0.44520000028569484,0.7763999992675963,0.3428999998504878,0.0005000001692678779,0.12179999976069666,0.14199999986885814,0.023600000531587284,0.02519999998185085,0.028200000087963417,0.0622000015937374
test_consistent_random_observations__074,test_consistent_random_observations,PASS,solve_q1,observations,4,4,8,8,2.666500000486849,POLYGON,6,20.50021025576835,10.250105127884176,10.493607449875348,0.24350232199117272,False,scipy_with_fraction_check,scipy_highs_with_fraction_check,,0.02679999943211442,0.8406999995713704,0.37319999955798266,0.4208000000289758,1.312800000050629,0.41460000011284137,0.0005000001692678779,0.16770000001997687,0.1508999994257465,0.027400000362831634,0.028700000257231295,0.03789999936998356,0.07160000131989364
test_consistent_random_observations__075,test_consistent_random_observations,PASS,solve_q1,observations,3,3,6,6,1.940100000865641,POLYGON,6,26.153691291495313,13.076845645747657,18.006338139936368,4.929492494188711,False,scipy_with_fraction_check,scipy_highs_with_fraction_check,,0.027400000362831634,0.6817999992563273,0.21399999968707561,0.42860000030486844,0.7409999998344574,0.4307999997763545,0.0005999991117278114,0.17139999999926658,0.16680000044289045,0.0289999998130952,0.030100000003585592,0.03149999974993989,0.059100001635670196
test_consistent_random_observations__076,test_consistent_random_observations,PASS,solve_q1,observations,4,4,8,8,2.6361999998698593,POLYGON,5,23.89694708567158,11.94847354283579,11.94847354283579,0.0,True,scipy_with_fraction_check,scipy_highs_with_fraction_check,,0.030700000024808105,0.8786000007603434,0.37340000017138664,0.4612000002452987,1.301199999943492,0.34869999944930896,0.0005000001692678779,0.11790000007749768,0.14729999929841142,0.023399999918183312,0.025100000129896216,0.03300000025774352,0.07699999969190685
test_consistent_random_observations__077,test_consistent_random_observations,PASS,solve_q1,observations,3,3,6,6,1.9032000000152038,POLYGON,5,22.85584481912781,11.427922409563905,14.443539326102059,3.0156169165381534,False,scipy_with_fraction_check,scipy_highs_with_fraction_check,,0.025100000129896216,0.6954000000405358,0.21349999951780774,0.4417000000103144,0.7685999999011983,0.3553000005922513,0.0006000000212225132,0.12149999929533806,0.15609999991283985,0.02300000051036477,0.025100000129896216,0.027600000066740904,0.058799999351322185
test_consistent_random_observations__078,test_consistent_random_observations,PASS,solve_q1,observations,4,4,8,8,2.6239999997414998,POLYGON,5,20.079376434589125,10.039688217294563,12.715990388422426,2.6763021711278636,False,scipy_with_fraction_check,scipy_highs_with_fraction_check,,0.026200000320386607,0.8662000000185799,0.385100001039973,0.4380000000310247,1.2984999993932433,0.36110000019107247,0.0006000000212225132,0.12149999929533806,0.15419999999721767,0.02350000067963265,0.026199999410891905,0.0335000004270114,0.07199999981821747
test_consistent_random_observations__079,test_consistent_random_observations,PASS,solve_q1,observations,3,3,6,6,1.8004000003202236,POLYGON,5,23.599418860013905,11.799709430006953,12.094476571657177,0.2947671416502242,False,scipy_with_fraction_check,scipy_highs_with_fraction_check,,0.025399999685760122,0.6900999997014878,0.21209999977145344,0.43879999975615647,0.7209999994302052,0.30590000005759066,0.0006000000212225132,0.11899999935849337,0.11100000028818613,0.02300000051036477,0.023699999474047218,0.02719999974942766,0.058000001445179805
test_consistent_random_observations__080,test_consistent_random_observations,PASS,solve_q1,observations,4,4,8,8,2.586199999313976,POLYGON,5,22.712282643557256,11.356141321778628,11.356141321778631,3.552713678800501e-15,True,scipy_with_fraction_check,scipy_highs_with_fraction_check,,0.026699999580159783,0.833500000226195,0.37370000063674524,0.4164000001765089,1.3082999994367128,0.34900000082416227,0.0006000000212225132,0.11629999971773941,0.14939999982743757,0.024300000404764432,0.023699999474047218,0.03290000040578889,0.0686999992467463
test_consistent_random_observations__081,test_consistent_random_observations,PASS,solve_q1,observations,3,3,6,6,1.9230999996580067,POLYGON,6,32.289195351864606,16.144597675932303,16.144597675932314,1.0658141036401503e-14,True,scipy_with_fraction_check,scipy_highs_with_fraction_check,,0.024500000108673703,0.6728999996994389,0.21470000046974747,0.4180999994787271,0.7267000000865664,0.4413999995449558,0.0004999992597731762,0.17010000010486692,0.17870000010589138,0.028000000384054147,0.03099999958067201,0.031600000511389226,0.05760000021837186
test_consistent_random_observations__082,test_consistent_random_observations,PASS,solve_q1,observations,4,4,8,8,3.5954000004494446,POLYGON,6,26.3166136858927,13.15830684294635,13.39473235983642,0.23642551689006908,False,scipy_with_fraction_check,scipy_highs_with_fraction_check,,0.053700000535172876,0.991500000054657,0.40609999996377155,0.5184000001463573,1.8476999994163634,0.5836000000272179,0.0006999998731771484,0.18249999993713573,0.20479999966482865,0.06590000066353241,0.08290000005217735,0.04489999992074445,0.11890000041603344
test_consistent_random_observations__083,test_consistent_random_observations,PASS,solve_q1,observations,3,3,6,6,1.6842000004544389,POLYGON,4,17.528363083493996,8.764181541746998,11.130370220725672,2.3661886789786735,False,scipy_with_fraction_check,scipy_highs_with_fraction_check,,0.03220000053261174,0.7234999993670499,0.21180000021558953,0.47839999933785293,0.6364999999277643,0.22590000025957124,0.0006000000212225132,0.07639999967068434,0.0839000003907131,0.017800000023271423,0.020899999981338624,0.02479999966453761,0.06610000036744168
test_consistent_random_observations__084,test_consistent_random_observations,PASS,solve_q1,observations,4,4,8,8,2.4520999995729653,POLYGON,5,17.528363083493996,8.764181541746998,9.469959750907634,0.7057782091606359,False,scipy_with_fraction_check,scipy_highs_with_fraction_check,,0.029400000130408444,0.837399999909394,0.3550000001268927,0.4399999997986015,1.230799999575538,0.28529999963211594,0.0006000000212225132,0.10999999994965037,0.09539999973640079,0.02190000031987438,0.023599999622092582,0.03240000023652101,0.06920000032550888
test_consistent_random_observations__085,test_consistent_random_observations,PASS,solve_q1,observations,3,3,6,6,2.731899999162124,POLYGON,6,32.314230614523254,16.157115307261627,16.157115307261634,7.105427357601002e-15,True,scipy_with_fraction_check,scipy_highs_with_fraction_check,,0.028899999961140566,0.7372999998551677,0.2055000004475005,0.47170000016194535,1.1475000001155422,0.7473000005120412,0.0010000003385357559,0.1916999999593827,0.36329999966255855,0.05810000038763974,0.06489999941550195,0.06550000034621917,0.07089999871823238
test_consistent_random_observations__086,test_consistent_random_observations,PASS,solve_q1,observations,4,4,8,8,3.21180000082677,POLYGON,6,32.314230614523254,16.157115307261627,16.157115307261634,7.105427357601002e-15,True,scipy_with_fraction_check,scipy_highs_with_fraction_check,,0.03329999981360743,1.2836999994760845,0.3604000003178953,0.8764999993218225,1.3530000005630427,0.47170000016194535,0.0006000000212225132,0.1717000004646252,0.19459999930404592,0.031600000511389226,0.03310000010969816,0.03839999953925144,0.07010000081209
test_consistent_random_observations__087,test_consistent_random_observations,PASS,solve_q1,observations,3,3,6,6,1.8045999995592865,POLYGON,4,31.775242378748,15.887621189374,20.00510059847413,4.117479409100129,False,scipy_with_fraction_check,scipy_highs_with_fraction_check,,0.02809999932651408,0.7241000002977671,0.2324999995835242,0.4496000001381617,0.7510999994337908,0.23689999943599105,0.0004999992597731762,0.080500000876782,0.08779999916441739,0.018400000044493936,0.02370000038354192,0.024699999812582973,0.06440000106522348
test_consistent_random_observations__088,test_consistent_random_observations,PASS,solve_q1,observations,4,4,8,8,2.6663000007829396,POLYGON,5,31.775242378748,15.887621189374,15.88762118937401,8.881784197001252e-15,True,scipy_with_fraction_check,scipy_highs_with_fraction_check,,0.02990000029967632,0.8899000004021218,0.39739999920129776,0.44720000005327165,1.3160999997126055,0.3544000001056702,0.0004999992597731762,0.1191000001199427,0.15100000018719584,0.022500000341096893,0.026599999728205148,0.03310000010969816,0.0760000002628658
test_consistent_random_observations__089,test_consistent_random_observations,PASS,solve_q1,observations,3,3,6,6,1.8746999994618818,POLYGON,6,26.69702640099359,13.348513200496795,14.291716547498476,0.9432033470016812,False,scipy_with_fraction_check,scipy_highs_with_fraction_check,,0.024899999516492244,0.6879000002300018,0.21709999873564811,0.4322000004322035,0.6992999997237348,0.4055999997945037,0.0006000000212225132,0.1658000001043547,0.14959999953134684,0.02770000082819024,0.029299999368959107,0.03130000004603062,0.05700000019714935
test_consistent_random_observations__090,test_consistent_random_observations,PASS,solve_q1,observations,4,4,8,8,2.575999999862688,POLYGON,6,26.69702640099359,13.348513200496795,13.893042689463496,0.5445294889667007,False,scipy_with_fraction_check,scipy_highs_with_fraction_check,,0.02919999951700447,0.8028000002013869,0.36269999964133603,0.3985999992437428,1.2765999999828637,0.3980999999839696,0.0006000000212225132,0.1658000001043547,0.13690000014321413,0.027399999453336932,0.028200000087963417,0.03769999966607429,0.06930000017746352
test_consistent_random_observations__091,test_consistent_random_observations,PASS,solve_q1,observations,3,3,6,6,2.5202999995599384,POLYGON,6,32.37987472002551,16.189937360012756,16.189937360012784,2.842170943040401e-14,True,scipy_with_fraction_check,scipy_highs_with_fraction_check,,0.03199999991920777,0.7261000000653439,0.2390000008745119,0.44520000028569484,0.7433999999193475,0.9439000004931586,0.0006000000212225132,0.2376000002186629,0.28470000052038813,0.05400000009103678,0.32359999931941275,0.04160000025876798,0.0748999991628807
test_consistent_random_observations__092,test_consistent_random_observations,PASS,solve_q1,observations,4,4,8,8,3.026800000043295,POLYGON,5,23.02189947628377,11.510949738141885,12.33058192805251,0.8196321899106245,False,scipy_with_fraction_check,scipy_highs_with_fraction_check,,0.042300000131945126,1.0867999999391031,0.4223000005367794,0.6137999998827581,1.3976999998703832,0.4183999999440857,0.0006999998731771484,0.1436000002286164,0.1720000000204891,0.030000000151630957,0.032500000088475645,0.037599999814119656,0.08160000015777769
test_consistent_random_observations__093,test_consistent_random_observations,PASS,solve_q1,observations,3,3,6,6,2.0508999996309285,POLYGON,5,25.155948285436285,12.577974142718142,12.577974142718169,2.6645352591003757e-14,True,scipy_with_fraction_check,scipy_highs_with_fraction_check,,0.031800000215298496,0.8413999994445476,0.22360000093613053,0.5737000001317938,0.7438000002366607,0.36729999919771217,0.0005000001692678779,0.12729999980365392,0.15609999991283985,0.02519999998185085,0.027600000066740904,0.0289999998130952,0.06660000053670956
test_consistent_random_observations__094,test_consistent_random_observations,PASS,solve_q1,observations,4,4,8,8,3.4358000002612243,POLYGON,5,25.155948285436285,12.577974142718142,12.577974142718169,2.6645352591003757e-14,True,scipy_with_fraction_check,scipy_highs_with_fraction_check,,0.06860000030428637,0.9503000001132023,0.38529999983438756,0.517299999955867,1.8405999999231426,0.48180000067077344,0.0006000000212225132,0.13519999993150122,0.23289999990083743,0.03500000002532033,0.03569999989849748,0.04040000021632295,0.09449999924981967
test_consistent_random_observations__095,test_consistent_random_observations,PASS,solve_q1,observations,3,3,6,6,1.8227999998998712,POLYGON,3,12.782323619368027,6.3911618096840135,7.829863511063272,1.4387017013792587,False,scipy_with_fraction_check,scipy_highs_with_fraction_check,,0.02860000040527666,0.8075999994616723,0.21209999977145344,0.5512999996426515,0.7237999998324085,0.20150000000285218,0.0006000000212225132,0.05400000009103678,0.08999999954539817,0.01359999987471383,0.019800000700342935,0.021799999558425043,0.061300000197661575
test_consistent_random_observations__096,test_consistent_random_observations,PASS,solve_q1,observations,4,4,8,8,2.8272999998080195,POLYGON,3,12.782323619368027,6.3911618096840135,7.829863511063272,1.4387017013792587,False,scipy_with_fraction_check,scipy_highs_with_fraction_check,,0.03860000015265541,1.0903000002144836,0.39599999945494346,0.647900000330992,1.3687999999092426,0.2486000003045774,0.0006000000212225132,0.05560000045079505,0.11419999918871326,0.01700000029813964,0.026300000172341242,0.03300000025774352,0.08099999922706047
test_consistent_random_observations__097,test_consistent_random_observations,PASS,solve_q1,observations,3,3,6,6,2.1466999996846425,POLYGON,5,27.910956732580164,13.955478366290082,14.039927292386345,0.08444892609626287,False,scipy_with_fraction_check,scipy_highs_with_fraction_check,,0.03329999981360743,0.7866999994803336,0.22739999985788018,0.5212999994910206,0.8938000000853208,0.36559999989549397,0.0006999998731771484,0.12700000024779,0.1457999997001025,0.031200000194075983,0.02719999974942766,0.0320999997711624,0.0673000004098867
test_consistent_random_observations__098,test_consistent_random_observations,PASS,solve_q1,observations,4,4,8,8,2.8495999995357124,POLYGON,5,20.24829273239503,10.124146366197515,10.124146366197515,0.0,True,scipy_with_fraction_check,scipy_highs_with_fraction_check,,0.04379999973025406,1.0094999997818377,0.3911000003427034,0.5692000004273723,1.3373000001593027,0.377200000002631,0.0006999998731771484,0.12650000007852213,0.16030000006139744,0.024500000108673703,0.02809999932651408,0.03530000049067894,0.08179999986168696
test_consistent_random_observations__099,test_consistent_random_observations,PASS,solve_q1,observations,3,3,6,6,2.0622000001822016,POLYGON,5,25.190219572291205,12.595109786145603,12.595109786145613,1.0658141036401503e-14,True,scipy_with_fraction_check,scipy_highs_with_fraction_check,,0.04840000019612489,0.7974000000103842,0.23179999971034704,0.5221999999776017,0.7450999992215657,0.387600000067323,0.0006999998731771484,0.13660000058735022,0.16429999959655106,0.026200000320386607,0.02719999974942766,0.03079999987676274,0.08370000068680383
test_consistent_random_observations__100,test_consistent_random_observations,PASS,solve_q1,observations,4,4,8,8,2.921299999798066,POLYGON,6,24.363353693465573,12.181676846732787,12.18167684673281,2.3092638912203256e-14,True,scipy_with_fraction_check,scipy_highs_with_fraction_check,,0.03460000061750179,0.896900000043388,0.37539999993896345,0.4668000001402106,1.4381999999386608,0.4800000006071059,0.0007999997251317836,0.18710000040300656,0.19189999966329196,0.02880000010918593,0.031200000194075983,0.03859999924316071,0.07159999859140953
test_consistent_random_observations__101,test_consistent_random_observations,PASS,solve_q1,observations,3,3,6,6,1.7770000004020403,POLYGON,4,23.416704374856483,11.708352187428241,14.576318795022905,2.8679666075946635,False,scipy_with_fraction_check,scipy_highs_with_fraction_check,,0.024200000552809797,0.7114000000001397,0.21070000093459385,0.45929999942018185,0.7180000002335873,0.2616000001580687,0.0005000001692678779,0.08539999998902204,0.10509999992791563,0.019600000086938962,0.02390000008745119,0.025499999537714757,0.06179999945743475
test_consistent_random_observations__102,test_consistent_random_observations,PASS,solve_q1,observations,4,4,8,8,2.578699999503442,POLYGON,5,22.962850530763838,11.481425265381919,14.573144827573994,3.0917195621920754,False,scipy_with_fraction_check,scipy_highs_with_fraction_check,,0.02700000004551839,0.8387999996557483,0.36160000036034035,0.4352000005383161,1.2526000000434578,0.3910000004907488,0.0006000000212225132,0.1281000004382804,0.13239999952929793,0.05160000000614673,0.035200000638724305,0.04129999979340937,0.06929999926796881
test_consistent_random_observations__103,test_consistent_random_observations,PASS,solve_q1,observations,3,3,6,6,1.6746999999668333,POLYGON,3,20.27150907190812,10.13575453595406,15.720415808989546,5.584661273035486,False,scipy_with_fraction_check,scipy_highs_with_fraction_check,,0.025499999537714757,0.7525999999415944,0.20939999922120478,0.5020999997213949,0.6480000001829467,0.19049999991693767,0.0005000001692678779,0.04689999968832126,0.09279999994760146,0.012500000593718141,0.01669999983278103,0.019499999325489625,0.05810000038763974
test_consistent_random_observations__104,test_consistent_random_observations,PASS,solve_q1,observations,4,4,8,8,2.716399999371788,POLYGON,4,19.30347510956782,9.65173755478391,14.952746389677008,5.301008834893098,False,scipy_with_fraction_check,scipy_highs_with_fraction_check,,0.027300000510877,0.9838000005402137,0.39090000063879415,0.5467000000862754,1.3561999994635698,0.2797999995891587,0.0006000000212225132,0.08239999988290947,0.125800000205345,0.018900000213761814,0.021099999685247894,0.029400000130408444,0.06929999926796881
test_consistent_random_observations__105,test_consistent_random_observations,PASS,solve_q1,observations,3,3,6,6,1.734299999952782,POLYGON,4,18.01940247065873,9.009701235329365,12.127138136436844,3.11743690110748,False,scipy_with_fraction_check,scipy_highs_with_fraction_check,,0.026700000489654485,0.7365999999819905,0.21870000000490109,0.4822999999305466,0.6812000001445995,0.2325000004930189,0.0006000000212225132,0.07860000005166512,0.08290000005217735,0.01700000029813964,0.023499999770137947,0.028399999791872688,0.05729999884351855
test_consistent_random_observations__106,test_consistent_random_observations,PASS,solve_q1,observations,4,4,8,8,2.340099999855738,POLYGON,4,18.01940247065873,9.009701235329365,12.127138136436844,3.11743690110748,False,scipy_with_fraction_check,scipy_highs_with_fraction_check,,0.02789999962260481,0.8331999997608364,0.36019999970449135,0.42940000003000023,1.1797999995906139,0.2297000000908156,0.0005000001692678779,0.07819999973435188,0.08210000032704556,0.017299999854003545,0.022000000171829015,0.02789999962260481,0.06950000079086749
test_consistent_random_observations__107,test_consistent_random_observations,PASS,solve_q1,observations,3,3,6,6,1.9855999998981133,POLYGON,6,24.785486220032382,12.392743110016191,15.082403507669817,2.6896603976536255,False,scipy_with_fraction_check,scipy_highs_with_fraction_check,,0.032500000088475645,0.7371000001512584,0.21389999892562628,0.482200000078592,0.7150999999794294,0.4392000000734697,0.0005000001692678779,0.16869999944901792,0.16630000027362257,0.03099999958067201,0.03890000061801402,0.03199999991920777,0.061699999605480116
test_consistent_random_observations__108,test_consistent_random_observations,PASS,solve_q1,observations,4,4,8,8,2.8509000003396068,POLYGON,6,24.169381095836204,12.084690547918102,12.084690547918102,0.0,True,scipy_with_fraction_check,scipy_highs_with_fraction_check,,0.04369999987829942,0.9557000003042049,0.4075999995620805,0.5035000003772439,1.333300000624149,0.4414000004544505,0.0005000001692678779,0.16999999934341758,0.1740000006975606,0.02719999974942766,0.029799999538226984,0.0380000001314329,0.07679999907850288
test_consistent_random_observations__109,test_consistent_random_observations,PASS,solve_q1,observations,3,3,6,6,2.00700000004872,POLYGON,6,32.62811081792988,16.31405540896494,19.52154664493904,3.2074912359741,False,scipy_with_fraction_check,scipy_highs_with_fraction_check,,0.02790000053209951,0.7146999996621162,0.21860000015294645,0.449799999842071,0.751499999751104,0.4515000000537839,0.0006000000212225132,0.18149999959859997,0.17410000054951524,0.028299999939918052,0.03279999964433955,0.032699999792384915,0.06140000004961621
test_consistent_random_observations__110,test_consistent_random_observations,PASS,solve_q1,observations,4,4,8,8,2.7568000004976057,POLYGON,6,32.62110437306821,16.310552186534107,19.691313439996883,3.380761253462776,False,scipy_with_fraction_check,scipy_highs_with_fraction_check,,0.030700000024808105,0.8829999997033156,0.3896000007443945,0.4487999995035352,1.323700000284589,0.4107000004296424,0.0006000000212225132,0.18340000042371685,0.12299999980314169,0.0289999998130952,0.0335000004270114,0.039599999581696466,0.10870000005525071
test_consistent_random_observations__111,test_consistent_random_observations,PASS,solve_q1,observations,3,3,6,6,2.20660000013595,POLYGON,6,23.92802564192114,11.96401282096057,16.54500973528699,4.58099691432642,False,scipy_with_fraction_check,scipy_highs_with_fraction_check,,0.027600000066740904,0.7384999998976127,0.2207000006819726,0.4711999999926775,0.8895999999367632,0.48769999921205454,0.0006000000212225132,0.1984999998967396,0.16430000050604576,0.041199999941454735,0.04019999960291898,0.04090000038559083,0.06320000102277845
test_consistent_random_observations__112,test_consistent_random_observations,PASS,solve_q1,observations,4,4,8,8,4.0621999996801605,POLYGON,6,23.58562512287119,11.792812561435595,16.566754455161508,4.7739418937259135,False,scipy_with_fraction_check,scipy_highs_with_fraction_check,,0.04239999998389976,1.325600000200211,0.5522999999811873,0.7198000002972549,1.9792000002780696,0.6100999999034684,0.000999999429041054,0.27210000007471535,0.18120000004273606,0.04450000051292591,0.047199999244185165,0.06170000051497482,0.10489999931451166
test_consistent_random_observations__113,test_consistent_random_observations,PASS,solve_q1,observations,3,3,6,6,3.22760000017297,POLYGON,5,23.996335681461492,11.998167840730746,14.92030749379433,2.9221396530635833,False,scipy_with_fraction_check,scipy_highs_with_fraction_check,,0.05210000017541461,1.346199999716191,0.43759999971371144,0.8315000004586182,1.136400000177673,0.557200000002922,0.0008999995770864189,0.2016000007643015,0.21639999977196567,0.03990000004705507,0.044499999603431206,0.05109999983687885,0.1357000001007691
test_consistent_random_observations__114,test_consistent_random_observations,PASS,solve_q1,observations,4,4,8,8,4.049299999678624,POLYGON,5,23.971422298640526,11.985711149320263,11.985711149320263,0.0,True,scipy_with_fraction_check,scipy_highs_with_fraction_check,,0.043399999412940815,1.1599999997997656,0.4933000000164611,0.6134000004749396,2.1580000002359156,0.5420000006779446,0.0007000007826718502,0.15619999976479448,0.2482999998392188,0.04079999962414149,0.03980000019510044,0.053499999921768904,0.14589999955205712
test_consistent_random_observations__115,test_consistent_random_observations,PASS,solve_q1,observations,3,3,6,6,2.5412000004507718,POLYGON,5,21.19893530218919,10.599467651094596,12.805836067037188,2.206368415942592,False,scipy_with_fraction_check,scipy_highs_with_fraction_check,,0.031599999601894524,1.2765999999828637,0.22770000032323878,1.0004999994635,0.8102000001599663,0.35630000002129236,0.0006000000212225132,0.13029999990976648,0.13839999974152306,0.02550000044720946,0.028200000087963417,0.03149999974993989,0.06650000068475492
test_consistent_random_observations__116,test_consistent_random_observations,PASS,solve_q1,observations,4,4,8,8,3.03280000025552,POLYGON,5,19.90679392295804,9.95339696147902,9.95339696147902,0.0,True,scipy_with_fraction_check,scipy_highs_with_fraction_check,,0.049700000090524554,1.0484000003998517,0.3998000001956825,0.5979000006846036,1.3954999994894024,0.41169999985868344,0.0008999995770864189,0.12489999971876387,0.18670000008569332,0.030199999855540227,0.028300000849412754,0.038499999391206075,0.1275000004170579
test_consistent_random_observations__117,test_consistent_random_observations,PASS,solve_q1,observations,3,3,6,6,1.9727999997485313,POLYGON,4,13.3338116271036,6.6669058135518,10.783862324599278,4.116956511047478,False,scipy_with_fraction_check,scipy_highs_with_fraction_check,,0.03060000017285347,0.8396000002903747,0.23069999951985665,0.5648000005749054,0.7428999997500796,0.2934000003733672,0.0006000000212225132,0.08660000003146706,0.1342999994449201,0.020500000573520083,0.023599999622092582,0.026000000616477337,0.06629999916185625
test_consistent_random_observations__118,test_consistent_random_observations,PASS,solve_q1,observations,4,4,8,8,2.708899999561254,POLYGON,4,13.3338116271036,6.6669058135518,10.783862324599278,4.116956511047478,False,scipy_with_fraction_check,scipy_highs_with_fraction_check,,0.0349000001733657,0.9551000002829824,0.39290000040637096,0.5145999994056183,1.3426999994408106,0.29600000016216654,0.0006000000212225132,0.08609999986219918,0.13269999999465654,0.02029999996011611,0.023599999622092582,0.030800000786257442,0.08019999950192869
test_consistent_random_observations__119,test_consistent_random_observations,PASS,solve_q1,observations,3,3,6,6,1.9006000002264045,POLYGON,4,26.84440885344491,13.422204426722455,13.422204426722484,2.842170943040401e-14,True,scipy_with_fraction_check,scipy_highs_with_fraction_check,,0.036500000533123966,0.8022000001801644,0.22840000019641593,0.5300999991959543,0.7122999995772261,0.2829000004567206,0.0006000000212225132,0.0819000006231363,0.1297999997404986,0.019899999642802868,0.023100000362319406,0.025999999706982635,0.06669999947916949
test_consistent_random_observations__120,test_consistent_random_observations,PASS,solve_q1,observations,4,4,8,8,3.9271999994525686,POLYGON,5,23.6521278839666,11.8260639419833,11.826063941983302,1.7763568394002505e-15,True,scipy_with_fraction_check,scipy_highs_with_fraction_check,,0.03459999970800709,0.9417000001121778,0.4015000004073954,0.4882000002908171,2.3206000005302485,0.5474999998114072,0.0010000003385357559,0.14370000008057104,0.27739999950426864,0.03480000032141106,0.03730000025825575,0.05059999966761097,0.08279999929072801
test_consistent_random_observations__121,test_consistent_random_observations,PASS,solve_q1,observations,3,3,6,6,2.515299999686249,POLYGON,5,31.34122936737858,15.67061468368929,15.670614683689307,1.5987211554602254e-14,True,scipy_with_fraction_check,scipy_highs_with_fraction_check,,0.047200000153679866,0.8855999994921149,0.22059999992052326,0.6180000000313157,1.0155999998460175,0.49250000029132934,0.0006999998731771484,0.19460000021354062,0.20059999951627105,0.028399999791872688,0.031200000194075983,0.03470000046945643,0.07439999990310753
test_consistent_random_observations__122,test_consistent_random_observations,PASS,solve_q1,observations,4,4,8,8,2.9792000004817965,POLYGON,5,31.34122936737858,15.67061468368929,15.670614683689307,1.5987211554602254e-14,True,scipy_with_fraction_check,scipy_highs_with_fraction_check,,0.03980000019510044,1.0358999998061336,0.392699999792967,0.5927000001975102,1.4268000004449277,0.39480000032199314,0.0006000000212225132,0.1320000001214794,0.16909999976633117,0.025999999706982635,0.028500000553322025,0.036499999623629265,0.08189999971364159
test_consistent_random_observations__123,test_consistent_random_observations,PASS,solve_q1,observations,3,3,6,6,2.2644999999101856,POLYGON,6,35.88335078499438,17.94167539249719,17.941675392497203,1.4210854715202004e-14,True,scipy_with_fraction_check,scipy_highs_with_fraction_check,,0.03459999970800709,0.8754000000408269,0.22709999939252157,0.5779000002803514,0.752999999349413,0.5349000002752291,0.0006000000212225132,0.18209999961982248,0.22540000009030337,0.03860000015265541,0.04309999985707691,0.043000000005122274,0.06660000053670956
test_consistent_random_observations__124,test_consistent_random_observations,PASS,solve_q1,observations,4,4,8,8,2.8843999998571235,POLYGON,5,27.27107044553867,13.635535222769334,13.635535222769363,2.842170943040401e-14,True,scipy_with_fraction_check,scipy_highs_with_fraction_check,,0.03099999958067201,1.006000000415952,0.39649999962421134,0.5227000001468696,1.3799999996990664,0.3896999996868544,0.0005000001692678779,0.13099999978294363,0.16690000029484509,0.02519999998185085,0.028399999791872688,0.036100000215810724,0.0777000004745787
test_consistent_random_observations__125,test_consistent_random_observations,PASS,solve_q1,observations,3,3,6,6,2.746799999840732,POLYGON,6,35.9569185639281,17.97845928196405,18.994368680705563,1.0159093987415133,False,scipy_with_fraction_check,scipy_highs_with_fraction_check,,0.03060000017285347,0.8386999998037936,0.21889999970881036,0.5734999995183898,0.7849000003261608,1.022400000692869,0.0006000000212225132,0.2646000002641813,0.4610999994838494,0.0915000000532018,0.09870000030787196,0.10229999952571234,0.07019999884505523
test_consistent_random_observations__126,test_consistent_random_observations,PASS,solve_q1,observations,4,4,8,8,2.7005000001736335,POLYGON,4,29.73829323158163,14.869146615790815,16.887122835674145,2.01797621988333,False,scipy_with_fraction_check,scipy_highs_with_fraction_check,,0.041199999941454735,1.001900000119349,0.3820000001724111,0.5713000000469037,1.328500000454369,0.24949999988166383,0.0006000000212225132,0.08320000051753595,0.09080000018002465,0.019600000086938962,0.022399999579647556,0.03099999958067201,0.0793999997767969
test_consistent_random_observations__127,test_consistent_random_observations,PASS,solve_q1,observations,3,3,6,6,2.1592000002783607,POLYGON,4,25.223157967782935,12.611578983891468,14.523436280262057,1.9118572963705898,False,scipy_with_fraction_check,scipy_highs_with_fraction_check,,0.03310000010969816,1.0458000006110524,0.3225999998903717,0.6719000002703979,0.7349999996222323,0.2786999993986683,0.0006000000212225132,0.08710000020073494,0.12079999942216091,0.019100000827165786,0.023899999177956488,0.02530000074330019,0.06660000053670956
test_consistent_random_observations__128,test_consistent_random_observations,PASS,solve_q1,observations,4,4,8,8,2.7049000000261003,POLYGON,4,25.223157967782935,12.611578983891468,14.523436280262057,1.9118572963705898,False,scipy_with_fraction_check,scipy_highs_with_fraction_check,,0.03279999964433955,0.9472000001551351,0.39920000017446,0.501800000165531,1.3641999994433718,0.28449999990698416,0.0004999992597731762,0.08750000051804818,0.12129999959142879,0.01880000036180718,0.02320000021427404,0.031399999897985253,0.07620000087626977
test_consistent_random_observations__129,test_consistent_random_observations,PASS,solve_q1,observations,3,3,6,6,2.056000000266067,POLYGON,6,25.350880607598643,12.675440303799322,12.973479135836232,0.2980388320369105,False,scipy_with_fraction_check,scipy_highs_with_fraction_check,,0.032899999496294186,0.7738000003882917,0.23019999935058877,0.5007999998269952,0.7487000002583954,0.43540000024222536,0.0007999997251317836,0.18530000033933902,0.14790000022912864,0.030199999855540227,0.03569999989849748,0.03389999983482994,0.06519999988086056
test_consistent_random_observations__130,test_consistent_random_observations,PASS,solve_q1,observations,4,4,8,8,2.893900000344729,POLYGON,4,12.686195811969542,6.343097905984771,6.343097905984776,5.329070518200751e-15,True,scipy_with_fraction_check,scipy_highs_with_fraction_check,,0.03530000049067894,1.1641999999483232,0.5520000004253234,0.5608999999822117,1.316400000177964,0.3001000004587695,0.0006000000212225132,0.08729999990464421,0.13479999961418798,0.018900000213761814,0.025499999537714757,0.03130000004603062,0.07789999926899327
test_consistent_random_observations__131,test_consistent_random_observations,PASS,solve_q1,observations,3,3,6,6,2.656300000126066,POLYGON,3,26.835474185274858,13.417737092637429,16.699666448674503,3.2819293560370735,False,scipy_with_fraction_check,scipy_highs_with_fraction_check,,0.05689999943570001,1.1430000004111207,0.3586000002542278,0.7186000002548099,1.0528999991947785,0.3074000005653943,0.0006999998731771484,0.07520000053773401,0.14879999980621506,0.019299999621580355,0.027799999770650174,0.033400000575056765,0.09610000051907264
test_consistent_random_observations__132,test_consistent_random_observations,PASS,solve_q1,observations,4,4,8,8,2.68320000031963,POLYGON,4,26.835474185274858,13.417737092637429,13.417737092637434,5.329070518200751e-15,True,scipy_with_fraction_check,scipy_highs_with_fraction_check,,0.03149999974993989,0.9273999994547921,0.39820000074541895,0.48319999950763304,1.354400000309397,0.294400000711903,0.0006000000212225132,0.08570000045438064,0.1325999992332072,0.019300000531075057,0.022899999748915434,0.03130000004603062,0.07550000009359792
test_consistent_random_observations__133,test_consistent_random_observations,PASS,solve_q1,observations,3,3,6,6,1.9760999994105077,POLYGON,5,20.546170899938325,10.273085449969162,16.12589986624213,5.852814416272967,False,scipy_with_fraction_check,scipy_highs_with_fraction_check,,0.026200000320386607,0.7212000000436092,0.22900000021763844,0.45140000020182924,0.7293000007848605,0.43589999950199854,0.0006000000212225132,0.1328999996985658,0.1940000001923181,0.035400000342633575,0.0351999997292296,0.03590000051190145,0.06349999875965295
test_consistent_random_observations__134,test_consistent_random_observations,PASS,solve_q1,observations,4,4,8,8,2.8413000000000466,POLYGON,6,20.51773338550417,10.258866692752084,10.258866692752107,2.3092638912203256e-14,True,scipy_with_fraction_check,scipy_highs_with_fraction_check,,0.030599999263358768,0.917499999559368,0.39119999928516336,0.4876000002695946,1.3365999993766309,0.48160000005736947,0.0006000000212225132,0.18420000014884863,0.19220000012865057,0.02930000027845381,0.03319999996165279,0.040499999158782884,0.07500000174331944
test_consistent_random_observations__135,test_consistent_random_observations,PASS,solve_q1,observations,3,3,6,6,1.8659999996089027,POLYGON,5,17.92004184716972,8.96002092358486,9.549138863770946,0.5891179401860853,False,scipy_with_fraction_check,scipy_highs_with_fraction_check,,0.02480000057403231,0.7145999998101615,0.2105999992636498,0.4619999999704305,0.7287999997060979,0.33989999974437524,0.0006000000212225132,0.13029999990976648,0.12390000028972281,0.025499999537714757,0.028500000553322025,0.029399999220913742,0.057899999774235766
test_consistent_random_observations__136,test_consistent_random_observations,PASS,solve_q1,observations,4,4,8,8,2.699100000427279,POLYGON,5,17.92004184716972,8.96002092358486,9.549138863770946,0.5891179401860853,False,scipy_with_fraction_check,scipy_highs_with_fraction_check,,0.029799999538226984,0.886299999365292,0.3972000004068832,0.444499999503023,1.368700000057288,0.33960000018851133,0.0004999992597731762,0.12490000062825857,0.12409999999363208,0.02479999966453761,0.027799999770650174,0.03580000065994682,0.07470000127796084
test_consistent_random_observations__137,test_consistent_random_observations,PASS,solve_q1,observations,3,3,6,6,1.7837000004874426,POLYGON,4,25.987897097450688,12.993948548725344,20.34574339427128,7.351794845545937,False,scipy_with_fraction_check,scipy_highs_with_fraction_check,,0.029599999834317714,0.7191000004240777,0.21999999989930075,0.4571999998006504,0.7236999999804539,0.24790000043140026,0.0006000000212225132,0.08449999950244091,0.09190000037051504,0.020200000108161476,0.022899999748915434,0.025999999706982635,0.06339999981719302
test_consistent_random_observations__138,test_consistent_random_observations,PASS,solve_q1,observations,4,4,8,8,2.7520000003278255,POLYGON,5,25.987897097450688,12.993948548725344,16.38629054678608,3.3923419980607346,False,scipy_with_fraction_check,scipy_highs_with_fraction_check,,0.03570000080799218,0.9347999994133716,0.39139999989856733,0.4951999999320833,1.3748000001214677,0.32499999997526174,0.0006999998731771484,0.1281000004382804,0.10689999999158317,0.024500000108673703,0.02719999974942766,0.03569999989849748,0.08170000000973232
test_consistent_random_observations__139,test_consistent_random_observations,PASS,solve_q1,observations,3,3,6,6,1.9291999997221865,POLYGON,5,18.55282554527517,9.276412772637585,11.040324174163743,1.7639114015261583,False,scipy_with_fraction_check,scipy_highs_with_fraction_check,,0.03399999968678458,0.8056999995460501,0.21870000000490109,0.542900000255031,0.6997999998930027,0.3253999993830803,0.0006999998731771484,0.13159999980416615,0.10800000018207356,0.025299999833805487,0.028200000087963417,0.029800000447721686,0.06430000121326884
test_consistent_random_observations__140,test_consistent_random_observations,PASS,solve_q1,observations,4,4,8,8,2.8603999999177177,POLYGON,6,17.7627306792776,8.8813653396388,10.735862738513486,1.8544973988746865,False,scipy_with_fraction_check,scipy_highs_with_fraction_check,,0.0289999998130952,0.8999000001495006,0.3879999985656468,0.46550000024581095,1.3980999992782017,0.45609999961016,0.0006000000212225132,0.18350000027567148,0.16599999980826396,0.030100000003585592,0.03310000010969816,0.0411000000895001,0.07730000106676016
test_consistent_random_observations__141,test_consistent_random_observations,PASS,solve_q1,observations,3,3,6,6,1.8748000002233312,POLYGON,5,19.302908920579394,9.651454460289697,9.686188153598927,0.03473369330922971,False,scipy_with_fraction_check,scipy_highs_with_fraction_check,,0.02629999926284654,0.7128999995984486,0.22780000108468812,0.4434000002220273,0.7223000002340996,0.3519000001688255,0.0005000001692678779,0.12859999969805358,0.1453000004403293,0.023399999918183312,0.025800000003073364,0.02680000034160912,0.06140000095911091
test_consistent_random_observations__142,test_consistent_random_observations,PASS,solve_q1,observations,4,4,8,8,2.7278999996269704,POLYGON,5,19.208580491575876,9.604290245787938,9.627962241979635,0.023671996191696465,False,scipy_with_fraction_check,scipy_highs_with_fraction_check,,0.028899999961140566,0.8947999995143618,0.39060000108293025,0.4590999997162726,1.359799999590905,0.37009999959991546,0.0006000000212225132,0.12940000033268007,0.14970000029279618,0.02519999998185085,0.02809999932651408,0.03530000049067894,0.0743000009606476
test_consistent_random_observations__143,test_consistent_random_observations,PASS,solve_q1,observations,3,3,6,6,1.8420999995214515,POLYGON,4,31.011424830055763,15.505712415027881,15.505712415027896,1.4210854715202004e-14,True,scipy_with_fraction_check,scipy_highs_with_fraction_check,,0.025999999706982635,0.7206000000223867,0.22619999890594045,0.45229999977891566,0.7501999998567044,0.28499999916675733,0.0005000001692678779,0.08479999996779952,0.1300999992963625,0.01920000067912042,0.02319999930477934,0.02550000044720946,0.06030000076862052
test_consistent_random_observations__144,test_consistent_random_observations,PASS,solve_q1,observations,4,4,8,8,2.9924999998911517,POLYGON,5,28.681728902376182,14.340864451188091,14.340864451188095,3.552713678800501e-15,True,scipy_with_fraction_check,scipy_highs_with_fraction_check,,0.028200000087963417,1.1133999996673083,0.5957999992460827,0.4698000002463232,1.3933000000179163,0.3833999999187654,0.0005000001692678779,0.12989999959245324,0.16340000001946464,0.025400000595254824,0.027099999897473026,0.0351999997292296,0.07420000019919826
test_consistent_random_observations__145,test_consistent_random_observations,PASS,solve_q1,observations,3,3,6,6,1.852199999120785,POLYGON,5,26.891954524394816,13.445977262197408,14.377575624125836,0.9315983619284278,False,scipy_with_fraction_check,scipy_highs_with_fraction_check,,0.02750000021478627,0.7351000003836816,0.22809999973105732,0.4639999997380073,0.6960000000617583,0.33090000033553224,0.0005000001692678779,0.12349999997240957,0.1277999999729218,0.02320000021427404,0.02570000015111873,0.028699999347736593,0.06269999812502647
test_consistent_random_observations__146,test_consistent_random_observations,PASS,solve_q1,observations,4,4,8,8,2.6322000003347057,POLYGON,5,18.626933282401094,9.313466641200547,10.161280450929183,0.8478138097286365,False,scipy_with_fraction_check,scipy_highs_with_fraction_check,,0.027200000658922363,0.886299999365292,0.3725000005943002,0.4597999995894497,1.3410000001385924,0.307099999190541,0.0006000000212225132,0.1216000000567874,0.10039999961009016,0.023100000362319406,0.025399999685760122,0.03420000030018855,0.07060000098135788
test_consistent_random_observations__147,test_consistent_random_observations,PASS,solve_q1,observations,3,3,6,6,2.093600000080187,POLYGON,5,16.28343874830061,8.141719374150306,10.020325876117752,1.8786065019674467,False,scipy_with_fraction_check,scipy_highs_with_fraction_check,,0.0259000007645227,0.7336999997278326,0.20449999919947004,0.48890000016399426,0.6966999999349355,0.5789999995613471,0.0005000001692678779,0.2675000005183392,0.20289999974920647,0.03290000040578889,0.03679999917949317,0.03640000068116933,0.05830000009154901
test_consistent_random_observations__148,test_consistent_random_observations,PASS,solve_q1,observations,4,4,8,8,4.0665000005901675,POLYGON,5,16.28343874830061,8.141719374150306,8.461997439298743,0.3202780651484378,False,scipy_with_fraction_check,scipy_highs_with_fraction_check,,0.045900000259280205,1.2305999998716288,0.5361999992601341,0.6280999996306491,2.0930000000589644,0.5951000002824003,0.0008999995770864189,0.19570000040403102,0.24599999960628338,0.04739999985758914,0.04549999994196696,0.05700000019714935,0.1019000001178938
test_consistent_random_observations__149,test_consistent_random_observations,PASS,solve_q1,observations,3,3,6,6,5.1006000003326335,POLYGON,5,25.50987491365179,12.754937456825894,15.09940224474934,2.344464787923446,False,scipy_with_fraction_check,scipy_highs_with_fraction_check,,0.08690000049682567,1.9584000001486856,0.5822999992233235,1.2819000003219116,1.997299999857205,0.8934999996199622,0.0015999994502635673,0.34670000059122685,0.3192999993189005,0.06639999992330559,0.0763000007282244,0.07849999929021578,0.16450000020995503
test_consistent_random_observations__150,test_consistent_random_observations,PASS,solve_q1,observations,4,4,8,8,6.555800000569434,POLYGON,6,20.417231311133513,10.208615655566756,10.4551442336223,0.2465285780555444,False,scipy_with_fraction_check,scipy_highs_with_fraction_check,,0.0853000001370674,2.38199999967037,1.0296000009475392,1.201299999593175,2.893200000471552,1.0089999996125698,0.0012000000424450263,0.36949999957869295,0.39910000032250537,0.06659999962721486,0.07390000064333435,0.09469999986322364,0.18630000067787478
test_consistent_random_observations__151,test_consistent_random_observations,PASS,solve_q1,observations,3,3,6,6,5.318700000316312,POLYGON,6,30.782561073253586,15.391280536626793,16.05585177680175,0.664571240174956,False,scipy_with_fraction_check,scipy_highs_with_fraction_check,,0.07570000070700189,1.916700000037963,0.5965000000287546,1.216000000567874,1.9141000002491637,1.2460999996619648,0.001499999598308932,0.48010000045906054,0.5178999999770895,0.07679999998799758,0.08019999950192869,0.08570000045438064,0.1660999996602186
test_consistent_random_observations__152,test_consistent_random_observations,PASS,solve_q1,observations,4,4,8,8,7.255799999256851,POLYGON,6,30.395780286786067,15.197890143393034,15.19789014339304,7.105427357601002e-15,True,scipy_with_fraction_check,scipy_highs_with_fraction_check,,0.07970000024215551,2.28400000014517,1.0374000003139372,1.1190000004717149,3.4738000003926572,1.227199999448203,0.0014000006558489986,0.4450999995242455,0.5140000002938905,0.07649999952263897,0.08000000070751412,0.10549999933573417,0.19109999902866548
test_consistent_random_observations__153,test_consistent_random_observations,PASS,solve_q1,observations,3,3,6,6,5.595900000116671,POLYGON,6,16.22981576796982,8.11490788398491,8.11490788398491,0.0,True,scipy_with_fraction_check,scipy_highs_with_fraction_check,,0.09130000034929253,2.097900000080699,0.6210999999893829,1.3666999993802165,2.049500000794069,1.1829000004581758,0.001600000359758269,0.4546999998638057,0.4868000005444628,0.07349999941652641,0.07900000036897836,0.0824999997348641,0.1742999984344351
test_consistent_random_observations__154,test_consistent_random_observations,PASS,solve_q1,observations,4,4,8,8,5.0205000006826594,POLYGON,7,15.66922215318764,7.83461107659382,8.24205703687934,0.4074459602855196,False,scipy_with_fraction_check,scipy_highs_with_fraction_check,,0.06819999998697313,1.5628000001015607,0.6353999997372739,0.8501000002070214,2.361899999414163,0.8941000005506794,0.0010000003385357559,0.3608999995776685,0.34589999995660037,0.05520000013348181,0.05609999971056823,0.07189999996626284,0.13350000062928302
test_consistent_random_observations__155,test_consistent_random_observations,PASS,solve_q1,observations,3,3,6,6,1.9088000008196104,POLYGON,3,14.531833146560603,7.265916573280301,10.978508424883996,3.712591851603695,False,scipy_with_fraction_check,scipy_highs_with_fraction_check,,0.032899999496294186,0.9196999999403488,0.22939999962545699,0.6521999994220096,0.67140000010113,0.2184999993914971,0.0006000000212225132,0.05469999996421393,0.10469999961060239,0.013800000488117803,0.020599999515980016,0.022400000489142258,0.06630000189034035
test_consistent_random_observations__156,test_consistent_random_observations,PASS,solve_q1,observations,4,4,8,8,3.159000000778178,POLYGON,3,5.042656613974294,2.521328306987147,3.9314127551999016,1.4100844482127548,False,scipy_with_fraction_check,scipy_highs_with_fraction_check,,0.03999999989900971,1.2055999995936872,0.535199999831093,0.6113999997978681,1.5733000000182074,0.23580000015499536,0.0006999998731771484,0.060200000007171184,0.10560000009718351,0.01539999993838137,0.02229999972769292,0.02949999998236308,0.10430000111227855
test_consistent_random_observations__157,test_consistent_random_observations,PASS,solve_q1,observations,3,3,6,6,1.935300000695861,POLYGON,5,24.743918081324423,12.371959040662212,12.371959040662224,1.2434497875801753e-14,True,scipy_with_fraction_check,scipy_highs_with_fraction_check,,0.027799999770650174,0.7728999999017105,0.23880000026110793,0.4909999997835257,0.7091999996191589,0.36380000074132113,0.0006000000212225132,0.11829999948531622,0.15950000033626566,0.025599999389669392,0.027600000066740904,0.03060000017285347,0.06160000066302018
test_consistent_random_observations__158,test_consistent_random_observations,PASS,solve_q1,observations,4,4,8,8,2.641099999891594,POLYGON,3,12.660570437339388,6.330285218669694,9.296109837786624,2.9658246191169297,False,scipy_with_fraction_check,scipy_highs_with_fraction_check,,0.026499999876250513,0.9096000003410154,0.36499999896477675,0.48880000031203963,1.418799999555631,0.2173000002585468,0.0005000001692678779,0.04839999928663019,0.1022000005832524,0.015699999494245276,0.023399999918183312,0.025299999833805487,0.06889999986015027
test_consistent_random_observations__159,test_consistent_random_observations,PASS,solve_q1,observations,3,3,6,6,1.8227000000479165,POLYGON,5,23.86658576788942,11.93329288394471,15.065429420008051,3.132136536063342,False,scipy_with_fraction_check,scipy_highs_with_fraction_check,,0.02429999949526973,0.6768000002921326,0.20810000023629982,0.42719999964901945,0.7106000002750079,0.35399999978835694,0.0006999998731771484,0.12590000005729962,0.14740000005986076,0.02370000038354192,0.02519999998185085,0.02969999968627235,0.05700000019714935
test_consistent_random_observations__160,test_consistent_random_observations,PASS,solve_q1,observations,4,4,8,8,2.6528999997026403,POLYGON,5,23.86658576788942,11.93329288394471,15.065429420008051,3.132136536063342,False,scipy_with_fraction_check,scipy_highs_with_fraction_check,,0.02700000004551839,0.8195000000341679,0.3648000001703622,0.41200000032404205,1.3608999997813953,0.37539999993896345,0.0006000000212225132,0.12929999957123073,0.15390000044135377,0.02680000034160912,0.02769999991869554,0.03539999943313887,0.0700999999025953
test_consistent_random_observations__161,test_consistent_random_observations,PASS,solve_q1,observations,3,3,6,6,1.8633999998201034,POLYGON,4,25.581473800958232,12.790736900479116,15.957837228437715,3.1671003279585985,False,scipy_with_fraction_check,scipy_highs_with_fraction_check,,0.029100000574544538,0.7760999997117324,0.21219999871391337,0.520900000083202,0.7180000002335873,0.2779000005830312,0.0006000000212225132,0.08550000075047137,0.11929999982385198,0.02069999936793465,0.02370000038354192,0.026499999876250513,0.06229999871720793
test_consistent_random_observations__162,test_consistent_random_observations,PASS,solve_q1,observations,4,4,8,8,2.6707999995778664,POLYGON,6,22.870502577644604,11.435251288822302,13.114006339519833,1.6787550506975304,False,scipy_with_fraction_check,scipy_highs_with_fraction_check,,0.027300000510877,0.8330000000569271,0.36559999989549397,0.4247999995641294,1.2896999996883096,0.45169999975769315,0.0006000000212225132,0.18050000016955892,0.16390000018873252,0.030100000003585592,0.0334999995175167,0.04150000040681334,0.06909999956405954
test_consistent_random_observations__163,test_consistent_random_observations,PASS,solve_q1,observations,3,3,6,6,2.0126000008531264,POLYGON,6,28.44783122999307,14.223915614996535,14.223915614996557,2.1316282072803006e-14,True,scipy_with_fraction_check,scipy_highs_with_fraction_check,,0.03589999960240675,0.7600999997521285,0.21980000019539148,0.49730000046110945,0.6898999999975786,0.46010000005480833,0.0005000001692678779,0.17019999995682156,0.19549999979062704,0.029100000574544538,0.029999999242136255,0.033200000871147495,0.06660000144620426
test_consistent_random_observations__164,test_consistent_random_observations,PASS,solve_q1,observations,4,4,8,8,2.6097999998455634,POLYGON,6,16.049549728366415,8.024774864183208,8.395012830816738,0.37023796663353004,False,scipy_with_fraction_check,scipy_highs_with_fraction_check,,0.0289999998130952,0.8535999995729071,0.34409999989293283,0.4636999992726487,1.2334000002738321,0.425100000029488,0.0006000000212225132,0.15770000027259812,0.16589999995630933,0.028499999643827323,0.030299999707494862,0.040300000364368316,0.068700000156241
test_consistent_random_observations__165,test_consistent_random_observations,PASS,solve_q1,observations,3,3,6,6,2.1974999999656575,POLYGON,6,23.772736553421012,11.886368276710506,11.886368276710506,0.0,True,scipy_with_fraction_check,scipy_highs_with_fraction_check,,0.02840000070136739,0.7052000000840053,0.22149999949760968,0.4433999993125326,0.8064000003287219,0.5894000005355338,0.0006999998731771484,0.26389999948150944,0.2131000001099892,0.031200000194075983,0.03639999977167463,0.042499999835854396,0.06809999831602909
test_consistent_random_observations__166,test_consistent_random_observations,PASS,solve_q1,observations,4,4,8,8,2.9330999996091123,POLYGON,6,23.772736553421012,11.886368276710506,11.886368276710506,0.0,True,scipy_with_fraction_check,scipy_highs_with_fraction_check,,0.03329999981360743,0.9024000000863452,0.39000000015221303,0.46600000041507883,1.4262000004237052,0.49370000033377437,0.0006999998731771484,0.18799999998009298,0.19799999972747173,0.02990000029967632,0.03419999939069385,0.041199999941454735,0.07749999895168003
test_consistent_random_observations__167,test_consistent_random_observations,PASS,solve_q1,observations,3,3,6,6,1.7465999999330961,POLYGON,4,25.613012744259628,12.806506372129814,12.80650637212984,2.6645352591003757e-14,True,scipy_with_fraction_check,scipy_highs_with_fraction_check,,0.0289999998130952,0.6940999992366415,0.22590000025957124,0.42970000049535884,0.6718000004184432,0.28959999963262817,0.0005999991117278114,0.08400000024266774,0.13269999999465654,0.020700000277429353,0.022899999748915434,0.026900000193563756,0.06210000083228806
test_consistent_random_observations__168,test_consistent_random_observations,PASS,solve_q1,observations,4,4,8,8,2.747599999565864,POLYGON,4,19.09083938013213,9.545419690066065,9.545419690066074,8.881784197001252e-15,True,scipy_with_fraction_check,scipy_highs_with_fraction_check,,0.03240000023652101,0.9367000002384884,0.4049000008308212,0.48580000020592706,1.3958999998067156,0.30559999959223205,0.0006000000212225132,0.08799999977782136,0.1371000007566181,0.02069999936793465,0.024300000404764432,0.032899999496294186,0.07699999969190685
test_consistent_random_observations__169,test_consistent_random_observations,PASS,solve_q1,observations,3,3,6,6,2.0077999997738516,POLYGON,5,21.0435559471971,10.52177797359855,12.701437817551831,2.1796598439532815,False,scipy_with_fraction_check,scipy_highs_with_fraction_check,,0.03459999970800709,0.8066000000326312,0.2260999999634805,0.5389999996623374,0.7214000006570132,0.38330000006681075,0.0006000000212225132,0.12690000039583538,0.14629999986937037,0.04549999994196696,0.03060000017285347,0.031599999601894524,0.061899999309389386
test_consistent_random_observations__170,test_consistent_random_observations,PASS,solve_q1,observations,4,4,8,8,3.180900000188558,POLYGON,7,21.0435559471971,10.52177797359855,12.701437817551831,2.1796598439532815,False,scipy_with_fraction_check,scipy_highs_with_fraction_check,,0.03149999974993989,0.8535999995729071,0.38050000057410216,0.430199999755132,1.4952000001358101,0.7236000001284992,0.0006000000212225132,0.36539999928209,0.22190000072441762,0.0365999994755839,0.040300000364368316,0.056799999583745375,0.07700000060140155
test_consistent_random_observations__171,test_consistent_random_observations,PASS,solve_q1,observations,3,3,6,6,2.0269000006010174,POLYGON,6,21.91320695917051,10.956603479585254,10.956603479585269,1.4210854715202004e-14,True,scipy_with_fraction_check,scipy_highs_with_fraction_check,,0.027399999453336932,0.7248000001709443,0.20990000029996736,0.4746000004161033,0.7479000005332637,0.4670999996960745,0.0005000001692678779,0.1799000001483364,0.1888999995571794,0.0304000004689442,0.031799999305803794,0.03400000059627928,0.05970000074739801
test_consistent_random_observations__172,test_consistent_random_observations,PASS,solve_q1,observations,4,4,8,8,3.0338999995365157,POLYGON,6,19.904144780448533,9.952072390224266,10.085069966022342,0.13299757579807547,False,scipy_with_fraction_check,scipy_highs_with_fraction_check,,0.03170000036334386,0.9311000003435765,0.39459999970858917,0.49080000007961644,1.4634999997724663,0.5307000001266715,0.0006000000212225132,0.20169999970676145,0.20709999989776406,0.03300000025774352,0.03709999964485178,0.049000000217347406,0.07689999893045751
test_consistent_random_observations__173,test_consistent_random_observations,PASS,solve_q1,observations,3,3,6,6,2.185599999393162,POLYGON,6,31.75158382503002,15.87579191251501,15.87579191251502,8.881784197001252e-15,True,scipy_with_fraction_check,scipy_highs_with_fraction_check,,0.02790000053209951,0.7250999997268082,0.2212999997937004,0.4653000005419017,0.8075000005192123,0.5612000004475703,0.0006999998731771484,0.18739999995887047,0.26419999994686805,0.03550000019458821,0.03440000000409782,0.03709999964485178,0.0638999981674715
test_consistent_random_observations__174,test_consistent_random_observations,PASS,solve_q1,observations,4,4,8,8,2.8308999999353546,POLYGON,5,13.46589902881116,6.73294951440558,8.071725394475942,1.3387758800703624,False,scipy_with_fraction_check,scipy_highs_with_fraction_check,,0.031000000490166713,0.9344999998575076,0.4343999999036896,0.45560000035038684,1.4106999997238745,0.3697000001920969,0.0006000000212225132,0.14420000024983892,0.11829999948531622,0.0366000003850786,0.029799999538226984,0.038300000596791506,0.08499999967170879
test_consistent_random_observations__175,test_consistent_random_observations,PASS,solve_q1,observations,3,3,6,6,1.9364999998288113,POLYGON,6,18.47240467265363,9.236202336326816,11.643535223063191,2.4073328867363752,False,scipy_with_fraction_check,scipy_highs_with_fraction_check,,0.025100000129896216,0.7462000003215508,0.2106000001731445,0.49649999982648296,0.7256999997480307,0.3778000000238535,0.0005000001692678779,0.16690000029484509,0.11319999975967221,0.02990000029967632,0.032500000088475645,0.03319999996165279,0.061699999605480116
test_consistent_random_observations__176,test_consistent_random_observations,PASS,solve_q1,observations,4,4,8,8,2.9533999995692284,POLYGON,6,17.86918476743969,8.934592383719846,10.94162996469077,2.007037580970925,False,scipy_with_fraction_check,scipy_highs_with_fraction_check,,0.03150000065943459,0.9932999992088298,0.4591000006257673,0.48739999965619063,1.3390000003710156,0.4988000000594184,0.0006999998731771484,0.20959999983460875,0.16260000029433286,0.038299999687296804,0.04290000015316764,0.04290000015316764,0.09079999927052995
test_consistent_random_observations__177,test_consistent_random_observations,PASS,solve_q1,observations,3,3,6,6,1.7889999999169959,POLYGON,5,18.167080593364368,9.083540296682184,9.27266433895939,0.18912404227720536,False,scipy_with_fraction_check,scipy_highs_with_fraction_check,,0.024899999516492244,0.6703999997625942,0.1976000003196532,0.43399999958637636,0.6994000004851841,0.33230000008188654,0.0005000001692678779,0.11830000039481092,0.13659999967785552,0.022700000045006163,0.025399999685760122,0.027400000362831634,0.06200000007083872
test_consistent_random_observations__178,test_consistent_random_observations,PASS,solve_q1,observations,4,4,8,8,2.6024999997389386,POLYGON,5,18.167080593364368,9.083540296682184,9.27266433895939,0.18912404227720536,False,scipy_with_fraction_check,scipy_highs_with_fraction_check,,0.029200000426499173,0.8563999999751104,0.3675999996630708,0.44689999958791304,1.2865999997302424,0.35799999932351056,0.0006000000212225132,0.12989999959245324,0.1422000004822621,0.023300000066228677,0.026199999410891905,0.03420000030018855,0.07230000028357608
test_consistent_random_observations__179,test_consistent_random_observations,PASS,solve_q1,observations,3,3,6,6,2.1009000001868117,POLYGON,6,26.421712805055996,13.210856402527998,17.77190923039144,4.561052827863442,False,scipy_with_fraction_check,scipy_highs_with_fraction_check,,0.030299999707494862,0.6924999997863779,0.21919999926467426,0.4329999992478406,0.797200000306475,0.5203000000619795,0.0006000000212225132,0.1925999995364691,0.22460000036517158,0.03079999987676274,0.035600000046542846,0.03409999953873921,0.060600000324484427
test_consistent_random_observations__180,test_consistent_random_observations,PASS,solve_q1,observations,4,4,8,8,3.5927999997511506,POLYGON,7,25.04011372687751,12.520056863438755,16.94851541681587,4.428458553377114,False,scipy_with_fraction_check,scipy_highs_with_fraction_check,,0.04090000038559083,1.0928000001513283,0.4909999997835257,0.5487999997058068,1.772000000528351,0.5930000006628688,0.0006999998731771484,0.28980000024603214,0.1646999999138643,0.0411000000895001,0.04239999998389976,0.05229999987932388,0.09409999802301172
test_consistent_random_observations__181,test_consistent_random_observations,PASS,solve_q1,observations,3,3,6,6,2.0525999998426414,POLYGON,6,22.049994419460035,11.024997209730017,14.442755728578629,3.4177585188486113,False,scipy_with_fraction_check,scipy_highs_with_fraction_check,,0.025800000003073364,0.7236000001284992,0.2088999999614316,0.4725999997390318,0.7948000002215849,0.44919999982084846,0.0004999992597731762,0.1824000000851811,0.1661000005697133,0.027399999453336932,0.03699999979289714,0.03420000030018855,0.05919999966863543
test_consistent_random_observations__182,test_consistent_random_observations,PASS,solve_q1,observations,4,4,8,8,2.5146999996650266,POLYGON,4,18.841193792468655,9.420596896234327,13.794048885883573,4.373451989649245,False,scipy_with_fraction_check,scipy_highs_with_fraction_check,,0.02790000053209951,0.8404999998674612,0.3693999988172436,0.4278999995221966,1.3042999999015592,0.2723000006881193,0.0006000000212225132,0.07849999929021578,0.12370000058581354,0.017899999875226058,0.021899999410379678,0.028100000236008782,0.06969999867578736
test_consistent_random_observations__183,test_consistent_random_observations,PASS,solve_q1,observations,3,3,6,6,1.7153999997390201,POLYGON,4,17.593011423252317,8.796505711626159,12.017280709809127,3.220774998182968,False,scipy_with_fraction_check,scipy_highs_with_fraction_check,,0.02750000021478627,0.679100000525068,0.20909999966534087,0.4305000002204906,0.7046000000627828,0.24260000009235227,0.0006000000212225132,0.08259999958681874,0.0901000003068475,0.019600000086938962,0.023300000066228677,0.02479999966453761,0.06159999884403078
test_consistent_random_observations__184,test_consistent_random_observations,PASS,solve_q1,observations,4,4,8,8,2.9716999997617677,POLYGON,5,17.593011423252317,8.796505711626159,11.586180163874873,2.7896744522487147,False,scipy_with_fraction_check,scipy_highs_with_fraction_check,,0.028200000087963417,0.8268999999927473,0.3634999993664678,0.42159999975410756,1.6945000006671762,0.3523999994285987,0.0006000000212225132,0.14339999961521244,0.11520000043674372,0.025399999685760122,0.02769999991869554,0.03840000044874614,0.06969999958528206
test_consistent_random_observations__185,test_consistent_random_observations,PASS,solve_q1,observations,3,3,6,6,2.0714000002044486,POLYGON,6,29.58859029290227,14.794295146451136,15.666215679622413,0.8719205331712772,False,scipy_with_fraction_check,scipy_highs_with_fraction_check,,0.024100000700855162,0.6883999994897749,0.21330000072339317,0.4357999996500439,0.683200000821671,0.6191000002218061,0.0005000001692678779,0.16649999997753184,0.3268999998908839,0.044299999899521936,0.04199999966658652,0.03710000055434648,0.0565999989703414
test_consistent_random_observations__186,test_consistent_random_observations,PASS,solve_q1,observations,4,4,8,8,3.152799999952549,POLYGON,6,26.447954010706965,13.223977005353483,15.708333124572306,2.4843561192188233,False,scipy_with_fraction_check,scipy_highs_with_fraction_check,,0.028499999643827323,1.0187999996560393,0.3620999996201135,0.4398000000946922,1.50850000045466,0.5228999998507788,0.0006999998731771484,0.17939999997906853,0.2113999998982763,0.0380000001314329,0.040299999454873614,0.05120000059832819,0.07410000034724362
test_consistent_random_observations__187,test_consistent_random_observations,PASS,solve_q1,observations,3,3,6,6,2.1307999995769933,POLYGON,4,27.2693152558022,13.6346576279011,20.206083190552533,6.571425562651433,False,scipy_with_fraction_check,scipy_highs_with_fraction_check,,0.025399999685760122,0.7325999995373422,0.2099999992424273,0.47979999999370193,0.6837000000814442,0.6290000001172302,0.0005000001692678779,0.08239999988290947,0.4189000001133536,0.02990000029967632,0.029599999834317714,0.06510000002890592,0.06010000015521655
test_consistent_random_observations__188,test_consistent_random_observations,PASS,solve_q1,observations,4,4,8,8,2.9532999997172737,POLYGON,5,25.360129063609357,12.680064531804678,12.68006453180473,5.1514348342607263e-14,True,scipy_with_fraction_check,scipy_highs_with_fraction_check,,0.02880000010918593,0.8709000003364054,0.36639999962062575,0.4571999998006504,1.5578000002278714,0.4205999994155718,0.0007999997251317836,0.14139999984763563,0.17699999989417847,0.026599999728205148,0.03400000059627928,0.03879999985656468,0.07519999962823931
test_consistent_random_observations__189,test_consistent_random_observations,PASS,solve_q1,observations,3,3,6,6,2.368200000091747,POLYGON,6,32.095407317363275,16.047703658681638,16.04770365868164,3.552713678800501e-15,True,scipy_with_fraction_check,scipy_highs_with_fraction_check,,0.028700000257231295,0.7295000004887697,0.23050000072544208,0.4582999999911408,0.9930999995049206,0.552100000277278,0.0006000000212225132,0.18259999978909036,0.2556999997977982,0.03670000023703324,0.037200000406301115,0.03729999934876105,0.06479999956354732
test_consistent_random_observations__190,test_consistent_random_observations,PASS,solve_q1,observations,4,4,8,8,3.4875000001193257,POLYGON,7,32.095407317363275,16.047703658681638,16.04770365868164,3.552713678800501e-15,True,scipy_with_fraction_check,scipy_highs_with_fraction_check,,0.02680000034160912,0.8534999997209525,0.36980000004405156,0.4413999995449558,1.9070999996984028,0.6307000003289431,0.0005000001692678779,0.2376000002186629,0.2537000000302214,0.04239999998389976,0.04780000017490238,0.046499999371008016,0.06940000002941815
test_consistent_random_observations__191,test_consistent_random_observations,PASS,solve_q1,observations,3,3,6,6,2.3505999997723848,POLYGON,4,18.55843083331396,9.27921541665698,11.240326457713197,1.961111041056217,False,scipy_with_fraction_check,scipy_highs_with_fraction_check,,0.02970000059576705,1.2899000003017136,0.6432000000131666,0.597600000219245,0.7163999998738291,0.25459999960730784,0.0005000001692678779,0.079100000220933,0.11009999980160501,0.01810000048863003,0.02119999953720253,0.02390000008745119,0.05999999939376721
test_consistent_random_observations__192,test_consistent_random_observations,PASS,solve_q1,observations,4,4,8,8,2.642299999934039,POLYGON,4,16.359992017934047,8.179996008967024,9.527935892170273,1.3479398832032494,False,scipy_with_fraction_check,scipy_highs_with_fraction_check,,0.031399999897985253,0.9264000000257511,0.3626000006988761,0.49500000022817403,1.3431999996100785,0.27039999986300245,0.0006000000212225132,0.07950000053824624,0.11189999986527255,0.019799999790848233,0.02390000008745119,0.03279999964433955,0.07090000053722179
test_consistent_random_observations__193,test_consistent_random_observations,PASS,solve_q1,observations,3,3,6,6,1.8778000003294437,POLYGON,5,30.5646618518437,15.28233092592185,21.700051717882033,6.417720791960184,False,scipy_with_fraction_check,scipy_highs_with_fraction_check,,0.023999999939405825,0.697500000569562,0.20939999922120478,0.4490999999688938,0.721799999155337,0.3772999998545856,0.0006000000212225132,0.1289000001634122,0.16400000004068715,0.025100000129896216,0.02679999943211442,0.03020000076503493,0.05720000081055332
test_consistent_random_observations__194,test_consistent_random_observations,PASS,solve_q1,observations,4,4,8,8,2.759900000455673,POLYGON,5,29.926100232289183,14.963050116144592,14.963050116144617,2.4868995751603507e-14,True,scipy_with_fraction_check,scipy_highs_with_fraction_check,,0.02809999932651408,0.8706999997230014,0.38359999962267466,0.4315999995014863,1.3651999997819075,0.4170000001977314,0.0006000000212225132,0.137400000312482,0.17889999980980065,0.02790000053209951,0.029999999242136255,0.04040000021632295,0.07890000142651843
test_consistent_random_observations__195,test_consistent_random_observations,PASS,solve_q1,observations,3,3,6,6,1.645999999709602,POLYGON,3,23.61149311599478,11.80574655799739,16.787054456328583,4.981307898331194,False,scipy_with_fraction_check,scipy_highs_with_fraction_check,,0.03270000070187962,0.6957999994483544,0.22369999987859046,0.43340000047464855,0.6460999993578298,0.2092000004267902,0.0005000001692678779,0.05140000030223746,0.10209999982180307,0.013099999705445953,0.018600000657897908,0.021899999410379678,0.062199999774747994
test_consistent_random_observations__196,test_consistent_random_observations,PASS,solve_q1,observations,4,4,8,8,2.2988000000623288,POLYGON,3,23.61149311599478,11.80574655799739,16.787054456328583,4.981307898331194,False,scipy_with_fraction_check,scipy_highs_with_fraction_check,,0.026599999728205148,0.8351000005859532,0.36470000031840755,0.4274000002624234,1.1707000003298162,0.19800000063696643,0.0005000001692678779,0.048099999730766285,0.09480000062467298,0.012099999366910197,0.017800000023271423,0.02320000021427404,0.0683999987813877
test_consistent_random_observations__197,test_consistent_random_observations,PASS,solve_q1,observations,3,3,6,6,2.4222000001827837,POLYGON,6,20.200666669200956,10.100333334600478,14.483456133250828,4.38312279865035,False,scipy_with_fraction_check,scipy_highs_with_fraction_check,,0.04469999930734048,0.8557999999538879,0.22980000085226493,0.5779000002803514,0.746600000638864,0.6992999997237348,0.0006000000212225132,0.35739999930228805,0.21580000066023786,0.04329999956098618,0.03879999985656468,0.04140000055485871,0.07580000055895653
test_consistent_random_observations__198,test_consistent_random_observations,PASS,solve_q1,observations,4,4,8,8,3.1352000005426817,POLYGON,7,20.200666669200956,10.100333334600478,14.406400681457223,4.306067346856745,False,scipy_with_fraction_check,scipy_highs_with_fraction_check,,0.036299999919719994,0.9431999997104867,0.37010000050941017,0.5278999997244682,1.454600000215578,0.6255999996938044,0.0006000000212225132,0.25150000055873534,0.21239999932731735,0.03590000051190145,0.06979999943723669,0.05310000051395036,0.07550000100309262
test_consistent_random_observations__199,test_consistent_random_observations,PASS,solve_q1,observations,3,3,6,6,2.0491000004767557,POLYGON,6,34.018791863941445,17.009395931970722,17.009395931970726,3.552713678800501e-15,True,scipy_with_fraction_check,scipy_highs_with_fraction_check,,0.033799999982875306,0.7565000005342881,0.21319999996194383,0.5037000000811531,0.7212999998955638,0.47670000003563473,0.0006999998731771484,0.18280000040249433,0.19389999943086877,0.031000000490166713,0.03319999996165279,0.033599999369471334,0.0608000000283937
test_consistent_random_observations__200,test_consistent_random_observations,PASS,solve_q1,observations,4,4,8,8,2.617199999804143,POLYGON,5,24.934925538381624,12.467462769190812,13.727563865361734,1.2601010961709225,False,scipy_with_fraction_check,scipy_highs_with_fraction_check,,0.03150000065943459,0.8792000007815659,0.37820000034116674,0.45539999973698286,1.2991999992664205,0.3311000000394415,0.0006000000212225132,0.12960000003658934,0.11040000026696362,0.024399999347224366,0.028500000553322025,0.03589999960240675,0.07619999905728037
test_constant_constraints__001,test_constant_constraints,PASS,solve_halfplanes,halfplanes,,,1,,0.3195999997842591,EMPTY,0,,,,,,scipy_with_fraction_check,not_run_or_early_return,0.29629999971803045,,,,,,,,,,,,,0.023300000066228677
test_constant_constraints__002,test_constant_constraints,PASS,solve_halfplanes,halfplanes,,,1,,0.33849999999802094,UNBOUNDED,0,Infinity,,,,,scipy_with_fraction_check,not_run_or_early_return,0.30900000001565786,,,,,,,,,,,,,0.02949999998236308
test_contradictory_parallel_constraints__001,test_contradictory_parallel_constraints,PASS,solve_halfplanes,halfplanes,,,2,2,0.741300000299816,EMPTY,0,,,,,,scipy_with_fraction_check,scipy_highs_with_fraction_check,0.3214999996998813,,0.36860000000160653,0.02209999911428895,0.3357999994477723,,,,,,,,,0.05120000059832819
test_document_three_observations__001,test_document_three_observations,PASS,solve_q1,observations,3,3,6,6,2.189900000303169,POLYGON,6,32.25187208460611,16.125936042303056,16.370309230688353,0.2443731883852962,False,scipy_with_fraction_check,scipy_highs_with_fraction_check,,0.028499999643827323,0.7052000000840053,0.21740000101999613,0.4428000002008048,0.8810999997876934,0.4881999993813224,0.0006999998731771484,0.18460000046616187,0.1953999999386724,0.035600000046542846,0.03399999968678458,0.036100000215810724,0.08690000140632037
test_document_two_observations__001,test_document_two_observations,PASS,solve_q1,observations,2,2,4,4,1.2761000007230905,POLYGON,4,39.50834065898743,19.754170329493714,19.754170329493714,0.0,True,scipy_with_fraction_check,scipy_highs_with_fraction_check,,0.024699999812582973,0.6243999996513594,0.0869999994392856,0.497699999868928,0.2917000001616543,0.28930000007676426,0.0006999998731771484,0.08729999990464421,0.1354000005449052,0.02010000025620684,0.023499999770137947,0.020700000277429353,0.04600000102072954
test_duplicate_and_permutation__001,test_duplicate_and_permutation,PASS,solve_q1,observations,2,2,4,4,1.7961000003197114,POLYGON,4,39.50834065898743,19.754170329493714,19.754170329493714,0.0,True,scipy_with_fraction_check,scipy_highs_with_fraction_check,,0.03409999953873921,0.7058999999571824,0.09339999996882398,0.5727999996452127,0.6442000003517023,0.3544000001056702,0.0008999995770864189,0.09469999986322364,0.17079999997804407,0.026599999728205148,0.03190000006725313,0.02700000004551839,0.057500000366417225
test_duplicate_and_permutation__002,test_duplicate_and_permutation,PASS,solve_q1,observations,4,2,8,4,1.7149999994217069,POLYGON,4,39.50834065898743,19.754170329493714,19.754170329493714,0.0,True,scipy_with_fraction_check,scipy_highs_with_fraction_check,,0.040500000068277586,0.9184000000459491,0.08939999952417566,0.7789000001139357,0.3521999997246894,0.3347000001667766,0.0006000000212225132,0.08710000020073494,0.16030000006139744,0.02629999926284654,0.030100000003585592,0.028100000236008782,0.06919999941601418
test_empty_observation_intersection__001,test_empty_observation_intersection,PASS,solve_q1,observations,2,2,4,4,0.5817000001115957,EMPTY,0,,,,,,scipy_with_fraction_check,scipy_highs_with_fraction_check,,0.03689999994094251,0.49189999936061213,0.11030000041500898,0.3693999997267383,,,,,,,,,0.05290000081004109
test_invalid_inputs__001,test_invalid_inputs,PASS,solve_q1,observations,0,0,,,0.011900000572495628,EXCEPTION,,,,,,,scipy_with_fraction_check,,,0.008200000593205914,,,,,,,,,,,,0.0036999999792897142
test_invalid_inputs__002,test_invalid_inputs,PASS,solve_q1,observations,1,1,,,0.011900000572495628,EXCEPTION,,,,,,,scipy_with_fraction_check,,,0.009100000170292333,,,,,,,,,,,,0.0028000004022032954
test_invalid_inputs__003,test_invalid_inputs,PASS,solve_q1,observations,1,1,,,0.02680000034160912,EXCEPTION,,,,,,,scipy_with_fraction_check,,,0.023800000235496555,,,,,,,,,,,,0.003000000106112566
test_invalid_inputs__004,test_invalid_inputs,PASS,solve_q1,observations,1,1,,,0.031399999897985253,EXCEPTION,,,,,,,scipy_with_fraction_check,,,0.028000000384054147,,,,,,,,,,,,0.0033999995139311068
test_invalid_inputs__005,test_invalid_inputs,PASS,solve_q1,observations,1,1,,,0.3391999998711981,EXCEPTION,,,,,,,scipy_with_fraction_check,,0.31989999934012303,,,,,,,,,,,,,0.019300000531075057
test_invalid_inputs__006,test_invalid_inputs,PASS,solve_q1,observations,1,1,,,0.31239999952958897,EXCEPTION,,,,,,,scipy_with_fraction_check,,0.2950999996755854,,,,,,,,,,,,,0.017299999854003545
test_invalid_inputs__007,test_invalid_inputs,PASS,solve_q1,observations,1,1,,,0.2953000002889894,EXCEPTION,,,,,,,scipy_with_fraction_check,,0.27860000045620836,,,,,,,,,,,,,0.01669999983278103
test_invalid_inputs__008,test_invalid_inputs,PASS,solve_q1,observations,1,1,,,0.31060000037541613,EXCEPTION,,,,,,,scipy_with_fraction_check,,0.29710000035265693,,,,,,,,,,,,,0.013500000022759195
test_invalid_inputs__009,test_invalid_inputs,PASS,solve_q1,observations,1,1,,,0.3114000001005479,EXCEPTION,,,,,,,scipy_with_fraction_check,,0.27799999952549115,,,,,,,,,,,,,0.033400000575056765
test_lp_numerical_failure_not_unbounded__001,test_lp_numerical_failure_not_unbounded,PASS,solve_q1,observations,2,2,4,4,0.20080000012967503,NUMERICAL_ISSUE,0,,,,,,mocked_linprog,scipy_highs_with_fraction_check,,0.03130000004603062,0.11640000047918875,0.08619999971415382,0.021500000002561137,,,,,,,,,0.05309999960445566
test_lp_uses_free_variables__001,test_lp_uses_free_variables,PASS,solve_q1,observations,1,1,2,2,0.11079999967478216,UNBOUNDED,0,Infinity,,,,,mocked_linprog,scipy_highs_with_fraction_check,,0.024699999812582973,0.04979999994247919,0.021100000594742596,0.01990000055229757,,,,,,,,,0.036299999919719994
test_near_parallel_not_discarded__001,test_near_parallel_not_discarded,PASS,solve_halfplanes,halfplanes,,,3,3,1.5268999995896593,POLYGON,3,1000000000000.0,500000000000.0,500000000000.0,0.0,True,fraction_only,fraction_fourier_motzkin,0.3194999999323045,,0.039200000173877925,0.03479999941191636,,0.9098000000449247,0.18699999964155722,0.0008999995770864189,0.03819999983534217,0.08859999979904387,0.01700000029813964,0.019600000086938962,0.020899999981338624,0.07139999979699496
test_negative_coordinate_square__001,test_negative_coordinate_square,PASS,solve_halfplanes,halfplanes,,,4,4,1.464200000555138,POLYGON,4,2.8284271247461903,1.4142135623730951,1.4142135623730951,0.0,True,scipy_with_fraction_check,scipy_highs_with_fraction_check,0.30139999944367446,,0.709100000676699,0.04650000028050272,0.622000000475964,0.1913999994940241,0.19279999924037838,0.0005000001692678779,0.05309999960445566,0.08680000064487103,0.013399999261309858,0.017300000763498247,0.019799999790848233,0.06950000170036219
test_point_and_segment_direct_constraints__001,test_point_and_segment_direct_constraints,PASS,solve_halfplanes,halfplanes,,,4,4,1.3951999999335385,POINT,1,0.0,0.0,0.0,0.0,True,scipy_with_fraction_check,scipy_highs_with_fraction_check,0.30049999986658804,,0.8531000003131339,0.03460000061750179,0.7766999997329549,0.1700000002529123,0.0037999998312443495,0.002100000529026147,,,,,,0.06779999966965988
test_point_and_segment_direct_constraints__002,test_point_and_segment_direct_constraints,PASS,solve_halfplanes,halfplanes,,,4,4,1.1384999997972045,SEGMENT,2,2.0,1.0,1.0,0.0,True,scipy_with_fraction_check,scipy_highs_with_fraction_check,0.28899999961140566,,0.5305999993652222,0.03260000084992498,0.45930000032967655,0.17320000006293412,0.08909999996831175,0.0006000000212225132,0.020000000404252205,0.046299999667098746,0.00670000008540228,0.0006000000212225132,0.01340000017080456,0.05660000078933081
test_single_observation_unbounded__001,test_single_observation_unbounded,PASS,solve_q1,observations,1,1,2,2,0.5823000001328182,UNBOUNDED,0,Infinity,,,,,scipy_with_fraction_check,scipy_highs_with_fraction_check,,0.024700000722077675,0.5203999999139342,0.030399999559449498,0.454899999567715,,,,,,,,,0.03719999949680641
test_strip_unbounded_with_no_vertices__001,test_strip_unbounded_with_no_vertices,PASS,solve_halfplanes,halfplanes,,,2,2,0.8245999997598119,UNBOUNDED,0,Infinity,,,,,scipy_with_fraction_check,scipy_highs_with_fraction_check,0.2842999992935802,,0.49530000069353264,0.01939999947353499,0.44070000058127334,,,,,,,,,0.044999999772699084
test_thin_polygon_not_merged_into_segment__001,test_thin_polygon_not_merged_into_segment,PASS,solve_halfplanes,halfplanes,,,4,4,0.7342000008065952,POLYGON,4,1.0,0.5,0.5,0.0,True,fraction_only,fraction_fourier_motzkin,0.2994999995280523,,0.03609999930631602,0.031800000215298496,,0.13519999993150122,0.20769999991898658,0.0006000000212225132,0.051799999710056,0.08909999996831175,0.01869999960035784,0.021400000150606502,0.024500000108673703,0.05570000212173909
test_translation_and_rotation__001,test_translation_and_rotation,PASS,solve_q1,observations,2,2,4,4,1.184599999760394,POLYGON,4,39.50834065898743,19.754170329493714,19.754170329493714,0.0,True,scipy_with_fraction_check,scipy_highs_with_fraction_check,,0.025600000299164094,0.5614000001514796,0.08179999986168696,0.44239999988349155,0.28029999975842657,0.26900000011664815,0.0006000000212225132,0.0793999997767969,0.12619999961316353,0.01900000006571645,0.022300000637187622,0.019899999642802868,0.048299999434675556
test_translation_and_rotation__002,test_translation_and_rotation,PASS,solve_q1,observations,2,2,4,4,1.1760000006688642,POLYGON,4,39.50834065898741,19.754170329493704,19.754170329493785,8.171241461241152e-14,True,scipy_with_fraction_check,scipy_highs_with_fraction_check,,0.024699999812582973,0.5504000000655651,0.08269999943877338,0.430400000368536,0.28000000020256266,0.27260000024398323,0.0006999998731771484,0.08020000041142339,0.1283999999941443,0.019400000383029692,0.022399999579647556,0.019799999790848233,0.04830000034417026
test_translation_and_rotation__003,test_translation_and_rotation,PASS,solve_q1,observations,2,2,4,4,1.2009000001853565,POLYGON,4,39.50834065898749,19.754170329493746,19.754170329493746,0.0,True,scipy_with_fraction_check,scipy_highs_with_fraction_check,,0.026400000024295878,0.5369999998947605,0.1080999991245335,0.3904999994119862,0.30189999961294234,0.2861000002667424,0.0006000000212225132,0.08539999998902204,0.13349999971978832,0.02029999996011611,0.023399999918183312,0.02080000012938399,0.049500000386615284
