2026-09-13 01:40:42,148 INFO request {"path": "/enter", "payload": {"arena_id": "default", "robot_id": "202601002029", "request_id": "38d71442d8d54082b5d160c9b30b3193"}, "attempt": 1}
2026-09-13 01:40:42,152 INFO response {"request_id": "38d71442d8d54082b5d160c9b30b3193", "http_status": 200, "body": {"accepted": true, "real_timestamp_ms": 1789234839118, "virtual_time_s": 0, "max_virtual_duration_s": 360000, "max_real_duration_s": 1200, "remaining_real_duration_s": 1200}}
2026-09-13 01:40:42,175 INFO request {"path": "/measure", "payload": {"arena_id": "default", "robot_id": "202601002029", "request_id": "601122c1bc47455bb9e42ed807a5a829", "position": {"x": 0.0, "y": 0.0}, "channel": 1}, "attempt": 1}
2026-09-13 01:40:42,177 INFO response {"request_id": "601122c1bc47455bb9e42ed807a5a829", "http_status": 200, "body": {"accepted": true, "real_timestamp_ms": 1789234839143, "virtual_time_s": 5, "measure_result": "no_signal"}}
2026-09-13 01:40:42,207 INFO request {"path": "/measure", "payload": {"arena_id": "default", "robot_id": "202601002029", "request_id": "922c5827e416490db14d4e735c780b69", "position": {"x": 0.0, "y": 0.0}, "channel": 2}, "attempt": 1}
2026-09-13 01:40:42,230 INFO response {"request_id": "922c5827e416490db14d4e735c780b69", "http_status": 200, "body": {"accepted": true, "real_timestamp_ms": 1789234839195, "virtual_time_s": 11, "measure_result": "no_signal"}}
2026-09-13 01:40:42,248 INFO request {"path": "/measure", "payload": {"arena_id": "default", "robot_id": "202601002029", "request_id": "2f3eb6f734a34242ab9a61c11bdcdc8a", "position": {"x": 0.0, "y": 0.0}, "channel": 3}, "attempt": 1}
2026-09-13 01:40:42,251 INFO response {"request_id": "2f3eb6f734a34242ab9a61c11bdcdc8a", "http_status": 200, "body": {"accepted": true, "real_timestamp_ms": 1789234839217, "virtual_time_s": 17, "measure_result": "no_signal"}}
2026-09-13 01:40:42,282 INFO request {"path": "/measure", "payload": {"arena_id": "default", "robot_id": "202601002029", "request_id": "dd3bd449bc874fb38ae9a07ecad2bfb6", "position": {"x": 0.0, "y": 0.0}, "channel": 4}, "attempt": 1}
2026-09-13 01:40:42,298 INFO response {"request_id": "dd3bd449bc874fb38ae9a07ecad2bfb6", "http_status": 200, "body": {"accepted": true, "real_timestamp_ms": 1789234839264, "virtual_time_s": 23, "measure_result": "no_signal"}}
2026-09-13 01:40:42,313 INFO request {"path": "/measure", "payload": {"arena_id": "default", "robot_id": "202601002029", "request_id": "8b962c0428fa4c98be2963cd9efc5842", "position": {"x": 0.0, "y": 0.0}, "channel": 5}, "attempt": 1}
2026-09-13 01:40:42,314 INFO response {"request_id": "8b962c0428fa4c98be2963cd9efc5842", "http_status": 200, "body": {"accepted": true, "real_timestamp_ms": 1789234839280, "virtual_time_s": 29, "measure_result": "no_signal"}}
2026-09-13 01:40:42,345 INFO request {"path": "/measure", "payload": {"arena_id": "default", "robot_id": "202601002029", "request_id": "ab94e4a1d2744928b2aab16cf47be1cc", "position": {"x": 0.0, "y": 0.0}, "channel": 6}, "attempt": 1}
2026-09-13 01:40:42,346 INFO response {"request_id": "ab94e4a1d2744928b2aab16cf47be1cc", "http_status": 200, "body": {"accepted": true, "real_timestamp_ms": 1789234839312, "virtual_time_s": 35, "measure_result": "no_signal"}}
2026-09-13 01:40:42,376 INFO request {"path": "/measure", "payload": {"arena_id": "default", "robot_id": "202601002029", "request_id": "a277389d3d7c4aad8dcfe6c47d5bb779", "position": {"x": 0.0, "y": 0.0}, "channel": 7}, "attempt": 1}
2026-09-13 01:40:42,378 INFO response {"request_id": "a277389d3d7c4aad8dcfe6c47d5bb779", "http_status": 200, "body": {"accepted": true, "real_timestamp_ms": 1789234839344, "virtual_time_s": 41, "measure_result": "no_signal"}}
2026-09-13 01:40:42,409 INFO request {"path": "/measure", "payload": {"arena_id": "default", "robot_id": "202601002029", "request_id": "dd1d373782e84cc9bd3e132beb55f29d", "position": {"x": 0.0, "y": 0.0}, "channel": 8}, "attempt": 1}
2026-09-13 01:40:42,412 INFO response {"request_id": "dd1d373782e84cc9bd3e132beb55f29d", "http_status": 200, "body": {"accepted": true, "real_timestamp_ms": 1789234839378, "virtual_time_s": 47, "measure_result": "no_signal"}}
2026-09-13 01:40:42,426 INFO request {"path": "/measure", "payload": {"arena_id": "default", "robot_id": "202601002029", "request_id": "c3ea4e0f68ac462a9e02197ff7257f12", "position": {"x": 0.0, "y": 0.0}, "channel": 9}, "attempt": 1}
2026-09-13 01:40:42,437 INFO response {"request_id": "c3ea4e0f68ac462a9e02197ff7257f12", "http_status": 200, "body": {"accepted": true, "real_timestamp_ms": 1789234839403, "virtual_time_s": 53, "measure_result": "no_signal"}}
2026-09-13 01:40:42,468 INFO request {"path": "/measure", "payload": {"arena_id": "default", "robot_id": "202601002029", "request_id": "4b9e6a3d94ef44488743aff5f5ac3476", "position": {"x": 0.0, "y": 0.0}, "channel": 10}, "attempt": 1}
2026-09-13 01:40:42,487 INFO response {"request_id": "4b9e6a3d94ef44488743aff5f5ac3476", "http_status": 200, "body": {"accepted": true, "real_timestamp_ms": 1789234839453, "virtual_time_s": 59, "measure_result": "no_signal"}}
2026-09-13 01:40:42,503 INFO request {"path": "/measure", "payload": {"arena_id": "default", "robot_id": "202601002029", "request_id": "31617fb0e44442cbb4f87e0af4cb9970", "position": {"x": 0.0, "y": 0.0}, "channel": 11}, "attempt": 1}
2026-09-13 01:40:42,504 INFO response {"request_id": "31617fb0e44442cbb4f87e0af4cb9970", "http_status": 200, "body": {"accepted": true, "real_timestamp_ms": 1789234839470, "virtual_time_s": 65, "measure_result": "no_signal"}}
2026-09-13 01:40:42,519 INFO request {"path": "/measure", "payload": {"arena_id": "default", "robot_id": "202601002029", "request_id": "9eb36031cc6c4e5fbb0fa3aca9e76920", "position": {"x": 0.0, "y": 0.0}, "channel": 12}, "attempt": 1}
2026-09-13 01:40:42,521 INFO response {"request_id": "9eb36031cc6c4e5fbb0fa3aca9e76920", "http_status": 200, "body": {"accepted": true, "real_timestamp_ms": 1789234839487, "virtual_time_s": 71, "measure_result": "direction", "svd_deg": 23.7}}
2026-09-13 01:40:42,557 INFO request {"path": "/measure", "payload": {"arena_id": "default", "robot_id": "202601002029", "request_id": "001b3201a51a4a06b32f9fb47412044c", "position": {"x": 0.0, "y": 0.0}, "channel": 13}, "attempt": 1}
2026-09-13 01:40:42,575 INFO response {"request_id": "001b3201a51a4a06b32f9fb47412044c", "http_status": 200, "body": {"accepted": true, "real_timestamp_ms": 1789234839541, "virtual_time_s": 77, "measure_result": "no_signal"}}
2026-09-13 01:40:42,591 INFO request {"path": "/measure", "payload": {"arena_id": "default", "robot_id": "202601002029", "request_id": "846a1f515ce64e2480595e0c26b69757", "position": {"x": 0.0, "y": 0.0}, "channel": 14}, "attempt": 1}
2026-09-13 01:40:42,605 INFO response {"request_id": "846a1f515ce64e2480595e0c26b69757", "http_status": 200, "body": {"accepted": true, "real_timestamp_ms": 1789234839571, "virtual_time_s": 83, "measure_result": "no_signal"}}
2026-09-13 01:40:42,621 INFO request {"path": "/measure", "payload": {"arena_id": "default", "robot_id": "202601002029", "request_id": "7b6c61bfac6948eca376a00b90ed917e", "position": {"x": 0.0, "y": 0.0}, "channel": 15}, "attempt": 1}
2026-09-13 01:40:42,634 INFO response {"request_id": "7b6c61bfac6948eca376a00b90ed917e", "http_status": 200, "body": {"accepted": true, "real_timestamp_ms": 1789234839599, "virtual_time_s": 89, "measure_result": "direction", "svd_deg": 175.41}}
2026-09-13 01:40:42,654 INFO request {"path": "/measure", "payload": {"arena_id": "default", "robot_id": "202601002029", "request_id": "a803d3cdaadc4cba8613bca5038b23a0", "position": {"x": 0.0, "y": 0.0}, "channel": 16}, "attempt": 1}
2026-09-13 01:40:42,672 INFO response {"request_id": "a803d3cdaadc4cba8613bca5038b23a0", "http_status": 200, "body": {"accepted": true, "real_timestamp_ms": 1789234839638, "virtual_time_s": 95, "measure_result": "no_signal"}}
2026-09-13 01:40:42,687 INFO request {"path": "/measure", "payload": {"arena_id": "default", "robot_id": "202601002029", "request_id": "e275f627ad9f49648b3eabfabb44a40b", "position": {"x": 0.0, "y": 0.0}, "channel": 17}, "attempt": 1}
2026-09-13 01:40:42,702 INFO response {"request_id": "e275f627ad9f49648b3eabfabb44a40b", "http_status": 200, "body": {"accepted": true, "real_timestamp_ms": 1789234839668, "virtual_time_s": 101, "measure_result": "no_signal"}}
2026-09-13 01:40:42,718 INFO request {"path": "/measure", "payload": {"arena_id": "default", "robot_id": "202601002029", "request_id": "fbad45a189ad426ab22b0598bbb4e9c2", "position": {"x": 0.0, "y": 0.0}, "channel": 18}, "attempt": 1}
2026-09-13 01:40:42,732 INFO response {"request_id": "fbad45a189ad426ab22b0598bbb4e9c2", "http_status": 200, "body": {"accepted": true, "real_timestamp_ms": 1789234839698, "virtual_time_s": 107, "measure_result": "no_signal"}}
2026-09-13 01:40:42,748 INFO request {"path": "/measure", "payload": {"arena_id": "default", "robot_id": "202601002029", "request_id": "853e2ce41985418d86e124401bb4db8f", "position": {"x": 0.0, "y": 0.0}, "channel": 19}, "attempt": 1}
2026-09-13 01:40:42,762 INFO response {"request_id": "853e2ce41985418d86e124401bb4db8f", "http_status": 200, "body": {"accepted": true, "real_timestamp_ms": 1789234839728, "virtual_time_s": 113, "measure_result": "no_signal"}}
2026-09-13 01:40:42,777 INFO request {"path": "/measure", "payload": {"arena_id": "default", "robot_id": "202601002029", "request_id": "e9a0bc0b1368466c86adaa6b646514a1", "position": {"x": 0.0, "y": 0.0}, "channel": 20}, "attempt": 1}
2026-09-13 01:40:42,792 INFO response {"request_id": "e9a0bc0b1368466c86adaa6b646514a1", "http_status": 200, "body": {"accepted": true, "real_timestamp_ms": 1789234839758, "virtual_time_s": 119, "measure_result": "direction", "svd_deg": 281.23}}
2026-09-13 01:40:43,090 INFO request {"path": "/measure", "payload": {"arena_id": "default", "robot_id": "202601002029", "request_id": "bc684382d79c400790d945af39a19fd3", "position": {"x": 861.6952767655162, "y": -497.50000000000045}, "channel": 1}, "attempt": 1}
2026-09-13 01:40:43,091 INFO response {"request_id": "bc684382d79c400790d945af39a19fd3", "http_status": 200, "body": {"accepted": true, "real_timestamp_ms": 1789234840058, "virtual_time_s": 324, "measure_result": "no_signal"}}
2026-09-13 01:40:43,122 INFO request {"path": "/measure", "payload": {"arena_id": "default", "robot_id": "202601002029", "request_id": "fbd6815562e849c589d7945ab1d0ec1d", "position": {"x": 861.6952767655162, "y": -497.50000000000045}, "channel": 2}, "attempt": 1}
2026-09-13 01:40:43,137 INFO response {"request_id": "fbd6815562e849c589d7945ab1d0ec1d", "http_status": 200, "body": {"accepted": true, "real_timestamp_ms": 1789234840103, "virtual_time_s": 330, "measure_result": "no_signal"}}
2026-09-13 01:40:43,152 INFO request {"path": "/measure", "payload": {"arena_id": "default", "robot_id": "202601002029", "request_id": "88123a5fb0ce45b4bbecda3b6c6354a1", "position": {"x": 861.6952767655162, "y": -497.50000000000045}, "channel": 3}, "attempt": 1}
2026-09-13 01:40:43,167 INFO response {"request_id": "88123a5fb0ce45b4bbecda3b6c6354a1", "http_status": 200, "body": {"accepted": true, "real_timestamp_ms": 1789234840133, "virtual_time_s": 336, "measure_result": "no_signal"}}
2026-09-13 01:40:43,181 INFO request {"path": "/measure", "payload": {"arena_id": "default", "robot_id": "202601002029", "request_id": "9a0b0e74e6314717a11c079c99263637", "position": {"x": 861.6952767655162, "y": -497.50000000000045}, "channel": 4}, "attempt": 1}
2026-09-13 01:40:43,183 INFO response {"request_id": "9a0b0e74e6314717a11c079c99263637", "http_status": 200, "body": {"accepted": true, "real_timestamp_ms": 1789234840149, "virtual_time_s": 342, "measure_result": "no_signal"}}
2026-09-13 01:40:43,214 INFO request {"path": "/measure", "payload": {"arena_id": "default", "robot_id": "202601002029", "request_id": "6235099af3a24d9992657674115db6e1", "position": {"x": 861.6952767655162, "y": -497.50000000000045}, "channel": 5}, "attempt": 1}
2026-09-13 01:40:43,216 INFO response {"request_id": "6235099af3a24d9992657674115db6e1", "http_status": 200, "body": {"accepted": true, "real_timestamp_ms": 1789234840182, "virtual_time_s": 348, "measure_result": "no_signal"}}
2026-09-13 01:40:43,247 INFO request {"path": "/measure", "payload": {"arena_id": "default", "robot_id": "202601002029", "request_id": "713ce33d4699407d97d094a0b0470b79", "position": {"x": 861.6952767655162, "y": -497.50000000000045}, "channel": 6}, "attempt": 1}
2026-09-13 01:40:43,265 INFO response {"request_id": "713ce33d4699407d97d094a0b0470b79", "http_status": 200, "body": {"accepted": true, "real_timestamp_ms": 1789234840231, "virtual_time_s": 354, "measure_result": "no_signal"}}
2026-09-13 01:40:43,280 INFO request {"path": "/measure", "payload": {"arena_id": "default", "robot_id": "202601002029", "request_id": "1fd5c8df76b1457ca7a2c807fa02eef4", "position": {"x": 861.6952767655162, "y": -497.50000000000045}, "channel": 7}, "attempt": 1}
2026-09-13 01:40:43,282 INFO response {"request_id": "1fd5c8df76b1457ca7a2c807fa02eef4", "http_status": 200, "body": {"accepted": true, "real_timestamp_ms": 1789234840248, "virtual_time_s": 360, "measure_result": "no_signal"}}
2026-09-13 01:40:43,313 INFO request {"path": "/measure", "payload": {"arena_id": "default", "robot_id": "202601002029", "request_id": "efe2db45e100419a9c3a91ed03ec270f", "position": {"x": 861.6952767655162, "y": -497.50000000000045}, "channel": 8}, "attempt": 1}
2026-09-13 01:40:43,316 INFO response {"request_id": "efe2db45e100419a9c3a91ed03ec270f", "http_status": 200, "body": {"accepted": true, "real_timestamp_ms": 1789234840281, "virtual_time_s": 366, "measure_result": "no_signal"}}
2026-09-13 01:40:43,346 INFO request {"path": "/measure", "payload": {"arena_id": "default", "robot_id": "202601002029", "request_id": "125325cc1ed14db1a747da611e5aaca3", "position": {"x": 861.6952767655162, "y": -497.50000000000045}, "channel": 9}, "attempt": 1}
2026-09-13 01:40:43,348 INFO response {"request_id": "125325cc1ed14db1a747da611e5aaca3", "http_status": 200, "body": {"accepted": true, "real_timestamp_ms": 1789234840314, "virtual_time_s": 372, "measure_result": "no_signal"}}
2026-09-13 01:40:43,363 INFO request {"path": "/measure", "payload": {"arena_id": "default", "robot_id": "202601002029", "request_id": "8b39e731c86a41168031af520ef762bb", "position": {"x": 861.6952767655162, "y": -497.50000000000045}, "channel": 10}, "attempt": 1}
2026-09-13 01:40:43,364 INFO response {"request_id": "8b39e731c86a41168031af520ef762bb", "http_status": 200, "body": {"accepted": true, "real_timestamp_ms": 1789234840331, "virtual_time_s": 378, "measure_result": "direction", "svd_deg": 161.57}}
2026-09-13 01:40:43,397 INFO request {"path": "/measure", "payload": {"arena_id": "default", "robot_id": "202601002029", "request_id": "98d7283dd16b45d5a5d180866a2bf746", "position": {"x": 861.6952767655162, "y": -497.50000000000045}, "channel": 11}, "attempt": 1}
2026-09-13 01:40:43,411 INFO response {"request_id": "98d7283dd16b45d5a5d180866a2bf746", "http_status": 200, "body": {"accepted": true, "real_timestamp_ms": 1789234840377, "virtual_time_s": 384, "measure_result": "no_signal"}}
2026-09-13 01:40:43,425 INFO request {"path": "/measure", "payload": {"arena_id": "default", "robot_id": "202601002029", "request_id": "a23624dbdf06423685d83e4c1250f71b", "position": {"x": 861.6952767655162, "y": -497.50000000000045}, "channel": 13}, "attempt": 1}
2026-09-13 01:40:43,426 INFO response {"request_id": "a23624dbdf06423685d83e4c1250f71b", "http_status": 200, "body": {"accepted": true, "real_timestamp_ms": 1789234840393, "virtual_time_s": 390, "measure_result": "no_signal"}}
2026-09-13 01:40:43,457 INFO request {"path": "/measure", "payload": {"arena_id": "default", "robot_id": "202601002029", "request_id": "2789b517a60f4977b8c0818512a94ab4", "position": {"x": 861.6952767655162, "y": -497.50000000000045}, "channel": 14}, "attempt": 1}
2026-09-13 01:40:43,460 INFO response {"request_id": "2789b517a60f4977b8c0818512a94ab4", "http_status": 200, "body": {"accepted": true, "real_timestamp_ms": 1789234840426, "virtual_time_s": 396, "measure_result": "no_signal"}}
2026-09-13 01:40:43,491 INFO request {"path": "/measure", "payload": {"arena_id": "default", "robot_id": "202601002029", "request_id": "7ce41308d5ca49d2baef92efc65157a9", "position": {"x": 861.6952767655162, "y": -497.50000000000045}, "channel": 16}, "attempt": 1}
2026-09-13 01:40:43,507 INFO response {"request_id": "7ce41308d5ca49d2baef92efc65157a9", "http_status": 200, "body": {"accepted": true, "real_timestamp_ms": 1789234840474, "virtual_time_s": 402, "measure_result": "no_signal"}}
2026-09-13 01:40:43,522 INFO request {"path": "/measure", "payload": {"arena_id": "default", "robot_id": "202601002029", "request_id": "c54833910d2f4c5b99ecfc6d4812c855", "position": {"x": 861.6952767655162, "y": -497.50000000000045}, "channel": 17}, "attempt": 1}
2026-09-13 01:40:43,537 INFO response {"request_id": "c54833910d2f4c5b99ecfc6d4812c855", "http_status": 200, "body": {"accepted": true, "real_timestamp_ms": 1789234840504, "virtual_time_s": 408, "measure_result": "no_signal"}}
2026-09-13 01:40:43,552 INFO request {"path": "/measure", "payload": {"arena_id": "default", "robot_id": "202601002029", "request_id": "7004331db88541cb8d8a4231aebac867", "position": {"x": 861.6952767655162, "y": -497.50000000000045}, "channel": 18}, "attempt": 1}
2026-09-13 01:40:43,566 INFO response {"request_id": "7004331db88541cb8d8a4231aebac867", "http_status": 200, "body": {"accepted": true, "real_timestamp_ms": 1789234840533, "virtual_time_s": 414, "measure_result": "no_signal"}}
2026-09-13 01:40:43,582 INFO request {"path": "/measure", "payload": {"arena_id": "default", "robot_id": "202601002029", "request_id": "c3721b60858f4889a25acff33e5f55a1", "position": {"x": 861.6952767655162, "y": -497.50000000000045}, "channel": 19}, "attempt": 1}
2026-09-13 01:40:43,583 INFO response {"request_id": "c3721b60858f4889a25acff33e5f55a1", "http_status": 200, "body": {"accepted": true, "real_timestamp_ms": 1789234840549, "virtual_time_s": 420, "measure_result": "no_signal"}}
2026-09-13 01:40:43,628 INFO request {"path": "/measure", "payload": {"arena_id": "default", "robot_id": "202601002029", "request_id": "4bf1d82c27a5489f9e8b13af83c85bbf", "position": {"x": 861.6952767655162, "y": -497.50000000000045}, "channel": 12}, "attempt": 1}
2026-09-13 01:40:43,630 INFO response {"request_id": "4bf1d82c27a5489f9e8b13af83c85bbf", "http_status": 200, "body": {"accepted": true, "real_timestamp_ms": 1789234840596, "virtual_time_s": 426, "measure_result": "direction", "svd_deg": 133.56}}
2026-09-13 01:40:43,663 INFO request {"path": "/measure", "payload": {"arena_id": "default", "robot_id": "202601002029", "request_id": "ccaad96316274cb4958c5ea30b7dfbf4", "position": {"x": 861.6952767655162, "y": -497.50000000000045}, "channel": 20}, "attempt": 1}
2026-09-13 01:40:43,674 INFO response {"request_id": "ccaad96316274cb4958c5ea30b7dfbf4", "http_status": 200, "body": {"accepted": true, "real_timestamp_ms": 1789234840640, "virtual_time_s": 432, "measure_result": "direction", "svd_deg": 230.19}}
2026-09-13 01:40:44,298 INFO request {"path": "/measure", "payload": {"arena_id": "default", "robot_id": "202601002029", "request_id": "5c63476a07294b2d855c5d346cf58ec3", "position": {"x": 257.5249498770077, "y": -961.0961971576231}, "channel": 1}, "attempt": 1}
2026-09-13 01:40:44,311 INFO response {"request_id": "5c63476a07294b2d855c5d346cf58ec3", "http_status": 200, "body": {"accepted": true, "real_timestamp_ms": 1789234841278, "virtual_time_s": 590.308006, "measure_result": "no_signal"}}
2026-09-13 01:40:44,326 INFO request {"path": "/measure", "payload": {"arena_id": "default", "robot_id": "202601002029", "request_id": "6b3de8d57f3e49119d12e07fe090472f", "position": {"x": 257.5249498770077, "y": -961.0961971576231}, "channel": 2}, "attempt": 1}
2026-09-13 01:40:44,327 INFO response {"request_id": "6b3de8d57f3e49119d12e07fe090472f", "http_status": 200, "body": {"accepted": true, "real_timestamp_ms": 1789234841293, "virtual_time_s": 596.308006, "measure_result": "no_signal"}}
2026-09-13 01:40:44,357 INFO request {"path": "/measure", "payload": {"arena_id": "default", "robot_id": "202601002029", "request_id": "93ed0bd834ef4699bb40dd565d61c89c", "position": {"x": 257.5249498770077, "y": -961.0961971576231}, "channel": 3}, "attempt": 1}
2026-09-13 01:40:44,359 INFO response {"request_id": "93ed0bd834ef4699bb40dd565d61c89c", "http_status": 200, "body": {"accepted": true, "real_timestamp_ms": 1789234841325, "virtual_time_s": 602.308006, "measure_result": "no_signal"}}
2026-09-13 01:40:44,389 INFO request {"path": "/measure", "payload": {"arena_id": "default", "robot_id": "202601002029", "request_id": "b7ec4b0b7d774a8ab5209dfb44af8e00", "position": {"x": 257.5249498770077, "y": -961.0961971576231}, "channel": 4}, "attempt": 1}
2026-09-13 01:40:44,410 INFO response {"request_id": "b7ec4b0b7d774a8ab5209dfb44af8e00", "http_status": 200, "body": {"accepted": true, "real_timestamp_ms": 1789234841376, "virtual_time_s": 608.308006, "measure_result": "no_signal"}}
2026-09-13 01:40:44,411 INFO request {"path": "/measure", "payload": {"arena_id": "default", "robot_id": "202601002029", "request_id": "ffeaac04409c41c0bbac4400c5108493", "position": {"x": 257.5249498770077, "y": -961.0961971576231}, "channel": 5}, "attempt": 1}
2026-09-13 01:40:44,415 INFO response {"request_id": "ffeaac04409c41c0bbac4400c5108493", "http_status": 200, "body": {"accepted": true, "real_timestamp_ms": 1789234841379, "virtual_time_s": 614.308006, "measure_result": "no_signal"}}
2026-09-13 01:40:44,446 INFO request {"path": "/measure", "payload": {"arena_id": "default", "robot_id": "202601002029", "request_id": "96807e572e214961bb6fffc9c8cac77f", "position": {"x": 257.5249498770077, "y": -961.0961971576231}, "channel": 6}, "attempt": 1}
2026-09-13 01:40:44,448 INFO response {"request_id": "96807e572e214961bb6fffc9c8cac77f", "http_status": 200, "body": {"accepted": true, "real_timestamp_ms": 1789234841414, "virtual_time_s": 620.308006, "measure_result": "no_signal"}}
2026-09-13 01:40:44,478 INFO request {"path": "/measure", "payload": {"arena_id": "default", "robot_id": "202601002029", "request_id": "de4facf4144a44d995851eefc6841fe9", "position": {"x": 257.5249498770077, "y": -961.0961971576231}, "channel": 7}, "attempt": 1}
2026-09-13 01:40:44,481 INFO response {"request_id": "de4facf4144a44d995851eefc6841fe9", "http_status": 200, "body": {"accepted": true, "real_timestamp_ms": 1789234841446, "virtual_time_s": 626.308006, "measure_result": "no_signal"}}
2026-09-13 01:40:44,511 INFO request {"path": "/measure", "payload": {"arena_id": "default", "robot_id": "202601002029", "request_id": "ff62f3891e9c4767886268c4f00fdcf7", "position": {"x": 257.5249498770077, "y": -961.0961971576231}, "channel": 8}, "attempt": 1}
2026-09-13 01:40:44,513 INFO response {"request_id": "ff62f3891e9c4767886268c4f00fdcf7", "http_status": 200, "body": {"accepted": true, "real_timestamp_ms": 1789234841479, "virtual_time_s": 632.308006, "measure_result": "no_signal"}}
2026-09-13 01:40:44,544 INFO request {"path": "/measure", "payload": {"arena_id": "default", "robot_id": "202601002029", "request_id": "d4436fde83d04bf492ac8d4554b27287", "position": {"x": 257.5249498770077, "y": -961.0961971576231}, "channel": 9}, "attempt": 1}
2026-09-13 01:40:44,557 INFO response {"request_id": "d4436fde83d04bf492ac8d4554b27287", "http_status": 200, "body": {"accepted": true, "real_timestamp_ms": 1789234841524, "virtual_time_s": 638.308006, "measure_result": "no_signal"}}
2026-09-13 01:40:44,572 INFO request {"path": "/measure", "payload": {"arena_id": "default", "robot_id": "202601002029", "request_id": "73cb4f37af28441ca2262bdc55bd6272", "position": {"x": 257.5249498770077, "y": -961.0961971576231}, "channel": 11}, "attempt": 1}
2026-09-13 01:40:44,588 INFO response {"request_id": "73cb4f37af28441ca2262bdc55bd6272", "http_status": 200, "body": {"accepted": true, "real_timestamp_ms": 1789234841554, "virtual_time_s": 644.308006, "measure_result": "no_signal"}}
2026-09-13 01:40:44,602 INFO request {"path": "/measure", "payload": {"arena_id": "default", "robot_id": "202601002029", "request_id": "77062a05a470408c8c80b762325b3085", "position": {"x": 257.5249498770077, "y": -961.0961971576231}, "channel": 13}, "attempt": 1}
2026-09-13 01:40:44,616 INFO response {"request_id": "77062a05a470408c8c80b762325b3085", "http_status": 200, "body": {"accepted": true, "real_timestamp_ms": 1789234841583, "virtual_time_s": 650.308006, "measure_result": "no_signal"}}
2026-09-13 01:40:44,631 INFO request {"path": "/measure", "payload": {"arena_id": "default", "robot_id": "202601002029", "request_id": "08edd56bad79430596d5f7de0e88441e", "position": {"x": 257.5249498770077, "y": -961.0961971576231}, "channel": 14}, "attempt": 1}
2026-09-13 01:40:44,646 INFO response {"request_id": "08edd56bad79430596d5f7de0e88441e", "http_status": 200, "body": {"accepted": true, "real_timestamp_ms": 1789234841612, "virtual_time_s": 656.308006, "measure_result": "no_signal"}}
2026-09-13 01:40:44,661 INFO request {"path": "/measure", "payload": {"arena_id": "default", "robot_id": "202601002029", "request_id": "e3c4bda7db824e64bc55d59673fdccfb", "position": {"x": 257.5249498770077, "y": -961.0961971576231}, "channel": 16}, "attempt": 1}
2026-09-13 01:40:44,674 INFO response {"request_id": "e3c4bda7db824e64bc55d59673fdccfb", "http_status": 200, "body": {"accepted": true, "real_timestamp_ms": 1789234841640, "virtual_time_s": 662.308006, "measure_result": "no_signal"}}
2026-09-13 01:40:44,705 INFO request {"path": "/measure", "payload": {"arena_id": "default", "robot_id": "202601002029", "request_id": "421d71c9de694220a7388cefa1232a5c", "position": {"x": 257.5249498770077, "y": -961.0961971576231}, "channel": 17}, "attempt": 1}
2026-09-13 01:40:44,724 INFO response {"request_id": "421d71c9de694220a7388cefa1232a5c", "http_status": 200, "body": {"accepted": true, "real_timestamp_ms": 1789234841690, "virtual_time_s": 668.308006, "measure_result": "no_signal"}}
2026-09-13 01:40:44,729 INFO request {"path": "/measure", "payload": {"arena_id": "default", "robot_id": "202601002029", "request_id": "a6327b5147b54056a092c33083b78cf2", "position": {"x": 257.5249498770077, "y": -961.0961971576231}, "channel": 18}, "attempt": 1}
2026-09-13 01:40:44,743 INFO response {"request_id": "a6327b5147b54056a092c33083b78cf2", "http_status": 200, "body": {"accepted": true, "real_timestamp_ms": 1789234841709, "virtual_time_s": 674.308006, "measure_result": "no_signal"}}
2026-09-13 01:40:44,758 INFO request {"path": "/measure", "payload": {"arena_id": "default", "robot_id": "202601002029", "request_id": "b449e8ec7f1d4fa5961818c404d41e14", "position": {"x": 257.5249498770077, "y": -961.0961971576231}, "channel": 19}, "attempt": 1}
2026-09-13 01:40:44,761 INFO response {"request_id": "b449e8ec7f1d4fa5961818c404d41e14", "http_status": 200, "body": {"accepted": true, "real_timestamp_ms": 1789234841727, "virtual_time_s": 680.308006, "measure_result": "no_signal"}}
2026-09-13 01:40:44,826 INFO request {"path": "/measure", "payload": {"arena_id": "default", "robot_id": "202601002029", "request_id": "db107f8e08224d769dc8096cebf404c2", "position": {"x": 257.5249498770077, "y": -961.0961971576231}, "channel": 10}, "attempt": 1}
2026-09-13 01:40:44,828 INFO response {"request_id": "db107f8e08224d769dc8096cebf404c2", "http_status": 200, "body": {"accepted": true, "real_timestamp_ms": 1789234841794, "virtual_time_s": 686.308006, "measure_result": "direction", "svd_deg": 126.82}}
2026-09-13 01:40:44,849 INFO request {"path": "/measure", "payload": {"arena_id": "default", "robot_id": "202601002029", "request_id": "62ebe051c63b4a50b63e79692d242fda", "position": {"x": 257.5249498770077, "y": -961.0961971576231}, "channel": 20}, "attempt": 1}
2026-09-13 01:40:44,861 INFO response {"request_id": "62ebe051c63b4a50b63e79692d242fda", "http_status": 200, "body": {"accepted": true, "real_timestamp_ms": 1789234841827, "virtual_time_s": 692.308006, "measure_result": "direction", "svd_deg": 265.77}}
2026-09-13 01:40:45,449 INFO request {"path": "/measure", "payload": {"arena_id": "default", "robot_id": "202601002029", "request_id": "3f2611389afe4c95af5df3d2c6d01d2f", "position": {"x": -497.50000000000045, "y": -861.6952767655163}, "channel": 1}, "attempt": 1}
2026-09-13 01:40:45,450 INFO response {"request_id": "3f2611389afe4c95af5df3d2c6d01d2f", "http_status": 200, "body": {"accepted": true, "real_timestamp_ms": 1789234842417, "virtual_time_s": 850.616012, "measure_result": "no_signal"}}
2026-09-13 01:40:45,481 INFO request {"path": "/measure", "payload": {"arena_id": "default", "robot_id": "202601002029", "request_id": "fde15f85daa0458ea4afc68515522db1", "position": {"x": -497.50000000000045, "y": -861.6952767655163}, "channel": 2}, "attempt": 1}
2026-09-13 01:40:45,498 INFO response {"request_id": "fde15f85daa0458ea4afc68515522db1", "http_status": 200, "body": {"accepted": true, "real_timestamp_ms": 1789234842464, "virtual_time_s": 856.616012, "measure_result": "direction", "svd_deg": 188.41}}
2026-09-13 01:40:45,515 INFO request {"path": "/measure", "payload": {"arena_id": "default", "robot_id": "202601002029", "request_id": "e46690753ce84928852454e7271b9683", "position": {"x": -497.50000000000045, "y": -861.6952767655163}, "channel": 3}, "attempt": 1}
2026-09-13 01:40:45,517 INFO response {"request_id": "e46690753ce84928852454e7271b9683", "http_status": 200, "body": {"accepted": true, "real_timestamp_ms": 1789234842483, "virtual_time_s": 862.616012, "measure_result": "no_signal"}}
2026-09-13 01:40:45,548 INFO request {"path": "/measure", "payload": {"arena_id": "default", "robot_id": "202601002029", "request_id": "7d92e7094c0945ecab466aee6f625aa9", "position": {"x": -497.50000000000045, "y": -861.6952767655163}, "channel": 4}, "attempt": 1}
2026-09-13 01:40:45,549 INFO response {"request_id": "7d92e7094c0945ecab466aee6f625aa9", "http_status": 200, "body": {"accepted": true, "real_timestamp_ms": 1789234842515, "virtual_time_s": 868.616012, "measure_result": "no_signal"}}
2026-09-13 01:40:45,580 INFO request {"path": "/measure", "payload": {"arena_id": "default", "robot_id": "202601002029", "request_id": "d39aea5f55b8486dba2f2885aabc9bdc", "position": {"x": -497.50000000000045, "y": -861.6952767655163}, "channel": 5}, "attempt": 1}
2026-09-13 01:40:45,582 INFO response {"request_id": "d39aea5f55b8486dba2f2885aabc9bdc", "http_status": 200, "body": {"accepted": true, "real_timestamp_ms": 1789234842548, "virtual_time_s": 874.616012, "measure_result": "no_signal"}}
2026-09-13 01:40:45,597 INFO request {"path": "/measure", "payload": {"arena_id": "default", "robot_id": "202601002029", "request_id": "dd6d61473a8f4d91baf78ea91fbc2cd2", "position": {"x": -497.50000000000045, "y": -861.6952767655163}, "channel": 6}, "attempt": 1}
2026-09-13 01:40:45,616 INFO response {"request_id": "dd6d61473a8f4d91baf78ea91fbc2cd2", "http_status": 200, "body": {"accepted": true, "real_timestamp_ms": 1789234842582, "virtual_time_s": 880.616012, "measure_result": "no_signal"}}
2026-09-13 01:40:45,616 INFO request {"path": "/measure", "payload": {"arena_id": "default", "robot_id": "202601002029", "request_id": "3109dada5a1e435ca73a80e19169fe6b", "position": {"x": -497.50000000000045, "y": -861.6952767655163}, "channel": 7}, "attempt": 1}
2026-09-13 01:40:45,618 INFO response {"request_id": "3109dada5a1e435ca73a80e19169fe6b", "http_status": 200, "body": {"accepted": true, "real_timestamp_ms": 1789234842584, "virtual_time_s": 886.616012, "measure_result": "no_signal"}}
2026-09-13 01:40:45,649 INFO request {"path": "/measure", "payload": {"arena_id": "default", "robot_id": "202601002029", "request_id": "80e839b4fb6d457c98c3fb257864f40e", "position": {"x": -497.50000000000045, "y": -861.6952767655163}, "channel": 8}, "attempt": 1}
2026-09-13 01:40:45,650 INFO response {"request_id": "80e839b4fb6d457c98c3fb257864f40e", "http_status": 200, "body": {"accepted": true, "real_timestamp_ms": 1789234842617, "virtual_time_s": 892.616012, "measure_result": "no_signal"}}
2026-09-13 01:40:45,681 INFO request {"path": "/measure", "payload": {"arena_id": "default", "robot_id": "202601002029", "request_id": "d4e1f4086069473eb6a6ef86eaa5f6b6", "position": {"x": -497.50000000000045, "y": -861.6952767655163}, "channel": 9}, "attempt": 1}
2026-09-13 01:40:45,695 INFO response {"request_id": "d4e1f4086069473eb6a6ef86eaa5f6b6", "http_status": 200, "body": {"accepted": true, "real_timestamp_ms": 1789234842660, "virtual_time_s": 898.616012, "measure_result": "no_signal"}}
2026-09-13 01:40:45,711 INFO request {"path": "/measure", "payload": {"arena_id": "default", "robot_id": "202601002029", "request_id": "106bf006707d44a484483f125739644a", "position": {"x": -497.50000000000045, "y": -861.6952767655163}, "channel": 11}, "attempt": 1}
2026-09-13 01:40:45,723 INFO response {"request_id": "106bf006707d44a484483f125739644a", "http_status": 200, "body": {"accepted": true, "real_timestamp_ms": 1789234842689, "virtual_time_s": 904.616012, "measure_result": "no_signal"}}
2026-09-13 01:40:45,739 INFO request {"path": "/measure", "payload": {"arena_id": "default", "robot_id": "202601002029", "request_id": "bab30c5a6ca04031b4ac313fe61c088c", "position": {"x": -497.50000000000045, "y": -861.6952767655163}, "channel": 13}, "attempt": 1}
2026-09-13 01:40:45,741 INFO response {"request_id": "bab30c5a6ca04031b4ac313fe61c088c", "http_status": 200, "body": {"accepted": true, "real_timestamp_ms": 1789234842706, "virtual_time_s": 910.616012, "measure_result": "no_signal"}}
2026-09-13 01:40:45,771 INFO request {"path": "/measure", "payload": {"arena_id": "default", "robot_id": "202601002029", "request_id": "0ce8260e791b4337b92869df6cb0a648", "position": {"x": -497.50000000000045, "y": -861.6952767655163}, "channel": 14}, "attempt": 1}
2026-09-13 01:40:45,772 INFO response {"request_id": "0ce8260e791b4337b92869df6cb0a648", "http_status": 200, "body": {"accepted": true, "real_timestamp_ms": 1789234842738, "virtual_time_s": 916.616012, "measure_result": "no_signal"}}
2026-09-13 01:40:45,803 INFO request {"path": "/measure", "payload": {"arena_id": "default", "robot_id": "202601002029", "request_id": "dc0e5101331d414082704a38ee36d445", "position": {"x": -497.50000000000045, "y": -861.6952767655163}, "channel": 16}, "attempt": 1}
2026-09-13 01:40:45,805 INFO response {"request_id": "dc0e5101331d414082704a38ee36d445", "http_status": 200, "body": {"accepted": true, "real_timestamp_ms": 1789234842771, "virtual_time_s": 922.616012, "measure_result": "no_signal"}}
2026-09-13 01:40:45,836 INFO request {"path": "/measure", "payload": {"arena_id": "default", "robot_id": "202601002029", "request_id": "74d132689b2c48c9bf4d1a13adf9ef37", "position": {"x": -497.50000000000045, "y": -861.6952767655163}, "channel": 17}, "attempt": 1}
2026-09-13 01:40:45,851 INFO response {"request_id": "74d132689b2c48c9bf4d1a13adf9ef37", "http_status": 200, "body": {"accepted": true, "real_timestamp_ms": 1789234842816, "virtual_time_s": 928.616012, "measure_result": "no_signal"}}
2026-09-13 01:40:45,867 INFO request {"path": "/measure", "payload": {"arena_id": "default", "robot_id": "202601002029", "request_id": "ba6b52180b2849c980f9f1951b3e45c7", "position": {"x": -497.50000000000045, "y": -861.6952767655163}, "channel": 18}, "attempt": 1}
2026-09-13 01:40:45,868 INFO response {"request_id": "ba6b52180b2849c980f9f1951b3e45c7", "http_status": 200, "body": {"accepted": true, "real_timestamp_ms": 1789234842834, "virtual_time_s": 934.616012, "measure_result": "no_signal"}}
2026-09-13 01:40:45,898 INFO request {"path": "/measure", "payload": {"arena_id": "default", "robot_id": "202601002029", "request_id": "28126de5257d41088dd21cfa33096a92", "position": {"x": -497.50000000000045, "y": -861.6952767655163}, "channel": 19}, "attempt": 1}
2026-09-13 01:40:45,899 INFO response {"request_id": "28126de5257d41088dd21cfa33096a92", "http_status": 200, "body": {"accepted": true, "real_timestamp_ms": 1789234842866, "virtual_time_s": 940.616012, "measure_result": "no_signal"}}
2026-09-13 01:40:45,940 INFO request {"path": "/measure", "payload": {"arena_id": "default", "robot_id": "202601002029", "request_id": "8aa87fa3ae854b63978f6364b11b1b48", "position": {"x": -497.50000000000045, "y": -861.6952767655163}, "channel": 20}, "attempt": 1}
2026-09-13 01:40:45,958 INFO response {"request_id": "8aa87fa3ae854b63978f6364b11b1b48", "http_status": 200, "body": {"accepted": true, "real_timestamp_ms": 1789234842925, "virtual_time_s": 946.616012, "measure_result": "direction", "svd_deg": 331.16}}
2026-09-13 01:40:45,963 INFO request {"path": "/measure", "payload": {"arena_id": "default", "robot_id": "202601002029", "request_id": "2e86bf5c62484f1e9cce3b08e481a6b1", "position": {"x": -497.50000000000045, "y": -861.6952767655163}, "channel": 15}, "attempt": 1}
2026-09-13 01:40:45,977 INFO response {"request_id": "2e86bf5c62484f1e9cce3b08e481a6b1", "http_status": 200, "body": {"accepted": true, "real_timestamp_ms": 1789234842944, "virtual_time_s": 952.616012, "measure_result": "direction", "svd_deg": 123.28}}
2026-09-13 01:40:45,996 INFO request {"path": "/measure", "payload": {"arena_id": "default", "robot_id": "202601002029", "request_id": "ea6473f2eda8460a8191657fb501f511", "position": {"x": -497.50000000000045, "y": -861.6952767655163}, "channel": 10}, "attempt": 1}
2026-09-13 01:40:45,997 INFO response {"request_id": "ea6473f2eda8460a8191657fb501f511", "http_status": 200, "body": {"accepted": true, "real_timestamp_ms": 1789234842964, "virtual_time_s": 958.616012, "measure_result": "direction", "svd_deg": 83.58}}
2026-09-13 01:40:46,671 INFO request {"path": "/measure", "payload": {"arena_id": "default", "robot_id": "202601002029", "request_id": "29f176263b2249d0bc18a65cf5836ee8", "position": {"x": -961.096197157623, "y": -257.52494987700817}, "channel": 1}, "attempt": 1}
2026-09-13 01:40:46,686 INFO response {"request_id": "29f176263b2249d0bc18a65cf5836ee8", "http_status": 200, "body": {"accepted": true, "real_timestamp_ms": 1789234843653, "virtual_time_s": 1116.924018, "measure_result": "no_signal"}}
2026-09-13 01:40:46,701 INFO request {"path": "/measure", "payload": {"arena_id": "default", "robot_id": "202601002029", "request_id": "6eb2ad8948d448f7bdfa77f4ce606c28", "position": {"x": -961.096197157623, "y": -257.52494987700817}, "channel": 3}, "attempt": 1}
2026-09-13 01:40:46,702 INFO response {"request_id": "6eb2ad8948d448f7bdfa77f4ce606c28", "http_status": 200, "body": {"accepted": true, "real_timestamp_ms": 1789234843669, "virtual_time_s": 1122.924018, "measure_result": "no_signal"}}
2026-09-13 01:40:46,733 INFO request {"path": "/measure", "payload": {"arena_id": "default", "robot_id": "202601002029", "request_id": "cb4f79b4107b4ea88c64b4ac2c6e89a3", "position": {"x": -961.096197157623, "y": -257.52494987700817}, "channel": 4}, "attempt": 1}
2026-09-13 01:40:46,734 INFO response {"request_id": "cb4f79b4107b4ea88c64b4ac2c6e89a3", "http_status": 200, "body": {"accepted": true, "real_timestamp_ms": 1789234843701, "virtual_time_s": 1128.924018, "measure_result": "no_signal"}}
2026-09-13 01:40:46,765 INFO request {"path": "/measure", "payload": {"arena_id": "default", "robot_id": "202601002029", "request_id": "9391783395874710a8a26ba24ec5a10c", "position": {"x": -961.096197157623, "y": -257.52494987700817}, "channel": 5}, "attempt": 1}
2026-09-13 01:40:46,783 INFO response {"request_id": "9391783395874710a8a26ba24ec5a10c", "http_status": 200, "body": {"accepted": true, "real_timestamp_ms": 1789234843749, "virtual_time_s": 1134.924018, "measure_result": "no_signal"}}
2026-09-13 01:40:46,798 INFO request {"path": "/measure", "payload": {"arena_id": "default", "robot_id": "202601002029", "request_id": "5ebda6a49c0940f89264b743ea086ddb", "position": {"x": -961.096197157623, "y": -257.52494987700817}, "channel": 6}, "attempt": 1}
2026-09-13 01:40:46,812 INFO response {"request_id": "5ebda6a49c0940f89264b743ea086ddb", "http_status": 200, "body": {"accepted": true, "real_timestamp_ms": 1789234843779, "virtual_time_s": 1140.924018, "measure_result": "no_signal"}}
2026-09-13 01:40:46,827 INFO request {"path": "/measure", "payload": {"arena_id": "default", "robot_id": "202601002029", "request_id": "ffe2efaa915b4c7a94070fe334636483", "position": {"x": -961.096197157623, "y": -257.52494987700817}, "channel": 7}, "attempt": 1}
2026-09-13 01:40:46,828 INFO response {"request_id": "ffe2efaa915b4c7a94070fe334636483", "http_status": 200, "body": {"accepted": true, "real_timestamp_ms": 1789234843794, "virtual_time_s": 1146.924018, "measure_result": "no_signal"}}
2026-09-13 01:40:46,860 INFO request {"path": "/measure", "payload": {"arena_id": "default", "robot_id": "202601002029", "request_id": "ed5208207ff74138901ba576466cb128", "position": {"x": -961.096197157623, "y": -257.52494987700817}, "channel": 8}, "attempt": 1}
2026-09-13 01:40:46,863 INFO response {"request_id": "ed5208207ff74138901ba576466cb128", "http_status": 200, "body": {"accepted": true, "real_timestamp_ms": 1789234843828, "virtual_time_s": 1152.924018, "measure_result": "no_signal"}}
2026-09-13 01:40:46,878 INFO request {"path": "/measure", "payload": {"arena_id": "default", "robot_id": "202601002029", "request_id": "1f85c26d9f9e4b65a5190d066bf1a874", "position": {"x": -961.096197157623, "y": -257.52494987700817}, "channel": 9}, "attempt": 1}
2026-09-13 01:40:46,892 INFO response {"request_id": "1f85c26d9f9e4b65a5190d066bf1a874", "http_status": 200, "body": {"accepted": true, "real_timestamp_ms": 1789234843858, "virtual_time_s": 1158.924018, "measure_result": "no_signal"}}
2026-09-13 01:40:46,907 INFO request {"path": "/measure", "payload": {"arena_id": "default", "robot_id": "202601002029", "request_id": "6e05c2ded647449ba2646bfc16225781", "position": {"x": -961.096197157623, "y": -257.52494987700817}, "channel": 11}, "attempt": 1}
2026-09-13 01:40:46,908 INFO response {"request_id": "6e05c2ded647449ba2646bfc16225781", "http_status": 200, "body": {"accepted": true, "real_timestamp_ms": 1789234843875, "virtual_time_s": 1164.924018, "measure_result": "no_signal"}}
2026-09-13 01:40:46,939 INFO request {"path": "/measure", "payload": {"arena_id": "default", "robot_id": "202601002029", "request_id": "ac858d41dbb34da699398c14f4d98fa7", "position": {"x": -961.096197157623, "y": -257.52494987700817}, "channel": 13}, "attempt": 1}
2026-09-13 01:40:46,942 INFO response {"request_id": "ac858d41dbb34da699398c14f4d98fa7", "http_status": 200, "body": {"accepted": true, "real_timestamp_ms": 1789234843908, "virtual_time_s": 1170.924018, "measure_result": "no_signal"}}
2026-09-13 01:40:46,959 INFO request {"path": "/measure", "payload": {"arena_id": "default", "robot_id": "202601002029", "request_id": "d94985daafe04bdcac96842e8c93accf", "position": {"x": -961.096197157623, "y": -257.52494987700817}, "channel": 14}, "attempt": 1}
2026-09-13 01:40:46,961 INFO response {"request_id": "d94985daafe04bdcac96842e8c93accf", "http_status": 200, "body": {"accepted": true, "real_timestamp_ms": 1789234843926, "virtual_time_s": 1176.924018, "measure_result": "no_signal"}}
2026-09-13 01:40:46,991 INFO request {"path": "/measure", "payload": {"arena_id": "default", "robot_id": "202601002029", "request_id": "b526d923f4784b42bbb99312e1a4d45e", "position": {"x": -961.096197157623, "y": -257.52494987700817}, "channel": 16}, "attempt": 1}
2026-09-13 01:40:46,994 INFO response {"request_id": "b526d923f4784b42bbb99312e1a4d45e", "http_status": 200, "body": {"accepted": true, "real_timestamp_ms": 1789234843959, "virtual_time_s": 1182.924018, "measure_result": "no_signal"}}
2026-09-13 01:40:47,025 INFO request {"path": "/measure", "payload": {"arena_id": "default", "robot_id": "202601002029", "request_id": "21aaacf9d56c44f29a43acaa80589268", "position": {"x": -961.096197157623, "y": -257.52494987700817}, "channel": 17}, "attempt": 1}
2026-09-13 01:40:47,028 INFO response {"request_id": "21aaacf9d56c44f29a43acaa80589268", "http_status": 200, "body": {"accepted": true, "real_timestamp_ms": 1789234843993, "virtual_time_s": 1188.924018, "measure_result": "no_signal"}}
2026-09-13 01:40:47,059 INFO request {"path": "/measure", "payload": {"arena_id": "default", "robot_id": "202601002029", "request_id": "6f9b363918a149bd8df86ff10b3ad561", "position": {"x": -961.096197157623, "y": -257.52494987700817}, "channel": 18}, "attempt": 1}
2026-09-13 01:40:47,061 INFO response {"request_id": "6f9b363918a149bd8df86ff10b3ad561", "http_status": 200, "body": {"accepted": true, "real_timestamp_ms": 1789234844027, "virtual_time_s": 1194.924018, "measure_result": "no_signal"}}
2026-09-13 01:40:47,092 INFO request {"path": "/measure", "payload": {"arena_id": "default", "robot_id": "202601002029", "request_id": "d85babe3d47242a694ecf8a5ace7c605", "position": {"x": -961.096197157623, "y": -257.52494987700817}, "channel": 19}, "attempt": 1}
2026-09-13 01:40:47,094 INFO response {"request_id": "d85babe3d47242a694ecf8a5ace7c605", "http_status": 200, "body": {"accepted": true, "real_timestamp_ms": 1789234844060, "virtual_time_s": 1200.924018, "measure_result": "no_signal"}}
2026-09-13 01:40:47,148 INFO request {"path": "/measure", "payload": {"arena_id": "default", "robot_id": "202601002029", "request_id": "fd56e5aef46f4571843f3b5aead5f023", "position": {"x": -961.096197157623, "y": -257.52494987700817}, "channel": 10}, "attempt": 1}
2026-09-13 01:40:47,169 INFO response {"request_id": "fd56e5aef46f4571843f3b5aead5f023", "http_status": 200, "body": {"accepted": true, "real_timestamp_ms": 1789234844135, "virtual_time_s": 1206.924018, "measure_result": "direction", "svd_deg": 18.52}}
2026-09-13 01:40:47,179 INFO request {"path": "/measure", "payload": {"arena_id": "default", "robot_id": "202601002029", "request_id": "a6bf7f00d73b46ce9dcb7f2d44106acd", "position": {"x": -961.096197157623, "y": -257.52494987700817}, "channel": 2}, "attempt": 1}
2026-09-13 01:40:47,180 INFO response {"request_id": "a6bf7f00d73b46ce9dcb7f2d44106acd", "http_status": 200, "body": {"accepted": true, "real_timestamp_ms": 1789234844147, "virtual_time_s": 1212.924018, "measure_result": "direction", "svd_deg": 241.18}}
2026-09-13 01:40:47,214 INFO request {"path": "/measure", "payload": {"arena_id": "default", "robot_id": "202601002029", "request_id": "5e76e128e8754543b609c80e8158534b", "position": {"x": -961.096197157623, "y": -257.52494987700817}, "channel": 15}, "attempt": 1}
2026-09-13 01:40:47,216 INFO response {"request_id": "5e76e128e8754543b609c80e8158534b", "http_status": 200, "body": {"accepted": true, "real_timestamp_ms": 1789234844182, "virtual_time_s": 1218.924018, "measure_result": "direction", "svd_deg": 117.43}}
2026-09-13 01:40:47,654 INFO request {"path": "/measure", "payload": {"arena_id": "default", "robot_id": "202601002029", "request_id": "1fc2ad0f7cb94c708ca4d452800c0578", "position": {"x": -861.6952767655165, "y": 497.49999999999994}, "channel": 1}, "attempt": 1}
2026-09-13 01:40:47,675 INFO response {"request_id": "1fc2ad0f7cb94c708ca4d452800c0578", "http_status": 200, "body": {"accepted": true, "real_timestamp_ms": 1789234844641, "virtual_time_s": 1377.232024, "measure_result": "no_signal"}}
2026-09-13 01:40:47,690 INFO request {"path": "/measure", "payload": {"arena_id": "default", "robot_id": "202601002029", "request_id": "933b6957477b41588d6d93f579d82e46", "position": {"x": -861.6952767655165, "y": 497.49999999999994}, "channel": 3}, "attempt": 1}
2026-09-13 01:40:47,691 INFO response {"request_id": "933b6957477b41588d6d93f579d82e46", "http_status": 200, "body": {"accepted": true, "real_timestamp_ms": 1789234844657, "virtual_time_s": 1383.232024, "measure_result": "no_signal"}}
2026-09-13 01:40:47,707 INFO request {"path": "/measure", "payload": {"arena_id": "default", "robot_id": "202601002029", "request_id": "94fd769520414e8fa827c85f43470a8b", "position": {"x": -861.6952767655165, "y": 497.49999999999994}, "channel": 4}, "attempt": 1}
2026-09-13 01:40:47,710 INFO response {"request_id": "94fd769520414e8fa827c85f43470a8b", "http_status": 200, "body": {"accepted": true, "real_timestamp_ms": 1789234844675, "virtual_time_s": 1389.232024, "measure_result": "direction", "svd_deg": 96.0}}
2026-09-13 01:40:47,746 INFO request {"path": "/measure", "payload": {"arena_id": "default", "robot_id": "202601002029", "request_id": "16ae56c7bfbf4f70944d61425ef4aede", "position": {"x": -861.6952767655165, "y": 497.49999999999994}, "channel": 5}, "attempt": 1}
2026-09-13 01:40:47,751 INFO response {"request_id": "16ae56c7bfbf4f70944d61425ef4aede", "http_status": 200, "body": {"accepted": true, "real_timestamp_ms": 1789234844714, "virtual_time_s": 1395.232024, "measure_result": "no_signal"}}
2026-09-13 01:40:47,782 INFO request {"path": "/measure", "payload": {"arena_id": "default", "robot_id": "202601002029", "request_id": "06b268509c004072845f1dd229ac1d04", "position": {"x": -861.6952767655165, "y": 497.49999999999994}, "channel": 6}, "attempt": 1}
2026-09-13 01:40:47,784 INFO response {"request_id": "06b268509c004072845f1dd229ac1d04", "http_status": 200, "body": {"accepted": true, "real_timestamp_ms": 1789234844750, "virtual_time_s": 1401.232024, "measure_result": "no_signal"}}
2026-09-13 01:40:47,815 INFO request {"path": "/measure", "payload": {"arena_id": "default", "robot_id": "202601002029", "request_id": "2b6f6242908b4855a2d59a41965b2522", "position": {"x": -861.6952767655165, "y": 497.49999999999994}, "channel": 7}, "attempt": 1}
2026-09-13 01:40:47,817 INFO response {"request_id": "2b6f6242908b4855a2d59a41965b2522", "http_status": 200, "body": {"accepted": true, "real_timestamp_ms": 1789234844783, "virtual_time_s": 1407.232024, "measure_result": "no_signal"}}
2026-09-13 01:40:47,833 INFO request {"path": "/measure", "payload": {"arena_id": "default", "robot_id": "202601002029", "request_id": "2c5ea1cbb35e45efb03951603e440fac", "position": {"x": -861.6952767655165, "y": 497.49999999999994}, "channel": 8}, "attempt": 1}
2026-09-13 01:40:47,836 INFO response {"request_id": "2c5ea1cbb35e45efb03951603e440fac", "http_status": 200, "body": {"accepted": true, "real_timestamp_ms": 1789234844802, "virtual_time_s": 1413.232024, "measure_result": "no_signal"}}
2026-09-13 01:40:47,870 INFO request {"path": "/measure", "payload": {"arena_id": "default", "robot_id": "202601002029", "request_id": "12af7d23bada4407bb2e61b62091dd77", "position": {"x": -861.6952767655165, "y": 497.49999999999994}, "channel": 9}, "attempt": 1}
2026-09-13 01:40:47,872 INFO response {"request_id": "12af7d23bada4407bb2e61b62091dd77", "http_status": 200, "body": {"accepted": true, "real_timestamp_ms": 1789234844838, "virtual_time_s": 1419.232024, "measure_result": "no_signal"}}
2026-09-13 01:40:47,903 INFO request {"path": "/measure", "payload": {"arena_id": "default", "robot_id": "202601002029", "request_id": "ebf08a3fab0340d096dce0d7f472cd0b", "position": {"x": -861.6952767655165, "y": 497.49999999999994}, "channel": 11}, "attempt": 1}
2026-09-13 01:40:47,920 INFO response {"request_id": "ebf08a3fab0340d096dce0d7f472cd0b", "http_status": 200, "body": {"accepted": true, "real_timestamp_ms": 1789234844886, "virtual_time_s": 1425.232024, "measure_result": "no_signal"}}
2026-09-13 01:40:47,935 INFO request {"path": "/measure", "payload": {"arena_id": "default", "robot_id": "202601002029", "request_id": "9592647c466545468b1d6f26e4fb6c8e", "position": {"x": -861.6952767655165, "y": 497.49999999999994}, "channel": 13}, "attempt": 1}
2026-09-13 01:40:47,938 INFO response {"request_id": "9592647c466545468b1d6f26e4fb6c8e", "http_status": 200, "body": {"accepted": true, "real_timestamp_ms": 1789234844903, "virtual_time_s": 1431.232024, "measure_result": "no_signal"}}
2026-09-13 01:40:47,969 INFO request {"path": "/measure", "payload": {"arena_id": "default", "robot_id": "202601002029", "request_id": "cbf1fbd4409f4ea5ab94d15a263e839c", "position": {"x": -861.6952767655165, "y": 497.49999999999994}, "channel": 14}, "attempt": 1}
2026-09-13 01:40:47,972 INFO response {"request_id": "cbf1fbd4409f4ea5ab94d15a263e839c", "http_status": 200, "body": {"accepted": true, "real_timestamp_ms": 1789234844937, "virtual_time_s": 1437.232024, "measure_result": "direction", "svd_deg": 58.39}}
2026-09-13 01:40:47,993 INFO request {"path": "/measure", "payload": {"arena_id": "default", "robot_id": "202601002029", "request_id": "1f16062e53444f98bbb3a651f03a635f", "position": {"x": -861.6952767655165, "y": 497.49999999999994}, "channel": 16}, "attempt": 1}
2026-09-13 01:40:48,008 INFO response {"request_id": "1f16062e53444f98bbb3a651f03a635f", "http_status": 200, "body": {"accepted": true, "real_timestamp_ms": 1789234844973, "virtual_time_s": 1443.232024, "measure_result": "no_signal"}}
2026-09-13 01:40:48,023 INFO request {"path": "/measure", "payload": {"arena_id": "default", "robot_id": "202601002029", "request_id": "ddb005c6bcde4c80bf62e25186bd9328", "position": {"x": -861.6952767655165, "y": 497.49999999999994}, "channel": 17}, "attempt": 1}
2026-09-13 01:40:48,025 INFO response {"request_id": "ddb005c6bcde4c80bf62e25186bd9328", "http_status": 200, "body": {"accepted": true, "real_timestamp_ms": 1789234844991, "virtual_time_s": 1449.232024, "measure_result": "no_signal"}}
2026-09-13 01:40:48,057 INFO request {"path": "/measure", "payload": {"arena_id": "default", "robot_id": "202601002029", "request_id": "c09db1c902f24e39bc2fd30c46963d43", "position": {"x": -861.6952767655165, "y": 497.49999999999994}, "channel": 18}, "attempt": 1}
2026-09-13 01:40:48,058 INFO response {"request_id": "c09db1c902f24e39bc2fd30c46963d43", "http_status": 200, "body": {"accepted": true, "real_timestamp_ms": 1789234845024, "virtual_time_s": 1455.232024, "measure_result": "no_signal"}}
2026-09-13 01:40:48,089 INFO request {"path": "/measure", "payload": {"arena_id": "default", "robot_id": "202601002029", "request_id": "d62773b84f914f7e9fee8856195ad7f2", "position": {"x": -861.6952767655165, "y": 497.49999999999994}, "channel": 19}, "attempt": 1}
2026-09-13 01:40:48,091 INFO response {"request_id": "d62773b84f914f7e9fee8856195ad7f2", "http_status": 200, "body": {"accepted": true, "real_timestamp_ms": 1789234845057, "virtual_time_s": 1461.232024, "measure_result": "no_signal"}}
2026-09-13 01:40:48,121 INFO request {"path": "/measure", "payload": {"arena_id": "default", "robot_id": "202601002029", "request_id": "e0fe430b12664cfd8f9fa1e66ff2b474", "position": {"x": -861.6952767655165, "y": 497.49999999999994}, "channel": 15}, "attempt": 1}
2026-09-13 01:40:48,136 INFO response {"request_id": "e0fe430b12664cfd8f9fa1e66ff2b474", "http_status": 200, "body": {"accepted": true, "real_timestamp_ms": 1789234845103, "virtual_time_s": 1467.232024, "measure_result": "no_signal"}}
2026-09-13 01:40:49,054 INFO request {"path": "/measure", "payload": {"arena_id": "default", "robot_id": "202601002029", "request_id": "6a0be56829e74fa9861d86b1a3064b13", "position": {"x": -257.5249498770082, "y": 961.096197157623}, "channel": 1}, "attempt": 1}
2026-09-13 01:40:49,055 INFO response {"request_id": "6a0be56829e74fa9861d86b1a3064b13", "http_status": 200, "body": {"accepted": true, "real_timestamp_ms": 1789234846021, "virtual_time_s": 1625.54003, "measure_result": "no_signal"}}
2026-09-13 01:40:49,085 INFO request {"path": "/measure", "payload": {"arena_id": "default", "robot_id": "202601002029", "request_id": "546af3a82b384a268c1f676642303a8a", "position": {"x": -257.5249498770082, "y": 961.096197157623}, "channel": 3}, "attempt": 1}
2026-09-13 01:40:49,101 INFO response {"request_id": "546af3a82b384a268c1f676642303a8a", "http_status": 200, "body": {"accepted": true, "real_timestamp_ms": 1789234846068, "virtual_time_s": 1631.54003, "measure_result": "no_signal"}}
2026-09-13 01:40:49,117 INFO request {"path": "/measure", "payload": {"arena_id": "default", "robot_id": "202601002029", "request_id": "3384db0c2ae849efaefc010246e2d644", "position": {"x": -257.5249498770082, "y": 961.096197157623}, "channel": 5}, "attempt": 1}
2026-09-13 01:40:49,118 INFO response {"request_id": "3384db0c2ae849efaefc010246e2d644", "http_status": 200, "body": {"accepted": true, "real_timestamp_ms": 1789234846085, "virtual_time_s": 1637.54003, "measure_result": "no_signal"}}
2026-09-13 01:40:49,149 INFO request {"path": "/measure", "payload": {"arena_id": "default", "robot_id": "202601002029", "request_id": "e02bce81f8804060848e7b2de64fbde9", "position": {"x": -257.5249498770082, "y": 961.096197157623}, "channel": 6}, "attempt": 1}
2026-09-13 01:40:49,161 INFO response {"request_id": "e02bce81f8804060848e7b2de64fbde9", "http_status": 200, "body": {"accepted": true, "real_timestamp_ms": 1789234846127, "virtual_time_s": 1643.54003, "measure_result": "direction", "svd_deg": 77.02}}
2026-09-13 01:40:49,178 INFO request {"path": "/measure", "payload": {"arena_id": "default", "robot_id": "202601002029", "request_id": "8890c7b6225f48129db3d748ee423607", "position": {"x": -257.5249498770082, "y": 961.096197157623}, "channel": 7}, "attempt": 1}
2026-09-13 01:40:49,190 INFO response {"request_id": "8890c7b6225f48129db3d748ee423607", "http_status": 200, "body": {"accepted": true, "real_timestamp_ms": 1789234846157, "virtual_time_s": 1649.54003, "measure_result": "no_signal"}}
2026-09-13 01:40:49,221 INFO request {"path": "/measure", "payload": {"arena_id": "default", "robot_id": "202601002029", "request_id": "a05e35e862644511b1595f5eb62ca053", "position": {"x": -257.5249498770082, "y": 961.096197157623}, "channel": 8}, "attempt": 1}
2026-09-13 01:40:49,222 INFO response {"request_id": "a05e35e862644511b1595f5eb62ca053", "http_status": 200, "body": {"accepted": true, "real_timestamp_ms": 1789234846189, "virtual_time_s": 1655.54003, "measure_result": "direction", "svd_deg": 96.58}}
2026-09-13 01:40:49,239 INFO request {"path": "/measure", "payload": {"arena_id": "default", "robot_id": "202601002029", "request_id": "0d982ba48e814a1eaeb8b9edb1e334c1", "position": {"x": -257.5249498770082, "y": 961.096197157623}, "channel": 9}, "attempt": 1}
2026-09-13 01:40:49,241 INFO response {"request_id": "0d982ba48e814a1eaeb8b9edb1e334c1", "http_status": 200, "body": {"accepted": true, "real_timestamp_ms": 1789234846207, "virtual_time_s": 1661.54003, "measure_result": "no_signal"}}
2026-09-13 01:40:49,272 INFO request {"path": "/measure", "payload": {"arena_id": "default", "robot_id": "202601002029", "request_id": "a57294617f4f4b63bd2a017f1261121b", "position": {"x": -257.5249498770082, "y": 961.096197157623}, "channel": 11}, "attempt": 1}
2026-09-13 01:40:49,274 INFO response {"request_id": "a57294617f4f4b63bd2a017f1261121b", "http_status": 200, "body": {"accepted": true, "real_timestamp_ms": 1789234846240, "virtual_time_s": 1667.54003, "measure_result": "direction", "svd_deg": 73.83}}
2026-09-13 01:40:49,310 INFO request {"path": "/measure", "payload": {"arena_id": "default", "robot_id": "202601002029", "request_id": "c5c1feeb9f1a4e3b84ddfbbca14af126", "position": {"x": -257.5249498770082, "y": 961.096197157623}, "channel": 13}, "attempt": 1}
2026-09-13 01:40:49,312 INFO response {"request_id": "c5c1feeb9f1a4e3b84ddfbbca14af126", "http_status": 200, "body": {"accepted": true, "real_timestamp_ms": 1789234846278, "virtual_time_s": 1673.54003, "measure_result": "no_signal"}}
2026-09-13 01:40:49,344 INFO request {"path": "/measure", "payload": {"arena_id": "default", "robot_id": "202601002029", "request_id": "f1448c1d671445b983aeb5a2bcbdc127", "position": {"x": -257.5249498770082, "y": 961.096197157623}, "channel": 16}, "attempt": 1}
2026-09-13 01:40:49,346 INFO response {"request_id": "f1448c1d671445b983aeb5a2bcbdc127", "http_status": 200, "body": {"accepted": true, "real_timestamp_ms": 1789234846312, "virtual_time_s": 1679.54003, "measure_result": "direction", "svd_deg": 83.79}}
2026-09-13 01:40:49,367 INFO request {"path": "/measure", "payload": {"arena_id": "default", "robot_id": "202601002029", "request_id": "2b9c80dcede4486eb19e5a03591429b2", "position": {"x": -257.5249498770082, "y": 961.096197157623}, "channel": 17}, "attempt": 1}
2026-09-13 01:40:49,379 INFO response {"request_id": "2b9c80dcede4486eb19e5a03591429b2", "http_status": 200, "body": {"accepted": true, "real_timestamp_ms": 1789234846345, "virtual_time_s": 1685.54003, "measure_result": "no_signal"}}
2026-09-13 01:40:49,394 INFO request {"path": "/measure", "payload": {"arena_id": "default", "robot_id": "202601002029", "request_id": "80a5892b9bf04345ab3cbdbe889f9887", "position": {"x": -257.5249498770082, "y": 961.096197157623}, "channel": 18}, "attempt": 1}
2026-09-13 01:40:49,408 INFO response {"request_id": "80a5892b9bf04345ab3cbdbe889f9887", "http_status": 200, "body": {"accepted": true, "real_timestamp_ms": 1789234846374, "virtual_time_s": 1691.54003, "measure_result": "no_signal"}}
2026-09-13 01:40:49,441 INFO request {"path": "/measure", "payload": {"arena_id": "default", "robot_id": "202601002029", "request_id": "72215654ab01415789418cab2d412e41", "position": {"x": -257.5249498770082, "y": 961.096197157623}, "channel": 19}, "attempt": 1}
2026-09-13 01:40:49,442 INFO response {"request_id": "72215654ab01415789418cab2d412e41", "http_status": 200, "body": {"accepted": true, "real_timestamp_ms": 1789234846408, "virtual_time_s": 1697.54003, "measure_result": "no_signal"}}
2026-09-13 01:40:49,489 INFO request {"path": "/measure", "payload": {"arena_id": "default", "robot_id": "202601002029", "request_id": "24774cce18fe40d1be1f39118f94312e", "position": {"x": -257.5249498770082, "y": 961.096197157623}, "channel": 14}, "attempt": 1}
2026-09-13 01:40:49,507 INFO response {"request_id": "24774cce18fe40d1be1f39118f94312e", "http_status": 200, "body": {"accepted": true, "real_timestamp_ms": 1789234846474, "virtual_time_s": 1703.54003, "measure_result": "direction", "svd_deg": 79.01}}
2026-09-13 01:40:49,527 INFO request {"path": "/measure", "payload": {"arena_id": "default", "robot_id": "202601002029", "request_id": "d3f5d5503b364d61a587c9476759376f", "position": {"x": -257.5249498770082, "y": 961.096197157623}, "channel": 4}, "attempt": 1}
2026-09-13 01:40:49,528 INFO response {"request_id": "d3f5d5503b364d61a587c9476759376f", "http_status": 200, "body": {"accepted": true, "real_timestamp_ms": 1789234846494, "virtual_time_s": 1709.54003, "measure_result": "direction", "svd_deg": 155.3}}
2026-09-13 01:40:51,023 INFO request {"path": "/measure", "payload": {"arena_id": "default", "robot_id": "202601002029", "request_id": "7bc042c376244a9381a10945df6090e8", "position": {"x": 497.5000000000001, "y": 861.6952767655164}, "channel": 1}, "attempt": 1}
2026-09-13 01:40:51,024 INFO response {"request_id": "7bc042c376244a9381a10945df6090e8", "http_status": 200, "body": {"accepted": true, "real_timestamp_ms": 1789234847991, "virtual_time_s": 1867.848036, "measure_result": "no_signal"}}
2026-09-13 01:40:51,056 INFO request {"path": "/measure", "payload": {"arena_id": "default", "robot_id": "202601002029", "request_id": "e2d945ee6449434490125798b1352c8e", "position": {"x": 497.5000000000001, "y": 861.6952767655164}, "channel": 3}, "attempt": 1}
2026-09-13 01:40:51,058 INFO response {"request_id": "e2d945ee6449434490125798b1352c8e", "http_status": 200, "body": {"accepted": true, "real_timestamp_ms": 1789234848023, "virtual_time_s": 1873.848036, "measure_result": "no_signal"}}
2026-09-13 01:40:51,089 INFO request {"path": "/measure", "payload": {"arena_id": "default", "robot_id": "202601002029", "request_id": "d69ac25b08174df391278b37c10cf706", "position": {"x": 497.5000000000001, "y": 861.6952767655164}, "channel": 5}, "attempt": 1}
2026-09-13 01:40:51,091 INFO response {"request_id": "d69ac25b08174df391278b37c10cf706", "http_status": 200, "body": {"accepted": true, "real_timestamp_ms": 1789234848057, "virtual_time_s": 1879.848036, "measure_result": "no_signal"}}
2026-09-13 01:40:51,122 INFO request {"path": "/measure", "payload": {"arena_id": "default", "robot_id": "202601002029", "request_id": "7f40b170db6047d89f7e53a2ad7cdca1", "position": {"x": 497.5000000000001, "y": 861.6952767655164}, "channel": 7}, "attempt": 1}
2026-09-13 01:40:51,125 INFO response {"request_id": "7f40b170db6047d89f7e53a2ad7cdca1", "http_status": 200, "body": {"accepted": true, "real_timestamp_ms": 1789234848090, "virtual_time_s": 1885.848036, "measure_result": "no_signal"}}
2026-09-13 01:40:51,155 INFO request {"path": "/measure", "payload": {"arena_id": "default", "robot_id": "202601002029", "request_id": "91ce633c5ace4b7ba3fc8d55d2e8e4d5", "position": {"x": 497.5000000000001, "y": 861.6952767655164}, "channel": 9}, "attempt": 1}
2026-09-13 01:40:51,169 INFO response {"request_id": "91ce633c5ace4b7ba3fc8d55d2e8e4d5", "http_status": 200, "body": {"accepted": true, "real_timestamp_ms": 1789234848135, "virtual_time_s": 1891.848036, "measure_result": "no_signal"}}
2026-09-13 01:40:51,183 INFO request {"path": "/measure", "payload": {"arena_id": "default", "robot_id": "202601002029", "request_id": "e5c6ff12f7184ac98490d8b3b4794df7", "position": {"x": 497.5000000000001, "y": 861.6952767655164}, "channel": 13}, "attempt": 1}
2026-09-13 01:40:51,186 INFO response {"request_id": "e5c6ff12f7184ac98490d8b3b4794df7", "http_status": 200, "body": {"accepted": true, "real_timestamp_ms": 1789234848151, "virtual_time_s": 1897.848036, "measure_result": "no_signal"}}
2026-09-13 01:40:51,216 INFO request {"path": "/measure", "payload": {"arena_id": "default", "robot_id": "202601002029", "request_id": "ab2863754714490d98fa0103110e0f17", "position": {"x": 497.5000000000001, "y": 861.6952767655164}, "channel": 17}, "attempt": 1}
2026-09-13 01:40:51,218 INFO response {"request_id": "ab2863754714490d98fa0103110e0f17", "http_status": 200, "body": {"accepted": true, "real_timestamp_ms": 1789234848185, "virtual_time_s": 1903.848036, "measure_result": "no_signal"}}
2026-09-13 01:40:51,249 INFO request {"path": "/measure", "payload": {"arena_id": "default", "robot_id": "202601002029", "request_id": "da798341366a47cd8e09b3aba9d6c467", "position": {"x": 497.5000000000001, "y": 861.6952767655164}, "channel": 18}, "attempt": 1}
2026-09-13 01:40:51,267 INFO response {"request_id": "da798341366a47cd8e09b3aba9d6c467", "http_status": 200, "body": {"accepted": true, "real_timestamp_ms": 1789234848233, "virtual_time_s": 1909.848036, "measure_result": "direction", "svd_deg": 61.91}}
2026-09-13 01:40:51,271 INFO request {"path": "/measure", "payload": {"arena_id": "default", "robot_id": "202601002029", "request_id": "cf6ba53134474a74aaf539267f5980ea", "position": {"x": 497.5000000000001, "y": 861.6952767655164}, "channel": 19}, "attempt": 1}
2026-09-13 01:40:51,287 INFO response {"request_id": "cf6ba53134474a74aaf539267f5980ea", "http_status": 200, "body": {"accepted": true, "real_timestamp_ms": 1789234848253, "virtual_time_s": 1915.848036, "measure_result": "no_signal"}}
2026-09-13 01:40:51,371 INFO request {"path": "/measure", "payload": {"arena_id": "default", "robot_id": "202601002029", "request_id": "56a8c3e129cf4d74851d0b882d40c588", "position": {"x": 497.5000000000001, "y": 861.6952767655164}, "channel": 11}, "attempt": 1}
2026-09-13 01:40:51,385 INFO response {"request_id": "56a8c3e129cf4d74851d0b882d40c588", "http_status": 200, "body": {"accepted": true, "real_timestamp_ms": 1789234848352, "virtual_time_s": 1921.848036, "measure_result": "direction", "svd_deg": 123.44}}
2026-09-13 01:40:51,402 INFO request {"path": "/measure", "payload": {"arena_id": "default", "robot_id": "202601002029", "request_id": "113a83c15fc54fc089d41b89464f2514", "position": {"x": 497.5000000000001, "y": 861.6952767655164}, "channel": 6}, "attempt": 1}
2026-09-13 01:40:51,416 INFO response {"request_id": "113a83c15fc54fc089d41b89464f2514", "http_status": 200, "body": {"accepted": true, "real_timestamp_ms": 1789234848383, "virtual_time_s": 1927.848036, "measure_result": "direction", "svd_deg": 133.96}}
2026-09-13 01:40:51,439 INFO request {"path": "/measure", "payload": {"arena_id": "default", "robot_id": "202601002029", "request_id": "e9f89f4e067c4a369c53a24df1c49875", "position": {"x": 497.5000000000001, "y": 861.6952767655164}, "channel": 16}, "attempt": 1}
2026-09-13 01:40:51,454 INFO response {"request_id": "e9f89f4e067c4a369c53a24df1c49875", "http_status": 200, "body": {"accepted": true, "real_timestamp_ms": 1789234848420, "virtual_time_s": 1933.848036, "measure_result": "direction", "svd_deg": 126.92}}
2026-09-13 01:40:52,932 INFO request {"path": "/measure", "payload": {"arena_id": "default", "robot_id": "202601002029", "request_id": "e7438e8986534dcd84d026a2dfd369b0", "position": {"x": 931.8000000000002, "y": 1613.9249424926797}, "channel": 1}, "attempt": 1}
2026-09-13 01:40:52,933 INFO response {"request_id": "e7438e8986534dcd84d026a2dfd369b0", "http_status": 200, "body": {"accepted": true, "real_timestamp_ms": 1789234849900, "virtual_time_s": 2113.568036, "measure_result": "no_signal"}}
2026-09-13 01:40:52,964 INFO request {"path": "/measure", "payload": {"arena_id": "default", "robot_id": "202601002029", "request_id": "585c69076cd542a5a0f465a75a009942", "position": {"x": 931.8000000000002, "y": 1613.9249424926797}, "channel": 3}, "attempt": 1}
2026-09-13 01:40:52,983 INFO response {"request_id": "585c69076cd542a5a0f465a75a009942", "http_status": 200, "body": {"accepted": true, "real_timestamp_ms": 1789234849949, "virtual_time_s": 2119.568036, "measure_result": "no_signal"}}
2026-09-13 01:40:52,998 INFO request {"path": "/measure", "payload": {"arena_id": "default", "robot_id": "202601002029", "request_id": "dca0e73f7b374152abed2a83a50f57da", "position": {"x": 931.8000000000002, "y": 1613.9249424926797}, "channel": 5}, "attempt": 1}
2026-09-13 01:40:53,012 INFO response {"request_id": "dca0e73f7b374152abed2a83a50f57da", "http_status": 200, "body": {"accepted": true, "real_timestamp_ms": 1789234849978, "virtual_time_s": 2125.568036, "measure_result": "no_signal"}}
2026-09-13 01:40:53,026 INFO request {"path": "/measure", "payload": {"arena_id": "default", "robot_id": "202601002029", "request_id": "365a0b9969b34b5ebe000c1c6702e224", "position": {"x": 931.8000000000002, "y": 1613.9249424926797}, "channel": 7}, "attempt": 1}
2026-09-13 01:40:53,027 INFO response {"request_id": "365a0b9969b34b5ebe000c1c6702e224", "http_status": 200, "body": {"accepted": true, "real_timestamp_ms": 1789234849994, "virtual_time_s": 2131.568036, "measure_result": "no_signal"}}
2026-09-13 01:40:53,058 INFO request {"path": "/measure", "payload": {"arena_id": "default", "robot_id": "202601002029", "request_id": "80ee515508a14126aa5485a0975550fa", "position": {"x": 931.8000000000002, "y": 1613.9249424926797}, "channel": 9}, "attempt": 1}
2026-09-13 01:40:53,059 INFO response {"request_id": "80ee515508a14126aa5485a0975550fa", "http_status": 200, "body": {"accepted": true, "real_timestamp_ms": 1789234850026, "virtual_time_s": 2137.568036, "measure_result": "no_signal"}}
2026-09-13 01:40:53,090 INFO request {"path": "/measure", "payload": {"arena_id": "default", "robot_id": "202601002029", "request_id": "f49ba79ed86c40f388532b614f45bbae", "position": {"x": 931.8000000000002, "y": 1613.9249424926797}, "channel": 13}, "attempt": 1}
2026-09-13 01:40:53,091 INFO response {"request_id": "f49ba79ed86c40f388532b614f45bbae", "http_status": 200, "body": {"accepted": true, "real_timestamp_ms": 1789234850057, "virtual_time_s": 2143.568036, "measure_result": "no_signal"}}
2026-09-13 01:40:53,122 INFO request {"path": "/measure", "payload": {"arena_id": "default", "robot_id": "202601002029", "request_id": "40f6c6a9573047c0bb3f72e2844f1ded", "position": {"x": 931.8000000000002, "y": 1613.9249424926797}, "channel": 17}, "attempt": 1}
2026-09-13 01:40:53,122 INFO response {"request_id": "40f6c6a9573047c0bb3f72e2844f1ded", "http_status": 200, "body": {"accepted": true, "real_timestamp_ms": 1789234850089, "virtual_time_s": 2149.568036, "measure_result": "no_signal"}}
2026-09-13 01:40:53,153 INFO request {"path": "/measure", "payload": {"arena_id": "default", "robot_id": "202601002029", "request_id": "f361bc815ccd4104b6964b4545f3c3c4", "position": {"x": 931.8000000000002, "y": 1613.9249424926797}, "channel": 19}, "attempt": 1}
2026-09-13 01:40:53,154 INFO response {"request_id": "f361bc815ccd4104b6964b4545f3c3c4", "http_status": 200, "body": {"accepted": true, "real_timestamp_ms": 1789234850121, "virtual_time_s": 2155.568036, "measure_result": "no_signal"}}
2026-09-13 01:40:53,243 INFO request {"path": "/measure", "payload": {"arena_id": "default", "robot_id": "202601002029", "request_id": "0941aab4d3314cff9a78bbd69397f9fe", "position": {"x": 931.8000000000002, "y": 1613.9249424926797}, "channel": 18}, "attempt": 1}
2026-09-13 01:40:53,245 INFO response {"request_id": "0941aab4d3314cff9a78bbd69397f9fe", "http_status": 200, "body": {"accepted": true, "real_timestamp_ms": 1789234850211, "virtual_time_s": 2161.568036, "measure_result": "direction", "svd_deg": 228.32}}
2026-09-13 01:40:53,278 INFO request {"path": "/measure", "payload": {"arena_id": "default", "robot_id": "202601002029", "request_id": "de06d1c9fb3b4858b36595a1014ac916", "position": {"x": 931.8000000000002, "y": 1613.9249424926797}, "channel": 14}, "attempt": 1}
2026-09-13 01:40:53,279 INFO response {"request_id": "de06d1c9fb3b4858b36595a1014ac916", "http_status": 200, "body": {"accepted": true, "real_timestamp_ms": 1789234850245, "virtual_time_s": 2167.568036, "measure_result": "direction", "svd_deg": 175.19}}
2026-09-13 01:40:53,313 INFO request {"path": "/measure", "payload": {"arena_id": "default", "robot_id": "202601002029", "request_id": "75487b629f7646faaca52b9acb0f782a", "position": {"x": 931.8000000000002, "y": 1613.9249424926797}, "channel": 11}, "attempt": 1}
2026-09-13 01:40:53,314 INFO response {"request_id": "75487b629f7646faaca52b9acb0f782a", "http_status": 200, "body": {"accepted": true, "real_timestamp_ms": 1789234850280, "virtual_time_s": 2173.568036, "measure_result": "direction", "svd_deg": 175.63}}
2026-09-13 01:40:53,978 INFO request {"path": "/clear", "payload": {"arena_id": "default", "robot_id": "202601002029", "request_id": "cf447dac4636406f8ece25dc7c76d80f", "position": {"x": -47.239214675829224, "y": 1688.6514643087125}, "channel": 11}, "attempt": 1}
2026-09-13 01:40:53,994 INFO response {"request_id": "cf447dac4636406f8ece25dc7c76d80f", "http_status": 200, "body": {"accepted": true, "real_timestamp_ms": 1789234850960, "virtual_time_s": 2374.945411, "clear_result": "success"}}
2026-09-13 01:40:54,078 INFO request {"path": "/measure", "payload": {"arena_id": "default", "robot_id": "202601002029", "request_id": "2e5cf40f48824a71a9ef06c9693f5cf8", "position": {"x": 1.1411258874455037e-13, "y": 1863.6}, "channel": 1}, "attempt": 1}
2026-09-13 01:40:54,092 INFO response {"request_id": "2e5cf40f48824a71a9ef06c9693f5cf8", "http_status": 200, "body": {"accepted": true, "real_timestamp_ms": 1789234851058, "virtual_time_s": 2417.188222, "measure_result": "no_signal"}}
2026-09-13 01:40:54,106 INFO request {"path": "/measure", "payload": {"arena_id": "default", "robot_id": "202601002029", "request_id": "bf061f1de0894be6bf0a50d0bf62556d", "position": {"x": 1.1411258874455037e-13, "y": 1863.6}, "channel": 3}, "attempt": 1}
2026-09-13 01:40:54,109 INFO response {"request_id": "bf061f1de0894be6bf0a50d0bf62556d", "http_status": 200, "body": {"accepted": true, "real_timestamp_ms": 1789234851074, "virtual_time_s": 2423.188222, "measure_result": "no_signal"}}
2026-09-13 01:40:54,140 INFO request {"path": "/measure", "payload": {"arena_id": "default", "robot_id": "202601002029", "request_id": "ba92ca8d111a4bf1a489d322e109de63", "position": {"x": 1.1411258874455037e-13, "y": 1863.6}, "channel": 5}, "attempt": 1}
2026-09-13 01:40:54,152 INFO response {"request_id": "ba92ca8d111a4bf1a489d322e109de63", "http_status": 200, "body": {"accepted": true, "real_timestamp_ms": 1789234851118, "virtual_time_s": 2429.188222, "measure_result": "no_signal"}}
2026-09-13 01:40:54,168 INFO request {"path": "/measure", "payload": {"arena_id": "default", "robot_id": "202601002029", "request_id": "2b796b703e3f4ddf97352fb13659f992", "position": {"x": 1.1411258874455037e-13, "y": 1863.6}, "channel": 7}, "attempt": 1}
2026-09-13 01:40:54,172 INFO response {"request_id": "2b796b703e3f4ddf97352fb13659f992", "http_status": 200, "body": {"accepted": true, "real_timestamp_ms": 1789234851137, "virtual_time_s": 2435.188222, "measure_result": "no_signal"}}
2026-09-13 01:40:54,202 INFO request {"path": "/measure", "payload": {"arena_id": "default", "robot_id": "202601002029", "request_id": "557ecc18bd1e42b7bc720fc67e2e1c87", "position": {"x": 1.1411258874455037e-13, "y": 1863.6}, "channel": 9}, "attempt": 1}
2026-09-13 01:40:54,220 INFO response {"request_id": "557ecc18bd1e42b7bc720fc67e2e1c87", "http_status": 200, "body": {"accepted": true, "real_timestamp_ms": 1789234851185, "virtual_time_s": 2441.188222, "measure_result": "no_signal"}}
2026-09-13 01:40:54,234 INFO request {"path": "/measure", "payload": {"arena_id": "default", "robot_id": "202601002029", "request_id": "2218728a94bc4df7840d6a9bb087becc", "position": {"x": 1.1411258874455037e-13, "y": 1863.6}, "channel": 13}, "attempt": 1}
2026-09-13 01:40:54,249 INFO response {"request_id": "2218728a94bc4df7840d6a9bb087becc", "http_status": 200, "body": {"accepted": true, "real_timestamp_ms": 1789234851215, "virtual_time_s": 2447.188222, "measure_result": "no_signal"}}
2026-09-13 01:40:54,264 INFO request {"path": "/measure", "payload": {"arena_id": "default", "robot_id": "202601002029", "request_id": "77aadc2a2585418282be3d2f841ce790", "position": {"x": 1.1411258874455037e-13, "y": 1863.6}, "channel": 17}, "attempt": 1}
2026-09-13 01:40:54,279 INFO response {"request_id": "77aadc2a2585418282be3d2f841ce790", "http_status": 200, "body": {"accepted": true, "real_timestamp_ms": 1789234851245, "virtual_time_s": 2453.188222, "measure_result": "no_signal"}}
2026-09-13 01:40:54,295 INFO request {"path": "/measure", "payload": {"arena_id": "default", "robot_id": "202601002029", "request_id": "f52ec9bee0b04cc8ac3693a0572b6a35", "position": {"x": 1.1411258874455037e-13, "y": 1863.6}, "channel": 19}, "attempt": 1}
2026-09-13 01:40:54,298 INFO response {"request_id": "f52ec9bee0b04cc8ac3693a0572b6a35", "http_status": 200, "body": {"accepted": true, "real_timestamp_ms": 1789234851263, "virtual_time_s": 2459.188222, "measure_result": "no_signal"}}
2026-09-13 01:40:54,437 INFO request {"path": "/measure", "payload": {"arena_id": "default", "robot_id": "202601002029", "request_id": "e262b246ad0947998080d10586e3b53f", "position": {"x": 1.1411258874455037e-13, "y": 1863.6}, "channel": 18}, "attempt": 1}
2026-09-13 01:40:54,439 INFO response {"request_id": "e262b246ad0947998080d10586e3b53f", "http_status": 200, "body": {"accepted": true, "real_timestamp_ms": 1789234851405, "virtual_time_s": 2465.188222, "measure_result": "direction", "svd_deg": 338.51}}
2026-09-13 01:40:54,457 INFO request {"path": "/measure", "payload": {"arena_id": "default", "robot_id": "202601002029", "request_id": "e282522163e749b0acd8b1ed14f2b75c", "position": {"x": 1.1411258874455037e-13, "y": 1863.6}, "channel": 16}, "attempt": 1}
2026-09-13 01:40:54,459 INFO response {"request_id": "e282522163e749b0acd8b1ed14f2b75c", "http_status": 200, "body": {"accepted": true, "real_timestamp_ms": 1789234851425, "virtual_time_s": 2471.188222, "measure_result": "direction", "svd_deg": 213.54}}
2026-09-13 01:40:54,497 INFO request {"path": "/measure", "payload": {"arena_id": "default", "robot_id": "202601002029", "request_id": "145aba6376eb4276ac0067bce315f391", "position": {"x": 1.1411258874455037e-13, "y": 1863.6}, "channel": 8}, "attempt": 1}
2026-09-13 01:40:54,499 INFO response {"request_id": "145aba6376eb4276ac0067bce315f391", "http_status": 200, "body": {"accepted": true, "real_timestamp_ms": 1789234851466, "virtual_time_s": 2477.188222, "measure_result": "direction", "svd_deg": 213.6}}
2026-09-13 01:40:55,019 INFO request {"path": "/clear", "payload": {"arena_id": "default", "robot_id": "202601002029", "request_id": "1217666b02714ad8a030a92e09029881", "position": {"x": -170.1804297109982, "y": 1750.3864767430532}, "channel": 16}, "attempt": 1}
2026-09-13 01:40:55,039 INFO response {"request_id": "1217666b02714ad8a030a92e09029881", "http_status": 200, "body": {"accepted": true, "real_timestamp_ms": 1789234852005, "virtual_time_s": 2523.06789, "clear_result": "success"}}
2026-09-13 01:40:55,054 INFO request {"path": "/clear", "payload": {"arena_id": "default", "robot_id": "202601002029", "request_id": "12e425932c1e48b797f99a4b8b0d3a60", "position": {"x": -335.62072179205325, "y": 1640.2582102216923}, "channel": 8}, "attempt": 1}
2026-09-13 01:40:55,055 INFO response {"request_id": "12e425932c1e48b797f99a4b8b0d3a60", "http_status": 200, "body": {"accepted": true, "real_timestamp_ms": 1789234852021, "virtual_time_s": 2567.816462, "clear_result": "success"}}
2026-09-13 01:40:55,101 INFO request {"path": "/measure", "payload": {"arena_id": "default", "robot_id": "202601002029", "request_id": "88e6d84ae2294eb587798e10f9a10389", "position": {"x": -931.7999999999995, "y": 1613.92494249268}, "channel": 1}, "attempt": 1}
2026-09-13 01:40:55,117 INFO response {"request_id": "88e6d84ae2294eb587798e10f9a10389", "http_status": 200, "body": {"accepted": true, "real_timestamp_ms": 1789234852083, "virtual_time_s": 2693.168575, "measure_result": "no_signal"}}
2026-09-13 01:40:55,132 INFO request {"path": "/measure", "payload": {"arena_id": "default", "robot_id": "202601002029", "request_id": "237f88c0da5e4894bdb8e61bbac09a24", "position": {"x": -931.7999999999995, "y": 1613.92494249268}, "channel": 3}, "attempt": 1}
2026-09-13 01:40:55,134 INFO response {"request_id": "237f88c0da5e4894bdb8e61bbac09a24", "http_status": 200, "body": {"accepted": true, "real_timestamp_ms": 1789234852100, "virtual_time_s": 2699.168575, "measure_result": "no_signal"}}
2026-09-13 01:40:55,165 INFO request {"path": "/measure", "payload": {"arena_id": "default", "robot_id": "202601002029", "request_id": "c95ca89aae3c44ef9cda1f5bed983551", "position": {"x": -931.7999999999995, "y": 1613.92494249268}, "channel": 5}, "attempt": 1}
2026-09-13 01:40:55,176 INFO response {"request_id": "c95ca89aae3c44ef9cda1f5bed983551", "http_status": 200, "body": {"accepted": true, "real_timestamp_ms": 1789234852142, "virtual_time_s": 2705.168575, "measure_result": "no_signal"}}
2026-09-13 01:40:55,191 INFO request {"path": "/measure", "payload": {"arena_id": "default", "robot_id": "202601002029", "request_id": "98d5e298fd84480388fa49b3796bf37a", "position": {"x": -931.7999999999995, "y": 1613.92494249268}, "channel": 7}, "attempt": 1}
2026-09-13 01:40:55,206 INFO response {"request_id": "98d5e298fd84480388fa49b3796bf37a", "http_status": 200, "body": {"accepted": true, "real_timestamp_ms": 1789234852171, "virtual_time_s": 2711.168575, "measure_result": "no_signal"}}
2026-09-13 01:40:55,237 INFO request {"path": "/measure", "payload": {"arena_id": "default", "robot_id": "202601002029", "request_id": "ef7bd1f5908a4241a9f3e0fbbaf5ead3", "position": {"x": -931.7999999999995, "y": 1613.92494249268}, "channel": 9}, "attempt": 1}
2026-09-13 01:40:55,239 INFO response {"request_id": "ef7bd1f5908a4241a9f3e0fbbaf5ead3", "http_status": 200, "body": {"accepted": true, "real_timestamp_ms": 1789234852205, "virtual_time_s": 2717.168575, "measure_result": "no_signal"}}
2026-09-13 01:40:55,254 INFO request {"path": "/measure", "payload": {"arena_id": "default", "robot_id": "202601002029", "request_id": "55ce16e414474aa6b6ec32710da68142", "position": {"x": -931.7999999999995, "y": 1613.92494249268}, "channel": 13}, "attempt": 1}
2026-09-13 01:40:55,275 INFO response {"request_id": "55ce16e414474aa6b6ec32710da68142", "http_status": 200, "body": {"accepted": true, "real_timestamp_ms": 1789234852242, "virtual_time_s": 2723.168575, "measure_result": "no_signal"}}
2026-09-13 01:40:55,291 INFO request {"path": "/measure", "payload": {"arena_id": "default", "robot_id": "202601002029", "request_id": "4d49fb3dbb0a47c3b0bc5582c8f8b56f", "position": {"x": -931.7999999999995, "y": 1613.92494249268}, "channel": 17}, "attempt": 1}
2026-09-13 01:40:55,305 INFO response {"request_id": "4d49fb3dbb0a47c3b0bc5582c8f8b56f", "http_status": 200, "body": {"accepted": true, "real_timestamp_ms": 1789234852271, "virtual_time_s": 2729.168575, "measure_result": "no_signal"}}
2026-09-13 01:40:55,320 INFO request {"path": "/measure", "payload": {"arena_id": "default", "robot_id": "202601002029", "request_id": "2a687df080f14900b090d82c82549ec8", "position": {"x": -931.7999999999995, "y": 1613.92494249268}, "channel": 19}, "attempt": 1}
2026-09-13 01:40:55,335 INFO response {"request_id": "2a687df080f14900b090d82c82549ec8", "http_status": 200, "body": {"accepted": true, "real_timestamp_ms": 1789234852302, "virtual_time_s": 2735.168575, "measure_result": "no_signal"}}
2026-09-13 01:40:55,410 INFO request {"path": "/measure", "payload": {"arena_id": "default", "robot_id": "202601002029", "request_id": "0192ad08ad01413dbea9f6971a4a7a4d", "position": {"x": -931.7999999999995, "y": 1613.92494249268}, "channel": 6}, "attempt": 1}
2026-09-13 01:40:55,424 INFO response {"request_id": "0192ad08ad01413dbea9f6971a4a7a4d", "http_status": 200, "body": {"accepted": true, "real_timestamp_ms": 1789234852390, "virtual_time_s": 2741.168575, "measure_result": "direction", "svd_deg": 352.73}}
2026-09-13 01:40:55,444 INFO request {"path": "/measure", "payload": {"arena_id": "default", "robot_id": "202601002029", "request_id": "7217fe5bf5354d1997eeb1e10b73d0fa", "position": {"x": -931.7999999999995, "y": 1613.92494249268}, "channel": 4}, "attempt": 1}
2026-09-13 01:40:55,464 INFO response {"request_id": "7217fe5bf5354d1997eeb1e10b73d0fa", "http_status": 200, "body": {"accepted": true, "real_timestamp_ms": 1789234852430, "virtual_time_s": 2747.168575, "measure_result": "direction", "svd_deg": 268.55}}
2026-09-13 01:40:55,486 INFO request {"path": "/measure", "payload": {"arena_id": "default", "robot_id": "202601002029", "request_id": "243826bdf4bd41f7854cfa02d5c39c9f", "position": {"x": -931.7999999999995, "y": 1613.92494249268}, "channel": 14}, "attempt": 1}
2026-09-13 01:40:55,504 INFO response {"request_id": "243826bdf4bd41f7854cfa02d5c39c9f", "http_status": 200, "body": {"accepted": true, "real_timestamp_ms": 1789234852469, "virtual_time_s": 2753.168575, "measure_result": "direction", "svd_deg": 6.62}}
2026-09-13 01:40:55,815 INFO request {"path": "/clear", "payload": {"arena_id": "default", "robot_id": "202601002029", "request_id": "737e351168424de5bd2247446c5bb7c7", "position": {"x": -940.0787157828811, "y": 1275.2677634822398}, "channel": 4}, "attempt": 1}
2026-09-13 01:40:55,831 INFO response {"request_id": "737e351168424de5bd2247446c5bb7c7", "http_status": 200, "body": {"accepted": true, "real_timestamp_ms": 1789234852797, "virtual_time_s": 2825.920246, "clear_result": "success"}}
2026-09-13 01:40:55,861 INFO request {"path": "/measure", "payload": {"arena_id": "default", "robot_id": "202601002029", "request_id": "1f1b1184ec044dd3aee58fff18ceb47b", "position": {"x": -1613.92494249268, "y": 931.7999999999998}, "channel": 1}, "attempt": 1}
2026-09-13 01:40:55,877 INFO response {"request_id": "1f1b1184ec044dd3aee58fff18ceb47b", "http_status": 200, "body": {"accepted": true, "real_timestamp_ms": 1789234852844, "virtual_time_s": 2983.186745, "measure_result": "no_signal"}}
2026-09-13 01:40:55,892 INFO request {"path": "/measure", "payload": {"arena_id": "default", "robot_id": "202601002029", "request_id": "25fdf509fa1944abb9045aa58e2fd1fb", "position": {"x": -1613.92494249268, "y": 931.7999999999998}, "channel": 3}, "attempt": 1}
2026-09-13 01:40:55,907 INFO response {"request_id": "25fdf509fa1944abb9045aa58e2fd1fb", "http_status": 200, "body": {"accepted": true, "real_timestamp_ms": 1789234852874, "virtual_time_s": 2989.186745, "measure_result": "no_signal"}}
2026-09-13 01:40:55,923 INFO request {"path": "/measure", "payload": {"arena_id": "default", "robot_id": "202601002029", "request_id": "362a8843e3b94e0099c1e3df829e25c8", "position": {"x": -1613.92494249268, "y": 931.7999999999998}, "channel": 5}, "attempt": 1}
2026-09-13 01:40:55,937 INFO response {"request_id": "362a8843e3b94e0099c1e3df829e25c8", "http_status": 200, "body": {"accepted": true, "real_timestamp_ms": 1789234852904, "virtual_time_s": 2995.186745, "measure_result": "no_signal"}}
2026-09-13 01:40:55,952 INFO request {"path": "/measure", "payload": {"arena_id": "default", "robot_id": "202601002029", "request_id": "d261756f6761474b98fa6b8ddcc3213e", "position": {"x": -1613.92494249268, "y": 931.7999999999998}, "channel": 7}, "attempt": 1}
2026-09-13 01:40:55,954 INFO response {"request_id": "d261756f6761474b98fa6b8ddcc3213e", "http_status": 200, "body": {"accepted": true, "real_timestamp_ms": 1789234852920, "virtual_time_s": 3001.186745, "measure_result": "no_signal"}}
2026-09-13 01:40:55,984 INFO request {"path": "/measure", "payload": {"arena_id": "default", "robot_id": "202601002029", "request_id": "d37dcd43dc5a4bcabc5c3fb30597a0df", "position": {"x": -1613.92494249268, "y": 931.7999999999998}, "channel": 9}, "attempt": 1}
2026-09-13 01:40:55,997 INFO response {"request_id": "d37dcd43dc5a4bcabc5c3fb30597a0df", "http_status": 200, "body": {"accepted": true, "real_timestamp_ms": 1789234852963, "virtual_time_s": 3007.186745, "measure_result": "no_signal"}}
2026-09-13 01:40:56,012 INFO request {"path": "/measure", "payload": {"arena_id": "default", "robot_id": "202601002029", "request_id": "37145c49a1a54d0bb442cdaf95edb288", "position": {"x": -1613.92494249268, "y": 931.7999999999998}, "channel": 13}, "attempt": 1}
2026-09-13 01:40:56,026 INFO response {"request_id": "37145c49a1a54d0bb442cdaf95edb288", "http_status": 200, "body": {"accepted": true, "real_timestamp_ms": 1789234852991, "virtual_time_s": 3013.186745, "measure_result": "no_signal"}}
2026-09-13 01:40:56,042 INFO request {"path": "/measure", "payload": {"arena_id": "default", "robot_id": "202601002029", "request_id": "57d95f8ed2c743eea11268a6ef5528cb", "position": {"x": -1613.92494249268, "y": 931.7999999999998}, "channel": 17}, "attempt": 1}
2026-09-13 01:40:56,064 INFO response {"request_id": "57d95f8ed2c743eea11268a6ef5528cb", "http_status": 200, "body": {"accepted": true, "real_timestamp_ms": 1789234853030, "virtual_time_s": 3019.186745, "measure_result": "no_signal"}}
2026-09-13 01:40:56,079 INFO request {"path": "/measure", "payload": {"arena_id": "default", "robot_id": "202601002029", "request_id": "6e95638223c5437eb8cc2934e4e1609c", "position": {"x": -1613.92494249268, "y": 931.7999999999998}, "channel": 19}, "attempt": 1}
2026-09-13 01:40:56,081 INFO response {"request_id": "6e95638223c5437eb8cc2934e4e1609c", "http_status": 200, "body": {"accepted": true, "real_timestamp_ms": 1789234853047, "virtual_time_s": 3025.186745, "measure_result": "no_signal"}}
2026-09-13 01:40:56,696 INFO request {"path": "/measure", "payload": {"arena_id": "default", "robot_id": "202601002029", "request_id": "01ec1c3c3eea432fa1c309bf4146fea2", "position": {"x": -1863.6, "y": 2.2822517748910074e-13}, "channel": 19}, "attempt": 1}
2026-09-13 01:40:56,697 INFO response {"request_id": "01ec1c3c3eea432fa1c309bf4146fea2", "http_status": 200, "body": {"accepted": true, "real_timestamp_ms": 1789234853664, "virtual_time_s": 3223.120814, "measure_result": "no_signal"}}
2026-09-13 01:40:56,728 INFO request {"path": "/measure", "payload": {"arena_id": "default", "robot_id": "202601002029", "request_id": "53e8651b399349e298529acd887d334f", "position": {"x": -1863.6, "y": 2.2822517748910074e-13}, "channel": 1}, "attempt": 1}
2026-09-13 01:40:56,730 INFO response {"request_id": "53e8651b399349e298529acd887d334f", "http_status": 200, "body": {"accepted": true, "real_timestamp_ms": 1789234853696, "virtual_time_s": 3229.120814, "measure_result": "no_signal"}}
2026-09-13 01:40:56,761 INFO request {"path": "/measure", "payload": {"arena_id": "default", "robot_id": "202601002029", "request_id": "7d16554799a94d71ae54bb7119693628", "position": {"x": -1863.6, "y": 2.2822517748910074e-13}, "channel": 3}, "attempt": 1}
2026-09-13 01:40:56,763 INFO response {"request_id": "7d16554799a94d71ae54bb7119693628", "http_status": 200, "body": {"accepted": true, "real_timestamp_ms": 1789234853729, "virtual_time_s": 3235.120814, "measure_result": "no_signal"}}
2026-09-13 01:40:56,794 INFO request {"path": "/measure", "payload": {"arena_id": "default", "robot_id": "202601002029", "request_id": "fe80f44d405c4ec597bb6ea77c134fcf", "position": {"x": -1863.6, "y": 2.2822517748910074e-13}, "channel": 5}, "attempt": 1}
2026-09-13 01:40:56,796 INFO response {"request_id": "fe80f44d405c4ec597bb6ea77c134fcf", "http_status": 200, "body": {"accepted": true, "real_timestamp_ms": 1789234853763, "virtual_time_s": 3241.120814, "measure_result": "no_signal"}}
2026-09-13 01:40:56,827 INFO request {"path": "/measure", "payload": {"arena_id": "default", "robot_id": "202601002029", "request_id": "57c18bcc4f784656bbff8fef9f62cf07", "position": {"x": -1863.6, "y": 2.2822517748910074e-13}, "channel": 7}, "attempt": 1}
2026-09-13 01:40:56,846 INFO response {"request_id": "57c18bcc4f784656bbff8fef9f62cf07", "http_status": 200, "body": {"accepted": true, "real_timestamp_ms": 1789234853812, "virtual_time_s": 3247.120814, "measure_result": "no_signal"}}
2026-09-13 01:40:56,861 INFO request {"path": "/measure", "payload": {"arena_id": "default", "robot_id": "202601002029", "request_id": "f886c67c89474acb9f0c2b07dc509bc3", "position": {"x": -1863.6, "y": 2.2822517748910074e-13}, "channel": 9}, "attempt": 1}
2026-09-13 01:40:56,863 INFO response {"request_id": "f886c67c89474acb9f0c2b07dc509bc3", "http_status": 200, "body": {"accepted": true, "real_timestamp_ms": 1789234853829, "virtual_time_s": 3253.120814, "measure_result": "no_signal"}}
2026-09-13 01:40:56,878 INFO request {"path": "/measure", "payload": {"arena_id": "default", "robot_id": "202601002029", "request_id": "88cc7c72fc2e40b3b9731cf3ea0b9e02", "position": {"x": -1863.6, "y": 2.2822517748910074e-13}, "channel": 13}, "attempt": 1}
2026-09-13 01:40:56,880 INFO response {"request_id": "88cc7c72fc2e40b3b9731cf3ea0b9e02", "http_status": 200, "body": {"accepted": true, "real_timestamp_ms": 1789234853846, "virtual_time_s": 3259.120814, "measure_result": "no_signal"}}
2026-09-13 01:40:56,894 INFO request {"path": "/measure", "payload": {"arena_id": "default", "robot_id": "202601002029", "request_id": "f3635a953f234f48ac3e585b5c8ddae0", "position": {"x": -1863.6, "y": 2.2822517748910074e-13}, "channel": 17}, "attempt": 1}
2026-09-13 01:40:56,895 INFO response {"request_id": "f3635a953f234f48ac3e585b5c8ddae0", "http_status": 200, "body": {"accepted": true, "real_timestamp_ms": 1789234853862, "virtual_time_s": 3265.120814, "measure_result": "no_signal"}}
2026-09-13 01:40:56,939 INFO request {"path": "/measure", "payload": {"arena_id": "default", "robot_id": "202601002029", "request_id": "2f8712ef08e94ac19f0c1f160da77a5c", "position": {"x": -1863.6, "y": 2.2822517748910074e-13}, "channel": 2}, "attempt": 1}
2026-09-13 01:40:56,955 INFO response {"request_id": "2f8712ef08e94ac19f0c1f160da77a5c", "http_status": 200, "body": {"accepted": true, "real_timestamp_ms": 1789234853921, "virtual_time_s": 3271.120814, "measure_result": "direction", "svd_deg": 297.09}}
2026-09-13 01:40:57,422 INFO request {"path": "/measure", "payload": {"arena_id": "default", "robot_id": "202601002029", "request_id": "c9b4b026abba4d2c9d68fa6774103700", "position": {"x": -1613.9249424926797, "y": -931.8000000000002}, "channel": 1}, "attempt": 1}
2026-09-13 01:40:57,423 INFO response {"request_id": "c9b4b026abba4d2c9d68fa6774103700", "http_status": 200, "body": {"accepted": true, "real_timestamp_ms": 1789234854390, "virtual_time_s": 3470.054883, "measure_result": "no_signal"}}
2026-09-13 01:40:57,454 INFO request {"path": "/measure", "payload": {"arena_id": "default", "robot_id": "202601002029", "request_id": "231689e5df5f45d3990ed4d5c7460a91", "position": {"x": -1613.9249424926797, "y": -931.8000000000002}, "channel": 3}, "attempt": 1}
2026-09-13 01:40:57,456 INFO response {"request_id": "231689e5df5f45d3990ed4d5c7460a91", "http_status": 200, "body": {"accepted": true, "real_timestamp_ms": 1789234854422, "virtual_time_s": 3476.054883, "measure_result": "no_signal"}}
2026-09-13 01:40:57,486 INFO request {"path": "/measure", "payload": {"arena_id": "default", "robot_id": "202601002029", "request_id": "671197ecb34f43c9b01e57158bc658cd", "position": {"x": -1613.9249424926797, "y": -931.8000000000002}, "channel": 5}, "attempt": 1}
2026-09-13 01:40:57,488 INFO response {"request_id": "671197ecb34f43c9b01e57158bc658cd", "http_status": 200, "body": {"accepted": true, "real_timestamp_ms": 1789234854454, "virtual_time_s": 3482.054883, "measure_result": "no_signal"}}
2026-09-13 01:40:57,503 INFO request {"path": "/measure", "payload": {"arena_id": "default", "robot_id": "202601002029", "request_id": "5a40447239af479cb335877785ec7f8f", "position": {"x": -1613.9249424926797, "y": -931.8000000000002}, "channel": 7}, "attempt": 1}
2026-09-13 01:40:57,505 INFO response {"request_id": "5a40447239af479cb335877785ec7f8f", "http_status": 200, "body": {"accepted": true, "real_timestamp_ms": 1789234854470, "virtual_time_s": 3488.054883, "measure_result": "no_signal"}}
2026-09-13 01:40:57,519 INFO request {"path": "/measure", "payload": {"arena_id": "default", "robot_id": "202601002029", "request_id": "c70d3ffcef7144e098b98e636d9c85d3", "position": {"x": -1613.9249424926797, "y": -931.8000000000002}, "channel": 9}, "attempt": 1}
2026-09-13 01:40:57,522 INFO response {"request_id": "c70d3ffcef7144e098b98e636d9c85d3", "http_status": 200, "body": {"accepted": true, "real_timestamp_ms": 1789234854488, "virtual_time_s": 3494.054883, "measure_result": "no_signal"}}
2026-09-13 01:40:57,553 INFO request {"path": "/measure", "payload": {"arena_id": "default", "robot_id": "202601002029", "request_id": "80d2e9d957fc4c29a48fa42257b10b82", "position": {"x": -1613.9249424926797, "y": -931.8000000000002}, "channel": 13}, "attempt": 1}
2026-09-13 01:40:57,555 INFO response {"request_id": "80d2e9d957fc4c29a48fa42257b10b82", "http_status": 200, "body": {"accepted": true, "real_timestamp_ms": 1789234854521, "virtual_time_s": 3500.054883, "measure_result": "no_signal"}}
2026-09-13 01:40:57,586 INFO request {"path": "/measure", "payload": {"arena_id": "default", "robot_id": "202601002029", "request_id": "33cac2b445d74c67a5a7722801d12cd3", "position": {"x": -1613.9249424926797, "y": -931.8000000000002}, "channel": 17}, "attempt": 1}
2026-09-13 01:40:57,587 INFO response {"request_id": "33cac2b445d74c67a5a7722801d12cd3", "http_status": 200, "body": {"accepted": true, "real_timestamp_ms": 1789234854554, "virtual_time_s": 3506.054883, "measure_result": "no_signal"}}
2026-09-13 01:40:57,618 INFO request {"path": "/measure", "payload": {"arena_id": "default", "robot_id": "202601002029", "request_id": "26ccf491e63c42b187a155f38b4a5bb6", "position": {"x": -1613.9249424926797, "y": -931.8000000000002}, "channel": 19}, "attempt": 1}
2026-09-13 01:40:57,619 INFO response {"request_id": "26ccf491e63c42b187a155f38b4a5bb6", "http_status": 200, "body": {"accepted": true, "real_timestamp_ms": 1789234854585, "virtual_time_s": 3512.054883, "measure_result": "no_signal"}}
2026-09-13 01:40:57,654 INFO request {"path": "/measure", "payload": {"arena_id": "default", "robot_id": "202601002029", "request_id": "fa22fa6d32a04594a76f7433e337e5ba", "position": {"x": -1613.9249424926797, "y": -931.8000000000002}, "channel": 2}, "attempt": 1}
2026-09-13 01:40:57,673 INFO response {"request_id": "fa22fa6d32a04594a76f7433e337e5ba", "http_status": 200, "body": {"accepted": true, "real_timestamp_ms": 1789234854640, "virtual_time_s": 3518.054883, "measure_result": "no_signal"}}
2026-09-13 01:40:57,688 INFO request {"path": "/measure", "payload": {"arena_id": "default", "robot_id": "202601002029", "request_id": "add2a16c8e5e48a496c6149bdf8b31ca", "position": {"x": -1613.9249424926797, "y": -931.8000000000002}, "channel": 15}, "attempt": 1}
2026-09-13 01:40:57,702 INFO response {"request_id": "add2a16c8e5e48a496c6149bdf8b31ca", "http_status": 200, "body": {"accepted": true, "real_timestamp_ms": 1789234854668, "virtual_time_s": 3524.054883, "measure_result": "direction", "svd_deg": 65.38}}
2026-09-13 01:40:58,088 INFO request {"path": "/measure", "payload": {"arena_id": "default", "robot_id": "202601002029", "request_id": "c8b666d57f474aa09682fe3755757d81", "position": {"x": -931.8000000000008, "y": -1613.9249424926795}, "channel": 1}, "attempt": 1}
2026-09-13 01:40:58,107 INFO response {"request_id": "c8b666d57f474aa09682fe3755757d81", "http_status": 200, "body": {"accepted": true, "real_timestamp_ms": 1789234855072, "virtual_time_s": 3722.988952, "measure_result": "no_signal"}}
2026-09-13 01:40:58,122 INFO request {"path": "/measure", "payload": {"arena_id": "default", "robot_id": "202601002029", "request_id": "47105ae716a64268820f4819ddf7fc69", "position": {"x": -931.8000000000008, "y": -1613.9249424926795}, "channel": 3}, "attempt": 1}
2026-09-13 01:40:58,124 INFO response {"request_id": "47105ae716a64268820f4819ddf7fc69", "http_status": 200, "body": {"accepted": true, "real_timestamp_ms": 1789234855090, "virtual_time_s": 3728.988952, "measure_result": "no_signal"}}
2026-09-13 01:40:58,155 INFO request {"path": "/measure", "payload": {"arena_id": "default", "robot_id": "202601002029", "request_id": "a2d07d55ff61453786976a89907f74ef", "position": {"x": -931.8000000000008, "y": -1613.9249424926795}, "channel": 5}, "attempt": 1}
2026-09-13 01:40:58,174 INFO response {"request_id": "a2d07d55ff61453786976a89907f74ef", "http_status": 200, "body": {"accepted": true, "real_timestamp_ms": 1789234855139, "virtual_time_s": 3734.988952, "measure_result": "no_signal"}}
2026-09-13 01:40:58,188 INFO request {"path": "/measure", "payload": {"arena_id": "default", "robot_id": "202601002029", "request_id": "215a4143d2794a5f93a9cb302a3ed25e", "position": {"x": -931.8000000000008, "y": -1613.9249424926795}, "channel": 7}, "attempt": 1}
2026-09-13 01:40:58,191 INFO response {"request_id": "215a4143d2794a5f93a9cb302a3ed25e", "http_status": 200, "body": {"accepted": true, "real_timestamp_ms": 1789234855156, "virtual_time_s": 3740.988952, "measure_result": "no_signal"}}
2026-09-13 01:40:58,206 INFO request {"path": "/measure", "payload": {"arena_id": "default", "robot_id": "202601002029", "request_id": "b86102ef6eea4b6182a9ab918c06091b", "position": {"x": -931.8000000000008, "y": -1613.9249424926795}, "channel": 9}, "attempt": 1}
2026-09-13 01:40:58,210 INFO response {"request_id": "b86102ef6eea4b6182a9ab918c06091b", "http_status": 200, "body": {"accepted": true, "real_timestamp_ms": 1789234855176, "virtual_time_s": 3746.988952, "measure_result": "no_signal"}}
2026-09-13 01:40:58,241 INFO request {"path": "/measure", "payload": {"arena_id": "default", "robot_id": "202601002029", "request_id": "3f25d50793dc4aab90b40ca63b3e0721", "position": {"x": -931.8000000000008, "y": -1613.9249424926795}, "channel": 13}, "attempt": 1}
2026-09-13 01:40:58,261 INFO response {"request_id": "3f25d50793dc4aab90b40ca63b3e0721", "http_status": 200, "body": {"accepted": true, "real_timestamp_ms": 1789234855226, "virtual_time_s": 3752.988952, "measure_result": "no_signal"}}
2026-09-13 01:40:58,276 INFO request {"path": "/measure", "payload": {"arena_id": "default", "robot_id": "202601002029", "request_id": "db23d5a94fc744419e1e769bc2c8e499", "position": {"x": -931.8000000000008, "y": -1613.9249424926795}, "channel": 17}, "attempt": 1}
2026-09-13 01:40:58,291 INFO response {"request_id": "db23d5a94fc744419e1e769bc2c8e499", "http_status": 200, "body": {"accepted": true, "real_timestamp_ms": 1789234855257, "virtual_time_s": 3758.988952, "measure_result": "no_signal"}}
2026-09-13 01:40:58,306 INFO request {"path": "/measure", "payload": {"arena_id": "default", "robot_id": "202601002029", "request_id": "75ddb40951bb4377826f838b32603bba", "position": {"x": -931.8000000000008, "y": -1613.9249424926795}, "channel": 19}, "attempt": 1}
2026-09-13 01:40:58,309 INFO response {"request_id": "75ddb40951bb4377826f838b32603bba", "http_status": 200, "body": {"accepted": true, "real_timestamp_ms": 1789234855274, "virtual_time_s": 3764.988952, "measure_result": "no_signal"}}
2026-09-13 01:40:58,683 INFO request {"path": "/measure", "payload": {"arena_id": "default", "robot_id": "202601002029", "request_id": "1daeb124e31748649ef2a564a47f7974", "position": {"x": -3.4233776623365105e-13, "y": -1863.6}, "channel": 19}, "attempt": 1}
2026-09-13 01:40:58,703 INFO response {"request_id": "1daeb124e31748649ef2a564a47f7974", "http_status": 200, "body": {"accepted": true, "real_timestamp_ms": 1789234855669, "virtual_time_s": 3962.923021, "measure_result": "no_signal"}}
2026-09-13 01:40:58,719 INFO request {"path": "/measure", "payload": {"arena_id": "default", "robot_id": "202601002029", "request_id": "73a538a05f20416295473a81f14fe82e", "position": {"x": -3.4233776623365105e-13, "y": -1863.6}, "channel": 1}, "attempt": 1}
2026-09-13 01:40:58,721 INFO response {"request_id": "73a538a05f20416295473a81f14fe82e", "http_status": 200, "body": {"accepted": true, "real_timestamp_ms": 1789234855688, "virtual_time_s": 3968.923021, "measure_result": "no_signal"}}
2026-09-13 01:40:58,753 INFO request {"path": "/measure", "payload": {"arena_id": "default", "robot_id": "202601002029", "request_id": "6a5f26417c40495c908cc4db96037992", "position": {"x": -3.4233776623365105e-13, "y": -1863.6}, "channel": 3}, "attempt": 1}
2026-09-13 01:40:58,755 INFO response {"request_id": "6a5f26417c40495c908cc4db96037992", "http_status": 200, "body": {"accepted": true, "real_timestamp_ms": 1789234855721, "virtual_time_s": 3974.923021, "measure_result": "no_signal"}}
2026-09-13 01:40:58,770 INFO request {"path": "/measure", "payload": {"arena_id": "default", "robot_id": "202601002029", "request_id": "42eb0386adf44b2f873828810bb76cc5", "position": {"x": -3.4233776623365105e-13, "y": -1863.6}, "channel": 5}, "attempt": 1}
2026-09-13 01:40:58,790 INFO response {"request_id": "42eb0386adf44b2f873828810bb76cc5", "http_status": 200, "body": {"accepted": true, "real_timestamp_ms": 1789234855756, "virtual_time_s": 3980.923021, "measure_result": "no_signal"}}
2026-09-13 01:40:58,805 INFO request {"path": "/measure", "payload": {"arena_id": "default", "robot_id": "202601002029", "request_id": "b99970a589e44e3d9b96ecd9ed2f9770", "position": {"x": -3.4233776623365105e-13, "y": -1863.6}, "channel": 7}, "attempt": 1}
2026-09-13 01:40:58,820 INFO response {"request_id": "b99970a589e44e3d9b96ecd9ed2f9770", "http_status": 200, "body": {"accepted": true, "real_timestamp_ms": 1789234855786, "virtual_time_s": 3986.923021, "measure_result": "no_signal"}}
2026-09-13 01:40:58,836 INFO request {"path": "/measure", "payload": {"arena_id": "default", "robot_id": "202601002029", "request_id": "be372cf75c894d2699d08d40b351a2aa", "position": {"x": -3.4233776623365105e-13, "y": -1863.6}, "channel": 9}, "attempt": 1}
2026-09-13 01:40:58,848 INFO response {"request_id": "be372cf75c894d2699d08d40b351a2aa", "http_status": 200, "body": {"accepted": true, "real_timestamp_ms": 1789234855814, "virtual_time_s": 3992.923021, "measure_result": "no_signal"}}
2026-09-13 01:40:58,865 INFO request {"path": "/measure", "payload": {"arena_id": "default", "robot_id": "202601002029", "request_id": "e6a2ef8b88624265a23ecc1cabb782d5", "position": {"x": -3.4233776623365105e-13, "y": -1863.6}, "channel": 13}, "attempt": 1}
2026-09-13 01:40:58,866 INFO response {"request_id": "e6a2ef8b88624265a23ecc1cabb782d5", "http_status": 200, "body": {"accepted": true, "real_timestamp_ms": 1789234855832, "virtual_time_s": 3998.923021, "measure_result": "no_signal"}}
2026-09-13 01:40:58,897 INFO request {"path": "/measure", "payload": {"arena_id": "default", "robot_id": "202601002029", "request_id": "522bc542b51845e2923d951b82ff7ba2", "position": {"x": -3.4233776623365105e-13, "y": -1863.6}, "channel": 17}, "attempt": 1}
2026-09-13 01:40:58,899 INFO response {"request_id": "522bc542b51845e2923d951b82ff7ba2", "http_status": 200, "body": {"accepted": true, "real_timestamp_ms": 1789234855865, "virtual_time_s": 4004.923021, "measure_result": "no_signal"}}
2026-09-13 01:40:59,195 INFO request {"path": "/measure", "payload": {"arena_id": "default", "robot_id": "202601002029", "request_id": "5ea5e248edfd486eb4592a96620ff430", "position": {"x": 931.8000000000002, "y": -1613.9249424926797}, "channel": 17}, "attempt": 1}
2026-09-13 01:40:59,212 INFO response {"request_id": "5ea5e248edfd486eb4592a96620ff430", "http_status": 200, "body": {"accepted": true, "real_timestamp_ms": 1789234856178, "virtual_time_s": 4202.85709, "measure_result": "no_signal"}}
2026-09-13 01:40:59,227 INFO request {"path": "/measure", "payload": {"arena_id": "default", "robot_id": "202601002029", "request_id": "c58fc2dfb7b64c61a4a528a83eaf8c3c", "position": {"x": 931.8000000000002, "y": -1613.9249424926797}, "channel": 1}, "attempt": 1}
2026-09-13 01:40:59,229 INFO response {"request_id": "c58fc2dfb7b64c61a4a528a83eaf8c3c", "http_status": 200, "body": {"accepted": true, "real_timestamp_ms": 1789234856195, "virtual_time_s": 4208.85709, "measure_result": "no_signal"}}
2026-09-13 01:40:59,260 INFO request {"path": "/measure", "payload": {"arena_id": "default", "robot_id": "202601002029", "request_id": "680e6994d63041988268c94abb5d38af", "position": {"x": 931.8000000000002, "y": -1613.9249424926797}, "channel": 3}, "attempt": 1}
2026-09-13 01:40:59,262 INFO response {"request_id": "680e6994d63041988268c94abb5d38af", "http_status": 200, "body": {"accepted": true, "real_timestamp_ms": 1789234856228, "virtual_time_s": 4214.85709, "measure_result": "no_signal"}}
2026-09-13 01:40:59,293 INFO request {"path": "/measure", "payload": {"arena_id": "default", "robot_id": "202601002029", "request_id": "c275332720f343c09a81e2e5b4a86380", "position": {"x": 931.8000000000002, "y": -1613.9249424926797}, "channel": 5}, "attempt": 1}
2026-09-13 01:40:59,296 INFO response {"request_id": "c275332720f343c09a81e2e5b4a86380", "http_status": 200, "body": {"accepted": true, "real_timestamp_ms": 1789234856262, "virtual_time_s": 4220.85709, "measure_result": "no_signal"}}
2026-09-13 01:40:59,327 INFO request {"path": "/measure", "payload": {"arena_id": "default", "robot_id": "202601002029", "request_id": "898456a009e3409d9a0e507f18ae817e", "position": {"x": 931.8000000000002, "y": -1613.9249424926797}, "channel": 7}, "attempt": 1}
2026-09-13 01:40:59,331 INFO response {"request_id": "898456a009e3409d9a0e507f18ae817e", "http_status": 200, "body": {"accepted": true, "real_timestamp_ms": 1789234856296, "virtual_time_s": 4226.85709, "measure_result": "no_signal"}}
2026-09-13 01:40:59,362 INFO request {"path": "/measure", "payload": {"arena_id": "default", "robot_id": "202601002029", "request_id": "248bdb5d600f4edc87db94bda3714a40", "position": {"x": 931.8000000000002, "y": -1613.9249424926797}, "channel": 9}, "attempt": 1}
2026-09-13 01:40:59,379 INFO response {"request_id": "248bdb5d600f4edc87db94bda3714a40", "http_status": 200, "body": {"accepted": true, "real_timestamp_ms": 1789234856344, "virtual_time_s": 4232.85709, "measure_result": "no_signal"}}
2026-09-13 01:40:59,379 INFO request {"path": "/measure", "payload": {"arena_id": "default", "robot_id": "202601002029", "request_id": "fe84379fef0c4a19ad49ecd1baf816aa", "position": {"x": 931.8000000000002, "y": -1613.9249424926797}, "channel": 13}, "attempt": 1}
2026-09-13 01:40:59,382 INFO response {"request_id": "fe84379fef0c4a19ad49ecd1baf816aa", "http_status": 200, "body": {"accepted": true, "real_timestamp_ms": 1789234856347, "virtual_time_s": 4238.85709, "measure_result": "no_signal"}}
2026-09-13 01:40:59,413 INFO request {"path": "/measure", "payload": {"arena_id": "default", "robot_id": "202601002029", "request_id": "e71046493b7f4d25b27e906177a53e26", "position": {"x": 931.8000000000002, "y": -1613.9249424926797}, "channel": 19}, "attempt": 1}
2026-09-13 01:40:59,415 INFO response {"request_id": "e71046493b7f4d25b27e906177a53e26", "http_status": 200, "body": {"accepted": true, "real_timestamp_ms": 1789234856381, "virtual_time_s": 4244.85709, "measure_result": "no_signal"}}
2026-09-13 01:40:59,636 INFO request {"path": "/measure", "payload": {"arena_id": "default", "robot_id": "202601002029", "request_id": "0965cbfe8bb74158935dfec5d86133d2", "position": {"x": 1613.9249424926793, "y": -931.8000000000008}, "channel": 19}, "attempt": 1}
2026-09-13 01:40:59,637 INFO response {"request_id": "0965cbfe8bb74158935dfec5d86133d2", "http_status": 200, "body": {"accepted": true, "real_timestamp_ms": 1789234856604, "virtual_time_s": 4442.791159, "measure_result": "no_signal"}}
2026-09-13 01:40:59,668 INFO request {"path": "/measure", "payload": {"arena_id": "default", "robot_id": "202601002029", "request_id": "782a6f2283a94cda9bd3ae32a770e5a9", "position": {"x": 1613.9249424926793, "y": -931.8000000000008}, "channel": 1}, "attempt": 1}
2026-09-13 01:40:59,670 INFO response {"request_id": "782a6f2283a94cda9bd3ae32a770e5a9", "http_status": 200, "body": {"accepted": true, "real_timestamp_ms": 1789234856636, "virtual_time_s": 4448.791159, "measure_result": "no_signal"}}
2026-09-13 01:40:59,701 INFO request {"path": "/measure", "payload": {"arena_id": "default", "robot_id": "202601002029", "request_id": "d5d03b2ae12b49e59fd559457b81dda1", "position": {"x": 1613.9249424926793, "y": -931.8000000000008}, "channel": 3}, "attempt": 1}
2026-09-13 01:40:59,715 INFO response {"request_id": "d5d03b2ae12b49e59fd559457b81dda1", "http_status": 200, "body": {"accepted": true, "real_timestamp_ms": 1789234856681, "virtual_time_s": 4454.791159, "measure_result": "no_signal"}}
2026-09-13 01:40:59,737 INFO request {"path": "/measure", "payload": {"arena_id": "default", "robot_id": "202601002029", "request_id": "3aa21dc1a417466bb69c68eecace1b0d", "position": {"x": 1613.9249424926793, "y": -931.8000000000008}, "channel": 5}, "attempt": 1}
2026-09-13 01:40:59,740 INFO response {"request_id": "3aa21dc1a417466bb69c68eecace1b0d", "http_status": 200, "body": {"accepted": true, "real_timestamp_ms": 1789234856705, "virtual_time_s": 4460.791159, "measure_result": "no_signal"}}
2026-09-13 01:40:59,755 INFO request {"path": "/measure", "payload": {"arena_id": "default", "robot_id": "202601002029", "request_id": "f4f1fb639f8d4bb381ffa00d5c749b14", "position": {"x": 1613.9249424926793, "y": -931.8000000000008}, "channel": 7}, "attempt": 1}
2026-09-13 01:40:59,775 INFO response {"request_id": "f4f1fb639f8d4bb381ffa00d5c749b14", "http_status": 200, "body": {"accepted": true, "real_timestamp_ms": 1789234856740, "virtual_time_s": 4466.791159, "measure_result": "no_signal"}}
2026-09-13 01:40:59,791 INFO request {"path": "/measure", "payload": {"arena_id": "default", "robot_id": "202601002029", "request_id": "63b1b6cb3eba48fbadf1d4472bea6d1a", "position": {"x": 1613.9249424926793, "y": -931.8000000000008}, "channel": 9}, "attempt": 1}
2026-09-13 01:40:59,805 INFO response {"request_id": "63b1b6cb3eba48fbadf1d4472bea6d1a", "http_status": 200, "body": {"accepted": true, "real_timestamp_ms": 1789234856771, "virtual_time_s": 4472.791159, "measure_result": "no_signal"}}
2026-09-13 01:40:59,819 INFO request {"path": "/measure", "payload": {"arena_id": "default", "robot_id": "202601002029", "request_id": "1bcfb262e8a84b60ac17a09ed6d9a083", "position": {"x": 1613.9249424926793, "y": -931.8000000000008}, "channel": 13}, "attempt": 1}
2026-09-13 01:40:59,821 INFO response {"request_id": "1bcfb262e8a84b60ac17a09ed6d9a083", "http_status": 200, "body": {"accepted": true, "real_timestamp_ms": 1789234856787, "virtual_time_s": 4478.791159, "measure_result": "no_signal"}}
2026-09-13 01:40:59,852 INFO request {"path": "/measure", "payload": {"arena_id": "default", "robot_id": "202601002029", "request_id": "f3ed94723970465cbd43a43eab9a120f", "position": {"x": 1613.9249424926793, "y": -931.8000000000008}, "channel": 17}, "attempt": 1}
2026-09-13 01:40:59,854 INFO response {"request_id": "f3ed94723970465cbd43a43eab9a120f", "http_status": 200, "body": {"accepted": true, "real_timestamp_ms": 1789234856820, "virtual_time_s": 4484.791159, "measure_result": "no_signal"}}
2026-09-13 01:41:00,033 INFO request {"path": "/measure", "payload": {"arena_id": "default", "robot_id": "202601002029", "request_id": "4031d6d59d064eeba1f5937c8dd18a1d", "position": {"x": 1863.6, "y": 0.0}, "channel": 17}, "attempt": 1}
2026-09-13 01:41:00,035 INFO response {"request_id": "4031d6d59d064eeba1f5937c8dd18a1d", "http_status": 200, "body": {"accepted": true, "real_timestamp_ms": 1789234857001, "virtual_time_s": 4682.725228, "measure_result": "no_signal"}}
2026-09-13 01:41:00,049 INFO request {"path": "/measure", "payload": {"arena_id": "default", "robot_id": "202601002029", "request_id": "5a9c822e55cf472a93286cde6b2a97f6", "position": {"x": 1863.6, "y": 0.0}, "channel": 1}, "attempt": 1}
2026-09-13 01:41:00,067 INFO response {"request_id": "5a9c822e55cf472a93286cde6b2a97f6", "http_status": 200, "body": {"accepted": true, "real_timestamp_ms": 1789234857033, "virtual_time_s": 4688.725228, "measure_result": "no_signal"}}
2026-09-13 01:41:00,067 INFO request {"path": "/measure", "payload": {"arena_id": "default", "robot_id": "202601002029", "request_id": "1281a766d6f84bd7911df47a7120b2fe", "position": {"x": 1863.6, "y": 0.0}, "channel": 3}, "attempt": 1}
2026-09-13 01:41:00,088 INFO response {"request_id": "1281a766d6f84bd7911df47a7120b2fe", "http_status": 200, "body": {"accepted": true, "real_timestamp_ms": 1789234857054, "virtual_time_s": 4694.725228, "measure_result": "no_signal"}}
2026-09-13 01:41:00,103 INFO request {"path": "/measure", "payload": {"arena_id": "default", "robot_id": "202601002029", "request_id": "a97e2effb221490299e9de09a5222413", "position": {"x": 1863.6, "y": 0.0}, "channel": 5}, "attempt": 1}
2026-09-13 01:41:00,117 INFO response {"request_id": "a97e2effb221490299e9de09a5222413", "http_status": 200, "body": {"accepted": true, "real_timestamp_ms": 1789234857083, "virtual_time_s": 4700.725228, "measure_result": "no_signal"}}
2026-09-13 01:41:00,132 INFO request {"path": "/measure", "payload": {"arena_id": "default", "robot_id": "202601002029", "request_id": "f5642cf50fa145feb16b66d75a3f16e5", "position": {"x": 1863.6, "y": 0.0}, "channel": 7}, "attempt": 1}
2026-09-13 01:41:00,147 INFO response {"request_id": "f5642cf50fa145feb16b66d75a3f16e5", "http_status": 200, "body": {"accepted": true, "real_timestamp_ms": 1789234857113, "virtual_time_s": 4706.725228, "measure_result": "no_signal"}}
2026-09-13 01:41:00,164 INFO request {"path": "/measure", "payload": {"arena_id": "default", "robot_id": "202601002029", "request_id": "c0dee3ec4a3d4de4b0f648e2dbf30c0f", "position": {"x": 1863.6, "y": 0.0}, "channel": 9}, "attempt": 1}
2026-09-13 01:41:00,166 INFO response {"request_id": "c0dee3ec4a3d4de4b0f648e2dbf30c0f", "http_status": 200, "body": {"accepted": true, "real_timestamp_ms": 1789234857132, "virtual_time_s": 4712.725228, "measure_result": "no_signal"}}
2026-09-13 01:41:00,197 INFO request {"path": "/measure", "payload": {"arena_id": "default", "robot_id": "202601002029", "request_id": "e562c2c62d7a4fac93b85592e0110569", "position": {"x": 1863.6, "y": 0.0}, "channel": 13}, "attempt": 1}
2026-09-13 01:41:00,215 INFO response {"request_id": "e562c2c62d7a4fac93b85592e0110569", "http_status": 200, "body": {"accepted": true, "real_timestamp_ms": 1789234857181, "virtual_time_s": 4718.725228, "measure_result": "no_signal"}}
2026-09-13 01:41:00,230 INFO request {"path": "/measure", "payload": {"arena_id": "default", "robot_id": "202601002029", "request_id": "50285085dede40eea54167d8e3bcafb6", "position": {"x": 1863.6, "y": 0.0}, "channel": 19}, "attempt": 1}
2026-09-13 01:41:00,246 INFO response {"request_id": "50285085dede40eea54167d8e3bcafb6", "http_status": 200, "body": {"accepted": true, "real_timestamp_ms": 1789234857212, "virtual_time_s": 4724.725228, "measure_result": "no_signal"}}
2026-09-13 01:41:00,362 INFO request {"path": "/measure", "payload": {"arena_id": "default", "robot_id": "202601002029", "request_id": "3e2a2ae6132343659dfa124aaaf60238", "position": {"x": 961.096197157623, "y": 257.5249498770081}, "channel": 19}, "attempt": 1}
2026-09-13 01:41:00,373 INFO response {"request_id": "3e2a2ae6132343659dfa124aaaf60238", "http_status": 200, "body": {"accepted": true, "real_timestamp_ms": 1789234857340, "virtual_time_s": 4917.430552, "measure_result": "no_signal"}}
2026-09-13 01:41:00,388 INFO request {"path": "/measure", "payload": {"arena_id": "default", "robot_id": "202601002029", "request_id": "8a2f28a61cb44328a334a828e51264f1", "position": {"x": 961.096197157623, "y": 257.5249498770081}, "channel": 1}, "attempt": 1}
2026-09-13 01:41:00,404 INFO response {"request_id": "8a2f28a61cb44328a334a828e51264f1", "http_status": 200, "body": {"accepted": true, "real_timestamp_ms": 1789234857370, "virtual_time_s": 4923.430552, "measure_result": "no_signal"}}
2026-09-13 01:41:00,420 INFO request {"path": "/measure", "payload": {"arena_id": "default", "robot_id": "202601002029", "request_id": "28a0da09c61945caa4b2cb5cd3d950d3", "position": {"x": 961.096197157623, "y": 257.5249498770081}, "channel": 3}, "attempt": 1}
2026-09-13 01:41:00,422 INFO response {"request_id": "28a0da09c61945caa4b2cb5cd3d950d3", "http_status": 200, "body": {"accepted": true, "real_timestamp_ms": 1789234857388, "virtual_time_s": 4929.430552, "measure_result": "no_signal"}}
2026-09-13 01:41:00,453 INFO request {"path": "/measure", "payload": {"arena_id": "default", "robot_id": "202601002029", "request_id": "8a8a3757f3b14f6785caff99fd6819ab", "position": {"x": 961.096197157623, "y": 257.5249498770081}, "channel": 5}, "attempt": 1}
2026-09-13 01:41:00,456 INFO response {"request_id": "8a8a3757f3b14f6785caff99fd6819ab", "http_status": 200, "body": {"accepted": true, "real_timestamp_ms": 1789234857422, "virtual_time_s": 4935.430552, "measure_result": "no_signal"}}
2026-09-13 01:41:00,471 INFO request {"path": "/measure", "payload": {"arena_id": "default", "robot_id": "202601002029", "request_id": "d955c1745b0f448492064021c7809518", "position": {"x": 961.096197157623, "y": 257.5249498770081}, "channel": 7}, "attempt": 1}
2026-09-13 01:41:00,492 INFO response {"request_id": "d955c1745b0f448492064021c7809518", "http_status": 200, "body": {"accepted": true, "real_timestamp_ms": 1789234857458, "virtual_time_s": 4941.430552, "measure_result": "no_signal"}}
2026-09-13 01:41:00,493 INFO request {"path": "/measure", "payload": {"arena_id": "default", "robot_id": "202601002029", "request_id": "f8bbd5ea9b7445c4a710137798431715", "position": {"x": 961.096197157623, "y": 257.5249498770081}, "channel": 9}, "attempt": 1}
2026-09-13 01:41:00,495 INFO response {"request_id": "f8bbd5ea9b7445c4a710137798431715", "http_status": 200, "body": {"accepted": true, "real_timestamp_ms": 1789234857461, "virtual_time_s": 4947.430552, "measure_result": "no_signal"}}
2026-09-13 01:41:00,526 INFO request {"path": "/measure", "payload": {"arena_id": "default", "robot_id": "202601002029", "request_id": "734ec127264e4634b95928ad24d9afb7", "position": {"x": 961.096197157623, "y": 257.5249498770081}, "channel": 13}, "attempt": 1}
2026-09-13 01:41:00,528 INFO response {"request_id": "734ec127264e4634b95928ad24d9afb7", "http_status": 200, "body": {"accepted": true, "real_timestamp_ms": 1789234857494, "virtual_time_s": 4953.430552, "measure_result": "no_signal"}}
2026-09-13 01:41:00,559 INFO request {"path": "/measure", "payload": {"arena_id": "default", "robot_id": "202601002029", "request_id": "fa1962b99bb646df93e56db4d4148ffc", "position": {"x": 961.096197157623, "y": 257.5249498770081}, "channel": 17}, "attempt": 1}
2026-09-13 01:41:00,562 INFO response {"request_id": "fa1962b99bb646df93e56db4d4148ffc", "http_status": 200, "body": {"accepted": true, "real_timestamp_ms": 1789234857528, "virtual_time_s": 4959.430552, "measure_result": "no_signal"}}
2026-09-13 01:41:00,647 INFO request {"path": "/measure", "payload": {"arena_id": "default", "robot_id": "202601002029", "request_id": "2f1622d3b7764118a40264cfe0b88e9e", "position": {"x": 1613.92494249268, "y": 931.7999999999998}, "channel": 17}, "attempt": 1}
2026-09-13 01:41:00,659 INFO response {"request_id": "2f1622d3b7764118a40264cfe0b88e9e", "http_status": 200, "body": {"accepted": true, "real_timestamp_ms": 1789234857625, "virtual_time_s": 5152.135876, "measure_result": "no_signal"}}
2026-09-13 01:41:00,690 INFO request {"path": "/measure", "payload": {"arena_id": "default", "robot_id": "202601002029", "request_id": "5881db5794e74b50b3a5a02e9c2fdc5f", "position": {"x": 1613.92494249268, "y": 931.7999999999998}, "channel": 1}, "attempt": 1}
2026-09-13 01:41:00,708 INFO response {"request_id": "5881db5794e74b50b3a5a02e9c2fdc5f", "http_status": 200, "body": {"accepted": true, "real_timestamp_ms": 1789234857674, "virtual_time_s": 5158.135876, "measure_result": "no_signal"}}
2026-09-13 01:41:00,709 INFO request {"path": "/measure", "payload": {"arena_id": "default", "robot_id": "202601002029", "request_id": "7b1815e5a15c4be1be338da2b76ade67", "position": {"x": 1613.92494249268, "y": 931.7999999999998}, "channel": 3}, "attempt": 1}
2026-09-13 01:41:00,729 INFO response {"request_id": "7b1815e5a15c4be1be338da2b76ade67", "http_status": 200, "body": {"accepted": true, "real_timestamp_ms": 1789234857695, "virtual_time_s": 5164.135876, "measure_result": "no_signal"}}
2026-09-13 01:41:00,745 INFO request {"path": "/measure", "payload": {"arena_id": "default", "robot_id": "202601002029", "request_id": "2c47d0fd12784ce2a43a8ea6834f4b0d", "position": {"x": 1613.92494249268, "y": 931.7999999999998}, "channel": 5}, "attempt": 1}
2026-09-13 01:41:00,759 INFO response {"request_id": "2c47d0fd12784ce2a43a8ea6834f4b0d", "http_status": 200, "body": {"accepted": true, "real_timestamp_ms": 1789234857725, "virtual_time_s": 5170.135876, "measure_result": "no_signal"}}
2026-09-13 01:41:00,774 INFO request {"path": "/measure", "payload": {"arena_id": "default", "robot_id": "202601002029", "request_id": "3e29daa0bd75469ebd7fa65585aa3f31", "position": {"x": 1613.92494249268, "y": 931.7999999999998}, "channel": 7}, "attempt": 1}
2026-09-13 01:41:00,775 INFO response {"request_id": "3e29daa0bd75469ebd7fa65585aa3f31", "http_status": 200, "body": {"accepted": true, "real_timestamp_ms": 1789234857741, "virtual_time_s": 5176.135876, "measure_result": "no_signal"}}
2026-09-13 01:41:00,805 INFO request {"path": "/measure", "payload": {"arena_id": "default", "robot_id": "202601002029", "request_id": "940b69cc48b544f99ad0ab196a6cac97", "position": {"x": 1613.92494249268, "y": 931.7999999999998}, "channel": 9}, "attempt": 1}
2026-09-13 01:41:00,808 INFO response {"request_id": "940b69cc48b544f99ad0ab196a6cac97", "http_status": 200, "body": {"accepted": true, "real_timestamp_ms": 1789234857774, "virtual_time_s": 5182.135876, "measure_result": "no_signal"}}
2026-09-13 01:41:00,839 INFO request {"path": "/measure", "payload": {"arena_id": "default", "robot_id": "202601002029", "request_id": "5bbc4fcda1f345f584b8be7514804517", "position": {"x": 1613.92494249268, "y": 931.7999999999998}, "channel": 13}, "attempt": 1}
2026-09-13 01:41:00,842 INFO response {"request_id": "5bbc4fcda1f345f584b8be7514804517", "http_status": 200, "body": {"accepted": true, "real_timestamp_ms": 1789234857807, "virtual_time_s": 5188.135876, "measure_result": "no_signal"}}
2026-09-13 01:41:00,872 INFO request {"path": "/measure", "payload": {"arena_id": "default", "robot_id": "202601002029", "request_id": "38881c2d74d240d586de6e94668af491", "position": {"x": 1613.92494249268, "y": 931.7999999999998}, "channel": 19}, "attempt": 1}
2026-09-13 01:41:00,875 INFO response {"request_id": "38881c2d74d240d586de6e94668af491", "http_status": 200, "body": {"accepted": true, "real_timestamp_ms": 1789234857841, "virtual_time_s": 5194.135876, "measure_result": "no_signal"}}
2026-09-13 01:41:06,933 INFO request {"path": "/clear", "payload": {"arena_id": "default", "robot_id": "202601002029", "request_id": "9f1d5260bda44e11a43c73580728f725", "position": {"x": 854.338308222892, "y": 1527.3904950092087}, "channel": 18}, "attempt": 1}
2026-09-13 01:41:06,949 INFO response {"request_id": "9f1d5260bda44e11a43c73580728f725", "http_status": 200, "body": {"accepted": true, "real_timestamp_ms": 1789234863916, "virtual_time_s": 5392.185081, "clear_result": "success"}}
2026-09-13 01:41:06,965 INFO request {"path": "/clear", "payload": {"arena_id": "default", "robot_id": "202601002029", "request_id": "a1fdd2124c954fba953905218e3bf789", "position": {"x": 274.19274617859, "y": 120.02468089403298}, "channel": 12}, "attempt": 1}
2026-09-13 01:41:06,967 INFO response {"request_id": "a1fdd2124c954fba953905218e3bf789", "http_status": 200, "body": {"accepted": true, "real_timestamp_ms": 1789234863933, "virtual_time_s": 5701.635235, "clear_result": "success"}}
2026-09-13 01:41:06,999 INFO request {"path": "/clear", "payload": {"arena_id": "default", "robot_id": "202601002029", "request_id": "1343cd59715b4df1be5c62c143be627c", "position": {"x": -408.0354113936136, "y": -71.94481244747149}, "channel": 10}, "attempt": 1}
2026-09-13 01:41:07,002 INFO response {"request_id": "1343cd59715b4df1be5c62c143be627c", "http_status": 200, "body": {"accepted": true, "real_timestamp_ms": 1789234863967, "virtual_time_s": 5848.37973, "clear_result": "success"}}
2026-09-13 01:41:07,033 INFO request {"path": "/clear", "payload": {"arena_id": "default", "robot_id": "202601002029", "request_id": "484f759c9fd74706bfc20542ccc66c95", "position": {"x": -130.23520385191978, "y": 1511.880146086724}, "channel": 6}, "attempt": 1}
2026-09-13 01:41:07,035 INFO response {"request_id": "484f759c9fd74706bfc20542ccc66c95", "http_status": 200, "body": {"accepted": true, "real_timestamp_ms": 1789234864001, "virtual_time_s": 6174.98038, "clear_result": "success"}}
2026-09-13 01:41:12,709 INFO request {"path": "/measure", "payload": {"arena_id": "default", "robot_id": "202601002029", "request_id": "c52ae4bd53964e9bb325b94bc46cbcef", "position": {"x": -189.8075510335268, "y": 1504.6216686316634}, "channel": 14}, "attempt": 1}
2026-09-13 01:41:12,711 INFO response {"request_id": "c52ae4bd53964e9bb325b94bc46cbcef", "http_status": 200, "body": {"accepted": true, "real_timestamp_ms": 1789234869678, "virtual_time_s": 6192.982963, "measure_result": "direction", "svd_deg": 68.97}}
2026-09-13 01:41:12,750 INFO request {"path": "/clear", "payload": {"arena_id": "default", "robot_id": "202601002029", "request_id": "165ae6032caa408683bc99b73ddbfdca", "position": {"x": -111.92154931738804, "y": 1706.469673761482}, "channel": 14}, "attempt": 1}
2026-09-13 01:41:12,751 INFO response {"request_id": "165ae6032caa408683bc99b73ddbfdca", "http_status": 200, "body": {"accepted": true, "real_timestamp_ms": 1789234869717, "virtual_time_s": 6241.253667, "clear_result": "success"}}
2026-09-13 01:41:12,783 INFO request {"path": "/measure", "payload": {"arena_id": "default", "robot_id": "202601002029", "request_id": "f92d97ef2ef344029e0f9f9b2cc4b37a", "position": {"x": -963.8914837765357, "y": 70.64586971574651}, "channel": 15}, "attempt": 1}
2026-09-13 01:41:12,800 INFO response {"request_id": "f92d97ef2ef344029e0f9f9b2cc4b37a", "http_status": 200, "body": {"accepted": true, "real_timestamp_ms": 1789234869766, "virtual_time_s": 6616.131549, "measure_result": "direction", "svd_deg": 168.92}}
2026-09-13 01:41:12,811 INFO request {"path": "/clear", "payload": {"arena_id": "default", "robot_id": "202601002029", "request_id": "bb34a81ea91a498c92aef09b75259826", "position": {"x": -1148.9727136840268, "y": 106.33214817823202}, "channel": 15}, "attempt": 1}
2026-09-13 01:41:12,811 INFO response {"request_id": "bb34a81ea91a498c92aef09b75259826", "http_status": 200, "body": {"accepted": true, "real_timestamp_ms": 1789234869778, "virtual_time_s": 6658.829598, "clear_result": "success"}}
2026-09-13 01:41:14,815 INFO request {"path": "/measure", "payload": {"arena_id": "default", "robot_id": "202601002029", "request_id": "30b42872ac4d4ebe9d9bdde4e51c86bd", "position": {"x": -1569.766232527612, "y": -190.16234404577185}, "channel": 2}, "attempt": 1}
2026-09-13 01:41:14,827 INFO response {"request_id": "30b42872ac4d4ebe9d9bdde4e51c86bd", "http_status": 200, "body": {"accepted": true, "real_timestamp_ms": 1789234871793, "virtual_time_s": 6767.78127, "measure_result": "direction", "svd_deg": 285.68}}
2026-09-13 01:41:14,835 INFO request {"path": "/clear", "payload": {"arena_id": "default", "robot_id": "202601002029", "request_id": "7e76070a642b40f18f9e905dbd6acced", "position": {"x": -1352.7608384934092, "y": -987.237115540379}, "channel": 2}, "attempt": 1}
2026-09-13 01:41:14,856 INFO response {"request_id": "7e76070a642b40f18f9e905dbd6acced", "http_status": 200, "body": {"accepted": true, "real_timestamp_ms": 1789234871823, "virtual_time_s": 6937.998646, "clear_result": "success"}}
2026-09-13 01:41:14,872 INFO request {"path": "/clear", "payload": {"arena_id": "default", "robot_id": "202601002029", "request_id": "1f3f660ca3a74ebf99db45f6314504c8", "position": {"x": 231.76040671757954, "y": -1263.4407810658183}, "channel": 20}, "attempt": 1}
2026-09-13 01:41:14,874 INFO response {"request_id": "1f3f660ca3a74ebf99db45f6314504c8", "http_status": 200, "body": {"accepted": true, "real_timestamp_ms": 1789234871840, "virtual_time_s": 7264.681474, "clear_result": "success"}}
2026-09-13 01:41:14,905 INFO request {"path": "/exit", "payload": {"arena_id": "default", "robot_id": "202601002029", "request_id": "6c143aa622ae453d8c862c758acacc95"}, "attempt": 1}
2026-09-13 01:41:14,925 INFO response {"request_id": "6c143aa622ae453d8c862c758acacc95", "http_status": 200, "body": {"accepted": true, "real_timestamp_ms": 1789234871891, "virtual_time_s": 7264.681474, "exit_reason": "user_exit"}}
