2026-09-12 21:00:50,271 INFO request {"path": "/enter", "payload": {"arena_id": "default", "robot_id": "202601002029", "request_id": "388395a7edfe435c88d222cf2eb286d6"}, "attempt": 1}
2026-09-12 21:00:50,275 INFO response {"request_id": "388395a7edfe435c88d222cf2eb286d6", "http_status": 200, "body": {"accepted": true, "real_timestamp_ms": 1789218047104, "virtual_time_s": 0, "max_virtual_duration_s": 360000, "max_real_duration_s": 1200, "remaining_real_duration_s": 1200}}
2026-09-12 21:00:50,306 INFO request {"path": "/measure", "payload": {"arena_id": "default", "robot_id": "202601002029", "request_id": "d446a9c92def4205aa7d4748b54d3aba", "position": {"x": 0.0, "y": 0.0}, "channel": 1}, "attempt": 1}
2026-09-12 21:00:50,308 INFO response {"request_id": "d446a9c92def4205aa7d4748b54d3aba", "http_status": 200, "body": {"accepted": true, "real_timestamp_ms": 1789218047135, "virtual_time_s": 5, "measure_result": "no_signal"}}
2026-09-12 21:00:50,339 INFO request {"path": "/measure", "payload": {"arena_id": "default", "robot_id": "202601002029", "request_id": "aae95914e1a841339fc1ea41452a2549", "position": {"x": 0.0, "y": 0.0}, "channel": 2}, "attempt": 1}
2026-09-12 21:00:50,341 INFO response {"request_id": "aae95914e1a841339fc1ea41452a2549", "http_status": 200, "body": {"accepted": true, "real_timestamp_ms": 1789218047169, "virtual_time_s": 11, "measure_result": "no_signal"}}
2026-09-12 21:00:50,372 INFO request {"path": "/measure", "payload": {"arena_id": "default", "robot_id": "202601002029", "request_id": "be93ac5ef0794c159465ba67aedaf12a", "position": {"x": 0.0, "y": 0.0}, "channel": 3}, "attempt": 1}
2026-09-12 21:00:50,391 INFO response {"request_id": "be93ac5ef0794c159465ba67aedaf12a", "http_status": 200, "body": {"accepted": true, "real_timestamp_ms": 1789218047220, "virtual_time_s": 17, "measure_result": "no_signal"}}
2026-09-12 21:00:50,407 INFO request {"path": "/measure", "payload": {"arena_id": "default", "robot_id": "202601002029", "request_id": "92197adcea6642e5a62dfe7031fd1071", "position": {"x": 0.0, "y": 0.0}, "channel": 4}, "attempt": 1}
2026-09-12 21:00:50,420 INFO response {"request_id": "92197adcea6642e5a62dfe7031fd1071", "http_status": 200, "body": {"accepted": true, "real_timestamp_ms": 1789218047249, "virtual_time_s": 23, "measure_result": "direction", "svd_deg": 262.07}}
2026-09-12 21:00:50,426 INFO request {"path": "/measure", "payload": {"arena_id": "default", "robot_id": "202601002029", "request_id": "9fcb7db429e14cc790e746dd92e0ff32", "position": {"x": 0.0, "y": 0.0}, "channel": 5}, "attempt": 1}
2026-09-12 21:00:50,428 INFO response {"request_id": "9fcb7db429e14cc790e746dd92e0ff32", "http_status": 200, "body": {"accepted": true, "real_timestamp_ms": 1789218047256, "virtual_time_s": 29, "measure_result": "no_signal"}}
2026-09-12 21:00:50,459 INFO request {"path": "/measure", "payload": {"arena_id": "default", "robot_id": "202601002029", "request_id": "916dfee933b44f6aa740cb8738c2e6c7", "position": {"x": 0.0, "y": 0.0}, "channel": 6}, "attempt": 1}
2026-09-12 21:00:50,481 INFO response {"request_id": "916dfee933b44f6aa740cb8738c2e6c7", "http_status": 200, "body": {"accepted": true, "real_timestamp_ms": 1789218047309, "virtual_time_s": 35, "measure_result": "no_signal"}}
2026-09-12 21:00:50,497 INFO request {"path": "/measure", "payload": {"arena_id": "default", "robot_id": "202601002029", "request_id": "fa8c6d750ecc4df1ac5f379115398283", "position": {"x": 0.0, "y": 0.0}, "channel": 7}, "attempt": 1}
2026-09-12 21:00:50,509 INFO response {"request_id": "fa8c6d750ecc4df1ac5f379115398283", "http_status": 200, "body": {"accepted": true, "real_timestamp_ms": 1789218047337, "virtual_time_s": 41, "measure_result": "no_signal"}}
2026-09-12 21:00:50,524 INFO request {"path": "/measure", "payload": {"arena_id": "default", "robot_id": "202601002029", "request_id": "bd50e054a8f44fd782c17acb5d55d82e", "position": {"x": 0.0, "y": 0.0}, "channel": 8}, "attempt": 1}
2026-09-12 21:00:50,538 INFO response {"request_id": "bd50e054a8f44fd782c17acb5d55d82e", "http_status": 200, "body": {"accepted": true, "real_timestamp_ms": 1789218047367, "virtual_time_s": 47, "measure_result": "no_signal"}}
2026-09-12 21:00:50,553 INFO request {"path": "/measure", "payload": {"arena_id": "default", "robot_id": "202601002029", "request_id": "a84e7a2ad62145d49fcf1c282792138d", "position": {"x": 0.0, "y": 0.0}, "channel": 9}, "attempt": 1}
2026-09-12 21:00:50,567 INFO response {"request_id": "a84e7a2ad62145d49fcf1c282792138d", "http_status": 200, "body": {"accepted": true, "real_timestamp_ms": 1789218047395, "virtual_time_s": 53, "measure_result": "no_signal"}}
2026-09-12 21:00:50,583 INFO request {"path": "/measure", "payload": {"arena_id": "default", "robot_id": "202601002029", "request_id": "060a1ce1206c4fcc8fac1b6a7a202afb", "position": {"x": 0.0, "y": 0.0}, "channel": 10}, "attempt": 1}
2026-09-12 21:00:50,584 INFO response {"request_id": "060a1ce1206c4fcc8fac1b6a7a202afb", "http_status": 200, "body": {"accepted": true, "real_timestamp_ms": 1789218047413, "virtual_time_s": 59, "measure_result": "no_signal"}}
2026-09-12 21:00:50,615 INFO request {"path": "/measure", "payload": {"arena_id": "default", "robot_id": "202601002029", "request_id": "498f59896f61475dbd1278e84a6fd178", "position": {"x": 0.0, "y": 0.0}, "channel": 11}, "attempt": 1}
2026-09-12 21:00:50,616 INFO response {"request_id": "498f59896f61475dbd1278e84a6fd178", "http_status": 200, "body": {"accepted": true, "real_timestamp_ms": 1789218047445, "virtual_time_s": 65, "measure_result": "no_signal"}}
2026-09-12 21:00:50,647 INFO request {"path": "/measure", "payload": {"arena_id": "default", "robot_id": "202601002029", "request_id": "206dcb6b315f48a184315b01b324a870", "position": {"x": 0.0, "y": 0.0}, "channel": 12}, "attempt": 1}
2026-09-12 21:00:50,666 INFO response {"request_id": "206dcb6b315f48a184315b01b324a870", "http_status": 200, "body": {"accepted": true, "real_timestamp_ms": 1789218047494, "virtual_time_s": 71, "measure_result": "direction", "svd_deg": 23.73}}
2026-09-12 21:00:50,684 INFO request {"path": "/measure", "payload": {"arena_id": "default", "robot_id": "202601002029", "request_id": "b1720e506cd341a581eefc88f4a335d9", "position": {"x": 0.0, "y": 0.0}, "channel": 13}, "attempt": 1}
2026-09-12 21:00:50,686 INFO response {"request_id": "b1720e506cd341a581eefc88f4a335d9", "http_status": 200, "body": {"accepted": true, "real_timestamp_ms": 1789218047515, "virtual_time_s": 77, "measure_result": "no_signal"}}
2026-09-12 21:00:50,717 INFO request {"path": "/measure", "payload": {"arena_id": "default", "robot_id": "202601002029", "request_id": "7b63fc4a47194ef6a5a96e46798b10aa", "position": {"x": 0.0, "y": 0.0}, "channel": 14}, "attempt": 1}
2026-09-12 21:00:50,733 INFO response {"request_id": "7b63fc4a47194ef6a5a96e46798b10aa", "http_status": 200, "body": {"accepted": true, "real_timestamp_ms": 1789218047562, "virtual_time_s": 83, "measure_result": "no_signal"}}
2026-09-12 21:00:50,749 INFO request {"path": "/measure", "payload": {"arena_id": "default", "robot_id": "202601002029", "request_id": "8005c655fbd747458b9f3fa76ec54d01", "position": {"x": 0.0, "y": 0.0}, "channel": 15}, "attempt": 1}
2026-09-12 21:00:50,762 INFO response {"request_id": "8005c655fbd747458b9f3fa76ec54d01", "http_status": 200, "body": {"accepted": true, "real_timestamp_ms": 1789218047591, "virtual_time_s": 89, "measure_result": "no_signal"}}
2026-09-12 21:00:50,777 INFO request {"path": "/measure", "payload": {"arena_id": "default", "robot_id": "202601002029", "request_id": "7dfb303fab7549039e97c37986522094", "position": {"x": 0.0, "y": 0.0}, "channel": 16}, "attempt": 1}
2026-09-12 21:00:50,792 INFO response {"request_id": "7dfb303fab7549039e97c37986522094", "http_status": 200, "body": {"accepted": true, "real_timestamp_ms": 1789218047620, "virtual_time_s": 95, "measure_result": "direction", "svd_deg": 0.56}}
2026-09-12 21:00:50,808 INFO request {"path": "/measure", "payload": {"arena_id": "default", "robot_id": "202601002029", "request_id": "92693627e42e49c3a86495cc2b3978d1", "position": {"x": 0.0, "y": 0.0}, "channel": 17}, "attempt": 1}
2026-09-12 21:00:50,821 INFO response {"request_id": "92693627e42e49c3a86495cc2b3978d1", "http_status": 200, "body": {"accepted": true, "real_timestamp_ms": 1789218047650, "virtual_time_s": 101, "measure_result": "no_signal"}}
2026-09-12 21:00:50,837 INFO request {"path": "/measure", "payload": {"arena_id": "default", "robot_id": "202601002029", "request_id": "7a165c2dbaa74d74a86a9622e12d475c", "position": {"x": 0.0, "y": 0.0}, "channel": 18}, "attempt": 1}
2026-09-12 21:00:50,839 INFO response {"request_id": "7a165c2dbaa74d74a86a9622e12d475c", "http_status": 200, "body": {"accepted": true, "real_timestamp_ms": 1789218047667, "virtual_time_s": 107, "measure_result": "no_signal"}}
2026-09-12 21:00:50,869 INFO request {"path": "/measure", "payload": {"arena_id": "default", "robot_id": "202601002029", "request_id": "24b36dc207c042b6bb27b29155f5b642", "position": {"x": 0.0, "y": 0.0}, "channel": 19}, "attempt": 1}
2026-09-12 21:00:50,890 INFO response {"request_id": "24b36dc207c042b6bb27b29155f5b642", "http_status": 200, "body": {"accepted": true, "real_timestamp_ms": 1789218047717, "virtual_time_s": 113, "measure_result": "direction", "svd_deg": 262.46}}
2026-09-12 21:00:50,894 INFO request {"path": "/measure", "payload": {"arena_id": "default", "robot_id": "202601002029", "request_id": "4ddc75ef24ab4a06aa305f957fa907db", "position": {"x": 0.0, "y": 0.0}, "channel": 20}, "attempt": 1}
2026-09-12 21:00:50,908 INFO response {"request_id": "4ddc75ef24ab4a06aa305f957fa907db", "http_status": 200, "body": {"accepted": true, "real_timestamp_ms": 1789218047737, "virtual_time_s": 119, "measure_result": "no_signal"}}
2026-09-12 21:00:50,924 INFO request {"path": "/measure", "payload": {"arena_id": "default", "robot_id": "202601002029", "request_id": "2a22356fc6184dc599ae3c1d09ada27a", "position": {"x": 34.007810719452976, "y": 13.174696060943223}, "channel": 20}, "attempt": 1}
2026-09-12 21:00:50,926 INFO response {"request_id": "2a22356fc6184dc599ae3c1d09ada27a", "http_status": 200, "body": {"accepted": true, "real_timestamp_ms": 1789218047755, "virtual_time_s": 131.294118, "measure_result": "no_signal"}}
2026-09-12 21:00:50,941 INFO request {"path": "/measure", "payload": {"arena_id": "default", "robot_id": "202601002029", "request_id": "8fdb55ceb7df412ea7de4f2a2934ed03", "position": {"x": 34.007810719452976, "y": 13.174696060943223}, "channel": 1}, "attempt": 1}
2026-09-12 21:00:50,943 INFO response {"request_id": "8fdb55ceb7df412ea7de4f2a2934ed03", "http_status": 200, "body": {"accepted": true, "real_timestamp_ms": 1789218047771, "virtual_time_s": 137.294118, "measure_result": "no_signal"}}
2026-09-12 21:00:50,974 INFO request {"path": "/measure", "payload": {"arena_id": "default", "robot_id": "202601002029", "request_id": "17e029068fef4f4cbea6ab3243f433b5", "position": {"x": 34.007810719452976, "y": 13.174696060943223}, "channel": 2}, "attempt": 1}
2026-09-12 21:00:50,988 INFO response {"request_id": "17e029068fef4f4cbea6ab3243f433b5", "http_status": 200, "body": {"accepted": true, "real_timestamp_ms": 1789218047815, "virtual_time_s": 143.294118, "measure_result": "no_signal"}}
2026-09-12 21:00:51,003 INFO request {"path": "/measure", "payload": {"arena_id": "default", "robot_id": "202601002029", "request_id": "fa8e6efb6d0f47f896f63382f12321cf", "position": {"x": 34.007810719452976, "y": 13.174696060943223}, "channel": 3}, "attempt": 1}
2026-09-12 21:00:51,005 INFO response {"request_id": "fa8e6efb6d0f47f896f63382f12321cf", "http_status": 200, "body": {"accepted": true, "real_timestamp_ms": 1789218047833, "virtual_time_s": 149.294118, "measure_result": "no_signal"}}
2026-09-12 21:00:51,020 INFO request {"path": "/measure", "payload": {"arena_id": "default", "robot_id": "202601002029", "request_id": "76d7c4c0baaa46588daa9e707ed4d38d", "position": {"x": 34.007810719452976, "y": 13.174696060943223}, "channel": 5}, "attempt": 1}
2026-09-12 21:00:51,021 INFO response {"request_id": "76d7c4c0baaa46588daa9e707ed4d38d", "http_status": 200, "body": {"accepted": true, "real_timestamp_ms": 1789218047849, "virtual_time_s": 155.294118, "measure_result": "no_signal"}}
2026-09-12 21:00:51,052 INFO request {"path": "/measure", "payload": {"arena_id": "default", "robot_id": "202601002029", "request_id": "1838a57af65445e19f55ba03f4312cbe", "position": {"x": 34.007810719452976, "y": 13.174696060943223}, "channel": 6}, "attempt": 1}
2026-09-12 21:00:51,054 INFO response {"request_id": "1838a57af65445e19f55ba03f4312cbe", "http_status": 200, "body": {"accepted": true, "real_timestamp_ms": 1789218047883, "virtual_time_s": 161.294118, "measure_result": "no_signal"}}
2026-09-12 21:00:51,085 INFO request {"path": "/measure", "payload": {"arena_id": "default", "robot_id": "202601002029", "request_id": "fbd4f45b8f3b4000b0ca4ab18d9e0c60", "position": {"x": 34.007810719452976, "y": 13.174696060943223}, "channel": 7}, "attempt": 1}
2026-09-12 21:00:51,088 INFO response {"request_id": "fbd4f45b8f3b4000b0ca4ab18d9e0c60", "http_status": 200, "body": {"accepted": true, "real_timestamp_ms": 1789218047916, "virtual_time_s": 167.294118, "measure_result": "no_signal"}}
2026-09-12 21:00:51,119 INFO request {"path": "/measure", "payload": {"arena_id": "default", "robot_id": "202601002029", "request_id": "8b5978b619a041b2a3f9e4d77c1202f5", "position": {"x": 34.007810719452976, "y": 13.174696060943223}, "channel": 8}, "attempt": 1}
2026-09-12 21:00:51,120 INFO response {"request_id": "8b5978b619a041b2a3f9e4d77c1202f5", "http_status": 200, "body": {"accepted": true, "real_timestamp_ms": 1789218047949, "virtual_time_s": 173.294118, "measure_result": "no_signal"}}
2026-09-12 21:00:51,151 INFO request {"path": "/measure", "payload": {"arena_id": "default", "robot_id": "202601002029", "request_id": "127a4c00ba604632b1141f174d06e25e", "position": {"x": 34.007810719452976, "y": 13.174696060943223}, "channel": 9}, "attempt": 1}
2026-09-12 21:00:51,153 INFO response {"request_id": "127a4c00ba604632b1141f174d06e25e", "http_status": 200, "body": {"accepted": true, "real_timestamp_ms": 1789218047981, "virtual_time_s": 179.294118, "measure_result": "no_signal"}}
2026-09-12 21:00:51,183 INFO request {"path": "/measure", "payload": {"arena_id": "default", "robot_id": "202601002029", "request_id": "a8a8ab1911c64aaab1698128e34186ba", "position": {"x": 34.007810719452976, "y": 13.174696060943223}, "channel": 10}, "attempt": 1}
2026-09-12 21:00:51,204 INFO response {"request_id": "a8a8ab1911c64aaab1698128e34186ba", "http_status": 200, "body": {"accepted": true, "real_timestamp_ms": 1789218048032, "virtual_time_s": 185.294118, "measure_result": "no_signal"}}
2026-09-12 21:00:51,220 INFO request {"path": "/measure", "payload": {"arena_id": "default", "robot_id": "202601002029", "request_id": "7134792d41834687b2594b70a2d1b3a0", "position": {"x": 34.007810719452976, "y": 13.174696060943223}, "channel": 11}, "attempt": 1}
2026-09-12 21:00:51,232 INFO response {"request_id": "7134792d41834687b2594b70a2d1b3a0", "http_status": 200, "body": {"accepted": true, "real_timestamp_ms": 1789218048061, "virtual_time_s": 191.294118, "measure_result": "no_signal"}}
2026-09-12 21:00:51,248 INFO request {"path": "/measure", "payload": {"arena_id": "default", "robot_id": "202601002029", "request_id": "dcb9805da16f4a3e833724e5cb21ca2e", "position": {"x": 34.007810719452976, "y": 13.174696060943223}, "channel": 13}, "attempt": 1}
2026-09-12 21:00:51,262 INFO response {"request_id": "dcb9805da16f4a3e833724e5cb21ca2e", "http_status": 200, "body": {"accepted": true, "real_timestamp_ms": 1789218048091, "virtual_time_s": 197.294118, "measure_result": "no_signal"}}
2026-09-12 21:00:51,277 INFO request {"path": "/measure", "payload": {"arena_id": "default", "robot_id": "202601002029", "request_id": "a434a72d58644017ad54e1d66d37f86a", "position": {"x": 34.007810719452976, "y": 13.174696060943223}, "channel": 14}, "attempt": 1}
2026-09-12 21:00:51,278 INFO response {"request_id": "a434a72d58644017ad54e1d66d37f86a", "http_status": 200, "body": {"accepted": true, "real_timestamp_ms": 1789218048107, "virtual_time_s": 203.294118, "measure_result": "no_signal"}}
2026-09-12 21:00:51,309 INFO request {"path": "/measure", "payload": {"arena_id": "default", "robot_id": "202601002029", "request_id": "97a25c662de448929176d0dc101e9dd8", "position": {"x": 34.007810719452976, "y": 13.174696060943223}, "channel": 15}, "attempt": 1}
2026-09-12 21:00:51,310 INFO response {"request_id": "97a25c662de448929176d0dc101e9dd8", "http_status": 200, "body": {"accepted": true, "real_timestamp_ms": 1789218048139, "virtual_time_s": 209.294118, "measure_result": "no_signal"}}
2026-09-12 21:00:51,341 INFO request {"path": "/measure", "payload": {"arena_id": "default", "robot_id": "202601002029", "request_id": "02622f5909804fbf99440fa9c921511f", "position": {"x": 34.007810719452976, "y": 13.174696060943223}, "channel": 17}, "attempt": 1}
2026-09-12 21:00:51,360 INFO response {"request_id": "02622f5909804fbf99440fa9c921511f", "http_status": 200, "body": {"accepted": true, "real_timestamp_ms": 1789218048188, "virtual_time_s": 215.294118, "measure_result": "no_signal"}}
2026-09-12 21:00:51,376 INFO request {"path": "/measure", "payload": {"arena_id": "default", "robot_id": "202601002029", "request_id": "6a794b9dbaee4db3a9f429598b802f48", "position": {"x": 34.007810719452976, "y": 13.174696060943223}, "channel": 18}, "attempt": 1}
2026-09-12 21:00:51,378 INFO response {"request_id": "6a794b9dbaee4db3a9f429598b802f48", "http_status": 200, "body": {"accepted": true, "real_timestamp_ms": 1789218048207, "virtual_time_s": 221.294118, "measure_result": "no_signal"}}
2026-09-12 21:00:51,478 INFO request {"path": "/measure", "payload": {"arena_id": "default", "robot_id": "202601002029", "request_id": "0050122467af4f379fc7c2c11a91f59f", "position": {"x": 34.007810719452976, "y": 13.174696060943223}, "channel": 19}, "attempt": 1}
2026-09-12 21:00:51,498 INFO response {"request_id": "0050122467af4f379fc7c2c11a91f59f", "http_status": 200, "body": {"accepted": true, "real_timestamp_ms": 1789218048326, "virtual_time_s": 227.294118, "measure_result": "direction", "svd_deg": 260.54}}
2026-09-12 21:00:51,516 INFO request {"path": "/measure", "payload": {"arena_id": "default", "robot_id": "202601002029", "request_id": "d8bb6de7242e4f09bd8a053e4d8820e8", "position": {"x": 34.007810719452976, "y": 13.174696060943223}, "channel": 4}, "attempt": 1}
2026-09-12 21:00:51,519 INFO response {"request_id": "d8bb6de7242e4f09bd8a053e4d8820e8", "http_status": 200, "body": {"accepted": true, "real_timestamp_ms": 1789218048347, "virtual_time_s": 233.294118, "measure_result": "direction", "svd_deg": 259.85}}
2026-09-12 21:00:51,542 INFO request {"path": "/measure", "payload": {"arena_id": "default", "robot_id": "202601002029", "request_id": "4386dc5acc5d4b30a546d89588279b5d", "position": {"x": 53.90417984433043, "y": 49.140152830690056}, "channel": 1}, "attempt": 1}
2026-09-12 21:00:51,544 INFO response {"request_id": "4386dc5acc5d4b30a546d89588279b5d", "http_status": 200, "body": {"accepted": true, "real_timestamp_ms": 1789218048372, "virtual_time_s": 247.514531, "measure_result": "no_signal"}}
2026-09-12 21:00:51,575 INFO request {"path": "/measure", "payload": {"arena_id": "default", "robot_id": "202601002029", "request_id": "35293322d0d94631ba77920ed9bf2cd5", "position": {"x": 53.90417984433043, "y": 49.140152830690056}, "channel": 2}, "attempt": 1}
2026-09-12 21:00:51,576 INFO response {"request_id": "35293322d0d94631ba77920ed9bf2cd5", "http_status": 200, "body": {"accepted": true, "real_timestamp_ms": 1789218048404, "virtual_time_s": 253.514531, "measure_result": "no_signal"}}
2026-09-12 21:00:51,607 INFO request {"path": "/measure", "payload": {"arena_id": "default", "robot_id": "202601002029", "request_id": "999a19a67f1d411ab6b1bec99ada95b1", "position": {"x": 53.90417984433043, "y": 49.140152830690056}, "channel": 3}, "attempt": 1}
2026-09-12 21:00:51,608 INFO response {"request_id": "999a19a67f1d411ab6b1bec99ada95b1", "http_status": 200, "body": {"accepted": true, "real_timestamp_ms": 1789218048436, "virtual_time_s": 259.514531, "measure_result": "no_signal"}}
2026-09-12 21:00:51,638 INFO request {"path": "/measure", "payload": {"arena_id": "default", "robot_id": "202601002029", "request_id": "56d0465bad674f66bfa916a47f7504a5", "position": {"x": 53.90417984433043, "y": 49.140152830690056}, "channel": 5}, "attempt": 1}
2026-09-12 21:00:51,639 INFO response {"request_id": "56d0465bad674f66bfa916a47f7504a5", "http_status": 200, "body": {"accepted": true, "real_timestamp_ms": 1789218048468, "virtual_time_s": 265.514531, "measure_result": "no_signal"}}
2026-09-12 21:00:51,670 INFO request {"path": "/measure", "payload": {"arena_id": "default", "robot_id": "202601002029", "request_id": "ad7c590ea7674ba9995c5a4bf4638070", "position": {"x": 53.90417984433043, "y": 49.140152830690056}, "channel": 6}, "attempt": 1}
2026-09-12 21:00:51,671 INFO response {"request_id": "ad7c590ea7674ba9995c5a4bf4638070", "http_status": 200, "body": {"accepted": true, "real_timestamp_ms": 1789218048500, "virtual_time_s": 271.514531, "measure_result": "no_signal"}}
2026-09-12 21:00:51,702 INFO request {"path": "/measure", "payload": {"arena_id": "default", "robot_id": "202601002029", "request_id": "5a2ddee1eb974cf686fa47d94d267ef6", "position": {"x": 53.90417984433043, "y": 49.140152830690056}, "channel": 7}, "attempt": 1}
2026-09-12 21:00:51,704 INFO response {"request_id": "5a2ddee1eb974cf686fa47d94d267ef6", "http_status": 200, "body": {"accepted": true, "real_timestamp_ms": 1789218048532, "virtual_time_s": 277.514531, "measure_result": "no_signal"}}
2026-09-12 21:00:51,735 INFO request {"path": "/measure", "payload": {"arena_id": "default", "robot_id": "202601002029", "request_id": "238b8177e1484f47b327f6857e57f214", "position": {"x": 53.90417984433043, "y": 49.140152830690056}, "channel": 8}, "attempt": 1}
2026-09-12 21:00:51,737 INFO response {"request_id": "238b8177e1484f47b327f6857e57f214", "http_status": 200, "body": {"accepted": true, "real_timestamp_ms": 1789218048565, "virtual_time_s": 283.514531, "measure_result": "no_signal"}}
2026-09-12 21:00:51,767 INFO request {"path": "/measure", "payload": {"arena_id": "default", "robot_id": "202601002029", "request_id": "6c94bdb0b04f42fd91fd38b77cdcfee9", "position": {"x": 53.90417984433043, "y": 49.140152830690056}, "channel": 9}, "attempt": 1}
2026-09-12 21:00:51,768 INFO response {"request_id": "6c94bdb0b04f42fd91fd38b77cdcfee9", "http_status": 200, "body": {"accepted": true, "real_timestamp_ms": 1789218048597, "virtual_time_s": 289.514531, "measure_result": "no_signal"}}
2026-09-12 21:00:51,799 INFO request {"path": "/measure", "payload": {"arena_id": "default", "robot_id": "202601002029", "request_id": "7e8c74dee52140caa79d6693038c6bfb", "position": {"x": 53.90417984433043, "y": 49.140152830690056}, "channel": 10}, "attempt": 1}
2026-09-12 21:00:51,800 INFO response {"request_id": "7e8c74dee52140caa79d6693038c6bfb", "http_status": 200, "body": {"accepted": true, "real_timestamp_ms": 1789218048629, "virtual_time_s": 295.514531, "measure_result": "no_signal"}}
2026-09-12 21:00:51,815 INFO request {"path": "/measure", "payload": {"arena_id": "default", "robot_id": "202601002029", "request_id": "83610cc3a9f44ef997c14a1eba37494e", "position": {"x": 53.90417984433043, "y": 49.140152830690056}, "channel": 11}, "attempt": 1}
2026-09-12 21:00:51,816 INFO response {"request_id": "83610cc3a9f44ef997c14a1eba37494e", "http_status": 200, "body": {"accepted": true, "real_timestamp_ms": 1789218048644, "virtual_time_s": 301.514531, "measure_result": "no_signal"}}
2026-09-12 21:00:51,832 INFO request {"path": "/measure", "payload": {"arena_id": "default", "robot_id": "202601002029", "request_id": "8e1537e4f2654645aa27a03acf473b54", "position": {"x": 53.90417984433043, "y": 49.140152830690056}, "channel": 13}, "attempt": 1}
2026-09-12 21:00:51,833 INFO response {"request_id": "8e1537e4f2654645aa27a03acf473b54", "http_status": 200, "body": {"accepted": true, "real_timestamp_ms": 1789218048662, "virtual_time_s": 307.514531, "measure_result": "no_signal"}}
2026-09-12 21:00:51,863 INFO request {"path": "/measure", "payload": {"arena_id": "default", "robot_id": "202601002029", "request_id": "05240586dc984748adb98cdceebac51a", "position": {"x": 53.90417984433043, "y": 49.140152830690056}, "channel": 14}, "attempt": 1}
2026-09-12 21:00:51,864 INFO response {"request_id": "05240586dc984748adb98cdceebac51a", "http_status": 200, "body": {"accepted": true, "real_timestamp_ms": 1789218048693, "virtual_time_s": 313.514531, "measure_result": "no_signal"}}
2026-09-12 21:00:51,895 INFO request {"path": "/measure", "payload": {"arena_id": "default", "robot_id": "202601002029", "request_id": "756ecc0909484a9bb85759d6aa99fba8", "position": {"x": 53.90417984433043, "y": 49.140152830690056}, "channel": 15}, "attempt": 1}
2026-09-12 21:00:51,896 INFO response {"request_id": "756ecc0909484a9bb85759d6aa99fba8", "http_status": 200, "body": {"accepted": true, "real_timestamp_ms": 1789218048724, "virtual_time_s": 319.514531, "measure_result": "no_signal"}}
2026-09-12 21:00:51,926 INFO request {"path": "/measure", "payload": {"arena_id": "default", "robot_id": "202601002029", "request_id": "4935aed5a99b4e2f87688778dd66a799", "position": {"x": 53.90417984433043, "y": 49.140152830690056}, "channel": 17}, "attempt": 1}
2026-09-12 21:00:51,937 INFO response {"request_id": "4935aed5a99b4e2f87688778dd66a799", "http_status": 200, "body": {"accepted": true, "real_timestamp_ms": 1789218048766, "virtual_time_s": 325.514531, "measure_result": "no_signal"}}
2026-09-12 21:00:51,968 INFO request {"path": "/measure", "payload": {"arena_id": "default", "robot_id": "202601002029", "request_id": "4ae1d3a10b904f2e978ae3de0a1fecea", "position": {"x": 53.90417984433043, "y": 49.140152830690056}, "channel": 18}, "attempt": 1}
2026-09-12 21:00:51,986 INFO response {"request_id": "4ae1d3a10b904f2e978ae3de0a1fecea", "http_status": 200, "body": {"accepted": true, "real_timestamp_ms": 1789218048815, "virtual_time_s": 331.514531, "measure_result": "no_signal"}}
2026-09-12 21:00:52,002 INFO request {"path": "/measure", "payload": {"arena_id": "default", "robot_id": "202601002029", "request_id": "ed8274358a344259ab2e84240ed1ccb2", "position": {"x": 53.90417984433043, "y": 49.140152830690056}, "channel": 20}, "attempt": 1}
2026-09-12 21:00:52,004 INFO response {"request_id": "ed8274358a344259ab2e84240ed1ccb2", "http_status": 200, "body": {"accepted": true, "real_timestamp_ms": 1789218048832, "virtual_time_s": 337.514531, "measure_result": "no_signal"}}
2026-09-12 21:00:52,117 INFO request {"path": "/measure", "payload": {"arena_id": "default", "robot_id": "202601002029", "request_id": "68fdbb2f8e3e42ac9fb5bdac7e78e130", "position": {"x": 48.76902010260948, "y": 97.94139540708329}, "channel": 20}, "attempt": 1}
2026-09-12 21:00:52,118 INFO response {"request_id": "68fdbb2f8e3e42ac9fb5bdac7e78e130", "http_status": 200, "body": {"accepted": true, "real_timestamp_ms": 1789218048947, "virtual_time_s": 352.328666, "measure_result": "no_signal"}}
2026-09-12 21:00:52,149 INFO request {"path": "/measure", "payload": {"arena_id": "default", "robot_id": "202601002029", "request_id": "10347099e8f54ed3b2bedba5beb4880b", "position": {"x": 48.76902010260948, "y": 97.94139540708329}, "channel": 1}, "attempt": 1}
2026-09-12 21:00:52,163 INFO response {"request_id": "10347099e8f54ed3b2bedba5beb4880b", "http_status": 200, "body": {"accepted": true, "real_timestamp_ms": 1789218048991, "virtual_time_s": 358.328666, "measure_result": "no_signal"}}
2026-09-12 21:00:52,178 INFO request {"path": "/measure", "payload": {"arena_id": "default", "robot_id": "202601002029", "request_id": "80d654a05b634f45b01e420c2ee41c7d", "position": {"x": 48.76902010260948, "y": 97.94139540708329}, "channel": 2}, "attempt": 1}
2026-09-12 21:00:52,180 INFO response {"request_id": "80d654a05b634f45b01e420c2ee41c7d", "http_status": 200, "body": {"accepted": true, "real_timestamp_ms": 1789218049008, "virtual_time_s": 364.328666, "measure_result": "no_signal"}}
2026-09-12 21:00:52,211 INFO request {"path": "/measure", "payload": {"arena_id": "default", "robot_id": "202601002029", "request_id": "4a9a774ee65f4a8fbc88c739b4626df9", "position": {"x": 48.76902010260948, "y": 97.94139540708329}, "channel": 3}, "attempt": 1}
2026-09-12 21:00:52,213 INFO response {"request_id": "4a9a774ee65f4a8fbc88c739b4626df9", "http_status": 200, "body": {"accepted": true, "real_timestamp_ms": 1789218049041, "virtual_time_s": 370.328666, "measure_result": "no_signal"}}
2026-09-12 21:00:52,243 INFO request {"path": "/measure", "payload": {"arena_id": "default", "robot_id": "202601002029", "request_id": "b71d7cb0eedf4bd182c51012bdf6aa46", "position": {"x": 48.76902010260948, "y": 97.94139540708329}, "channel": 5}, "attempt": 1}
2026-09-12 21:00:52,262 INFO response {"request_id": "b71d7cb0eedf4bd182c51012bdf6aa46", "http_status": 200, "body": {"accepted": true, "real_timestamp_ms": 1789218049091, "virtual_time_s": 376.328666, "measure_result": "no_signal"}}
2026-09-12 21:00:52,277 INFO request {"path": "/measure", "payload": {"arena_id": "default", "robot_id": "202601002029", "request_id": "583586944fcc413c8dd4f08c52df41a2", "position": {"x": 48.76902010260948, "y": 97.94139540708329}, "channel": 6}, "attempt": 1}
2026-09-12 21:00:52,291 INFO response {"request_id": "583586944fcc413c8dd4f08c52df41a2", "http_status": 200, "body": {"accepted": true, "real_timestamp_ms": 1789218049119, "virtual_time_s": 382.328666, "measure_result": "no_signal"}}
2026-09-12 21:00:52,307 INFO request {"path": "/measure", "payload": {"arena_id": "default", "robot_id": "202601002029", "request_id": "04c51ae5df5d420dbc7cb51bb08061ff", "position": {"x": 48.76902010260948, "y": 97.94139540708329}, "channel": 7}, "attempt": 1}
2026-09-12 21:00:52,322 INFO response {"request_id": "04c51ae5df5d420dbc7cb51bb08061ff", "http_status": 200, "body": {"accepted": true, "real_timestamp_ms": 1789218049150, "virtual_time_s": 388.328666, "measure_result": "no_signal"}}
2026-09-12 21:00:52,337 INFO request {"path": "/measure", "payload": {"arena_id": "default", "robot_id": "202601002029", "request_id": "c243959e2c8b4d95bf8d3068844b5c97", "position": {"x": 48.76902010260948, "y": 97.94139540708329}, "channel": 8}, "attempt": 1}
2026-09-12 21:00:52,350 INFO response {"request_id": "c243959e2c8b4d95bf8d3068844b5c97", "http_status": 200, "body": {"accepted": true, "real_timestamp_ms": 1789218049179, "virtual_time_s": 394.328666, "measure_result": "no_signal"}}
2026-09-12 21:00:52,375 INFO request {"path": "/measure", "payload": {"arena_id": "default", "robot_id": "202601002029", "request_id": "ccca7716979d4c5a9405f63a7fe6df95", "position": {"x": 48.76902010260948, "y": 97.94139540708329}, "channel": 9}, "attempt": 1}
2026-09-12 21:00:52,377 INFO response {"request_id": "ccca7716979d4c5a9405f63a7fe6df95", "http_status": 200, "body": {"accepted": true, "real_timestamp_ms": 1789218049205, "virtual_time_s": 400.328666, "measure_result": "no_signal"}}
2026-09-12 21:00:52,408 INFO request {"path": "/measure", "payload": {"arena_id": "default", "robot_id": "202601002029", "request_id": "9a7ae6b44e084da79461f957259e432a", "position": {"x": 48.76902010260948, "y": 97.94139540708329}, "channel": 10}, "attempt": 1}
2026-09-12 21:00:52,411 INFO response {"request_id": "9a7ae6b44e084da79461f957259e432a", "http_status": 200, "body": {"accepted": true, "real_timestamp_ms": 1789218049239, "virtual_time_s": 406.328666, "measure_result": "no_signal"}}
2026-09-12 21:00:52,425 INFO request {"path": "/measure", "payload": {"arena_id": "default", "robot_id": "202601002029", "request_id": "3ab1772155ed466e89166c09dea434a2", "position": {"x": 48.76902010260948, "y": 97.94139540708329}, "channel": 11}, "attempt": 1}
2026-09-12 21:00:52,428 INFO response {"request_id": "3ab1772155ed466e89166c09dea434a2", "http_status": 200, "body": {"accepted": true, "real_timestamp_ms": 1789218049256, "virtual_time_s": 412.328666, "measure_result": "no_signal"}}
2026-09-12 21:00:52,459 INFO request {"path": "/measure", "payload": {"arena_id": "default", "robot_id": "202601002029", "request_id": "f655524ab4da41beabf9478a7bbfa98a", "position": {"x": 48.76902010260948, "y": 97.94139540708329}, "channel": 13}, "attempt": 1}
2026-09-12 21:00:52,461 INFO response {"request_id": "f655524ab4da41beabf9478a7bbfa98a", "http_status": 200, "body": {"accepted": true, "real_timestamp_ms": 1789218049289, "virtual_time_s": 418.328666, "measure_result": "no_signal"}}
2026-09-12 21:00:52,492 INFO request {"path": "/measure", "payload": {"arena_id": "default", "robot_id": "202601002029", "request_id": "921c40eeeaa4465485d169067c815312", "position": {"x": 48.76902010260948, "y": 97.94139540708329}, "channel": 14}, "attempt": 1}
2026-09-12 21:00:52,495 INFO response {"request_id": "921c40eeeaa4465485d169067c815312", "http_status": 200, "body": {"accepted": true, "real_timestamp_ms": 1789218049323, "virtual_time_s": 424.328666, "measure_result": "no_signal"}}
2026-09-12 21:00:52,525 INFO request {"path": "/measure", "payload": {"arena_id": "default", "robot_id": "202601002029", "request_id": "346de6123b74411481540354782fae62", "position": {"x": 48.76902010260948, "y": 97.94139540708329}, "channel": 15}, "attempt": 1}
2026-09-12 21:00:52,538 INFO response {"request_id": "346de6123b74411481540354782fae62", "http_status": 200, "body": {"accepted": true, "real_timestamp_ms": 1789218049366, "virtual_time_s": 430.328666, "measure_result": "no_signal"}}
2026-09-12 21:00:52,553 INFO request {"path": "/measure", "payload": {"arena_id": "default", "robot_id": "202601002029", "request_id": "82a0c444d9d64bd2a9da5769dcc9f15e", "position": {"x": 48.76902010260948, "y": 97.94139540708329}, "channel": 17}, "attempt": 1}
2026-09-12 21:00:52,568 INFO response {"request_id": "82a0c444d9d64bd2a9da5769dcc9f15e", "http_status": 200, "body": {"accepted": true, "real_timestamp_ms": 1789218049396, "virtual_time_s": 436.328666, "measure_result": "no_signal"}}
2026-09-12 21:00:52,584 INFO request {"path": "/measure", "payload": {"arena_id": "default", "robot_id": "202601002029", "request_id": "237f7bc4d9ab42a1a317fa3812484124", "position": {"x": 48.76902010260948, "y": 97.94139540708329}, "channel": 18}, "attempt": 1}
2026-09-12 21:00:52,597 INFO response {"request_id": "237f7bc4d9ab42a1a317fa3812484124", "http_status": 200, "body": {"accepted": true, "real_timestamp_ms": 1789218049425, "virtual_time_s": 442.328666, "measure_result": "no_signal"}}
2026-09-12 21:00:52,658 INFO request {"path": "/measure", "payload": {"arena_id": "default", "robot_id": "202601002029", "request_id": "f00bc5bfd3b545db8a7d21beb00a6c0f", "position": {"x": 48.76902010260948, "y": 97.94139540708329}, "channel": 16}, "attempt": 1}
2026-09-12 21:00:52,659 INFO response {"request_id": "f00bc5bfd3b545db8a7d21beb00a6c0f", "http_status": 200, "body": {"accepted": true, "real_timestamp_ms": 1789218049488, "virtual_time_s": 448.328666, "measure_result": "direction", "svd_deg": 351.89}}
2026-09-12 21:00:52,676 INFO request {"path": "/measure", "payload": {"arena_id": "default", "robot_id": "202601002029", "request_id": "0a48ee4550874794af1c9f29835c6f61", "position": {"x": 13.460325380528763, "y": 145.26004454186383}, "channel": 1}, "attempt": 1}
2026-09-12 21:00:52,695 INFO response {"request_id": "0a48ee4550874794af1c9f29835c6f61", "http_status": 200, "body": {"accepted": true, "real_timestamp_ms": 1789218049523, "virtual_time_s": 466.136728, "measure_result": "no_signal"}}
2026-09-12 21:00:52,711 INFO request {"path": "/measure", "payload": {"arena_id": "default", "robot_id": "202601002029", "request_id": "1a805aefb7e148adae4bbc6e585100d4", "position": {"x": 13.460325380528763, "y": 145.26004454186383}, "channel": 2}, "attempt": 1}
2026-09-12 21:00:52,714 INFO response {"request_id": "1a805aefb7e148adae4bbc6e585100d4", "http_status": 200, "body": {"accepted": true, "real_timestamp_ms": 1789218049541, "virtual_time_s": 472.136728, "measure_result": "no_signal"}}
2026-09-12 21:00:52,744 INFO request {"path": "/measure", "payload": {"arena_id": "default", "robot_id": "202601002029", "request_id": "c688e2df738b48a4be3430e8dc09ee5d", "position": {"x": 13.460325380528763, "y": 145.26004454186383}, "channel": 3}, "attempt": 1}
2026-09-12 21:00:52,746 INFO response {"request_id": "c688e2df738b48a4be3430e8dc09ee5d", "http_status": 200, "body": {"accepted": true, "real_timestamp_ms": 1789218049574, "virtual_time_s": 478.136728, "measure_result": "no_signal"}}
2026-09-12 21:00:52,777 INFO request {"path": "/measure", "payload": {"arena_id": "default", "robot_id": "202601002029", "request_id": "4d22ff7cf8dc4e639dbfbdbc585c0e18", "position": {"x": 13.460325380528763, "y": 145.26004454186383}, "channel": 5}, "attempt": 1}
2026-09-12 21:00:52,779 INFO response {"request_id": "4d22ff7cf8dc4e639dbfbdbc585c0e18", "http_status": 200, "body": {"accepted": true, "real_timestamp_ms": 1789218049607, "virtual_time_s": 484.136728, "measure_result": "no_signal"}}
2026-09-12 21:00:52,810 INFO request {"path": "/measure", "payload": {"arena_id": "default", "robot_id": "202601002029", "request_id": "e1a02cc022b341adb20983444e684c68", "position": {"x": 13.460325380528763, "y": 145.26004454186383}, "channel": 6}, "attempt": 1}
2026-09-12 21:00:52,823 INFO response {"request_id": "e1a02cc022b341adb20983444e684c68", "http_status": 200, "body": {"accepted": true, "real_timestamp_ms": 1789218049651, "virtual_time_s": 490.136728, "measure_result": "no_signal"}}
2026-09-12 21:00:52,838 INFO request {"path": "/measure", "payload": {"arena_id": "default", "robot_id": "202601002029", "request_id": "025e36c03d0e4030b00a3fd55bd4bc5a", "position": {"x": 13.460325380528763, "y": 145.26004454186383}, "channel": 7}, "attempt": 1}
2026-09-12 21:00:52,839 INFO response {"request_id": "025e36c03d0e4030b00a3fd55bd4bc5a", "http_status": 200, "body": {"accepted": true, "real_timestamp_ms": 1789218049668, "virtual_time_s": 496.136728, "measure_result": "no_signal"}}
2026-09-12 21:00:52,870 INFO request {"path": "/measure", "payload": {"arena_id": "default", "robot_id": "202601002029", "request_id": "ac64e3feb2f042c8a3f3c8f2a5d93973", "position": {"x": 13.460325380528763, "y": 145.26004454186383}, "channel": 8}, "attempt": 1}
2026-09-12 21:00:52,882 INFO response {"request_id": "ac64e3feb2f042c8a3f3c8f2a5d93973", "http_status": 200, "body": {"accepted": true, "real_timestamp_ms": 1789218049710, "virtual_time_s": 502.136728, "measure_result": "no_signal"}}
2026-09-12 21:00:52,897 INFO request {"path": "/measure", "payload": {"arena_id": "default", "robot_id": "202601002029", "request_id": "7afe43d7f3444b87ab712ef3e3570504", "position": {"x": 13.460325380528763, "y": 145.26004454186383}, "channel": 9}, "attempt": 1}
2026-09-12 21:00:52,898 INFO response {"request_id": "7afe43d7f3444b87ab712ef3e3570504", "http_status": 200, "body": {"accepted": true, "real_timestamp_ms": 1789218049726, "virtual_time_s": 508.136728, "measure_result": "no_signal"}}
2026-09-12 21:00:52,928 INFO request {"path": "/measure", "payload": {"arena_id": "default", "robot_id": "202601002029", "request_id": "55aabdb35c2843c5b3c90b1896de1818", "position": {"x": 13.460325380528763, "y": 145.26004454186383}, "channel": 10}, "attempt": 1}
2026-09-12 21:00:52,931 INFO response {"request_id": "55aabdb35c2843c5b3c90b1896de1818", "http_status": 200, "body": {"accepted": true, "real_timestamp_ms": 1789218049759, "virtual_time_s": 514.136728, "measure_result": "no_signal"}}
2026-09-12 21:00:52,962 INFO request {"path": "/measure", "payload": {"arena_id": "default", "robot_id": "202601002029", "request_id": "7d238df170054c4c861178c561189750", "position": {"x": 13.460325380528763, "y": 145.26004454186383}, "channel": 11}, "attempt": 1}
2026-09-12 21:00:52,965 INFO response {"request_id": "7d238df170054c4c861178c561189750", "http_status": 200, "body": {"accepted": true, "real_timestamp_ms": 1789218049792, "virtual_time_s": 520.136728, "measure_result": "no_signal"}}
2026-09-12 21:00:52,995 INFO request {"path": "/measure", "payload": {"arena_id": "default", "robot_id": "202601002029", "request_id": "bc1804f8bca2478e99f33f4e4f62417d", "position": {"x": 13.460325380528763, "y": 145.26004454186383}, "channel": 13}, "attempt": 1}
2026-09-12 21:00:53,011 INFO response {"request_id": "bc1804f8bca2478e99f33f4e4f62417d", "http_status": 200, "body": {"accepted": true, "real_timestamp_ms": 1789218049839, "virtual_time_s": 526.136728, "measure_result": "no_signal"}}
2026-09-12 21:00:53,026 INFO request {"path": "/measure", "payload": {"arena_id": "default", "robot_id": "202601002029", "request_id": "7a4b751ee2804ea68ecefdb510fe1a78", "position": {"x": 13.460325380528763, "y": 145.26004454186383}, "channel": 14}, "attempt": 1}
2026-09-12 21:00:53,029 INFO response {"request_id": "7a4b751ee2804ea68ecefdb510fe1a78", "http_status": 200, "body": {"accepted": true, "real_timestamp_ms": 1789218049857, "virtual_time_s": 532.136728, "measure_result": "no_signal"}}
2026-09-12 21:00:53,059 INFO request {"path": "/measure", "payload": {"arena_id": "default", "robot_id": "202601002029", "request_id": "1191a265fb7140a19c61a592bc2b2660", "position": {"x": 13.460325380528763, "y": 145.26004454186383}, "channel": 15}, "attempt": 1}
2026-09-12 21:00:53,062 INFO response {"request_id": "1191a265fb7140a19c61a592bc2b2660", "http_status": 200, "body": {"accepted": true, "real_timestamp_ms": 1789218049890, "virtual_time_s": 538.136728, "measure_result": "no_signal"}}
2026-09-12 21:00:53,093 INFO request {"path": "/measure", "payload": {"arena_id": "default", "robot_id": "202601002029", "request_id": "d060145737294c8fbb7e7284e0ca2c70", "position": {"x": 13.460325380528763, "y": 145.26004454186383}, "channel": 17}, "attempt": 1}
2026-09-12 21:00:53,107 INFO response {"request_id": "d060145737294c8fbb7e7284e0ca2c70", "http_status": 200, "body": {"accepted": true, "real_timestamp_ms": 1789218049935, "virtual_time_s": 544.136728, "measure_result": "direction", "svd_deg": 142.58}}
2026-09-12 21:00:53,127 INFO request {"path": "/measure", "payload": {"arena_id": "default", "robot_id": "202601002029", "request_id": "4c03a445da724d3baae5a1f418f8f0b8", "position": {"x": 13.460325380528763, "y": 145.26004454186383}, "channel": 18}, "attempt": 1}
2026-09-12 21:00:53,128 INFO response {"request_id": "4c03a445da724d3baae5a1f418f8f0b8", "http_status": 200, "body": {"accepted": true, "real_timestamp_ms": 1789218049957, "virtual_time_s": 550.136728, "measure_result": "no_signal"}}
2026-09-12 21:00:53,143 INFO request {"path": "/measure", "payload": {"arena_id": "default", "robot_id": "202601002029", "request_id": "2d648b747e234f129783dfbe3a699f20", "position": {"x": 13.460325380528763, "y": 145.26004454186383}, "channel": 20}, "attempt": 1}
2026-09-12 21:00:53,158 INFO response {"request_id": "2d648b747e234f129783dfbe3a699f20", "http_status": 200, "body": {"accepted": true, "real_timestamp_ms": 1789218049985, "virtual_time_s": 556.136728, "measure_result": "no_signal"}}
2026-09-12 21:00:53,249 INFO request {"path": "/measure", "payload": {"arena_id": "default", "robot_id": "202601002029", "request_id": "6ff199884e5c48e9aa81271a1b6f8c01", "position": {"x": 13.460325380528763, "y": 145.26004454186383}, "channel": 12}, "attempt": 1}
2026-09-12 21:00:53,266 INFO response {"request_id": "6ff199884e5c48e9aa81271a1b6f8c01", "http_status": 200, "body": {"accepted": true, "real_timestamp_ms": 1789218050095, "virtual_time_s": 562.136728, "measure_result": "direction", "svd_deg": 338.66}}
2026-09-12 21:00:53,284 INFO request {"path": "/measure", "payload": {"arena_id": "default", "robot_id": "202601002029", "request_id": "ae51983af73a4fc98979689370f9e81e", "position": {"x": 13.460325380528763, "y": 145.26004454186383}, "channel": 16}, "attempt": 1}
2026-09-12 21:00:53,285 INFO response {"request_id": "ae51983af73a4fc98979689370f9e81e", "http_status": 200, "body": {"accepted": true, "real_timestamp_ms": 1789218050114, "virtual_time_s": 568.136728, "measure_result": "direction", "svd_deg": 348.52}}
2026-09-12 21:00:53,306 INFO request {"path": "/measure", "payload": {"arena_id": "default", "robot_id": "202601002029", "request_id": "3639f31fddd3493999873fa178989eb6", "position": {"x": -49.90325113079158, "y": 175.39173493151407}, "channel": 1}, "attempt": 1}
2026-09-12 21:00:53,325 INFO response {"request_id": "3639f31fddd3493999873fa178989eb6", "http_status": 200, "body": {"accepted": true, "real_timestamp_ms": 1789218050154, "virtual_time_s": 588.169349, "measure_result": "no_signal"}}
2026-09-12 21:00:53,341 INFO request {"path": "/measure", "payload": {"arena_id": "default", "robot_id": "202601002029", "request_id": "d8ee2ab4da1d41d8bfbc31cadd23474e", "position": {"x": -49.90325113079158, "y": 175.39173493151407}, "channel": 2}, "attempt": 1}
2026-09-12 21:00:53,342 INFO response {"request_id": "d8ee2ab4da1d41d8bfbc31cadd23474e", "http_status": 200, "body": {"accepted": true, "real_timestamp_ms": 1789218050170, "virtual_time_s": 594.169349, "measure_result": "no_signal"}}
2026-09-12 21:00:53,373 INFO request {"path": "/measure", "payload": {"arena_id": "default", "robot_id": "202601002029", "request_id": "b1e6175a18994641aa9c54fcd06c46f8", "position": {"x": -49.90325113079158, "y": 175.39173493151407}, "channel": 3}, "attempt": 1}
2026-09-12 21:00:53,374 INFO response {"request_id": "b1e6175a18994641aa9c54fcd06c46f8", "http_status": 200, "body": {"accepted": true, "real_timestamp_ms": 1789218050202, "virtual_time_s": 600.169349, "measure_result": "no_signal"}}
2026-09-12 21:00:53,404 INFO request {"path": "/measure", "payload": {"arena_id": "default", "robot_id": "202601002029", "request_id": "efd0c2e21c2340d7a6eb0510646b459c", "position": {"x": -49.90325113079158, "y": 175.39173493151407}, "channel": 5}, "attempt": 1}
2026-09-12 21:00:53,424 INFO response {"request_id": "efd0c2e21c2340d7a6eb0510646b459c", "http_status": 200, "body": {"accepted": true, "real_timestamp_ms": 1789218050252, "virtual_time_s": 606.169349, "measure_result": "no_signal"}}
2026-09-12 21:00:53,439 INFO request {"path": "/measure", "payload": {"arena_id": "default", "robot_id": "202601002029", "request_id": "d6117fed891b471ca8d7d22a153947d7", "position": {"x": -49.90325113079158, "y": 175.39173493151407}, "channel": 6}, "attempt": 1}
2026-09-12 21:00:53,453 INFO response {"request_id": "d6117fed891b471ca8d7d22a153947d7", "http_status": 200, "body": {"accepted": true, "real_timestamp_ms": 1789218050281, "virtual_time_s": 612.169349, "measure_result": "direction", "svd_deg": 167.48}}
2026-09-12 21:00:53,471 INFO request {"path": "/measure", "payload": {"arena_id": "default", "robot_id": "202601002029", "request_id": "abb99f60c14d4dc2a5390ff9163b67a3", "position": {"x": -49.90325113079158, "y": 175.39173493151407}, "channel": 7}, "attempt": 1}
2026-09-12 21:00:53,492 INFO response {"request_id": "abb99f60c14d4dc2a5390ff9163b67a3", "http_status": 200, "body": {"accepted": true, "real_timestamp_ms": 1789218050320, "virtual_time_s": 618.169349, "measure_result": "no_signal"}}
2026-09-12 21:00:53,492 INFO request {"path": "/measure", "payload": {"arena_id": "default", "robot_id": "202601002029", "request_id": "10ce8f8689b54500b205dd6c215ac2f3", "position": {"x": -49.90325113079158, "y": 175.39173493151407}, "channel": 8}, "attempt": 1}
2026-09-12 21:00:53,511 INFO response {"request_id": "10ce8f8689b54500b205dd6c215ac2f3", "http_status": 200, "body": {"accepted": true, "real_timestamp_ms": 1789218050339, "virtual_time_s": 624.169349, "measure_result": "no_signal"}}
2026-09-12 21:00:53,525 INFO request {"path": "/measure", "payload": {"arena_id": "default", "robot_id": "202601002029", "request_id": "7aa552854f2745b8a91c226ce0e4f935", "position": {"x": -49.90325113079158, "y": 175.39173493151407}, "channel": 9}, "attempt": 1}
2026-09-12 21:00:53,526 INFO response {"request_id": "7aa552854f2745b8a91c226ce0e4f935", "http_status": 200, "body": {"accepted": true, "real_timestamp_ms": 1789218050355, "virtual_time_s": 630.169349, "measure_result": "no_signal"}}
2026-09-12 21:00:53,557 INFO request {"path": "/measure", "payload": {"arena_id": "default", "robot_id": "202601002029", "request_id": "4d8402ca05e34d8989d22d147de8715d", "position": {"x": -49.90325113079158, "y": 175.39173493151407}, "channel": 10}, "attempt": 1}
2026-09-12 21:00:53,568 INFO response {"request_id": "4d8402ca05e34d8989d22d147de8715d", "http_status": 200, "body": {"accepted": true, "real_timestamp_ms": 1789218050397, "virtual_time_s": 636.169349, "measure_result": "no_signal"}}
2026-09-12 21:00:53,585 INFO request {"path": "/measure", "payload": {"arena_id": "default", "robot_id": "202601002029", "request_id": "041b65ec2f05409ca9bbd801d4f369ac", "position": {"x": -49.90325113079158, "y": 175.39173493151407}, "channel": 11}, "attempt": 1}
2026-09-12 21:00:53,586 INFO response {"request_id": "041b65ec2f05409ca9bbd801d4f369ac", "http_status": 200, "body": {"accepted": true, "real_timestamp_ms": 1789218050415, "virtual_time_s": 642.169349, "measure_result": "no_signal"}}
2026-09-12 21:00:53,617 INFO request {"path": "/measure", "payload": {"arena_id": "default", "robot_id": "202601002029", "request_id": "437a8c1077ac446c85d0272d882a5e7d", "position": {"x": -49.90325113079158, "y": 175.39173493151407}, "channel": 13}, "attempt": 1}
2026-09-12 21:00:53,619 INFO response {"request_id": "437a8c1077ac446c85d0272d882a5e7d", "http_status": 200, "body": {"accepted": true, "real_timestamp_ms": 1789218050448, "virtual_time_s": 648.169349, "measure_result": "no_signal"}}
2026-09-12 21:00:53,650 INFO request {"path": "/measure", "payload": {"arena_id": "default", "robot_id": "202601002029", "request_id": "28ba92f9c3c44f0f8172168730a87f7d", "position": {"x": -49.90325113079158, "y": 175.39173493151407}, "channel": 14}, "attempt": 1}
2026-09-12 21:00:53,652 INFO response {"request_id": "28ba92f9c3c44f0f8172168730a87f7d", "http_status": 200, "body": {"accepted": true, "real_timestamp_ms": 1789218050480, "virtual_time_s": 654.169349, "measure_result": "no_signal"}}
2026-09-12 21:00:53,683 INFO request {"path": "/measure", "payload": {"arena_id": "default", "robot_id": "202601002029", "request_id": "3595cf7091a44d56a3a68026f4277516", "position": {"x": -49.90325113079158, "y": 175.39173493151407}, "channel": 15}, "attempt": 1}
2026-09-12 21:00:53,697 INFO response {"request_id": "3595cf7091a44d56a3a68026f4277516", "http_status": 200, "body": {"accepted": true, "real_timestamp_ms": 1789218050526, "virtual_time_s": 660.169349, "measure_result": "no_signal"}}
2026-09-12 21:00:53,713 INFO request {"path": "/measure", "payload": {"arena_id": "default", "robot_id": "202601002029", "request_id": "06bff0595cbf45698d7e86ffb9cdbfef", "position": {"x": -49.90325113079158, "y": 175.39173493151407}, "channel": 18}, "attempt": 1}
2026-09-12 21:00:53,728 INFO response {"request_id": "06bff0595cbf45698d7e86ffb9cdbfef", "http_status": 200, "body": {"accepted": true, "real_timestamp_ms": 1789218050556, "virtual_time_s": 666.169349, "measure_result": "no_signal"}}
2026-09-12 21:00:53,744 INFO request {"path": "/measure", "payload": {"arena_id": "default", "robot_id": "202601002029", "request_id": "8f2ebfbbd9fd4668b43fd5a936abebf4", "position": {"x": -49.90325113079158, "y": 175.39173493151407}, "channel": 20}, "attempt": 1}
2026-09-12 21:00:53,756 INFO response {"request_id": "8f2ebfbbd9fd4668b43fd5a936abebf4", "http_status": 200, "body": {"accepted": true, "real_timestamp_ms": 1789218050585, "virtual_time_s": 672.169349, "measure_result": "no_signal"}}
2026-09-12 21:00:53,878 INFO request {"path": "/measure", "payload": {"arena_id": "default", "robot_id": "202601002029", "request_id": "9734db369492495b82f60e43b7666fab", "position": {"x": -49.90325113079158, "y": 175.39173493151407}, "channel": 16}, "attempt": 1}
2026-09-12 21:00:53,893 INFO response {"request_id": "9734db369492495b82f60e43b7666fab", "http_status": 200, "body": {"accepted": true, "real_timestamp_ms": 1789218050722, "virtual_time_s": 678.169349, "measure_result": "direction", "svd_deg": 347.15}}
2026-09-12 21:00:53,904 INFO request {"path": "/measure", "payload": {"arena_id": "default", "robot_id": "202601002029", "request_id": "2d9c871cda4846ec80a8d0ee87aa3e2d", "position": {"x": -131.87063807828432, "y": 174.62494620485242}, "channel": 1}, "attempt": 1}
2026-09-12 21:00:53,906 INFO response {"request_id": "2d9c871cda4846ec80a8d0ee87aa3e2d", "http_status": 200, "body": {"accepted": true, "real_timestamp_ms": 1789218050734, "virtual_time_s": 700.563544, "measure_result": "no_signal"}}
2026-09-12 21:00:53,937 INFO request {"path": "/measure", "payload": {"arena_id": "default", "robot_id": "202601002029", "request_id": "2545c09a55ca423f84eeaf4503cfd8e4", "position": {"x": -131.87063807828432, "y": 174.62494620485242}, "channel": 2}, "attempt": 1}
2026-09-12 21:00:53,939 INFO response {"request_id": "2545c09a55ca423f84eeaf4503cfd8e4", "http_status": 200, "body": {"accepted": true, "real_timestamp_ms": 1789218050767, "virtual_time_s": 706.563544, "measure_result": "no_signal"}}
2026-09-12 21:00:53,971 INFO request {"path": "/measure", "payload": {"arena_id": "default", "robot_id": "202601002029", "request_id": "86ce819084bc463493c63f25884bd38a", "position": {"x": -131.87063807828432, "y": 174.62494620485242}, "channel": 3}, "attempt": 1}
2026-09-12 21:00:53,992 INFO response {"request_id": "86ce819084bc463493c63f25884bd38a", "http_status": 200, "body": {"accepted": true, "real_timestamp_ms": 1789218050820, "virtual_time_s": 712.563544, "measure_result": "no_signal"}}
2026-09-12 21:00:53,992 INFO request {"path": "/measure", "payload": {"arena_id": "default", "robot_id": "202601002029", "request_id": "65e6bf8f40c3425e9f1ac77c6edc2e7f", "position": {"x": -131.87063807828432, "y": 174.62494620485242}, "channel": 5}, "attempt": 1}
2026-09-12 21:00:54,011 INFO response {"request_id": "65e6bf8f40c3425e9f1ac77c6edc2e7f", "http_status": 200, "body": {"accepted": true, "real_timestamp_ms": 1789218050840, "virtual_time_s": 718.563544, "measure_result": "no_signal"}}
2026-09-12 21:00:54,026 INFO request {"path": "/measure", "payload": {"arena_id": "default", "robot_id": "202601002029", "request_id": "fee26c71f6034325b02a8e9057db38f3", "position": {"x": -131.87063807828432, "y": 174.62494620485242}, "channel": 7}, "attempt": 1}
2026-09-12 21:00:54,040 INFO response {"request_id": "fee26c71f6034325b02a8e9057db38f3", "http_status": 200, "body": {"accepted": true, "real_timestamp_ms": 1789218050869, "virtual_time_s": 724.563544, "measure_result": "no_signal"}}
2026-09-12 21:00:54,055 INFO request {"path": "/measure", "payload": {"arena_id": "default", "robot_id": "202601002029", "request_id": "ac771c9cbb36499786a3ccb3e0b3f2ca", "position": {"x": -131.87063807828432, "y": 174.62494620485242}, "channel": 8}, "attempt": 1}
2026-09-12 21:00:54,070 INFO response {"request_id": "ac771c9cbb36499786a3ccb3e0b3f2ca", "http_status": 200, "body": {"accepted": true, "real_timestamp_ms": 1789218050898, "virtual_time_s": 730.563544, "measure_result": "no_signal"}}
2026-09-12 21:00:54,086 INFO request {"path": "/measure", "payload": {"arena_id": "default", "robot_id": "202601002029", "request_id": "6188990b2d504969b977eac83cbe0509", "position": {"x": -131.87063807828432, "y": 174.62494620485242}, "channel": 9}, "attempt": 1}
2026-09-12 21:00:54,100 INFO response {"request_id": "6188990b2d504969b977eac83cbe0509", "http_status": 200, "body": {"accepted": true, "real_timestamp_ms": 1789218050928, "virtual_time_s": 736.563544, "measure_result": "no_signal"}}
2026-09-12 21:00:54,115 INFO request {"path": "/measure", "payload": {"arena_id": "default", "robot_id": "202601002029", "request_id": "4e20bb9e6517495387c7abb431ab332a", "position": {"x": -131.87063807828432, "y": 174.62494620485242}, "channel": 10}, "attempt": 1}
2026-09-12 21:00:54,116 INFO response {"request_id": "4e20bb9e6517495387c7abb431ab332a", "http_status": 200, "body": {"accepted": true, "real_timestamp_ms": 1789218050945, "virtual_time_s": 742.563544, "measure_result": "no_signal"}}
2026-09-12 21:00:54,146 INFO request {"path": "/measure", "payload": {"arena_id": "default", "robot_id": "202601002029", "request_id": "3d376854072247c1bdab93d9e2e1ac3e", "position": {"x": -131.87063807828432, "y": 174.62494620485242}, "channel": 11}, "attempt": 1}
2026-09-12 21:00:54,158 INFO response {"request_id": "3d376854072247c1bdab93d9e2e1ac3e", "http_status": 200, "body": {"accepted": true, "real_timestamp_ms": 1789218050986, "virtual_time_s": 748.563544, "measure_result": "no_signal"}}
2026-09-12 21:00:54,189 INFO request {"path": "/measure", "payload": {"arena_id": "default", "robot_id": "202601002029", "request_id": "19b9d21736b44a22a7907e0dc2743877", "position": {"x": -131.87063807828432, "y": 174.62494620485242}, "channel": 13}, "attempt": 1}
2026-09-12 21:00:54,192 INFO response {"request_id": "19b9d21736b44a22a7907e0dc2743877", "http_status": 200, "body": {"accepted": true, "real_timestamp_ms": 1789218051020, "virtual_time_s": 754.563544, "measure_result": "no_signal"}}
2026-09-12 21:00:54,208 INFO request {"path": "/measure", "payload": {"arena_id": "default", "robot_id": "202601002029", "request_id": "44ef279fcd1e40e3877dd698d472c5af", "position": {"x": -131.87063807828432, "y": 174.62494620485242}, "channel": 14}, "attempt": 1}
2026-09-12 21:00:54,210 INFO response {"request_id": "44ef279fcd1e40e3877dd698d472c5af", "http_status": 200, "body": {"accepted": true, "real_timestamp_ms": 1789218051038, "virtual_time_s": 760.563544, "measure_result": "no_signal"}}
2026-09-12 21:00:54,241 INFO request {"path": "/measure", "payload": {"arena_id": "default", "robot_id": "202601002029", "request_id": "350b562eadc34d6d967477e41a1fb9b7", "position": {"x": -131.87063807828432, "y": 174.62494620485242}, "channel": 15}, "attempt": 1}
2026-09-12 21:00:54,259 INFO response {"request_id": "350b562eadc34d6d967477e41a1fb9b7", "http_status": 200, "body": {"accepted": true, "real_timestamp_ms": 1789218051087, "virtual_time_s": 766.563544, "measure_result": "no_signal"}}
2026-09-12 21:00:54,274 INFO request {"path": "/measure", "payload": {"arena_id": "default", "robot_id": "202601002029", "request_id": "519b5f26a265411897974ff7e576637b", "position": {"x": -131.87063807828432, "y": 174.62494620485242}, "channel": 18}, "attempt": 1}
2026-09-12 21:00:54,288 INFO response {"request_id": "519b5f26a265411897974ff7e576637b", "http_status": 200, "body": {"accepted": true, "real_timestamp_ms": 1789218051116, "virtual_time_s": 772.563544, "measure_result": "no_signal"}}
2026-09-12 21:00:54,303 INFO request {"path": "/measure", "payload": {"arena_id": "default", "robot_id": "202601002029", "request_id": "936296213267459c9004a544fe9fa89c", "position": {"x": -131.87063807828432, "y": 174.62494620485242}, "channel": 20}, "attempt": 1}
2026-09-12 21:00:54,306 INFO response {"request_id": "936296213267459c9004a544fe9fa89c", "http_status": 200, "body": {"accepted": true, "real_timestamp_ms": 1789218051133, "virtual_time_s": 778.563544, "measure_result": "no_signal"}}
2026-09-12 21:00:54,448 INFO request {"path": "/measure", "payload": {"arena_id": "default", "robot_id": "202601002029", "request_id": "ab9e3fdbc9224dbcbb7f6d448ff8281a", "position": {"x": -217.0554334745015, "y": 134.3950345228073}, "channel": 20}, "attempt": 1}
2026-09-12 21:00:54,449 INFO response {"request_id": "ab9e3fdbc9224dbcbb7f6d448ff8281a", "http_status": 200, "body": {"accepted": true, "real_timestamp_ms": 1789218051278, "virtual_time_s": 802.404876, "measure_result": "no_signal"}}
2026-09-12 21:00:54,480 INFO request {"path": "/measure", "payload": {"arena_id": "default", "robot_id": "202601002029", "request_id": "981aa0bffe10484f84948bde6ceb1b76", "position": {"x": -217.0554334745015, "y": 134.3950345228073}, "channel": 1}, "attempt": 1}
2026-09-12 21:00:54,483 INFO response {"request_id": "981aa0bffe10484f84948bde6ceb1b76", "http_status": 200, "body": {"accepted": true, "real_timestamp_ms": 1789218051311, "virtual_time_s": 808.404876, "measure_result": "no_signal"}}
2026-09-12 21:00:54,514 INFO request {"path": "/measure", "payload": {"arena_id": "default", "robot_id": "202601002029", "request_id": "2c6d134142b8475e9e0bf76b541db258", "position": {"x": -217.0554334745015, "y": 134.3950345228073}, "channel": 2}, "attempt": 1}
2026-09-12 21:00:54,517 INFO response {"request_id": "2c6d134142b8475e9e0bf76b541db258", "http_status": 200, "body": {"accepted": true, "real_timestamp_ms": 1789218051345, "virtual_time_s": 814.404876, "measure_result": "no_signal"}}
2026-09-12 21:00:54,548 INFO request {"path": "/measure", "payload": {"arena_id": "default", "robot_id": "202601002029", "request_id": "041cdc0442b9463687b41c990d36d0a2", "position": {"x": -217.0554334745015, "y": 134.3950345228073}, "channel": 3}, "attempt": 1}
2026-09-12 21:00:54,565 INFO response {"request_id": "041cdc0442b9463687b41c990d36d0a2", "http_status": 200, "body": {"accepted": true, "real_timestamp_ms": 1789218051393, "virtual_time_s": 820.404876, "measure_result": "no_signal"}}
2026-09-12 21:00:54,580 INFO request {"path": "/measure", "payload": {"arena_id": "default", "robot_id": "202601002029", "request_id": "82f4d4dbf17d4bde85d8755837099b9e", "position": {"x": -217.0554334745015, "y": 134.3950345228073}, "channel": 5}, "attempt": 1}
2026-09-12 21:00:54,581 INFO response {"request_id": "82f4d4dbf17d4bde85d8755837099b9e", "http_status": 200, "body": {"accepted": true, "real_timestamp_ms": 1789218051410, "virtual_time_s": 826.404876, "measure_result": "no_signal"}}
2026-09-12 21:00:54,612 INFO request {"path": "/measure", "payload": {"arena_id": "default", "robot_id": "202601002029", "request_id": "17e34fd24a2b46f4a1dbba6eae410909", "position": {"x": -217.0554334745015, "y": 134.3950345228073}, "channel": 7}, "attempt": 1}
2026-09-12 21:00:54,624 INFO response {"request_id": "17e34fd24a2b46f4a1dbba6eae410909", "http_status": 200, "body": {"accepted": true, "real_timestamp_ms": 1789218051453, "virtual_time_s": 832.404876, "measure_result": "no_signal"}}
2026-09-12 21:00:54,639 INFO request {"path": "/measure", "payload": {"arena_id": "default", "robot_id": "202601002029", "request_id": "0c49d502dd1a4a7796a4b9d8e3d17a12", "position": {"x": -217.0554334745015, "y": 134.3950345228073}, "channel": 8}, "attempt": 1}
2026-09-12 21:00:54,654 INFO response {"request_id": "0c49d502dd1a4a7796a4b9d8e3d17a12", "http_status": 200, "body": {"accepted": true, "real_timestamp_ms": 1789218051482, "virtual_time_s": 838.404876, "measure_result": "no_signal"}}
2026-09-12 21:00:54,670 INFO request {"path": "/measure", "payload": {"arena_id": "default", "robot_id": "202601002029", "request_id": "3a03a09c3673463c8e00534a1a3e03a7", "position": {"x": -217.0554334745015, "y": 134.3950345228073}, "channel": 9}, "attempt": 1}
2026-09-12 21:00:54,672 INFO response {"request_id": "3a03a09c3673463c8e00534a1a3e03a7", "http_status": 200, "body": {"accepted": true, "real_timestamp_ms": 1789218051500, "virtual_time_s": 844.404876, "measure_result": "no_signal"}}
2026-09-12 21:00:54,702 INFO request {"path": "/measure", "payload": {"arena_id": "default", "robot_id": "202601002029", "request_id": "0e57b39198ae40a4903deb544116d4c2", "position": {"x": -217.0554334745015, "y": 134.3950345228073}, "channel": 10}, "attempt": 1}
2026-09-12 21:00:54,722 INFO response {"request_id": "0e57b39198ae40a4903deb544116d4c2", "http_status": 200, "body": {"accepted": true, "real_timestamp_ms": 1789218051551, "virtual_time_s": 850.404876, "measure_result": "no_signal"}}
2026-09-12 21:00:54,722 INFO request {"path": "/measure", "payload": {"arena_id": "default", "robot_id": "202601002029", "request_id": "2040e6b0cd0445ee901f206f390ad37a", "position": {"x": -217.0554334745015, "y": 134.3950345228073}, "channel": 11}, "attempt": 1}
2026-09-12 21:00:54,723 INFO response {"request_id": "2040e6b0cd0445ee901f206f390ad37a", "http_status": 200, "body": {"accepted": true, "real_timestamp_ms": 1789218051552, "virtual_time_s": 856.404876, "measure_result": "no_signal"}}
2026-09-12 21:00:54,754 INFO request {"path": "/measure", "payload": {"arena_id": "default", "robot_id": "202601002029", "request_id": "4499e08cded84326aa53925e1b0c0a34", "position": {"x": -217.0554334745015, "y": 134.3950345228073}, "channel": 13}, "attempt": 1}
2026-09-12 21:00:54,772 INFO response {"request_id": "4499e08cded84326aa53925e1b0c0a34", "http_status": 200, "body": {"accepted": true, "real_timestamp_ms": 1789218051600, "virtual_time_s": 862.404876, "measure_result": "no_signal"}}
2026-09-12 21:00:54,787 INFO request {"path": "/measure", "payload": {"arena_id": "default", "robot_id": "202601002029", "request_id": "44e39a1ef27948b9b2500fdbe40d882e", "position": {"x": -217.0554334745015, "y": 134.3950345228073}, "channel": 14}, "attempt": 1}
2026-09-12 21:00:54,788 INFO response {"request_id": "44e39a1ef27948b9b2500fdbe40d882e", "http_status": 200, "body": {"accepted": true, "real_timestamp_ms": 1789218051617, "virtual_time_s": 868.404876, "measure_result": "no_signal"}}
2026-09-12 21:00:54,818 INFO request {"path": "/measure", "payload": {"arena_id": "default", "robot_id": "202601002029", "request_id": "fea03bbdfdf74537a40018fb3dfa68e6", "position": {"x": -217.0554334745015, "y": 134.3950345228073}, "channel": 15}, "attempt": 1}
2026-09-12 21:00:54,840 INFO response {"request_id": "fea03bbdfdf74537a40018fb3dfa68e6", "http_status": 200, "body": {"accepted": true, "real_timestamp_ms": 1789218051668, "virtual_time_s": 874.404876, "measure_result": "no_signal"}}
2026-09-12 21:00:54,854 INFO request {"path": "/measure", "payload": {"arena_id": "default", "robot_id": "202601002029", "request_id": "26db7cb156684c13b84efdaf0754daec", "position": {"x": -217.0554334745015, "y": 134.3950345228073}, "channel": 18}, "attempt": 1}
2026-09-12 21:00:54,857 INFO response {"request_id": "26db7cb156684c13b84efdaf0754daec", "http_status": 200, "body": {"accepted": true, "real_timestamp_ms": 1789218051684, "virtual_time_s": 880.404876, "measure_result": "no_signal"}}
2026-09-12 21:00:55,007 INFO request {"path": "/measure", "payload": {"arena_id": "default", "robot_id": "202601002029", "request_id": "7590f7e90a31404489ed82cc666f3dc4", "position": {"x": -286.7968573195384, "y": 53.611624021775825}, "channel": 18}, "attempt": 1}
2026-09-12 21:00:55,008 INFO response {"request_id": "7590f7e90a31404489ed82cc666f3dc4", "http_status": 200, "body": {"accepted": true, "real_timestamp_ms": 1789218051837, "virtual_time_s": 906.749501, "measure_result": "no_signal"}}
2026-09-12 21:00:55,039 INFO request {"path": "/measure", "payload": {"arena_id": "default", "robot_id": "202601002029", "request_id": "1b17346c4b9f402d8a4e14e8bd394634", "position": {"x": -286.7968573195384, "y": 53.611624021775825}, "channel": 1}, "attempt": 1}
2026-09-12 21:00:55,057 INFO response {"request_id": "1b17346c4b9f402d8a4e14e8bd394634", "http_status": 200, "body": {"accepted": true, "real_timestamp_ms": 1789218051885, "virtual_time_s": 912.749501, "measure_result": "no_signal"}}
2026-09-12 21:00:55,072 INFO request {"path": "/measure", "payload": {"arena_id": "default", "robot_id": "202601002029", "request_id": "dff0675c910344edb2dbac6956815f2c", "position": {"x": -286.7968573195384, "y": 53.611624021775825}, "channel": 2}, "attempt": 1}
2026-09-12 21:00:55,073 INFO response {"request_id": "dff0675c910344edb2dbac6956815f2c", "http_status": 200, "body": {"accepted": true, "real_timestamp_ms": 1789218051902, "virtual_time_s": 918.749501, "measure_result": "no_signal"}}
2026-09-12 21:00:55,104 INFO request {"path": "/measure", "payload": {"arena_id": "default", "robot_id": "202601002029", "request_id": "82ea150400cb4b85adef8812a842d535", "position": {"x": -286.7968573195384, "y": 53.611624021775825}, "channel": 3}, "attempt": 1}
2026-09-12 21:00:55,116 INFO response {"request_id": "82ea150400cb4b85adef8812a842d535", "http_status": 200, "body": {"accepted": true, "real_timestamp_ms": 1789218051945, "virtual_time_s": 924.749501, "measure_result": "no_signal"}}
2026-09-12 21:00:55,131 INFO request {"path": "/measure", "payload": {"arena_id": "default", "robot_id": "202601002029", "request_id": "2892cbc2c95e45f5a38c06dd85bac94c", "position": {"x": -286.7968573195384, "y": 53.611624021775825}, "channel": 5}, "attempt": 1}
2026-09-12 21:00:55,145 INFO response {"request_id": "2892cbc2c95e45f5a38c06dd85bac94c", "http_status": 200, "body": {"accepted": true, "real_timestamp_ms": 1789218051974, "virtual_time_s": 930.749501, "measure_result": "no_signal"}}
2026-09-12 21:00:55,161 INFO request {"path": "/measure", "payload": {"arena_id": "default", "robot_id": "202601002029", "request_id": "93929d6ccb014f29ab96c050881df2c9", "position": {"x": -286.7968573195384, "y": 53.611624021775825}, "channel": 7}, "attempt": 1}
2026-09-12 21:00:55,175 INFO response {"request_id": "93929d6ccb014f29ab96c050881df2c9", "http_status": 200, "body": {"accepted": true, "real_timestamp_ms": 1789218052003, "virtual_time_s": 936.749501, "measure_result": "no_signal"}}
2026-09-12 21:00:55,206 INFO request {"path": "/measure", "payload": {"arena_id": "default", "robot_id": "202601002029", "request_id": "ea7ef330192241dcbc2bcc5f4a65f951", "position": {"x": -286.7968573195384, "y": 53.611624021775825}, "channel": 8}, "attempt": 1}
2026-09-12 21:00:55,207 INFO response {"request_id": "ea7ef330192241dcbc2bcc5f4a65f951", "http_status": 200, "body": {"accepted": true, "real_timestamp_ms": 1789218052036, "virtual_time_s": 942.749501, "measure_result": "no_signal"}}
2026-09-12 21:00:55,222 INFO request {"path": "/measure", "payload": {"arena_id": "default", "robot_id": "202601002029", "request_id": "284c8eb91ff443bb9256b467ba569268", "position": {"x": -286.7968573195384, "y": 53.611624021775825}, "channel": 9}, "attempt": 1}
2026-09-12 21:00:55,234 INFO response {"request_id": "284c8eb91ff443bb9256b467ba569268", "http_status": 200, "body": {"accepted": true, "real_timestamp_ms": 1789218052062, "virtual_time_s": 948.749501, "measure_result": "no_signal"}}
2026-09-12 21:00:55,264 INFO request {"path": "/measure", "payload": {"arena_id": "default", "robot_id": "202601002029", "request_id": "4dae794afaa14a3d84ccaeeedbf0d034", "position": {"x": -286.7968573195384, "y": 53.611624021775825}, "channel": 10}, "attempt": 1}
2026-09-12 21:00:55,282 INFO response {"request_id": "4dae794afaa14a3d84ccaeeedbf0d034", "http_status": 200, "body": {"accepted": true, "real_timestamp_ms": 1789218052111, "virtual_time_s": 954.749501, "measure_result": "no_signal"}}
2026-09-12 21:00:55,299 INFO request {"path": "/measure", "payload": {"arena_id": "default", "robot_id": "202601002029", "request_id": "ff57ea35070343dda7931e07b411657e", "position": {"x": -286.7968573195384, "y": 53.611624021775825}, "channel": 11}, "attempt": 1}
2026-09-12 21:00:55,300 INFO response {"request_id": "ff57ea35070343dda7931e07b411657e", "http_status": 200, "body": {"accepted": true, "real_timestamp_ms": 1789218052129, "virtual_time_s": 960.749501, "measure_result": "no_signal"}}
2026-09-12 21:00:55,315 INFO request {"path": "/measure", "payload": {"arena_id": "default", "robot_id": "202601002029", "request_id": "182b8e312ca9483f9248e52a62977032", "position": {"x": -286.7968573195384, "y": 53.611624021775825}, "channel": 13}, "attempt": 1}
2026-09-12 21:00:55,316 INFO response {"request_id": "182b8e312ca9483f9248e52a62977032", "http_status": 200, "body": {"accepted": true, "real_timestamp_ms": 1789218052144, "virtual_time_s": 966.749501, "measure_result": "no_signal"}}
2026-09-12 21:00:55,331 INFO request {"path": "/measure", "payload": {"arena_id": "default", "robot_id": "202601002029", "request_id": "f6c62720fcac43b0861677c69d7c88d7", "position": {"x": -286.7968573195384, "y": 53.611624021775825}, "channel": 14}, "attempt": 1}
2026-09-12 21:00:55,344 INFO response {"request_id": "f6c62720fcac43b0861677c69d7c88d7", "http_status": 200, "body": {"accepted": true, "real_timestamp_ms": 1789218052171, "virtual_time_s": 972.749501, "measure_result": "no_signal"}}
2026-09-12 21:00:55,375 INFO request {"path": "/measure", "payload": {"arena_id": "default", "robot_id": "202601002029", "request_id": "08a057ccd63e4031b3de9035bf06e41d", "position": {"x": -286.7968573195384, "y": 53.611624021775825}, "channel": 15}, "attempt": 1}
2026-09-12 21:00:55,394 INFO response {"request_id": "08a057ccd63e4031b3de9035bf06e41d", "http_status": 200, "body": {"accepted": true, "real_timestamp_ms": 1789218052222, "virtual_time_s": 978.749501, "measure_result": "no_signal"}}
2026-09-12 21:00:55,394 INFO request {"path": "/measure", "payload": {"arena_id": "default", "robot_id": "202601002029", "request_id": "49feaa5e19774bf1858a871944be7017", "position": {"x": -286.7968573195384, "y": 53.611624021775825}, "channel": 20}, "attempt": 1}
2026-09-12 21:00:55,396 INFO response {"request_id": "49feaa5e19774bf1858a871944be7017", "http_status": 200, "body": {"accepted": true, "real_timestamp_ms": 1789218052224, "virtual_time_s": 984.749501, "measure_result": "no_signal"}}
2026-09-12 21:00:55,511 INFO request {"path": "/measure", "payload": {"arena_id": "default", "robot_id": "202601002029", "request_id": "6ea8d285b85b4ae5998f32be221f96dc", "position": {"x": -286.7968573195384, "y": 53.611624021775825}, "channel": 17}, "attempt": 1}
2026-09-12 21:00:55,513 INFO response {"request_id": "6ea8d285b85b4ae5998f32be221f96dc", "http_status": 200, "body": {"accepted": true, "real_timestamp_ms": 1789218052342, "virtual_time_s": 990.749501, "measure_result": "direction", "svd_deg": 128.84}}
2026-09-12 21:00:55,547 INFO request {"path": "/measure", "payload": {"arena_id": "default", "robot_id": "202601002029", "request_id": "6c5daecbad3a41558d07fea43e5a7756", "position": {"x": -286.7968573195384, "y": 53.611624021775825}, "channel": 6}, "attempt": 1}
2026-09-12 21:00:55,549 INFO response {"request_id": "6c5daecbad3a41558d07fea43e5a7756", "http_status": 200, "body": {"accepted": true, "real_timestamp_ms": 1789218052377, "virtual_time_s": 996.749501, "measure_result": "direction", "svd_deg": 160.04}}
2026-09-12 21:00:55,569 INFO request {"path": "/measure", "payload": {"arena_id": "default", "robot_id": "202601002029", "request_id": "42c5594d28ce47b9b377d0616f6656d5", "position": {"x": -286.7968573195384, "y": 53.611624021775825}, "channel": 4}, "attempt": 1}
2026-09-12 21:00:55,571 INFO response {"request_id": "42c5594d28ce47b9b377d0616f6656d5", "http_status": 200, "body": {"accepted": true, "real_timestamp_ms": 1789218052399, "virtual_time_s": 1002.749501, "measure_result": "direction", "svd_deg": 281.81}}
2026-09-12 21:00:55,611 INFO request {"path": "/measure", "payload": {"arena_id": "default", "robot_id": "202601002029", "request_id": "4695590b5b994fa8bded68fa540baea6", "position": {"x": -286.7968573195384, "y": 53.611624021775825}, "channel": 19}, "attempt": 1}
2026-09-12 21:00:55,614 INFO response {"request_id": "4695590b5b994fa8bded68fa540baea6", "http_status": 200, "body": {"accepted": true, "real_timestamp_ms": 1789218052442, "virtual_time_s": 1008.749501, "measure_result": "direction", "svd_deg": 280.33}}
2026-09-12 21:00:55,638 INFO request {"path": "/measure", "payload": {"arena_id": "default", "robot_id": "202601002029", "request_id": "9854d59e6a13474f8e388b552a6b0b05", "position": {"x": -322.64646448448065, "y": -60.313077024497716}, "channel": 1}, "attempt": 1}
2026-09-12 21:00:55,641 INFO response {"request_id": "9854d59e6a13474f8e388b552a6b0b05", "http_status": 200, "body": {"accepted": true, "real_timestamp_ms": 1789218052469, "virtual_time_s": 1038.635925, "measure_result": "no_signal"}}
2026-09-12 21:00:55,672 INFO request {"path": "/measure", "payload": {"arena_id": "default", "robot_id": "202601002029", "request_id": "e4933f62dc5f4fe7be408f408a8d519c", "position": {"x": -322.64646448448065, "y": -60.313077024497716}, "channel": 2}, "attempt": 1}
2026-09-12 21:00:55,674 INFO response {"request_id": "e4933f62dc5f4fe7be408f408a8d519c", "http_status": 200, "body": {"accepted": true, "real_timestamp_ms": 1789218052502, "virtual_time_s": 1044.635925, "measure_result": "no_signal"}}
2026-09-12 21:00:55,705 INFO request {"path": "/measure", "payload": {"arena_id": "default", "robot_id": "202601002029", "request_id": "2bc9a3b61da744d48f493926abb40e68", "position": {"x": -322.64646448448065, "y": -60.313077024497716}, "channel": 3}, "attempt": 1}
2026-09-12 21:00:55,719 INFO response {"request_id": "2bc9a3b61da744d48f493926abb40e68", "http_status": 200, "body": {"accepted": true, "real_timestamp_ms": 1789218052548, "virtual_time_s": 1050.635925, "measure_result": "no_signal"}}
2026-09-12 21:00:55,735 INFO request {"path": "/measure", "payload": {"arena_id": "default", "robot_id": "202601002029", "request_id": "d182f9d7168345349a9db799f9fcb664", "position": {"x": -322.64646448448065, "y": -60.313077024497716}, "channel": 5}, "attempt": 1}
2026-09-12 21:00:55,737 INFO response {"request_id": "d182f9d7168345349a9db799f9fcb664", "http_status": 200, "body": {"accepted": true, "real_timestamp_ms": 1789218052565, "virtual_time_s": 1056.635925, "measure_result": "direction", "svd_deg": 210.41}}
2026-09-12 21:00:55,757 INFO request {"path": "/measure", "payload": {"arena_id": "default", "robot_id": "202601002029", "request_id": "48f0bddc0d534177829fb909d6f56128", "position": {"x": -322.64646448448065, "y": -60.313077024497716}, "channel": 7}, "attempt": 1}
2026-09-12 21:00:55,758 INFO response {"request_id": "48f0bddc0d534177829fb909d6f56128", "http_status": 200, "body": {"accepted": true, "real_timestamp_ms": 1789218052587, "virtual_time_s": 1062.635925, "measure_result": "no_signal"}}
2026-09-12 21:00:55,789 INFO request {"path": "/measure", "payload": {"arena_id": "default", "robot_id": "202601002029", "request_id": "bc2fc7b15a8f4a1d81eabf182695ad21", "position": {"x": -322.64646448448065, "y": -60.313077024497716}, "channel": 8}, "attempt": 1}
2026-09-12 21:00:55,807 INFO response {"request_id": "bc2fc7b15a8f4a1d81eabf182695ad21", "http_status": 200, "body": {"accepted": true, "real_timestamp_ms": 1789218052635, "virtual_time_s": 1068.635925, "measure_result": "no_signal"}}
2026-09-12 21:00:55,822 INFO request {"path": "/measure", "payload": {"arena_id": "default", "robot_id": "202601002029", "request_id": "179e152149784a4da81dac36090abe5e", "position": {"x": -322.64646448448065, "y": -60.313077024497716}, "channel": 9}, "attempt": 1}
2026-09-12 21:00:55,837 INFO response {"request_id": "179e152149784a4da81dac36090abe5e", "http_status": 200, "body": {"accepted": true, "real_timestamp_ms": 1789218052665, "virtual_time_s": 1074.635925, "measure_result": "no_signal"}}
2026-09-12 21:00:55,852 INFO request {"path": "/measure", "payload": {"arena_id": "default", "robot_id": "202601002029", "request_id": "3809e69e55b141fea0f5138140c23ddd", "position": {"x": -322.64646448448065, "y": -60.313077024497716}, "channel": 10}, "attempt": 1}
2026-09-12 21:00:55,866 INFO response {"request_id": "3809e69e55b141fea0f5138140c23ddd", "http_status": 200, "body": {"accepted": true, "real_timestamp_ms": 1789218052694, "virtual_time_s": 1080.635925, "measure_result": "no_signal"}}
2026-09-12 21:00:55,881 INFO request {"path": "/measure", "payload": {"arena_id": "default", "robot_id": "202601002029", "request_id": "c952ec404e3c49eca99d32cebc835511", "position": {"x": -322.64646448448065, "y": -60.313077024497716}, "channel": 11}, "attempt": 1}
2026-09-12 21:00:55,883 INFO response {"request_id": "c952ec404e3c49eca99d32cebc835511", "http_status": 200, "body": {"accepted": true, "real_timestamp_ms": 1789218052712, "virtual_time_s": 1086.635925, "measure_result": "no_signal"}}
2026-09-12 21:00:55,914 INFO request {"path": "/measure", "payload": {"arena_id": "default", "robot_id": "202601002029", "request_id": "7ddfc9b1c8cd4832b548542feb67f489", "position": {"x": -322.64646448448065, "y": -60.313077024497716}, "channel": 13}, "attempt": 1}
2026-09-12 21:00:55,934 INFO response {"request_id": "7ddfc9b1c8cd4832b548542feb67f489", "http_status": 200, "body": {"accepted": true, "real_timestamp_ms": 1789218052763, "virtual_time_s": 1092.635925, "measure_result": "no_signal"}}
2026-09-12 21:00:55,949 INFO request {"path": "/measure", "payload": {"arena_id": "default", "robot_id": "202601002029", "request_id": "55fb30c350f14857862333e4a8d271ac", "position": {"x": -322.64646448448065, "y": -60.313077024497716}, "channel": 14}, "attempt": 1}
2026-09-12 21:00:55,964 INFO response {"request_id": "55fb30c350f14857862333e4a8d271ac", "http_status": 200, "body": {"accepted": true, "real_timestamp_ms": 1789218052792, "virtual_time_s": 1098.635925, "measure_result": "no_signal"}}
2026-09-12 21:00:55,978 INFO request {"path": "/measure", "payload": {"arena_id": "default", "robot_id": "202601002029", "request_id": "e74afb582fb94a479a6cc437e8d5fab7", "position": {"x": -322.64646448448065, "y": -60.313077024497716}, "channel": 15}, "attempt": 1}
2026-09-12 21:00:55,993 INFO response {"request_id": "e74afb582fb94a479a6cc437e8d5fab7", "http_status": 200, "body": {"accepted": true, "real_timestamp_ms": 1789218052822, "virtual_time_s": 1104.635925, "measure_result": "direction", "svd_deg": 292.96}}
2026-09-12 21:00:56,010 INFO request {"path": "/measure", "payload": {"arena_id": "default", "robot_id": "202601002029", "request_id": "7b25fea9233640c799109d39099b8f89", "position": {"x": -322.64646448448065, "y": -60.313077024497716}, "channel": 18}, "attempt": 1}
2026-09-12 21:00:56,023 INFO response {"request_id": "7b25fea9233640c799109d39099b8f89", "http_status": 200, "body": {"accepted": true, "real_timestamp_ms": 1789218052852, "virtual_time_s": 1110.635925, "measure_result": "no_signal"}}
2026-09-12 21:00:56,041 INFO request {"path": "/measure", "payload": {"arena_id": "default", "robot_id": "202601002029", "request_id": "e5571a48132346ceb005b1314b7a9c0b", "position": {"x": -322.64646448448065, "y": -60.313077024497716}, "channel": 20}, "attempt": 1}
2026-09-12 21:00:56,062 INFO response {"request_id": "e5571a48132346ceb005b1314b7a9c0b", "http_status": 200, "body": {"accepted": true, "real_timestamp_ms": 1789218052890, "virtual_time_s": 1116.635925, "measure_result": "no_signal"}}
2026-09-12 21:00:56,221 INFO request {"path": "/measure", "payload": {"arena_id": "default", "robot_id": "202601002029", "request_id": "29d25a43c4c0406da5fbcab9ed2782fc", "position": {"x": -322.64646448448065, "y": -60.313077024497716}, "channel": 17}, "attempt": 1}
2026-09-12 21:00:56,239 INFO response {"request_id": "29d25a43c4c0406da5fbcab9ed2782fc", "http_status": 200, "body": {"accepted": true, "real_timestamp_ms": 1789218053068, "virtual_time_s": 1122.635925, "measure_result": "direction", "svd_deg": 123.75}}
2026-09-12 21:00:56,244 INFO request {"path": "/measure", "payload": {"arena_id": "default", "robot_id": "202601002029", "request_id": "b815dae372c540a6b239e5251058fa2b", "position": {"x": -310.07919067785923, "y": -191.9929064611533}, "channel": 1}, "attempt": 1}
2026-09-12 21:00:56,246 INFO response {"request_id": "b815dae372c540a6b239e5251058fa2b", "http_status": 200, "body": {"accepted": true, "real_timestamp_ms": 1789218053074, "virtual_time_s": 1155.091559, "measure_result": "no_signal"}}
2026-09-12 21:00:56,276 INFO request {"path": "/measure", "payload": {"arena_id": "default", "robot_id": "202601002029", "request_id": "66cd42c6226b4c418c0806b9879a96d8", "position": {"x": -310.07919067785923, "y": -191.9929064611533}, "channel": 2}, "attempt": 1}
2026-09-12 21:00:56,277 INFO response {"request_id": "66cd42c6226b4c418c0806b9879a96d8", "http_status": 200, "body": {"accepted": true, "real_timestamp_ms": 1789218053106, "virtual_time_s": 1161.091559, "measure_result": "no_signal"}}
2026-09-12 21:00:56,308 INFO request {"path": "/measure", "payload": {"arena_id": "default", "robot_id": "202601002029", "request_id": "97d9a4b683a54e03b0e56cd8bb0d053c", "position": {"x": -310.07919067785923, "y": -191.9929064611533}, "channel": 3}, "attempt": 1}
2026-09-12 21:00:56,309 INFO response {"request_id": "97d9a4b683a54e03b0e56cd8bb0d053c", "http_status": 200, "body": {"accepted": true, "real_timestamp_ms": 1789218053138, "virtual_time_s": 1167.091559, "measure_result": "no_signal"}}
2026-09-12 21:00:56,340 INFO request {"path": "/measure", "payload": {"arena_id": "default", "robot_id": "202601002029", "request_id": "7653c979c9934cd2855adc5e5f71c35d", "position": {"x": -310.07919067785923, "y": -191.9929064611533}, "channel": 7}, "attempt": 1}
2026-09-12 21:00:56,341 INFO response {"request_id": "7653c979c9934cd2855adc5e5f71c35d", "http_status": 200, "body": {"accepted": true, "real_timestamp_ms": 1789218053169, "virtual_time_s": 1173.091559, "measure_result": "no_signal"}}
2026-09-12 21:00:56,371 INFO request {"path": "/measure", "payload": {"arena_id": "default", "robot_id": "202601002029", "request_id": "5eac0f2fe3eb4854b2856d24640198c8", "position": {"x": -310.07919067785923, "y": -191.9929064611533}, "channel": 8}, "attempt": 1}
2026-09-12 21:00:56,387 INFO response {"request_id": "5eac0f2fe3eb4854b2856d24640198c8", "http_status": 200, "body": {"accepted": true, "real_timestamp_ms": 1789218053215, "virtual_time_s": 1179.091559, "measure_result": "no_signal"}}
2026-09-12 21:00:56,401 INFO request {"path": "/measure", "payload": {"arena_id": "default", "robot_id": "202601002029", "request_id": "aaf5a84eadf44fb6b58bf3f08217f354", "position": {"x": -310.07919067785923, "y": -191.9929064611533}, "channel": 9}, "attempt": 1}
2026-09-12 21:00:56,403 INFO response {"request_id": "aaf5a84eadf44fb6b58bf3f08217f354", "http_status": 200, "body": {"accepted": true, "real_timestamp_ms": 1789218053231, "virtual_time_s": 1185.091559, "measure_result": "no_signal"}}
2026-09-12 21:00:56,433 INFO request {"path": "/measure", "payload": {"arena_id": "default", "robot_id": "202601002029", "request_id": "cf0c17a931e34c0fa119dcbe737a32b3", "position": {"x": -310.07919067785923, "y": -191.9929064611533}, "channel": 10}, "attempt": 1}
2026-09-12 21:00:56,435 INFO response {"request_id": "cf0c17a931e34c0fa119dcbe737a32b3", "http_status": 200, "body": {"accepted": true, "real_timestamp_ms": 1789218053263, "virtual_time_s": 1191.091559, "measure_result": "direction", "svd_deg": 276.48}}
2026-09-12 21:00:56,467 INFO request {"path": "/measure", "payload": {"arena_id": "default", "robot_id": "202601002029", "request_id": "cf0ed4b450164bebac4a5f57da98c864", "position": {"x": -310.07919067785923, "y": -191.9929064611533}, "channel": 11}, "attempt": 1}
2026-09-12 21:00:56,484 INFO response {"request_id": "cf0ed4b450164bebac4a5f57da98c864", "http_status": 200, "body": {"accepted": true, "real_timestamp_ms": 1789218053312, "virtual_time_s": 1197.091559, "measure_result": "no_signal"}}
2026-09-12 21:00:56,500 INFO request {"path": "/measure", "payload": {"arena_id": "default", "robot_id": "202601002029", "request_id": "7c0df93fa65f4250a7ea9c3fd087fbab", "position": {"x": -310.07919067785923, "y": -191.9929064611533}, "channel": 13}, "attempt": 1}
2026-09-12 21:00:56,515 INFO response {"request_id": "7c0df93fa65f4250a7ea9c3fd087fbab", "http_status": 200, "body": {"accepted": true, "real_timestamp_ms": 1789218053343, "virtual_time_s": 1203.091559, "measure_result": "no_signal"}}
2026-09-12 21:00:56,530 INFO request {"path": "/measure", "payload": {"arena_id": "default", "robot_id": "202601002029", "request_id": "6b0bb5aaf29f472da6974a90d85e61bd", "position": {"x": -310.07919067785923, "y": -191.9929064611533}, "channel": 14}, "attempt": 1}
2026-09-12 21:00:56,531 INFO response {"request_id": "6b0bb5aaf29f472da6974a90d85e61bd", "http_status": 200, "body": {"accepted": true, "real_timestamp_ms": 1789218053360, "virtual_time_s": 1209.091559, "measure_result": "no_signal"}}
2026-09-12 21:00:56,563 INFO request {"path": "/measure", "payload": {"arena_id": "default", "robot_id": "202601002029", "request_id": "70909110ecec4990a50696e64e3e9a0e", "position": {"x": -310.07919067785923, "y": -191.9929064611533}, "channel": 18}, "attempt": 1}
2026-09-12 21:00:56,585 INFO response {"request_id": "70909110ecec4990a50696e64e3e9a0e", "http_status": 200, "body": {"accepted": true, "real_timestamp_ms": 1789218053413, "virtual_time_s": 1215.091559, "measure_result": "no_signal"}}
2026-09-12 21:00:56,586 INFO request {"path": "/measure", "payload": {"arena_id": "default", "robot_id": "202601002029", "request_id": "a992470392704e7d8a1b84a46cae9451", "position": {"x": -310.07919067785923, "y": -191.9929064611533}, "channel": 20}, "attempt": 1}
2026-09-12 21:00:56,605 INFO response {"request_id": "a992470392704e7d8a1b84a46cae9451", "http_status": 200, "body": {"accepted": true, "real_timestamp_ms": 1789218053433, "virtual_time_s": 1221.091559, "measure_result": "no_signal"}}
2026-09-12 21:00:56,866 INFO request {"path": "/measure", "payload": {"arena_id": "default", "robot_id": "202601002029", "request_id": "f2dad6c41cae4a28b40813b65a0a294a", "position": {"x": -310.07919067785923, "y": -191.9929064611533}, "channel": 5}, "attempt": 1}
2026-09-12 21:00:56,868 INFO response {"request_id": "f2dad6c41cae4a28b40813b65a0a294a", "http_status": 200, "body": {"accepted": true, "real_timestamp_ms": 1789218053696, "virtual_time_s": 1227.091559, "measure_result": "direction", "svd_deg": 204.03}}
2026-09-12 21:00:56,901 INFO request {"path": "/measure", "payload": {"arena_id": "default", "robot_id": "202601002029", "request_id": "e46bf67066ad4e1da8239525dc7b5378", "position": {"x": -310.07919067785923, "y": -191.9929064611533}, "channel": 6}, "attempt": 1}
2026-09-12 21:00:56,921 INFO response {"request_id": "e46bf67066ad4e1da8239525dc7b5378", "http_status": 200, "body": {"accepted": true, "real_timestamp_ms": 1789218053749, "virtual_time_s": 1233.091559, "measure_result": "direction", "svd_deg": 149.62}}
2026-09-12 21:00:56,931 INFO request {"path": "/measure", "payload": {"arena_id": "default", "robot_id": "202601002029", "request_id": "a84bea7c17b843deab69a087e73b0ac6", "position": {"x": -310.07919067785923, "y": -191.9929064611533}, "channel": 17}, "attempt": 1}
2026-09-12 21:00:56,933 INFO response {"request_id": "a84bea7c17b843deab69a087e73b0ac6", "http_status": 200, "body": {"accepted": true, "real_timestamp_ms": 1789218053761, "virtual_time_s": 1239.091559, "measure_result": "direction", "svd_deg": 120.67}}
2026-09-12 21:00:56,960 INFO request {"path": "/measure", "payload": {"arena_id": "default", "robot_id": "202601002029", "request_id": "6ed246aafd184586a462f36f9cd75e53", "position": {"x": -241.76283647685466, "y": -320.145734708896}, "channel": 1}, "attempt": 1}
2026-09-12 21:00:56,979 INFO response {"request_id": "6ed246aafd184586a462f36f9cd75e53", "http_status": 200, "body": {"accepted": true, "real_timestamp_ms": 1789218053807, "virtual_time_s": 1274.136539, "measure_result": "no_signal"}}
2026-09-12 21:00:56,995 INFO request {"path": "/measure", "payload": {"arena_id": "default", "robot_id": "202601002029", "request_id": "02edb852143148099a3d1b2e6eb4252d", "position": {"x": -241.76283647685466, "y": -320.145734708896}, "channel": 2}, "attempt": 1}
2026-09-12 21:00:56,997 INFO response {"request_id": "02edb852143148099a3d1b2e6eb4252d", "http_status": 200, "body": {"accepted": true, "real_timestamp_ms": 1789218053825, "virtual_time_s": 1280.136539, "measure_result": "no_signal"}}
2026-09-12 21:00:57,028 INFO request {"path": "/measure", "payload": {"arena_id": "default", "robot_id": "202601002029", "request_id": "e8ffcb1cba784f1aa9449a3c5454ff6e", "position": {"x": -241.76283647685466, "y": -320.145734708896}, "channel": 3}, "attempt": 1}
2026-09-12 21:00:57,030 INFO response {"request_id": "e8ffcb1cba784f1aa9449a3c5454ff6e", "http_status": 200, "body": {"accepted": true, "real_timestamp_ms": 1789218053858, "virtual_time_s": 1286.136539, "measure_result": "no_signal"}}
2026-09-12 21:00:57,060 INFO request {"path": "/measure", "payload": {"arena_id": "default", "robot_id": "202601002029", "request_id": "417dd3217dde4408814e9590697e8bcc", "position": {"x": -241.76283647685466, "y": -320.145734708896}, "channel": 7}, "attempt": 1}
2026-09-12 21:00:57,062 INFO response {"request_id": "417dd3217dde4408814e9590697e8bcc", "http_status": 200, "body": {"accepted": true, "real_timestamp_ms": 1789218053890, "virtual_time_s": 1292.136539, "measure_result": "no_signal"}}
2026-09-12 21:00:57,092 INFO request {"path": "/measure", "payload": {"arena_id": "default", "robot_id": "202601002029", "request_id": "1ac29541c8364f9caa5a10f4e8d57a9a", "position": {"x": -241.76283647685466, "y": -320.145734708896}, "channel": 8}, "attempt": 1}
2026-09-12 21:00:57,108 INFO response {"request_id": "1ac29541c8364f9caa5a10f4e8d57a9a", "http_status": 200, "body": {"accepted": true, "real_timestamp_ms": 1789218053937, "virtual_time_s": 1298.136539, "measure_result": "no_signal"}}
2026-09-12 21:00:57,124 INFO request {"path": "/measure", "payload": {"arena_id": "default", "robot_id": "202601002029", "request_id": "c3bd0a9afca447319fea4e988f75f413", "position": {"x": -241.76283647685466, "y": -320.145734708896}, "channel": 9}, "attempt": 1}
2026-09-12 21:00:57,138 INFO response {"request_id": "c3bd0a9afca447319fea4e988f75f413", "http_status": 200, "body": {"accepted": true, "real_timestamp_ms": 1789218053966, "virtual_time_s": 1304.136539, "measure_result": "no_signal"}}
2026-09-12 21:00:57,152 INFO request {"path": "/measure", "payload": {"arena_id": "default", "robot_id": "202601002029", "request_id": "377118864daa426cb2132a28e3b46194", "position": {"x": -241.76283647685466, "y": -320.145734708896}, "channel": 11}, "attempt": 1}
2026-09-12 21:00:57,167 INFO response {"request_id": "377118864daa426cb2132a28e3b46194", "http_status": 200, "body": {"accepted": true, "real_timestamp_ms": 1789218053996, "virtual_time_s": 1310.136539, "measure_result": "no_signal"}}
2026-09-12 21:00:57,182 INFO request {"path": "/measure", "payload": {"arena_id": "default", "robot_id": "202601002029", "request_id": "41fb4c47746e4976a6d61870944fd06a", "position": {"x": -241.76283647685466, "y": -320.145734708896}, "channel": 13}, "attempt": 1}
2026-09-12 21:00:57,197 INFO response {"request_id": "41fb4c47746e4976a6d61870944fd06a", "http_status": 200, "body": {"accepted": true, "real_timestamp_ms": 1789218054025, "virtual_time_s": 1316.136539, "measure_result": "no_signal"}}
2026-09-12 21:00:57,213 INFO request {"path": "/measure", "payload": {"arena_id": "default", "robot_id": "202601002029", "request_id": "9d202265fb814d0d9be0ee71e7d39d2c", "position": {"x": -241.76283647685466, "y": -320.145734708896}, "channel": 14}, "attempt": 1}
2026-09-12 21:00:57,226 INFO response {"request_id": "9d202265fb814d0d9be0ee71e7d39d2c", "http_status": 200, "body": {"accepted": true, "real_timestamp_ms": 1789218054055, "virtual_time_s": 1322.136539, "measure_result": "no_signal"}}
2026-09-12 21:00:57,242 INFO request {"path": "/measure", "payload": {"arena_id": "default", "robot_id": "202601002029", "request_id": "bc7ec1197d2b4e3b8e7e3dd55fcaf6c9", "position": {"x": -241.76283647685466, "y": -320.145734708896}, "channel": 18}, "attempt": 1}
2026-09-12 21:00:57,256 INFO response {"request_id": "bc7ec1197d2b4e3b8e7e3dd55fcaf6c9", "http_status": 200, "body": {"accepted": true, "real_timestamp_ms": 1789218054085, "virtual_time_s": 1328.136539, "measure_result": "no_signal"}}
2026-09-12 21:00:57,271 INFO request {"path": "/measure", "payload": {"arena_id": "default", "robot_id": "202601002029", "request_id": "7d25ace67a24436c8876007ec887d933", "position": {"x": -241.76283647685466, "y": -320.145734708896}, "channel": 20}, "attempt": 1}
2026-09-12 21:00:57,285 INFO response {"request_id": "7d25ace67a24436c8876007ec887d933", "http_status": 200, "body": {"accepted": true, "real_timestamp_ms": 1789218054114, "virtual_time_s": 1334.136539, "measure_result": "no_signal"}}
2026-09-12 21:00:57,502 INFO request {"path": "/measure", "payload": {"arena_id": "default", "robot_id": "202601002029", "request_id": "1c0a2794deb548998c1961abc50b6703", "position": {"x": -241.76283647685466, "y": -320.145734708896}, "channel": 5}, "attempt": 1}
2026-09-12 21:00:57,514 INFO response {"request_id": "1c0a2794deb548998c1961abc50b6703", "http_status": 200, "body": {"accepted": true, "real_timestamp_ms": 1789218054343, "virtual_time_s": 1340.136539, "measure_result": "direction", "svd_deg": 197.29}}
2026-09-12 21:00:57,519 INFO request {"path": "/measure", "payload": {"arena_id": "default", "robot_id": "202601002029", "request_id": "acced3099f5d45e4811f327a3cd64cce", "position": {"x": -241.76283647685466, "y": -320.145734708896}, "channel": 6}, "attempt": 1}
2026-09-12 21:00:57,520 INFO response {"request_id": "acced3099f5d45e4811f327a3cd64cce", "http_status": 200, "body": {"accepted": true, "real_timestamp_ms": 1789218054349, "virtual_time_s": 1346.136539, "measure_result": "no_signal"}}
2026-09-12 21:00:57,551 INFO request {"path": "/measure", "payload": {"arena_id": "default", "robot_id": "202601002029", "request_id": "45d50e7e71d744c3b1bb18dbd5816add", "position": {"x": -119.7678027138999, "y": -420.9401638356337}, "channel": 1}, "attempt": 1}
2026-09-12 21:00:57,552 INFO response {"request_id": "45d50e7e71d744c3b1bb18dbd5816add", "http_status": 200, "body": {"accepted": true, "real_timestamp_ms": 1789218054381, "virtual_time_s": 1383.78606, "measure_result": "no_signal"}}
2026-09-12 21:00:57,583 INFO request {"path": "/measure", "payload": {"arena_id": "default", "robot_id": "202601002029", "request_id": "50e2022180204418ac3b7789ee9fbac4", "position": {"x": -119.7678027138999, "y": -420.9401638356337}, "channel": 2}, "attempt": 1}
2026-09-12 21:00:57,603 INFO response {"request_id": "50e2022180204418ac3b7789ee9fbac4", "http_status": 200, "body": {"accepted": true, "real_timestamp_ms": 1789218054432, "virtual_time_s": 1389.78606, "measure_result": "no_signal"}}
2026-09-12 21:00:57,620 INFO request {"path": "/measure", "payload": {"arena_id": "default", "robot_id": "202601002029", "request_id": "bed03817ca76495abd3b63c6de9472be", "position": {"x": -119.7678027138999, "y": -420.9401638356337}, "channel": 3}, "attempt": 1}
2026-09-12 21:00:57,633 INFO response {"request_id": "bed03817ca76495abd3b63c6de9472be", "http_status": 200, "body": {"accepted": true, "real_timestamp_ms": 1789218054462, "virtual_time_s": 1395.78606, "measure_result": "no_signal"}}
2026-09-12 21:00:57,648 INFO request {"path": "/measure", "payload": {"arena_id": "default", "robot_id": "202601002029", "request_id": "fc60bd7f91ea4a86ba89e5dd658df510", "position": {"x": -119.7678027138999, "y": -420.9401638356337}, "channel": 7}, "attempt": 1}
2026-09-12 21:00:57,650 INFO response {"request_id": "fc60bd7f91ea4a86ba89e5dd658df510", "http_status": 200, "body": {"accepted": true, "real_timestamp_ms": 1789218054478, "virtual_time_s": 1401.78606, "measure_result": "no_signal"}}
2026-09-12 21:00:57,681 INFO request {"path": "/measure", "payload": {"arena_id": "default", "robot_id": "202601002029", "request_id": "9085c770290842cc9874fa3649f72092", "position": {"x": -119.7678027138999, "y": -420.9401638356337}, "channel": 8}, "attempt": 1}
2026-09-12 21:00:57,702 INFO response {"request_id": "9085c770290842cc9874fa3649f72092", "http_status": 200, "body": {"accepted": true, "real_timestamp_ms": 1789218054530, "virtual_time_s": 1407.78606, "measure_result": "no_signal"}}
2026-09-12 21:00:57,717 INFO request {"path": "/measure", "payload": {"arena_id": "default", "robot_id": "202601002029", "request_id": "33e6fc436b384b1a8ffb15fd195dc524", "position": {"x": -119.7678027138999, "y": -420.9401638356337}, "channel": 9}, "attempt": 1}
2026-09-12 21:00:57,719 INFO response {"request_id": "33e6fc436b384b1a8ffb15fd195dc524", "http_status": 200, "body": {"accepted": true, "real_timestamp_ms": 1789218054548, "virtual_time_s": 1413.78606, "measure_result": "no_signal"}}
2026-09-12 21:00:57,750 INFO request {"path": "/measure", "payload": {"arena_id": "default", "robot_id": "202601002029", "request_id": "4941e71bf1b24e72a98c4762e902995b", "position": {"x": -119.7678027138999, "y": -420.9401638356337}, "channel": 11}, "attempt": 1}
2026-09-12 21:00:57,754 INFO response {"request_id": "4941e71bf1b24e72a98c4762e902995b", "http_status": 200, "body": {"accepted": true, "real_timestamp_ms": 1789218054582, "virtual_time_s": 1419.78606, "measure_result": "no_signal"}}
2026-09-12 21:00:57,771 INFO request {"path": "/measure", "payload": {"arena_id": "default", "robot_id": "202601002029", "request_id": "a06104cfffd541a68602f1c003d5d474", "position": {"x": -119.7678027138999, "y": -420.9401638356337}, "channel": 13}, "attempt": 1}
2026-09-12 21:00:57,790 INFO response {"request_id": "a06104cfffd541a68602f1c003d5d474", "http_status": 200, "body": {"accepted": true, "real_timestamp_ms": 1789218054618, "virtual_time_s": 1425.78606, "measure_result": "no_signal"}}
2026-09-12 21:00:57,805 INFO request {"path": "/measure", "payload": {"arena_id": "default", "robot_id": "202601002029", "request_id": "8da3763ff3b54a259f1c30317e671575", "position": {"x": -119.7678027138999, "y": -420.9401638356337}, "channel": 14}, "attempt": 1}
2026-09-12 21:00:57,808 INFO response {"request_id": "8da3763ff3b54a259f1c30317e671575", "http_status": 200, "body": {"accepted": true, "real_timestamp_ms": 1789218054636, "virtual_time_s": 1431.78606, "measure_result": "direction", "svd_deg": 316.73}}
2026-09-12 21:00:57,844 INFO request {"path": "/measure", "payload": {"arena_id": "default", "robot_id": "202601002029", "request_id": "4e13ff538e1743fc929fbba3ae07a701", "position": {"x": -119.7678027138999, "y": -420.9401638356337}, "channel": 18}, "attempt": 1}
2026-09-12 21:00:57,846 INFO response {"request_id": "4e13ff538e1743fc929fbba3ae07a701", "http_status": 200, "body": {"accepted": true, "real_timestamp_ms": 1789218054675, "virtual_time_s": 1437.78606, "measure_result": "no_signal"}}
2026-09-12 21:00:57,862 INFO request {"path": "/measure", "payload": {"arena_id": "default", "robot_id": "202601002029", "request_id": "dda11fbcb2124250aead7321e094918e", "position": {"x": -119.7678027138999, "y": -420.9401638356337}, "channel": 20}, "attempt": 1}
2026-09-12 21:00:57,882 INFO response {"request_id": "dda11fbcb2124250aead7321e094918e", "http_status": 200, "body": {"accepted": true, "real_timestamp_ms": 1789218054710, "virtual_time_s": 1443.78606, "measure_result": "no_signal"}}
2026-09-12 21:00:58,006 INFO request {"path": "/measure", "payload": {"arena_id": "default", "robot_id": "202601002029", "request_id": "92c683fdabb84426badc5512a05df503", "position": {"x": -119.7678027138999, "y": -420.9401638356337}, "channel": 10}, "attempt": 1}
2026-09-12 21:00:58,019 INFO response {"request_id": "92c683fdabb84426badc5512a05df503", "http_status": 200, "body": {"accepted": true, "real_timestamp_ms": 1789218054848, "virtual_time_s": 1449.78606, "measure_result": "direction", "svd_deg": 266.51}}
2026-09-12 21:00:58,038 INFO request {"path": "/measure", "payload": {"arena_id": "default", "robot_id": "202601002029", "request_id": "3a9b11d7fca348af97cc37023c4dad5e", "position": {"x": -119.7678027138999, "y": -420.9401638356337}, "channel": 16}, "attempt": 1}
2026-09-12 21:00:58,039 INFO response {"request_id": "3a9b11d7fca348af97cc37023c4dad5e", "http_status": 200, "body": {"accepted": true, "real_timestamp_ms": 1789218054867, "virtual_time_s": 1455.78606, "measure_result": "direction", "svd_deg": 28.88}}
2026-09-12 21:00:58,078 INFO request {"path": "/measure", "payload": {"arena_id": "default", "robot_id": "202601002029", "request_id": "c5cb763406424db19edb8628a2434fb6", "position": {"x": -119.7678027138999, "y": -420.9401638356337}, "channel": 5}, "attempt": 1}
2026-09-12 21:00:58,100 INFO response {"request_id": "c5cb763406424db19edb8628a2434fb6", "http_status": 200, "body": {"accepted": true, "real_timestamp_ms": 1789218054927, "virtual_time_s": 1461.78606, "measure_result": "direction", "svd_deg": 191.72}}
2026-09-12 21:00:58,112 INFO request {"path": "/measure", "payload": {"arena_id": "default", "robot_id": "202601002029", "request_id": "63b2fa4640e24c5fa28187d6b38ccead", "position": {"x": 43.74605748671826, "y": -472.0951447610575}, "channel": 1}, "attempt": 1}
2026-09-12 21:00:58,128 INFO response {"request_id": "63b2fa4640e24c5fa28187d6b38ccead", "http_status": 200, "body": {"accepted": true, "real_timestamp_ms": 1789218054956, "virtual_time_s": 1502.051853, "measure_result": "no_signal"}}
2026-09-12 21:00:58,128 INFO request {"path": "/measure", "payload": {"arena_id": "default", "robot_id": "202601002029", "request_id": "c2d23d4fd4274dc8ae3714a2364eabc7", "position": {"x": 43.74605748671826, "y": -472.0951447610575}, "channel": 2}, "attempt": 1}
2026-09-12 21:00:58,148 INFO response {"request_id": "c2d23d4fd4274dc8ae3714a2364eabc7", "http_status": 200, "body": {"accepted": true, "real_timestamp_ms": 1789218054976, "virtual_time_s": 1508.051853, "measure_result": "no_signal"}}
2026-09-12 21:00:58,164 INFO request {"path": "/measure", "payload": {"arena_id": "default", "robot_id": "202601002029", "request_id": "0526b3531b5442b5b10af632725bf1c6", "position": {"x": 43.74605748671826, "y": -472.0951447610575}, "channel": 3}, "attempt": 1}
2026-09-12 21:00:58,178 INFO response {"request_id": "0526b3531b5442b5b10af632725bf1c6", "http_status": 200, "body": {"accepted": true, "real_timestamp_ms": 1789218055006, "virtual_time_s": 1514.051853, "measure_result": "no_signal"}}
2026-09-12 21:00:58,193 INFO request {"path": "/measure", "payload": {"arena_id": "default", "robot_id": "202601002029", "request_id": "2b0ea2c095294e218f09ac26b1633c53", "position": {"x": 43.74605748671826, "y": -472.0951447610575}, "channel": 7}, "attempt": 1}
2026-09-12 21:00:58,207 INFO response {"request_id": "2b0ea2c095294e218f09ac26b1633c53", "http_status": 200, "body": {"accepted": true, "real_timestamp_ms": 1789218055036, "virtual_time_s": 1520.051853, "measure_result": "no_signal"}}
2026-09-12 21:00:58,222 INFO request {"path": "/measure", "payload": {"arena_id": "default", "robot_id": "202601002029", "request_id": "a573a495bec54f4c948363390d407591", "position": {"x": 43.74605748671826, "y": -472.0951447610575}, "channel": 8}, "attempt": 1}
2026-09-12 21:00:58,237 INFO response {"request_id": "a573a495bec54f4c948363390d407591", "http_status": 200, "body": {"accepted": true, "real_timestamp_ms": 1789218055065, "virtual_time_s": 1526.051853, "measure_result": "no_signal"}}
2026-09-12 21:00:58,268 INFO request {"path": "/measure", "payload": {"arena_id": "default", "robot_id": "202601002029", "request_id": "2c20bb5766924663ad71af18e82484a2", "position": {"x": 43.74605748671826, "y": -472.0951447610575}, "channel": 9}, "attempt": 1}
2026-09-12 21:00:58,287 INFO response {"request_id": "2c20bb5766924663ad71af18e82484a2", "http_status": 200, "body": {"accepted": true, "real_timestamp_ms": 1789218055115, "virtual_time_s": 1532.051853, "measure_result": "no_signal"}}
2026-09-12 21:00:58,287 INFO request {"path": "/measure", "payload": {"arena_id": "default", "robot_id": "202601002029", "request_id": "d084e717656c4995ac07c19ae75ca8da", "position": {"x": 43.74605748671826, "y": -472.0951447610575}, "channel": 11}, "attempt": 1}
2026-09-12 21:00:58,288 INFO response {"request_id": "d084e717656c4995ac07c19ae75ca8da", "http_status": 200, "body": {"accepted": true, "real_timestamp_ms": 1789218055117, "virtual_time_s": 1538.051853, "measure_result": "no_signal"}}
2026-09-12 21:00:58,319 INFO request {"path": "/measure", "payload": {"arena_id": "default", "robot_id": "202601002029", "request_id": "22a4f55672f14e85899489de19618c84", "position": {"x": 43.74605748671826, "y": -472.0951447610575}, "channel": 13}, "attempt": 1}
2026-09-12 21:00:58,336 INFO response {"request_id": "22a4f55672f14e85899489de19618c84", "http_status": 200, "body": {"accepted": true, "real_timestamp_ms": 1789218055164, "virtual_time_s": 1544.051853, "measure_result": "no_signal"}}
2026-09-12 21:00:58,351 INFO request {"path": "/measure", "payload": {"arena_id": "default", "robot_id": "202601002029", "request_id": "2651021319bd4c629efed15a54b2203f", "position": {"x": 43.74605748671826, "y": -472.0951447610575}, "channel": 18}, "attempt": 1}
2026-09-12 21:00:58,354 INFO response {"request_id": "2651021319bd4c629efed15a54b2203f", "http_status": 200, "body": {"accepted": true, "real_timestamp_ms": 1789218055181, "virtual_time_s": 1550.051853, "measure_result": "no_signal"}}
2026-09-12 21:00:58,385 INFO request {"path": "/measure", "payload": {"arena_id": "default", "robot_id": "202601002029", "request_id": "0682219014ec4c7d93866b90eaafeeab", "position": {"x": 43.74605748671826, "y": -472.0951447610575}, "channel": 20}, "attempt": 1}
2026-09-12 21:00:58,387 INFO response {"request_id": "0682219014ec4c7d93866b90eaafeeab", "http_status": 200, "body": {"accepted": true, "real_timestamp_ms": 1789218055215, "virtual_time_s": 1556.051853, "measure_result": "no_signal"}}
2026-09-12 21:00:58,580 INFO request {"path": "/measure", "payload": {"arena_id": "default", "robot_id": "202601002029", "request_id": "8fee9bb1d6d145669b4417b42e24a339", "position": {"x": 43.74605748671826, "y": -472.0951447610575}, "channel": 15}, "attempt": 1}
2026-09-12 21:00:58,593 INFO response {"request_id": "8fee9bb1d6d145669b4417b42e24a339", "http_status": 200, "body": {"accepted": true, "real_timestamp_ms": 1789218055421, "virtual_time_s": 1562.051853, "measure_result": "no_signal"}}
2026-09-12 21:00:58,607 INFO request {"path": "/measure", "payload": {"arena_id": "default", "robot_id": "202601002029", "request_id": "83e48b11036645bfb255025e6f1500cd", "position": {"x": 43.74605748671826, "y": -472.0951447610575}, "channel": 10}, "attempt": 1}
2026-09-12 21:00:58,623 INFO response {"request_id": "83e48b11036645bfb255025e6f1500cd", "http_status": 200, "body": {"accepted": true, "real_timestamp_ms": 1789218055452, "virtual_time_s": 1568.051853, "measure_result": "direction", "svd_deg": 255.05}}
2026-09-12 21:00:58,629 INFO request {"path": "/measure", "payload": {"arena_id": "default", "robot_id": "202601002029", "request_id": "e9b127a12a5b47e987b32881f86ecbed", "position": {"x": 43.74605748671826, "y": -472.0951447610575}, "channel": 19}, "attempt": 1}
2026-09-12 21:00:58,631 INFO response {"request_id": "e9b127a12a5b47e987b32881f86ecbed", "http_status": 200, "body": {"accepted": true, "real_timestamp_ms": 1789218055460, "virtual_time_s": 1574.051853, "measure_result": "direction", "svd_deg": 250.4}}
2026-09-12 21:00:58,671 INFO request {"path": "/measure", "payload": {"arena_id": "default", "robot_id": "202601002029", "request_id": "964f8d972b0c41128cdfce3d5b04383c", "position": {"x": 43.74605748671826, "y": -472.0951447610575}, "channel": 4}, "attempt": 1}
2026-09-12 21:00:58,683 INFO response {"request_id": "964f8d972b0c41128cdfce3d5b04383c", "http_status": 200, "body": {"accepted": true, "real_timestamp_ms": 1789218055511, "virtual_time_s": 1580.051853, "measure_result": "direction", "svd_deg": 244.71}}
2026-09-12 21:00:58,701 INFO request {"path": "/measure", "payload": {"arena_id": "default", "robot_id": "202601002029", "request_id": "c536ad89701c45b7bb5b25b45a5748ef", "position": {"x": 227.5887604788444, "y": -457.05984523305534}, "channel": 1}, "attempt": 1}
2026-09-12 21:00:58,702 INFO response {"request_id": "c536ad89701c45b7bb5b25b45a5748ef", "http_status": 200, "body": {"accepted": true, "real_timestamp_ms": 1789218055531, "virtual_time_s": 1622.943153, "measure_result": "no_signal"}}
2026-09-12 21:00:58,733 INFO request {"path": "/measure", "payload": {"arena_id": "default", "robot_id": "202601002029", "request_id": "6d48f351462446a0b8058d742674e3ef", "position": {"x": 227.5887604788444, "y": -457.05984523305534}, "channel": 2}, "attempt": 1}
2026-09-12 21:00:58,734 INFO response {"request_id": "6d48f351462446a0b8058d742674e3ef", "http_status": 200, "body": {"accepted": true, "real_timestamp_ms": 1789218055563, "virtual_time_s": 1628.943153, "measure_result": "no_signal"}}
2026-09-12 21:00:58,765 INFO request {"path": "/measure", "payload": {"arena_id": "default", "robot_id": "202601002029", "request_id": "e60ca619df884f7aa87aaa28e54a53f8", "position": {"x": 227.5887604788444, "y": -457.05984523305534}, "channel": 3}, "attempt": 1}
2026-09-12 21:00:58,768 INFO response {"request_id": "e60ca619df884f7aa87aaa28e54a53f8", "http_status": 200, "body": {"accepted": true, "real_timestamp_ms": 1789218055595, "virtual_time_s": 1634.943153, "measure_result": "no_signal"}}
2026-09-12 21:00:58,799 INFO request {"path": "/measure", "payload": {"arena_id": "default", "robot_id": "202601002029", "request_id": "77ef280038f740f7bc7783d2b85ae3ba", "position": {"x": 227.5887604788444, "y": -457.05984523305534}, "channel": 7}, "attempt": 1}
2026-09-12 21:00:58,801 INFO response {"request_id": "77ef280038f740f7bc7783d2b85ae3ba", "http_status": 200, "body": {"accepted": true, "real_timestamp_ms": 1789218055630, "virtual_time_s": 1640.943153, "measure_result": "no_signal"}}
2026-09-12 21:00:58,816 INFO request {"path": "/measure", "payload": {"arena_id": "default", "robot_id": "202601002029", "request_id": "6be816fc5c1e426094a188a6e4ac25d6", "position": {"x": 227.5887604788444, "y": -457.05984523305534}, "channel": 8}, "attempt": 1}
2026-09-12 21:00:58,829 INFO response {"request_id": "6be816fc5c1e426094a188a6e4ac25d6", "http_status": 200, "body": {"accepted": true, "real_timestamp_ms": 1789218055658, "virtual_time_s": 1646.943153, "measure_result": "no_signal"}}
2026-09-12 21:00:58,860 INFO request {"path": "/measure", "payload": {"arena_id": "default", "robot_id": "202601002029", "request_id": "a44dbf83d5e3477ea779dbff6c28b1ea", "position": {"x": 227.5887604788444, "y": -457.05984523305534}, "channel": 9}, "attempt": 1}
2026-09-12 21:00:58,879 INFO response {"request_id": "a44dbf83d5e3477ea779dbff6c28b1ea", "http_status": 200, "body": {"accepted": true, "real_timestamp_ms": 1789218055707, "virtual_time_s": 1652.943153, "measure_result": "direction", "svd_deg": 306.43}}
2026-09-12 21:00:58,884 INFO request {"path": "/measure", "payload": {"arena_id": "default", "robot_id": "202601002029", "request_id": "3a755888abc7454f8bda3b59fd3c4342", "position": {"x": 227.5887604788444, "y": -457.05984523305534}, "channel": 11}, "attempt": 1}
2026-09-12 21:00:58,899 INFO response {"request_id": "3a755888abc7454f8bda3b59fd3c4342", "http_status": 200, "body": {"accepted": true, "real_timestamp_ms": 1789218055727, "virtual_time_s": 1658.943153, "measure_result": "no_signal"}}
2026-09-12 21:00:58,915 INFO request {"path": "/measure", "payload": {"arena_id": "default", "robot_id": "202601002029", "request_id": "97ccde62eba74c12926c59320b418a52", "position": {"x": 227.5887604788444, "y": -457.05984523305534}, "channel": 13}, "attempt": 1}
2026-09-12 21:00:58,917 INFO response {"request_id": "97ccde62eba74c12926c59320b418a52", "http_status": 200, "body": {"accepted": true, "real_timestamp_ms": 1789218055745, "virtual_time_s": 1664.943153, "measure_result": "no_signal"}}
2026-09-12 21:00:58,947 INFO request {"path": "/measure", "payload": {"arena_id": "default", "robot_id": "202601002029", "request_id": "cf97894077334b4ba3bec1f7daca5e05", "position": {"x": 227.5887604788444, "y": -457.05984523305534}, "channel": 18}, "attempt": 1}
2026-09-12 21:00:58,968 INFO response {"request_id": "cf97894077334b4ba3bec1f7daca5e05", "http_status": 200, "body": {"accepted": true, "real_timestamp_ms": 1789218055796, "virtual_time_s": 1670.943153, "measure_result": "no_signal"}}
2026-09-12 21:00:58,982 INFO request {"path": "/measure", "payload": {"arena_id": "default", "robot_id": "202601002029", "request_id": "215b30b521de42f4aafa644cd48a6693", "position": {"x": 227.5887604788444, "y": -457.05984523305534}, "channel": 20}, "attempt": 1}
2026-09-12 21:00:58,997 INFO response {"request_id": "215b30b521de42f4aafa644cd48a6693", "http_status": 200, "body": {"accepted": true, "real_timestamp_ms": 1789218055825, "virtual_time_s": 1676.943153, "measure_result": "no_signal"}}
2026-09-12 21:00:59,178 INFO request {"path": "/measure", "payload": {"arena_id": "default", "robot_id": "202601002029", "request_id": "8a2476e4b77a477ea855edfd1b521558", "position": {"x": 227.5887604788444, "y": -457.05984523305534}, "channel": 14}, "attempt": 1}
2026-09-12 21:00:59,194 INFO response {"request_id": "8a2476e4b77a477ea855edfd1b521558", "http_status": 200, "body": {"accepted": true, "real_timestamp_ms": 1789218056023, "virtual_time_s": 1682.943153, "measure_result": "direction", "svd_deg": 305.17}}
2026-09-12 21:00:59,214 INFO request {"path": "/measure", "payload": {"arena_id": "default", "robot_id": "202601002029", "request_id": "c2e4506a7f124406abb8d60814a97ab2", "position": {"x": 227.5887604788444, "y": -457.05984523305534}, "channel": 15}, "attempt": 1}
2026-09-12 21:00:59,236 INFO response {"request_id": "c2e4506a7f124406abb8d60814a97ab2", "http_status": 200, "body": {"accepted": true, "real_timestamp_ms": 1789218056064, "virtual_time_s": 1688.943153, "measure_result": "no_signal"}}
2026-09-12 21:00:59,252 INFO request {"path": "/measure", "payload": {"arena_id": "default", "robot_id": "202601002029", "request_id": "99c9571f0862406a995acf178f02d848", "position": {"x": 227.5887604788444, "y": -457.05984523305534}, "channel": 10}, "attempt": 1}
2026-09-12 21:00:59,254 INFO response {"request_id": "99c9571f0862406a995acf178f02d848", "http_status": 200, "body": {"accepted": true, "real_timestamp_ms": 1789218056082, "virtual_time_s": 1694.943153, "measure_result": "direction", "svd_deg": 243.65}}
2026-09-12 21:00:59,281 INFO request {"path": "/measure", "payload": {"arena_id": "default", "robot_id": "202601002029", "request_id": "f0209357691e478297395d1d5f193204", "position": {"x": 227.5887604788444, "y": -457.05984523305534}, "channel": 19}, "attempt": 1}
2026-09-12 21:00:59,294 INFO response {"request_id": "f0209357691e478297395d1d5f193204", "http_status": 200, "body": {"accepted": true, "real_timestamp_ms": 1789218056122, "virtual_time_s": 1700.943153, "measure_result": "direction", "svd_deg": 233.24}}
2026-09-12 21:00:59,315 INFO request {"path": "/measure", "payload": {"arena_id": "default", "robot_id": "202601002029", "request_id": "5753caa14b664dfc8a62c5f1fb2e0477", "position": {"x": 227.5887604788444, "y": -457.05984523305534}, "channel": 4}, "attempt": 1}
2026-09-12 21:00:59,333 INFO response {"request_id": "5753caa14b664dfc8a62c5f1fb2e0477", "http_status": 200, "body": {"accepted": true, "real_timestamp_ms": 1789218056161, "virtual_time_s": 1706.943153, "measure_result": "direction", "svd_deg": 225.9}}
2026-09-12 21:00:59,342 INFO request {"path": "/measure", "payload": {"arena_id": "default", "robot_id": "202601002029", "request_id": "bf32b5f6944646d2994f27d91bccfff9", "position": {"x": 404.2813488324782, "y": -368.55114623017533}, "channel": 1}, "attempt": 1}
2026-09-12 21:00:59,363 INFO response {"request_id": "bf32b5f6944646d2994f27d91bccfff9", "http_status": 200, "body": {"accepted": true, "real_timestamp_ms": 1789218056191, "virtual_time_s": 1752.467353, "measure_result": "no_signal"}}
2026-09-12 21:00:59,363 INFO request {"path": "/measure", "payload": {"arena_id": "default", "robot_id": "202601002029", "request_id": "50d9d7813ee5420fa3951c81fd1a0398", "position": {"x": 404.2813488324782, "y": -368.55114623017533}, "channel": 2}, "attempt": 1}
2026-09-12 21:00:59,382 INFO response {"request_id": "50d9d7813ee5420fa3951c81fd1a0398", "http_status": 200, "body": {"accepted": true, "real_timestamp_ms": 1789218056211, "virtual_time_s": 1758.467353, "measure_result": "no_signal"}}
2026-09-12 21:00:59,397 INFO request {"path": "/measure", "payload": {"arena_id": "default", "robot_id": "202601002029", "request_id": "e2f99be6f80344e097af458fedadce90", "position": {"x": 404.2813488324782, "y": -368.55114623017533}, "channel": 3}, "attempt": 1}
2026-09-12 21:00:59,399 INFO response {"request_id": "e2f99be6f80344e097af458fedadce90", "http_status": 200, "body": {"accepted": true, "real_timestamp_ms": 1789218056227, "virtual_time_s": 1764.467353, "measure_result": "no_signal"}}
2026-09-12 21:00:59,429 INFO request {"path": "/measure", "payload": {"arena_id": "default", "robot_id": "202601002029", "request_id": "d4604a838141484ebc64d90863c67591", "position": {"x": 404.2813488324782, "y": -368.55114623017533}, "channel": 7}, "attempt": 1}
2026-09-12 21:00:59,440 INFO response {"request_id": "d4604a838141484ebc64d90863c67591", "http_status": 200, "body": {"accepted": true, "real_timestamp_ms": 1789218056269, "virtual_time_s": 1770.467353, "measure_result": "no_signal"}}
2026-09-12 21:00:59,457 INFO request {"path": "/measure", "payload": {"arena_id": "default", "robot_id": "202601002029", "request_id": "142fe45539e343ffb100621389e3ddec", "position": {"x": 404.2813488324782, "y": -368.55114623017533}, "channel": 8}, "attempt": 1}
2026-09-12 21:00:59,457 INFO response {"request_id": "142fe45539e343ffb100621389e3ddec", "http_status": 200, "body": {"accepted": true, "real_timestamp_ms": 1789218056286, "virtual_time_s": 1776.467353, "measure_result": "no_signal"}}
2026-09-12 21:00:59,489 INFO request {"path": "/measure", "payload": {"arena_id": "default", "robot_id": "202601002029", "request_id": "a93e4bd217b349869fd075acddafc472", "position": {"x": 404.2813488324782, "y": -368.55114623017533}, "channel": 11}, "attempt": 1}
2026-09-12 21:00:59,509 INFO response {"request_id": "a93e4bd217b349869fd075acddafc472", "http_status": 200, "body": {"accepted": true, "real_timestamp_ms": 1789218056337, "virtual_time_s": 1782.467353, "measure_result": "no_signal"}}
2026-09-12 21:00:59,523 INFO request {"path": "/measure", "payload": {"arena_id": "default", "robot_id": "202601002029", "request_id": "06dc86ca09324ea6b8de2bf9d01b71ac", "position": {"x": 404.2813488324782, "y": -368.55114623017533}, "channel": 13}, "attempt": 1}
2026-09-12 21:00:59,524 INFO response {"request_id": "06dc86ca09324ea6b8de2bf9d01b71ac", "http_status": 200, "body": {"accepted": true, "real_timestamp_ms": 1789218056352, "virtual_time_s": 1788.467353, "measure_result": "no_signal"}}
2026-09-12 21:00:59,555 INFO request {"path": "/measure", "payload": {"arena_id": "default", "robot_id": "202601002029", "request_id": "3caf9464cec948e7a9b166e4b695329c", "position": {"x": 404.2813488324782, "y": -368.55114623017533}, "channel": 18}, "attempt": 1}
2026-09-12 21:00:59,568 INFO response {"request_id": "3caf9464cec948e7a9b166e4b695329c", "http_status": 200, "body": {"accepted": true, "real_timestamp_ms": 1789218056396, "virtual_time_s": 1794.467353, "measure_result": "no_signal"}}
2026-09-12 21:00:59,583 INFO request {"path": "/measure", "payload": {"arena_id": "default", "robot_id": "202601002029", "request_id": "a184ed7e57b343ad84efdff8c48bc2f2", "position": {"x": 404.2813488324782, "y": -368.55114623017533}, "channel": 20}, "attempt": 1}
2026-09-12 21:00:59,585 INFO response {"request_id": "a184ed7e57b343ad84efdff8c48bc2f2", "http_status": 200, "body": {"accepted": true, "real_timestamp_ms": 1789218056413, "virtual_time_s": 1800.467353, "measure_result": "no_signal"}}
2026-09-12 21:00:59,740 INFO request {"path": "/measure", "payload": {"arena_id": "default", "robot_id": "202601002029", "request_id": "380676d94080484fb578f3c95e81d400", "position": {"x": 404.2813488324782, "y": -368.55114623017533}, "channel": 16}, "attempt": 1}
2026-09-12 21:00:59,754 INFO response {"request_id": "380676d94080484fb578f3c95e81d400", "http_status": 200, "body": {"accepted": true, "real_timestamp_ms": 1789218056583, "virtual_time_s": 1806.467353, "measure_result": "direction", "svd_deg": 53.85}}
2026-09-12 21:00:59,776 INFO request {"path": "/measure", "payload": {"arena_id": "default", "robot_id": "202601002029", "request_id": "2b7148a3d15d4de58b5d3dcdfdb2af61", "position": {"x": 404.2813488324782, "y": -368.55114623017533}, "channel": 15}, "attempt": 1}
2026-09-12 21:00:59,793 INFO response {"request_id": "2b7148a3d15d4de58b5d3dcdfdb2af61", "http_status": 200, "body": {"accepted": true, "real_timestamp_ms": 1789218056622, "virtual_time_s": 1812.467353, "measure_result": "no_signal"}}
2026-09-12 21:00:59,808 INFO request {"path": "/measure", "payload": {"arena_id": "default", "robot_id": "202601002029", "request_id": "2a4d0e9cce8b4090aa40074ed9eb16d1", "position": {"x": 404.2813488324782, "y": -368.55114623017533}, "channel": 9}, "attempt": 1}
2026-09-12 21:00:59,809 INFO response {"request_id": "2a4d0e9cce8b4090aa40074ed9eb16d1", "http_status": 200, "body": {"accepted": true, "real_timestamp_ms": 1789218056637, "virtual_time_s": 1818.467353, "measure_result": "direction", "svd_deg": 294.91}}
2026-09-12 21:00:59,843 INFO request {"path": "/measure", "payload": {"arena_id": "default", "robot_id": "202601002029", "request_id": "f14a8d46428a4870b9b52092d0fc4fc7", "position": {"x": 404.2813488324782, "y": -368.55114623017533}, "channel": 14}, "attempt": 1}
2026-09-12 21:00:59,863 INFO response {"request_id": "f14a8d46428a4870b9b52092d0fc4fc7", "http_status": 200, "body": {"accepted": true, "real_timestamp_ms": 1789218056692, "virtual_time_s": 1824.467353, "measure_result": "direction", "svd_deg": 292.65}}
2026-09-12 21:00:59,868 INFO request {"path": "/measure", "payload": {"arena_id": "default", "robot_id": "202601002029", "request_id": "08af43ecd08045118e314e3baf355de1", "position": {"x": 404.2813488324782, "y": -368.55114623017533}, "channel": 10}, "attempt": 1}
2026-09-12 21:00:59,884 INFO response {"request_id": "08af43ecd08045118e314e3baf355de1", "http_status": 200, "body": {"accepted": true, "real_timestamp_ms": 1789218056712, "virtual_time_s": 1830.467353, "measure_result": "direction", "svd_deg": 237.51}}
2026-09-12 21:00:59,899 INFO request {"path": "/measure", "payload": {"arena_id": "default", "robot_id": "202601002029", "request_id": "007997edd0dc4521818620637759eb91", "position": {"x": 404.2813488324782, "y": -368.55114623017533}, "channel": 19}, "attempt": 1}
2026-09-12 21:00:59,913 INFO response {"request_id": "007997edd0dc4521818620637759eb91", "http_status": 200, "body": {"accepted": true, "real_timestamp_ms": 1789218056742, "virtual_time_s": 1836.467353, "measure_result": "direction", "svd_deg": 226.09}}
2026-09-12 21:00:59,928 INFO request {"path": "/measure", "payload": {"arena_id": "default", "robot_id": "202601002029", "request_id": "bb74a34f10db4e4086ec7ed998b321b2", "position": {"x": 544.1249715112476, "y": -210.79513697509165}, "channel": 1}, "attempt": 1}
2026-09-12 21:00:59,942 INFO response {"request_id": "bb74a34f10db4e4086ec7ed998b321b2", "http_status": 200, "body": {"accepted": true, "real_timestamp_ms": 1789218056771, "virtual_time_s": 1884.630464, "measure_result": "no_signal"}}
2026-09-12 21:00:59,958 INFO request {"path": "/measure", "payload": {"arena_id": "default", "robot_id": "202601002029", "request_id": "676c6abb9a08405cb79d5d5e2b5cdcb2", "position": {"x": 544.1249715112476, "y": -210.79513697509165}, "channel": 2}, "attempt": 1}
2026-09-12 21:00:59,961 INFO response {"request_id": "676c6abb9a08405cb79d5d5e2b5cdcb2", "http_status": 200, "body": {"accepted": true, "real_timestamp_ms": 1789218056789, "virtual_time_s": 1890.630464, "measure_result": "no_signal"}}
2026-09-12 21:00:59,992 INFO request {"path": "/measure", "payload": {"arena_id": "default", "robot_id": "202601002029", "request_id": "107e2a7b8b3d4d11859c12d67dc10f26", "position": {"x": 544.1249715112476, "y": -210.79513697509165}, "channel": 3}, "attempt": 1}
2026-09-12 21:00:59,994 INFO response {"request_id": "107e2a7b8b3d4d11859c12d67dc10f26", "http_status": 200, "body": {"accepted": true, "real_timestamp_ms": 1789218056822, "virtual_time_s": 1896.630464, "measure_result": "no_signal"}}
2026-09-12 21:01:00,025 INFO request {"path": "/measure", "payload": {"arena_id": "default", "robot_id": "202601002029", "request_id": "e838fe0e792b4e689560659f5ec8d4d0", "position": {"x": 544.1249715112476, "y": -210.79513697509165}, "channel": 7}, "attempt": 1}
2026-09-12 21:01:00,041 INFO response {"request_id": "e838fe0e792b4e689560659f5ec8d4d0", "http_status": 200, "body": {"accepted": true, "real_timestamp_ms": 1789218056869, "virtual_time_s": 1902.630464, "measure_result": "no_signal"}}
2026-09-12 21:01:00,056 INFO request {"path": "/measure", "payload": {"arena_id": "default", "robot_id": "202601002029", "request_id": "3a765bf61ec64bb8a8a6110020770351", "position": {"x": 544.1249715112476, "y": -210.79513697509165}, "channel": 8}, "attempt": 1}
2026-09-12 21:01:00,059 INFO response {"request_id": "3a765bf61ec64bb8a8a6110020770351", "http_status": 200, "body": {"accepted": true, "real_timestamp_ms": 1789218056887, "virtual_time_s": 1908.630464, "measure_result": "no_signal"}}
2026-09-12 21:01:00,090 INFO request {"path": "/measure", "payload": {"arena_id": "default", "robot_id": "202601002029", "request_id": "aa4b08cd03834291bc910835d9cee409", "position": {"x": 544.1249715112476, "y": -210.79513697509165}, "channel": 11}, "attempt": 1}
2026-09-12 21:01:00,110 INFO response {"request_id": "aa4b08cd03834291bc910835d9cee409", "http_status": 200, "body": {"accepted": true, "real_timestamp_ms": 1789218056938, "virtual_time_s": 1914.630464, "measure_result": "no_signal"}}
2026-09-12 21:01:00,126 INFO request {"path": "/measure", "payload": {"arena_id": "default", "robot_id": "202601002029", "request_id": "3c60829085934b91b17dc39f84ef7b13", "position": {"x": 544.1249715112476, "y": -210.79513697509165}, "channel": 13}, "attempt": 1}
2026-09-12 21:01:00,139 INFO response {"request_id": "3c60829085934b91b17dc39f84ef7b13", "http_status": 200, "body": {"accepted": true, "real_timestamp_ms": 1789218056967, "virtual_time_s": 1920.630464, "measure_result": "no_signal"}}
2026-09-12 21:01:00,153 INFO request {"path": "/measure", "payload": {"arena_id": "default", "robot_id": "202601002029", "request_id": "8bcd189bfd62405aaf8136a5cf74095e", "position": {"x": 544.1249715112476, "y": -210.79513697509165}, "channel": 18}, "attempt": 1}
2026-09-12 21:01:00,168 INFO response {"request_id": "8bcd189bfd62405aaf8136a5cf74095e", "http_status": 200, "body": {"accepted": true, "real_timestamp_ms": 1789218056996, "virtual_time_s": 1926.630464, "measure_result": "no_signal"}}
2026-09-12 21:01:00,183 INFO request {"path": "/measure", "payload": {"arena_id": "default", "robot_id": "202601002029", "request_id": "a01012b548154ab4af7abb04479b6109", "position": {"x": 544.1249715112476, "y": -210.79513697509165}, "channel": 20}, "attempt": 1}
2026-09-12 21:01:00,185 INFO response {"request_id": "a01012b548154ab4af7abb04479b6109", "http_status": 200, "body": {"accepted": true, "real_timestamp_ms": 1789218057013, "virtual_time_s": 1932.630464, "measure_result": "no_signal"}}
2026-09-12 21:01:00,272 INFO request {"path": "/measure", "payload": {"arena_id": "default", "robot_id": "202601002029", "request_id": "861313274c02410e88d90c26f9d133e5", "position": {"x": 544.1249715112476, "y": -210.79513697509165}, "channel": 15}, "attempt": 1}
2026-09-12 21:01:00,286 INFO response {"request_id": "861313274c02410e88d90c26f9d133e5", "http_status": 200, "body": {"accepted": true, "real_timestamp_ms": 1789218057115, "virtual_time_s": 1938.630464, "measure_result": "no_signal"}}
2026-09-12 21:01:00,301 INFO request {"path": "/measure", "payload": {"arena_id": "default", "robot_id": "202601002029", "request_id": "0a73581961bb4aca873ffd17fa82a1b1", "position": {"x": 544.1249715112476, "y": -210.79513697509165}, "channel": 9}, "attempt": 1}
2026-09-12 21:01:00,303 INFO response {"request_id": "0a73581961bb4aca873ffd17fa82a1b1", "http_status": 200, "body": {"accepted": true, "real_timestamp_ms": 1789218057130, "virtual_time_s": 1944.630464, "measure_result": "no_signal"}}
2026-09-12 21:01:00,333 INFO request {"path": "/measure", "payload": {"arena_id": "default", "robot_id": "202601002029", "request_id": "ed3465c0971d489e9e778458affd8a84", "position": {"x": 544.1249715112476, "y": -210.79513697509165}, "channel": 14}, "attempt": 1}
2026-09-12 21:01:00,336 INFO response {"request_id": "ed3465c0971d489e9e778458affd8a84", "http_status": 200, "body": {"accepted": true, "real_timestamp_ms": 1789218057164, "virtual_time_s": 1950.630464, "measure_result": "direction", "svd_deg": 282.7}}
2026-09-12 21:01:00,373 INFO request {"path": "/measure", "payload": {"arena_id": "default", "robot_id": "202601002029", "request_id": "54f4b89a9ff0452eaac0cd2d6953ac3e", "position": {"x": 620.0, "y": -1.5185620309427179e-13}, "channel": 1}, "attempt": 1}
2026-09-12 21:01:00,394 INFO response {"request_id": "54f4b89a9ff0452eaac0cd2d6953ac3e", "http_status": 200, "body": {"accepted": true, "real_timestamp_ms": 1789218057222, "virtual_time_s": 2001.437432, "measure_result": "no_signal"}}
2026-09-12 21:01:00,394 INFO request {"path": "/measure", "payload": {"arena_id": "default", "robot_id": "202601002029", "request_id": "fe78e4a955e24aa68e4e19b75039d83e", "position": {"x": 620.0, "y": -1.5185620309427179e-13}, "channel": 2}, "attempt": 1}
2026-09-12 21:01:00,396 INFO response {"request_id": "fe78e4a955e24aa68e4e19b75039d83e", "http_status": 200, "body": {"accepted": true, "real_timestamp_ms": 1789218057224, "virtual_time_s": 2007.437432, "measure_result": "no_signal"}}
2026-09-12 21:01:00,426 INFO request {"path": "/measure", "payload": {"arena_id": "default", "robot_id": "202601002029", "request_id": "f4b3bc8d8aa74ff6a7ccfcb38bd745d7", "position": {"x": 620.0, "y": -1.5185620309427179e-13}, "channel": 3}, "attempt": 1}
2026-09-12 21:01:00,443 INFO response {"request_id": "f4b3bc8d8aa74ff6a7ccfcb38bd745d7", "http_status": 200, "body": {"accepted": true, "real_timestamp_ms": 1789218057272, "virtual_time_s": 2013.437432, "measure_result": "no_signal"}}
2026-09-12 21:01:00,460 INFO request {"path": "/measure", "payload": {"arena_id": "default", "robot_id": "202601002029", "request_id": "e422a1b030ed42e7a00401c401ceab03", "position": {"x": 620.0, "y": -1.5185620309427179e-13}, "channel": 7}, "attempt": 1}
2026-09-12 21:01:00,474 INFO response {"request_id": "e422a1b030ed42e7a00401c401ceab03", "http_status": 200, "body": {"accepted": true, "real_timestamp_ms": 1789218057301, "virtual_time_s": 2019.437432, "measure_result": "no_signal"}}
2026-09-12 21:01:00,490 INFO request {"path": "/measure", "payload": {"arena_id": "default", "robot_id": "202601002029", "request_id": "7fee11d983e64b9997bf95117eb71eae", "position": {"x": 620.0, "y": -1.5185620309427179e-13}, "channel": 8}, "attempt": 1}
2026-09-12 21:01:00,502 INFO response {"request_id": "7fee11d983e64b9997bf95117eb71eae", "http_status": 200, "body": {"accepted": true, "real_timestamp_ms": 1789218057331, "virtual_time_s": 2025.437432, "measure_result": "no_signal"}}
2026-09-12 21:01:00,533 INFO request {"path": "/measure", "payload": {"arena_id": "default", "robot_id": "202601002029", "request_id": "6c7feb3fd27148919358ce8803cb6861", "position": {"x": 620.0, "y": -1.5185620309427179e-13}, "channel": 11}, "attempt": 1}
2026-09-12 21:01:00,552 INFO response {"request_id": "6c7feb3fd27148919358ce8803cb6861", "http_status": 200, "body": {"accepted": true, "real_timestamp_ms": 1789218057381, "virtual_time_s": 2031.437432, "measure_result": "no_signal"}}
2026-09-12 21:01:00,552 INFO request {"path": "/measure", "payload": {"arena_id": "default", "robot_id": "202601002029", "request_id": "220a0bd8d458484b828a34bb5f1f57e1", "position": {"x": 620.0, "y": -1.5185620309427179e-13}, "channel": 13}, "attempt": 1}
2026-09-12 21:01:00,554 INFO response {"request_id": "220a0bd8d458484b828a34bb5f1f57e1", "http_status": 200, "body": {"accepted": true, "real_timestamp_ms": 1789218057382, "virtual_time_s": 2037.437432, "measure_result": "no_signal"}}
2026-09-12 21:01:00,584 INFO request {"path": "/measure", "payload": {"arena_id": "default", "robot_id": "202601002029", "request_id": "975956a9c98243fcb0aee771bc7f2754", "position": {"x": 620.0, "y": -1.5185620309427179e-13}, "channel": 18}, "attempt": 1}
2026-09-12 21:01:00,602 INFO response {"request_id": "975956a9c98243fcb0aee771bc7f2754", "http_status": 200, "body": {"accepted": true, "real_timestamp_ms": 1789218057430, "virtual_time_s": 2043.437432, "measure_result": "no_signal"}}
2026-09-12 21:01:00,618 INFO request {"path": "/measure", "payload": {"arena_id": "default", "robot_id": "202601002029", "request_id": "92207f03576243d3b7ebb76a46188f1b", "position": {"x": 620.0, "y": -1.5185620309427179e-13}, "channel": 20}, "attempt": 1}
2026-09-12 21:01:00,631 INFO response {"request_id": "92207f03576243d3b7ebb76a46188f1b", "http_status": 200, "body": {"accepted": true, "real_timestamp_ms": 1789218057459, "virtual_time_s": 2049.437432, "measure_result": "no_signal"}}
2026-09-12 21:01:00,687 INFO request {"path": "/measure", "payload": {"arena_id": "default", "robot_id": "202601002029", "request_id": "fe083188c1e846e692c344f2dad7d8fd", "position": {"x": 620.0, "y": -1.5185620309427179e-13}, "channel": 15}, "attempt": 1}
2026-09-12 21:01:00,689 INFO response {"request_id": "fe083188c1e846e692c344f2dad7d8fd", "http_status": 200, "body": {"accepted": true, "real_timestamp_ms": 1789218057518, "virtual_time_s": 2055.437432, "measure_result": "no_signal"}}
2026-09-12 21:01:00,720 INFO request {"path": "/measure", "payload": {"arena_id": "default", "robot_id": "202601002029", "request_id": "6572c70d8d8c46b59d69e970e34dc285", "position": {"x": 620.0, "y": -1.5185620309427179e-13}, "channel": 9}, "attempt": 1}
2026-09-12 21:01:00,731 INFO response {"request_id": "6572c70d8d8c46b59d69e970e34dc285", "http_status": 200, "body": {"accepted": true, "real_timestamp_ms": 1789218057559, "virtual_time_s": 2061.437432, "measure_result": "no_signal"}}
2026-09-12 21:01:00,746 INFO request {"path": "/measure", "payload": {"arena_id": "default", "robot_id": "202601002029", "request_id": "9b88d1e199be4210bf1c3de592300127", "position": {"x": 620.0, "y": -1.5185620309427179e-13}, "channel": 14}, "attempt": 1}
2026-09-12 21:01:00,747 INFO response {"request_id": "9b88d1e199be4210bf1c3de592300127", "http_status": 200, "body": {"accepted": true, "real_timestamp_ms": 1789218057576, "virtual_time_s": 2067.437432, "measure_result": "no_signal"}}
2026-09-12 21:01:00,778 INFO request {"path": "/measure", "payload": {"arena_id": "default", "robot_id": "202601002029", "request_id": "947af3c682cd4925b2623b851ca824d6", "position": {"x": 612.1405929501535, "y": 237.14452909697778}, "channel": 1}, "attempt": 1}
2026-09-12 21:01:00,790 INFO response {"request_id": "947af3c682cd4925b2623b851ca824d6", "http_status": 200, "body": {"accepted": true, "real_timestamp_ms": 1789218057618, "virtual_time_s": 2120.892378, "measure_result": "no_signal"}}
2026-09-12 21:01:00,805 INFO request {"path": "/measure", "payload": {"arena_id": "default", "robot_id": "202601002029", "request_id": "7d22b343eff5425181c84395bb6df892", "position": {"x": 612.1405929501535, "y": 237.14452909697778}, "channel": 2}, "attempt": 1}
2026-09-12 21:01:00,806 INFO response {"request_id": "7d22b343eff5425181c84395bb6df892", "http_status": 200, "body": {"accepted": true, "real_timestamp_ms": 1789218057635, "virtual_time_s": 2126.892378, "measure_result": "no_signal"}}
2026-09-12 21:01:00,837 INFO request {"path": "/measure", "payload": {"arena_id": "default", "robot_id": "202601002029", "request_id": "86be57abd4d84565b191a075044073f5", "position": {"x": 612.1405929501535, "y": 237.14452909697778}, "channel": 3}, "attempt": 1}
2026-09-12 21:01:00,840 INFO response {"request_id": "86be57abd4d84565b191a075044073f5", "http_status": 200, "body": {"accepted": true, "real_timestamp_ms": 1789218057668, "virtual_time_s": 2132.892378, "measure_result": "no_signal"}}
2026-09-12 21:01:00,871 INFO request {"path": "/measure", "payload": {"arena_id": "default", "robot_id": "202601002029", "request_id": "0f1ca631fcbd407f9339ead7ba6e4d46", "position": {"x": 612.1405929501535, "y": 237.14452909697778}, "channel": 7}, "attempt": 1}
2026-09-12 21:01:00,874 INFO response {"request_id": "0f1ca631fcbd407f9339ead7ba6e4d46", "http_status": 200, "body": {"accepted": true, "real_timestamp_ms": 1789218057702, "virtual_time_s": 2138.892378, "measure_result": "direction", "svd_deg": 75.35}}
2026-09-12 21:01:00,894 INFO request {"path": "/measure", "payload": {"arena_id": "default", "robot_id": "202601002029", "request_id": "0233cea1cfdd42bbb554e261aa89977b", "position": {"x": 612.1405929501535, "y": 237.14452909697778}, "channel": 8}, "attempt": 1}
2026-09-12 21:01:00,896 INFO response {"request_id": "0233cea1cfdd42bbb554e261aa89977b", "http_status": 200, "body": {"accepted": true, "real_timestamp_ms": 1789218057724, "virtual_time_s": 2144.892378, "measure_result": "no_signal"}}
2026-09-12 21:01:00,913 INFO request {"path": "/measure", "payload": {"arena_id": "default", "robot_id": "202601002029", "request_id": "cb9c2e99c3ea4f75a8cfa4b48619afca", "position": {"x": 612.1405929501535, "y": 237.14452909697778}, "channel": 11}, "attempt": 1}
2026-09-12 21:01:00,929 INFO response {"request_id": "cb9c2e99c3ea4f75a8cfa4b48619afca", "http_status": 200, "body": {"accepted": true, "real_timestamp_ms": 1789218057757, "virtual_time_s": 2150.892378, "measure_result": "no_signal"}}
2026-09-12 21:01:00,944 INFO request {"path": "/measure", "payload": {"arena_id": "default", "robot_id": "202601002029", "request_id": "94d09846c03f4ff1ab84fa9a759babfc", "position": {"x": 612.1405929501535, "y": 237.14452909697778}, "channel": 13}, "attempt": 1}
2026-09-12 21:01:00,957 INFO response {"request_id": "94d09846c03f4ff1ab84fa9a759babfc", "http_status": 200, "body": {"accepted": true, "real_timestamp_ms": 1789218057785, "virtual_time_s": 2156.892378, "measure_result": "no_signal"}}
2026-09-12 21:01:00,972 INFO request {"path": "/measure", "payload": {"arena_id": "default", "robot_id": "202601002029", "request_id": "0543d9a008604171ab71ee592299e84e", "position": {"x": 612.1405929501535, "y": 237.14452909697778}, "channel": 18}, "attempt": 1}
2026-09-12 21:01:00,987 INFO response {"request_id": "0543d9a008604171ab71ee592299e84e", "http_status": 200, "body": {"accepted": true, "real_timestamp_ms": 1789218057815, "virtual_time_s": 2162.892378, "measure_result": "no_signal"}}
2026-09-12 21:01:01,003 INFO request {"path": "/measure", "payload": {"arena_id": "default", "robot_id": "202601002029", "request_id": "3616318bc9c2465193f10d753e4c3150", "position": {"x": 612.1405929501535, "y": 237.14452909697778}, "channel": 20}, "attempt": 1}
2026-09-12 21:01:01,019 INFO response {"request_id": "3616318bc9c2465193f10d753e4c3150", "http_status": 200, "body": {"accepted": true, "real_timestamp_ms": 1789218057846, "virtual_time_s": 2168.892378, "measure_result": "no_signal"}}
2026-09-12 21:01:01,081 INFO request {"path": "/measure", "payload": {"arena_id": "default", "robot_id": "202601002029", "request_id": "508155dcd2024bdf81b6a0ec41b4747b", "position": {"x": 612.1405929501535, "y": 237.14452909697778}, "channel": 15}, "attempt": 1}
2026-09-12 21:01:01,097 INFO response {"request_id": "508155dcd2024bdf81b6a0ec41b4747b", "http_status": 200, "body": {"accepted": true, "real_timestamp_ms": 1789218057924, "virtual_time_s": 2174.892378, "measure_result": "no_signal"}}
2026-09-12 21:01:01,111 INFO request {"path": "/measure", "payload": {"arena_id": "default", "robot_id": "202601002029", "request_id": "7411c83e5524446ea0428ac241d945ae", "position": {"x": 512.089708521139, "y": 466.83145189155573}, "channel": 1}, "attempt": 1}
2026-09-12 21:01:01,126 INFO response {"request_id": "7411c83e5524446ea0428ac241d945ae", "http_status": 200, "body": {"accepted": true, "real_timestamp_ms": 1789218057954, "virtual_time_s": 2230.99877, "measure_result": "no_signal"}}
2026-09-12 21:01:01,140 INFO request {"path": "/measure", "payload": {"arena_id": "default", "robot_id": "202601002029", "request_id": "a9ec91cea7d647058049de48f913f25c", "position": {"x": 512.089708521139, "y": 466.83145189155573}, "channel": 2}, "attempt": 1}
2026-09-12 21:01:01,157 INFO response {"request_id": "a9ec91cea7d647058049de48f913f25c", "http_status": 200, "body": {"accepted": true, "real_timestamp_ms": 1789218057986, "virtual_time_s": 2236.99877, "measure_result": "no_signal"}}
2026-09-12 21:01:01,173 INFO request {"path": "/measure", "payload": {"arena_id": "default", "robot_id": "202601002029", "request_id": "7ea264a608a940948b2117dbe1d52779", "position": {"x": 512.089708521139, "y": 466.83145189155573}, "channel": 3}, "attempt": 1}
2026-09-12 21:01:01,186 INFO response {"request_id": "7ea264a608a940948b2117dbe1d52779", "http_status": 200, "body": {"accepted": true, "real_timestamp_ms": 1789218058014, "virtual_time_s": 2242.99877, "measure_result": "no_signal"}}
2026-09-12 21:01:01,201 INFO request {"path": "/measure", "payload": {"arena_id": "default", "robot_id": "202601002029", "request_id": "8edea9a60175484581d565dd58edb73a", "position": {"x": 512.089708521139, "y": 466.83145189155573}, "channel": 8}, "attempt": 1}
2026-09-12 21:01:01,217 INFO response {"request_id": "8edea9a60175484581d565dd58edb73a", "http_status": 200, "body": {"accepted": true, "real_timestamp_ms": 1789218058044, "virtual_time_s": 2248.99877, "measure_result": "no_signal"}}
2026-09-12 21:01:01,232 INFO request {"path": "/measure", "payload": {"arena_id": "default", "robot_id": "202601002029", "request_id": "155bd36e3e4b4b979aa0cf2dbd4b7ac4", "position": {"x": 512.089708521139, "y": 466.83145189155573}, "channel": 11}, "attempt": 1}
2026-09-12 21:01:01,245 INFO response {"request_id": "155bd36e3e4b4b979aa0cf2dbd4b7ac4", "http_status": 200, "body": {"accepted": true, "real_timestamp_ms": 1789218058074, "virtual_time_s": 2254.99877, "measure_result": "no_signal"}}
2026-09-12 21:01:01,260 INFO request {"path": "/measure", "payload": {"arena_id": "default", "robot_id": "202601002029", "request_id": "163dd89fb4ec47a4b391fe7a88677070", "position": {"x": 512.089708521139, "y": 466.83145189155573}, "channel": 13}, "attempt": 1}
2026-09-12 21:01:01,274 INFO response {"request_id": "163dd89fb4ec47a4b391fe7a88677070", "http_status": 200, "body": {"accepted": true, "real_timestamp_ms": 1789218058103, "virtual_time_s": 2260.99877, "measure_result": "no_signal"}}
2026-09-12 21:01:01,291 INFO request {"path": "/measure", "payload": {"arena_id": "default", "robot_id": "202601002029", "request_id": "8b6c986a0203439fb7383a599cc5ce8e", "position": {"x": 512.089708521139, "y": 466.83145189155573}, "channel": 18}, "attempt": 1}
2026-09-12 21:01:01,302 INFO response {"request_id": "8b6c986a0203439fb7383a599cc5ce8e", "http_status": 200, "body": {"accepted": true, "real_timestamp_ms": 1789218058131, "virtual_time_s": 2266.99877, "measure_result": "no_signal"}}
2026-09-12 21:01:01,318 INFO request {"path": "/measure", "payload": {"arena_id": "default", "robot_id": "202601002029", "request_id": "d8b0f43d081f4d118e23e12dc3c4aa2d", "position": {"x": 512.089708521139, "y": 466.83145189155573}, "channel": 20}, "attempt": 1}
2026-09-12 21:01:01,320 INFO response {"request_id": "d8b0f43d081f4d118e23e12dc3c4aa2d", "http_status": 200, "body": {"accepted": true, "real_timestamp_ms": 1789218058148, "virtual_time_s": 2272.99877, "measure_result": "no_signal"}}
2026-09-12 21:01:01,379 INFO request {"path": "/measure", "payload": {"arena_id": "default", "robot_id": "202601002029", "request_id": "7b0b13207f554de89fa14c329a4c2a3d", "position": {"x": 512.089708521139, "y": 466.83145189155573}, "channel": 7}, "attempt": 1}
2026-09-12 21:01:01,392 INFO response {"request_id": "7b0b13207f554de89fa14c329a4c2a3d", "http_status": 200, "body": {"accepted": true, "real_timestamp_ms": 1789218058221, "virtual_time_s": 2278.99877, "measure_result": "direction", "svd_deg": 62.28}}
2026-09-12 21:01:01,410 INFO request {"path": "/measure", "payload": {"arena_id": "default", "robot_id": "202601002029", "request_id": "725209e9cde94ae48fdbb996dea64924", "position": {"x": 512.089708521139, "y": 466.83145189155573}, "channel": 15}, "attempt": 1}
2026-09-12 21:01:01,422 INFO response {"request_id": "725209e9cde94ae48fdbb996dea64924", "http_status": 200, "body": {"accepted": true, "real_timestamp_ms": 1789218058250, "virtual_time_s": 2284.99877, "measure_result": "no_signal"}}
2026-09-12 21:01:01,453 INFO request {"path": "/measure", "payload": {"arena_id": "default", "robot_id": "202601002029", "request_id": "8a371c6e9ab64c368001da2303e24b09", "position": {"x": 325.1268006840631, "y": 652.9426360472219}, "channel": 1}, "attempt": 1}
2026-09-12 21:01:01,472 INFO response {"request_id": "8a371c6e9ab64c368001da2303e24b09", "http_status": 200, "body": {"accepted": true, "real_timestamp_ms": 1789218058300, "virtual_time_s": 2343.759552, "measure_result": "no_signal"}}
2026-09-12 21:01:01,486 INFO request {"path": "/measure", "payload": {"arena_id": "default", "robot_id": "202601002029", "request_id": "3983873a1ded4b699bbf54462c339ecc", "position": {"x": 325.1268006840631, "y": 652.9426360472219}, "channel": 2}, "attempt": 1}
2026-09-12 21:01:01,500 INFO response {"request_id": "3983873a1ded4b699bbf54462c339ecc", "http_status": 200, "body": {"accepted": true, "real_timestamp_ms": 1789218058328, "virtual_time_s": 2349.759552, "measure_result": "no_signal"}}
2026-09-12 21:01:01,515 INFO request {"path": "/measure", "payload": {"arena_id": "default", "robot_id": "202601002029", "request_id": "c73485b1e4544b00886c0407df551e6f", "position": {"x": 325.1268006840631, "y": 652.9426360472219}, "channel": 3}, "attempt": 1}
2026-09-12 21:01:01,530 INFO response {"request_id": "c73485b1e4544b00886c0407df551e6f", "http_status": 200, "body": {"accepted": true, "real_timestamp_ms": 1789218058359, "virtual_time_s": 2355.759552, "measure_result": "direction", "svd_deg": 124.41}}
2026-09-12 21:01:01,548 INFO request {"path": "/measure", "payload": {"arena_id": "default", "robot_id": "202601002029", "request_id": "2cd92e6790044166873d54a96012fc8e", "position": {"x": 325.1268006840631, "y": 652.9426360472219}, "channel": 8}, "attempt": 1}
2026-09-12 21:01:01,569 INFO response {"request_id": "2cd92e6790044166873d54a96012fc8e", "http_status": 200, "body": {"accepted": true, "real_timestamp_ms": 1789218058397, "virtual_time_s": 2361.759552, "measure_result": "no_signal"}}
2026-09-12 21:01:01,569 INFO request {"path": "/measure", "payload": {"arena_id": "default", "robot_id": "202601002029", "request_id": "40806f3fce7942d0a6a122bebbada9d4", "position": {"x": 325.1268006840631, "y": 652.9426360472219}, "channel": 11}, "attempt": 1}
2026-09-12 21:01:01,590 INFO response {"request_id": "40806f3fce7942d0a6a122bebbada9d4", "http_status": 200, "body": {"accepted": true, "real_timestamp_ms": 1789218058418, "virtual_time_s": 2367.759552, "measure_result": "no_signal"}}
2026-09-12 21:01:01,605 INFO request {"path": "/measure", "payload": {"arena_id": "default", "robot_id": "202601002029", "request_id": "252dc2075da64e81879f5cecabbfa802", "position": {"x": 325.1268006840631, "y": 652.9426360472219}, "channel": 13}, "attempt": 1}
2026-09-12 21:01:01,609 INFO response {"request_id": "252dc2075da64e81879f5cecabbfa802", "http_status": 200, "body": {"accepted": true, "real_timestamp_ms": 1789218058437, "virtual_time_s": 2373.759552, "measure_result": "no_signal"}}
2026-09-12 21:01:01,640 INFO request {"path": "/measure", "payload": {"arena_id": "default", "robot_id": "202601002029", "request_id": "6cec4012aeb64082b4d7a213a8802196", "position": {"x": 325.1268006840631, "y": 652.9426360472219}, "channel": 18}, "attempt": 1}
2026-09-12 21:01:01,642 INFO response {"request_id": "6cec4012aeb64082b4d7a213a8802196", "http_status": 200, "body": {"accepted": true, "real_timestamp_ms": 1789218058470, "virtual_time_s": 2379.759552, "measure_result": "no_signal"}}
2026-09-12 21:01:01,673 INFO request {"path": "/measure", "payload": {"arena_id": "default", "robot_id": "202601002029", "request_id": "0eb2f63603064d0b84e85bccc4350cc7", "position": {"x": 325.1268006840631, "y": 652.9426360472219}, "channel": 20}, "attempt": 1}
2026-09-12 21:01:01,689 INFO response {"request_id": "0eb2f63603064d0b84e85bccc4350cc7", "http_status": 200, "body": {"accepted": true, "real_timestamp_ms": 1789218058517, "virtual_time_s": 2385.759552, "measure_result": "no_signal"}}
2026-09-12 21:01:01,752 INFO request {"path": "/measure", "payload": {"arena_id": "default", "robot_id": "202601002029", "request_id": "88a074c1d872434297ceb3baa8a6cfbb", "position": {"x": 325.1268006840631, "y": 652.9426360472219}, "channel": 7}, "attempt": 1}
2026-09-12 21:01:01,767 INFO response {"request_id": "88a074c1d872434297ceb3baa8a6cfbb", "http_status": 200, "body": {"accepted": true, "real_timestamp_ms": 1789218058595, "virtual_time_s": 2391.759552, "measure_result": "direction", "svd_deg": 39.04}}
2026-09-12 21:01:01,771 INFO request {"path": "/measure", "payload": {"arena_id": "default", "robot_id": "202601002029", "request_id": "e23afc72abdb43f5bbbf4e598d73da31", "position": {"x": 70.66670824777603, "y": 762.6152338447852}, "channel": 1}, "attempt": 1}
2026-09-12 21:01:01,787 INFO response {"request_id": "e23afc72abdb43f5bbbf4e598d73da31", "http_status": 200, "body": {"accepted": true, "real_timestamp_ms": 1789218058615, "virtual_time_s": 2453.177245, "measure_result": "no_signal"}}
2026-09-12 21:01:01,801 INFO request {"path": "/measure", "payload": {"arena_id": "default", "robot_id": "202601002029", "request_id": "4df152e61b6a48a085daa733a9c2d8a1", "position": {"x": 70.66670824777603, "y": 762.6152338447852}, "channel": 2}, "attempt": 1}
2026-09-12 21:01:01,815 INFO response {"request_id": "4df152e61b6a48a085daa733a9c2d8a1", "http_status": 200, "body": {"accepted": true, "real_timestamp_ms": 1789218058644, "virtual_time_s": 2459.177245, "measure_result": "no_signal"}}
2026-09-12 21:01:01,832 INFO request {"path": "/measure", "payload": {"arena_id": "default", "robot_id": "202601002029", "request_id": "bafe1c4e902644a3b5c15c7b07bd3efc", "position": {"x": 70.66670824777603, "y": 762.6152338447852}, "channel": 8}, "attempt": 1}
2026-09-12 21:01:01,833 INFO response {"request_id": "bafe1c4e902644a3b5c15c7b07bd3efc", "http_status": 200, "body": {"accepted": true, "real_timestamp_ms": 1789218058661, "virtual_time_s": 2465.177245, "measure_result": "no_signal"}}
2026-09-12 21:01:01,864 INFO request {"path": "/measure", "payload": {"arena_id": "default", "robot_id": "202601002029", "request_id": "40ecefa5d5c140419a2dea22fe93c1a9", "position": {"x": 70.66670824777603, "y": 762.6152338447852}, "channel": 11}, "attempt": 1}
2026-09-12 21:01:01,865 INFO response {"request_id": "40ecefa5d5c140419a2dea22fe93c1a9", "http_status": 200, "body": {"accepted": true, "real_timestamp_ms": 1789218058694, "virtual_time_s": 2471.177245, "measure_result": "no_signal"}}
2026-09-12 21:01:01,896 INFO request {"path": "/measure", "payload": {"arena_id": "default", "robot_id": "202601002029", "request_id": "5ae5e9aeac424da0b40112a8cac61bdc", "position": {"x": 70.66670824777603, "y": 762.6152338447852}, "channel": 13}, "attempt": 1}
2026-09-12 21:01:01,914 INFO response {"request_id": "5ae5e9aeac424da0b40112a8cac61bdc", "http_status": 200, "body": {"accepted": true, "real_timestamp_ms": 1789218058743, "virtual_time_s": 2477.177245, "measure_result": "no_signal"}}
2026-09-12 21:01:01,929 INFO request {"path": "/measure", "payload": {"arena_id": "default", "robot_id": "202601002029", "request_id": "fca70638dbed4711ac45f95a86ad7ec6", "position": {"x": 70.66670824777603, "y": 762.6152338447852}, "channel": 18}, "attempt": 1}
2026-09-12 21:01:01,944 INFO response {"request_id": "fca70638dbed4711ac45f95a86ad7ec6", "http_status": 200, "body": {"accepted": true, "real_timestamp_ms": 1789218058772, "virtual_time_s": 2483.177245, "measure_result": "no_signal"}}
2026-09-12 21:01:01,960 INFO request {"path": "/measure", "payload": {"arena_id": "default", "robot_id": "202601002029", "request_id": "ec3c3643e4ef4a6f81b53fcba3e22bbb", "position": {"x": 70.66670824777603, "y": 762.6152338447852}, "channel": 20}, "attempt": 1}
2026-09-12 21:01:01,962 INFO response {"request_id": "ec3c3643e4ef4a6f81b53fcba3e22bbb", "http_status": 200, "body": {"accepted": true, "real_timestamp_ms": 1789218058790, "virtual_time_s": 2489.177245, "measure_result": "no_signal"}}
2026-09-12 21:01:02,062 INFO request {"path": "/measure", "payload": {"arena_id": "default", "robot_id": "202601002029", "request_id": "b490c6e1162d4d6aba80b55e24cc057d", "position": {"x": 70.66670824777603, "y": 762.6152338447852}, "channel": 3}, "attempt": 1}
2026-09-12 21:01:02,064 INFO response {"request_id": "b490c6e1162d4d6aba80b55e24cc057d", "http_status": 200, "body": {"accepted": true, "real_timestamp_ms": 1789218058892, "virtual_time_s": 2495.177245, "measure_result": "direction", "svd_deg": 114.44}}
2026-09-12 21:01:02,097 INFO request {"path": "/measure", "payload": {"arena_id": "default", "robot_id": "202601002029", "request_id": "b4a1ac1aea264cb98ec0a26211f6c05c", "position": {"x": 70.66670824777603, "y": 762.6152338447852}, "channel": 17}, "attempt": 1}
2026-09-12 21:01:02,110 INFO response {"request_id": "b4a1ac1aea264cb98ec0a26211f6c05c", "http_status": 200, "body": {"accepted": true, "real_timestamp_ms": 1789218058938, "virtual_time_s": 2501.177245, "measure_result": "direction", "svd_deg": 172.82}}
2026-09-12 21:01:02,118 INFO request {"path": "/measure", "payload": {"arena_id": "default", "robot_id": "202601002029", "request_id": "427d73b6043744deb1c3381d8c94ff80", "position": {"x": 70.66670824777603, "y": 762.6152338447852}, "channel": 7}, "attempt": 1}
2026-09-12 21:01:02,139 INFO response {"request_id": "427d73b6043744deb1c3381d8c94ff80", "http_status": 200, "body": {"accepted": true, "real_timestamp_ms": 1789218058967, "virtual_time_s": 2507.177245, "measure_result": "direction", "svd_deg": 21.41}}
2026-09-12 21:01:02,148 INFO request {"path": "/measure", "payload": {"arena_id": "default", "robot_id": "202601002029", "request_id": "9f880435b6374636986baa3c9bde1d2b", "position": {"x": -219.57430497548276, "y": 771.7236336986618}, "channel": 1}, "attempt": 1}
2026-09-12 21:01:02,159 INFO response {"request_id": "9f880435b6374636986baa3c9bde1d2b", "http_status": 200, "body": {"accepted": true, "real_timestamp_ms": 1789218058987, "virtual_time_s": 2571.254025, "measure_result": "no_signal"}}
2026-09-12 21:01:02,189 INFO request {"path": "/measure", "payload": {"arena_id": "default", "robot_id": "202601002029", "request_id": "e8b8f419bd4240f29aeb7d861b06e82f", "position": {"x": -219.57430497548276, "y": 771.7236336986618}, "channel": 2}, "attempt": 1}
2026-09-12 21:01:02,208 INFO response {"request_id": "e8b8f419bd4240f29aeb7d861b06e82f", "http_status": 200, "body": {"accepted": true, "real_timestamp_ms": 1789218059036, "virtual_time_s": 2577.254025, "measure_result": "no_signal"}}
2026-09-12 21:01:02,208 INFO request {"path": "/measure", "payload": {"arena_id": "default", "robot_id": "202601002029", "request_id": "a6f691bc290146a191ffcc6a1c84ebe1", "position": {"x": -219.57430497548276, "y": 771.7236336986618}, "channel": 8}, "attempt": 1}
2026-09-12 21:01:02,210 INFO response {"request_id": "a6f691bc290146a191ffcc6a1c84ebe1", "http_status": 200, "body": {"accepted": true, "real_timestamp_ms": 1789218059039, "virtual_time_s": 2583.254025, "measure_result": "no_signal"}}
2026-09-12 21:01:02,241 INFO request {"path": "/measure", "payload": {"arena_id": "default", "robot_id": "202601002029", "request_id": "3155a087e50445049f413adbce786e8d", "position": {"x": -219.57430497548276, "y": 771.7236336986618}, "channel": 11}, "attempt": 1}
2026-09-12 21:01:02,259 INFO response {"request_id": "3155a087e50445049f413adbce786e8d", "http_status": 200, "body": {"accepted": true, "real_timestamp_ms": 1789218059088, "virtual_time_s": 2589.254025, "measure_result": "no_signal"}}
2026-09-12 21:01:02,274 INFO request {"path": "/measure", "payload": {"arena_id": "default", "robot_id": "202601002029", "request_id": "d27916b63f7d4b64828134b4b46010a5", "position": {"x": -219.57430497548276, "y": 771.7236336986618}, "channel": 13}, "attempt": 1}
2026-09-12 21:01:02,275 INFO response {"request_id": "d27916b63f7d4b64828134b4b46010a5", "http_status": 200, "body": {"accepted": true, "real_timestamp_ms": 1789218059104, "virtual_time_s": 2595.254025, "measure_result": "no_signal"}}
2026-09-12 21:01:02,306 INFO request {"path": "/measure", "payload": {"arena_id": "default", "robot_id": "202601002029", "request_id": "abb665c26bb34e2bab2deb93f64d2046", "position": {"x": -219.57430497548276, "y": 771.7236336986618}, "channel": 18}, "attempt": 1}
2026-09-12 21:01:02,326 INFO response {"request_id": "abb665c26bb34e2bab2deb93f64d2046", "http_status": 200, "body": {"accepted": true, "real_timestamp_ms": 1789218059155, "virtual_time_s": 2601.254025, "measure_result": "no_signal"}}
2026-09-12 21:01:02,342 INFO request {"path": "/measure", "payload": {"arena_id": "default", "robot_id": "202601002029", "request_id": "c3a4e1badcf24c2caa1627585dae9a2a", "position": {"x": -219.57430497548276, "y": 771.7236336986618}, "channel": 20}, "attempt": 1}
2026-09-12 21:01:02,343 INFO response {"request_id": "c3a4e1badcf24c2caa1627585dae9a2a", "http_status": 200, "body": {"accepted": true, "real_timestamp_ms": 1789218059172, "virtual_time_s": 2607.254025, "measure_result": "no_signal"}}
2026-09-12 21:01:02,457 INFO request {"path": "/measure", "payload": {"arena_id": "default", "robot_id": "202601002029", "request_id": "6d47ddea98ab45038fd1af6e0e7aeee7", "position": {"x": -219.57430497548276, "y": 771.7236336986618}, "channel": 3}, "attempt": 1}
2026-09-12 21:01:02,457 INFO response {"request_id": "6d47ddea98ab45038fd1af6e0e7aeee7", "http_status": 200, "body": {"accepted": true, "real_timestamp_ms": 1789218059286, "virtual_time_s": 2613.254025, "measure_result": "direction", "svd_deg": 96.8}}
2026-09-12 21:01:02,476 INFO request {"path": "/measure", "payload": {"arena_id": "default", "robot_id": "202601002029", "request_id": "79b8baad9ebe41d6aa19fe0974ee3f75", "position": {"x": -219.57430497548276, "y": 771.7236336986618}, "channel": 6}, "attempt": 1}
2026-09-12 21:01:02,496 INFO response {"request_id": "79b8baad9ebe41d6aa19fe0974ee3f75", "http_status": 200, "body": {"accepted": true, "real_timestamp_ms": 1789218059324, "virtual_time_s": 2619.254025, "measure_result": "direction", "svd_deg": 192.04}}
2026-09-12 21:01:02,509 INFO request {"path": "/measure", "payload": {"arena_id": "default", "robot_id": "202601002029", "request_id": "a95073f5797b4803ba6edf54ecf37c9e", "position": {"x": -505.50411263342363, "y": 669.3956271186006}, "channel": 1}, "attempt": 1}
2026-09-12 21:01:02,524 INFO response {"request_id": "a95073f5797b4803ba6edf54ecf37c9e", "http_status": 200, "body": {"accepted": true, "real_timestamp_ms": 1789218059353, "virtual_time_s": 2685.991781, "measure_result": "no_signal"}}
2026-09-12 21:01:02,540 INFO request {"path": "/measure", "payload": {"arena_id": "default", "robot_id": "202601002029", "request_id": "66cd9343b49243be8c443fcc9ca5ddb1", "position": {"x": -505.50411263342363, "y": 669.3956271186006}, "channel": 2}, "attempt": 1}
2026-09-12 21:01:02,543 INFO response {"request_id": "66cd9343b49243be8c443fcc9ca5ddb1", "http_status": 200, "body": {"accepted": true, "real_timestamp_ms": 1789218059371, "virtual_time_s": 2691.991781, "measure_result": "no_signal"}}
2026-09-12 21:01:02,574 INFO request {"path": "/measure", "payload": {"arena_id": "default", "robot_id": "202601002029", "request_id": "a0a97cea28004d91aed7d890280c53d4", "position": {"x": -505.50411263342363, "y": 669.3956271186006}, "channel": 8}, "attempt": 1}
2026-09-12 21:01:02,594 INFO response {"request_id": "a0a97cea28004d91aed7d890280c53d4", "http_status": 200, "body": {"accepted": true, "real_timestamp_ms": 1789218059421, "virtual_time_s": 2697.991781, "measure_result": "no_signal"}}
2026-09-12 21:01:02,609 INFO request {"path": "/measure", "payload": {"arena_id": "default", "robot_id": "202601002029", "request_id": "75f2d78760a64080a204208ecee1139f", "position": {"x": -505.50411263342363, "y": 669.3956271186006}, "channel": 11}, "attempt": 1}
2026-09-12 21:01:02,623 INFO response {"request_id": "75f2d78760a64080a204208ecee1139f", "http_status": 200, "body": {"accepted": true, "real_timestamp_ms": 1789218059451, "virtual_time_s": 2703.991781, "measure_result": "no_signal"}}
2026-09-12 21:01:02,638 INFO request {"path": "/measure", "payload": {"arena_id": "default", "robot_id": "202601002029", "request_id": "8f166624f9764f789703b695aa4778c3", "position": {"x": -505.50411263342363, "y": 669.3956271186006}, "channel": 13}, "attempt": 1}
2026-09-12 21:01:02,652 INFO response {"request_id": "8f166624f9764f789703b695aa4778c3", "http_status": 200, "body": {"accepted": true, "real_timestamp_ms": 1789218059481, "virtual_time_s": 2709.991781, "measure_result": "no_signal"}}
2026-09-12 21:01:02,669 INFO request {"path": "/measure", "payload": {"arena_id": "default", "robot_id": "202601002029", "request_id": "70d14c31b55d4681a1d4fd5df9257646", "position": {"x": -505.50411263342363, "y": 669.3956271186006}, "channel": 18}, "attempt": 1}
2026-09-12 21:01:02,670 INFO response {"request_id": "70d14c31b55d4681a1d4fd5df9257646", "http_status": 200, "body": {"accepted": true, "real_timestamp_ms": 1789218059499, "virtual_time_s": 2715.991781, "measure_result": "no_signal"}}
2026-09-12 21:01:02,701 INFO request {"path": "/measure", "payload": {"arena_id": "default", "robot_id": "202601002029", "request_id": "97e332d3d6e440ab94e3f2e022c57cba", "position": {"x": -505.50411263342363, "y": 669.3956271186006}, "channel": 20}, "attempt": 1}
2026-09-12 21:01:02,721 INFO response {"request_id": "97e332d3d6e440ab94e3f2e022c57cba", "http_status": 200, "body": {"accepted": true, "real_timestamp_ms": 1789218059549, "virtual_time_s": 2721.991781, "measure_result": "no_signal"}}
2026-09-12 21:01:02,821 INFO request {"path": "/measure", "payload": {"arena_id": "default", "robot_id": "202601002029", "request_id": "c5bca7996b3c4b1ca52e21ee611175fc", "position": {"x": -505.50411263342363, "y": 669.3956271186006}, "channel": 3}, "attempt": 1}
2026-09-12 21:01:02,823 INFO response {"request_id": "c5bca7996b3c4b1ca52e21ee611175fc", "http_status": 200, "body": {"accepted": true, "real_timestamp_ms": 1789218059651, "virtual_time_s": 2727.991781, "measure_result": "direction", "svd_deg": 78.99}}
2026-09-12 21:01:02,859 INFO request {"path": "/measure", "payload": {"arena_id": "default", "robot_id": "202601002029", "request_id": "b2898141303248329a8eec15b53a4936", "position": {"x": -744.190057626862, "y": 460.7829755067683}, "channel": 1}, "attempt": 1}
2026-09-12 21:01:02,875 INFO response {"request_id": "b2898141303248329a8eec15b53a4936", "http_status": 200, "body": {"accepted": true, "real_timestamp_ms": 1789218059704, "virtual_time_s": 2797.392165, "measure_result": "no_signal"}}
2026-09-12 21:01:02,890 INFO request {"path": "/measure", "payload": {"arena_id": "default", "robot_id": "202601002029", "request_id": "152e371bde124acfab3a49ac355ebcd3", "position": {"x": -744.190057626862, "y": 460.7829755067683}, "channel": 2}, "attempt": 1}
2026-09-12 21:01:02,905 INFO response {"request_id": "152e371bde124acfab3a49ac355ebcd3", "http_status": 200, "body": {"accepted": true, "real_timestamp_ms": 1789218059734, "virtual_time_s": 2803.392165, "measure_result": "no_signal"}}
2026-09-12 21:01:02,921 INFO request {"path": "/measure", "payload": {"arena_id": "default", "robot_id": "202601002029", "request_id": "c1108c37bb53431db61839b887346b69", "position": {"x": -744.190057626862, "y": 460.7829755067683}, "channel": 8}, "attempt": 1}
2026-09-12 21:01:02,935 INFO response {"request_id": "c1108c37bb53431db61839b887346b69", "http_status": 200, "body": {"accepted": true, "real_timestamp_ms": 1789218059763, "virtual_time_s": 2809.392165, "measure_result": "no_signal"}}
2026-09-12 21:01:02,950 INFO request {"path": "/measure", "payload": {"arena_id": "default", "robot_id": "202601002029", "request_id": "ab5d7d68232341fba80e5f6f6d03bb1c", "position": {"x": -744.190057626862, "y": 460.7829755067683}, "channel": 11}, "attempt": 1}
2026-09-12 21:01:02,964 INFO response {"request_id": "ab5d7d68232341fba80e5f6f6d03bb1c", "http_status": 200, "body": {"accepted": true, "real_timestamp_ms": 1789218059793, "virtual_time_s": 2815.392165, "measure_result": "no_signal"}}
2026-09-12 21:01:02,979 INFO request {"path": "/measure", "payload": {"arena_id": "default", "robot_id": "202601002029", "request_id": "ec847703fbe04f28962c100e8f46aa31", "position": {"x": -744.190057626862, "y": 460.7829755067683}, "channel": 13}, "attempt": 1}
2026-09-12 21:01:02,994 INFO response {"request_id": "ec847703fbe04f28962c100e8f46aa31", "http_status": 200, "body": {"accepted": true, "real_timestamp_ms": 1789218059823, "virtual_time_s": 2821.392165, "measure_result": "no_signal"}}
2026-09-12 21:01:03,009 INFO request {"path": "/measure", "payload": {"arena_id": "default", "robot_id": "202601002029", "request_id": "f89c0e70ce404851979397d50aaf548a", "position": {"x": -744.190057626862, "y": 460.7829755067683}, "channel": 18}, "attempt": 1}
2026-09-12 21:01:03,023 INFO response {"request_id": "f89c0e70ce404851979397d50aaf548a", "http_status": 200, "body": {"accepted": true, "real_timestamp_ms": 1789218059852, "virtual_time_s": 2827.392165, "measure_result": "no_signal"}}
2026-09-12 21:01:03,039 INFO request {"path": "/measure", "payload": {"arena_id": "default", "robot_id": "202601002029", "request_id": "80f95e8f070c401992cca0ecab72c42d", "position": {"x": -744.190057626862, "y": 460.7829755067683}, "channel": 20}, "attempt": 1}
2026-09-12 21:01:03,053 INFO response {"request_id": "80f95e8f070c401992cca0ecab72c42d", "http_status": 200, "body": {"accepted": true, "real_timestamp_ms": 1789218059881, "virtual_time_s": 2833.392165, "measure_result": "no_signal"}}
2026-09-12 21:01:03,168 INFO request {"path": "/measure", "payload": {"arena_id": "default", "robot_id": "202601002029", "request_id": "ba4414bc842b44cbb3653a27e354adfa", "position": {"x": -744.190057626862, "y": 460.7829755067683}, "channel": 5}, "attempt": 1}
2026-09-12 21:01:03,183 INFO response {"request_id": "ba4414bc842b44cbb3653a27e354adfa", "http_status": 200, "body": {"accepted": true, "real_timestamp_ms": 1789218060011, "virtual_time_s": 2839.392165, "measure_result": "no_signal"}}
2026-09-12 21:01:03,197 INFO request {"path": "/measure", "payload": {"arena_id": "default", "robot_id": "202601002029", "request_id": "c32e0f75642e4cd2837254e9df8cb87f", "position": {"x": -744.190057626862, "y": 460.7829755067683}, "channel": 17}, "attempt": 1}
2026-09-12 21:01:03,212 INFO response {"request_id": "c32e0f75642e4cd2837254e9df8cb87f", "http_status": 200, "body": {"accepted": true, "real_timestamp_ms": 1789218060040, "virtual_time_s": 2845.392165, "measure_result": "direction", "svd_deg": 114.66}}
2026-09-12 21:01:03,234 INFO request {"path": "/measure", "payload": {"arena_id": "default", "robot_id": "202601002029", "request_id": "e0563939a5f543f898eb13bed0908caf", "position": {"x": -744.190057626862, "y": 460.7829755067683}, "channel": 3}, "attempt": 1}
2026-09-12 21:01:03,235 INFO response {"request_id": "e0563939a5f543f898eb13bed0908caf", "http_status": 200, "body": {"accepted": true, "real_timestamp_ms": 1789218060063, "virtual_time_s": 2851.392165, "measure_result": "no_signal"}}
2026-09-12 21:01:03,266 INFO request {"path": "/measure", "payload": {"arena_id": "default", "robot_id": "202601002029", "request_id": "a64daa69e40d47bf9fa3c325ab976962", "position": {"x": -896.2401791235575, "y": 167.53632506804928}, "channel": 1}, "attempt": 1}
2026-09-12 21:01:03,282 INFO response {"request_id": "a64daa69e40d47bf9fa3c325ab976962", "http_status": 200, "body": {"accepted": true, "real_timestamp_ms": 1789218060111, "virtual_time_s": 2923.45663, "measure_result": "no_signal"}}
2026-09-12 21:01:03,298 INFO request {"path": "/measure", "payload": {"arena_id": "default", "robot_id": "202601002029", "request_id": "01a050d8043a4eb188e26dffd6be01b7", "position": {"x": -896.2401791235575, "y": 167.53632506804928}, "channel": 2}, "attempt": 1}
2026-09-12 21:01:03,312 INFO response {"request_id": "01a050d8043a4eb188e26dffd6be01b7", "http_status": 200, "body": {"accepted": true, "real_timestamp_ms": 1789218060140, "virtual_time_s": 2929.45663, "measure_result": "no_signal"}}
2026-09-12 21:01:03,327 INFO request {"path": "/measure", "payload": {"arena_id": "default", "robot_id": "202601002029", "request_id": "916b80b837c44eaa93a0a01776dae46c", "position": {"x": -896.2401791235575, "y": 167.53632506804928}, "channel": 8}, "attempt": 1}
2026-09-12 21:01:03,341 INFO response {"request_id": "916b80b837c44eaa93a0a01776dae46c", "http_status": 200, "body": {"accepted": true, "real_timestamp_ms": 1789218060169, "virtual_time_s": 2935.45663, "measure_result": "no_signal"}}
2026-09-12 21:01:03,356 INFO request {"path": "/measure", "payload": {"arena_id": "default", "robot_id": "202601002029", "request_id": "3a36b3c87da341eebaab85e4ac8e3504", "position": {"x": -896.2401791235575, "y": 167.53632506804928}, "channel": 11}, "attempt": 1}
2026-09-12 21:01:03,371 INFO response {"request_id": "3a36b3c87da341eebaab85e4ac8e3504", "http_status": 200, "body": {"accepted": true, "real_timestamp_ms": 1789218060200, "virtual_time_s": 2941.45663, "measure_result": "no_signal"}}
2026-09-12 21:01:03,386 INFO request {"path": "/measure", "payload": {"arena_id": "default", "robot_id": "202601002029", "request_id": "c5941e9481dc4864838ee550d7dc6306", "position": {"x": -896.2401791235575, "y": 167.53632506804928}, "channel": 13}, "attempt": 1}
2026-09-12 21:01:03,401 INFO response {"request_id": "c5941e9481dc4864838ee550d7dc6306", "http_status": 200, "body": {"accepted": true, "real_timestamp_ms": 1789218060230, "virtual_time_s": 2947.45663, "measure_result": "no_signal"}}
2026-09-12 21:01:03,418 INFO request {"path": "/measure", "payload": {"arena_id": "default", "robot_id": "202601002029", "request_id": "b5e3092fc1da4f92b2bffc52d3a84217", "position": {"x": -896.2401791235575, "y": 167.53632506804928}, "channel": 18}, "attempt": 1}
2026-09-12 21:01:03,421 INFO response {"request_id": "b5e3092fc1da4f92b2bffc52d3a84217", "http_status": 200, "body": {"accepted": true, "real_timestamp_ms": 1789218060249, "virtual_time_s": 2953.45663, "measure_result": "no_signal"}}
2026-09-12 21:01:03,452 INFO request {"path": "/measure", "payload": {"arena_id": "default", "robot_id": "202601002029", "request_id": "9c00b66d823c4d2e8d4bdbe6d8382577", "position": {"x": -896.2401791235575, "y": 167.53632506804928}, "channel": 20}, "attempt": 1}
2026-09-12 21:01:03,468 INFO response {"request_id": "9c00b66d823c4d2e8d4bdbe6d8382577", "http_status": 200, "body": {"accepted": true, "real_timestamp_ms": 1789218060297, "virtual_time_s": 2959.45663, "measure_result": "no_signal"}}
2026-09-12 21:01:03,677 INFO request {"path": "/measure", "payload": {"arena_id": "default", "robot_id": "202601002029", "request_id": "249e93193b7d44f8ab4ed0fe6fbc84fd", "position": {"x": -896.2401791235575, "y": 167.53632506804928}, "channel": 5}, "attempt": 1}
2026-09-12 21:01:03,678 INFO response {"request_id": "249e93193b7d44f8ab4ed0fe6fbc84fd", "http_status": 200, "body": {"accepted": true, "real_timestamp_ms": 1789218060507, "virtual_time_s": 2965.45663, "measure_result": "direction", "svd_deg": 238.99}}
2026-09-12 21:01:03,715 INFO request {"path": "/measure", "payload": {"arena_id": "default", "robot_id": "202601002029", "request_id": "685ee6cdfd6f4153bbda162702f8a099", "position": {"x": -896.2401791235575, "y": 167.53632506804928}, "channel": 17}, "attempt": 1}
2026-09-12 21:01:03,716 INFO response {"request_id": "685ee6cdfd6f4153bbda162702f8a099", "http_status": 200, "body": {"accepted": true, "real_timestamp_ms": 1789218060545, "virtual_time_s": 2971.45663, "measure_result": "direction", "svd_deg": 93.03}}
2026-09-12 21:01:03,749 INFO request {"path": "/measure", "payload": {"arena_id": "default", "robot_id": "202601002029", "request_id": "7ab21dc34610459690bd82c0257d7d53", "position": {"x": -932.0897862884998, "y": -174.23777807077053}, "channel": 1}, "attempt": 1}
2026-09-12 21:01:03,751 INFO response {"request_id": "7ab21dc34610459690bd82c0257d7d53", "http_status": 200, "body": {"accepted": true, "real_timestamp_ms": 1789218060580, "virtual_time_s": 3046.186458, "measure_result": "no_signal"}}
2026-09-12 21:01:03,782 INFO request {"path": "/measure", "payload": {"arena_id": "default", "robot_id": "202601002029", "request_id": "1b2113db93de4bc0ab579737a713a3b6", "position": {"x": -932.0897862884998, "y": -174.23777807077053}, "channel": 2}, "attempt": 1}
2026-09-12 21:01:03,784 INFO response {"request_id": "1b2113db93de4bc0ab579737a713a3b6", "http_status": 200, "body": {"accepted": true, "real_timestamp_ms": 1789218060612, "virtual_time_s": 3052.186458, "measure_result": "no_signal"}}
2026-09-12 21:01:03,814 INFO request {"path": "/measure", "payload": {"arena_id": "default", "robot_id": "202601002029", "request_id": "78c6813eed82406b8e69f1d61afa5ec3", "position": {"x": -932.0897862884998, "y": -174.23777807077053}, "channel": 8}, "attempt": 1}
2026-09-12 21:01:03,826 INFO response {"request_id": "78c6813eed82406b8e69f1d61afa5ec3", "http_status": 200, "body": {"accepted": true, "real_timestamp_ms": 1789218060655, "virtual_time_s": 3058.186458, "measure_result": "no_signal"}}
2026-09-12 21:01:03,842 INFO request {"path": "/measure", "payload": {"arena_id": "default", "robot_id": "202601002029", "request_id": "3b959701e43841f3a356406d255bb919", "position": {"x": -932.0897862884998, "y": -174.23777807077053}, "channel": 11}, "attempt": 1}
2026-09-12 21:01:03,857 INFO response {"request_id": "3b959701e43841f3a356406d255bb919", "http_status": 200, "body": {"accepted": true, "real_timestamp_ms": 1789218060684, "virtual_time_s": 3064.186458, "measure_result": "no_signal"}}
2026-09-12 21:01:03,873 INFO request {"path": "/measure", "payload": {"arena_id": "default", "robot_id": "202601002029", "request_id": "8f7418d55ede48de8a8ce8b83dba0889", "position": {"x": -932.0897862884998, "y": -174.23777807077053}, "channel": 13}, "attempt": 1}
2026-09-12 21:01:03,876 INFO response {"request_id": "8f7418d55ede48de8a8ce8b83dba0889", "http_status": 200, "body": {"accepted": true, "real_timestamp_ms": 1789218060704, "virtual_time_s": 3070.186458, "measure_result": "no_signal"}}
2026-09-12 21:01:03,907 INFO request {"path": "/measure", "payload": {"arena_id": "default", "robot_id": "202601002029", "request_id": "e8b20ce23551437996e04459bdf3775e", "position": {"x": -932.0897862884998, "y": -174.23777807077053}, "channel": 18}, "attempt": 1}
2026-09-12 21:01:03,924 INFO response {"request_id": "e8b20ce23551437996e04459bdf3775e", "http_status": 200, "body": {"accepted": true, "real_timestamp_ms": 1789218060753, "virtual_time_s": 3076.186458, "measure_result": "no_signal"}}
2026-09-12 21:01:03,939 INFO request {"path": "/measure", "payload": {"arena_id": "default", "robot_id": "202601002029", "request_id": "f44315ebfade4cdcae16b437e1462797", "position": {"x": -932.0897862884998, "y": -174.23777807077053}, "channel": 20}, "attempt": 1}
2026-09-12 21:01:03,953 INFO response {"request_id": "f44315ebfade4cdcae16b437e1462797", "http_status": 200, "body": {"accepted": true, "real_timestamp_ms": 1789218060782, "virtual_time_s": 3082.186458, "measure_result": "no_signal"}}
2026-09-12 21:01:04,138 INFO request {"path": "/measure", "payload": {"arena_id": "default", "robot_id": "202601002029", "request_id": "20466594fef2401aaf72d7f99cf0c202", "position": {"x": -932.0897862884998, "y": -174.23777807077053}, "channel": 4}, "attempt": 1}
2026-09-12 21:01:04,151 INFO response {"request_id": "20466594fef2401aaf72d7f99cf0c202", "http_status": 200, "body": {"accepted": true, "real_timestamp_ms": 1789218060980, "virtual_time_s": 3088.186458, "measure_result": "direction", "svd_deg": 322.63}}
2026-09-12 21:01:04,175 INFO request {"path": "/measure", "payload": {"arena_id": "default", "robot_id": "202601002029", "request_id": "087b77c92b1a4a9f84025504077c64d7", "position": {"x": -932.0897862884998, "y": -174.23777807077053}, "channel": 15}, "attempt": 1}
2026-09-12 21:01:04,177 INFO response {"request_id": "087b77c92b1a4a9f84025504077c64d7", "http_status": 200, "body": {"accepted": true, "real_timestamp_ms": 1789218061005, "virtual_time_s": 3094.186458, "measure_result": "no_signal"}}
2026-09-12 21:01:04,192 INFO request {"path": "/measure", "payload": {"arena_id": "default", "robot_id": "202601002029", "request_id": "94fed6be8a90471695fbe89f9e47d9a9", "position": {"x": -932.0897862884998, "y": -174.23777807077053}, "channel": 6}, "attempt": 1}
2026-09-12 21:01:04,194 INFO response {"request_id": "94fed6be8a90471695fbe89f9e47d9a9", "http_status": 200, "body": {"accepted": true, "real_timestamp_ms": 1789218061022, "virtual_time_s": 3100.186458, "measure_result": "direction", "svd_deg": 129.76}}
2026-09-12 21:01:04,221 INFO request {"path": "/measure", "payload": {"arena_id": "default", "robot_id": "202601002029", "request_id": "b61539a40ac64d7ca7570077d452a2ed", "position": {"x": -837.21381483022, "y": -518.3808474451137}, "channel": 1}, "attempt": 1}
2026-09-12 21:01:04,223 INFO response {"request_id": "b61539a40ac64d7ca7570077d452a2ed", "http_status": 200, "body": {"accepted": true, "real_timestamp_ms": 1789218061052, "virtual_time_s": 3177.582789, "measure_result": "no_signal"}}
2026-09-12 21:01:04,239 INFO request {"path": "/measure", "payload": {"arena_id": "default", "robot_id": "202601002029", "request_id": "d73afdc18678480fbf54b3c187ef3903", "position": {"x": -837.21381483022, "y": -518.3808474451137}, "channel": 2}, "attempt": 1}
2026-09-12 21:01:04,242 INFO response {"request_id": "d73afdc18678480fbf54b3c187ef3903", "http_status": 200, "body": {"accepted": true, "real_timestamp_ms": 1789218061070, "virtual_time_s": 3183.582789, "measure_result": "no_signal"}}
2026-09-12 21:01:04,273 INFO request {"path": "/measure", "payload": {"arena_id": "default", "robot_id": "202601002029", "request_id": "31e4e7975d85419bb74165551acb2e91", "position": {"x": -837.21381483022, "y": -518.3808474451137}, "channel": 8}, "attempt": 1}
2026-09-12 21:01:04,274 INFO response {"request_id": "31e4e7975d85419bb74165551acb2e91", "http_status": 200, "body": {"accepted": true, "real_timestamp_ms": 1789218061103, "virtual_time_s": 3189.582789, "measure_result": "no_signal"}}
2026-09-12 21:01:04,305 INFO request {"path": "/measure", "payload": {"arena_id": "default", "robot_id": "202601002029", "request_id": "61d92c141bdf4d02a7710409bc81b8b0", "position": {"x": -837.21381483022, "y": -518.3808474451137}, "channel": 11}, "attempt": 1}
2026-09-12 21:01:04,306 INFO response {"request_id": "61d92c141bdf4d02a7710409bc81b8b0", "http_status": 200, "body": {"accepted": true, "real_timestamp_ms": 1789218061135, "virtual_time_s": 3195.582789, "measure_result": "no_signal"}}
2026-09-12 21:01:04,337 INFO request {"path": "/measure", "payload": {"arena_id": "default", "robot_id": "202601002029", "request_id": "eb0e4ffa53a749c993b8f60ff50b96ba", "position": {"x": -837.21381483022, "y": -518.3808474451137}, "channel": 13}, "attempt": 1}
2026-09-12 21:01:04,348 INFO response {"request_id": "eb0e4ffa53a749c993b8f60ff50b96ba", "http_status": 200, "body": {"accepted": true, "real_timestamp_ms": 1789218061177, "virtual_time_s": 3201.582789, "measure_result": "no_signal"}}
2026-09-12 21:01:04,364 INFO request {"path": "/measure", "payload": {"arena_id": "default", "robot_id": "202601002029", "request_id": "a861c9f3695840ba9617a8591d3faa0d", "position": {"x": -837.21381483022, "y": -518.3808474451137}, "channel": 18}, "attempt": 1}
2026-09-12 21:01:04,365 INFO response {"request_id": "a861c9f3695840ba9617a8591d3faa0d", "http_status": 200, "body": {"accepted": true, "real_timestamp_ms": 1789218061193, "virtual_time_s": 3207.582789, "measure_result": "no_signal"}}
2026-09-12 21:01:04,395 INFO request {"path": "/measure", "payload": {"arena_id": "default", "robot_id": "202601002029", "request_id": "2924f8188b054ca2aa1227fe336a0663", "position": {"x": -837.21381483022, "y": -518.3808474451137}, "channel": 20}, "attempt": 1}
2026-09-12 21:01:04,396 INFO response {"request_id": "2924f8188b054ca2aa1227fe336a0663", "http_status": 200, "body": {"accepted": true, "real_timestamp_ms": 1789218061225, "virtual_time_s": 3213.582789, "measure_result": "no_signal"}}
2026-09-12 21:01:04,539 INFO request {"path": "/measure", "payload": {"arena_id": "default", "robot_id": "202601002029", "request_id": "ad36a9beb87149eba1364c978f1a6809", "position": {"x": -837.21381483022, "y": -518.3808474451137}, "channel": 19}, "attempt": 1}
2026-09-12 21:01:04,541 INFO response {"request_id": "ad36a9beb87149eba1364c978f1a6809", "http_status": 200, "body": {"accepted": true, "real_timestamp_ms": 1789218061369, "virtual_time_s": 3219.582789, "measure_result": "direction", "svd_deg": 331.98}}
2026-09-12 21:01:04,580 INFO request {"path": "/measure", "payload": {"arena_id": "default", "robot_id": "202601002029", "request_id": "7d701c6607e14fe397671b9863318686", "position": {"x": -837.21381483022, "y": -518.3808474451137}, "channel": 15}, "attempt": 1}
2026-09-12 21:01:04,594 INFO response {"request_id": "7d701c6607e14fe397671b9863318686", "http_status": 200, "body": {"accepted": true, "real_timestamp_ms": 1789218061422, "virtual_time_s": 3225.582789, "measure_result": "direction", "svd_deg": 329.35}}
2026-09-12 21:01:04,600 INFO request {"path": "/measure", "payload": {"arena_id": "default", "robot_id": "202601002029", "request_id": "f5cda80b17f846b3831f18db97505296", "position": {"x": -615.3963110319932, "y": -814.916415622645}, "channel": 1}, "attempt": 1}
2026-09-12 21:01:04,601 INFO response {"request_id": "f5cda80b17f846b3831f18db97505296", "http_status": 200, "body": {"accepted": true, "real_timestamp_ms": 1789218061430, "virtual_time_s": 3305.646639, "measure_result": "no_signal"}}
2026-09-12 21:01:04,632 INFO request {"path": "/measure", "payload": {"arena_id": "default", "robot_id": "202601002029", "request_id": "2df2483001ae484c818ea5fffd5dada5", "position": {"x": -615.3963110319932, "y": -814.916415622645}, "channel": 2}, "attempt": 1}
2026-09-12 21:01:04,653 INFO response {"request_id": "2df2483001ae484c818ea5fffd5dada5", "http_status": 200, "body": {"accepted": true, "real_timestamp_ms": 1789218061481, "virtual_time_s": 3311.646639, "measure_result": "no_signal"}}
2026-09-12 21:01:04,669 INFO request {"path": "/measure", "payload": {"arena_id": "default", "robot_id": "202601002029", "request_id": "3427705aa4034461a284920ef1ac63e8", "position": {"x": -615.3963110319932, "y": -814.916415622645}, "channel": 8}, "attempt": 1}
2026-09-12 21:01:04,682 INFO response {"request_id": "3427705aa4034461a284920ef1ac63e8", "http_status": 200, "body": {"accepted": true, "real_timestamp_ms": 1789218061511, "virtual_time_s": 3317.646639, "measure_result": "no_signal"}}
2026-09-12 21:01:04,697 INFO request {"path": "/measure", "payload": {"arena_id": "default", "robot_id": "202601002029", "request_id": "8ab331caa31846bf93b26b761c744c23", "position": {"x": -615.3963110319932, "y": -814.916415622645}, "channel": 11}, "attempt": 1}
2026-09-12 21:01:04,699 INFO response {"request_id": "8ab331caa31846bf93b26b761c744c23", "http_status": 200, "body": {"accepted": true, "real_timestamp_ms": 1789218061528, "virtual_time_s": 3323.646639, "measure_result": "no_signal"}}
2026-09-12 21:01:04,730 INFO request {"path": "/measure", "payload": {"arena_id": "default", "robot_id": "202601002029", "request_id": "a5ffd55399df472097892cc963f6093c", "position": {"x": -615.3963110319932, "y": -814.916415622645}, "channel": 13}, "attempt": 1}
2026-09-12 21:01:04,732 INFO response {"request_id": "a5ffd55399df472097892cc963f6093c", "http_status": 200, "body": {"accepted": true, "real_timestamp_ms": 1789218061560, "virtual_time_s": 3329.646639, "measure_result": "no_signal"}}
2026-09-12 21:01:04,763 INFO request {"path": "/measure", "payload": {"arena_id": "default", "robot_id": "202601002029", "request_id": "b3c4ce3e3dc84783a2b46355b891f0ca", "position": {"x": -615.3963110319932, "y": -814.916415622645}, "channel": 18}, "attempt": 1}
2026-09-12 21:01:04,780 INFO response {"request_id": "b3c4ce3e3dc84783a2b46355b891f0ca", "http_status": 200, "body": {"accepted": true, "real_timestamp_ms": 1789218061609, "virtual_time_s": 3335.646639, "measure_result": "no_signal"}}
2026-09-12 21:01:04,796 INFO request {"path": "/measure", "payload": {"arena_id": "default", "robot_id": "202601002029", "request_id": "4bd12e435f6342ec810ba4b49ace9f3a", "position": {"x": -615.3963110319932, "y": -814.916415622645}, "channel": 20}, "attempt": 1}
2026-09-12 21:01:04,810 INFO response {"request_id": "4bd12e435f6342ec810ba4b49ace9f3a", "http_status": 200, "body": {"accepted": true, "real_timestamp_ms": 1789218061639, "virtual_time_s": 3341.646639, "measure_result": "no_signal"}}
2026-09-12 21:01:04,927 INFO request {"path": "/measure", "payload": {"arena_id": "default", "robot_id": "202601002029", "request_id": "ad53e387fbc54ed9914a415777ff365f", "position": {"x": -615.3963110319932, "y": -814.916415622645}, "channel": 10}, "attempt": 1}
2026-09-12 21:01:04,929 INFO response {"request_id": "ad53e387fbc54ed9914a415777ff365f", "http_status": 200, "body": {"accepted": true, "real_timestamp_ms": 1789218061757, "virtual_time_s": 3347.646639, "measure_result": "direction", "svd_deg": 312.91}}
2026-09-12 21:01:04,966 INFO request {"path": "/measure", "payload": {"arena_id": "default", "robot_id": "202601002029", "request_id": "c20b452afc6e493f90442314a23a018e", "position": {"x": -615.3963110319932, "y": -814.916415622645}, "channel": 5}, "attempt": 1}
2026-09-12 21:01:04,968 INFO response {"request_id": "c20b452afc6e493f90442314a23a018e", "http_status": 200, "body": {"accepted": true, "real_timestamp_ms": 1789218061796, "virtual_time_s": 3353.646639, "measure_result": "direction", "svd_deg": 170.42}}
2026-09-12 21:01:04,995 INFO request {"path": "/measure", "payload": {"arena_id": "default", "robot_id": "202601002029", "request_id": "312cf5a5b8d54716b1b1d104c9e0e6a8", "position": {"x": -289.4388565585917, "y": -1017.2720626027813}, "channel": 1}, "attempt": 1}
2026-09-12 21:01:05,008 INFO response {"request_id": "312cf5a5b8d54716b1b1d104c9e0e6a8", "http_status": 200, "body": {"accepted": true, "real_timestamp_ms": 1789218061836, "virtual_time_s": 3436.378919, "measure_result": "no_signal"}}
2026-09-12 21:01:05,023 INFO request {"path": "/measure", "payload": {"arena_id": "default", "robot_id": "202601002029", "request_id": "10ef99533e124630b23c49a6f3c2cdc3", "position": {"x": -289.4388565585917, "y": -1017.2720626027813}, "channel": 2}, "attempt": 1}
2026-09-12 21:01:05,037 INFO response {"request_id": "10ef99533e124630b23c49a6f3c2cdc3", "http_status": 200, "body": {"accepted": true, "real_timestamp_ms": 1789218061865, "virtual_time_s": 3442.378919, "measure_result": "no_signal"}}
2026-09-12 21:01:05,051 INFO request {"path": "/measure", "payload": {"arena_id": "default", "robot_id": "202601002029", "request_id": "1b99c3f3e4fc4dfb922e8fd4ab771434", "position": {"x": -289.4388565585917, "y": -1017.2720626027813}, "channel": 8}, "attempt": 1}
2026-09-12 21:01:05,053 INFO response {"request_id": "1b99c3f3e4fc4dfb922e8fd4ab771434", "http_status": 200, "body": {"accepted": true, "real_timestamp_ms": 1789218061881, "virtual_time_s": 3448.378919, "measure_result": "no_signal"}}
2026-09-12 21:01:05,084 INFO request {"path": "/measure", "payload": {"arena_id": "default", "robot_id": "202601002029", "request_id": "36d78f71a7e849a18cf44cd8b4431fe4", "position": {"x": -289.4388565585917, "y": -1017.2720626027813}, "channel": 11}, "attempt": 1}
2026-09-12 21:01:05,096 INFO response {"request_id": "36d78f71a7e849a18cf44cd8b4431fe4", "http_status": 200, "body": {"accepted": true, "real_timestamp_ms": 1789218061924, "virtual_time_s": 3454.378919, "measure_result": "no_signal"}}
2026-09-12 21:01:05,126 INFO request {"path": "/measure", "payload": {"arena_id": "default", "robot_id": "202601002029", "request_id": "baecf5d51a164fea9e314934cce29672", "position": {"x": -289.4388565585917, "y": -1017.2720626027813}, "channel": 13}, "attempt": 1}
2026-09-12 21:01:05,145 INFO response {"request_id": "baecf5d51a164fea9e314934cce29672", "http_status": 200, "body": {"accepted": true, "real_timestamp_ms": 1789218061974, "virtual_time_s": 3460.378919, "measure_result": "no_signal"}}
2026-09-12 21:01:05,146 INFO request {"path": "/measure", "payload": {"arena_id": "default", "robot_id": "202601002029", "request_id": "b1d53c6ededd45c4a2910ca78917437b", "position": {"x": -289.4388565585917, "y": -1017.2720626027813}, "channel": 18}, "attempt": 1}
2026-09-12 21:01:05,146 INFO response {"request_id": "b1d53c6ededd45c4a2910ca78917437b", "http_status": 200, "body": {"accepted": true, "real_timestamp_ms": 1789218061975, "virtual_time_s": 3466.378919, "measure_result": "no_signal"}}
2026-09-12 21:01:05,177 INFO request {"path": "/measure", "payload": {"arena_id": "default", "robot_id": "202601002029", "request_id": "791f69128fcf4003a99848da608d7720", "position": {"x": -289.4388565585917, "y": -1017.2720626027813}, "channel": 20}, "attempt": 1}
2026-09-12 21:01:05,193 INFO response {"request_id": "791f69128fcf4003a99848da608d7720", "http_status": 200, "body": {"accepted": true, "real_timestamp_ms": 1789218062022, "virtual_time_s": 3472.378919, "measure_result": "no_signal"}}
2026-09-12 21:01:05,304 INFO request {"path": "/measure", "payload": {"arena_id": "default", "robot_id": "202601002029", "request_id": "f76dbcd9e75440da84f2cbdb1f7c8fe9", "position": {"x": -289.4388565585917, "y": -1017.2720626027813}, "channel": 9}, "attempt": 1}
2026-09-12 21:01:05,306 INFO response {"request_id": "f76dbcd9e75440da84f2cbdb1f7c8fe9", "http_status": 200, "body": {"accepted": true, "real_timestamp_ms": 1789218062135, "virtual_time_s": 3478.378919, "measure_result": "no_signal"}}
2026-09-12 21:01:05,337 INFO request {"path": "/measure", "payload": {"arena_id": "default", "robot_id": "202601002029", "request_id": "d223bd7262024699ad045fb16a3b401d", "position": {"x": -289.4388565585917, "y": -1017.2720626027813}, "channel": 15}, "attempt": 1}
2026-09-12 21:01:05,340 INFO response {"request_id": "d223bd7262024699ad045fb16a3b401d", "http_status": 200, "body": {"accepted": true, "real_timestamp_ms": 1789218062167, "virtual_time_s": 3484.378919, "measure_result": "direction", "svd_deg": 351.12}}
2026-09-12 21:01:05,366 INFO request {"path": "/measure", "payload": {"arena_id": "default", "robot_id": "202601002029", "request_id": "83573d2976cb40dbb397ea82264f3cac", "position": {"x": 100.95244035396591, "y": -1089.4503340639787}, "channel": 1}, "attempt": 1}
2026-09-12 21:01:05,382 INFO response {"request_id": "83573d2976cb40dbb397ea82264f3cac", "http_status": 200, "body": {"accepted": true, "real_timestamp_ms": 1789218062210, "virtual_time_s": 3569.780447, "measure_result": "no_signal"}}
2026-09-12 21:01:05,397 INFO request {"path": "/measure", "payload": {"arena_id": "default", "robot_id": "202601002029", "request_id": "575b8ecf7d534af0bbebeb291f754642", "position": {"x": 100.95244035396591, "y": -1089.4503340639787}, "channel": 2}, "attempt": 1}
2026-09-12 21:01:05,399 INFO response {"request_id": "575b8ecf7d534af0bbebeb291f754642", "http_status": 200, "body": {"accepted": true, "real_timestamp_ms": 1789218062227, "virtual_time_s": 3575.780447, "measure_result": "no_signal"}}
2026-09-12 21:01:05,430 INFO request {"path": "/measure", "payload": {"arena_id": "default", "robot_id": "202601002029", "request_id": "7d05b671dd8a4ee3a1694ccebb16ecff", "position": {"x": 100.95244035396591, "y": -1089.4503340639787}, "channel": 8}, "attempt": 1}
2026-09-12 21:01:05,432 INFO response {"request_id": "7d05b671dd8a4ee3a1694ccebb16ecff", "http_status": 200, "body": {"accepted": true, "real_timestamp_ms": 1789218062261, "virtual_time_s": 3581.780447, "measure_result": "no_signal"}}
2026-09-12 21:01:05,463 INFO request {"path": "/measure", "payload": {"arena_id": "default", "robot_id": "202601002029", "request_id": "ad62468164b84a5398cdbbd7d8db9514", "position": {"x": 100.95244035396591, "y": -1089.4503340639787}, "channel": 11}, "attempt": 1}
2026-09-12 21:01:05,480 INFO response {"request_id": "ad62468164b84a5398cdbbd7d8db9514", "http_status": 200, "body": {"accepted": true, "real_timestamp_ms": 1789218062308, "virtual_time_s": 3587.780447, "measure_result": "no_signal"}}
2026-09-12 21:01:05,496 INFO request {"path": "/measure", "payload": {"arena_id": "default", "robot_id": "202601002029", "request_id": "374ef2175b90422eb333cdf07ea33c64", "position": {"x": 100.95244035396591, "y": -1089.4503340639787}, "channel": 13}, "attempt": 1}
2026-09-12 21:01:05,509 INFO response {"request_id": "374ef2175b90422eb333cdf07ea33c64", "http_status": 200, "body": {"accepted": true, "real_timestamp_ms": 1789218062338, "virtual_time_s": 3593.780447, "measure_result": "no_signal"}}
2026-09-12 21:01:05,524 INFO request {"path": "/measure", "payload": {"arena_id": "default", "robot_id": "202601002029", "request_id": "8b4f9fa4c004450da4169cf456f0e847", "position": {"x": 100.95244035396591, "y": -1089.4503340639787}, "channel": 18}, "attempt": 1}
2026-09-12 21:01:05,525 INFO response {"request_id": "8b4f9fa4c004450da4169cf456f0e847", "http_status": 200, "body": {"accepted": true, "real_timestamp_ms": 1789218062354, "virtual_time_s": 3599.780447, "measure_result": "no_signal"}}
2026-09-12 21:01:05,556 INFO request {"path": "/measure", "payload": {"arena_id": "default", "robot_id": "202601002029", "request_id": "1fbc323b937e458489ea077cbfc781a3", "position": {"x": 100.95244035396591, "y": -1089.4503340639787}, "channel": 20}, "attempt": 1}
2026-09-12 21:01:05,578 INFO response {"request_id": "1fbc323b937e458489ea077cbfc781a3", "http_status": 200, "body": {"accepted": true, "real_timestamp_ms": 1789218062405, "virtual_time_s": 3605.780447, "measure_result": "no_signal"}}
2026-09-12 21:01:05,734 INFO request {"path": "/measure", "payload": {"arena_id": "default", "robot_id": "202601002029", "request_id": "fc83e6327dde469495eb828574c7486e", "position": {"x": 100.95244035396591, "y": -1089.4503340639787}, "channel": 10}, "attempt": 1}
2026-09-12 21:01:05,755 INFO response {"request_id": "fc83e6327dde469495eb828574c7486e", "http_status": 200, "body": {"accepted": true, "real_timestamp_ms": 1789218062583, "virtual_time_s": 3611.780447, "measure_result": "direction", "svd_deg": 215.27}}
2026-09-12 21:01:05,766 INFO request {"path": "/measure", "payload": {"arena_id": "default", "robot_id": "202601002029", "request_id": "c89e51e8c63d40589de92802d57d3d5f", "position": {"x": 100.95244035396591, "y": -1089.4503340639787}, "channel": 15}, "attempt": 1}
2026-09-12 21:01:05,783 INFO response {"request_id": "c89e51e8c63d40589de92802d57d3d5f", "http_status": 200, "body": {"accepted": true, "real_timestamp_ms": 1789218062612, "virtual_time_s": 3617.780447, "measure_result": "direction", "svd_deg": 16.49}}
2026-09-12 21:01:05,787 INFO request {"path": "/measure", "payload": {"arena_id": "default", "robot_id": "202601002029", "request_id": "89d710b083054eb68895d1ea9186927c", "position": {"x": 100.95244035396591, "y": -1089.4503340639787}, "channel": 9}, "attempt": 1}
2026-09-12 21:01:05,802 INFO response {"request_id": "89d710b083054eb68895d1ea9186927c", "http_status": 200, "body": {"accepted": true, "real_timestamp_ms": 1789218062631, "virtual_time_s": 3623.780447, "measure_result": "direction", "svd_deg": 341.45}}
2026-09-12 21:01:05,820 INFO request {"path": "/measure", "payload": {"arena_id": "default", "robot_id": "202601002029", "request_id": "b67c5cdd55454cb8afc0e6e80537771b", "position": {"x": 100.95244035396591, "y": -1089.4503340639787}, "channel": 14}, "attempt": 1}
2026-09-12 21:01:05,831 INFO response {"request_id": "b67c5cdd55454cb8afc0e6e80537771b", "http_status": 200, "body": {"accepted": true, "real_timestamp_ms": 1789218062660, "virtual_time_s": 3629.780447, "measure_result": "direction", "svd_deg": 345.33}}
2026-09-12 21:01:05,851 INFO request {"path": "/measure", "payload": {"arena_id": "default", "robot_id": "202601002029", "request_id": "e975418cddae4236827a2099d9f671e0", "position": {"x": 503.946541060297, "y": -1012.0610858731943}, "channel": 1}, "attempt": 1}
2026-09-12 21:01:05,872 INFO response {"request_id": "e975418cddae4236827a2099d9f671e0", "http_status": 200, "body": {"accepted": true, "real_timestamp_ms": 1789218062700, "virtual_time_s": 3717.851962, "measure_result": "no_signal"}}
2026-09-12 21:01:05,887 INFO request {"path": "/measure", "payload": {"arena_id": "default", "robot_id": "202601002029", "request_id": "e33e801648f8443cbbbd9f23399bc978", "position": {"x": 503.946541060297, "y": -1012.0610858731943}, "channel": 2}, "attempt": 1}
2026-09-12 21:01:05,901 INFO response {"request_id": "e33e801648f8443cbbbd9f23399bc978", "http_status": 200, "body": {"accepted": true, "real_timestamp_ms": 1789218062730, "virtual_time_s": 3723.851962, "measure_result": "no_signal"}}
2026-09-12 21:01:05,917 INFO request {"path": "/measure", "payload": {"arena_id": "default", "robot_id": "202601002029", "request_id": "de1cc7f46c3d46e99c377038f51d4afb", "position": {"x": 503.946541060297, "y": -1012.0610858731943}, "channel": 8}, "attempt": 1}
2026-09-12 21:01:05,931 INFO response {"request_id": "de1cc7f46c3d46e99c377038f51d4afb", "http_status": 200, "body": {"accepted": true, "real_timestamp_ms": 1789218062759, "virtual_time_s": 3729.851962, "measure_result": "no_signal"}}
2026-09-12 21:01:05,945 INFO request {"path": "/measure", "payload": {"arena_id": "default", "robot_id": "202601002029", "request_id": "4170256d1c5547798491e43af04a187b", "position": {"x": 503.946541060297, "y": -1012.0610858731943}, "channel": 11}, "attempt": 1}
2026-09-12 21:01:05,947 INFO response {"request_id": "4170256d1c5547798491e43af04a187b", "http_status": 200, "body": {"accepted": true, "real_timestamp_ms": 1789218062776, "virtual_time_s": 3735.851962, "measure_result": "no_signal"}}
2026-09-12 21:01:05,978 INFO request {"path": "/measure", "payload": {"arena_id": "default", "robot_id": "202601002029", "request_id": "98b22dad3c224468aad49ab31cd8cfe8", "position": {"x": 503.946541060297, "y": -1012.0610858731943}, "channel": 13}, "attempt": 1}
2026-09-12 21:01:05,999 INFO response {"request_id": "98b22dad3c224468aad49ab31cd8cfe8", "http_status": 200, "body": {"accepted": true, "real_timestamp_ms": 1789218062827, "virtual_time_s": 3741.851962, "measure_result": "no_signal"}}
2026-09-12 21:01:06,014 INFO request {"path": "/measure", "payload": {"arena_id": "default", "robot_id": "202601002029", "request_id": "09e5211f31d84f22ad96a852af4785bc", "position": {"x": 503.946541060297, "y": -1012.0610858731943}, "channel": 18}, "attempt": 1}
2026-09-12 21:01:06,031 INFO response {"request_id": "09e5211f31d84f22ad96a852af4785bc", "http_status": 200, "body": {"accepted": true, "real_timestamp_ms": 1789218062858, "virtual_time_s": 3747.851962, "measure_result": "no_signal"}}
2026-09-12 21:01:06,046 INFO request {"path": "/measure", "payload": {"arena_id": "default", "robot_id": "202601002029", "request_id": "e7aa060afbd440beb6c7848c3f88e152", "position": {"x": 503.946541060297, "y": -1012.0610858731943}, "channel": 20}, "attempt": 1}
2026-09-12 21:01:06,048 INFO response {"request_id": "e7aa060afbd440beb6c7848c3f88e152", "http_status": 200, "body": {"accepted": true, "real_timestamp_ms": 1789218062877, "virtual_time_s": 3753.851962, "measure_result": "no_signal"}}
2026-09-12 21:01:06,080 INFO request {"path": "/measure", "payload": {"arena_id": "default", "robot_id": "202601002029", "request_id": "5be0ca1913854821a704e9948408769d", "position": {"x": 862.4668775092866, "y": -786.242445291041}, "channel": 20}, "attempt": 1}
2026-09-12 21:01:06,098 INFO response {"request_id": "5be0ca1913854821a704e9948408769d", "http_status": 200, "body": {"accepted": true, "real_timestamp_ms": 1789218062926, "virtual_time_s": 3843.594133, "measure_result": "no_signal"}}
2026-09-12 21:01:06,098 INFO request {"path": "/measure", "payload": {"arena_id": "default", "robot_id": "202601002029", "request_id": "4ccfbe6006b14b6dafc0bf861d78a8ae", "position": {"x": 862.4668775092866, "y": -786.242445291041}, "channel": 1}, "attempt": 1}
2026-09-12 21:01:06,118 INFO response {"request_id": "4ccfbe6006b14b6dafc0bf861d78a8ae", "http_status": 200, "body": {"accepted": true, "real_timestamp_ms": 1789218062946, "virtual_time_s": 3849.594133, "measure_result": "no_signal"}}
2026-09-12 21:01:06,132 INFO request {"path": "/measure", "payload": {"arena_id": "default", "robot_id": "202601002029", "request_id": "f8b14daa4b2645158d280ee7893030ec", "position": {"x": 862.4668775092866, "y": -786.242445291041}, "channel": 2}, "attempt": 1}
2026-09-12 21:01:06,148 INFO response {"request_id": "f8b14daa4b2645158d280ee7893030ec", "http_status": 200, "body": {"accepted": true, "real_timestamp_ms": 1789218062976, "virtual_time_s": 3855.594133, "measure_result": "no_signal"}}
2026-09-12 21:01:06,163 INFO request {"path": "/measure", "payload": {"arena_id": "default", "robot_id": "202601002029", "request_id": "4c02a74167cd480d86ce38c5986077ac", "position": {"x": 862.4668775092866, "y": -786.242445291041}, "channel": 8}, "attempt": 1}
2026-09-12 21:01:06,177 INFO response {"request_id": "4c02a74167cd480d86ce38c5986077ac", "http_status": 200, "body": {"accepted": true, "real_timestamp_ms": 1789218063006, "virtual_time_s": 3861.594133, "measure_result": "no_signal"}}
2026-09-12 21:01:06,193 INFO request {"path": "/measure", "payload": {"arena_id": "default", "robot_id": "202601002029", "request_id": "edcc29602681423e869a14cca7bd29cb", "position": {"x": 862.4668775092866, "y": -786.242445291041}, "channel": 11}, "attempt": 1}
2026-09-12 21:01:06,208 INFO response {"request_id": "edcc29602681423e869a14cca7bd29cb", "http_status": 200, "body": {"accepted": true, "real_timestamp_ms": 1789218063036, "virtual_time_s": 3867.594133, "measure_result": "no_signal"}}
2026-09-12 21:01:06,223 INFO request {"path": "/measure", "payload": {"arena_id": "default", "robot_id": "202601002029", "request_id": "e249f7b7780b4034950f0a41f4e9c10a", "position": {"x": 862.4668775092866, "y": -786.242445291041}, "channel": 13}, "attempt": 1}
2026-09-12 21:01:06,236 INFO response {"request_id": "e249f7b7780b4034950f0a41f4e9c10a", "http_status": 200, "body": {"accepted": true, "real_timestamp_ms": 1789218063064, "virtual_time_s": 3873.594133, "measure_result": "no_signal"}}
2026-09-12 21:01:06,268 INFO request {"path": "/measure", "payload": {"arena_id": "default", "robot_id": "202601002029", "request_id": "e253eb56115644ab83a465e325638e6c", "position": {"x": 862.4668775092866, "y": -786.242445291041}, "channel": 18}, "attempt": 1}
2026-09-12 21:01:06,285 INFO response {"request_id": "e253eb56115644ab83a465e325638e6c", "http_status": 200, "body": {"accepted": true, "real_timestamp_ms": 1789218063113, "virtual_time_s": 3879.594133, "measure_result": "no_signal"}}
2026-09-12 21:01:06,349 INFO request {"path": "/measure", "payload": {"arena_id": "default", "robot_id": "202601002029", "request_id": "781ad45bb89946be88337a7dc4af4193", "position": {"x": 862.4668775092866, "y": -786.242445291041}, "channel": 14}, "attempt": 1}
2026-09-12 21:01:06,364 INFO response {"request_id": "781ad45bb89946be88337a7dc4af4193", "http_status": 200, "body": {"accepted": true, "real_timestamp_ms": 1789218063192, "virtual_time_s": 3885.594133, "measure_result": "direction", "svd_deg": 260.01}}
2026-09-12 21:01:06,393 INFO request {"path": "/measure", "payload": {"arena_id": "default", "robot_id": "202601002029", "request_id": "18593b83850f48cd970c7e44d87b2237", "position": {"x": 862.4668775092866, "y": -786.242445291041}, "channel": 9}, "attempt": 1}
2026-09-12 21:01:06,415 INFO response {"request_id": "18593b83850f48cd970c7e44d87b2237", "http_status": 200, "body": {"accepted": true, "real_timestamp_ms": 1789218063243, "virtual_time_s": 3891.594133, "measure_result": "direction", "svd_deg": 270.28}}
2026-09-12 21:01:06,428 INFO request {"path": "/measure", "payload": {"arena_id": "default", "robot_id": "202601002029", "request_id": "d75b432f8e2e4c9ca46b73e8f0a5f3f0", "position": {"x": 1122.2577537419484, "y": -434.7649700111258}, "channel": 1}, "attempt": 1}
2026-09-12 21:01:06,430 INFO response {"request_id": "d75b432f8e2e4c9ca46b73e8f0a5f3f0", "http_status": 200, "body": {"accepted": true, "real_timestamp_ms": 1789218063259, "virtual_time_s": 3985.007568, "measure_result": "no_signal"}}
2026-09-12 21:01:06,461 INFO request {"path": "/measure", "payload": {"arena_id": "default", "robot_id": "202601002029", "request_id": "fef459524f6a4625b308022d8e6837bd", "position": {"x": 1122.2577537419484, "y": -434.7649700111258}, "channel": 2}, "attempt": 1}
2026-09-12 21:01:06,482 INFO response {"request_id": "fef459524f6a4625b308022d8e6837bd", "http_status": 200, "body": {"accepted": true, "real_timestamp_ms": 1789218063311, "virtual_time_s": 3991.007568, "measure_result": "no_signal"}}
2026-09-12 21:01:06,498 INFO request {"path": "/measure", "payload": {"arena_id": "default", "robot_id": "202601002029", "request_id": "a7528f8f88484695b065a454508c0b77", "position": {"x": 1122.2577537419484, "y": -434.7649700111258}, "channel": 8}, "attempt": 1}
2026-09-12 21:01:06,512 INFO response {"request_id": "a7528f8f88484695b065a454508c0b77", "http_status": 200, "body": {"accepted": true, "real_timestamp_ms": 1789218063340, "virtual_time_s": 3997.007568, "measure_result": "no_signal"}}
2026-09-12 21:01:06,526 INFO request {"path": "/measure", "payload": {"arena_id": "default", "robot_id": "202601002029", "request_id": "884e0eb8aba74b0a9a71319d19a22a03", "position": {"x": 1122.2577537419484, "y": -434.7649700111258}, "channel": 11}, "attempt": 1}
2026-09-12 21:01:06,541 INFO response {"request_id": "884e0eb8aba74b0a9a71319d19a22a03", "http_status": 200, "body": {"accepted": true, "real_timestamp_ms": 1789218063369, "virtual_time_s": 4003.007568, "measure_result": "no_signal"}}
2026-09-12 21:01:06,555 INFO request {"path": "/measure", "payload": {"arena_id": "default", "robot_id": "202601002029", "request_id": "4ebbc7cb7a7f4e86bee0f6f62be13a91", "position": {"x": 1122.2577537419484, "y": -434.7649700111258}, "channel": 13}, "attempt": 1}
2026-09-12 21:01:06,556 INFO response {"request_id": "4ebbc7cb7a7f4e86bee0f6f62be13a91", "http_status": 200, "body": {"accepted": true, "real_timestamp_ms": 1789218063385, "virtual_time_s": 4009.007568, "measure_result": "no_signal"}}
2026-09-12 21:01:06,587 INFO request {"path": "/measure", "payload": {"arena_id": "default", "robot_id": "202601002029", "request_id": "f2d70c0479064a51aca60b5b836d38eb", "position": {"x": 1122.2577537419484, "y": -434.7649700111258}, "channel": 18}, "attempt": 1}
2026-09-12 21:01:06,588 INFO response {"request_id": "f2d70c0479064a51aca60b5b836d38eb", "http_status": 200, "body": {"accepted": true, "real_timestamp_ms": 1789218063417, "virtual_time_s": 4015.007568, "measure_result": "no_signal"}}
2026-09-12 21:01:06,619 INFO request {"path": "/measure", "payload": {"arena_id": "default", "robot_id": "202601002029", "request_id": "ae4333ec922245db99468734b29f7764", "position": {"x": 1122.2577537419484, "y": -434.7649700111258}, "channel": 20}, "attempt": 1}
2026-09-12 21:01:06,620 INFO response {"request_id": "ae4333ec922245db99468734b29f7764", "http_status": 200, "body": {"accepted": true, "real_timestamp_ms": 1789218063448, "virtual_time_s": 4021.007568, "measure_result": "no_signal"}}
2026-09-12 21:01:06,644 INFO request {"path": "/measure", "payload": {"arena_id": "default", "robot_id": "202601002029", "request_id": "67a8c6ee526a4f28a534ec4d6577956f", "position": {"x": 1240.0, "y": -6.074248123770871e-13}, "channel": 20}, "attempt": 1}
2026-09-12 21:01:06,661 INFO response {"request_id": "67a8c6ee526a4f28a534ec4d6577956f", "http_status": 200, "body": {"accepted": true, "real_timestamp_ms": 1789218063489, "virtual_time_s": 4116.09282, "measure_result": "no_signal"}}
2026-09-12 21:01:06,675 INFO request {"path": "/measure", "payload": {"arena_id": "default", "robot_id": "202601002029", "request_id": "5c52e0fd45c446c688dd737f9a0d2e91", "position": {"x": 1240.0, "y": -6.074248123770871e-13}, "channel": 1}, "attempt": 1}
2026-09-12 21:01:06,676 INFO response {"request_id": "5c52e0fd45c446c688dd737f9a0d2e91", "http_status": 200, "body": {"accepted": true, "real_timestamp_ms": 1789218063504, "virtual_time_s": 4122.09282, "measure_result": "no_signal"}}
2026-09-12 21:01:06,691 INFO request {"path": "/measure", "payload": {"arena_id": "default", "robot_id": "202601002029", "request_id": "02e99362def347d6afd1d02cc014f443", "position": {"x": 1240.0, "y": -6.074248123770871e-13}, "channel": 2}, "attempt": 1}
2026-09-12 21:01:06,710 INFO response {"request_id": "02e99362def347d6afd1d02cc014f443", "http_status": 200, "body": {"accepted": true, "real_timestamp_ms": 1789218063538, "virtual_time_s": 4128.09282, "measure_result": "no_signal"}}
2026-09-12 21:01:06,724 INFO request {"path": "/measure", "payload": {"arena_id": "default", "robot_id": "202601002029", "request_id": "06c50924e4674e7cb40ba300b0dcb20d", "position": {"x": 1240.0, "y": -6.074248123770871e-13}, "channel": 8}, "attempt": 1}
2026-09-12 21:01:06,739 INFO response {"request_id": "06c50924e4674e7cb40ba300b0dcb20d", "http_status": 200, "body": {"accepted": true, "real_timestamp_ms": 1789218063567, "virtual_time_s": 4134.09282, "measure_result": "no_signal"}}
2026-09-12 21:01:06,754 INFO request {"path": "/measure", "payload": {"arena_id": "default", "robot_id": "202601002029", "request_id": "2ab032bbffa240a98554780375d3a4d5", "position": {"x": 1240.0, "y": -6.074248123770871e-13}, "channel": 11}, "attempt": 1}
2026-09-12 21:01:06,769 INFO response {"request_id": "2ab032bbffa240a98554780375d3a4d5", "http_status": 200, "body": {"accepted": true, "real_timestamp_ms": 1789218063597, "virtual_time_s": 4140.09282, "measure_result": "no_signal"}}
2026-09-12 21:01:06,785 INFO request {"path": "/measure", "payload": {"arena_id": "default", "robot_id": "202601002029", "request_id": "9a641a8418ce466bab7a1b51a6faac6d", "position": {"x": 1240.0, "y": -6.074248123770871e-13}, "channel": 13}, "attempt": 1}
2026-09-12 21:01:06,798 INFO response {"request_id": "9a641a8418ce466bab7a1b51a6faac6d", "http_status": 200, "body": {"accepted": true, "real_timestamp_ms": 1789218063627, "virtual_time_s": 4146.09282, "measure_result": "no_signal"}}
2026-09-12 21:01:06,829 INFO request {"path": "/measure", "payload": {"arena_id": "default", "robot_id": "202601002029", "request_id": "a2148eca8c364fe99813de961a7760d5", "position": {"x": 1240.0, "y": -6.074248123770871e-13}, "channel": 18}, "attempt": 1}
2026-09-12 21:01:06,848 INFO response {"request_id": "a2148eca8c364fe99813de961a7760d5", "http_status": 200, "body": {"accepted": true, "real_timestamp_ms": 1789218063676, "virtual_time_s": 4152.09282, "measure_result": "no_signal"}}
2026-09-12 21:01:06,920 INFO request {"path": "/measure", "payload": {"arena_id": "default", "robot_id": "202601002029", "request_id": "3b4f78dd059d46e29468edeb0b1025fb", "position": {"x": 1190.2733751808541, "y": 461.1143621330131}, "channel": 18}, "attempt": 1}
2026-09-12 21:01:06,938 INFO response {"request_id": "3b4f78dd059d46e29468edeb0b1025fb", "http_status": 200, "body": {"accepted": true, "real_timestamp_ms": 1789218063766, "virtual_time_s": 4249.850395, "measure_result": "no_signal"}}
2026-09-12 21:01:06,952 INFO request {"path": "/measure", "payload": {"arena_id": "default", "robot_id": "202601002029", "request_id": "00f0344994b6453caf931d8ca4dcb9c3", "position": {"x": 1190.2733751808541, "y": 461.1143621330131}, "channel": 1}, "attempt": 1}
2026-09-12 21:01:06,968 INFO response {"request_id": "00f0344994b6453caf931d8ca4dcb9c3", "http_status": 200, "body": {"accepted": true, "real_timestamp_ms": 1789218063796, "virtual_time_s": 4255.850395, "measure_result": "no_signal"}}
2026-09-12 21:01:06,983 INFO request {"path": "/measure", "payload": {"arena_id": "default", "robot_id": "202601002029", "request_id": "a9edc21a5cdb44b99ad7f0aab9d18d79", "position": {"x": 1190.2733751808541, "y": 461.1143621330131}, "channel": 2}, "attempt": 1}
2026-09-12 21:01:06,998 INFO response {"request_id": "a9edc21a5cdb44b99ad7f0aab9d18d79", "http_status": 200, "body": {"accepted": true, "real_timestamp_ms": 1789218063826, "virtual_time_s": 4261.850395, "measure_result": "no_signal"}}
2026-09-12 21:01:07,013 INFO request {"path": "/measure", "payload": {"arena_id": "default", "robot_id": "202601002029", "request_id": "8676d58fa2f1443cba2eac4d0162f1ac", "position": {"x": 1190.2733751808541, "y": 461.1143621330131}, "channel": 8}, "attempt": 1}
2026-09-12 21:01:07,029 INFO response {"request_id": "8676d58fa2f1443cba2eac4d0162f1ac", "http_status": 200, "body": {"accepted": true, "real_timestamp_ms": 1789218063857, "virtual_time_s": 4267.850395, "measure_result": "no_signal"}}
2026-09-12 21:01:07,045 INFO request {"path": "/measure", "payload": {"arena_id": "default", "robot_id": "202601002029", "request_id": "d9d1a755579549968568efeedb693c18", "position": {"x": 1190.2733751808541, "y": 461.1143621330131}, "channel": 11}, "attempt": 1}
2026-09-12 21:01:07,057 INFO response {"request_id": "d9d1a755579549968568efeedb693c18", "http_status": 200, "body": {"accepted": true, "real_timestamp_ms": 1789218063886, "virtual_time_s": 4273.850395, "measure_result": "no_signal"}}
2026-09-12 21:01:07,072 INFO request {"path": "/measure", "payload": {"arena_id": "default", "robot_id": "202601002029", "request_id": "427e50b29e28422bb5b5787b8050a00a", "position": {"x": 1190.2733751808541, "y": 461.1143621330131}, "channel": 13}, "attempt": 1}
2026-09-12 21:01:07,074 INFO response {"request_id": "427e50b29e28422bb5b5787b8050a00a", "http_status": 200, "body": {"accepted": true, "real_timestamp_ms": 1789218063902, "virtual_time_s": 4279.850395, "measure_result": "no_signal"}}
2026-09-12 21:01:07,105 INFO request {"path": "/measure", "payload": {"arena_id": "default", "robot_id": "202601002029", "request_id": "dbd2e9a0af9a4edf869e3c833a9645cc", "position": {"x": 1190.2733751808541, "y": 461.1143621330131}, "channel": 20}, "attempt": 1}
2026-09-12 21:01:07,125 INFO response {"request_id": "dbd2e9a0af9a4edf869e3c833a9645cc", "http_status": 200, "body": {"accepted": true, "real_timestamp_ms": 1789218063954, "virtual_time_s": 4285.850395, "measure_result": "no_signal"}}
2026-09-12 21:01:07,187 INFO request {"path": "/measure", "payload": {"arena_id": "default", "robot_id": "202601002029", "request_id": "62da12cdf025471eadf84b5da9bfdfc7", "position": {"x": 1190.2733751808541, "y": 461.1143621330131}, "channel": 7}, "attempt": 1}
2026-09-12 21:01:07,205 INFO response {"request_id": "62da12cdf025471eadf84b5da9bfdfc7", "http_status": 200, "body": {"accepted": true, "real_timestamp_ms": 1789218064034, "virtual_time_s": 4291.850395, "measure_result": "direction", "svd_deg": 120.51}}
2026-09-12 21:01:07,213 INFO request {"path": "/measure", "payload": {"arena_id": "default", "robot_id": "202601002029", "request_id": "422d92146fd5465581378da74e0882fc", "position": {"x": 970.2752371979483, "y": 884.52275095242}, "channel": 1}, "attempt": 1}
2026-09-12 21:01:07,225 INFO response {"request_id": "422d92146fd5465581378da74e0882fc", "http_status": 200, "body": {"accepted": true, "real_timestamp_ms": 1789218064054, "virtual_time_s": 4393.280756, "measure_result": "no_signal"}}
2026-09-12 21:01:07,241 INFO request {"path": "/measure", "payload": {"arena_id": "default", "robot_id": "202601002029", "request_id": "66170f7b6c1046c5afe05a4f8ffce2b0", "position": {"x": 970.2752371979483, "y": 884.52275095242}, "channel": 2}, "attempt": 1}
2026-09-12 21:01:07,255 INFO response {"request_id": "66170f7b6c1046c5afe05a4f8ffce2b0", "http_status": 200, "body": {"accepted": true, "real_timestamp_ms": 1789218064083, "virtual_time_s": 4399.280756, "measure_result": "no_signal"}}
2026-09-12 21:01:07,270 INFO request {"path": "/measure", "payload": {"arena_id": "default", "robot_id": "202601002029", "request_id": "661f308b827f48a392b193c2f6115e45", "position": {"x": 970.2752371979483, "y": 884.52275095242}, "channel": 8}, "attempt": 1}
2026-09-12 21:01:07,272 INFO response {"request_id": "661f308b827f48a392b193c2f6115e45", "http_status": 200, "body": {"accepted": true, "real_timestamp_ms": 1789218064100, "virtual_time_s": 4405.280756, "measure_result": "no_signal"}}
2026-09-12 21:01:07,303 INFO request {"path": "/measure", "payload": {"arena_id": "default", "robot_id": "202601002029", "request_id": "d5953649efa2495ea2d20dacf5df53e0", "position": {"x": 970.2752371979483, "y": 884.52275095242}, "channel": 11}, "attempt": 1}
2026-09-12 21:01:07,322 INFO response {"request_id": "d5953649efa2495ea2d20dacf5df53e0", "http_status": 200, "body": {"accepted": true, "real_timestamp_ms": 1789218064151, "virtual_time_s": 4411.280756, "measure_result": "no_signal"}}
2026-09-12 21:01:07,338 INFO request {"path": "/measure", "payload": {"arena_id": "default", "robot_id": "202601002029", "request_id": "694cbd082bae4701ba4830a3038b1956", "position": {"x": 970.2752371979483, "y": 884.52275095242}, "channel": 13}, "attempt": 1}
2026-09-12 21:01:07,352 INFO response {"request_id": "694cbd082bae4701ba4830a3038b1956", "http_status": 200, "body": {"accepted": true, "real_timestamp_ms": 1789218064181, "virtual_time_s": 4417.280756, "measure_result": "no_signal"}}
2026-09-12 21:01:07,368 INFO request {"path": "/measure", "payload": {"arena_id": "default", "robot_id": "202601002029", "request_id": "80f2446798c748309f046b0c0a23bbed", "position": {"x": 970.2752371979483, "y": 884.52275095242}, "channel": 18}, "attempt": 1}
2026-09-12 21:01:07,370 INFO response {"request_id": "80f2446798c748309f046b0c0a23bbed", "http_status": 200, "body": {"accepted": true, "real_timestamp_ms": 1789218064198, "virtual_time_s": 4423.280756, "measure_result": "no_signal"}}
2026-09-12 21:01:07,400 INFO request {"path": "/measure", "payload": {"arena_id": "default", "robot_id": "202601002029", "request_id": "8147100876cd4833a87e4e702fe18163", "position": {"x": 970.2752371979483, "y": 884.52275095242}, "channel": 20}, "attempt": 1}
2026-09-12 21:01:07,422 INFO response {"request_id": "8147100876cd4833a87e4e702fe18163", "http_status": 200, "body": {"accepted": true, "real_timestamp_ms": 1789218064249, "virtual_time_s": 4429.280756, "measure_result": "no_signal"}}
2026-09-12 21:01:07,439 INFO request {"path": "/measure", "payload": {"arena_id": "default", "robot_id": "202601002029", "request_id": "174a90da72ba448d81efad18dc3881fa", "position": {"x": 601.484581265517, "y": 1207.9438766873602}, "channel": 20}, "attempt": 1}
2026-09-12 21:01:07,460 INFO response {"request_id": "174a90da72ba448d81efad18dc3881fa", "http_status": 200, "body": {"accepted": true, "real_timestamp_ms": 1789218064288, "virtual_time_s": 4532.384328, "measure_result": "no_signal"}}
2026-09-12 21:01:07,460 INFO request {"path": "/measure", "payload": {"arena_id": "default", "robot_id": "202601002029", "request_id": "2f1515d722f34e98a504f29ef0049172", "position": {"x": 601.484581265517, "y": 1207.9438766873602}, "channel": 1}, "attempt": 1}
2026-09-12 21:01:07,479 INFO response {"request_id": "2f1515d722f34e98a504f29ef0049172", "http_status": 200, "body": {"accepted": true, "real_timestamp_ms": 1789218064307, "virtual_time_s": 4538.384328, "measure_result": "no_signal"}}
2026-09-12 21:01:07,495 INFO request {"path": "/measure", "payload": {"arena_id": "default", "robot_id": "202601002029", "request_id": "d8c0f5f9afcc468492008902e2a2d077", "position": {"x": 601.484581265517, "y": 1207.9438766873602}, "channel": 2}, "attempt": 1}
2026-09-12 21:01:07,497 INFO response {"request_id": "d8c0f5f9afcc468492008902e2a2d077", "http_status": 200, "body": {"accepted": true, "real_timestamp_ms": 1789218064325, "virtual_time_s": 4544.384328, "measure_result": "no_signal"}}
2026-09-12 21:01:07,528 INFO request {"path": "/measure", "payload": {"arena_id": "default", "robot_id": "202601002029", "request_id": "523b1518528b4ee4ad98156c018cfcbe", "position": {"x": 601.484581265517, "y": 1207.9438766873602}, "channel": 8}, "attempt": 1}
2026-09-12 21:01:07,530 INFO response {"request_id": "523b1518528b4ee4ad98156c018cfcbe", "http_status": 200, "body": {"accepted": true, "real_timestamp_ms": 1789218064358, "virtual_time_s": 4550.384328, "measure_result": "no_signal"}}
2026-09-12 21:01:07,561 INFO request {"path": "/measure", "payload": {"arena_id": "default", "robot_id": "202601002029", "request_id": "68e3e2a165f642208eae519eaf6d31f2", "position": {"x": 601.484581265517, "y": 1207.9438766873602}, "channel": 11}, "attempt": 1}
2026-09-12 21:01:07,562 INFO response {"request_id": "68e3e2a165f642208eae519eaf6d31f2", "http_status": 200, "body": {"accepted": true, "real_timestamp_ms": 1789218064391, "virtual_time_s": 4556.384328, "measure_result": "no_signal"}}
2026-09-12 21:01:07,593 INFO request {"path": "/measure", "payload": {"arena_id": "default", "robot_id": "202601002029", "request_id": "42b829b0d5cd47d489c6a50d83b95d37", "position": {"x": 601.484581265517, "y": 1207.9438766873602}, "channel": 13}, "attempt": 1}
2026-09-12 21:01:07,608 INFO response {"request_id": "42b829b0d5cd47d489c6a50d83b95d37", "http_status": 200, "body": {"accepted": true, "real_timestamp_ms": 1789218064436, "virtual_time_s": 4562.384328, "measure_result": "no_signal"}}
2026-09-12 21:01:07,624 INFO request {"path": "/measure", "payload": {"arena_id": "default", "robot_id": "202601002029", "request_id": "cf762731338b4bb2aa103dda78dd5019", "position": {"x": 601.484581265517, "y": 1207.9438766873602}, "channel": 18}, "attempt": 1}
2026-09-12 21:01:07,637 INFO response {"request_id": "cf762731338b4bb2aa103dda78dd5019", "http_status": 200, "body": {"accepted": true, "real_timestamp_ms": 1789218064466, "virtual_time_s": 4568.384328, "measure_result": "no_signal"}}
2026-09-12 21:01:07,679 INFO request {"path": "/measure", "payload": {"arena_id": "default", "robot_id": "202601002029", "request_id": "c77d74bce91a4c17a7ed41f00f7a01c1", "position": {"x": 127.8730911150224, "y": 1379.970423147707}, "channel": 18}, "attempt": 1}
2026-09-12 21:01:07,681 INFO response {"request_id": "c77d74bce91a4c17a7ed41f00f7a01c1", "http_status": 200, "body": {"accepted": true, "real_timestamp_ms": 1789218064509, "virtual_time_s": 4674.161503, "measure_result": "no_signal"}}
2026-09-12 21:01:07,711 INFO request {"path": "/measure", "payload": {"arena_id": "default", "robot_id": "202601002029", "request_id": "c12b1f631c5644fa94113a01b780e352", "position": {"x": 127.8730911150224, "y": 1379.970423147707}, "channel": 1}, "attempt": 1}
2026-09-12 21:01:07,712 INFO response {"request_id": "c12b1f631c5644fa94113a01b780e352", "http_status": 200, "body": {"accepted": true, "real_timestamp_ms": 1789218064541, "virtual_time_s": 4680.161503, "measure_result": "no_signal"}}
2026-09-12 21:01:07,743 INFO request {"path": "/measure", "payload": {"arena_id": "default", "robot_id": "202601002029", "request_id": "c08e44d6e85c4780b11ee3a6ba9f5f50", "position": {"x": 127.8730911150224, "y": 1379.970423147707}, "channel": 2}, "attempt": 1}
2026-09-12 21:01:07,744 INFO response {"request_id": "c08e44d6e85c4780b11ee3a6ba9f5f50", "http_status": 200, "body": {"accepted": true, "real_timestamp_ms": 1789218064573, "virtual_time_s": 4686.161503, "measure_result": "no_signal"}}
2026-09-12 21:01:07,775 INFO request {"path": "/measure", "payload": {"arena_id": "default", "robot_id": "202601002029", "request_id": "2061fce4cb9644a58269a5f8db279a76", "position": {"x": 127.8730911150224, "y": 1379.970423147707}, "channel": 8}, "attempt": 1}
2026-09-12 21:01:07,797 INFO response {"request_id": "2061fce4cb9644a58269a5f8db279a76", "http_status": 200, "body": {"accepted": true, "real_timestamp_ms": 1789218064624, "virtual_time_s": 4692.161503, "measure_result": "no_signal"}}
2026-09-12 21:01:07,811 INFO request {"path": "/measure", "payload": {"arena_id": "default", "robot_id": "202601002029", "request_id": "c35fc58bc510424a91bfe2c52b3fa316", "position": {"x": 127.8730911150224, "y": 1379.970423147707}, "channel": 11}, "attempt": 1}
2026-09-12 21:01:07,824 INFO response {"request_id": "c35fc58bc510424a91bfe2c52b3fa316", "http_status": 200, "body": {"accepted": true, "real_timestamp_ms": 1789218064653, "virtual_time_s": 4698.161503, "measure_result": "no_signal"}}
2026-09-12 21:01:07,841 INFO request {"path": "/measure", "payload": {"arena_id": "default", "robot_id": "202601002029", "request_id": "9591d60d97d84afcb2834eccebdae4f7", "position": {"x": 127.8730911150224, "y": 1379.970423147707}, "channel": 13}, "attempt": 1}
2026-09-12 21:01:07,843 INFO response {"request_id": "9591d60d97d84afcb2834eccebdae4f7", "http_status": 200, "body": {"accepted": true, "real_timestamp_ms": 1789218064671, "virtual_time_s": 4704.161503, "measure_result": "no_signal"}}
2026-09-12 21:01:07,874 INFO request {"path": "/measure", "payload": {"arena_id": "default", "robot_id": "202601002029", "request_id": "9b82f32d905b4c1db1ec772d9e446867", "position": {"x": 127.8730911150224, "y": 1379.970423147707}, "channel": 20}, "attempt": 1}
2026-09-12 21:01:07,893 INFO response {"request_id": "9b82f32d905b4c1db1ec772d9e446867", "http_status": 200, "body": {"accepted": true, "real_timestamp_ms": 1789218064721, "virtual_time_s": 4710.161503, "measure_result": "no_signal"}}
2026-09-12 21:01:07,941 INFO request {"path": "/measure", "payload": {"arena_id": "default", "robot_id": "202601002029", "request_id": "a4be56c2aff74d62b88fe789b02874b9", "position": {"x": 127.8730911150224, "y": 1379.970423147707}, "channel": 3}, "attempt": 1}
2026-09-12 21:01:07,942 INFO response {"request_id": "a4be56c2aff74d62b88fe789b02874b9", "http_status": 200, "body": {"accepted": true, "real_timestamp_ms": 1789218064771, "virtual_time_s": 4716.161503, "measure_result": "direction", "svd_deg": 151.94}}
2026-09-12 21:01:07,979 INFO request {"path": "/measure", "payload": {"arena_id": "default", "robot_id": "202601002029", "request_id": "41b89c7efb054c9481048adce9fbba0b", "position": {"x": -389.2453588201737, "y": 1368.0555324658098}, "channel": 1}, "attempt": 1}
2026-09-12 21:01:07,992 INFO response {"request_id": "41b89c7efb054c9481048adce9fbba0b", "http_status": 200, "body": {"accepted": true, "real_timestamp_ms": 1789218064820, "virtual_time_s": 4825.612642, "measure_result": "no_signal"}}
2026-09-12 21:01:08,006 INFO request {"path": "/measure", "payload": {"arena_id": "default", "robot_id": "202601002029", "request_id": "3596d877bf614c71a22de9fa02eb07f9", "position": {"x": -389.2453588201737, "y": 1368.0555324658098}, "channel": 2}, "attempt": 1}
2026-09-12 21:01:08,022 INFO response {"request_id": "3596d877bf614c71a22de9fa02eb07f9", "http_status": 200, "body": {"accepted": true, "real_timestamp_ms": 1789218064850, "virtual_time_s": 4831.612642, "measure_result": "no_signal"}}
2026-09-12 21:01:08,038 INFO request {"path": "/measure", "payload": {"arena_id": "default", "robot_id": "202601002029", "request_id": "cfa4f03f01004ba28a70f6e5926f6a9d", "position": {"x": -389.2453588201737, "y": 1368.0555324658098}, "channel": 8}, "attempt": 1}
2026-09-12 21:01:08,039 INFO response {"request_id": "cfa4f03f01004ba28a70f6e5926f6a9d", "http_status": 200, "body": {"accepted": true, "real_timestamp_ms": 1789218064868, "virtual_time_s": 4837.612642, "measure_result": "no_signal"}}
2026-09-12 21:01:08,070 INFO request {"path": "/measure", "payload": {"arena_id": "default", "robot_id": "202601002029", "request_id": "21626022abda4f2aae5b6706fbd3a026", "position": {"x": -389.2453588201737, "y": 1368.0555324658098}, "channel": 11}, "attempt": 1}
2026-09-12 21:01:08,081 INFO response {"request_id": "21626022abda4f2aae5b6706fbd3a026", "http_status": 200, "body": {"accepted": true, "real_timestamp_ms": 1789218064910, "virtual_time_s": 4843.612642, "measure_result": "no_signal"}}
2026-09-12 21:01:08,111 INFO request {"path": "/measure", "payload": {"arena_id": "default", "robot_id": "202601002029", "request_id": "1b501eac1d3c4c178ac20b119ccc6a8e", "position": {"x": -389.2453588201737, "y": 1368.0555324658098}, "channel": 13}, "attempt": 1}
2026-09-12 21:01:08,130 INFO response {"request_id": "1b501eac1d3c4c178ac20b119ccc6a8e", "http_status": 200, "body": {"accepted": true, "real_timestamp_ms": 1789218064958, "virtual_time_s": 4849.612642, "measure_result": "no_signal"}}
2026-09-12 21:01:08,131 INFO request {"path": "/measure", "payload": {"arena_id": "default", "robot_id": "202601002029", "request_id": "2385c3c6e70646a3902323e87fe515c1", "position": {"x": -389.2453588201737, "y": 1368.0555324658098}, "channel": 18}, "attempt": 1}
2026-09-12 21:01:08,150 INFO response {"request_id": "2385c3c6e70646a3902323e87fe515c1", "http_status": 200, "body": {"accepted": true, "real_timestamp_ms": 1789218064978, "virtual_time_s": 4855.612642, "measure_result": "no_signal"}}
2026-09-12 21:01:08,166 INFO request {"path": "/measure", "payload": {"arena_id": "default", "robot_id": "202601002029", "request_id": "c177a5dbf3e24d4392c15afd6f0fc9f1", "position": {"x": -389.2453588201737, "y": 1368.0555324658098}, "channel": 20}, "attempt": 1}
2026-09-12 21:01:08,168 INFO response {"request_id": "c177a5dbf3e24d4392c15afd6f0fc9f1", "http_status": 200, "body": {"accepted": true, "real_timestamp_ms": 1789218064996, "virtual_time_s": 4861.612642, "measure_result": "no_signal"}}
2026-09-12 21:01:08,324 INFO request {"path": "/measure", "payload": {"arena_id": "default", "robot_id": "202601002029", "request_id": "155e10c65a734b7a85533861c80ac549", "position": {"x": -389.2453588201737, "y": 1368.0555324658098}, "channel": 3}, "attempt": 1}
2026-09-12 21:01:08,340 INFO response {"request_id": "155e10c65a734b7a85533861c80ac549", "http_status": 200, "body": {"accepted": true, "real_timestamp_ms": 1789218065168, "virtual_time_s": 4867.612642, "measure_result": "direction", "svd_deg": 77.46}}
2026-09-12 21:01:08,361 INFO request {"path": "/measure", "payload": {"arena_id": "default", "robot_id": "202601002029", "request_id": "825a598d75a545bf8265bc662aa95ddf", "position": {"x": -389.2453588201737, "y": 1368.0555324658098}, "channel": 17}, "attempt": 1}
2026-09-12 21:01:08,378 INFO response {"request_id": "825a598d75a545bf8265bc662aa95ddf", "http_status": 200, "body": {"accepted": true, "real_timestamp_ms": 1789218065206, "virtual_time_s": 4873.612642, "measure_result": "direction", "svd_deg": 221.31}}
2026-09-12 21:01:08,400 INFO request {"path": "/measure", "payload": {"arena_id": "default", "robot_id": "202601002029", "request_id": "e6a8b711c6654d169d3fb57bc3a0eb9e", "position": {"x": -879.1375871885625, "y": 1164.1663080323492}, "channel": 1}, "attempt": 1}
2026-09-12 21:01:08,417 INFO response {"request_id": "e6a8b711c6654d169d3fb57bc3a0eb9e", "http_status": 200, "body": {"accepted": true, "real_timestamp_ms": 1789218065245, "virtual_time_s": 4985.738079, "measure_result": "no_signal"}}
2026-09-12 21:01:08,432 INFO request {"path": "/measure", "payload": {"arena_id": "default", "robot_id": "202601002029", "request_id": "8a9288def095463e81dfa327c77fca5d", "position": {"x": -879.1375871885625, "y": 1164.1663080323492}, "channel": 2}, "attempt": 1}
2026-09-12 21:01:08,434 INFO response {"request_id": "8a9288def095463e81dfa327c77fca5d", "http_status": 200, "body": {"accepted": true, "real_timestamp_ms": 1789218065262, "virtual_time_s": 4991.738079, "measure_result": "no_signal"}}
2026-09-12 21:01:08,465 INFO request {"path": "/measure", "payload": {"arena_id": "default", "robot_id": "202601002029", "request_id": "226ee09e642f4dc5be2c3a9e475bcbfb", "position": {"x": -879.1375871885625, "y": 1164.1663080323492}, "channel": 8}, "attempt": 1}
2026-09-12 21:01:08,487 INFO response {"request_id": "226ee09e642f4dc5be2c3a9e475bcbfb", "http_status": 200, "body": {"accepted": true, "real_timestamp_ms": 1789218065315, "virtual_time_s": 4997.738079, "measure_result": "no_signal"}}
2026-09-12 21:01:08,503 INFO request {"path": "/measure", "payload": {"arena_id": "default", "robot_id": "202601002029", "request_id": "4b3dd2d9cc764b1797310abe087f974e", "position": {"x": -879.1375871885625, "y": 1164.1663080323492}, "channel": 11}, "attempt": 1}
2026-09-12 21:01:08,505 INFO response {"request_id": "4b3dd2d9cc764b1797310abe087f974e", "http_status": 200, "body": {"accepted": true, "real_timestamp_ms": 1789218065333, "virtual_time_s": 5003.738079, "measure_result": "no_signal"}}
2026-09-12 21:01:08,520 INFO request {"path": "/measure", "payload": {"arena_id": "default", "robot_id": "202601002029", "request_id": "d8a499a0cece4442b69cc28ad361db24", "position": {"x": -879.1375871885625, "y": 1164.1663080323492}, "channel": 13}, "attempt": 1}
2026-09-12 21:01:08,536 INFO response {"request_id": "d8a499a0cece4442b69cc28ad361db24", "http_status": 200, "body": {"accepted": true, "real_timestamp_ms": 1789218065365, "virtual_time_s": 5009.738079, "measure_result": "no_signal"}}
2026-09-12 21:01:08,551 INFO request {"path": "/measure", "payload": {"arena_id": "default", "robot_id": "202601002029", "request_id": "c789b5b1074e4659ba7a2d0c5a9b1930", "position": {"x": -879.1375871885625, "y": 1164.1663080323492}, "channel": 18}, "attempt": 1}
2026-09-12 21:01:08,553 INFO response {"request_id": "c789b5b1074e4659ba7a2d0c5a9b1930", "http_status": 200, "body": {"accepted": true, "real_timestamp_ms": 1789218065381, "virtual_time_s": 5015.738079, "measure_result": "no_signal"}}
2026-09-12 21:01:08,584 INFO request {"path": "/measure", "payload": {"arena_id": "default", "robot_id": "202601002029", "request_id": "aa125e324522426096133e3366a0b123", "position": {"x": -879.1375871885625, "y": 1164.1663080323492}, "channel": 20}, "attempt": 1}
2026-09-12 21:01:08,604 INFO response {"request_id": "aa125e324522426096133e3366a0b123", "http_status": 200, "body": {"accepted": true, "real_timestamp_ms": 1789218065433, "virtual_time_s": 5021.738079, "measure_result": "no_signal"}}
2026-09-12 21:01:08,653 INFO request {"path": "/measure", "payload": {"arena_id": "default", "robot_id": "202601002029", "request_id": "11dc0fa8f7134baf8d07b19665045d2f", "position": {"x": -879.1375871885625, "y": 1164.1663080323492}, "channel": 6}, "attempt": 1}
2026-09-12 21:01:08,673 INFO response {"request_id": "11dc0fa8f7134baf8d07b19665045d2f", "http_status": 200, "body": {"accepted": true, "real_timestamp_ms": 1789218065501, "virtual_time_s": 5027.738079, "measure_result": "direction", "svd_deg": 227.52}}
2026-09-12 21:01:08,687 INFO request {"path": "/measure", "payload": {"arena_id": "default", "robot_id": "202601002029", "request_id": "043be65455884a37b715c3de02235516", "position": {"x": -1271.3246817792224, "y": 787.1709164907295}, "channel": 1}, "attempt": 1}
2026-09-12 21:01:08,689 INFO response {"request_id": "043be65455884a37b715c3de02235516", "http_status": 200, "body": {"accepted": true, "real_timestamp_ms": 1789218065517, "virtual_time_s": 5142.538124, "measure_result": "no_signal"}}
2026-09-12 21:01:08,719 INFO request {"path": "/measure", "payload": {"arena_id": "default", "robot_id": "202601002029", "request_id": "01129f167d364c73aa3bfa48a26c740a", "position": {"x": -1271.3246817792224, "y": 787.1709164907295}, "channel": 2}, "attempt": 1}
2026-09-12 21:01:08,721 INFO response {"request_id": "01129f167d364c73aa3bfa48a26c740a", "http_status": 200, "body": {"accepted": true, "real_timestamp_ms": 1789218065549, "virtual_time_s": 5148.538124, "measure_result": "no_signal"}}
2026-09-12 21:01:08,752 INFO request {"path": "/measure", "payload": {"arena_id": "default", "robot_id": "202601002029", "request_id": "33c6f00d74fd4dcaacc81872d2c64717", "position": {"x": -1271.3246817792224, "y": 787.1709164907295}, "channel": 8}, "attempt": 1}
2026-09-12 21:01:08,753 INFO response {"request_id": "33c6f00d74fd4dcaacc81872d2c64717", "http_status": 200, "body": {"accepted": true, "real_timestamp_ms": 1789218065581, "virtual_time_s": 5154.538124, "measure_result": "no_signal"}}
2026-09-12 21:01:08,784 INFO request {"path": "/measure", "payload": {"arena_id": "default", "robot_id": "202601002029", "request_id": "cef2b02636e649a1a082698271a771dc", "position": {"x": -1271.3246817792224, "y": 787.1709164907295}, "channel": 11}, "attempt": 1}
2026-09-12 21:01:08,785 INFO response {"request_id": "cef2b02636e649a1a082698271a771dc", "http_status": 200, "body": {"accepted": true, "real_timestamp_ms": 1789218065613, "virtual_time_s": 5160.538124, "measure_result": "no_signal"}}
2026-09-12 21:01:08,799 INFO request {"path": "/measure", "payload": {"arena_id": "default", "robot_id": "202601002029", "request_id": "7f5a601a6f1f43708e5b42fc9e590cb2", "position": {"x": -1271.3246817792224, "y": 787.1709164907295}, "channel": 13}, "attempt": 1}
2026-09-12 21:01:08,800 INFO response {"request_id": "7f5a601a6f1f43708e5b42fc9e590cb2", "http_status": 200, "body": {"accepted": true, "real_timestamp_ms": 1789218065629, "virtual_time_s": 5166.538124, "measure_result": "no_signal"}}
2026-09-12 21:01:08,815 INFO request {"path": "/measure", "payload": {"arena_id": "default", "robot_id": "202601002029", "request_id": "c15b354cd3b541d0a379594f611ea14f", "position": {"x": -1271.3246817792224, "y": 787.1709164907295}, "channel": 18}, "attempt": 1}
2026-09-12 21:01:08,830 INFO response {"request_id": "c15b354cd3b541d0a379594f611ea14f", "http_status": 200, "body": {"accepted": true, "real_timestamp_ms": 1789218065659, "virtual_time_s": 5172.538124, "measure_result": "no_signal"}}
2026-09-12 21:01:08,846 INFO request {"path": "/measure", "payload": {"arena_id": "default", "robot_id": "202601002029", "request_id": "d2a0532c55414ae78ace29427cdc091f", "position": {"x": -1271.3246817792224, "y": 787.1709164907295}, "channel": 20}, "attempt": 1}
2026-09-12 21:01:08,859 INFO response {"request_id": "d2a0532c55414ae78ace29427cdc091f", "http_status": 200, "body": {"accepted": true, "real_timestamp_ms": 1789218065687, "virtual_time_s": 5178.538124, "measure_result": "no_signal"}}
2026-09-12 21:01:08,903 INFO request {"path": "/measure", "payload": {"arena_id": "default", "robot_id": "202601002029", "request_id": "14a1b3d7ec9e4df5b4515a6f59e652d9", "position": {"x": -1271.3246817792224, "y": 787.1709164907295}, "channel": 6}, "attempt": 1}
2026-09-12 21:01:08,918 INFO response {"request_id": "14a1b3d7ec9e4df5b4515a6f59e652d9", "http_status": 200, "body": {"accepted": true, "real_timestamp_ms": 1789218065747, "virtual_time_s": 5184.538124, "measure_result": "direction", "svd_deg": 233.53}}
2026-09-12 21:01:08,926 INFO request {"path": "/measure", "payload": {"arena_id": "default", "robot_id": "202601002029", "request_id": "39639f35602145a7a7e6844f62d1b47c", "position": {"x": -1505.6835009275767, "y": 281.46102611432315}, "channel": 1}, "attempt": 1}
2026-09-12 21:01:08,938 INFO response {"request_id": "39639f35602145a7a7e6844f62d1b47c", "http_status": 200, "body": {"accepted": true, "real_timestamp_ms": 1789218065767, "virtual_time_s": 5302.013063, "measure_result": "no_signal"}}
2026-09-12 21:01:08,969 INFO request {"path": "/measure", "payload": {"arena_id": "default", "robot_id": "202601002029", "request_id": "9c8ee062a1344b66be0dee9a5b76289f", "position": {"x": -1505.6835009275767, "y": 281.46102611432315}, "channel": 2}, "attempt": 1}
2026-09-12 21:01:08,988 INFO response {"request_id": "9c8ee062a1344b66be0dee9a5b76289f", "http_status": 200, "body": {"accepted": true, "real_timestamp_ms": 1789218065816, "virtual_time_s": 5308.013063, "measure_result": "no_signal"}}
2026-09-12 21:01:08,988 INFO request {"path": "/measure", "payload": {"arena_id": "default", "robot_id": "202601002029", "request_id": "62e1b2beefa34586831ac77b75d83ba7", "position": {"x": -1505.6835009275767, "y": 281.46102611432315}, "channel": 8}, "attempt": 1}
2026-09-12 21:01:09,009 INFO response {"request_id": "62e1b2beefa34586831ac77b75d83ba7", "http_status": 200, "body": {"accepted": true, "real_timestamp_ms": 1789218065837, "virtual_time_s": 5314.013063, "measure_result": "no_signal"}}
2026-09-12 21:01:09,024 INFO request {"path": "/measure", "payload": {"arena_id": "default", "robot_id": "202601002029", "request_id": "07342543bbc8432cb2588821d3171949", "position": {"x": -1505.6835009275767, "y": 281.46102611432315}, "channel": 11}, "attempt": 1}
2026-09-12 21:01:09,038 INFO response {"request_id": "07342543bbc8432cb2588821d3171949", "http_status": 200, "body": {"accepted": true, "real_timestamp_ms": 1789218065866, "virtual_time_s": 5320.013063, "measure_result": "no_signal"}}
2026-09-12 21:01:09,052 INFO request {"path": "/measure", "payload": {"arena_id": "default", "robot_id": "202601002029", "request_id": "a79ee56ece9147b78331a6c6cd4c737c", "position": {"x": -1505.6835009275767, "y": 281.46102611432315}, "channel": 13}, "attempt": 1}
2026-09-12 21:01:09,054 INFO response {"request_id": "a79ee56ece9147b78331a6c6cd4c737c", "http_status": 200, "body": {"accepted": true, "real_timestamp_ms": 1789218065882, "virtual_time_s": 5326.013063, "measure_result": "no_signal"}}
2026-09-12 21:01:09,084 INFO request {"path": "/measure", "payload": {"arena_id": "default", "robot_id": "202601002029", "request_id": "bf653907f33940d19b3ca68fa3791601", "position": {"x": -1505.6835009275767, "y": 281.46102611432315}, "channel": 18}, "attempt": 1}
2026-09-12 21:01:09,086 INFO response {"request_id": "bf653907f33940d19b3ca68fa3791601", "http_status": 200, "body": {"accepted": true, "real_timestamp_ms": 1789218065914, "virtual_time_s": 5332.013063, "measure_result": "no_signal"}}
2026-09-12 21:01:09,116 INFO request {"path": "/measure", "payload": {"arena_id": "default", "robot_id": "202601002029", "request_id": "c444f9eabf8446a6a5e7bf3bb5f43d07", "position": {"x": -1505.6835009275767, "y": 281.46102611432315}, "channel": 20}, "attempt": 1}
2026-09-12 21:01:09,137 INFO response {"request_id": "c444f9eabf8446a6a5e7bf3bb5f43d07", "http_status": 200, "body": {"accepted": true, "real_timestamp_ms": 1789218065965, "virtual_time_s": 5338.013063, "measure_result": "no_signal"}}
2026-09-12 21:01:09,170 INFO request {"path": "/measure", "payload": {"arena_id": "default", "robot_id": "202601002029", "request_id": "029d73ae3704429d9d4600b2ac21e436", "position": {"x": -1541.5331080925187, "y": -288.16247911704596}, "channel": 20}, "attempt": 1}
2026-09-12 21:01:09,185 INFO response {"request_id": "029d73ae3704429d9d4600b2ac21e436", "http_status": 200, "body": {"accepted": true, "real_timestamp_ms": 1789218066014, "virtual_time_s": 5457.163163, "measure_result": "no_signal"}}
2026-09-12 21:01:09,200 INFO request {"path": "/measure", "payload": {"arena_id": "default", "robot_id": "202601002029", "request_id": "360099f756b94a72b45ce4275296c60f", "position": {"x": -1541.5331080925187, "y": -288.16247911704596}, "channel": 1}, "attempt": 1}
2026-09-12 21:01:09,215 INFO response {"request_id": "360099f756b94a72b45ce4275296c60f", "http_status": 200, "body": {"accepted": true, "real_timestamp_ms": 1789218066043, "virtual_time_s": 5463.163163, "measure_result": "no_signal"}}
2026-09-12 21:01:09,230 INFO request {"path": "/measure", "payload": {"arena_id": "default", "robot_id": "202601002029", "request_id": "67aff2718096468e9f0ab6cb01e8fb2f", "position": {"x": -1541.5331080925187, "y": -288.16247911704596}, "channel": 2}, "attempt": 1}
2026-09-12 21:01:09,231 INFO response {"request_id": "67aff2718096468e9f0ab6cb01e8fb2f", "http_status": 200, "body": {"accepted": true, "real_timestamp_ms": 1789218066060, "virtual_time_s": 5469.163163, "measure_result": "no_signal"}}
2026-09-12 21:01:09,262 INFO request {"path": "/measure", "payload": {"arena_id": "default", "robot_id": "202601002029", "request_id": "a1709d45c6eb419285f1413fd0c0eed0", "position": {"x": -1541.5331080925187, "y": -288.16247911704596}, "channel": 8}, "attempt": 1}
2026-09-12 21:01:09,284 INFO response {"request_id": "a1709d45c6eb419285f1413fd0c0eed0", "http_status": 200, "body": {"accepted": true, "real_timestamp_ms": 1789218066112, "virtual_time_s": 5475.163163, "measure_result": "no_signal"}}
2026-09-12 21:01:09,300 INFO request {"path": "/measure", "payload": {"arena_id": "default", "robot_id": "202601002029", "request_id": "5817bbb852e848699db40cf566fc04ad", "position": {"x": -1541.5331080925187, "y": -288.16247911704596}, "channel": 11}, "attempt": 1}
2026-09-12 21:01:09,302 INFO response {"request_id": "5817bbb852e848699db40cf566fc04ad", "http_status": 200, "body": {"accepted": true, "real_timestamp_ms": 1789218066129, "virtual_time_s": 5481.163163, "measure_result": "no_signal"}}
2026-09-12 21:01:09,316 INFO request {"path": "/measure", "payload": {"arena_id": "default", "robot_id": "202601002029", "request_id": "b979ca27e63d435a9c535d6ba120b36f", "position": {"x": -1541.5331080925187, "y": -288.16247911704596}, "channel": 13}, "attempt": 1}
2026-09-12 21:01:09,332 INFO response {"request_id": "b979ca27e63d435a9c535d6ba120b36f", "http_status": 200, "body": {"accepted": true, "real_timestamp_ms": 1789218066160, "virtual_time_s": 5487.163163, "measure_result": "no_signal"}}
2026-09-12 21:01:09,347 INFO request {"path": "/measure", "payload": {"arena_id": "default", "robot_id": "202601002029", "request_id": "19f4101f704a468da8a719424c788e23", "position": {"x": -1541.5331080925187, "y": -288.16247911704596}, "channel": 18}, "attempt": 1}
2026-09-12 21:01:09,347 INFO response {"request_id": "19f4101f704a468da8a719424c788e23", "http_status": 200, "body": {"accepted": true, "real_timestamp_ms": 1789218066176, "virtual_time_s": 5493.163163, "measure_result": "no_signal"}}
2026-09-12 21:01:09,376 INFO request {"path": "/measure", "payload": {"arena_id": "default", "robot_id": "202601002029", "request_id": "4413e23020c84cceb73a01ed395e34aa", "position": {"x": -1541.5331080925187, "y": -288.16247911704596}, "channel": 5}, "attempt": 1}
2026-09-12 21:01:09,392 INFO response {"request_id": "4413e23020c84cceb73a01ed395e34aa", "http_status": 200, "body": {"accepted": true, "real_timestamp_ms": 1789218066220, "virtual_time_s": 5499.163163, "measure_result": "direction", "svd_deg": 290.54}}
2026-09-12 21:01:09,401 INFO request {"path": "/measure", "payload": {"arena_id": "default", "robot_id": "202601002029", "request_id": "7bcb95f7757b49948692bee402403ff5", "position": {"x": -1364.348438982581, "y": -844.7687884290738}, "channel": 1}, "attempt": 1}
2026-09-12 21:01:09,421 INFO response {"request_id": "7bcb95f7757b49948692bee402403ff5", "http_status": 200, "body": {"accepted": true, "real_timestamp_ms": 1789218066249, "virtual_time_s": 5621.988672, "measure_result": "no_signal"}}
2026-09-12 21:01:09,436 INFO request {"path": "/measure", "payload": {"arena_id": "default", "robot_id": "202601002029", "request_id": "39c89e20169e4b26bf6411b976df6fe2", "position": {"x": -1364.348438982581, "y": -844.7687884290738}, "channel": 2}, "attempt": 1}
2026-09-12 21:01:09,450 INFO response {"request_id": "39c89e20169e4b26bf6411b976df6fe2", "http_status": 200, "body": {"accepted": true, "real_timestamp_ms": 1789218066279, "virtual_time_s": 5627.988672, "measure_result": "no_signal"}}
2026-09-12 21:01:09,466 INFO request {"path": "/measure", "payload": {"arena_id": "default", "robot_id": "202601002029", "request_id": "bf97d582791c41da8ab94278c0917a2f", "position": {"x": -1364.348438982581, "y": -844.7687884290738}, "channel": 8}, "attempt": 1}
2026-09-12 21:01:09,468 INFO response {"request_id": "bf97d582791c41da8ab94278c0917a2f", "http_status": 200, "body": {"accepted": true, "real_timestamp_ms": 1789218066296, "virtual_time_s": 5633.988672, "measure_result": "no_signal"}}
2026-09-12 21:01:09,499 INFO request {"path": "/measure", "payload": {"arena_id": "default", "robot_id": "202601002029", "request_id": "93af7b8db1da4ba6a05d683d74ea1592", "position": {"x": -1364.348438982581, "y": -844.7687884290738}, "channel": 11}, "attempt": 1}
2026-09-12 21:01:09,520 INFO response {"request_id": "93af7b8db1da4ba6a05d683d74ea1592", "http_status": 200, "body": {"accepted": true, "real_timestamp_ms": 1789218066349, "virtual_time_s": 5639.988672, "measure_result": "no_signal"}}
2026-09-12 21:01:09,520 INFO request {"path": "/measure", "payload": {"arena_id": "default", "robot_id": "202601002029", "request_id": "92ab2b6b1ade4e158e4fdd9bd96bd52b", "position": {"x": -1364.348438982581, "y": -844.7687884290738}, "channel": 13}, "attempt": 1}
2026-09-12 21:01:09,540 INFO response {"request_id": "92ab2b6b1ade4e158e4fdd9bd96bd52b", "http_status": 200, "body": {"accepted": true, "real_timestamp_ms": 1789218066368, "virtual_time_s": 5645.988672, "measure_result": "no_signal"}}
2026-09-12 21:01:09,555 INFO request {"path": "/measure", "payload": {"arena_id": "default", "robot_id": "202601002029", "request_id": "b2cff5e069e448fa977baaf1ca2235e5", "position": {"x": -1364.348438982581, "y": -844.7687884290738}, "channel": 18}, "attempt": 1}
2026-09-12 21:01:09,569 INFO response {"request_id": "b2cff5e069e448fa977baaf1ca2235e5", "http_status": 200, "body": {"accepted": true, "real_timestamp_ms": 1789218066397, "virtual_time_s": 5651.988672, "measure_result": "no_signal"}}
2026-09-12 21:01:09,585 INFO request {"path": "/measure", "payload": {"arena_id": "default", "robot_id": "202601002029", "request_id": "85edad5e1f4f4171b8486f811870fc58", "position": {"x": -1364.348438982581, "y": -844.7687884290738}, "channel": 20}, "attempt": 1}
2026-09-12 21:01:09,587 INFO response {"request_id": "85edad5e1f4f4171b8486f811870fc58", "http_status": 200, "body": {"accepted": true, "real_timestamp_ms": 1789218066415, "virtual_time_s": 5657.988672, "measure_result": "no_signal"}}
2026-09-12 21:01:09,618 INFO request {"path": "/measure", "payload": {"arena_id": "default", "robot_id": "202601002029", "request_id": "ef763d324a134739a422f9d05eb34e00", "position": {"x": -989.0297855871345, "y": -1309.6870965363914}, "channel": 20}, "attempt": 1}
2026-09-12 21:01:09,639 INFO response {"request_id": "ef763d324a134739a422f9d05eb34e00", "http_status": 200, "body": {"accepted": true, "real_timestamp_ms": 1789218066468, "virtual_time_s": 5782.489823, "measure_result": "no_signal"}}
2026-09-12 21:01:09,655 INFO request {"path": "/measure", "payload": {"arena_id": "default", "robot_id": "202601002029", "request_id": "76c0625863624049b77fafd765e98afe", "position": {"x": -989.0297855871345, "y": -1309.6870965363914}, "channel": 1}, "attempt": 1}
2026-09-12 21:01:09,668 INFO response {"request_id": "76c0625863624049b77fafd765e98afe", "http_status": 200, "body": {"accepted": true, "real_timestamp_ms": 1789218066496, "virtual_time_s": 5788.489823, "measure_result": "no_signal"}}
2026-09-12 21:01:09,683 INFO request {"path": "/measure", "payload": {"arena_id": "default", "robot_id": "202601002029", "request_id": "6e2024e3e0d04db78aeda1e8c22f8043", "position": {"x": -989.0297855871345, "y": -1309.6870965363914}, "channel": 2}, "attempt": 1}
2026-09-12 21:01:09,698 INFO response {"request_id": "6e2024e3e0d04db78aeda1e8c22f8043", "http_status": 200, "body": {"accepted": true, "real_timestamp_ms": 1789218066526, "virtual_time_s": 5794.489823, "measure_result": "no_signal"}}
2026-09-12 21:01:09,714 INFO request {"path": "/measure", "payload": {"arena_id": "default", "robot_id": "202601002029", "request_id": "4e6cabf6e5ac4d27878e60ba40a2aeae", "position": {"x": -989.0297855871345, "y": -1309.6870965363914}, "channel": 8}, "attempt": 1}
2026-09-12 21:01:09,728 INFO response {"request_id": "4e6cabf6e5ac4d27878e60ba40a2aeae", "http_status": 200, "body": {"accepted": true, "real_timestamp_ms": 1789218066556, "virtual_time_s": 5800.489823, "measure_result": "no_signal"}}
2026-09-12 21:01:09,744 INFO request {"path": "/measure", "payload": {"arena_id": "default", "robot_id": "202601002029", "request_id": "bd62216dba1841c0a16c24b8245204cd", "position": {"x": -989.0297855871345, "y": -1309.6870965363914}, "channel": 11}, "attempt": 1}
2026-09-12 21:01:09,746 INFO response {"request_id": "bd62216dba1841c0a16c24b8245204cd", "http_status": 200, "body": {"accepted": true, "real_timestamp_ms": 1789218066574, "virtual_time_s": 5806.489823, "measure_result": "no_signal"}}
2026-09-12 21:01:09,776 INFO request {"path": "/measure", "payload": {"arena_id": "default", "robot_id": "202601002029", "request_id": "f4c79474e4684c2baaecef8e133228c7", "position": {"x": -989.0297855871345, "y": -1309.6870965363914}, "channel": 13}, "attempt": 1}
2026-09-12 21:01:09,796 INFO response {"request_id": "f4c79474e4684c2baaecef8e133228c7", "http_status": 200, "body": {"accepted": true, "real_timestamp_ms": 1789218066623, "virtual_time_s": 5812.489823, "measure_result": "no_signal"}}
2026-09-12 21:01:09,810 INFO request {"path": "/measure", "payload": {"arena_id": "default", "robot_id": "202601002029", "request_id": "a4d2b944721b4001a17b3316ae41d166", "position": {"x": -989.0297855871345, "y": -1309.6870965363914}, "channel": 18}, "attempt": 1}
2026-09-12 21:01:09,811 INFO response {"request_id": "a4d2b944721b4001a17b3316ae41d166", "http_status": 200, "body": {"accepted": true, "real_timestamp_ms": 1789218066640, "virtual_time_s": 5818.489823, "measure_result": "no_signal"}}
2026-09-12 21:01:09,842 INFO request {"path": "/measure", "payload": {"arena_id": "default", "robot_id": "202601002029", "request_id": "6117d4aaf0054200ab6a11de6d09460d", "position": {"x": -459.10991040328094, "y": -1613.60396136993}, "channel": 18}, "attempt": 1}
2026-09-12 21:01:09,843 INFO response {"request_id": "6117d4aaf0054200ab6a11de6d09460d", "http_status": 200, "body": {"accepted": true, "real_timestamp_ms": 1789218066672, "virtual_time_s": 5945.666831, "measure_result": "no_signal"}}
2026-09-12 21:01:09,874 INFO request {"path": "/measure", "payload": {"arena_id": "default", "robot_id": "202601002029", "request_id": "ee3959e7743d4593b5cfe4fbfdeb0472", "position": {"x": -459.10991040328094, "y": -1613.60396136993}, "channel": 1}, "attempt": 1}
2026-09-12 21:01:09,894 INFO response {"request_id": "ee3959e7743d4593b5cfe4fbfdeb0472", "http_status": 200, "body": {"accepted": true, "real_timestamp_ms": 1789218066723, "virtual_time_s": 5951.666831, "measure_result": "no_signal"}}
2026-09-12 21:01:09,894 INFO request {"path": "/measure", "payload": {"arena_id": "default", "robot_id": "202601002029", "request_id": "08e24095b14e488e9df5c93dda4b1bf7", "position": {"x": -459.10991040328094, "y": -1613.60396136993}, "channel": 2}, "attempt": 1}
2026-09-12 21:01:09,914 INFO response {"request_id": "08e24095b14e488e9df5c93dda4b1bf7", "http_status": 200, "body": {"accepted": true, "real_timestamp_ms": 1789218066742, "virtual_time_s": 5957.666831, "measure_result": "no_signal"}}
2026-09-12 21:01:09,928 INFO request {"path": "/measure", "payload": {"arena_id": "default", "robot_id": "202601002029", "request_id": "3b8ce2ee35b34cc4806945762f4f5958", "position": {"x": -459.10991040328094, "y": -1613.60396136993}, "channel": 8}, "attempt": 1}
2026-09-12 21:01:09,943 INFO response {"request_id": "3b8ce2ee35b34cc4806945762f4f5958", "http_status": 200, "body": {"accepted": true, "real_timestamp_ms": 1789218066771, "virtual_time_s": 5963.666831, "measure_result": "no_signal"}}
2026-09-12 21:01:09,959 INFO request {"path": "/measure", "payload": {"arena_id": "default", "robot_id": "202601002029", "request_id": "00b88e1ade5f449a8201a176a748fa43", "position": {"x": -459.10991040328094, "y": -1613.60396136993}, "channel": 11}, "attempt": 1}
2026-09-12 21:01:09,959 INFO response {"request_id": "00b88e1ade5f449a8201a176a748fa43", "http_status": 200, "body": {"accepted": true, "real_timestamp_ms": 1789218066788, "virtual_time_s": 5969.666831, "measure_result": "no_signal"}}
2026-09-12 21:01:09,990 INFO request {"path": "/measure", "payload": {"arena_id": "default", "robot_id": "202601002029", "request_id": "7e2768c441b04d988a78ff928c1c13de", "position": {"x": -459.10991040328094, "y": -1613.60396136993}, "channel": 13}, "attempt": 1}
2026-09-12 21:01:10,003 INFO response {"request_id": "7e2768c441b04d988a78ff928c1c13de", "http_status": 200, "body": {"accepted": true, "real_timestamp_ms": 1789218066832, "virtual_time_s": 5975.666831, "measure_result": "no_signal"}}
2026-09-12 21:01:10,018 INFO request {"path": "/measure", "payload": {"arena_id": "default", "robot_id": "202601002029", "request_id": "3046f516abf04a8991e6d7ef7677f5d1", "position": {"x": -459.10991040328094, "y": -1613.60396136993}, "channel": 20}, "attempt": 1}
2026-09-12 21:01:10,033 INFO response {"request_id": "3046f516abf04a8991e6d7ef7677f5d1", "http_status": 200, "body": {"accepted": true, "real_timestamp_ms": 1789218066861, "virtual_time_s": 5981.666831, "measure_result": "no_signal"}}
2026-09-12 21:01:10,050 INFO request {"path": "/measure", "payload": {"arena_id": "default", "robot_id": "202601002029", "request_id": "9d6638b8254e4420ab495b3b082404ec", "position": {"x": 158.15882322121286, "y": -1706.8055233669004}, "channel": 20}, "attempt": 1}
2026-09-12 21:01:10,051 INFO response {"request_id": "9d6638b8254e4420ab495b3b082404ec", "http_status": 200, "body": {"accepted": true, "real_timestamp_ms": 1789218066879, "virtual_time_s": 6111.5199, "measure_result": "no_signal"}}
2026-09-12 21:01:10,066 INFO request {"path": "/measure", "payload": {"arena_id": "default", "robot_id": "202601002029", "request_id": "9df4beca1db04a33aa5e6c4b431db691", "position": {"x": 158.15882322121286, "y": -1706.8055233669004}, "channel": 1}, "attempt": 1}
2026-09-12 21:01:10,067 INFO response {"request_id": "9df4beca1db04a33aa5e6c4b431db691", "http_status": 200, "body": {"accepted": true, "real_timestamp_ms": 1789218066896, "virtual_time_s": 6117.5199, "measure_result": "no_signal"}}
2026-09-12 21:01:10,098 INFO request {"path": "/measure", "payload": {"arena_id": "default", "robot_id": "202601002029", "request_id": "f2a6ca8ffb81406b831e9e040f80acc4", "position": {"x": 158.15882322121286, "y": -1706.8055233669004}, "channel": 2}, "attempt": 1}
2026-09-12 21:01:10,099 INFO response {"request_id": "f2a6ca8ffb81406b831e9e040f80acc4", "http_status": 200, "body": {"accepted": true, "real_timestamp_ms": 1789218066928, "virtual_time_s": 6123.5199, "measure_result": "no_signal"}}
2026-09-12 21:01:10,130 INFO request {"path": "/measure", "payload": {"arena_id": "default", "robot_id": "202601002029", "request_id": "a140299783c14f9b8dab9a7f9ee55dad", "position": {"x": 158.15882322121286, "y": -1706.8055233669004}, "channel": 8}, "attempt": 1}
2026-09-12 21:01:10,152 INFO response {"request_id": "a140299783c14f9b8dab9a7f9ee55dad", "http_status": 200, "body": {"accepted": true, "real_timestamp_ms": 1789218066980, "virtual_time_s": 6129.5199, "measure_result": "no_signal"}}
2026-09-12 21:01:10,168 INFO request {"path": "/measure", "payload": {"arena_id": "default", "robot_id": "202601002029", "request_id": "d5e2f7c016254ceabec9750b214e3a6e", "position": {"x": 158.15882322121286, "y": -1706.8055233669004}, "channel": 11}, "attempt": 1}
2026-09-12 21:01:10,180 INFO response {"request_id": "d5e2f7c016254ceabec9750b214e3a6e", "http_status": 200, "body": {"accepted": true, "real_timestamp_ms": 1789218067009, "virtual_time_s": 6135.5199, "measure_result": "no_signal"}}
2026-09-12 21:01:10,195 INFO request {"path": "/measure", "payload": {"arena_id": "default", "robot_id": "202601002029", "request_id": "0babeb7e3a26462eb8f12930ee39b618", "position": {"x": 158.15882322121286, "y": -1706.8055233669004}, "channel": 13}, "attempt": 1}
2026-09-12 21:01:10,209 INFO response {"request_id": "0babeb7e3a26462eb8f12930ee39b618", "http_status": 200, "body": {"accepted": true, "real_timestamp_ms": 1789218067038, "virtual_time_s": 6141.5199, "measure_result": "no_signal"}}
2026-09-12 21:01:10,224 INFO request {"path": "/measure", "payload": {"arena_id": "default", "robot_id": "202601002029", "request_id": "37fc2c028064457bb072ae5db284235d", "position": {"x": 158.15882322121286, "y": -1706.8055233669004}, "channel": 18}, "attempt": 1}
2026-09-12 21:01:10,239 INFO response {"request_id": "37fc2c028064457bb072ae5db284235d", "http_status": 200, "body": {"accepted": true, "real_timestamp_ms": 1789218067067, "virtual_time_s": 6147.5199, "measure_result": "no_signal"}}
2026-09-12 21:01:10,287 INFO request {"path": "/measure", "payload": {"arena_id": "default", "robot_id": "202601002029", "request_id": "02649dfb93fe4324be24d96bb9e27121", "position": {"x": 158.15882322121286, "y": -1706.8055233669004}, "channel": 9}, "attempt": 1}
2026-09-12 21:01:10,287 INFO response {"request_id": "02649dfb93fe4324be24d96bb9e27121", "http_status": 200, "body": {"accepted": true, "real_timestamp_ms": 1789218067116, "virtual_time_s": 6153.5199, "measure_result": "no_signal"}}
2026-09-12 21:01:10,318 INFO request {"path": "/measure", "payload": {"arena_id": "default", "robot_id": "202601002029", "request_id": "1ccf13641342438c9649cd832ad1b596", "position": {"x": 780.3043216417499, "y": -1567.0623265133333}, "channel": 1}, "attempt": 1}
2026-09-12 21:01:10,319 INFO response {"request_id": "1ccf13641342438c9649cd832ad1b596", "http_status": 200, "body": {"accepted": true, "real_timestamp_ms": 1789218067148, "virtual_time_s": 6287.049219, "measure_result": "no_signal"}}
2026-09-12 21:01:10,350 INFO request {"path": "/measure", "payload": {"arena_id": "default", "robot_id": "202601002029", "request_id": "36777102e044496381b115ef84d978bc", "position": {"x": 780.3043216417499, "y": -1567.0623265133333}, "channel": 2}, "attempt": 1}
2026-09-12 21:01:10,368 INFO response {"request_id": "36777102e044496381b115ef84d978bc", "http_status": 200, "body": {"accepted": true, "real_timestamp_ms": 1789218067197, "virtual_time_s": 6293.049219, "measure_result": "no_signal"}}
2026-09-12 21:01:10,383 INFO request {"path": "/measure", "payload": {"arena_id": "default", "robot_id": "202601002029", "request_id": "a1482eea2ab54ac78bf7e31067d14be5", "position": {"x": 780.3043216417499, "y": -1567.0623265133333}, "channel": 8}, "attempt": 1}
2026-09-12 21:01:10,384 INFO response {"request_id": "a1482eea2ab54ac78bf7e31067d14be5", "http_status": 200, "body": {"accepted": true, "real_timestamp_ms": 1789218067213, "virtual_time_s": 6299.049219, "measure_result": "no_signal"}}
2026-09-12 21:01:10,415 INFO request {"path": "/measure", "payload": {"arena_id": "default", "robot_id": "202601002029", "request_id": "67d70fb0f1a3414baecf6a6039e427ed", "position": {"x": 780.3043216417499, "y": -1567.0623265133333}, "channel": 11}, "attempt": 1}
2026-09-12 21:01:10,418 INFO response {"request_id": "67d70fb0f1a3414baecf6a6039e427ed", "http_status": 200, "body": {"accepted": true, "real_timestamp_ms": 1789218067245, "virtual_time_s": 6305.049219, "measure_result": "no_signal"}}
2026-09-12 21:01:10,449 INFO request {"path": "/measure", "payload": {"arena_id": "default", "robot_id": "202601002029", "request_id": "d49eaa2cdbef49a29334fa50b2142c45", "position": {"x": 780.3043216417499, "y": -1567.0623265133333}, "channel": 13}, "attempt": 1}
2026-09-12 21:01:10,469 INFO response {"request_id": "d49eaa2cdbef49a29334fa50b2142c45", "http_status": 200, "body": {"accepted": true, "real_timestamp_ms": 1789218067296, "virtual_time_s": 6311.049219, "measure_result": "no_signal"}}
2026-09-12 21:01:10,483 INFO request {"path": "/measure", "payload": {"arena_id": "default", "robot_id": "202601002029", "request_id": "e8d27f76317d43f2abee78e6b8b90c1b", "position": {"x": 780.3043216417499, "y": -1567.0623265133333}, "channel": 18}, "attempt": 1}
2026-09-12 21:01:10,498 INFO response {"request_id": "e8d27f76317d43f2abee78e6b8b90c1b", "http_status": 200, "body": {"accepted": true, "real_timestamp_ms": 1789218067327, "virtual_time_s": 6317.049219, "measure_result": "no_signal"}}
2026-09-12 21:01:10,513 INFO request {"path": "/measure", "payload": {"arena_id": "default", "robot_id": "202601002029", "request_id": "ab9177a02130418b9ccc724cce09ea8a", "position": {"x": 780.3043216417499, "y": -1567.0623265133333}, "channel": 20}, "attempt": 1}
2026-09-12 21:01:10,514 INFO response {"request_id": "ab9177a02130418b9ccc724cce09ea8a", "http_status": 200, "body": {"accepted": true, "real_timestamp_ms": 1789218067343, "virtual_time_s": 6323.049219, "measure_result": "no_signal"}}
2026-09-12 21:01:10,554 INFO request {"path": "/measure", "payload": {"arena_id": "default", "robot_id": "202601002029", "request_id": "7d975f52e9f442f9860ed361d9ce3dd6", "position": {"x": 780.3043216417499, "y": -1567.0623265133333}, "channel": 9}, "attempt": 1}
2026-09-12 21:01:10,556 INFO response {"request_id": "7d975f52e9f442f9860ed361d9ce3dd6", "http_status": 200, "body": {"accepted": true, "real_timestamp_ms": 1789218067385, "virtual_time_s": 6329.049219, "measure_result": "no_signal"}}
2026-09-12 21:01:10,586 INFO request {"path": "/measure", "payload": {"arena_id": "default", "robot_id": "202601002029", "request_id": "efe80664c7ad4f40804da8d32669d34d", "position": {"x": 1320.6524061860973, "y": -1203.9337443519046}, "channel": 1}, "attempt": 1}
2026-09-12 21:01:10,588 INFO response {"request_id": "efe80664c7ad4f40804da8d32669d34d", "http_status": 200, "body": {"accepted": true, "real_timestamp_ms": 1789218067416, "virtual_time_s": 6465.254967, "measure_result": "no_signal"}}
2026-09-12 21:01:10,619 INFO request {"path": "/measure", "payload": {"arena_id": "default", "robot_id": "202601002029", "request_id": "0adf5bf1a2b94dd59491a7809912fc33", "position": {"x": 1320.6524061860973, "y": -1203.9337443519046}, "channel": 2}, "attempt": 1}
2026-09-12 21:01:10,635 INFO response {"request_id": "0adf5bf1a2b94dd59491a7809912fc33", "http_status": 200, "body": {"accepted": true, "real_timestamp_ms": 1789218067463, "virtual_time_s": 6471.254967, "measure_result": "no_signal"}}
2026-09-12 21:01:10,650 INFO request {"path": "/measure", "payload": {"arena_id": "default", "robot_id": "202601002029", "request_id": "bf6923d5f6c74df596906471a97dd94d", "position": {"x": 1320.6524061860973, "y": -1203.9337443519046}, "channel": 8}, "attempt": 1}
2026-09-12 21:01:10,652 INFO response {"request_id": "bf6923d5f6c74df596906471a97dd94d", "http_status": 200, "body": {"accepted": true, "real_timestamp_ms": 1789218067480, "virtual_time_s": 6477.254967, "measure_result": "no_signal"}}
2026-09-12 21:01:10,683 INFO request {"path": "/measure", "payload": {"arena_id": "default", "robot_id": "202601002029", "request_id": "1a3f2b9eb7a54f1090a3cdb1f21ba057", "position": {"x": 1320.6524061860973, "y": -1203.9337443519046}, "channel": 11}, "attempt": 1}
2026-09-12 21:01:10,704 INFO response {"request_id": "1a3f2b9eb7a54f1090a3cdb1f21ba057", "http_status": 200, "body": {"accepted": true, "real_timestamp_ms": 1789218067532, "virtual_time_s": 6483.254967, "measure_result": "no_signal"}}
2026-09-12 21:01:10,719 INFO request {"path": "/measure", "payload": {"arena_id": "default", "robot_id": "202601002029", "request_id": "b3e8def16cc4480d8a7c97ad7c453791", "position": {"x": 1320.6524061860973, "y": -1203.9337443519046}, "channel": 13}, "attempt": 1}
2026-09-12 21:01:10,734 INFO response {"request_id": "b3e8def16cc4480d8a7c97ad7c453791", "http_status": 200, "body": {"accepted": true, "real_timestamp_ms": 1789218067562, "virtual_time_s": 6489.254967, "measure_result": "no_signal"}}
2026-09-12 21:01:10,750 INFO request {"path": "/measure", "payload": {"arena_id": "default", "robot_id": "202601002029", "request_id": "8464b34934384a8b9fb3c8c71a890c76", "position": {"x": 1320.6524061860973, "y": -1203.9337443519046}, "channel": 18}, "attempt": 1}
2026-09-12 21:01:10,765 INFO response {"request_id": "8464b34934384a8b9fb3c8c71a890c76", "http_status": 200, "body": {"accepted": true, "real_timestamp_ms": 1789218067593, "virtual_time_s": 6495.254967, "measure_result": "no_signal"}}
2026-09-12 21:01:10,779 INFO request {"path": "/measure", "payload": {"arena_id": "default", "robot_id": "202601002029", "request_id": "418b70a513f9468589c89b95403671f1", "position": {"x": 1320.6524061860973, "y": -1203.9337443519046}, "channel": 20}, "attempt": 1}
2026-09-12 21:01:10,794 INFO response {"request_id": "418b70a513f9468589c89b95403671f1", "http_status": 200, "body": {"accepted": true, "real_timestamp_ms": 1789218067622, "virtual_time_s": 6501.254967, "measure_result": "no_signal"}}
2026-09-12 21:01:10,815 INFO request {"path": "/measure", "payload": {"arena_id": "default", "robot_id": "202601002029", "request_id": "d09f3c6cc32b43bda7af942e8c2ff1f9", "position": {"x": 1320.6524061860973, "y": -1203.9337443519046}, "channel": 9}, "attempt": 1}
2026-09-12 21:01:10,832 INFO response {"request_id": "d09f3c6cc32b43bda7af942e8c2ff1f9", "http_status": 200, "body": {"accepted": true, "real_timestamp_ms": 1789218067661, "virtual_time_s": 6507.254967, "measure_result": "no_signal"}}
2026-09-12 21:01:10,832 INFO request {"path": "/measure", "payload": {"arena_id": "default", "robot_id": "202601002029", "request_id": "2b1569eebea74142b00263359a4044f8", "position": {"x": 1700.390535972649, "y": -658.7348030471607}, "channel": 1}, "attempt": 1}
2026-09-12 21:01:10,852 INFO response {"request_id": "2b1569eebea74142b00263359a4044f8", "http_status": 200, "body": {"accepted": true, "real_timestamp_ms": 1789218067681, "virtual_time_s": 6646.137311, "measure_result": "no_signal"}}
2026-09-12 21:01:10,868 INFO request {"path": "/measure", "payload": {"arena_id": "default", "robot_id": "202601002029", "request_id": "67acd274941447848e53d9fc6eabbe77", "position": {"x": 1700.390535972649, "y": -658.7348030471607}, "channel": 2}, "attempt": 1}
2026-09-12 21:01:10,882 INFO response {"request_id": "67acd274941447848e53d9fc6eabbe77", "http_status": 200, "body": {"accepted": true, "real_timestamp_ms": 1789218067711, "virtual_time_s": 6652.137311, "measure_result": "no_signal"}}
2026-09-12 21:01:10,897 INFO request {"path": "/measure", "payload": {"arena_id": "default", "robot_id": "202601002029", "request_id": "b3784e440d694906a7b0e3d446066472", "position": {"x": 1700.390535972649, "y": -658.7348030471607}, "channel": 8}, "attempt": 1}
2026-09-12 21:01:10,912 INFO response {"request_id": "b3784e440d694906a7b0e3d446066472", "http_status": 200, "body": {"accepted": true, "real_timestamp_ms": 1789218067740, "virtual_time_s": 6658.137311, "measure_result": "no_signal"}}
2026-09-12 21:01:10,927 INFO request {"path": "/measure", "payload": {"arena_id": "default", "robot_id": "202601002029", "request_id": "6fb47685fa094f6e9c5738adc8048837", "position": {"x": 1700.390535972649, "y": -658.7348030471607}, "channel": 11}, "attempt": 1}
2026-09-12 21:01:10,942 INFO response {"request_id": "6fb47685fa094f6e9c5738adc8048837", "http_status": 200, "body": {"accepted": true, "real_timestamp_ms": 1789218067770, "virtual_time_s": 6664.137311, "measure_result": "no_signal"}}
2026-09-12 21:01:10,957 INFO request {"path": "/measure", "payload": {"arena_id": "default", "robot_id": "202601002029", "request_id": "6ef38de9fb0244aa84e0ceae32857bab", "position": {"x": 1700.390535972649, "y": -658.7348030471607}, "channel": 13}, "attempt": 1}
2026-09-12 21:01:10,971 INFO response {"request_id": "6ef38de9fb0244aa84e0ceae32857bab", "http_status": 200, "body": {"accepted": true, "real_timestamp_ms": 1789218067799, "virtual_time_s": 6670.137311, "measure_result": "no_signal"}}
2026-09-12 21:01:11,002 INFO request {"path": "/measure", "payload": {"arena_id": "default", "robot_id": "202601002029", "request_id": "96bbaa3da90247b29ca6b11cc29960b5", "position": {"x": 1700.390535972649, "y": -658.7348030471607}, "channel": 18}, "attempt": 1}
2026-09-12 21:01:11,002 INFO response {"request_id": "96bbaa3da90247b29ca6b11cc29960b5", "http_status": 200, "body": {"accepted": true, "real_timestamp_ms": 1789218067831, "virtual_time_s": 6676.137311, "measure_result": "no_signal"}}
2026-09-12 21:01:11,033 INFO request {"path": "/measure", "payload": {"arena_id": "default", "robot_id": "202601002029", "request_id": "e8aab9acb4c54db0b94b3d09143e5c0c", "position": {"x": 1700.390535972649, "y": -658.7348030471607}, "channel": 20}, "attempt": 1}
2026-09-12 21:01:11,034 INFO response {"request_id": "e8aab9acb4c54db0b94b3d09143e5c0c", "http_status": 200, "body": {"accepted": true, "real_timestamp_ms": 1789218067863, "virtual_time_s": 6682.137311, "measure_result": "no_signal"}}
2026-09-12 21:01:11,058 INFO request {"path": "/measure", "payload": {"arena_id": "default", "robot_id": "202601002029", "request_id": "59225f0442c342c7b392251bf4921bca", "position": {"x": 1700.390535972649, "y": -658.7348030471607}, "channel": 9}, "attempt": 1}
2026-09-12 21:01:11,069 INFO response {"request_id": "59225f0442c342c7b392251bf4921bca", "http_status": 200, "body": {"accepted": true, "real_timestamp_ms": 1789218067898, "virtual_time_s": 6688.137311, "measure_result": "direction", "svd_deg": 218.82}}
2026-09-12 21:01:11,090 INFO request {"path": "/measure", "payload": {"arena_id": "default", "robot_id": "202601002029", "request_id": "55e48b9eef30450a978348e6e590db68", "position": {"x": 1859.9999999999998, "y": -1.3667058278484459e-12}, "channel": 1}, "attempt": 1}
2026-09-12 21:01:11,092 INFO response {"request_id": "55e48b9eef30450a978348e6e590db68", "http_status": 200, "body": {"accepted": true, "real_timestamp_ms": 1789218067920, "virtual_time_s": 6829.696408, "measure_result": "no_signal"}}
2026-09-12 21:01:11,122 INFO request {"path": "/measure", "payload": {"arena_id": "default", "robot_id": "202601002029", "request_id": "395e8eb90ced4faf83b31912480476a9", "position": {"x": 1859.9999999999998, "y": -1.3667058278484459e-12}, "channel": 2}, "attempt": 1}
2026-09-12 21:01:11,123 INFO response {"request_id": "395e8eb90ced4faf83b31912480476a9", "http_status": 200, "body": {"accepted": true, "real_timestamp_ms": 1789218067952, "virtual_time_s": 6835.696408, "measure_result": "no_signal"}}
2026-09-12 21:01:11,154 INFO request {"path": "/measure", "payload": {"arena_id": "default", "robot_id": "202601002029", "request_id": "31ede1a8c9e14cb08066d72d4ded0f2e", "position": {"x": 1859.9999999999998, "y": -1.3667058278484459e-12}, "channel": 8}, "attempt": 1}
2026-09-12 21:01:11,155 INFO response {"request_id": "31ede1a8c9e14cb08066d72d4ded0f2e", "http_status": 200, "body": {"accepted": true, "real_timestamp_ms": 1789218067984, "virtual_time_s": 6841.696408, "measure_result": "no_signal"}}
2026-09-12 21:01:11,186 INFO request {"path": "/measure", "payload": {"arena_id": "default", "robot_id": "202601002029", "request_id": "0d21c5a460e6460c9bad4d00eb44e76a", "position": {"x": 1859.9999999999998, "y": -1.3667058278484459e-12}, "channel": 11}, "attempt": 1}
2026-09-12 21:01:11,198 INFO response {"request_id": "0d21c5a460e6460c9bad4d00eb44e76a", "http_status": 200, "body": {"accepted": true, "real_timestamp_ms": 1789218068027, "virtual_time_s": 6847.696408, "measure_result": "no_signal"}}
2026-09-12 21:01:11,214 INFO request {"path": "/measure", "payload": {"arena_id": "default", "robot_id": "202601002029", "request_id": "2bf17604f5ed49d58506e09f9f9d1e1d", "position": {"x": 1859.9999999999998, "y": -1.3667058278484459e-12}, "channel": 13}, "attempt": 1}
2026-09-12 21:01:11,227 INFO response {"request_id": "2bf17604f5ed49d58506e09f9f9d1e1d", "http_status": 200, "body": {"accepted": true, "real_timestamp_ms": 1789218068056, "virtual_time_s": 6853.696408, "measure_result": "no_signal"}}
2026-09-12 21:01:11,243 INFO request {"path": "/measure", "payload": {"arena_id": "default", "robot_id": "202601002029", "request_id": "1f3c4995995d4735ba7ddeb69a572c7a", "position": {"x": 1859.9999999999998, "y": -1.3667058278484459e-12}, "channel": 18}, "attempt": 1}
2026-09-12 21:01:11,257 INFO response {"request_id": "1f3c4995995d4735ba7ddeb69a572c7a", "http_status": 200, "body": {"accepted": true, "real_timestamp_ms": 1789218068086, "virtual_time_s": 6859.696408, "measure_result": "no_signal"}}
2026-09-12 21:01:11,272 INFO request {"path": "/measure", "payload": {"arena_id": "default", "robot_id": "202601002029", "request_id": "43e9706c26eb4b088818049b6b4905a5", "position": {"x": 1859.9999999999998, "y": -1.3667058278484459e-12}, "channel": 20}, "attempt": 1}
2026-09-12 21:01:11,274 INFO response {"request_id": "43e9706c26eb4b088818049b6b4905a5", "http_status": 200, "body": {"accepted": true, "real_timestamp_ms": 1789218068102, "virtual_time_s": 6865.696408, "measure_result": "no_signal"}}
2026-09-12 21:01:11,305 INFO request {"path": "/measure", "payload": {"arena_id": "default", "robot_id": "202601002029", "request_id": "7cbd35b421e74e49adc69da9e3e6d7e9", "position": {"x": 1768.4061574115558, "y": 685.0841951690444}, "channel": 20}, "attempt": 1}
2026-09-12 21:01:11,326 INFO response {"request_id": "7cbd35b421e74e49adc69da9e3e6d7e9", "http_status": 200, "body": {"accepted": true, "real_timestamp_ms": 1789218068155, "virtual_time_s": 7008.932407, "measure_result": "no_signal"}}
2026-09-12 21:01:11,342 INFO request {"path": "/measure", "payload": {"arena_id": "default", "robot_id": "202601002029", "request_id": "0abae22b6fb9486283d37930c7e28468", "position": {"x": 1768.4061574115558, "y": 685.0841951690444}, "channel": 1}, "attempt": 1}
2026-09-12 21:01:11,344 INFO response {"request_id": "0abae22b6fb9486283d37930c7e28468", "http_status": 200, "body": {"accepted": true, "real_timestamp_ms": 1789218068172, "virtual_time_s": 7014.932407, "measure_result": "no_signal"}}
2026-09-12 21:01:11,375 INFO request {"path": "/measure", "payload": {"arena_id": "default", "robot_id": "202601002029", "request_id": "2c7bfa04acf84ebb898d2418abef9762", "position": {"x": 1768.4061574115558, "y": 685.0841951690444}, "channel": 2}, "attempt": 1}
2026-09-12 21:01:11,377 INFO response {"request_id": "2c7bfa04acf84ebb898d2418abef9762", "http_status": 200, "body": {"accepted": true, "real_timestamp_ms": 1789218068205, "virtual_time_s": 7020.932407, "measure_result": "no_signal"}}
2026-09-12 21:01:11,408 INFO request {"path": "/measure", "payload": {"arena_id": "default", "robot_id": "202601002029", "request_id": "2bc74d6f13f542dc873ce3439774d259", "position": {"x": 1768.4061574115558, "y": 685.0841951690444}, "channel": 8}, "attempt": 1}
2026-09-12 21:01:11,409 INFO response {"request_id": "2bc74d6f13f542dc873ce3439774d259", "http_status": 200, "body": {"accepted": true, "real_timestamp_ms": 1789218068238, "virtual_time_s": 7026.932407, "measure_result": "no_signal"}}
2026-09-12 21:01:11,424 INFO request {"path": "/measure", "payload": {"arena_id": "default", "robot_id": "202601002029", "request_id": "bf7f1d054941432b98311ed527cf3694", "position": {"x": 1768.4061574115558, "y": 685.0841951690444}, "channel": 11}, "attempt": 1}
2026-09-12 21:01:11,425 INFO response {"request_id": "bf7f1d054941432b98311ed527cf3694", "http_status": 200, "body": {"accepted": true, "real_timestamp_ms": 1789218068254, "virtual_time_s": 7032.932407, "measure_result": "no_signal"}}
2026-09-12 21:01:11,440 INFO request {"path": "/measure", "payload": {"arena_id": "default", "robot_id": "202601002029", "request_id": "408f751e41c544d5a355fff3f4f6e31e", "position": {"x": 1768.4061574115558, "y": 685.0841951690444}, "channel": 13}, "attempt": 1}
2026-09-12 21:01:11,444 INFO response {"request_id": "408f751e41c544d5a355fff3f4f6e31e", "http_status": 200, "body": {"accepted": true, "real_timestamp_ms": 1789218068273, "virtual_time_s": 7038.932407, "measure_result": "no_signal"}}
2026-09-12 21:01:11,460 INFO request {"path": "/measure", "payload": {"arena_id": "default", "robot_id": "202601002029", "request_id": "bb56f277c6d94279b69ea82a972c392e", "position": {"x": 1768.4061574115558, "y": 685.0841951690444}, "channel": 18}, "attempt": 1}
2026-09-12 21:01:11,461 INFO response {"request_id": "bb56f277c6d94279b69ea82a972c392e", "http_status": 200, "body": {"accepted": true, "real_timestamp_ms": 1789218068290, "virtual_time_s": 7044.932407, "measure_result": "no_signal"}}
2026-09-12 21:01:11,492 INFO request {"path": "/measure", "payload": {"arena_id": "default", "robot_id": "202601002029", "request_id": "94dcef27061a4625a3230053c34545c2", "position": {"x": 1428.4607658747555, "y": 1302.2140500132875}, "channel": 18}, "attempt": 1}
2026-09-12 21:01:11,505 INFO response {"request_id": "94dcef27061a4625a3230053c34545c2", "http_status": 200, "body": {"accepted": true, "real_timestamp_ms": 1789218068333, "virtual_time_s": 7190.845448, "measure_result": "no_signal"}}
2026-09-12 21:01:11,519 INFO request {"path": "/measure", "payload": {"arena_id": "default", "robot_id": "202601002029", "request_id": "58720a4b2dfa4da7a3146730298eaf2d", "position": {"x": 1428.4607658747555, "y": 1302.2140500132875}, "channel": 1}, "attempt": 1}
2026-09-12 21:01:11,534 INFO response {"request_id": "58720a4b2dfa4da7a3146730298eaf2d", "http_status": 200, "body": {"accepted": true, "real_timestamp_ms": 1789218068363, "virtual_time_s": 7196.845448, "measure_result": "no_signal"}}
2026-09-12 21:01:11,549 INFO request {"path": "/measure", "payload": {"arena_id": "default", "robot_id": "202601002029", "request_id": "216441391f4046f19c5948aabd203a08", "position": {"x": 1428.4607658747555, "y": 1302.2140500132875}, "channel": 2}, "attempt": 1}
2026-09-12 21:01:11,564 INFO response {"request_id": "216441391f4046f19c5948aabd203a08", "http_status": 200, "body": {"accepted": true, "real_timestamp_ms": 1789218068392, "virtual_time_s": 7202.845448, "measure_result": "no_signal"}}
2026-09-12 21:01:11,579 INFO request {"path": "/measure", "payload": {"arena_id": "default", "robot_id": "202601002029", "request_id": "314c74650506423688fc45b08af245b2", "position": {"x": 1428.4607658747555, "y": 1302.2140500132875}, "channel": 8}, "attempt": 1}
2026-09-12 21:01:11,594 INFO response {"request_id": "314c74650506423688fc45b08af245b2", "http_status": 200, "body": {"accepted": true, "real_timestamp_ms": 1789218068423, "virtual_time_s": 7208.845448, "measure_result": "no_signal"}}
2026-09-12 21:01:11,609 INFO request {"path": "/measure", "payload": {"arena_id": "default", "robot_id": "202601002029", "request_id": "124c17fa1e1443deba2876c74397ed71", "position": {"x": 1428.4607658747555, "y": 1302.2140500132875}, "channel": 11}, "attempt": 1}
2026-09-12 21:01:11,623 INFO response {"request_id": "124c17fa1e1443deba2876c74397ed71", "http_status": 200, "body": {"accepted": true, "real_timestamp_ms": 1789218068452, "virtual_time_s": 7214.845448, "measure_result": "no_signal"}}
2026-09-12 21:01:11,639 INFO request {"path": "/measure", "payload": {"arena_id": "default", "robot_id": "202601002029", "request_id": "c67c6ae6d5bd4a2cbe805034a0df056c", "position": {"x": 1428.4607658747555, "y": 1302.2140500132875}, "channel": 13}, "attempt": 1}
2026-09-12 21:01:11,641 INFO response {"request_id": "c67c6ae6d5bd4a2cbe805034a0df056c", "http_status": 200, "body": {"accepted": true, "real_timestamp_ms": 1789218068469, "virtual_time_s": 7220.845448, "measure_result": "no_signal"}}
2026-09-12 21:01:11,671 INFO request {"path": "/measure", "payload": {"arena_id": "default", "robot_id": "202601002029", "request_id": "96d0654a26c14b87ac73e6057d2fe572", "position": {"x": 1428.4607658747555, "y": 1302.2140500132875}, "channel": 20}, "attempt": 1}
2026-09-12 21:01:11,692 INFO response {"request_id": "96d0654a26c14b87ac73e6057d2fe572", "http_status": 200, "body": {"accepted": true, "real_timestamp_ms": 1789218068520, "virtual_time_s": 7226.845448, "measure_result": "no_signal"}}
2026-09-12 21:01:11,692 INFO request {"path": "/measure", "payload": {"arena_id": "default", "robot_id": "202601002029", "request_id": "0e0cd37492a04b8bbbe222174c1a1b2c", "position": {"x": 877.8423618469712, "y": 1762.9451173274986}, "channel": 20}, "attempt": 1}
2026-09-12 21:01:11,712 INFO response {"request_id": "0e0cd37492a04b8bbbe222174c1a1b2c", "http_status": 200, "body": {"accepted": true, "real_timestamp_ms": 1789218068540, "virtual_time_s": 7375.435663, "measure_result": "no_signal"}}
2026-09-12 21:01:11,726 INFO request {"path": "/measure", "payload": {"arena_id": "default", "robot_id": "202601002029", "request_id": "f33f4e5cb0d04ae7ae0c3c4311207e85", "position": {"x": 877.8423618469712, "y": 1762.9451173274986}, "channel": 1}, "attempt": 1}
2026-09-12 21:01:11,741 INFO response {"request_id": "f33f4e5cb0d04ae7ae0c3c4311207e85", "http_status": 200, "body": {"accepted": true, "real_timestamp_ms": 1789218068569, "virtual_time_s": 7381.435663, "measure_result": "no_signal"}}
2026-09-12 21:01:11,756 INFO request {"path": "/measure", "payload": {"arena_id": "default", "robot_id": "202601002029", "request_id": "474dd73104ca4859b68206e2b235fd4a", "position": {"x": 877.8423618469712, "y": 1762.9451173274986}, "channel": 2}, "attempt": 1}
2026-09-12 21:01:11,758 INFO response {"request_id": "474dd73104ca4859b68206e2b235fd4a", "http_status": 200, "body": {"accepted": true, "real_timestamp_ms": 1789218068586, "virtual_time_s": 7387.435663, "measure_result": "no_signal"}}
2026-09-12 21:01:11,789 INFO request {"path": "/measure", "payload": {"arena_id": "default", "robot_id": "202601002029", "request_id": "7e87deb33fbb4183ab3abfcd4a1827ee", "position": {"x": 877.8423618469712, "y": 1762.9451173274986}, "channel": 8}, "attempt": 1}
2026-09-12 21:01:11,790 INFO response {"request_id": "7e87deb33fbb4183ab3abfcd4a1827ee", "http_status": 200, "body": {"accepted": true, "real_timestamp_ms": 1789218068618, "virtual_time_s": 7393.435663, "measure_result": "no_signal"}}
2026-09-12 21:01:11,820 INFO request {"path": "/measure", "payload": {"arena_id": "default", "robot_id": "202601002029", "request_id": "fb7b0a2e1fb242889cd540bc0b523747", "position": {"x": 877.8423618469712, "y": 1762.9451173274986}, "channel": 11}, "attempt": 1}
2026-09-12 21:01:11,837 INFO response {"request_id": "fb7b0a2e1fb242889cd540bc0b523747", "http_status": 200, "body": {"accepted": true, "real_timestamp_ms": 1789218068666, "virtual_time_s": 7399.435663, "measure_result": "no_signal"}}
2026-09-12 21:01:11,852 INFO request {"path": "/measure", "payload": {"arena_id": "default", "robot_id": "202601002029", "request_id": "5ecf664d3f0e4d45a6484f21ddcab798", "position": {"x": 877.8423618469712, "y": 1762.9451173274986}, "channel": 13}, "attempt": 1}
2026-09-12 21:01:11,868 INFO response {"request_id": "5ecf664d3f0e4d45a6484f21ddcab798", "http_status": 200, "body": {"accepted": true, "real_timestamp_ms": 1789218068696, "virtual_time_s": 7405.435663, "measure_result": "no_signal"}}
2026-09-12 21:01:11,883 INFO request {"path": "/measure", "payload": {"arena_id": "default", "robot_id": "202601002029", "request_id": "3d3a2535c5534390976a31449c795a42", "position": {"x": 877.8423618469712, "y": 1762.9451173274986}, "channel": 18}, "attempt": 1}
2026-09-12 21:01:11,885 INFO response {"request_id": "3d3a2535c5534390976a31449c795a42", "http_status": 200, "body": {"accepted": true, "real_timestamp_ms": 1789218068714, "virtual_time_s": 7411.435663, "measure_result": "direction", "svd_deg": 194.6}}
2026-09-12 21:01:11,921 INFO request {"path": "/measure", "payload": {"arena_id": "default", "robot_id": "202601002029", "request_id": "feb4965dbd984e109cb6a17ea6bd1465", "position": {"x": 185.0794739822733, "y": 1997.3256124506277}, "channel": 1}, "attempt": 1}
2026-09-12 21:01:11,924 INFO response {"request_id": "feb4965dbd984e109cb6a17ea6bd1465", "http_status": 200, "body": {"accepted": true, "real_timestamp_ms": 1789218068752, "virtual_time_s": 7563.703176, "measure_result": "no_signal"}}
2026-09-12 21:01:11,954 INFO request {"path": "/measure", "payload": {"arena_id": "default", "robot_id": "202601002029", "request_id": "e8eaf638b6ca4436ad2f7f346025a711", "position": {"x": 185.0794739822733, "y": 1997.3256124506277}, "channel": 2}, "attempt": 1}
2026-09-12 21:01:11,976 INFO response {"request_id": "e8eaf638b6ca4436ad2f7f346025a711", "http_status": 200, "body": {"accepted": true, "real_timestamp_ms": 1789218068805, "virtual_time_s": 7569.703176, "measure_result": "no_signal"}}
2026-09-12 21:01:11,977 INFO request {"path": "/measure", "payload": {"arena_id": "default", "robot_id": "202601002029", "request_id": "fce4294091434be9a093bb049cbb5716", "position": {"x": 185.0794739822733, "y": 1997.3256124506277}, "channel": 8}, "attempt": 1}
2026-09-12 21:01:11,979 INFO response {"request_id": "fce4294091434be9a093bb049cbb5716", "http_status": 200, "body": {"accepted": true, "real_timestamp_ms": 1789218068807, "virtual_time_s": 7575.703176, "measure_result": "no_signal"}}
2026-09-12 21:01:12,010 INFO request {"path": "/measure", "payload": {"arena_id": "default", "robot_id": "202601002029", "request_id": "62c8c4cbd7e84e2c8b88f66872b03ae9", "position": {"x": 185.0794739822733, "y": 1997.3256124506277}, "channel": 11}, "attempt": 1}
2026-09-12 21:01:12,025 INFO response {"request_id": "62c8c4cbd7e84e2c8b88f66872b03ae9", "http_status": 200, "body": {"accepted": true, "real_timestamp_ms": 1789218068853, "virtual_time_s": 7581.703176, "measure_result": "no_signal"}}
2026-09-12 21:01:12,041 INFO request {"path": "/measure", "payload": {"arena_id": "default", "robot_id": "202601002029", "request_id": "030c250844de4ff693623364d6bac3d9", "position": {"x": 185.0794739822733, "y": 1997.3256124506277}, "channel": 13}, "attempt": 1}
2026-09-12 21:01:12,044 INFO response {"request_id": "030c250844de4ff693623364d6bac3d9", "http_status": 200, "body": {"accepted": true, "real_timestamp_ms": 1789218068872, "virtual_time_s": 7587.703176, "measure_result": "no_signal"}}
2026-09-12 21:01:12,074 INFO request {"path": "/measure", "payload": {"arena_id": "default", "robot_id": "202601002029", "request_id": "7707b029cc9342d5b4bb7388ae726d0c", "position": {"x": 185.0794739822733, "y": 1997.3256124506277}, "channel": 20}, "attempt": 1}
2026-09-12 21:01:12,094 INFO response {"request_id": "7707b029cc9342d5b4bb7388ae726d0c", "http_status": 200, "body": {"accepted": true, "real_timestamp_ms": 1789218068923, "virtual_time_s": 7593.703176, "measure_result": "no_signal"}}
2026-09-12 21:01:12,108 INFO request {"path": "/measure", "payload": {"arena_id": "default", "robot_id": "202601002029", "request_id": "a75480cdcdbd44d680fcf435583cfc2d", "position": {"x": 185.0794739822733, "y": 1997.3256124506277}, "channel": 18}, "attempt": 1}
2026-09-12 21:01:12,109 INFO response {"request_id": "a75480cdcdbd44d680fcf435583cfc2d", "http_status": 200, "body": {"accepted": true, "real_timestamp_ms": 1789218068937, "virtual_time_s": 7599.703176, "measure_result": "direction", "svd_deg": 240.21}}
2026-09-12 21:01:12,142 INFO request {"path": "/measure", "payload": {"arena_id": "default", "robot_id": "202601002029", "request_id": "6b9a8a85c1ad404c8307d76d1d83db0d", "position": {"x": -558.9164126648678, "y": 1964.3874312329572}, "channel": 1}, "attempt": 1}
2026-09-12 21:01:12,144 INFO response {"request_id": "6b9a8a85c1ad404c8307d76d1d83db0d", "http_status": 200, "body": {"accepted": true, "real_timestamp_ms": 1789218068972, "virtual_time_s": 7754.648106, "measure_result": "no_signal"}}
2026-09-12 21:01:12,160 INFO request {"path": "/measure", "payload": {"arena_id": "default", "robot_id": "202601002029", "request_id": "e7e962b39852401eb7a8d9e3b594799d", "position": {"x": -558.9164126648678, "y": 1964.3874312329572}, "channel": 2}, "attempt": 1}
2026-09-12 21:01:12,160 INFO response {"request_id": "e7e962b39852401eb7a8d9e3b594799d", "http_status": 200, "body": {"accepted": true, "real_timestamp_ms": 1789218068989, "virtual_time_s": 7760.648106, "measure_result": "no_signal"}}
2026-09-12 21:01:12,191 INFO request {"path": "/measure", "payload": {"arena_id": "default", "robot_id": "202601002029", "request_id": "909222e0abaf4bab927bbcb960e03f3d", "position": {"x": -558.9164126648678, "y": 1964.3874312329572}, "channel": 8}, "attempt": 1}
2026-09-12 21:01:12,192 INFO response {"request_id": "909222e0abaf4bab927bbcb960e03f3d", "http_status": 200, "body": {"accepted": true, "real_timestamp_ms": 1789218069021, "virtual_time_s": 7766.648106, "measure_result": "no_signal"}}
2026-09-12 21:01:12,223 INFO request {"path": "/measure", "payload": {"arena_id": "default", "robot_id": "202601002029", "request_id": "c307c0d1817e47379c93ad9b390b5b16", "position": {"x": -558.9164126648678, "y": 1964.3874312329572}, "channel": 11}, "attempt": 1}
2026-09-12 21:01:12,242 INFO response {"request_id": "c307c0d1817e47379c93ad9b390b5b16", "http_status": 200, "body": {"accepted": true, "real_timestamp_ms": 1789218069070, "virtual_time_s": 7772.648106, "measure_result": "no_signal"}}
2026-09-12 21:01:12,256 INFO request {"path": "/measure", "payload": {"arena_id": "default", "robot_id": "202601002029", "request_id": "b24baaa6bb124f05b96c27f11ad31cf9", "position": {"x": -558.9164126648678, "y": 1964.3874312329572}, "channel": 13}, "attempt": 1}
2026-09-12 21:01:12,271 INFO response {"request_id": "b24baaa6bb124f05b96c27f11ad31cf9", "http_status": 200, "body": {"accepted": true, "real_timestamp_ms": 1789218069099, "virtual_time_s": 7778.648106, "measure_result": "no_signal"}}
2026-09-12 21:01:12,287 INFO request {"path": "/measure", "payload": {"arena_id": "default", "robot_id": "202601002029", "request_id": "59d7c3bf9fbc4a669505326064f1de39", "position": {"x": -558.9164126648678, "y": 1964.3874312329572}, "channel": 20}, "attempt": 1}
2026-09-12 21:01:12,288 INFO response {"request_id": "59d7c3bf9fbc4a669505326064f1de39", "http_status": 200, "body": {"accepted": true, "real_timestamp_ms": 1789218069117, "virtual_time_s": 7784.648106, "measure_result": "no_signal"}}
2026-09-12 21:01:12,316 INFO request {"path": "/measure", "payload": {"arena_id": "default", "robot_id": "202601002029", "request_id": "e083f738d2674887b5d637d88b4b7b11", "position": {"x": -558.9164126648678, "y": 1964.3874312329572}, "channel": 18}, "attempt": 1}
2026-09-12 21:01:12,329 INFO response {"request_id": "e083f738d2674887b5d637d88b4b7b11", "http_status": 200, "body": {"accepted": true, "real_timestamp_ms": 1789218069158, "virtual_time_s": 7790.648106, "measure_result": "direction", "svd_deg": 315.1}}
2026-09-12 21:01:12,347 INFO request {"path": "/measure", "payload": {"arena_id": "default", "robot_id": "202601002029", "request_id": "1778f0fde95745738e54836d1e6e0174", "position": {"x": -1252.7710617437015, "y": 1658.936988946098}, "channel": 1}, "attempt": 1}
2026-09-12 21:01:12,349 INFO response {"request_id": "1778f0fde95745738e54836d1e6e0174", "http_status": 200, "body": {"accepted": true, "real_timestamp_ms": 1789218069177, "virtual_time_s": 7948.270564, "measure_result": "no_signal"}}
2026-09-12 21:01:12,379 INFO request {"path": "/measure", "payload": {"arena_id": "default", "robot_id": "202601002029", "request_id": "ff862c27dcd341c5a93b0c1c51dfd6bf", "position": {"x": -1252.7710617437015, "y": 1658.936988946098}, "channel": 2}, "attempt": 1}
2026-09-12 21:01:12,380 INFO response {"request_id": "ff862c27dcd341c5a93b0c1c51dfd6bf", "http_status": 200, "body": {"accepted": true, "real_timestamp_ms": 1789218069209, "virtual_time_s": 7954.270564, "measure_result": "no_signal"}}
2026-09-12 21:01:12,411 INFO request {"path": "/measure", "payload": {"arena_id": "default", "robot_id": "202601002029", "request_id": "98845524cfc940a289e72061c7466235", "position": {"x": -1252.7710617437015, "y": 1658.936988946098}, "channel": 8}, "attempt": 1}
2026-09-12 21:01:12,428 INFO response {"request_id": "98845524cfc940a289e72061c7466235", "http_status": 200, "body": {"accepted": true, "real_timestamp_ms": 1789218069256, "virtual_time_s": 7960.270564, "measure_result": "no_signal"}}
2026-09-12 21:01:12,443 INFO request {"path": "/measure", "payload": {"arena_id": "default", "robot_id": "202601002029", "request_id": "0d9bf78fde024aa98a03731ee99b76fd", "position": {"x": -1252.7710617437015, "y": 1658.936988946098}, "channel": 11}, "attempt": 1}
2026-09-12 21:01:12,457 INFO response {"request_id": "0d9bf78fde024aa98a03731ee99b76fd", "http_status": 200, "body": {"accepted": true, "real_timestamp_ms": 1789218069286, "virtual_time_s": 7966.270564, "measure_result": "no_signal"}}
2026-09-12 21:01:12,473 INFO request {"path": "/measure", "payload": {"arena_id": "default", "robot_id": "202601002029", "request_id": "0e5babd2f4d248f5847fcfa6e23c57b5", "position": {"x": -1252.7710617437015, "y": 1658.936988946098}, "channel": 13}, "attempt": 1}
2026-09-12 21:01:12,486 INFO response {"request_id": "0e5babd2f4d248f5847fcfa6e23c57b5", "http_status": 200, "body": {"accepted": true, "real_timestamp_ms": 1789218069314, "virtual_time_s": 7972.270564, "measure_result": "no_signal"}}
2026-09-12 21:01:12,518 INFO request {"path": "/measure", "payload": {"arena_id": "default", "robot_id": "202601002029", "request_id": "b866343622084e6e8e067c5eeb452e91", "position": {"x": -1252.7710617437015, "y": 1658.936988946098}, "channel": 20}, "attempt": 1}
2026-09-12 21:01:12,520 INFO response {"request_id": "b866343622084e6e8e067c5eeb452e91", "http_status": 200, "body": {"accepted": true, "real_timestamp_ms": 1789218069349, "virtual_time_s": 7978.270564, "measure_result": "no_signal"}}
2026-09-12 21:01:12,536 INFO request {"path": "/measure", "payload": {"arena_id": "default", "robot_id": "202601002029", "request_id": "a3e12b503f664a14b7a3b400dafcf09c", "position": {"x": -1798.4593059315825, "y": 1113.558857474691}, "channel": 20}, "attempt": 1}
2026-09-12 21:01:12,538 INFO response {"request_id": "a3e12b503f664a14b7a3b400dafcf09c", "http_status": 200, "body": {"accepted": true, "real_timestamp_ms": 1789218069367, "virtual_time_s": 8137.570657, "measure_result": "no_signal"}}
2026-09-12 21:01:12,569 INFO request {"path": "/measure", "payload": {"arena_id": "default", "robot_id": "202601002029", "request_id": "865bd39b17744655ba383b02bb37923b", "position": {"x": -1798.4593059315825, "y": 1113.558857474691}, "channel": 1}, "attempt": 1}
2026-09-12 21:01:12,570 INFO response {"request_id": "865bd39b17744655ba383b02bb37923b", "http_status": 200, "body": {"accepted": true, "real_timestamp_ms": 1789218069399, "virtual_time_s": 8143.570657, "measure_result": "no_signal"}}
2026-09-12 21:01:12,601 INFO request {"path": "/measure", "payload": {"arena_id": "default", "robot_id": "202601002029", "request_id": "d3a9c062a4794db7ac0e63be72b4cea7", "position": {"x": -1798.4593059315825, "y": 1113.558857474691}, "channel": 2}, "attempt": 1}
2026-09-12 21:01:12,615 INFO response {"request_id": "d3a9c062a4794db7ac0e63be72b4cea7", "http_status": 200, "body": {"accepted": true, "real_timestamp_ms": 1789218069443, "virtual_time_s": 8149.570657, "measure_result": "no_signal"}}
2026-09-12 21:01:12,630 INFO request {"path": "/measure", "payload": {"arena_id": "default", "robot_id": "202601002029", "request_id": "6da5f59484734018b003369ca072505e", "position": {"x": -1798.4593059315825, "y": 1113.558857474691}, "channel": 8}, "attempt": 1}
2026-09-12 21:01:12,630 INFO response {"request_id": "6da5f59484734018b003369ca072505e", "http_status": 200, "body": {"accepted": true, "real_timestamp_ms": 1789218069459, "virtual_time_s": 8155.570657, "measure_result": "no_signal"}}
2026-09-12 21:01:12,661 INFO request {"path": "/measure", "payload": {"arena_id": "default", "robot_id": "202601002029", "request_id": "13a92bede71f4a9db67c7f9cff43dead", "position": {"x": -1798.4593059315825, "y": 1113.558857474691}, "channel": 11}, "attempt": 1}
2026-09-12 21:01:12,673 INFO response {"request_id": "13a92bede71f4a9db67c7f9cff43dead", "http_status": 200, "body": {"accepted": true, "real_timestamp_ms": 1789218069501, "virtual_time_s": 8161.570657, "measure_result": "no_signal"}}
2026-09-12 21:01:12,704 INFO request {"path": "/measure", "payload": {"arena_id": "default", "robot_id": "202601002029", "request_id": "b1c622fa239646898256d03386cc6671", "position": {"x": -1798.4593059315825, "y": 1113.558857474691}, "channel": 13}, "attempt": 1}
2026-09-12 21:01:12,706 INFO response {"request_id": "b1c622fa239646898256d03386cc6671", "http_status": 200, "body": {"accepted": true, "real_timestamp_ms": 1789218069534, "virtual_time_s": 8167.570657, "measure_result": "no_signal"}}
2026-09-12 21:01:12,737 INFO request {"path": "/measure", "payload": {"arena_id": "default", "robot_id": "202601002029", "request_id": "324ee8c2a8554f8599502b2df983e071", "position": {"x": -2115.1268227315963, "y": 395.3857271605936}, "channel": 13}, "attempt": 1}
2026-09-12 21:01:12,751 INFO response {"request_id": "324ee8c2a8554f8599502b2df983e071", "http_status": 200, "body": {"accepted": true, "real_timestamp_ms": 1789218069579, "virtual_time_s": 8329.548485, "measure_result": "no_signal"}}
2026-09-12 21:01:12,766 INFO request {"path": "/measure", "payload": {"arena_id": "default", "robot_id": "202601002029", "request_id": "90c46841ded14a689d1158dca95a0f43", "position": {"x": -2115.1268227315963, "y": 395.3857271605936}, "channel": 1}, "attempt": 1}
2026-09-12 21:01:12,780 INFO response {"request_id": "90c46841ded14a689d1158dca95a0f43", "http_status": 200, "body": {"accepted": true, "real_timestamp_ms": 1789218069608, "virtual_time_s": 8335.548485, "measure_result": "no_signal"}}
2026-09-12 21:01:12,795 INFO request {"path": "/measure", "payload": {"arena_id": "default", "robot_id": "202601002029", "request_id": "9961068c7a964d1dad6c752841424c6d", "position": {"x": -2115.1268227315963, "y": 395.3857271605936}, "channel": 2}, "attempt": 1}
2026-09-12 21:01:12,809 INFO response {"request_id": "9961068c7a964d1dad6c752841424c6d", "http_status": 200, "body": {"accepted": true, "real_timestamp_ms": 1789218069637, "virtual_time_s": 8341.548485, "measure_result": "no_signal"}}
2026-09-12 21:01:12,824 INFO request {"path": "/measure", "payload": {"arena_id": "default", "robot_id": "202601002029", "request_id": "55d9976f88fa461da2dc1237ad0985ec", "position": {"x": -2115.1268227315963, "y": 395.3857271605936}, "channel": 8}, "attempt": 1}
2026-09-12 21:01:12,826 INFO response {"request_id": "55d9976f88fa461da2dc1237ad0985ec", "http_status": 200, "body": {"accepted": true, "real_timestamp_ms": 1789218069654, "virtual_time_s": 8347.548485, "measure_result": "no_signal"}}
2026-09-12 21:01:12,856 INFO request {"path": "/measure", "payload": {"arena_id": "default", "robot_id": "202601002029", "request_id": "d1121f70d5ff464095776a078197fd36", "position": {"x": -2115.1268227315963, "y": 395.3857271605936}, "channel": 11}, "attempt": 1}
2026-09-12 21:01:12,857 INFO response {"request_id": "d1121f70d5ff464095776a078197fd36", "http_status": 200, "body": {"accepted": true, "real_timestamp_ms": 1789218069686, "virtual_time_s": 8353.548485, "measure_result": "no_signal"}}
2026-09-12 21:01:12,888 INFO request {"path": "/measure", "payload": {"arena_id": "default", "robot_id": "202601002029", "request_id": "caedb5dea12a4c77b7c1634f0151d626", "position": {"x": -2115.1268227315963, "y": 395.3857271605936}, "channel": 20}, "attempt": 1}
2026-09-12 21:01:12,907 INFO response {"request_id": "caedb5dea12a4c77b7c1634f0151d626", "http_status": 200, "body": {"accepted": true, "real_timestamp_ms": 1789218069735, "virtual_time_s": 8359.548485, "measure_result": "no_signal"}}
2026-09-12 21:01:12,923 INFO request {"path": "/measure", "payload": {"arena_id": "default", "robot_id": "202601002029", "request_id": "b883bee6779b4a7ab06254821a78bcea", "position": {"x": -2150.9764298965374, "y": -402.0871801633194}, "channel": 20}, "attempt": 1}
2026-09-12 21:01:12,924 INFO response {"request_id": "b883bee6779b4a7ab06254821a78bcea", "http_status": 200, "body": {"accepted": true, "real_timestamp_ms": 1789218069753, "virtual_time_s": 8524.204143, "measure_result": "no_signal"}}
2026-09-12 21:01:12,955 INFO request {"path": "/measure", "payload": {"arena_id": "default", "robot_id": "202601002029", "request_id": "4cee508c6f124f82ad4731d3af86a1cd", "position": {"x": -2150.9764298965374, "y": -402.0871801633194}, "channel": 1}, "attempt": 1}
2026-09-12 21:01:12,958 INFO response {"request_id": "4cee508c6f124f82ad4731d3af86a1cd", "http_status": 200, "body": {"accepted": true, "real_timestamp_ms": 1789218069786, "virtual_time_s": 8530.204143, "measure_result": "no_signal"}}
2026-09-12 21:01:12,973 INFO request {"path": "/measure", "payload": {"arena_id": "default", "robot_id": "202601002029", "request_id": "ad194b17cb814412bc09cf5b44b3ac68", "position": {"x": -2150.9764298965374, "y": -402.0871801633194}, "channel": 2}, "attempt": 1}
2026-09-12 21:01:12,986 INFO response {"request_id": "ad194b17cb814412bc09cf5b44b3ac68", "http_status": 200, "body": {"accepted": true, "real_timestamp_ms": 1789218069814, "virtual_time_s": 8536.204143, "measure_result": "no_signal"}}
2026-09-12 21:01:13,016 INFO request {"path": "/measure", "payload": {"arena_id": "default", "robot_id": "202601002029", "request_id": "b373124b87ca49d59561edd744a161fc", "position": {"x": -2150.9764298965374, "y": -402.0871801633194}, "channel": 8}, "attempt": 1}
2026-09-12 21:01:13,036 INFO response {"request_id": "b373124b87ca49d59561edd744a161fc", "http_status": 200, "body": {"accepted": true, "real_timestamp_ms": 1789218069863, "virtual_time_s": 8542.204143, "measure_result": "no_signal"}}
2026-09-12 21:01:13,037 INFO request {"path": "/measure", "payload": {"arena_id": "default", "robot_id": "202601002029", "request_id": "c404e6774ad64c56b2c944233cdcf5a3", "position": {"x": -2150.9764298965374, "y": -402.0871801633194}, "channel": 11}, "attempt": 1}
2026-09-12 21:01:13,054 INFO response {"request_id": "c404e6774ad64c56b2c944233cdcf5a3", "http_status": 200, "body": {"accepted": true, "real_timestamp_ms": 1789218069881, "virtual_time_s": 8548.204143, "measure_result": "no_signal"}}
2026-09-12 21:01:13,069 INFO request {"path": "/measure", "payload": {"arena_id": "default", "robot_id": "202601002029", "request_id": "c9b8694a697840be83d113e05a1357ba", "position": {"x": -2150.9764298965374, "y": -402.0871801633194}, "channel": 13}, "attempt": 1}
2026-09-12 21:01:13,084 INFO response {"request_id": "c9b8694a697840be83d113e05a1357ba", "http_status": 200, "body": {"accepted": true, "real_timestamp_ms": 1789218069912, "virtual_time_s": 8554.204143, "measure_result": "no_signal"}}
2026-09-12 21:01:13,098 INFO request {"path": "/measure", "payload": {"arena_id": "default", "robot_id": "202601002029", "request_id": "25ad6a0f98db4f15ac20dcc955f45a7f", "position": {"x": -1891.4830631349423, "y": -1171.1567294130336}, "channel": 13}, "attempt": 1}
2026-09-12 21:01:13,113 INFO response {"request_id": "25ad6a0f98db4f15ac20dcc955f45a7f", "http_status": 200, "body": {"accepted": true, "real_timestamp_ms": 1789218069941, "virtual_time_s": 8721.537723, "measure_result": "no_signal"}}
2026-09-12 21:01:13,127 INFO request {"path": "/measure", "payload": {"arena_id": "default", "robot_id": "202601002029", "request_id": "37b2f4beb7b74e37b03908a8ac77dcf6", "position": {"x": -1891.4830631349423, "y": -1171.1567294130336}, "channel": 1}, "attempt": 1}
2026-09-12 21:01:13,142 INFO response {"request_id": "37b2f4beb7b74e37b03908a8ac77dcf6", "http_status": 200, "body": {"accepted": true, "real_timestamp_ms": 1789218069970, "virtual_time_s": 8727.537723, "measure_result": "no_signal"}}
2026-09-12 21:01:13,156 INFO request {"path": "/measure", "payload": {"arena_id": "default", "robot_id": "202601002029", "request_id": "2a064ef99cad4340b3a4de0799c88539", "position": {"x": -1891.4830631349423, "y": -1171.1567294130336}, "channel": 2}, "attempt": 1}
2026-09-12 21:01:13,172 INFO response {"request_id": "2a064ef99cad4340b3a4de0799c88539", "http_status": 200, "body": {"accepted": true, "real_timestamp_ms": 1789218070001, "virtual_time_s": 8733.537723, "measure_result": "no_signal"}}
2026-09-12 21:01:13,188 INFO request {"path": "/measure", "payload": {"arena_id": "default", "robot_id": "202601002029", "request_id": "e72fffbf1d8a478194c95e57c6d2b1a9", "position": {"x": -1891.4830631349423, "y": -1171.1567294130336}, "channel": 8}, "attempt": 1}
2026-09-12 21:01:13,202 INFO response {"request_id": "e72fffbf1d8a478194c95e57c6d2b1a9", "http_status": 200, "body": {"accepted": true, "real_timestamp_ms": 1789218070030, "virtual_time_s": 8739.537723, "measure_result": "no_signal"}}
2026-09-12 21:01:13,217 INFO request {"path": "/measure", "payload": {"arena_id": "default", "robot_id": "202601002029", "request_id": "76e6ab386cf4454e9971c7e998f73bba", "position": {"x": -1891.4830631349423, "y": -1171.1567294130336}, "channel": 11}, "attempt": 1}
2026-09-12 21:01:13,231 INFO response {"request_id": "76e6ab386cf4454e9971c7e998f73bba", "http_status": 200, "body": {"accepted": true, "real_timestamp_ms": 1789218070059, "virtual_time_s": 8745.537723, "measure_result": "no_signal"}}
2026-09-12 21:01:13,247 INFO request {"path": "/measure", "payload": {"arena_id": "default", "robot_id": "202601002029", "request_id": "dea67ec492e84ba18b1387f1a4c811a2", "position": {"x": -1891.4830631349423, "y": -1171.1567294130336}, "channel": 20}, "attempt": 1}
2026-09-12 21:01:13,261 INFO response {"request_id": "dea67ec492e84ba18b1387f1a4c811a2", "http_status": 200, "body": {"accepted": true, "real_timestamp_ms": 1789218070090, "virtual_time_s": 8751.537723, "measure_result": "no_signal"}}
2026-09-12 21:01:13,276 INFO request {"path": "/measure", "payload": {"arena_id": "default", "robot_id": "202601002029", "request_id": "58fb94ed1c454770821e4a515e306175", "position": {"x": -1362.6632601422746, "y": -1804.4577774501392}, "channel": 20}, "attempt": 1}
2026-09-12 21:01:13,291 INFO response {"request_id": "58fb94ed1c454770821e4a515e306175", "http_status": 200, "body": {"accepted": true, "real_timestamp_ms": 1789218070119, "virtual_time_s": 8921.549311, "measure_result": "no_signal"}}
2026-09-12 21:01:13,305 INFO request {"path": "/measure", "payload": {"arena_id": "default", "robot_id": "202601002029", "request_id": "b4542d3cc75e49f199007299114c357a", "position": {"x": -1362.6632601422746, "y": -1804.4577774501392}, "channel": 1}, "attempt": 1}
2026-09-12 21:01:13,308 INFO response {"request_id": "b4542d3cc75e49f199007299114c357a", "http_status": 200, "body": {"accepted": true, "real_timestamp_ms": 1789218070136, "virtual_time_s": 8927.549311, "measure_result": "no_signal"}}
2026-09-12 21:01:13,339 INFO request {"path": "/measure", "payload": {"arena_id": "default", "robot_id": "202601002029", "request_id": "3f6ec23074f14d7f90bb49b5e587fcca", "position": {"x": -1362.6632601422746, "y": -1804.4577774501392}, "channel": 2}, "attempt": 1}
2026-09-12 21:01:13,359 INFO response {"request_id": "3f6ec23074f14d7f90bb49b5e587fcca", "http_status": 200, "body": {"accepted": true, "real_timestamp_ms": 1789218070187, "virtual_time_s": 8933.549311, "measure_result": "no_signal"}}
2026-09-12 21:01:13,375 INFO request {"path": "/measure", "payload": {"arena_id": "default", "robot_id": "202601002029", "request_id": "e4ef0286fdea41bda14e887c2db4f14f", "position": {"x": -1362.6632601422746, "y": -1804.4577774501392}, "channel": 8}, "attempt": 1}
2026-09-12 21:01:13,388 INFO response {"request_id": "e4ef0286fdea41bda14e887c2db4f14f", "http_status": 200, "body": {"accepted": true, "real_timestamp_ms": 1789218070217, "virtual_time_s": 8939.549311, "measure_result": "no_signal"}}
2026-09-12 21:01:13,403 INFO request {"path": "/measure", "payload": {"arena_id": "default", "robot_id": "202601002029", "request_id": "cb82c1d52c9d439c8b5e2aead25cf295", "position": {"x": -1362.6632601422746, "y": -1804.4577774501392}, "channel": 11}, "attempt": 1}
2026-09-12 21:01:13,417 INFO response {"request_id": "cb82c1d52c9d439c8b5e2aead25cf295", "http_status": 200, "body": {"accepted": true, "real_timestamp_ms": 1789218070246, "virtual_time_s": 8945.549311, "measure_result": "no_signal"}}
2026-09-12 21:01:13,432 INFO request {"path": "/measure", "payload": {"arena_id": "default", "robot_id": "202601002029", "request_id": "e6e5a51af44842a19a720e58bce0e4d7", "position": {"x": -1362.6632601422746, "y": -1804.4577774501392}, "channel": 13}, "attempt": 1}
2026-09-12 21:01:13,447 INFO response {"request_id": "e6e5a51af44842a19a720e58bce0e4d7", "http_status": 200, "body": {"accepted": true, "real_timestamp_ms": 1789218070275, "virtual_time_s": 8951.549311, "measure_result": "no_signal"}}
2026-09-12 21:01:13,462 INFO request {"path": "/measure", "payload": {"arena_id": "default", "robot_id": "202601002029", "request_id": "75fea3c3a2fa4721bd4b893273b3f4e6", "position": {"x": -628.7809642479722, "y": -2209.9358601370777}, "channel": 13}, "attempt": 1}
2026-09-12 21:01:13,464 INFO response {"request_id": "75fea3c3a2fa4721bd4b893273b3f4e6", "http_status": 200, "body": {"accepted": true, "real_timestamp_ms": 1789218070292, "virtual_time_s": 9124.238989, "measure_result": "no_signal"}}
2026-09-12 21:01:13,494 INFO request {"path": "/measure", "payload": {"arena_id": "default", "robot_id": "202601002029", "request_id": "8ef46b4020024e4684a834cbd8c9e512", "position": {"x": -628.7809642479722, "y": -2209.9358601370777}, "channel": 1}, "attempt": 1}
2026-09-12 21:01:13,507 INFO response {"request_id": "8ef46b4020024e4684a834cbd8c9e512", "http_status": 200, "body": {"accepted": true, "real_timestamp_ms": 1789218070335, "virtual_time_s": 9130.238989, "measure_result": "no_signal"}}
2026-09-12 21:01:13,521 INFO request {"path": "/measure", "payload": {"arena_id": "default", "robot_id": "202601002029", "request_id": "a85ffabd619245e690b8c88b18e824ad", "position": {"x": -628.7809642479722, "y": -2209.9358601370777}, "channel": 2}, "attempt": 1}
2026-09-12 21:01:13,536 INFO response {"request_id": "a85ffabd619245e690b8c88b18e824ad", "http_status": 200, "body": {"accepted": true, "real_timestamp_ms": 1789218070365, "virtual_time_s": 9136.238989, "measure_result": "no_signal"}}
2026-09-12 21:01:13,551 INFO request {"path": "/measure", "payload": {"arena_id": "default", "robot_id": "202601002029", "request_id": "e0b0d4fafd5e46eea25c9a18a5b9ce32", "position": {"x": -628.7809642479722, "y": -2209.9358601370777}, "channel": 8}, "attempt": 1}
2026-09-12 21:01:13,552 INFO response {"request_id": "e0b0d4fafd5e46eea25c9a18a5b9ce32", "http_status": 200, "body": {"accepted": true, "real_timestamp_ms": 1789218070381, "virtual_time_s": 9142.238989, "measure_result": "no_signal"}}
2026-09-12 21:01:13,583 INFO request {"path": "/measure", "payload": {"arena_id": "default", "robot_id": "202601002029", "request_id": "6347023a40354693a3df6d276fa08f3c", "position": {"x": -628.7809642479722, "y": -2209.9358601370777}, "channel": 11}, "attempt": 1}
2026-09-12 21:01:13,596 INFO response {"request_id": "6347023a40354693a3df6d276fa08f3c", "http_status": 200, "body": {"accepted": true, "real_timestamp_ms": 1789218070424, "virtual_time_s": 9148.238989, "measure_result": "no_signal"}}
2026-09-12 21:01:13,627 INFO request {"path": "/measure", "payload": {"arena_id": "default", "robot_id": "202601002029", "request_id": "6db39e49b33344ec953a2e0bd00cbecf", "position": {"x": -628.7809642479722, "y": -2209.9358601370777}, "channel": 20}, "attempt": 1}
2026-09-12 21:01:13,645 INFO response {"request_id": "6db39e49b33344ec953a2e0bd00cbecf", "http_status": 200, "body": {"accepted": true, "real_timestamp_ms": 1789218070474, "virtual_time_s": 9154.238989, "measure_result": "no_signal"}}
2026-09-12 21:01:13,645 INFO request {"path": "/measure", "payload": {"arena_id": "default", "robot_id": "202601002029", "request_id": "863e1eb1b88e4afd8e40cd3ef362456c", "position": {"x": 215.36520608845947, "y": -2324.160712669822}, "channel": 20}, "attempt": 1}
2026-09-12 21:01:13,665 INFO response {"request_id": "863e1eb1b88e4afd8e40cd3ef362456c", "http_status": 200, "body": {"accepted": true, "real_timestamp_ms": 1789218070493, "virtual_time_s": 9329.606835, "measure_result": "no_signal"}}
2026-09-12 21:01:13,680 INFO request {"path": "/measure", "payload": {"arena_id": "default", "robot_id": "202601002029", "request_id": "bbe22a0e4dae4973bc6587e683511b02", "position": {"x": 215.36520608845947, "y": -2324.160712669822}, "channel": 1}, "attempt": 1}
2026-09-12 21:01:13,696 INFO response {"request_id": "bbe22a0e4dae4973bc6587e683511b02", "http_status": 200, "body": {"accepted": true, "real_timestamp_ms": 1789218070524, "virtual_time_s": 9335.606835, "measure_result": "no_signal"}}
2026-09-12 21:01:13,712 INFO request {"path": "/measure", "payload": {"arena_id": "default", "robot_id": "202601002029", "request_id": "606be562c23448ffa306ab7d4873e3a8", "position": {"x": 215.36520608845947, "y": -2324.160712669822}, "channel": 2}, "attempt": 1}
2026-09-12 21:01:13,715 INFO response {"request_id": "606be562c23448ffa306ab7d4873e3a8", "http_status": 200, "body": {"accepted": true, "real_timestamp_ms": 1789218070542, "virtual_time_s": 9341.606835, "measure_result": "no_signal"}}
2026-09-12 21:01:13,746 INFO request {"path": "/measure", "payload": {"arena_id": "default", "robot_id": "202601002029", "request_id": "4e439ee58ded4c8d9fc102acf6591f63", "position": {"x": 215.36520608845947, "y": -2324.160712669822}, "channel": 8}, "attempt": 1}
2026-09-12 21:01:13,765 INFO response {"request_id": "4e439ee58ded4c8d9fc102acf6591f63", "http_status": 200, "body": {"accepted": true, "real_timestamp_ms": 1789218070593, "virtual_time_s": 9347.606835, "measure_result": "no_signal"}}
2026-09-12 21:01:13,779 INFO request {"path": "/measure", "payload": {"arena_id": "default", "robot_id": "202601002029", "request_id": "4cc89920f20343b3816d151aa67eaf82", "position": {"x": 215.36520608845947, "y": -2324.160712669822}, "channel": 11}, "attempt": 1}
2026-09-12 21:01:13,794 INFO response {"request_id": "4cc89920f20343b3816d151aa67eaf82", "http_status": 200, "body": {"accepted": true, "real_timestamp_ms": 1789218070622, "virtual_time_s": 9353.606835, "measure_result": "no_signal"}}
2026-09-12 21:01:13,808 INFO request {"path": "/measure", "payload": {"arena_id": "default", "robot_id": "202601002029", "request_id": "393615004d4c4dbea5e04db48482af5f", "position": {"x": 215.36520608845947, "y": -2324.160712669822}, "channel": 13}, "attempt": 1}
2026-09-12 21:01:13,809 INFO response {"request_id": "393615004d4c4dbea5e04db48482af5f", "http_status": 200, "body": {"accepted": true, "real_timestamp_ms": 1789218070638, "virtual_time_s": 9359.606835, "measure_result": "no_signal"}}
2026-09-12 21:01:13,840 INFO request {"path": "/measure", "payload": {"arena_id": "default", "robot_id": "202601002029", "request_id": "f96d58833ef54f7e8fb1859e4cf04f32", "position": {"x": 1056.6621022232025, "y": -2122.0635671534724}, "channel": 13}, "attempt": 1}
2026-09-12 21:01:13,853 INFO response {"request_id": "f96d58833ef54f7e8fb1859e4cf04f32", "http_status": 200, "body": {"accepted": true, "real_timestamp_ms": 1789218070681, "virtual_time_s": 9537.652924, "measure_result": "no_signal"}}
2026-09-12 21:01:13,869 INFO request {"path": "/measure", "payload": {"arena_id": "default", "robot_id": "202601002029", "request_id": "7ffc768e2be0494094ef97b47f6c04fb", "position": {"x": 1056.6621022232025, "y": -2122.0635671534724}, "channel": 1}, "attempt": 1}
2026-09-12 21:01:13,872 INFO response {"request_id": "7ffc768e2be0494094ef97b47f6c04fb", "http_status": 200, "body": {"accepted": true, "real_timestamp_ms": 1789218070699, "virtual_time_s": 9543.652924, "measure_result": "no_signal"}}
2026-09-12 21:01:13,903 INFO request {"path": "/measure", "payload": {"arena_id": "default", "robot_id": "202601002029", "request_id": "73b74296bfd941f6a8746b34a3a8ac51", "position": {"x": 1056.6621022232025, "y": -2122.0635671534724}, "channel": 2}, "attempt": 1}
2026-09-12 21:01:13,904 INFO response {"request_id": "73b74296bfd941f6a8746b34a3a8ac51", "http_status": 200, "body": {"accepted": true, "real_timestamp_ms": 1789218070733, "virtual_time_s": 9549.652924, "measure_result": "no_signal"}}
2026-09-12 21:01:13,935 INFO request {"path": "/measure", "payload": {"arena_id": "default", "robot_id": "202601002029", "request_id": "9ea0866c820e4418aa1bd41ce64f3ff7", "position": {"x": 1056.6621022232025, "y": -2122.0635671534724}, "channel": 8}, "attempt": 1}
2026-09-12 21:01:13,951 INFO response {"request_id": "9ea0866c820e4418aa1bd41ce64f3ff7", "http_status": 200, "body": {"accepted": true, "real_timestamp_ms": 1789218070779, "virtual_time_s": 9555.652924, "measure_result": "no_signal"}}
2026-09-12 21:01:13,967 INFO request {"path": "/measure", "payload": {"arena_id": "default", "robot_id": "202601002029", "request_id": "dd80594130c844efaec1613dca8bf325", "position": {"x": 1056.6621022232025, "y": -2122.0635671534724}, "channel": 11}, "attempt": 1}
2026-09-12 21:01:13,980 INFO response {"request_id": "dd80594130c844efaec1613dca8bf325", "http_status": 200, "body": {"accepted": true, "real_timestamp_ms": 1789218070809, "virtual_time_s": 9561.652924, "measure_result": "no_signal"}}
2026-09-12 21:01:13,996 INFO request {"path": "/measure", "payload": {"arena_id": "default", "robot_id": "202601002029", "request_id": "f96b6ee7a8394ffb9a22dff38429481e", "position": {"x": 1056.6621022232025, "y": -2122.0635671534724}, "channel": 20}, "attempt": 1}
2026-09-12 21:01:14,010 INFO response {"request_id": "f96b6ee7a8394ffb9a22dff38429481e", "http_status": 200, "body": {"accepted": true, "real_timestamp_ms": 1789218070839, "virtual_time_s": 9567.652924, "measure_result": "no_signal"}}
2026-09-12 21:01:14,025 INFO request {"path": "/measure", "payload": {"arena_id": "default", "robot_id": "202601002029", "request_id": "cb911d498d0d4999a69966030ff11d9b", "position": {"x": 1778.837934862906, "y": -1621.6250434127696}, "channel": 20}, "attempt": 1}
2026-09-12 21:01:14,040 INFO response {"request_id": "cb911d498d0d4999a69966030ff11d9b", "http_status": 200, "body": {"accepted": true, "real_timestamp_ms": 1789218070869, "virtual_time_s": 9748.377327, "measure_result": "no_signal"}}
2026-09-12 21:01:14,055 INFO request {"path": "/measure", "payload": {"arena_id": "default", "robot_id": "202601002029", "request_id": "ecb6e1c9072f4b338f5773d5916b5b8b", "position": {"x": 1778.837934862906, "y": -1621.6250434127696}, "channel": 1}, "attempt": 1}
2026-09-12 21:01:14,070 INFO response {"request_id": "ecb6e1c9072f4b338f5773d5916b5b8b", "http_status": 200, "body": {"accepted": true, "real_timestamp_ms": 1789218070898, "virtual_time_s": 9754.377327, "measure_result": "no_signal"}}
2026-09-12 21:01:14,085 INFO request {"path": "/measure", "payload": {"arena_id": "default", "robot_id": "202601002029", "request_id": "c7aa949627f24dde98f1e566f64ecbd8", "position": {"x": 1778.837934862906, "y": -1621.6250434127696}, "channel": 2}, "attempt": 1}
2026-09-12 21:01:14,086 INFO response {"request_id": "c7aa949627f24dde98f1e566f64ecbd8", "http_status": 200, "body": {"accepted": true, "real_timestamp_ms": 1789218070915, "virtual_time_s": 9760.377327, "measure_result": "no_signal"}}
2026-09-12 21:01:14,117 INFO request {"path": "/measure", "payload": {"arena_id": "default", "robot_id": "202601002029", "request_id": "47a26a6f425a419da7ac290121ca03b1", "position": {"x": 1778.837934862906, "y": -1621.6250434127696}, "channel": 8}, "attempt": 1}
2026-09-12 21:01:14,119 INFO response {"request_id": "47a26a6f425a419da7ac290121ca03b1", "http_status": 200, "body": {"accepted": true, "real_timestamp_ms": 1789218070947, "virtual_time_s": 9766.377327, "measure_result": "no_signal"}}
2026-09-12 21:01:14,150 INFO request {"path": "/measure", "payload": {"arena_id": "default", "robot_id": "202601002029", "request_id": "7f23adcb0a114c2cad27fcc0b8171f66", "position": {"x": 1778.837934862906, "y": -1621.6250434127696}, "channel": 11}, "attempt": 1}
2026-09-12 21:01:14,151 INFO response {"request_id": "7f23adcb0a114c2cad27fcc0b8171f66", "http_status": 200, "body": {"accepted": true, "real_timestamp_ms": 1789218070980, "virtual_time_s": 9772.377327, "measure_result": "no_signal"}}
2026-09-12 21:01:14,182 INFO request {"path": "/measure", "payload": {"arena_id": "default", "robot_id": "202601002029", "request_id": "c6240f4a66f64a6ea6cbce0d36fd7d75", "position": {"x": 1778.837934862906, "y": -1621.6250434127696}, "channel": 13}, "attempt": 1}
2026-09-12 21:01:14,197 INFO response {"request_id": "c6240f4a66f64a6ea6cbce0d36fd7d75", "http_status": 200, "body": {"accepted": true, "real_timestamp_ms": 1789218071025, "virtual_time_s": 9778.377327, "measure_result": "no_signal"}}
2026-09-12 21:01:14,213 INFO request {"path": "/measure", "payload": {"arena_id": "default", "robot_id": "202601002029", "request_id": "71760891cd394236ab50b6715727c20c", "position": {"x": 2278.5233182033494, "y": -882.7046360831959}, "channel": 13}, "attempt": 1}
2026-09-12 21:01:14,215 INFO response {"request_id": "71760891cd394236ab50b6715727c20c", "http_status": 200, "body": {"accepted": true, "real_timestamp_ms": 1789218071043, "virtual_time_s": 9961.780113, "measure_result": "no_signal"}}
2026-09-12 21:01:14,246 INFO request {"path": "/measure", "payload": {"arena_id": "default", "robot_id": "202601002029", "request_id": "e711779ddb9046ba8e322fd0425b6bb8", "position": {"x": 2278.5233182033494, "y": -882.7046360831959}, "channel": 1}, "attempt": 1}
2026-09-12 21:01:14,257 INFO response {"request_id": "e711779ddb9046ba8e322fd0425b6bb8", "http_status": 200, "body": {"accepted": true, "real_timestamp_ms": 1789218071085, "virtual_time_s": 9967.780113, "measure_result": "no_signal"}}
2026-09-12 21:01:14,272 INFO request {"path": "/measure", "payload": {"arena_id": "default", "robot_id": "202601002029", "request_id": "633f62bccc8e40f390e1dc44cca23af7", "position": {"x": 2278.5233182033494, "y": -882.7046360831959}, "channel": 2}, "attempt": 1}
2026-09-12 21:01:14,286 INFO response {"request_id": "633f62bccc8e40f390e1dc44cca23af7", "http_status": 200, "body": {"accepted": true, "real_timestamp_ms": 1789218071114, "virtual_time_s": 9973.780113, "measure_result": "no_signal"}}
2026-09-12 21:01:14,303 INFO request {"path": "/measure", "payload": {"arena_id": "default", "robot_id": "202601002029", "request_id": "749df04c6bf441eb9f1c7c7b162f099b", "position": {"x": 2278.5233182033494, "y": -882.7046360831959}, "channel": 8}, "attempt": 1}
2026-09-12 21:01:14,314 INFO response {"request_id": "749df04c6bf441eb9f1c7c7b162f099b", "http_status": 200, "body": {"accepted": true, "real_timestamp_ms": 1789218071143, "virtual_time_s": 9979.780113, "measure_result": "no_signal"}}
2026-09-12 21:01:14,345 INFO request {"path": "/measure", "payload": {"arena_id": "default", "robot_id": "202601002029", "request_id": "9ec91ca076734da9a4c7743938b64eee", "position": {"x": 2278.5233182033494, "y": -882.7046360831959}, "channel": 11}, "attempt": 1}
2026-09-12 21:01:14,366 INFO response {"request_id": "9ec91ca076734da9a4c7743938b64eee", "http_status": 200, "body": {"accepted": true, "real_timestamp_ms": 1789218071194, "virtual_time_s": 9985.780113, "measure_result": "no_signal"}}
2026-09-12 21:01:14,366 INFO request {"path": "/measure", "payload": {"arena_id": "default", "robot_id": "202601002029", "request_id": "1095cee8207646ffa3daf3664416ed1f", "position": {"x": 2278.5233182033494, "y": -882.7046360831959}, "channel": 20}, "attempt": 1}
2026-09-12 21:01:14,384 INFO response {"request_id": "1095cee8207646ffa3daf3664416ed1f", "http_status": 200, "body": {"accepted": true, "real_timestamp_ms": 1789218071212, "virtual_time_s": 9991.780113, "measure_result": "no_signal"}}
2026-09-12 21:01:14,399 INFO request {"path": "/measure", "payload": {"arena_id": "default", "robot_id": "202601002029", "request_id": "a249ee5893de4a9c91229d47f2ee4c28", "position": {"x": 2480.0, "y": -2.4296992495083486e-12}, "channel": 20}, "attempt": 1}
2026-09-12 21:01:14,401 INFO response {"request_id": "a249ee5893de4a9c91229d47f2ee4c28", "http_status": 200, "body": {"accepted": true, "real_timestamp_ms": 1789218071229, "virtual_time_s": 10177.861346, "measure_result": "no_signal"}}
2026-09-12 21:01:14,432 INFO request {"path": "/measure", "payload": {"arena_id": "default", "robot_id": "202601002029", "request_id": "15c191a369cd45428fddf62b4fed97d4", "position": {"x": 2480.0, "y": -2.4296992495083486e-12}, "channel": 1}, "attempt": 1}
2026-09-12 21:01:14,452 INFO response {"request_id": "15c191a369cd45428fddf62b4fed97d4", "http_status": 200, "body": {"accepted": true, "real_timestamp_ms": 1789218071281, "virtual_time_s": 10183.861346, "measure_result": "no_signal"}}
2026-09-12 21:01:14,468 INFO request {"path": "/measure", "payload": {"arena_id": "default", "robot_id": "202601002029", "request_id": "b8370acb2f6f418f9c0038e22c84e345", "position": {"x": 2480.0, "y": -2.4296992495083486e-12}, "channel": 2}, "attempt": 1}
2026-09-12 21:01:14,482 INFO response {"request_id": "b8370acb2f6f418f9c0038e22c84e345", "http_status": 200, "body": {"accepted": true, "real_timestamp_ms": 1789218071311, "virtual_time_s": 10189.861346, "measure_result": "no_signal"}}
2026-09-12 21:01:14,498 INFO request {"path": "/measure", "payload": {"arena_id": "default", "robot_id": "202601002029", "request_id": "f3af86bb442544a19e82b095de3a438b", "position": {"x": 2480.0, "y": -2.4296992495083486e-12}, "channel": 8}, "attempt": 1}
2026-09-12 21:01:14,512 INFO response {"request_id": "f3af86bb442544a19e82b095de3a438b", "http_status": 200, "body": {"accepted": true, "real_timestamp_ms": 1789218071341, "virtual_time_s": 10195.861346, "measure_result": "no_signal"}}
2026-09-12 21:01:14,527 INFO request {"path": "/measure", "payload": {"arena_id": "default", "robot_id": "202601002029", "request_id": "5054319ec5ba4900998afa5808996008", "position": {"x": 2480.0, "y": -2.4296992495083486e-12}, "channel": 11}, "attempt": 1}
2026-09-12 21:01:14,541 INFO response {"request_id": "5054319ec5ba4900998afa5808996008", "http_status": 200, "body": {"accepted": true, "real_timestamp_ms": 1789218071370, "virtual_time_s": 10201.861346, "measure_result": "no_signal"}}
2026-09-12 21:01:14,556 INFO request {"path": "/measure", "payload": {"arena_id": "default", "robot_id": "202601002029", "request_id": "23f3d00b59c649d3b1272367d458c926", "position": {"x": 2480.0, "y": -2.4296992495083486e-12}, "channel": 13}, "attempt": 1}
2026-09-12 21:01:14,572 INFO response {"request_id": "23f3d00b59c649d3b1272367d458c926", "http_status": 200, "body": {"accepted": true, "real_timestamp_ms": 1789218071401, "virtual_time_s": 10207.861346, "measure_result": "no_signal"}}
2026-09-12 21:01:14,588 INFO request {"path": "/clear", "payload": {"arena_id": "default", "robot_id": "202601002029", "request_id": "a6460dc73c3a42b593a874b3c77ec58d", "position": {"x": 680.551284442193, "y": 9.146124238477775}, "channel": 16}, "attempt": 1}
2026-09-12 21:01:14,601 INFO response {"request_id": "a6460dc73c3a42b593a874b3c77ec58d", "http_status": 200, "body": {"accepted": true, "real_timestamp_ms": 1789218071429, "virtual_time_s": 10572.755738, "clear_result": "success"}}
2026-09-12 21:01:14,616 INFO request {"path": "/clear", "payload": {"arena_id": "default", "robot_id": "202601002029", "request_id": "fd61857fa4574b26b88ba92edab89e2e", "position": {"x": 181.6492286501739, "y": 79.70118264768453}, "channel": 12}, "attempt": 1}
2026-09-12 21:01:14,631 INFO response {"request_id": "fd61857fa4574b26b88ba92edab89e2e", "http_status": 200, "body": {"accepted": true, "real_timestamp_ms": 1789218071459, "virtual_time_s": 10678.529004, "clear_result": "success"}}
2026-09-12 21:01:14,645 INFO request {"path": "/clear", "payload": {"arena_id": "default", "robot_id": "202601002029", "request_id": "1c0cc43bc00642be9b89fae27d51ddaf", "position": {"x": -108.07175691716338, "y": -803.7005399800858}, "channel": 4}, "attempt": 1}
2026-09-12 21:01:14,661 INFO response {"request_id": "1c0cc43bc00642be9b89fae27d51ddaf", "http_status": 200, "body": {"accepted": true, "real_timestamp_ms": 1789218071489, "virtual_time_s": 10869.468441, "clear_result": "success"}}
2026-09-12 21:01:14,675 INFO request {"path": "/clear", "payload": {"arena_id": "default", "robot_id": "202601002029", "request_id": "fa681badb2294a3f9de71fc7327f4d9c", "position": {"x": -109.5135930576553, "y": -906.0056287497974}, "channel": 19}, "attempt": 1}
2026-09-12 21:01:14,676 INFO response {"request_id": "fa681badb2294a3f9de71fc7327f4d9c", "http_status": 200, "body": {"accepted": true, "real_timestamp_ms": 1789218071505, "virtual_time_s": 10894.931491, "clear_result": "success"}}
2026-09-12 21:01:14,707 INFO request {"path": "/clear", "payload": {"arena_id": "default", "robot_id": "202601002029", "request_id": "3d50be737b2b481b8e172a466dd2629e", "position": {"x": 120.24966159848637, "y": -1083.939998359857}, "channel": 15}, "attempt": 1}
2026-09-12 21:01:14,709 INFO response {"request_id": "3d50be737b2b481b8e172a466dd2629e", "http_status": 200, "body": {"accepted": true, "real_timestamp_ms": 1789218071537, "virtual_time_s": 10958.052672, "clear_result": "success"}}
2026-09-12 21:01:14,740 INFO request {"path": "/clear", "payload": {"arena_id": "default", "robot_id": "202601002029", "request_id": "12c48f8291244e0893d5c3fd34ef9ef3", "position": {"x": -177.21238366947438, "y": -1286.4087210114815}, "channel": 10}, "attempt": 1}
2026-09-12 21:01:14,760 INFO response {"request_id": "12c48f8291244e0893d5c3fd34ef9ef3", "http_status": 200, "body": {"accepted": true, "real_timestamp_ms": 1789218071588, "virtual_time_s": 11035.018567, "clear_result": "success"}}
2026-09-12 21:01:14,775 INFO request {"path": "/clear", "payload": {"arena_id": "default", "robot_id": "202601002029", "request_id": "acf0e06a989c46918d525fe6a2c2ed81", "position": {"x": 778.3000370926818, "y": -1265.1968398884017}, "channel": 14}, "attempt": 1}
2026-09-12 21:01:14,788 INFO response {"request_id": "acf0e06a989c46918d525fe6a2c2ed81", "http_status": 200, "body": {"accepted": true, "real_timestamp_ms": 1789218071617, "virtual_time_s": 11231.168135, "clear_result": "success"}}
2026-09-12 21:01:14,803 INFO request {"path": "/clear", "payload": {"arena_id": "default", "robot_id": "202601002029", "request_id": "648a3ccaf97a43d1a3efdc8572f12dfd", "position": {"x": 862.2162651687156, "y": -1340.7254931202049}, "channel": 9}, "attempt": 1}
2026-09-12 21:01:14,804 INFO response {"request_id": "648a3ccaf97a43d1a3efdc8572f12dfd", "http_status": 200, "body": {"accepted": true, "real_timestamp_ms": 1789218071633, "virtual_time_s": 11258.748224, "clear_result": "success"}}
2026-09-12 21:01:14,834 INFO request {"path": "/clear", "payload": {"arena_id": "default", "robot_id": "202601002029", "request_id": "eebdcf56e5584f8b9014bc44ccf1230e", "position": {"x": -1398.3423925407287, "y": -682.6830655151534}, "channel": 5}, "attempt": 1}
2026-09-12 21:01:14,836 INFO response {"request_id": "eebdcf56e5584f8b9014bc44ccf1230e", "http_status": 200, "body": {"accepted": true, "real_timestamp_ms": 1789218071664, "virtual_time_s": 11734.625927, "clear_result": "success"}}
2026-09-12 21:01:14,866 INFO request {"path": "/clear", "payload": {"arena_id": "default", "robot_id": "202601002029", "request_id": "db573fe656b54d18be0db18af19fb730", "position": {"x": -1487.9236574229021, "y": 494.11474063750626}, "channel": 6}, "attempt": 1}
2026-09-12 21:01:14,869 INFO response {"request_id": "db573fe656b54d18be0db18af19fb730", "http_status": 200, "body": {"accepted": true, "real_timestamp_ms": 1789218071697, "virtual_time_s": 11975.666422, "clear_result": "success"}}
2026-09-12 21:01:14,899 INFO request {"path": "/clear", "payload": {"arena_id": "default", "robot_id": "202601002029", "request_id": "b0ff8b13ec3f475baa128a16db9cdb9f", "position": {"x": -938.86630018386, "y": 884.8974060693273}, "channel": 17}, "attempt": 1}
2026-09-12 21:01:14,915 INFO response {"request_id": "b0ff8b13ec3f475baa128a16db9cdb9f", "http_status": 200, "body": {"accepted": true, "real_timestamp_ms": 1789218071743, "virtual_time_s": 12115.451447, "clear_result": "success"}}
2026-09-12 21:01:14,930 INFO request {"path": "/clear", "payload": {"arena_id": "default", "robot_id": "202601002029", "request_id": "24eaaccb2b2444468c8d1976ddd3796d", "position": {"x": -332.2053210254983, "y": 1625.3612346190266}, "channel": 3}, "attempt": 1}
2026-09-12 21:01:14,931 INFO response {"request_id": "24eaaccb2b2444468c8d1976ddd3796d", "http_status": 200, "body": {"accepted": true, "real_timestamp_ms": 1789218071759, "virtual_time_s": 12311.901098, "clear_result": "success"}}
2026-09-12 21:01:14,961 INFO request {"path": "/clear", "payload": {"arena_id": "default", "robot_id": "202601002029", "request_id": "7ea3b3c7bdc4430a9e396ef32f3c3a74", "position": {"x": -98.92901784534743, "y": 1505.7379595774821}, "channel": 18}, "attempt": 1}
2026-09-12 21:01:14,964 INFO response {"request_id": "7ea3b3c7bdc4430a9e396ef32f3c3a74", "http_status": 200, "body": {"accepted": true, "real_timestamp_ms": 1789218071792, "virtual_time_s": 12369.332982, "clear_result": "success"}}
2026-09-12 21:01:14,995 INFO request {"path": "/clear", "payload": {"arena_id": "default", "robot_id": "202601002029", "request_id": "8c094f5d1cc04d43bcfb37d2966c68f5", "position": {"x": 834.7373923812792, "y": 1064.2001868559958}, "channel": 7}, "attempt": 1}
2026-09-12 21:01:14,997 INFO response {"request_id": "8c094f5d1cc04d43bcfb37d2966c68f5", "http_status": 200, "body": {"accepted": true, "real_timestamp_ms": 1789218071825, "virtual_time_s": 12580.894215, "clear_result": "success"}}
2026-09-12 21:01:15,028 INFO request {"path": "/exit", "payload": {"arena_id": "default", "robot_id": "202601002029", "request_id": "06f6588f22a14644af43d4f8bda98e3a"}, "attempt": 1}
2026-09-12 21:01:15,044 INFO response {"request_id": "06f6588f22a14644af43d4f8bda98e3a", "http_status": 200, "body": {"accepted": true, "real_timestamp_ms": 1789218071872, "virtual_time_s": 12580.894215, "exit_reason": "user_exit"}}
