2026-09-12 21:02:18,852 INFO request {"path": "/enter", "payload": {"arena_id": "default", "robot_id": "202601002029", "request_id": "4c4c053de87c4666a341224cf4d001e5"}, "attempt": 1}
2026-09-12 21:02:18,856 INFO response {"request_id": "4c4c053de87c4666a341224cf4d001e5", "http_status": 200, "body": {"accepted": true, "real_timestamp_ms": 1789218135698, "virtual_time_s": 0, "max_virtual_duration_s": 360000, "max_real_duration_s": 1200, "remaining_real_duration_s": 1200}}
2026-09-12 21:02:18,886 INFO request {"path": "/measure", "payload": {"arena_id": "default", "robot_id": "202601002029", "request_id": "a803f6227865430d8bc1042fcad040e7", "position": {"x": 0.0, "y": 0.0}, "channel": 1}, "attempt": 1}
2026-09-12 21:02:18,899 INFO response {"request_id": "a803f6227865430d8bc1042fcad040e7", "http_status": 200, "body": {"accepted": true, "real_timestamp_ms": 1789218135741, "virtual_time_s": 5, "measure_result": "no_signal"}}
2026-09-12 21:02:18,917 INFO request {"path": "/measure", "payload": {"arena_id": "default", "robot_id": "202601002029", "request_id": "3541d2745e0b4e62829a627e306cd8f6", "position": {"x": 0.0, "y": 0.0}, "channel": 2}, "attempt": 1}
2026-09-12 21:02:18,919 INFO response {"request_id": "3541d2745e0b4e62829a627e306cd8f6", "http_status": 200, "body": {"accepted": true, "real_timestamp_ms": 1789218135761, "virtual_time_s": 11, "measure_result": "direction", "svd_deg": 135.52}}
2026-09-12 21:02:18,945 INFO request {"path": "/measure", "payload": {"arena_id": "default", "robot_id": "202601002029", "request_id": "2ce7f5892cfe435d971363b7c43a4739", "position": {"x": 0.0, "y": 0.0}, "channel": 3}, "attempt": 1}
2026-09-12 21:02:18,960 INFO response {"request_id": "2ce7f5892cfe435d971363b7c43a4739", "http_status": 200, "body": {"accepted": true, "real_timestamp_ms": 1789218135801, "virtual_time_s": 17, "measure_result": "no_signal"}}
2026-09-12 21:02:18,975 INFO request {"path": "/measure", "payload": {"arena_id": "default", "robot_id": "202601002029", "request_id": "917a6936a697439ba9a0d51fa89aec16", "position": {"x": 0.0, "y": 0.0}, "channel": 4}, "attempt": 1}
2026-09-12 21:02:18,988 INFO response {"request_id": "917a6936a697439ba9a0d51fa89aec16", "http_status": 200, "body": {"accepted": true, "real_timestamp_ms": 1789218135830, "virtual_time_s": 23, "measure_result": "no_signal"}}
2026-09-12 21:02:19,003 INFO request {"path": "/measure", "payload": {"arena_id": "default", "robot_id": "202601002029", "request_id": "be8ad716f84441328330f03da1d006f9", "position": {"x": 0.0, "y": 0.0}, "channel": 5}, "attempt": 1}
2026-09-12 21:02:19,018 INFO response {"request_id": "be8ad716f84441328330f03da1d006f9", "http_status": 200, "body": {"accepted": true, "real_timestamp_ms": 1789218135859, "virtual_time_s": 29, "measure_result": "direction", "svd_deg": 294.83}}
2026-09-12 21:02:19,025 INFO request {"path": "/measure", "payload": {"arena_id": "default", "robot_id": "202601002029", "request_id": "4bd59ea1fe7c4f3887bf00814151bd0b", "position": {"x": 0.0, "y": 0.0}, "channel": 6}, "attempt": 1}
2026-09-12 21:02:19,038 INFO response {"request_id": "4bd59ea1fe7c4f3887bf00814151bd0b", "http_status": 200, "body": {"accepted": true, "real_timestamp_ms": 1789218135879, "virtual_time_s": 35, "measure_result": "no_signal"}}
2026-09-12 21:02:19,054 INFO request {"path": "/measure", "payload": {"arena_id": "default", "robot_id": "202601002029", "request_id": "71a8008e375d4b71bab460549cb43404", "position": {"x": 0.0, "y": 0.0}, "channel": 7}, "attempt": 1}
2026-09-12 21:02:19,057 INFO response {"request_id": "71a8008e375d4b71bab460549cb43404", "http_status": 200, "body": {"accepted": true, "real_timestamp_ms": 1789218135898, "virtual_time_s": 41, "measure_result": "no_signal"}}
2026-09-12 21:02:19,087 INFO request {"path": "/measure", "payload": {"arena_id": "default", "robot_id": "202601002029", "request_id": "88532beb0b444bf69454d5276575a9ff", "position": {"x": 0.0, "y": 0.0}, "channel": 8}, "attempt": 1}
2026-09-12 21:02:19,105 INFO response {"request_id": "88532beb0b444bf69454d5276575a9ff", "http_status": 200, "body": {"accepted": true, "real_timestamp_ms": 1789218135946, "virtual_time_s": 47, "measure_result": "direction", "svd_deg": 346.09}}
2026-09-12 21:02:19,125 INFO request {"path": "/measure", "payload": {"arena_id": "default", "robot_id": "202601002029", "request_id": "a18680cf6cd04ef1b6368321c3db24bb", "position": {"x": 0.0, "y": 0.0}, "channel": 9}, "attempt": 1}
2026-09-12 21:02:19,144 INFO response {"request_id": "a18680cf6cd04ef1b6368321c3db24bb", "http_status": 200, "body": {"accepted": true, "real_timestamp_ms": 1789218135986, "virtual_time_s": 53, "measure_result": "no_signal"}}
2026-09-12 21:02:19,145 INFO request {"path": "/measure", "payload": {"arena_id": "default", "robot_id": "202601002029", "request_id": "b115e3d78c0c4b5794c8577be758e079", "position": {"x": 0.0, "y": 0.0}, "channel": 10}, "attempt": 1}
2026-09-12 21:02:19,163 INFO response {"request_id": "b115e3d78c0c4b5794c8577be758e079", "http_status": 200, "body": {"accepted": true, "real_timestamp_ms": 1789218136005, "virtual_time_s": 59, "measure_result": "direction", "svd_deg": 104.72}}
2026-09-12 21:02:19,182 INFO request {"path": "/measure", "payload": {"arena_id": "default", "robot_id": "202601002029", "request_id": "2b0f7a8a20c64a0f855f1a98e19d7ec2", "position": {"x": 0.0, "y": 0.0}, "channel": 11}, "attempt": 1}
2026-09-12 21:02:19,184 INFO response {"request_id": "2b0f7a8a20c64a0f855f1a98e19d7ec2", "http_status": 200, "body": {"accepted": true, "real_timestamp_ms": 1789218136025, "virtual_time_s": 65, "measure_result": "no_signal"}}
2026-09-12 21:02:19,215 INFO request {"path": "/measure", "payload": {"arena_id": "default", "robot_id": "202601002029", "request_id": "05982cdf49c247c496b63ccfc621ea18", "position": {"x": 0.0, "y": 0.0}, "channel": 12}, "attempt": 1}
2026-09-12 21:02:19,234 INFO response {"request_id": "05982cdf49c247c496b63ccfc621ea18", "http_status": 200, "body": {"accepted": true, "real_timestamp_ms": 1789218136075, "virtual_time_s": 71, "measure_result": "no_signal"}}
2026-09-12 21:02:19,250 INFO request {"path": "/measure", "payload": {"arena_id": "default", "robot_id": "202601002029", "request_id": "515e2e8b58d84460af5eec235a7249f4", "position": {"x": 0.0, "y": 0.0}, "channel": 13}, "attempt": 1}
2026-09-12 21:02:19,252 INFO response {"request_id": "515e2e8b58d84460af5eec235a7249f4", "http_status": 200, "body": {"accepted": true, "real_timestamp_ms": 1789218136093, "virtual_time_s": 77, "measure_result": "no_signal"}}
2026-09-12 21:02:19,283 INFO request {"path": "/measure", "payload": {"arena_id": "default", "robot_id": "202601002029", "request_id": "79bd5a17aafb417c8a4accceaa520788", "position": {"x": 0.0, "y": 0.0}, "channel": 14}, "attempt": 1}
2026-09-12 21:02:19,285 INFO response {"request_id": "79bd5a17aafb417c8a4accceaa520788", "http_status": 200, "body": {"accepted": true, "real_timestamp_ms": 1789218136127, "virtual_time_s": 83, "measure_result": "no_signal"}}
2026-09-12 21:02:19,301 INFO request {"path": "/measure", "payload": {"arena_id": "default", "robot_id": "202601002029", "request_id": "fb066856d2c5419e8e836beb70196caa", "position": {"x": 0.0, "y": 0.0}, "channel": 15}, "attempt": 1}
2026-09-12 21:02:19,302 INFO response {"request_id": "fb066856d2c5419e8e836beb70196caa", "http_status": 200, "body": {"accepted": true, "real_timestamp_ms": 1789218136144, "virtual_time_s": 89, "measure_result": "no_signal"}}
2026-09-12 21:02:19,334 INFO request {"path": "/measure", "payload": {"arena_id": "default", "robot_id": "202601002029", "request_id": "653cf6b505e34951b14c2b09366b11c4", "position": {"x": 0.0, "y": 0.0}, "channel": 16}, "attempt": 1}
2026-09-12 21:02:19,336 INFO response {"request_id": "653cf6b505e34951b14c2b09366b11c4", "http_status": 200, "body": {"accepted": true, "real_timestamp_ms": 1789218136177, "virtual_time_s": 95, "measure_result": "no_signal"}}
2026-09-12 21:02:19,367 INFO request {"path": "/measure", "payload": {"arena_id": "default", "robot_id": "202601002029", "request_id": "6932ddbc0453414f830ae50ef287bf79", "position": {"x": 0.0, "y": 0.0}, "channel": 17}, "attempt": 1}
2026-09-12 21:02:19,369 INFO response {"request_id": "6932ddbc0453414f830ae50ef287bf79", "http_status": 200, "body": {"accepted": true, "real_timestamp_ms": 1789218136211, "virtual_time_s": 101, "measure_result": "no_signal"}}
2026-09-12 21:02:19,400 INFO request {"path": "/measure", "payload": {"arena_id": "default", "robot_id": "202601002029", "request_id": "d5b29bb5a2f0466bba1633477fa6b1ad", "position": {"x": 0.0, "y": 0.0}, "channel": 18}, "attempt": 1}
2026-09-12 21:02:19,403 INFO response {"request_id": "d5b29bb5a2f0466bba1633477fa6b1ad", "http_status": 200, "body": {"accepted": true, "real_timestamp_ms": 1789218136244, "virtual_time_s": 107, "measure_result": "no_signal"}}
2026-09-12 21:02:19,434 INFO request {"path": "/measure", "payload": {"arena_id": "default", "robot_id": "202601002029", "request_id": "e352f4f3e12a410287552c99f3d14924", "position": {"x": 0.0, "y": 0.0}, "channel": 19}, "attempt": 1}
2026-09-12 21:02:19,452 INFO response {"request_id": "e352f4f3e12a410287552c99f3d14924", "http_status": 200, "body": {"accepted": true, "real_timestamp_ms": 1789218136293, "virtual_time_s": 113, "measure_result": "no_signal"}}
2026-09-12 21:02:19,468 INFO request {"path": "/measure", "payload": {"arena_id": "default", "robot_id": "202601002029", "request_id": "a3178ec72af144f9a4b5de7bcd7cf05c", "position": {"x": 0.0, "y": 0.0}, "channel": 20}, "attempt": 1}
2026-09-12 21:02:19,471 INFO response {"request_id": "a3178ec72af144f9a4b5de7bcd7cf05c", "http_status": 200, "body": {"accepted": true, "real_timestamp_ms": 1789218136312, "virtual_time_s": 119, "measure_result": "no_signal"}}
2026-09-12 21:02:19,490 INFO request {"path": "/measure", "payload": {"arena_id": "default", "robot_id": "202601002029", "request_id": "a0f6343ec71d4c1d92cb55ec80bb1cc5", "position": {"x": 34.007810719452976, "y": 13.174696060943223}, "channel": 20}, "attempt": 1}
2026-09-12 21:02:19,491 INFO response {"request_id": "a0f6343ec71d4c1d92cb55ec80bb1cc5", "http_status": 200, "body": {"accepted": true, "real_timestamp_ms": 1789218136333, "virtual_time_s": 131.294118, "measure_result": "no_signal"}}
2026-09-12 21:02:19,522 INFO request {"path": "/measure", "payload": {"arena_id": "default", "robot_id": "202601002029", "request_id": "9822528caece4a45a36d127337d55f2e", "position": {"x": 34.007810719452976, "y": 13.174696060943223}, "channel": 1}, "attempt": 1}
2026-09-12 21:02:19,525 INFO response {"request_id": "9822528caece4a45a36d127337d55f2e", "http_status": 200, "body": {"accepted": true, "real_timestamp_ms": 1789218136366, "virtual_time_s": 137.294118, "measure_result": "no_signal"}}
2026-09-12 21:02:19,556 INFO request {"path": "/measure", "payload": {"arena_id": "default", "robot_id": "202601002029", "request_id": "02b298ca336d489da6b00e126f899e32", "position": {"x": 34.007810719452976, "y": 13.174696060943223}, "channel": 3}, "attempt": 1}
2026-09-12 21:02:19,559 INFO response {"request_id": "02b298ca336d489da6b00e126f899e32", "http_status": 200, "body": {"accepted": true, "real_timestamp_ms": 1789218136400, "virtual_time_s": 143.294118, "measure_result": "no_signal"}}
2026-09-12 21:02:19,590 INFO request {"path": "/measure", "payload": {"arena_id": "default", "robot_id": "202601002029", "request_id": "ed851dac41174157ae3db74ea5e56711", "position": {"x": 34.007810719452976, "y": 13.174696060943223}, "channel": 4}, "attempt": 1}
2026-09-12 21:02:19,610 INFO response {"request_id": "ed851dac41174157ae3db74ea5e56711", "http_status": 200, "body": {"accepted": true, "real_timestamp_ms": 1789218136451, "virtual_time_s": 149.294118, "measure_result": "no_signal"}}
2026-09-12 21:02:19,626 INFO request {"path": "/measure", "payload": {"arena_id": "default", "robot_id": "202601002029", "request_id": "9fcadd2e702e431da20336bd36de667f", "position": {"x": 34.007810719452976, "y": 13.174696060943223}, "channel": 6}, "attempt": 1}
2026-09-12 21:02:19,628 INFO response {"request_id": "9fcadd2e702e431da20336bd36de667f", "http_status": 200, "body": {"accepted": true, "real_timestamp_ms": 1789218136470, "virtual_time_s": 155.294118, "measure_result": "no_signal"}}
2026-09-12 21:02:19,659 INFO request {"path": "/measure", "payload": {"arena_id": "default", "robot_id": "202601002029", "request_id": "084e4e6a5c634b5a9325ead2226eb27a", "position": {"x": 34.007810719452976, "y": 13.174696060943223}, "channel": 7}, "attempt": 1}
2026-09-12 21:02:19,662 INFO response {"request_id": "084e4e6a5c634b5a9325ead2226eb27a", "http_status": 200, "body": {"accepted": true, "real_timestamp_ms": 1789218136503, "virtual_time_s": 161.294118, "measure_result": "no_signal"}}
2026-09-12 21:02:19,693 INFO request {"path": "/measure", "payload": {"arena_id": "default", "robot_id": "202601002029", "request_id": "7f99f6e674144efd8919d1ee90077415", "position": {"x": 34.007810719452976, "y": 13.174696060943223}, "channel": 9}, "attempt": 1}
2026-09-12 21:02:19,694 INFO response {"request_id": "7f99f6e674144efd8919d1ee90077415", "http_status": 200, "body": {"accepted": true, "real_timestamp_ms": 1789218136536, "virtual_time_s": 167.294118, "measure_result": "no_signal"}}
2026-09-12 21:02:19,725 INFO request {"path": "/measure", "payload": {"arena_id": "default", "robot_id": "202601002029", "request_id": "4b3a06bcf9bc4aa5bd0635c4188cdca2", "position": {"x": 34.007810719452976, "y": 13.174696060943223}, "channel": 11}, "attempt": 1}
2026-09-12 21:02:19,726 INFO response {"request_id": "4b3a06bcf9bc4aa5bd0635c4188cdca2", "http_status": 200, "body": {"accepted": true, "real_timestamp_ms": 1789218136568, "virtual_time_s": 173.294118, "measure_result": "no_signal"}}
2026-09-12 21:02:19,757 INFO request {"path": "/measure", "payload": {"arena_id": "default", "robot_id": "202601002029", "request_id": "3278f756321345b5a86accc86c6a0e1d", "position": {"x": 34.007810719452976, "y": 13.174696060943223}, "channel": 12}, "attempt": 1}
2026-09-12 21:02:19,776 INFO response {"request_id": "3278f756321345b5a86accc86c6a0e1d", "http_status": 200, "body": {"accepted": true, "real_timestamp_ms": 1789218136618, "virtual_time_s": 179.294118, "measure_result": "no_signal"}}
2026-09-12 21:02:19,792 INFO request {"path": "/measure", "payload": {"arena_id": "default", "robot_id": "202601002029", "request_id": "0e46cd8552f648daa14d56c720273d44", "position": {"x": 34.007810719452976, "y": 13.174696060943223}, "channel": 13}, "attempt": 1}
2026-09-12 21:02:19,794 INFO response {"request_id": "0e46cd8552f648daa14d56c720273d44", "http_status": 200, "body": {"accepted": true, "real_timestamp_ms": 1789218136635, "virtual_time_s": 185.294118, "measure_result": "no_signal"}}
2026-09-12 21:02:19,824 INFO request {"path": "/measure", "payload": {"arena_id": "default", "robot_id": "202601002029", "request_id": "52cc084fe3d34126b3be800caf2d3132", "position": {"x": 34.007810719452976, "y": 13.174696060943223}, "channel": 14}, "attempt": 1}
2026-09-12 21:02:19,835 INFO response {"request_id": "52cc084fe3d34126b3be800caf2d3132", "http_status": 200, "body": {"accepted": true, "real_timestamp_ms": 1789218136677, "virtual_time_s": 191.294118, "measure_result": "no_signal"}}
2026-09-12 21:02:19,850 INFO request {"path": "/measure", "payload": {"arena_id": "default", "robot_id": "202601002029", "request_id": "e324eb5a5fe54d958abff20b58e56a4f", "position": {"x": 34.007810719452976, "y": 13.174696060943223}, "channel": 15}, "attempt": 1}
2026-09-12 21:02:19,864 INFO response {"request_id": "e324eb5a5fe54d958abff20b58e56a4f", "http_status": 200, "body": {"accepted": true, "real_timestamp_ms": 1789218136706, "virtual_time_s": 197.294118, "measure_result": "no_signal"}}
2026-09-12 21:02:19,879 INFO request {"path": "/measure", "payload": {"arena_id": "default", "robot_id": "202601002029", "request_id": "689ea6f9ebb140bb867d6eb195a946b7", "position": {"x": 34.007810719452976, "y": 13.174696060943223}, "channel": 16}, "attempt": 1}
2026-09-12 21:02:19,894 INFO response {"request_id": "689ea6f9ebb140bb867d6eb195a946b7", "http_status": 200, "body": {"accepted": true, "real_timestamp_ms": 1789218136736, "virtual_time_s": 203.294118, "measure_result": "no_signal"}}
2026-09-12 21:02:19,910 INFO request {"path": "/measure", "payload": {"arena_id": "default", "robot_id": "202601002029", "request_id": "3f8968b52f5a4837a74864a8ca4d547f", "position": {"x": 34.007810719452976, "y": 13.174696060943223}, "channel": 17}, "attempt": 1}
2026-09-12 21:02:19,912 INFO response {"request_id": "3f8968b52f5a4837a74864a8ca4d547f", "http_status": 200, "body": {"accepted": true, "real_timestamp_ms": 1789218136753, "virtual_time_s": 209.294118, "measure_result": "no_signal"}}
2026-09-12 21:02:19,943 INFO request {"path": "/measure", "payload": {"arena_id": "default", "robot_id": "202601002029", "request_id": "9b8af89cd9f54c2e8e0b464484d7c80d", "position": {"x": 34.007810719452976, "y": 13.174696060943223}, "channel": 18}, "attempt": 1}
2026-09-12 21:02:19,944 INFO response {"request_id": "9b8af89cd9f54c2e8e0b464484d7c80d", "http_status": 200, "body": {"accepted": true, "real_timestamp_ms": 1789218136786, "virtual_time_s": 215.294118, "measure_result": "no_signal"}}
2026-09-12 21:02:19,975 INFO request {"path": "/measure", "payload": {"arena_id": "default", "robot_id": "202601002029", "request_id": "35427a82b917408cbe7f39918d456cd3", "position": {"x": 34.007810719452976, "y": 13.174696060943223}, "channel": 19}, "attempt": 1}
2026-09-12 21:02:19,976 INFO response {"request_id": "35427a82b917408cbe7f39918d456cd3", "http_status": 200, "body": {"accepted": true, "real_timestamp_ms": 1789218136818, "virtual_time_s": 221.294118, "measure_result": "no_signal"}}
2026-09-12 21:02:20,078 INFO request {"path": "/measure", "payload": {"arena_id": "default", "robot_id": "202601002029", "request_id": "47213e89703c451bb241d1d7817a441f", "position": {"x": 34.007810719452976, "y": 13.174696060943223}, "channel": 5}, "attempt": 1}
2026-09-12 21:02:20,080 INFO response {"request_id": "47213e89703c451bb241d1d7817a441f", "http_status": 200, "body": {"accepted": true, "real_timestamp_ms": 1789218136921, "virtual_time_s": 227.294118, "measure_result": "direction", "svd_deg": 290.35}}
2026-09-12 21:02:20,097 INFO request {"path": "/measure", "payload": {"arena_id": "default", "robot_id": "202601002029", "request_id": "2dfdbd8d89a849359a992cd460c29abf", "position": {"x": 53.90417984433043, "y": 49.140152830690056}, "channel": 1}, "attempt": 1}
2026-09-12 21:02:20,111 INFO response {"request_id": "2dfdbd8d89a849359a992cd460c29abf", "http_status": 200, "body": {"accepted": true, "real_timestamp_ms": 1789218136953, "virtual_time_s": 241.514531, "measure_result": "no_signal"}}
2026-09-12 21:02:20,127 INFO request {"path": "/measure", "payload": {"arena_id": "default", "robot_id": "202601002029", "request_id": "963e6c4f5c5141599202c419fcad9a65", "position": {"x": 53.90417984433043, "y": 49.140152830690056}, "channel": 3}, "attempt": 1}
2026-09-12 21:02:20,141 INFO response {"request_id": "963e6c4f5c5141599202c419fcad9a65", "http_status": 200, "body": {"accepted": true, "real_timestamp_ms": 1789218136983, "virtual_time_s": 247.514531, "measure_result": "no_signal"}}
2026-09-12 21:02:20,156 INFO request {"path": "/measure", "payload": {"arena_id": "default", "robot_id": "202601002029", "request_id": "187e5a6817a64409aa940058d6d2acaa", "position": {"x": 53.90417984433043, "y": 49.140152830690056}, "channel": 4}, "attempt": 1}
2026-09-12 21:02:20,171 INFO response {"request_id": "187e5a6817a64409aa940058d6d2acaa", "http_status": 200, "body": {"accepted": true, "real_timestamp_ms": 1789218137013, "virtual_time_s": 253.514531, "measure_result": "no_signal"}}
2026-09-12 21:02:20,185 INFO request {"path": "/measure", "payload": {"arena_id": "default", "robot_id": "202601002029", "request_id": "232d1f6b096147d7b5ce92abbc05b635", "position": {"x": 53.90417984433043, "y": 49.140152830690056}, "channel": 6}, "attempt": 1}
2026-09-12 21:02:20,201 INFO response {"request_id": "232d1f6b096147d7b5ce92abbc05b635", "http_status": 200, "body": {"accepted": true, "real_timestamp_ms": 1789218137042, "virtual_time_s": 259.514531, "measure_result": "no_signal"}}
2026-09-12 21:02:20,216 INFO request {"path": "/measure", "payload": {"arena_id": "default", "robot_id": "202601002029", "request_id": "c4a52c3efe614653b1ab199f88d27365", "position": {"x": 53.90417984433043, "y": 49.140152830690056}, "channel": 7}, "attempt": 1}
2026-09-12 21:02:20,230 INFO response {"request_id": "c4a52c3efe614653b1ab199f88d27365", "http_status": 200, "body": {"accepted": true, "real_timestamp_ms": 1789218137072, "virtual_time_s": 265.514531, "measure_result": "no_signal"}}
2026-09-12 21:02:20,245 INFO request {"path": "/measure", "payload": {"arena_id": "default", "robot_id": "202601002029", "request_id": "915db3a91eb8407790679dfed47f9a90", "position": {"x": 53.90417984433043, "y": 49.140152830690056}, "channel": 9}, "attempt": 1}
2026-09-12 21:02:20,247 INFO response {"request_id": "915db3a91eb8407790679dfed47f9a90", "http_status": 200, "body": {"accepted": true, "real_timestamp_ms": 1789218137089, "virtual_time_s": 271.514531, "measure_result": "no_signal"}}
2026-09-12 21:02:20,277 INFO request {"path": "/measure", "payload": {"arena_id": "default", "robot_id": "202601002029", "request_id": "2ffd9faa5e374742bc55e48896b8b4fe", "position": {"x": 53.90417984433043, "y": 49.140152830690056}, "channel": 11}, "attempt": 1}
2026-09-12 21:02:20,290 INFO response {"request_id": "2ffd9faa5e374742bc55e48896b8b4fe", "http_status": 200, "body": {"accepted": true, "real_timestamp_ms": 1789218137131, "virtual_time_s": 277.514531, "measure_result": "no_signal"}}
2026-09-12 21:02:20,305 INFO request {"path": "/measure", "payload": {"arena_id": "default", "robot_id": "202601002029", "request_id": "298dd31d2f9a42ecba7f83c2cb398a71", "position": {"x": 53.90417984433043, "y": 49.140152830690056}, "channel": 12}, "attempt": 1}
2026-09-12 21:02:20,319 INFO response {"request_id": "298dd31d2f9a42ecba7f83c2cb398a71", "http_status": 200, "body": {"accepted": true, "real_timestamp_ms": 1789218137161, "virtual_time_s": 283.514531, "measure_result": "no_signal"}}
2026-09-12 21:02:20,336 INFO request {"path": "/measure", "payload": {"arena_id": "default", "robot_id": "202601002029", "request_id": "31dd5d7bd5304d3ea6ce01562fadc8fb", "position": {"x": 53.90417984433043, "y": 49.140152830690056}, "channel": 13}, "attempt": 1}
2026-09-12 21:02:20,348 INFO response {"request_id": "31dd5d7bd5304d3ea6ce01562fadc8fb", "http_status": 200, "body": {"accepted": true, "real_timestamp_ms": 1789218137189, "virtual_time_s": 289.514531, "measure_result": "no_signal"}}
2026-09-12 21:02:20,364 INFO request {"path": "/measure", "payload": {"arena_id": "default", "robot_id": "202601002029", "request_id": "56a3bc35e6f047eaa2ecd31715bec48a", "position": {"x": 53.90417984433043, "y": 49.140152830690056}, "channel": 14}, "attempt": 1}
2026-09-12 21:02:20,364 INFO response {"request_id": "56a3bc35e6f047eaa2ecd31715bec48a", "http_status": 200, "body": {"accepted": true, "real_timestamp_ms": 1789218137206, "virtual_time_s": 295.514531, "measure_result": "no_signal"}}
2026-09-12 21:02:20,395 INFO request {"path": "/measure", "payload": {"arena_id": "default", "robot_id": "202601002029", "request_id": "b72c8a82d79347d39a479b5f7d4f0bf7", "position": {"x": 53.90417984433043, "y": 49.140152830690056}, "channel": 15}, "attempt": 1}
2026-09-12 21:02:20,397 INFO response {"request_id": "b72c8a82d79347d39a479b5f7d4f0bf7", "http_status": 200, "body": {"accepted": true, "real_timestamp_ms": 1789218137239, "virtual_time_s": 301.514531, "measure_result": "no_signal"}}
2026-09-12 21:02:20,427 INFO request {"path": "/measure", "payload": {"arena_id": "default", "robot_id": "202601002029", "request_id": "56e79dae56a040f18357626b8081f0ad", "position": {"x": 53.90417984433043, "y": 49.140152830690056}, "channel": 16}, "attempt": 1}
2026-09-12 21:02:20,428 INFO response {"request_id": "56e79dae56a040f18357626b8081f0ad", "http_status": 200, "body": {"accepted": true, "real_timestamp_ms": 1789218137270, "virtual_time_s": 307.514531, "measure_result": "no_signal"}}
2026-09-12 21:02:20,459 INFO request {"path": "/measure", "payload": {"arena_id": "default", "robot_id": "202601002029", "request_id": "c27cf239515c47c897696b0d705117d0", "position": {"x": 53.90417984433043, "y": 49.140152830690056}, "channel": 17}, "attempt": 1}
2026-09-12 21:02:20,460 INFO response {"request_id": "c27cf239515c47c897696b0d705117d0", "http_status": 200, "body": {"accepted": true, "real_timestamp_ms": 1789218137302, "virtual_time_s": 313.514531, "measure_result": "no_signal"}}
2026-09-12 21:02:20,491 INFO request {"path": "/measure", "payload": {"arena_id": "default", "robot_id": "202601002029", "request_id": "1b51c3a7218a451db0d244587e291a54", "position": {"x": 53.90417984433043, "y": 49.140152830690056}, "channel": 18}, "attempt": 1}
2026-09-12 21:02:20,492 INFO response {"request_id": "1b51c3a7218a451db0d244587e291a54", "http_status": 200, "body": {"accepted": true, "real_timestamp_ms": 1789218137334, "virtual_time_s": 319.514531, "measure_result": "no_signal"}}
2026-09-12 21:02:20,522 INFO request {"path": "/measure", "payload": {"arena_id": "default", "robot_id": "202601002029", "request_id": "b26f51c0d8284b7f8f5849f22b48779a", "position": {"x": 53.90417984433043, "y": 49.140152830690056}, "channel": 19}, "attempt": 1}
2026-09-12 21:02:20,524 INFO response {"request_id": "b26f51c0d8284b7f8f5849f22b48779a", "http_status": 200, "body": {"accepted": true, "real_timestamp_ms": 1789218137365, "virtual_time_s": 325.514531, "measure_result": "no_signal"}}
2026-09-12 21:02:20,554 INFO request {"path": "/measure", "payload": {"arena_id": "default", "robot_id": "202601002029", "request_id": "3216f1c428ce438f97bc319c105eb035", "position": {"x": 53.90417984433043, "y": 49.140152830690056}, "channel": 20}, "attempt": 1}
2026-09-12 21:02:20,572 INFO response {"request_id": "3216f1c428ce438f97bc319c105eb035", "http_status": 200, "body": {"accepted": true, "real_timestamp_ms": 1789218137413, "virtual_time_s": 331.514531, "measure_result": "no_signal"}}
2026-09-12 21:02:20,702 INFO request {"path": "/measure", "payload": {"arena_id": "default", "robot_id": "202601002029", "request_id": "bc304bb4b5f2419885e0c536f0a9e5ad", "position": {"x": 53.90417984433043, "y": 49.140152830690056}, "channel": 10}, "attempt": 1}
2026-09-12 21:02:20,703 INFO response {"request_id": "bc304bb4b5f2419885e0c536f0a9e5ad", "http_status": 200, "body": {"accepted": true, "real_timestamp_ms": 1789218137545, "virtual_time_s": 337.514531, "measure_result": "direction", "svd_deg": 107.93}}
2026-09-12 21:02:20,736 INFO request {"path": "/measure", "payload": {"arena_id": "default", "robot_id": "202601002029", "request_id": "4d75fef68fa84f5dbe1cc9888cc3e37c", "position": {"x": 53.90417984433043, "y": 49.140152830690056}, "channel": 8}, "attempt": 1}
2026-09-12 21:02:20,748 INFO response {"request_id": "4d75fef68fa84f5dbe1cc9888cc3e37c", "http_status": 200, "body": {"accepted": true, "real_timestamp_ms": 1789218137589, "virtual_time_s": 343.514531, "measure_result": "direction", "svd_deg": 332.59}}
2026-09-12 21:02:20,767 INFO request {"path": "/measure", "payload": {"arena_id": "default", "robot_id": "202601002029", "request_id": "241191366920473e932586432b940bc2", "position": {"x": 53.90417984433043, "y": 49.140152830690056}, "channel": 5}, "attempt": 1}
2026-09-12 21:02:20,787 INFO response {"request_id": "241191366920473e932586432b940bc2", "http_status": 200, "body": {"accepted": true, "real_timestamp_ms": 1789218137629, "virtual_time_s": 349.514531, "measure_result": "direction", "svd_deg": 286.74}}
2026-09-12 21:02:20,791 INFO request {"path": "/measure", "payload": {"arena_id": "default", "robot_id": "202601002029", "request_id": "6be9bda77c8b4f0a8c0bdecde776c23c", "position": {"x": 48.76902010260948, "y": 97.94139540708329}, "channel": 1}, "attempt": 1}
2026-09-12 21:02:20,792 INFO response {"request_id": "6be9bda77c8b4f0a8c0bdecde776c23c", "http_status": 200, "body": {"accepted": true, "real_timestamp_ms": 1789218137634, "virtual_time_s": 365.328666, "measure_result": "no_signal"}}
2026-09-12 21:02:20,823 INFO request {"path": "/measure", "payload": {"arena_id": "default", "robot_id": "202601002029", "request_id": "bb6576c935f74a7e9339cb619dccd021", "position": {"x": 48.76902010260948, "y": 97.94139540708329}, "channel": 3}, "attempt": 1}
2026-09-12 21:02:20,836 INFO response {"request_id": "bb6576c935f74a7e9339cb619dccd021", "http_status": 200, "body": {"accepted": true, "real_timestamp_ms": 1789218137678, "virtual_time_s": 371.328666, "measure_result": "no_signal"}}
2026-09-12 21:02:20,851 INFO request {"path": "/measure", "payload": {"arena_id": "default", "robot_id": "202601002029", "request_id": "fd64237bc65b4b8886fb93fbf3f7b556", "position": {"x": 48.76902010260948, "y": 97.94139540708329}, "channel": 4}, "attempt": 1}
2026-09-12 21:02:20,866 INFO response {"request_id": "fd64237bc65b4b8886fb93fbf3f7b556", "http_status": 200, "body": {"accepted": true, "real_timestamp_ms": 1789218137708, "virtual_time_s": 377.328666, "measure_result": "no_signal"}}
2026-09-12 21:02:20,881 INFO request {"path": "/measure", "payload": {"arena_id": "default", "robot_id": "202601002029", "request_id": "d85e741759654f11949f01ff6c3b7770", "position": {"x": 48.76902010260948, "y": 97.94139540708329}, "channel": 6}, "attempt": 1}
2026-09-12 21:02:20,882 INFO response {"request_id": "d85e741759654f11949f01ff6c3b7770", "http_status": 200, "body": {"accepted": true, "real_timestamp_ms": 1789218137724, "virtual_time_s": 383.328666, "measure_result": "no_signal"}}
2026-09-12 21:02:20,912 INFO request {"path": "/measure", "payload": {"arena_id": "default", "robot_id": "202601002029", "request_id": "993352d4cd5147e8a1ad50ef5109e924", "position": {"x": 48.76902010260948, "y": 97.94139540708329}, "channel": 7}, "attempt": 1}
2026-09-12 21:02:20,914 INFO response {"request_id": "993352d4cd5147e8a1ad50ef5109e924", "http_status": 200, "body": {"accepted": true, "real_timestamp_ms": 1789218137755, "virtual_time_s": 389.328666, "measure_result": "no_signal"}}
2026-09-12 21:02:20,944 INFO request {"path": "/measure", "payload": {"arena_id": "default", "robot_id": "202601002029", "request_id": "f15bf66814074918bf7783a5b94e8e2a", "position": {"x": 48.76902010260948, "y": 97.94139540708329}, "channel": 9}, "attempt": 1}
2026-09-12 21:02:20,946 INFO response {"request_id": "f15bf66814074918bf7783a5b94e8e2a", "http_status": 200, "body": {"accepted": true, "real_timestamp_ms": 1789218137787, "virtual_time_s": 395.328666, "measure_result": "no_signal"}}
2026-09-12 21:02:20,976 INFO request {"path": "/measure", "payload": {"arena_id": "default", "robot_id": "202601002029", "request_id": "522328b1c1e74f9f95506da569899b37", "position": {"x": 48.76902010260948, "y": 97.94139540708329}, "channel": 11}, "attempt": 1}
2026-09-12 21:02:20,978 INFO response {"request_id": "522328b1c1e74f9f95506da569899b37", "http_status": 200, "body": {"accepted": true, "real_timestamp_ms": 1789218137819, "virtual_time_s": 401.328666, "measure_result": "no_signal"}}
2026-09-12 21:02:21,009 INFO request {"path": "/measure", "payload": {"arena_id": "default", "robot_id": "202601002029", "request_id": "50b7e2d59a614e979715adeb7c311ab2", "position": {"x": 48.76902010260948, "y": 97.94139540708329}, "channel": 12}, "attempt": 1}
2026-09-12 21:02:21,024 INFO response {"request_id": "50b7e2d59a614e979715adeb7c311ab2", "http_status": 200, "body": {"accepted": true, "real_timestamp_ms": 1789218137866, "virtual_time_s": 407.328666, "measure_result": "no_signal"}}
2026-09-12 21:02:21,040 INFO request {"path": "/measure", "payload": {"arena_id": "default", "robot_id": "202601002029", "request_id": "1db38e0c9f37438799bd5df1fd77176c", "position": {"x": 48.76902010260948, "y": 97.94139540708329}, "channel": 13}, "attempt": 1}
2026-09-12 21:02:21,052 INFO response {"request_id": "1db38e0c9f37438799bd5df1fd77176c", "http_status": 200, "body": {"accepted": true, "real_timestamp_ms": 1789218137895, "virtual_time_s": 413.328666, "measure_result": "no_signal"}}
2026-09-12 21:02:21,067 INFO request {"path": "/measure", "payload": {"arena_id": "default", "robot_id": "202601002029", "request_id": "26df55dee07a41b09700538070e6a145", "position": {"x": 48.76902010260948, "y": 97.94139540708329}, "channel": 14}, "attempt": 1}
2026-09-12 21:02:21,083 INFO response {"request_id": "26df55dee07a41b09700538070e6a145", "http_status": 200, "body": {"accepted": true, "real_timestamp_ms": 1789218137925, "virtual_time_s": 419.328666, "measure_result": "no_signal"}}
2026-09-12 21:02:21,098 INFO request {"path": "/measure", "payload": {"arena_id": "default", "robot_id": "202601002029", "request_id": "81e06492dd8044b6a5d68d21b1df5339", "position": {"x": 48.76902010260948, "y": 97.94139540708329}, "channel": 15}, "attempt": 1}
2026-09-12 21:02:21,112 INFO response {"request_id": "81e06492dd8044b6a5d68d21b1df5339", "http_status": 200, "body": {"accepted": true, "real_timestamp_ms": 1789218137953, "virtual_time_s": 425.328666, "measure_result": "no_signal"}}
2026-09-12 21:02:21,142 INFO request {"path": "/measure", "payload": {"arena_id": "default", "robot_id": "202601002029", "request_id": "5c033ddc384b470aa31efae205462131", "position": {"x": 48.76902010260948, "y": 97.94139540708329}, "channel": 16}, "attempt": 1}
2026-09-12 21:02:21,160 INFO response {"request_id": "5c033ddc384b470aa31efae205462131", "http_status": 200, "body": {"accepted": true, "real_timestamp_ms": 1789218138002, "virtual_time_s": 431.328666, "measure_result": "no_signal"}}
2026-09-12 21:02:21,160 INFO request {"path": "/measure", "payload": {"arena_id": "default", "robot_id": "202601002029", "request_id": "272e5604410142088d4ce510fd0762e4", "position": {"x": 48.76902010260948, "y": 97.94139540708329}, "channel": 17}, "attempt": 1}
2026-09-12 21:02:21,161 INFO response {"request_id": "272e5604410142088d4ce510fd0762e4", "http_status": 200, "body": {"accepted": true, "real_timestamp_ms": 1789218138003, "virtual_time_s": 437.328666, "measure_result": "no_signal"}}
2026-09-12 21:02:21,192 INFO request {"path": "/measure", "payload": {"arena_id": "default", "robot_id": "202601002029", "request_id": "6e0a0cc1e69f4c3bafded7ae59439d02", "position": {"x": 48.76902010260948, "y": 97.94139540708329}, "channel": 18}, "attempt": 1}
2026-09-12 21:02:21,210 INFO response {"request_id": "6e0a0cc1e69f4c3bafded7ae59439d02", "http_status": 200, "body": {"accepted": true, "real_timestamp_ms": 1789218138051, "virtual_time_s": 443.328666, "measure_result": "no_signal"}}
2026-09-12 21:02:21,224 INFO request {"path": "/measure", "payload": {"arena_id": "default", "robot_id": "202601002029", "request_id": "5720aa1cc7bf43e69ba95c684b8b07ae", "position": {"x": 48.76902010260948, "y": 97.94139540708329}, "channel": 19}, "attempt": 1}
2026-09-12 21:02:21,239 INFO response {"request_id": "5720aa1cc7bf43e69ba95c684b8b07ae", "http_status": 200, "body": {"accepted": true, "real_timestamp_ms": 1789218138081, "virtual_time_s": 449.328666, "measure_result": "no_signal"}}
2026-09-12 21:02:21,254 INFO request {"path": "/measure", "payload": {"arena_id": "default", "robot_id": "202601002029", "request_id": "3def3c31fb8740daad1bbe35d87c50ea", "position": {"x": 48.76902010260948, "y": 97.94139540708329}, "channel": 20}, "attempt": 1}
2026-09-12 21:02:21,268 INFO response {"request_id": "3def3c31fb8740daad1bbe35d87c50ea", "http_status": 200, "body": {"accepted": true, "real_timestamp_ms": 1789218138110, "virtual_time_s": 455.328666, "measure_result": "no_signal"}}
2026-09-12 21:02:21,376 INFO request {"path": "/measure", "payload": {"arena_id": "default", "robot_id": "202601002029", "request_id": "e0e3f264afbb4c4cb092013c5e23a7aa", "position": {"x": 48.76902010260948, "y": 97.94139540708329}, "channel": 2}, "attempt": 1}
2026-09-12 21:02:21,387 INFO response {"request_id": "e0e3f264afbb4c4cb092013c5e23a7aa", "http_status": 200, "body": {"accepted": true, "real_timestamp_ms": 1789218138228, "virtual_time_s": 461.328666, "measure_result": "direction", "svd_deg": 140.9}}
2026-09-12 21:02:21,404 INFO request {"path": "/measure", "payload": {"arena_id": "default", "robot_id": "202601002029", "request_id": "f30a01fb7c43429db686d436007be7e0", "position": {"x": 48.76902010260948, "y": 97.94139540708329}, "channel": 8}, "attempt": 1}
2026-09-12 21:02:21,417 INFO response {"request_id": "f30a01fb7c43429db686d436007be7e0", "http_status": 200, "body": {"accepted": true, "real_timestamp_ms": 1789218138259, "virtual_time_s": 467.328666, "measure_result": "direction", "svd_deg": 324.32}}
2026-09-12 21:02:21,439 INFO request {"path": "/measure", "payload": {"arena_id": "default", "robot_id": "202601002029", "request_id": "9adb64c076984115bd6ad828ab14fc15", "position": {"x": 13.460325380528763, "y": 145.26004454186383}, "channel": 1}, "attempt": 1}
2026-09-12 21:02:21,441 INFO response {"request_id": "9adb64c076984115bd6ad828ab14fc15", "http_status": 200, "body": {"accepted": true, "real_timestamp_ms": 1789218138283, "virtual_time_s": 485.136728, "measure_result": "no_signal"}}
2026-09-12 21:02:21,457 INFO request {"path": "/measure", "payload": {"arena_id": "default", "robot_id": "202601002029", "request_id": "1a1c921cd82f48a3ba7f619a5606e3d5", "position": {"x": 13.460325380528763, "y": 145.26004454186383}, "channel": 3}, "attempt": 1}
2026-09-12 21:02:21,457 INFO response {"request_id": "1a1c921cd82f48a3ba7f619a5606e3d5", "http_status": 200, "body": {"accepted": true, "real_timestamp_ms": 1789218138299, "virtual_time_s": 491.136728, "measure_result": "no_signal"}}
2026-09-12 21:02:21,488 INFO request {"path": "/measure", "payload": {"arena_id": "default", "robot_id": "202601002029", "request_id": "aa681927439b4250a628d8320ca4509d", "position": {"x": 13.460325380528763, "y": 145.26004454186383}, "channel": 4}, "attempt": 1}
2026-09-12 21:02:21,490 INFO response {"request_id": "aa681927439b4250a628d8320ca4509d", "http_status": 200, "body": {"accepted": true, "real_timestamp_ms": 1789218138331, "virtual_time_s": 497.136728, "measure_result": "no_signal"}}
2026-09-12 21:02:21,521 INFO request {"path": "/measure", "payload": {"arena_id": "default", "robot_id": "202601002029", "request_id": "ae37e7c645b544d28b8e4b4ad53df77c", "position": {"x": 13.460325380528763, "y": 145.26004454186383}, "channel": 6}, "attempt": 1}
2026-09-12 21:02:21,522 INFO response {"request_id": "ae37e7c645b544d28b8e4b4ad53df77c", "http_status": 200, "body": {"accepted": true, "real_timestamp_ms": 1789218138364, "virtual_time_s": 503.136728, "measure_result": "no_signal"}}
2026-09-12 21:02:21,553 INFO request {"path": "/measure", "payload": {"arena_id": "default", "robot_id": "202601002029", "request_id": "472cc527e8ef490785872565e048ca39", "position": {"x": 13.460325380528763, "y": 145.26004454186383}, "channel": 7}, "attempt": 1}
2026-09-12 21:02:21,555 INFO response {"request_id": "472cc527e8ef490785872565e048ca39", "http_status": 200, "body": {"accepted": true, "real_timestamp_ms": 1789218138396, "virtual_time_s": 509.136728, "measure_result": "no_signal"}}
2026-09-12 21:02:21,587 INFO request {"path": "/measure", "payload": {"arena_id": "default", "robot_id": "202601002029", "request_id": "81ce6c3ceaa447c1a0b3cdad3877586a", "position": {"x": 13.460325380528763, "y": 145.26004454186383}, "channel": 9}, "attempt": 1}
2026-09-12 21:02:21,590 INFO response {"request_id": "81ce6c3ceaa447c1a0b3cdad3877586a", "http_status": 200, "body": {"accepted": true, "real_timestamp_ms": 1789218138431, "virtual_time_s": 515.136728, "measure_result": "no_signal"}}
2026-09-12 21:02:21,620 INFO request {"path": "/measure", "payload": {"arena_id": "default", "robot_id": "202601002029", "request_id": "bb6e35653c95462c9ba261606f8e2004", "position": {"x": 13.460325380528763, "y": 145.26004454186383}, "channel": 11}, "attempt": 1}
2026-09-12 21:02:21,623 INFO response {"request_id": "bb6e35653c95462c9ba261606f8e2004", "http_status": 200, "body": {"accepted": true, "real_timestamp_ms": 1789218138464, "virtual_time_s": 521.136728, "measure_result": "no_signal"}}
2026-09-12 21:02:21,654 INFO request {"path": "/measure", "payload": {"arena_id": "default", "robot_id": "202601002029", "request_id": "9f5268e4694c4967a4ff44fa1947b102", "position": {"x": 13.460325380528763, "y": 145.26004454186383}, "channel": 12}, "attempt": 1}
2026-09-12 21:02:21,673 INFO response {"request_id": "9f5268e4694c4967a4ff44fa1947b102", "http_status": 200, "body": {"accepted": true, "real_timestamp_ms": 1789218138514, "virtual_time_s": 527.136728, "measure_result": "no_signal"}}
2026-09-12 21:02:21,688 INFO request {"path": "/measure", "payload": {"arena_id": "default", "robot_id": "202601002029", "request_id": "02342c71408c4afebe91d8ab249a4a10", "position": {"x": 13.460325380528763, "y": 145.26004454186383}, "channel": 13}, "attempt": 1}
2026-09-12 21:02:21,690 INFO response {"request_id": "02342c71408c4afebe91d8ab249a4a10", "http_status": 200, "body": {"accepted": true, "real_timestamp_ms": 1789218138532, "virtual_time_s": 533.136728, "measure_result": "no_signal"}}
2026-09-12 21:02:21,721 INFO request {"path": "/measure", "payload": {"arena_id": "default", "robot_id": "202601002029", "request_id": "d8447b627e1944e7a733c639a0da2e2a", "position": {"x": 13.460325380528763, "y": 145.26004454186383}, "channel": 14}, "attempt": 1}
2026-09-12 21:02:21,742 INFO response {"request_id": "d8447b627e1944e7a733c639a0da2e2a", "http_status": 200, "body": {"accepted": true, "real_timestamp_ms": 1789218138583, "virtual_time_s": 539.136728, "measure_result": "no_signal"}}
2026-09-12 21:02:21,742 INFO request {"path": "/measure", "payload": {"arena_id": "default", "robot_id": "202601002029", "request_id": "d9fa73128e4c4169b9c757fb042620d7", "position": {"x": 13.460325380528763, "y": 145.26004454186383}, "channel": 15}, "attempt": 1}
2026-09-12 21:02:21,744 INFO response {"request_id": "d9fa73128e4c4169b9c757fb042620d7", "http_status": 200, "body": {"accepted": true, "real_timestamp_ms": 1789218138585, "virtual_time_s": 545.136728, "measure_result": "no_signal"}}
2026-09-12 21:02:21,775 INFO request {"path": "/measure", "payload": {"arena_id": "default", "robot_id": "202601002029", "request_id": "810e4c4f5e0247d4932293c0923b55c9", "position": {"x": 13.460325380528763, "y": 145.26004454186383}, "channel": 16}, "attempt": 1}
2026-09-12 21:02:21,790 INFO response {"request_id": "810e4c4f5e0247d4932293c0923b55c9", "http_status": 200, "body": {"accepted": true, "real_timestamp_ms": 1789218138632, "virtual_time_s": 551.136728, "measure_result": "no_signal"}}
2026-09-12 21:02:21,805 INFO request {"path": "/measure", "payload": {"arena_id": "default", "robot_id": "202601002029", "request_id": "232ae32914e54c98b01cd8c4f5371b5e", "position": {"x": 13.460325380528763, "y": 145.26004454186383}, "channel": 17}, "attempt": 1}
2026-09-12 21:02:21,820 INFO response {"request_id": "232ae32914e54c98b01cd8c4f5371b5e", "http_status": 200, "body": {"accepted": true, "real_timestamp_ms": 1789218138662, "virtual_time_s": 557.136728, "measure_result": "no_signal"}}
2026-09-12 21:02:21,836 INFO request {"path": "/measure", "payload": {"arena_id": "default", "robot_id": "202601002029", "request_id": "5567b81592dd47c89a6d2323df2ac402", "position": {"x": 13.460325380528763, "y": 145.26004454186383}, "channel": 18}, "attempt": 1}
2026-09-12 21:02:21,850 INFO response {"request_id": "5567b81592dd47c89a6d2323df2ac402", "http_status": 200, "body": {"accepted": true, "real_timestamp_ms": 1789218138691, "virtual_time_s": 563.136728, "measure_result": "no_signal"}}
2026-09-12 21:02:21,866 INFO request {"path": "/measure", "payload": {"arena_id": "default", "robot_id": "202601002029", "request_id": "c824596cc7964798b9744cd9cd63d9ea", "position": {"x": 13.460325380528763, "y": 145.26004454186383}, "channel": 19}, "attempt": 1}
2026-09-12 21:02:21,880 INFO response {"request_id": "c824596cc7964798b9744cd9cd63d9ea", "http_status": 200, "body": {"accepted": true, "real_timestamp_ms": 1789218138721, "virtual_time_s": 569.136728, "measure_result": "no_signal"}}
2026-09-12 21:02:21,895 INFO request {"path": "/measure", "payload": {"arena_id": "default", "robot_id": "202601002029", "request_id": "d0e9a1a2202f4f1ca27e21ca4d56417a", "position": {"x": 13.460325380528763, "y": 145.26004454186383}, "channel": 20}, "attempt": 1}
2026-09-12 21:02:21,909 INFO response {"request_id": "d0e9a1a2202f4f1ca27e21ca4d56417a", "http_status": 200, "body": {"accepted": true, "real_timestamp_ms": 1789218138751, "virtual_time_s": 575.136728, "measure_result": "no_signal"}}
2026-09-12 21:02:22,002 INFO request {"path": "/measure", "payload": {"arena_id": "default", "robot_id": "202601002029", "request_id": "cac47705ed404508b2e5149ef1eb7767", "position": {"x": 13.460325380528763, "y": 145.26004454186383}, "channel": 8}, "attempt": 1}
2026-09-12 21:02:22,004 INFO response {"request_id": "cac47705ed404508b2e5149ef1eb7767", "http_status": 200, "body": {"accepted": true, "real_timestamp_ms": 1789218138846, "virtual_time_s": 581.136728, "measure_result": "direction", "svd_deg": 321.15}}
2026-09-12 21:02:22,023 INFO request {"path": "/measure", "payload": {"arena_id": "default", "robot_id": "202601002029", "request_id": "2e9c864788564a21a946895c0db7a6b3", "position": {"x": -49.90325113079158, "y": 175.39173493151407}, "channel": 1}, "attempt": 1}
2026-09-12 21:02:22,024 INFO response {"request_id": "2e9c864788564a21a946895c0db7a6b3", "http_status": 200, "body": {"accepted": true, "real_timestamp_ms": 1789218138866, "virtual_time_s": 601.169349, "measure_result": "no_signal"}}
2026-09-12 21:02:22,055 INFO request {"path": "/measure", "payload": {"arena_id": "default", "robot_id": "202601002029", "request_id": "4f4686c15f1642f78fbba7c9f50c2ca6", "position": {"x": -49.90325113079158, "y": 175.39173493151407}, "channel": 3}, "attempt": 1}
2026-09-12 21:02:22,056 INFO response {"request_id": "4f4686c15f1642f78fbba7c9f50c2ca6", "http_status": 200, "body": {"accepted": true, "real_timestamp_ms": 1789218138897, "virtual_time_s": 607.169349, "measure_result": "no_signal"}}
2026-09-12 21:02:22,086 INFO request {"path": "/measure", "payload": {"arena_id": "default", "robot_id": "202601002029", "request_id": "8d5b6b1d9fb04ceb8e64fa23f6aff318", "position": {"x": -49.90325113079158, "y": 175.39173493151407}, "channel": 4}, "attempt": 1}
2026-09-12 21:02:22,106 INFO response {"request_id": "8d5b6b1d9fb04ceb8e64fa23f6aff318", "http_status": 200, "body": {"accepted": true, "real_timestamp_ms": 1789218138948, "virtual_time_s": 613.169349, "measure_result": "no_signal"}}
2026-09-12 21:02:22,122 INFO request {"path": "/measure", "payload": {"arena_id": "default", "robot_id": "202601002029", "request_id": "0076efc73b0c4a989fe968464a4d153f", "position": {"x": -49.90325113079158, "y": 175.39173493151407}, "channel": 6}, "attempt": 1}
2026-09-12 21:02:22,135 INFO response {"request_id": "0076efc73b0c4a989fe968464a4d153f", "http_status": 200, "body": {"accepted": true, "real_timestamp_ms": 1789218138977, "virtual_time_s": 619.169349, "measure_result": "no_signal"}}
2026-09-12 21:02:22,150 INFO request {"path": "/measure", "payload": {"arena_id": "default", "robot_id": "202601002029", "request_id": "6a5d4c90b3ba4f828871eb3e991825b4", "position": {"x": -49.90325113079158, "y": 175.39173493151407}, "channel": 7}, "attempt": 1}
2026-09-12 21:02:22,166 INFO response {"request_id": "6a5d4c90b3ba4f828871eb3e991825b4", "http_status": 200, "body": {"accepted": true, "real_timestamp_ms": 1789218139007, "virtual_time_s": 625.169349, "measure_result": "no_signal"}}
2026-09-12 21:02:22,180 INFO request {"path": "/measure", "payload": {"arena_id": "default", "robot_id": "202601002029", "request_id": "0158706634b04cc79eb64dc66c6bb7b3", "position": {"x": -49.90325113079158, "y": 175.39173493151407}, "channel": 9}, "attempt": 1}
2026-09-12 21:02:22,182 INFO response {"request_id": "0158706634b04cc79eb64dc66c6bb7b3", "http_status": 200, "body": {"accepted": true, "real_timestamp_ms": 1789218139024, "virtual_time_s": 631.169349, "measure_result": "no_signal"}}
2026-09-12 21:02:22,213 INFO request {"path": "/measure", "payload": {"arena_id": "default", "robot_id": "202601002029", "request_id": "cdb369e957984359aebdd31fd167593f", "position": {"x": -49.90325113079158, "y": 175.39173493151407}, "channel": 11}, "attempt": 1}
2026-09-12 21:02:22,214 INFO response {"request_id": "cdb369e957984359aebdd31fd167593f", "http_status": 200, "body": {"accepted": true, "real_timestamp_ms": 1789218139056, "virtual_time_s": 637.169349, "measure_result": "no_signal"}}
2026-09-12 21:02:22,245 INFO request {"path": "/measure", "payload": {"arena_id": "default", "robot_id": "202601002029", "request_id": "fb8706b0c671492b8d3dad9d46cacb54", "position": {"x": -49.90325113079158, "y": 175.39173493151407}, "channel": 12}, "attempt": 1}
2026-09-12 21:02:22,246 INFO response {"request_id": "fb8706b0c671492b8d3dad9d46cacb54", "http_status": 200, "body": {"accepted": true, "real_timestamp_ms": 1789218139088, "virtual_time_s": 643.169349, "measure_result": "no_signal"}}
2026-09-12 21:02:22,277 INFO request {"path": "/measure", "payload": {"arena_id": "default", "robot_id": "202601002029", "request_id": "725c651d53904ae897e07e9af3b17c9e", "position": {"x": -49.90325113079158, "y": 175.39173493151407}, "channel": 13}, "attempt": 1}
2026-09-12 21:02:22,295 INFO response {"request_id": "725c651d53904ae897e07e9af3b17c9e", "http_status": 200, "body": {"accepted": true, "real_timestamp_ms": 1789218139137, "virtual_time_s": 649.169349, "measure_result": "no_signal"}}
2026-09-12 21:02:22,310 INFO request {"path": "/measure", "payload": {"arena_id": "default", "robot_id": "202601002029", "request_id": "8583877f5ead450f995d3668e7fb8415", "position": {"x": -49.90325113079158, "y": 175.39173493151407}, "channel": 14}, "attempt": 1}
2026-09-12 21:02:22,324 INFO response {"request_id": "8583877f5ead450f995d3668e7fb8415", "http_status": 200, "body": {"accepted": true, "real_timestamp_ms": 1789218139166, "virtual_time_s": 655.169349, "measure_result": "no_signal"}}
2026-09-12 21:02:22,340 INFO request {"path": "/measure", "payload": {"arena_id": "default", "robot_id": "202601002029", "request_id": "5106de1efc6d4612b908e083e54c5d2e", "position": {"x": -49.90325113079158, "y": 175.39173493151407}, "channel": 15}, "attempt": 1}
2026-09-12 21:02:22,355 INFO response {"request_id": "5106de1efc6d4612b908e083e54c5d2e", "http_status": 200, "body": {"accepted": true, "real_timestamp_ms": 1789218139196, "virtual_time_s": 661.169349, "measure_result": "no_signal"}}
2026-09-12 21:02:22,370 INFO request {"path": "/measure", "payload": {"arena_id": "default", "robot_id": "202601002029", "request_id": "e823e0163b574d6ca2c005101cb3dbcb", "position": {"x": -49.90325113079158, "y": 175.39173493151407}, "channel": 16}, "attempt": 1}
2026-09-12 21:02:22,385 INFO response {"request_id": "e823e0163b574d6ca2c005101cb3dbcb", "http_status": 200, "body": {"accepted": true, "real_timestamp_ms": 1789218139226, "virtual_time_s": 667.169349, "measure_result": "no_signal"}}
2026-09-12 21:02:22,399 INFO request {"path": "/measure", "payload": {"arena_id": "default", "robot_id": "202601002029", "request_id": "769b5c8bb68e4bbead77ff52b3dc539a", "position": {"x": -49.90325113079158, "y": 175.39173493151407}, "channel": 17}, "attempt": 1}
2026-09-12 21:02:22,414 INFO response {"request_id": "769b5c8bb68e4bbead77ff52b3dc539a", "http_status": 200, "body": {"accepted": true, "real_timestamp_ms": 1789218139255, "virtual_time_s": 673.169349, "measure_result": "no_signal"}}
2026-09-12 21:02:22,428 INFO request {"path": "/measure", "payload": {"arena_id": "default", "robot_id": "202601002029", "request_id": "60643a6d7b3b43c59b0cad4aa7dacb19", "position": {"x": -49.90325113079158, "y": 175.39173493151407}, "channel": 18}, "attempt": 1}
2026-09-12 21:02:22,431 INFO response {"request_id": "60643a6d7b3b43c59b0cad4aa7dacb19", "http_status": 200, "body": {"accepted": true, "real_timestamp_ms": 1789218139272, "virtual_time_s": 679.169349, "measure_result": "no_signal"}}
2026-09-12 21:02:22,462 INFO request {"path": "/measure", "payload": {"arena_id": "default", "robot_id": "202601002029", "request_id": "755813c5018748bb8259aa4dca58ef02", "position": {"x": -49.90325113079158, "y": 175.39173493151407}, "channel": 19}, "attempt": 1}
2026-09-12 21:02:22,472 INFO response {"request_id": "755813c5018748bb8259aa4dca58ef02", "http_status": 200, "body": {"accepted": true, "real_timestamp_ms": 1789218139314, "virtual_time_s": 685.169349, "measure_result": "no_signal"}}
2026-09-12 21:02:22,488 INFO request {"path": "/measure", "payload": {"arena_id": "default", "robot_id": "202601002029", "request_id": "73572d4d54ea4f26b298a21214728437", "position": {"x": -49.90325113079158, "y": 175.39173493151407}, "channel": 20}, "attempt": 1}
2026-09-12 21:02:22,502 INFO response {"request_id": "73572d4d54ea4f26b298a21214728437", "http_status": 200, "body": {"accepted": true, "real_timestamp_ms": 1789218139344, "virtual_time_s": 691.169349, "measure_result": "no_signal"}}
2026-09-12 21:02:22,578 INFO request {"path": "/measure", "payload": {"arena_id": "default", "robot_id": "202601002029", "request_id": "14dbaf9969bc479c869e7517c9ceabf8", "position": {"x": -131.87063807828432, "y": 174.62494620485242}, "channel": 20}, "attempt": 1}
2026-09-12 21:02:22,591 INFO response {"request_id": "14dbaf9969bc479c869e7517c9ceabf8", "http_status": 200, "body": {"accepted": true, "real_timestamp_ms": 1789218139433, "virtual_time_s": 712.563544, "measure_result": "no_signal"}}
2026-09-12 21:02:22,606 INFO request {"path": "/measure", "payload": {"arena_id": "default", "robot_id": "202601002029", "request_id": "9ef77b69d30245d0b8cea911f9bb8611", "position": {"x": -131.87063807828432, "y": 174.62494620485242}, "channel": 1}, "attempt": 1}
2026-09-12 21:02:22,619 INFO response {"request_id": "9ef77b69d30245d0b8cea911f9bb8611", "http_status": 200, "body": {"accepted": true, "real_timestamp_ms": 1789218139461, "virtual_time_s": 718.563544, "measure_result": "no_signal"}}
2026-09-12 21:02:22,634 INFO request {"path": "/measure", "payload": {"arena_id": "default", "robot_id": "202601002029", "request_id": "ff2a1727a0b2481baf051b2a7e9c972f", "position": {"x": -131.87063807828432, "y": 174.62494620485242}, "channel": 3}, "attempt": 1}
2026-09-12 21:02:22,649 INFO response {"request_id": "ff2a1727a0b2481baf051b2a7e9c972f", "http_status": 200, "body": {"accepted": true, "real_timestamp_ms": 1789218139491, "virtual_time_s": 724.563544, "measure_result": "no_signal"}}
2026-09-12 21:02:22,665 INFO request {"path": "/measure", "payload": {"arena_id": "default", "robot_id": "202601002029", "request_id": "747248556c4a485ea955b3c9e86bb88f", "position": {"x": -131.87063807828432, "y": 174.62494620485242}, "channel": 4}, "attempt": 1}
2026-09-12 21:02:22,679 INFO response {"request_id": "747248556c4a485ea955b3c9e86bb88f", "http_status": 200, "body": {"accepted": true, "real_timestamp_ms": 1789218139521, "virtual_time_s": 730.563544, "measure_result": "no_signal"}}
2026-09-12 21:02:22,694 INFO request {"path": "/measure", "payload": {"arena_id": "default", "robot_id": "202601002029", "request_id": "3b466d49599040bb9de35fad20037e24", "position": {"x": -131.87063807828432, "y": 174.62494620485242}, "channel": 6}, "attempt": 1}
2026-09-12 21:02:22,695 INFO response {"request_id": "3b466d49599040bb9de35fad20037e24", "http_status": 200, "body": {"accepted": true, "real_timestamp_ms": 1789218139537, "virtual_time_s": 736.563544, "measure_result": "no_signal"}}
2026-09-12 21:02:22,727 INFO request {"path": "/measure", "payload": {"arena_id": "default", "robot_id": "202601002029", "request_id": "108076f2b9974548bf81f6e497ffebb5", "position": {"x": -131.87063807828432, "y": 174.62494620485242}, "channel": 7}, "attempt": 1}
2026-09-12 21:02:22,746 INFO response {"request_id": "108076f2b9974548bf81f6e497ffebb5", "http_status": 200, "body": {"accepted": true, "real_timestamp_ms": 1789218139587, "virtual_time_s": 742.563544, "measure_result": "no_signal"}}
2026-09-12 21:02:22,760 INFO request {"path": "/measure", "payload": {"arena_id": "default", "robot_id": "202601002029", "request_id": "666958e97ba245e79d1c0c02ad5ae556", "position": {"x": -131.87063807828432, "y": 174.62494620485242}, "channel": 9}, "attempt": 1}
2026-09-12 21:02:22,761 INFO response {"request_id": "666958e97ba245e79d1c0c02ad5ae556", "http_status": 200, "body": {"accepted": true, "real_timestamp_ms": 1789218139603, "virtual_time_s": 748.563544, "measure_result": "no_signal"}}
2026-09-12 21:02:22,792 INFO request {"path": "/measure", "payload": {"arena_id": "default", "robot_id": "202601002029", "request_id": "e5efdfcf91874d1e97c5866dd6dc5a18", "position": {"x": -131.87063807828432, "y": 174.62494620485242}, "channel": 11}, "attempt": 1}
2026-09-12 21:02:22,805 INFO response {"request_id": "e5efdfcf91874d1e97c5866dd6dc5a18", "http_status": 200, "body": {"accepted": true, "real_timestamp_ms": 1789218139646, "virtual_time_s": 754.563544, "measure_result": "no_signal"}}
2026-09-12 21:02:22,820 INFO request {"path": "/measure", "payload": {"arena_id": "default", "robot_id": "202601002029", "request_id": "19be31e5b12347cf8ba47a89e0e93d7b", "position": {"x": -131.87063807828432, "y": 174.62494620485242}, "channel": 12}, "attempt": 1}
2026-09-12 21:02:22,834 INFO response {"request_id": "19be31e5b12347cf8ba47a89e0e93d7b", "http_status": 200, "body": {"accepted": true, "real_timestamp_ms": 1789218139675, "virtual_time_s": 760.563544, "measure_result": "direction", "svd_deg": 183.84}}
2026-09-12 21:02:22,854 INFO request {"path": "/measure", "payload": {"arena_id": "default", "robot_id": "202601002029", "request_id": "ba09f937a15f43dfb2b4fa8650e83bc6", "position": {"x": -131.87063807828432, "y": 174.62494620485242}, "channel": 13}, "attempt": 1}
2026-09-12 21:02:22,856 INFO response {"request_id": "ba09f937a15f43dfb2b4fa8650e83bc6", "http_status": 200, "body": {"accepted": true, "real_timestamp_ms": 1789218139698, "virtual_time_s": 766.563544, "measure_result": "no_signal"}}
2026-09-12 21:02:22,887 INFO request {"path": "/measure", "payload": {"arena_id": "default", "robot_id": "202601002029", "request_id": "d60f1dbd19e744d2849bf08d0f481ad4", "position": {"x": -131.87063807828432, "y": 174.62494620485242}, "channel": 14}, "attempt": 1}
2026-09-12 21:02:22,889 INFO response {"request_id": "d60f1dbd19e744d2849bf08d0f481ad4", "http_status": 200, "body": {"accepted": true, "real_timestamp_ms": 1789218139730, "virtual_time_s": 772.563544, "measure_result": "no_signal"}}
2026-09-12 21:02:22,920 INFO request {"path": "/measure", "payload": {"arena_id": "default", "robot_id": "202601002029", "request_id": "dfca299e498f40249c1383463648203f", "position": {"x": -131.87063807828432, "y": 174.62494620485242}, "channel": 15}, "attempt": 1}
2026-09-12 21:02:22,923 INFO response {"request_id": "dfca299e498f40249c1383463648203f", "http_status": 200, "body": {"accepted": true, "real_timestamp_ms": 1789218139764, "virtual_time_s": 778.563544, "measure_result": "no_signal"}}
2026-09-12 21:02:22,954 INFO request {"path": "/measure", "payload": {"arena_id": "default", "robot_id": "202601002029", "request_id": "7bb37756bcf14f7c808269500fd72851", "position": {"x": -131.87063807828432, "y": 174.62494620485242}, "channel": 16}, "attempt": 1}
2026-09-12 21:02:22,974 INFO response {"request_id": "7bb37756bcf14f7c808269500fd72851", "http_status": 200, "body": {"accepted": true, "real_timestamp_ms": 1789218139815, "virtual_time_s": 784.563544, "measure_result": "no_signal"}}
2026-09-12 21:02:22,974 INFO request {"path": "/measure", "payload": {"arena_id": "default", "robot_id": "202601002029", "request_id": "50a94a4ac2c54da78ed7ef79ada7c5ae", "position": {"x": -131.87063807828432, "y": 174.62494620485242}, "channel": 17}, "attempt": 1}
2026-09-12 21:02:22,976 INFO response {"request_id": "50a94a4ac2c54da78ed7ef79ada7c5ae", "http_status": 200, "body": {"accepted": true, "real_timestamp_ms": 1789218139818, "virtual_time_s": 790.563544, "measure_result": "no_signal"}}
2026-09-12 21:02:23,007 INFO request {"path": "/measure", "payload": {"arena_id": "default", "robot_id": "202601002029", "request_id": "b54e08b83e9e43b7998b2b5392d57485", "position": {"x": -131.87063807828432, "y": 174.62494620485242}, "channel": 18}, "attempt": 1}
2026-09-12 21:02:23,022 INFO response {"request_id": "b54e08b83e9e43b7998b2b5392d57485", "http_status": 200, "body": {"accepted": true, "real_timestamp_ms": 1789218139863, "virtual_time_s": 796.563544, "measure_result": "no_signal"}}
2026-09-12 21:02:23,038 INFO request {"path": "/measure", "payload": {"arena_id": "default", "robot_id": "202601002029", "request_id": "932f3f447a8943a18099e3def17dea87", "position": {"x": -131.87063807828432, "y": 174.62494620485242}, "channel": 19}, "attempt": 1}
2026-09-12 21:02:23,050 INFO response {"request_id": "932f3f447a8943a18099e3def17dea87", "http_status": 200, "body": {"accepted": true, "real_timestamp_ms": 1789218139892, "virtual_time_s": 802.563544, "measure_result": "no_signal"}}
2026-09-12 21:02:23,181 INFO request {"path": "/measure", "payload": {"arena_id": "default", "robot_id": "202601002029", "request_id": "4874a6e2f2364c6e910ba400370b3623", "position": {"x": -217.0554334745015, "y": 134.3950345228073}, "channel": 19}, "attempt": 1}
2026-09-12 21:02:23,182 INFO response {"request_id": "4874a6e2f2364c6e910ba400370b3623", "http_status": 200, "body": {"accepted": true, "real_timestamp_ms": 1789218140025, "virtual_time_s": 826.404876, "measure_result": "no_signal"}}
2026-09-12 21:02:23,214 INFO request {"path": "/measure", "payload": {"arena_id": "default", "robot_id": "202601002029", "request_id": "6813b5fc666e45519a4c867e73437f77", "position": {"x": -217.0554334745015, "y": 134.3950345228073}, "channel": 1}, "attempt": 1}
2026-09-12 21:02:23,215 INFO response {"request_id": "6813b5fc666e45519a4c867e73437f77", "http_status": 200, "body": {"accepted": true, "real_timestamp_ms": 1789218140057, "virtual_time_s": 832.404876, "measure_result": "no_signal"}}
2026-09-12 21:02:23,245 INFO request {"path": "/measure", "payload": {"arena_id": "default", "robot_id": "202601002029", "request_id": "f4b9df5c83b746c787d0933dba5a0bd3", "position": {"x": -217.0554334745015, "y": 134.3950345228073}, "channel": 3}, "attempt": 1}
2026-09-12 21:02:23,266 INFO response {"request_id": "f4b9df5c83b746c787d0933dba5a0bd3", "http_status": 200, "body": {"accepted": true, "real_timestamp_ms": 1789218140108, "virtual_time_s": 838.404876, "measure_result": "no_signal"}}
2026-09-12 21:02:23,280 INFO request {"path": "/measure", "payload": {"arena_id": "default", "robot_id": "202601002029", "request_id": "36719b607f7d45248ca20999f7e2a4ed", "position": {"x": -217.0554334745015, "y": 134.3950345228073}, "channel": 4}, "attempt": 1}
2026-09-12 21:02:23,281 INFO response {"request_id": "36719b607f7d45248ca20999f7e2a4ed", "http_status": 200, "body": {"accepted": true, "real_timestamp_ms": 1789218140123, "virtual_time_s": 844.404876, "measure_result": "no_signal"}}
2026-09-12 21:02:23,312 INFO request {"path": "/measure", "payload": {"arena_id": "default", "robot_id": "202601002029", "request_id": "80a552ebed5b4a63b33a83f9b90363f7", "position": {"x": -217.0554334745015, "y": 134.3950345228073}, "channel": 6}, "attempt": 1}
2026-09-12 21:02:23,325 INFO response {"request_id": "80a552ebed5b4a63b33a83f9b90363f7", "http_status": 200, "body": {"accepted": true, "real_timestamp_ms": 1789218140165, "virtual_time_s": 850.404876, "measure_result": "no_signal"}}
2026-09-12 21:02:23,340 INFO request {"path": "/measure", "payload": {"arena_id": "default", "robot_id": "202601002029", "request_id": "97c1622515624e0a81a05b46b262a099", "position": {"x": -217.0554334745015, "y": 134.3950345228073}, "channel": 7}, "attempt": 1}
2026-09-12 21:02:23,341 INFO response {"request_id": "97c1622515624e0a81a05b46b262a099", "http_status": 200, "body": {"accepted": true, "real_timestamp_ms": 1789218140183, "virtual_time_s": 856.404876, "measure_result": "no_signal"}}
2026-09-12 21:02:23,372 INFO request {"path": "/measure", "payload": {"arena_id": "default", "robot_id": "202601002029", "request_id": "e2ef4854f90f4ff18cfed16d3be0bb40", "position": {"x": -217.0554334745015, "y": 134.3950345228073}, "channel": 9}, "attempt": 1}
2026-09-12 21:02:23,392 INFO response {"request_id": "e2ef4854f90f4ff18cfed16d3be0bb40", "http_status": 200, "body": {"accepted": true, "real_timestamp_ms": 1789218140234, "virtual_time_s": 862.404876, "measure_result": "no_signal"}}
2026-09-12 21:02:23,407 INFO request {"path": "/measure", "payload": {"arena_id": "default", "robot_id": "202601002029", "request_id": "383d417097544ee6a5d42afa7cee5f1d", "position": {"x": -217.0554334745015, "y": 134.3950345228073}, "channel": 11}, "attempt": 1}
2026-09-12 21:02:23,422 INFO response {"request_id": "383d417097544ee6a5d42afa7cee5f1d", "http_status": 200, "body": {"accepted": true, "real_timestamp_ms": 1789218140264, "virtual_time_s": 868.404876, "measure_result": "no_signal"}}
2026-09-12 21:02:23,437 INFO request {"path": "/measure", "payload": {"arena_id": "default", "robot_id": "202601002029", "request_id": "a1afdce9aa98434aa7502545eb08ffbb", "position": {"x": -217.0554334745015, "y": 134.3950345228073}, "channel": 13}, "attempt": 1}
2026-09-12 21:02:23,453 INFO response {"request_id": "a1afdce9aa98434aa7502545eb08ffbb", "http_status": 200, "body": {"accepted": true, "real_timestamp_ms": 1789218140294, "virtual_time_s": 874.404876, "measure_result": "no_signal"}}
2026-09-12 21:02:23,468 INFO request {"path": "/measure", "payload": {"arena_id": "default", "robot_id": "202601002029", "request_id": "c31f38491c07433aafa2233175ba2d4f", "position": {"x": -217.0554334745015, "y": 134.3950345228073}, "channel": 14}, "attempt": 1}
2026-09-12 21:02:23,482 INFO response {"request_id": "c31f38491c07433aafa2233175ba2d4f", "http_status": 200, "body": {"accepted": true, "real_timestamp_ms": 1789218140324, "virtual_time_s": 880.404876, "measure_result": "no_signal"}}
2026-09-12 21:02:23,498 INFO request {"path": "/measure", "payload": {"arena_id": "default", "robot_id": "202601002029", "request_id": "a6934571cd5e46208e270d56b3484628", "position": {"x": -217.0554334745015, "y": 134.3950345228073}, "channel": 15}, "attempt": 1}
2026-09-12 21:02:23,512 INFO response {"request_id": "a6934571cd5e46208e270d56b3484628", "http_status": 200, "body": {"accepted": true, "real_timestamp_ms": 1789218140353, "virtual_time_s": 886.404876, "measure_result": "no_signal"}}
2026-09-12 21:02:23,527 INFO request {"path": "/measure", "payload": {"arena_id": "default", "robot_id": "202601002029", "request_id": "357d6c18a2fd4d19a3816cf484c0e1a9", "position": {"x": -217.0554334745015, "y": 134.3950345228073}, "channel": 16}, "attempt": 1}
2026-09-12 21:02:23,529 INFO response {"request_id": "357d6c18a2fd4d19a3816cf484c0e1a9", "http_status": 200, "body": {"accepted": true, "real_timestamp_ms": 1789218140370, "virtual_time_s": 892.404876, "measure_result": "no_signal"}}
2026-09-12 21:02:23,560 INFO request {"path": "/measure", "payload": {"arena_id": "default", "robot_id": "202601002029", "request_id": "fa225e20993a499ea9dd461e18771de0", "position": {"x": -217.0554334745015, "y": 134.3950345228073}, "channel": 17}, "attempt": 1}
2026-09-12 21:02:23,564 INFO response {"request_id": "fa225e20993a499ea9dd461e18771de0", "http_status": 200, "body": {"accepted": true, "real_timestamp_ms": 1789218140405, "virtual_time_s": 898.404876, "measure_result": "direction", "svd_deg": 205.53}}
2026-09-12 21:02:23,585 INFO request {"path": "/measure", "payload": {"arena_id": "default", "robot_id": "202601002029", "request_id": "26a97ce587c04be19ddca7fe81678dbd", "position": {"x": -217.0554334745015, "y": 134.3950345228073}, "channel": 18}, "attempt": 1}
2026-09-12 21:02:23,599 INFO response {"request_id": "26a97ce587c04be19ddca7fe81678dbd", "http_status": 200, "body": {"accepted": true, "real_timestamp_ms": 1789218140440, "virtual_time_s": 904.404876, "measure_result": "no_signal"}}
2026-09-12 21:02:23,614 INFO request {"path": "/measure", "payload": {"arena_id": "default", "robot_id": "202601002029", "request_id": "41f739156eca4921a5242fae5f4d22a3", "position": {"x": -217.0554334745015, "y": 134.3950345228073}, "channel": 20}, "attempt": 1}
2026-09-12 21:02:23,617 INFO response {"request_id": "41f739156eca4921a5242fae5f4d22a3", "http_status": 200, "body": {"accepted": true, "real_timestamp_ms": 1789218140458, "virtual_time_s": 910.404876, "measure_result": "no_signal"}}
2026-09-12 21:02:23,782 INFO request {"path": "/measure", "payload": {"arena_id": "default", "robot_id": "202601002029", "request_id": "a173985383584877929b2feabf5996fc", "position": {"x": -217.0554334745015, "y": 134.3950345228073}, "channel": 10}, "attempt": 1}
2026-09-12 21:02:23,782 INFO response {"request_id": "a173985383584877929b2feabf5996fc", "http_status": 200, "body": {"accepted": true, "real_timestamp_ms": 1789218140624, "virtual_time_s": 916.404876, "measure_result": "direction", "svd_deg": 95.76}}
2026-09-12 21:02:23,801 INFO request {"path": "/measure", "payload": {"arena_id": "default", "robot_id": "202601002029", "request_id": "87ee09f93db14e4cbbb7df3d44fa63df", "position": {"x": -286.7968573195384, "y": 53.611624021775825}, "channel": 1}, "attempt": 1}
2026-09-12 21:02:23,816 INFO response {"request_id": "87ee09f93db14e4cbbb7df3d44fa63df", "http_status": 200, "body": {"accepted": true, "real_timestamp_ms": 1789218140657, "virtual_time_s": 943.749501, "measure_result": "no_signal"}}
2026-09-12 21:02:23,831 INFO request {"path": "/measure", "payload": {"arena_id": "default", "robot_id": "202601002029", "request_id": "941861a5d9de422d8ea7fcc26d98d849", "position": {"x": -286.7968573195384, "y": 53.611624021775825}, "channel": 3}, "attempt": 1}
2026-09-12 21:02:23,845 INFO response {"request_id": "941861a5d9de422d8ea7fcc26d98d849", "http_status": 200, "body": {"accepted": true, "real_timestamp_ms": 1789218140686, "virtual_time_s": 949.749501, "measure_result": "no_signal"}}
2026-09-12 21:02:23,876 INFO request {"path": "/measure", "payload": {"arena_id": "default", "robot_id": "202601002029", "request_id": "4f880eca6b934ac4ac92a09e7fd9ed66", "position": {"x": -286.7968573195384, "y": 53.611624021775825}, "channel": 4}, "attempt": 1}
2026-09-12 21:02:23,893 INFO response {"request_id": "4f880eca6b934ac4ac92a09e7fd9ed66", "http_status": 200, "body": {"accepted": true, "real_timestamp_ms": 1789218140735, "virtual_time_s": 955.749501, "measure_result": "no_signal"}}
2026-09-12 21:02:23,909 INFO request {"path": "/measure", "payload": {"arena_id": "default", "robot_id": "202601002029", "request_id": "0a161c4950c14ac29070660c7d33760d", "position": {"x": -286.7968573195384, "y": 53.611624021775825}, "channel": 6}, "attempt": 1}
2026-09-12 21:02:23,911 INFO response {"request_id": "0a161c4950c14ac29070660c7d33760d", "http_status": 200, "body": {"accepted": true, "real_timestamp_ms": 1789218140752, "virtual_time_s": 961.749501, "measure_result": "no_signal"}}
2026-09-12 21:02:23,926 INFO request {"path": "/measure", "payload": {"arena_id": "default", "robot_id": "202601002029", "request_id": "65e20efc2c5d411ab32dbf0a20033494", "position": {"x": -286.7968573195384, "y": 53.611624021775825}, "channel": 7}, "attempt": 1}
2026-09-12 21:02:23,928 INFO response {"request_id": "65e20efc2c5d411ab32dbf0a20033494", "http_status": 200, "body": {"accepted": true, "real_timestamp_ms": 1789218140770, "virtual_time_s": 967.749501, "measure_result": "no_signal"}}
2026-09-12 21:02:23,959 INFO request {"path": "/measure", "payload": {"arena_id": "default", "robot_id": "202601002029", "request_id": "01568ef8e5a74df5a8064da8b8eaccbf", "position": {"x": -286.7968573195384, "y": 53.611624021775825}, "channel": 9}, "attempt": 1}
2026-09-12 21:02:23,972 INFO response {"request_id": "01568ef8e5a74df5a8064da8b8eaccbf", "http_status": 200, "body": {"accepted": true, "real_timestamp_ms": 1789218140813, "virtual_time_s": 973.749501, "measure_result": "no_signal"}}
2026-09-12 21:02:24,003 INFO request {"path": "/measure", "payload": {"arena_id": "default", "robot_id": "202601002029", "request_id": "1a06890f1f9844be987570ea3e117974", "position": {"x": -286.7968573195384, "y": 53.611624021775825}, "channel": 11}, "attempt": 1}
2026-09-12 21:02:24,004 INFO response {"request_id": "1a06890f1f9844be987570ea3e117974", "http_status": 200, "body": {"accepted": true, "real_timestamp_ms": 1789218140846, "virtual_time_s": 979.749501, "measure_result": "no_signal"}}
2026-09-12 21:02:24,019 INFO request {"path": "/measure", "payload": {"arena_id": "default", "robot_id": "202601002029", "request_id": "f3e49697d95a4dd18c81756a0b5f6f4b", "position": {"x": -286.7968573195384, "y": 53.611624021775825}, "channel": 13}, "attempt": 1}
2026-09-12 21:02:24,022 INFO response {"request_id": "f3e49697d95a4dd18c81756a0b5f6f4b", "http_status": 200, "body": {"accepted": true, "real_timestamp_ms": 1789218140863, "virtual_time_s": 985.749501, "measure_result": "no_signal"}}
2026-09-12 21:02:24,052 INFO request {"path": "/measure", "payload": {"arena_id": "default", "robot_id": "202601002029", "request_id": "d42a5fa9bbd546d18dd688d5c103085d", "position": {"x": -286.7968573195384, "y": 53.611624021775825}, "channel": 14}, "attempt": 1}
2026-09-12 21:02:24,054 INFO response {"request_id": "d42a5fa9bbd546d18dd688d5c103085d", "http_status": 200, "body": {"accepted": true, "real_timestamp_ms": 1789218140895, "virtual_time_s": 991.749501, "measure_result": "no_signal"}}
2026-09-12 21:02:24,085 INFO request {"path": "/measure", "payload": {"arena_id": "default", "robot_id": "202601002029", "request_id": "0b5d93fc1aa44880ba3e84fbba03ba99", "position": {"x": -286.7968573195384, "y": 53.611624021775825}, "channel": 15}, "attempt": 1}
2026-09-12 21:02:24,101 INFO response {"request_id": "0b5d93fc1aa44880ba3e84fbba03ba99", "http_status": 200, "body": {"accepted": true, "real_timestamp_ms": 1789218140942, "virtual_time_s": 997.749501, "measure_result": "no_signal"}}
2026-09-12 21:02:24,117 INFO request {"path": "/measure", "payload": {"arena_id": "default", "robot_id": "202601002029", "request_id": "bde53b2dc0934cb3acd2c0ebedc1ba91", "position": {"x": -286.7968573195384, "y": 53.611624021775825}, "channel": 16}, "attempt": 1}
2026-09-12 21:02:24,119 INFO response {"request_id": "bde53b2dc0934cb3acd2c0ebedc1ba91", "http_status": 200, "body": {"accepted": true, "real_timestamp_ms": 1789218140960, "virtual_time_s": 1003.749501, "measure_result": "no_signal"}}
2026-09-12 21:02:24,150 INFO request {"path": "/measure", "payload": {"arena_id": "default", "robot_id": "202601002029", "request_id": "7594f46f54c244bd9d52226923a1b6f7", "position": {"x": -286.7968573195384, "y": 53.611624021775825}, "channel": 18}, "attempt": 1}
2026-09-12 21:02:24,152 INFO response {"request_id": "7594f46f54c244bd9d52226923a1b6f7", "http_status": 200, "body": {"accepted": true, "real_timestamp_ms": 1789218140994, "virtual_time_s": 1009.749501, "measure_result": "no_signal"}}
2026-09-12 21:02:24,183 INFO request {"path": "/measure", "payload": {"arena_id": "default", "robot_id": "202601002029", "request_id": "b7bfe0d3f5d642a08b05f9a9fc806099", "position": {"x": -286.7968573195384, "y": 53.611624021775825}, "channel": 19}, "attempt": 1}
2026-09-12 21:02:24,199 INFO response {"request_id": "b7bfe0d3f5d642a08b05f9a9fc806099", "http_status": 200, "body": {"accepted": true, "real_timestamp_ms": 1789218141040, "virtual_time_s": 1015.749501, "measure_result": "no_signal"}}
2026-09-12 21:02:24,214 INFO request {"path": "/measure", "payload": {"arena_id": "default", "robot_id": "202601002029", "request_id": "293130271d2041fa918ad4e7dcb49d28", "position": {"x": -286.7968573195384, "y": 53.611624021775825}, "channel": 20}, "attempt": 1}
2026-09-12 21:02:24,216 INFO response {"request_id": "293130271d2041fa918ad4e7dcb49d28", "http_status": 200, "body": {"accepted": true, "real_timestamp_ms": 1789218141057, "virtual_time_s": 1021.749501, "measure_result": "no_signal"}}
2026-09-12 21:02:24,396 INFO request {"path": "/measure", "payload": {"arena_id": "default", "robot_id": "202601002029", "request_id": "bf466b1ec2504d059b6f79200b3bb773", "position": {"x": -286.7968573195384, "y": 53.611624021775825}, "channel": 12}, "attempt": 1}
2026-09-12 21:02:24,416 INFO response {"request_id": "bf466b1ec2504d059b6f79200b3bb773", "http_status": 200, "body": {"accepted": true, "real_timestamp_ms": 1789218141258, "virtual_time_s": 1027.749501, "measure_result": "direction", "svd_deg": 176.72}}
2026-09-12 21:02:24,433 INFO request {"path": "/measure", "payload": {"arena_id": "default", "robot_id": "202601002029", "request_id": "302b6143993941f29908d1e4c0c40948", "position": {"x": -286.7968573195384, "y": 53.611624021775825}, "channel": 2}, "attempt": 1}
2026-09-12 21:02:24,445 INFO response {"request_id": "302b6143993941f29908d1e4c0c40948", "http_status": 200, "body": {"accepted": true, "real_timestamp_ms": 1789218141288, "virtual_time_s": 1033.749501, "measure_result": "direction", "svd_deg": 123.78}}
2026-09-12 21:02:24,465 INFO request {"path": "/measure", "payload": {"arena_id": "default", "robot_id": "202601002029", "request_id": "ecaef0393d4744f5969f972917361a8a", "position": {"x": -286.7968573195384, "y": 53.611624021775825}, "channel": 5}, "attempt": 1}
2026-09-12 21:02:24,466 INFO response {"request_id": "ecaef0393d4744f5969f972917361a8a", "http_status": 200, "body": {"accepted": true, "real_timestamp_ms": 1789218141308, "virtual_time_s": 1039.749501, "measure_result": "direction", "svd_deg": 314.93}}
2026-09-12 21:02:24,502 INFO request {"path": "/measure", "payload": {"arena_id": "default", "robot_id": "202601002029", "request_id": "0c8b269fdae743da84e8967c9f5ee9b8", "position": {"x": -286.7968573195384, "y": 53.611624021775825}, "channel": 10}, "attempt": 1}
2026-09-12 21:02:24,503 INFO response {"request_id": "0c8b269fdae743da84e8967c9f5ee9b8", "http_status": 200, "body": {"accepted": true, "real_timestamp_ms": 1789218141344, "virtual_time_s": 1045.749501, "measure_result": "direction", "svd_deg": 91.89}}
2026-09-12 21:02:24,522 INFO request {"path": "/measure", "payload": {"arena_id": "default", "robot_id": "202601002029", "request_id": "4027fec64e764913897a51438f092604", "position": {"x": -322.64646448448065, "y": -60.313077024497716}, "channel": 1}, "attempt": 1}
2026-09-12 21:02:24,534 INFO response {"request_id": "4027fec64e764913897a51438f092604", "http_status": 200, "body": {"accepted": true, "real_timestamp_ms": 1789218141376, "virtual_time_s": 1075.635925, "measure_result": "no_signal"}}
2026-09-12 21:02:24,549 INFO request {"path": "/measure", "payload": {"arena_id": "default", "robot_id": "202601002029", "request_id": "583f1e4383914d53aa3aee23add6810e", "position": {"x": -322.64646448448065, "y": -60.313077024497716}, "channel": 3}, "attempt": 1}
2026-09-12 21:02:24,564 INFO response {"request_id": "583f1e4383914d53aa3aee23add6810e", "http_status": 200, "body": {"accepted": true, "real_timestamp_ms": 1789218141406, "virtual_time_s": 1081.635925, "measure_result": "no_signal"}}
2026-09-12 21:02:24,579 INFO request {"path": "/measure", "payload": {"arena_id": "default", "robot_id": "202601002029", "request_id": "c3ddd0aee40745a9a18936777b95b858", "position": {"x": -322.64646448448065, "y": -60.313077024497716}, "channel": 4}, "attempt": 1}
2026-09-12 21:02:24,593 INFO response {"request_id": "c3ddd0aee40745a9a18936777b95b858", "http_status": 200, "body": {"accepted": true, "real_timestamp_ms": 1789218141435, "virtual_time_s": 1087.635925, "measure_result": "no_signal"}}
2026-09-12 21:02:24,608 INFO request {"path": "/measure", "payload": {"arena_id": "default", "robot_id": "202601002029", "request_id": "39d7deed05054ecc9e592ff9084e8ede", "position": {"x": -322.64646448448065, "y": -60.313077024497716}, "channel": 6}, "attempt": 1}
2026-09-12 21:02:24,623 INFO response {"request_id": "39d7deed05054ecc9e592ff9084e8ede", "http_status": 200, "body": {"accepted": true, "real_timestamp_ms": 1789218141464, "virtual_time_s": 1093.635925, "measure_result": "no_signal"}}
2026-09-12 21:02:24,637 INFO request {"path": "/measure", "payload": {"arena_id": "default", "robot_id": "202601002029", "request_id": "8af33fe40cf64ce99e70c8add662e1a2", "position": {"x": -322.64646448448065, "y": -60.313077024497716}, "channel": 7}, "attempt": 1}
2026-09-12 21:02:24,654 INFO response {"request_id": "8af33fe40cf64ce99e70c8add662e1a2", "http_status": 200, "body": {"accepted": true, "real_timestamp_ms": 1789218141495, "virtual_time_s": 1099.635925, "measure_result": "no_signal"}}
2026-09-12 21:02:24,669 INFO request {"path": "/measure", "payload": {"arena_id": "default", "robot_id": "202601002029", "request_id": "772ddc84b86d4e778577764e8e871c0b", "position": {"x": -322.64646448448065, "y": -60.313077024497716}, "channel": 9}, "attempt": 1}
2026-09-12 21:02:24,682 INFO response {"request_id": "772ddc84b86d4e778577764e8e871c0b", "http_status": 200, "body": {"accepted": true, "real_timestamp_ms": 1789218141523, "virtual_time_s": 1105.635925, "measure_result": "no_signal"}}
2026-09-12 21:02:24,697 INFO request {"path": "/measure", "payload": {"arena_id": "default", "robot_id": "202601002029", "request_id": "35a148ac926642b9abce21cf6abf2365", "position": {"x": -322.64646448448065, "y": -60.313077024497716}, "channel": 11}, "attempt": 1}
2026-09-12 21:02:24,712 INFO response {"request_id": "35a148ac926642b9abce21cf6abf2365", "http_status": 200, "body": {"accepted": true, "real_timestamp_ms": 1789218141553, "virtual_time_s": 1111.635925, "measure_result": "no_signal"}}
2026-09-12 21:02:24,727 INFO request {"path": "/measure", "payload": {"arena_id": "default", "robot_id": "202601002029", "request_id": "baf3ded9767743c9aac876e90a4397d2", "position": {"x": -322.64646448448065, "y": -60.313077024497716}, "channel": 13}, "attempt": 1}
2026-09-12 21:02:24,729 INFO response {"request_id": "baf3ded9767743c9aac876e90a4397d2", "http_status": 200, "body": {"accepted": true, "real_timestamp_ms": 1789218141571, "virtual_time_s": 1117.635925, "measure_result": "direction", "svd_deg": 304.44}}
2026-09-12 21:02:24,766 INFO request {"path": "/measure", "payload": {"arena_id": "default", "robot_id": "202601002029", "request_id": "13021783a2194a20998bdb4ddf9324e6", "position": {"x": -322.64646448448065, "y": -60.313077024497716}, "channel": 14}, "attempt": 1}
2026-09-12 21:02:24,779 INFO response {"request_id": "13021783a2194a20998bdb4ddf9324e6", "http_status": 200, "body": {"accepted": true, "real_timestamp_ms": 1789218141621, "virtual_time_s": 1123.635925, "measure_result": "no_signal"}}
2026-09-12 21:02:24,796 INFO request {"path": "/measure", "payload": {"arena_id": "default", "robot_id": "202601002029", "request_id": "be7cd4714f514cfebd2b4ee6b7102b33", "position": {"x": -322.64646448448065, "y": -60.313077024497716}, "channel": 15}, "attempt": 1}
2026-09-12 21:02:24,811 INFO response {"request_id": "be7cd4714f514cfebd2b4ee6b7102b33", "http_status": 200, "body": {"accepted": true, "real_timestamp_ms": 1789218141652, "virtual_time_s": 1129.635925, "measure_result": "no_signal"}}
2026-09-12 21:02:24,826 INFO request {"path": "/measure", "payload": {"arena_id": "default", "robot_id": "202601002029", "request_id": "403a6b1e9dea4d9b873ddb347b601f6b", "position": {"x": -322.64646448448065, "y": -60.313077024497716}, "channel": 16}, "attempt": 1}
2026-09-12 21:02:24,840 INFO response {"request_id": "403a6b1e9dea4d9b873ddb347b601f6b", "http_status": 200, "body": {"accepted": true, "real_timestamp_ms": 1789218141682, "virtual_time_s": 1135.635925, "measure_result": "no_signal"}}
2026-09-12 21:02:24,855 INFO request {"path": "/measure", "payload": {"arena_id": "default", "robot_id": "202601002029", "request_id": "b24f1da2553c497aa9ac39b0f884364b", "position": {"x": -322.64646448448065, "y": -60.313077024497716}, "channel": 18}, "attempt": 1}
2026-09-12 21:02:24,869 INFO response {"request_id": "b24f1da2553c497aa9ac39b0f884364b", "http_status": 200, "body": {"accepted": true, "real_timestamp_ms": 1789218141711, "virtual_time_s": 1141.635925, "measure_result": "no_signal"}}
2026-09-12 21:02:24,884 INFO request {"path": "/measure", "payload": {"arena_id": "default", "robot_id": "202601002029", "request_id": "e457eafefac745a0b74800ebbb99747a", "position": {"x": -322.64646448448065, "y": -60.313077024497716}, "channel": 19}, "attempt": 1}
2026-09-12 21:02:24,899 INFO response {"request_id": "e457eafefac745a0b74800ebbb99747a", "http_status": 200, "body": {"accepted": true, "real_timestamp_ms": 1789218141741, "virtual_time_s": 1147.635925, "measure_result": "no_signal"}}
2026-09-12 21:02:24,914 INFO request {"path": "/measure", "payload": {"arena_id": "default", "robot_id": "202601002029", "request_id": "3aaaf644f83d48b1a6249c78e4ec5975", "position": {"x": -322.64646448448065, "y": -60.313077024497716}, "channel": 20}, "attempt": 1}
2026-09-12 21:02:24,916 INFO response {"request_id": "3aaaf644f83d48b1a6249c78e4ec5975", "http_status": 200, "body": {"accepted": true, "real_timestamp_ms": 1789218141757, "virtual_time_s": 1153.635925, "measure_result": "no_signal"}}
2026-09-12 21:02:25,104 INFO request {"path": "/measure", "payload": {"arena_id": "default", "robot_id": "202601002029", "request_id": "4c2dab0526c64aa184d19eba6472abb8", "position": {"x": -322.64646448448065, "y": -60.313077024497716}, "channel": 17}, "attempt": 1}
2026-09-12 21:02:25,106 INFO response {"request_id": "4c2dab0526c64aa184d19eba6472abb8", "http_status": 200, "body": {"accepted": true, "real_timestamp_ms": 1789218141948, "virtual_time_s": 1159.635925, "measure_result": "direction", "svd_deg": 198.72}}
2026-09-12 21:02:25,139 INFO request {"path": "/measure", "payload": {"arena_id": "default", "robot_id": "202601002029", "request_id": "9402fcf7c9d74dc78ce399c87c62335e", "position": {"x": -322.64646448448065, "y": -60.313077024497716}, "channel": 2}, "attempt": 1}
2026-09-12 21:02:25,141 INFO response {"request_id": "9402fcf7c9d74dc78ce399c87c62335e", "http_status": 200, "body": {"accepted": true, "real_timestamp_ms": 1789218141982, "virtual_time_s": 1165.635925, "measure_result": "direction", "svd_deg": 117.84}}
2026-09-12 21:02:25,167 INFO request {"path": "/measure", "payload": {"arena_id": "default", "robot_id": "202601002029", "request_id": "3aefee6de87249d28c25516bd22eb160", "position": {"x": -322.64646448448065, "y": -60.313077024497716}, "channel": 10}, "attempt": 1}
2026-09-12 21:02:25,168 INFO response {"request_id": "3aefee6de87249d28c25516bd22eb160", "http_status": 200, "body": {"accepted": true, "real_timestamp_ms": 1789218142010, "virtual_time_s": 1171.635925, "measure_result": "direction", "svd_deg": 90.16}}
2026-09-12 21:02:25,199 INFO request {"path": "/measure", "payload": {"arena_id": "default", "robot_id": "202601002029", "request_id": "42b34ad0adc24c17a8bbfa3160259eba", "position": {"x": -310.07919067785923, "y": -191.9929064611533}, "channel": 1}, "attempt": 1}
2026-09-12 21:02:25,200 INFO response {"request_id": "42b34ad0adc24c17a8bbfa3160259eba", "http_status": 200, "body": {"accepted": true, "real_timestamp_ms": 1789218142042, "virtual_time_s": 1204.091559, "measure_result": "no_signal"}}
2026-09-12 21:02:25,231 INFO request {"path": "/measure", "payload": {"arena_id": "default", "robot_id": "202601002029", "request_id": "e21f32ffd921455691abd07d3af295eb", "position": {"x": -310.07919067785923, "y": -191.9929064611533}, "channel": 3}, "attempt": 1}
2026-09-12 21:02:25,243 INFO response {"request_id": "e21f32ffd921455691abd07d3af295eb", "http_status": 200, "body": {"accepted": true, "real_timestamp_ms": 1789218142085, "virtual_time_s": 1210.091559, "measure_result": "no_signal"}}
2026-09-12 21:02:25,258 INFO request {"path": "/measure", "payload": {"arena_id": "default", "robot_id": "202601002029", "request_id": "9874ac6378be4e9abd1adf59faf8029c", "position": {"x": -310.07919067785923, "y": -191.9929064611533}, "channel": 4}, "attempt": 1}
2026-09-12 21:02:25,272 INFO response {"request_id": "9874ac6378be4e9abd1adf59faf8029c", "http_status": 200, "body": {"accepted": true, "real_timestamp_ms": 1789218142114, "virtual_time_s": 1216.091559, "measure_result": "no_signal"}}
2026-09-12 21:02:25,288 INFO request {"path": "/measure", "payload": {"arena_id": "default", "robot_id": "202601002029", "request_id": "9a21fdd4e7b64bcab7ed05770b9baefd", "position": {"x": -310.07919067785923, "y": -191.9929064611533}, "channel": 6}, "attempt": 1}
2026-09-12 21:02:25,290 INFO response {"request_id": "9a21fdd4e7b64bcab7ed05770b9baefd", "http_status": 200, "body": {"accepted": true, "real_timestamp_ms": 1789218142132, "virtual_time_s": 1222.091559, "measure_result": "no_signal"}}
2026-09-12 21:02:25,321 INFO request {"path": "/measure", "payload": {"arena_id": "default", "robot_id": "202601002029", "request_id": "33f21053a60f441d80861ba73ae307fb", "position": {"x": -310.07919067785923, "y": -191.9929064611533}, "channel": 7}, "attempt": 1}
2026-09-12 21:02:25,342 INFO response {"request_id": "33f21053a60f441d80861ba73ae307fb", "http_status": 200, "body": {"accepted": true, "real_timestamp_ms": 1789218142184, "virtual_time_s": 1228.091559, "measure_result": "no_signal"}}
2026-09-12 21:02:25,358 INFO request {"path": "/measure", "payload": {"arena_id": "default", "robot_id": "202601002029", "request_id": "9711c134089348b18b998e5c026d7490", "position": {"x": -310.07919067785923, "y": -191.9929064611533}, "channel": 9}, "attempt": 1}
2026-09-12 21:02:25,373 INFO response {"request_id": "9711c134089348b18b998e5c026d7490", "http_status": 200, "body": {"accepted": true, "real_timestamp_ms": 1789218142215, "virtual_time_s": 1234.091559, "measure_result": "no_signal"}}
2026-09-12 21:02:25,388 INFO request {"path": "/measure", "payload": {"arena_id": "default", "robot_id": "202601002029", "request_id": "5e186d7369fe41f5b3a526b595ca5924", "position": {"x": -310.07919067785923, "y": -191.9929064611533}, "channel": 11}, "attempt": 1}
2026-09-12 21:02:25,403 INFO response {"request_id": "5e186d7369fe41f5b3a526b595ca5924", "http_status": 200, "body": {"accepted": true, "real_timestamp_ms": 1789218142244, "virtual_time_s": 1240.091559, "measure_result": "no_signal"}}
2026-09-12 21:02:25,418 INFO request {"path": "/measure", "payload": {"arena_id": "default", "robot_id": "202601002029", "request_id": "2623a3f337f448c59eb8470943fe6c0d", "position": {"x": -310.07919067785923, "y": -191.9929064611533}, "channel": 14}, "attempt": 1}
2026-09-12 21:02:25,432 INFO response {"request_id": "2623a3f337f448c59eb8470943fe6c0d", "http_status": 200, "body": {"accepted": true, "real_timestamp_ms": 1789218142273, "virtual_time_s": 1246.091559, "measure_result": "no_signal"}}
2026-09-12 21:02:25,447 INFO request {"path": "/measure", "payload": {"arena_id": "default", "robot_id": "202601002029", "request_id": "eb12e2993cd24dee84fd5b3eb9cefcfb", "position": {"x": -310.07919067785923, "y": -191.9929064611533}, "channel": 15}, "attempt": 1}
2026-09-12 21:02:25,449 INFO response {"request_id": "eb12e2993cd24dee84fd5b3eb9cefcfb", "http_status": 200, "body": {"accepted": true, "real_timestamp_ms": 1789218142290, "virtual_time_s": 1252.091559, "measure_result": "no_signal"}}
2026-09-12 21:02:25,480 INFO request {"path": "/measure", "payload": {"arena_id": "default", "robot_id": "202601002029", "request_id": "8b6fcf0e525a481ebd9eda96a952274d", "position": {"x": -310.07919067785923, "y": -191.9929064611533}, "channel": 16}, "attempt": 1}
2026-09-12 21:02:25,484 INFO response {"request_id": "8b6fcf0e525a481ebd9eda96a952274d", "http_status": 200, "body": {"accepted": true, "real_timestamp_ms": 1789218142324, "virtual_time_s": 1258.091559, "measure_result": "no_signal"}}
2026-09-12 21:02:25,514 INFO request {"path": "/measure", "payload": {"arena_id": "default", "robot_id": "202601002029", "request_id": "e250646d1ee2405093037056df849763", "position": {"x": -310.07919067785923, "y": -191.9929064611533}, "channel": 18}, "attempt": 1}
2026-09-12 21:02:25,530 INFO response {"request_id": "e250646d1ee2405093037056df849763", "http_status": 200, "body": {"accepted": true, "real_timestamp_ms": 1789218142371, "virtual_time_s": 1264.091559, "measure_result": "no_signal"}}
2026-09-12 21:02:25,545 INFO request {"path": "/measure", "payload": {"arena_id": "default", "robot_id": "202601002029", "request_id": "9c498a7291ca48e2bddef0eab87233f7", "position": {"x": -310.07919067785923, "y": -191.9929064611533}, "channel": 19}, "attempt": 1}
2026-09-12 21:02:25,559 INFO response {"request_id": "9c498a7291ca48e2bddef0eab87233f7", "http_status": 200, "body": {"accepted": true, "real_timestamp_ms": 1789218142401, "virtual_time_s": 1270.091559, "measure_result": "no_signal"}}
2026-09-12 21:02:25,574 INFO request {"path": "/measure", "payload": {"arena_id": "default", "robot_id": "202601002029", "request_id": "5aaa330de8774a0a97cdf774d4b310f5", "position": {"x": -310.07919067785923, "y": -191.9929064611533}, "channel": 20}, "attempt": 1}
2026-09-12 21:02:25,589 INFO response {"request_id": "5aaa330de8774a0a97cdf774d4b310f5", "http_status": 200, "body": {"accepted": true, "real_timestamp_ms": 1789218142431, "virtual_time_s": 1276.091559, "measure_result": "no_signal"}}
2026-09-12 21:02:25,810 INFO request {"path": "/measure", "payload": {"arena_id": "default", "robot_id": "202601002029", "request_id": "90a9f96065314f9aa9822c028258dd6d", "position": {"x": -310.07919067785923, "y": -191.9929064611533}, "channel": 8}, "attempt": 1}
2026-09-12 21:02:25,812 INFO response {"request_id": "90a9f96065314f9aa9822c028258dd6d", "http_status": 200, "body": {"accepted": true, "real_timestamp_ms": 1789218142654, "virtual_time_s": 1282.091559, "measure_result": "no_signal"}}
2026-09-12 21:02:25,843 INFO request {"path": "/measure", "payload": {"arena_id": "default", "robot_id": "202601002029", "request_id": "f2c01d025c8848d79b6427e5eb1c090b", "position": {"x": -310.07919067785923, "y": -191.9929064611533}, "channel": 13}, "attempt": 1}
2026-09-12 21:02:25,857 INFO response {"request_id": "f2c01d025c8848d79b6427e5eb1c090b", "http_status": 200, "body": {"accepted": true, "real_timestamp_ms": 1789218142698, "virtual_time_s": 1288.091559, "measure_result": "direction", "svd_deg": 308.36}}
2026-09-12 21:02:25,863 INFO request {"path": "/measure", "payload": {"arena_id": "default", "robot_id": "202601002029", "request_id": "41c514a5dc2a4b8b93ff7d420548a15c", "position": {"x": -310.07919067785923, "y": -191.9929064611533}, "channel": 12}, "attempt": 1}
2026-09-12 21:02:25,865 INFO response {"request_id": "41c514a5dc2a4b8b93ff7d420548a15c", "http_status": 200, "body": {"accepted": true, "real_timestamp_ms": 1789218142707, "virtual_time_s": 1294.091559, "measure_result": "direction", "svd_deg": 163.22}}
2026-09-12 21:02:25,904 INFO request {"path": "/measure", "payload": {"arena_id": "default", "robot_id": "202601002029", "request_id": "0cebe0d3156a44799bdb645db9f4a4b8", "position": {"x": -310.07919067785923, "y": -191.9929064611533}, "channel": 5}, "attempt": 1}
2026-09-12 21:02:25,906 INFO response {"request_id": "0cebe0d3156a44799bdb645db9f4a4b8", "http_status": 200, "body": {"accepted": true, "real_timestamp_ms": 1789218142747, "virtual_time_s": 1300.091559, "measure_result": "direction", "svd_deg": 334.58}}
2026-09-12 21:02:25,927 INFO request {"path": "/measure", "payload": {"arena_id": "default", "robot_id": "202601002029", "request_id": "be9d04d200e14bcfbb76158aca3a9594", "position": {"x": -310.07919067785923, "y": -191.9929064611533}, "channel": 2}, "attempt": 1}
2026-09-12 21:02:25,945 INFO response {"request_id": "be9d04d200e14bcfbb76158aca3a9594", "http_status": 200, "body": {"accepted": true, "real_timestamp_ms": 1789218142786, "virtual_time_s": 1306.091559, "measure_result": "direction", "svd_deg": 114.55}}
2026-09-12 21:02:25,958 INFO request {"path": "/measure", "payload": {"arena_id": "default", "robot_id": "202601002029", "request_id": "df7d91a224564dbbae16e24021ef6e83", "position": {"x": -241.76283647685466, "y": -320.145734708896}, "channel": 1}, "attempt": 1}
2026-09-12 21:02:25,973 INFO response {"request_id": "df7d91a224564dbbae16e24021ef6e83", "http_status": 200, "body": {"accepted": true, "real_timestamp_ms": 1789218142814, "virtual_time_s": 1341.136539, "measure_result": "no_signal"}}
2026-09-12 21:02:25,989 INFO request {"path": "/measure", "payload": {"arena_id": "default", "robot_id": "202601002029", "request_id": "8704d125970d4ae582df321550ffa329", "position": {"x": -241.76283647685466, "y": -320.145734708896}, "channel": 3}, "attempt": 1}
2026-09-12 21:02:26,002 INFO response {"request_id": "8704d125970d4ae582df321550ffa329", "http_status": 200, "body": {"accepted": true, "real_timestamp_ms": 1789218142844, "virtual_time_s": 1347.136539, "measure_result": "no_signal"}}
2026-09-12 21:02:26,033 INFO request {"path": "/measure", "payload": {"arena_id": "default", "robot_id": "202601002029", "request_id": "8b48e301c257454789dcaca0a2a9294d", "position": {"x": -241.76283647685466, "y": -320.145734708896}, "channel": 4}, "attempt": 1}
2026-09-12 21:02:26,051 INFO response {"request_id": "8b48e301c257454789dcaca0a2a9294d", "http_status": 200, "body": {"accepted": true, "real_timestamp_ms": 1789218142892, "virtual_time_s": 1353.136539, "measure_result": "no_signal"}}
2026-09-12 21:02:26,051 INFO request {"path": "/measure", "payload": {"arena_id": "default", "robot_id": "202601002029", "request_id": "e441e78e9eec46d1a68119de9ff61469", "position": {"x": -241.76283647685466, "y": -320.145734708896}, "channel": 6}, "attempt": 1}
2026-09-12 21:02:26,071 INFO response {"request_id": "e441e78e9eec46d1a68119de9ff61469", "http_status": 200, "body": {"accepted": true, "real_timestamp_ms": 1789218142913, "virtual_time_s": 1359.136539, "measure_result": "no_signal"}}
2026-09-12 21:02:26,087 INFO request {"path": "/measure", "payload": {"arena_id": "default", "robot_id": "202601002029", "request_id": "3eceb8e03e0543c0a4ea158a0eae4ba7", "position": {"x": -241.76283647685466, "y": -320.145734708896}, "channel": 7}, "attempt": 1}
2026-09-12 21:02:26,102 INFO response {"request_id": "3eceb8e03e0543c0a4ea158a0eae4ba7", "http_status": 200, "body": {"accepted": true, "real_timestamp_ms": 1789218142943, "virtual_time_s": 1365.136539, "measure_result": "no_signal"}}
2026-09-12 21:02:26,118 INFO request {"path": "/measure", "payload": {"arena_id": "default", "robot_id": "202601002029", "request_id": "e47165f8847d47d9a784fea39fd47056", "position": {"x": -241.76283647685466, "y": -320.145734708896}, "channel": 9}, "attempt": 1}
2026-09-12 21:02:26,131 INFO response {"request_id": "e47165f8847d47d9a784fea39fd47056", "http_status": 200, "body": {"accepted": true, "real_timestamp_ms": 1789218142972, "virtual_time_s": 1371.136539, "measure_result": "no_signal"}}
2026-09-12 21:02:26,146 INFO request {"path": "/measure", "payload": {"arena_id": "default", "robot_id": "202601002029", "request_id": "a41eecb643924016a5d7e0dd7cd877b2", "position": {"x": -241.76283647685466, "y": -320.145734708896}, "channel": 11}, "attempt": 1}
2026-09-12 21:02:26,147 INFO response {"request_id": "a41eecb643924016a5d7e0dd7cd877b2", "http_status": 200, "body": {"accepted": true, "real_timestamp_ms": 1789218142988, "virtual_time_s": 1377.136539, "measure_result": "no_signal"}}
2026-09-12 21:02:26,177 INFO request {"path": "/measure", "payload": {"arena_id": "default", "robot_id": "202601002029", "request_id": "fea1234ad8d6466ab4b690c2045aa6c7", "position": {"x": -241.76283647685466, "y": -320.145734708896}, "channel": 14}, "attempt": 1}
2026-09-12 21:02:26,181 INFO response {"request_id": "fea1234ad8d6466ab4b690c2045aa6c7", "http_status": 200, "body": {"accepted": true, "real_timestamp_ms": 1789218143022, "virtual_time_s": 1383.136539, "measure_result": "no_signal"}}
2026-09-12 21:02:26,211 INFO request {"path": "/measure", "payload": {"arena_id": "default", "robot_id": "202601002029", "request_id": "48f88c4dc2334cb38bcb81b2435821e0", "position": {"x": -241.76283647685466, "y": -320.145734708896}, "channel": 15}, "attempt": 1}
2026-09-12 21:02:26,213 INFO response {"request_id": "48f88c4dc2334cb38bcb81b2435821e0", "http_status": 200, "body": {"accepted": true, "real_timestamp_ms": 1789218143055, "virtual_time_s": 1389.136539, "measure_result": "no_signal"}}
2026-09-12 21:02:26,244 INFO request {"path": "/measure", "payload": {"arena_id": "default", "robot_id": "202601002029", "request_id": "a6f9095b30064573a5da6b754712e50a", "position": {"x": -241.76283647685466, "y": -320.145734708896}, "channel": 16}, "attempt": 1}
2026-09-12 21:02:26,260 INFO response {"request_id": "a6f9095b30064573a5da6b754712e50a", "http_status": 200, "body": {"accepted": true, "real_timestamp_ms": 1789218143101, "virtual_time_s": 1395.136539, "measure_result": "no_signal"}}
2026-09-12 21:02:26,275 INFO request {"path": "/measure", "payload": {"arena_id": "default", "robot_id": "202601002029", "request_id": "f5f6c10009a540abb4547286aa481bf9", "position": {"x": -241.76283647685466, "y": -320.145734708896}, "channel": 18}, "attempt": 1}
2026-09-12 21:02:26,289 INFO response {"request_id": "f5f6c10009a540abb4547286aa481bf9", "http_status": 200, "body": {"accepted": true, "real_timestamp_ms": 1789218143131, "virtual_time_s": 1401.136539, "measure_result": "no_signal"}}
2026-09-12 21:02:26,304 INFO request {"path": "/measure", "payload": {"arena_id": "default", "robot_id": "202601002029", "request_id": "10a799be08994523a4268fffdf8fdf41", "position": {"x": -241.76283647685466, "y": -320.145734708896}, "channel": 19}, "attempt": 1}
2026-09-12 21:02:26,306 INFO response {"request_id": "10a799be08994523a4268fffdf8fdf41", "http_status": 200, "body": {"accepted": true, "real_timestamp_ms": 1789218143147, "virtual_time_s": 1407.136539, "measure_result": "no_signal"}}
2026-09-12 21:02:26,337 INFO request {"path": "/measure", "payload": {"arena_id": "default", "robot_id": "202601002029", "request_id": "b3147262f5c04ee8bb2abdd8cbd721ee", "position": {"x": -241.76283647685466, "y": -320.145734708896}, "channel": 20}, "attempt": 1}
2026-09-12 21:02:26,358 INFO response {"request_id": "b3147262f5c04ee8bb2abdd8cbd721ee", "http_status": 200, "body": {"accepted": true, "real_timestamp_ms": 1789218143200, "virtual_time_s": 1413.136539, "measure_result": "no_signal"}}
2026-09-12 21:02:26,531 INFO request {"path": "/measure", "payload": {"arena_id": "default", "robot_id": "202601002029", "request_id": "6c22e19f335948828d3f86f2a614f562", "position": {"x": -241.76283647685466, "y": -320.145734708896}, "channel": 8}, "attempt": 1}
2026-09-12 21:02:26,546 INFO response {"request_id": "6c22e19f335948828d3f86f2a614f562", "http_status": 200, "body": {"accepted": true, "real_timestamp_ms": 1789218143388, "virtual_time_s": 1419.136539, "measure_result": "no_signal"}}
2026-09-12 21:02:26,561 INFO request {"path": "/measure", "payload": {"arena_id": "default", "robot_id": "202601002029", "request_id": "ff664a8384414c33bc6459d9b43747f9", "position": {"x": -241.76283647685466, "y": -320.145734708896}, "channel": 5}, "attempt": 1}
2026-09-12 21:02:26,576 INFO response {"request_id": "ff664a8384414c33bc6459d9b43747f9", "http_status": 200, "body": {"accepted": true, "real_timestamp_ms": 1789218143417, "virtual_time_s": 1425.136539, "measure_result": "direction", "svd_deg": 344.98}}
2026-09-12 21:02:26,589 INFO request {"path": "/measure", "payload": {"arena_id": "default", "robot_id": "202601002029", "request_id": "f3cd98a973974125b0ceae4a6dde2a05", "position": {"x": -241.76283647685466, "y": -320.145734708896}, "channel": 17}, "attempt": 1}
2026-09-12 21:02:26,591 INFO response {"request_id": "f3cd98a973974125b0ceae4a6dde2a05", "http_status": 200, "body": {"accepted": true, "real_timestamp_ms": 1789218143433, "virtual_time_s": 1431.136539, "measure_result": "direction", "svd_deg": 185.19}}
2026-09-12 21:02:26,616 INFO request {"path": "/measure", "payload": {"arena_id": "default", "robot_id": "202601002029", "request_id": "e26d80c9cd1341c2ab977fa1bd6b99c5", "position": {"x": -241.76283647685466, "y": -320.145734708896}, "channel": 12}, "attempt": 1}
2026-09-12 21:02:26,636 INFO response {"request_id": "e26d80c9cd1341c2ab977fa1bd6b99c5", "http_status": 200, "body": {"accepted": true, "real_timestamp_ms": 1789218143477, "virtual_time_s": 1437.136539, "measure_result": "direction", "svd_deg": 158.46}}
2026-09-12 21:02:26,646 INFO request {"path": "/measure", "payload": {"arena_id": "default", "robot_id": "202601002029", "request_id": "d6dc85b2ea23408fa9aa0905dd82e784", "position": {"x": -119.7678027138999, "y": -420.9401638356337}, "channel": 1}, "attempt": 1}
2026-09-12 21:02:26,665 INFO response {"request_id": "d6dc85b2ea23408fa9aa0905dd82e784", "http_status": 200, "body": {"accepted": true, "real_timestamp_ms": 1789218143506, "virtual_time_s": 1474.78606, "measure_result": "no_signal"}}
2026-09-12 21:02:26,680 INFO request {"path": "/measure", "payload": {"arena_id": "default", "robot_id": "202601002029", "request_id": "120de1f3cc9b4b1abfd3746268751218", "position": {"x": -119.7678027138999, "y": -420.9401638356337}, "channel": 3}, "attempt": 1}
2026-09-12 21:02:26,695 INFO response {"request_id": "120de1f3cc9b4b1abfd3746268751218", "http_status": 200, "body": {"accepted": true, "real_timestamp_ms": 1789218143536, "virtual_time_s": 1480.78606, "measure_result": "no_signal"}}
2026-09-12 21:02:26,710 INFO request {"path": "/measure", "payload": {"arena_id": "default", "robot_id": "202601002029", "request_id": "bd1daa3a16d14d91bdac444c1fde9f55", "position": {"x": -119.7678027138999, "y": -420.9401638356337}, "channel": 4}, "attempt": 1}
2026-09-12 21:02:26,724 INFO response {"request_id": "bd1daa3a16d14d91bdac444c1fde9f55", "http_status": 200, "body": {"accepted": true, "real_timestamp_ms": 1789218143566, "virtual_time_s": 1486.78606, "measure_result": "no_signal"}}
2026-09-12 21:02:26,740 INFO request {"path": "/measure", "payload": {"arena_id": "default", "robot_id": "202601002029", "request_id": "6b9be3eba86c439aa5852ce528ca6773", "position": {"x": -119.7678027138999, "y": -420.9401638356337}, "channel": 6}, "attempt": 1}
2026-09-12 21:02:26,741 INFO response {"request_id": "6b9be3eba86c439aa5852ce528ca6773", "http_status": 200, "body": {"accepted": true, "real_timestamp_ms": 1789218143583, "virtual_time_s": 1492.78606, "measure_result": "no_signal"}}
2026-09-12 21:02:26,772 INFO request {"path": "/measure", "payload": {"arena_id": "default", "robot_id": "202601002029", "request_id": "0c0620dd358949ff87cce3f06cd4bedb", "position": {"x": -119.7678027138999, "y": -420.9401638356337}, "channel": 7}, "attempt": 1}
2026-09-12 21:02:26,773 INFO response {"request_id": "0c0620dd358949ff87cce3f06cd4bedb", "http_status": 200, "body": {"accepted": true, "real_timestamp_ms": 1789218143615, "virtual_time_s": 1498.78606, "measure_result": "no_signal"}}
2026-09-12 21:02:26,804 INFO request {"path": "/measure", "payload": {"arena_id": "default", "robot_id": "202601002029", "request_id": "db8d690d7ec5424290163e5ef58ecc67", "position": {"x": -119.7678027138999, "y": -420.9401638356337}, "channel": 9}, "attempt": 1}
2026-09-12 21:02:26,822 INFO response {"request_id": "db8d690d7ec5424290163e5ef58ecc67", "http_status": 200, "body": {"accepted": true, "real_timestamp_ms": 1789218143664, "virtual_time_s": 1504.78606, "measure_result": "no_signal"}}
2026-09-12 21:02:26,838 INFO request {"path": "/measure", "payload": {"arena_id": "default", "robot_id": "202601002029", "request_id": "76ca5d214ddc443099f30160c9a5502c", "position": {"x": -119.7678027138999, "y": -420.9401638356337}, "channel": 11}, "attempt": 1}
2026-09-12 21:02:26,853 INFO response {"request_id": "76ca5d214ddc443099f30160c9a5502c", "http_status": 200, "body": {"accepted": true, "real_timestamp_ms": 1789218143695, "virtual_time_s": 1510.78606, "measure_result": "no_signal"}}
2026-09-12 21:02:26,869 INFO request {"path": "/measure", "payload": {"arena_id": "default", "robot_id": "202601002029", "request_id": "1a8dcc6c02564575b5a0780875e0c3ff", "position": {"x": -119.7678027138999, "y": -420.9401638356337}, "channel": 14}, "attempt": 1}
2026-09-12 21:02:26,871 INFO response {"request_id": "1a8dcc6c02564575b5a0780875e0c3ff", "http_status": 200, "body": {"accepted": true, "real_timestamp_ms": 1789218143713, "virtual_time_s": 1516.78606, "measure_result": "no_signal"}}
2026-09-12 21:02:26,902 INFO request {"path": "/measure", "payload": {"arena_id": "default", "robot_id": "202601002029", "request_id": "3d27c862f6a64d5baeb7a0021c3c2a12", "position": {"x": -119.7678027138999, "y": -420.9401638356337}, "channel": 15}, "attempt": 1}
2026-09-12 21:02:26,920 INFO response {"request_id": "3d27c862f6a64d5baeb7a0021c3c2a12", "http_status": 200, "body": {"accepted": true, "real_timestamp_ms": 1789218143762, "virtual_time_s": 1522.78606, "measure_result": "no_signal"}}
2026-09-12 21:02:26,936 INFO request {"path": "/measure", "payload": {"arena_id": "default", "robot_id": "202601002029", "request_id": "2e1aabbfef704e86b0ce427147f9abb1", "position": {"x": -119.7678027138999, "y": -420.9401638356337}, "channel": 16}, "attempt": 1}
2026-09-12 21:02:26,938 INFO response {"request_id": "2e1aabbfef704e86b0ce427147f9abb1", "http_status": 200, "body": {"accepted": true, "real_timestamp_ms": 1789218143779, "virtual_time_s": 1528.78606, "measure_result": "no_signal"}}
2026-09-12 21:02:26,969 INFO request {"path": "/measure", "payload": {"arena_id": "default", "robot_id": "202601002029", "request_id": "a2e965d3b5c24df18d499e795a3aae57", "position": {"x": -119.7678027138999, "y": -420.9401638356337}, "channel": 18}, "attempt": 1}
2026-09-12 21:02:26,988 INFO response {"request_id": "a2e965d3b5c24df18d499e795a3aae57", "http_status": 200, "body": {"accepted": true, "real_timestamp_ms": 1789218143829, "virtual_time_s": 1534.78606, "measure_result": "no_signal"}}
2026-09-12 21:02:26,988 INFO request {"path": "/measure", "payload": {"arena_id": "default", "robot_id": "202601002029", "request_id": "3ccf15cdfa2e4552a2a7df7dd66dbdb5", "position": {"x": -119.7678027138999, "y": -420.9401638356337}, "channel": 19}, "attempt": 1}
2026-09-12 21:02:26,990 INFO response {"request_id": "3ccf15cdfa2e4552a2a7df7dd66dbdb5", "http_status": 200, "body": {"accepted": true, "real_timestamp_ms": 1789218143831, "virtual_time_s": 1540.78606, "measure_result": "no_signal"}}
2026-09-12 21:02:27,020 INFO request {"path": "/measure", "payload": {"arena_id": "default", "robot_id": "202601002029", "request_id": "eda7e196a47a49fab2e5319708fc354c", "position": {"x": -119.7678027138999, "y": -420.9401638356337}, "channel": 20}, "attempt": 1}
2026-09-12 21:02:27,023 INFO response {"request_id": "eda7e196a47a49fab2e5319708fc354c", "http_status": 200, "body": {"accepted": true, "real_timestamp_ms": 1789218143864, "virtual_time_s": 1546.78606, "measure_result": "no_signal"}}
2026-09-12 21:02:27,114 INFO request {"path": "/measure", "payload": {"arena_id": "default", "robot_id": "202601002029", "request_id": "40f2f010c85e41f9b144ed05a91518b9", "position": {"x": -119.7678027138999, "y": -420.9401638356337}, "channel": 8}, "attempt": 1}
2026-09-12 21:02:27,116 INFO response {"request_id": "40f2f010c85e41f9b144ed05a91518b9", "http_status": 200, "body": {"accepted": true, "real_timestamp_ms": 1789218143958, "virtual_time_s": 1552.78606, "measure_result": "no_signal"}}
2026-09-12 21:02:27,147 INFO request {"path": "/measure", "payload": {"arena_id": "default", "robot_id": "202601002029", "request_id": "16e88bc278484cba8d51cf4d3da17ec2", "position": {"x": -119.7678027138999, "y": -420.9401638356337}, "channel": 17}, "attempt": 1}
2026-09-12 21:02:27,148 INFO response {"request_id": "16e88bc278484cba8d51cf4d3da17ec2", "http_status": 200, "body": {"accepted": true, "real_timestamp_ms": 1789218143989, "virtual_time_s": 1558.78606, "measure_result": "direction", "svd_deg": 180.92}}
2026-09-12 21:02:27,184 INFO request {"path": "/measure", "payload": {"arena_id": "default", "robot_id": "202601002029", "request_id": "bf79e803289c438f99a0256db5ed7ca3", "position": {"x": 43.74605748671826, "y": -472.0951447610575}, "channel": 1}, "attempt": 1}
2026-09-12 21:02:27,186 INFO response {"request_id": "bf79e803289c438f99a0256db5ed7ca3", "http_status": 200, "body": {"accepted": true, "real_timestamp_ms": 1789218144027, "virtual_time_s": 1599.051853, "measure_result": "no_signal"}}
2026-09-12 21:02:27,217 INFO request {"path": "/measure", "payload": {"arena_id": "default", "robot_id": "202601002029", "request_id": "bac765187c254f7cb5fd3fb732ed3b42", "position": {"x": 43.74605748671826, "y": -472.0951447610575}, "channel": 3}, "attempt": 1}
2026-09-12 21:02:27,219 INFO response {"request_id": "bac765187c254f7cb5fd3fb732ed3b42", "http_status": 200, "body": {"accepted": true, "real_timestamp_ms": 1789218144061, "virtual_time_s": 1605.051853, "measure_result": "no_signal"}}
2026-09-12 21:02:27,250 INFO request {"path": "/measure", "payload": {"arena_id": "default", "robot_id": "202601002029", "request_id": "542991e5e8f945f28183155fe6f6ab76", "position": {"x": 43.74605748671826, "y": -472.0951447610575}, "channel": 4}, "attempt": 1}
2026-09-12 21:02:27,252 INFO response {"request_id": "542991e5e8f945f28183155fe6f6ab76", "http_status": 200, "body": {"accepted": true, "real_timestamp_ms": 1789218144094, "virtual_time_s": 1611.051853, "measure_result": "no_signal"}}
2026-09-12 21:02:27,283 INFO request {"path": "/measure", "payload": {"arena_id": "default", "robot_id": "202601002029", "request_id": "64639fc305144eba94f7963ecbc36ba8", "position": {"x": 43.74605748671826, "y": -472.0951447610575}, "channel": 6}, "attempt": 1}
2026-09-12 21:02:27,286 INFO response {"request_id": "64639fc305144eba94f7963ecbc36ba8", "http_status": 200, "body": {"accepted": true, "real_timestamp_ms": 1789218144127, "virtual_time_s": 1617.051853, "measure_result": "no_signal"}}
2026-09-12 21:02:27,301 INFO request {"path": "/measure", "payload": {"arena_id": "default", "robot_id": "202601002029", "request_id": "7dc3b6ca665b4b19960e8d251f33adb1", "position": {"x": 43.74605748671826, "y": -472.0951447610575}, "channel": 7}, "attempt": 1}
2026-09-12 21:02:27,322 INFO response {"request_id": "7dc3b6ca665b4b19960e8d251f33adb1", "http_status": 200, "body": {"accepted": true, "real_timestamp_ms": 1789218144164, "virtual_time_s": 1623.051853, "measure_result": "no_signal"}}
2026-09-12 21:02:27,338 INFO request {"path": "/measure", "payload": {"arena_id": "default", "robot_id": "202601002029", "request_id": "dda49a7093fa48bca6d92269111fcc48", "position": {"x": 43.74605748671826, "y": -472.0951447610575}, "channel": 9}, "attempt": 1}
2026-09-12 21:02:27,352 INFO response {"request_id": "dda49a7093fa48bca6d92269111fcc48", "http_status": 200, "body": {"accepted": true, "real_timestamp_ms": 1789218144194, "virtual_time_s": 1629.051853, "measure_result": "no_signal"}}
2026-09-12 21:02:27,368 INFO request {"path": "/measure", "payload": {"arena_id": "default", "robot_id": "202601002029", "request_id": "b35a964e1f8849eaa21c779fa565714d", "position": {"x": 43.74605748671826, "y": -472.0951447610575}, "channel": 11}, "attempt": 1}
2026-09-12 21:02:27,381 INFO response {"request_id": "b35a964e1f8849eaa21c779fa565714d", "http_status": 200, "body": {"accepted": true, "real_timestamp_ms": 1789218144223, "virtual_time_s": 1635.051853, "measure_result": "no_signal"}}
2026-09-12 21:02:27,396 INFO request {"path": "/measure", "payload": {"arena_id": "default", "robot_id": "202601002029", "request_id": "f6b45ee0287042d48e6de92296103c23", "position": {"x": 43.74605748671826, "y": -472.0951447610575}, "channel": 14}, "attempt": 1}
2026-09-12 21:02:27,398 INFO response {"request_id": "f6b45ee0287042d48e6de92296103c23", "http_status": 200, "body": {"accepted": true, "real_timestamp_ms": 1789218144240, "virtual_time_s": 1641.051853, "measure_result": "no_signal"}}
2026-09-12 21:02:27,429 INFO request {"path": "/measure", "payload": {"arena_id": "default", "robot_id": "202601002029", "request_id": "2b0a5bc4c5744713a66735e5559c7ee2", "position": {"x": 43.74605748671826, "y": -472.0951447610575}, "channel": 15}, "attempt": 1}
2026-09-12 21:02:27,432 INFO response {"request_id": "2b0a5bc4c5744713a66735e5559c7ee2", "http_status": 200, "body": {"accepted": true, "real_timestamp_ms": 1789218144273, "virtual_time_s": 1647.051853, "measure_result": "no_signal"}}
2026-09-12 21:02:27,463 INFO request {"path": "/measure", "payload": {"arena_id": "default", "robot_id": "202601002029", "request_id": "c55a798a246946078e815038f68cf5b2", "position": {"x": 43.74605748671826, "y": -472.0951447610575}, "channel": 16}, "attempt": 1}
2026-09-12 21:02:27,481 INFO response {"request_id": "c55a798a246946078e815038f68cf5b2", "http_status": 200, "body": {"accepted": true, "real_timestamp_ms": 1789218144322, "virtual_time_s": 1653.051853, "measure_result": "no_signal"}}
2026-09-12 21:02:27,497 INFO request {"path": "/measure", "payload": {"arena_id": "default", "robot_id": "202601002029", "request_id": "5fb178f14348447cb3e337ee94824c02", "position": {"x": 43.74605748671826, "y": -472.0951447610575}, "channel": 18}, "attempt": 1}
2026-09-12 21:02:27,510 INFO response {"request_id": "5fb178f14348447cb3e337ee94824c02", "http_status": 200, "body": {"accepted": true, "real_timestamp_ms": 1789218144352, "virtual_time_s": 1659.051853, "measure_result": "no_signal"}}
2026-09-12 21:02:27,525 INFO request {"path": "/measure", "payload": {"arena_id": "default", "robot_id": "202601002029", "request_id": "bb2964f2785c448a8a077ff5c45a5b62", "position": {"x": 43.74605748671826, "y": -472.0951447610575}, "channel": 19}, "attempt": 1}
2026-09-12 21:02:27,540 INFO response {"request_id": "bb2964f2785c448a8a077ff5c45a5b62", "http_status": 200, "body": {"accepted": true, "real_timestamp_ms": 1789218144382, "virtual_time_s": 1665.051853, "measure_result": "no_signal"}}
2026-09-12 21:02:27,555 INFO request {"path": "/measure", "payload": {"arena_id": "default", "robot_id": "202601002029", "request_id": "34af881df70c45f881abe68ea6ec7e16", "position": {"x": 43.74605748671826, "y": -472.0951447610575}, "channel": 20}, "attempt": 1}
2026-09-12 21:02:27,570 INFO response {"request_id": "34af881df70c45f881abe68ea6ec7e16", "http_status": 200, "body": {"accepted": true, "real_timestamp_ms": 1789218144411, "virtual_time_s": 1671.051853, "measure_result": "no_signal"}}
2026-09-12 21:02:27,686 INFO request {"path": "/measure", "payload": {"arena_id": "default", "robot_id": "202601002029", "request_id": "c9d30ff36861455e89cc2c534d69c0af", "position": {"x": 43.74605748671826, "y": -472.0951447610575}, "channel": 8}, "attempt": 1}
2026-09-12 21:02:27,687 INFO response {"request_id": "c9d30ff36861455e89cc2c534d69c0af", "http_status": 200, "body": {"accepted": true, "real_timestamp_ms": 1789218144529, "virtual_time_s": 1677.051853, "measure_result": "no_signal"}}
2026-09-12 21:02:27,718 INFO request {"path": "/measure", "payload": {"arena_id": "default", "robot_id": "202601002029", "request_id": "db9dccc9287147baa63c5c483488d8c3", "position": {"x": 227.5887604788444, "y": -457.05984523305534}, "channel": 1}, "attempt": 1}
2026-09-12 21:02:27,721 INFO response {"request_id": "db9dccc9287147baa63c5c483488d8c3", "http_status": 200, "body": {"accepted": true, "real_timestamp_ms": 1789218144562, "virtual_time_s": 1719.943153, "measure_result": "no_signal"}}
2026-09-12 21:02:27,751 INFO request {"path": "/measure", "payload": {"arena_id": "default", "robot_id": "202601002029", "request_id": "6baaad705a42448ba07170cee670b10d", "position": {"x": 227.5887604788444, "y": -457.05984523305534}, "channel": 3}, "attempt": 1}
2026-09-12 21:02:27,765 INFO response {"request_id": "6baaad705a42448ba07170cee670b10d", "http_status": 200, "body": {"accepted": true, "real_timestamp_ms": 1789218144607, "virtual_time_s": 1725.943153, "measure_result": "no_signal"}}
2026-09-12 21:02:27,780 INFO request {"path": "/measure", "payload": {"arena_id": "default", "robot_id": "202601002029", "request_id": "885702b6402d4981a8aa6aa0136f1ceb", "position": {"x": 227.5887604788444, "y": -457.05984523305534}, "channel": 4}, "attempt": 1}
2026-09-12 21:02:27,782 INFO response {"request_id": "885702b6402d4981a8aa6aa0136f1ceb", "http_status": 200, "body": {"accepted": true, "real_timestamp_ms": 1789218144624, "virtual_time_s": 1731.943153, "measure_result": "no_signal"}}
2026-09-12 21:02:27,813 INFO request {"path": "/measure", "payload": {"arena_id": "default", "robot_id": "202601002029", "request_id": "9aebcd4a6d2546c7b84cde97397c9aa9", "position": {"x": 227.5887604788444, "y": -457.05984523305534}, "channel": 6}, "attempt": 1}
2026-09-12 21:02:27,834 INFO response {"request_id": "9aebcd4a6d2546c7b84cde97397c9aa9", "http_status": 200, "body": {"accepted": true, "real_timestamp_ms": 1789218144675, "virtual_time_s": 1737.943153, "measure_result": "no_signal"}}
2026-09-12 21:02:27,834 INFO request {"path": "/measure", "payload": {"arena_id": "default", "robot_id": "202601002029", "request_id": "590ccb1de1fb4d63a5ce6fbbd8adaae6", "position": {"x": 227.5887604788444, "y": -457.05984523305534}, "channel": 7}, "attempt": 1}
2026-09-12 21:02:27,835 INFO response {"request_id": "590ccb1de1fb4d63a5ce6fbbd8adaae6", "http_status": 200, "body": {"accepted": true, "real_timestamp_ms": 1789218144677, "virtual_time_s": 1743.943153, "measure_result": "no_signal"}}
2026-09-12 21:02:27,866 INFO request {"path": "/measure", "payload": {"arena_id": "default", "robot_id": "202601002029", "request_id": "2c15df40201b41d59fb58271b3c56127", "position": {"x": 227.5887604788444, "y": -457.05984523305534}, "channel": 9}, "attempt": 1}
2026-09-12 21:02:27,884 INFO response {"request_id": "2c15df40201b41d59fb58271b3c56127", "http_status": 200, "body": {"accepted": true, "real_timestamp_ms": 1789218144725, "virtual_time_s": 1749.943153, "measure_result": "no_signal"}}
2026-09-12 21:02:27,898 INFO request {"path": "/measure", "payload": {"arena_id": "default", "robot_id": "202601002029", "request_id": "b15bea1d0b7d4fdbae2ba5fc5c99c828", "position": {"x": 227.5887604788444, "y": -457.05984523305534}, "channel": 11}, "attempt": 1}
2026-09-12 21:02:27,914 INFO response {"request_id": "b15bea1d0b7d4fdbae2ba5fc5c99c828", "http_status": 200, "body": {"accepted": true, "real_timestamp_ms": 1789218144755, "virtual_time_s": 1755.943153, "measure_result": "no_signal"}}
2026-09-12 21:02:27,928 INFO request {"path": "/measure", "payload": {"arena_id": "default", "robot_id": "202601002029", "request_id": "667dd7624bb046e8bd20d91a5cfb9e85", "position": {"x": 227.5887604788444, "y": -457.05984523305534}, "channel": 14}, "attempt": 1}
2026-09-12 21:02:27,944 INFO response {"request_id": "667dd7624bb046e8bd20d91a5cfb9e85", "http_status": 200, "body": {"accepted": true, "real_timestamp_ms": 1789218144786, "virtual_time_s": 1761.943153, "measure_result": "no_signal"}}
2026-09-12 21:02:27,960 INFO request {"path": "/measure", "payload": {"arena_id": "default", "robot_id": "202601002029", "request_id": "9f78d0b9b9a349f98a35e3abb79e8a5d", "position": {"x": 227.5887604788444, "y": -457.05984523305534}, "channel": 15}, "attempt": 1}
2026-09-12 21:02:27,973 INFO response {"request_id": "9f78d0b9b9a349f98a35e3abb79e8a5d", "http_status": 200, "body": {"accepted": true, "real_timestamp_ms": 1789218144815, "virtual_time_s": 1767.943153, "measure_result": "no_signal"}}
2026-09-12 21:02:27,989 INFO request {"path": "/measure", "payload": {"arena_id": "default", "robot_id": "202601002029", "request_id": "01d95eb25ca54cac866ed078d7a0694f", "position": {"x": 227.5887604788444, "y": -457.05984523305534}, "channel": 16}, "attempt": 1}
2026-09-12 21:02:28,002 INFO response {"request_id": "01d95eb25ca54cac866ed078d7a0694f", "http_status": 200, "body": {"accepted": true, "real_timestamp_ms": 1789218144843, "virtual_time_s": 1773.943153, "measure_result": "no_signal"}}
2026-09-12 21:02:28,032 INFO request {"path": "/measure", "payload": {"arena_id": "default", "robot_id": "202601002029", "request_id": "296f3770bd784eac97bd76570547c3ef", "position": {"x": 227.5887604788444, "y": -457.05984523305534}, "channel": 18}, "attempt": 1}
2026-09-12 21:02:28,033 INFO response {"request_id": "296f3770bd784eac97bd76570547c3ef", "http_status": 200, "body": {"accepted": true, "real_timestamp_ms": 1789218144875, "virtual_time_s": 1779.943153, "measure_result": "no_signal"}}
2026-09-12 21:02:28,064 INFO request {"path": "/measure", "payload": {"arena_id": "default", "robot_id": "202601002029", "request_id": "8e08c7359a6940ef9d9d74b4ce8028ce", "position": {"x": 227.5887604788444, "y": -457.05984523305534}, "channel": 19}, "attempt": 1}
2026-09-12 21:02:28,080 INFO response {"request_id": "8e08c7359a6940ef9d9d74b4ce8028ce", "http_status": 200, "body": {"accepted": true, "real_timestamp_ms": 1789218144922, "virtual_time_s": 1785.943153, "measure_result": "no_signal"}}
2026-09-12 21:02:28,096 INFO request {"path": "/measure", "payload": {"arena_id": "default", "robot_id": "202601002029", "request_id": "27b07cbacd304a7fb9318d2a111b096c", "position": {"x": 227.5887604788444, "y": -457.05984523305534}, "channel": 20}, "attempt": 1}
2026-09-12 21:02:28,109 INFO response {"request_id": "27b07cbacd304a7fb9318d2a111b096c", "http_status": 200, "body": {"accepted": true, "real_timestamp_ms": 1789218144951, "virtual_time_s": 1791.943153, "measure_result": "no_signal"}}
2026-09-12 21:02:28,200 INFO request {"path": "/measure", "payload": {"arena_id": "default", "robot_id": "202601002029", "request_id": "3f993b7cd4334c0ab550d786755b1a71", "position": {"x": 227.5887604788444, "y": -457.05984523305534}, "channel": 8}, "attempt": 1}
2026-09-12 21:02:28,202 INFO response {"request_id": "3f993b7cd4334c0ab550d786755b1a71", "http_status": 200, "body": {"accepted": true, "real_timestamp_ms": 1789218145043, "virtual_time_s": 1797.943153, "measure_result": "no_signal"}}
2026-09-12 21:02:28,232 INFO request {"path": "/measure", "payload": {"arena_id": "default", "robot_id": "202601002029", "request_id": "c9eed27b27c249c4915c6a356b08107d", "position": {"x": 227.5887604788444, "y": -457.05984523305534}, "channel": 13}, "attempt": 1}
2026-09-12 21:02:28,234 INFO response {"request_id": "c9eed27b27c249c4915c6a356b08107d", "http_status": 200, "body": {"accepted": true, "real_timestamp_ms": 1789218145076, "virtual_time_s": 1803.943153, "measure_result": "no_signal"}}
2026-09-12 21:02:28,265 INFO request {"path": "/measure", "payload": {"arena_id": "default", "robot_id": "202601002029", "request_id": "820de138e4ba44c18429a9c132b679a1", "position": {"x": 404.2813488324782, "y": -368.55114623017533}, "channel": 1}, "attempt": 1}
2026-09-12 21:02:28,278 INFO response {"request_id": "820de138e4ba44c18429a9c132b679a1", "http_status": 200, "body": {"accepted": true, "real_timestamp_ms": 1789218145119, "virtual_time_s": 1849.467353, "measure_result": "no_signal"}}
2026-09-12 21:02:28,293 INFO request {"path": "/measure", "payload": {"arena_id": "default", "robot_id": "202601002029", "request_id": "ec2af887ee0d4141a77e23990497f3cf", "position": {"x": 404.2813488324782, "y": -368.55114623017533}, "channel": 3}, "attempt": 1}
2026-09-12 21:02:28,307 INFO response {"request_id": "ec2af887ee0d4141a77e23990497f3cf", "http_status": 200, "body": {"accepted": true, "real_timestamp_ms": 1789218145149, "virtual_time_s": 1855.467353, "measure_result": "no_signal"}}
2026-09-12 21:02:28,322 INFO request {"path": "/measure", "payload": {"arena_id": "default", "robot_id": "202601002029", "request_id": "54f94542e1384d35b8c849e4d1eaddf4", "position": {"x": 404.2813488324782, "y": -368.55114623017533}, "channel": 4}, "attempt": 1}
2026-09-12 21:02:28,337 INFO response {"request_id": "54f94542e1384d35b8c849e4d1eaddf4", "http_status": 200, "body": {"accepted": true, "real_timestamp_ms": 1789218145179, "virtual_time_s": 1861.467353, "measure_result": "no_signal"}}
2026-09-12 21:02:28,351 INFO request {"path": "/measure", "payload": {"arena_id": "default", "robot_id": "202601002029", "request_id": "7ec0e8d8c8504a28b34124da22fa6881", "position": {"x": 404.2813488324782, "y": -368.55114623017533}, "channel": 6}, "attempt": 1}
2026-09-12 21:02:28,367 INFO response {"request_id": "7ec0e8d8c8504a28b34124da22fa6881", "http_status": 200, "body": {"accepted": true, "real_timestamp_ms": 1789218145208, "virtual_time_s": 1867.467353, "measure_result": "no_signal"}}
2026-09-12 21:02:28,382 INFO request {"path": "/measure", "payload": {"arena_id": "default", "robot_id": "202601002029", "request_id": "36ce7a33e2b04c71a499835b2b05ff49", "position": {"x": 404.2813488324782, "y": -368.55114623017533}, "channel": 7}, "attempt": 1}
2026-09-12 21:02:28,384 INFO response {"request_id": "36ce7a33e2b04c71a499835b2b05ff49", "http_status": 200, "body": {"accepted": true, "real_timestamp_ms": 1789218145225, "virtual_time_s": 1873.467353, "measure_result": "no_signal"}}
2026-09-12 21:02:28,415 INFO request {"path": "/measure", "payload": {"arena_id": "default", "robot_id": "202601002029", "request_id": "57d9aff3b7b54a509c99103e0d38c857", "position": {"x": 404.2813488324782, "y": -368.55114623017533}, "channel": 9}, "attempt": 1}
2026-09-12 21:02:28,436 INFO response {"request_id": "57d9aff3b7b54a509c99103e0d38c857", "http_status": 200, "body": {"accepted": true, "real_timestamp_ms": 1789218145277, "virtual_time_s": 1879.467353, "measure_result": "no_signal"}}
2026-09-12 21:02:28,451 INFO request {"path": "/measure", "payload": {"arena_id": "default", "robot_id": "202601002029", "request_id": "bf2c88f3dbb1482eba405eee6171922e", "position": {"x": 404.2813488324782, "y": -368.55114623017533}, "channel": 11}, "attempt": 1}
2026-09-12 21:02:28,452 INFO response {"request_id": "bf2c88f3dbb1482eba405eee6171922e", "http_status": 200, "body": {"accepted": true, "real_timestamp_ms": 1789218145294, "virtual_time_s": 1885.467353, "measure_result": "no_signal"}}
2026-09-12 21:02:28,483 INFO request {"path": "/measure", "payload": {"arena_id": "default", "robot_id": "202601002029", "request_id": "facd049deb964e3f8953e044702811e8", "position": {"x": 404.2813488324782, "y": -368.55114623017533}, "channel": 14}, "attempt": 1}
2026-09-12 21:02:28,505 INFO response {"request_id": "facd049deb964e3f8953e044702811e8", "http_status": 200, "body": {"accepted": true, "real_timestamp_ms": 1789218145346, "virtual_time_s": 1891.467353, "measure_result": "no_signal"}}
2026-09-12 21:02:28,505 INFO request {"path": "/measure", "payload": {"arena_id": "default", "robot_id": "202601002029", "request_id": "cd3ee69b787d4671985f10514132510d", "position": {"x": 404.2813488324782, "y": -368.55114623017533}, "channel": 15}, "attempt": 1}
2026-09-12 21:02:28,524 INFO response {"request_id": "cd3ee69b787d4671985f10514132510d", "http_status": 200, "body": {"accepted": true, "real_timestamp_ms": 1789218145365, "virtual_time_s": 1897.467353, "measure_result": "no_signal"}}
2026-09-12 21:02:28,540 INFO request {"path": "/measure", "payload": {"arena_id": "default", "robot_id": "202601002029", "request_id": "ab7ffa2cc36b4f3a9c06a57078c0fae3", "position": {"x": 404.2813488324782, "y": -368.55114623017533}, "channel": 16}, "attempt": 1}
2026-09-12 21:02:28,542 INFO response {"request_id": "ab7ffa2cc36b4f3a9c06a57078c0fae3", "http_status": 200, "body": {"accepted": true, "real_timestamp_ms": 1789218145383, "virtual_time_s": 1903.467353, "measure_result": "no_signal"}}
2026-09-12 21:02:28,573 INFO request {"path": "/measure", "payload": {"arena_id": "default", "robot_id": "202601002029", "request_id": "bdffee5e5b4b44e7aac97f19def76a26", "position": {"x": 404.2813488324782, "y": -368.55114623017533}, "channel": 18}, "attempt": 1}
2026-09-12 21:02:28,595 INFO response {"request_id": "bdffee5e5b4b44e7aac97f19def76a26", "http_status": 200, "body": {"accepted": true, "real_timestamp_ms": 1789218145436, "virtual_time_s": 1909.467353, "measure_result": "no_signal"}}
2026-09-12 21:02:28,609 INFO request {"path": "/measure", "payload": {"arena_id": "default", "robot_id": "202601002029", "request_id": "c93f2412d2e24bf795ffb39b1d3715dc", "position": {"x": 404.2813488324782, "y": -368.55114623017533}, "channel": 19}, "attempt": 1}
2026-09-12 21:02:28,611 INFO response {"request_id": "c93f2412d2e24bf795ffb39b1d3715dc", "http_status": 200, "body": {"accepted": true, "real_timestamp_ms": 1789218145453, "virtual_time_s": 1915.467353, "measure_result": "no_signal"}}
2026-09-12 21:02:28,642 INFO request {"path": "/measure", "payload": {"arena_id": "default", "robot_id": "202601002029", "request_id": "7147516df7af45459c3b231c4fbcb418", "position": {"x": 404.2813488324782, "y": -368.55114623017533}, "channel": 20}, "attempt": 1}
2026-09-12 21:02:28,644 INFO response {"request_id": "7147516df7af45459c3b231c4fbcb418", "http_status": 200, "body": {"accepted": true, "real_timestamp_ms": 1789218145485, "virtual_time_s": 1921.467353, "measure_result": "no_signal"}}
2026-09-12 21:02:28,720 INFO request {"path": "/measure", "payload": {"arena_id": "default", "robot_id": "202601002029", "request_id": "f27c4f428b1a4ff0a6cee50b14457e8a", "position": {"x": 404.2813488324782, "y": -368.55114623017533}, "channel": 8}, "attempt": 1}
2026-09-12 21:02:28,722 INFO response {"request_id": "f27c4f428b1a4ff0a6cee50b14457e8a", "http_status": 200, "body": {"accepted": true, "real_timestamp_ms": 1789218145564, "virtual_time_s": 1927.467353, "measure_result": "no_signal"}}
2026-09-12 21:02:28,738 INFO request {"path": "/measure", "payload": {"arena_id": "default", "robot_id": "202601002029", "request_id": "7ab534a5580a415696350cf3ce317aae", "position": {"x": 404.2813488324782, "y": -368.55114623017533}, "channel": 13}, "attempt": 1}
2026-09-12 21:02:28,752 INFO response {"request_id": "7ab534a5580a415696350cf3ce317aae", "http_status": 200, "body": {"accepted": true, "real_timestamp_ms": 1789218145593, "virtual_time_s": 1933.467353, "measure_result": "no_signal"}}
2026-09-12 21:02:28,783 INFO request {"path": "/measure", "payload": {"arena_id": "default", "robot_id": "202601002029", "request_id": "531f4cbb5f9c4f939a4ecdd83c21e392", "position": {"x": 544.1249715112476, "y": -210.79513697509165}, "channel": 1}, "attempt": 1}
2026-09-12 21:02:28,785 INFO response {"request_id": "531f4cbb5f9c4f939a4ecdd83c21e392", "http_status": 200, "body": {"accepted": true, "real_timestamp_ms": 1789218145625, "virtual_time_s": 1981.630464, "measure_result": "no_signal"}}
2026-09-12 21:02:28,799 INFO request {"path": "/measure", "payload": {"arena_id": "default", "robot_id": "202601002029", "request_id": "7c8ee851d723433bb21ec2565fc24dac", "position": {"x": 544.1249715112476, "y": -210.79513697509165}, "channel": 3}, "attempt": 1}
2026-09-12 21:02:28,801 INFO response {"request_id": "7c8ee851d723433bb21ec2565fc24dac", "http_status": 200, "body": {"accepted": true, "real_timestamp_ms": 1789218145643, "virtual_time_s": 1987.630464, "measure_result": "no_signal"}}
2026-09-12 21:02:28,816 INFO request {"path": "/measure", "payload": {"arena_id": "default", "robot_id": "202601002029", "request_id": "5fde5e9bd54a4366b2a986baa8964dfa", "position": {"x": 544.1249715112476, "y": -210.79513697509165}, "channel": 4}, "attempt": 1}
2026-09-12 21:02:28,818 INFO response {"request_id": "5fde5e9bd54a4366b2a986baa8964dfa", "http_status": 200, "body": {"accepted": true, "real_timestamp_ms": 1789218145659, "virtual_time_s": 1993.630464, "measure_result": "no_signal"}}
2026-09-12 21:02:28,849 INFO request {"path": "/measure", "payload": {"arena_id": "default", "robot_id": "202601002029", "request_id": "b5907709ab51474c8ebb953360a5efcd", "position": {"x": 544.1249715112476, "y": -210.79513697509165}, "channel": 6}, "attempt": 1}
2026-09-12 21:02:28,870 INFO response {"request_id": "b5907709ab51474c8ebb953360a5efcd", "http_status": 200, "body": {"accepted": true, "real_timestamp_ms": 1789218145711, "virtual_time_s": 1999.630464, "measure_result": "no_signal"}}
2026-09-12 21:02:28,885 INFO request {"path": "/measure", "payload": {"arena_id": "default", "robot_id": "202601002029", "request_id": "96cedbdc18fc4a2683da0d721ddfd595", "position": {"x": 544.1249715112476, "y": -210.79513697509165}, "channel": 7}, "attempt": 1}
2026-09-12 21:02:28,900 INFO response {"request_id": "96cedbdc18fc4a2683da0d721ddfd595", "http_status": 200, "body": {"accepted": true, "real_timestamp_ms": 1789218145741, "virtual_time_s": 2005.630464, "measure_result": "no_signal"}}
2026-09-12 21:02:28,916 INFO request {"path": "/measure", "payload": {"arena_id": "default", "robot_id": "202601002029", "request_id": "6aeb6e032ca44d4eb6a75b2c1118c288", "position": {"x": 544.1249715112476, "y": -210.79513697509165}, "channel": 9}, "attempt": 1}
2026-09-12 21:02:28,917 INFO response {"request_id": "6aeb6e032ca44d4eb6a75b2c1118c288", "http_status": 200, "body": {"accepted": true, "real_timestamp_ms": 1789218145759, "virtual_time_s": 2011.630464, "measure_result": "no_signal"}}
2026-09-12 21:02:28,948 INFO request {"path": "/measure", "payload": {"arena_id": "default", "robot_id": "202601002029", "request_id": "e21f1b5b1706422a989839ec7daf27fd", "position": {"x": 544.1249715112476, "y": -210.79513697509165}, "channel": 11}, "attempt": 1}
2026-09-12 21:02:28,950 INFO response {"request_id": "e21f1b5b1706422a989839ec7daf27fd", "http_status": 200, "body": {"accepted": true, "real_timestamp_ms": 1789218145791, "virtual_time_s": 2017.630464, "measure_result": "no_signal"}}
2026-09-12 21:02:28,981 INFO request {"path": "/measure", "payload": {"arena_id": "default", "robot_id": "202601002029", "request_id": "a7d1e31be8a34cb09d79b5271eb981a1", "position": {"x": 544.1249715112476, "y": -210.79513697509165}, "channel": 14}, "attempt": 1}
2026-09-12 21:02:28,982 INFO response {"request_id": "a7d1e31be8a34cb09d79b5271eb981a1", "http_status": 200, "body": {"accepted": true, "real_timestamp_ms": 1789218145824, "virtual_time_s": 2023.630464, "measure_result": "no_signal"}}
2026-09-12 21:02:29,013 INFO request {"path": "/measure", "payload": {"arena_id": "default", "robot_id": "202601002029", "request_id": "a7b09c2a19a54b4dbe2b99aba727ea77", "position": {"x": 544.1249715112476, "y": -210.79513697509165}, "channel": 15}, "attempt": 1}
2026-09-12 21:02:29,028 INFO response {"request_id": "a7b09c2a19a54b4dbe2b99aba727ea77", "http_status": 200, "body": {"accepted": true, "real_timestamp_ms": 1789218145868, "virtual_time_s": 2029.630464, "measure_result": "no_signal"}}
2026-09-12 21:02:29,044 INFO request {"path": "/measure", "payload": {"arena_id": "default", "robot_id": "202601002029", "request_id": "5b41a2ca38604a3c9f0f320fff1f8d96", "position": {"x": 544.1249715112476, "y": -210.79513697509165}, "channel": 16}, "attempt": 1}
2026-09-12 21:02:29,046 INFO response {"request_id": "5b41a2ca38604a3c9f0f320fff1f8d96", "http_status": 200, "body": {"accepted": true, "real_timestamp_ms": 1789218145887, "virtual_time_s": 2035.630464, "measure_result": "no_signal"}}
2026-09-12 21:02:29,076 INFO request {"path": "/measure", "payload": {"arena_id": "default", "robot_id": "202601002029", "request_id": "01ff40d7cf6446afaeafe5a43954d5ae", "position": {"x": 544.1249715112476, "y": -210.79513697509165}, "channel": 18}, "attempt": 1}
2026-09-12 21:02:29,095 INFO response {"request_id": "01ff40d7cf6446afaeafe5a43954d5ae", "http_status": 200, "body": {"accepted": true, "real_timestamp_ms": 1789218145937, "virtual_time_s": 2041.630464, "measure_result": "no_signal"}}
2026-09-12 21:02:29,110 INFO request {"path": "/measure", "payload": {"arena_id": "default", "robot_id": "202601002029", "request_id": "74ae208f6c3a47a79b86394ea5036264", "position": {"x": 544.1249715112476, "y": -210.79513697509165}, "channel": 19}, "attempt": 1}
2026-09-12 21:02:29,125 INFO response {"request_id": "74ae208f6c3a47a79b86394ea5036264", "http_status": 200, "body": {"accepted": true, "real_timestamp_ms": 1789218145967, "virtual_time_s": 2047.630464, "measure_result": "no_signal"}}
2026-09-12 21:02:29,140 INFO request {"path": "/measure", "payload": {"arena_id": "default", "robot_id": "202601002029", "request_id": "f265ccd9c8464b4b8c18d396c3b95d37", "position": {"x": 544.1249715112476, "y": -210.79513697509165}, "channel": 20}, "attempt": 1}
2026-09-12 21:02:29,153 INFO response {"request_id": "f265ccd9c8464b4b8c18d396c3b95d37", "http_status": 200, "body": {"accepted": true, "real_timestamp_ms": 1789218145995, "virtual_time_s": 2053.630464, "measure_result": "no_signal"}}
2026-09-12 21:02:29,184 INFO request {"path": "/measure", "payload": {"arena_id": "default", "robot_id": "202601002029", "request_id": "7fa65f6bb4d044fea0e8f2b718b3ebbf", "position": {"x": 544.1249715112476, "y": -210.79513697509165}, "channel": 13}, "attempt": 1}
2026-09-12 21:02:29,203 INFO response {"request_id": "7fa65f6bb4d044fea0e8f2b718b3ebbf", "http_status": 200, "body": {"accepted": true, "real_timestamp_ms": 1789218146045, "virtual_time_s": 2059.630464, "measure_result": "no_signal"}}
2026-09-12 21:02:29,218 INFO request {"path": "/measure", "payload": {"arena_id": "default", "robot_id": "202601002029", "request_id": "9346eab2774c4046bebf0f305b108326", "position": {"x": 620.0, "y": -1.5185620309427179e-13}, "channel": 1}, "attempt": 1}
2026-09-12 21:02:29,232 INFO response {"request_id": "9346eab2774c4046bebf0f305b108326", "http_status": 200, "body": {"accepted": true, "real_timestamp_ms": 1789218146073, "virtual_time_s": 2110.437432, "measure_result": "no_signal"}}
2026-09-12 21:02:29,248 INFO request {"path": "/measure", "payload": {"arena_id": "default", "robot_id": "202601002029", "request_id": "6b82183af31741c78b6a3c502fa180b8", "position": {"x": 620.0, "y": -1.5185620309427179e-13}, "channel": 3}, "attempt": 1}
2026-09-12 21:02:29,261 INFO response {"request_id": "6b82183af31741c78b6a3c502fa180b8", "http_status": 200, "body": {"accepted": true, "real_timestamp_ms": 1789218146103, "virtual_time_s": 2116.437432, "measure_result": "no_signal"}}
2026-09-12 21:02:29,276 INFO request {"path": "/measure", "payload": {"arena_id": "default", "robot_id": "202601002029", "request_id": "c59e2d6c583e4f4ebf0e61547f2a01a4", "position": {"x": 620.0, "y": -1.5185620309427179e-13}, "channel": 4}, "attempt": 1}
2026-09-12 21:02:29,291 INFO response {"request_id": "c59e2d6c583e4f4ebf0e61547f2a01a4", "http_status": 200, "body": {"accepted": true, "real_timestamp_ms": 1789218146132, "virtual_time_s": 2122.437432, "measure_result": "no_signal"}}
2026-09-12 21:02:29,307 INFO request {"path": "/measure", "payload": {"arena_id": "default", "robot_id": "202601002029", "request_id": "b16e48bd2d0f4d34836dda0d7c8ff61a", "position": {"x": 620.0, "y": -1.5185620309427179e-13}, "channel": 6}, "attempt": 1}
2026-09-12 21:02:29,310 INFO response {"request_id": "b16e48bd2d0f4d34836dda0d7c8ff61a", "http_status": 200, "body": {"accepted": true, "real_timestamp_ms": 1789218146151, "virtual_time_s": 2128.437432, "measure_result": "no_signal"}}
2026-09-12 21:02:29,341 INFO request {"path": "/measure", "payload": {"arena_id": "default", "robot_id": "202601002029", "request_id": "3ab53691faf0474e9d1ba46f4aeb9c17", "position": {"x": 620.0, "y": -1.5185620309427179e-13}, "channel": 7}, "attempt": 1}
2026-09-12 21:02:29,361 INFO response {"request_id": "3ab53691faf0474e9d1ba46f4aeb9c17", "http_status": 200, "body": {"accepted": true, "real_timestamp_ms": 1789218146202, "virtual_time_s": 2134.437432, "measure_result": "no_signal"}}
2026-09-12 21:02:29,377 INFO request {"path": "/measure", "payload": {"arena_id": "default", "robot_id": "202601002029", "request_id": "4ccc7ea59b1641858f1f106fde1eeb85", "position": {"x": 620.0, "y": -1.5185620309427179e-13}, "channel": 9}, "attempt": 1}
2026-09-12 21:02:29,378 INFO response {"request_id": "4ccc7ea59b1641858f1f106fde1eeb85", "http_status": 200, "body": {"accepted": true, "real_timestamp_ms": 1789218146220, "virtual_time_s": 2140.437432, "measure_result": "no_signal"}}
2026-09-12 21:02:29,393 INFO request {"path": "/measure", "payload": {"arena_id": "default", "robot_id": "202601002029", "request_id": "165b8591017d43e4a97568239dcbff21", "position": {"x": 620.0, "y": -1.5185620309427179e-13}, "channel": 11}, "attempt": 1}
2026-09-12 21:02:29,395 INFO response {"request_id": "165b8591017d43e4a97568239dcbff21", "http_status": 200, "body": {"accepted": true, "real_timestamp_ms": 1789218146236, "virtual_time_s": 2146.437432, "measure_result": "no_signal"}}
2026-09-12 21:02:29,410 INFO request {"path": "/measure", "payload": {"arena_id": "default", "robot_id": "202601002029", "request_id": "a7b02eeed1564eb588882231e077966d", "position": {"x": 620.0, "y": -1.5185620309427179e-13}, "channel": 14}, "attempt": 1}
2026-09-12 21:02:29,428 INFO response {"request_id": "a7b02eeed1564eb588882231e077966d", "http_status": 200, "body": {"accepted": true, "real_timestamp_ms": 1789218146270, "virtual_time_s": 2152.437432, "measure_result": "no_signal"}}
2026-09-12 21:02:29,443 INFO request {"path": "/measure", "payload": {"arena_id": "default", "robot_id": "202601002029", "request_id": "af551b884b804b95b81166a0847a63a0", "position": {"x": 620.0, "y": -1.5185620309427179e-13}, "channel": 15}, "attempt": 1}
2026-09-12 21:02:29,457 INFO response {"request_id": "af551b884b804b95b81166a0847a63a0", "http_status": 200, "body": {"accepted": true, "real_timestamp_ms": 1789218146299, "virtual_time_s": 2158.437432, "measure_result": "no_signal"}}
2026-09-12 21:02:29,472 INFO request {"path": "/measure", "payload": {"arena_id": "default", "robot_id": "202601002029", "request_id": "5ee7aaa0fbe44b1c99651f3758e7748f", "position": {"x": 620.0, "y": -1.5185620309427179e-13}, "channel": 16}, "attempt": 1}
2026-09-12 21:02:29,473 INFO response {"request_id": "5ee7aaa0fbe44b1c99651f3758e7748f", "http_status": 200, "body": {"accepted": true, "real_timestamp_ms": 1789218146315, "virtual_time_s": 2164.437432, "measure_result": "no_signal"}}
2026-09-12 21:02:29,504 INFO request {"path": "/measure", "payload": {"arena_id": "default", "robot_id": "202601002029", "request_id": "313b711accba491593e4300fdfb00c9d", "position": {"x": 620.0, "y": -1.5185620309427179e-13}, "channel": 18}, "attempt": 1}
2026-09-12 21:02:29,505 INFO response {"request_id": "313b711accba491593e4300fdfb00c9d", "http_status": 200, "body": {"accepted": true, "real_timestamp_ms": 1789218146347, "virtual_time_s": 2170.437432, "measure_result": "no_signal"}}
2026-09-12 21:02:29,536 INFO request {"path": "/measure", "payload": {"arena_id": "default", "robot_id": "202601002029", "request_id": "ff8aadbd77d94ba7a68d6456f4d6ce85", "position": {"x": 620.0, "y": -1.5185620309427179e-13}, "channel": 19}, "attempt": 1}
2026-09-12 21:02:29,539 INFO response {"request_id": "ff8aadbd77d94ba7a68d6456f4d6ce85", "http_status": 200, "body": {"accepted": true, "real_timestamp_ms": 1789218146380, "virtual_time_s": 2176.437432, "measure_result": "no_signal"}}
2026-09-12 21:02:29,570 INFO request {"path": "/measure", "payload": {"arena_id": "default", "robot_id": "202601002029", "request_id": "340f7081a4034d3eb6e77b825373b14a", "position": {"x": 620.0, "y": -1.5185620309427179e-13}, "channel": 20}, "attempt": 1}
2026-09-12 21:02:29,587 INFO response {"request_id": "340f7081a4034d3eb6e77b825373b14a", "http_status": 200, "body": {"accepted": true, "real_timestamp_ms": 1789218146429, "virtual_time_s": 2182.437432, "measure_result": "no_signal"}}
2026-09-12 21:02:29,661 INFO request {"path": "/measure", "payload": {"arena_id": "default", "robot_id": "202601002029", "request_id": "2d6fbd14bf9144d39dd28cb5a8454a35", "position": {"x": 620.0, "y": -1.5185620309427179e-13}, "channel": 13}, "attempt": 1}
2026-09-12 21:02:29,663 INFO response {"request_id": "2d6fbd14bf9144d39dd28cb5a8454a35", "http_status": 200, "body": {"accepted": true, "real_timestamp_ms": 1789218146505, "virtual_time_s": 2188.437432, "measure_result": "no_signal"}}
2026-09-12 21:02:29,694 INFO request {"path": "/measure", "payload": {"arena_id": "default", "robot_id": "202601002029", "request_id": "10063842b2454f23a8edb567f200455e", "position": {"x": 612.1405929501535, "y": 237.14452909697778}, "channel": 1}, "attempt": 1}
2026-09-12 21:02:29,707 INFO response {"request_id": "10063842b2454f23a8edb567f200455e", "http_status": 200, "body": {"accepted": true, "real_timestamp_ms": 1789218146548, "virtual_time_s": 2241.892378, "measure_result": "no_signal"}}
2026-09-12 21:02:29,722 INFO request {"path": "/measure", "payload": {"arena_id": "default", "robot_id": "202601002029", "request_id": "62045a9b601643359d33822277833925", "position": {"x": 612.1405929501535, "y": 237.14452909697778}, "channel": 3}, "attempt": 1}
2026-09-12 21:02:29,736 INFO response {"request_id": "62045a9b601643359d33822277833925", "http_status": 200, "body": {"accepted": true, "real_timestamp_ms": 1789218146578, "virtual_time_s": 2247.892378, "measure_result": "no_signal"}}
2026-09-12 21:02:29,752 INFO request {"path": "/measure", "payload": {"arena_id": "default", "robot_id": "202601002029", "request_id": "bcba64b5aad944c58ecd522722b5e2ce", "position": {"x": 612.1405929501535, "y": 237.14452909697778}, "channel": 4}, "attempt": 1}
2026-09-12 21:02:29,765 INFO response {"request_id": "bcba64b5aad944c58ecd522722b5e2ce", "http_status": 200, "body": {"accepted": true, "real_timestamp_ms": 1789218146607, "virtual_time_s": 2253.892378, "measure_result": "no_signal"}}
2026-09-12 21:02:29,780 INFO request {"path": "/measure", "payload": {"arena_id": "default", "robot_id": "202601002029", "request_id": "41b30ff22b984e2294eacbf8260559cb", "position": {"x": 612.1405929501535, "y": 237.14452909697778}, "channel": 6}, "attempt": 1}
2026-09-12 21:02:29,795 INFO response {"request_id": "41b30ff22b984e2294eacbf8260559cb", "http_status": 200, "body": {"accepted": true, "real_timestamp_ms": 1789218146636, "virtual_time_s": 2259.892378, "measure_result": "no_signal"}}
2026-09-12 21:02:29,809 INFO request {"path": "/measure", "payload": {"arena_id": "default", "robot_id": "202601002029", "request_id": "d147a33fa0c941f396cf06d658783ed2", "position": {"x": 612.1405929501535, "y": 237.14452909697778}, "channel": 7}, "attempt": 1}
2026-09-12 21:02:29,825 INFO response {"request_id": "d147a33fa0c941f396cf06d658783ed2", "http_status": 200, "body": {"accepted": true, "real_timestamp_ms": 1789218146666, "virtual_time_s": 2265.892378, "measure_result": "no_signal"}}
2026-09-12 21:02:29,841 INFO request {"path": "/measure", "payload": {"arena_id": "default", "robot_id": "202601002029", "request_id": "df57b164b8a745b980753851a1a244df", "position": {"x": 612.1405929501535, "y": 237.14452909697778}, "channel": 9}, "attempt": 1}
2026-09-12 21:02:29,853 INFO response {"request_id": "df57b164b8a745b980753851a1a244df", "http_status": 200, "body": {"accepted": true, "real_timestamp_ms": 1789218146695, "virtual_time_s": 2271.892378, "measure_result": "no_signal"}}
2026-09-12 21:02:29,869 INFO request {"path": "/measure", "payload": {"arena_id": "default", "robot_id": "202601002029", "request_id": "60d7b7e94cc842eca8fabf27bfc00ae5", "position": {"x": 612.1405929501535, "y": 237.14452909697778}, "channel": 11}, "attempt": 1}
2026-09-12 21:02:29,883 INFO response {"request_id": "60d7b7e94cc842eca8fabf27bfc00ae5", "http_status": 200, "body": {"accepted": true, "real_timestamp_ms": 1789218146725, "virtual_time_s": 2277.892378, "measure_result": "no_signal"}}
2026-09-12 21:02:29,898 INFO request {"path": "/measure", "payload": {"arena_id": "default", "robot_id": "202601002029", "request_id": "c46cbddea229400aa8211a4f940d377a", "position": {"x": 612.1405929501535, "y": 237.14452909697778}, "channel": 14}, "attempt": 1}
2026-09-12 21:02:29,913 INFO response {"request_id": "c46cbddea229400aa8211a4f940d377a", "http_status": 200, "body": {"accepted": true, "real_timestamp_ms": 1789218146754, "virtual_time_s": 2283.892378, "measure_result": "no_signal"}}
2026-09-12 21:02:29,928 INFO request {"path": "/measure", "payload": {"arena_id": "default", "robot_id": "202601002029", "request_id": "ecc0366433954e4ab2a47a50d65a516d", "position": {"x": 612.1405929501535, "y": 237.14452909697778}, "channel": 15}, "attempt": 1}
2026-09-12 21:02:29,942 INFO response {"request_id": "ecc0366433954e4ab2a47a50d65a516d", "http_status": 200, "body": {"accepted": true, "real_timestamp_ms": 1789218146784, "virtual_time_s": 2289.892378, "measure_result": "no_signal"}}
2026-09-12 21:02:29,958 INFO request {"path": "/measure", "payload": {"arena_id": "default", "robot_id": "202601002029", "request_id": "dea95e0ae3af48d393d4bd9c83500668", "position": {"x": 612.1405929501535, "y": 237.14452909697778}, "channel": 16}, "attempt": 1}
2026-09-12 21:02:29,972 INFO response {"request_id": "dea95e0ae3af48d393d4bd9c83500668", "http_status": 200, "body": {"accepted": true, "real_timestamp_ms": 1789218146813, "virtual_time_s": 2295.892378, "measure_result": "no_signal"}}
2026-09-12 21:02:29,988 INFO request {"path": "/measure", "payload": {"arena_id": "default", "robot_id": "202601002029", "request_id": "a58e6ce38a644d3593e903e851b06a6d", "position": {"x": 612.1405929501535, "y": 237.14452909697778}, "channel": 18}, "attempt": 1}
2026-09-12 21:02:30,002 INFO response {"request_id": "a58e6ce38a644d3593e903e851b06a6d", "http_status": 200, "body": {"accepted": true, "real_timestamp_ms": 1789218146843, "virtual_time_s": 2301.892378, "measure_result": "no_signal"}}
2026-09-12 21:02:30,032 INFO request {"path": "/measure", "payload": {"arena_id": "default", "robot_id": "202601002029", "request_id": "28cae3593b314bc282d3bfe0dc0b1966", "position": {"x": 612.1405929501535, "y": 237.14452909697778}, "channel": 19}, "attempt": 1}
2026-09-12 21:02:30,050 INFO response {"request_id": "28cae3593b314bc282d3bfe0dc0b1966", "http_status": 200, "body": {"accepted": true, "real_timestamp_ms": 1789218146893, "virtual_time_s": 2307.892378, "measure_result": "no_signal"}}
2026-09-12 21:02:30,051 INFO request {"path": "/measure", "payload": {"arena_id": "default", "robot_id": "202601002029", "request_id": "b186a43c7b9c4db4adac686566f76423", "position": {"x": 612.1405929501535, "y": 237.14452909697778}, "channel": 20}, "attempt": 1}
2026-09-12 21:02:30,071 INFO response {"request_id": "b186a43c7b9c4db4adac686566f76423", "http_status": 200, "body": {"accepted": true, "real_timestamp_ms": 1789218146912, "virtual_time_s": 2313.892378, "measure_result": "no_signal"}}
2026-09-12 21:02:30,203 INFO request {"path": "/measure", "payload": {"arena_id": "default", "robot_id": "202601002029", "request_id": "8cd6aec8924c48cc8a57ecdbd862ca42", "position": {"x": 612.1405929501535, "y": 237.14452909697778}, "channel": 8}, "attempt": 1}
2026-09-12 21:02:30,211 INFO response {"request_id": "8cd6aec8924c48cc8a57ecdbd862ca42", "http_status": 200, "body": {"accepted": true, "real_timestamp_ms": 1789218147052, "virtual_time_s": 2319.892378, "measure_result": "direction", "svd_deg": 224.81}}
2026-09-12 21:02:30,230 INFO request {"path": "/measure", "payload": {"arena_id": "default", "robot_id": "202601002029", "request_id": "bb663fc95e4c47058acb51ca622cf33f", "position": {"x": 612.1405929501535, "y": 237.14452909697778}, "channel": 13}, "attempt": 1}
2026-09-12 21:02:30,248 INFO response {"request_id": "bb663fc95e4c47058acb51ca622cf33f", "http_status": 200, "body": {"accepted": true, "real_timestamp_ms": 1789218147089, "virtual_time_s": 2325.892378, "measure_result": "no_signal"}}
2026-09-12 21:02:30,262 INFO request {"path": "/measure", "payload": {"arena_id": "default", "robot_id": "202601002029", "request_id": "ed6ef367f8a042e19b833ad584268212", "position": {"x": 512.089708521139, "y": 466.83145189155573}, "channel": 1}, "attempt": 1}
2026-09-12 21:02:30,277 INFO response {"request_id": "ed6ef367f8a042e19b833ad584268212", "http_status": 200, "body": {"accepted": true, "real_timestamp_ms": 1789218147119, "virtual_time_s": 2381.99877, "measure_result": "no_signal"}}
2026-09-12 21:02:30,293 INFO request {"path": "/measure", "payload": {"arena_id": "default", "robot_id": "202601002029", "request_id": "f07bc84745114017bd56aabe54e8f180", "position": {"x": 512.089708521139, "y": 466.83145189155573}, "channel": 3}, "attempt": 1}
2026-09-12 21:02:30,308 INFO response {"request_id": "f07bc84745114017bd56aabe54e8f180", "http_status": 200, "body": {"accepted": true, "real_timestamp_ms": 1789218147149, "virtual_time_s": 2387.99877, "measure_result": "no_signal"}}
2026-09-12 21:02:30,323 INFO request {"path": "/measure", "payload": {"arena_id": "default", "robot_id": "202601002029", "request_id": "a5fa87ad85b943b1a12304261bb14596", "position": {"x": 512.089708521139, "y": 466.83145189155573}, "channel": 4}, "attempt": 1}
2026-09-12 21:02:30,337 INFO response {"request_id": "a5fa87ad85b943b1a12304261bb14596", "http_status": 200, "body": {"accepted": true, "real_timestamp_ms": 1789218147179, "virtual_time_s": 2393.99877, "measure_result": "no_signal"}}
2026-09-12 21:02:30,352 INFO request {"path": "/measure", "payload": {"arena_id": "default", "robot_id": "202601002029", "request_id": "facbaa1538ed4bbfa019ee595537b317", "position": {"x": 512.089708521139, "y": 466.83145189155573}, "channel": 6}, "attempt": 1}
2026-09-12 21:02:30,353 INFO response {"request_id": "facbaa1538ed4bbfa019ee595537b317", "http_status": 200, "body": {"accepted": true, "real_timestamp_ms": 1789218147195, "virtual_time_s": 2399.99877, "measure_result": "no_signal"}}
2026-09-12 21:02:30,383 INFO request {"path": "/measure", "payload": {"arena_id": "default", "robot_id": "202601002029", "request_id": "03695e080a0a428f8a3d57327c6bb29d", "position": {"x": 512.089708521139, "y": 466.83145189155573}, "channel": 7}, "attempt": 1}
2026-09-12 21:02:30,386 INFO response {"request_id": "03695e080a0a428f8a3d57327c6bb29d", "http_status": 200, "body": {"accepted": true, "real_timestamp_ms": 1789218147227, "virtual_time_s": 2405.99877, "measure_result": "no_signal"}}
2026-09-12 21:02:30,417 INFO request {"path": "/measure", "payload": {"arena_id": "default", "robot_id": "202601002029", "request_id": "e5a527eeded7487b972b12f955411e1b", "position": {"x": 512.089708521139, "y": 466.83145189155573}, "channel": 9}, "attempt": 1}
2026-09-12 21:02:30,436 INFO response {"request_id": "e5a527eeded7487b972b12f955411e1b", "http_status": 200, "body": {"accepted": true, "real_timestamp_ms": 1789218147277, "virtual_time_s": 2411.99877, "measure_result": "no_signal"}}
2026-09-12 21:02:30,450 INFO request {"path": "/measure", "payload": {"arena_id": "default", "robot_id": "202601002029", "request_id": "3b7cbc0741854e628fae50521d27813b", "position": {"x": 512.089708521139, "y": 466.83145189155573}, "channel": 11}, "attempt": 1}
2026-09-12 21:02:30,452 INFO response {"request_id": "3b7cbc0741854e628fae50521d27813b", "http_status": 200, "body": {"accepted": true, "real_timestamp_ms": 1789218147294, "virtual_time_s": 2417.99877, "measure_result": "no_signal"}}
2026-09-12 21:02:30,483 INFO request {"path": "/measure", "payload": {"arena_id": "default", "robot_id": "202601002029", "request_id": "48dffecd82aa42fc8a4a87ae123faedd", "position": {"x": 512.089708521139, "y": 466.83145189155573}, "channel": 14}, "attempt": 1}
2026-09-12 21:02:30,484 INFO response {"request_id": "48dffecd82aa42fc8a4a87ae123faedd", "http_status": 200, "body": {"accepted": true, "real_timestamp_ms": 1789218147326, "virtual_time_s": 2423.99877, "measure_result": "no_signal"}}
2026-09-12 21:02:30,515 INFO request {"path": "/measure", "payload": {"arena_id": "default", "robot_id": "202601002029", "request_id": "dfa3eb1cf9c041b89d4ffe1636665e02", "position": {"x": 512.089708521139, "y": 466.83145189155573}, "channel": 15}, "attempt": 1}
2026-09-12 21:02:30,533 INFO response {"request_id": "dfa3eb1cf9c041b89d4ffe1636665e02", "http_status": 200, "body": {"accepted": true, "real_timestamp_ms": 1789218147375, "virtual_time_s": 2429.99877, "measure_result": "no_signal"}}
2026-09-12 21:02:30,549 INFO request {"path": "/measure", "payload": {"arena_id": "default", "robot_id": "202601002029", "request_id": "303c2be7d6ea49adaa7e58caea270283", "position": {"x": 512.089708521139, "y": 466.83145189155573}, "channel": 16}, "attempt": 1}
2026-09-12 21:02:30,563 INFO response {"request_id": "303c2be7d6ea49adaa7e58caea270283", "http_status": 200, "body": {"accepted": true, "real_timestamp_ms": 1789218147404, "virtual_time_s": 2435.99877, "measure_result": "no_signal"}}
2026-09-12 21:02:30,578 INFO request {"path": "/measure", "payload": {"arena_id": "default", "robot_id": "202601002029", "request_id": "60664d10bd4c4b4aa775695f7a6b0a95", "position": {"x": 512.089708521139, "y": 466.83145189155573}, "channel": 18}, "attempt": 1}
2026-09-12 21:02:30,579 INFO response {"request_id": "60664d10bd4c4b4aa775695f7a6b0a95", "http_status": 200, "body": {"accepted": true, "real_timestamp_ms": 1789218147421, "virtual_time_s": 2441.99877, "measure_result": "no_signal"}}
2026-09-12 21:02:30,610 INFO request {"path": "/measure", "payload": {"arena_id": "default", "robot_id": "202601002029", "request_id": "3885663e9c774ea9906c3c7e9678af7b", "position": {"x": 512.089708521139, "y": 466.83145189155573}, "channel": 19}, "attempt": 1}
2026-09-12 21:02:30,623 INFO response {"request_id": "3885663e9c774ea9906c3c7e9678af7b", "http_status": 200, "body": {"accepted": true, "real_timestamp_ms": 1789218147465, "virtual_time_s": 2447.99877, "measure_result": "no_signal"}}
2026-09-12 21:02:30,638 INFO request {"path": "/measure", "payload": {"arena_id": "default", "robot_id": "202601002029", "request_id": "4590b8365d8b461ba04654cec48e718e", "position": {"x": 512.089708521139, "y": 466.83145189155573}, "channel": 20}, "attempt": 1}
2026-09-12 21:02:30,655 INFO response {"request_id": "4590b8365d8b461ba04654cec48e718e", "http_status": 200, "body": {"accepted": true, "real_timestamp_ms": 1789218147496, "virtual_time_s": 2453.99877, "measure_result": "no_signal"}}
2026-09-12 21:02:30,777 INFO request {"path": "/measure", "payload": {"arena_id": "default", "robot_id": "202601002029", "request_id": "30b0ce1e28bd46be9997eaf53a797099", "position": {"x": 512.089708521139, "y": 466.83145189155573}, "channel": 10}, "attempt": 1}
2026-09-12 21:02:30,792 INFO response {"request_id": "30b0ce1e28bd46be9997eaf53a797099", "http_status": 200, "body": {"accepted": true, "real_timestamp_ms": 1789218147634, "virtual_time_s": 2459.99877, "measure_result": "direction", "svd_deg": 136.85}}
2026-09-12 21:02:30,814 INFO request {"path": "/measure", "payload": {"arena_id": "default", "robot_id": "202601002029", "request_id": "fdcdc79a0d1a44cd9d3f53f42fc60cdb", "position": {"x": 325.1268006840631, "y": 652.9426360472219}, "channel": 1}, "attempt": 1}
2026-09-12 21:02:30,833 INFO response {"request_id": "fdcdc79a0d1a44cd9d3f53f42fc60cdb", "http_status": 200, "body": {"accepted": true, "real_timestamp_ms": 1789218147675, "virtual_time_s": 2518.759552, "measure_result": "no_signal"}}
2026-09-12 21:02:30,834 INFO request {"path": "/measure", "payload": {"arena_id": "default", "robot_id": "202601002029", "request_id": "83adcd8d929e47a1ae68d0182ec4adb7", "position": {"x": 325.1268006840631, "y": 652.9426360472219}, "channel": 3}, "attempt": 1}
2026-09-12 21:02:30,853 INFO response {"request_id": "83adcd8d929e47a1ae68d0182ec4adb7", "http_status": 200, "body": {"accepted": true, "real_timestamp_ms": 1789218147694, "virtual_time_s": 2524.759552, "measure_result": "no_signal"}}
2026-09-12 21:02:30,868 INFO request {"path": "/measure", "payload": {"arena_id": "default", "robot_id": "202601002029", "request_id": "5ab60a95e995485c9f108469ea4b943a", "position": {"x": 325.1268006840631, "y": 652.9426360472219}, "channel": 4}, "attempt": 1}
2026-09-12 21:02:30,869 INFO response {"request_id": "5ab60a95e995485c9f108469ea4b943a", "http_status": 200, "body": {"accepted": true, "real_timestamp_ms": 1789218147711, "virtual_time_s": 2530.759552, "measure_result": "no_signal"}}
2026-09-12 21:02:30,900 INFO request {"path": "/measure", "payload": {"arena_id": "default", "robot_id": "202601002029", "request_id": "69e29201f14741c393ce500234ce78c1", "position": {"x": 325.1268006840631, "y": 652.9426360472219}, "channel": 6}, "attempt": 1}
2026-09-12 21:02:30,913 INFO response {"request_id": "69e29201f14741c393ce500234ce78c1", "http_status": 200, "body": {"accepted": true, "real_timestamp_ms": 1789218147754, "virtual_time_s": 2536.759552, "measure_result": "no_signal"}}
2026-09-12 21:02:30,929 INFO request {"path": "/measure", "payload": {"arena_id": "default", "robot_id": "202601002029", "request_id": "05888e4597cd417aa433e2bd6f81fa69", "position": {"x": 325.1268006840631, "y": 652.9426360472219}, "channel": 7}, "attempt": 1}
2026-09-12 21:02:30,942 INFO response {"request_id": "05888e4597cd417aa433e2bd6f81fa69", "http_status": 200, "body": {"accepted": true, "real_timestamp_ms": 1789218147783, "virtual_time_s": 2542.759552, "measure_result": "no_signal"}}
2026-09-12 21:02:30,958 INFO request {"path": "/measure", "payload": {"arena_id": "default", "robot_id": "202601002029", "request_id": "e27934be718c4eeca96a6b5e9f4e297b", "position": {"x": 325.1268006840631, "y": 652.9426360472219}, "channel": 9}, "attempt": 1}
2026-09-12 21:02:30,971 INFO response {"request_id": "e27934be718c4eeca96a6b5e9f4e297b", "http_status": 200, "body": {"accepted": true, "real_timestamp_ms": 1789218147812, "virtual_time_s": 2548.759552, "measure_result": "no_signal"}}
2026-09-12 21:02:31,002 INFO request {"path": "/measure", "payload": {"arena_id": "default", "robot_id": "202601002029", "request_id": "25c1f23fa5a74e9c911b88727672bef0", "position": {"x": 325.1268006840631, "y": 652.9426360472219}, "channel": 11}, "attempt": 1}
2026-09-12 21:02:31,003 INFO response {"request_id": "25c1f23fa5a74e9c911b88727672bef0", "http_status": 200, "body": {"accepted": true, "real_timestamp_ms": 1789218147845, "virtual_time_s": 2554.759552, "measure_result": "no_signal"}}
2026-09-12 21:02:31,018 INFO request {"path": "/measure", "payload": {"arena_id": "default", "robot_id": "202601002029", "request_id": "8c29c1ca2d0b43758f31db22659b0fe4", "position": {"x": 325.1268006840631, "y": 652.9426360472219}, "channel": 14}, "attempt": 1}
2026-09-12 21:02:31,030 INFO response {"request_id": "8c29c1ca2d0b43758f31db22659b0fe4", "http_status": 200, "body": {"accepted": true, "real_timestamp_ms": 1789218147872, "virtual_time_s": 2560.759552, "measure_result": "no_signal"}}
2026-09-12 21:02:31,046 INFO request {"path": "/measure", "payload": {"arena_id": "default", "robot_id": "202601002029", "request_id": "edea9cf910404935b381c20b5a72e0d9", "position": {"x": 325.1268006840631, "y": 652.9426360472219}, "channel": 15}, "attempt": 1}
2026-09-12 21:02:31,060 INFO response {"request_id": "edea9cf910404935b381c20b5a72e0d9", "http_status": 200, "body": {"accepted": true, "real_timestamp_ms": 1789218147902, "virtual_time_s": 2566.759552, "measure_result": "no_signal"}}
2026-09-12 21:02:31,075 INFO request {"path": "/measure", "payload": {"arena_id": "default", "robot_id": "202601002029", "request_id": "a6774fd0416040d08c70e06767061d50", "position": {"x": 325.1268006840631, "y": 652.9426360472219}, "channel": 16}, "attempt": 1}
2026-09-12 21:02:31,090 INFO response {"request_id": "a6774fd0416040d08c70e06767061d50", "http_status": 200, "body": {"accepted": true, "real_timestamp_ms": 1789218147931, "virtual_time_s": 2572.759552, "measure_result": "no_signal"}}
2026-09-12 21:02:31,105 INFO request {"path": "/measure", "payload": {"arena_id": "default", "robot_id": "202601002029", "request_id": "c964af3f26ba4bce982d07c305eea658", "position": {"x": 325.1268006840631, "y": 652.9426360472219}, "channel": 18}, "attempt": 1}
2026-09-12 21:02:31,119 INFO response {"request_id": "c964af3f26ba4bce982d07c305eea658", "http_status": 200, "body": {"accepted": true, "real_timestamp_ms": 1789218147960, "virtual_time_s": 2578.759552, "measure_result": "no_signal"}}
2026-09-12 21:02:31,133 INFO request {"path": "/measure", "payload": {"arena_id": "default", "robot_id": "202601002029", "request_id": "f5b91034296041ab88b33547465b71fe", "position": {"x": 325.1268006840631, "y": 652.9426360472219}, "channel": 19}, "attempt": 1}
2026-09-12 21:02:31,150 INFO response {"request_id": "f5b91034296041ab88b33547465b71fe", "http_status": 200, "body": {"accepted": true, "real_timestamp_ms": 1789218147991, "virtual_time_s": 2584.759552, "measure_result": "no_signal"}}
2026-09-12 21:02:31,167 INFO request {"path": "/measure", "payload": {"arena_id": "default", "robot_id": "202601002029", "request_id": "5508bef066684670a52f817850c6e240", "position": {"x": 325.1268006840631, "y": 652.9426360472219}, "channel": 20}, "attempt": 1}
2026-09-12 21:02:31,170 INFO response {"request_id": "5508bef066684670a52f817850c6e240", "http_status": 200, "body": {"accepted": true, "real_timestamp_ms": 1789218148011, "virtual_time_s": 2590.759552, "measure_result": "no_signal"}}
2026-09-12 21:02:31,264 INFO request {"path": "/measure", "payload": {"arena_id": "default", "robot_id": "202601002029", "request_id": "3024e9d54dfc46a4b13462ce498e4d58", "position": {"x": 325.1268006840631, "y": 652.9426360472219}, "channel": 2}, "attempt": 1}
2026-09-12 21:02:31,277 INFO response {"request_id": "3024e9d54dfc46a4b13462ce498e4d58", "http_status": 200, "body": {"accepted": true, "real_timestamp_ms": 1789218148119, "virtual_time_s": 2596.759552, "measure_result": "direction", "svd_deg": 175.57}}
2026-09-12 21:02:31,300 INFO request {"path": "/measure", "payload": {"arena_id": "default", "robot_id": "202601002029", "request_id": "d7a102a0b266404286249c17a20b8a3a", "position": {"x": 70.66670824777603, "y": 762.6152338447852}, "channel": 1}, "attempt": 1}
2026-09-12 21:02:31,316 INFO response {"request_id": "d7a102a0b266404286249c17a20b8a3a", "http_status": 200, "body": {"accepted": true, "real_timestamp_ms": 1789218148158, "virtual_time_s": 2658.177245, "measure_result": "no_signal"}}
2026-09-12 21:02:31,316 INFO request {"path": "/measure", "payload": {"arena_id": "default", "robot_id": "202601002029", "request_id": "f1ecc88b6cd34f74a41e18d0980aceb0", "position": {"x": 70.66670824777603, "y": 762.6152338447852}, "channel": 3}, "attempt": 1}
2026-09-12 21:02:31,317 INFO response {"request_id": "f1ecc88b6cd34f74a41e18d0980aceb0", "http_status": 200, "body": {"accepted": true, "real_timestamp_ms": 1789218148159, "virtual_time_s": 2664.177245, "measure_result": "no_signal"}}
2026-09-12 21:02:31,348 INFO request {"path": "/measure", "payload": {"arena_id": "default", "robot_id": "202601002029", "request_id": "2387104f3ff242b685799aad976e1291", "position": {"x": 70.66670824777603, "y": 762.6152338447852}, "channel": 4}, "attempt": 1}
2026-09-12 21:02:31,365 INFO response {"request_id": "2387104f3ff242b685799aad976e1291", "http_status": 200, "body": {"accepted": true, "real_timestamp_ms": 1789218148206, "virtual_time_s": 2670.177245, "measure_result": "no_signal"}}
2026-09-12 21:02:31,380 INFO request {"path": "/measure", "payload": {"arena_id": "default", "robot_id": "202601002029", "request_id": "158bf7fc0ed2491482291d1c7b5d8bc9", "position": {"x": 70.66670824777603, "y": 762.6152338447852}, "channel": 6}, "attempt": 1}
2026-09-12 21:02:31,381 INFO response {"request_id": "158bf7fc0ed2491482291d1c7b5d8bc9", "http_status": 200, "body": {"accepted": true, "real_timestamp_ms": 1789218148222, "virtual_time_s": 2676.177245, "measure_result": "no_signal"}}
2026-09-12 21:02:31,412 INFO request {"path": "/measure", "payload": {"arena_id": "default", "robot_id": "202601002029", "request_id": "e3eb784156154511b2e49f58eb4336cd", "position": {"x": 70.66670824777603, "y": 762.6152338447852}, "channel": 7}, "attempt": 1}
2026-09-12 21:02:31,423 INFO response {"request_id": "e3eb784156154511b2e49f58eb4336cd", "http_status": 200, "body": {"accepted": true, "real_timestamp_ms": 1789218148265, "virtual_time_s": 2682.177245, "measure_result": "no_signal"}}
2026-09-12 21:02:31,454 INFO request {"path": "/measure", "payload": {"arena_id": "default", "robot_id": "202601002029", "request_id": "f32f02489d0f4d139ce6f17b65ff7a92", "position": {"x": 70.66670824777603, "y": 762.6152338447852}, "channel": 9}, "attempt": 1}
2026-09-12 21:02:31,473 INFO response {"request_id": "f32f02489d0f4d139ce6f17b65ff7a92", "http_status": 200, "body": {"accepted": true, "real_timestamp_ms": 1789218148314, "virtual_time_s": 2688.177245, "measure_result": "no_signal"}}
2026-09-12 21:02:31,473 INFO request {"path": "/measure", "payload": {"arena_id": "default", "robot_id": "202601002029", "request_id": "bbae6ec5848b485a97703b7c411211df", "position": {"x": 70.66670824777603, "y": 762.6152338447852}, "channel": 11}, "attempt": 1}
2026-09-12 21:02:31,475 INFO response {"request_id": "bbae6ec5848b485a97703b7c411211df", "http_status": 200, "body": {"accepted": true, "real_timestamp_ms": 1789218148317, "virtual_time_s": 2694.177245, "measure_result": "no_signal"}}
2026-09-12 21:02:31,506 INFO request {"path": "/measure", "payload": {"arena_id": "default", "robot_id": "202601002029", "request_id": "bf13c10adde948c9b68f2c941f30bc70", "position": {"x": 70.66670824777603, "y": 762.6152338447852}, "channel": 14}, "attempt": 1}
2026-09-12 21:02:31,521 INFO response {"request_id": "bf13c10adde948c9b68f2c941f30bc70", "http_status": 200, "body": {"accepted": true, "real_timestamp_ms": 1789218148363, "virtual_time_s": 2700.177245, "measure_result": "no_signal"}}
2026-09-12 21:02:31,537 INFO request {"path": "/measure", "payload": {"arena_id": "default", "robot_id": "202601002029", "request_id": "67950b12825346e4b624e9c898c2f044", "position": {"x": 70.66670824777603, "y": 762.6152338447852}, "channel": 15}, "attempt": 1}
2026-09-12 21:02:31,539 INFO response {"request_id": "67950b12825346e4b624e9c898c2f044", "http_status": 200, "body": {"accepted": true, "real_timestamp_ms": 1789218148380, "virtual_time_s": 2706.177245, "measure_result": "no_signal"}}
2026-09-12 21:02:31,569 INFO request {"path": "/measure", "payload": {"arena_id": "default", "robot_id": "202601002029", "request_id": "21104ef0fbc343819f4c2db233334c13", "position": {"x": 70.66670824777603, "y": 762.6152338447852}, "channel": 16}, "attempt": 1}
2026-09-12 21:02:31,590 INFO response {"request_id": "21104ef0fbc343819f4c2db233334c13", "http_status": 200, "body": {"accepted": true, "real_timestamp_ms": 1789218148431, "virtual_time_s": 2712.177245, "measure_result": "no_signal"}}
2026-09-12 21:02:31,605 INFO request {"path": "/measure", "payload": {"arena_id": "default", "robot_id": "202601002029", "request_id": "3a180dd85acb4f3ba832b5c2b7b20b39", "position": {"x": 70.66670824777603, "y": 762.6152338447852}, "channel": 18}, "attempt": 1}
2026-09-12 21:02:31,607 INFO response {"request_id": "3a180dd85acb4f3ba832b5c2b7b20b39", "http_status": 200, "body": {"accepted": true, "real_timestamp_ms": 1789218148448, "virtual_time_s": 2718.177245, "measure_result": "no_signal"}}
2026-09-12 21:02:31,637 INFO request {"path": "/measure", "payload": {"arena_id": "default", "robot_id": "202601002029", "request_id": "c98ba14c6d4c4b0ba32c0e307b205e20", "position": {"x": 70.66670824777603, "y": 762.6152338447852}, "channel": 19}, "attempt": 1}
2026-09-12 21:02:31,659 INFO response {"request_id": "c98ba14c6d4c4b0ba32c0e307b205e20", "http_status": 200, "body": {"accepted": true, "real_timestamp_ms": 1789218148501, "virtual_time_s": 2724.177245, "measure_result": "no_signal"}}
2026-09-12 21:02:31,659 INFO request {"path": "/measure", "payload": {"arena_id": "default", "robot_id": "202601002029", "request_id": "7f8894aa71404f619ac4b837c3d484b7", "position": {"x": 70.66670824777603, "y": 762.6152338447852}, "channel": 20}, "attempt": 1}
2026-09-12 21:02:31,680 INFO response {"request_id": "7f8894aa71404f619ac4b837c3d484b7", "http_status": 200, "body": {"accepted": true, "real_timestamp_ms": 1789218148521, "virtual_time_s": 2730.177245, "measure_result": "no_signal"}}
2026-09-12 21:02:31,777 INFO request {"path": "/measure", "payload": {"arena_id": "default", "robot_id": "202601002029", "request_id": "8633940d3a1e4935b2eeeed9e7623137", "position": {"x": -219.57430497548276, "y": 771.7236336986618}, "channel": 20}, "attempt": 1}
2026-09-12 21:02:31,788 INFO response {"request_id": "8633940d3a1e4935b2eeeed9e7623137", "http_status": 200, "body": {"accepted": true, "real_timestamp_ms": 1789218148630, "virtual_time_s": 2793.254025, "measure_result": "no_signal"}}
2026-09-12 21:02:31,803 INFO request {"path": "/measure", "payload": {"arena_id": "default", "robot_id": "202601002029", "request_id": "3c9eba31c8b04f809cc96ae5f21d3bdf", "position": {"x": -219.57430497548276, "y": 771.7236336986618}, "channel": 1}, "attempt": 1}
2026-09-12 21:02:31,805 INFO response {"request_id": "3c9eba31c8b04f809cc96ae5f21d3bdf", "http_status": 200, "body": {"accepted": true, "real_timestamp_ms": 1789218148646, "virtual_time_s": 2799.254025, "measure_result": "no_signal"}}
2026-09-12 21:02:31,835 INFO request {"path": "/measure", "payload": {"arena_id": "default", "robot_id": "202601002029", "request_id": "de10c677a1a04b4cb692b70203f6ca30", "position": {"x": -219.57430497548276, "y": 771.7236336986618}, "channel": 3}, "attempt": 1}
2026-09-12 21:02:31,837 INFO response {"request_id": "de10c677a1a04b4cb692b70203f6ca30", "http_status": 200, "body": {"accepted": true, "real_timestamp_ms": 1789218148679, "virtual_time_s": 2805.254025, "measure_result": "no_signal"}}
2026-09-12 21:02:31,868 INFO request {"path": "/measure", "payload": {"arena_id": "default", "robot_id": "202601002029", "request_id": "6f45455e09c449bcb85fb64c05183b1c", "position": {"x": -219.57430497548276, "y": 771.7236336986618}, "channel": 4}, "attempt": 1}
2026-09-12 21:02:31,869 INFO response {"request_id": "6f45455e09c449bcb85fb64c05183b1c", "http_status": 200, "body": {"accepted": true, "real_timestamp_ms": 1789218148711, "virtual_time_s": 2811.254025, "measure_result": "no_signal"}}
2026-09-12 21:02:31,900 INFO request {"path": "/measure", "payload": {"arena_id": "default", "robot_id": "202601002029", "request_id": "3a275596c85b43a89807c4b6a117abec", "position": {"x": -219.57430497548276, "y": 771.7236336986618}, "channel": 6}, "attempt": 1}
2026-09-12 21:02:31,918 INFO response {"request_id": "3a275596c85b43a89807c4b6a117abec", "http_status": 200, "body": {"accepted": true, "real_timestamp_ms": 1789218148760, "virtual_time_s": 2817.254025, "measure_result": "no_signal"}}
2026-09-12 21:02:31,932 INFO request {"path": "/measure", "payload": {"arena_id": "default", "robot_id": "202601002029", "request_id": "9634a49a8e2c4042aa9425c603906ed7", "position": {"x": -219.57430497548276, "y": 771.7236336986618}, "channel": 7}, "attempt": 1}
2026-09-12 21:02:31,934 INFO response {"request_id": "9634a49a8e2c4042aa9425c603906ed7", "http_status": 200, "body": {"accepted": true, "real_timestamp_ms": 1789218148776, "virtual_time_s": 2823.254025, "measure_result": "no_signal"}}
2026-09-12 21:02:31,965 INFO request {"path": "/measure", "payload": {"arena_id": "default", "robot_id": "202601002029", "request_id": "69bbbff267aa4837948ea1d285dbb8f1", "position": {"x": -219.57430497548276, "y": 771.7236336986618}, "channel": 9}, "attempt": 1}
2026-09-12 21:02:31,967 INFO response {"request_id": "69bbbff267aa4837948ea1d285dbb8f1", "http_status": 200, "body": {"accepted": true, "real_timestamp_ms": 1789218148808, "virtual_time_s": 2829.254025, "measure_result": "no_signal"}}
2026-09-12 21:02:31,998 INFO request {"path": "/measure", "payload": {"arena_id": "default", "robot_id": "202601002029", "request_id": "d06a7eeed93546e59f2c8dc00614daf7", "position": {"x": -219.57430497548276, "y": 771.7236336986618}, "channel": 11}, "attempt": 1}
2026-09-12 21:02:31,999 INFO response {"request_id": "d06a7eeed93546e59f2c8dc00614daf7", "http_status": 200, "body": {"accepted": true, "real_timestamp_ms": 1789218148841, "virtual_time_s": 2835.254025, "measure_result": "no_signal"}}
2026-09-12 21:02:32,029 INFO request {"path": "/measure", "payload": {"arena_id": "default", "robot_id": "202601002029", "request_id": "eaa0585df26145b48694385b59980b42", "position": {"x": -219.57430497548276, "y": 771.7236336986618}, "channel": 14}, "attempt": 1}
2026-09-12 21:02:32,047 INFO response {"request_id": "eaa0585df26145b48694385b59980b42", "http_status": 200, "body": {"accepted": true, "real_timestamp_ms": 1789218148889, "virtual_time_s": 2841.254025, "measure_result": "no_signal"}}
2026-09-12 21:02:32,062 INFO request {"path": "/measure", "payload": {"arena_id": "default", "robot_id": "202601002029", "request_id": "13b9b26a73854a26a29366af2c370b1f", "position": {"x": -219.57430497548276, "y": 771.7236336986618}, "channel": 15}, "attempt": 1}
2026-09-12 21:02:32,076 INFO response {"request_id": "13b9b26a73854a26a29366af2c370b1f", "http_status": 200, "body": {"accepted": true, "real_timestamp_ms": 1789218148917, "virtual_time_s": 2847.254025, "measure_result": "no_signal"}}
2026-09-12 21:02:32,092 INFO request {"path": "/measure", "payload": {"arena_id": "default", "robot_id": "202601002029", "request_id": "8eb74b11f6c2483ab766638b838dc489", "position": {"x": -219.57430497548276, "y": 771.7236336986618}, "channel": 16}, "attempt": 1}
2026-09-12 21:02:32,106 INFO response {"request_id": "8eb74b11f6c2483ab766638b838dc489", "http_status": 200, "body": {"accepted": true, "real_timestamp_ms": 1789218148947, "virtual_time_s": 2853.254025, "measure_result": "no_signal"}}
2026-09-12 21:02:32,122 INFO request {"path": "/measure", "payload": {"arena_id": "default", "robot_id": "202601002029", "request_id": "2769feea88d940b8a36365835d47e11d", "position": {"x": -219.57430497548276, "y": 771.7236336986618}, "channel": 18}, "attempt": 1}
2026-09-12 21:02:32,136 INFO response {"request_id": "2769feea88d940b8a36365835d47e11d", "http_status": 200, "body": {"accepted": true, "real_timestamp_ms": 1789218148978, "virtual_time_s": 2859.254025, "measure_result": "no_signal"}}
2026-09-12 21:02:32,152 INFO request {"path": "/measure", "payload": {"arena_id": "default", "robot_id": "202601002029", "request_id": "cb41ad68b03f4b9fa4fb2d4661ea3c8f", "position": {"x": -219.57430497548276, "y": 771.7236336986618}, "channel": 19}, "attempt": 1}
2026-09-12 21:02:32,166 INFO response {"request_id": "cb41ad68b03f4b9fa4fb2d4661ea3c8f", "http_status": 200, "body": {"accepted": true, "real_timestamp_ms": 1789218149008, "virtual_time_s": 2865.254025, "measure_result": "no_signal"}}
2026-09-12 21:02:32,289 INFO request {"path": "/measure", "payload": {"arena_id": "default", "robot_id": "202601002029", "request_id": "8a0c577df6da4d62ad5747779f333892", "position": {"x": -219.57430497548276, "y": 771.7236336986618}, "channel": 2}, "attempt": 1}
2026-09-12 21:02:32,305 INFO response {"request_id": "8a0c577df6da4d62ad5747779f333892", "http_status": 200, "body": {"accepted": true, "real_timestamp_ms": 1789218149146, "virtual_time_s": 2871.254025, "measure_result": "direction", "svd_deg": 183.14}}
2026-09-12 21:02:32,329 INFO request {"path": "/measure", "payload": {"arena_id": "default", "robot_id": "202601002029", "request_id": "123cfcfaf4b944a7b41e038997fb097a", "position": {"x": -505.50411263342363, "y": 669.3956271186006}, "channel": 1}, "attempt": 1}
2026-09-12 21:02:32,345 INFO response {"request_id": "123cfcfaf4b944a7b41e038997fb097a", "http_status": 200, "body": {"accepted": true, "real_timestamp_ms": 1789218149186, "virtual_time_s": 2937.991781, "measure_result": "no_signal"}}
2026-09-12 21:02:32,360 INFO request {"path": "/measure", "payload": {"arena_id": "default", "robot_id": "202601002029", "request_id": "28b7bd6f13694fdba4c4781f32765249", "position": {"x": -505.50411263342363, "y": 669.3956271186006}, "channel": 3}, "attempt": 1}
2026-09-12 21:02:32,374 INFO response {"request_id": "28b7bd6f13694fdba4c4781f32765249", "http_status": 200, "body": {"accepted": true, "real_timestamp_ms": 1789218149217, "virtual_time_s": 2943.991781, "measure_result": "no_signal"}}
2026-09-12 21:02:32,390 INFO request {"path": "/measure", "payload": {"arena_id": "default", "robot_id": "202601002029", "request_id": "999d840741c948d6a1c8f61bef9617fc", "position": {"x": -505.50411263342363, "y": 669.3956271186006}, "channel": 4}, "attempt": 1}
2026-09-12 21:02:32,404 INFO response {"request_id": "999d840741c948d6a1c8f61bef9617fc", "http_status": 200, "body": {"accepted": true, "real_timestamp_ms": 1789218149246, "virtual_time_s": 2949.991781, "measure_result": "no_signal"}}
2026-09-12 21:02:32,420 INFO request {"path": "/measure", "payload": {"arena_id": "default", "robot_id": "202601002029", "request_id": "76c37a8b142c4d3aaabf761131da5664", "position": {"x": -505.50411263342363, "y": 669.3956271186006}, "channel": 6}, "attempt": 1}
2026-09-12 21:02:32,434 INFO response {"request_id": "76c37a8b142c4d3aaabf761131da5664", "http_status": 200, "body": {"accepted": true, "real_timestamp_ms": 1789218149276, "virtual_time_s": 2955.991781, "measure_result": "no_signal"}}
2026-09-12 21:02:32,449 INFO request {"path": "/measure", "payload": {"arena_id": "default", "robot_id": "202601002029", "request_id": "244239f0968c4983859c6c758cb9f415", "position": {"x": -505.50411263342363, "y": 669.3956271186006}, "channel": 7}, "attempt": 1}
2026-09-12 21:02:32,464 INFO response {"request_id": "244239f0968c4983859c6c758cb9f415", "http_status": 200, "body": {"accepted": true, "real_timestamp_ms": 1789218149306, "virtual_time_s": 2961.991781, "measure_result": "no_signal"}}
2026-09-12 21:02:32,479 INFO request {"path": "/measure", "payload": {"arena_id": "default", "robot_id": "202601002029", "request_id": "aa665f43d9d74a4190e5007428fe5e1a", "position": {"x": -505.50411263342363, "y": 669.3956271186006}, "channel": 9}, "attempt": 1}
2026-09-12 21:02:32,480 INFO response {"request_id": "aa665f43d9d74a4190e5007428fe5e1a", "http_status": 200, "body": {"accepted": true, "real_timestamp_ms": 1789218149322, "virtual_time_s": 2967.991781, "measure_result": "no_signal"}}
2026-09-12 21:02:32,511 INFO request {"path": "/measure", "payload": {"arena_id": "default", "robot_id": "202601002029", "request_id": "e400ceb934c84861885e5dba2f3f9d6b", "position": {"x": -505.50411263342363, "y": 669.3956271186006}, "channel": 11}, "attempt": 1}
2026-09-12 21:02:32,523 INFO response {"request_id": "e400ceb934c84861885e5dba2f3f9d6b", "http_status": 200, "body": {"accepted": true, "real_timestamp_ms": 1789218149364, "virtual_time_s": 2973.991781, "measure_result": "no_signal"}}
2026-09-12 21:02:32,539 INFO request {"path": "/measure", "payload": {"arena_id": "default", "robot_id": "202601002029", "request_id": "ebfdc617aebb47d19283923e4aeb1b39", "position": {"x": -505.50411263342363, "y": 669.3956271186006}, "channel": 14}, "attempt": 1}
2026-09-12 21:02:32,540 INFO response {"request_id": "ebfdc617aebb47d19283923e4aeb1b39", "http_status": 200, "body": {"accepted": true, "real_timestamp_ms": 1789218149382, "virtual_time_s": 2979.991781, "measure_result": "no_signal"}}
2026-09-12 21:02:32,570 INFO request {"path": "/measure", "payload": {"arena_id": "default", "robot_id": "202601002029", "request_id": "49cd5c9662e04ae4b32312d9763768f0", "position": {"x": -505.50411263342363, "y": 669.3956271186006}, "channel": 15}, "attempt": 1}
2026-09-12 21:02:32,591 INFO response {"request_id": "49cd5c9662e04ae4b32312d9763768f0", "http_status": 200, "body": {"accepted": true, "real_timestamp_ms": 1789218149433, "virtual_time_s": 2985.991781, "measure_result": "no_signal"}}
2026-09-12 21:02:32,606 INFO request {"path": "/measure", "payload": {"arena_id": "default", "robot_id": "202601002029", "request_id": "a787f2de75cc4bfcb8150a168acdd053", "position": {"x": -505.50411263342363, "y": 669.3956271186006}, "channel": 16}, "attempt": 1}
2026-09-12 21:02:32,621 INFO response {"request_id": "a787f2de75cc4bfcb8150a168acdd053", "http_status": 200, "body": {"accepted": true, "real_timestamp_ms": 1789218149462, "virtual_time_s": 2991.991781, "measure_result": "no_signal"}}
2026-09-12 21:02:32,635 INFO request {"path": "/measure", "payload": {"arena_id": "default", "robot_id": "202601002029", "request_id": "8b3412ee2c894ba0b3af2dc5df55eaba", "position": {"x": -505.50411263342363, "y": 669.3956271186006}, "channel": 18}, "attempt": 1}
2026-09-12 21:02:32,636 INFO response {"request_id": "8b3412ee2c894ba0b3af2dc5df55eaba", "http_status": 200, "body": {"accepted": true, "real_timestamp_ms": 1789218149478, "virtual_time_s": 2997.991781, "measure_result": "no_signal"}}
2026-09-12 21:02:32,667 INFO request {"path": "/measure", "payload": {"arena_id": "default", "robot_id": "202601002029", "request_id": "5286b8043f8f45398720d31922a036cd", "position": {"x": -505.50411263342363, "y": 669.3956271186006}, "channel": 19}, "attempt": 1}
2026-09-12 21:02:32,680 INFO response {"request_id": "5286b8043f8f45398720d31922a036cd", "http_status": 200, "body": {"accepted": true, "real_timestamp_ms": 1789218149522, "virtual_time_s": 3003.991781, "measure_result": "no_signal"}}
2026-09-12 21:02:32,695 INFO request {"path": "/measure", "payload": {"arena_id": "default", "robot_id": "202601002029", "request_id": "36d741d1b4be4d3da9c4fb36a43fc032", "position": {"x": -505.50411263342363, "y": 669.3956271186006}, "channel": 20}, "attempt": 1}
2026-09-12 21:02:32,710 INFO response {"request_id": "36d741d1b4be4d3da9c4fb36a43fc032", "http_status": 200, "body": {"accepted": true, "real_timestamp_ms": 1789218149552, "virtual_time_s": 3009.991781, "measure_result": "no_signal"}}
2026-09-12 21:02:32,795 INFO request {"path": "/measure", "payload": {"arena_id": "default", "robot_id": "202601002029", "request_id": "5d4e34a5550f48fb8e7f076672756eff", "position": {"x": -505.50411263342363, "y": 669.3956271186006}, "channel": 12}, "attempt": 1}
2026-09-12 21:02:32,797 INFO response {"request_id": "5d4e34a5550f48fb8e7f076672756eff", "http_status": 200, "body": {"accepted": true, "real_timestamp_ms": 1789218149638, "virtual_time_s": 3015.991781, "measure_result": "direction", "svd_deg": 216.52}}
2026-09-12 21:02:32,816 INFO request {"path": "/measure", "payload": {"arena_id": "default", "robot_id": "202601002029", "request_id": "3df349d335bb4d499297c1e85d65392d", "position": {"x": -505.50411263342363, "y": 669.3956271186006}, "channel": 10}, "attempt": 1}
2026-09-12 21:02:32,817 INFO response {"request_id": "3df349d335bb4d499297c1e85d65392d", "http_status": 200, "body": {"accepted": true, "real_timestamp_ms": 1789218149658, "virtual_time_s": 3021.991781, "measure_result": "direction", "svd_deg": 73.91}}
2026-09-12 21:02:32,855 INFO request {"path": "/measure", "payload": {"arena_id": "default", "robot_id": "202601002029", "request_id": "5c3b2a5ce7bb4df39249d8cc149587bb", "position": {"x": -744.190057626862, "y": 460.7829755067683}, "channel": 1}, "attempt": 1}
2026-09-12 21:02:32,867 INFO response {"request_id": "5c3b2a5ce7bb4df39249d8cc149587bb", "http_status": 200, "body": {"accepted": true, "real_timestamp_ms": 1789218149708, "virtual_time_s": 3091.392165, "measure_result": "no_signal"}}
2026-09-12 21:02:32,882 INFO request {"path": "/measure", "payload": {"arena_id": "default", "robot_id": "202601002029", "request_id": "61aef43154f244efa1403fccf3094812", "position": {"x": -744.190057626862, "y": 460.7829755067683}, "channel": 3}, "attempt": 1}
2026-09-12 21:02:32,896 INFO response {"request_id": "61aef43154f244efa1403fccf3094812", "http_status": 200, "body": {"accepted": true, "real_timestamp_ms": 1789218149738, "virtual_time_s": 3097.392165, "measure_result": "no_signal"}}
2026-09-12 21:02:32,912 INFO request {"path": "/measure", "payload": {"arena_id": "default", "robot_id": "202601002029", "request_id": "e6608bdc9c1849da8e65e6d9c1621c99", "position": {"x": -744.190057626862, "y": 460.7829755067683}, "channel": 4}, "attempt": 1}
2026-09-12 21:02:32,913 INFO response {"request_id": "e6608bdc9c1849da8e65e6d9c1621c99", "http_status": 200, "body": {"accepted": true, "real_timestamp_ms": 1789218149755, "virtual_time_s": 3103.392165, "measure_result": "no_signal"}}
2026-09-12 21:02:32,944 INFO request {"path": "/measure", "payload": {"arena_id": "default", "robot_id": "202601002029", "request_id": "52653fc856e14f368f378b5ffb1924a8", "position": {"x": -744.190057626862, "y": 460.7829755067683}, "channel": 6}, "attempt": 1}
2026-09-12 21:02:32,946 INFO response {"request_id": "52653fc856e14f368f378b5ffb1924a8", "http_status": 200, "body": {"accepted": true, "real_timestamp_ms": 1789218149787, "virtual_time_s": 3109.392165, "measure_result": "no_signal"}}
2026-09-12 21:02:32,977 INFO request {"path": "/measure", "payload": {"arena_id": "default", "robot_id": "202601002029", "request_id": "edbf649f243c41b4baf6ac95ee0a81aa", "position": {"x": -744.190057626862, "y": 460.7829755067683}, "channel": 7}, "attempt": 1}
2026-09-12 21:02:32,978 INFO response {"request_id": "edbf649f243c41b4baf6ac95ee0a81aa", "http_status": 200, "body": {"accepted": true, "real_timestamp_ms": 1789218149819, "virtual_time_s": 3115.392165, "measure_result": "no_signal"}}
2026-09-12 21:02:33,008 INFO request {"path": "/measure", "payload": {"arena_id": "default", "robot_id": "202601002029", "request_id": "d1c8bcb309a8485fa22167f3ea902ba6", "position": {"x": -744.190057626862, "y": 460.7829755067683}, "channel": 9}, "attempt": 1}
2026-09-12 21:02:33,025 INFO response {"request_id": "d1c8bcb309a8485fa22167f3ea902ba6", "http_status": 200, "body": {"accepted": true, "real_timestamp_ms": 1789218149866, "virtual_time_s": 3121.392165, "measure_result": "no_signal"}}
2026-09-12 21:02:33,040 INFO request {"path": "/measure", "payload": {"arena_id": "default", "robot_id": "202601002029", "request_id": "46b386a0a9234019863a90b1f2e27e92", "position": {"x": -744.190057626862, "y": 460.7829755067683}, "channel": 11}, "attempt": 1}
2026-09-12 21:02:33,055 INFO response {"request_id": "46b386a0a9234019863a90b1f2e27e92", "http_status": 200, "body": {"accepted": true, "real_timestamp_ms": 1789218149896, "virtual_time_s": 3127.392165, "measure_result": "no_signal"}}
2026-09-12 21:02:33,070 INFO request {"path": "/measure", "payload": {"arena_id": "default", "robot_id": "202601002029", "request_id": "8c30de9a43f240b48b067d452514a198", "position": {"x": -744.190057626862, "y": 460.7829755067683}, "channel": 14}, "attempt": 1}
2026-09-12 21:02:33,071 INFO response {"request_id": "8c30de9a43f240b48b067d452514a198", "http_status": 200, "body": {"accepted": true, "real_timestamp_ms": 1789218149913, "virtual_time_s": 3133.392165, "measure_result": "no_signal"}}
2026-09-12 21:02:33,102 INFO request {"path": "/measure", "payload": {"arena_id": "default", "robot_id": "202601002029", "request_id": "e776327c00974659bc7021fb04e997c0", "position": {"x": -744.190057626862, "y": 460.7829755067683}, "channel": 15}, "attempt": 1}
2026-09-12 21:02:33,125 INFO response {"request_id": "e776327c00974659bc7021fb04e997c0", "http_status": 200, "body": {"accepted": true, "real_timestamp_ms": 1789218149965, "virtual_time_s": 3139.392165, "measure_result": "no_signal"}}
2026-09-12 21:02:33,140 INFO request {"path": "/measure", "payload": {"arena_id": "default", "robot_id": "202601002029", "request_id": "b537ba908ab0466b99c01596b4f389b0", "position": {"x": -744.190057626862, "y": 460.7829755067683}, "channel": 16}, "attempt": 1}
2026-09-12 21:02:33,153 INFO response {"request_id": "b537ba908ab0466b99c01596b4f389b0", "http_status": 200, "body": {"accepted": true, "real_timestamp_ms": 1789218149994, "virtual_time_s": 3145.392165, "measure_result": "no_signal"}}
2026-09-12 21:02:33,169 INFO request {"path": "/measure", "payload": {"arena_id": "default", "robot_id": "202601002029", "request_id": "3cd4a71572574a7fa3c9802e0bd52ab2", "position": {"x": -744.190057626862, "y": 460.7829755067683}, "channel": 18}, "attempt": 1}
2026-09-12 21:02:33,183 INFO response {"request_id": "3cd4a71572574a7fa3c9802e0bd52ab2", "http_status": 200, "body": {"accepted": true, "real_timestamp_ms": 1789218150024, "virtual_time_s": 3151.392165, "measure_result": "no_signal"}}
2026-09-12 21:02:33,198 INFO request {"path": "/measure", "payload": {"arena_id": "default", "robot_id": "202601002029", "request_id": "80f489279f9d4d25a5165564948f8190", "position": {"x": -744.190057626862, "y": 460.7829755067683}, "channel": 19}, "attempt": 1}
2026-09-12 21:02:33,199 INFO response {"request_id": "80f489279f9d4d25a5165564948f8190", "http_status": 200, "body": {"accepted": true, "real_timestamp_ms": 1789218150041, "virtual_time_s": 3157.392165, "measure_result": "no_signal"}}
2026-09-12 21:02:33,230 INFO request {"path": "/measure", "payload": {"arena_id": "default", "robot_id": "202601002029", "request_id": "eded3469fae14b078dffb831480c5f85", "position": {"x": -744.190057626862, "y": 460.7829755067683}, "channel": 20}, "attempt": 1}
2026-09-12 21:02:33,232 INFO response {"request_id": "eded3469fae14b078dffb831480c5f85", "http_status": 200, "body": {"accepted": true, "real_timestamp_ms": 1789218150074, "virtual_time_s": 3163.392165, "measure_result": "no_signal"}}
2026-09-12 21:02:33,340 INFO request {"path": "/measure", "payload": {"arena_id": "default", "robot_id": "202601002029", "request_id": "12d5e927748b41f09c36f05cadae6097", "position": {"x": -744.190057626862, "y": 460.7829755067683}, "channel": 17}, "attempt": 1}
2026-09-12 21:02:33,342 INFO response {"request_id": "12d5e927748b41f09c36f05cadae6097", "http_status": 200, "body": {"accepted": true, "real_timestamp_ms": 1789218150184, "virtual_time_s": 3169.392165, "measure_result": "direction", "svd_deg": 235.51}}
2026-09-12 21:02:33,367 INFO request {"path": "/measure", "payload": {"arena_id": "default", "robot_id": "202601002029", "request_id": "345f3963d59d4f42a4193b07f6e7a081", "position": {"x": -896.2401791235575, "y": 167.53632506804928}, "channel": 1}, "attempt": 1}
2026-09-12 21:02:33,388 INFO response {"request_id": "345f3963d59d4f42a4193b07f6e7a081", "http_status": 200, "body": {"accepted": true, "real_timestamp_ms": 1789218150229, "virtual_time_s": 3241.45663, "measure_result": "no_signal"}}
2026-09-12 21:02:33,403 INFO request {"path": "/measure", "payload": {"arena_id": "default", "robot_id": "202601002029", "request_id": "cf197809418d4945966368548b0e24dc", "position": {"x": -896.2401791235575, "y": 167.53632506804928}, "channel": 3}, "attempt": 1}
2026-09-12 21:02:33,417 INFO response {"request_id": "cf197809418d4945966368548b0e24dc", "http_status": 200, "body": {"accepted": true, "real_timestamp_ms": 1789218150259, "virtual_time_s": 3247.45663, "measure_result": "no_signal"}}
2026-09-12 21:02:33,432 INFO request {"path": "/measure", "payload": {"arena_id": "default", "robot_id": "202601002029", "request_id": "7c003598a36a41449fd3a0e1a767793d", "position": {"x": -896.2401791235575, "y": 167.53632506804928}, "channel": 4}, "attempt": 1}
2026-09-12 21:02:33,446 INFO response {"request_id": "7c003598a36a41449fd3a0e1a767793d", "http_status": 200, "body": {"accepted": true, "real_timestamp_ms": 1789218150287, "virtual_time_s": 3253.45663, "measure_result": "no_signal"}}
2026-09-12 21:02:33,462 INFO request {"path": "/measure", "payload": {"arena_id": "default", "robot_id": "202601002029", "request_id": "e52cee34b9a4420b92b5c0a20c97552a", "position": {"x": -896.2401791235575, "y": 167.53632506804928}, "channel": 6}, "attempt": 1}
2026-09-12 21:02:33,475 INFO response {"request_id": "e52cee34b9a4420b92b5c0a20c97552a", "http_status": 200, "body": {"accepted": true, "real_timestamp_ms": 1789218150317, "virtual_time_s": 3259.45663, "measure_result": "no_signal"}}
2026-09-12 21:02:33,492 INFO request {"path": "/measure", "payload": {"arena_id": "default", "robot_id": "202601002029", "request_id": "15cd5ef2a3d34856b1d963987b58098a", "position": {"x": -896.2401791235575, "y": 167.53632506804928}, "channel": 7}, "attempt": 1}
2026-09-12 21:02:33,505 INFO response {"request_id": "15cd5ef2a3d34856b1d963987b58098a", "http_status": 200, "body": {"accepted": true, "real_timestamp_ms": 1789218150347, "virtual_time_s": 3265.45663, "measure_result": "no_signal"}}
2026-09-12 21:02:33,520 INFO request {"path": "/measure", "payload": {"arena_id": "default", "robot_id": "202601002029", "request_id": "8d249aba50fd41039f0ba46ea59fad02", "position": {"x": -896.2401791235575, "y": 167.53632506804928}, "channel": 9}, "attempt": 1}
2026-09-12 21:02:33,535 INFO response {"request_id": "8d249aba50fd41039f0ba46ea59fad02", "http_status": 200, "body": {"accepted": true, "real_timestamp_ms": 1789218150377, "virtual_time_s": 3271.45663, "measure_result": "no_signal"}}
2026-09-12 21:02:33,550 INFO request {"path": "/measure", "payload": {"arena_id": "default", "robot_id": "202601002029", "request_id": "48e0204788db4db8a09ff619770149f8", "position": {"x": -896.2401791235575, "y": 167.53632506804928}, "channel": 11}, "attempt": 1}
2026-09-12 21:02:33,564 INFO response {"request_id": "48e0204788db4db8a09ff619770149f8", "http_status": 200, "body": {"accepted": true, "real_timestamp_ms": 1789218150406, "virtual_time_s": 3277.45663, "measure_result": "no_signal"}}
2026-09-12 21:02:33,595 INFO request {"path": "/measure", "payload": {"arena_id": "default", "robot_id": "202601002029", "request_id": "e2834b4914ad4559a6458ef8bd245cc2", "position": {"x": -896.2401791235575, "y": 167.53632506804928}, "channel": 14}, "attempt": 1}
2026-09-12 21:02:33,613 INFO response {"request_id": "e2834b4914ad4559a6458ef8bd245cc2", "http_status": 200, "body": {"accepted": true, "real_timestamp_ms": 1789218150455, "virtual_time_s": 3283.45663, "measure_result": "no_signal"}}
2026-09-12 21:02:33,614 INFO request {"path": "/measure", "payload": {"arena_id": "default", "robot_id": "202601002029", "request_id": "dd1fa452ddef4d90a490c12d5e649a65", "position": {"x": -896.2401791235575, "y": 167.53632506804928}, "channel": 15}, "attempt": 1}
2026-09-12 21:02:33,632 INFO response {"request_id": "dd1fa452ddef4d90a490c12d5e649a65", "http_status": 200, "body": {"accepted": true, "real_timestamp_ms": 1789218150474, "virtual_time_s": 3289.45663, "measure_result": "no_signal"}}
2026-09-12 21:02:33,647 INFO request {"path": "/measure", "payload": {"arena_id": "default", "robot_id": "202601002029", "request_id": "828a7e4ee696416a8ca973fe3b093a60", "position": {"x": -896.2401791235575, "y": 167.53632506804928}, "channel": 16}, "attempt": 1}
2026-09-12 21:02:33,661 INFO response {"request_id": "828a7e4ee696416a8ca973fe3b093a60", "http_status": 200, "body": {"accepted": true, "real_timestamp_ms": 1789218150503, "virtual_time_s": 3295.45663, "measure_result": "no_signal"}}
2026-09-12 21:02:33,676 INFO request {"path": "/measure", "payload": {"arena_id": "default", "robot_id": "202601002029", "request_id": "9efae1ee157241088e3ea0ef91f01515", "position": {"x": -896.2401791235575, "y": 167.53632506804928}, "channel": 18}, "attempt": 1}
2026-09-12 21:02:33,677 INFO response {"request_id": "9efae1ee157241088e3ea0ef91f01515", "http_status": 200, "body": {"accepted": true, "real_timestamp_ms": 1789218150519, "virtual_time_s": 3301.45663, "measure_result": "no_signal"}}
2026-09-12 21:02:33,708 INFO request {"path": "/measure", "payload": {"arena_id": "default", "robot_id": "202601002029", "request_id": "7850db2980e04c4e85d602f22358e7cc", "position": {"x": -896.2401791235575, "y": 167.53632506804928}, "channel": 19}, "attempt": 1}
2026-09-12 21:02:33,709 INFO response {"request_id": "7850db2980e04c4e85d602f22358e7cc", "http_status": 200, "body": {"accepted": true, "real_timestamp_ms": 1789218150551, "virtual_time_s": 3307.45663, "measure_result": "no_signal"}}
2026-09-12 21:02:33,739 INFO request {"path": "/measure", "payload": {"arena_id": "default", "robot_id": "202601002029", "request_id": "bd125a2509df4924bcd80be00dc0588b", "position": {"x": -896.2401791235575, "y": 167.53632506804928}, "channel": 20}, "attempt": 1}
2026-09-12 21:02:33,741 INFO response {"request_id": "bd125a2509df4924bcd80be00dc0588b", "http_status": 200, "body": {"accepted": true, "real_timestamp_ms": 1789218150582, "virtual_time_s": 3313.45663, "measure_result": "no_signal"}}
2026-09-12 21:02:33,793 INFO request {"path": "/measure", "payload": {"arena_id": "default", "robot_id": "202601002029", "request_id": "9ce051c8858d45c3adfac52671e865ce", "position": {"x": -896.2401791235575, "y": 167.53632506804928}, "channel": 17}, "attempt": 1}
2026-09-12 21:02:33,808 INFO response {"request_id": "9ce051c8858d45c3adfac52671e865ce", "http_status": 200, "body": {"accepted": true, "real_timestamp_ms": 1789218150650, "virtual_time_s": 3319.45663, "measure_result": "direction", "svd_deg": 230.95}}
2026-09-12 21:02:33,830 INFO request {"path": "/measure", "payload": {"arena_id": "default", "robot_id": "202601002029", "request_id": "dcd98d2f3096456483c189cbed82be18", "position": {"x": -932.0897862884998, "y": -174.23777807077053}, "channel": 1}, "attempt": 1}
2026-09-12 21:02:33,847 INFO response {"request_id": "dcd98d2f3096456483c189cbed82be18", "http_status": 200, "body": {"accepted": true, "real_timestamp_ms": 1789218150689, "virtual_time_s": 3394.186458, "measure_result": "direction", "svd_deg": 219.81}}
2026-09-12 21:02:33,850 INFO request {"path": "/measure", "payload": {"arena_id": "default", "robot_id": "202601002029", "request_id": "605c96648dfc431d97b038fa45e13aba", "position": {"x": -932.0897862884998, "y": -174.23777807077053}, "channel": 3}, "attempt": 1}
2026-09-12 21:02:33,851 INFO response {"request_id": "605c96648dfc431d97b038fa45e13aba", "http_status": 200, "body": {"accepted": true, "real_timestamp_ms": 1789218150693, "virtual_time_s": 3400.186458, "measure_result": "no_signal"}}
2026-09-12 21:02:33,882 INFO request {"path": "/measure", "payload": {"arena_id": "default", "robot_id": "202601002029", "request_id": "fb8baf4b938e4c959d571ed847a7df22", "position": {"x": -932.0897862884998, "y": -174.23777807077053}, "channel": 4}, "attempt": 1}
2026-09-12 21:02:33,896 INFO response {"request_id": "fb8baf4b938e4c959d571ed847a7df22", "http_status": 200, "body": {"accepted": true, "real_timestamp_ms": 1789218150737, "virtual_time_s": 3406.186458, "measure_result": "no_signal"}}
2026-09-12 21:02:33,911 INFO request {"path": "/measure", "payload": {"arena_id": "default", "robot_id": "202601002029", "request_id": "21cee22bcb694e178a070ca5a730e953", "position": {"x": -932.0897862884998, "y": -174.23777807077053}, "channel": 6}, "attempt": 1}
2026-09-12 21:02:33,925 INFO response {"request_id": "21cee22bcb694e178a070ca5a730e953", "http_status": 200, "body": {"accepted": true, "real_timestamp_ms": 1789218150767, "virtual_time_s": 3412.186458, "measure_result": "no_signal"}}
2026-09-12 21:02:33,940 INFO request {"path": "/measure", "payload": {"arena_id": "default", "robot_id": "202601002029", "request_id": "5600f599afdb4ded9c6f7b4a8216f56e", "position": {"x": -932.0897862884998, "y": -174.23777807077053}, "channel": 7}, "attempt": 1}
2026-09-12 21:02:33,956 INFO response {"request_id": "5600f599afdb4ded9c6f7b4a8216f56e", "http_status": 200, "body": {"accepted": true, "real_timestamp_ms": 1789218150797, "virtual_time_s": 3418.186458, "measure_result": "no_signal"}}
2026-09-12 21:02:33,971 INFO request {"path": "/measure", "payload": {"arena_id": "default", "robot_id": "202601002029", "request_id": "cc4cc01f4a954e238a011c2473c31a53", "position": {"x": -932.0897862884998, "y": -174.23777807077053}, "channel": 9}, "attempt": 1}
2026-09-12 21:02:33,973 INFO response {"request_id": "cc4cc01f4a954e238a011c2473c31a53", "http_status": 200, "body": {"accepted": true, "real_timestamp_ms": 1789218150814, "virtual_time_s": 3424.186458, "measure_result": "no_signal"}}
2026-09-12 21:02:33,989 INFO request {"path": "/measure", "payload": {"arena_id": "default", "robot_id": "202601002029", "request_id": "34dcecd878004cfa9d89912b455d7432", "position": {"x": -932.0897862884998, "y": -174.23777807077053}, "channel": 11}, "attempt": 1}
2026-09-12 21:02:34,004 INFO response {"request_id": "34dcecd878004cfa9d89912b455d7432", "http_status": 200, "body": {"accepted": true, "real_timestamp_ms": 1789218150845, "virtual_time_s": 3430.186458, "measure_result": "no_signal"}}
2026-09-12 21:02:34,018 INFO request {"path": "/measure", "payload": {"arena_id": "default", "robot_id": "202601002029", "request_id": "10f2220e9efd485b95a7d9f25624d938", "position": {"x": -932.0897862884998, "y": -174.23777807077053}, "channel": 14}, "attempt": 1}
2026-09-12 21:02:34,034 INFO response {"request_id": "10f2220e9efd485b95a7d9f25624d938", "http_status": 200, "body": {"accepted": true, "real_timestamp_ms": 1789218150875, "virtual_time_s": 3436.186458, "measure_result": "no_signal"}}
2026-09-12 21:02:34,049 INFO request {"path": "/measure", "payload": {"arena_id": "default", "robot_id": "202601002029", "request_id": "4cb9b5c47ebb4863b9ff3d222f1a38fe", "position": {"x": -932.0897862884998, "y": -174.23777807077053}, "channel": 15}, "attempt": 1}
2026-09-12 21:02:34,050 INFO response {"request_id": "4cb9b5c47ebb4863b9ff3d222f1a38fe", "http_status": 200, "body": {"accepted": true, "real_timestamp_ms": 1789218150892, "virtual_time_s": 3442.186458, "measure_result": "no_signal"}}
2026-09-12 21:02:34,065 INFO request {"path": "/measure", "payload": {"arena_id": "default", "robot_id": "202601002029", "request_id": "2c313d8a91184536b77b76a89181af8b", "position": {"x": -932.0897862884998, "y": -174.23777807077053}, "channel": 16}, "attempt": 1}
2026-09-12 21:02:34,084 INFO response {"request_id": "2c313d8a91184536b77b76a89181af8b", "http_status": 200, "body": {"accepted": true, "real_timestamp_ms": 1789218150925, "virtual_time_s": 3448.186458, "measure_result": "no_signal"}}
2026-09-12 21:02:34,084 INFO request {"path": "/measure", "payload": {"arena_id": "default", "robot_id": "202601002029", "request_id": "90a6d16ce0a94df5aeeea506899651f3", "position": {"x": -932.0897862884998, "y": -174.23777807077053}, "channel": 18}, "attempt": 1}
2026-09-12 21:02:34,087 INFO response {"request_id": "90a6d16ce0a94df5aeeea506899651f3", "http_status": 200, "body": {"accepted": true, "real_timestamp_ms": 1789218150928, "virtual_time_s": 3454.186458, "measure_result": "no_signal"}}
2026-09-12 21:02:34,117 INFO request {"path": "/measure", "payload": {"arena_id": "default", "robot_id": "202601002029", "request_id": "ee387cc5d0254337b376ae70a7efcf6f", "position": {"x": -932.0897862884998, "y": -174.23777807077053}, "channel": 19}, "attempt": 1}
2026-09-12 21:02:34,120 INFO response {"request_id": "ee387cc5d0254337b376ae70a7efcf6f", "http_status": 200, "body": {"accepted": true, "real_timestamp_ms": 1789218150961, "virtual_time_s": 3460.186458, "measure_result": "no_signal"}}
2026-09-12 21:02:34,151 INFO request {"path": "/measure", "payload": {"arena_id": "default", "robot_id": "202601002029", "request_id": "df27afcafe654b54a2c3ac02f016b98b", "position": {"x": -932.0897862884998, "y": -174.23777807077053}, "channel": 20}, "attempt": 1}
2026-09-12 21:02:34,163 INFO response {"request_id": "df27afcafe654b54a2c3ac02f016b98b", "http_status": 200, "body": {"accepted": true, "real_timestamp_ms": 1789218151004, "virtual_time_s": 3466.186458, "measure_result": "no_signal"}}
2026-09-12 21:02:34,207 INFO request {"path": "/measure", "payload": {"arena_id": "default", "robot_id": "202601002029", "request_id": "c33feb782cdb48019ef07b81bf2b09f6", "position": {"x": -932.0897862884998, "y": -174.23777807077053}, "channel": 12}, "attempt": 1}
2026-09-12 21:02:34,221 INFO response {"request_id": "c33feb782cdb48019ef07b81bf2b09f6", "http_status": 200, "body": {"accepted": true, "real_timestamp_ms": 1789218151063, "virtual_time_s": 3472.186458, "measure_result": "direction", "svd_deg": 141.65}}
2026-09-12 21:02:34,251 INFO request {"path": "/measure", "payload": {"arena_id": "default", "robot_id": "202601002029", "request_id": "95fe248225f045e1b7ad7eba41740d0d", "position": {"x": -837.21381483022, "y": -518.3808474451137}, "channel": 3}, "attempt": 1}
2026-09-12 21:02:34,252 INFO response {"request_id": "95fe248225f045e1b7ad7eba41740d0d", "http_status": 200, "body": {"accepted": true, "real_timestamp_ms": 1789218151094, "virtual_time_s": 3549.582789, "measure_result": "no_signal"}}
2026-09-12 21:02:34,283 INFO request {"path": "/measure", "payload": {"arena_id": "default", "robot_id": "202601002029", "request_id": "d05f2bb0d66d417fb73711250b303a18", "position": {"x": -837.21381483022, "y": -518.3808474451137}, "channel": 4}, "attempt": 1}
2026-09-12 21:02:34,299 INFO response {"request_id": "d05f2bb0d66d417fb73711250b303a18", "http_status": 200, "body": {"accepted": true, "real_timestamp_ms": 1789218151141, "virtual_time_s": 3555.582789, "measure_result": "no_signal"}}
2026-09-12 21:02:34,315 INFO request {"path": "/measure", "payload": {"arena_id": "default", "robot_id": "202601002029", "request_id": "3db88de036c44b60a5a1f25dbc6947c7", "position": {"x": -837.21381483022, "y": -518.3808474451137}, "channel": 6}, "attempt": 1}
2026-09-12 21:02:34,330 INFO response {"request_id": "3db88de036c44b60a5a1f25dbc6947c7", "http_status": 200, "body": {"accepted": true, "real_timestamp_ms": 1789218151172, "virtual_time_s": 3561.582789, "measure_result": "no_signal"}}
2026-09-12 21:02:34,346 INFO request {"path": "/measure", "payload": {"arena_id": "default", "robot_id": "202601002029", "request_id": "795e31b4830243f4918e221f8966950c", "position": {"x": -837.21381483022, "y": -518.3808474451137}, "channel": 7}, "attempt": 1}
2026-09-12 21:02:34,360 INFO response {"request_id": "795e31b4830243f4918e221f8966950c", "http_status": 200, "body": {"accepted": true, "real_timestamp_ms": 1789218151201, "virtual_time_s": 3567.582789, "measure_result": "no_signal"}}
2026-09-12 21:02:34,376 INFO request {"path": "/measure", "payload": {"arena_id": "default", "robot_id": "202601002029", "request_id": "b4e2046b56b940e59573f53c4dacda76", "position": {"x": -837.21381483022, "y": -518.3808474451137}, "channel": 9}, "attempt": 1}
2026-09-12 21:02:34,390 INFO response {"request_id": "b4e2046b56b940e59573f53c4dacda76", "http_status": 200, "body": {"accepted": true, "real_timestamp_ms": 1789218151231, "virtual_time_s": 3573.582789, "measure_result": "no_signal"}}
2026-09-12 21:02:34,405 INFO request {"path": "/measure", "payload": {"arena_id": "default", "robot_id": "202601002029", "request_id": "a8d2dbe0f08a4075af3ce351ac018521", "position": {"x": -837.21381483022, "y": -518.3808474451137}, "channel": 11}, "attempt": 1}
2026-09-12 21:02:34,420 INFO response {"request_id": "a8d2dbe0f08a4075af3ce351ac018521", "http_status": 200, "body": {"accepted": true, "real_timestamp_ms": 1789218151261, "virtual_time_s": 3579.582789, "measure_result": "direction", "svd_deg": 260.12}}
2026-09-12 21:02:34,437 INFO request {"path": "/measure", "payload": {"arena_id": "default", "robot_id": "202601002029", "request_id": "dc62a9c6770e42dfbe41a6322f4e01dc", "position": {"x": -837.21381483022, "y": -518.3808474451137}, "channel": 14}, "attempt": 1}
2026-09-12 21:02:34,450 INFO response {"request_id": "dc62a9c6770e42dfbe41a6322f4e01dc", "http_status": 200, "body": {"accepted": true, "real_timestamp_ms": 1789218151291, "virtual_time_s": 3585.582789, "measure_result": "no_signal"}}
2026-09-12 21:02:34,466 INFO request {"path": "/measure", "payload": {"arena_id": "default", "robot_id": "202601002029", "request_id": "5ccbac0378b344c6aec6933d8c2d9ff6", "position": {"x": -837.21381483022, "y": -518.3808474451137}, "channel": 15}, "attempt": 1}
2026-09-12 21:02:34,479 INFO response {"request_id": "5ccbac0378b344c6aec6933d8c2d9ff6", "http_status": 200, "body": {"accepted": true, "real_timestamp_ms": 1789218151320, "virtual_time_s": 3591.582789, "measure_result": "no_signal"}}
2026-09-12 21:02:34,495 INFO request {"path": "/measure", "payload": {"arena_id": "default", "robot_id": "202601002029", "request_id": "a2bc7b70923d4d7da33abc9a765e834d", "position": {"x": -837.21381483022, "y": -518.3808474451137}, "channel": 16}, "attempt": 1}
2026-09-12 21:02:34,498 INFO response {"request_id": "a2bc7b70923d4d7da33abc9a765e834d", "http_status": 200, "body": {"accepted": true, "real_timestamp_ms": 1789218151338, "virtual_time_s": 3597.582789, "measure_result": "no_signal"}}
2026-09-12 21:02:34,528 INFO request {"path": "/measure", "payload": {"arena_id": "default", "robot_id": "202601002029", "request_id": "27463d504ad34b398fd6e7b7a7380517", "position": {"x": -837.21381483022, "y": -518.3808474451137}, "channel": 18}, "attempt": 1}
2026-09-12 21:02:34,547 INFO response {"request_id": "27463d504ad34b398fd6e7b7a7380517", "http_status": 200, "body": {"accepted": true, "real_timestamp_ms": 1789218151389, "virtual_time_s": 3603.582789, "measure_result": "no_signal"}}
2026-09-12 21:02:34,562 INFO request {"path": "/measure", "payload": {"arena_id": "default", "robot_id": "202601002029", "request_id": "eaa0af301a3242989a56bc7e34e428c6", "position": {"x": -837.21381483022, "y": -518.3808474451137}, "channel": 19}, "attempt": 1}
2026-09-12 21:02:34,577 INFO response {"request_id": "eaa0af301a3242989a56bc7e34e428c6", "http_status": 200, "body": {"accepted": true, "real_timestamp_ms": 1789218151419, "virtual_time_s": 3609.582789, "measure_result": "no_signal"}}
2026-09-12 21:02:34,593 INFO request {"path": "/measure", "payload": {"arena_id": "default", "robot_id": "202601002029", "request_id": "247f72fe306b4b37be95647f63bd07b9", "position": {"x": -837.21381483022, "y": -518.3808474451137}, "channel": 20}, "attempt": 1}
2026-09-12 21:02:34,606 INFO response {"request_id": "247f72fe306b4b37be95647f63bd07b9", "http_status": 200, "body": {"accepted": true, "real_timestamp_ms": 1789218151448, "virtual_time_s": 3615.582789, "measure_result": "no_signal"}}
2026-09-12 21:02:34,660 INFO request {"path": "/measure", "payload": {"arena_id": "default", "robot_id": "202601002029", "request_id": "ee2592d104fd4a31a2debbd8d9a1bbb2", "position": {"x": -837.21381483022, "y": -518.3808474451137}, "channel": 1}, "attempt": 1}
2026-09-12 21:02:34,662 INFO response {"request_id": "ee2592d104fd4a31a2debbd8d9a1bbb2", "http_status": 200, "body": {"accepted": true, "real_timestamp_ms": 1789218151504, "virtual_time_s": 3621.582789, "measure_result": "direction", "svd_deg": 193.18}}
2026-09-12 21:02:34,695 INFO request {"path": "/measure", "payload": {"arena_id": "default", "robot_id": "202601002029", "request_id": "1bd9ed43e7d54ddc8bc68ee077b09929", "position": {"x": -615.3963110319932, "y": -814.916415622645}, "channel": 3}, "attempt": 1}
2026-09-12 21:02:34,714 INFO response {"request_id": "1bd9ed43e7d54ddc8bc68ee077b09929", "http_status": 200, "body": {"accepted": true, "real_timestamp_ms": 1789218151555, "virtual_time_s": 3701.646639, "measure_result": "no_signal"}}
2026-09-12 21:02:34,729 INFO request {"path": "/measure", "payload": {"arena_id": "default", "robot_id": "202601002029", "request_id": "88d58de36a4d4f6db9dfa2fd1f3ada78", "position": {"x": -615.3963110319932, "y": -814.916415622645}, "channel": 4}, "attempt": 1}
2026-09-12 21:02:34,730 INFO response {"request_id": "88d58de36a4d4f6db9dfa2fd1f3ada78", "http_status": 200, "body": {"accepted": true, "real_timestamp_ms": 1789218151572, "virtual_time_s": 3707.646639, "measure_result": "no_signal"}}
2026-09-12 21:02:34,761 INFO request {"path": "/measure", "payload": {"arena_id": "default", "robot_id": "202601002029", "request_id": "f5866dd63bf04f278f5b25050e9855b1", "position": {"x": -615.3963110319932, "y": -814.916415622645}, "channel": 6}, "attempt": 1}
2026-09-12 21:02:34,782 INFO response {"request_id": "f5866dd63bf04f278f5b25050e9855b1", "http_status": 200, "body": {"accepted": true, "real_timestamp_ms": 1789218151624, "virtual_time_s": 3713.646639, "measure_result": "no_signal"}}
2026-09-12 21:02:34,798 INFO request {"path": "/measure", "payload": {"arena_id": "default", "robot_id": "202601002029", "request_id": "95a3b203609f40989c9c887c4cf87d8f", "position": {"x": -615.3963110319932, "y": -814.916415622645}, "channel": 7}, "attempt": 1}
2026-09-12 21:02:34,811 INFO response {"request_id": "95a3b203609f40989c9c887c4cf87d8f", "http_status": 200, "body": {"accepted": true, "real_timestamp_ms": 1789218151654, "virtual_time_s": 3719.646639, "measure_result": "no_signal"}}
2026-09-12 21:02:34,826 INFO request {"path": "/measure", "payload": {"arena_id": "default", "robot_id": "202601002029", "request_id": "cf4f78354bbe46abbba113547e06a66b", "position": {"x": -615.3963110319932, "y": -814.916415622645}, "channel": 9}, "attempt": 1}
2026-09-12 21:02:34,842 INFO response {"request_id": "cf4f78354bbe46abbba113547e06a66b", "http_status": 200, "body": {"accepted": true, "real_timestamp_ms": 1789218151683, "virtual_time_s": 3725.646639, "measure_result": "no_signal"}}
2026-09-12 21:02:34,856 INFO request {"path": "/measure", "payload": {"arena_id": "default", "robot_id": "202601002029", "request_id": "5bc273ece84042b0a1271f8be09e1c56", "position": {"x": -615.3963110319932, "y": -814.916415622645}, "channel": 14}, "attempt": 1}
2026-09-12 21:02:34,858 INFO response {"request_id": "5bc273ece84042b0a1271f8be09e1c56", "http_status": 200, "body": {"accepted": true, "real_timestamp_ms": 1789218151699, "virtual_time_s": 3731.646639, "measure_result": "no_signal"}}
2026-09-12 21:02:34,888 INFO request {"path": "/measure", "payload": {"arena_id": "default", "robot_id": "202601002029", "request_id": "9ff0f8441a624114bca8f845c8a9731c", "position": {"x": -615.3963110319932, "y": -814.916415622645}, "channel": 15}, "attempt": 1}
2026-09-12 21:02:34,889 INFO response {"request_id": "9ff0f8441a624114bca8f845c8a9731c", "http_status": 200, "body": {"accepted": true, "real_timestamp_ms": 1789218151731, "virtual_time_s": 3737.646639, "measure_result": "no_signal"}}
2026-09-12 21:02:34,920 INFO request {"path": "/measure", "payload": {"arena_id": "default", "robot_id": "202601002029", "request_id": "1ef5f0f6932d4b6393e9a40b3cafff46", "position": {"x": -615.3963110319932, "y": -814.916415622645}, "channel": 16}, "attempt": 1}
2026-09-12 21:02:34,921 INFO response {"request_id": "1ef5f0f6932d4b6393e9a40b3cafff46", "http_status": 200, "body": {"accepted": true, "real_timestamp_ms": 1789218151763, "virtual_time_s": 3743.646639, "measure_result": "no_signal"}}
2026-09-12 21:02:34,952 INFO request {"path": "/measure", "payload": {"arena_id": "default", "robot_id": "202601002029", "request_id": "f61f0fb3c9d74492b128e725bef23ff4", "position": {"x": -615.3963110319932, "y": -814.916415622645}, "channel": 18}, "attempt": 1}
2026-09-12 21:02:34,968 INFO response {"request_id": "f61f0fb3c9d74492b128e725bef23ff4", "http_status": 200, "body": {"accepted": true, "real_timestamp_ms": 1789218151809, "virtual_time_s": 3749.646639, "measure_result": "no_signal"}}
2026-09-12 21:02:34,983 INFO request {"path": "/measure", "payload": {"arena_id": "default", "robot_id": "202601002029", "request_id": "dfa9f524a5b34a1f8e35123cc1bf85da", "position": {"x": -615.3963110319932, "y": -814.916415622645}, "channel": 19}, "attempt": 1}
2026-09-12 21:02:34,985 INFO response {"request_id": "dfa9f524a5b34a1f8e35123cc1bf85da", "http_status": 200, "body": {"accepted": true, "real_timestamp_ms": 1789218151826, "virtual_time_s": 3755.646639, "measure_result": "no_signal"}}
2026-09-12 21:02:35,016 INFO request {"path": "/measure", "payload": {"arena_id": "default", "robot_id": "202601002029", "request_id": "f07d3d3d4be9402da75d4a2e763166a9", "position": {"x": -615.3963110319932, "y": -814.916415622645}, "channel": 20}, "attempt": 1}
2026-09-12 21:02:35,017 INFO response {"request_id": "f07d3d3d4be9402da75d4a2e763166a9", "http_status": 200, "body": {"accepted": true, "real_timestamp_ms": 1789218151858, "virtual_time_s": 3761.646639, "measure_result": "no_signal"}}
2026-09-12 21:02:35,083 INFO request {"path": "/measure", "payload": {"arena_id": "default", "robot_id": "202601002029", "request_id": "a017f6e7c6614f00be9652d96d25f7de", "position": {"x": -615.3963110319932, "y": -814.916415622645}, "channel": 13}, "attempt": 1}
2026-09-12 21:02:35,085 INFO response {"request_id": "a017f6e7c6614f00be9652d96d25f7de", "http_status": 200, "body": {"accepted": true, "real_timestamp_ms": 1789218151927, "virtual_time_s": 3767.646639, "measure_result": "direction", "svd_deg": 357.27}}
2026-09-12 21:02:35,120 INFO request {"path": "/measure", "payload": {"arena_id": "default", "robot_id": "202601002029", "request_id": "3dcea9fcef614ba59e32f3d06cddad58", "position": {"x": -615.3963110319932, "y": -814.916415622645}, "channel": 11}, "attempt": 1}
2026-09-12 21:02:35,135 INFO response {"request_id": "3dcea9fcef614ba59e32f3d06cddad58", "http_status": 200, "body": {"accepted": true, "real_timestamp_ms": 1789218151977, "virtual_time_s": 3773.646639, "measure_result": "direction", "svd_deg": 237.45}}
2026-09-12 21:02:35,153 INFO request {"path": "/measure", "payload": {"arena_id": "default", "robot_id": "202601002029", "request_id": "7c5469414db64a00a83337b34368304d", "position": {"x": -615.3963110319932, "y": -814.916415622645}, "channel": 1}, "attempt": 1}
2026-09-12 21:02:35,155 INFO response {"request_id": "7c5469414db64a00a83337b34368304d", "http_status": 200, "body": {"accepted": true, "real_timestamp_ms": 1789218151996, "virtual_time_s": 3779.646639, "measure_result": "direction", "svd_deg": 173.15}}
2026-09-12 21:02:35,190 INFO request {"path": "/measure", "payload": {"arena_id": "default", "robot_id": "202601002029", "request_id": "5b80dfbb7caf4d80a878a0b703e927af", "position": {"x": -289.4388565585917, "y": -1017.2720626027813}, "channel": 3}, "attempt": 1}
2026-09-12 21:02:35,205 INFO response {"request_id": "5b80dfbb7caf4d80a878a0b703e927af", "http_status": 200, "body": {"accepted": true, "real_timestamp_ms": 1789218152047, "virtual_time_s": 3862.378919, "measure_result": "no_signal"}}
2026-09-12 21:02:35,221 INFO request {"path": "/measure", "payload": {"arena_id": "default", "robot_id": "202601002029", "request_id": "75703e4bd9df4b13882fbb00d8e3c1eb", "position": {"x": -289.4388565585917, "y": -1017.2720626027813}, "channel": 4}, "attempt": 1}
2026-09-12 21:02:35,222 INFO response {"request_id": "75703e4bd9df4b13882fbb00d8e3c1eb", "http_status": 200, "body": {"accepted": true, "real_timestamp_ms": 1789218152064, "virtual_time_s": 3868.378919, "measure_result": "no_signal"}}
2026-09-12 21:02:35,238 INFO request {"path": "/measure", "payload": {"arena_id": "default", "robot_id": "202601002029", "request_id": "f7cde1e2e10a482dab55c587992affdd", "position": {"x": -289.4388565585917, "y": -1017.2720626027813}, "channel": 6}, "attempt": 1}
2026-09-12 21:02:35,254 INFO response {"request_id": "f7cde1e2e10a482dab55c587992affdd", "http_status": 200, "body": {"accepted": true, "real_timestamp_ms": 1789218152096, "virtual_time_s": 3874.378919, "measure_result": "no_signal"}}
2026-09-12 21:02:35,269 INFO request {"path": "/measure", "payload": {"arena_id": "default", "robot_id": "202601002029", "request_id": "85c982656b104afca811e158b85f428a", "position": {"x": -289.4388565585917, "y": -1017.2720626027813}, "channel": 7}, "attempt": 1}
2026-09-12 21:02:35,283 INFO response {"request_id": "85c982656b104afca811e158b85f428a", "http_status": 200, "body": {"accepted": true, "real_timestamp_ms": 1789218152124, "virtual_time_s": 3880.378919, "measure_result": "no_signal"}}
2026-09-12 21:02:35,314 INFO request {"path": "/measure", "payload": {"arena_id": "default", "robot_id": "202601002029", "request_id": "6af751074e5b4365b8d98392e477c8a4", "position": {"x": -289.4388565585917, "y": -1017.2720626027813}, "channel": 9}, "attempt": 1}
2026-09-12 21:02:35,316 INFO response {"request_id": "6af751074e5b4365b8d98392e477c8a4", "http_status": 200, "body": {"accepted": true, "real_timestamp_ms": 1789218152157, "virtual_time_s": 3886.378919, "measure_result": "no_signal"}}
2026-09-12 21:02:35,331 INFO request {"path": "/measure", "payload": {"arena_id": "default", "robot_id": "202601002029", "request_id": "48b6f42524a848e59b165b9ece192146", "position": {"x": -289.4388565585917, "y": -1017.2720626027813}, "channel": 14}, "attempt": 1}
2026-09-12 21:02:35,333 INFO response {"request_id": "48b6f42524a848e59b165b9ece192146", "http_status": 200, "body": {"accepted": true, "real_timestamp_ms": 1789218152174, "virtual_time_s": 3892.378919, "measure_result": "no_signal"}}
2026-09-12 21:02:35,347 INFO request {"path": "/measure", "payload": {"arena_id": "default", "robot_id": "202601002029", "request_id": "cfe4492b62b84083bffc7914af0c5831", "position": {"x": -289.4388565585917, "y": -1017.2720626027813}, "channel": 15}, "attempt": 1}
2026-09-12 21:02:35,361 INFO response {"request_id": "cfe4492b62b84083bffc7914af0c5831", "http_status": 200, "body": {"accepted": true, "real_timestamp_ms": 1789218152203, "virtual_time_s": 3898.378919, "measure_result": "no_signal"}}
2026-09-12 21:02:35,392 INFO request {"path": "/measure", "payload": {"arena_id": "default", "robot_id": "202601002029", "request_id": "0f68818cfb734da289c17bc1b5367bc7", "position": {"x": -289.4388565585917, "y": -1017.2720626027813}, "channel": 16}, "attempt": 1}
2026-09-12 21:02:35,395 INFO response {"request_id": "0f68818cfb734da289c17bc1b5367bc7", "http_status": 200, "body": {"accepted": true, "real_timestamp_ms": 1789218152236, "virtual_time_s": 3904.378919, "measure_result": "no_signal"}}
2026-09-12 21:02:35,411 INFO request {"path": "/measure", "payload": {"arena_id": "default", "robot_id": "202601002029", "request_id": "0d06d08808c04d47bb3a5f3010a4c8da", "position": {"x": -289.4388565585917, "y": -1017.2720626027813}, "channel": 18}, "attempt": 1}
2026-09-12 21:02:35,430 INFO response {"request_id": "0d06d08808c04d47bb3a5f3010a4c8da", "http_status": 200, "body": {"accepted": true, "real_timestamp_ms": 1789218152271, "virtual_time_s": 3910.378919, "measure_result": "no_signal"}}
2026-09-12 21:02:35,444 INFO request {"path": "/measure", "payload": {"arena_id": "default", "robot_id": "202601002029", "request_id": "8e155ee0ec0c433fb05baca504448bf5", "position": {"x": -289.4388565585917, "y": -1017.2720626027813}, "channel": 19}, "attempt": 1}
2026-09-12 21:02:35,460 INFO response {"request_id": "8e155ee0ec0c433fb05baca504448bf5", "http_status": 200, "body": {"accepted": true, "real_timestamp_ms": 1789218152302, "virtual_time_s": 3916.378919, "measure_result": "no_signal"}}
2026-09-12 21:02:35,475 INFO request {"path": "/measure", "payload": {"arena_id": "default", "robot_id": "202601002029", "request_id": "82e0ee7b4b004c749ef22d17002894c0", "position": {"x": -289.4388565585917, "y": -1017.2720626027813}, "channel": 20}, "attempt": 1}
2026-09-12 21:02:35,490 INFO response {"request_id": "82e0ee7b4b004c749ef22d17002894c0", "http_status": 200, "body": {"accepted": true, "real_timestamp_ms": 1789218152332, "virtual_time_s": 3922.378919, "measure_result": "no_signal"}}
2026-09-12 21:02:35,589 INFO request {"path": "/measure", "payload": {"arena_id": "default", "robot_id": "202601002029", "request_id": "f62709d0321041ea88b69aaafaf5c630", "position": {"x": -289.4388565585917, "y": -1017.2720626027813}, "channel": 11}, "attempt": 1}
2026-09-12 21:02:35,609 INFO response {"request_id": "f62709d0321041ea88b69aaafaf5c630", "http_status": 200, "body": {"accepted": true, "real_timestamp_ms": 1789218152450, "virtual_time_s": 3928.378919, "measure_result": "direction", "svd_deg": 209.42}}
2026-09-12 21:02:35,617 INFO request {"path": "/measure", "payload": {"arena_id": "default", "robot_id": "202601002029", "request_id": "e5a95701b8854c1f819c884b202f7e40", "position": {"x": -289.4388565585917, "y": -1017.2720626027813}, "channel": 13}, "attempt": 1}
2026-09-12 21:02:35,640 INFO response {"request_id": "e5a95701b8854c1f819c884b202f7e40", "http_status": 200, "body": {"accepted": true, "real_timestamp_ms": 1789218152480, "virtual_time_s": 3934.378919, "measure_result": "direction", "svd_deg": 16.64}}
2026-09-12 21:02:35,652 INFO request {"path": "/measure", "payload": {"arena_id": "default", "robot_id": "202601002029", "request_id": "b5660a9350fc4b74b3425a41c2b48153", "position": {"x": 100.95244035396591, "y": -1089.4503340639787}, "channel": 3}, "attempt": 1}
2026-09-12 21:02:35,668 INFO response {"request_id": "b5660a9350fc4b74b3425a41c2b48153", "http_status": 200, "body": {"accepted": true, "real_timestamp_ms": 1789218152510, "virtual_time_s": 4019.780447, "measure_result": "no_signal"}}
2026-09-12 21:02:35,684 INFO request {"path": "/measure", "payload": {"arena_id": "default", "robot_id": "202601002029", "request_id": "236597d4a99149fbb41a7059e93afeec", "position": {"x": 100.95244035396591, "y": -1089.4503340639787}, "channel": 4}, "attempt": 1}
2026-09-12 21:02:35,699 INFO response {"request_id": "236597d4a99149fbb41a7059e93afeec", "http_status": 200, "body": {"accepted": true, "real_timestamp_ms": 1789218152540, "virtual_time_s": 4025.780447, "measure_result": "no_signal"}}
2026-09-12 21:02:35,714 INFO request {"path": "/measure", "payload": {"arena_id": "default", "robot_id": "202601002029", "request_id": "8cc5d798ceb74f8ca0247c74f4ea31b4", "position": {"x": 100.95244035396591, "y": -1089.4503340639787}, "channel": 6}, "attempt": 1}
2026-09-12 21:02:35,728 INFO response {"request_id": "8cc5d798ceb74f8ca0247c74f4ea31b4", "http_status": 200, "body": {"accepted": true, "real_timestamp_ms": 1789218152570, "virtual_time_s": 4031.780447, "measure_result": "no_signal"}}
2026-09-12 21:02:35,744 INFO request {"path": "/measure", "payload": {"arena_id": "default", "robot_id": "202601002029", "request_id": "0045fde8dce74a768b60932e4d5eb2d5", "position": {"x": 100.95244035396591, "y": -1089.4503340639787}, "channel": 7}, "attempt": 1}
2026-09-12 21:02:35,745 INFO response {"request_id": "0045fde8dce74a768b60932e4d5eb2d5", "http_status": 200, "body": {"accepted": true, "real_timestamp_ms": 1789218152587, "virtual_time_s": 4037.780447, "measure_result": "no_signal"}}
2026-09-12 21:02:35,776 INFO request {"path": "/measure", "payload": {"arena_id": "default", "robot_id": "202601002029", "request_id": "17fbebadc7a5430bb7151134bd2981d9", "position": {"x": 100.95244035396591, "y": -1089.4503340639787}, "channel": 9}, "attempt": 1}
2026-09-12 21:02:35,778 INFO response {"request_id": "17fbebadc7a5430bb7151134bd2981d9", "http_status": 200, "body": {"accepted": true, "real_timestamp_ms": 1789218152619, "virtual_time_s": 4043.780447, "measure_result": "no_signal"}}
2026-09-12 21:02:35,809 INFO request {"path": "/measure", "payload": {"arena_id": "default", "robot_id": "202601002029", "request_id": "25ab65f4cedd48cf9dbe630ee33b8687", "position": {"x": 100.95244035396591, "y": -1089.4503340639787}, "channel": 14}, "attempt": 1}
2026-09-12 21:02:35,811 INFO response {"request_id": "25ab65f4cedd48cf9dbe630ee33b8687", "http_status": 200, "body": {"accepted": true, "real_timestamp_ms": 1789218152652, "virtual_time_s": 4049.780447, "measure_result": "no_signal"}}
2026-09-12 21:02:35,842 INFO request {"path": "/measure", "payload": {"arena_id": "default", "robot_id": "202601002029", "request_id": "bea094a0137c47a9967d3bebef299b45", "position": {"x": 100.95244035396591, "y": -1089.4503340639787}, "channel": 15}, "attempt": 1}
2026-09-12 21:02:35,844 INFO response {"request_id": "bea094a0137c47a9967d3bebef299b45", "http_status": 200, "body": {"accepted": true, "real_timestamp_ms": 1789218152685, "virtual_time_s": 4055.780447, "measure_result": "no_signal"}}
2026-09-12 21:02:35,875 INFO request {"path": "/measure", "payload": {"arena_id": "default", "robot_id": "202601002029", "request_id": "ae9243508efd470996fab46f073eb6ec", "position": {"x": 100.95244035396591, "y": -1089.4503340639787}, "channel": 16}, "attempt": 1}
2026-09-12 21:02:35,877 INFO response {"request_id": "ae9243508efd470996fab46f073eb6ec", "http_status": 200, "body": {"accepted": true, "real_timestamp_ms": 1789218152718, "virtual_time_s": 4061.780447, "measure_result": "no_signal"}}
2026-09-12 21:02:35,907 INFO request {"path": "/measure", "payload": {"arena_id": "default", "robot_id": "202601002029", "request_id": "081497db314e4691be9a9ef070015316", "position": {"x": 100.95244035396591, "y": -1089.4503340639787}, "channel": 18}, "attempt": 1}
2026-09-12 21:02:35,924 INFO response {"request_id": "081497db314e4691be9a9ef070015316", "http_status": 200, "body": {"accepted": true, "real_timestamp_ms": 1789218152766, "virtual_time_s": 4067.780447, "measure_result": "no_signal"}}
2026-09-12 21:02:35,939 INFO request {"path": "/measure", "payload": {"arena_id": "default", "robot_id": "202601002029", "request_id": "bbffe51540a74ff887831155bd903702", "position": {"x": 100.95244035396591, "y": -1089.4503340639787}, "channel": 19}, "attempt": 1}
2026-09-12 21:02:35,953 INFO response {"request_id": "bbffe51540a74ff887831155bd903702", "http_status": 200, "body": {"accepted": true, "real_timestamp_ms": 1789218152795, "virtual_time_s": 4073.780447, "measure_result": "no_signal"}}
2026-09-12 21:02:35,969 INFO request {"path": "/measure", "payload": {"arena_id": "default", "robot_id": "202601002029", "request_id": "a2f0e0c4dd424450b58db0a0cb1ee1d2", "position": {"x": 100.95244035396591, "y": -1089.4503340639787}, "channel": 20}, "attempt": 1}
2026-09-12 21:02:35,983 INFO response {"request_id": "a2f0e0c4dd424450b58db0a0cb1ee1d2", "http_status": 200, "body": {"accepted": true, "real_timestamp_ms": 1789218152824, "virtual_time_s": 4079.780447, "measure_result": "no_signal"}}
2026-09-12 21:02:35,994 INFO request {"path": "/measure", "payload": {"arena_id": "default", "robot_id": "202601002029", "request_id": "910a53a11d224531934ed142e77a71a2", "position": {"x": 100.95244035396591, "y": -1089.4503340639787}, "channel": 11}, "attempt": 1}
2026-09-12 21:02:36,012 INFO response {"request_id": "910a53a11d224531934ed142e77a71a2", "http_status": 200, "body": {"accepted": true, "real_timestamp_ms": 1789218152854, "virtual_time_s": 4085.780447, "measure_result": "no_signal"}}
2026-09-12 21:02:36,027 INFO request {"path": "/measure", "payload": {"arena_id": "default", "robot_id": "202601002029", "request_id": "450fd66444b24c2689ec3d99d1994eaf", "position": {"x": 503.946541060297, "y": -1012.0610858731943}, "channel": 3}, "attempt": 1}
2026-09-12 21:02:36,028 INFO response {"request_id": "450fd66444b24c2689ec3d99d1994eaf", "http_status": 200, "body": {"accepted": true, "real_timestamp_ms": 1789218152870, "virtual_time_s": 4173.851962, "measure_result": "no_signal"}}
2026-09-12 21:02:36,059 INFO request {"path": "/measure", "payload": {"arena_id": "default", "robot_id": "202601002029", "request_id": "72cff364d9de49128f92f55021bbd52e", "position": {"x": 503.946541060297, "y": -1012.0610858731943}, "channel": 4}, "attempt": 1}
2026-09-12 21:02:36,072 INFO response {"request_id": "72cff364d9de49128f92f55021bbd52e", "http_status": 200, "body": {"accepted": true, "real_timestamp_ms": 1789218152913, "virtual_time_s": 4179.851962, "measure_result": "no_signal"}}
2026-09-12 21:02:36,088 INFO request {"path": "/measure", "payload": {"arena_id": "default", "robot_id": "202601002029", "request_id": "e455d83165d94d96b528102f9f379847", "position": {"x": 503.946541060297, "y": -1012.0610858731943}, "channel": 6}, "attempt": 1}
2026-09-12 21:02:36,089 INFO response {"request_id": "e455d83165d94d96b528102f9f379847", "http_status": 200, "body": {"accepted": true, "real_timestamp_ms": 1789218152931, "virtual_time_s": 4185.851962, "measure_result": "no_signal"}}
2026-09-12 21:02:36,119 INFO request {"path": "/measure", "payload": {"arena_id": "default", "robot_id": "202601002029", "request_id": "b9d82e4e30c64790a6c33c7c12c2a42c", "position": {"x": 503.946541060297, "y": -1012.0610858731943}, "channel": 7}, "attempt": 1}
2026-09-12 21:02:36,122 INFO response {"request_id": "b9d82e4e30c64790a6c33c7c12c2a42c", "http_status": 200, "body": {"accepted": true, "real_timestamp_ms": 1789218152963, "virtual_time_s": 4191.851962, "measure_result": "no_signal"}}
2026-09-12 21:02:36,153 INFO request {"path": "/measure", "payload": {"arena_id": "default", "robot_id": "202601002029", "request_id": "ae1e1e9094a147e7ab730a3405829487", "position": {"x": 503.946541060297, "y": -1012.0610858731943}, "channel": 9}, "attempt": 1}
2026-09-12 21:02:36,156 INFO response {"request_id": "ae1e1e9094a147e7ab730a3405829487", "http_status": 200, "body": {"accepted": true, "real_timestamp_ms": 1789218152997, "virtual_time_s": 4197.851962, "measure_result": "no_signal"}}
2026-09-12 21:02:36,186 INFO request {"path": "/measure", "payload": {"arena_id": "default", "robot_id": "202601002029", "request_id": "f791815bdcfe4336876274958362e92f", "position": {"x": 503.946541060297, "y": -1012.0610858731943}, "channel": 14}, "attempt": 1}
2026-09-12 21:02:36,190 INFO response {"request_id": "f791815bdcfe4336876274958362e92f", "http_status": 200, "body": {"accepted": true, "real_timestamp_ms": 1789218153031, "virtual_time_s": 4203.851962, "measure_result": "no_signal"}}
2026-09-12 21:02:36,221 INFO request {"path": "/measure", "payload": {"arena_id": "default", "robot_id": "202601002029", "request_id": "372dde68867b46b7a36204f2eaacc902", "position": {"x": 503.946541060297, "y": -1012.0610858731943}, "channel": 15}, "attempt": 1}
2026-09-12 21:02:36,241 INFO response {"request_id": "372dde68867b46b7a36204f2eaacc902", "http_status": 200, "body": {"accepted": true, "real_timestamp_ms": 1789218153081, "virtual_time_s": 4209.851962, "measure_result": "no_signal"}}
2026-09-12 21:02:36,241 INFO request {"path": "/measure", "payload": {"arena_id": "default", "robot_id": "202601002029", "request_id": "942c0481c3a94b549e3879c770303d0e", "position": {"x": 503.946541060297, "y": -1012.0610858731943}, "channel": 16}, "attempt": 1}
2026-09-12 21:02:36,243 INFO response {"request_id": "942c0481c3a94b549e3879c770303d0e", "http_status": 200, "body": {"accepted": true, "real_timestamp_ms": 1789218153084, "virtual_time_s": 4215.851962, "measure_result": "no_signal"}}
2026-09-12 21:02:36,274 INFO request {"path": "/measure", "payload": {"arena_id": "default", "robot_id": "202601002029", "request_id": "7d0d931b37fd409e94c27f0f3b8c99bc", "position": {"x": 503.946541060297, "y": -1012.0610858731943}, "channel": 18}, "attempt": 1}
2026-09-12 21:02:36,288 INFO response {"request_id": "7d0d931b37fd409e94c27f0f3b8c99bc", "http_status": 200, "body": {"accepted": true, "real_timestamp_ms": 1789218153130, "virtual_time_s": 4221.851962, "measure_result": "no_signal"}}
2026-09-12 21:02:36,303 INFO request {"path": "/measure", "payload": {"arena_id": "default", "robot_id": "202601002029", "request_id": "b36bbc2ab09a46adbc99afe43ec838de", "position": {"x": 503.946541060297, "y": -1012.0610858731943}, "channel": 19}, "attempt": 1}
2026-09-12 21:02:36,318 INFO response {"request_id": "b36bbc2ab09a46adbc99afe43ec838de", "http_status": 200, "body": {"accepted": true, "real_timestamp_ms": 1789218153159, "virtual_time_s": 4227.851962, "measure_result": "no_signal"}}
2026-09-12 21:02:36,333 INFO request {"path": "/measure", "payload": {"arena_id": "default", "robot_id": "202601002029", "request_id": "e84049acb93a404a90cc3ba0e5f101b7", "position": {"x": 503.946541060297, "y": -1012.0610858731943}, "channel": 20}, "attempt": 1}
2026-09-12 21:02:36,347 INFO response {"request_id": "e84049acb93a404a90cc3ba0e5f101b7", "http_status": 200, "body": {"accepted": true, "real_timestamp_ms": 1789218153189, "virtual_time_s": 4233.851962, "measure_result": "no_signal"}}
2026-09-12 21:02:36,364 INFO request {"path": "/measure", "payload": {"arena_id": "default", "robot_id": "202601002029", "request_id": "f14a0fdc38db4b429bf8236413d206fb", "position": {"x": 862.4668775092866, "y": -786.242445291041}, "channel": 20}, "attempt": 1}
2026-09-12 21:02:36,364 INFO response {"request_id": "f14a0fdc38db4b429bf8236413d206fb", "http_status": 200, "body": {"accepted": true, "real_timestamp_ms": 1789218153206, "virtual_time_s": 4323.594133, "measure_result": "no_signal"}}
2026-09-12 21:02:36,396 INFO request {"path": "/measure", "payload": {"arena_id": "default", "robot_id": "202601002029", "request_id": "2c7069cfe9f14b3bad5588aa1f961018", "position": {"x": 862.4668775092866, "y": -786.242445291041}, "channel": 3}, "attempt": 1}
2026-09-12 21:02:36,416 INFO response {"request_id": "2c7069cfe9f14b3bad5588aa1f961018", "http_status": 200, "body": {"accepted": true, "real_timestamp_ms": 1789218153258, "virtual_time_s": 4329.594133, "measure_result": "no_signal"}}
2026-09-12 21:02:36,431 INFO request {"path": "/measure", "payload": {"arena_id": "default", "robot_id": "202601002029", "request_id": "65a7bf98a0284a12ae621c2f23ab3328", "position": {"x": 862.4668775092866, "y": -786.242445291041}, "channel": 4}, "attempt": 1}
2026-09-12 21:02:36,446 INFO response {"request_id": "65a7bf98a0284a12ae621c2f23ab3328", "http_status": 200, "body": {"accepted": true, "real_timestamp_ms": 1789218153288, "virtual_time_s": 4335.594133, "measure_result": "no_signal"}}
2026-09-12 21:02:36,462 INFO request {"path": "/measure", "payload": {"arena_id": "default", "robot_id": "202601002029", "request_id": "4ab693b02f124573aebf19905df35030", "position": {"x": 862.4668775092866, "y": -786.242445291041}, "channel": 6}, "attempt": 1}
2026-09-12 21:02:36,476 INFO response {"request_id": "4ab693b02f124573aebf19905df35030", "http_status": 200, "body": {"accepted": true, "real_timestamp_ms": 1789218153318, "virtual_time_s": 4341.594133, "measure_result": "no_signal"}}
2026-09-12 21:02:36,492 INFO request {"path": "/measure", "payload": {"arena_id": "default", "robot_id": "202601002029", "request_id": "d7ea236e0d63413a98a319259262b64e", "position": {"x": 862.4668775092866, "y": -786.242445291041}, "channel": 7}, "attempt": 1}
2026-09-12 21:02:36,506 INFO response {"request_id": "d7ea236e0d63413a98a319259262b64e", "http_status": 200, "body": {"accepted": true, "real_timestamp_ms": 1789218153347, "virtual_time_s": 4347.594133, "measure_result": "no_signal"}}
2026-09-12 21:02:36,521 INFO request {"path": "/measure", "payload": {"arena_id": "default", "robot_id": "202601002029", "request_id": "42e835fb6eea46d0be08a9a07da2fb29", "position": {"x": 862.4668775092866, "y": -786.242445291041}, "channel": 9}, "attempt": 1}
2026-09-12 21:02:36,535 INFO response {"request_id": "42e835fb6eea46d0be08a9a07da2fb29", "http_status": 200, "body": {"accepted": true, "real_timestamp_ms": 1789218153377, "virtual_time_s": 4353.594133, "measure_result": "no_signal"}}
2026-09-12 21:02:36,550 INFO request {"path": "/measure", "payload": {"arena_id": "default", "robot_id": "202601002029", "request_id": "91c15f44d58a41189341281114823bb0", "position": {"x": 862.4668775092866, "y": -786.242445291041}, "channel": 14}, "attempt": 1}
2026-09-12 21:02:36,564 INFO response {"request_id": "91c15f44d58a41189341281114823bb0", "http_status": 200, "body": {"accepted": true, "real_timestamp_ms": 1789218153405, "virtual_time_s": 4359.594133, "measure_result": "no_signal"}}
2026-09-12 21:02:36,595 INFO request {"path": "/measure", "payload": {"arena_id": "default", "robot_id": "202601002029", "request_id": "4cf7217d0e8b430891854665d861e843", "position": {"x": 862.4668775092866, "y": -786.242445291041}, "channel": 15}, "attempt": 1}
2026-09-12 21:02:36,613 INFO response {"request_id": "4cf7217d0e8b430891854665d861e843", "http_status": 200, "body": {"accepted": true, "real_timestamp_ms": 1789218153455, "virtual_time_s": 4365.594133, "measure_result": "no_signal"}}
2026-09-12 21:02:36,613 INFO request {"path": "/measure", "payload": {"arena_id": "default", "robot_id": "202601002029", "request_id": "ae48a4172fd44dc9b4686586c238126a", "position": {"x": 862.4668775092866, "y": -786.242445291041}, "channel": 16}, "attempt": 1}
2026-09-12 21:02:36,616 INFO response {"request_id": "ae48a4172fd44dc9b4686586c238126a", "http_status": 200, "body": {"accepted": true, "real_timestamp_ms": 1789218153457, "virtual_time_s": 4371.594133, "measure_result": "no_signal"}}
2026-09-12 21:02:36,647 INFO request {"path": "/measure", "payload": {"arena_id": "default", "robot_id": "202601002029", "request_id": "305cd3032677492499bff98139ffb20d", "position": {"x": 862.4668775092866, "y": -786.242445291041}, "channel": 18}, "attempt": 1}
2026-09-12 21:02:36,663 INFO response {"request_id": "305cd3032677492499bff98139ffb20d", "http_status": 200, "body": {"accepted": true, "real_timestamp_ms": 1789218153504, "virtual_time_s": 4377.594133, "measure_result": "no_signal"}}
2026-09-12 21:02:36,678 INFO request {"path": "/measure", "payload": {"arena_id": "default", "robot_id": "202601002029", "request_id": "fda53cf47a8f4e7aae20b9d7cead1b69", "position": {"x": 862.4668775092866, "y": -786.242445291041}, "channel": 19}, "attempt": 1}
2026-09-12 21:02:36,679 INFO response {"request_id": "fda53cf47a8f4e7aae20b9d7cead1b69", "http_status": 200, "body": {"accepted": true, "real_timestamp_ms": 1789218153520, "virtual_time_s": 4383.594133, "measure_result": "no_signal"}}
2026-09-12 21:02:36,711 INFO request {"path": "/measure", "payload": {"arena_id": "default", "robot_id": "202601002029", "request_id": "60802280100c41f1bab446a6977fa7bc", "position": {"x": 1122.2577537419484, "y": -434.7649700111258}, "channel": 19}, "attempt": 1}
2026-09-12 21:02:36,732 INFO response {"request_id": "60802280100c41f1bab446a6977fa7bc", "http_status": 200, "body": {"accepted": true, "real_timestamp_ms": 1789218153573, "virtual_time_s": 4476.007568, "measure_result": "no_signal"}}
2026-09-12 21:02:36,747 INFO request {"path": "/measure", "payload": {"arena_id": "default", "robot_id": "202601002029", "request_id": "578d5f6009a5473a94cf2592b80e88e2", "position": {"x": 1122.2577537419484, "y": -434.7649700111258}, "channel": 3}, "attempt": 1}
2026-09-12 21:02:36,760 INFO response {"request_id": "578d5f6009a5473a94cf2592b80e88e2", "http_status": 200, "body": {"accepted": true, "real_timestamp_ms": 1789218153602, "virtual_time_s": 4482.007568, "measure_result": "no_signal"}}
2026-09-12 21:02:36,775 INFO request {"path": "/measure", "payload": {"arena_id": "default", "robot_id": "202601002029", "request_id": "2f971cc6aff34ff5afd2d35751c5d04f", "position": {"x": 1122.2577537419484, "y": -434.7649700111258}, "channel": 4}, "attempt": 1}
2026-09-12 21:02:36,790 INFO response {"request_id": "2f971cc6aff34ff5afd2d35751c5d04f", "http_status": 200, "body": {"accepted": true, "real_timestamp_ms": 1789218153632, "virtual_time_s": 4488.007568, "measure_result": "no_signal"}}
2026-09-12 21:02:36,805 INFO request {"path": "/measure", "payload": {"arena_id": "default", "robot_id": "202601002029", "request_id": "c7327b8c93b343dd895486e1d2803ada", "position": {"x": 1122.2577537419484, "y": -434.7649700111258}, "channel": 6}, "attempt": 1}
2026-09-12 21:02:36,806 INFO response {"request_id": "c7327b8c93b343dd895486e1d2803ada", "http_status": 200, "body": {"accepted": true, "real_timestamp_ms": 1789218153648, "virtual_time_s": 4494.007568, "measure_result": "no_signal"}}
2026-09-12 21:02:36,836 INFO request {"path": "/measure", "payload": {"arena_id": "default", "robot_id": "202601002029", "request_id": "434bd0b90c8c4739924d27c5df22be18", "position": {"x": 1122.2577537419484, "y": -434.7649700111258}, "channel": 7}, "attempt": 1}
2026-09-12 21:02:36,838 INFO response {"request_id": "434bd0b90c8c4739924d27c5df22be18", "http_status": 200, "body": {"accepted": true, "real_timestamp_ms": 1789218153679, "virtual_time_s": 4500.007568, "measure_result": "no_signal"}}
2026-09-12 21:02:36,868 INFO request {"path": "/measure", "payload": {"arena_id": "default", "robot_id": "202601002029", "request_id": "b5cde642e5ce43ca996cfc444bfe515a", "position": {"x": 1122.2577537419484, "y": -434.7649700111258}, "channel": 9}, "attempt": 1}
2026-09-12 21:02:36,879 INFO response {"request_id": "b5cde642e5ce43ca996cfc444bfe515a", "http_status": 200, "body": {"accepted": true, "real_timestamp_ms": 1789218153720, "virtual_time_s": 4506.007568, "measure_result": "no_signal"}}
2026-09-12 21:02:36,893 INFO request {"path": "/measure", "payload": {"arena_id": "default", "robot_id": "202601002029", "request_id": "64c6b1d5935f4c6c929f38fb34031084", "position": {"x": 1122.2577537419484, "y": -434.7649700111258}, "channel": 14}, "attempt": 1}
2026-09-12 21:02:36,894 INFO response {"request_id": "64c6b1d5935f4c6c929f38fb34031084", "http_status": 200, "body": {"accepted": true, "real_timestamp_ms": 1789218153736, "virtual_time_s": 4512.007568, "measure_result": "no_signal"}}
2026-09-12 21:02:36,910 INFO request {"path": "/measure", "payload": {"arena_id": "default", "robot_id": "202601002029", "request_id": "20990488ff95490897efc5cd5114d92f", "position": {"x": 1122.2577537419484, "y": -434.7649700111258}, "channel": 15}, "attempt": 1}
2026-09-12 21:02:36,911 INFO response {"request_id": "20990488ff95490897efc5cd5114d92f", "http_status": 200, "body": {"accepted": true, "real_timestamp_ms": 1789218153753, "virtual_time_s": 4518.007568, "measure_result": "no_signal"}}
2026-09-12 21:02:36,942 INFO request {"path": "/measure", "payload": {"arena_id": "default", "robot_id": "202601002029", "request_id": "f66116ab6a10450e8b5a3aedbdc3fc8e", "position": {"x": 1122.2577537419484, "y": -434.7649700111258}, "channel": 16}, "attempt": 1}
2026-09-12 21:02:36,959 INFO response {"request_id": "f66116ab6a10450e8b5a3aedbdc3fc8e", "http_status": 200, "body": {"accepted": true, "real_timestamp_ms": 1789218153800, "virtual_time_s": 4524.007568, "measure_result": "no_signal"}}
2026-09-12 21:02:36,973 INFO request {"path": "/measure", "payload": {"arena_id": "default", "robot_id": "202601002029", "request_id": "f9040c2f7e464d06a875c018e74d4e22", "position": {"x": 1122.2577537419484, "y": -434.7649700111258}, "channel": 18}, "attempt": 1}
2026-09-12 21:02:36,987 INFO response {"request_id": "f9040c2f7e464d06a875c018e74d4e22", "http_status": 200, "body": {"accepted": true, "real_timestamp_ms": 1789218153829, "virtual_time_s": 4530.007568, "measure_result": "no_signal"}}
2026-09-12 21:02:37,002 INFO request {"path": "/measure", "payload": {"arena_id": "default", "robot_id": "202601002029", "request_id": "af8d76e1b1ff4ff286bc1d6b7d353c69", "position": {"x": 1122.2577537419484, "y": -434.7649700111258}, "channel": 20}, "attempt": 1}
2026-09-12 21:02:37,016 INFO response {"request_id": "af8d76e1b1ff4ff286bc1d6b7d353c69", "http_status": 200, "body": {"accepted": true, "real_timestamp_ms": 1789218153858, "virtual_time_s": 4536.007568, "measure_result": "no_signal"}}
2026-09-12 21:02:37,032 INFO request {"path": "/measure", "payload": {"arena_id": "default", "robot_id": "202601002029", "request_id": "1d8c632ef65f494baa09cc889b90f148", "position": {"x": 1240.0, "y": -6.074248123770871e-13}, "channel": 20}, "attempt": 1}
2026-09-12 21:02:37,046 INFO response {"request_id": "1d8c632ef65f494baa09cc889b90f148", "http_status": 200, "body": {"accepted": true, "real_timestamp_ms": 1789218153888, "virtual_time_s": 4631.09282, "measure_result": "no_signal"}}
2026-09-12 21:02:37,061 INFO request {"path": "/measure", "payload": {"arena_id": "default", "robot_id": "202601002029", "request_id": "7e9f36ca83cb4e7182298aa87b031477", "position": {"x": 1240.0, "y": -6.074248123770871e-13}, "channel": 3}, "attempt": 1}
2026-09-12 21:02:37,076 INFO response {"request_id": "7e9f36ca83cb4e7182298aa87b031477", "http_status": 200, "body": {"accepted": true, "real_timestamp_ms": 1789218153917, "virtual_time_s": 4637.09282, "measure_result": "no_signal"}}
2026-09-12 21:02:37,091 INFO request {"path": "/measure", "payload": {"arena_id": "default", "robot_id": "202601002029", "request_id": "3e68ce67360a4f34b8ed554b82c6078f", "position": {"x": 1240.0, "y": -6.074248123770871e-13}, "channel": 4}, "attempt": 1}
2026-09-12 21:02:37,105 INFO response {"request_id": "3e68ce67360a4f34b8ed554b82c6078f", "http_status": 200, "body": {"accepted": true, "real_timestamp_ms": 1789218153947, "virtual_time_s": 4643.09282, "measure_result": "no_signal"}}
2026-09-12 21:02:37,122 INFO request {"path": "/measure", "payload": {"arena_id": "default", "robot_id": "202601002029", "request_id": "58da26834357432a80d7699b96863196", "position": {"x": 1240.0, "y": -6.074248123770871e-13}, "channel": 6}, "attempt": 1}
2026-09-12 21:02:37,123 INFO response {"request_id": "58da26834357432a80d7699b96863196", "http_status": 200, "body": {"accepted": true, "real_timestamp_ms": 1789218153964, "virtual_time_s": 4649.09282, "measure_result": "no_signal"}}
2026-09-12 21:02:37,153 INFO request {"path": "/measure", "payload": {"arena_id": "default", "robot_id": "202601002029", "request_id": "8b8d031aacf546b98e825bb290f6aa59", "position": {"x": 1240.0, "y": -6.074248123770871e-13}, "channel": 7}, "attempt": 1}
2026-09-12 21:02:37,154 INFO response {"request_id": "8b8d031aacf546b98e825bb290f6aa59", "http_status": 200, "body": {"accepted": true, "real_timestamp_ms": 1789218153996, "virtual_time_s": 4655.09282, "measure_result": "no_signal"}}
2026-09-12 21:02:37,185 INFO request {"path": "/measure", "payload": {"arena_id": "default", "robot_id": "202601002029", "request_id": "c342728a77704a31be00a2a090cee90a", "position": {"x": 1240.0, "y": -6.074248123770871e-13}, "channel": 9}, "attempt": 1}
2026-09-12 21:02:37,202 INFO response {"request_id": "c342728a77704a31be00a2a090cee90a", "http_status": 200, "body": {"accepted": true, "real_timestamp_ms": 1789218154044, "virtual_time_s": 4661.09282, "measure_result": "no_signal"}}
2026-09-12 21:02:37,218 INFO request {"path": "/measure", "payload": {"arena_id": "default", "robot_id": "202601002029", "request_id": "569e8f5b6c13412a8944d4ec55201cde", "position": {"x": 1240.0, "y": -6.074248123770871e-13}, "channel": 14}, "attempt": 1}
2026-09-12 21:02:37,219 INFO response {"request_id": "569e8f5b6c13412a8944d4ec55201cde", "http_status": 200, "body": {"accepted": true, "real_timestamp_ms": 1789218154061, "virtual_time_s": 4667.09282, "measure_result": "no_signal"}}
2026-09-12 21:02:37,250 INFO request {"path": "/measure", "payload": {"arena_id": "default", "robot_id": "202601002029", "request_id": "5bad803e3d7a4821bb548c3dd391d730", "position": {"x": 1240.0, "y": -6.074248123770871e-13}, "channel": 15}, "attempt": 1}
2026-09-12 21:02:37,261 INFO response {"request_id": "5bad803e3d7a4821bb548c3dd391d730", "http_status": 200, "body": {"accepted": true, "real_timestamp_ms": 1789218154103, "virtual_time_s": 4673.09282, "measure_result": "no_signal"}}
2026-09-12 21:02:37,276 INFO request {"path": "/measure", "payload": {"arena_id": "default", "robot_id": "202601002029", "request_id": "2488cf99c22a45b79a1f8a27589d3e7f", "position": {"x": 1240.0, "y": -6.074248123770871e-13}, "channel": 16}, "attempt": 1}
2026-09-12 21:02:37,290 INFO response {"request_id": "2488cf99c22a45b79a1f8a27589d3e7f", "http_status": 200, "body": {"accepted": true, "real_timestamp_ms": 1789218154132, "virtual_time_s": 4679.09282, "measure_result": "no_signal"}}
2026-09-12 21:02:37,305 INFO request {"path": "/measure", "payload": {"arena_id": "default", "robot_id": "202601002029", "request_id": "ab1730def3c94f9490c829a89a6045e6", "position": {"x": 1240.0, "y": -6.074248123770871e-13}, "channel": 18}, "attempt": 1}
2026-09-12 21:02:37,320 INFO response {"request_id": "ab1730def3c94f9490c829a89a6045e6", "http_status": 200, "body": {"accepted": true, "real_timestamp_ms": 1789218154162, "virtual_time_s": 4685.09282, "measure_result": "no_signal"}}
2026-09-12 21:02:37,335 INFO request {"path": "/measure", "payload": {"arena_id": "default", "robot_id": "202601002029", "request_id": "e867ff5638704b0dbb3a0b7582638322", "position": {"x": 1240.0, "y": -6.074248123770871e-13}, "channel": 19}, "attempt": 1}
2026-09-12 21:02:37,337 INFO response {"request_id": "e867ff5638704b0dbb3a0b7582638322", "http_status": 200, "body": {"accepted": true, "real_timestamp_ms": 1789218154179, "virtual_time_s": 4691.09282, "measure_result": "no_signal"}}
2026-09-12 21:02:37,369 INFO request {"path": "/measure", "payload": {"arena_id": "default", "robot_id": "202601002029", "request_id": "622bc8e766ec41bca52e2f7daea8aeb0", "position": {"x": 1190.2733751808541, "y": 461.1143621330131}, "channel": 19}, "attempt": 1}
2026-09-12 21:02:37,370 INFO response {"request_id": "622bc8e766ec41bca52e2f7daea8aeb0", "http_status": 200, "body": {"accepted": true, "real_timestamp_ms": 1789218154212, "virtual_time_s": 4788.850395, "measure_result": "no_signal"}}
2026-09-12 21:02:37,401 INFO request {"path": "/measure", "payload": {"arena_id": "default", "robot_id": "202601002029", "request_id": "522933be4b6d43b0bc3b9d395e5f6efb", "position": {"x": 1190.2733751808541, "y": 461.1143621330131}, "channel": 3}, "attempt": 1}
2026-09-12 21:02:37,419 INFO response {"request_id": "522933be4b6d43b0bc3b9d395e5f6efb", "http_status": 200, "body": {"accepted": true, "real_timestamp_ms": 1789218154261, "virtual_time_s": 4794.850395, "measure_result": "no_signal"}}
2026-09-12 21:02:37,434 INFO request {"path": "/measure", "payload": {"arena_id": "default", "robot_id": "202601002029", "request_id": "0dc3ff0bbbf0477fafefbe7796c29cd8", "position": {"x": 1190.2733751808541, "y": 461.1143621330131}, "channel": 4}, "attempt": 1}
2026-09-12 21:02:37,435 INFO response {"request_id": "0dc3ff0bbbf0477fafefbe7796c29cd8", "http_status": 200, "body": {"accepted": true, "real_timestamp_ms": 1789218154277, "virtual_time_s": 4800.850395, "measure_result": "no_signal"}}
2026-09-12 21:02:37,466 INFO request {"path": "/measure", "payload": {"arena_id": "default", "robot_id": "202601002029", "request_id": "b4626379ec0e412ebdcc7724fd850fd4", "position": {"x": 1190.2733751808541, "y": 461.1143621330131}, "channel": 6}, "attempt": 1}
2026-09-12 21:02:37,479 INFO response {"request_id": "b4626379ec0e412ebdcc7724fd850fd4", "http_status": 200, "body": {"accepted": true, "real_timestamp_ms": 1789218154321, "virtual_time_s": 4806.850395, "measure_result": "no_signal"}}
2026-09-12 21:02:37,495 INFO request {"path": "/measure", "payload": {"arena_id": "default", "robot_id": "202601002029", "request_id": "7c1553ca2511419690bee906ddbcb2bb", "position": {"x": 1190.2733751808541, "y": 461.1143621330131}, "channel": 7}, "attempt": 1}
2026-09-12 21:02:37,497 INFO response {"request_id": "7c1553ca2511419690bee906ddbcb2bb", "http_status": 200, "body": {"accepted": true, "real_timestamp_ms": 1789218154338, "virtual_time_s": 4812.850395, "measure_result": "no_signal"}}
2026-09-12 21:02:37,528 INFO request {"path": "/measure", "payload": {"arena_id": "default", "robot_id": "202601002029", "request_id": "24cc6c5b11584ad39d93350a4e61b326", "position": {"x": 1190.2733751808541, "y": 461.1143621330131}, "channel": 9}, "attempt": 1}
2026-09-12 21:02:37,529 INFO response {"request_id": "24cc6c5b11584ad39d93350a4e61b326", "http_status": 200, "body": {"accepted": true, "real_timestamp_ms": 1789218154371, "virtual_time_s": 4818.850395, "measure_result": "no_signal"}}
2026-09-12 21:02:37,559 INFO request {"path": "/measure", "payload": {"arena_id": "default", "robot_id": "202601002029", "request_id": "f224953a20264f8285a5c2de6f2db079", "position": {"x": 1190.2733751808541, "y": 461.1143621330131}, "channel": 14}, "attempt": 1}
2026-09-12 21:02:37,561 INFO response {"request_id": "f224953a20264f8285a5c2de6f2db079", "http_status": 200, "body": {"accepted": true, "real_timestamp_ms": 1789218154402, "virtual_time_s": 4824.850395, "measure_result": "no_signal"}}
2026-09-12 21:02:37,592 INFO request {"path": "/measure", "payload": {"arena_id": "default", "robot_id": "202601002029", "request_id": "77230edefdba4a48b62f76f12c2f7dd3", "position": {"x": 1190.2733751808541, "y": 461.1143621330131}, "channel": 15}, "attempt": 1}
2026-09-12 21:02:37,608 INFO response {"request_id": "77230edefdba4a48b62f76f12c2f7dd3", "http_status": 200, "body": {"accepted": true, "real_timestamp_ms": 1789218154449, "virtual_time_s": 4830.850395, "measure_result": "no_signal"}}
2026-09-12 21:02:37,624 INFO request {"path": "/measure", "payload": {"arena_id": "default", "robot_id": "202601002029", "request_id": "81d1f52069c34b5ebe56a76432170f82", "position": {"x": 1190.2733751808541, "y": 461.1143621330131}, "channel": 16}, "attempt": 1}
2026-09-12 21:02:37,637 INFO response {"request_id": "81d1f52069c34b5ebe56a76432170f82", "http_status": 200, "body": {"accepted": true, "real_timestamp_ms": 1789218154478, "virtual_time_s": 4836.850395, "measure_result": "no_signal"}}
2026-09-12 21:02:37,651 INFO request {"path": "/measure", "payload": {"arena_id": "default", "robot_id": "202601002029", "request_id": "ac4739ccb4c540cc9f77b6b31b4a54de", "position": {"x": 1190.2733751808541, "y": 461.1143621330131}, "channel": 18}, "attempt": 1}
2026-09-12 21:02:37,667 INFO response {"request_id": "ac4739ccb4c540cc9f77b6b31b4a54de", "http_status": 200, "body": {"accepted": true, "real_timestamp_ms": 1789218154508, "virtual_time_s": 4842.850395, "measure_result": "no_signal"}}
2026-09-12 21:02:37,681 INFO request {"path": "/measure", "payload": {"arena_id": "default", "robot_id": "202601002029", "request_id": "a7600d5a60044ac29c087b795c8f39db", "position": {"x": 1190.2733751808541, "y": 461.1143621330131}, "channel": 20}, "attempt": 1}
2026-09-12 21:02:37,695 INFO response {"request_id": "a7600d5a60044ac29c087b795c8f39db", "http_status": 200, "body": {"accepted": true, "real_timestamp_ms": 1789218154537, "virtual_time_s": 4848.850395, "measure_result": "no_signal"}}
2026-09-12 21:02:37,714 INFO request {"path": "/measure", "payload": {"arena_id": "default", "robot_id": "202601002029", "request_id": "ff31b94b1e6745f79e9922dea5aefad9", "position": {"x": 970.2752371979483, "y": 884.52275095242}, "channel": 20}, "attempt": 1}
2026-09-12 21:02:37,716 INFO response {"request_id": "ff31b94b1e6745f79e9922dea5aefad9", "http_status": 200, "body": {"accepted": true, "real_timestamp_ms": 1789218154557, "virtual_time_s": 4949.280756, "measure_result": "direction", "svd_deg": 139.74}}
2026-09-12 21:02:37,752 INFO request {"path": "/measure", "payload": {"arena_id": "default", "robot_id": "202601002029", "request_id": "30606ddc91484af581552c08f4d6811a", "position": {"x": 970.2752371979483, "y": 884.52275095242}, "channel": 3}, "attempt": 1}
2026-09-12 21:02:37,763 INFO response {"request_id": "30606ddc91484af581552c08f4d6811a", "http_status": 200, "body": {"accepted": true, "real_timestamp_ms": 1789218154604, "virtual_time_s": 4955.280756, "measure_result": "no_signal"}}
2026-09-12 21:02:37,778 INFO request {"path": "/measure", "payload": {"arena_id": "default", "robot_id": "202601002029", "request_id": "94abcd3e491745d1bbb11aaa58c28498", "position": {"x": 970.2752371979483, "y": 884.52275095242}, "channel": 4}, "attempt": 1}
2026-09-12 21:02:37,792 INFO response {"request_id": "94abcd3e491745d1bbb11aaa58c28498", "http_status": 200, "body": {"accepted": true, "real_timestamp_ms": 1789218154634, "virtual_time_s": 4961.280756, "measure_result": "no_signal"}}
2026-09-12 21:02:37,808 INFO request {"path": "/measure", "payload": {"arena_id": "default", "robot_id": "202601002029", "request_id": "e4bf9fd523fa45cfa4ed44c326c55fe6", "position": {"x": 970.2752371979483, "y": 884.52275095242}, "channel": 6}, "attempt": 1}
2026-09-12 21:02:37,809 INFO response {"request_id": "e4bf9fd523fa45cfa4ed44c326c55fe6", "http_status": 200, "body": {"accepted": true, "real_timestamp_ms": 1789218154651, "virtual_time_s": 4967.280756, "measure_result": "no_signal"}}
2026-09-12 21:02:37,840 INFO request {"path": "/measure", "payload": {"arena_id": "default", "robot_id": "202601002029", "request_id": "32390147441048708f99da65bb0f2277", "position": {"x": 970.2752371979483, "y": 884.52275095242}, "channel": 7}, "attempt": 1}
2026-09-12 21:02:37,854 INFO response {"request_id": "32390147441048708f99da65bb0f2277", "http_status": 200, "body": {"accepted": true, "real_timestamp_ms": 1789218154695, "virtual_time_s": 4973.280756, "measure_result": "no_signal"}}
2026-09-12 21:02:37,870 INFO request {"path": "/measure", "payload": {"arena_id": "default", "robot_id": "202601002029", "request_id": "3b3eb5abc50d427a8f6def9fa1c32f18", "position": {"x": 970.2752371979483, "y": 884.52275095242}, "channel": 9}, "attempt": 1}
2026-09-12 21:02:37,871 INFO response {"request_id": "3b3eb5abc50d427a8f6def9fa1c32f18", "http_status": 200, "body": {"accepted": true, "real_timestamp_ms": 1789218154713, "virtual_time_s": 4979.280756, "measure_result": "no_signal"}}
2026-09-12 21:02:37,902 INFO request {"path": "/measure", "payload": {"arena_id": "default", "robot_id": "202601002029", "request_id": "28aa06f74cd34eaf929497874a75040e", "position": {"x": 970.2752371979483, "y": 884.52275095242}, "channel": 14}, "attempt": 1}
2026-09-12 21:02:37,904 INFO response {"request_id": "28aa06f74cd34eaf929497874a75040e", "http_status": 200, "body": {"accepted": true, "real_timestamp_ms": 1789218154746, "virtual_time_s": 4985.280756, "measure_result": "no_signal"}}
2026-09-12 21:02:37,935 INFO request {"path": "/measure", "payload": {"arena_id": "default", "robot_id": "202601002029", "request_id": "22076a77b9ef458caf1d5e9d3cc06449", "position": {"x": 970.2752371979483, "y": 884.52275095242}, "channel": 15}, "attempt": 1}
2026-09-12 21:02:37,937 INFO response {"request_id": "22076a77b9ef458caf1d5e9d3cc06449", "http_status": 200, "body": {"accepted": true, "real_timestamp_ms": 1789218154779, "virtual_time_s": 4991.280756, "measure_result": "no_signal"}}
2026-09-12 21:02:37,968 INFO request {"path": "/measure", "payload": {"arena_id": "default", "robot_id": "202601002029", "request_id": "9621169d66a8462596ec8d0a1c015017", "position": {"x": 970.2752371979483, "y": 884.52275095242}, "channel": 16}, "attempt": 1}
2026-09-12 21:02:37,982 INFO response {"request_id": "9621169d66a8462596ec8d0a1c015017", "http_status": 200, "body": {"accepted": true, "real_timestamp_ms": 1789218154824, "virtual_time_s": 4997.280756, "measure_result": "no_signal"}}
2026-09-12 21:02:37,998 INFO request {"path": "/measure", "payload": {"arena_id": "default", "robot_id": "202601002029", "request_id": "3d601d508dd74818a3c97e8508f4d09d", "position": {"x": 970.2752371979483, "y": 884.52275095242}, "channel": 18}, "attempt": 1}
2026-09-12 21:02:38,012 INFO response {"request_id": "3d601d508dd74818a3c97e8508f4d09d", "http_status": 200, "body": {"accepted": true, "real_timestamp_ms": 1789218154853, "virtual_time_s": 5003.280756, "measure_result": "no_signal"}}
2026-09-12 21:02:38,027 INFO request {"path": "/measure", "payload": {"arena_id": "default", "robot_id": "202601002029", "request_id": "ff1f661b63df417197989b8a41add3bf", "position": {"x": 970.2752371979483, "y": 884.52275095242}, "channel": 19}, "attempt": 1}
2026-09-12 21:02:38,041 INFO response {"request_id": "ff1f661b63df417197989b8a41add3bf", "http_status": 200, "body": {"accepted": true, "real_timestamp_ms": 1789218154882, "virtual_time_s": 5009.280756, "measure_result": "no_signal"}}
2026-09-12 21:02:38,094 INFO request {"path": "/measure", "payload": {"arena_id": "default", "robot_id": "202601002029", "request_id": "ba0d737e19b74442b60a18f11b8511a2", "position": {"x": 601.484581265517, "y": 1207.9438766873602}, "channel": 19}, "attempt": 1}
2026-09-12 21:02:38,109 INFO response {"request_id": "ba0d737e19b74442b60a18f11b8511a2", "http_status": 200, "body": {"accepted": true, "real_timestamp_ms": 1789218154951, "virtual_time_s": 5112.384328, "measure_result": "no_signal"}}
2026-09-12 21:02:38,125 INFO request {"path": "/measure", "payload": {"arena_id": "default", "robot_id": "202601002029", "request_id": "979f426ec54b4dcebe9479ca1d9f401e", "position": {"x": 601.484581265517, "y": 1207.9438766873602}, "channel": 3}, "attempt": 1}
2026-09-12 21:02:38,139 INFO response {"request_id": "979f426ec54b4dcebe9479ca1d9f401e", "http_status": 200, "body": {"accepted": true, "real_timestamp_ms": 1789218154981, "virtual_time_s": 5118.384328, "measure_result": "no_signal"}}
2026-09-12 21:02:38,154 INFO request {"path": "/measure", "payload": {"arena_id": "default", "robot_id": "202601002029", "request_id": "b5c098ed28ff45818ead015dfb4d2f24", "position": {"x": 601.484581265517, "y": 1207.9438766873602}, "channel": 4}, "attempt": 1}
2026-09-12 21:02:38,168 INFO response {"request_id": "b5c098ed28ff45818ead015dfb4d2f24", "http_status": 200, "body": {"accepted": true, "real_timestamp_ms": 1789218155010, "virtual_time_s": 5124.384328, "measure_result": "no_signal"}}
2026-09-12 21:02:38,183 INFO request {"path": "/measure", "payload": {"arena_id": "default", "robot_id": "202601002029", "request_id": "95c8bcb5434a421bad6dbcd854b203e3", "position": {"x": 601.484581265517, "y": 1207.9438766873602}, "channel": 6}, "attempt": 1}
2026-09-12 21:02:38,197 INFO response {"request_id": "95c8bcb5434a421bad6dbcd854b203e3", "http_status": 200, "body": {"accepted": true, "real_timestamp_ms": 1789218155039, "virtual_time_s": 5130.384328, "measure_result": "no_signal"}}
2026-09-12 21:02:38,213 INFO request {"path": "/measure", "payload": {"arena_id": "default", "robot_id": "202601002029", "request_id": "b2535205ab1e40fbb460454ec0a83573", "position": {"x": 601.484581265517, "y": 1207.9438766873602}, "channel": 7}, "attempt": 1}
2026-09-12 21:02:38,215 INFO response {"request_id": "b2535205ab1e40fbb460454ec0a83573", "http_status": 200, "body": {"accepted": true, "real_timestamp_ms": 1789218155056, "virtual_time_s": 5136.384328, "measure_result": "no_signal"}}
2026-09-12 21:02:38,245 INFO request {"path": "/measure", "payload": {"arena_id": "default", "robot_id": "202601002029", "request_id": "d90c1e98b3f84f60b1a9ad215aa6eb70", "position": {"x": 601.484581265517, "y": 1207.9438766873602}, "channel": 9}, "attempt": 1}
2026-09-12 21:02:38,247 INFO response {"request_id": "d90c1e98b3f84f60b1a9ad215aa6eb70", "http_status": 200, "body": {"accepted": true, "real_timestamp_ms": 1789218155088, "virtual_time_s": 5142.384328, "measure_result": "no_signal"}}
2026-09-12 21:02:38,277 INFO request {"path": "/measure", "payload": {"arena_id": "default", "robot_id": "202601002029", "request_id": "446ed84278134fd3a447633237947808", "position": {"x": 601.484581265517, "y": 1207.9438766873602}, "channel": 14}, "attempt": 1}
2026-09-12 21:02:38,278 INFO response {"request_id": "446ed84278134fd3a447633237947808", "http_status": 200, "body": {"accepted": true, "real_timestamp_ms": 1789218155120, "virtual_time_s": 5148.384328, "measure_result": "no_signal"}}
2026-09-12 21:02:38,309 INFO request {"path": "/measure", "payload": {"arena_id": "default", "robot_id": "202601002029", "request_id": "1e4c99a6f8624438b97f8f166a00b423", "position": {"x": 601.484581265517, "y": 1207.9438766873602}, "channel": 15}, "attempt": 1}
2026-09-12 21:02:38,310 INFO response {"request_id": "1e4c99a6f8624438b97f8f166a00b423", "http_status": 200, "body": {"accepted": true, "real_timestamp_ms": 1789218155152, "virtual_time_s": 5154.384328, "measure_result": "no_signal"}}
2026-09-12 21:02:38,341 INFO request {"path": "/measure", "payload": {"arena_id": "default", "robot_id": "202601002029", "request_id": "67ba9493361e4be6a74ab30a189fa4f6", "position": {"x": 601.484581265517, "y": 1207.9438766873602}, "channel": 16}, "attempt": 1}
2026-09-12 21:02:38,356 INFO response {"request_id": "67ba9493361e4be6a74ab30a189fa4f6", "http_status": 200, "body": {"accepted": true, "real_timestamp_ms": 1789218155198, "virtual_time_s": 5160.384328, "measure_result": "no_signal"}}
2026-09-12 21:02:38,372 INFO request {"path": "/measure", "payload": {"arena_id": "default", "robot_id": "202601002029", "request_id": "6a7d95388a824150abc8d77ffe58edd5", "position": {"x": 601.484581265517, "y": 1207.9438766873602}, "channel": 18}, "attempt": 1}
2026-09-12 21:02:38,373 INFO response {"request_id": "6a7d95388a824150abc8d77ffe58edd5", "http_status": 200, "body": {"accepted": true, "real_timestamp_ms": 1789218155215, "virtual_time_s": 5166.384328, "measure_result": "no_signal"}}
2026-09-12 21:02:38,448 INFO request {"path": "/measure", "payload": {"arena_id": "default", "robot_id": "202601002029", "request_id": "e07c29875243498c91604f62694f69b1", "position": {"x": 601.484581265517, "y": 1207.9438766873602}, "channel": 20}, "attempt": 1}
2026-09-12 21:02:38,450 INFO response {"request_id": "e07c29875243498c91604f62694f69b1", "http_status": 200, "body": {"accepted": true, "real_timestamp_ms": 1789218155292, "virtual_time_s": 5172.384328, "measure_result": "direction", "svd_deg": 141.3}}
2026-09-12 21:02:38,483 INFO request {"path": "/measure", "payload": {"arena_id": "default", "robot_id": "202601002029", "request_id": "c6d412fcad294e5d80921ca5b3178ab4", "position": {"x": 601.484581265517, "y": 1207.9438766873602}, "channel": 10}, "attempt": 1}
2026-09-12 21:02:38,503 INFO response {"request_id": "c6d412fcad294e5d80921ca5b3178ab4", "http_status": 200, "body": {"accepted": true, "real_timestamp_ms": 1789218155345, "virtual_time_s": 5178.384328, "measure_result": "direction", "svd_deg": 176.39}}
2026-09-12 21:02:38,513 INFO request {"path": "/measure", "payload": {"arena_id": "default", "robot_id": "202601002029", "request_id": "5d2ef4aeff9d48f2844ef3ed641e06e3", "position": {"x": 127.8730911150224, "y": 1379.970423147707}, "channel": 3}, "attempt": 1}
2026-09-12 21:02:38,515 INFO response {"request_id": "5d2ef4aeff9d48f2844ef3ed641e06e3", "http_status": 200, "body": {"accepted": true, "real_timestamp_ms": 1789218155356, "virtual_time_s": 5285.161503, "measure_result": "no_signal"}}
2026-09-12 21:02:38,545 INFO request {"path": "/measure", "payload": {"arena_id": "default", "robot_id": "202601002029", "request_id": "7b8acb7ba199401f9dd9590a7357e20c", "position": {"x": 127.8730911150224, "y": 1379.970423147707}, "channel": 4}, "attempt": 1}
2026-09-12 21:02:38,562 INFO response {"request_id": "7b8acb7ba199401f9dd9590a7357e20c", "http_status": 200, "body": {"accepted": true, "real_timestamp_ms": 1789218155404, "virtual_time_s": 5291.161503, "measure_result": "no_signal"}}
2026-09-12 21:02:38,576 INFO request {"path": "/measure", "payload": {"arena_id": "default", "robot_id": "202601002029", "request_id": "b4b43fc3ae2c491f9c5273cb7187e0f0", "position": {"x": 127.8730911150224, "y": 1379.970423147707}, "channel": 6}, "attempt": 1}
2026-09-12 21:02:38,578 INFO response {"request_id": "b4b43fc3ae2c491f9c5273cb7187e0f0", "http_status": 200, "body": {"accepted": true, "real_timestamp_ms": 1789218155419, "virtual_time_s": 5297.161503, "measure_result": "no_signal"}}
2026-09-12 21:02:38,608 INFO request {"path": "/measure", "payload": {"arena_id": "default", "robot_id": "202601002029", "request_id": "98d037a2bb154540a7c892f4c1298901", "position": {"x": 127.8730911150224, "y": 1379.970423147707}, "channel": 7}, "attempt": 1}
2026-09-12 21:02:38,623 INFO response {"request_id": "98d037a2bb154540a7c892f4c1298901", "http_status": 200, "body": {"accepted": true, "real_timestamp_ms": 1789218155464, "virtual_time_s": 5303.161503, "measure_result": "no_signal"}}
2026-09-12 21:02:38,638 INFO request {"path": "/measure", "payload": {"arena_id": "default", "robot_id": "202601002029", "request_id": "13b85203230a48319f4ecd5e65572570", "position": {"x": 127.8730911150224, "y": 1379.970423147707}, "channel": 9}, "attempt": 1}
2026-09-12 21:02:38,640 INFO response {"request_id": "13b85203230a48319f4ecd5e65572570", "http_status": 200, "body": {"accepted": true, "real_timestamp_ms": 1789218155482, "virtual_time_s": 5309.161503, "measure_result": "no_signal"}}
2026-09-12 21:02:38,671 INFO request {"path": "/measure", "payload": {"arena_id": "default", "robot_id": "202601002029", "request_id": "77012c8ab3d7497e829cb515e356a646", "position": {"x": 127.8730911150224, "y": 1379.970423147707}, "channel": 14}, "attempt": 1}
2026-09-12 21:02:38,691 INFO response {"request_id": "77012c8ab3d7497e829cb515e356a646", "http_status": 200, "body": {"accepted": true, "real_timestamp_ms": 1789218155532, "virtual_time_s": 5315.161503, "measure_result": "no_signal"}}
2026-09-12 21:02:38,691 INFO request {"path": "/measure", "payload": {"arena_id": "default", "robot_id": "202601002029", "request_id": "76afc10ee3bc40a69484a3d187af5dfc", "position": {"x": 127.8730911150224, "y": 1379.970423147707}, "channel": 15}, "attempt": 1}
2026-09-12 21:02:38,710 INFO response {"request_id": "76afc10ee3bc40a69484a3d187af5dfc", "http_status": 200, "body": {"accepted": true, "real_timestamp_ms": 1789218155551, "virtual_time_s": 5321.161503, "measure_result": "no_signal"}}
2026-09-12 21:02:38,725 INFO request {"path": "/measure", "payload": {"arena_id": "default", "robot_id": "202601002029", "request_id": "40c0b28fde784ddf9a16767de40623e9", "position": {"x": 127.8730911150224, "y": 1379.970423147707}, "channel": 16}, "attempt": 1}
2026-09-12 21:02:38,740 INFO response {"request_id": "40c0b28fde784ddf9a16767de40623e9", "http_status": 200, "body": {"accepted": true, "real_timestamp_ms": 1789218155581, "virtual_time_s": 5327.161503, "measure_result": "no_signal"}}
2026-09-12 21:02:38,754 INFO request {"path": "/measure", "payload": {"arena_id": "default", "robot_id": "202601002029", "request_id": "7df6c2b183474f748323aad0d1314c01", "position": {"x": 127.8730911150224, "y": 1379.970423147707}, "channel": 18}, "attempt": 1}
2026-09-12 21:02:38,768 INFO response {"request_id": "7df6c2b183474f748323aad0d1314c01", "http_status": 200, "body": {"accepted": true, "real_timestamp_ms": 1789218155610, "virtual_time_s": 5333.161503, "measure_result": "no_signal"}}
2026-09-12 21:02:38,799 INFO request {"path": "/measure", "payload": {"arena_id": "default", "robot_id": "202601002029", "request_id": "1334816ed1a94b609f510ac72a5d4976", "position": {"x": 127.8730911150224, "y": 1379.970423147707}, "channel": 19}, "attempt": 1}
2026-09-12 21:02:38,802 INFO response {"request_id": "1334816ed1a94b609f510ac72a5d4976", "http_status": 200, "body": {"accepted": true, "real_timestamp_ms": 1789218155643, "virtual_time_s": 5339.161503, "measure_result": "no_signal"}}
2026-09-12 21:02:38,826 INFO request {"path": "/measure", "payload": {"arena_id": "default", "robot_id": "202601002029", "request_id": "980604af0a4b4952951897345a3054e1", "position": {"x": 127.8730911150224, "y": 1379.970423147707}, "channel": 20}, "attempt": 1}
2026-09-12 21:02:38,837 INFO response {"request_id": "980604af0a4b4952951897345a3054e1", "http_status": 200, "body": {"accepted": true, "real_timestamp_ms": 1789218155679, "virtual_time_s": 5345.161503, "measure_result": "no_signal"}}
2026-09-12 21:02:38,852 INFO request {"path": "/measure", "payload": {"arena_id": "default", "robot_id": "202601002029", "request_id": "f3a9854a848e4bf287a2b66a72ee97f4", "position": {"x": -389.2453588201737, "y": 1368.0555324658098}, "channel": 3}, "attempt": 1}
2026-09-12 21:02:38,868 INFO response {"request_id": "f3a9854a848e4bf287a2b66a72ee97f4", "http_status": 200, "body": {"accepted": true, "real_timestamp_ms": 1789218155709, "virtual_time_s": 5454.612642, "measure_result": "no_signal"}}
2026-09-12 21:02:38,882 INFO request {"path": "/measure", "payload": {"arena_id": "default", "robot_id": "202601002029", "request_id": "c8e53f39abd547a3a552b720dcb2e6b5", "position": {"x": -389.2453588201737, "y": 1368.0555324658098}, "channel": 4}, "attempt": 1}
2026-09-12 21:02:38,897 INFO response {"request_id": "c8e53f39abd547a3a552b720dcb2e6b5", "http_status": 200, "body": {"accepted": true, "real_timestamp_ms": 1789218155739, "virtual_time_s": 5460.612642, "measure_result": "no_signal"}}
2026-09-12 21:02:38,913 INFO request {"path": "/measure", "payload": {"arena_id": "default", "robot_id": "202601002029", "request_id": "24003c79f70547fab389a894b32c7fbe", "position": {"x": -389.2453588201737, "y": 1368.0555324658098}, "channel": 6}, "attempt": 1}
2026-09-12 21:02:38,927 INFO response {"request_id": "24003c79f70547fab389a894b32c7fbe", "http_status": 200, "body": {"accepted": true, "real_timestamp_ms": 1789218155769, "virtual_time_s": 5466.612642, "measure_result": "no_signal"}}
2026-09-12 21:02:38,942 INFO request {"path": "/measure", "payload": {"arena_id": "default", "robot_id": "202601002029", "request_id": "cfee4057aa5e4f799fa8de4fb1c954b4", "position": {"x": -389.2453588201737, "y": 1368.0555324658098}, "channel": 7}, "attempt": 1}
2026-09-12 21:02:38,957 INFO response {"request_id": "cfee4057aa5e4f799fa8de4fb1c954b4", "http_status": 200, "body": {"accepted": true, "real_timestamp_ms": 1789218155798, "virtual_time_s": 5472.612642, "measure_result": "no_signal"}}
2026-09-12 21:02:38,972 INFO request {"path": "/measure", "payload": {"arena_id": "default", "robot_id": "202601002029", "request_id": "83236ae9d3b74c4eb44b6a373537000d", "position": {"x": -389.2453588201737, "y": 1368.0555324658098}, "channel": 9}, "attempt": 1}
2026-09-12 21:02:38,974 INFO response {"request_id": "83236ae9d3b74c4eb44b6a373537000d", "http_status": 200, "body": {"accepted": true, "real_timestamp_ms": 1789218155815, "virtual_time_s": 5478.612642, "measure_result": "no_signal"}}
2026-09-12 21:02:38,990 INFO request {"path": "/measure", "payload": {"arena_id": "default", "robot_id": "202601002029", "request_id": "de743890dd684081b21a06397c334830", "position": {"x": -389.2453588201737, "y": 1368.0555324658098}, "channel": 14}, "attempt": 1}
2026-09-12 21:02:39,005 INFO response {"request_id": "de743890dd684081b21a06397c334830", "http_status": 200, "body": {"accepted": true, "real_timestamp_ms": 1789218155846, "virtual_time_s": 5484.612642, "measure_result": "no_signal"}}
2026-09-12 21:02:39,019 INFO request {"path": "/measure", "payload": {"arena_id": "default", "robot_id": "202601002029", "request_id": "90a7e8fba14347aea62049cd0ca05e91", "position": {"x": -389.2453588201737, "y": 1368.0555324658098}, "channel": 15}, "attempt": 1}
2026-09-12 21:02:39,035 INFO response {"request_id": "90a7e8fba14347aea62049cd0ca05e91", "http_status": 200, "body": {"accepted": true, "real_timestamp_ms": 1789218155876, "virtual_time_s": 5490.612642, "measure_result": "no_signal"}}
2026-09-12 21:02:39,050 INFO request {"path": "/measure", "payload": {"arena_id": "default", "robot_id": "202601002029", "request_id": "aa963c4b501b46eeb3d71ca9272b0913", "position": {"x": -389.2453588201737, "y": 1368.0555324658098}, "channel": 16}, "attempt": 1}
2026-09-12 21:02:39,052 INFO response {"request_id": "aa963c4b501b46eeb3d71ca9272b0913", "http_status": 200, "body": {"accepted": true, "real_timestamp_ms": 1789218155893, "virtual_time_s": 5496.612642, "measure_result": "no_signal"}}
2026-09-12 21:02:39,067 INFO request {"path": "/measure", "payload": {"arena_id": "default", "robot_id": "202601002029", "request_id": "81b82074c8924c07b6ebe494c2ef181f", "position": {"x": -389.2453588201737, "y": 1368.0555324658098}, "channel": 18}, "attempt": 1}
2026-09-12 21:02:39,083 INFO response {"request_id": "81b82074c8924c07b6ebe494c2ef181f", "http_status": 200, "body": {"accepted": true, "real_timestamp_ms": 1789218155925, "virtual_time_s": 5502.612642, "measure_result": "no_signal"}}
2026-09-12 21:02:39,098 INFO request {"path": "/measure", "payload": {"arena_id": "default", "robot_id": "202601002029", "request_id": "8351996294964be8a58ba54042714f2d", "position": {"x": -389.2453588201737, "y": 1368.0555324658098}, "channel": 19}, "attempt": 1}
2026-09-12 21:02:39,113 INFO response {"request_id": "8351996294964be8a58ba54042714f2d", "http_status": 200, "body": {"accepted": true, "real_timestamp_ms": 1789218155954, "virtual_time_s": 5508.612642, "measure_result": "no_signal"}}
2026-09-12 21:02:39,139 INFO request {"path": "/measure", "payload": {"arena_id": "default", "robot_id": "202601002029", "request_id": "2463be1d6a34449cbf64064bada50f7d", "position": {"x": -389.2453588201737, "y": 1368.0555324658098}, "channel": 20}, "attempt": 1}
2026-09-12 21:02:39,152 INFO response {"request_id": "2463be1d6a34449cbf64064bada50f7d", "http_status": 200, "body": {"accepted": true, "real_timestamp_ms": 1789218155994, "virtual_time_s": 5514.612642, "measure_result": "no_signal"}}
2026-09-12 21:02:39,168 INFO request {"path": "/measure", "payload": {"arena_id": "default", "robot_id": "202601002029", "request_id": "44887604ab914ef182d6ec25a13d367c", "position": {"x": -879.1375871885625, "y": 1164.1663080323492}, "channel": 3}, "attempt": 1}
2026-09-12 21:02:39,182 INFO response {"request_id": "44887604ab914ef182d6ec25a13d367c", "http_status": 200, "body": {"accepted": true, "real_timestamp_ms": 1789218156023, "virtual_time_s": 5626.738079, "measure_result": "no_signal"}}
2026-09-12 21:02:39,198 INFO request {"path": "/measure", "payload": {"arena_id": "default", "robot_id": "202601002029", "request_id": "58df2b00f0f6475691b088a08d3244b8", "position": {"x": -879.1375871885625, "y": 1164.1663080323492}, "channel": 4}, "attempt": 1}
2026-09-12 21:02:39,199 INFO response {"request_id": "58df2b00f0f6475691b088a08d3244b8", "http_status": 200, "body": {"accepted": true, "real_timestamp_ms": 1789218156041, "virtual_time_s": 5632.738079, "measure_result": "no_signal"}}
2026-09-12 21:02:39,230 INFO request {"path": "/measure", "payload": {"arena_id": "default", "robot_id": "202601002029", "request_id": "f98b02f093aa4ce080fb0dea05adb8eb", "position": {"x": -879.1375871885625, "y": 1164.1663080323492}, "channel": 6}, "attempt": 1}
2026-09-12 21:02:39,232 INFO response {"request_id": "f98b02f093aa4ce080fb0dea05adb8eb", "http_status": 200, "body": {"accepted": true, "real_timestamp_ms": 1789218156073, "virtual_time_s": 5638.738079, "measure_result": "no_signal"}}
2026-09-12 21:02:39,263 INFO request {"path": "/measure", "payload": {"arena_id": "default", "robot_id": "202601002029", "request_id": "31a2bf667b9d42d6990538bb3d2bd412", "position": {"x": -879.1375871885625, "y": 1164.1663080323492}, "channel": 7}, "attempt": 1}
2026-09-12 21:02:39,279 INFO response {"request_id": "31a2bf667b9d42d6990538bb3d2bd412", "http_status": 200, "body": {"accepted": true, "real_timestamp_ms": 1789218156121, "virtual_time_s": 5644.738079, "measure_result": "no_signal"}}
2026-09-12 21:02:39,295 INFO request {"path": "/measure", "payload": {"arena_id": "default", "robot_id": "202601002029", "request_id": "ef8bf33492e24167b1ef49463df03599", "position": {"x": -879.1375871885625, "y": 1164.1663080323492}, "channel": 9}, "attempt": 1}
2026-09-12 21:02:39,309 INFO response {"request_id": "ef8bf33492e24167b1ef49463df03599", "http_status": 200, "body": {"accepted": true, "real_timestamp_ms": 1789218156151, "virtual_time_s": 5650.738079, "measure_result": "no_signal"}}
2026-09-12 21:02:39,324 INFO request {"path": "/measure", "payload": {"arena_id": "default", "robot_id": "202601002029", "request_id": "a894671bf99d4489b11ccdf6b2069543", "position": {"x": -879.1375871885625, "y": 1164.1663080323492}, "channel": 14}, "attempt": 1}
2026-09-12 21:02:39,339 INFO response {"request_id": "a894671bf99d4489b11ccdf6b2069543", "http_status": 200, "body": {"accepted": true, "real_timestamp_ms": 1789218156181, "virtual_time_s": 5656.738079, "measure_result": "no_signal"}}
2026-09-12 21:02:39,353 INFO request {"path": "/measure", "payload": {"arena_id": "default", "robot_id": "202601002029", "request_id": "8f7ea90852e14cd0bcc7502521187c1c", "position": {"x": -879.1375871885625, "y": 1164.1663080323492}, "channel": 15}, "attempt": 1}
2026-09-12 21:02:39,355 INFO response {"request_id": "8f7ea90852e14cd0bcc7502521187c1c", "http_status": 200, "body": {"accepted": true, "real_timestamp_ms": 1789218156196, "virtual_time_s": 5662.738079, "measure_result": "no_signal"}}
2026-09-12 21:02:39,385 INFO request {"path": "/measure", "payload": {"arena_id": "default", "robot_id": "202601002029", "request_id": "74449d185bfd45ee9ebff5e156c16e7d", "position": {"x": -879.1375871885625, "y": 1164.1663080323492}, "channel": 16}, "attempt": 1}
2026-09-12 21:02:39,398 INFO response {"request_id": "74449d185bfd45ee9ebff5e156c16e7d", "http_status": 200, "body": {"accepted": true, "real_timestamp_ms": 1789218156240, "virtual_time_s": 5668.738079, "measure_result": "no_signal"}}
2026-09-12 21:02:39,414 INFO request {"path": "/measure", "payload": {"arena_id": "default", "robot_id": "202601002029", "request_id": "359ef95b89564d76b1a32f9f33b14cac", "position": {"x": -879.1375871885625, "y": 1164.1663080323492}, "channel": 18}, "attempt": 1}
2026-09-12 21:02:39,427 INFO response {"request_id": "359ef95b89564d76b1a32f9f33b14cac", "http_status": 200, "body": {"accepted": true, "real_timestamp_ms": 1789218156269, "virtual_time_s": 5674.738079, "measure_result": "no_signal"}}
2026-09-12 21:02:39,442 INFO request {"path": "/measure", "payload": {"arena_id": "default", "robot_id": "202601002029", "request_id": "136f6a4a4ff140afa91d14db17286479", "position": {"x": -879.1375871885625, "y": 1164.1663080323492}, "channel": 19}, "attempt": 1}
2026-09-12 21:02:39,443 INFO response {"request_id": "136f6a4a4ff140afa91d14db17286479", "http_status": 200, "body": {"accepted": true, "real_timestamp_ms": 1789218156285, "virtual_time_s": 5680.738079, "measure_result": "no_signal"}}
2026-09-12 21:02:39,491 INFO request {"path": "/measure", "payload": {"arena_id": "default", "robot_id": "202601002029", "request_id": "ea3124cafad34dffae9735fae235a2c7", "position": {"x": -879.1375871885625, "y": 1164.1663080323492}, "channel": 12}, "attempt": 1}
2026-09-12 21:02:39,507 INFO response {"request_id": "ea3124cafad34dffae9735fae235a2c7", "http_status": 200, "body": {"accepted": true, "real_timestamp_ms": 1789218156349, "virtual_time_s": 5686.738079, "measure_result": "direction", "svd_deg": 248.99}}
2026-09-12 21:02:39,530 INFO request {"path": "/measure", "payload": {"arena_id": "default", "robot_id": "202601002029", "request_id": "680d9da3987d4c7988f1b5cf143a115f", "position": {"x": -879.1375871885625, "y": 1164.1663080323492}, "channel": 20}, "attempt": 1}
2026-09-12 21:02:39,532 INFO response {"request_id": "680d9da3987d4c7988f1b5cf143a115f", "http_status": 200, "body": {"accepted": true, "real_timestamp_ms": 1789218156373, "virtual_time_s": 5692.738079, "measure_result": "no_signal"}}
2026-09-12 21:02:39,563 INFO request {"path": "/measure", "payload": {"arena_id": "default", "robot_id": "202601002029", "request_id": "9c879cf1763c42d4b2eee1a83e5531c0", "position": {"x": -1271.3246817792224, "y": 787.1709164907295}, "channel": 3}, "attempt": 1}
2026-09-12 21:02:39,564 INFO response {"request_id": "9c879cf1763c42d4b2eee1a83e5531c0", "http_status": 200, "body": {"accepted": true, "real_timestamp_ms": 1789218156406, "virtual_time_s": 5807.538124, "measure_result": "no_signal"}}
2026-09-12 21:02:39,595 INFO request {"path": "/measure", "payload": {"arena_id": "default", "robot_id": "202601002029", "request_id": "1bb7e2ecfaa240a195e4dac9657bd668", "position": {"x": -1271.3246817792224, "y": 787.1709164907295}, "channel": 4}, "attempt": 1}
2026-09-12 21:02:39,597 INFO response {"request_id": "1bb7e2ecfaa240a195e4dac9657bd668", "http_status": 200, "body": {"accepted": true, "real_timestamp_ms": 1789218156439, "virtual_time_s": 5813.538124, "measure_result": "no_signal"}}
2026-09-12 21:02:39,613 INFO request {"path": "/measure", "payload": {"arena_id": "default", "robot_id": "202601002029", "request_id": "b986acb469e74babbda020baffbafe1d", "position": {"x": -1271.3246817792224, "y": 787.1709164907295}, "channel": 6}, "attempt": 1}
2026-09-12 21:02:39,615 INFO response {"request_id": "b986acb469e74babbda020baffbafe1d", "http_status": 200, "body": {"accepted": true, "real_timestamp_ms": 1789218156456, "virtual_time_s": 5819.538124, "measure_result": "no_signal"}}
2026-09-12 21:02:39,645 INFO request {"path": "/measure", "payload": {"arena_id": "default", "robot_id": "202601002029", "request_id": "a52e80fc9cc243baa00b69eac978f1d2", "position": {"x": -1271.3246817792224, "y": 787.1709164907295}, "channel": 7}, "attempt": 1}
2026-09-12 21:02:39,665 INFO response {"request_id": "a52e80fc9cc243baa00b69eac978f1d2", "http_status": 200, "body": {"accepted": true, "real_timestamp_ms": 1789218156506, "virtual_time_s": 5825.538124, "measure_result": "no_signal"}}
2026-09-12 21:02:39,679 INFO request {"path": "/measure", "payload": {"arena_id": "default", "robot_id": "202601002029", "request_id": "4c696cc88c75467dbaccfab741905b14", "position": {"x": -1271.3246817792224, "y": 787.1709164907295}, "channel": 9}, "attempt": 1}
2026-09-12 21:02:39,694 INFO response {"request_id": "4c696cc88c75467dbaccfab741905b14", "http_status": 200, "body": {"accepted": true, "real_timestamp_ms": 1789218156535, "virtual_time_s": 5831.538124, "measure_result": "no_signal"}}
2026-09-12 21:02:39,710 INFO request {"path": "/measure", "payload": {"arena_id": "default", "robot_id": "202601002029", "request_id": "3de0d60794704a4f8fb463ee5e4461bc", "position": {"x": -1271.3246817792224, "y": 787.1709164907295}, "channel": 14}, "attempt": 1}
2026-09-12 21:02:39,723 INFO response {"request_id": "3de0d60794704a4f8fb463ee5e4461bc", "http_status": 200, "body": {"accepted": true, "real_timestamp_ms": 1789218156564, "virtual_time_s": 5837.538124, "measure_result": "no_signal"}}
2026-09-12 21:02:39,738 INFO request {"path": "/measure", "payload": {"arena_id": "default", "robot_id": "202601002029", "request_id": "35b42ae27522487397fd1a554a8b70fe", "position": {"x": -1271.3246817792224, "y": 787.1709164907295}, "channel": 15}, "attempt": 1}
2026-09-12 21:02:39,740 INFO response {"request_id": "35b42ae27522487397fd1a554a8b70fe", "http_status": 200, "body": {"accepted": true, "real_timestamp_ms": 1789218156581, "virtual_time_s": 5843.538124, "measure_result": "no_signal"}}
2026-09-12 21:02:39,770 INFO request {"path": "/measure", "payload": {"arena_id": "default", "robot_id": "202601002029", "request_id": "b31074eaaa9b427c9a587286a7f020a6", "position": {"x": -1271.3246817792224, "y": 787.1709164907295}, "channel": 16}, "attempt": 1}
2026-09-12 21:02:39,772 INFO response {"request_id": "b31074eaaa9b427c9a587286a7f020a6", "http_status": 200, "body": {"accepted": true, "real_timestamp_ms": 1789218156613, "virtual_time_s": 5849.538124, "measure_result": "no_signal"}}
2026-09-12 21:02:39,803 INFO request {"path": "/measure", "payload": {"arena_id": "default", "robot_id": "202601002029", "request_id": "3f8e9ced1311402b908e8c79ac955daa", "position": {"x": -1271.3246817792224, "y": 787.1709164907295}, "channel": 18}, "attempt": 1}
2026-09-12 21:02:39,821 INFO response {"request_id": "3f8e9ced1311402b908e8c79ac955daa", "http_status": 200, "body": {"accepted": true, "real_timestamp_ms": 1789218156663, "virtual_time_s": 5855.538124, "measure_result": "no_signal"}}
2026-09-12 21:02:39,837 INFO request {"path": "/measure", "payload": {"arena_id": "default", "robot_id": "202601002029", "request_id": "fc428b5745574e9cb847bf8a71daf8db", "position": {"x": -1271.3246817792224, "y": 787.1709164907295}, "channel": 19}, "attempt": 1}
2026-09-12 21:02:39,850 INFO response {"request_id": "fc428b5745574e9cb847bf8a71daf8db", "http_status": 200, "body": {"accepted": true, "real_timestamp_ms": 1789218156692, "virtual_time_s": 5861.538124, "measure_result": "no_signal"}}
2026-09-12 21:02:39,874 INFO request {"path": "/measure", "payload": {"arena_id": "default", "robot_id": "202601002029", "request_id": "1e6d18c062a7443083aa6e5f11a86393", "position": {"x": -1505.6835009275767, "y": 281.46102611432315}, "channel": 19}, "attempt": 1}
2026-09-12 21:02:39,877 INFO response {"request_id": "1e6d18c062a7443083aa6e5f11a86393", "http_status": 200, "body": {"accepted": true, "real_timestamp_ms": 1789218156718, "virtual_time_s": 5978.013063, "measure_result": "no_signal"}}
2026-09-12 21:02:39,907 INFO request {"path": "/measure", "payload": {"arena_id": "default", "robot_id": "202601002029", "request_id": "c5f352fc36f0498e804cf4063250cbcf", "position": {"x": -1505.6835009275767, "y": 281.46102611432315}, "channel": 3}, "attempt": 1}
2026-09-12 21:02:39,909 INFO response {"request_id": "c5f352fc36f0498e804cf4063250cbcf", "http_status": 200, "body": {"accepted": true, "real_timestamp_ms": 1789218156751, "virtual_time_s": 5984.013063, "measure_result": "no_signal"}}
2026-09-12 21:02:39,940 INFO request {"path": "/measure", "payload": {"arena_id": "default", "robot_id": "202601002029", "request_id": "99b1e47feeb04fcbbc2395815f36f468", "position": {"x": -1505.6835009275767, "y": 281.46102611432315}, "channel": 4}, "attempt": 1}
2026-09-12 21:02:39,957 INFO response {"request_id": "99b1e47feeb04fcbbc2395815f36f468", "http_status": 200, "body": {"accepted": true, "real_timestamp_ms": 1789218156799, "virtual_time_s": 5990.013063, "measure_result": "no_signal"}}
2026-09-12 21:02:39,958 INFO request {"path": "/measure", "payload": {"arena_id": "default", "robot_id": "202601002029", "request_id": "8939105ee8e44b0a83fbdb4945a68a65", "position": {"x": -1505.6835009275767, "y": 281.46102611432315}, "channel": 6}, "attempt": 1}
2026-09-12 21:02:39,977 INFO response {"request_id": "8939105ee8e44b0a83fbdb4945a68a65", "http_status": 200, "body": {"accepted": true, "real_timestamp_ms": 1789218156818, "virtual_time_s": 5996.013063, "measure_result": "no_signal"}}
2026-09-12 21:02:39,993 INFO request {"path": "/measure", "payload": {"arena_id": "default", "robot_id": "202601002029", "request_id": "b1f95e043cbe4865a32668cfddb9ea64", "position": {"x": -1505.6835009275767, "y": 281.46102611432315}, "channel": 7}, "attempt": 1}
2026-09-12 21:02:40,005 INFO response {"request_id": "b1f95e043cbe4865a32668cfddb9ea64", "http_status": 200, "body": {"accepted": true, "real_timestamp_ms": 1789218156847, "virtual_time_s": 6002.013063, "measure_result": "no_signal"}}
2026-09-12 21:02:40,020 INFO request {"path": "/measure", "payload": {"arena_id": "default", "robot_id": "202601002029", "request_id": "26008c5651ba4690a34efb3619e47020", "position": {"x": -1505.6835009275767, "y": 281.46102611432315}, "channel": 9}, "attempt": 1}
2026-09-12 21:02:40,035 INFO response {"request_id": "26008c5651ba4690a34efb3619e47020", "http_status": 200, "body": {"accepted": true, "real_timestamp_ms": 1789218156877, "virtual_time_s": 6008.013063, "measure_result": "direction", "svd_deg": 260.01}}
2026-09-12 21:02:40,052 INFO request {"path": "/measure", "payload": {"arena_id": "default", "robot_id": "202601002029", "request_id": "9f24a7e7f5e74d4ea20dc2dcb90bc52a", "position": {"x": -1505.6835009275767, "y": 281.46102611432315}, "channel": 14}, "attempt": 1}
2026-09-12 21:02:40,053 INFO response {"request_id": "9f24a7e7f5e74d4ea20dc2dcb90bc52a", "http_status": 200, "body": {"accepted": true, "real_timestamp_ms": 1789218156895, "virtual_time_s": 6014.013063, "measure_result": "no_signal"}}
2026-09-12 21:02:40,083 INFO request {"path": "/measure", "payload": {"arena_id": "default", "robot_id": "202601002029", "request_id": "aa97b54b3ad54c49bd77dea3d5ca5764", "position": {"x": -1505.6835009275767, "y": 281.46102611432315}, "channel": 15}, "attempt": 1}
2026-09-12 21:02:40,085 INFO response {"request_id": "aa97b54b3ad54c49bd77dea3d5ca5764", "http_status": 200, "body": {"accepted": true, "real_timestamp_ms": 1789218156926, "virtual_time_s": 6020.013063, "measure_result": "no_signal"}}
2026-09-12 21:02:40,115 INFO request {"path": "/measure", "payload": {"arena_id": "default", "robot_id": "202601002029", "request_id": "3361e290811b47f59513d9866b642032", "position": {"x": -1505.6835009275767, "y": 281.46102611432315}, "channel": 16}, "attempt": 1}
2026-09-12 21:02:40,133 INFO response {"request_id": "3361e290811b47f59513d9866b642032", "http_status": 200, "body": {"accepted": true, "real_timestamp_ms": 1789218156974, "virtual_time_s": 6026.013063, "measure_result": "no_signal"}}
2026-09-12 21:02:40,147 INFO request {"path": "/measure", "payload": {"arena_id": "default", "robot_id": "202601002029", "request_id": "a25d681198fc4520b7498d885000f476", "position": {"x": -1505.6835009275767, "y": 281.46102611432315}, "channel": 18}, "attempt": 1}
2026-09-12 21:02:40,149 INFO response {"request_id": "a25d681198fc4520b7498d885000f476", "http_status": 200, "body": {"accepted": true, "real_timestamp_ms": 1789218156990, "virtual_time_s": 6032.013063, "measure_result": "no_signal"}}
2026-09-12 21:02:40,198 INFO request {"path": "/measure", "payload": {"arena_id": "default", "robot_id": "202601002029", "request_id": "6ab3b2692a8542468fdd4b72dfbf6d5c", "position": {"x": -1541.5331080925187, "y": -288.16247911704596}, "channel": 18}, "attempt": 1}
2026-09-12 21:02:40,200 INFO response {"request_id": "6ab3b2692a8542468fdd4b72dfbf6d5c", "http_status": 200, "body": {"accepted": true, "real_timestamp_ms": 1789218157042, "virtual_time_s": 6151.163163, "measure_result": "no_signal"}}
2026-09-12 21:02:40,231 INFO request {"path": "/measure", "payload": {"arena_id": "default", "robot_id": "202601002029", "request_id": "10868503bd984e4eb9d9b3b1ec021380", "position": {"x": -1541.5331080925187, "y": -288.16247911704596}, "channel": 3}, "attempt": 1}
2026-09-12 21:02:40,253 INFO response {"request_id": "10868503bd984e4eb9d9b3b1ec021380", "http_status": 200, "body": {"accepted": true, "real_timestamp_ms": 1789218157094, "virtual_time_s": 6157.163163, "measure_result": "no_signal"}}
2026-09-12 21:02:40,268 INFO request {"path": "/measure", "payload": {"arena_id": "default", "robot_id": "202601002029", "request_id": "9eca8f2d63cd41338947151604a8ceac", "position": {"x": -1541.5331080925187, "y": -288.16247911704596}, "channel": 4}, "attempt": 1}
2026-09-12 21:02:40,269 INFO response {"request_id": "9eca8f2d63cd41338947151604a8ceac", "http_status": 200, "body": {"accepted": true, "real_timestamp_ms": 1789218157111, "virtual_time_s": 6163.163163, "measure_result": "no_signal"}}
2026-09-12 21:02:40,285 INFO request {"path": "/measure", "payload": {"arena_id": "default", "robot_id": "202601002029", "request_id": "1435ead33c0f4b7680361a710edadd7c", "position": {"x": -1541.5331080925187, "y": -288.16247911704596}, "channel": 6}, "attempt": 1}
2026-09-12 21:02:40,302 INFO response {"request_id": "1435ead33c0f4b7680361a710edadd7c", "http_status": 200, "body": {"accepted": true, "real_timestamp_ms": 1789218157144, "virtual_time_s": 6169.163163, "measure_result": "no_signal"}}
2026-09-12 21:02:40,318 INFO request {"path": "/measure", "payload": {"arena_id": "default", "robot_id": "202601002029", "request_id": "487749cd2505498ca8e3ea9e37db7d94", "position": {"x": -1541.5331080925187, "y": -288.16247911704596}, "channel": 7}, "attempt": 1}
2026-09-12 21:02:40,331 INFO response {"request_id": "487749cd2505498ca8e3ea9e37db7d94", "http_status": 200, "body": {"accepted": true, "real_timestamp_ms": 1789218157173, "virtual_time_s": 6175.163163, "measure_result": "no_signal"}}
2026-09-12 21:02:40,362 INFO request {"path": "/measure", "payload": {"arena_id": "default", "robot_id": "202601002029", "request_id": "5e94ec107db049a7827d782f8ffabc39", "position": {"x": -1541.5331080925187, "y": -288.16247911704596}, "channel": 14}, "attempt": 1}
2026-09-12 21:02:40,380 INFO response {"request_id": "5e94ec107db049a7827d782f8ffabc39", "http_status": 200, "body": {"accepted": true, "real_timestamp_ms": 1789218157222, "virtual_time_s": 6181.163163, "measure_result": "no_signal"}}
2026-09-12 21:02:40,380 INFO request {"path": "/measure", "payload": {"arena_id": "default", "robot_id": "202601002029", "request_id": "b8e8cf4cd03845ccafd07567228559fc", "position": {"x": -1541.5331080925187, "y": -288.16247911704596}, "channel": 15}, "attempt": 1}
2026-09-12 21:02:40,400 INFO response {"request_id": "b8e8cf4cd03845ccafd07567228559fc", "http_status": 200, "body": {"accepted": true, "real_timestamp_ms": 1789218157242, "virtual_time_s": 6187.163163, "measure_result": "no_signal"}}
2026-09-12 21:02:40,415 INFO request {"path": "/measure", "payload": {"arena_id": "default", "robot_id": "202601002029", "request_id": "ae70c4e2f1e4401d95740bf38c062206", "position": {"x": -1541.5331080925187, "y": -288.16247911704596}, "channel": 16}, "attempt": 1}
2026-09-12 21:02:40,429 INFO response {"request_id": "ae70c4e2f1e4401d95740bf38c062206", "http_status": 200, "body": {"accepted": true, "real_timestamp_ms": 1789218157271, "virtual_time_s": 6193.163163, "measure_result": "no_signal"}}
2026-09-12 21:02:40,444 INFO request {"path": "/measure", "payload": {"arena_id": "default", "robot_id": "202601002029", "request_id": "661f88059f5f48e8b0ca81065fe43ff1", "position": {"x": -1541.5331080925187, "y": -288.16247911704596}, "channel": 19}, "attempt": 1}
2026-09-12 21:02:40,458 INFO response {"request_id": "661f88059f5f48e8b0ca81065fe43ff1", "http_status": 200, "body": {"accepted": true, "real_timestamp_ms": 1789218157300, "virtual_time_s": 6199.163163, "measure_result": "no_signal"}}
2026-09-12 21:02:40,539 INFO request {"path": "/measure", "payload": {"arena_id": "default", "robot_id": "202601002029", "request_id": "ba68475e7a644df6a19163d8710db105", "position": {"x": -1541.5331080925187, "y": -288.16247911704596}, "channel": 1}, "attempt": 1}
2026-09-12 21:02:40,558 INFO response {"request_id": "ba68475e7a644df6a19163d8710db105", "http_status": 200, "body": {"accepted": true, "real_timestamp_ms": 1789218157399, "virtual_time_s": 6205.163163, "measure_result": "direction", "svd_deg": 266.86}}
2026-09-12 21:02:40,577 INFO request {"path": "/measure", "payload": {"arena_id": "default", "robot_id": "202601002029", "request_id": "c80f105a43c04880847e275f5dcc3ab2", "position": {"x": -1541.5331080925187, "y": -288.16247911704596}, "channel": 9}, "attempt": 1}
2026-09-12 21:02:40,578 INFO response {"request_id": "c80f105a43c04880847e275f5dcc3ab2", "http_status": 200, "body": {"accepted": true, "real_timestamp_ms": 1789218157420, "virtual_time_s": 6211.163163, "measure_result": "no_signal"}}
2026-09-12 21:02:40,609 INFO request {"path": "/measure", "payload": {"arena_id": "default", "robot_id": "202601002029", "request_id": "5aefbe963bff4e35b69356ca09ad91bc", "position": {"x": -1364.348438982581, "y": -844.7687884290738}, "channel": 3}, "attempt": 1}
2026-09-12 21:02:40,610 INFO response {"request_id": "5aefbe963bff4e35b69356ca09ad91bc", "http_status": 200, "body": {"accepted": true, "real_timestamp_ms": 1789218157452, "virtual_time_s": 6333.988672, "measure_result": "no_signal"}}
2026-09-12 21:02:40,641 INFO request {"path": "/measure", "payload": {"arena_id": "default", "robot_id": "202601002029", "request_id": "116f068044fc47bebb8da248ec561850", "position": {"x": -1364.348438982581, "y": -844.7687884290738}, "channel": 4}, "attempt": 1}
2026-09-12 21:02:40,657 INFO response {"request_id": "116f068044fc47bebb8da248ec561850", "http_status": 200, "body": {"accepted": true, "real_timestamp_ms": 1789218157498, "virtual_time_s": 6339.988672, "measure_result": "no_signal"}}
2026-09-12 21:02:40,673 INFO request {"path": "/measure", "payload": {"arena_id": "default", "robot_id": "202601002029", "request_id": "659b8415cfc54452a4df7c819b896d3c", "position": {"x": -1364.348438982581, "y": -844.7687884290738}, "channel": 6}, "attempt": 1}
2026-09-12 21:02:40,675 INFO response {"request_id": "659b8415cfc54452a4df7c819b896d3c", "http_status": 200, "body": {"accepted": true, "real_timestamp_ms": 1789218157516, "virtual_time_s": 6345.988672, "measure_result": "no_signal"}}
2026-09-12 21:02:40,690 INFO request {"path": "/measure", "payload": {"arena_id": "default", "robot_id": "202601002029", "request_id": "a2b42f7f354843249ed2ab53d8619079", "position": {"x": -1364.348438982581, "y": -844.7687884290738}, "channel": 7}, "attempt": 1}
2026-09-12 21:02:40,705 INFO response {"request_id": "a2b42f7f354843249ed2ab53d8619079", "http_status": 200, "body": {"accepted": true, "real_timestamp_ms": 1789218157547, "virtual_time_s": 6351.988672, "measure_result": "no_signal"}}
2026-09-12 21:02:40,721 INFO request {"path": "/measure", "payload": {"arena_id": "default", "robot_id": "202601002029", "request_id": "d1e478e8641d49cfb7602a09db3a52ca", "position": {"x": -1364.348438982581, "y": -844.7687884290738}, "channel": 14}, "attempt": 1}
2026-09-12 21:02:40,724 INFO response {"request_id": "d1e478e8641d49cfb7602a09db3a52ca", "http_status": 200, "body": {"accepted": true, "real_timestamp_ms": 1789218157565, "virtual_time_s": 6357.988672, "measure_result": "no_signal"}}
2026-09-12 21:02:40,740 INFO request {"path": "/measure", "payload": {"arena_id": "default", "robot_id": "202601002029", "request_id": "5960f291aed74ccda0afc5572d84eac9", "position": {"x": -1364.348438982581, "y": -844.7687884290738}, "channel": 15}, "attempt": 1}
2026-09-12 21:02:40,741 INFO response {"request_id": "5960f291aed74ccda0afc5572d84eac9", "http_status": 200, "body": {"accepted": true, "real_timestamp_ms": 1789218157583, "virtual_time_s": 6363.988672, "measure_result": "no_signal"}}
2026-09-12 21:02:40,772 INFO request {"path": "/measure", "payload": {"arena_id": "default", "robot_id": "202601002029", "request_id": "95ed8fb39625463789c924e5edb2bf8c", "position": {"x": -1364.348438982581, "y": -844.7687884290738}, "channel": 16}, "attempt": 1}
2026-09-12 21:02:40,784 INFO response {"request_id": "95ed8fb39625463789c924e5edb2bf8c", "http_status": 200, "body": {"accepted": true, "real_timestamp_ms": 1789218157625, "virtual_time_s": 6369.988672, "measure_result": "no_signal"}}
2026-09-12 21:02:40,815 INFO request {"path": "/measure", "payload": {"arena_id": "default", "robot_id": "202601002029", "request_id": "0ebfaaa429f14e4782661a9f5584fa8b", "position": {"x": -1364.348438982581, "y": -844.7687884290738}, "channel": 18}, "attempt": 1}
2026-09-12 21:02:40,833 INFO response {"request_id": "0ebfaaa429f14e4782661a9f5584fa8b", "http_status": 200, "body": {"accepted": true, "real_timestamp_ms": 1789218157674, "virtual_time_s": 6375.988672, "measure_result": "no_signal"}}
2026-09-12 21:02:40,833 INFO request {"path": "/measure", "payload": {"arena_id": "default", "robot_id": "202601002029", "request_id": "8fc8f55030ec4fcd8376b36ec1b234c4", "position": {"x": -1364.348438982581, "y": -844.7687884290738}, "channel": 19}, "attempt": 1}
2026-09-12 21:02:40,834 INFO response {"request_id": "8fc8f55030ec4fcd8376b36ec1b234c4", "http_status": 200, "body": {"accepted": true, "real_timestamp_ms": 1789218157676, "virtual_time_s": 6381.988672, "measure_result": "no_signal"}}
2026-09-12 21:02:40,878 INFO request {"path": "/measure", "payload": {"arena_id": "default", "robot_id": "202601002029", "request_id": "37db68aa2670444eacd8bc61096d1101", "position": {"x": -1364.348438982581, "y": -844.7687884290738}, "channel": 11}, "attempt": 1}
2026-09-12 21:02:40,891 INFO response {"request_id": "37db68aa2670444eacd8bc61096d1101", "http_status": 200, "body": {"accepted": true, "real_timestamp_ms": 1789218157733, "virtual_time_s": 6387.988672, "measure_result": "direction", "svd_deg": 304.11}}
2026-09-12 21:02:40,895 INFO request {"path": "/measure", "payload": {"arena_id": "default", "robot_id": "202601002029", "request_id": "6f35b8b14c4c4905b6875fabc78eff75", "position": {"x": -989.0297855871345, "y": -1309.6870965363914}, "channel": 3}, "attempt": 1}
2026-09-12 21:02:40,911 INFO response {"request_id": "6f35b8b14c4c4905b6875fabc78eff75", "http_status": 200, "body": {"accepted": true, "real_timestamp_ms": 1789218157753, "virtual_time_s": 6513.489823, "measure_result": "no_signal"}}
2026-09-12 21:02:40,926 INFO request {"path": "/measure", "payload": {"arena_id": "default", "robot_id": "202601002029", "request_id": "36dea663246a4239842b9c3ee2c1f036", "position": {"x": -989.0297855871345, "y": -1309.6870965363914}, "channel": 4}, "attempt": 1}
2026-09-12 21:02:40,941 INFO response {"request_id": "36dea663246a4239842b9c3ee2c1f036", "http_status": 200, "body": {"accepted": true, "real_timestamp_ms": 1789218157782, "virtual_time_s": 6519.489823, "measure_result": "no_signal"}}
2026-09-12 21:02:40,956 INFO request {"path": "/measure", "payload": {"arena_id": "default", "robot_id": "202601002029", "request_id": "2c2957cd6a6c4c739c8d2219fcf8f08c", "position": {"x": -989.0297855871345, "y": -1309.6870965363914}, "channel": 6}, "attempt": 1}
2026-09-12 21:02:40,970 INFO response {"request_id": "2c2957cd6a6c4c739c8d2219fcf8f08c", "http_status": 200, "body": {"accepted": true, "real_timestamp_ms": 1789218157811, "virtual_time_s": 6525.489823, "measure_result": "no_signal"}}
2026-09-12 21:02:41,001 INFO request {"path": "/measure", "payload": {"arena_id": "default", "robot_id": "202601002029", "request_id": "5bbb210b466c4779a7f258ab115b7b3b", "position": {"x": -989.0297855871345, "y": -1309.6870965363914}, "channel": 7}, "attempt": 1}
2026-09-12 21:02:41,003 INFO response {"request_id": "5bbb210b466c4779a7f258ab115b7b3b", "http_status": 200, "body": {"accepted": true, "real_timestamp_ms": 1789218157844, "virtual_time_s": 6531.489823, "measure_result": "no_signal"}}
2026-09-12 21:02:41,034 INFO request {"path": "/measure", "payload": {"arena_id": "default", "robot_id": "202601002029", "request_id": "09a250beee6141638608adabb17c3365", "position": {"x": -989.0297855871345, "y": -1309.6870965363914}, "channel": 14}, "attempt": 1}
2026-09-12 21:02:41,035 INFO response {"request_id": "09a250beee6141638608adabb17c3365", "http_status": 200, "body": {"accepted": true, "real_timestamp_ms": 1789218157877, "virtual_time_s": 6537.489823, "measure_result": "no_signal"}}
2026-09-12 21:02:41,050 INFO request {"path": "/measure", "payload": {"arena_id": "default", "robot_id": "202601002029", "request_id": "6c52b00bf0b644f4a30bc8d8be5ae23a", "position": {"x": -989.0297855871345, "y": -1309.6870965363914}, "channel": 15}, "attempt": 1}
2026-09-12 21:02:41,051 INFO response {"request_id": "6c52b00bf0b644f4a30bc8d8be5ae23a", "http_status": 200, "body": {"accepted": true, "real_timestamp_ms": 1789218157893, "virtual_time_s": 6543.489823, "measure_result": "no_signal"}}
2026-09-12 21:02:41,065 INFO request {"path": "/measure", "payload": {"arena_id": "default", "robot_id": "202601002029", "request_id": "f24ed9492a674bb8a7b3752b0bfc396f", "position": {"x": -989.0297855871345, "y": -1309.6870965363914}, "channel": 16}, "attempt": 1}
2026-09-12 21:02:41,077 INFO response {"request_id": "f24ed9492a674bb8a7b3752b0bfc396f", "http_status": 200, "body": {"accepted": true, "real_timestamp_ms": 1789218157918, "virtual_time_s": 6549.489823, "measure_result": "no_signal"}}
2026-09-12 21:02:41,092 INFO request {"path": "/measure", "payload": {"arena_id": "default", "robot_id": "202601002029", "request_id": "2d73a5557a704f77b80e1bab61e136df", "position": {"x": -989.0297855871345, "y": -1309.6870965363914}, "channel": 18}, "attempt": 1}
2026-09-12 21:02:41,106 INFO response {"request_id": "2d73a5557a704f77b80e1bab61e136df", "http_status": 200, "body": {"accepted": true, "real_timestamp_ms": 1789218157947, "virtual_time_s": 6555.489823, "measure_result": "no_signal"}}
2026-09-12 21:02:41,121 INFO request {"path": "/measure", "payload": {"arena_id": "default", "robot_id": "202601002029", "request_id": "b0f56b964d0f491e905a1316764162d3", "position": {"x": -989.0297855871345, "y": -1309.6870965363914}, "channel": 19}, "attempt": 1}
2026-09-12 21:02:41,123 INFO response {"request_id": "b0f56b964d0f491e905a1316764162d3", "http_status": 200, "body": {"accepted": true, "real_timestamp_ms": 1789218157965, "virtual_time_s": 6561.489823, "measure_result": "no_signal"}}
2026-09-12 21:02:41,150 INFO request {"path": "/measure", "payload": {"arena_id": "default", "robot_id": "202601002029", "request_id": "e9146cd5dd004e12a4278a149b6d9842", "position": {"x": -459.10991040328094, "y": -1613.60396136993}, "channel": 19}, "attempt": 1}
2026-09-12 21:02:41,165 INFO response {"request_id": "e9146cd5dd004e12a4278a149b6d9842", "http_status": 200, "body": {"accepted": true, "real_timestamp_ms": 1789218158006, "virtual_time_s": 6688.666831, "measure_result": "no_signal"}}
2026-09-12 21:02:41,179 INFO request {"path": "/measure", "payload": {"arena_id": "default", "robot_id": "202601002029", "request_id": "ceebfcede0684d97b92b4ed064c8c392", "position": {"x": -459.10991040328094, "y": -1613.60396136993}, "channel": 3}, "attempt": 1}
2026-09-12 21:02:41,181 INFO response {"request_id": "ceebfcede0684d97b92b4ed064c8c392", "http_status": 200, "body": {"accepted": true, "real_timestamp_ms": 1789218158023, "virtual_time_s": 6694.666831, "measure_result": "no_signal"}}
2026-09-12 21:02:41,212 INFO request {"path": "/measure", "payload": {"arena_id": "default", "robot_id": "202601002029", "request_id": "ba2bfd342b2f49238a0999e64aeb3618", "position": {"x": -459.10991040328094, "y": -1613.60396136993}, "channel": 4}, "attempt": 1}
2026-09-12 21:02:41,213 INFO response {"request_id": "ba2bfd342b2f49238a0999e64aeb3618", "http_status": 200, "body": {"accepted": true, "real_timestamp_ms": 1789218158055, "virtual_time_s": 6700.666831, "measure_result": "no_signal"}}
2026-09-12 21:02:41,245 INFO request {"path": "/measure", "payload": {"arena_id": "default", "robot_id": "202601002029", "request_id": "af0a95437c544e06b5dcb8e15af2a5a6", "position": {"x": -459.10991040328094, "y": -1613.60396136993}, "channel": 6}, "attempt": 1}
2026-09-12 21:02:41,246 INFO response {"request_id": "af0a95437c544e06b5dcb8e15af2a5a6", "http_status": 200, "body": {"accepted": true, "real_timestamp_ms": 1789218158088, "virtual_time_s": 6706.666831, "measure_result": "no_signal"}}
2026-09-12 21:02:41,277 INFO request {"path": "/measure", "payload": {"arena_id": "default", "robot_id": "202601002029", "request_id": "ef81ead39c84410888a43332c43ad075", "position": {"x": -459.10991040328094, "y": -1613.60396136993}, "channel": 7}, "attempt": 1}
2026-09-12 21:02:41,291 INFO response {"request_id": "ef81ead39c84410888a43332c43ad075", "http_status": 200, "body": {"accepted": true, "real_timestamp_ms": 1789218158133, "virtual_time_s": 6712.666831, "measure_result": "no_signal"}}
2026-09-12 21:02:41,306 INFO request {"path": "/measure", "payload": {"arena_id": "default", "robot_id": "202601002029", "request_id": "1c743ccace8940d39ffc1e14bd537ad3", "position": {"x": -459.10991040328094, "y": -1613.60396136993}, "channel": 14}, "attempt": 1}
2026-09-12 21:02:41,320 INFO response {"request_id": "1c743ccace8940d39ffc1e14bd537ad3", "http_status": 200, "body": {"accepted": true, "real_timestamp_ms": 1789218158162, "virtual_time_s": 6718.666831, "measure_result": "no_signal"}}
2026-09-12 21:02:41,336 INFO request {"path": "/measure", "payload": {"arena_id": "default", "robot_id": "202601002029", "request_id": "8efe06524b8f49b5be5580b2ad1eae0a", "position": {"x": -459.10991040328094, "y": -1613.60396136993}, "channel": 15}, "attempt": 1}
2026-09-12 21:02:41,351 INFO response {"request_id": "8efe06524b8f49b5be5580b2ad1eae0a", "http_status": 200, "body": {"accepted": true, "real_timestamp_ms": 1789218158192, "virtual_time_s": 6724.666831, "measure_result": "no_signal"}}
2026-09-12 21:02:41,366 INFO request {"path": "/measure", "payload": {"arena_id": "default", "robot_id": "202601002029", "request_id": "977d9deb9c584a3e933e02749db88f03", "position": {"x": -459.10991040328094, "y": -1613.60396136993}, "channel": 16}, "attempt": 1}
2026-09-12 21:02:41,379 INFO response {"request_id": "977d9deb9c584a3e933e02749db88f03", "http_status": 200, "body": {"accepted": true, "real_timestamp_ms": 1789218158221, "virtual_time_s": 6730.666831, "measure_result": "no_signal"}}
2026-09-12 21:02:41,394 INFO request {"path": "/measure", "payload": {"arena_id": "default", "robot_id": "202601002029", "request_id": "29795b9b8d0f4b9084c00f859478dd14", "position": {"x": -459.10991040328094, "y": -1613.60396136993}, "channel": 18}, "attempt": 1}
2026-09-12 21:02:41,396 INFO response {"request_id": "29795b9b8d0f4b9084c00f859478dd14", "http_status": 200, "body": {"accepted": true, "real_timestamp_ms": 1789218158238, "virtual_time_s": 6736.666831, "measure_result": "no_signal"}}
2026-09-12 21:02:41,428 INFO request {"path": "/measure", "payload": {"arena_id": "default", "robot_id": "202601002029", "request_id": "9da2fd2faff04de8996b9dfab82dfe97", "position": {"x": 158.15882322121286, "y": -1706.8055233669004}, "channel": 18}, "attempt": 1}
2026-09-12 21:02:41,433 INFO response {"request_id": "9da2fd2faff04de8996b9dfab82dfe97", "http_status": 200, "body": {"accepted": true, "real_timestamp_ms": 1789218158273, "virtual_time_s": 6866.5199, "measure_result": "no_signal"}}
2026-09-12 21:02:41,463 INFO request {"path": "/measure", "payload": {"arena_id": "default", "robot_id": "202601002029", "request_id": "37de085f5ce0459fa44b36d709b8ab7f", "position": {"x": 158.15882322121286, "y": -1706.8055233669004}, "channel": 3}, "attempt": 1}
2026-09-12 21:02:41,479 INFO response {"request_id": "37de085f5ce0459fa44b36d709b8ab7f", "http_status": 200, "body": {"accepted": true, "real_timestamp_ms": 1789218158320, "virtual_time_s": 6872.5199, "measure_result": "no_signal"}}
2026-09-12 21:02:41,495 INFO request {"path": "/measure", "payload": {"arena_id": "default", "robot_id": "202601002029", "request_id": "6bb6bec1faae417b9bc4d84fb191d057", "position": {"x": 158.15882322121286, "y": -1706.8055233669004}, "channel": 4}, "attempt": 1}
2026-09-12 21:02:41,496 INFO response {"request_id": "6bb6bec1faae417b9bc4d84fb191d057", "http_status": 200, "body": {"accepted": true, "real_timestamp_ms": 1789218158338, "virtual_time_s": 6878.5199, "measure_result": "no_signal"}}
2026-09-12 21:02:41,527 INFO request {"path": "/measure", "payload": {"arena_id": "default", "robot_id": "202601002029", "request_id": "c0f652d5f11349d6a5b2e17198e95f55", "position": {"x": 158.15882322121286, "y": -1706.8055233669004}, "channel": 6}, "attempt": 1}
2026-09-12 21:02:41,529 INFO response {"request_id": "c0f652d5f11349d6a5b2e17198e95f55", "http_status": 200, "body": {"accepted": true, "real_timestamp_ms": 1789218158371, "virtual_time_s": 6884.5199, "measure_result": "no_signal"}}
2026-09-12 21:02:41,560 INFO request {"path": "/measure", "payload": {"arena_id": "default", "robot_id": "202601002029", "request_id": "6b0769ddd0594b5b9b3cd6e0a52fa21c", "position": {"x": 158.15882322121286, "y": -1706.8055233669004}, "channel": 7}, "attempt": 1}
2026-09-12 21:02:41,576 INFO response {"request_id": "6b0769ddd0594b5b9b3cd6e0a52fa21c", "http_status": 200, "body": {"accepted": true, "real_timestamp_ms": 1789218158418, "virtual_time_s": 6890.5199, "measure_result": "no_signal"}}
2026-09-12 21:02:41,592 INFO request {"path": "/measure", "payload": {"arena_id": "default", "robot_id": "202601002029", "request_id": "9f4220e3c73c42e3bbe9473f911c55ac", "position": {"x": 158.15882322121286, "y": -1706.8055233669004}, "channel": 14}, "attempt": 1}
2026-09-12 21:02:41,607 INFO response {"request_id": "9f4220e3c73c42e3bbe9473f911c55ac", "http_status": 200, "body": {"accepted": true, "real_timestamp_ms": 1789218158448, "virtual_time_s": 6896.5199, "measure_result": "no_signal"}}
2026-09-12 21:02:41,622 INFO request {"path": "/measure", "payload": {"arena_id": "default", "robot_id": "202601002029", "request_id": "a4d3c2e5fe4d421db081454eb7e6d648", "position": {"x": 158.15882322121286, "y": -1706.8055233669004}, "channel": 15}, "attempt": 1}
2026-09-12 21:02:41,623 INFO response {"request_id": "a4d3c2e5fe4d421db081454eb7e6d648", "http_status": 200, "body": {"accepted": true, "real_timestamp_ms": 1789218158465, "virtual_time_s": 6902.5199, "measure_result": "no_signal"}}
2026-09-12 21:02:41,654 INFO request {"path": "/measure", "payload": {"arena_id": "default", "robot_id": "202601002029", "request_id": "be9cfd713b864264bd7c021e0c54fdf7", "position": {"x": 158.15882322121286, "y": -1706.8055233669004}, "channel": 16}, "attempt": 1}
2026-09-12 21:02:41,655 INFO response {"request_id": "be9cfd713b864264bd7c021e0c54fdf7", "http_status": 200, "body": {"accepted": true, "real_timestamp_ms": 1789218158496, "virtual_time_s": 6908.5199, "measure_result": "no_signal"}}
2026-09-12 21:02:41,685 INFO request {"path": "/measure", "payload": {"arena_id": "default", "robot_id": "202601002029", "request_id": "6491af1a80b7464ca40f6970d704f86b", "position": {"x": 158.15882322121286, "y": -1706.8055233669004}, "channel": 19}, "attempt": 1}
2026-09-12 21:02:41,706 INFO response {"request_id": "6491af1a80b7464ca40f6970d704f86b", "http_status": 200, "body": {"accepted": true, "real_timestamp_ms": 1789218158547, "virtual_time_s": 6914.5199, "measure_result": "no_signal"}}
2026-09-12 21:02:41,722 INFO request {"path": "/measure", "payload": {"arena_id": "default", "robot_id": "202601002029", "request_id": "2ade2ad290654347a855fcae9c8bbaae", "position": {"x": 780.3043216417499, "y": -1567.0623265133333}, "channel": 19}, "attempt": 1}
2026-09-12 21:02:41,734 INFO response {"request_id": "2ade2ad290654347a855fcae9c8bbaae", "http_status": 200, "body": {"accepted": true, "real_timestamp_ms": 1789218158576, "virtual_time_s": 7047.049219, "measure_result": "no_signal"}}
2026-09-12 21:02:41,749 INFO request {"path": "/measure", "payload": {"arena_id": "default", "robot_id": "202601002029", "request_id": "64089028258f4fc890b56403654c09b8", "position": {"x": 780.3043216417499, "y": -1567.0623265133333}, "channel": 3}, "attempt": 1}
2026-09-12 21:02:41,762 INFO response {"request_id": "64089028258f4fc890b56403654c09b8", "http_status": 200, "body": {"accepted": true, "real_timestamp_ms": 1789218158604, "virtual_time_s": 7053.049219, "measure_result": "no_signal"}}
2026-09-12 21:02:41,777 INFO request {"path": "/measure", "payload": {"arena_id": "default", "robot_id": "202601002029", "request_id": "728b07e83c344e2aa553ee730541c9dc", "position": {"x": 780.3043216417499, "y": -1567.0623265133333}, "channel": 4}, "attempt": 1}
2026-09-12 21:02:41,779 INFO response {"request_id": "728b07e83c344e2aa553ee730541c9dc", "http_status": 200, "body": {"accepted": true, "real_timestamp_ms": 1789218158620, "virtual_time_s": 7059.049219, "measure_result": "no_signal"}}
2026-09-12 21:02:41,809 INFO request {"path": "/measure", "payload": {"arena_id": "default", "robot_id": "202601002029", "request_id": "08750253dc9249b79c4b1d300ff92eb2", "position": {"x": 780.3043216417499, "y": -1567.0623265133333}, "channel": 6}, "attempt": 1}
2026-09-12 21:02:41,823 INFO response {"request_id": "08750253dc9249b79c4b1d300ff92eb2", "http_status": 200, "body": {"accepted": true, "real_timestamp_ms": 1789218158664, "virtual_time_s": 7065.049219, "measure_result": "no_signal"}}
2026-09-12 21:02:41,839 INFO request {"path": "/measure", "payload": {"arena_id": "default", "robot_id": "202601002029", "request_id": "c97ccc782ee447889ca191319c46479f", "position": {"x": 780.3043216417499, "y": -1567.0623265133333}, "channel": 7}, "attempt": 1}
2026-09-12 21:02:41,853 INFO response {"request_id": "c97ccc782ee447889ca191319c46479f", "http_status": 200, "body": {"accepted": true, "real_timestamp_ms": 1789218158695, "virtual_time_s": 7071.049219, "measure_result": "no_signal"}}
2026-09-12 21:02:41,869 INFO request {"path": "/measure", "payload": {"arena_id": "default", "robot_id": "202601002029", "request_id": "2f9354c325044e418e2ca6bf1b7d0c00", "position": {"x": 780.3043216417499, "y": -1567.0623265133333}, "channel": 14}, "attempt": 1}
2026-09-12 21:02:41,882 INFO response {"request_id": "2f9354c325044e418e2ca6bf1b7d0c00", "http_status": 200, "body": {"accepted": true, "real_timestamp_ms": 1789218158723, "virtual_time_s": 7077.049219, "measure_result": "no_signal"}}
2026-09-12 21:02:41,896 INFO request {"path": "/measure", "payload": {"arena_id": "default", "robot_id": "202601002029", "request_id": "badd63e094b2453eb8dd23e897408147", "position": {"x": 780.3043216417499, "y": -1567.0623265133333}, "channel": 15}, "attempt": 1}
2026-09-12 21:02:41,911 INFO response {"request_id": "badd63e094b2453eb8dd23e897408147", "http_status": 200, "body": {"accepted": true, "real_timestamp_ms": 1789218158752, "virtual_time_s": 7083.049219, "measure_result": "no_signal"}}
2026-09-12 21:02:41,926 INFO request {"path": "/measure", "payload": {"arena_id": "default", "robot_id": "202601002029", "request_id": "f1ba2bf99a9f4701a7486d7801375819", "position": {"x": 780.3043216417499, "y": -1567.0623265133333}, "channel": 16}, "attempt": 1}
2026-09-12 21:02:41,928 INFO response {"request_id": "f1ba2bf99a9f4701a7486d7801375819", "http_status": 200, "body": {"accepted": true, "real_timestamp_ms": 1789218158769, "virtual_time_s": 7089.049219, "measure_result": "no_signal"}}
2026-09-12 21:02:41,958 INFO request {"path": "/measure", "payload": {"arena_id": "default", "robot_id": "202601002029", "request_id": "421cb7ca0e5840a99a64b90558f1f54c", "position": {"x": 780.3043216417499, "y": -1567.0623265133333}, "channel": 18}, "attempt": 1}
2026-09-12 21:02:41,960 INFO response {"request_id": "421cb7ca0e5840a99a64b90558f1f54c", "http_status": 200, "body": {"accepted": true, "real_timestamp_ms": 1789218158802, "virtual_time_s": 7095.049219, "measure_result": "no_signal"}}
2026-09-12 21:02:41,991 INFO request {"path": "/measure", "payload": {"arena_id": "default", "robot_id": "202601002029", "request_id": "73e8a727bfa34578a3a748356528df56", "position": {"x": 1320.6524061860973, "y": -1203.9337443519046}, "channel": 18}, "attempt": 1}
2026-09-12 21:02:42,008 INFO response {"request_id": "73e8a727bfa34578a3a748356528df56", "http_status": 200, "body": {"accepted": true, "real_timestamp_ms": 1789218158850, "virtual_time_s": 7230.254967, "measure_result": "no_signal"}}
2026-09-12 21:02:42,023 INFO request {"path": "/measure", "payload": {"arena_id": "default", "robot_id": "202601002029", "request_id": "9f55fd2744f14ee6a3255fbe8d2c710c", "position": {"x": 1320.6524061860973, "y": -1203.9337443519046}, "channel": 3}, "attempt": 1}
2026-09-12 21:02:42,024 INFO response {"request_id": "9f55fd2744f14ee6a3255fbe8d2c710c", "http_status": 200, "body": {"accepted": true, "real_timestamp_ms": 1789218158866, "virtual_time_s": 7236.254967, "measure_result": "no_signal"}}
2026-09-12 21:02:42,055 INFO request {"path": "/measure", "payload": {"arena_id": "default", "robot_id": "202601002029", "request_id": "8573c198b3094cfb89d0dc646ffaa4c0", "position": {"x": 1320.6524061860973, "y": -1203.9337443519046}, "channel": 4}, "attempt": 1}
2026-09-12 21:02:42,069 INFO response {"request_id": "8573c198b3094cfb89d0dc646ffaa4c0", "http_status": 200, "body": {"accepted": true, "real_timestamp_ms": 1789218158911, "virtual_time_s": 7242.254967, "measure_result": "no_signal"}}
2026-09-12 21:02:42,085 INFO request {"path": "/measure", "payload": {"arena_id": "default", "robot_id": "202601002029", "request_id": "18770b71a6d34c0d8a2219fc64d23916", "position": {"x": 1320.6524061860973, "y": -1203.9337443519046}, "channel": 6}, "attempt": 1}
2026-09-12 21:02:42,098 INFO response {"request_id": "18770b71a6d34c0d8a2219fc64d23916", "http_status": 200, "body": {"accepted": true, "real_timestamp_ms": 1789218158940, "virtual_time_s": 7248.254967, "measure_result": "no_signal"}}
2026-09-12 21:02:42,114 INFO request {"path": "/measure", "payload": {"arena_id": "default", "robot_id": "202601002029", "request_id": "2583fc868a704b8d9fa6a1511616a5ce", "position": {"x": 1320.6524061860973, "y": -1203.9337443519046}, "channel": 7}, "attempt": 1}
2026-09-12 21:02:42,117 INFO response {"request_id": "2583fc868a704b8d9fa6a1511616a5ce", "http_status": 200, "body": {"accepted": true, "real_timestamp_ms": 1789218158958, "virtual_time_s": 7254.254967, "measure_result": "no_signal"}}
2026-09-12 21:02:42,148 INFO request {"path": "/measure", "payload": {"arena_id": "default", "robot_id": "202601002029", "request_id": "37792854477b40abae3add2538d41c2d", "position": {"x": 1320.6524061860973, "y": -1203.9337443519046}, "channel": 14}, "attempt": 1}
2026-09-12 21:02:42,149 INFO response {"request_id": "37792854477b40abae3add2538d41c2d", "http_status": 200, "body": {"accepted": true, "real_timestamp_ms": 1789218158991, "virtual_time_s": 7260.254967, "measure_result": "no_signal"}}
2026-09-12 21:02:42,180 INFO request {"path": "/measure", "payload": {"arena_id": "default", "robot_id": "202601002029", "request_id": "f3b90a7370a64e70a2d9a87e1bb331d0", "position": {"x": 1320.6524061860973, "y": -1203.9337443519046}, "channel": 15}, "attempt": 1}
2026-09-12 21:02:42,183 INFO response {"request_id": "f3b90a7370a64e70a2d9a87e1bb331d0", "http_status": 200, "body": {"accepted": true, "real_timestamp_ms": 1789218159024, "virtual_time_s": 7266.254967, "measure_result": "no_signal"}}
2026-09-12 21:02:42,214 INFO request {"path": "/measure", "payload": {"arena_id": "default", "robot_id": "202601002029", "request_id": "118099fb299f462bada56f0a69446a88", "position": {"x": 1320.6524061860973, "y": -1203.9337443519046}, "channel": 16}, "attempt": 1}
2026-09-12 21:02:42,216 INFO response {"request_id": "118099fb299f462bada56f0a69446a88", "http_status": 200, "body": {"accepted": true, "real_timestamp_ms": 1789218159058, "virtual_time_s": 7272.254967, "measure_result": "no_signal"}}
2026-09-12 21:02:42,247 INFO request {"path": "/measure", "payload": {"arena_id": "default", "robot_id": "202601002029", "request_id": "0709df87959349d2a7d01573d7893faf", "position": {"x": 1320.6524061860973, "y": -1203.9337443519046}, "channel": 19}, "attempt": 1}
2026-09-12 21:02:42,266 INFO response {"request_id": "0709df87959349d2a7d01573d7893faf", "http_status": 200, "body": {"accepted": true, "real_timestamp_ms": 1789218159108, "virtual_time_s": 7278.254967, "measure_result": "no_signal"}}
2026-09-12 21:02:42,281 INFO request {"path": "/measure", "payload": {"arena_id": "default", "robot_id": "202601002029", "request_id": "2673bd68745641bc939f8fb24534fb24", "position": {"x": 1700.390535972649, "y": -658.7348030471607}, "channel": 19}, "attempt": 1}
2026-09-12 21:02:42,297 INFO response {"request_id": "2673bd68745641bc939f8fb24534fb24", "http_status": 200, "body": {"accepted": true, "real_timestamp_ms": 1789218159138, "virtual_time_s": 7416.137311, "measure_result": "no_signal"}}
2026-09-12 21:02:42,311 INFO request {"path": "/measure", "payload": {"arena_id": "default", "robot_id": "202601002029", "request_id": "c453e63e5b454a33a40436d1de608a9c", "position": {"x": 1700.390535972649, "y": -658.7348030471607}, "channel": 3}, "attempt": 1}
2026-09-12 21:02:42,326 INFO response {"request_id": "c453e63e5b454a33a40436d1de608a9c", "http_status": 200, "body": {"accepted": true, "real_timestamp_ms": 1789218159168, "virtual_time_s": 7422.137311, "measure_result": "no_signal"}}
2026-09-12 21:02:42,342 INFO request {"path": "/measure", "payload": {"arena_id": "default", "robot_id": "202601002029", "request_id": "c7000de4bc1342fab81f8a8fe1fb9c7b", "position": {"x": 1700.390535972649, "y": -658.7348030471607}, "channel": 4}, "attempt": 1}
2026-09-12 21:02:42,357 INFO response {"request_id": "c7000de4bc1342fab81f8a8fe1fb9c7b", "http_status": 200, "body": {"accepted": true, "real_timestamp_ms": 1789218159198, "virtual_time_s": 7428.137311, "measure_result": "no_signal"}}
2026-09-12 21:02:42,372 INFO request {"path": "/measure", "payload": {"arena_id": "default", "robot_id": "202601002029", "request_id": "b3c24adc0a2e4edab2d9e209c62a96df", "position": {"x": 1700.390535972649, "y": -658.7348030471607}, "channel": 6}, "attempt": 1}
2026-09-12 21:02:42,386 INFO response {"request_id": "b3c24adc0a2e4edab2d9e209c62a96df", "http_status": 200, "body": {"accepted": true, "real_timestamp_ms": 1789218159228, "virtual_time_s": 7434.137311, "measure_result": "no_signal"}}
2026-09-12 21:02:42,401 INFO request {"path": "/measure", "payload": {"arena_id": "default", "robot_id": "202601002029", "request_id": "95b70f2106ba40098a06e2aecb3a03b3", "position": {"x": 1700.390535972649, "y": -658.7348030471607}, "channel": 7}, "attempt": 1}
2026-09-12 21:02:42,403 INFO response {"request_id": "95b70f2106ba40098a06e2aecb3a03b3", "http_status": 200, "body": {"accepted": true, "real_timestamp_ms": 1789218159244, "virtual_time_s": 7440.137311, "measure_result": "no_signal"}}
2026-09-12 21:02:42,434 INFO request {"path": "/measure", "payload": {"arena_id": "default", "robot_id": "202601002029", "request_id": "249039eae19a46ad879c73b43da8274d", "position": {"x": 1700.390535972649, "y": -658.7348030471607}, "channel": 14}, "attempt": 1}
2026-09-12 21:02:42,435 INFO response {"request_id": "249039eae19a46ad879c73b43da8274d", "http_status": 200, "body": {"accepted": true, "real_timestamp_ms": 1789218159277, "virtual_time_s": 7446.137311, "measure_result": "no_signal"}}
2026-09-12 21:02:42,467 INFO request {"path": "/measure", "payload": {"arena_id": "default", "robot_id": "202601002029", "request_id": "f0ab1d0a5a8f46deb3f71faa2767e189", "position": {"x": 1700.390535972649, "y": -658.7348030471607}, "channel": 15}, "attempt": 1}
2026-09-12 21:02:42,485 INFO response {"request_id": "f0ab1d0a5a8f46deb3f71faa2767e189", "http_status": 200, "body": {"accepted": true, "real_timestamp_ms": 1789218159326, "virtual_time_s": 7452.137311, "measure_result": "no_signal"}}
2026-09-12 21:02:42,501 INFO request {"path": "/measure", "payload": {"arena_id": "default", "robot_id": "202601002029", "request_id": "aa750db9e5454da88608f7c7cf30a2cc", "position": {"x": 1700.390535972649, "y": -658.7348030471607}, "channel": 16}, "attempt": 1}
2026-09-12 21:02:42,514 INFO response {"request_id": "aa750db9e5454da88608f7c7cf30a2cc", "http_status": 200, "body": {"accepted": true, "real_timestamp_ms": 1789218159356, "virtual_time_s": 7458.137311, "measure_result": "no_signal"}}
2026-09-12 21:02:42,528 INFO request {"path": "/measure", "payload": {"arena_id": "default", "robot_id": "202601002029", "request_id": "0f466e5695b04b4f957978e1009abe71", "position": {"x": 1700.390535972649, "y": -658.7348030471607}, "channel": 18}, "attempt": 1}
2026-09-12 21:02:42,544 INFO response {"request_id": "0f466e5695b04b4f957978e1009abe71", "http_status": 200, "body": {"accepted": true, "real_timestamp_ms": 1789218159385, "virtual_time_s": 7464.137311, "measure_result": "no_signal"}}
2026-09-12 21:02:42,559 INFO request {"path": "/measure", "payload": {"arena_id": "default", "robot_id": "202601002029", "request_id": "10289b9292ac410093408465c33209bc", "position": {"x": 1859.9999999999998, "y": -1.3667058278484459e-12}, "channel": 18}, "attempt": 1}
2026-09-12 21:02:42,573 INFO response {"request_id": "10289b9292ac410093408465c33209bc", "http_status": 200, "body": {"accepted": true, "real_timestamp_ms": 1789218159414, "virtual_time_s": 7604.696408, "measure_result": "no_signal"}}
2026-09-12 21:02:42,588 INFO request {"path": "/measure", "payload": {"arena_id": "default", "robot_id": "202601002029", "request_id": "94bf873b28cd4f368310a0d8152ebfdd", "position": {"x": 1859.9999999999998, "y": -1.3667058278484459e-12}, "channel": 3}, "attempt": 1}
2026-09-12 21:02:42,603 INFO response {"request_id": "94bf873b28cd4f368310a0d8152ebfdd", "http_status": 200, "body": {"accepted": true, "real_timestamp_ms": 1789218159444, "virtual_time_s": 7610.696408, "measure_result": "no_signal"}}
2026-09-12 21:02:42,619 INFO request {"path": "/measure", "payload": {"arena_id": "default", "robot_id": "202601002029", "request_id": "c7fdf02692e041e4b47df4d65abe8670", "position": {"x": 1859.9999999999998, "y": -1.3667058278484459e-12}, "channel": 4}, "attempt": 1}
2026-09-12 21:02:42,633 INFO response {"request_id": "c7fdf02692e041e4b47df4d65abe8670", "http_status": 200, "body": {"accepted": true, "real_timestamp_ms": 1789218159474, "virtual_time_s": 7616.696408, "measure_result": "no_signal"}}
2026-09-12 21:02:42,648 INFO request {"path": "/measure", "payload": {"arena_id": "default", "robot_id": "202601002029", "request_id": "366bad93b79f433e84bfcd16fe637b3a", "position": {"x": 1859.9999999999998, "y": -1.3667058278484459e-12}, "channel": 6}, "attempt": 1}
2026-09-12 21:02:42,661 INFO response {"request_id": "366bad93b79f433e84bfcd16fe637b3a", "http_status": 200, "body": {"accepted": true, "real_timestamp_ms": 1789218159503, "virtual_time_s": 7622.696408, "measure_result": "no_signal"}}
2026-09-12 21:02:42,676 INFO request {"path": "/measure", "payload": {"arena_id": "default", "robot_id": "202601002029", "request_id": "3608612fa17d49ff906eb15341681024", "position": {"x": 1859.9999999999998, "y": -1.3667058278484459e-12}, "channel": 7}, "attempt": 1}
2026-09-12 21:02:42,691 INFO response {"request_id": "3608612fa17d49ff906eb15341681024", "http_status": 200, "body": {"accepted": true, "real_timestamp_ms": 1789218159533, "virtual_time_s": 7628.696408, "measure_result": "no_signal"}}
2026-09-12 21:02:42,707 INFO request {"path": "/measure", "payload": {"arena_id": "default", "robot_id": "202601002029", "request_id": "c362584f5d8540f88c76103719339ce7", "position": {"x": 1859.9999999999998, "y": -1.3667058278484459e-12}, "channel": 14}, "attempt": 1}
2026-09-12 21:02:42,721 INFO response {"request_id": "c362584f5d8540f88c76103719339ce7", "http_status": 200, "body": {"accepted": true, "real_timestamp_ms": 1789218159563, "virtual_time_s": 7634.696408, "measure_result": "no_signal"}}
2026-09-12 21:02:42,752 INFO request {"path": "/measure", "payload": {"arena_id": "default", "robot_id": "202601002029", "request_id": "4614471c9fc84863bf13a4240850396d", "position": {"x": 1859.9999999999998, "y": -1.3667058278484459e-12}, "channel": 15}, "attempt": 1}
2026-09-12 21:02:42,769 INFO response {"request_id": "4614471c9fc84863bf13a4240850396d", "http_status": 200, "body": {"accepted": true, "real_timestamp_ms": 1789218159611, "virtual_time_s": 7640.696408, "measure_result": "no_signal"}}
2026-09-12 21:02:42,770 INFO request {"path": "/measure", "payload": {"arena_id": "default", "robot_id": "202601002029", "request_id": "f29fe0bc54b3409f83cb06b3f78a61a5", "position": {"x": 1859.9999999999998, "y": -1.3667058278484459e-12}, "channel": 16}, "attempt": 1}
2026-09-12 21:02:42,790 INFO response {"request_id": "f29fe0bc54b3409f83cb06b3f78a61a5", "http_status": 200, "body": {"accepted": true, "real_timestamp_ms": 1789218159631, "virtual_time_s": 7646.696408, "measure_result": "no_signal"}}
2026-09-12 21:02:42,804 INFO request {"path": "/measure", "payload": {"arena_id": "default", "robot_id": "202601002029", "request_id": "90e2ec6f71244626900ba19b9b05a4d3", "position": {"x": 1859.9999999999998, "y": -1.3667058278484459e-12}, "channel": 19}, "attempt": 1}
2026-09-12 21:02:42,819 INFO response {"request_id": "90e2ec6f71244626900ba19b9b05a4d3", "http_status": 200, "body": {"accepted": true, "real_timestamp_ms": 1789218159661, "virtual_time_s": 7652.696408, "measure_result": "no_signal"}}
2026-09-12 21:02:42,835 INFO request {"path": "/measure", "payload": {"arena_id": "default", "robot_id": "202601002029", "request_id": "e01daae8c94444a489144d111c54ff11", "position": {"x": 1768.4061574115558, "y": 685.0841951690444}, "channel": 19}, "attempt": 1}
2026-09-12 21:02:42,849 INFO response {"request_id": "e01daae8c94444a489144d111c54ff11", "http_status": 200, "body": {"accepted": true, "real_timestamp_ms": 1789218159690, "virtual_time_s": 7795.932407, "measure_result": "no_signal"}}
2026-09-12 21:02:42,864 INFO request {"path": "/measure", "payload": {"arena_id": "default", "robot_id": "202601002029", "request_id": "a4aef8e48fe044128adf884683f2597d", "position": {"x": 1768.4061574115558, "y": 685.0841951690444}, "channel": 3}, "attempt": 1}
2026-09-12 21:02:42,878 INFO response {"request_id": "a4aef8e48fe044128adf884683f2597d", "http_status": 200, "body": {"accepted": true, "real_timestamp_ms": 1789218159720, "virtual_time_s": 7801.932407, "measure_result": "no_signal"}}
2026-09-12 21:02:42,893 INFO request {"path": "/measure", "payload": {"arena_id": "default", "robot_id": "202601002029", "request_id": "e9c5c9c6a49041baa740ba5153a2d037", "position": {"x": 1768.4061574115558, "y": 685.0841951690444}, "channel": 4}, "attempt": 1}
2026-09-12 21:02:42,908 INFO response {"request_id": "e9c5c9c6a49041baa740ba5153a2d037", "http_status": 200, "body": {"accepted": true, "real_timestamp_ms": 1789218159750, "virtual_time_s": 7807.932407, "measure_result": "no_signal"}}
2026-09-12 21:02:42,924 INFO request {"path": "/measure", "payload": {"arena_id": "default", "robot_id": "202601002029", "request_id": "e5972a41ff614c77b8289bbb4fd7f77d", "position": {"x": 1768.4061574115558, "y": 685.0841951690444}, "channel": 6}, "attempt": 1}
2026-09-12 21:02:42,926 INFO response {"request_id": "e5972a41ff614c77b8289bbb4fd7f77d", "http_status": 200, "body": {"accepted": true, "real_timestamp_ms": 1789218159767, "virtual_time_s": 7813.932407, "measure_result": "no_signal"}}
2026-09-12 21:02:42,941 INFO request {"path": "/measure", "payload": {"arena_id": "default", "robot_id": "202601002029", "request_id": "89eec6e555c342a09238d40b9359baab", "position": {"x": 1768.4061574115558, "y": 685.0841951690444}, "channel": 7}, "attempt": 1}
2026-09-12 21:02:42,957 INFO response {"request_id": "89eec6e555c342a09238d40b9359baab", "http_status": 200, "body": {"accepted": true, "real_timestamp_ms": 1789218159798, "virtual_time_s": 7819.932407, "measure_result": "no_signal"}}
2026-09-12 21:02:42,957 INFO request {"path": "/measure", "payload": {"arena_id": "default", "robot_id": "202601002029", "request_id": "2b3167ae1dc143bf8aa532c49fbdf4ff", "position": {"x": 1768.4061574115558, "y": 685.0841951690444}, "channel": 14}, "attempt": 1}
2026-09-12 21:02:42,976 INFO response {"request_id": "2b3167ae1dc143bf8aa532c49fbdf4ff", "http_status": 200, "body": {"accepted": true, "real_timestamp_ms": 1789218159818, "virtual_time_s": 7825.932407, "measure_result": "no_signal"}}
2026-09-12 21:02:42,992 INFO request {"path": "/measure", "payload": {"arena_id": "default", "robot_id": "202601002029", "request_id": "be71831d5edc4b85aa58b45a7cca2d63", "position": {"x": 1768.4061574115558, "y": 685.0841951690444}, "channel": 15}, "attempt": 1}
2026-09-12 21:02:43,005 INFO response {"request_id": "be71831d5edc4b85aa58b45a7cca2d63", "http_status": 200, "body": {"accepted": true, "real_timestamp_ms": 1789218159847, "virtual_time_s": 7831.932407, "measure_result": "no_signal"}}
2026-09-12 21:02:43,020 INFO request {"path": "/measure", "payload": {"arena_id": "default", "robot_id": "202601002029", "request_id": "179a57ee167c4ce4b6ddba41ec123dd0", "position": {"x": 1768.4061574115558, "y": 685.0841951690444}, "channel": 16}, "attempt": 1}
2026-09-12 21:02:43,036 INFO response {"request_id": "179a57ee167c4ce4b6ddba41ec123dd0", "http_status": 200, "body": {"accepted": true, "real_timestamp_ms": 1789218159877, "virtual_time_s": 7837.932407, "measure_result": "no_signal"}}
2026-09-12 21:02:43,050 INFO request {"path": "/measure", "payload": {"arena_id": "default", "robot_id": "202601002029", "request_id": "886a2fac8dc84875a07df3588dbc991b", "position": {"x": 1768.4061574115558, "y": 685.0841951690444}, "channel": 18}, "attempt": 1}
2026-09-12 21:02:43,065 INFO response {"request_id": "886a2fac8dc84875a07df3588dbc991b", "http_status": 200, "body": {"accepted": true, "real_timestamp_ms": 1789218159906, "virtual_time_s": 7843.932407, "measure_result": "no_signal"}}
2026-09-12 21:02:43,096 INFO request {"path": "/measure", "payload": {"arena_id": "default", "robot_id": "202601002029", "request_id": "8dfe81afbec9473387315c1213f9c66f", "position": {"x": 1428.4607658747555, "y": 1302.2140500132875}, "channel": 18}, "attempt": 1}
2026-09-12 21:02:43,113 INFO response {"request_id": "8dfe81afbec9473387315c1213f9c66f", "http_status": 200, "body": {"accepted": true, "real_timestamp_ms": 1789218159955, "virtual_time_s": 7989.845448, "measure_result": "no_signal"}}
2026-09-12 21:02:43,114 INFO request {"path": "/measure", "payload": {"arena_id": "default", "robot_id": "202601002029", "request_id": "f0d8b2efd8ae475080ef80158878a02c", "position": {"x": 1428.4607658747555, "y": 1302.2140500132875}, "channel": 3}, "attempt": 1}
2026-09-12 21:02:43,133 INFO response {"request_id": "f0d8b2efd8ae475080ef80158878a02c", "http_status": 200, "body": {"accepted": true, "real_timestamp_ms": 1789218159975, "virtual_time_s": 7995.845448, "measure_result": "no_signal"}}
2026-09-12 21:02:43,148 INFO request {"path": "/measure", "payload": {"arena_id": "default", "robot_id": "202601002029", "request_id": "2e5fa52567314a70a713d82f6b3e949b", "position": {"x": 1428.4607658747555, "y": 1302.2140500132875}, "channel": 4}, "attempt": 1}
2026-09-12 21:02:43,163 INFO response {"request_id": "2e5fa52567314a70a713d82f6b3e949b", "http_status": 200, "body": {"accepted": true, "real_timestamp_ms": 1789218160004, "virtual_time_s": 8001.845448, "measure_result": "no_signal"}}
2026-09-12 21:02:43,178 INFO request {"path": "/measure", "payload": {"arena_id": "default", "robot_id": "202601002029", "request_id": "44d6ac5dcb474369adadca1dfadf98f1", "position": {"x": 1428.4607658747555, "y": 1302.2140500132875}, "channel": 6}, "attempt": 1}
2026-09-12 21:02:43,180 INFO response {"request_id": "44d6ac5dcb474369adadca1dfadf98f1", "http_status": 200, "body": {"accepted": true, "real_timestamp_ms": 1789218160021, "virtual_time_s": 8007.845448, "measure_result": "no_signal"}}
2026-09-12 21:02:43,211 INFO request {"path": "/measure", "payload": {"arena_id": "default", "robot_id": "202601002029", "request_id": "d81892cbdabe4a129038aac30d0ef658", "position": {"x": 1428.4607658747555, "y": 1302.2140500132875}, "channel": 7}, "attempt": 1}
2026-09-12 21:02:43,213 INFO response {"request_id": "d81892cbdabe4a129038aac30d0ef658", "http_status": 200, "body": {"accepted": true, "real_timestamp_ms": 1789218160054, "virtual_time_s": 8013.845448, "measure_result": "no_signal"}}
2026-09-12 21:02:43,244 INFO request {"path": "/measure", "payload": {"arena_id": "default", "robot_id": "202601002029", "request_id": "bcfa448a4a694e95883b21d31df1a1b4", "position": {"x": 1428.4607658747555, "y": 1302.2140500132875}, "channel": 14}, "attempt": 1}
2026-09-12 21:02:43,262 INFO response {"request_id": "bcfa448a4a694e95883b21d31df1a1b4", "http_status": 200, "body": {"accepted": true, "real_timestamp_ms": 1789218160103, "virtual_time_s": 8019.845448, "measure_result": "no_signal"}}
2026-09-12 21:02:43,277 INFO request {"path": "/measure", "payload": {"arena_id": "default", "robot_id": "202601002029", "request_id": "98ecbc87be98426b9b475d66a5ec492b", "position": {"x": 1428.4607658747555, "y": 1302.2140500132875}, "channel": 15}, "attempt": 1}
2026-09-12 21:02:43,292 INFO response {"request_id": "98ecbc87be98426b9b475d66a5ec492b", "http_status": 200, "body": {"accepted": true, "real_timestamp_ms": 1789218160133, "virtual_time_s": 8025.845448, "measure_result": "no_signal"}}
2026-09-12 21:02:43,306 INFO request {"path": "/measure", "payload": {"arena_id": "default", "robot_id": "202601002029", "request_id": "e1298cc3ea834ea1b3a7a3bd58569504", "position": {"x": 1428.4607658747555, "y": 1302.2140500132875}, "channel": 16}, "attempt": 1}
2026-09-12 21:02:43,322 INFO response {"request_id": "e1298cc3ea834ea1b3a7a3bd58569504", "http_status": 200, "body": {"accepted": true, "real_timestamp_ms": 1789218160163, "virtual_time_s": 8031.845448, "measure_result": "no_signal"}}
2026-09-12 21:02:43,338 INFO request {"path": "/measure", "payload": {"arena_id": "default", "robot_id": "202601002029", "request_id": "0178aaa4f7d64324aba52f59d0de7eaa", "position": {"x": 1428.4607658747555, "y": 1302.2140500132875}, "channel": 19}, "attempt": 1}
2026-09-12 21:02:43,351 INFO response {"request_id": "0178aaa4f7d64324aba52f59d0de7eaa", "http_status": 200, "body": {"accepted": true, "real_timestamp_ms": 1789218160192, "virtual_time_s": 8037.845448, "measure_result": "no_signal"}}
2026-09-12 21:02:43,378 INFO request {"path": "/measure", "payload": {"arena_id": "default", "robot_id": "202601002029", "request_id": "383c57fda0bf4c02930b7d571fb5fffa", "position": {"x": 877.8423618469712, "y": 1762.9451173274986}, "channel": 19}, "attempt": 1}
2026-09-12 21:02:43,389 INFO response {"request_id": "383c57fda0bf4c02930b7d571fb5fffa", "http_status": 200, "body": {"accepted": true, "real_timestamp_ms": 1789218160231, "virtual_time_s": 8186.435663, "measure_result": "no_signal"}}
2026-09-12 21:02:43,404 INFO request {"path": "/measure", "payload": {"arena_id": "default", "robot_id": "202601002029", "request_id": "c8e0631c036e40afb368560a8a729c7a", "position": {"x": 877.8423618469712, "y": 1762.9451173274986}, "channel": 3}, "attempt": 1}
2026-09-12 21:02:43,419 INFO response {"request_id": "c8e0631c036e40afb368560a8a729c7a", "http_status": 200, "body": {"accepted": true, "real_timestamp_ms": 1789218160261, "virtual_time_s": 8192.435663, "measure_result": "no_signal"}}
2026-09-12 21:02:43,434 INFO request {"path": "/measure", "payload": {"arena_id": "default", "robot_id": "202601002029", "request_id": "978a27e85eea45d0a00d401be0518306", "position": {"x": 877.8423618469712, "y": 1762.9451173274986}, "channel": 4}, "attempt": 1}
2026-09-12 21:02:43,449 INFO response {"request_id": "978a27e85eea45d0a00d401be0518306", "http_status": 200, "body": {"accepted": true, "real_timestamp_ms": 1789218160291, "virtual_time_s": 8198.435663, "measure_result": "no_signal"}}
2026-09-12 21:02:43,465 INFO request {"path": "/measure", "payload": {"arena_id": "default", "robot_id": "202601002029", "request_id": "0278530a8bed4d01a942e3dd38e58882", "position": {"x": 877.8423618469712, "y": 1762.9451173274986}, "channel": 6}, "attempt": 1}
2026-09-12 21:02:43,467 INFO response {"request_id": "0278530a8bed4d01a942e3dd38e58882", "http_status": 200, "body": {"accepted": true, "real_timestamp_ms": 1789218160308, "virtual_time_s": 8204.435663, "measure_result": "no_signal"}}
2026-09-12 21:02:43,498 INFO request {"path": "/measure", "payload": {"arena_id": "default", "robot_id": "202601002029", "request_id": "fb799d18f21b48b1b4e3f8d644847682", "position": {"x": 877.8423618469712, "y": 1762.9451173274986}, "channel": 7}, "attempt": 1}
2026-09-12 21:02:43,500 INFO response {"request_id": "fb799d18f21b48b1b4e3f8d644847682", "http_status": 200, "body": {"accepted": true, "real_timestamp_ms": 1789218160341, "virtual_time_s": 8210.435663, "measure_result": "no_signal"}}
2026-09-12 21:02:43,531 INFO request {"path": "/measure", "payload": {"arena_id": "default", "robot_id": "202601002029", "request_id": "743ef94f35174c2ea22b38cb9ac986cc", "position": {"x": 877.8423618469712, "y": 1762.9451173274986}, "channel": 14}, "attempt": 1}
2026-09-12 21:02:43,548 INFO response {"request_id": "743ef94f35174c2ea22b38cb9ac986cc", "http_status": 200, "body": {"accepted": true, "real_timestamp_ms": 1789218160390, "virtual_time_s": 8216.435663, "measure_result": "no_signal"}}
2026-09-12 21:02:43,563 INFO request {"path": "/measure", "payload": {"arena_id": "default", "robot_id": "202601002029", "request_id": "cbaac28399ee455ea4a01d9fe3bafa66", "position": {"x": 877.8423618469712, "y": 1762.9451173274986}, "channel": 15}, "attempt": 1}
2026-09-12 21:02:43,564 INFO response {"request_id": "cbaac28399ee455ea4a01d9fe3bafa66", "http_status": 200, "body": {"accepted": true, "real_timestamp_ms": 1789218160406, "virtual_time_s": 8222.435663, "measure_result": "no_signal"}}
2026-09-12 21:02:43,595 INFO request {"path": "/measure", "payload": {"arena_id": "default", "robot_id": "202601002029", "request_id": "d4f1142ffef140ccafea61a2c4ab7a30", "position": {"x": 877.8423618469712, "y": 1762.9451173274986}, "channel": 16}, "attempt": 1}
2026-09-12 21:02:43,617 INFO response {"request_id": "d4f1142ffef140ccafea61a2c4ab7a30", "http_status": 200, "body": {"accepted": true, "real_timestamp_ms": 1789218160458, "virtual_time_s": 8228.435663, "measure_result": "no_signal"}}
2026-09-12 21:02:43,617 INFO request {"path": "/measure", "payload": {"arena_id": "default", "robot_id": "202601002029", "request_id": "1f2ae2eab8c84d5bb8a3f7dc0b3a5e66", "position": {"x": 877.8423618469712, "y": 1762.9451173274986}, "channel": 18}, "attempt": 1}
2026-09-12 21:02:43,618 INFO response {"request_id": "1f2ae2eab8c84d5bb8a3f7dc0b3a5e66", "http_status": 200, "body": {"accepted": true, "real_timestamp_ms": 1789218160460, "virtual_time_s": 8234.435663, "measure_result": "no_signal"}}
2026-09-12 21:02:43,647 INFO request {"path": "/measure", "payload": {"arena_id": "default", "robot_id": "202601002029", "request_id": "b2abfe0b9c4c450ca0a0ab1389fdc99a", "position": {"x": 877.8423618469712, "y": 1762.9451173274986}, "channel": 20}, "attempt": 1}
2026-09-12 21:02:43,649 INFO response {"request_id": "b2abfe0b9c4c450ca0a0ab1389fdc99a", "http_status": 200, "body": {"accepted": true, "real_timestamp_ms": 1789218160491, "virtual_time_s": 8240.435663, "measure_result": "direction", "svd_deg": 216.98}}
2026-09-12 21:02:43,683 INFO request {"path": "/measure", "payload": {"arena_id": "default", "robot_id": "202601002029", "request_id": "a68700d3f2fb4ac2ae2e6d7ef7733b44", "position": {"x": 185.0794739822733, "y": 1997.3256124506277}, "channel": 3}, "attempt": 1}
2026-09-12 21:02:43,685 INFO response {"request_id": "a68700d3f2fb4ac2ae2e6d7ef7733b44", "http_status": 200, "body": {"accepted": true, "real_timestamp_ms": 1789218160526, "virtual_time_s": 8392.703176, "measure_result": "no_signal"}}
2026-09-12 21:02:43,716 INFO request {"path": "/measure", "payload": {"arena_id": "default", "robot_id": "202601002029", "request_id": "7c788443d11b4baeaba4d98361db6995", "position": {"x": 185.0794739822733, "y": 1997.3256124506277}, "channel": 4}, "attempt": 1}
2026-09-12 21:02:43,734 INFO response {"request_id": "7c788443d11b4baeaba4d98361db6995", "http_status": 200, "body": {"accepted": true, "real_timestamp_ms": 1789218160576, "virtual_time_s": 8398.703176, "measure_result": "no_signal"}}
2026-09-12 21:02:43,750 INFO request {"path": "/measure", "payload": {"arena_id": "default", "robot_id": "202601002029", "request_id": "4ca5937c55fc4611a14bda8f2bcc99ef", "position": {"x": 185.0794739822733, "y": 1997.3256124506277}, "channel": 6}, "attempt": 1}
2026-09-12 21:02:43,751 INFO response {"request_id": "4ca5937c55fc4611a14bda8f2bcc99ef", "http_status": 200, "body": {"accepted": true, "real_timestamp_ms": 1789218160593, "virtual_time_s": 8404.703176, "measure_result": "no_signal"}}
2026-09-12 21:02:43,782 INFO request {"path": "/measure", "payload": {"arena_id": "default", "robot_id": "202601002029", "request_id": "e5113d43b9124a40be0cae062b873ebd", "position": {"x": 185.0794739822733, "y": 1997.3256124506277}, "channel": 7}, "attempt": 1}
2026-09-12 21:02:43,785 INFO response {"request_id": "e5113d43b9124a40be0cae062b873ebd", "http_status": 200, "body": {"accepted": true, "real_timestamp_ms": 1789218160626, "virtual_time_s": 8410.703176, "measure_result": "no_signal"}}
2026-09-12 21:02:43,799 INFO request {"path": "/measure", "payload": {"arena_id": "default", "robot_id": "202601002029", "request_id": "fdbdb4f40072424ba086aed8eb618e4a", "position": {"x": 185.0794739822733, "y": 1997.3256124506277}, "channel": 14}, "attempt": 1}
2026-09-12 21:02:43,812 INFO response {"request_id": "fdbdb4f40072424ba086aed8eb618e4a", "http_status": 200, "body": {"accepted": true, "real_timestamp_ms": 1789218160654, "virtual_time_s": 8416.703176, "measure_result": "no_signal"}}
2026-09-12 21:02:43,827 INFO request {"path": "/measure", "payload": {"arena_id": "default", "robot_id": "202601002029", "request_id": "77f675dbf4a345c4a79cef99468814b1", "position": {"x": 185.0794739822733, "y": 1997.3256124506277}, "channel": 15}, "attempt": 1}
2026-09-12 21:02:43,842 INFO response {"request_id": "77f675dbf4a345c4a79cef99468814b1", "http_status": 200, "body": {"accepted": true, "real_timestamp_ms": 1789218160684, "virtual_time_s": 8422.703176, "measure_result": "no_signal"}}
2026-09-12 21:02:43,857 INFO request {"path": "/measure", "payload": {"arena_id": "default", "robot_id": "202601002029", "request_id": "e5b6dafeea4a4316aa2870b7fc56b74c", "position": {"x": 185.0794739822733, "y": 1997.3256124506277}, "channel": 16}, "attempt": 1}
2026-09-12 21:02:43,858 INFO response {"request_id": "e5b6dafeea4a4316aa2870b7fc56b74c", "http_status": 200, "body": {"accepted": true, "real_timestamp_ms": 1789218160700, "virtual_time_s": 8428.703176, "measure_result": "no_signal"}}
2026-09-12 21:02:43,889 INFO request {"path": "/measure", "payload": {"arena_id": "default", "robot_id": "202601002029", "request_id": "f5feb4a12d864f64bc6abe8d68767a7a", "position": {"x": 185.0794739822733, "y": 1997.3256124506277}, "channel": 18}, "attempt": 1}
2026-09-12 21:02:43,902 INFO response {"request_id": "f5feb4a12d864f64bc6abe8d68767a7a", "http_status": 200, "body": {"accepted": true, "real_timestamp_ms": 1789218160743, "virtual_time_s": 8434.703176, "measure_result": "no_signal"}}
2026-09-12 21:02:43,917 INFO request {"path": "/measure", "payload": {"arena_id": "default", "robot_id": "202601002029", "request_id": "857c029211b848caafac42a05074af9c", "position": {"x": 185.0794739822733, "y": 1997.3256124506277}, "channel": 19}, "attempt": 1}
2026-09-12 21:02:43,919 INFO response {"request_id": "857c029211b848caafac42a05074af9c", "http_status": 200, "body": {"accepted": true, "real_timestamp_ms": 1789218160760, "virtual_time_s": 8440.703176, "measure_result": "no_signal"}}
2026-09-12 21:02:43,949 INFO request {"path": "/measure", "payload": {"arena_id": "default", "robot_id": "202601002029", "request_id": "1c3e736cc7ed4ffb91ea416ed676423c", "position": {"x": -558.9164126648678, "y": 1964.3874312329572}, "channel": 19}, "attempt": 1}
2026-09-12 21:02:43,962 INFO response {"request_id": "1c3e736cc7ed4ffb91ea416ed676423c", "http_status": 200, "body": {"accepted": true, "real_timestamp_ms": 1789218160804, "virtual_time_s": 8594.648106, "measure_result": "no_signal"}}
2026-09-12 21:02:43,977 INFO request {"path": "/measure", "payload": {"arena_id": "default", "robot_id": "202601002029", "request_id": "c191b4deb3574b80b022ea8c8fad32cf", "position": {"x": -558.9164126648678, "y": 1964.3874312329572}, "channel": 3}, "attempt": 1}
2026-09-12 21:02:43,978 INFO response {"request_id": "c191b4deb3574b80b022ea8c8fad32cf", "http_status": 200, "body": {"accepted": true, "real_timestamp_ms": 1789218160820, "virtual_time_s": 8600.648106, "measure_result": "no_signal"}}
2026-09-12 21:02:44,009 INFO request {"path": "/measure", "payload": {"arena_id": "default", "robot_id": "202601002029", "request_id": "663284d721bc4c31bf2af9bb96885a19", "position": {"x": -558.9164126648678, "y": 1964.3874312329572}, "channel": 4}, "attempt": 1}
2026-09-12 21:02:44,009 INFO response {"request_id": "663284d721bc4c31bf2af9bb96885a19", "http_status": 200, "body": {"accepted": true, "real_timestamp_ms": 1789218160851, "virtual_time_s": 8606.648106, "measure_result": "no_signal"}}
2026-09-12 21:02:44,040 INFO request {"path": "/measure", "payload": {"arena_id": "default", "robot_id": "202601002029", "request_id": "4ad618cf8510406180259e0bd6f14d7d", "position": {"x": -558.9164126648678, "y": 1964.3874312329572}, "channel": 6}, "attempt": 1}
2026-09-12 21:02:44,059 INFO response {"request_id": "4ad618cf8510406180259e0bd6f14d7d", "http_status": 200, "body": {"accepted": true, "real_timestamp_ms": 1789218160901, "virtual_time_s": 8612.648106, "measure_result": "no_signal"}}
2026-09-12 21:02:44,074 INFO request {"path": "/measure", "payload": {"arena_id": "default", "robot_id": "202601002029", "request_id": "350ba2f4d1b34eca9a22047cb9ab6f62", "position": {"x": -558.9164126648678, "y": 1964.3874312329572}, "channel": 7}, "attempt": 1}
2026-09-12 21:02:44,088 INFO response {"request_id": "350ba2f4d1b34eca9a22047cb9ab6f62", "http_status": 200, "body": {"accepted": true, "real_timestamp_ms": 1789218160930, "virtual_time_s": 8618.648106, "measure_result": "no_signal"}}
2026-09-12 21:02:44,103 INFO request {"path": "/measure", "payload": {"arena_id": "default", "robot_id": "202601002029", "request_id": "f78a3e6e116d4eff8627a819d6461f38", "position": {"x": -558.9164126648678, "y": 1964.3874312329572}, "channel": 14}, "attempt": 1}
2026-09-12 21:02:44,105 INFO response {"request_id": "f78a3e6e116d4eff8627a819d6461f38", "http_status": 200, "body": {"accepted": true, "real_timestamp_ms": 1789218160946, "virtual_time_s": 8624.648106, "measure_result": "no_signal"}}
2026-09-12 21:02:44,136 INFO request {"path": "/measure", "payload": {"arena_id": "default", "robot_id": "202601002029", "request_id": "52c2b3ec46f54a7fa351bd91eb375694", "position": {"x": -558.9164126648678, "y": 1964.3874312329572}, "channel": 15}, "attempt": 1}
2026-09-12 21:02:44,138 INFO response {"request_id": "52c2b3ec46f54a7fa351bd91eb375694", "http_status": 200, "body": {"accepted": true, "real_timestamp_ms": 1789218160979, "virtual_time_s": 8630.648106, "measure_result": "no_signal"}}
2026-09-12 21:02:44,169 INFO request {"path": "/measure", "payload": {"arena_id": "default", "robot_id": "202601002029", "request_id": "81941ab93cb84ac7be93b033a5901d1c", "position": {"x": -558.9164126648678, "y": 1964.3874312329572}, "channel": 16}, "attempt": 1}
2026-09-12 21:02:44,171 INFO response {"request_id": "81941ab93cb84ac7be93b033a5901d1c", "http_status": 200, "body": {"accepted": true, "real_timestamp_ms": 1789218161012, "virtual_time_s": 8636.648106, "measure_result": "no_signal"}}
2026-09-12 21:02:44,202 INFO request {"path": "/measure", "payload": {"arena_id": "default", "robot_id": "202601002029", "request_id": "adf1a0f3d59e487398435891857ad0db", "position": {"x": -558.9164126648678, "y": 1964.3874312329572}, "channel": 18}, "attempt": 1}
2026-09-12 21:02:44,204 INFO response {"request_id": "adf1a0f3d59e487398435891857ad0db", "http_status": 200, "body": {"accepted": true, "real_timestamp_ms": 1789218161045, "virtual_time_s": 8642.648106, "measure_result": "no_signal"}}
2026-09-12 21:02:44,236 INFO request {"path": "/measure", "payload": {"arena_id": "default", "robot_id": "202601002029", "request_id": "7a892c53a455456c9386f968d5f63edc", "position": {"x": -1252.7710617437015, "y": 1658.936988946098}, "channel": 18}, "attempt": 1}
2026-09-12 21:02:44,256 INFO response {"request_id": "7a892c53a455456c9386f968d5f63edc", "http_status": 200, "body": {"accepted": true, "real_timestamp_ms": 1789218161098, "virtual_time_s": 8799.270564, "measure_result": "no_signal"}}
2026-09-12 21:02:44,256 INFO request {"path": "/measure", "payload": {"arena_id": "default", "robot_id": "202601002029", "request_id": "ef3b85d54eec43fa91cfef18e948ea4a", "position": {"x": -1252.7710617437015, "y": 1658.936988946098}, "channel": 3}, "attempt": 1}
2026-09-12 21:02:44,276 INFO response {"request_id": "ef3b85d54eec43fa91cfef18e948ea4a", "http_status": 200, "body": {"accepted": true, "real_timestamp_ms": 1789218161117, "virtual_time_s": 8805.270564, "measure_result": "no_signal"}}
2026-09-12 21:02:44,291 INFO request {"path": "/measure", "payload": {"arena_id": "default", "robot_id": "202601002029", "request_id": "4510239a2f164e6686f66eba717150a8", "position": {"x": -1252.7710617437015, "y": 1658.936988946098}, "channel": 4}, "attempt": 1}
2026-09-12 21:02:44,293 INFO response {"request_id": "4510239a2f164e6686f66eba717150a8", "http_status": 200, "body": {"accepted": true, "real_timestamp_ms": 1789218161134, "virtual_time_s": 8811.270564, "measure_result": "no_signal"}}
2026-09-12 21:02:44,324 INFO request {"path": "/measure", "payload": {"arena_id": "default", "robot_id": "202601002029", "request_id": "b1f0aec9791a4454aa45e93124438c4e", "position": {"x": -1252.7710617437015, "y": 1658.936988946098}, "channel": 6}, "attempt": 1}
2026-09-12 21:02:44,335 INFO response {"request_id": "b1f0aec9791a4454aa45e93124438c4e", "http_status": 200, "body": {"accepted": true, "real_timestamp_ms": 1789218161177, "virtual_time_s": 8817.270564, "measure_result": "no_signal"}}
2026-09-12 21:02:44,350 INFO request {"path": "/measure", "payload": {"arena_id": "default", "robot_id": "202601002029", "request_id": "9c708ad595384346b5b55c2428a6be23", "position": {"x": -1252.7710617437015, "y": 1658.936988946098}, "channel": 7}, "attempt": 1}
2026-09-12 21:02:44,365 INFO response {"request_id": "9c708ad595384346b5b55c2428a6be23", "http_status": 200, "body": {"accepted": true, "real_timestamp_ms": 1789218161207, "virtual_time_s": 8823.270564, "measure_result": "no_signal"}}
2026-09-12 21:02:44,380 INFO request {"path": "/measure", "payload": {"arena_id": "default", "robot_id": "202601002029", "request_id": "fad0c65222c049c6af3943e17374506f", "position": {"x": -1252.7710617437015, "y": 1658.936988946098}, "channel": 14}, "attempt": 1}
2026-09-12 21:02:44,395 INFO response {"request_id": "fad0c65222c049c6af3943e17374506f", "http_status": 200, "body": {"accepted": true, "real_timestamp_ms": 1789218161237, "virtual_time_s": 8829.270564, "measure_result": "no_signal"}}
2026-09-12 21:02:44,411 INFO request {"path": "/measure", "payload": {"arena_id": "default", "robot_id": "202601002029", "request_id": "480adc6297764aa494a1d14de952f5a6", "position": {"x": -1252.7710617437015, "y": 1658.936988946098}, "channel": 15}, "attempt": 1}
2026-09-12 21:02:44,425 INFO response {"request_id": "480adc6297764aa494a1d14de952f5a6", "http_status": 200, "body": {"accepted": true, "real_timestamp_ms": 1789218161267, "virtual_time_s": 8835.270564, "measure_result": "no_signal"}}
2026-09-12 21:02:44,440 INFO request {"path": "/measure", "payload": {"arena_id": "default", "robot_id": "202601002029", "request_id": "803a47ae956b48c88ed2bc789bbe3c3e", "position": {"x": -1252.7710617437015, "y": 1658.936988946098}, "channel": 16}, "attempt": 1}
2026-09-12 21:02:44,455 INFO response {"request_id": "803a47ae956b48c88ed2bc789bbe3c3e", "http_status": 200, "body": {"accepted": true, "real_timestamp_ms": 1789218161297, "virtual_time_s": 8841.270564, "measure_result": "no_signal"}}
2026-09-12 21:02:44,471 INFO request {"path": "/measure", "payload": {"arena_id": "default", "robot_id": "202601002029", "request_id": "93cf66c10e8341f9ac0bd3c342f6a7ed", "position": {"x": -1252.7710617437015, "y": 1658.936988946098}, "channel": 19}, "attempt": 1}
2026-09-12 21:02:44,473 INFO response {"request_id": "93cf66c10e8341f9ac0bd3c342f6a7ed", "http_status": 200, "body": {"accepted": true, "real_timestamp_ms": 1789218161315, "virtual_time_s": 8847.270564, "measure_result": "no_signal"}}
2026-09-12 21:02:44,490 INFO request {"path": "/measure", "payload": {"arena_id": "default", "robot_id": "202601002029", "request_id": "d6174917aabc4ddf99d3bf750f3bed8a", "position": {"x": -1798.4593059315825, "y": 1113.558857474691}, "channel": 19}, "attempt": 1}
2026-09-12 21:02:44,491 INFO response {"request_id": "d6174917aabc4ddf99d3bf750f3bed8a", "http_status": 200, "body": {"accepted": true, "real_timestamp_ms": 1789218161333, "virtual_time_s": 9006.570657, "measure_result": "no_signal"}}
2026-09-12 21:02:44,522 INFO request {"path": "/measure", "payload": {"arena_id": "default", "robot_id": "202601002029", "request_id": "94cf6363be6d421da0b0da3a256e5c2e", "position": {"x": -1798.4593059315825, "y": 1113.558857474691}, "channel": 3}, "attempt": 1}
2026-09-12 21:02:44,523 INFO response {"request_id": "94cf6363be6d421da0b0da3a256e5c2e", "http_status": 200, "body": {"accepted": true, "real_timestamp_ms": 1789218161365, "virtual_time_s": 9012.570657, "measure_result": "no_signal"}}
2026-09-12 21:02:44,554 INFO request {"path": "/measure", "payload": {"arena_id": "default", "robot_id": "202601002029", "request_id": "0a468fa631c647ccab44d3693b3406c5", "position": {"x": -1798.4593059315825, "y": 1113.558857474691}, "channel": 4}, "attempt": 1}
2026-09-12 21:02:44,573 INFO response {"request_id": "0a468fa631c647ccab44d3693b3406c5", "http_status": 200, "body": {"accepted": true, "real_timestamp_ms": 1789218161415, "virtual_time_s": 9018.570657, "measure_result": "no_signal"}}
2026-09-12 21:02:44,588 INFO request {"path": "/measure", "payload": {"arena_id": "default", "robot_id": "202601002029", "request_id": "b8c95e6b96234678873487d78e69141b", "position": {"x": -1798.4593059315825, "y": 1113.558857474691}, "channel": 6}, "attempt": 1}
2026-09-12 21:02:44,603 INFO response {"request_id": "b8c95e6b96234678873487d78e69141b", "http_status": 200, "body": {"accepted": true, "real_timestamp_ms": 1789218161445, "virtual_time_s": 9024.570657, "measure_result": "no_signal"}}
2026-09-12 21:02:44,619 INFO request {"path": "/measure", "payload": {"arena_id": "default", "robot_id": "202601002029", "request_id": "844f248f429846cb9889a2516376cd80", "position": {"x": -1798.4593059315825, "y": 1113.558857474691}, "channel": 7}, "attempt": 1}
2026-09-12 21:02:44,620 INFO response {"request_id": "844f248f429846cb9889a2516376cd80", "http_status": 200, "body": {"accepted": true, "real_timestamp_ms": 1789218161462, "virtual_time_s": 9030.570657, "measure_result": "no_signal"}}
2026-09-12 21:02:44,652 INFO request {"path": "/measure", "payload": {"arena_id": "default", "robot_id": "202601002029", "request_id": "393320317c3146feb4194908e2364278", "position": {"x": -1798.4593059315825, "y": 1113.558857474691}, "channel": 14}, "attempt": 1}
2026-09-12 21:02:44,655 INFO response {"request_id": "393320317c3146feb4194908e2364278", "http_status": 200, "body": {"accepted": true, "real_timestamp_ms": 1789218161496, "virtual_time_s": 9036.570657, "measure_result": "no_signal"}}
2026-09-12 21:02:44,686 INFO request {"path": "/measure", "payload": {"arena_id": "default", "robot_id": "202601002029", "request_id": "d88d825bc44a438a84f25808f905905d", "position": {"x": -1798.4593059315825, "y": 1113.558857474691}, "channel": 15}, "attempt": 1}
2026-09-12 21:02:44,703 INFO response {"request_id": "d88d825bc44a438a84f25808f905905d", "http_status": 200, "body": {"accepted": true, "real_timestamp_ms": 1789218161544, "virtual_time_s": 9042.570657, "measure_result": "no_signal"}}
2026-09-12 21:02:44,719 INFO request {"path": "/measure", "payload": {"arena_id": "default", "robot_id": "202601002029", "request_id": "c93ca0ef0a03421baa0a515ef0deb268", "position": {"x": -1798.4593059315825, "y": 1113.558857474691}, "channel": 16}, "attempt": 1}
2026-09-12 21:02:44,733 INFO response {"request_id": "c93ca0ef0a03421baa0a515ef0deb268", "http_status": 200, "body": {"accepted": true, "real_timestamp_ms": 1789218161575, "virtual_time_s": 9048.570657, "measure_result": "no_signal"}}
2026-09-12 21:02:44,750 INFO request {"path": "/measure", "payload": {"arena_id": "default", "robot_id": "202601002029", "request_id": "1e1d4c7cc0c946258cd4761f33917700", "position": {"x": -1798.4593059315825, "y": 1113.558857474691}, "channel": 18}, "attempt": 1}
2026-09-12 21:02:44,762 INFO response {"request_id": "1e1d4c7cc0c946258cd4761f33917700", "http_status": 200, "body": {"accepted": true, "real_timestamp_ms": 1789218161604, "virtual_time_s": 9054.570657, "measure_result": "no_signal"}}
2026-09-12 21:02:44,780 INFO request {"path": "/measure", "payload": {"arena_id": "default", "robot_id": "202601002029", "request_id": "e136f43ace65454db25a28fca803490b", "position": {"x": -2115.1268227315963, "y": 395.3857271605936}, "channel": 18}, "attempt": 1}
2026-09-12 21:02:44,791 INFO response {"request_id": "e136f43ace65454db25a28fca803490b", "http_status": 200, "body": {"accepted": true, "real_timestamp_ms": 1789218161633, "virtual_time_s": 9216.548485, "measure_result": "no_signal"}}
2026-09-12 21:02:44,806 INFO request {"path": "/measure", "payload": {"arena_id": "default", "robot_id": "202601002029", "request_id": "16a79750041e4946b7eed2c56f316cc6", "position": {"x": -2115.1268227315963, "y": 395.3857271605936}, "channel": 3}, "attempt": 1}
2026-09-12 21:02:44,820 INFO response {"request_id": "16a79750041e4946b7eed2c56f316cc6", "http_status": 200, "body": {"accepted": true, "real_timestamp_ms": 1789218161662, "virtual_time_s": 9222.548485, "measure_result": "no_signal"}}
2026-09-12 21:02:44,836 INFO request {"path": "/measure", "payload": {"arena_id": "default", "robot_id": "202601002029", "request_id": "f659d74a94d14f5e93ff487093725730", "position": {"x": -2115.1268227315963, "y": 395.3857271605936}, "channel": 4}, "attempt": 1}
2026-09-12 21:02:44,849 INFO response {"request_id": "f659d74a94d14f5e93ff487093725730", "http_status": 200, "body": {"accepted": true, "real_timestamp_ms": 1789218161691, "virtual_time_s": 9228.548485, "measure_result": "no_signal"}}
2026-09-12 21:02:44,866 INFO request {"path": "/measure", "payload": {"arena_id": "default", "robot_id": "202601002029", "request_id": "e2fdada0bff8497c823cbcda42002584", "position": {"x": -2115.1268227315963, "y": 395.3857271605936}, "channel": 6}, "attempt": 1}
2026-09-12 21:02:44,879 INFO response {"request_id": "e2fdada0bff8497c823cbcda42002584", "http_status": 200, "body": {"accepted": true, "real_timestamp_ms": 1789218161720, "virtual_time_s": 9234.548485, "measure_result": "no_signal"}}
2026-09-12 21:02:44,893 INFO request {"path": "/measure", "payload": {"arena_id": "default", "robot_id": "202601002029", "request_id": "be9f1c335d564488b19e87c6e74e1355", "position": {"x": -2115.1268227315963, "y": 395.3857271605936}, "channel": 7}, "attempt": 1}
2026-09-12 21:02:44,908 INFO response {"request_id": "be9f1c335d564488b19e87c6e74e1355", "http_status": 200, "body": {"accepted": true, "real_timestamp_ms": 1789218161749, "virtual_time_s": 9240.548485, "measure_result": "no_signal"}}
2026-09-12 21:02:44,924 INFO request {"path": "/measure", "payload": {"arena_id": "default", "robot_id": "202601002029", "request_id": "f47bf7b87dc5493e82f18d01c2dde9e6", "position": {"x": -2115.1268227315963, "y": 395.3857271605936}, "channel": 14}, "attempt": 1}
2026-09-12 21:02:44,925 INFO response {"request_id": "f47bf7b87dc5493e82f18d01c2dde9e6", "http_status": 200, "body": {"accepted": true, "real_timestamp_ms": 1789218161767, "virtual_time_s": 9246.548485, "measure_result": "no_signal"}}
2026-09-12 21:02:44,940 INFO request {"path": "/measure", "payload": {"arena_id": "default", "robot_id": "202601002029", "request_id": "5d63809cb8c14a9bb91e9a7922d7d27f", "position": {"x": -2115.1268227315963, "y": 395.3857271605936}, "channel": 15}, "attempt": 1}
2026-09-12 21:02:44,957 INFO response {"request_id": "5d63809cb8c14a9bb91e9a7922d7d27f", "http_status": 200, "body": {"accepted": true, "real_timestamp_ms": 1789218161798, "virtual_time_s": 9252.548485, "measure_result": "no_signal"}}
2026-09-12 21:02:44,957 INFO request {"path": "/measure", "payload": {"arena_id": "default", "robot_id": "202601002029", "request_id": "a30cbf67ef884debb724d48a2f7ed627", "position": {"x": -2115.1268227315963, "y": 395.3857271605936}, "channel": 16}, "attempt": 1}
2026-09-12 21:02:44,958 INFO response {"request_id": "a30cbf67ef884debb724d48a2f7ed627", "http_status": 200, "body": {"accepted": true, "real_timestamp_ms": 1789218161800, "virtual_time_s": 9258.548485, "measure_result": "no_signal"}}
2026-09-12 21:02:44,989 INFO request {"path": "/measure", "payload": {"arena_id": "default", "robot_id": "202601002029", "request_id": "624c04570f4546d4bb3e5877c70fa9c8", "position": {"x": -2115.1268227315963, "y": 395.3857271605936}, "channel": 19}, "attempt": 1}
2026-09-12 21:02:44,990 INFO response {"request_id": "624c04570f4546d4bb3e5877c70fa9c8", "http_status": 200, "body": {"accepted": true, "real_timestamp_ms": 1789218161832, "virtual_time_s": 9264.548485, "measure_result": "no_signal"}}
2026-09-12 21:02:45,020 INFO request {"path": "/measure", "payload": {"arena_id": "default", "robot_id": "202601002029", "request_id": "e5f863850fc84686b691539f5a578f41", "position": {"x": -2115.1268227315963, "y": 395.3857271605936}, "channel": 9}, "attempt": 1}
2026-09-12 21:02:45,034 INFO response {"request_id": "e5f863850fc84686b691539f5a578f41", "http_status": 200, "body": {"accepted": true, "real_timestamp_ms": 1789218161876, "virtual_time_s": 9270.548485, "measure_result": "direction", "svd_deg": 301.96}}
2026-09-12 21:02:45,051 INFO request {"path": "/measure", "payload": {"arena_id": "default", "robot_id": "202601002029", "request_id": "e6ae6e5e26bc4e2792afd4c30a40dca3", "position": {"x": -2150.9764298965374, "y": -402.0871801633194}, "channel": 3}, "attempt": 1}
2026-09-12 21:02:45,052 INFO response {"request_id": "e6ae6e5e26bc4e2792afd4c30a40dca3", "http_status": 200, "body": {"accepted": true, "real_timestamp_ms": 1789218161894, "virtual_time_s": 9436.204143, "measure_result": "no_signal"}}
2026-09-12 21:02:45,083 INFO request {"path": "/measure", "payload": {"arena_id": "default", "robot_id": "202601002029", "request_id": "7374423b4185463885a5277303d5cbea", "position": {"x": -2150.9764298965374, "y": -402.0871801633194}, "channel": 4}, "attempt": 1}
2026-09-12 21:02:45,084 INFO response {"request_id": "7374423b4185463885a5277303d5cbea", "http_status": 200, "body": {"accepted": true, "real_timestamp_ms": 1789218161926, "virtual_time_s": 9442.204143, "measure_result": "no_signal"}}
2026-09-12 21:02:45,115 INFO request {"path": "/measure", "payload": {"arena_id": "default", "robot_id": "202601002029", "request_id": "932c8a3b3c1d497c81cfe0033708de02", "position": {"x": -2150.9764298965374, "y": -402.0871801633194}, "channel": 6}, "attempt": 1}
2026-09-12 21:02:45,133 INFO response {"request_id": "932c8a3b3c1d497c81cfe0033708de02", "http_status": 200, "body": {"accepted": true, "real_timestamp_ms": 1789218161975, "virtual_time_s": 9448.204143, "measure_result": "no_signal"}}
2026-09-12 21:02:45,148 INFO request {"path": "/measure", "payload": {"arena_id": "default", "robot_id": "202601002029", "request_id": "b9fb38974e3d4530acae9bdf13a53e92", "position": {"x": -2150.9764298965374, "y": -402.0871801633194}, "channel": 7}, "attempt": 1}
2026-09-12 21:02:45,149 INFO response {"request_id": "b9fb38974e3d4530acae9bdf13a53e92", "http_status": 200, "body": {"accepted": true, "real_timestamp_ms": 1789218161991, "virtual_time_s": 9454.204143, "measure_result": "no_signal"}}
2026-09-12 21:02:45,180 INFO request {"path": "/measure", "payload": {"arena_id": "default", "robot_id": "202601002029", "request_id": "6848ffb3eff747f1a2100763d1c1644b", "position": {"x": -2150.9764298965374, "y": -402.0871801633194}, "channel": 14}, "attempt": 1}
2026-09-12 21:02:45,193 INFO response {"request_id": "6848ffb3eff747f1a2100763d1c1644b", "http_status": 200, "body": {"accepted": true, "real_timestamp_ms": 1789218162035, "virtual_time_s": 9460.204143, "measure_result": "no_signal"}}
2026-09-12 21:02:45,209 INFO request {"path": "/measure", "payload": {"arena_id": "default", "robot_id": "202601002029", "request_id": "99db129e0f464db0935320965fcc616a", "position": {"x": -2150.9764298965374, "y": -402.0871801633194}, "channel": 15}, "attempt": 1}
2026-09-12 21:02:45,223 INFO response {"request_id": "99db129e0f464db0935320965fcc616a", "http_status": 200, "body": {"accepted": true, "real_timestamp_ms": 1789218162064, "virtual_time_s": 9466.204143, "measure_result": "no_signal"}}
2026-09-12 21:02:45,240 INFO request {"path": "/measure", "payload": {"arena_id": "default", "robot_id": "202601002029", "request_id": "60522cb6abd049908cd106de8bb35d6f", "position": {"x": -2150.9764298965374, "y": -402.0871801633194}, "channel": 16}, "attempt": 1}
2026-09-12 21:02:45,253 INFO response {"request_id": "60522cb6abd049908cd106de8bb35d6f", "http_status": 200, "body": {"accepted": true, "real_timestamp_ms": 1789218162094, "virtual_time_s": 9472.204143, "measure_result": "no_signal"}}
2026-09-12 21:02:45,284 INFO request {"path": "/measure", "payload": {"arena_id": "default", "robot_id": "202601002029", "request_id": "624cdf93e7dc45b38c622f34d0c18938", "position": {"x": -2150.9764298965374, "y": -402.0871801633194}, "channel": 18}, "attempt": 1}
2026-09-12 21:02:45,302 INFO response {"request_id": "624cdf93e7dc45b38c622f34d0c18938", "http_status": 200, "body": {"accepted": true, "real_timestamp_ms": 1789218162143, "virtual_time_s": 9478.204143, "measure_result": "no_signal"}}
2026-09-12 21:02:45,302 INFO request {"path": "/measure", "payload": {"arena_id": "default", "robot_id": "202601002029", "request_id": "14daefc368864579a2b8ea14baf8faaf", "position": {"x": -2150.9764298965374, "y": -402.0871801633194}, "channel": 19}, "attempt": 1}
2026-09-12 21:02:45,303 INFO response {"request_id": "14daefc368864579a2b8ea14baf8faaf", "http_status": 200, "body": {"accepted": true, "real_timestamp_ms": 1789218162145, "virtual_time_s": 9484.204143, "measure_result": "no_signal"}}
2026-09-12 21:02:45,334 INFO request {"path": "/measure", "payload": {"arena_id": "default", "robot_id": "202601002029", "request_id": "536cd0d13a97460d82416134bce1cfcb", "position": {"x": -2150.9764298965374, "y": -402.0871801633194}, "channel": 9}, "attempt": 1}
2026-09-12 21:02:45,350 INFO response {"request_id": "536cd0d13a97460d82416134bce1cfcb", "http_status": 200, "body": {"accepted": true, "real_timestamp_ms": 1789218162192, "virtual_time_s": 9490.204143, "measure_result": "direction", "svd_deg": 0.91}}
2026-09-12 21:02:45,370 INFO request {"path": "/measure", "payload": {"arena_id": "default", "robot_id": "202601002029", "request_id": "bc77ac86243440ed873f598fa2feaedd", "position": {"x": -1891.4830631349423, "y": -1171.1567294130336}, "channel": 3}, "attempt": 1}
2026-09-12 21:02:45,372 INFO response {"request_id": "bc77ac86243440ed873f598fa2feaedd", "http_status": 200, "body": {"accepted": true, "real_timestamp_ms": 1789218162213, "virtual_time_s": 9658.537723, "measure_result": "no_signal"}}
2026-09-12 21:02:45,402 INFO request {"path": "/measure", "payload": {"arena_id": "default", "robot_id": "202601002029", "request_id": "f1353aba612a4109bfd7db58187097c1", "position": {"x": -1891.4830631349423, "y": -1171.1567294130336}, "channel": 4}, "attempt": 1}
2026-09-12 21:02:45,403 INFO response {"request_id": "f1353aba612a4109bfd7db58187097c1", "http_status": 200, "body": {"accepted": true, "real_timestamp_ms": 1789218162245, "virtual_time_s": 9664.537723, "measure_result": "no_signal"}}
2026-09-12 21:02:45,434 INFO request {"path": "/measure", "payload": {"arena_id": "default", "robot_id": "202601002029", "request_id": "3cf4ca52698744b096e935145791e163", "position": {"x": -1891.4830631349423, "y": -1171.1567294130336}, "channel": 6}, "attempt": 1}
2026-09-12 21:02:45,436 INFO response {"request_id": "3cf4ca52698744b096e935145791e163", "http_status": 200, "body": {"accepted": true, "real_timestamp_ms": 1789218162277, "virtual_time_s": 9670.537723, "measure_result": "no_signal"}}
2026-09-12 21:02:45,467 INFO request {"path": "/measure", "payload": {"arena_id": "default", "robot_id": "202601002029", "request_id": "b88d9a272c754d2bb48493a8a927243b", "position": {"x": -1891.4830631349423, "y": -1171.1567294130336}, "channel": 7}, "attempt": 1}
2026-09-12 21:02:45,468 INFO response {"request_id": "b88d9a272c754d2bb48493a8a927243b", "http_status": 200, "body": {"accepted": true, "real_timestamp_ms": 1789218162310, "virtual_time_s": 9676.537723, "measure_result": "no_signal"}}
2026-09-12 21:02:45,499 INFO request {"path": "/measure", "payload": {"arena_id": "default", "robot_id": "202601002029", "request_id": "f06f53007a8b426587401a0ee736138c", "position": {"x": -1891.4830631349423, "y": -1171.1567294130336}, "channel": 14}, "attempt": 1}
2026-09-12 21:02:45,519 INFO response {"request_id": "f06f53007a8b426587401a0ee736138c", "http_status": 200, "body": {"accepted": true, "real_timestamp_ms": 1789218162360, "virtual_time_s": 9682.537723, "measure_result": "no_signal"}}
2026-09-12 21:02:45,519 INFO request {"path": "/measure", "payload": {"arena_id": "default", "robot_id": "202601002029", "request_id": "203364572e684b1d977e247b231bd4e1", "position": {"x": -1891.4830631349423, "y": -1171.1567294130336}, "channel": 15}, "attempt": 1}
2026-09-12 21:02:45,521 INFO response {"request_id": "203364572e684b1d977e247b231bd4e1", "http_status": 200, "body": {"accepted": true, "real_timestamp_ms": 1789218162362, "virtual_time_s": 9688.537723, "measure_result": "no_signal"}}
2026-09-12 21:02:45,552 INFO request {"path": "/measure", "payload": {"arena_id": "default", "robot_id": "202601002029", "request_id": "b6dabfd55b6a4cc285e7c7c45597ffa9", "position": {"x": -1891.4830631349423, "y": -1171.1567294130336}, "channel": 16}, "attempt": 1}
2026-09-12 21:02:45,553 INFO response {"request_id": "b6dabfd55b6a4cc285e7c7c45597ffa9", "http_status": 200, "body": {"accepted": true, "real_timestamp_ms": 1789218162394, "virtual_time_s": 9694.537723, "measure_result": "no_signal"}}
2026-09-12 21:02:45,583 INFO request {"path": "/measure", "payload": {"arena_id": "default", "robot_id": "202601002029", "request_id": "08ad9ed788cf4017a0968bd83de8f67f", "position": {"x": -1891.4830631349423, "y": -1171.1567294130336}, "channel": 18}, "attempt": 1}
2026-09-12 21:02:45,596 INFO response {"request_id": "08ad9ed788cf4017a0968bd83de8f67f", "http_status": 200, "body": {"accepted": true, "real_timestamp_ms": 1789218162439, "virtual_time_s": 9700.537723, "measure_result": "no_signal"}}
2026-09-12 21:02:45,612 INFO request {"path": "/measure", "payload": {"arena_id": "default", "robot_id": "202601002029", "request_id": "97a2434ebec4436098b9f7c0e56dfa5d", "position": {"x": -1891.4830631349423, "y": -1171.1567294130336}, "channel": 19}, "attempt": 1}
2026-09-12 21:02:45,627 INFO response {"request_id": "97a2434ebec4436098b9f7c0e56dfa5d", "http_status": 200, "body": {"accepted": true, "real_timestamp_ms": 1789218162468, "virtual_time_s": 9706.537723, "measure_result": "no_signal"}}
2026-09-12 21:02:45,642 INFO request {"path": "/measure", "payload": {"arena_id": "default", "robot_id": "202601002029", "request_id": "19d3aeb5e13e478cb9ba81bcb9f750c4", "position": {"x": -1362.6632601422746, "y": -1804.4577774501392}, "channel": 19}, "attempt": 1}
2026-09-12 21:02:45,656 INFO response {"request_id": "19d3aeb5e13e478cb9ba81bcb9f750c4", "http_status": 200, "body": {"accepted": true, "real_timestamp_ms": 1789218162497, "virtual_time_s": 9876.549311, "measure_result": "no_signal"}}
2026-09-12 21:02:45,672 INFO request {"path": "/measure", "payload": {"arena_id": "default", "robot_id": "202601002029", "request_id": "ace5d20fd26c4ebc8da513743048ed98", "position": {"x": -1362.6632601422746, "y": -1804.4577774501392}, "channel": 3}, "attempt": 1}
2026-09-12 21:02:45,686 INFO response {"request_id": "ace5d20fd26c4ebc8da513743048ed98", "http_status": 200, "body": {"accepted": true, "real_timestamp_ms": 1789218162527, "virtual_time_s": 9882.549311, "measure_result": "no_signal"}}
2026-09-12 21:02:45,700 INFO request {"path": "/measure", "payload": {"arena_id": "default", "robot_id": "202601002029", "request_id": "fb8ca9b131e04bcda6871aa291704c01", "position": {"x": -1362.6632601422746, "y": -1804.4577774501392}, "channel": 4}, "attempt": 1}
2026-09-12 21:02:45,715 INFO response {"request_id": "fb8ca9b131e04bcda6871aa291704c01", "http_status": 200, "body": {"accepted": true, "real_timestamp_ms": 1789218162557, "virtual_time_s": 9888.549311, "measure_result": "no_signal"}}
2026-09-12 21:02:45,730 INFO request {"path": "/measure", "payload": {"arena_id": "default", "robot_id": "202601002029", "request_id": "b474fea13fa64eb5bc5c36f33fb8dce4", "position": {"x": -1362.6632601422746, "y": -1804.4577774501392}, "channel": 6}, "attempt": 1}
2026-09-12 21:02:45,744 INFO response {"request_id": "b474fea13fa64eb5bc5c36f33fb8dce4", "http_status": 200, "body": {"accepted": true, "real_timestamp_ms": 1789218162585, "virtual_time_s": 9894.549311, "measure_result": "no_signal"}}
2026-09-12 21:02:45,758 INFO request {"path": "/measure", "payload": {"arena_id": "default", "robot_id": "202601002029", "request_id": "28acf156b39f44c387dcfd94d37d775e", "position": {"x": -1362.6632601422746, "y": -1804.4577774501392}, "channel": 7}, "attempt": 1}
2026-09-12 21:02:45,773 INFO response {"request_id": "28acf156b39f44c387dcfd94d37d775e", "http_status": 200, "body": {"accepted": true, "real_timestamp_ms": 1789218162614, "virtual_time_s": 9900.549311, "measure_result": "no_signal"}}
2026-09-12 21:02:45,788 INFO request {"path": "/measure", "payload": {"arena_id": "default", "robot_id": "202601002029", "request_id": "57ce1a240ed549f79c9bba5cdca2b460", "position": {"x": -1362.6632601422746, "y": -1804.4577774501392}, "channel": 14}, "attempt": 1}
2026-09-12 21:02:45,789 INFO response {"request_id": "57ce1a240ed549f79c9bba5cdca2b460", "http_status": 200, "body": {"accepted": true, "real_timestamp_ms": 1789218162631, "virtual_time_s": 9906.549311, "measure_result": "no_signal"}}
2026-09-12 21:02:45,820 INFO request {"path": "/measure", "payload": {"arena_id": "default", "robot_id": "202601002029", "request_id": "dd2ddde36a344271bc9d3b191a435cf2", "position": {"x": -1362.6632601422746, "y": -1804.4577774501392}, "channel": 15}, "attempt": 1}
2026-09-12 21:02:45,831 INFO response {"request_id": "dd2ddde36a344271bc9d3b191a435cf2", "http_status": 200, "body": {"accepted": true, "real_timestamp_ms": 1789218162673, "virtual_time_s": 9912.549311, "measure_result": "no_signal"}}
2026-09-12 21:02:45,846 INFO request {"path": "/measure", "payload": {"arena_id": "default", "robot_id": "202601002029", "request_id": "e4a3a088c51f47edbd2c73a6f688eb9f", "position": {"x": -1362.6632601422746, "y": -1804.4577774501392}, "channel": 16}, "attempt": 1}
2026-09-12 21:02:45,862 INFO response {"request_id": "e4a3a088c51f47edbd2c73a6f688eb9f", "http_status": 200, "body": {"accepted": true, "real_timestamp_ms": 1789218162703, "virtual_time_s": 9918.549311, "measure_result": "no_signal"}}
2026-09-12 21:02:45,877 INFO request {"path": "/measure", "payload": {"arena_id": "default", "robot_id": "202601002029", "request_id": "df8c77a37d864a44a76987b19052f076", "position": {"x": -1362.6632601422746, "y": -1804.4577774501392}, "channel": 18}, "attempt": 1}
2026-09-12 21:02:45,891 INFO response {"request_id": "df8c77a37d864a44a76987b19052f076", "http_status": 200, "body": {"accepted": true, "real_timestamp_ms": 1789218162733, "virtual_time_s": 9924.549311, "measure_result": "no_signal"}}
2026-09-12 21:02:45,906 INFO request {"path": "/measure", "payload": {"arena_id": "default", "robot_id": "202601002029", "request_id": "126a70e9e4574976822bab17e6fa9063", "position": {"x": -628.7809642479722, "y": -2209.9358601370777}, "channel": 18}, "attempt": 1}
2026-09-12 21:02:45,920 INFO response {"request_id": "126a70e9e4574976822bab17e6fa9063", "http_status": 200, "body": {"accepted": true, "real_timestamp_ms": 1789218162762, "virtual_time_s": 10097.238989, "measure_result": "no_signal"}}
2026-09-12 21:02:45,935 INFO request {"path": "/measure", "payload": {"arena_id": "default", "robot_id": "202601002029", "request_id": "094fadd17bfd4e2bb36e5f642ba79733", "position": {"x": -628.7809642479722, "y": -2209.9358601370777}, "channel": 3}, "attempt": 1}
2026-09-12 21:02:45,949 INFO response {"request_id": "094fadd17bfd4e2bb36e5f642ba79733", "http_status": 200, "body": {"accepted": true, "real_timestamp_ms": 1789218162791, "virtual_time_s": 10103.238989, "measure_result": "no_signal"}}
2026-09-12 21:02:45,966 INFO request {"path": "/measure", "payload": {"arena_id": "default", "robot_id": "202601002029", "request_id": "ef3e1d83a667429584b2b5dd9868dac5", "position": {"x": -628.7809642479722, "y": -2209.9358601370777}, "channel": 4}, "attempt": 1}
2026-09-12 21:02:45,978 INFO response {"request_id": "ef3e1d83a667429584b2b5dd9868dac5", "http_status": 200, "body": {"accepted": true, "real_timestamp_ms": 1789218162819, "virtual_time_s": 10109.238989, "measure_result": "no_signal"}}
2026-09-12 21:02:45,994 INFO request {"path": "/measure", "payload": {"arena_id": "default", "robot_id": "202601002029", "request_id": "13a2774139114ac4b656c83c6e8acd8f", "position": {"x": -628.7809642479722, "y": -2209.9358601370777}, "channel": 6}, "attempt": 1}
2026-09-12 21:02:46,007 INFO response {"request_id": "13a2774139114ac4b656c83c6e8acd8f", "http_status": 200, "body": {"accepted": true, "real_timestamp_ms": 1789218162848, "virtual_time_s": 10115.238989, "measure_result": "no_signal"}}
2026-09-12 21:02:46,022 INFO request {"path": "/measure", "payload": {"arena_id": "default", "robot_id": "202601002029", "request_id": "7e04d5eb324a449a97572100772537f8", "position": {"x": -628.7809642479722, "y": -2209.9358601370777}, "channel": 7}, "attempt": 1}
2026-09-12 21:02:46,036 INFO response {"request_id": "7e04d5eb324a449a97572100772537f8", "http_status": 200, "body": {"accepted": true, "real_timestamp_ms": 1789218162878, "virtual_time_s": 10121.238989, "measure_result": "no_signal"}}
2026-09-12 21:02:46,051 INFO request {"path": "/measure", "payload": {"arena_id": "default", "robot_id": "202601002029", "request_id": "331e2b10f7224d149a5d210b29c1c2db", "position": {"x": -628.7809642479722, "y": -2209.9358601370777}, "channel": 14}, "attempt": 1}
2026-09-12 21:02:46,065 INFO response {"request_id": "331e2b10f7224d149a5d210b29c1c2db", "http_status": 200, "body": {"accepted": true, "real_timestamp_ms": 1789218162906, "virtual_time_s": 10127.238989, "measure_result": "no_signal"}}
2026-09-12 21:02:46,095 INFO request {"path": "/measure", "payload": {"arena_id": "default", "robot_id": "202601002029", "request_id": "12eda4017bd347928d388039793798f6", "position": {"x": -628.7809642479722, "y": -2209.9358601370777}, "channel": 15}, "attempt": 1}
2026-09-12 21:02:46,114 INFO response {"request_id": "12eda4017bd347928d388039793798f6", "http_status": 200, "body": {"accepted": true, "real_timestamp_ms": 1789218162956, "virtual_time_s": 10133.238989, "measure_result": "no_signal"}}
2026-09-12 21:02:46,114 INFO request {"path": "/measure", "payload": {"arena_id": "default", "robot_id": "202601002029", "request_id": "f657273377164525bf8b94186ac49836", "position": {"x": -628.7809642479722, "y": -2209.9358601370777}, "channel": 16}, "attempt": 1}
2026-09-12 21:02:46,116 INFO response {"request_id": "f657273377164525bf8b94186ac49836", "http_status": 200, "body": {"accepted": true, "real_timestamp_ms": 1789218162957, "virtual_time_s": 10139.238989, "measure_result": "no_signal"}}
2026-09-12 21:02:46,146 INFO request {"path": "/measure", "payload": {"arena_id": "default", "robot_id": "202601002029", "request_id": "cb93eb5286d64762bfdea02ac486adc7", "position": {"x": -628.7809642479722, "y": -2209.9358601370777}, "channel": 19}, "attempt": 1}
2026-09-12 21:02:46,164 INFO response {"request_id": "cb93eb5286d64762bfdea02ac486adc7", "http_status": 200, "body": {"accepted": true, "real_timestamp_ms": 1789218163006, "virtual_time_s": 10145.238989, "measure_result": "no_signal"}}
2026-09-12 21:02:46,179 INFO request {"path": "/measure", "payload": {"arena_id": "default", "robot_id": "202601002029", "request_id": "36c1727085e74626bb0cdaa549bc52e5", "position": {"x": 215.36520608845947, "y": -2324.160712669822}, "channel": 19}, "attempt": 1}
2026-09-12 21:02:46,194 INFO response {"request_id": "36c1727085e74626bb0cdaa549bc52e5", "http_status": 200, "body": {"accepted": true, "real_timestamp_ms": 1789218163035, "virtual_time_s": 10320.606835, "measure_result": "no_signal"}}
2026-09-12 21:02:46,209 INFO request {"path": "/measure", "payload": {"arena_id": "default", "robot_id": "202601002029", "request_id": "d689dcb8fc6d46578d8f8c8d7b76413c", "position": {"x": 215.36520608845947, "y": -2324.160712669822}, "channel": 3}, "attempt": 1}
2026-09-12 21:02:46,223 INFO response {"request_id": "d689dcb8fc6d46578d8f8c8d7b76413c", "http_status": 200, "body": {"accepted": true, "real_timestamp_ms": 1789218163065, "virtual_time_s": 10326.606835, "measure_result": "no_signal"}}
2026-09-12 21:02:46,239 INFO request {"path": "/measure", "payload": {"arena_id": "default", "robot_id": "202601002029", "request_id": "8f28580532b247e0bc8cdf9f252fbd2c", "position": {"x": 215.36520608845947, "y": -2324.160712669822}, "channel": 4}, "attempt": 1}
2026-09-12 21:02:46,240 INFO response {"request_id": "8f28580532b247e0bc8cdf9f252fbd2c", "http_status": 200, "body": {"accepted": true, "real_timestamp_ms": 1789218163082, "virtual_time_s": 10332.606835, "measure_result": "no_signal"}}
2026-09-12 21:02:46,271 INFO request {"path": "/measure", "payload": {"arena_id": "default", "robot_id": "202601002029", "request_id": "58712373c80042a79f7f57144cc5cbb9", "position": {"x": 215.36520608845947, "y": -2324.160712669822}, "channel": 6}, "attempt": 1}
2026-09-12 21:02:46,272 INFO response {"request_id": "58712373c80042a79f7f57144cc5cbb9", "http_status": 200, "body": {"accepted": true, "real_timestamp_ms": 1789218163114, "virtual_time_s": 10338.606835, "measure_result": "no_signal"}}
2026-09-12 21:02:46,303 INFO request {"path": "/measure", "payload": {"arena_id": "default", "robot_id": "202601002029", "request_id": "234c52647d96455f8605b91efc635785", "position": {"x": 215.36520608845947, "y": -2324.160712669822}, "channel": 7}, "attempt": 1}
2026-09-12 21:02:46,305 INFO response {"request_id": "234c52647d96455f8605b91efc635785", "http_status": 200, "body": {"accepted": true, "real_timestamp_ms": 1789218163146, "virtual_time_s": 10344.606835, "measure_result": "no_signal"}}
2026-09-12 21:02:46,336 INFO request {"path": "/measure", "payload": {"arena_id": "default", "robot_id": "202601002029", "request_id": "2eb0093592c644b9a5d3cec4beebba41", "position": {"x": 215.36520608845947, "y": -2324.160712669822}, "channel": 14}, "attempt": 1}
2026-09-12 21:02:46,338 INFO response {"request_id": "2eb0093592c644b9a5d3cec4beebba41", "http_status": 200, "body": {"accepted": true, "real_timestamp_ms": 1789218163180, "virtual_time_s": 10350.606835, "measure_result": "no_signal"}}
2026-09-12 21:02:46,369 INFO request {"path": "/measure", "payload": {"arena_id": "default", "robot_id": "202601002029", "request_id": "f34a18411d3145fe91d3e90c5e944a8e", "position": {"x": 215.36520608845947, "y": -2324.160712669822}, "channel": 15}, "attempt": 1}
2026-09-12 21:02:46,372 INFO response {"request_id": "f34a18411d3145fe91d3e90c5e944a8e", "http_status": 200, "body": {"accepted": true, "real_timestamp_ms": 1789218163213, "virtual_time_s": 10356.606835, "measure_result": "no_signal"}}
2026-09-12 21:02:46,403 INFO request {"path": "/measure", "payload": {"arena_id": "default", "robot_id": "202601002029", "request_id": "ea14cde69a4e43378f7ff728043271d0", "position": {"x": 215.36520608845947, "y": -2324.160712669822}, "channel": 16}, "attempt": 1}
2026-09-12 21:02:46,420 INFO response {"request_id": "ea14cde69a4e43378f7ff728043271d0", "http_status": 200, "body": {"accepted": true, "real_timestamp_ms": 1789218163261, "virtual_time_s": 10362.606835, "measure_result": "no_signal"}}
2026-09-12 21:02:46,435 INFO request {"path": "/measure", "payload": {"arena_id": "default", "robot_id": "202601002029", "request_id": "934f94d6e73746b7ba37e065f52aec44", "position": {"x": 215.36520608845947, "y": -2324.160712669822}, "channel": 18}, "attempt": 1}
2026-09-12 21:02:46,449 INFO response {"request_id": "934f94d6e73746b7ba37e065f52aec44", "http_status": 200, "body": {"accepted": true, "real_timestamp_ms": 1789218163291, "virtual_time_s": 10368.606835, "measure_result": "no_signal"}}
2026-09-12 21:02:46,465 INFO request {"path": "/measure", "payload": {"arena_id": "default", "robot_id": "202601002029", "request_id": "c8d4ed229da54be3accc7cdee64064bb", "position": {"x": 1056.6621022232025, "y": -2122.0635671534724}, "channel": 18}, "attempt": 1}
2026-09-12 21:02:46,479 INFO response {"request_id": "c8d4ed229da54be3accc7cdee64064bb", "http_status": 200, "body": {"accepted": true, "real_timestamp_ms": 1789218163321, "virtual_time_s": 10546.652924, "measure_result": "no_signal"}}
2026-09-12 21:02:46,495 INFO request {"path": "/measure", "payload": {"arena_id": "default", "robot_id": "202601002029", "request_id": "2444e6f14d674db29c1d8184549154e6", "position": {"x": 1056.6621022232025, "y": -2122.0635671534724}, "channel": 3}, "attempt": 1}
2026-09-12 21:02:46,508 INFO response {"request_id": "2444e6f14d674db29c1d8184549154e6", "http_status": 200, "body": {"accepted": true, "real_timestamp_ms": 1789218163350, "virtual_time_s": 10552.652924, "measure_result": "no_signal"}}
2026-09-12 21:02:46,523 INFO request {"path": "/measure", "payload": {"arena_id": "default", "robot_id": "202601002029", "request_id": "ef175d45d69c4a41bba3f13869bda04f", "position": {"x": 1056.6621022232025, "y": -2122.0635671534724}, "channel": 4}, "attempt": 1}
2026-09-12 21:02:46,524 INFO response {"request_id": "ef175d45d69c4a41bba3f13869bda04f", "http_status": 200, "body": {"accepted": true, "real_timestamp_ms": 1789218163366, "virtual_time_s": 10558.652924, "measure_result": "no_signal"}}
2026-09-12 21:02:46,555 INFO request {"path": "/measure", "payload": {"arena_id": "default", "robot_id": "202601002029", "request_id": "85e814057a544aeeabcda8b22ee95c17", "position": {"x": 1056.6621022232025, "y": -2122.0635671534724}, "channel": 6}, "attempt": 1}
2026-09-12 21:02:46,568 INFO response {"request_id": "85e814057a544aeeabcda8b22ee95c17", "http_status": 200, "body": {"accepted": true, "real_timestamp_ms": 1789218163410, "virtual_time_s": 10564.652924, "measure_result": "no_signal"}}
2026-09-12 21:02:46,584 INFO request {"path": "/measure", "payload": {"arena_id": "default", "robot_id": "202601002029", "request_id": "6fdb2834be934370a1b8d2c513873d32", "position": {"x": 1056.6621022232025, "y": -2122.0635671534724}, "channel": 7}, "attempt": 1}
2026-09-12 21:02:46,599 INFO response {"request_id": "6fdb2834be934370a1b8d2c513873d32", "http_status": 200, "body": {"accepted": true, "real_timestamp_ms": 1789218163440, "virtual_time_s": 10570.652924, "measure_result": "no_signal"}}
2026-09-12 21:02:46,615 INFO request {"path": "/measure", "payload": {"arena_id": "default", "robot_id": "202601002029", "request_id": "44905b2eb8084795b9770656faf3c120", "position": {"x": 1056.6621022232025, "y": -2122.0635671534724}, "channel": 14}, "attempt": 1}
2026-09-12 21:02:46,617 INFO response {"request_id": "44905b2eb8084795b9770656faf3c120", "http_status": 200, "body": {"accepted": true, "real_timestamp_ms": 1789218163458, "virtual_time_s": 10576.652924, "measure_result": "no_signal"}}
2026-09-12 21:02:46,648 INFO request {"path": "/measure", "payload": {"arena_id": "default", "robot_id": "202601002029", "request_id": "281a386229bf4153a7a00e7851d69d34", "position": {"x": 1056.6621022232025, "y": -2122.0635671534724}, "channel": 15}, "attempt": 1}
2026-09-12 21:02:46,651 INFO response {"request_id": "281a386229bf4153a7a00e7851d69d34", "http_status": 200, "body": {"accepted": true, "real_timestamp_ms": 1789218163492, "virtual_time_s": 10582.652924, "measure_result": "no_signal"}}
2026-09-12 21:02:46,682 INFO request {"path": "/measure", "payload": {"arena_id": "default", "robot_id": "202601002029", "request_id": "2c2b7bad28304e5899fe26ed849caaac", "position": {"x": 1056.6621022232025, "y": -2122.0635671534724}, "channel": 16}, "attempt": 1}
2026-09-12 21:02:46,685 INFO response {"request_id": "2c2b7bad28304e5899fe26ed849caaac", "http_status": 200, "body": {"accepted": true, "real_timestamp_ms": 1789218163526, "virtual_time_s": 10588.652924, "measure_result": "no_signal"}}
2026-09-12 21:02:46,715 INFO request {"path": "/measure", "payload": {"arena_id": "default", "robot_id": "202601002029", "request_id": "0ef63e8fe12948fd8afac4465023fe51", "position": {"x": 1056.6621022232025, "y": -2122.0635671534724}, "channel": 19}, "attempt": 1}
2026-09-12 21:02:46,735 INFO response {"request_id": "0ef63e8fe12948fd8afac4465023fe51", "http_status": 200, "body": {"accepted": true, "real_timestamp_ms": 1789218163577, "virtual_time_s": 10594.652924, "measure_result": "no_signal"}}
2026-09-12 21:02:46,751 INFO request {"path": "/measure", "payload": {"arena_id": "default", "robot_id": "202601002029", "request_id": "04ad69eb970c46a9b398143128ad7b26", "position": {"x": 1778.837934862906, "y": -1621.6250434127696}, "channel": 19}, "attempt": 1}
2026-09-12 21:02:46,765 INFO response {"request_id": "04ad69eb970c46a9b398143128ad7b26", "http_status": 200, "body": {"accepted": true, "real_timestamp_ms": 1789218163606, "virtual_time_s": 10775.377327, "measure_result": "no_signal"}}
2026-09-12 21:02:46,780 INFO request {"path": "/measure", "payload": {"arena_id": "default", "robot_id": "202601002029", "request_id": "e0a344fa0d614bf1adb67adcb0a236d0", "position": {"x": 1778.837934862906, "y": -1621.6250434127696}, "channel": 3}, "attempt": 1}
2026-09-12 21:02:46,794 INFO response {"request_id": "e0a344fa0d614bf1adb67adcb0a236d0", "http_status": 200, "body": {"accepted": true, "real_timestamp_ms": 1789218163635, "virtual_time_s": 10781.377327, "measure_result": "no_signal"}}
2026-09-12 21:02:46,809 INFO request {"path": "/measure", "payload": {"arena_id": "default", "robot_id": "202601002029", "request_id": "42f4265f00f340e88f14491308c7269f", "position": {"x": 1778.837934862906, "y": -1621.6250434127696}, "channel": 4}, "attempt": 1}
2026-09-12 21:02:46,824 INFO response {"request_id": "42f4265f00f340e88f14491308c7269f", "http_status": 200, "body": {"accepted": true, "real_timestamp_ms": 1789218163665, "virtual_time_s": 10787.377327, "measure_result": "no_signal"}}
2026-09-12 21:02:46,840 INFO request {"path": "/measure", "payload": {"arena_id": "default", "robot_id": "202601002029", "request_id": "90ae8b94341b44e98b65f3cb125d6f4e", "position": {"x": 1778.837934862906, "y": -1621.6250434127696}, "channel": 6}, "attempt": 1}
2026-09-12 21:02:46,842 INFO response {"request_id": "90ae8b94341b44e98b65f3cb125d6f4e", "http_status": 200, "body": {"accepted": true, "real_timestamp_ms": 1789218163683, "virtual_time_s": 10793.377327, "measure_result": "no_signal"}}
2026-09-12 21:02:46,872 INFO request {"path": "/measure", "payload": {"arena_id": "default", "robot_id": "202601002029", "request_id": "88747f16f9ca44d499bf7e46f01b643d", "position": {"x": 1778.837934862906, "y": -1621.6250434127696}, "channel": 7}, "attempt": 1}
2026-09-12 21:02:46,874 INFO response {"request_id": "88747f16f9ca44d499bf7e46f01b643d", "http_status": 200, "body": {"accepted": true, "real_timestamp_ms": 1789218163715, "virtual_time_s": 10799.377327, "measure_result": "no_signal"}}
2026-09-12 21:02:46,905 INFO request {"path": "/measure", "payload": {"arena_id": "default", "robot_id": "202601002029", "request_id": "5ec57ebc785647a48050c97edd166f53", "position": {"x": 1778.837934862906, "y": -1621.6250434127696}, "channel": 14}, "attempt": 1}
2026-09-12 21:02:46,922 INFO response {"request_id": "5ec57ebc785647a48050c97edd166f53", "http_status": 200, "body": {"accepted": true, "real_timestamp_ms": 1789218163763, "virtual_time_s": 10805.377327, "measure_result": "no_signal"}}
2026-09-12 21:02:46,936 INFO request {"path": "/measure", "payload": {"arena_id": "default", "robot_id": "202601002029", "request_id": "b3773ca396254fb48d15f642ff824bd2", "position": {"x": 1778.837934862906, "y": -1621.6250434127696}, "channel": 15}, "attempt": 1}
2026-09-12 21:02:46,952 INFO response {"request_id": "b3773ca396254fb48d15f642ff824bd2", "http_status": 200, "body": {"accepted": true, "real_timestamp_ms": 1789218163793, "virtual_time_s": 10811.377327, "measure_result": "no_signal"}}
2026-09-12 21:02:46,968 INFO request {"path": "/measure", "payload": {"arena_id": "default", "robot_id": "202601002029", "request_id": "8d99becf02d0468f9c814d8cd26afaa5", "position": {"x": 1778.837934862906, "y": -1621.6250434127696}, "channel": 16}, "attempt": 1}
2026-09-12 21:02:46,982 INFO response {"request_id": "8d99becf02d0468f9c814d8cd26afaa5", "http_status": 200, "body": {"accepted": true, "real_timestamp_ms": 1789218163823, "virtual_time_s": 10817.377327, "measure_result": "no_signal"}}
2026-09-12 21:02:46,998 INFO request {"path": "/measure", "payload": {"arena_id": "default", "robot_id": "202601002029", "request_id": "413919c32d1041b9946f8f03681f9eb3", "position": {"x": 1778.837934862906, "y": -1621.6250434127696}, "channel": 18}, "attempt": 1}
2026-09-12 21:02:47,000 INFO response {"request_id": "413919c32d1041b9946f8f03681f9eb3", "http_status": 200, "body": {"accepted": true, "real_timestamp_ms": 1789218163841, "virtual_time_s": 10823.377327, "measure_result": "no_signal"}}
2026-09-12 21:02:47,031 INFO request {"path": "/measure", "payload": {"arena_id": "default", "robot_id": "202601002029", "request_id": "a939bdcb652b43afafb4c3c09cf8fd7e", "position": {"x": 2278.5233182033494, "y": -882.7046360831959}, "channel": 18}, "attempt": 1}
2026-09-12 21:02:47,050 INFO response {"request_id": "a939bdcb652b43afafb4c3c09cf8fd7e", "http_status": 200, "body": {"accepted": true, "real_timestamp_ms": 1789218163891, "virtual_time_s": 11006.780113, "measure_result": "no_signal"}}
2026-09-12 21:02:47,065 INFO request {"path": "/measure", "payload": {"arena_id": "default", "robot_id": "202601002029", "request_id": "ccbe52fe0fdf4ee9bcb6594251baadf4", "position": {"x": 2278.5233182033494, "y": -882.7046360831959}, "channel": 3}, "attempt": 1}
2026-09-12 21:02:47,066 INFO response {"request_id": "ccbe52fe0fdf4ee9bcb6594251baadf4", "http_status": 200, "body": {"accepted": true, "real_timestamp_ms": 1789218163908, "virtual_time_s": 11012.780113, "measure_result": "no_signal"}}
2026-09-12 21:02:47,082 INFO request {"path": "/measure", "payload": {"arena_id": "default", "robot_id": "202601002029", "request_id": "697f19c8c9d34f68ae716a2911347041", "position": {"x": 2278.5233182033494, "y": -882.7046360831959}, "channel": 4}, "attempt": 1}
2026-09-12 21:02:47,100 INFO response {"request_id": "697f19c8c9d34f68ae716a2911347041", "http_status": 200, "body": {"accepted": true, "real_timestamp_ms": 1789218163941, "virtual_time_s": 11018.780113, "measure_result": "no_signal"}}
2026-09-12 21:02:47,115 INFO request {"path": "/measure", "payload": {"arena_id": "default", "robot_id": "202601002029", "request_id": "29e5ff967a6644119ab55f86d9c23030", "position": {"x": 2278.5233182033494, "y": -882.7046360831959}, "channel": 6}, "attempt": 1}
2026-09-12 21:02:47,129 INFO response {"request_id": "29e5ff967a6644119ab55f86d9c23030", "http_status": 200, "body": {"accepted": true, "real_timestamp_ms": 1789218163971, "virtual_time_s": 11024.780113, "measure_result": "no_signal"}}
2026-09-12 21:02:47,144 INFO request {"path": "/measure", "payload": {"arena_id": "default", "robot_id": "202601002029", "request_id": "b044ffa5ec1f44b2abca4b83194f750f", "position": {"x": 2278.5233182033494, "y": -882.7046360831959}, "channel": 7}, "attempt": 1}
2026-09-12 21:02:47,158 INFO response {"request_id": "b044ffa5ec1f44b2abca4b83194f750f", "http_status": 200, "body": {"accepted": true, "real_timestamp_ms": 1789218163999, "virtual_time_s": 11030.780113, "measure_result": "no_signal"}}
2026-09-12 21:02:47,189 INFO request {"path": "/measure", "payload": {"arena_id": "default", "robot_id": "202601002029", "request_id": "70e14f28479542b69ed5ca3c8d634924", "position": {"x": 2278.5233182033494, "y": -882.7046360831959}, "channel": 14}, "attempt": 1}
2026-09-12 21:02:47,192 INFO response {"request_id": "70e14f28479542b69ed5ca3c8d634924", "http_status": 200, "body": {"accepted": true, "real_timestamp_ms": 1789218164033, "virtual_time_s": 11036.780113, "measure_result": "no_signal"}}
2026-09-12 21:02:47,208 INFO request {"path": "/measure", "payload": {"arena_id": "default", "robot_id": "202601002029", "request_id": "be8ce114f60f40739ecebd6d1eaef33c", "position": {"x": 2278.5233182033494, "y": -882.7046360831959}, "channel": 15}, "attempt": 1}
2026-09-12 21:02:47,209 INFO response {"request_id": "be8ce114f60f40739ecebd6d1eaef33c", "http_status": 200, "body": {"accepted": true, "real_timestamp_ms": 1789218164050, "virtual_time_s": 11042.780113, "measure_result": "no_signal"}}
2026-09-12 21:02:47,240 INFO request {"path": "/measure", "payload": {"arena_id": "default", "robot_id": "202601002029", "request_id": "c21f1ca0570648edb826f69acb14bcf7", "position": {"x": 2278.5233182033494, "y": -882.7046360831959}, "channel": 16}, "attempt": 1}
2026-09-12 21:02:47,257 INFO response {"request_id": "c21f1ca0570648edb826f69acb14bcf7", "http_status": 200, "body": {"accepted": true, "real_timestamp_ms": 1789218164099, "virtual_time_s": 11048.780113, "measure_result": "no_signal"}}
2026-09-12 21:02:47,272 INFO request {"path": "/measure", "payload": {"arena_id": "default", "robot_id": "202601002029", "request_id": "3cf58cab1ee444d98967eafc8f2cd0ea", "position": {"x": 2278.5233182033494, "y": -882.7046360831959}, "channel": 19}, "attempt": 1}
2026-09-12 21:02:47,274 INFO response {"request_id": "3cf58cab1ee444d98967eafc8f2cd0ea", "http_status": 200, "body": {"accepted": true, "real_timestamp_ms": 1789218164116, "virtual_time_s": 11054.780113, "measure_result": "no_signal"}}
2026-09-12 21:02:47,305 INFO request {"path": "/measure", "payload": {"arena_id": "default", "robot_id": "202601002029", "request_id": "9bc9ad405b54477cb8aa42e24e476af3", "position": {"x": 2480.0, "y": -2.4296992495083486e-12}, "channel": 19}, "attempt": 1}
2026-09-12 21:02:47,317 INFO response {"request_id": "9bc9ad405b54477cb8aa42e24e476af3", "http_status": 200, "body": {"accepted": true, "real_timestamp_ms": 1789218164158, "virtual_time_s": 11240.861346, "measure_result": "no_signal"}}
2026-09-12 21:02:47,332 INFO request {"path": "/measure", "payload": {"arena_id": "default", "robot_id": "202601002029", "request_id": "b029c5d0eee34cad83cc729dc3a682a5", "position": {"x": 2480.0, "y": -2.4296992495083486e-12}, "channel": 3}, "attempt": 1}
2026-09-12 21:02:47,346 INFO response {"request_id": "b029c5d0eee34cad83cc729dc3a682a5", "http_status": 200, "body": {"accepted": true, "real_timestamp_ms": 1789218164188, "virtual_time_s": 11246.861346, "measure_result": "no_signal"}}
2026-09-12 21:02:47,377 INFO request {"path": "/measure", "payload": {"arena_id": "default", "robot_id": "202601002029", "request_id": "cbadb923cfca40b495fb94399fcd82ef", "position": {"x": 2480.0, "y": -2.4296992495083486e-12}, "channel": 4}, "attempt": 1}
2026-09-12 21:02:47,396 INFO response {"request_id": "cbadb923cfca40b495fb94399fcd82ef", "http_status": 200, "body": {"accepted": true, "real_timestamp_ms": 1789218164238, "virtual_time_s": 11252.861346, "measure_result": "no_signal"}}
2026-09-12 21:02:47,396 INFO request {"path": "/measure", "payload": {"arena_id": "default", "robot_id": "202601002029", "request_id": "ebadbfd90ccb4090a4e93987ef2c01f2", "position": {"x": 2480.0, "y": -2.4296992495083486e-12}, "channel": 6}, "attempt": 1}
2026-09-12 21:02:47,416 INFO response {"request_id": "ebadbfd90ccb4090a4e93987ef2c01f2", "http_status": 200, "body": {"accepted": true, "real_timestamp_ms": 1789218164258, "virtual_time_s": 11258.861346, "measure_result": "no_signal"}}
2026-09-12 21:02:47,431 INFO request {"path": "/measure", "payload": {"arena_id": "default", "robot_id": "202601002029", "request_id": "5cf27f04ef154decb94f020338c56031", "position": {"x": 2480.0, "y": -2.4296992495083486e-12}, "channel": 7}, "attempt": 1}
2026-09-12 21:02:47,446 INFO response {"request_id": "5cf27f04ef154decb94f020338c56031", "http_status": 200, "body": {"accepted": true, "real_timestamp_ms": 1789218164287, "virtual_time_s": 11264.861346, "measure_result": "no_signal"}}
2026-09-12 21:02:47,462 INFO request {"path": "/measure", "payload": {"arena_id": "default", "robot_id": "202601002029", "request_id": "99fe634257c84da8aade2b3323975707", "position": {"x": 2480.0, "y": -2.4296992495083486e-12}, "channel": 14}, "attempt": 1}
2026-09-12 21:02:47,476 INFO response {"request_id": "99fe634257c84da8aade2b3323975707", "http_status": 200, "body": {"accepted": true, "real_timestamp_ms": 1789218164317, "virtual_time_s": 11270.861346, "measure_result": "no_signal"}}
2026-09-12 21:02:47,492 INFO request {"path": "/measure", "payload": {"arena_id": "default", "robot_id": "202601002029", "request_id": "bdd9b5d7861140aab53eebbb9ae85e9c", "position": {"x": 2480.0, "y": -2.4296992495083486e-12}, "channel": 15}, "attempt": 1}
2026-09-12 21:02:47,504 INFO response {"request_id": "bdd9b5d7861140aab53eebbb9ae85e9c", "http_status": 200, "body": {"accepted": true, "real_timestamp_ms": 1789218164346, "virtual_time_s": 11276.861346, "measure_result": "no_signal"}}
2026-09-12 21:02:47,519 INFO request {"path": "/measure", "payload": {"arena_id": "default", "robot_id": "202601002029", "request_id": "ad284cb685274a04ba8377a27e079e09", "position": {"x": 2480.0, "y": -2.4296992495083486e-12}, "channel": 16}, "attempt": 1}
2026-09-12 21:02:47,535 INFO response {"request_id": "ad284cb685274a04ba8377a27e079e09", "http_status": 200, "body": {"accepted": true, "real_timestamp_ms": 1789218164376, "virtual_time_s": 11282.861346, "measure_result": "no_signal"}}
2026-09-12 21:02:47,549 INFO request {"path": "/measure", "payload": {"arena_id": "default", "robot_id": "202601002029", "request_id": "f3cb2d224544426f9452ddd41127184b", "position": {"x": 2480.0, "y": -2.4296992495083486e-12}, "channel": 18}, "attempt": 1}
2026-09-12 21:02:47,551 INFO response {"request_id": "f3cb2d224544426f9452ddd41127184b", "http_status": 200, "body": {"accepted": true, "real_timestamp_ms": 1789218164392, "virtual_time_s": 11288.861346, "measure_result": "no_signal"}}
2026-09-12 21:02:47,565 INFO request {"path": "/clear", "payload": {"arena_id": "default", "robot_id": "202601002029", "request_id": "fc7afd1c64104aa5ab3e410084afaf77", "position": {"x": 294.6369278344025, "y": -78.13952362355518}, "channel": 8}, "attempt": 1}
2026-09-12 21:02:47,584 INFO response {"request_id": "fc7afd1c64104aa5ab3e410084afaf77", "http_status": 200, "body": {"accepted": true, "real_timestamp_ms": 1789218164425, "virtual_time_s": 11731.213266, "clear_result": "success"}}
2026-09-12 21:02:47,584 INFO request {"path": "/clear", "payload": {"arena_id": "default", "robot_id": "202601002029", "request_id": "2ae1a2c479ec47dd82fccf8cecf48751", "position": {"x": 201.39690359371667, "y": -439.3285751439265}, "channel": 5}, "attempt": 1}
2026-09-12 21:02:47,585 INFO response {"request_id": "2ae1a2c479ec47dd82fccf8cecf48751", "http_status": 200, "body": {"accepted": true, "real_timestamp_ms": 1789218164427, "virtual_time_s": 11810.819226, "clear_result": "success"}}
2026-09-12 21:02:47,616 INFO request {"path": "/clear", "payload": {"arena_id": "default", "robot_id": "202601002029", "request_id": "07d4b8005c0a44f6a615d6b239d2a50a", "position": {"x": 224.84295930910739, "y": -863.885684617608}, "channel": 13}, "attempt": 1}
2026-09-12 21:02:47,634 INFO response {"request_id": "07d4b8005c0a44f6a615d6b239d2a50a", "http_status": 200, "body": {"accepted": true, "real_timestamp_ms": 1789218164476, "virtual_time_s": 11900.86003, "clear_result": "success"}}
2026-09-12 21:02:47,649 INFO request {"path": "/clear", "payload": {"arena_id": "default", "robot_id": "202601002029", "request_id": "eebd74748a21417689a36d3596277af2", "position": {"x": -985.3962187228577, "y": -1406.136900212322}, "channel": 11}, "attempt": 1}
2026-09-12 21:02:47,663 INFO response {"request_id": "eebd74748a21417689a36d3596277af2", "http_status": 200, "body": {"accepted": true, "real_timestamp_ms": 1789218164505, "virtual_time_s": 12171.093154, "clear_result": "success"}}
2026-09-12 21:02:47,678 INFO request {"path": "/clear", "payload": {"arena_id": "default", "robot_id": "202601002029", "request_id": "a18946a897bc498baea7c94f1b8ef90e", "position": {"x": -1563.9985845840683, "y": -694.5630674649078}, "channel": 1}, "attempt": 1}
2026-09-12 21:02:47,678 INFO response {"request_id": "a18946a897bc498baea7c94f1b8ef90e", "http_status": 200, "body": {"accepted": true, "real_timestamp_ms": 1789218164520, "virtual_time_s": 12359.518127, "clear_result": "success"}}
2026-09-12 21:02:47,709 INFO request {"path": "/clear", "payload": {"arena_id": "default", "robot_id": "202601002029", "request_id": "d130cfee1dfa43f1bc5cad8cbb8f5ff0", "position": {"x": -1623.697046368901, "y": -393.3603990131625}, "channel": 9}, "attempt": 1}
2026-09-12 21:02:47,723 INFO response {"request_id": "d130cfee1dfa43f1bc5cad8cbb8f5ff0", "http_status": 200, "body": {"accepted": true, "real_timestamp_ms": 1789218164564, "virtual_time_s": 12425.930489, "clear_result": "success"}}
2026-09-12 21:02:47,738 INFO request {"path": "/clear", "payload": {"arena_id": "default", "robot_id": "202601002029", "request_id": "f8c1c0c0ee8a41fcbd15fd0d5e1232ab", "position": {"x": -1371.7647480562844, "y": -430.70750427032874}, "channel": 17}, "attempt": 1}
2026-09-12 21:02:47,752 INFO response {"request_id": "f8c1c0c0ee8a41fcbd15fd0d5e1232ab", "http_status": 200, "body": {"accepted": true, "real_timestamp_ms": 1789218164594, "virtual_time_s": 12481.867583, "clear_result": "success"}}
2026-09-12 21:02:47,784 INFO request {"path": "/clear", "payload": {"arena_id": "default", "robot_id": "202601002029", "request_id": "d1bc63c9c69444e7a670808f686aa443", "position": {"x": -1281.9738456128027, "y": 101.50026023637041}, "channel": 12}, "attempt": 1}
2026-09-12 21:02:47,801 INFO response {"request_id": "d1bc63c9c69444e7a670808f686aa443", "http_status": 200, "body": {"accepted": true, "real_timestamp_ms": 1789218164643, "virtual_time_s": 12594.813405, "clear_result": "success"}}
2026-09-12 21:02:47,801 INFO request {"path": "/clear", "payload": {"arena_id": "default", "robot_id": "202601002029", "request_id": "1d447b739df14c31a40e07a29a31b518", "position": {"x": -743.3762554548989, "y": 743.2904160723643}, "channel": 2}, "attempt": 1}
2026-09-12 21:02:47,802 INFO response {"request_id": "1d447b739df14c31a40e07a29a31b518", "http_status": 200, "body": {"accepted": true, "real_timestamp_ms": 1789218164644, "virtual_time_s": 12767.382133, "clear_result": "success"}}
2026-09-12 21:02:47,833 INFO request {"path": "/clear", "payload": {"arena_id": "default", "robot_id": "202601002029", "request_id": "b7bd9ea51aa24709b9df71720750ee8d", "position": {"x": -336.2138771443648, "y": 1266.0593751087113}, "channel": 10}, "attempt": 1}
2026-09-12 21:02:47,835 INFO response {"request_id": "b7bd9ea51aa24709b9df71720750ee8d", "http_status": 200, "body": {"accepted": true, "real_timestamp_ms": 1789218164677, "virtual_time_s": 12904.906634, "clear_result": "success"}}
2026-09-12 21:02:47,866 INFO request {"path": "/clear", "payload": {"arena_id": "default", "robot_id": "202601002029", "request_id": "6e3fdae0097c4c66aea819f1a6f16f35", "position": {"x": 377.98343708118733, "y": 1386.7214608426636}, "channel": 20}, "attempt": 1}
2026-09-12 21:02:47,868 INFO response {"request_id": "6e3fdae0097c4c66aea819f1a6f16f35", "http_status": 200, "body": {"accepted": true, "real_timestamp_ms": 1789218164709, "virtual_time_s": 13054.770314, "clear_result": "success"}}
2026-09-12 21:02:47,899 INFO request {"path": "/exit", "payload": {"arena_id": "default", "robot_id": "202601002029", "request_id": "4a9b0cb908bb4bec93bee2913cbcdd14"}, "attempt": 1}
2026-09-12 21:02:47,900 INFO response {"request_id": "4a9b0cb908bb4bec93bee2913cbcdd14", "http_status": 200, "body": {"accepted": true, "real_timestamp_ms": 1789218164742, "virtual_time_s": 13054.770314, "exit_reason": "user_exit"}}
