2026-09-13 00:14:01,535 INFO request {"path": "/enter", "payload": {"arena_id": "default", "robot_id": "202601002029", "request_id": "1be5114d0e28426188a4f99b75070288"}, "attempt": 1}
2026-09-13 00:14:01,538 INFO response {"request_id": "1be5114d0e28426188a4f99b75070288", "http_status": 200, "body": {"accepted": true, "real_timestamp_ms": 1789229638473, "virtual_time_s": 0, "max_virtual_duration_s": 360000, "max_real_duration_s": 1200, "remaining_real_duration_s": 1200}}
2026-09-13 00:14:01,567 INFO request {"path": "/measure", "payload": {"arena_id": "default", "robot_id": "202601002029", "request_id": "d8e5814f6d0240a2b681068a72936057", "position": {"x": 0.0, "y": 0.0}, "channel": 1}, "attempt": 1}
2026-09-13 00:14:01,580 INFO response {"request_id": "d8e5814f6d0240a2b681068a72936057", "http_status": 200, "body": {"accepted": true, "real_timestamp_ms": 1789229638515, "virtual_time_s": 5, "measure_result": "direction", "svd_deg": 281.54}}
2026-09-13 00:14:01,603 INFO request {"path": "/measure", "payload": {"arena_id": "default", "robot_id": "202601002029", "request_id": "9ba04a56c6ea4017bc8e5810fe0df74d", "position": {"x": 0.0, "y": 0.0}, "channel": 2}, "attempt": 1}
2026-09-13 00:14:01,605 INFO response {"request_id": "9ba04a56c6ea4017bc8e5810fe0df74d", "http_status": 200, "body": {"accepted": true, "real_timestamp_ms": 1789229638539, "virtual_time_s": 11, "measure_result": "no_signal"}}
2026-09-13 00:14:01,636 INFO request {"path": "/measure", "payload": {"arena_id": "default", "robot_id": "202601002029", "request_id": "2145fce337db4c9eaf5608895db1e452", "position": {"x": 0.0, "y": 0.0}, "channel": 3}, "attempt": 1}
2026-09-13 00:14:01,649 INFO response {"request_id": "2145fce337db4c9eaf5608895db1e452", "http_status": 200, "body": {"accepted": true, "real_timestamp_ms": 1789229638583, "virtual_time_s": 17, "measure_result": "direction", "svd_deg": 136.32}}
2026-09-13 00:14:01,670 INFO request {"path": "/measure", "payload": {"arena_id": "default", "robot_id": "202601002029", "request_id": "3d38515d70254e17bc03df01d92f38da", "position": {"x": 0.0, "y": 0.0}, "channel": 4}, "attempt": 1}
2026-09-13 00:14:01,688 INFO response {"request_id": "3d38515d70254e17bc03df01d92f38da", "http_status": 200, "body": {"accepted": true, "real_timestamp_ms": 1789229638621, "virtual_time_s": 23, "measure_result": "no_signal"}}
2026-09-13 00:14:01,703 INFO request {"path": "/measure", "payload": {"arena_id": "default", "robot_id": "202601002029", "request_id": "51763aa9bca84ad39b4f68dc596fda10", "position": {"x": 0.0, "y": 0.0}, "channel": 5}, "attempt": 1}
2026-09-13 00:14:01,718 INFO response {"request_id": "51763aa9bca84ad39b4f68dc596fda10", "http_status": 200, "body": {"accepted": true, "real_timestamp_ms": 1789229638652, "virtual_time_s": 29, "measure_result": "no_signal"}}
2026-09-13 00:14:01,733 INFO request {"path": "/measure", "payload": {"arena_id": "default", "robot_id": "202601002029", "request_id": "b052639a1bbc428eb81cc69f16756d01", "position": {"x": 0.0, "y": 0.0}, "channel": 6}, "attempt": 1}
2026-09-13 00:14:01,736 INFO response {"request_id": "b052639a1bbc428eb81cc69f16756d01", "http_status": 200, "body": {"accepted": true, "real_timestamp_ms": 1789229638670, "virtual_time_s": 35, "measure_result": "no_signal"}}
2026-09-13 00:14:01,767 INFO request {"path": "/measure", "payload": {"arena_id": "default", "robot_id": "202601002029", "request_id": "c2d22f31fe444015989c598d798c5f14", "position": {"x": 0.0, "y": 0.0}, "channel": 7}, "attempt": 1}
2026-09-13 00:14:01,770 INFO response {"request_id": "c2d22f31fe444015989c598d798c5f14", "http_status": 200, "body": {"accepted": true, "real_timestamp_ms": 1789229638704, "virtual_time_s": 41, "measure_result": "no_signal"}}
2026-09-13 00:14:01,786 INFO request {"path": "/measure", "payload": {"arena_id": "default", "robot_id": "202601002029", "request_id": "001471feba3748eba5889e575376d17d", "position": {"x": 0.0, "y": 0.0}, "channel": 8}, "attempt": 1}
2026-09-13 00:14:01,787 INFO response {"request_id": "001471feba3748eba5889e575376d17d", "http_status": 200, "body": {"accepted": true, "real_timestamp_ms": 1789229638722, "virtual_time_s": 47, "measure_result": "no_signal"}}
2026-09-13 00:14:01,818 INFO request {"path": "/measure", "payload": {"arena_id": "default", "robot_id": "202601002029", "request_id": "3848a7702ab5485eb6cd3aad6781a7c4", "position": {"x": 0.0, "y": 0.0}, "channel": 9}, "attempt": 1}
2026-09-13 00:14:01,820 INFO response {"request_id": "3848a7702ab5485eb6cd3aad6781a7c4", "http_status": 200, "body": {"accepted": true, "real_timestamp_ms": 1789229638754, "virtual_time_s": 53, "measure_result": "no_signal"}}
2026-09-13 00:14:01,850 INFO request {"path": "/measure", "payload": {"arena_id": "default", "robot_id": "202601002029", "request_id": "8843faf856cb43c0b19e59773f0294d5", "position": {"x": 0.0, "y": 0.0}, "channel": 10}, "attempt": 1}
2026-09-13 00:14:01,852 INFO response {"request_id": "8843faf856cb43c0b19e59773f0294d5", "http_status": 200, "body": {"accepted": true, "real_timestamp_ms": 1789229638786, "virtual_time_s": 59, "measure_result": "direction", "svd_deg": 178.24}}
2026-09-13 00:14:01,884 INFO request {"path": "/measure", "payload": {"arena_id": "default", "robot_id": "202601002029", "request_id": "4aceaab4da514de998ed35b04c45b73d", "position": {"x": 0.0, "y": 0.0}, "channel": 11}, "attempt": 1}
2026-09-13 00:14:01,885 INFO response {"request_id": "4aceaab4da514de998ed35b04c45b73d", "http_status": 200, "body": {"accepted": true, "real_timestamp_ms": 1789229638820, "virtual_time_s": 65, "measure_result": "no_signal"}}
2026-09-13 00:14:01,916 INFO request {"path": "/measure", "payload": {"arena_id": "default", "robot_id": "202601002029", "request_id": "74448cc075fa4bf78f6f0f12330a0252", "position": {"x": 0.0, "y": 0.0}, "channel": 12}, "attempt": 1}
2026-09-13 00:14:01,917 INFO response {"request_id": "74448cc075fa4bf78f6f0f12330a0252", "http_status": 200, "body": {"accepted": true, "real_timestamp_ms": 1789229638852, "virtual_time_s": 71, "measure_result": "no_signal"}}
2026-09-13 00:14:01,948 INFO request {"path": "/measure", "payload": {"arena_id": "default", "robot_id": "202601002029", "request_id": "22473b80bbbc49b8b57b90f6406ed514", "position": {"x": 0.0, "y": 0.0}, "channel": 13}, "attempt": 1}
2026-09-13 00:14:01,949 INFO response {"request_id": "22473b80bbbc49b8b57b90f6406ed514", "http_status": 200, "body": {"accepted": true, "real_timestamp_ms": 1789229638884, "virtual_time_s": 77, "measure_result": "no_signal"}}
2026-09-13 00:14:01,980 INFO request {"path": "/measure", "payload": {"arena_id": "default", "robot_id": "202601002029", "request_id": "dcf40178f4b24fe790ecfc4de7efeb13", "position": {"x": 0.0, "y": 0.0}, "channel": 14}, "attempt": 1}
2026-09-13 00:14:01,993 INFO response {"request_id": "dcf40178f4b24fe790ecfc4de7efeb13", "http_status": 200, "body": {"accepted": true, "real_timestamp_ms": 1789229638927, "virtual_time_s": 83, "measure_result": "no_signal"}}
2026-09-13 00:14:02,007 INFO request {"path": "/measure", "payload": {"arena_id": "default", "robot_id": "202601002029", "request_id": "845aa0bb245649429b6dbf216d03317a", "position": {"x": 0.0, "y": 0.0}, "channel": 15}, "attempt": 1}
2026-09-13 00:14:02,009 INFO response {"request_id": "845aa0bb245649429b6dbf216d03317a", "http_status": 200, "body": {"accepted": true, "real_timestamp_ms": 1789229638943, "virtual_time_s": 89, "measure_result": "no_signal"}}
2026-09-13 00:14:02,039 INFO request {"path": "/measure", "payload": {"arena_id": "default", "robot_id": "202601002029", "request_id": "45bb46dde69649138575b740d3660c23", "position": {"x": 0.0, "y": 0.0}, "channel": 16}, "attempt": 1}
2026-09-13 00:14:02,052 INFO response {"request_id": "45bb46dde69649138575b740d3660c23", "http_status": 200, "body": {"accepted": true, "real_timestamp_ms": 1789229638986, "virtual_time_s": 95, "measure_result": "no_signal"}}
2026-09-13 00:14:02,067 INFO request {"path": "/measure", "payload": {"arena_id": "default", "robot_id": "202601002029", "request_id": "27e1f5201f034b4b9da789bf4819d8e7", "position": {"x": 0.0, "y": 0.0}, "channel": 17}, "attempt": 1}
2026-09-13 00:14:02,068 INFO response {"request_id": "27e1f5201f034b4b9da789bf4819d8e7", "http_status": 200, "body": {"accepted": true, "real_timestamp_ms": 1789229639002, "virtual_time_s": 101, "measure_result": "direction", "svd_deg": 27.53}}
2026-09-13 00:14:02,100 INFO request {"path": "/measure", "payload": {"arena_id": "default", "robot_id": "202601002029", "request_id": "41f93846c5314ef7ad9e10b826ad4624", "position": {"x": 0.0, "y": 0.0}, "channel": 18}, "attempt": 1}
2026-09-13 00:14:02,102 INFO response {"request_id": "41f93846c5314ef7ad9e10b826ad4624", "http_status": 200, "body": {"accepted": true, "real_timestamp_ms": 1789229639036, "virtual_time_s": 107, "measure_result": "no_signal"}}
2026-09-13 00:14:02,133 INFO request {"path": "/measure", "payload": {"arena_id": "default", "robot_id": "202601002029", "request_id": "5e2cdcc2b3414ce79dc765a79cda73ae", "position": {"x": 0.0, "y": 0.0}, "channel": 19}, "attempt": 1}
2026-09-13 00:14:02,135 INFO response {"request_id": "5e2cdcc2b3414ce79dc765a79cda73ae", "http_status": 200, "body": {"accepted": true, "real_timestamp_ms": 1789229639070, "virtual_time_s": 113, "measure_result": "no_signal"}}
2026-09-13 00:14:02,166 INFO request {"path": "/measure", "payload": {"arena_id": "default", "robot_id": "202601002029", "request_id": "f9c645eee2874fcda62d612bee9a088c", "position": {"x": 0.0, "y": 0.0}, "channel": 20}, "attempt": 1}
2026-09-13 00:14:02,181 INFO response {"request_id": "f9c645eee2874fcda62d612bee9a088c", "http_status": 200, "body": {"accepted": true, "real_timestamp_ms": 1789229639115, "virtual_time_s": 119, "measure_result": "no_signal"}}
2026-09-13 00:14:02,590 INFO request {"path": "/measure", "payload": {"arena_id": "default", "robot_id": "202601002029", "request_id": "f38cfd855a8645308f48c5ac799067ba", "position": {"x": 848.7048957087496, "y": -490.00000000000045}, "channel": 20}, "attempt": 1}
2026-09-13 00:14:02,606 INFO response {"request_id": "f38cfd855a8645308f48c5ac799067ba", "http_status": 200, "body": {"accepted": true, "real_timestamp_ms": 1789229639540, "virtual_time_s": 320, "measure_result": "no_signal"}}
2026-09-13 00:14:02,621 INFO request {"path": "/measure", "payload": {"arena_id": "default", "robot_id": "202601002029", "request_id": "9e17855cd8f44992ab1cf1266fae534c", "position": {"x": 848.7048957087496, "y": -490.00000000000045}, "channel": 2}, "attempt": 1}
2026-09-13 00:14:02,622 INFO response {"request_id": "9e17855cd8f44992ab1cf1266fae534c", "http_status": 200, "body": {"accepted": true, "real_timestamp_ms": 1789229639557, "virtual_time_s": 326, "measure_result": "no_signal"}}
2026-09-13 00:14:02,653 INFO request {"path": "/measure", "payload": {"arena_id": "default", "robot_id": "202601002029", "request_id": "02c14fd5197b4a1f8d6a2453ed4dfb07", "position": {"x": 848.7048957087496, "y": -490.00000000000045}, "channel": 4}, "attempt": 1}
2026-09-13 00:14:02,665 INFO response {"request_id": "02c14fd5197b4a1f8d6a2453ed4dfb07", "http_status": 200, "body": {"accepted": true, "real_timestamp_ms": 1789229639600, "virtual_time_s": 332, "measure_result": "no_signal"}}
2026-09-13 00:14:02,680 INFO request {"path": "/measure", "payload": {"arena_id": "default", "robot_id": "202601002029", "request_id": "9eecf98871c446dd920a81b0544e6eda", "position": {"x": 848.7048957087496, "y": -490.00000000000045}, "channel": 5}, "attempt": 1}
2026-09-13 00:14:02,694 INFO response {"request_id": "9eecf98871c446dd920a81b0544e6eda", "http_status": 200, "body": {"accepted": true, "real_timestamp_ms": 1789229639629, "virtual_time_s": 338, "measure_result": "no_signal"}}
2026-09-13 00:14:02,710 INFO request {"path": "/measure", "payload": {"arena_id": "default", "robot_id": "202601002029", "request_id": "8e782c9035ba45ad99bd4278407a1c38", "position": {"x": 848.7048957087496, "y": -490.00000000000045}, "channel": 6}, "attempt": 1}
2026-09-13 00:14:02,725 INFO response {"request_id": "8e782c9035ba45ad99bd4278407a1c38", "http_status": 200, "body": {"accepted": true, "real_timestamp_ms": 1789229639659, "virtual_time_s": 344, "measure_result": "no_signal"}}
2026-09-13 00:14:02,741 INFO request {"path": "/measure", "payload": {"arena_id": "default", "robot_id": "202601002029", "request_id": "caad408fb27348b2877453c6280f7e6c", "position": {"x": 848.7048957087496, "y": -490.00000000000045}, "channel": 7}, "attempt": 1}
2026-09-13 00:14:02,744 INFO response {"request_id": "caad408fb27348b2877453c6280f7e6c", "http_status": 200, "body": {"accepted": true, "real_timestamp_ms": 1789229639678, "virtual_time_s": 350, "measure_result": "no_signal"}}
2026-09-13 00:14:02,776 INFO request {"path": "/measure", "payload": {"arena_id": "default", "robot_id": "202601002029", "request_id": "c33bc83beffa4248a8699d8708c8124b", "position": {"x": 848.7048957087496, "y": -490.00000000000045}, "channel": 8}, "attempt": 1}
2026-09-13 00:14:02,792 INFO response {"request_id": "c33bc83beffa4248a8699d8708c8124b", "http_status": 200, "body": {"accepted": true, "real_timestamp_ms": 1789229639726, "virtual_time_s": 356, "measure_result": "direction", "svd_deg": 241.44}}
2026-09-13 00:14:02,812 INFO request {"path": "/measure", "payload": {"arena_id": "default", "robot_id": "202601002029", "request_id": "6314e052b16840e3ab8420e3f5992bb1", "position": {"x": 848.7048957087496, "y": -490.00000000000045}, "channel": 9}, "attempt": 1}
2026-09-13 00:14:02,831 INFO response {"request_id": "6314e052b16840e3ab8420e3f5992bb1", "http_status": 200, "body": {"accepted": true, "real_timestamp_ms": 1789229639766, "virtual_time_s": 362, "measure_result": "no_signal"}}
2026-09-13 00:14:02,847 INFO request {"path": "/measure", "payload": {"arena_id": "default", "robot_id": "202601002029", "request_id": "50cf64b38b044900a0920812480bc55c", "position": {"x": 848.7048957087496, "y": -490.00000000000045}, "channel": 11}, "attempt": 1}
2026-09-13 00:14:02,848 INFO response {"request_id": "50cf64b38b044900a0920812480bc55c", "http_status": 200, "body": {"accepted": true, "real_timestamp_ms": 1789229639783, "virtual_time_s": 368, "measure_result": "no_signal"}}
2026-09-13 00:14:02,879 INFO request {"path": "/measure", "payload": {"arena_id": "default", "robot_id": "202601002029", "request_id": "2ef4f3f49f2943debbb38b266073e34c", "position": {"x": 848.7048957087496, "y": -490.00000000000045}, "channel": 12}, "attempt": 1}
2026-09-13 00:14:02,880 INFO response {"request_id": "2ef4f3f49f2943debbb38b266073e34c", "http_status": 200, "body": {"accepted": true, "real_timestamp_ms": 1789229639815, "virtual_time_s": 374, "measure_result": "direction", "svd_deg": 255.05}}
2026-09-13 00:14:02,913 INFO request {"path": "/measure", "payload": {"arena_id": "default", "robot_id": "202601002029", "request_id": "eccdc4f0ee9a4b31aa6405c6a45372e9", "position": {"x": 848.7048957087496, "y": -490.00000000000045}, "channel": 13}, "attempt": 1}
2026-09-13 00:14:02,915 INFO response {"request_id": "eccdc4f0ee9a4b31aa6405c6a45372e9", "http_status": 200, "body": {"accepted": true, "real_timestamp_ms": 1789229639849, "virtual_time_s": 380, "measure_result": "direction", "svd_deg": 218.1}}
2026-09-13 00:14:02,948 INFO request {"path": "/measure", "payload": {"arena_id": "default", "robot_id": "202601002029", "request_id": "ad73d40e65b548a2919eb4f2341328af", "position": {"x": 848.7048957087496, "y": -490.00000000000045}, "channel": 14}, "attempt": 1}
2026-09-13 00:14:02,949 INFO response {"request_id": "ad73d40e65b548a2919eb4f2341328af", "http_status": 200, "body": {"accepted": true, "real_timestamp_ms": 1789229639884, "virtual_time_s": 386, "measure_result": "no_signal"}}
2026-09-13 00:14:02,980 INFO request {"path": "/measure", "payload": {"arena_id": "default", "robot_id": "202601002029", "request_id": "3d5ea54ba70e445b95a479e039890337", "position": {"x": 848.7048957087496, "y": -490.00000000000045}, "channel": 15}, "attempt": 1}
2026-09-13 00:14:02,981 INFO response {"request_id": "3d5ea54ba70e445b95a479e039890337", "http_status": 200, "body": {"accepted": true, "real_timestamp_ms": 1789229639915, "virtual_time_s": 392, "measure_result": "no_signal"}}
2026-09-13 00:14:03,011 INFO request {"path": "/measure", "payload": {"arena_id": "default", "robot_id": "202601002029", "request_id": "54910e58fe47497bab3369d22ba21ebd", "position": {"x": 848.7048957087496, "y": -490.00000000000045}, "channel": 16}, "attempt": 1}
2026-09-13 00:14:03,012 INFO response {"request_id": "54910e58fe47497bab3369d22ba21ebd", "http_status": 200, "body": {"accepted": true, "real_timestamp_ms": 1789229639947, "virtual_time_s": 398, "measure_result": "no_signal"}}
2026-09-13 00:14:03,042 INFO request {"path": "/measure", "payload": {"arena_id": "default", "robot_id": "202601002029", "request_id": "fc8555818b754269a08b6a119ec4aef3", "position": {"x": 848.7048957087496, "y": -490.00000000000045}, "channel": 18}, "attempt": 1}
2026-09-13 00:14:03,044 INFO response {"request_id": "fc8555818b754269a08b6a119ec4aef3", "http_status": 200, "body": {"accepted": true, "real_timestamp_ms": 1789229639978, "virtual_time_s": 404, "measure_result": "no_signal"}}
2026-09-13 00:14:03,074 INFO request {"path": "/measure", "payload": {"arena_id": "default", "robot_id": "202601002029", "request_id": "a2c988003a0e4f05ae4e97bcf25133d8", "position": {"x": 848.7048957087496, "y": -490.00000000000045}, "channel": 19}, "attempt": 1}
2026-09-13 00:14:03,096 INFO response {"request_id": "a2c988003a0e4f05ae4e97bcf25133d8", "http_status": 200, "body": {"accepted": true, "real_timestamp_ms": 1789229640030, "virtual_time_s": 410, "measure_result": "no_signal"}}
2026-09-13 00:14:03,119 INFO request {"path": "/measure", "payload": {"arena_id": "default", "robot_id": "202601002029", "request_id": "fe806d05892a4449928c9dd6f3455bd2", "position": {"x": 848.7048957087496, "y": -490.00000000000045}, "channel": 17}, "attempt": 1}
2026-09-13 00:14:03,134 INFO response {"request_id": "fe806d05892a4449928c9dd6f3455bd2", "http_status": 200, "body": {"accepted": true, "real_timestamp_ms": 1789229640069, "virtual_time_s": 416, "measure_result": "direction", "svd_deg": 127.74}}
2026-09-13 00:14:03,151 INFO request {"path": "/measure", "payload": {"arena_id": "default", "robot_id": "202601002029", "request_id": "e2c224ad22f8427ba646e3749fde2c60", "position": {"x": 848.7048957087496, "y": -490.00000000000045}, "channel": 1}, "attempt": 1}
2026-09-13 00:14:03,153 INFO response {"request_id": "e2c224ad22f8427ba646e3749fde2c60", "http_status": 200, "body": {"accepted": true, "real_timestamp_ms": 1789229640087, "virtual_time_s": 422, "measure_result": "direction", "svd_deg": 171.55}}
2026-09-13 00:14:04,019 INFO request {"path": "/measure", "payload": {"arena_id": "default", "robot_id": "202601002029", "request_id": "3028f9e69cd44d6491c4b3049d0553f4", "position": {"x": 489.9999999999994, "y": -848.7048957087503}, "channel": 2}, "attempt": 1}
2026-09-13 00:14:04,021 INFO response {"request_id": "3028f9e69cd44d6491c4b3049d0553f4", "http_status": 200, "body": {"accepted": true, "real_timestamp_ms": 1789229640956, "virtual_time_s": 529.457066, "measure_result": "no_signal"}}
2026-09-13 00:14:04,052 INFO request {"path": "/measure", "payload": {"arena_id": "default", "robot_id": "202601002029", "request_id": "7a1adf83cd4d478a95563fb63683b262", "position": {"x": 489.9999999999994, "y": -848.7048957087503}, "channel": 4}, "attempt": 1}
2026-09-13 00:14:04,070 INFO response {"request_id": "7a1adf83cd4d478a95563fb63683b262", "http_status": 200, "body": {"accepted": true, "real_timestamp_ms": 1789229641004, "virtual_time_s": 535.457066, "measure_result": "no_signal"}}
2026-09-13 00:14:04,086 INFO request {"path": "/measure", "payload": {"arena_id": "default", "robot_id": "202601002029", "request_id": "d9b5a4884f4242949aa492cdf1988a42", "position": {"x": 489.9999999999994, "y": -848.7048957087503}, "channel": 5}, "attempt": 1}
2026-09-13 00:14:04,098 INFO response {"request_id": "d9b5a4884f4242949aa492cdf1988a42", "http_status": 200, "body": {"accepted": true, "real_timestamp_ms": 1789229641033, "virtual_time_s": 541.457066, "measure_result": "no_signal"}}
2026-09-13 00:14:04,114 INFO request {"path": "/measure", "payload": {"arena_id": "default", "robot_id": "202601002029", "request_id": "e1dc31e3c7d74f24ab26b18706e4138e", "position": {"x": 489.9999999999994, "y": -848.7048957087503}, "channel": 6}, "attempt": 1}
2026-09-13 00:14:04,128 INFO response {"request_id": "e1dc31e3c7d74f24ab26b18706e4138e", "http_status": 200, "body": {"accepted": true, "real_timestamp_ms": 1789229641062, "virtual_time_s": 547.457066, "measure_result": "no_signal"}}
2026-09-13 00:14:04,159 INFO request {"path": "/measure", "payload": {"arena_id": "default", "robot_id": "202601002029", "request_id": "bc64a18bf9694cf8853c327358aa70c9", "position": {"x": 489.9999999999994, "y": -848.7048957087503}, "channel": 7}, "attempt": 1}
2026-09-13 00:14:04,177 INFO response {"request_id": "bc64a18bf9694cf8853c327358aa70c9", "http_status": 200, "body": {"accepted": true, "real_timestamp_ms": 1789229641111, "virtual_time_s": 553.457066, "measure_result": "no_signal"}}
2026-09-13 00:14:04,177 INFO request {"path": "/measure", "payload": {"arena_id": "default", "robot_id": "202601002029", "request_id": "61b7bec5fe2f4da2a0cc842977967322", "position": {"x": 489.9999999999994, "y": -848.7048957087503}, "channel": 9}, "attempt": 1}
2026-09-13 00:14:04,177 INFO response {"request_id": "61b7bec5fe2f4da2a0cc842977967322", "http_status": 200, "body": {"accepted": true, "real_timestamp_ms": 1789229641112, "virtual_time_s": 559.457066, "measure_result": "no_signal"}}
2026-09-13 00:14:04,208 INFO request {"path": "/measure", "payload": {"arena_id": "default", "robot_id": "202601002029", "request_id": "3c92de4856c74af49631b98026aad780", "position": {"x": 489.9999999999994, "y": -848.7048957087503}, "channel": 11}, "attempt": 1}
2026-09-13 00:14:04,209 INFO response {"request_id": "3c92de4856c74af49631b98026aad780", "http_status": 200, "body": {"accepted": true, "real_timestamp_ms": 1789229641144, "virtual_time_s": 565.457066, "measure_result": "no_signal"}}
2026-09-13 00:14:04,240 INFO request {"path": "/measure", "payload": {"arena_id": "default", "robot_id": "202601002029", "request_id": "3950ea15ff154715ae9398bcb8578c1b", "position": {"x": 489.9999999999994, "y": -848.7048957087503}, "channel": 14}, "attempt": 1}
2026-09-13 00:14:04,241 INFO response {"request_id": "3950ea15ff154715ae9398bcb8578c1b", "http_status": 200, "body": {"accepted": true, "real_timestamp_ms": 1789229641176, "virtual_time_s": 571.457066, "measure_result": "no_signal"}}
2026-09-13 00:14:04,272 INFO request {"path": "/measure", "payload": {"arena_id": "default", "robot_id": "202601002029", "request_id": "7eea835b642d4b8db9dffaf74ba534a6", "position": {"x": 489.9999999999994, "y": -848.7048957087503}, "channel": 15}, "attempt": 1}
2026-09-13 00:14:04,284 INFO response {"request_id": "7eea835b642d4b8db9dffaf74ba534a6", "http_status": 200, "body": {"accepted": true, "real_timestamp_ms": 1789229641219, "virtual_time_s": 577.457066, "measure_result": "no_signal"}}
2026-09-13 00:14:04,299 INFO request {"path": "/measure", "payload": {"arena_id": "default", "robot_id": "202601002029", "request_id": "ec7cc7a7614948bdad75607ebc54571f", "position": {"x": 489.9999999999994, "y": -848.7048957087503}, "channel": 16}, "attempt": 1}
2026-09-13 00:14:04,301 INFO response {"request_id": "ec7cc7a7614948bdad75607ebc54571f", "http_status": 200, "body": {"accepted": true, "real_timestamp_ms": 1789229641235, "virtual_time_s": 583.457066, "measure_result": "no_signal"}}
2026-09-13 00:14:04,316 INFO request {"path": "/measure", "payload": {"arena_id": "default", "robot_id": "202601002029", "request_id": "af22bbd38d174aafa4c15a3caf08da4d", "position": {"x": 489.9999999999994, "y": -848.7048957087503}, "channel": 18}, "attempt": 1}
2026-09-13 00:14:04,317 INFO response {"request_id": "af22bbd38d174aafa4c15a3caf08da4d", "http_status": 200, "body": {"accepted": true, "real_timestamp_ms": 1789229641252, "virtual_time_s": 589.457066, "measure_result": "no_signal"}}
2026-09-13 00:14:04,349 INFO request {"path": "/measure", "payload": {"arena_id": "default", "robot_id": "202601002029", "request_id": "4edee2cca8c14fa18a38ee853e27d3c5", "position": {"x": 489.9999999999994, "y": -848.7048957087503}, "channel": 19}, "attempt": 1}
2026-09-13 00:14:04,350 INFO response {"request_id": "4edee2cca8c14fa18a38ee853e27d3c5", "http_status": 200, "body": {"accepted": true, "real_timestamp_ms": 1789229641285, "virtual_time_s": 595.457066, "measure_result": "no_signal"}}
2026-09-13 00:14:04,382 INFO request {"path": "/measure", "payload": {"arena_id": "default", "robot_id": "202601002029", "request_id": "d46eb9bf8e1f4236be6e07bee66add46", "position": {"x": 489.9999999999994, "y": -848.7048957087503}, "channel": 20}, "attempt": 1}
2026-09-13 00:14:04,394 INFO response {"request_id": "d46eb9bf8e1f4236be6e07bee66add46", "http_status": 200, "body": {"accepted": true, "real_timestamp_ms": 1789229641328, "virtual_time_s": 601.457066, "measure_result": "direction", "svd_deg": 205.28}}
2026-09-13 00:14:04,436 INFO request {"path": "/measure", "payload": {"arena_id": "default", "robot_id": "202601002029", "request_id": "de6c456fd084469fa99deeaae27500da", "position": {"x": 489.9999999999994, "y": -848.7048957087503}, "channel": 13}, "attempt": 1}
2026-09-13 00:14:04,452 INFO response {"request_id": "de6c456fd084469fa99deeaae27500da", "http_status": 200, "body": {"accepted": true, "real_timestamp_ms": 1789229641387, "virtual_time_s": 607.457066, "measure_result": "direction", "svd_deg": 203.09}}
2026-09-13 00:14:04,471 INFO request {"path": "/measure", "payload": {"arena_id": "default", "robot_id": "202601002029", "request_id": "c1e7aa31d496423aa1ff11f63a249feb", "position": {"x": 489.9999999999994, "y": -848.7048957087503}, "channel": 8}, "attempt": 1}
2026-09-13 00:14:04,472 INFO response {"request_id": "c1e7aa31d496423aa1ff11f63a249feb", "http_status": 200, "body": {"accepted": true, "real_timestamp_ms": 1789229641407, "virtual_time_s": 613.457066, "measure_result": "direction", "svd_deg": 278.51}}
2026-09-13 00:14:04,491 INFO request {"path": "/measure", "payload": {"arena_id": "default", "robot_id": "202601002029", "request_id": "0f7818c16e0b43ac9af15dfc5e3c98f3", "position": {"x": 489.9999999999994, "y": -848.7048957087503}, "channel": 12}, "attempt": 1}
2026-09-13 00:14:04,502 INFO response {"request_id": "0f7818c16e0b43ac9af15dfc5e3c98f3", "http_status": 200, "body": {"accepted": true, "real_timestamp_ms": 1789229641436, "virtual_time_s": 619.457066, "measure_result": "direction", "svd_deg": 272.14}}
2026-09-13 00:14:05,625 INFO request {"path": "/measure", "payload": {"arena_id": "default", "robot_id": "202601002029", "request_id": "8d46b37cf3fd4f749adfe55947092195", "position": {"x": -1.8002307947466092e-13, "y": -980.0}, "channel": 2}, "attempt": 1}
2026-09-13 00:14:05,642 INFO response {"request_id": "8d46b37cf3fd4f749adfe55947092195", "http_status": 200, "body": {"accepted": true, "real_timestamp_ms": 1789229642577, "virtual_time_s": 726.914132, "measure_result": "no_signal"}}
2026-09-13 00:14:05,657 INFO request {"path": "/measure", "payload": {"arena_id": "default", "robot_id": "202601002029", "request_id": "d464c67ec2a0416b916f262194b6e92f", "position": {"x": -1.8002307947466092e-13, "y": -980.0}, "channel": 4}, "attempt": 1}
2026-09-13 00:14:05,672 INFO response {"request_id": "d464c67ec2a0416b916f262194b6e92f", "http_status": 200, "body": {"accepted": true, "real_timestamp_ms": 1789229642606, "virtual_time_s": 732.914132, "measure_result": "no_signal"}}
2026-09-13 00:14:05,687 INFO request {"path": "/measure", "payload": {"arena_id": "default", "robot_id": "202601002029", "request_id": "4b6e8140e2ea41bca46c38f25e57df02", "position": {"x": -1.8002307947466092e-13, "y": -980.0}, "channel": 5}, "attempt": 1}
2026-09-13 00:14:05,689 INFO response {"request_id": "4b6e8140e2ea41bca46c38f25e57df02", "http_status": 200, "body": {"accepted": true, "real_timestamp_ms": 1789229642623, "virtual_time_s": 738.914132, "measure_result": "no_signal"}}
2026-09-13 00:14:05,720 INFO request {"path": "/measure", "payload": {"arena_id": "default", "robot_id": "202601002029", "request_id": "99bb84e446b344edacb2e542d316d715", "position": {"x": -1.8002307947466092e-13, "y": -980.0}, "channel": 6}, "attempt": 1}
2026-09-13 00:14:05,722 INFO response {"request_id": "99bb84e446b344edacb2e542d316d715", "http_status": 200, "body": {"accepted": true, "real_timestamp_ms": 1789229642656, "virtual_time_s": 744.914132, "measure_result": "no_signal"}}
2026-09-13 00:14:05,738 INFO request {"path": "/measure", "payload": {"arena_id": "default", "robot_id": "202601002029", "request_id": "eda60f7f0a6543cdade6531bf2dd5b42", "position": {"x": -1.8002307947466092e-13, "y": -980.0}, "channel": 7}, "attempt": 1}
2026-09-13 00:14:05,741 INFO response {"request_id": "eda60f7f0a6543cdade6531bf2dd5b42", "http_status": 200, "body": {"accepted": true, "real_timestamp_ms": 1789229642674, "virtual_time_s": 750.914132, "measure_result": "no_signal"}}
2026-09-13 00:14:05,771 INFO request {"path": "/measure", "payload": {"arena_id": "default", "robot_id": "202601002029", "request_id": "6fbcbde013c14b9daa3f8747d13dc65e", "position": {"x": -1.8002307947466092e-13, "y": -980.0}, "channel": 9}, "attempt": 1}
2026-09-13 00:14:05,790 INFO response {"request_id": "6fbcbde013c14b9daa3f8747d13dc65e", "http_status": 200, "body": {"accepted": true, "real_timestamp_ms": 1789229642723, "virtual_time_s": 756.914132, "measure_result": "no_signal"}}
2026-09-13 00:14:05,804 INFO request {"path": "/measure", "payload": {"arena_id": "default", "robot_id": "202601002029", "request_id": "2c9691939c8247058439e3f361bdaaac", "position": {"x": -1.8002307947466092e-13, "y": -980.0}, "channel": 11}, "attempt": 1}
2026-09-13 00:14:05,819 INFO response {"request_id": "2c9691939c8247058439e3f361bdaaac", "http_status": 200, "body": {"accepted": true, "real_timestamp_ms": 1789229642753, "virtual_time_s": 762.914132, "measure_result": "no_signal"}}
2026-09-13 00:14:05,835 INFO request {"path": "/measure", "payload": {"arena_id": "default", "robot_id": "202601002029", "request_id": "7cbacb843b0d4df5aded0c7fde10ee72", "position": {"x": -1.8002307947466092e-13, "y": -980.0}, "channel": 14}, "attempt": 1}
2026-09-13 00:14:05,849 INFO response {"request_id": "7cbacb843b0d4df5aded0c7fde10ee72", "http_status": 200, "body": {"accepted": true, "real_timestamp_ms": 1789229642783, "virtual_time_s": 768.914132, "measure_result": "no_signal"}}
2026-09-13 00:14:05,865 INFO request {"path": "/measure", "payload": {"arena_id": "default", "robot_id": "202601002029", "request_id": "03e686700a84498aab27d4b4c19174f6", "position": {"x": -1.8002307947466092e-13, "y": -980.0}, "channel": 15}, "attempt": 1}
2026-09-13 00:14:05,867 INFO response {"request_id": "03e686700a84498aab27d4b4c19174f6", "http_status": 200, "body": {"accepted": true, "real_timestamp_ms": 1789229642801, "virtual_time_s": 774.914132, "measure_result": "no_signal"}}
2026-09-13 00:14:05,898 INFO request {"path": "/measure", "payload": {"arena_id": "default", "robot_id": "202601002029", "request_id": "c04525d934214a9081e49a82101cbdb7", "position": {"x": -1.8002307947466092e-13, "y": -980.0}, "channel": 16}, "attempt": 1}
2026-09-13 00:14:05,901 INFO response {"request_id": "c04525d934214a9081e49a82101cbdb7", "http_status": 200, "body": {"accepted": true, "real_timestamp_ms": 1789229642835, "virtual_time_s": 780.914132, "measure_result": "no_signal"}}
2026-09-13 00:14:05,932 INFO request {"path": "/measure", "payload": {"arena_id": "default", "robot_id": "202601002029", "request_id": "827b587634d14b83936dbd38084ab3e1", "position": {"x": -1.8002307947466092e-13, "y": -980.0}, "channel": 18}, "attempt": 1}
2026-09-13 00:14:05,945 INFO response {"request_id": "827b587634d14b83936dbd38084ab3e1", "http_status": 200, "body": {"accepted": true, "real_timestamp_ms": 1789229642879, "virtual_time_s": 786.914132, "measure_result": "no_signal"}}
2026-09-13 00:14:05,961 INFO request {"path": "/measure", "payload": {"arena_id": "default", "robot_id": "202601002029", "request_id": "4a744009f02149f7a6193728a374daff", "position": {"x": -1.8002307947466092e-13, "y": -980.0}, "channel": 19}, "attempt": 1}
2026-09-13 00:14:05,974 INFO response {"request_id": "4a744009f02149f7a6193728a374daff", "http_status": 200, "body": {"accepted": true, "real_timestamp_ms": 1789229642908, "virtual_time_s": 792.914132, "measure_result": "no_signal"}}
2026-09-13 00:14:06,066 INFO request {"path": "/measure", "payload": {"arena_id": "default", "robot_id": "202601002029", "request_id": "599c23f327bc45998eb0cda479ef137a", "position": {"x": -1.8002307947466092e-13, "y": -980.0}, "channel": 8}, "attempt": 1}
2026-09-13 00:14:06,068 INFO response {"request_id": "599c23f327bc45998eb0cda479ef137a", "http_status": 200, "body": {"accepted": true, "real_timestamp_ms": 1789229643003, "virtual_time_s": 798.914132, "measure_result": "direction", "svd_deg": 350.29}}
2026-09-13 00:14:06,102 INFO request {"path": "/measure", "payload": {"arena_id": "default", "robot_id": "202601002029", "request_id": "4be4e28d0c1346f8b6ce1fd26b8d6e06", "position": {"x": -1.8002307947466092e-13, "y": -980.0}, "channel": 20}, "attempt": 1}
2026-09-13 00:14:06,104 INFO response {"request_id": "4be4e28d0c1346f8b6ce1fd26b8d6e06", "http_status": 200, "body": {"accepted": true, "real_timestamp_ms": 1789229643038, "virtual_time_s": 804.914132, "measure_result": "no_signal"}}
2026-09-13 00:14:06,135 INFO request {"path": "/measure", "payload": {"arena_id": "default", "robot_id": "202601002029", "request_id": "379922d070f24c5194df62b24dbc7185", "position": {"x": -1.8002307947466092e-13, "y": -980.0}, "channel": 12}, "attempt": 1}
2026-09-13 00:14:06,152 INFO response {"request_id": "379922d070f24c5194df62b24dbc7185", "http_status": 200, "body": {"accepted": true, "real_timestamp_ms": 1789229643086, "virtual_time_s": 810.914132, "measure_result": "direction", "svd_deg": 308.1}}
2026-09-13 00:14:07,078 INFO request {"path": "/measure", "payload": {"arena_id": "default", "robot_id": "202601002029", "request_id": "0ed590a8ce96400181c07eda824d4e27", "position": {"x": 482.84444476088225, "y": -1802.0000000000002}, "channel": 2}, "attempt": 1}
2026-09-13 00:14:07,079 INFO response {"request_id": "0ed590a8ce96400181c07eda824d4e27", "http_status": 200, "body": {"accepted": true, "real_timestamp_ms": 1789229644014, "virtual_time_s": 1007.578524, "measure_result": "no_signal"}}
2026-09-13 00:14:07,110 INFO request {"path": "/measure", "payload": {"arena_id": "default", "robot_id": "202601002029", "request_id": "3e87fdb62fb84537bc54c802e3f1a84b", "position": {"x": 482.84444476088225, "y": -1802.0000000000002}, "channel": 4}, "attempt": 1}
2026-09-13 00:14:07,127 INFO response {"request_id": "3e87fdb62fb84537bc54c802e3f1a84b", "http_status": 200, "body": {"accepted": true, "real_timestamp_ms": 1789229644062, "virtual_time_s": 1013.578524, "measure_result": "no_signal"}}
2026-09-13 00:14:07,144 INFO request {"path": "/measure", "payload": {"arena_id": "default", "robot_id": "202601002029", "request_id": "42e4338ef7304616b0c022f7cfb9b1a5", "position": {"x": 482.84444476088225, "y": -1802.0000000000002}, "channel": 5}, "attempt": 1}
2026-09-13 00:14:07,157 INFO response {"request_id": "42e4338ef7304616b0c022f7cfb9b1a5", "http_status": 200, "body": {"accepted": true, "real_timestamp_ms": 1789229644091, "virtual_time_s": 1019.578524, "measure_result": "no_signal"}}
2026-09-13 00:14:07,172 INFO request {"path": "/measure", "payload": {"arena_id": "default", "robot_id": "202601002029", "request_id": "85adeb64b19f43159949d0ae5b75a978", "position": {"x": 482.84444476088225, "y": -1802.0000000000002}, "channel": 6}, "attempt": 1}
2026-09-13 00:14:07,186 INFO response {"request_id": "85adeb64b19f43159949d0ae5b75a978", "http_status": 200, "body": {"accepted": true, "real_timestamp_ms": 1789229644120, "virtual_time_s": 1025.578524, "measure_result": "no_signal"}}
2026-09-13 00:14:07,201 INFO request {"path": "/measure", "payload": {"arena_id": "default", "robot_id": "202601002029", "request_id": "52ab32acbc6d4d68b82f7680f31c1610", "position": {"x": 482.84444476088225, "y": -1802.0000000000002}, "channel": 7}, "attempt": 1}
2026-09-13 00:14:07,215 INFO response {"request_id": "52ab32acbc6d4d68b82f7680f31c1610", "http_status": 200, "body": {"accepted": true, "real_timestamp_ms": 1789229644150, "virtual_time_s": 1031.578524, "measure_result": "no_signal"}}
2026-09-13 00:14:07,230 INFO request {"path": "/measure", "payload": {"arena_id": "default", "robot_id": "202601002029", "request_id": "75d20309443e4f5b9460b7ed17dcf5d3", "position": {"x": 482.84444476088225, "y": -1802.0000000000002}, "channel": 9}, "attempt": 1}
2026-09-13 00:14:07,244 INFO response {"request_id": "75d20309443e4f5b9460b7ed17dcf5d3", "http_status": 200, "body": {"accepted": true, "real_timestamp_ms": 1789229644178, "virtual_time_s": 1037.578524, "measure_result": "no_signal"}}
2026-09-13 00:14:07,259 INFO request {"path": "/measure", "payload": {"arena_id": "default", "robot_id": "202601002029", "request_id": "68004ebf7d3b49799d6b8c32dd97753e", "position": {"x": 482.84444476088225, "y": -1802.0000000000002}, "channel": 11}, "attempt": 1}
2026-09-13 00:14:07,273 INFO response {"request_id": "68004ebf7d3b49799d6b8c32dd97753e", "http_status": 200, "body": {"accepted": true, "real_timestamp_ms": 1789229644207, "virtual_time_s": 1043.578524, "measure_result": "no_signal"}}
2026-09-13 00:14:07,289 INFO request {"path": "/measure", "payload": {"arena_id": "default", "robot_id": "202601002029", "request_id": "086fedbc042e4a17818c131166a947b0", "position": {"x": 482.84444476088225, "y": -1802.0000000000002}, "channel": 14}, "attempt": 1}
2026-09-13 00:14:07,302 INFO response {"request_id": "086fedbc042e4a17818c131166a947b0", "http_status": 200, "body": {"accepted": true, "real_timestamp_ms": 1789229644236, "virtual_time_s": 1049.578524, "measure_result": "no_signal"}}
2026-09-13 00:14:07,317 INFO request {"path": "/measure", "payload": {"arena_id": "default", "robot_id": "202601002029", "request_id": "f7c5d4c156a1415fa635d711b05d5485", "position": {"x": 482.84444476088225, "y": -1802.0000000000002}, "channel": 15}, "attempt": 1}
2026-09-13 00:14:07,331 INFO response {"request_id": "f7c5d4c156a1415fa635d711b05d5485", "http_status": 200, "body": {"accepted": true, "real_timestamp_ms": 1789229644266, "virtual_time_s": 1055.578524, "measure_result": "no_signal"}}
2026-09-13 00:14:07,347 INFO request {"path": "/measure", "payload": {"arena_id": "default", "robot_id": "202601002029", "request_id": "fa75d220c9a142c7a962d01057386d43", "position": {"x": 482.84444476088225, "y": -1802.0000000000002}, "channel": 16}, "attempt": 1}
2026-09-13 00:14:07,361 INFO response {"request_id": "fa75d220c9a142c7a962d01057386d43", "http_status": 200, "body": {"accepted": true, "real_timestamp_ms": 1789229644295, "virtual_time_s": 1061.578524, "measure_result": "no_signal"}}
2026-09-13 00:14:07,377 INFO request {"path": "/measure", "payload": {"arena_id": "default", "robot_id": "202601002029", "request_id": "bda1cfb70a4545068f5b35a110924a5c", "position": {"x": 482.84444476088225, "y": -1802.0000000000002}, "channel": 18}, "attempt": 1}
2026-09-13 00:14:07,379 INFO response {"request_id": "bda1cfb70a4545068f5b35a110924a5c", "http_status": 200, "body": {"accepted": true, "real_timestamp_ms": 1789229644313, "virtual_time_s": 1067.578524, "measure_result": "no_signal"}}
2026-09-13 00:14:07,394 INFO request {"path": "/measure", "payload": {"arena_id": "default", "robot_id": "202601002029", "request_id": "be3db1bf666b4db997b9bb1379486674", "position": {"x": 482.84444476088225, "y": -1802.0000000000002}, "channel": 19}, "attempt": 1}
2026-09-13 00:14:07,410 INFO response {"request_id": "be3db1bf666b4db997b9bb1379486674", "http_status": 200, "body": {"accepted": true, "real_timestamp_ms": 1789229644344, "virtual_time_s": 1073.578524, "measure_result": "no_signal"}}
2026-09-13 00:14:07,482 INFO request {"path": "/measure", "payload": {"arena_id": "default", "robot_id": "202601002029", "request_id": "e482f2a6d6324d29bcfa486e91f8492a", "position": {"x": 482.84444476088225, "y": -1802.0000000000002}, "channel": 13}, "attempt": 1}
2026-09-13 00:14:07,501 INFO response {"request_id": "e482f2a6d6324d29bcfa486e91f8492a", "http_status": 200, "body": {"accepted": true, "real_timestamp_ms": 1789229644435, "virtual_time_s": 1079.578524, "measure_result": "direction", "svd_deg": 105.86}}
2026-09-13 00:14:07,511 INFO request {"path": "/measure", "payload": {"arena_id": "default", "robot_id": "202601002029", "request_id": "36a700cbc7c04d77b415c9552a3fe076", "position": {"x": 482.84444476088225, "y": -1802.0000000000002}, "channel": 20}, "attempt": 1}
2026-09-13 00:14:07,530 INFO response {"request_id": "36a700cbc7c04d77b415c9552a3fe076", "http_status": 200, "body": {"accepted": true, "real_timestamp_ms": 1789229644465, "virtual_time_s": 1085.578524, "measure_result": "direction", "svd_deg": 104.72}}
2026-09-13 00:14:07,537 INFO request {"path": "/measure", "payload": {"arena_id": "default", "robot_id": "202601002029", "request_id": "cbddd6ce9e2644f0aa22d1e9ca39515a", "position": {"x": 482.84444476088225, "y": -1802.0000000000002}, "channel": 12}, "attempt": 1}
2026-09-13 00:14:07,550 INFO response {"request_id": "cbddd6ce9e2644f0aa22d1e9ca39515a", "http_status": 200, "body": {"accepted": true, "real_timestamp_ms": 1789229644484, "virtual_time_s": 1091.578524, "measure_result": "no_signal"}}
2026-09-13 00:14:08,124 INFO request {"path": "/measure", "payload": {"arena_id": "default", "robot_id": "202601002029", "request_id": "048d48b4a4b5428aad516145b4b14a7c", "position": {"x": 1319.1555552391164, "y": -1319.1555552391171}, "channel": 2}, "attempt": 1}
2026-09-13 00:14:08,143 INFO response {"request_id": "048d48b4a4b5428aad516145b4b14a7c", "http_status": 200, "body": {"accepted": true, "real_timestamp_ms": 1789229645077, "virtual_time_s": 1290.716302, "measure_result": "no_signal"}}
2026-09-13 00:14:08,157 INFO request {"path": "/measure", "payload": {"arena_id": "default", "robot_id": "202601002029", "request_id": "82dd18bf28cd482ab97f96aed82475cf", "position": {"x": 1319.1555552391164, "y": -1319.1555552391171}, "channel": 4}, "attempt": 1}
2026-09-13 00:14:08,159 INFO response {"request_id": "82dd18bf28cd482ab97f96aed82475cf", "http_status": 200, "body": {"accepted": true, "real_timestamp_ms": 1789229645093, "virtual_time_s": 1296.716302, "measure_result": "no_signal"}}
2026-09-13 00:14:08,174 INFO request {"path": "/measure", "payload": {"arena_id": "default", "robot_id": "202601002029", "request_id": "accdbe757ff94fed8bd3c582dd1d2080", "position": {"x": 1319.1555552391164, "y": -1319.1555552391171}, "channel": 5}, "attempt": 1}
2026-09-13 00:14:08,176 INFO response {"request_id": "accdbe757ff94fed8bd3c582dd1d2080", "http_status": 200, "body": {"accepted": true, "real_timestamp_ms": 1789229645110, "virtual_time_s": 1302.716302, "measure_result": "no_signal"}}
2026-09-13 00:14:08,191 INFO request {"path": "/measure", "payload": {"arena_id": "default", "robot_id": "202601002029", "request_id": "817521ac293a4fba8458d7d7ebb3c555", "position": {"x": 1319.1555552391164, "y": -1319.1555552391171}, "channel": 6}, "attempt": 1}
2026-09-13 00:14:08,194 INFO response {"request_id": "817521ac293a4fba8458d7d7ebb3c555", "http_status": 200, "body": {"accepted": true, "real_timestamp_ms": 1789229645127, "virtual_time_s": 1308.716302, "measure_result": "no_signal"}}
2026-09-13 00:14:08,209 INFO request {"path": "/measure", "payload": {"arena_id": "default", "robot_id": "202601002029", "request_id": "fa04ccadef5d4662a3c754f210b1a09f", "position": {"x": 1319.1555552391164, "y": -1319.1555552391171}, "channel": 7}, "attempt": 1}
2026-09-13 00:14:08,212 INFO response {"request_id": "fa04ccadef5d4662a3c754f210b1a09f", "http_status": 200, "body": {"accepted": true, "real_timestamp_ms": 1789229645146, "virtual_time_s": 1314.716302, "measure_result": "no_signal"}}
2026-09-13 00:14:08,243 INFO request {"path": "/measure", "payload": {"arena_id": "default", "robot_id": "202601002029", "request_id": "cc5861a5c973489d94b60a8a3734025c", "position": {"x": 1319.1555552391164, "y": -1319.1555552391171}, "channel": 9}, "attempt": 1}
2026-09-13 00:14:08,262 INFO response {"request_id": "cc5861a5c973489d94b60a8a3734025c", "http_status": 200, "body": {"accepted": true, "real_timestamp_ms": 1789229645197, "virtual_time_s": 1320.716302, "measure_result": "no_signal"}}
2026-09-13 00:14:08,277 INFO request {"path": "/measure", "payload": {"arena_id": "default", "robot_id": "202601002029", "request_id": "218f5f497503426285ba8cf4cc6c7e6c", "position": {"x": 1319.1555552391164, "y": -1319.1555552391171}, "channel": 11}, "attempt": 1}
2026-09-13 00:14:08,291 INFO response {"request_id": "218f5f497503426285ba8cf4cc6c7e6c", "http_status": 200, "body": {"accepted": true, "real_timestamp_ms": 1789229645225, "virtual_time_s": 1326.716302, "measure_result": "no_signal"}}
2026-09-13 00:14:08,306 INFO request {"path": "/measure", "payload": {"arena_id": "default", "robot_id": "202601002029", "request_id": "bd2259f063064a64a3ed2d86697050c8", "position": {"x": 1319.1555552391164, "y": -1319.1555552391171}, "channel": 14}, "attempt": 1}
2026-09-13 00:14:08,322 INFO response {"request_id": "bd2259f063064a64a3ed2d86697050c8", "http_status": 200, "body": {"accepted": true, "real_timestamp_ms": 1789229645256, "virtual_time_s": 1332.716302, "measure_result": "no_signal"}}
2026-09-13 00:14:08,338 INFO request {"path": "/measure", "payload": {"arena_id": "default", "robot_id": "202601002029", "request_id": "76ea855bee704e6ea8416c02b70325c8", "position": {"x": 1319.1555552391164, "y": -1319.1555552391171}, "channel": 15}, "attempt": 1}
2026-09-13 00:14:08,340 INFO response {"request_id": "76ea855bee704e6ea8416c02b70325c8", "http_status": 200, "body": {"accepted": true, "real_timestamp_ms": 1789229645274, "virtual_time_s": 1338.716302, "measure_result": "no_signal"}}
2026-09-13 00:14:08,371 INFO request {"path": "/measure", "payload": {"arena_id": "default", "robot_id": "202601002029", "request_id": "4f1f9594b6f24aa2874f479459fd0306", "position": {"x": 1319.1555552391164, "y": -1319.1555552391171}, "channel": 16}, "attempt": 1}
2026-09-13 00:14:08,373 INFO response {"request_id": "4f1f9594b6f24aa2874f479459fd0306", "http_status": 200, "body": {"accepted": true, "real_timestamp_ms": 1789229645308, "virtual_time_s": 1344.716302, "measure_result": "no_signal"}}
2026-09-13 00:14:08,405 INFO request {"path": "/measure", "payload": {"arena_id": "default", "robot_id": "202601002029", "request_id": "97380fed7f444137a2f37406e8c2abd7", "position": {"x": 1319.1555552391164, "y": -1319.1555552391171}, "channel": 18}, "attempt": 1}
2026-09-13 00:14:08,407 INFO response {"request_id": "97380fed7f444137a2f37406e8c2abd7", "http_status": 200, "body": {"accepted": true, "real_timestamp_ms": 1789229645342, "virtual_time_s": 1350.716302, "measure_result": "no_signal"}}
2026-09-13 00:14:08,438 INFO request {"path": "/measure", "payload": {"arena_id": "default", "robot_id": "202601002029", "request_id": "263c77c4ced94b33be2a705cfe09edf6", "position": {"x": 1319.1555552391164, "y": -1319.1555552391171}, "channel": 19}, "attempt": 1}
2026-09-13 00:14:08,440 INFO response {"request_id": "263c77c4ced94b33be2a705cfe09edf6", "http_status": 200, "body": {"accepted": true, "real_timestamp_ms": 1789229645374, "virtual_time_s": 1356.716302, "measure_result": "no_signal"}}
2026-09-13 00:14:08,463 INFO request {"path": "/measure", "payload": {"arena_id": "default", "robot_id": "202601002029", "request_id": "db42007a2bda418aa585a99a217e9d27", "position": {"x": 1319.1555552391164, "y": -1319.1555552391171}, "channel": 12}, "attempt": 1}
2026-09-13 00:14:08,464 INFO response {"request_id": "db42007a2bda418aa585a99a217e9d27", "http_status": 200, "body": {"accepted": true, "real_timestamp_ms": 1789229645399, "virtual_time_s": 1362.716302, "measure_result": "direction", "svd_deg": 203.13}}
2026-09-13 00:14:08,941 INFO request {"path": "/measure", "payload": {"arena_id": "default", "robot_id": "202601002029", "request_id": "bebc79678614486f82b4aec1d50b89b3", "position": {"x": 980.0, "y": 0.0}, "channel": 2}, "attempt": 1}
2026-09-13 00:14:08,953 INFO response {"request_id": "bebc79678614486f82b4aec1d50b89b3", "http_status": 200, "body": {"accepted": true, "real_timestamp_ms": 1789229645887, "virtual_time_s": 1641.127599, "measure_result": "no_signal"}}
2026-09-13 00:14:08,984 INFO request {"path": "/measure", "payload": {"arena_id": "default", "robot_id": "202601002029", "request_id": "777e34ff5b62484e8db69d974ef26633", "position": {"x": 980.0, "y": 0.0}, "channel": 4}, "attempt": 1}
2026-09-13 00:14:08,985 INFO response {"request_id": "777e34ff5b62484e8db69d974ef26633", "http_status": 200, "body": {"accepted": true, "real_timestamp_ms": 1789229645919, "virtual_time_s": 1647.127599, "measure_result": "no_signal"}}
2026-09-13 00:14:09,015 INFO request {"path": "/measure", "payload": {"arena_id": "default", "robot_id": "202601002029", "request_id": "019f40bcaa3c410ab2e59d17287b807e", "position": {"x": 980.0, "y": 0.0}, "channel": 5}, "attempt": 1}
2026-09-13 00:14:09,031 INFO response {"request_id": "019f40bcaa3c410ab2e59d17287b807e", "http_status": 200, "body": {"accepted": true, "real_timestamp_ms": 1789229645966, "virtual_time_s": 1653.127599, "measure_result": "no_signal"}}
2026-09-13 00:14:09,047 INFO request {"path": "/measure", "payload": {"arena_id": "default", "robot_id": "202601002029", "request_id": "95c0e19744684999808ed26deac3b44f", "position": {"x": 980.0, "y": 0.0}, "channel": 6}, "attempt": 1}
2026-09-13 00:14:09,048 INFO response {"request_id": "95c0e19744684999808ed26deac3b44f", "http_status": 200, "body": {"accepted": true, "real_timestamp_ms": 1789229645982, "virtual_time_s": 1659.127599, "measure_result": "no_signal"}}
2026-09-13 00:14:09,079 INFO request {"path": "/measure", "payload": {"arena_id": "default", "robot_id": "202601002029", "request_id": "e3e87846e74d4615be269af0edd9a2ca", "position": {"x": 980.0, "y": 0.0}, "channel": 7}, "attempt": 1}
2026-09-13 00:14:09,081 INFO response {"request_id": "e3e87846e74d4615be269af0edd9a2ca", "http_status": 200, "body": {"accepted": true, "real_timestamp_ms": 1789229646015, "virtual_time_s": 1665.127599, "measure_result": "no_signal"}}
2026-09-13 00:14:09,112 INFO request {"path": "/measure", "payload": {"arena_id": "default", "robot_id": "202601002029", "request_id": "895972304af3498994c3614c35260837", "position": {"x": 980.0, "y": 0.0}, "channel": 9}, "attempt": 1}
2026-09-13 00:14:09,114 INFO response {"request_id": "895972304af3498994c3614c35260837", "http_status": 200, "body": {"accepted": true, "real_timestamp_ms": 1789229646048, "virtual_time_s": 1671.127599, "measure_result": "no_signal"}}
2026-09-13 00:14:09,129 INFO request {"path": "/measure", "payload": {"arena_id": "default", "robot_id": "202601002029", "request_id": "ac48eced6d5244d1bd697322265a4513", "position": {"x": 980.0, "y": 0.0}, "channel": 11}, "attempt": 1}
2026-09-13 00:14:09,131 INFO response {"request_id": "ac48eced6d5244d1bd697322265a4513", "http_status": 200, "body": {"accepted": true, "real_timestamp_ms": 1789229646065, "virtual_time_s": 1677.127599, "measure_result": "no_signal"}}
2026-09-13 00:14:09,162 INFO request {"path": "/measure", "payload": {"arena_id": "default", "robot_id": "202601002029", "request_id": "408957ef1d4e443cb12d378bfaf9a6a9", "position": {"x": 980.0, "y": 0.0}, "channel": 14}, "attempt": 1}
2026-09-13 00:14:09,178 INFO response {"request_id": "408957ef1d4e443cb12d378bfaf9a6a9", "http_status": 200, "body": {"accepted": true, "real_timestamp_ms": 1789229646112, "virtual_time_s": 1683.127599, "measure_result": "no_signal"}}
2026-09-13 00:14:09,192 INFO request {"path": "/measure", "payload": {"arena_id": "default", "robot_id": "202601002029", "request_id": "392df35e76634732a3001a73de371fac", "position": {"x": 980.0, "y": 0.0}, "channel": 15}, "attempt": 1}
2026-09-13 00:14:09,194 INFO response {"request_id": "392df35e76634732a3001a73de371fac", "http_status": 200, "body": {"accepted": true, "real_timestamp_ms": 1789229646128, "virtual_time_s": 1689.127599, "measure_result": "no_signal"}}
2026-09-13 00:14:09,225 INFO request {"path": "/measure", "payload": {"arena_id": "default", "robot_id": "202601002029", "request_id": "798cc74e0d9949b5b50c335987077fc6", "position": {"x": 980.0, "y": 0.0}, "channel": 16}, "attempt": 1}
2026-09-13 00:14:09,247 INFO response {"request_id": "798cc74e0d9949b5b50c335987077fc6", "http_status": 200, "body": {"accepted": true, "real_timestamp_ms": 1789229646182, "virtual_time_s": 1695.127599, "measure_result": "no_signal"}}
2026-09-13 00:14:09,262 INFO request {"path": "/measure", "payload": {"arena_id": "default", "robot_id": "202601002029", "request_id": "2e7b995cf3414441a4d1731bce2481e3", "position": {"x": 980.0, "y": 0.0}, "channel": 18}, "attempt": 1}
2026-09-13 00:14:09,276 INFO response {"request_id": "2e7b995cf3414441a4d1731bce2481e3", "http_status": 200, "body": {"accepted": true, "real_timestamp_ms": 1789229646211, "virtual_time_s": 1701.127599, "measure_result": "no_signal"}}
2026-09-13 00:14:09,292 INFO request {"path": "/measure", "payload": {"arena_id": "default", "robot_id": "202601002029", "request_id": "1b6668421b4842bdb292f29e7d153ba5", "position": {"x": 980.0, "y": 0.0}, "channel": 19}, "attempt": 1}
2026-09-13 00:14:09,293 INFO response {"request_id": "1b6668421b4842bdb292f29e7d153ba5", "http_status": 200, "body": {"accepted": true, "real_timestamp_ms": 1789229646228, "virtual_time_s": 1707.127599, "measure_result": "no_signal"}}
2026-09-13 00:14:09,671 INFO request {"path": "/measure", "payload": {"arena_id": "default", "robot_id": "202601002029", "request_id": "596856857d924f17a3c9496012967257", "position": {"x": 848.70489570875, "y": 489.99999999999994}, "channel": 19}, "attempt": 1}
2026-09-13 00:14:09,688 INFO response {"request_id": "596856857d924f17a3c9496012967257", "http_status": 200, "body": {"accepted": true, "real_timestamp_ms": 1789229646623, "virtual_time_s": 1813.584665, "measure_result": "no_signal"}}
2026-09-13 00:14:09,703 INFO request {"path": "/measure", "payload": {"arena_id": "default", "robot_id": "202601002029", "request_id": "1bde7ab278cc4bc6a064f916220f0319", "position": {"x": 848.70489570875, "y": 489.99999999999994}, "channel": 2}, "attempt": 1}
2026-09-13 00:14:09,718 INFO response {"request_id": "1bde7ab278cc4bc6a064f916220f0319", "http_status": 200, "body": {"accepted": true, "real_timestamp_ms": 1789229646653, "virtual_time_s": 1819.584665, "measure_result": "no_signal"}}
2026-09-13 00:14:09,733 INFO request {"path": "/measure", "payload": {"arena_id": "default", "robot_id": "202601002029", "request_id": "adcc66604db94cda9933c64c79f58ed5", "position": {"x": 848.70489570875, "y": 489.99999999999994}, "channel": 4}, "attempt": 1}
2026-09-13 00:14:09,733 INFO response {"request_id": "adcc66604db94cda9933c64c79f58ed5", "http_status": 200, "body": {"accepted": true, "real_timestamp_ms": 1789229646668, "virtual_time_s": 1825.584665, "measure_result": "no_signal"}}
2026-09-13 00:14:09,764 INFO request {"path": "/measure", "payload": {"arena_id": "default", "robot_id": "202601002029", "request_id": "6571f23837be49c391ff03e401f4b6bf", "position": {"x": 848.70489570875, "y": 489.99999999999994}, "channel": 5}, "attempt": 1}
2026-09-13 00:14:09,777 INFO response {"request_id": "6571f23837be49c391ff03e401f4b6bf", "http_status": 200, "body": {"accepted": true, "real_timestamp_ms": 1789229646712, "virtual_time_s": 1831.584665, "measure_result": "no_signal"}}
2026-09-13 00:14:09,793 INFO request {"path": "/measure", "payload": {"arena_id": "default", "robot_id": "202601002029", "request_id": "aeb7a943286e4cc38135e64edae55735", "position": {"x": 848.70489570875, "y": 489.99999999999994}, "channel": 6}, "attempt": 1}
2026-09-13 00:14:09,807 INFO response {"request_id": "aeb7a943286e4cc38135e64edae55735", "http_status": 200, "body": {"accepted": true, "real_timestamp_ms": 1789229646741, "virtual_time_s": 1837.584665, "measure_result": "no_signal"}}
2026-09-13 00:14:09,821 INFO request {"path": "/measure", "payload": {"arena_id": "default", "robot_id": "202601002029", "request_id": "9fe10569b4c84e51b058dc3539c0c339", "position": {"x": 848.70489570875, "y": 489.99999999999994}, "channel": 7}, "attempt": 1}
2026-09-13 00:14:09,824 INFO response {"request_id": "9fe10569b4c84e51b058dc3539c0c339", "http_status": 200, "body": {"accepted": true, "real_timestamp_ms": 1789229646758, "virtual_time_s": 1843.584665, "measure_result": "no_signal"}}
2026-09-13 00:14:09,854 INFO request {"path": "/measure", "payload": {"arena_id": "default", "robot_id": "202601002029", "request_id": "0bd74c20bb554c51a8a7f75bfed39621", "position": {"x": 848.70489570875, "y": 489.99999999999994}, "channel": 9}, "attempt": 1}
2026-09-13 00:14:09,856 INFO response {"request_id": "0bd74c20bb554c51a8a7f75bfed39621", "http_status": 200, "body": {"accepted": true, "real_timestamp_ms": 1789229646790, "virtual_time_s": 1849.584665, "measure_result": "no_signal"}}
2026-09-13 00:14:09,887 INFO request {"path": "/measure", "payload": {"arena_id": "default", "robot_id": "202601002029", "request_id": "15753d3bc434447dbc2c9ce419d4bf00", "position": {"x": 848.70489570875, "y": 489.99999999999994}, "channel": 11}, "attempt": 1}
2026-09-13 00:14:09,889 INFO response {"request_id": "15753d3bc434447dbc2c9ce419d4bf00", "http_status": 200, "body": {"accepted": true, "real_timestamp_ms": 1789229646823, "virtual_time_s": 1855.584665, "measure_result": "no_signal"}}
2026-09-13 00:14:09,920 INFO request {"path": "/measure", "payload": {"arena_id": "default", "robot_id": "202601002029", "request_id": "f72eae26335f4d8b90c778475c219239", "position": {"x": 848.70489570875, "y": 489.99999999999994}, "channel": 14}, "attempt": 1}
2026-09-13 00:14:09,922 INFO response {"request_id": "f72eae26335f4d8b90c778475c219239", "http_status": 200, "body": {"accepted": true, "real_timestamp_ms": 1789229646856, "virtual_time_s": 1861.584665, "measure_result": "no_signal"}}
2026-09-13 00:14:09,954 INFO request {"path": "/measure", "payload": {"arena_id": "default", "robot_id": "202601002029", "request_id": "85b662452824469cb1b92d656d2cc4ce", "position": {"x": 848.70489570875, "y": 489.99999999999994}, "channel": 15}, "attempt": 1}
2026-09-13 00:14:09,956 INFO response {"request_id": "85b662452824469cb1b92d656d2cc4ce", "http_status": 200, "body": {"accepted": true, "real_timestamp_ms": 1789229646890, "virtual_time_s": 1867.584665, "measure_result": "direction", "svd_deg": 121.76}}
2026-09-13 00:14:09,976 INFO request {"path": "/measure", "payload": {"arena_id": "default", "robot_id": "202601002029", "request_id": "690bf63d99bf42d094f96e8af04efc29", "position": {"x": 848.70489570875, "y": 489.99999999999994}, "channel": 16}, "attempt": 1}
2026-09-13 00:14:09,994 INFO response {"request_id": "690bf63d99bf42d094f96e8af04efc29", "http_status": 200, "body": {"accepted": true, "real_timestamp_ms": 1789229646929, "virtual_time_s": 1873.584665, "measure_result": "no_signal"}}
2026-09-13 00:14:10,009 INFO request {"path": "/measure", "payload": {"arena_id": "default", "robot_id": "202601002029", "request_id": "c731c4e3ef684c5eaefe203bbe413e19", "position": {"x": 848.70489570875, "y": 489.99999999999994}, "channel": 18}, "attempt": 1}
2026-09-13 00:14:10,011 INFO response {"request_id": "c731c4e3ef684c5eaefe203bbe413e19", "http_status": 200, "body": {"accepted": true, "real_timestamp_ms": 1789229646945, "virtual_time_s": 1879.584665, "measure_result": "no_signal"}}
2026-09-13 00:14:10,642 INFO request {"path": "/measure", "payload": {"arena_id": "default", "robot_id": "202601002029", "request_id": "e0e08b479026409da8f9679b029c10a1", "position": {"x": 490.0000000000001, "y": 848.7048957087499}, "channel": 18}, "attempt": 1}
2026-09-13 00:14:10,663 INFO response {"request_id": "e0e08b479026409da8f9679b029c10a1", "http_status": 200, "body": {"accepted": true, "real_timestamp_ms": 1789229647597, "virtual_time_s": 1986.041731, "measure_result": "no_signal"}}
2026-09-13 00:14:10,663 INFO request {"path": "/measure", "payload": {"arena_id": "default", "robot_id": "202601002029", "request_id": "b1906a8e3c5e4a47af960b1f4dc0036d", "position": {"x": 490.0000000000001, "y": 848.7048957087499}, "channel": 2}, "attempt": 1}
2026-09-13 00:14:10,683 INFO response {"request_id": "b1906a8e3c5e4a47af960b1f4dc0036d", "http_status": 200, "body": {"accepted": true, "real_timestamp_ms": 1789229647617, "virtual_time_s": 1992.041731, "measure_result": "no_signal"}}
2026-09-13 00:14:10,697 INFO request {"path": "/measure", "payload": {"arena_id": "default", "robot_id": "202601002029", "request_id": "bb01f987861a457a91b49c1048d52ef6", "position": {"x": 490.0000000000001, "y": 848.7048957087499}, "channel": 4}, "attempt": 1}
2026-09-13 00:14:10,711 INFO response {"request_id": "bb01f987861a457a91b49c1048d52ef6", "http_status": 200, "body": {"accepted": true, "real_timestamp_ms": 1789229647645, "virtual_time_s": 1998.041731, "measure_result": "no_signal"}}
2026-09-13 00:14:10,726 INFO request {"path": "/measure", "payload": {"arena_id": "default", "robot_id": "202601002029", "request_id": "c5b3134ac6034eacb29f7559bf665316", "position": {"x": 490.0000000000001, "y": 848.7048957087499}, "channel": 5}, "attempt": 1}
2026-09-13 00:14:10,741 INFO response {"request_id": "c5b3134ac6034eacb29f7559bf665316", "http_status": 200, "body": {"accepted": true, "real_timestamp_ms": 1789229647675, "virtual_time_s": 2004.041731, "measure_result": "no_signal"}}
2026-09-13 00:14:10,756 INFO request {"path": "/measure", "payload": {"arena_id": "default", "robot_id": "202601002029", "request_id": "11cc0026ee9447c6ac7e0b582be4c058", "position": {"x": 490.0000000000001, "y": 848.7048957087499}, "channel": 6}, "attempt": 1}
2026-09-13 00:14:10,770 INFO response {"request_id": "11cc0026ee9447c6ac7e0b582be4c058", "http_status": 200, "body": {"accepted": true, "real_timestamp_ms": 1789229647704, "virtual_time_s": 2010.041731, "measure_result": "no_signal"}}
2026-09-13 00:14:10,786 INFO request {"path": "/measure", "payload": {"arena_id": "default", "robot_id": "202601002029", "request_id": "b0516388a52b47a9bd47459f7ddaf6ff", "position": {"x": 490.0000000000001, "y": 848.7048957087499}, "channel": 7}, "attempt": 1}
2026-09-13 00:14:10,788 INFO response {"request_id": "b0516388a52b47a9bd47459f7ddaf6ff", "http_status": 200, "body": {"accepted": true, "real_timestamp_ms": 1789229647722, "virtual_time_s": 2016.041731, "measure_result": "no_signal"}}
2026-09-13 00:14:10,819 INFO request {"path": "/measure", "payload": {"arena_id": "default", "robot_id": "202601002029", "request_id": "84bc1ca743ca43cd9261cb280bf936e5", "position": {"x": 490.0000000000001, "y": 848.7048957087499}, "channel": 9}, "attempt": 1}
2026-09-13 00:14:10,822 INFO response {"request_id": "84bc1ca743ca43cd9261cb280bf936e5", "http_status": 200, "body": {"accepted": true, "real_timestamp_ms": 1789229647756, "virtual_time_s": 2022.041731, "measure_result": "no_signal"}}
2026-09-13 00:14:10,854 INFO request {"path": "/measure", "payload": {"arena_id": "default", "robot_id": "202601002029", "request_id": "6c13338c37ef43b99ec4e6e775a1080e", "position": {"x": 490.0000000000001, "y": 848.7048957087499}, "channel": 11}, "attempt": 1}
2026-09-13 00:14:10,868 INFO response {"request_id": "6c13338c37ef43b99ec4e6e775a1080e", "http_status": 200, "body": {"accepted": true, "real_timestamp_ms": 1789229647802, "virtual_time_s": 2028.041731, "measure_result": "no_signal"}}
2026-09-13 00:14:10,883 INFO request {"path": "/measure", "payload": {"arena_id": "default", "robot_id": "202601002029", "request_id": "270515e6ed9b4560a5cdec8bdbb46040", "position": {"x": 490.0000000000001, "y": 848.7048957087499}, "channel": 14}, "attempt": 1}
2026-09-13 00:14:10,885 INFO response {"request_id": "270515e6ed9b4560a5cdec8bdbb46040", "http_status": 200, "body": {"accepted": true, "real_timestamp_ms": 1789229647820, "virtual_time_s": 2034.041731, "measure_result": "no_signal"}}
2026-09-13 00:14:10,917 INFO request {"path": "/measure", "payload": {"arena_id": "default", "robot_id": "202601002029", "request_id": "9ee6f414b2a0442186b0d8fb63405bea", "position": {"x": 490.0000000000001, "y": 848.7048957087499}, "channel": 16}, "attempt": 1}
2026-09-13 00:14:10,935 INFO response {"request_id": "9ee6f414b2a0442186b0d8fb63405bea", "http_status": 200, "body": {"accepted": true, "real_timestamp_ms": 1789229647870, "virtual_time_s": 2040.041731, "measure_result": "no_signal"}}
2026-09-13 00:14:10,950 INFO request {"path": "/measure", "payload": {"arena_id": "default", "robot_id": "202601002029", "request_id": "f51ba9d4a00646d4a46fd9942abfc42a", "position": {"x": 490.0000000000001, "y": 848.7048957087499}, "channel": 19}, "attempt": 1}
2026-09-13 00:14:10,965 INFO response {"request_id": "f51ba9d4a00646d4a46fd9942abfc42a", "http_status": 200, "body": {"accepted": true, "real_timestamp_ms": 1789229647900, "virtual_time_s": 2046.041731, "measure_result": "no_signal"}}
2026-09-13 00:14:10,992 INFO request {"path": "/measure", "payload": {"arena_id": "default", "robot_id": "202601002029", "request_id": "c0d5df7c7923449f9aa84b146a77fdeb", "position": {"x": 490.0000000000001, "y": 848.7048957087499}, "channel": 15}, "attempt": 1}
2026-09-13 00:14:11,004 INFO response {"request_id": "c0d5df7c7923449f9aa84b146a77fdeb", "http_status": 200, "body": {"accepted": true, "real_timestamp_ms": 1789229647939, "virtual_time_s": 2052.041731, "measure_result": "direction", "svd_deg": 112.88}}
2026-09-13 00:14:11,732 INFO request {"path": "/measure", "payload": {"arena_id": "default", "robot_id": "202601002029", "request_id": "05945db435e84c2ab6c71ce49695a1ec", "position": {"x": 6.000769315822031e-14, "y": 980.0}, "channel": 2}, "attempt": 1}
2026-09-13 00:14:11,753 INFO response {"request_id": "05945db435e84c2ab6c71ce49695a1ec", "http_status": 200, "body": {"accepted": true, "real_timestamp_ms": 1789229648687, "virtual_time_s": 2159.498797, "measure_result": "no_signal"}}
2026-09-13 00:14:11,767 INFO request {"path": "/measure", "payload": {"arena_id": "default", "robot_id": "202601002029", "request_id": "a0552924830e4c16b87846e8615a9389", "position": {"x": 6.000769315822031e-14, "y": 980.0}, "channel": 4}, "attempt": 1}
2026-09-13 00:14:11,782 INFO response {"request_id": "a0552924830e4c16b87846e8615a9389", "http_status": 200, "body": {"accepted": true, "real_timestamp_ms": 1789229648717, "virtual_time_s": 2165.498797, "measure_result": "no_signal"}}
2026-09-13 00:14:11,798 INFO request {"path": "/measure", "payload": {"arena_id": "default", "robot_id": "202601002029", "request_id": "e4fe2bf7d18145b2aeb6e57daf3c06f1", "position": {"x": 6.000769315822031e-14, "y": 980.0}, "channel": 5}, "attempt": 1}
2026-09-13 00:14:11,812 INFO response {"request_id": "e4fe2bf7d18145b2aeb6e57daf3c06f1", "http_status": 200, "body": {"accepted": true, "real_timestamp_ms": 1789229648746, "virtual_time_s": 2171.498797, "measure_result": "direction", "svd_deg": 176.86}}
2026-09-13 00:14:11,828 INFO request {"path": "/measure", "payload": {"arena_id": "default", "robot_id": "202601002029", "request_id": "88be8c4a04f04517a5fed150496643d8", "position": {"x": 6.000769315822031e-14, "y": 980.0}, "channel": 6}, "attempt": 1}
2026-09-13 00:14:11,829 INFO response {"request_id": "88be8c4a04f04517a5fed150496643d8", "http_status": 200, "body": {"accepted": true, "real_timestamp_ms": 1789229648764, "virtual_time_s": 2177.498797, "measure_result": "no_signal"}}
2026-09-13 00:14:11,859 INFO request {"path": "/measure", "payload": {"arena_id": "default", "robot_id": "202601002029", "request_id": "3ac46a29a96d4a03aabdce213cdd8dcf", "position": {"x": 6.000769315822031e-14, "y": 980.0}, "channel": 7}, "attempt": 1}
2026-09-13 00:14:11,871 INFO response {"request_id": "3ac46a29a96d4a03aabdce213cdd8dcf", "http_status": 200, "body": {"accepted": true, "real_timestamp_ms": 1789229648805, "virtual_time_s": 2183.498797, "measure_result": "no_signal"}}
2026-09-13 00:14:11,886 INFO request {"path": "/measure", "payload": {"arena_id": "default", "robot_id": "202601002029", "request_id": "6bfa1a5bb30a4ad1bcab200283f82a39", "position": {"x": 6.000769315822031e-14, "y": 980.0}, "channel": 9}, "attempt": 1}
2026-09-13 00:14:11,888 INFO response {"request_id": "6bfa1a5bb30a4ad1bcab200283f82a39", "http_status": 200, "body": {"accepted": true, "real_timestamp_ms": 1789229648822, "virtual_time_s": 2189.498797, "measure_result": "no_signal"}}
2026-09-13 00:14:11,919 INFO request {"path": "/measure", "payload": {"arena_id": "default", "robot_id": "202601002029", "request_id": "f2461f706bc94532bf2feecd4b7e33bb", "position": {"x": 6.000769315822031e-14, "y": 980.0}, "channel": 11}, "attempt": 1}
2026-09-13 00:14:11,922 INFO response {"request_id": "f2461f706bc94532bf2feecd4b7e33bb", "http_status": 200, "body": {"accepted": true, "real_timestamp_ms": 1789229648856, "virtual_time_s": 2195.498797, "measure_result": "no_signal"}}
2026-09-13 00:14:11,952 INFO request {"path": "/measure", "payload": {"arena_id": "default", "robot_id": "202601002029", "request_id": "53f752d13014493386f66a7e37e13c32", "position": {"x": 6.000769315822031e-14, "y": 980.0}, "channel": 14}, "attempt": 1}
2026-09-13 00:14:11,955 INFO response {"request_id": "53f752d13014493386f66a7e37e13c32", "http_status": 200, "body": {"accepted": true, "real_timestamp_ms": 1789229648890, "virtual_time_s": 2201.498797, "measure_result": "no_signal"}}
2026-09-13 00:14:11,986 INFO request {"path": "/measure", "payload": {"arena_id": "default", "robot_id": "202601002029", "request_id": "1ee71f6ee3b24d348b1401c009485aa7", "position": {"x": 6.000769315822031e-14, "y": 980.0}, "channel": 16}, "attempt": 1}
2026-09-13 00:14:11,989 INFO response {"request_id": "1ee71f6ee3b24d348b1401c009485aa7", "http_status": 200, "body": {"accepted": true, "real_timestamp_ms": 1789229648923, "virtual_time_s": 2207.498797, "measure_result": "no_signal"}}
2026-09-13 00:14:12,004 INFO request {"path": "/measure", "payload": {"arena_id": "default", "robot_id": "202601002029", "request_id": "2d56d922db914f61b9ffa6000e501ae1", "position": {"x": 6.000769315822031e-14, "y": 980.0}, "channel": 18}, "attempt": 1}
2026-09-13 00:14:12,006 INFO response {"request_id": "2d56d922db914f61b9ffa6000e501ae1", "http_status": 200, "body": {"accepted": true, "real_timestamp_ms": 1789229648940, "virtual_time_s": 2213.498797, "measure_result": "no_signal"}}
2026-09-13 00:14:12,037 INFO request {"path": "/measure", "payload": {"arena_id": "default", "robot_id": "202601002029", "request_id": "d738bb0ca4014071b0ed71e003423003", "position": {"x": 6.000769315822031e-14, "y": 980.0}, "channel": 19}, "attempt": 1}
2026-09-13 00:14:12,056 INFO response {"request_id": "d738bb0ca4014071b0ed71e003423003", "http_status": 200, "body": {"accepted": true, "real_timestamp_ms": 1789229648990, "virtual_time_s": 2219.498797, "measure_result": "no_signal"}}
2026-09-13 00:14:12,103 INFO request {"path": "/measure", "payload": {"arena_id": "default", "robot_id": "202601002029", "request_id": "5e7d0c36b6224bbe9b8e9f761b2d6d00", "position": {"x": 6.000769315822031e-14, "y": 980.0}, "channel": 3}, "attempt": 1}
2026-09-13 00:14:12,114 INFO response {"request_id": "5e7d0c36b6224bbe9b8e9f761b2d6d00", "http_status": 200, "body": {"accepted": true, "real_timestamp_ms": 1789229649048, "virtual_time_s": 2225.498797, "measure_result": "no_signal"}}
2026-09-13 00:14:12,129 INFO request {"path": "/measure", "payload": {"arena_id": "default", "robot_id": "202601002029", "request_id": "599e0d494f634b668c73ff99974e5495", "position": {"x": 6.000769315822031e-14, "y": 980.0}, "channel": 15}, "attempt": 1}
2026-09-13 00:14:12,143 INFO response {"request_id": "599e0d494f634b668c73ff99974e5495", "http_status": 200, "body": {"accepted": true, "real_timestamp_ms": 1789229649077, "virtual_time_s": 2231.498797, "measure_result": "no_signal"}}
2026-09-13 00:14:13,125 INFO request {"path": "/measure", "payload": {"arena_id": "default", "robot_id": "202601002029", "request_id": "363ecbbea2af4de4b8ab339f47d459a8", "position": {"x": -489.9999999999998, "y": 848.70489570875}, "channel": 2}, "attempt": 1}
2026-09-13 00:14:13,126 INFO response {"request_id": "363ecbbea2af4de4b8ab339f47d459a8", "http_status": 200, "body": {"accepted": true, "real_timestamp_ms": 1789229650061, "virtual_time_s": 2338.955863, "measure_result": "no_signal"}}
2026-09-13 00:14:13,157 INFO request {"path": "/measure", "payload": {"arena_id": "default", "robot_id": "202601002029", "request_id": "2fb256139beb48c0896d50dded20a94c", "position": {"x": -489.9999999999998, "y": 848.70489570875}, "channel": 4}, "attempt": 1}
2026-09-13 00:14:13,158 INFO response {"request_id": "2fb256139beb48c0896d50dded20a94c", "http_status": 200, "body": {"accepted": true, "real_timestamp_ms": 1789229650093, "virtual_time_s": 2344.955863, "measure_result": "no_signal"}}
2026-09-13 00:14:13,189 INFO request {"path": "/measure", "payload": {"arena_id": "default", "robot_id": "202601002029", "request_id": "527b3cf7de9c41be93170e035db841f3", "position": {"x": -489.9999999999998, "y": 848.70489570875}, "channel": 6}, "attempt": 1}
2026-09-13 00:14:13,192 INFO response {"request_id": "527b3cf7de9c41be93170e035db841f3", "http_status": 200, "body": {"accepted": true, "real_timestamp_ms": 1789229650126, "virtual_time_s": 2350.955863, "measure_result": "no_signal"}}
2026-09-13 00:14:13,208 INFO request {"path": "/measure", "payload": {"arena_id": "default", "robot_id": "202601002029", "request_id": "b13992d4423942c1b92f949d5acf4803", "position": {"x": -489.9999999999998, "y": 848.70489570875}, "channel": 7}, "attempt": 1}
2026-09-13 00:14:13,211 INFO response {"request_id": "b13992d4423942c1b92f949d5acf4803", "http_status": 200, "body": {"accepted": true, "real_timestamp_ms": 1789229650145, "virtual_time_s": 2356.955863, "measure_result": "no_signal"}}
2026-09-13 00:14:13,242 INFO request {"path": "/measure", "payload": {"arena_id": "default", "robot_id": "202601002029", "request_id": "9946ecff06c0469d9d8b0dbeb886cba3", "position": {"x": -489.9999999999998, "y": 848.70489570875}, "channel": 9}, "attempt": 1}
2026-09-13 00:14:13,264 INFO response {"request_id": "9946ecff06c0469d9d8b0dbeb886cba3", "http_status": 200, "body": {"accepted": true, "real_timestamp_ms": 1789229650198, "virtual_time_s": 2362.955863, "measure_result": "no_signal"}}
2026-09-13 00:14:13,279 INFO request {"path": "/measure", "payload": {"arena_id": "default", "robot_id": "202601002029", "request_id": "7d2bc9da904343e888056a5e86737f1f", "position": {"x": -489.9999999999998, "y": 848.70489570875}, "channel": 11}, "attempt": 1}
2026-09-13 00:14:13,282 INFO response {"request_id": "7d2bc9da904343e888056a5e86737f1f", "http_status": 200, "body": {"accepted": true, "real_timestamp_ms": 1789229650216, "virtual_time_s": 2368.955863, "measure_result": "no_signal"}}
2026-09-13 00:14:13,314 INFO request {"path": "/measure", "payload": {"arena_id": "default", "robot_id": "202601002029", "request_id": "25b0016ee908457a94953da6ce4b23b5", "position": {"x": -489.9999999999998, "y": 848.70489570875}, "channel": 14}, "attempt": 1}
2026-09-13 00:14:13,317 INFO response {"request_id": "25b0016ee908457a94953da6ce4b23b5", "http_status": 200, "body": {"accepted": true, "real_timestamp_ms": 1789229650251, "virtual_time_s": 2374.955863, "measure_result": "no_signal"}}
2026-09-13 00:14:13,333 INFO request {"path": "/measure", "payload": {"arena_id": "default", "robot_id": "202601002029", "request_id": "32bed23ceaa34cfc9bcf2c73b9d2c82d", "position": {"x": -489.9999999999998, "y": 848.70489570875}, "channel": 16}, "attempt": 1}
2026-09-13 00:14:13,334 INFO response {"request_id": "32bed23ceaa34cfc9bcf2c73b9d2c82d", "http_status": 200, "body": {"accepted": true, "real_timestamp_ms": 1789229650269, "virtual_time_s": 2380.955863, "measure_result": "no_signal"}}
2026-09-13 00:14:13,365 INFO request {"path": "/measure", "payload": {"arena_id": "default", "robot_id": "202601002029", "request_id": "eb47c4c4ed7942debdffa0ffc0614f60", "position": {"x": -489.9999999999998, "y": 848.70489570875}, "channel": 18}, "attempt": 1}
2026-09-13 00:14:13,366 INFO response {"request_id": "eb47c4c4ed7942debdffa0ffc0614f60", "http_status": 200, "body": {"accepted": true, "real_timestamp_ms": 1789229650301, "virtual_time_s": 2386.955863, "measure_result": "no_signal"}}
2026-09-13 00:14:13,397 INFO request {"path": "/measure", "payload": {"arena_id": "default", "robot_id": "202601002029", "request_id": "6e3c12b5f57d460bb8b44365dead2b10", "position": {"x": -489.9999999999998, "y": 848.70489570875}, "channel": 19}, "attempt": 1}
2026-09-13 00:14:13,400 INFO response {"request_id": "6e3c12b5f57d460bb8b44365dead2b10", "http_status": 200, "body": {"accepted": true, "real_timestamp_ms": 1789229650334, "virtual_time_s": 2392.955863, "measure_result": "no_signal"}}
2026-09-13 00:14:13,516 INFO request {"path": "/measure", "payload": {"arena_id": "default", "robot_id": "202601002029", "request_id": "025c28dd17e74cdea245c16e8c31b5bb", "position": {"x": -489.9999999999998, "y": 848.70489570875}, "channel": 10}, "attempt": 1}
2026-09-13 00:14:13,518 INFO response {"request_id": "025c28dd17e74cdea245c16e8c31b5bb", "http_status": 200, "body": {"accepted": true, "real_timestamp_ms": 1789229650452, "virtual_time_s": 2398.955863, "measure_result": "direction", "svd_deg": 230.74}}
2026-09-13 00:14:13,538 INFO request {"path": "/measure", "payload": {"arena_id": "default", "robot_id": "202601002029", "request_id": "569a520b88774df89986122c61c1fa67", "position": {"x": -489.9999999999998, "y": 848.70489570875}, "channel": 5}, "attempt": 1}
2026-09-13 00:14:13,540 INFO response {"request_id": "569a520b88774df89986122c61c1fa67", "http_status": 200, "body": {"accepted": true, "real_timestamp_ms": 1789229650475, "virtual_time_s": 2404.955863, "measure_result": "direction", "svd_deg": 160.48}}
2026-09-13 00:14:14,529 INFO request {"path": "/measure", "payload": {"arena_id": "default", "robot_id": "202601002029", "request_id": "dc21cd7504854c929c8d92956e7f7fe7", "position": {"x": -848.7048957087497, "y": 490.00000000000034}, "channel": 2}, "attempt": 1}
2026-09-13 00:14:14,530 INFO response {"request_id": "dc21cd7504854c929c8d92956e7f7fe7", "http_status": 200, "body": {"accepted": true, "real_timestamp_ms": 1789229651465, "virtual_time_s": 2512.412929, "measure_result": "no_signal"}}
2026-09-13 00:14:14,561 INFO request {"path": "/measure", "payload": {"arena_id": "default", "robot_id": "202601002029", "request_id": "0882b785837d4463a982ae9a3399ea47", "position": {"x": -848.7048957087497, "y": 490.00000000000034}, "channel": 4}, "attempt": 1}
2026-09-13 00:14:14,562 INFO response {"request_id": "0882b785837d4463a982ae9a3399ea47", "http_status": 200, "body": {"accepted": true, "real_timestamp_ms": 1789229651497, "virtual_time_s": 2518.412929, "measure_result": "no_signal"}}
2026-09-13 00:14:14,593 INFO request {"path": "/measure", "payload": {"arena_id": "default", "robot_id": "202601002029", "request_id": "f50f7eb7f3614a9a984ca07a1d17d2db", "position": {"x": -848.7048957087497, "y": 490.00000000000034}, "channel": 6}, "attempt": 1}
2026-09-13 00:14:14,595 INFO response {"request_id": "f50f7eb7f3614a9a984ca07a1d17d2db", "http_status": 200, "body": {"accepted": true, "real_timestamp_ms": 1789229651529, "virtual_time_s": 2524.412929, "measure_result": "no_signal"}}
2026-09-13 00:14:14,625 INFO request {"path": "/measure", "payload": {"arena_id": "default", "robot_id": "202601002029", "request_id": "ed0a58478d3d4b819ebfc5dc03c825b0", "position": {"x": -848.7048957087497, "y": 490.00000000000034}, "channel": 7}, "attempt": 1}
2026-09-13 00:14:14,638 INFO response {"request_id": "ed0a58478d3d4b819ebfc5dc03c825b0", "http_status": 200, "body": {"accepted": true, "real_timestamp_ms": 1789229651572, "virtual_time_s": 2530.412929, "measure_result": "no_signal"}}
2026-09-13 00:14:14,653 INFO request {"path": "/measure", "payload": {"arena_id": "default", "robot_id": "202601002029", "request_id": "4b9b84fc77db4db486fcef7360948537", "position": {"x": -848.7048957087497, "y": 490.00000000000034}, "channel": 9}, "attempt": 1}
2026-09-13 00:14:14,668 INFO response {"request_id": "4b9b84fc77db4db486fcef7360948537", "http_status": 200, "body": {"accepted": true, "real_timestamp_ms": 1789229651602, "virtual_time_s": 2536.412929, "measure_result": "no_signal"}}
2026-09-13 00:14:14,683 INFO request {"path": "/measure", "payload": {"arena_id": "default", "robot_id": "202601002029", "request_id": "761bdf7dd86b4b8d8e1ddfadd54c3ae9", "position": {"x": -848.7048957087497, "y": 490.00000000000034}, "channel": 11}, "attempt": 1}
2026-09-13 00:14:14,685 INFO response {"request_id": "761bdf7dd86b4b8d8e1ddfadd54c3ae9", "http_status": 200, "body": {"accepted": true, "real_timestamp_ms": 1789229651619, "virtual_time_s": 2542.412929, "measure_result": "no_signal"}}
2026-09-13 00:14:14,716 INFO request {"path": "/measure", "payload": {"arena_id": "default", "robot_id": "202601002029", "request_id": "0c931a08bc9840e98c05dd522c8e5c7b", "position": {"x": -848.7048957087497, "y": 490.00000000000034}, "channel": 14}, "attempt": 1}
2026-09-13 00:14:14,718 INFO response {"request_id": "0c931a08bc9840e98c05dd522c8e5c7b", "http_status": 200, "body": {"accepted": true, "real_timestamp_ms": 1789229651652, "virtual_time_s": 2548.412929, "measure_result": "direction", "svd_deg": 13.09}}
2026-09-13 00:14:14,751 INFO request {"path": "/measure", "payload": {"arena_id": "default", "robot_id": "202601002029", "request_id": "e8eafa3291a8495cad624752d5810ca6", "position": {"x": -848.7048957087497, "y": 490.00000000000034}, "channel": 16}, "attempt": 1}
2026-09-13 00:14:14,765 INFO response {"request_id": "e8eafa3291a8495cad624752d5810ca6", "http_status": 200, "body": {"accepted": true, "real_timestamp_ms": 1789229651700, "virtual_time_s": 2554.412929, "measure_result": "no_signal"}}
2026-09-13 00:14:14,780 INFO request {"path": "/measure", "payload": {"arena_id": "default", "robot_id": "202601002029", "request_id": "c74f2ffa425f46f7b879d451b25623eb", "position": {"x": -848.7048957087497, "y": 490.00000000000034}, "channel": 18}, "attempt": 1}
2026-09-13 00:14:14,795 INFO response {"request_id": "c74f2ffa425f46f7b879d451b25623eb", "http_status": 200, "body": {"accepted": true, "real_timestamp_ms": 1789229651729, "virtual_time_s": 2560.412929, "measure_result": "no_signal"}}
2026-09-13 00:14:14,810 INFO request {"path": "/measure", "payload": {"arena_id": "default", "robot_id": "202601002029", "request_id": "7f5e584ad6fd46259edac7116ede3068", "position": {"x": -848.7048957087497, "y": 490.00000000000034}, "channel": 19}, "attempt": 1}
2026-09-13 00:14:14,811 INFO response {"request_id": "7f5e584ad6fd46259edac7116ede3068", "http_status": 200, "body": {"accepted": true, "real_timestamp_ms": 1789229651745, "virtual_time_s": 2566.412929, "measure_result": "no_signal"}}
2026-09-13 00:14:14,865 INFO request {"path": "/measure", "payload": {"arena_id": "default", "robot_id": "202601002029", "request_id": "e0369d6e1708497aa652cf8a9ed5fc05", "position": {"x": -848.7048957087497, "y": 490.00000000000034}, "channel": 3}, "attempt": 1}
2026-09-13 00:14:14,882 INFO response {"request_id": "e0369d6e1708497aa652cf8a9ed5fc05", "http_status": 200, "body": {"accepted": true, "real_timestamp_ms": 1789229651817, "virtual_time_s": 2572.412929, "measure_result": "direction", "svd_deg": 56.37}}
2026-09-13 00:14:14,901 INFO request {"path": "/measure", "payload": {"arena_id": "default", "robot_id": "202601002029", "request_id": "34df18bb170a41bdbe7a63ba4bdd9aeb", "position": {"x": -848.7048957087497, "y": 490.00000000000034}, "channel": 5}, "attempt": 1}
2026-09-13 00:14:14,902 INFO response {"request_id": "34df18bb170a41bdbe7a63ba4bdd9aeb", "http_status": 200, "body": {"accepted": true, "real_timestamp_ms": 1789229651837, "virtual_time_s": 2578.412929, "measure_result": "direction", "svd_deg": 105.29}}
2026-09-13 00:14:14,936 INFO request {"path": "/measure", "payload": {"arena_id": "default", "robot_id": "202601002029", "request_id": "3167115cfcee4246b20253df9de34521", "position": {"x": -848.7048957087497, "y": 490.00000000000034}, "channel": 10}, "attempt": 1}
2026-09-13 00:14:14,952 INFO response {"request_id": "3167115cfcee4246b20253df9de34521", "http_status": 200, "body": {"accepted": true, "real_timestamp_ms": 1789229651887, "virtual_time_s": 2584.412929, "measure_result": "direction", "svd_deg": 236.04}}
2026-09-13 00:14:15,626 INFO request {"path": "/measure", "payload": {"arena_id": "default", "robot_id": "202601002029", "request_id": "0da7e209def0437b80135ed934b0b016", "position": {"x": -980.0, "y": 1.2001538631644062e-13}, "channel": 2}, "attempt": 1}
2026-09-13 00:14:15,628 INFO response {"request_id": "0da7e209def0437b80135ed934b0b016", "http_status": 200, "body": {"accepted": true, "real_timestamp_ms": 1789229652563, "virtual_time_s": 2691.869995, "measure_result": "no_signal"}}
2026-09-13 00:14:15,659 INFO request {"path": "/measure", "payload": {"arena_id": "default", "robot_id": "202601002029", "request_id": "6e0e4978ec9e456bb313610c4ec5837d", "position": {"x": -980.0, "y": 1.2001538631644062e-13}, "channel": 4}, "attempt": 1}
2026-09-13 00:14:15,675 INFO response {"request_id": "6e0e4978ec9e456bb313610c4ec5837d", "http_status": 200, "body": {"accepted": true, "real_timestamp_ms": 1789229652610, "virtual_time_s": 2697.869995, "measure_result": "no_signal"}}
2026-09-13 00:14:15,675 INFO request {"path": "/measure", "payload": {"arena_id": "default", "robot_id": "202601002029", "request_id": "41b78e591e0b4d2f903fd53369204aee", "position": {"x": -980.0, "y": 1.2001538631644062e-13}, "channel": 6}, "attempt": 1}
2026-09-13 00:14:15,696 INFO response {"request_id": "41b78e591e0b4d2f903fd53369204aee", "http_status": 200, "body": {"accepted": true, "real_timestamp_ms": 1789229652629, "virtual_time_s": 2703.869995, "measure_result": "no_signal"}}
2026-09-13 00:14:15,712 INFO request {"path": "/measure", "payload": {"arena_id": "default", "robot_id": "202601002029", "request_id": "66fd8127835448649599763412447a15", "position": {"x": -980.0, "y": 1.2001538631644062e-13}, "channel": 7}, "attempt": 1}
2026-09-13 00:14:15,714 INFO response {"request_id": "66fd8127835448649599763412447a15", "http_status": 200, "body": {"accepted": true, "real_timestamp_ms": 1789229652648, "virtual_time_s": 2709.869995, "measure_result": "no_signal"}}
2026-09-13 00:14:15,745 INFO request {"path": "/measure", "payload": {"arena_id": "default", "robot_id": "202601002029", "request_id": "61bdc6b3cc9642d8895fb9f04649fbab", "position": {"x": -980.0, "y": 1.2001538631644062e-13}, "channel": 9}, "attempt": 1}
2026-09-13 00:14:15,747 INFO response {"request_id": "61bdc6b3cc9642d8895fb9f04649fbab", "http_status": 200, "body": {"accepted": true, "real_timestamp_ms": 1789229652682, "virtual_time_s": 2715.869995, "measure_result": "no_signal"}}
2026-09-13 00:14:15,778 INFO request {"path": "/measure", "payload": {"arena_id": "default", "robot_id": "202601002029", "request_id": "ebf7fa8df22a4ddd83a537e4eb48d24c", "position": {"x": -980.0, "y": 1.2001538631644062e-13}, "channel": 11}, "attempt": 1}
2026-09-13 00:14:15,794 INFO response {"request_id": "ebf7fa8df22a4ddd83a537e4eb48d24c", "http_status": 200, "body": {"accepted": true, "real_timestamp_ms": 1789229652728, "virtual_time_s": 2721.869995, "measure_result": "no_signal"}}
2026-09-13 00:14:15,809 INFO request {"path": "/measure", "payload": {"arena_id": "default", "robot_id": "202601002029", "request_id": "6c22bfa565a1458e9328fd052a3dae1e", "position": {"x": -980.0, "y": 1.2001538631644062e-13}, "channel": 16}, "attempt": 1}
2026-09-13 00:14:15,811 INFO response {"request_id": "6c22bfa565a1458e9328fd052a3dae1e", "http_status": 200, "body": {"accepted": true, "real_timestamp_ms": 1789229652745, "virtual_time_s": 2727.869995, "measure_result": "no_signal"}}
2026-09-13 00:14:15,842 INFO request {"path": "/measure", "payload": {"arena_id": "default", "robot_id": "202601002029", "request_id": "2e8c25d20e30460b857778369b1c710d", "position": {"x": -980.0, "y": 1.2001538631644062e-13}, "channel": 18}, "attempt": 1}
2026-09-13 00:14:15,845 INFO response {"request_id": "2e8c25d20e30460b857778369b1c710d", "http_status": 200, "body": {"accepted": true, "real_timestamp_ms": 1789229652779, "virtual_time_s": 2733.869995, "measure_result": "no_signal"}}
2026-09-13 00:14:15,876 INFO request {"path": "/measure", "payload": {"arena_id": "default", "robot_id": "202601002029", "request_id": "9514005b03c242cc90de41e72e60cb63", "position": {"x": -980.0, "y": 1.2001538631644062e-13}, "channel": 19}, "attempt": 1}
2026-09-13 00:14:15,892 INFO response {"request_id": "9514005b03c242cc90de41e72e60cb63", "http_status": 200, "body": {"accepted": true, "real_timestamp_ms": 1789229652826, "virtual_time_s": 2739.869995, "measure_result": "no_signal"}}
2026-09-13 00:14:15,921 INFO request {"path": "/measure", "payload": {"arena_id": "default", "robot_id": "202601002029", "request_id": "c3eeb87709da4f2a9ce2c05a39292a5e", "position": {"x": -980.0, "y": 1.2001538631644062e-13}, "channel": 10}, "attempt": 1}
2026-09-13 00:14:15,923 INFO response {"request_id": "c3eeb87709da4f2a9ce2c05a39292a5e", "http_status": 200, "body": {"accepted": true, "real_timestamp_ms": 1789229652857, "virtual_time_s": 2745.869995, "measure_result": "direction", "svd_deg": 172.67}}
2026-09-13 00:14:16,386 INFO request {"path": "/measure", "payload": {"arena_id": "default", "robot_id": "202601002029", "request_id": "22cf75f981144ca5b1bba8ece8c49d06", "position": {"x": -848.7048957087501, "y": -489.9999999999997}, "channel": 2}, "attempt": 1}
2026-09-13 00:14:16,387 INFO response {"request_id": "22cf75f981144ca5b1bba8ece8c49d06", "http_status": 200, "body": {"accepted": true, "real_timestamp_ms": 1789229653321, "virtual_time_s": 2853.327061, "measure_result": "no_signal"}}
2026-09-13 00:14:16,417 INFO request {"path": "/measure", "payload": {"arena_id": "default", "robot_id": "202601002029", "request_id": "291f65fbdadf4a1fa9e6004aa0b89e06", "position": {"x": -848.7048957087501, "y": -489.9999999999997}, "channel": 4}, "attempt": 1}
2026-09-13 00:14:16,419 INFO response {"request_id": "291f65fbdadf4a1fa9e6004aa0b89e06", "http_status": 200, "body": {"accepted": true, "real_timestamp_ms": 1789229653353, "virtual_time_s": 2859.327061, "measure_result": "no_signal"}}
2026-09-13 00:14:16,449 INFO request {"path": "/measure", "payload": {"arena_id": "default", "robot_id": "202601002029", "request_id": "475f7cc6fdda4de7aa016484f93acd68", "position": {"x": -848.7048957087501, "y": -489.9999999999997}, "channel": 6}, "attempt": 1}
2026-09-13 00:14:16,450 INFO response {"request_id": "475f7cc6fdda4de7aa016484f93acd68", "http_status": 200, "body": {"accepted": true, "real_timestamp_ms": 1789229653385, "virtual_time_s": 2865.327061, "measure_result": "no_signal"}}
2026-09-13 00:14:16,481 INFO request {"path": "/measure", "payload": {"arena_id": "default", "robot_id": "202601002029", "request_id": "6a731ad0d5694418996c224c2248829c", "position": {"x": -848.7048957087501, "y": -489.9999999999997}, "channel": 7}, "attempt": 1}
2026-09-13 00:14:16,481 INFO response {"request_id": "6a731ad0d5694418996c224c2248829c", "http_status": 200, "body": {"accepted": true, "real_timestamp_ms": 1789229653416, "virtual_time_s": 2871.327061, "measure_result": "no_signal"}}
2026-09-13 00:14:16,512 INFO request {"path": "/measure", "payload": {"arena_id": "default", "robot_id": "202601002029", "request_id": "e5a48416560e4667b31ad1ef0455c505", "position": {"x": -848.7048957087501, "y": -489.9999999999997}, "channel": 9}, "attempt": 1}
2026-09-13 00:14:16,514 INFO response {"request_id": "e5a48416560e4667b31ad1ef0455c505", "http_status": 200, "body": {"accepted": true, "real_timestamp_ms": 1789229653449, "virtual_time_s": 2877.327061, "measure_result": "no_signal"}}
2026-09-13 00:14:16,546 INFO request {"path": "/measure", "payload": {"arena_id": "default", "robot_id": "202601002029", "request_id": "8bdaab556bcb41b5a4c352d60fce2a03", "position": {"x": -848.7048957087501, "y": -489.9999999999997}, "channel": 11}, "attempt": 1}
2026-09-13 00:14:16,561 INFO response {"request_id": "8bdaab556bcb41b5a4c352d60fce2a03", "http_status": 200, "body": {"accepted": true, "real_timestamp_ms": 1789229653495, "virtual_time_s": 2883.327061, "measure_result": "no_signal"}}
2026-09-13 00:14:16,576 INFO request {"path": "/measure", "payload": {"arena_id": "default", "robot_id": "202601002029", "request_id": "8dbf5eeae25c4d87a680d3a93fe1d948", "position": {"x": -848.7048957087501, "y": -489.9999999999997}, "channel": 16}, "attempt": 1}
2026-09-13 00:14:16,590 INFO response {"request_id": "8dbf5eeae25c4d87a680d3a93fe1d948", "http_status": 200, "body": {"accepted": true, "real_timestamp_ms": 1789229653524, "virtual_time_s": 2889.327061, "measure_result": "no_signal"}}
2026-09-13 00:14:16,605 INFO request {"path": "/measure", "payload": {"arena_id": "default", "robot_id": "202601002029", "request_id": "e3f153925cf54cf59769467500d0657f", "position": {"x": -848.7048957087501, "y": -489.9999999999997}, "channel": 18}, "attempt": 1}
2026-09-13 00:14:16,607 INFO response {"request_id": "e3f153925cf54cf59769467500d0657f", "http_status": 200, "body": {"accepted": true, "real_timestamp_ms": 1789229653541, "virtual_time_s": 2895.327061, "measure_result": "no_signal"}}
2026-09-13 00:14:16,638 INFO request {"path": "/measure", "payload": {"arena_id": "default", "robot_id": "202601002029", "request_id": "d9281375034f44a5ac1c6f3377da333f", "position": {"x": -848.7048957087501, "y": -489.9999999999997}, "channel": 19}, "attempt": 1}
2026-09-13 00:14:16,640 INFO response {"request_id": "d9281375034f44a5ac1c6f3377da333f", "http_status": 200, "body": {"accepted": true, "real_timestamp_ms": 1789229653575, "virtual_time_s": 2901.327061, "measure_result": "no_signal"}}
2026-09-13 00:14:17,050 INFO request {"path": "/measure", "payload": {"arena_id": "default", "robot_id": "202601002029", "request_id": "bce69d7a023944a7997d8e3ca416b3b9", "position": {"x": -490.00000000000045, "y": -848.7048957087497}, "channel": 19}, "attempt": 1}
2026-09-13 00:14:17,065 INFO response {"request_id": "bce69d7a023944a7997d8e3ca416b3b9", "http_status": 200, "body": {"accepted": true, "real_timestamp_ms": 1789229653999, "virtual_time_s": 3007.784127, "measure_result": "no_signal"}}
2026-09-13 00:14:17,095 INFO request {"path": "/measure", "payload": {"arena_id": "default", "robot_id": "202601002029", "request_id": "5c7f76931f4942898d2e5e0d99310317", "position": {"x": -490.00000000000045, "y": -848.7048957087497}, "channel": 2}, "attempt": 1}
2026-09-13 00:14:17,115 INFO response {"request_id": "5c7f76931f4942898d2e5e0d99310317", "http_status": 200, "body": {"accepted": true, "real_timestamp_ms": 1789229654049, "virtual_time_s": 3013.784127, "measure_result": "no_signal"}}
2026-09-13 00:14:17,117 INFO request {"path": "/measure", "payload": {"arena_id": "default", "robot_id": "202601002029", "request_id": "c9bfc8beb6644e028fbfc8891b9fdd63", "position": {"x": -490.00000000000045, "y": -848.7048957087497}, "channel": 4}, "attempt": 1}
2026-09-13 00:14:17,119 INFO response {"request_id": "c9bfc8beb6644e028fbfc8891b9fdd63", "http_status": 200, "body": {"accepted": true, "real_timestamp_ms": 1789229654053, "virtual_time_s": 3019.784127, "measure_result": "no_signal"}}
2026-09-13 00:14:17,150 INFO request {"path": "/measure", "payload": {"arena_id": "default", "robot_id": "202601002029", "request_id": "f51671b9e62f4fa481b6b4b2fb61f0dd", "position": {"x": -490.00000000000045, "y": -848.7048957087497}, "channel": 6}, "attempt": 1}
2026-09-13 00:14:17,152 INFO response {"request_id": "f51671b9e62f4fa481b6b4b2fb61f0dd", "http_status": 200, "body": {"accepted": true, "real_timestamp_ms": 1789229654086, "virtual_time_s": 3025.784127, "measure_result": "no_signal"}}
2026-09-13 00:14:17,183 INFO request {"path": "/measure", "payload": {"arena_id": "default", "robot_id": "202601002029", "request_id": "6080ffd17e814c82a3edcd2b47073158", "position": {"x": -490.00000000000045, "y": -848.7048957087497}, "channel": 7}, "attempt": 1}
2026-09-13 00:14:17,184 INFO response {"request_id": "6080ffd17e814c82a3edcd2b47073158", "http_status": 200, "body": {"accepted": true, "real_timestamp_ms": 1789229654119, "virtual_time_s": 3031.784127, "measure_result": "no_signal"}}
2026-09-13 00:14:17,215 INFO request {"path": "/measure", "payload": {"arena_id": "default", "robot_id": "202601002029", "request_id": "33097a79c6c74d9889f76c6e84f1f3b1", "position": {"x": -490.00000000000045, "y": -848.7048957087497}, "channel": 9}, "attempt": 1}
2026-09-13 00:14:17,234 INFO response {"request_id": "33097a79c6c74d9889f76c6e84f1f3b1", "http_status": 200, "body": {"accepted": true, "real_timestamp_ms": 1789229654169, "virtual_time_s": 3037.784127, "measure_result": "no_signal"}}
2026-09-13 00:14:17,250 INFO request {"path": "/measure", "payload": {"arena_id": "default", "robot_id": "202601002029", "request_id": "e4e7838bc6ea4942a094dff90f6f77b4", "position": {"x": -490.00000000000045, "y": -848.7048957087497}, "channel": 11}, "attempt": 1}
2026-09-13 00:14:17,252 INFO response {"request_id": "e4e7838bc6ea4942a094dff90f6f77b4", "http_status": 200, "body": {"accepted": true, "real_timestamp_ms": 1789229654186, "virtual_time_s": 3043.784127, "measure_result": "no_signal"}}
2026-09-13 00:14:17,283 INFO request {"path": "/measure", "payload": {"arena_id": "default", "robot_id": "202601002029", "request_id": "acccd73ba9144b77a8a01310305993c6", "position": {"x": -490.00000000000045, "y": -848.7048957087497}, "channel": 16}, "attempt": 1}
2026-09-13 00:14:17,304 INFO response {"request_id": "acccd73ba9144b77a8a01310305993c6", "http_status": 200, "body": {"accepted": true, "real_timestamp_ms": 1789229654238, "virtual_time_s": 3049.784127, "measure_result": "no_signal"}}
2026-09-13 00:14:17,304 INFO request {"path": "/measure", "payload": {"arena_id": "default", "robot_id": "202601002029", "request_id": "ccdab76d37234f06b34e1dbca10d7246", "position": {"x": -490.00000000000045, "y": -848.7048957087497}, "channel": 18}, "attempt": 1}
2026-09-13 00:14:17,323 INFO response {"request_id": "ccdab76d37234f06b34e1dbca10d7246", "http_status": 200, "body": {"accepted": true, "real_timestamp_ms": 1789229654258, "virtual_time_s": 3055.784127, "measure_result": "no_signal"}}
2026-09-13 00:14:17,702 INFO request {"path": "/measure", "payload": {"arena_id": "default", "robot_id": "202601002029", "request_id": "d85a2891db0b427dad447f95665e9405", "position": {"x": -482.8444447608845, "y": -1801.9999999999995}, "channel": 18}, "attempt": 1}
2026-09-13 00:14:17,704 INFO response {"request_id": "d85a2891db0b427dad447f95665e9405", "http_status": 200, "body": {"accepted": true, "real_timestamp_ms": 1789229654638, "virtual_time_s": 3251.448519, "measure_result": "no_signal"}}
2026-09-13 00:14:17,734 INFO request {"path": "/measure", "payload": {"arena_id": "default", "robot_id": "202601002029", "request_id": "66b7eb42234c40d38f0d26b4317e1fbe", "position": {"x": -482.8444447608845, "y": -1801.9999999999995}, "channel": 2}, "attempt": 1}
2026-09-13 00:14:17,750 INFO response {"request_id": "66b7eb42234c40d38f0d26b4317e1fbe", "http_status": 200, "body": {"accepted": true, "real_timestamp_ms": 1789229654684, "virtual_time_s": 3257.448519, "measure_result": "no_signal"}}
2026-09-13 00:14:17,764 INFO request {"path": "/measure", "payload": {"arena_id": "default", "robot_id": "202601002029", "request_id": "11d204edca2344099246f94e65b8f0cc", "position": {"x": -482.8444447608845, "y": -1801.9999999999995}, "channel": 4}, "attempt": 1}
2026-09-13 00:14:17,778 INFO response {"request_id": "11d204edca2344099246f94e65b8f0cc", "http_status": 200, "body": {"accepted": true, "real_timestamp_ms": 1789229654713, "virtual_time_s": 3263.448519, "measure_result": "no_signal"}}
2026-09-13 00:14:17,794 INFO request {"path": "/measure", "payload": {"arena_id": "default", "robot_id": "202601002029", "request_id": "f279a959f5444034bbe6a0d71112d033", "position": {"x": -482.8444447608845, "y": -1801.9999999999995}, "channel": 6}, "attempt": 1}
2026-09-13 00:14:17,808 INFO response {"request_id": "f279a959f5444034bbe6a0d71112d033", "http_status": 200, "body": {"accepted": true, "real_timestamp_ms": 1789229654742, "virtual_time_s": 3269.448519, "measure_result": "no_signal"}}
2026-09-13 00:14:17,823 INFO request {"path": "/measure", "payload": {"arena_id": "default", "robot_id": "202601002029", "request_id": "22d1310ca2c14607a6d4392db0a4e926", "position": {"x": -482.8444447608845, "y": -1801.9999999999995}, "channel": 7}, "attempt": 1}
2026-09-13 00:14:17,824 INFO response {"request_id": "22d1310ca2c14607a6d4392db0a4e926", "http_status": 200, "body": {"accepted": true, "real_timestamp_ms": 1789229654759, "virtual_time_s": 3275.448519, "measure_result": "no_signal"}}
2026-09-13 00:14:17,855 INFO request {"path": "/measure", "payload": {"arena_id": "default", "robot_id": "202601002029", "request_id": "bde5ccee97bb4dbc8a71064e228d9401", "position": {"x": -482.8444447608845, "y": -1801.9999999999995}, "channel": 9}, "attempt": 1}
2026-09-13 00:14:17,876 INFO response {"request_id": "bde5ccee97bb4dbc8a71064e228d9401", "http_status": 200, "body": {"accepted": true, "real_timestamp_ms": 1789229654810, "virtual_time_s": 3281.448519, "measure_result": "no_signal"}}
2026-09-13 00:14:17,891 INFO request {"path": "/measure", "payload": {"arena_id": "default", "robot_id": "202601002029", "request_id": "22fd32f050bc430ebe034bfd58ec4932", "position": {"x": -482.8444447608845, "y": -1801.9999999999995}, "channel": 11}, "attempt": 1}
2026-09-13 00:14:17,893 INFO response {"request_id": "22fd32f050bc430ebe034bfd58ec4932", "http_status": 200, "body": {"accepted": true, "real_timestamp_ms": 1789229654828, "virtual_time_s": 3287.448519, "measure_result": "no_signal"}}
2026-09-13 00:14:17,924 INFO request {"path": "/measure", "payload": {"arena_id": "default", "robot_id": "202601002029", "request_id": "b4b9834c488444b6bc867e8f4eb197b8", "position": {"x": -482.8444447608845, "y": -1801.9999999999995}, "channel": 16}, "attempt": 1}
2026-09-13 00:14:17,927 INFO response {"request_id": "b4b9834c488444b6bc867e8f4eb197b8", "http_status": 200, "body": {"accepted": true, "real_timestamp_ms": 1789229654861, "virtual_time_s": 3293.448519, "measure_result": "no_signal"}}
2026-09-13 00:14:17,942 INFO request {"path": "/measure", "payload": {"arena_id": "default", "robot_id": "202601002029", "request_id": "50393ac5fa31405daeaaf60f8a908103", "position": {"x": -482.8444447608845, "y": -1801.9999999999995}, "channel": 19}, "attempt": 1}
2026-09-13 00:14:17,955 INFO response {"request_id": "50393ac5fa31405daeaaf60f8a908103", "http_status": 200, "body": {"accepted": true, "real_timestamp_ms": 1789229654888, "virtual_time_s": 3299.448519, "measure_result": "no_signal"}}
2026-09-13 00:14:18,299 INFO request {"path": "/measure", "payload": {"arena_id": "default", "robot_id": "202601002029", "request_id": "e362b86001444225be6b2a9b7ad5d73a", "position": {"x": -1319.1555552391176, "y": -1319.1555552391162}, "channel": 19}, "attempt": 1}
2026-09-13 00:14:18,312 INFO response {"request_id": "e362b86001444225be6b2a9b7ad5d73a", "http_status": 200, "body": {"accepted": true, "real_timestamp_ms": 1789229655247, "virtual_time_s": 3497.586297, "measure_result": "no_signal"}}
2026-09-13 00:14:18,327 INFO request {"path": "/measure", "payload": {"arena_id": "default", "robot_id": "202601002029", "request_id": "ff7f8b88c467492e8de897967a0ffa74", "position": {"x": -1319.1555552391176, "y": -1319.1555552391162}, "channel": 2}, "attempt": 1}
2026-09-13 00:14:18,328 INFO response {"request_id": "ff7f8b88c467492e8de897967a0ffa74", "http_status": 200, "body": {"accepted": true, "real_timestamp_ms": 1789229655263, "virtual_time_s": 3503.586297, "measure_result": "no_signal"}}
2026-09-13 00:14:18,359 INFO request {"path": "/measure", "payload": {"arena_id": "default", "robot_id": "202601002029", "request_id": "a04ef8adab8d4130aea8efa567c4398c", "position": {"x": -1319.1555552391176, "y": -1319.1555552391162}, "channel": 4}, "attempt": 1}
2026-09-13 00:14:18,362 INFO response {"request_id": "a04ef8adab8d4130aea8efa567c4398c", "http_status": 200, "body": {"accepted": true, "real_timestamp_ms": 1789229655296, "virtual_time_s": 3509.586297, "measure_result": "no_signal"}}
2026-09-13 00:14:18,393 INFO request {"path": "/measure", "payload": {"arena_id": "default", "robot_id": "202601002029", "request_id": "6d3ca15d2549498d8ed9983d55eb9cb0", "position": {"x": -1319.1555552391176, "y": -1319.1555552391162}, "channel": 6}, "attempt": 1}
2026-09-13 00:14:18,413 INFO response {"request_id": "6d3ca15d2549498d8ed9983d55eb9cb0", "http_status": 200, "body": {"accepted": true, "real_timestamp_ms": 1789229655347, "virtual_time_s": 3515.586297, "measure_result": "no_signal"}}
2026-09-13 00:14:18,413 INFO request {"path": "/measure", "payload": {"arena_id": "default", "robot_id": "202601002029", "request_id": "9a1f76d23c8a484daf450a4ab964ccc9", "position": {"x": -1319.1555552391176, "y": -1319.1555552391162}, "channel": 7}, "attempt": 1}
2026-09-13 00:14:18,432 INFO response {"request_id": "9a1f76d23c8a484daf450a4ab964ccc9", "http_status": 200, "body": {"accepted": true, "real_timestamp_ms": 1789229655366, "virtual_time_s": 3521.586297, "measure_result": "no_signal"}}
2026-09-13 00:14:18,447 INFO request {"path": "/measure", "payload": {"arena_id": "default", "robot_id": "202601002029", "request_id": "29c779bc34a648bd91213c5535217ba5", "position": {"x": -1319.1555552391176, "y": -1319.1555552391162}, "channel": 9}, "attempt": 1}
2026-09-13 00:14:18,449 INFO response {"request_id": "29c779bc34a648bd91213c5535217ba5", "http_status": 200, "body": {"accepted": true, "real_timestamp_ms": 1789229655384, "virtual_time_s": 3527.586297, "measure_result": "no_signal"}}
2026-09-13 00:14:18,481 INFO request {"path": "/measure", "payload": {"arena_id": "default", "robot_id": "202601002029", "request_id": "43a5d1aa75c04cfba9794461e5fad957", "position": {"x": -1319.1555552391176, "y": -1319.1555552391162}, "channel": 11}, "attempt": 1}
2026-09-13 00:14:18,483 INFO response {"request_id": "43a5d1aa75c04cfba9794461e5fad957", "http_status": 200, "body": {"accepted": true, "real_timestamp_ms": 1789229655417, "virtual_time_s": 3533.586297, "measure_result": "no_signal"}}
2026-09-13 00:14:18,514 INFO request {"path": "/measure", "payload": {"arena_id": "default", "robot_id": "202601002029", "request_id": "0b26b333d77b445ba35ab43db284de5a", "position": {"x": -1319.1555552391176, "y": -1319.1555552391162}, "channel": 16}, "attempt": 1}
2026-09-13 00:14:18,531 INFO response {"request_id": "0b26b333d77b445ba35ab43db284de5a", "http_status": 200, "body": {"accepted": true, "real_timestamp_ms": 1789229655465, "virtual_time_s": 3539.586297, "measure_result": "no_signal"}}
2026-09-13 00:14:18,547 INFO request {"path": "/measure", "payload": {"arena_id": "default", "robot_id": "202601002029", "request_id": "1669beee1108459f9cff63fd42c804f3", "position": {"x": -1319.1555552391176, "y": -1319.1555552391162}, "channel": 18}, "attempt": 1}
2026-09-13 00:14:18,549 INFO response {"request_id": "1669beee1108459f9cff63fd42c804f3", "http_status": 200, "body": {"accepted": true, "real_timestamp_ms": 1789229655483, "virtual_time_s": 3545.586297, "measure_result": "no_signal"}}
2026-09-13 00:14:18,878 INFO request {"path": "/measure", "payload": {"arena_id": "default", "robot_id": "202601002029", "request_id": "aa2f8ac888bb49358d6c790bbd7d74f7", "position": {"x": -1802.0000000000002, "y": -482.84444476088237}, "channel": 18}, "attempt": 1}
2026-09-13 00:14:18,895 INFO response {"request_id": "aa2f8ac888bb49358d6c790bbd7d74f7", "http_status": 200, "body": {"accepted": true, "real_timestamp_ms": 1789229655830, "virtual_time_s": 3743.724075, "measure_result": "no_signal"}}
2026-09-13 00:14:18,895 INFO request {"path": "/measure", "payload": {"arena_id": "default", "robot_id": "202601002029", "request_id": "a164b19508c7418e86ca49eff0c9e09b", "position": {"x": -1802.0000000000002, "y": -482.84444476088237}, "channel": 2}, "attempt": 1}
2026-09-13 00:14:18,897 INFO response {"request_id": "a164b19508c7418e86ca49eff0c9e09b", "http_status": 200, "body": {"accepted": true, "real_timestamp_ms": 1789229655831, "virtual_time_s": 3749.724075, "measure_result": "direction", "svd_deg": 67.0}}
2026-09-13 00:14:18,930 INFO request {"path": "/measure", "payload": {"arena_id": "default", "robot_id": "202601002029", "request_id": "6813739fc1fd447e8f9ed5b24ddc53eb", "position": {"x": -1802.0000000000002, "y": -482.84444476088237}, "channel": 4}, "attempt": 1}
2026-09-13 00:14:18,945 INFO response {"request_id": "6813739fc1fd447e8f9ed5b24ddc53eb", "http_status": 200, "body": {"accepted": true, "real_timestamp_ms": 1789229655879, "virtual_time_s": 3755.724075, "measure_result": "no_signal"}}
2026-09-13 00:14:18,961 INFO request {"path": "/measure", "payload": {"arena_id": "default", "robot_id": "202601002029", "request_id": "9f066372238244cfb00857d4e41b9038", "position": {"x": -1802.0000000000002, "y": -482.84444476088237}, "channel": 6}, "attempt": 1}
2026-09-13 00:14:18,975 INFO response {"request_id": "9f066372238244cfb00857d4e41b9038", "http_status": 200, "body": {"accepted": true, "real_timestamp_ms": 1789229655909, "virtual_time_s": 3761.724075, "measure_result": "no_signal"}}
2026-09-13 00:14:18,991 INFO request {"path": "/measure", "payload": {"arena_id": "default", "robot_id": "202601002029", "request_id": "9a6885eb19f24a929b95771de8bc4712", "position": {"x": -1802.0000000000002, "y": -482.84444476088237}, "channel": 7}, "attempt": 1}
2026-09-13 00:14:19,003 INFO response {"request_id": "9a6885eb19f24a929b95771de8bc4712", "http_status": 200, "body": {"accepted": true, "real_timestamp_ms": 1789229655938, "virtual_time_s": 3767.724075, "measure_result": "no_signal"}}
2026-09-13 00:14:19,034 INFO request {"path": "/measure", "payload": {"arena_id": "default", "robot_id": "202601002029", "request_id": "23baf901043d44edb1223a7c0abcea7a", "position": {"x": -1802.0000000000002, "y": -482.84444476088237}, "channel": 9}, "attempt": 1}
2026-09-13 00:14:19,053 INFO response {"request_id": "23baf901043d44edb1223a7c0abcea7a", "http_status": 200, "body": {"accepted": true, "real_timestamp_ms": 1789229655987, "virtual_time_s": 3773.724075, "measure_result": "no_signal"}}
2026-09-13 00:14:19,053 INFO request {"path": "/measure", "payload": {"arena_id": "default", "robot_id": "202601002029", "request_id": "d42199efc6f647abb50263ff1bf2e1b0", "position": {"x": -1802.0000000000002, "y": -482.84444476088237}, "channel": 11}, "attempt": 1}
2026-09-13 00:14:19,054 INFO response {"request_id": "d42199efc6f647abb50263ff1bf2e1b0", "http_status": 200, "body": {"accepted": true, "real_timestamp_ms": 1789229655989, "virtual_time_s": 3779.724075, "measure_result": "no_signal"}}
2026-09-13 00:14:19,085 INFO request {"path": "/measure", "payload": {"arena_id": "default", "robot_id": "202601002029", "request_id": "7f7a0c36a7e14cc0937a346c3a45420b", "position": {"x": -1802.0000000000002, "y": -482.84444476088237}, "channel": 16}, "attempt": 1}
2026-09-13 00:14:19,103 INFO response {"request_id": "7f7a0c36a7e14cc0937a346c3a45420b", "http_status": 200, "body": {"accepted": true, "real_timestamp_ms": 1789229656038, "virtual_time_s": 3785.724075, "measure_result": "no_signal"}}
2026-09-13 00:14:19,119 INFO request {"path": "/measure", "payload": {"arena_id": "default", "robot_id": "202601002029", "request_id": "bd3ac187057e49cfb1ce3845efa849d9", "position": {"x": -1802.0000000000002, "y": -482.84444476088237}, "channel": 19}, "attempt": 1}
2026-09-13 00:14:19,133 INFO response {"request_id": "bd3ac187057e49cfb1ce3845efa849d9", "http_status": 200, "body": {"accepted": true, "real_timestamp_ms": 1789229656068, "virtual_time_s": 3791.724075, "measure_result": "no_signal"}}
2026-09-13 00:14:19,670 INFO request {"path": "/measure", "payload": {"arena_id": "default", "robot_id": "202601002029", "request_id": "90310c9d72a74421a5c1c4c0b1c3e3de", "position": {"x": -1801.9999999999998, "y": 482.84444476088356}, "channel": 19}, "attempt": 1}
2026-09-13 00:14:19,688 INFO response {"request_id": "90310c9d72a74421a5c1c4c0b1c3e3de", "http_status": 200, "body": {"accepted": true, "real_timestamp_ms": 1789229656622, "virtual_time_s": 3989.861853, "measure_result": "no_signal"}}
2026-09-13 00:14:19,703 INFO request {"path": "/measure", "payload": {"arena_id": "default", "robot_id": "202601002029", "request_id": "dd3eea653efa4bd791df8d23fe96d11d", "position": {"x": -1801.9999999999998, "y": 482.84444476088356}, "channel": 4}, "attempt": 1}
2026-09-13 00:14:19,705 INFO response {"request_id": "dd3eea653efa4bd791df8d23fe96d11d", "http_status": 200, "body": {"accepted": true, "real_timestamp_ms": 1789229656640, "virtual_time_s": 3995.861853, "measure_result": "no_signal"}}
2026-09-13 00:14:19,737 INFO request {"path": "/measure", "payload": {"arena_id": "default", "robot_id": "202601002029", "request_id": "bc206faafca84a0c980ebf3ff4de4a85", "position": {"x": -1801.9999999999998, "y": 482.84444476088356}, "channel": 6}, "attempt": 1}
2026-09-13 00:14:19,740 INFO response {"request_id": "bc206faafca84a0c980ebf3ff4de4a85", "http_status": 200, "body": {"accepted": true, "real_timestamp_ms": 1789229656673, "virtual_time_s": 4001.861853, "measure_result": "no_signal"}}
2026-09-13 00:14:19,754 INFO request {"path": "/measure", "payload": {"arena_id": "default", "robot_id": "202601002029", "request_id": "1f049abc0ad6448b95714cbdc793790b", "position": {"x": -1801.9999999999998, "y": 482.84444476088356}, "channel": 7}, "attempt": 1}
2026-09-13 00:14:19,766 INFO response {"request_id": "1f049abc0ad6448b95714cbdc793790b", "http_status": 200, "body": {"accepted": true, "real_timestamp_ms": 1789229656701, "virtual_time_s": 4007.861853, "measure_result": "no_signal"}}
2026-09-13 00:14:19,797 INFO request {"path": "/measure", "payload": {"arena_id": "default", "robot_id": "202601002029", "request_id": "403adc53e73843da90085003f1d57b93", "position": {"x": -1801.9999999999998, "y": 482.84444476088356}, "channel": 9}, "attempt": 1}
2026-09-13 00:14:19,799 INFO response {"request_id": "403adc53e73843da90085003f1d57b93", "http_status": 200, "body": {"accepted": true, "real_timestamp_ms": 1789229656733, "virtual_time_s": 4013.861853, "measure_result": "no_signal"}}
2026-09-13 00:14:19,830 INFO request {"path": "/measure", "payload": {"arena_id": "default", "robot_id": "202601002029", "request_id": "43853c48400b48b4bfafcec535ec6b01", "position": {"x": -1801.9999999999998, "y": 482.84444476088356}, "channel": 11}, "attempt": 1}
2026-09-13 00:14:19,832 INFO response {"request_id": "43853c48400b48b4bfafcec535ec6b01", "http_status": 200, "body": {"accepted": true, "real_timestamp_ms": 1789229656766, "virtual_time_s": 4019.861853, "measure_result": "no_signal"}}
2026-09-13 00:14:19,847 INFO request {"path": "/measure", "payload": {"arena_id": "default", "robot_id": "202601002029", "request_id": "7214fbd2294344aea475030ef9366f03", "position": {"x": -1801.9999999999998, "y": 482.84444476088356}, "channel": 16}, "attempt": 1}
2026-09-13 00:14:19,849 INFO response {"request_id": "7214fbd2294344aea475030ef9366f03", "http_status": 200, "body": {"accepted": true, "real_timestamp_ms": 1789229656783, "virtual_time_s": 4025.861853, "measure_result": "no_signal"}}
2026-09-13 00:14:19,865 INFO request {"path": "/measure", "payload": {"arena_id": "default", "robot_id": "202601002029", "request_id": "a3bfa780ed164e66a143cd9b02c62bf9", "position": {"x": -1801.9999999999998, "y": 482.84444476088356}, "channel": 18}, "attempt": 1}
2026-09-13 00:14:19,867 INFO response {"request_id": "a3bfa780ed164e66a143cd9b02c62bf9", "http_status": 200, "body": {"accepted": true, "real_timestamp_ms": 1789229656801, "virtual_time_s": 4031.861853, "measure_result": "no_signal"}}
2026-09-13 00:14:19,902 INFO request {"path": "/measure", "payload": {"arena_id": "default", "robot_id": "202601002029", "request_id": "86a0264780754aad8597b06cf30e191d", "position": {"x": -1801.9999999999998, "y": 482.84444476088356}, "channel": 2}, "attempt": 1}
2026-09-13 00:14:19,904 INFO response {"request_id": "86a0264780754aad8597b06cf30e191d", "http_status": 200, "body": {"accepted": true, "real_timestamp_ms": 1789229656838, "virtual_time_s": 4037.861853, "measure_result": "direction", "svd_deg": 315.35}}
2026-09-13 00:14:20,169 INFO request {"path": "/measure", "payload": {"arena_id": "default", "robot_id": "202601002029", "request_id": "e730deb6cb2d42c5b3d1161d2162ec4a", "position": {"x": -1319.1555552391167, "y": 1319.155555239117}, "channel": 4}, "attempt": 1}
2026-09-13 00:14:20,191 INFO response {"request_id": "e730deb6cb2d42c5b3d1161d2162ec4a", "http_status": 200, "body": {"accepted": true, "real_timestamp_ms": 1789229657125, "virtual_time_s": 4236.999631, "measure_result": "no_signal"}}
2026-09-13 00:14:20,191 INFO request {"path": "/measure", "payload": {"arena_id": "default", "robot_id": "202601002029", "request_id": "c9ade647511a4795bfc14ef1bd4dd6ee", "position": {"x": -1319.1555552391167, "y": 1319.155555239117}, "channel": 6}, "attempt": 1}
2026-09-13 00:14:20,192 INFO response {"request_id": "c9ade647511a4795bfc14ef1bd4dd6ee", "http_status": 200, "body": {"accepted": true, "real_timestamp_ms": 1789229657127, "virtual_time_s": 4242.999631, "measure_result": "no_signal"}}
2026-09-13 00:14:20,223 INFO request {"path": "/measure", "payload": {"arena_id": "default", "robot_id": "202601002029", "request_id": "76c1186812cc4702b1fcc768b52460d9", "position": {"x": -1319.1555552391167, "y": 1319.155555239117}, "channel": 7}, "attempt": 1}
2026-09-13 00:14:20,224 INFO response {"request_id": "76c1186812cc4702b1fcc768b52460d9", "http_status": 200, "body": {"accepted": true, "real_timestamp_ms": 1789229657159, "virtual_time_s": 4248.999631, "measure_result": "no_signal"}}
2026-09-13 00:14:20,255 INFO request {"path": "/measure", "payload": {"arena_id": "default", "robot_id": "202601002029", "request_id": "8b3a24c736444d20a2ac0d2b1ba71af0", "position": {"x": -1319.1555552391167, "y": 1319.155555239117}, "channel": 9}, "attempt": 1}
2026-09-13 00:14:20,258 INFO response {"request_id": "8b3a24c736444d20a2ac0d2b1ba71af0", "http_status": 200, "body": {"accepted": true, "real_timestamp_ms": 1789229657191, "virtual_time_s": 4254.999631, "measure_result": "no_signal"}}
2026-09-13 00:14:20,288 INFO request {"path": "/measure", "payload": {"arena_id": "default", "robot_id": "202601002029", "request_id": "4bc4f84829d248aa85852234ebe734b7", "position": {"x": -1319.1555552391167, "y": 1319.155555239117}, "channel": 11}, "attempt": 1}
2026-09-13 00:14:20,290 INFO response {"request_id": "4bc4f84829d248aa85852234ebe734b7", "http_status": 200, "body": {"accepted": true, "real_timestamp_ms": 1789229657225, "virtual_time_s": 4260.999631, "measure_result": "no_signal"}}
2026-09-13 00:14:20,321 INFO request {"path": "/measure", "payload": {"arena_id": "default", "robot_id": "202601002029", "request_id": "3a0cf073f6064e66a74bd7bac5887468", "position": {"x": -1319.1555552391167, "y": 1319.155555239117}, "channel": 16}, "attempt": 1}
2026-09-13 00:14:20,338 INFO response {"request_id": "3a0cf073f6064e66a74bd7bac5887468", "http_status": 200, "body": {"accepted": true, "real_timestamp_ms": 1789229657272, "virtual_time_s": 4266.999631, "measure_result": "no_signal"}}
2026-09-13 00:14:20,353 INFO request {"path": "/measure", "payload": {"arena_id": "default", "robot_id": "202601002029", "request_id": "0580aea29d4c4cedb2aa7b56a1c2457c", "position": {"x": -1319.1555552391167, "y": 1319.155555239117}, "channel": 18}, "attempt": 1}
2026-09-13 00:14:20,368 INFO response {"request_id": "0580aea29d4c4cedb2aa7b56a1c2457c", "http_status": 200, "body": {"accepted": true, "real_timestamp_ms": 1789229657302, "virtual_time_s": 4272.999631, "measure_result": "no_signal"}}
2026-09-13 00:14:20,383 INFO request {"path": "/measure", "payload": {"arena_id": "default", "robot_id": "202601002029", "request_id": "9a008fa5c3c640d4bae30980c8f60ad4", "position": {"x": -1319.1555552391167, "y": 1319.155555239117}, "channel": 19}, "attempt": 1}
2026-09-13 00:14:20,384 INFO response {"request_id": "9a008fa5c3c640d4bae30980c8f60ad4", "http_status": 200, "body": {"accepted": true, "real_timestamp_ms": 1789229657319, "virtual_time_s": 4278.999631, "measure_result": "no_signal"}}
2026-09-13 00:14:20,597 INFO request {"path": "/measure", "payload": {"arena_id": "default", "robot_id": "202601002029", "request_id": "b54e5e3f0b504bc8ba577fe1712e3228", "position": {"x": -482.8444447608829, "y": 1802.0}, "channel": 19}, "attempt": 1}
2026-09-13 00:14:20,599 INFO response {"request_id": "b54e5e3f0b504bc8ba577fe1712e3228", "http_status": 200, "body": {"accepted": true, "real_timestamp_ms": 1789229657533, "virtual_time_s": 4477.137409, "measure_result": "no_signal"}}
2026-09-13 00:14:20,629 INFO request {"path": "/measure", "payload": {"arena_id": "default", "robot_id": "202601002029", "request_id": "d36d557d5f47491392b88ffff28b5f8b", "position": {"x": -482.8444447608829, "y": 1802.0}, "channel": 4}, "attempt": 1}
2026-09-13 00:14:20,645 INFO response {"request_id": "d36d557d5f47491392b88ffff28b5f8b", "http_status": 200, "body": {"accepted": true, "real_timestamp_ms": 1789229657580, "virtual_time_s": 4483.137409, "measure_result": "no_signal"}}
2026-09-13 00:14:20,661 INFO request {"path": "/measure", "payload": {"arena_id": "default", "robot_id": "202601002029", "request_id": "b4fd49558cc14b75a4872200df9cdaa4", "position": {"x": -482.8444447608829, "y": 1802.0}, "channel": 6}, "attempt": 1}
2026-09-13 00:14:20,664 INFO response {"request_id": "b4fd49558cc14b75a4872200df9cdaa4", "http_status": 200, "body": {"accepted": true, "real_timestamp_ms": 1789229657598, "virtual_time_s": 4489.137409, "measure_result": "no_signal"}}
2026-09-13 00:14:20,694 INFO request {"path": "/measure", "payload": {"arena_id": "default", "robot_id": "202601002029", "request_id": "43c41a33cc5b43579a309333ff0dfa54", "position": {"x": -482.8444447608829, "y": 1802.0}, "channel": 7}, "attempt": 1}
2026-09-13 00:14:20,696 INFO response {"request_id": "43c41a33cc5b43579a309333ff0dfa54", "http_status": 200, "body": {"accepted": true, "real_timestamp_ms": 1789229657631, "virtual_time_s": 4495.137409, "measure_result": "no_signal"}}
2026-09-13 00:14:20,727 INFO request {"path": "/measure", "payload": {"arena_id": "default", "robot_id": "202601002029", "request_id": "688b7bd27ae9406b9d428555d7cc0ca6", "position": {"x": -482.8444447608829, "y": 1802.0}, "channel": 9}, "attempt": 1}
2026-09-13 00:14:20,729 INFO response {"request_id": "688b7bd27ae9406b9d428555d7cc0ca6", "http_status": 200, "body": {"accepted": true, "real_timestamp_ms": 1789229657663, "virtual_time_s": 4501.137409, "measure_result": "no_signal"}}
2026-09-13 00:14:20,761 INFO request {"path": "/measure", "payload": {"arena_id": "default", "robot_id": "202601002029", "request_id": "40646eaa9cc740368156b349d932fa83", "position": {"x": -482.8444447608829, "y": 1802.0}, "channel": 11}, "attempt": 1}
2026-09-13 00:14:20,763 INFO response {"request_id": "40646eaa9cc740368156b349d932fa83", "http_status": 200, "body": {"accepted": true, "real_timestamp_ms": 1789229657697, "virtual_time_s": 4507.137409, "measure_result": "no_signal"}}
2026-09-13 00:14:20,794 INFO request {"path": "/measure", "payload": {"arena_id": "default", "robot_id": "202601002029", "request_id": "10ce366a4b5a4e2aa5a92c83ca83a1a3", "position": {"x": -482.8444447608829, "y": 1802.0}, "channel": 16}, "attempt": 1}
2026-09-13 00:14:20,795 INFO response {"request_id": "10ce366a4b5a4e2aa5a92c83ca83a1a3", "http_status": 200, "body": {"accepted": true, "real_timestamp_ms": 1789229657729, "virtual_time_s": 4513.137409, "measure_result": "no_signal"}}
2026-09-13 00:14:20,825 INFO request {"path": "/measure", "payload": {"arena_id": "default", "robot_id": "202601002029", "request_id": "3729d0ced3964d89ada1f8b098bde405", "position": {"x": -482.8444447608829, "y": 1802.0}, "channel": 18}, "attempt": 1}
2026-09-13 00:14:20,842 INFO response {"request_id": "3729d0ced3964d89ada1f8b098bde405", "http_status": 200, "body": {"accepted": true, "real_timestamp_ms": 1789229657776, "virtual_time_s": 4519.137409, "measure_result": "no_signal"}}
2026-09-13 00:14:21,059 INFO request {"path": "/measure", "payload": {"arena_id": "default", "robot_id": "202601002029", "request_id": "5233750a45bc4029a70e51187ac5e4f0", "position": {"x": 482.8444447608835, "y": 1801.9999999999998}, "channel": 18}, "attempt": 1}
2026-09-13 00:14:21,078 INFO response {"request_id": "5233750a45bc4029a70e51187ac5e4f0", "http_status": 200, "body": {"accepted": true, "real_timestamp_ms": 1789229658013, "virtual_time_s": 4717.275187, "measure_result": "no_signal"}}
2026-09-13 00:14:21,094 INFO request {"path": "/measure", "payload": {"arena_id": "default", "robot_id": "202601002029", "request_id": "7ed8a7252a374e519d103ea4b9ac0dee", "position": {"x": 482.8444447608835, "y": 1801.9999999999998}, "channel": 4}, "attempt": 1}
2026-09-13 00:14:21,096 INFO response {"request_id": "7ed8a7252a374e519d103ea4b9ac0dee", "http_status": 200, "body": {"accepted": true, "real_timestamp_ms": 1789229658031, "virtual_time_s": 4723.275187, "measure_result": "no_signal"}}
2026-09-13 00:14:21,127 INFO request {"path": "/measure", "payload": {"arena_id": "default", "robot_id": "202601002029", "request_id": "52d628c7841240218b9e445bb0d2832b", "position": {"x": 482.8444447608835, "y": 1801.9999999999998}, "channel": 6}, "attempt": 1}
2026-09-13 00:14:21,129 INFO response {"request_id": "52d628c7841240218b9e445bb0d2832b", "http_status": 200, "body": {"accepted": true, "real_timestamp_ms": 1789229658063, "virtual_time_s": 4729.275187, "measure_result": "no_signal"}}
2026-09-13 00:14:21,144 INFO request {"path": "/measure", "payload": {"arena_id": "default", "robot_id": "202601002029", "request_id": "1c74ebdd4fb5466399c9a708573c06c3", "position": {"x": 482.8444447608835, "y": 1801.9999999999998}, "channel": 7}, "attempt": 1}
2026-09-13 00:14:21,145 INFO response {"request_id": "1c74ebdd4fb5466399c9a708573c06c3", "http_status": 200, "body": {"accepted": true, "real_timestamp_ms": 1789229658080, "virtual_time_s": 4735.275187, "measure_result": "no_signal"}}
2026-09-13 00:14:21,162 INFO request {"path": "/measure", "payload": {"arena_id": "default", "robot_id": "202601002029", "request_id": "17fcee11613441d993182accf4a2f9b1", "position": {"x": 482.8444447608835, "y": 1801.9999999999998}, "channel": 9}, "attempt": 1}
2026-09-13 00:14:21,163 INFO response {"request_id": "17fcee11613441d993182accf4a2f9b1", "http_status": 200, "body": {"accepted": true, "real_timestamp_ms": 1789229658098, "virtual_time_s": 4741.275187, "measure_result": "no_signal"}}
2026-09-13 00:14:21,194 INFO request {"path": "/measure", "payload": {"arena_id": "default", "robot_id": "202601002029", "request_id": "beef15692eaf45f8bacd1bbe02a14e9d", "position": {"x": 482.8444447608835, "y": 1801.9999999999998}, "channel": 11}, "attempt": 1}
2026-09-13 00:14:21,196 INFO response {"request_id": "beef15692eaf45f8bacd1bbe02a14e9d", "http_status": 200, "body": {"accepted": true, "real_timestamp_ms": 1789229658130, "virtual_time_s": 4747.275187, "measure_result": "no_signal"}}
2026-09-13 00:14:21,226 INFO request {"path": "/measure", "payload": {"arena_id": "default", "robot_id": "202601002029", "request_id": "c76eedbc2ee142dda6a020b515d77706", "position": {"x": 482.8444447608835, "y": 1801.9999999999998}, "channel": 16}, "attempt": 1}
2026-09-13 00:14:21,229 INFO response {"request_id": "c76eedbc2ee142dda6a020b515d77706", "http_status": 200, "body": {"accepted": true, "real_timestamp_ms": 1789229658163, "virtual_time_s": 4753.275187, "measure_result": "no_signal"}}
2026-09-13 00:14:21,259 INFO request {"path": "/measure", "payload": {"arena_id": "default", "robot_id": "202601002029", "request_id": "a505362f3b36492faf08e2722958cc15", "position": {"x": 482.8444447608835, "y": 1801.9999999999998}, "channel": 19}, "attempt": 1}
2026-09-13 00:14:21,261 INFO response {"request_id": "a505362f3b36492faf08e2722958cc15", "http_status": 200, "body": {"accepted": true, "real_timestamp_ms": 1789229658196, "virtual_time_s": 4759.275187, "measure_result": "no_signal"}}
2026-09-13 00:14:21,322 INFO request {"path": "/measure", "payload": {"arena_id": "default", "robot_id": "202601002029", "request_id": "e78a1aa6f35e4df9bd04d4e6eb3764d6", "position": {"x": 482.8444447608835, "y": 1801.9999999999998}, "channel": 15}, "attempt": 1}
2026-09-13 00:14:21,324 INFO response {"request_id": "e78a1aa6f35e4df9bd04d4e6eb3764d6", "http_status": 200, "body": {"accepted": true, "real_timestamp_ms": 1789229658258, "virtual_time_s": 4765.275187, "measure_result": "direction", "svd_deg": 215.04}}
2026-09-13 00:14:21,401 INFO request {"path": "/measure", "payload": {"arena_id": "default", "robot_id": "202601002029", "request_id": "1dd991edfd6646f79685a6b80bee186d", "position": {"x": 1319.155555239117, "y": 1319.155555239117}, "channel": 4}, "attempt": 1}
2026-09-13 00:14:21,402 INFO response {"request_id": "1dd991edfd6646f79685a6b80bee186d", "http_status": 200, "body": {"accepted": true, "real_timestamp_ms": 1789229658337, "virtual_time_s": 4964.412965, "measure_result": "no_signal"}}
2026-09-13 00:14:21,433 INFO request {"path": "/measure", "payload": {"arena_id": "default", "robot_id": "202601002029", "request_id": "c1b64a8c83ff4c48a238a249add4481d", "position": {"x": 1319.155555239117, "y": 1319.155555239117}, "channel": 6}, "attempt": 1}
2026-09-13 00:14:21,435 INFO response {"request_id": "c1b64a8c83ff4c48a238a249add4481d", "http_status": 200, "body": {"accepted": true, "real_timestamp_ms": 1789229658369, "virtual_time_s": 4970.412965, "measure_result": "direction", "svd_deg": 255.29}}
2026-09-13 00:14:21,471 INFO request {"path": "/measure", "payload": {"arena_id": "default", "robot_id": "202601002029", "request_id": "13e94e30ea7d43ab8f167950eb8ba633", "position": {"x": 1319.155555239117, "y": 1319.155555239117}, "channel": 7}, "attempt": 1}
2026-09-13 00:14:21,471 INFO response {"request_id": "13e94e30ea7d43ab8f167950eb8ba633", "http_status": 200, "body": {"accepted": true, "real_timestamp_ms": 1789229658406, "virtual_time_s": 4976.412965, "measure_result": "no_signal"}}
2026-09-13 00:14:21,487 INFO request {"path": "/measure", "payload": {"arena_id": "default", "robot_id": "202601002029", "request_id": "348302b3a0fd4903aaa8dc82e309451c", "position": {"x": 1319.155555239117, "y": 1319.155555239117}, "channel": 9}, "attempt": 1}
2026-09-13 00:14:21,489 INFO response {"request_id": "348302b3a0fd4903aaa8dc82e309451c", "http_status": 200, "body": {"accepted": true, "real_timestamp_ms": 1789229658424, "virtual_time_s": 4982.412965, "measure_result": "no_signal"}}
2026-09-13 00:14:21,504 INFO request {"path": "/measure", "payload": {"arena_id": "default", "robot_id": "202601002029", "request_id": "63e40279fca847bb97c7525f86e3250f", "position": {"x": 1319.155555239117, "y": 1319.155555239117}, "channel": 11}, "attempt": 1}
2026-09-13 00:14:21,522 INFO response {"request_id": "63e40279fca847bb97c7525f86e3250f", "http_status": 200, "body": {"accepted": true, "real_timestamp_ms": 1789229658456, "virtual_time_s": 4988.412965, "measure_result": "no_signal"}}
2026-09-13 00:14:21,538 INFO request {"path": "/measure", "payload": {"arena_id": "default", "robot_id": "202601002029", "request_id": "f2eaf88e4174451c943e81cf472ce4ae", "position": {"x": 1319.155555239117, "y": 1319.155555239117}, "channel": 16}, "attempt": 1}
2026-09-13 00:14:21,540 INFO response {"request_id": "f2eaf88e4174451c943e81cf472ce4ae", "http_status": 200, "body": {"accepted": true, "real_timestamp_ms": 1789229658474, "virtual_time_s": 4994.412965, "measure_result": "no_signal"}}
2026-09-13 00:14:21,571 INFO request {"path": "/measure", "payload": {"arena_id": "default", "robot_id": "202601002029", "request_id": "f5f7da7499894bf283fa7d9b88eeb5cf", "position": {"x": 1319.155555239117, "y": 1319.155555239117}, "channel": 18}, "attempt": 1}
2026-09-13 00:14:21,573 INFO response {"request_id": "f5f7da7499894bf283fa7d9b88eeb5cf", "http_status": 200, "body": {"accepted": true, "real_timestamp_ms": 1789229658507, "virtual_time_s": 5000.412965, "measure_result": "no_signal"}}
2026-09-13 00:14:21,604 INFO request {"path": "/measure", "payload": {"arena_id": "default", "robot_id": "202601002029", "request_id": "5b236c41f436472195a9021d26fba281", "position": {"x": 1319.155555239117, "y": 1319.155555239117}, "channel": 19}, "attempt": 1}
2026-09-13 00:14:21,620 INFO response {"request_id": "5b236c41f436472195a9021d26fba281", "http_status": 200, "body": {"accepted": true, "real_timestamp_ms": 1789229658555, "virtual_time_s": 5006.412965, "measure_result": "no_signal"}}
2026-09-13 00:14:21,742 INFO request {"path": "/measure", "payload": {"arena_id": "default", "robot_id": "202601002029", "request_id": "5f87034db3fd491ba29baa7f4d4d1ec4", "position": {"x": 1802.0, "y": 482.84444476088305}, "channel": 19}, "attempt": 1}
2026-09-13 00:14:21,744 INFO response {"request_id": "5f87034db3fd491ba29baa7f4d4d1ec4", "http_status": 200, "body": {"accepted": true, "real_timestamp_ms": 1789229658678, "virtual_time_s": 5204.550743, "measure_result": "direction", "svd_deg": 129.54}}
2026-09-13 00:14:21,776 INFO request {"path": "/measure", "payload": {"arena_id": "default", "robot_id": "202601002029", "request_id": "c8e581d4d5504f42ac38e1241d090c0a", "position": {"x": 1802.0, "y": 482.84444476088305}, "channel": 4}, "attempt": 1}
2026-09-13 00:14:21,778 INFO response {"request_id": "c8e581d4d5504f42ac38e1241d090c0a", "http_status": 200, "body": {"accepted": true, "real_timestamp_ms": 1789229658712, "virtual_time_s": 5210.550743, "measure_result": "no_signal"}}
2026-09-13 00:14:21,809 INFO request {"path": "/measure", "payload": {"arena_id": "default", "robot_id": "202601002029", "request_id": "4ea88e0a0f7742d4baeae0cfb303eed3", "position": {"x": 1802.0, "y": 482.84444476088305}, "channel": 7}, "attempt": 1}
2026-09-13 00:14:21,812 INFO response {"request_id": "4ea88e0a0f7742d4baeae0cfb303eed3", "http_status": 200, "body": {"accepted": true, "real_timestamp_ms": 1789229658746, "virtual_time_s": 5216.550743, "measure_result": "no_signal"}}
2026-09-13 00:14:21,842 INFO request {"path": "/measure", "payload": {"arena_id": "default", "robot_id": "202601002029", "request_id": "8773a25863a042d49183770e4eb1138f", "position": {"x": 1802.0, "y": 482.84444476088305}, "channel": 9}, "attempt": 1}
2026-09-13 00:14:21,856 INFO response {"request_id": "8773a25863a042d49183770e4eb1138f", "http_status": 200, "body": {"accepted": true, "real_timestamp_ms": 1789229658790, "virtual_time_s": 5222.550743, "measure_result": "no_signal"}}
2026-09-13 00:14:21,872 INFO request {"path": "/measure", "payload": {"arena_id": "default", "robot_id": "202601002029", "request_id": "19e1929b7b4c4ea89789622e68dc79ca", "position": {"x": 1802.0, "y": 482.84444476088305}, "channel": 11}, "attempt": 1}
2026-09-13 00:14:21,886 INFO response {"request_id": "19e1929b7b4c4ea89789622e68dc79ca", "http_status": 200, "body": {"accepted": true, "real_timestamp_ms": 1789229658819, "virtual_time_s": 5228.550743, "measure_result": "no_signal"}}
2026-09-13 00:14:21,901 INFO request {"path": "/measure", "payload": {"arena_id": "default", "robot_id": "202601002029", "request_id": "4b6adda06aec4df89dfb4d272b65668a", "position": {"x": 1802.0, "y": 482.84444476088305}, "channel": 16}, "attempt": 1}
2026-09-13 00:14:21,903 INFO response {"request_id": "4b6adda06aec4df89dfb4d272b65668a", "http_status": 200, "body": {"accepted": true, "real_timestamp_ms": 1789229658837, "virtual_time_s": 5234.550743, "measure_result": "no_signal"}}
2026-09-13 00:14:21,934 INFO request {"path": "/measure", "payload": {"arena_id": "default", "robot_id": "202601002029", "request_id": "e72ce885bcf14a1d963ee4ff76b40d0b", "position": {"x": 1802.0, "y": 482.84444476088305}, "channel": 18}, "attempt": 1}
2026-09-13 00:14:21,936 INFO response {"request_id": "e72ce885bcf14a1d963ee4ff76b40d0b", "http_status": 200, "body": {"accepted": true, "real_timestamp_ms": 1789229658870, "virtual_time_s": 5240.550743, "measure_result": "no_signal"}}
2026-09-13 00:14:21,973 INFO request {"path": "/measure", "payload": {"arena_id": "default", "robot_id": "202601002029", "request_id": "c85db68f00544dd087b7a288688952ef", "position": {"x": 1802.0, "y": 482.84444476088305}, "channel": 6}, "attempt": 1}
2026-09-13 00:14:21,993 INFO response {"request_id": "c85db68f00544dd087b7a288688952ef", "http_status": 200, "body": {"accepted": true, "real_timestamp_ms": 1789229658927, "virtual_time_s": 5246.550743, "measure_result": "direction", "svd_deg": 157.65}}
2026-09-13 00:14:22,047 INFO request {"path": "/measure", "payload": {"arena_id": "default", "robot_id": "202601002029", "request_id": "e908734579cf404b95e58cd855017ce5", "position": {"x": 1801.9999999999995, "y": -482.84444476088464}, "channel": 4}, "attempt": 1}
2026-09-13 00:14:22,048 INFO response {"request_id": "e908734579cf404b95e58cd855017ce5", "http_status": 200, "body": {"accepted": true, "real_timestamp_ms": 1789229658983, "virtual_time_s": 5445.688521, "measure_result": "no_signal"}}
2026-09-13 00:14:22,078 INFO request {"path": "/measure", "payload": {"arena_id": "default", "robot_id": "202601002029", "request_id": "07d9f72f514744248ce0671f9d6ba502", "position": {"x": 1801.9999999999995, "y": -482.84444476088464}, "channel": 7}, "attempt": 1}
2026-09-13 00:14:22,080 INFO response {"request_id": "07d9f72f514744248ce0671f9d6ba502", "http_status": 200, "body": {"accepted": true, "real_timestamp_ms": 1789229659014, "virtual_time_s": 5451.688521, "measure_result": "no_signal"}}
2026-09-13 00:14:22,111 INFO request {"path": "/measure", "payload": {"arena_id": "default", "robot_id": "202601002029", "request_id": "4957773f457c4283bceffe1d4ad0b54f", "position": {"x": 1801.9999999999995, "y": -482.84444476088464}, "channel": 9}, "attempt": 1}
2026-09-13 00:14:22,112 INFO response {"request_id": "4957773f457c4283bceffe1d4ad0b54f", "http_status": 200, "body": {"accepted": true, "real_timestamp_ms": 1789229659047, "virtual_time_s": 5457.688521, "measure_result": "no_signal"}}
2026-09-13 00:14:22,143 INFO request {"path": "/measure", "payload": {"arena_id": "default", "robot_id": "202601002029", "request_id": "435738ece5f747fdb6c1417d97a219b6", "position": {"x": 1801.9999999999995, "y": -482.84444476088464}, "channel": 11}, "attempt": 1}
2026-09-13 00:14:22,145 INFO response {"request_id": "435738ece5f747fdb6c1417d97a219b6", "http_status": 200, "body": {"accepted": true, "real_timestamp_ms": 1789229659079, "virtual_time_s": 5463.688521, "measure_result": "no_signal"}}
2026-09-13 00:14:22,161 INFO request {"path": "/measure", "payload": {"arena_id": "default", "robot_id": "202601002029", "request_id": "23049743232440a2b1fb80335e18315b", "position": {"x": 1801.9999999999995, "y": -482.84444476088464}, "channel": 16}, "attempt": 1}
2026-09-13 00:14:22,162 INFO response {"request_id": "23049743232440a2b1fb80335e18315b", "http_status": 200, "body": {"accepted": true, "real_timestamp_ms": 1789229659097, "virtual_time_s": 5469.688521, "measure_result": "no_signal"}}
2026-09-13 00:14:22,193 INFO request {"path": "/measure", "payload": {"arena_id": "default", "robot_id": "202601002029", "request_id": "c889fe899c5d41eb8ef396cf7b5dbe6b", "position": {"x": 1801.9999999999995, "y": -482.84444476088464}, "channel": 18}, "attempt": 1}
2026-09-13 00:14:22,196 INFO response {"request_id": "c889fe899c5d41eb8ef396cf7b5dbe6b", "http_status": 200, "body": {"accepted": true, "real_timestamp_ms": 1789229659130, "virtual_time_s": 5475.688521, "measure_result": "no_signal"}}
2026-09-13 00:14:22,277 INFO request {"path": "/clear", "payload": {"arena_id": "default", "robot_id": "202601002029", "request_id": "2c1c0710a5ec4bb69b19cf9bf32fcecd", "position": {"x": 529.3737601407856, "y": -1656.7183049784303}, "channel": 12}, "attempt": 1}
2026-09-13 00:14:22,289 INFO response {"request_id": "2c1c0710a5ec4bb69b19cf9bf32fcecd", "http_status": 200, "body": {"accepted": true, "real_timestamp_ms": 1789229659224, "virtual_time_s": 5826.957629, "clear_result": "success"}}
2026-09-13 00:14:22,304 INFO request {"path": "/clear", "payload": {"arena_id": "default", "robot_id": "202601002029", "request_id": "3d88f1542b7041e3a570aab55d2b5d74", "position": {"x": 242.22915938117941, "y": -954.6424195082138}, "channel": 13}, "attempt": 1}
2026-09-13 00:14:22,319 INFO response {"request_id": "3d88f1542b7041e3a570aab55d2b5d74", "http_status": 200, "body": {"accepted": true, "real_timestamp_ms": 1789229659253, "virtual_time_s": 5983.662945, "clear_result": "success"}}
2026-09-13 00:14:22,335 INFO request {"path": "/clear", "payload": {"arena_id": "default", "robot_id": "202601002029", "request_id": "a580e9a2d55a4ada84935e42e3b487e6", "position": {"x": 261.0220270566575, "y": -957.1598176524603}, "channel": 20}, "attempt": 1}
2026-09-13 00:14:22,348 INFO response {"request_id": "a580e9a2d55a4ada84935e42e3b487e6", "http_status": 200, "body": {"accepted": true, "real_timestamp_ms": 1789229659283, "virtual_time_s": 5992.45509, "clear_result": "success"}}
2026-09-13 00:14:22,365 INFO request {"path": "/clear", "payload": {"arena_id": "default", "robot_id": "202601002029", "request_id": "18871ed1975b499590567a3980c85149", "position": {"x": 76.89489662555994, "y": -375.12776162493185}, "channel": 1}, "attempt": 1}
2026-09-13 00:14:22,367 INFO response {"request_id": "18871ed1975b499590567a3980c85149", "http_status": 200, "body": {"accepted": true, "real_timestamp_ms": 1789229659301, "virtual_time_s": 6119.547533, "clear_result": "success"}}
2026-09-13 00:14:22,415 INFO request {"path": "/measure", "payload": {"arena_id": "default", "robot_id": "202601002029", "request_id": "1d8b2f49f13c431492fec98bde889548", "position": {"x": -761.0434997583466, "y": 510.38331817998835}, "channel": 14}, "attempt": 1}
2026-09-13 00:14:22,416 INFO response {"request_id": "1d8b2f49f13c431492fec98bde889548", "http_status": 200, "body": {"accepted": true, "real_timestamp_ms": 1789229659351, "virtual_time_s": 6369.372932, "measure_result": "direction", "svd_deg": 12.51}}
2026-09-13 00:14:22,450 INFO request {"path": "/clear", "payload": {"arena_id": "default", "robot_id": "202601002029", "request_id": "95ee9aaf59b64d2bbc93d7844ecee609", "position": {"x": 334.5234330746558, "y": 174.04802339528206}, "channel": 17}, "attempt": 1}
2026-09-13 00:14:22,450 INFO response {"request_id": "95ee9aaf59b64d2bbc93d7844ecee609", "http_status": 200, "body": {"accepted": true, "real_timestamp_ms": 1789229659385, "virtual_time_s": 6603.579244, "clear_result": "success"}}
2026-09-13 00:14:22,481 INFO request {"path": "/clear", "payload": {"arena_id": "default", "robot_id": "202601002029", "request_id": "135ac472574c46768335f5060274784d", "position": {"x": 1168.301517819656, "y": 743.6174285104967}, "channel": 6}, "attempt": 1}
2026-09-13 00:14:22,483 INFO response {"request_id": "135ac472574c46768335f5060274784d", "http_status": 200, "body": {"accepted": true, "real_timestamp_ms": 1789229659417, "virtual_time_s": 6810.529258, "clear_result": "success"}}
2026-09-13 00:14:24,306 INFO request {"path": "/clear", "payload": {"arena_id": "default", "robot_id": "202601002029", "request_id": "4673685c306f46fcaaa96bf05d3c5108", "position": {"x": 177.94285967601076, "y": 1587.8592077993953}, "channel": 15}, "attempt": 1}
2026-09-13 00:14:24,308 INFO response {"request_id": "4673685c306f46fcaaa96bf05d3c5108", "http_status": 200, "body": {"accepted": true, "real_timestamp_ms": 1789229661243, "virtual_time_s": 7075.802534, "clear_result": "success"}}
2026-09-13 00:14:25,976 INFO request {"path": "/measure", "payload": {"arena_id": "default", "robot_id": "202601002029", "request_id": "42aa6471ea1942e4b953e3632035a795", "position": {"x": -613.6116171891115, "y": 645.5270934790797}, "channel": 14}, "attempt": 1}
2026-09-13 00:14:25,988 INFO response {"request_id": "42aa6471ea1942e4b953e3632035a795", "http_status": 200, "body": {"accepted": true, "real_timestamp_ms": 1789229662923, "virtual_time_s": 7326.936506, "measure_result": "no_signal"}}
2026-09-13 00:14:26,003 INFO request {"path": "/clear", "payload": {"arena_id": "default", "robot_id": "202601002029", "request_id": "4a1f800a270844bdb5c478909219b48a", "position": {"x": -718.5085349523149, "y": 686.316958784173}, "channel": 3}, "attempt": 1}
2026-09-13 00:14:26,019 INFO response {"request_id": "4a1f800a270844bdb5c478909219b48a", "http_status": 200, "body": {"accepted": true, "real_timestamp_ms": 1789229662953, "virtual_time_s": 7354.446216, "clear_result": "success"}}
2026-09-13 00:14:27,473 INFO request {"path": "/clear", "payload": {"arena_id": "default", "robot_id": "202601002029", "request_id": "d4f8e5f32ea846039c7dd9510b1b8143", "position": {"x": -996.6617626349748, "y": 1030.1147773887897}, "channel": 5}, "attempt": 1}
2026-09-13 00:14:27,476 INFO response {"request_id": "d4f8e5f32ea846039c7dd9510b1b8143", "http_status": 200, "body": {"accepted": true, "real_timestamp_ms": 1789229664409, "virtual_time_s": 7447.891941, "clear_result": "success"}}
2026-09-13 00:14:29,066 INFO request {"path": "/measure", "payload": {"arena_id": "default", "robot_id": "202601002029", "request_id": "59b65449607843e69ba2d44a1e2cff90", "position": {"x": -608.9967424592609, "y": 541.3452171679437}, "channel": 14}, "attempt": 1}
2026-09-13 00:14:29,083 INFO response {"request_id": "59b65449607843e69ba2d44a1e2cff90", "http_status": 200, "body": {"accepted": true, "real_timestamp_ms": 1789229666018, "virtual_time_s": 7577.660503, "measure_result": "no_signal"}}
2026-09-13 00:14:30,637 INFO request {"path": "/measure", "payload": {"arena_id": "default", "robot_id": "202601002029", "request_id": "835cc29113f540e1b40b629294da0aa7", "position": {"x": -583.6574538918449, "y": 602.7640019393509}, "channel": 14}, "attempt": 1}
2026-09-13 00:14:30,639 INFO response {"request_id": "835cc29113f540e1b40b629294da0aa7", "http_status": 200, "body": {"accepted": true, "real_timestamp_ms": 1789229667573, "virtual_time_s": 7595.948613, "measure_result": "no_signal"}}
2026-09-13 00:14:30,661 INFO request {"path": "/clear", "payload": {"arena_id": "default", "robot_id": "202601002029", "request_id": "d9944ff766734d7c8969a49e57755ecb", "position": {"x": -1513.4850000087395, "y": 197.4234906242305}, "channel": 2}, "attempt": 1}
2026-09-13 00:14:30,662 INFO response {"request_id": "d9944ff766734d7c8969a49e57755ecb", "http_status": 200, "body": {"accepted": true, "real_timestamp_ms": 1789229667597, "virtual_time_s": 7803.816077, "clear_result": "success"}}
2026-09-13 00:14:30,692 INFO request {"path": "/clear", "payload": {"arena_id": "default", "robot_id": "202601002029", "request_id": "ef8d0145546a46278ac3eb432e376ef6", "position": {"x": -1163.1760625987754, "y": 23.341065454887755}, "channel": 10}, "attempt": 1}
2026-09-13 00:14:30,694 INFO response {"request_id": "ef8d0145546a46278ac3eb432e376ef6", "http_status": 200, "body": {"accepted": true, "real_timestamp_ms": 1789229667629, "virtual_time_s": 7887.051885, "clear_result": "success"}}
2026-09-13 00:14:30,725 INFO request {"path": "/clear", "payload": {"arena_id": "default", "robot_id": "202601002029", "request_id": "38b21beeacb0495e8fea751ce75a9423", "position": {"x": 526.1846645478641, "y": -1070.3711569372986}, "channel": 8}, "attempt": 1}
2026-09-13 00:14:30,727 INFO response {"request_id": "38b21beeacb0495e8fea751ce75a9423", "http_status": 200, "body": {"accepted": true, "real_timestamp_ms": 1789229667661, "virtual_time_s": 8294.55138, "clear_result": "success"}}
2026-09-13 00:14:30,755 INFO request {"path": "/measure", "payload": {"arena_id": "default", "robot_id": "202601002029", "request_id": "bcdaddcc440e467a98f8ad50ffa38e06", "position": {"x": 750.0, "y": 433.0127018922193}, "channel": 14}, "attempt": 1}
2026-09-13 00:14:30,756 INFO response {"request_id": "bcdaddcc440e467a98f8ad50ffa38e06", "http_status": 200, "body": {"accepted": true, "real_timestamp_ms": 1789229667691, "virtual_time_s": 8603.541928, "measure_result": "no_signal"}}
2026-09-13 00:14:30,785 INFO request {"path": "/measure", "payload": {"arena_id": "default", "robot_id": "202601002029", "request_id": "79892cfe01104392895429115c32f8f5", "position": {"x": 250.0, "y": 433.0127018922193}, "channel": 14}, "attempt": 1}
2026-09-13 00:14:30,786 INFO response {"request_id": "79892cfe01104392895429115c32f8f5", "http_status": 200, "body": {"accepted": true, "real_timestamp_ms": 1789229667721, "virtual_time_s": 8708.541928, "measure_result": "no_signal"}}
2026-09-13 00:14:30,825 INFO request {"path": "/measure", "payload": {"arena_id": "default", "robot_id": "202601002029", "request_id": "ed9e6e487c314dbf86deeb3676926c12", "position": {"x": -250.0, "y": 433.0127018922193}, "channel": 14}, "attempt": 1}
2026-09-13 00:14:30,826 INFO response {"request_id": "ed9e6e487c314dbf86deeb3676926c12", "http_status": 200, "body": {"accepted": true, "real_timestamp_ms": 1789229667761, "virtual_time_s": 8813.541928, "measure_result": "no_signal"}}
2026-09-13 00:14:30,857 INFO request {"path": "/measure", "payload": {"arena_id": "default", "robot_id": "202601002029", "request_id": "e919aeea3aee47ecbfaeaa82e3a3947a", "position": {"x": -750.0, "y": 433.0127018922193}, "channel": 14}, "attempt": 1}
2026-09-13 00:14:30,876 INFO response {"request_id": "e919aeea3aee47ecbfaeaa82e3a3947a", "http_status": 200, "body": {"accepted": true, "real_timestamp_ms": 1789229667809, "virtual_time_s": 8918.541928, "measure_result": "direction", "svd_deg": 46.31}}
2026-09-13 00:14:30,885 INFO request {"path": "/clear", "payload": {"arena_id": "default", "robot_id": "202601002029", "request_id": "1c39400b9165450f96269936ea27207c", "position": {"x": -652.8620028326019, "y": 534.5168812530455}, "channel": 14}, "attempt": 1}
2026-09-13 00:14:30,887 INFO response {"request_id": "1c39400b9165450f96269936ea27207c", "http_status": 200, "body": {"accepted": true, "real_timestamp_ms": 1789229667821, "virtual_time_s": 8951.640959, "clear_result": "success"}}
2026-09-13 00:14:30,926 INFO request {"path": "/measure", "payload": {"arena_id": "default", "robot_id": "202601002029", "request_id": "d3c4f91df2614a73b98ed0d538dc36a7", "position": {"x": 1744.7044915272454, "y": 552.2506743721256}, "channel": 19}, "attempt": 1}
2026-09-13 00:14:30,944 INFO response {"request_id": "d3c4f91df2614a73b98ed0d538dc36a7", "http_status": 200, "body": {"accepted": true, "real_timestamp_ms": 1789229667879, "virtual_time_s": 9437.167375, "measure_result": "direction", "svd_deg": 129.32}}
2026-09-13 00:14:32,677 INFO request {"path": "/measure", "payload": {"arena_id": "default", "robot_id": "202601002029", "request_id": "036d50d57989419e905def20ade0bb04", "position": {"x": 1712.3148337510922, "y": 749.6105235541304}, "channel": 19}, "attempt": 1}
2026-09-13 00:14:32,678 INFO response {"request_id": "036d50d57989419e905def20ade0bb04", "http_status": 200, "body": {"accepted": true, "real_timestamp_ms": 1789229669613, "virtual_time_s": 9482.167375, "measure_result": "direction", "svd_deg": 150.48}}
2026-09-13 00:14:34,690 INFO request {"path": "/measure", "payload": {"arena_id": "default", "robot_id": "202601002029", "request_id": "90c763b5bd974f27ba921028703fd1a5", "position": {"x": 1610.8673204050544, "y": 921.9717780050814}, "channel": 19}, "attempt": 1}
2026-09-13 00:14:34,691 INFO response {"request_id": "90c763b5bd974f27ba921028703fd1a5", "http_status": 200, "body": {"accepted": true, "real_timestamp_ms": 1789229671626, "virtual_time_s": 9527.167375, "measure_result": "direction", "svd_deg": 192.68}}
2026-09-13 00:14:34,712 INFO request {"path": "/clear", "payload": {"arena_id": "default", "robot_id": "202601002029", "request_id": "376a003e73724e8a807707561196dbec", "position": {"x": 1466.7621923011657, "y": 889.7032648337768}, "channel": 19}, "attempt": 1}
2026-09-13 00:14:34,732 INFO response {"request_id": "376a003e73724e8a807707561196dbec", "http_status": 200, "body": {"accepted": true, "real_timestamp_ms": 1789229671666, "virtual_time_s": 9561.702131, "clear_result": "success"}}
2026-09-13 00:14:34,747 INFO request {"path": "/exit", "payload": {"arena_id": "default", "robot_id": "202601002029", "request_id": "7cbf0b4e33dd414c96af0a05cf620567"}, "attempt": 1}
2026-09-13 00:14:34,749 INFO response {"request_id": "7cbf0b4e33dd414c96af0a05cf620567", "http_status": 200, "body": {"accepted": true, "real_timestamp_ms": 1789229671683, "virtual_time_s": 9561.702131, "exit_reason": "user_exit"}}
