2026-09-12 22:12:27,136 INFO request {"path": "/enter", "payload": {"arena_id": "default", "robot_id": "202601002029", "request_id": "41f59e92669340d6a391e203cbbcf2c4"}, "attempt": 1}
2026-09-12 22:12:27,143 INFO response {"request_id": "41f59e92669340d6a391e203cbbcf2c4", "http_status": 200, "body": {"accepted": true, "real_timestamp_ms": 1789222344010, "virtual_time_s": 0, "max_virtual_duration_s": 360000, "max_real_duration_s": 1200, "remaining_real_duration_s": 1200}}
2026-09-12 22:12:27,174 INFO request {"path": "/measure", "payload": {"arena_id": "default", "robot_id": "202601002029", "request_id": "e75d7578b5e94a44a93008ac1818d3cd", "position": {"x": 0.0, "y": 0.0}, "channel": 1}, "attempt": 1}
2026-09-12 22:12:27,176 INFO response {"request_id": "e75d7578b5e94a44a93008ac1818d3cd", "http_status": 200, "body": {"accepted": true, "real_timestamp_ms": 1789222344044, "virtual_time_s": 5, "measure_result": "direction", "svd_deg": 229.58}}
2026-09-12 22:12:27,194 INFO request {"path": "/measure", "payload": {"arena_id": "default", "robot_id": "202601002029", "request_id": "e6e6a53791114768853a3f04c66cafd1", "position": {"x": 0.0, "y": 0.0}, "channel": 2}, "attempt": 1}
2026-09-12 22:12:27,196 INFO response {"request_id": "e6e6a53791114768853a3f04c66cafd1", "http_status": 200, "body": {"accepted": true, "real_timestamp_ms": 1789222344064, "virtual_time_s": 11, "measure_result": "no_signal"}}
2026-09-12 22:12:27,227 INFO request {"path": "/measure", "payload": {"arena_id": "default", "robot_id": "202601002029", "request_id": "56c74395942742f5af4ba028349baff6", "position": {"x": 0.0, "y": 0.0}, "channel": 3}, "attempt": 1}
2026-09-12 22:12:27,229 INFO response {"request_id": "56c74395942742f5af4ba028349baff6", "http_status": 200, "body": {"accepted": true, "real_timestamp_ms": 1789222344097, "virtual_time_s": 17, "measure_result": "direction", "svd_deg": 173.81}}
2026-09-12 22:12:27,265 INFO request {"path": "/measure", "payload": {"arena_id": "default", "robot_id": "202601002029", "request_id": "47f01fa7651c44b1acdbe3d332d1541e", "position": {"x": 0.0, "y": 0.0}, "channel": 4}, "attempt": 1}
2026-09-12 22:12:27,266 INFO response {"request_id": "47f01fa7651c44b1acdbe3d332d1541e", "http_status": 200, "body": {"accepted": true, "real_timestamp_ms": 1789222344134, "virtual_time_s": 23, "measure_result": "no_signal"}}
2026-09-12 22:12:27,297 INFO request {"path": "/measure", "payload": {"arena_id": "default", "robot_id": "202601002029", "request_id": "bc67f074e81140169f0301bc00168d29", "position": {"x": 0.0, "y": 0.0}, "channel": 5}, "attempt": 1}
2026-09-12 22:12:27,298 INFO response {"request_id": "bc67f074e81140169f0301bc00168d29", "http_status": 200, "body": {"accepted": true, "real_timestamp_ms": 1789222344166, "virtual_time_s": 29, "measure_result": "no_signal"}}
2026-09-12 22:12:27,329 INFO request {"path": "/measure", "payload": {"arena_id": "default", "robot_id": "202601002029", "request_id": "0105b76abe534269aeaffe644d88a9ba", "position": {"x": 0.0, "y": 0.0}, "channel": 6}, "attempt": 1}
2026-09-12 22:12:27,330 INFO response {"request_id": "0105b76abe534269aeaffe644d88a9ba", "http_status": 200, "body": {"accepted": true, "real_timestamp_ms": 1789222344198, "virtual_time_s": 35, "measure_result": "no_signal"}}
2026-09-12 22:12:27,361 INFO request {"path": "/measure", "payload": {"arena_id": "default", "robot_id": "202601002029", "request_id": "e86900bab28a45f9889595270d079ef4", "position": {"x": 0.0, "y": 0.0}, "channel": 7}, "attempt": 1}
2026-09-12 22:12:27,379 INFO response {"request_id": "e86900bab28a45f9889595270d079ef4", "http_status": 200, "body": {"accepted": true, "real_timestamp_ms": 1789222344247, "virtual_time_s": 41, "measure_result": "no_signal"}}
2026-09-12 22:12:27,379 INFO request {"path": "/measure", "payload": {"arena_id": "default", "robot_id": "202601002029", "request_id": "1238da85e9484fee8296891f94c8cd2c", "position": {"x": 0.0, "y": 0.0}, "channel": 8}, "attempt": 1}
2026-09-12 22:12:27,381 INFO response {"request_id": "1238da85e9484fee8296891f94c8cd2c", "http_status": 200, "body": {"accepted": true, "real_timestamp_ms": 1789222344248, "virtual_time_s": 47, "measure_result": "direction", "svd_deg": 354.67}}
2026-09-12 22:12:27,414 INFO request {"path": "/measure", "payload": {"arena_id": "default", "robot_id": "202601002029", "request_id": "47fe1c8ae08043be8df2ac4c2ba3fda7", "position": {"x": 0.0, "y": 0.0}, "channel": 9}, "attempt": 1}
2026-09-12 22:12:27,427 INFO response {"request_id": "47fe1c8ae08043be8df2ac4c2ba3fda7", "http_status": 200, "body": {"accepted": true, "real_timestamp_ms": 1789222344295, "virtual_time_s": 53, "measure_result": "no_signal"}}
2026-09-12 22:12:27,442 INFO request {"path": "/measure", "payload": {"arena_id": "default", "robot_id": "202601002029", "request_id": "a8e37deb7a5045d7bc06ed1d575b73fa", "position": {"x": 0.0, "y": 0.0}, "channel": 10}, "attempt": 1}
2026-09-12 22:12:27,457 INFO response {"request_id": "a8e37deb7a5045d7bc06ed1d575b73fa", "http_status": 200, "body": {"accepted": true, "real_timestamp_ms": 1789222344325, "virtual_time_s": 59, "measure_result": "no_signal"}}
2026-09-12 22:12:27,472 INFO request {"path": "/measure", "payload": {"arena_id": "default", "robot_id": "202601002029", "request_id": "2c6a62ff84ee4393bbc430895cfcf890", "position": {"x": 0.0, "y": 0.0}, "channel": 11}, "attempt": 1}
2026-09-12 22:12:27,487 INFO response {"request_id": "2c6a62ff84ee4393bbc430895cfcf890", "http_status": 200, "body": {"accepted": true, "real_timestamp_ms": 1789222344354, "virtual_time_s": 65, "measure_result": "no_signal"}}
2026-09-12 22:12:27,502 INFO request {"path": "/measure", "payload": {"arena_id": "default", "robot_id": "202601002029", "request_id": "040a3ee4a2054b1bad9e041210623742", "position": {"x": 0.0, "y": 0.0}, "channel": 12}, "attempt": 1}
2026-09-12 22:12:27,516 INFO response {"request_id": "040a3ee4a2054b1bad9e041210623742", "http_status": 200, "body": {"accepted": true, "real_timestamp_ms": 1789222344384, "virtual_time_s": 71, "measure_result": "no_signal"}}
2026-09-12 22:12:27,531 INFO request {"path": "/measure", "payload": {"arena_id": "default", "robot_id": "202601002029", "request_id": "14e6562e928c4ea68a88ec62336a89a1", "position": {"x": 0.0, "y": 0.0}, "channel": 13}, "attempt": 1}
2026-09-12 22:12:27,545 INFO response {"request_id": "14e6562e928c4ea68a88ec62336a89a1", "http_status": 200, "body": {"accepted": true, "real_timestamp_ms": 1789222344414, "virtual_time_s": 77, "measure_result": "no_signal"}}
2026-09-12 22:12:27,560 INFO request {"path": "/measure", "payload": {"arena_id": "default", "robot_id": "202601002029", "request_id": "5436ba6b936242fc908ee6a57441d533", "position": {"x": 0.0, "y": 0.0}, "channel": 14}, "attempt": 1}
2026-09-12 22:12:27,576 INFO response {"request_id": "5436ba6b936242fc908ee6a57441d533", "http_status": 200, "body": {"accepted": true, "real_timestamp_ms": 1789222344443, "virtual_time_s": 83, "measure_result": "no_signal"}}
2026-09-12 22:12:27,591 INFO request {"path": "/measure", "payload": {"arena_id": "default", "robot_id": "202601002029", "request_id": "8e5ee217f521438e8d807a671b1c7042", "position": {"x": 0.0, "y": 0.0}, "channel": 15}, "attempt": 1}
2026-09-12 22:12:27,605 INFO response {"request_id": "8e5ee217f521438e8d807a671b1c7042", "http_status": 200, "body": {"accepted": true, "real_timestamp_ms": 1789222344473, "virtual_time_s": 89, "measure_result": "no_signal"}}
2026-09-12 22:12:27,620 INFO request {"path": "/measure", "payload": {"arena_id": "default", "robot_id": "202601002029", "request_id": "c3b8e0eff8b446e8ae7a27f7f4228630", "position": {"x": 0.0, "y": 0.0}, "channel": 16}, "attempt": 1}
2026-09-12 22:12:27,621 INFO response {"request_id": "c3b8e0eff8b446e8ae7a27f7f4228630", "http_status": 200, "body": {"accepted": true, "real_timestamp_ms": 1789222344489, "virtual_time_s": 95, "measure_result": "no_signal"}}
2026-09-12 22:12:27,652 INFO request {"path": "/measure", "payload": {"arena_id": "default", "robot_id": "202601002029", "request_id": "b8c3226e86ac446b85a10f36f2a241f2", "position": {"x": 0.0, "y": 0.0}, "channel": 17}, "attempt": 1}
2026-09-12 22:12:27,664 INFO response {"request_id": "b8c3226e86ac446b85a10f36f2a241f2", "http_status": 200, "body": {"accepted": true, "real_timestamp_ms": 1789222344532, "virtual_time_s": 101, "measure_result": "no_signal"}}
2026-09-12 22:12:27,680 INFO request {"path": "/measure", "payload": {"arena_id": "default", "robot_id": "202601002029", "request_id": "bd67898930d34282a48e753a0b887085", "position": {"x": 0.0, "y": 0.0}, "channel": 18}, "attempt": 1}
2026-09-12 22:12:27,695 INFO response {"request_id": "bd67898930d34282a48e753a0b887085", "http_status": 200, "body": {"accepted": true, "real_timestamp_ms": 1789222344563, "virtual_time_s": 107, "measure_result": "no_signal"}}
2026-09-12 22:12:27,711 INFO request {"path": "/measure", "payload": {"arena_id": "default", "robot_id": "202601002029", "request_id": "09104640de494aadbdc4bb0490d574ea", "position": {"x": 0.0, "y": 0.0}, "channel": 19}, "attempt": 1}
2026-09-12 22:12:27,724 INFO response {"request_id": "09104640de494aadbdc4bb0490d574ea", "http_status": 200, "body": {"accepted": true, "real_timestamp_ms": 1789222344592, "virtual_time_s": 113, "measure_result": "no_signal"}}
2026-09-12 22:12:27,740 INFO request {"path": "/measure", "payload": {"arena_id": "default", "robot_id": "202601002029", "request_id": "f9748fecdb5f47fa8b4c0612bc64f1e9", "position": {"x": 0.0, "y": 0.0}, "channel": 20}, "attempt": 1}
2026-09-12 22:12:27,754 INFO response {"request_id": "f9748fecdb5f47fa8b4c0612bc64f1e9", "http_status": 200, "body": {"accepted": true, "real_timestamp_ms": 1789222344621, "virtual_time_s": 119, "measure_result": "direction", "svd_deg": 155.73}}
2026-09-12 22:12:27,772 INFO request {"path": "/measure", "payload": {"arena_id": "default", "robot_id": "202601002029", "request_id": "13132db649dd471c86ed21083613b2f2", "position": {"x": 980.0, "y": 0.0}, "channel": 2}, "attempt": 1}
2026-09-12 22:12:27,774 INFO response {"request_id": "13132db649dd471c86ed21083613b2f2", "http_status": 200, "body": {"accepted": true, "real_timestamp_ms": 1789222344641, "virtual_time_s": 321, "measure_result": "no_signal"}}
2026-09-12 22:12:27,805 INFO request {"path": "/measure", "payload": {"arena_id": "default", "robot_id": "202601002029", "request_id": "ed1287fc118a4020a20ed1b723cffafa", "position": {"x": 980.0, "y": 0.0}, "channel": 4}, "attempt": 1}
2026-09-12 22:12:27,822 INFO response {"request_id": "ed1287fc118a4020a20ed1b723cffafa", "http_status": 200, "body": {"accepted": true, "real_timestamp_ms": 1789222344689, "virtual_time_s": 327, "measure_result": "no_signal"}}
2026-09-12 22:12:27,838 INFO request {"path": "/measure", "payload": {"arena_id": "default", "robot_id": "202601002029", "request_id": "ff7e490eea3d45d6bad175712e70510e", "position": {"x": 980.0, "y": 0.0}, "channel": 5}, "attempt": 1}
2026-09-12 22:12:27,840 INFO response {"request_id": "ff7e490eea3d45d6bad175712e70510e", "http_status": 200, "body": {"accepted": true, "real_timestamp_ms": 1789222344707, "virtual_time_s": 333, "measure_result": "no_signal"}}
2026-09-12 22:12:27,870 INFO request {"path": "/measure", "payload": {"arena_id": "default", "robot_id": "202601002029", "request_id": "2bb6584f2ae24fd4a6bfd02133f36464", "position": {"x": 980.0, "y": 0.0}, "channel": 6}, "attempt": 1}
2026-09-12 22:12:27,891 INFO response {"request_id": "2bb6584f2ae24fd4a6bfd02133f36464", "http_status": 200, "body": {"accepted": true, "real_timestamp_ms": 1789222344759, "virtual_time_s": 339, "measure_result": "no_signal"}}
2026-09-12 22:12:27,906 INFO request {"path": "/measure", "payload": {"arena_id": "default", "robot_id": "202601002029", "request_id": "18eb44f472f3406fba0fd13cbaadbc19", "position": {"x": 980.0, "y": 0.0}, "channel": 7}, "attempt": 1}
2026-09-12 22:12:27,908 INFO response {"request_id": "18eb44f472f3406fba0fd13cbaadbc19", "http_status": 200, "body": {"accepted": true, "real_timestamp_ms": 1789222344775, "virtual_time_s": 345, "measure_result": "no_signal"}}
2026-09-12 22:12:27,939 INFO request {"path": "/measure", "payload": {"arena_id": "default", "robot_id": "202601002029", "request_id": "3b3c8adb5877419f95ecd2e94a1a0834", "position": {"x": 980.0, "y": 0.0}, "channel": 9}, "attempt": 1}
2026-09-12 22:12:27,960 INFO response {"request_id": "3b3c8adb5877419f95ecd2e94a1a0834", "http_status": 200, "body": {"accepted": true, "real_timestamp_ms": 1789222344826, "virtual_time_s": 351, "measure_result": "no_signal"}}
2026-09-12 22:12:27,960 INFO request {"path": "/measure", "payload": {"arena_id": "default", "robot_id": "202601002029", "request_id": "37bcafecc4d643cb8e80122efad3720f", "position": {"x": 980.0, "y": 0.0}, "channel": 10}, "attempt": 1}
2026-09-12 22:12:27,978 INFO response {"request_id": "37bcafecc4d643cb8e80122efad3720f", "http_status": 200, "body": {"accepted": true, "real_timestamp_ms": 1789222344846, "virtual_time_s": 357, "measure_result": "no_signal"}}
2026-09-12 22:12:27,994 INFO request {"path": "/measure", "payload": {"arena_id": "default", "robot_id": "202601002029", "request_id": "a29a57017a7f4d71afde1664e85369bc", "position": {"x": 980.0, "y": 0.0}, "channel": 11}, "attempt": 1}
2026-09-12 22:12:28,008 INFO response {"request_id": "a29a57017a7f4d71afde1664e85369bc", "http_status": 200, "body": {"accepted": true, "real_timestamp_ms": 1789222344875, "virtual_time_s": 363, "measure_result": "no_signal"}}
2026-09-12 22:12:28,023 INFO request {"path": "/measure", "payload": {"arena_id": "default", "robot_id": "202601002029", "request_id": "9784e333af0247a98a127a1bef8b7e02", "position": {"x": 980.0, "y": 0.0}, "channel": 12}, "attempt": 1}
2026-09-12 22:12:28,037 INFO response {"request_id": "9784e333af0247a98a127a1bef8b7e02", "http_status": 200, "body": {"accepted": true, "real_timestamp_ms": 1789222344905, "virtual_time_s": 369, "measure_result": "direction", "svd_deg": 34.58}}
2026-09-12 22:12:28,059 INFO request {"path": "/measure", "payload": {"arena_id": "default", "robot_id": "202601002029", "request_id": "b572c21f8cc64fb880a85e487fad327c", "position": {"x": 980.0, "y": 0.0}, "channel": 13}, "attempt": 1}
2026-09-12 22:12:28,076 INFO response {"request_id": "b572c21f8cc64fb880a85e487fad327c", "http_status": 200, "body": {"accepted": true, "real_timestamp_ms": 1789222344944, "virtual_time_s": 375, "measure_result": "no_signal"}}
2026-09-12 22:12:28,092 INFO request {"path": "/measure", "payload": {"arena_id": "default", "robot_id": "202601002029", "request_id": "e51e0cf415e04cb983aa07d371c40044", "position": {"x": 980.0, "y": 0.0}, "channel": 14}, "attempt": 1}
2026-09-12 22:12:28,105 INFO response {"request_id": "e51e0cf415e04cb983aa07d371c40044", "http_status": 200, "body": {"accepted": true, "real_timestamp_ms": 1789222344973, "virtual_time_s": 381, "measure_result": "no_signal"}}
2026-09-12 22:12:28,121 INFO request {"path": "/measure", "payload": {"arena_id": "default", "robot_id": "202601002029", "request_id": "710682bfa64d4192b562c354f5cbb0e2", "position": {"x": 980.0, "y": 0.0}, "channel": 15}, "attempt": 1}
2026-09-12 22:12:28,134 INFO response {"request_id": "710682bfa64d4192b562c354f5cbb0e2", "http_status": 200, "body": {"accepted": true, "real_timestamp_ms": 1789222345002, "virtual_time_s": 387, "measure_result": "no_signal"}}
2026-09-12 22:12:28,149 INFO request {"path": "/measure", "payload": {"arena_id": "default", "robot_id": "202601002029", "request_id": "57536e2e24844c2c8283c9fe2c7d15bc", "position": {"x": 980.0, "y": 0.0}, "channel": 16}, "attempt": 1}
2026-09-12 22:12:28,163 INFO response {"request_id": "57536e2e24844c2c8283c9fe2c7d15bc", "http_status": 200, "body": {"accepted": true, "real_timestamp_ms": 1789222345031, "virtual_time_s": 393, "measure_result": "no_signal"}}
2026-09-12 22:12:28,178 INFO request {"path": "/measure", "payload": {"arena_id": "default", "robot_id": "202601002029", "request_id": "7e270f120cad4eca901d816d615229a0", "position": {"x": 980.0, "y": 0.0}, "channel": 17}, "attempt": 1}
2026-09-12 22:12:28,193 INFO response {"request_id": "7e270f120cad4eca901d816d615229a0", "http_status": 200, "body": {"accepted": true, "real_timestamp_ms": 1789222345061, "virtual_time_s": 399, "measure_result": "no_signal"}}
2026-09-12 22:12:28,209 INFO request {"path": "/measure", "payload": {"arena_id": "default", "robot_id": "202601002029", "request_id": "b1efa285790a4b2085edcda083c5fa9c", "position": {"x": 980.0, "y": 0.0}, "channel": 18}, "attempt": 1}
2026-09-12 22:12:28,210 INFO response {"request_id": "b1efa285790a4b2085edcda083c5fa9c", "http_status": 200, "body": {"accepted": true, "real_timestamp_ms": 1789222345078, "virtual_time_s": 405, "measure_result": "no_signal"}}
2026-09-12 22:12:28,241 INFO request {"path": "/measure", "payload": {"arena_id": "default", "robot_id": "202601002029", "request_id": "29c58ddf03524c13a15dff3a6b092b4e", "position": {"x": 980.0, "y": 0.0}, "channel": 19}, "attempt": 1}
2026-09-12 22:12:28,242 INFO response {"request_id": "29c58ddf03524c13a15dff3a6b092b4e", "http_status": 200, "body": {"accepted": true, "real_timestamp_ms": 1789222345109, "virtual_time_s": 411, "measure_result": "no_signal"}}
2026-09-12 22:12:28,280 INFO request {"path": "/measure", "payload": {"arena_id": "default", "robot_id": "202601002029", "request_id": "37b857854fcf4273a21c1fb696619d99", "position": {"x": 848.70489570875, "y": 489.99999999999994}, "channel": 19}, "attempt": 1}
2026-09-12 22:12:28,291 INFO response {"request_id": "37b857854fcf4273a21c1fb696619d99", "http_status": 200, "body": {"accepted": true, "real_timestamp_ms": 1789222345159, "virtual_time_s": 517.457066, "measure_result": "no_signal"}}
2026-09-12 22:12:28,306 INFO request {"path": "/measure", "payload": {"arena_id": "default", "robot_id": "202601002029", "request_id": "70b1570f34cf48a3b7a62543bf011729", "position": {"x": 848.70489570875, "y": 489.99999999999994}, "channel": 2}, "attempt": 1}
2026-09-12 22:12:28,321 INFO response {"request_id": "70b1570f34cf48a3b7a62543bf011729", "http_status": 200, "body": {"accepted": true, "real_timestamp_ms": 1789222345189, "virtual_time_s": 523.457066, "measure_result": "no_signal"}}
2026-09-12 22:12:28,337 INFO request {"path": "/measure", "payload": {"arena_id": "default", "robot_id": "202601002029", "request_id": "c9cc80c06ea1499d8affc9bafa98c689", "position": {"x": 848.70489570875, "y": 489.99999999999994}, "channel": 4}, "attempt": 1}
2026-09-12 22:12:28,351 INFO response {"request_id": "c9cc80c06ea1499d8affc9bafa98c689", "http_status": 200, "body": {"accepted": true, "real_timestamp_ms": 1789222345219, "virtual_time_s": 529.457066, "measure_result": "no_signal"}}
2026-09-12 22:12:28,367 INFO request {"path": "/measure", "payload": {"arena_id": "default", "robot_id": "202601002029", "request_id": "22c93878f33848f8b40475cdf63e78d2", "position": {"x": 848.70489570875, "y": 489.99999999999994}, "channel": 5}, "attempt": 1}
2026-09-12 22:12:28,380 INFO response {"request_id": "22c93878f33848f8b40475cdf63e78d2", "http_status": 200, "body": {"accepted": true, "real_timestamp_ms": 1789222345248, "virtual_time_s": 535.457066, "measure_result": "no_signal"}}
2026-09-12 22:12:28,395 INFO request {"path": "/measure", "payload": {"arena_id": "default", "robot_id": "202601002029", "request_id": "7268caebeb3f4ac2899e38fedd21da06", "position": {"x": 848.70489570875, "y": 489.99999999999994}, "channel": 6}, "attempt": 1}
2026-09-12 22:12:28,396 INFO response {"request_id": "7268caebeb3f4ac2899e38fedd21da06", "http_status": 200, "body": {"accepted": true, "real_timestamp_ms": 1789222345264, "virtual_time_s": 541.457066, "measure_result": "no_signal"}}
2026-09-12 22:12:28,427 INFO request {"path": "/measure", "payload": {"arena_id": "default", "robot_id": "202601002029", "request_id": "c0eca16991624f188031289a50995b3a", "position": {"x": 848.70489570875, "y": 489.99999999999994}, "channel": 7}, "attempt": 1}
2026-09-12 22:12:28,429 INFO response {"request_id": "c0eca16991624f188031289a50995b3a", "http_status": 200, "body": {"accepted": true, "real_timestamp_ms": 1789222345296, "virtual_time_s": 547.457066, "measure_result": "no_signal"}}
2026-09-12 22:12:28,460 INFO request {"path": "/measure", "payload": {"arena_id": "default", "robot_id": "202601002029", "request_id": "8690af74090a4589a9b892566d793722", "position": {"x": 848.70489570875, "y": 489.99999999999994}, "channel": 9}, "attempt": 1}
2026-09-12 22:12:28,461 INFO response {"request_id": "8690af74090a4589a9b892566d793722", "http_status": 200, "body": {"accepted": true, "real_timestamp_ms": 1789222345329, "virtual_time_s": 553.457066, "measure_result": "no_signal"}}
2026-09-12 22:12:28,492 INFO request {"path": "/measure", "payload": {"arena_id": "default", "robot_id": "202601002029", "request_id": "bca2b5ccc69f49f7beacf573713c9c9c", "position": {"x": 848.70489570875, "y": 489.99999999999994}, "channel": 10}, "attempt": 1}
2026-09-12 22:12:28,507 INFO response {"request_id": "bca2b5ccc69f49f7beacf573713c9c9c", "http_status": 200, "body": {"accepted": true, "real_timestamp_ms": 1789222345375, "virtual_time_s": 559.457066, "measure_result": "direction", "svd_deg": 111.52}}
2026-09-12 22:12:28,524 INFO request {"path": "/measure", "payload": {"arena_id": "default", "robot_id": "202601002029", "request_id": "84ac74a34e594dd687c4612f347ace4d", "position": {"x": 848.70489570875, "y": 489.99999999999994}, "channel": 11}, "attempt": 1}
2026-09-12 22:12:28,537 INFO response {"request_id": "84ac74a34e594dd687c4612f347ace4d", "http_status": 200, "body": {"accepted": true, "real_timestamp_ms": 1789222345405, "virtual_time_s": 565.457066, "measure_result": "no_signal"}}
2026-09-12 22:12:28,552 INFO request {"path": "/measure", "payload": {"arena_id": "default", "robot_id": "202601002029", "request_id": "c97d88b0b37543659071eef2c26648d7", "position": {"x": 848.70489570875, "y": 489.99999999999994}, "channel": 13}, "attempt": 1}
2026-09-12 22:12:28,567 INFO response {"request_id": "c97d88b0b37543659071eef2c26648d7", "http_status": 200, "body": {"accepted": true, "real_timestamp_ms": 1789222345435, "virtual_time_s": 571.457066, "measure_result": "no_signal"}}
2026-09-12 22:12:28,583 INFO request {"path": "/measure", "payload": {"arena_id": "default", "robot_id": "202601002029", "request_id": "a1cfc40f22fb4f40a3647785590f2110", "position": {"x": 848.70489570875, "y": 489.99999999999994}, "channel": 14}, "attempt": 1}
2026-09-12 22:12:28,596 INFO response {"request_id": "a1cfc40f22fb4f40a3647785590f2110", "http_status": 200, "body": {"accepted": true, "real_timestamp_ms": 1789222345465, "virtual_time_s": 577.457066, "measure_result": "no_signal"}}
2026-09-12 22:12:28,613 INFO request {"path": "/measure", "payload": {"arena_id": "default", "robot_id": "202601002029", "request_id": "e04c4884ca2c4b8ab1cf9328e8107706", "position": {"x": 848.70489570875, "y": 489.99999999999994}, "channel": 15}, "attempt": 1}
2026-09-12 22:12:28,626 INFO response {"request_id": "e04c4884ca2c4b8ab1cf9328e8107706", "http_status": 200, "body": {"accepted": true, "real_timestamp_ms": 1789222345494, "virtual_time_s": 583.457066, "measure_result": "no_signal"}}
2026-09-12 22:12:28,641 INFO request {"path": "/measure", "payload": {"arena_id": "default", "robot_id": "202601002029", "request_id": "9395c36ba151488587f6a3fb61f24b06", "position": {"x": 848.70489570875, "y": 489.99999999999994}, "channel": 16}, "attempt": 1}
2026-09-12 22:12:28,656 INFO response {"request_id": "9395c36ba151488587f6a3fb61f24b06", "http_status": 200, "body": {"accepted": true, "real_timestamp_ms": 1789222345524, "virtual_time_s": 589.457066, "measure_result": "no_signal"}}
2026-09-12 22:12:28,672 INFO request {"path": "/measure", "payload": {"arena_id": "default", "robot_id": "202601002029", "request_id": "ec94c1288bb14ee29e48c613dd277ae0", "position": {"x": 848.70489570875, "y": 489.99999999999994}, "channel": 17}, "attempt": 1}
2026-09-12 22:12:28,686 INFO response {"request_id": "ec94c1288bb14ee29e48c613dd277ae0", "http_status": 200, "body": {"accepted": true, "real_timestamp_ms": 1789222345554, "virtual_time_s": 595.457066, "measure_result": "no_signal"}}
2026-09-12 22:12:28,701 INFO request {"path": "/measure", "payload": {"arena_id": "default", "robot_id": "202601002029", "request_id": "067e7a55617e4882bfaa95ec7843dd36", "position": {"x": 848.70489570875, "y": 489.99999999999994}, "channel": 18}, "attempt": 1}
2026-09-12 22:12:28,716 INFO response {"request_id": "067e7a55617e4882bfaa95ec7843dd36", "http_status": 200, "body": {"accepted": true, "real_timestamp_ms": 1789222345583, "virtual_time_s": 601.457066, "measure_result": "no_signal"}}
2026-09-12 22:12:28,755 INFO request {"path": "/measure", "payload": {"arena_id": "default", "robot_id": "202601002029", "request_id": "b28972c965de4487ab0928bf39fa0053", "position": {"x": 848.70489570875, "y": 489.99999999999994}, "channel": 12}, "attempt": 1}
2026-09-12 22:12:28,757 INFO response {"request_id": "b28972c965de4487ab0928bf39fa0053", "http_status": 200, "body": {"accepted": true, "real_timestamp_ms": 1789222345625, "virtual_time_s": 607.457066, "measure_result": "direction", "svd_deg": 335.57}}
2026-09-12 22:12:28,790 INFO request {"path": "/measure", "payload": {"arena_id": "default", "robot_id": "202601002029", "request_id": "bb8863715fd246f7b9c1e8159e096288", "position": {"x": 490.0000000000001, "y": 848.7048957087499}, "channel": 2}, "attempt": 1}
2026-09-12 22:12:28,805 INFO response {"request_id": "bb8863715fd246f7b9c1e8159e096288", "http_status": 200, "body": {"accepted": true, "real_timestamp_ms": 1789222345672, "virtual_time_s": 714.914132, "measure_result": "no_signal"}}
2026-09-12 22:12:28,819 INFO request {"path": "/measure", "payload": {"arena_id": "default", "robot_id": "202601002029", "request_id": "dd91b75992a940d2896a93f41ae9bf4c", "position": {"x": 490.0000000000001, "y": 848.7048957087499}, "channel": 4}, "attempt": 1}
2026-09-12 22:12:28,820 INFO response {"request_id": "dd91b75992a940d2896a93f41ae9bf4c", "http_status": 200, "body": {"accepted": true, "real_timestamp_ms": 1789222345688, "virtual_time_s": 720.914132, "measure_result": "no_signal"}}
2026-09-12 22:12:28,851 INFO request {"path": "/measure", "payload": {"arena_id": "default", "robot_id": "202601002029", "request_id": "977e37e426c14efe8ffa25380b4d172c", "position": {"x": 490.0000000000001, "y": 848.7048957087499}, "channel": 5}, "attempt": 1}
2026-09-12 22:12:28,851 INFO response {"request_id": "977e37e426c14efe8ffa25380b4d172c", "http_status": 200, "body": {"accepted": true, "real_timestamp_ms": 1789222345719, "virtual_time_s": 726.914132, "measure_result": "no_signal"}}
2026-09-12 22:12:28,882 INFO request {"path": "/measure", "payload": {"arena_id": "default", "robot_id": "202601002029", "request_id": "4df387b77d2e4ab587fa2956b920475e", "position": {"x": 490.0000000000001, "y": 848.7048957087499}, "channel": 6}, "attempt": 1}
2026-09-12 22:12:28,883 INFO response {"request_id": "4df387b77d2e4ab587fa2956b920475e", "http_status": 200, "body": {"accepted": true, "real_timestamp_ms": 1789222345751, "virtual_time_s": 732.914132, "measure_result": "no_signal"}}
2026-09-12 22:12:28,914 INFO request {"path": "/measure", "payload": {"arena_id": "default", "robot_id": "202601002029", "request_id": "21b3133ef8634927b4236e27b1344f4a", "position": {"x": 490.0000000000001, "y": 848.7048957087499}, "channel": 7}, "attempt": 1}
2026-09-12 22:12:28,915 INFO response {"request_id": "21b3133ef8634927b4236e27b1344f4a", "http_status": 200, "body": {"accepted": true, "real_timestamp_ms": 1789222345783, "virtual_time_s": 738.914132, "measure_result": "no_signal"}}
2026-09-12 22:12:28,945 INFO request {"path": "/measure", "payload": {"arena_id": "default", "robot_id": "202601002029", "request_id": "107c4cbe8ba049149b1025a6eb070d51", "position": {"x": 490.0000000000001, "y": 848.7048957087499}, "channel": 9}, "attempt": 1}
2026-09-12 22:12:28,964 INFO response {"request_id": "107c4cbe8ba049149b1025a6eb070d51", "http_status": 200, "body": {"accepted": true, "real_timestamp_ms": 1789222345832, "virtual_time_s": 744.914132, "measure_result": "no_signal"}}
2026-09-12 22:12:28,979 INFO request {"path": "/measure", "payload": {"arena_id": "default", "robot_id": "202601002029", "request_id": "ea97abfe8f9543a1ad1255314590713a", "position": {"x": 490.0000000000001, "y": 848.7048957087499}, "channel": 11}, "attempt": 1}
2026-09-12 22:12:28,993 INFO response {"request_id": "ea97abfe8f9543a1ad1255314590713a", "http_status": 200, "body": {"accepted": true, "real_timestamp_ms": 1789222345861, "virtual_time_s": 750.914132, "measure_result": "no_signal"}}
2026-09-12 22:12:29,008 INFO request {"path": "/measure", "payload": {"arena_id": "default", "robot_id": "202601002029", "request_id": "c1b60927e2ce49c9a1d04a02bff2de0d", "position": {"x": 490.0000000000001, "y": 848.7048957087499}, "channel": 13}, "attempt": 1}
2026-09-12 22:12:29,023 INFO response {"request_id": "c1b60927e2ce49c9a1d04a02bff2de0d", "http_status": 200, "body": {"accepted": true, "real_timestamp_ms": 1789222345891, "virtual_time_s": 756.914132, "measure_result": "no_signal"}}
2026-09-12 22:12:29,039 INFO request {"path": "/measure", "payload": {"arena_id": "default", "robot_id": "202601002029", "request_id": "69b8d0968a2a4c809ba37ecc10a954d9", "position": {"x": 490.0000000000001, "y": 848.7048957087499}, "channel": 14}, "attempt": 1}
2026-09-12 22:12:29,053 INFO response {"request_id": "69b8d0968a2a4c809ba37ecc10a954d9", "http_status": 200, "body": {"accepted": true, "real_timestamp_ms": 1789222345920, "virtual_time_s": 762.914132, "measure_result": "no_signal"}}
2026-09-12 22:12:29,067 INFO request {"path": "/measure", "payload": {"arena_id": "default", "robot_id": "202601002029", "request_id": "d1d16a4379c844cd807b2f0f280ac6a6", "position": {"x": 490.0000000000001, "y": 848.7048957087499}, "channel": 15}, "attempt": 1}
2026-09-12 22:12:29,085 INFO response {"request_id": "d1d16a4379c844cd807b2f0f280ac6a6", "http_status": 200, "body": {"accepted": true, "real_timestamp_ms": 1789222345952, "virtual_time_s": 768.914132, "measure_result": "no_signal"}}
2026-09-12 22:12:29,099 INFO request {"path": "/measure", "payload": {"arena_id": "default", "robot_id": "202601002029", "request_id": "deabdf631502460abc239690cfd6480d", "position": {"x": 490.0000000000001, "y": 848.7048957087499}, "channel": 16}, "attempt": 1}
2026-09-12 22:12:29,115 INFO response {"request_id": "deabdf631502460abc239690cfd6480d", "http_status": 200, "body": {"accepted": true, "real_timestamp_ms": 1789222345982, "virtual_time_s": 774.914132, "measure_result": "no_signal"}}
2026-09-12 22:12:29,130 INFO request {"path": "/measure", "payload": {"arena_id": "default", "robot_id": "202601002029", "request_id": "1c717e2da3d04624bb6c188a499c8493", "position": {"x": 490.0000000000001, "y": 848.7048957087499}, "channel": 17}, "attempt": 1}
2026-09-12 22:12:29,144 INFO response {"request_id": "1c717e2da3d04624bb6c188a499c8493", "http_status": 200, "body": {"accepted": true, "real_timestamp_ms": 1789222346011, "virtual_time_s": 780.914132, "measure_result": "no_signal"}}
2026-09-12 22:12:29,160 INFO request {"path": "/measure", "payload": {"arena_id": "default", "robot_id": "202601002029", "request_id": "3a270ae0102c4f67ab2a78eb60e1d44b", "position": {"x": 490.0000000000001, "y": 848.7048957087499}, "channel": 18}, "attempt": 1}
2026-09-12 22:12:29,174 INFO response {"request_id": "3a270ae0102c4f67ab2a78eb60e1d44b", "http_status": 200, "body": {"accepted": true, "real_timestamp_ms": 1789222346042, "virtual_time_s": 786.914132, "measure_result": "no_signal"}}
2026-09-12 22:12:29,205 INFO request {"path": "/measure", "payload": {"arena_id": "default", "robot_id": "202601002029", "request_id": "853151088d924d98b3b44fbeb635ce17", "position": {"x": 490.0000000000001, "y": 848.7048957087499}, "channel": 19}, "attempt": 1}
2026-09-12 22:12:29,222 INFO response {"request_id": "853151088d924d98b3b44fbeb635ce17", "http_status": 200, "body": {"accepted": true, "real_timestamp_ms": 1789222346090, "virtual_time_s": 792.914132, "measure_result": "direction", "svd_deg": 161.62}}
2026-09-12 22:12:29,256 INFO request {"path": "/measure", "payload": {"arena_id": "default", "robot_id": "202601002029", "request_id": "affd834afa0549bcb384f0eb9f7d682e", "position": {"x": 490.0000000000001, "y": 848.7048957087499}, "channel": 8}, "attempt": 1}
2026-09-12 22:12:29,271 INFO response {"request_id": "affd834afa0549bcb384f0eb9f7d682e", "http_status": 200, "body": {"accepted": true, "real_timestamp_ms": 1789222346139, "virtual_time_s": 798.914132, "measure_result": "direction", "svd_deg": 280.77}}
2026-09-12 22:12:29,290 INFO request {"path": "/measure", "payload": {"arena_id": "default", "robot_id": "202601002029", "request_id": "42393af0fc0246e28bb48a39f806b3ff", "position": {"x": 490.0000000000001, "y": 848.7048957087499}, "channel": 10}, "attempt": 1}
2026-09-12 22:12:29,291 INFO response {"request_id": "42393af0fc0246e28bb48a39f806b3ff", "http_status": 200, "body": {"accepted": true, "real_timestamp_ms": 1789222346159, "virtual_time_s": 804.914132, "measure_result": "direction", "svd_deg": 92.83}}
2026-09-12 22:12:29,324 INFO request {"path": "/measure", "payload": {"arena_id": "default", "robot_id": "202601002029", "request_id": "1128dcb1357d4a1086322c7b1e99dc81", "position": {"x": 6.000769315822031e-14, "y": 980.0}, "channel": 2}, "attempt": 1}
2026-09-12 22:12:29,325 INFO response {"request_id": "1128dcb1357d4a1086322c7b1e99dc81", "http_status": 200, "body": {"accepted": true, "real_timestamp_ms": 1789222346193, "virtual_time_s": 912.371198, "measure_result": "no_signal"}}
2026-09-12 22:12:29,356 INFO request {"path": "/measure", "payload": {"arena_id": "default", "robot_id": "202601002029", "request_id": "b54dd099fc2e4b788393f545e4bbeef4", "position": {"x": 6.000769315822031e-14, "y": 980.0}, "channel": 4}, "attempt": 1}
2026-09-12 22:12:29,370 INFO response {"request_id": "b54dd099fc2e4b788393f545e4bbeef4", "http_status": 200, "body": {"accepted": true, "real_timestamp_ms": 1789222346238, "virtual_time_s": 918.371198, "measure_result": "no_signal"}}
2026-09-12 22:12:29,385 INFO request {"path": "/measure", "payload": {"arena_id": "default", "robot_id": "202601002029", "request_id": "1771a1090ef94ba2a04c7c489ba6ffc4", "position": {"x": 6.000769315822031e-14, "y": 980.0}, "channel": 5}, "attempt": 1}
2026-09-12 22:12:29,399 INFO response {"request_id": "1771a1090ef94ba2a04c7c489ba6ffc4", "http_status": 200, "body": {"accepted": true, "real_timestamp_ms": 1789222346267, "virtual_time_s": 924.371198, "measure_result": "no_signal"}}
2026-09-12 22:12:29,415 INFO request {"path": "/measure", "payload": {"arena_id": "default", "robot_id": "202601002029", "request_id": "6363b07a98e142cd93654ae887b70a05", "position": {"x": 6.000769315822031e-14, "y": 980.0}, "channel": 6}, "attempt": 1}
2026-09-12 22:12:29,429 INFO response {"request_id": "6363b07a98e142cd93654ae887b70a05", "http_status": 200, "body": {"accepted": true, "real_timestamp_ms": 1789222346297, "virtual_time_s": 930.371198, "measure_result": "no_signal"}}
2026-09-12 22:12:29,444 INFO request {"path": "/measure", "payload": {"arena_id": "default", "robot_id": "202601002029", "request_id": "0012ffe36ae74cf78581df514adca214", "position": {"x": 6.000769315822031e-14, "y": 980.0}, "channel": 7}, "attempt": 1}
2026-09-12 22:12:29,460 INFO response {"request_id": "0012ffe36ae74cf78581df514adca214", "http_status": 200, "body": {"accepted": true, "real_timestamp_ms": 1789222346327, "virtual_time_s": 936.371198, "measure_result": "no_signal"}}
2026-09-12 22:12:29,474 INFO request {"path": "/measure", "payload": {"arena_id": "default", "robot_id": "202601002029", "request_id": "a2e99931d87740668ad761ca146eb86e", "position": {"x": 6.000769315822031e-14, "y": 980.0}, "channel": 9}, "attempt": 1}
2026-09-12 22:12:29,489 INFO response {"request_id": "a2e99931d87740668ad761ca146eb86e", "http_status": 200, "body": {"accepted": true, "real_timestamp_ms": 1789222346357, "virtual_time_s": 942.371198, "measure_result": "no_signal"}}
2026-09-12 22:12:29,503 INFO request {"path": "/measure", "payload": {"arena_id": "default", "robot_id": "202601002029", "request_id": "aa5ad48ff01c4d1b857965ca7ebd505a", "position": {"x": 6.000769315822031e-14, "y": 980.0}, "channel": 11}, "attempt": 1}
2026-09-12 22:12:29,520 INFO response {"request_id": "aa5ad48ff01c4d1b857965ca7ebd505a", "http_status": 200, "body": {"accepted": true, "real_timestamp_ms": 1789222346386, "virtual_time_s": 948.371198, "measure_result": "no_signal"}}
2026-09-12 22:12:29,520 INFO request {"path": "/measure", "payload": {"arena_id": "default", "robot_id": "202601002029", "request_id": "dce964cca7e74b8ab9486724757dc1ac", "position": {"x": 6.000769315822031e-14, "y": 980.0}, "channel": 13}, "attempt": 1}
2026-09-12 22:12:29,537 INFO response {"request_id": "dce964cca7e74b8ab9486724757dc1ac", "http_status": 200, "body": {"accepted": true, "real_timestamp_ms": 1789222346405, "virtual_time_s": 954.371198, "measure_result": "no_signal"}}
2026-09-12 22:12:29,552 INFO request {"path": "/measure", "payload": {"arena_id": "default", "robot_id": "202601002029", "request_id": "e39adc75bf73469580f077ce455fd7e3", "position": {"x": 6.000769315822031e-14, "y": 980.0}, "channel": 14}, "attempt": 1}
2026-09-12 22:12:29,554 INFO response {"request_id": "e39adc75bf73469580f077ce455fd7e3", "http_status": 200, "body": {"accepted": true, "real_timestamp_ms": 1789222346421, "virtual_time_s": 960.371198, "measure_result": "no_signal"}}
2026-09-12 22:12:29,584 INFO request {"path": "/measure", "payload": {"arena_id": "default", "robot_id": "202601002029", "request_id": "f9a91b23eb0446289410c08ddde2a505", "position": {"x": 6.000769315822031e-14, "y": 980.0}, "channel": 15}, "attempt": 1}
2026-09-12 22:12:29,586 INFO response {"request_id": "f9a91b23eb0446289410c08ddde2a505", "http_status": 200, "body": {"accepted": true, "real_timestamp_ms": 1789222346453, "virtual_time_s": 966.371198, "measure_result": "no_signal"}}
2026-09-12 22:12:29,616 INFO request {"path": "/measure", "payload": {"arena_id": "default", "robot_id": "202601002029", "request_id": "1544d967564f46139181f6b241f67781", "position": {"x": 6.000769315822031e-14, "y": 980.0}, "channel": 16}, "attempt": 1}
2026-09-12 22:12:29,617 INFO response {"request_id": "1544d967564f46139181f6b241f67781", "http_status": 200, "body": {"accepted": true, "real_timestamp_ms": 1789222346485, "virtual_time_s": 972.371198, "measure_result": "no_signal"}}
2026-09-12 22:12:29,648 INFO request {"path": "/measure", "payload": {"arena_id": "default", "robot_id": "202601002029", "request_id": "2c540657f51840c1ae16a6f81dc2e5e9", "position": {"x": 6.000769315822031e-14, "y": 980.0}, "channel": 17}, "attempt": 1}
2026-09-12 22:12:29,666 INFO response {"request_id": "2c540657f51840c1ae16a6f81dc2e5e9", "http_status": 200, "body": {"accepted": true, "real_timestamp_ms": 1789222346533, "virtual_time_s": 978.371198, "measure_result": "no_signal"}}
2026-09-12 22:12:29,680 INFO request {"path": "/measure", "payload": {"arena_id": "default", "robot_id": "202601002029", "request_id": "3b676bb65c2b4db9bdfb7d0e7589c72e", "position": {"x": 6.000769315822031e-14, "y": 980.0}, "channel": 18}, "attempt": 1}
2026-09-12 22:12:29,682 INFO response {"request_id": "3b676bb65c2b4db9bdfb7d0e7589c72e", "http_status": 200, "body": {"accepted": true, "real_timestamp_ms": 1789222346549, "virtual_time_s": 984.371198, "measure_result": "no_signal"}}
2026-09-12 22:12:29,746 INFO request {"path": "/measure", "payload": {"arena_id": "default", "robot_id": "202601002029", "request_id": "42c2ad504187483088556e9432155760", "position": {"x": 6.000769315822031e-14, "y": 980.0}, "channel": 20}, "attempt": 1}
2026-09-12 22:12:29,764 INFO response {"request_id": "42c2ad504187483088556e9432155760", "http_status": 200, "body": {"accepted": true, "real_timestamp_ms": 1789222346631, "virtual_time_s": 990.371198, "measure_result": "direction", "svd_deg": 207.79}}
2026-09-12 22:12:29,770 INFO request {"path": "/measure", "payload": {"arena_id": "default", "robot_id": "202601002029", "request_id": "912d3d21379f43c9afafe68f12f7e476", "position": {"x": 6.000769315822031e-14, "y": 980.0}, "channel": 10}, "attempt": 1}
2026-09-12 22:12:29,783 INFO response {"request_id": "912d3d21379f43c9afafe68f12f7e476", "http_status": 200, "body": {"accepted": true, "real_timestamp_ms": 1789222346651, "virtual_time_s": 996.371198, "measure_result": "direction", "svd_deg": 49.05}}
2026-09-12 22:12:29,804 INFO request {"path": "/measure", "payload": {"arena_id": "default", "robot_id": "202601002029", "request_id": "5a2c61013df14e81930e14225115b096", "position": {"x": -489.9999999999998, "y": 848.70489570875}, "channel": 2}, "attempt": 1}
2026-09-12 22:12:29,822 INFO response {"request_id": "5a2c61013df14e81930e14225115b096", "http_status": 200, "body": {"accepted": true, "real_timestamp_ms": 1789222346690, "virtual_time_s": 1103.828264, "measure_result": "no_signal"}}
2026-09-12 22:12:29,839 INFO request {"path": "/measure", "payload": {"arena_id": "default", "robot_id": "202601002029", "request_id": "f0beaf0bad064be6bd221e769828dc73", "position": {"x": -489.9999999999998, "y": 848.70489570875}, "channel": 4}, "attempt": 1}
2026-09-12 22:12:29,853 INFO response {"request_id": "f0beaf0bad064be6bd221e769828dc73", "http_status": 200, "body": {"accepted": true, "real_timestamp_ms": 1789222346721, "virtual_time_s": 1109.828264, "measure_result": "no_signal"}}
2026-09-12 22:12:29,869 INFO request {"path": "/measure", "payload": {"arena_id": "default", "robot_id": "202601002029", "request_id": "012d008272e9454caf3c7472b9fda0c5", "position": {"x": -489.9999999999998, "y": 848.70489570875}, "channel": 5}, "attempt": 1}
2026-09-12 22:12:29,882 INFO response {"request_id": "012d008272e9454caf3c7472b9fda0c5", "http_status": 200, "body": {"accepted": true, "real_timestamp_ms": 1789222346750, "virtual_time_s": 1115.828264, "measure_result": "no_signal"}}
2026-09-12 22:12:29,897 INFO request {"path": "/measure", "payload": {"arena_id": "default", "robot_id": "202601002029", "request_id": "33c7f792e0b44ca9ba3788cce3f33d5c", "position": {"x": -489.9999999999998, "y": 848.70489570875}, "channel": 6}, "attempt": 1}
2026-09-12 22:12:29,911 INFO response {"request_id": "33c7f792e0b44ca9ba3788cce3f33d5c", "http_status": 200, "body": {"accepted": true, "real_timestamp_ms": 1789222346779, "virtual_time_s": 1121.828264, "measure_result": "no_signal"}}
2026-09-12 22:12:29,926 INFO request {"path": "/measure", "payload": {"arena_id": "default", "robot_id": "202601002029", "request_id": "1464cc25505e40d79fd8ed3b0b86560f", "position": {"x": -489.9999999999998, "y": 848.70489570875}, "channel": 7}, "attempt": 1}
2026-09-12 22:12:29,941 INFO response {"request_id": "1464cc25505e40d79fd8ed3b0b86560f", "http_status": 200, "body": {"accepted": true, "real_timestamp_ms": 1789222346809, "virtual_time_s": 1127.828264, "measure_result": "no_signal"}}
2026-09-12 22:12:29,957 INFO request {"path": "/measure", "payload": {"arena_id": "default", "robot_id": "202601002029", "request_id": "6266d99664b24425ae1db37d4a95126f", "position": {"x": -489.9999999999998, "y": 848.70489570875}, "channel": 9}, "attempt": 1}
2026-09-12 22:12:29,971 INFO response {"request_id": "6266d99664b24425ae1db37d4a95126f", "http_status": 200, "body": {"accepted": true, "real_timestamp_ms": 1789222346839, "virtual_time_s": 1133.828264, "measure_result": "no_signal"}}
2026-09-12 22:12:30,002 INFO request {"path": "/measure", "payload": {"arena_id": "default", "robot_id": "202601002029", "request_id": "deab9d9f13434094b61f05019c8cacc6", "position": {"x": -489.9999999999998, "y": 848.70489570875}, "channel": 11}, "attempt": 1}
2026-09-12 22:12:30,021 INFO response {"request_id": "deab9d9f13434094b61f05019c8cacc6", "http_status": 200, "body": {"accepted": true, "real_timestamp_ms": 1789222346888, "virtual_time_s": 1139.828264, "measure_result": "no_signal"}}
2026-09-12 22:12:30,021 INFO request {"path": "/measure", "payload": {"arena_id": "default", "robot_id": "202601002029", "request_id": "1146b4c67ed843d8805cf138a3781cca", "position": {"x": -489.9999999999998, "y": 848.70489570875}, "channel": 13}, "attempt": 1}
2026-09-12 22:12:30,041 INFO response {"request_id": "1146b4c67ed843d8805cf138a3781cca", "http_status": 200, "body": {"accepted": true, "real_timestamp_ms": 1789222346908, "virtual_time_s": 1145.828264, "measure_result": "no_signal"}}
2026-09-12 22:12:30,055 INFO request {"path": "/measure", "payload": {"arena_id": "default", "robot_id": "202601002029", "request_id": "2aaca2fbbfd6402eb997b6dd30835433", "position": {"x": -489.9999999999998, "y": 848.70489570875}, "channel": 14}, "attempt": 1}
2026-09-12 22:12:30,070 INFO response {"request_id": "2aaca2fbbfd6402eb997b6dd30835433", "http_status": 200, "body": {"accepted": true, "real_timestamp_ms": 1789222346938, "virtual_time_s": 1151.828264, "measure_result": "no_signal"}}
2026-09-12 22:12:30,086 INFO request {"path": "/measure", "payload": {"arena_id": "default", "robot_id": "202601002029", "request_id": "45778fdcf23a4169b4326261c1936e00", "position": {"x": -489.9999999999998, "y": 848.70489570875}, "channel": 15}, "attempt": 1}
2026-09-12 22:12:30,099 INFO response {"request_id": "45778fdcf23a4169b4326261c1936e00", "http_status": 200, "body": {"accepted": true, "real_timestamp_ms": 1789222346967, "virtual_time_s": 1157.828264, "measure_result": "no_signal"}}
2026-09-12 22:12:30,115 INFO request {"path": "/measure", "payload": {"arena_id": "default", "robot_id": "202601002029", "request_id": "6dc3212b59b84f79813c8d2a96156a94", "position": {"x": -489.9999999999998, "y": 848.70489570875}, "channel": 16}, "attempt": 1}
2026-09-12 22:12:30,129 INFO response {"request_id": "6dc3212b59b84f79813c8d2a96156a94", "http_status": 200, "body": {"accepted": true, "real_timestamp_ms": 1789222346997, "virtual_time_s": 1163.828264, "measure_result": "no_signal"}}
2026-09-12 22:12:30,144 INFO request {"path": "/measure", "payload": {"arena_id": "default", "robot_id": "202601002029", "request_id": "ff9b92608e4d4efb9b3f13f8d8d10f68", "position": {"x": -489.9999999999998, "y": 848.70489570875}, "channel": 17}, "attempt": 1}
2026-09-12 22:12:30,158 INFO response {"request_id": "ff9b92608e4d4efb9b3f13f8d8d10f68", "http_status": 200, "body": {"accepted": true, "real_timestamp_ms": 1789222347026, "virtual_time_s": 1169.828264, "measure_result": "no_signal"}}
2026-09-12 22:12:30,174 INFO request {"path": "/measure", "payload": {"arena_id": "default", "robot_id": "202601002029", "request_id": "efde76389ec2417e8301d7a6fff1ce0e", "position": {"x": -489.9999999999998, "y": 848.70489570875}, "channel": 18}, "attempt": 1}
2026-09-12 22:12:30,176 INFO response {"request_id": "efde76389ec2417e8301d7a6fff1ce0e", "http_status": 200, "body": {"accepted": true, "real_timestamp_ms": 1789222347043, "virtual_time_s": 1175.828264, "measure_result": "no_signal"}}
2026-09-12 22:12:30,267 INFO request {"path": "/measure", "payload": {"arena_id": "default", "robot_id": "202601002029", "request_id": "69db8e7e7b2e40f5ba3193333335122c", "position": {"x": -489.9999999999998, "y": 848.70489570875}, "channel": 19}, "attempt": 1}
2026-09-12 22:12:30,286 INFO response {"request_id": "69db8e7e7b2e40f5ba3193333335122c", "http_status": 200, "body": {"accepted": true, "real_timestamp_ms": 1789222347154, "virtual_time_s": 1181.828264, "measure_result": "direction", "svd_deg": 79.79}}
2026-09-12 22:12:30,289 INFO request {"path": "/measure", "payload": {"arena_id": "default", "robot_id": "202601002029", "request_id": "f6e25388217a4d8bbc557a2f927f5da4", "position": {"x": -489.9999999999998, "y": 848.70489570875}, "channel": 3}, "attempt": 1}
2026-09-12 22:12:30,306 INFO response {"request_id": "f6e25388217a4d8bbc557a2f927f5da4", "http_status": 200, "body": {"accepted": true, "real_timestamp_ms": 1789222347174, "virtual_time_s": 1187.828264, "measure_result": "direction", "svd_deg": 263.33}}
2026-09-12 22:12:30,323 INFO request {"path": "/measure", "payload": {"arena_id": "default", "robot_id": "202601002029", "request_id": "c2290a06f6ee499aae45469c5c97173c", "position": {"x": -848.7048957087497, "y": 490.00000000000034}, "channel": 2}, "attempt": 1}
2026-09-12 22:12:30,324 INFO response {"request_id": "c2290a06f6ee499aae45469c5c97173c", "http_status": 200, "body": {"accepted": true, "real_timestamp_ms": 1789222347192, "virtual_time_s": 1295.28533, "measure_result": "no_signal"}}
2026-09-12 22:12:30,355 INFO request {"path": "/measure", "payload": {"arena_id": "default", "robot_id": "202601002029", "request_id": "547b80184120433caec3a063993d82e6", "position": {"x": -848.7048957087497, "y": 490.00000000000034}, "channel": 4}, "attempt": 1}
2026-09-12 22:12:30,375 INFO response {"request_id": "547b80184120433caec3a063993d82e6", "http_status": 200, "body": {"accepted": true, "real_timestamp_ms": 1789222347243, "virtual_time_s": 1301.28533, "measure_result": "no_signal"}}
2026-09-12 22:12:30,390 INFO request {"path": "/measure", "payload": {"arena_id": "default", "robot_id": "202601002029", "request_id": "98f9eaeeb7894688801a21df281fbfb9", "position": {"x": -848.7048957087497, "y": 490.00000000000034}, "channel": 5}, "attempt": 1}
2026-09-12 22:12:30,404 INFO response {"request_id": "98f9eaeeb7894688801a21df281fbfb9", "http_status": 200, "body": {"accepted": true, "real_timestamp_ms": 1789222347272, "virtual_time_s": 1307.28533, "measure_result": "no_signal"}}
2026-09-12 22:12:30,420 INFO request {"path": "/measure", "payload": {"arena_id": "default", "robot_id": "202601002029", "request_id": "a07f01f049bc4299ae02838d51cc33e7", "position": {"x": -848.7048957087497, "y": 490.00000000000034}, "channel": 6}, "attempt": 1}
2026-09-12 22:12:30,433 INFO response {"request_id": "a07f01f049bc4299ae02838d51cc33e7", "http_status": 200, "body": {"accepted": true, "real_timestamp_ms": 1789222347302, "virtual_time_s": 1313.28533, "measure_result": "no_signal"}}
2026-09-12 22:12:30,448 INFO request {"path": "/measure", "payload": {"arena_id": "default", "robot_id": "202601002029", "request_id": "5373188323c44bb8bbfa5b5af8607a01", "position": {"x": -848.7048957087497, "y": 490.00000000000034}, "channel": 7}, "attempt": 1}
2026-09-12 22:12:30,449 INFO response {"request_id": "5373188323c44bb8bbfa5b5af8607a01", "http_status": 200, "body": {"accepted": true, "real_timestamp_ms": 1789222347317, "virtual_time_s": 1319.28533, "measure_result": "no_signal"}}
2026-09-12 22:12:30,480 INFO request {"path": "/measure", "payload": {"arena_id": "default", "robot_id": "202601002029", "request_id": "a87b562b1d06443990d4ed256eab4045", "position": {"x": -848.7048957087497, "y": 490.00000000000034}, "channel": 9}, "attempt": 1}
2026-09-12 22:12:30,493 INFO response {"request_id": "a87b562b1d06443990d4ed256eab4045", "http_status": 200, "body": {"accepted": true, "real_timestamp_ms": 1789222347360, "virtual_time_s": 1325.28533, "measure_result": "no_signal"}}
2026-09-12 22:12:30,507 INFO request {"path": "/measure", "payload": {"arena_id": "default", "robot_id": "202601002029", "request_id": "bcc9a1558b744039bc7791e03c1b2123", "position": {"x": -848.7048957087497, "y": 490.00000000000034}, "channel": 11}, "attempt": 1}
2026-09-12 22:12:30,522 INFO response {"request_id": "bcc9a1558b744039bc7791e03c1b2123", "http_status": 200, "body": {"accepted": true, "real_timestamp_ms": 1789222347390, "virtual_time_s": 1331.28533, "measure_result": "no_signal"}}
2026-09-12 22:12:30,537 INFO request {"path": "/measure", "payload": {"arena_id": "default", "robot_id": "202601002029", "request_id": "d33c2c0a91524c1387edd68932d45742", "position": {"x": -848.7048957087497, "y": 490.00000000000034}, "channel": 13}, "attempt": 1}
2026-09-12 22:12:30,538 INFO response {"request_id": "d33c2c0a91524c1387edd68932d45742", "http_status": 200, "body": {"accepted": true, "real_timestamp_ms": 1789222347406, "virtual_time_s": 1337.28533, "measure_result": "no_signal"}}
2026-09-12 22:12:30,568 INFO request {"path": "/measure", "payload": {"arena_id": "default", "robot_id": "202601002029", "request_id": "10766e840b124c4eb3bee47a8857b6ea", "position": {"x": -848.7048957087497, "y": 490.00000000000034}, "channel": 14}, "attempt": 1}
2026-09-12 22:12:30,580 INFO response {"request_id": "10766e840b124c4eb3bee47a8857b6ea", "http_status": 200, "body": {"accepted": true, "real_timestamp_ms": 1789222347449, "virtual_time_s": 1343.28533, "measure_result": "no_signal"}}
2026-09-12 22:12:30,612 INFO request {"path": "/measure", "payload": {"arena_id": "default", "robot_id": "202601002029", "request_id": "ce1de28a64084944a510dbd83aeb145e", "position": {"x": -848.7048957087497, "y": 490.00000000000034}, "channel": 15}, "attempt": 1}
2026-09-12 22:12:30,612 INFO response {"request_id": "ce1de28a64084944a510dbd83aeb145e", "http_status": 200, "body": {"accepted": true, "real_timestamp_ms": 1789222347480, "virtual_time_s": 1349.28533, "measure_result": "no_signal"}}
2026-09-12 22:12:30,627 INFO request {"path": "/measure", "payload": {"arena_id": "default", "robot_id": "202601002029", "request_id": "a3d5818ea67f4b0b8958178fc0d72f18", "position": {"x": -848.7048957087497, "y": 490.00000000000034}, "channel": 16}, "attempt": 1}
2026-09-12 22:12:30,641 INFO response {"request_id": "a3d5818ea67f4b0b8958178fc0d72f18", "http_status": 200, "body": {"accepted": true, "real_timestamp_ms": 1789222347508, "virtual_time_s": 1355.28533, "measure_result": "no_signal"}}
2026-09-12 22:12:30,655 INFO request {"path": "/measure", "payload": {"arena_id": "default", "robot_id": "202601002029", "request_id": "b50978dcc95f4d7692b3983fa0dedf57", "position": {"x": -848.7048957087497, "y": 490.00000000000034}, "channel": 17}, "attempt": 1}
2026-09-12 22:12:30,669 INFO response {"request_id": "b50978dcc95f4d7692b3983fa0dedf57", "http_status": 200, "body": {"accepted": true, "real_timestamp_ms": 1789222347538, "virtual_time_s": 1361.28533, "measure_result": "no_signal"}}
2026-09-12 22:12:30,685 INFO request {"path": "/measure", "payload": {"arena_id": "default", "robot_id": "202601002029", "request_id": "0fc376f8d1624e7190d0cc524487d2cd", "position": {"x": -848.7048957087497, "y": 490.00000000000034}, "channel": 18}, "attempt": 1}
2026-09-12 22:12:30,699 INFO response {"request_id": "0fc376f8d1624e7190d0cc524487d2cd", "http_status": 200, "body": {"accepted": true, "real_timestamp_ms": 1789222347567, "virtual_time_s": 1367.28533, "measure_result": "no_signal"}}
2026-09-12 22:12:30,727 INFO request {"path": "/measure", "payload": {"arena_id": "default", "robot_id": "202601002029", "request_id": "2b5874d5fc5e4c92a3435ec0fb630c31", "position": {"x": -980.0, "y": 1.2001538631644062e-13}, "channel": 18}, "attempt": 1}
2026-09-12 22:12:30,729 INFO response {"request_id": "2b5874d5fc5e4c92a3435ec0fb630c31", "http_status": 200, "body": {"accepted": true, "real_timestamp_ms": 1789222347597, "virtual_time_s": 1473.742396, "measure_result": "no_signal"}}
2026-09-12 22:12:30,760 INFO request {"path": "/measure", "payload": {"arena_id": "default", "robot_id": "202601002029", "request_id": "1b5493b1d4ec4da587f4d089ac84605a", "position": {"x": -980.0, "y": 1.2001538631644062e-13}, "channel": 2}, "attempt": 1}
2026-09-12 22:12:30,776 INFO response {"request_id": "1b5493b1d4ec4da587f4d089ac84605a", "http_status": 200, "body": {"accepted": true, "real_timestamp_ms": 1789222347644, "virtual_time_s": 1479.742396, "measure_result": "no_signal"}}
2026-09-12 22:12:30,791 INFO request {"path": "/measure", "payload": {"arena_id": "default", "robot_id": "202601002029", "request_id": "0135348c4fa845fe958f5f0294c5239d", "position": {"x": -980.0, "y": 1.2001538631644062e-13}, "channel": 4}, "attempt": 1}
2026-09-12 22:12:30,806 INFO response {"request_id": "0135348c4fa845fe958f5f0294c5239d", "http_status": 200, "body": {"accepted": true, "real_timestamp_ms": 1789222347674, "virtual_time_s": 1485.742396, "measure_result": "no_signal"}}
2026-09-12 22:12:30,821 INFO request {"path": "/measure", "payload": {"arena_id": "default", "robot_id": "202601002029", "request_id": "0f2dab39689a408682aa20d049389c2c", "position": {"x": -980.0, "y": 1.2001538631644062e-13}, "channel": 5}, "attempt": 1}
2026-09-12 22:12:30,824 INFO response {"request_id": "0f2dab39689a408682aa20d049389c2c", "http_status": 200, "body": {"accepted": true, "real_timestamp_ms": 1789222347691, "virtual_time_s": 1491.742396, "measure_result": "no_signal"}}
2026-09-12 22:12:30,855 INFO request {"path": "/measure", "payload": {"arena_id": "default", "robot_id": "202601002029", "request_id": "7737872a66c0470998d25c7a18a70734", "position": {"x": -980.0, "y": 1.2001538631644062e-13}, "channel": 6}, "attempt": 1}
2026-09-12 22:12:30,875 INFO response {"request_id": "7737872a66c0470998d25c7a18a70734", "http_status": 200, "body": {"accepted": true, "real_timestamp_ms": 1789222347743, "virtual_time_s": 1497.742396, "measure_result": "no_signal"}}
2026-09-12 22:12:30,890 INFO request {"path": "/measure", "payload": {"arena_id": "default", "robot_id": "202601002029", "request_id": "547261423cb6420195461aa474053927", "position": {"x": -980.0, "y": 1.2001538631644062e-13}, "channel": 7}, "attempt": 1}
2026-09-12 22:12:30,905 INFO response {"request_id": "547261423cb6420195461aa474053927", "http_status": 200, "body": {"accepted": true, "real_timestamp_ms": 1789222347773, "virtual_time_s": 1503.742396, "measure_result": "no_signal"}}
2026-09-12 22:12:30,921 INFO request {"path": "/measure", "payload": {"arena_id": "default", "robot_id": "202601002029", "request_id": "eff3c2ba3ff04d458f0c799774c8ad51", "position": {"x": -980.0, "y": 1.2001538631644062e-13}, "channel": 9}, "attempt": 1}
2026-09-12 22:12:30,924 INFO response {"request_id": "eff3c2ba3ff04d458f0c799774c8ad51", "http_status": 200, "body": {"accepted": true, "real_timestamp_ms": 1789222347791, "virtual_time_s": 1509.742396, "measure_result": "no_signal"}}
2026-09-12 22:12:30,954 INFO request {"path": "/measure", "payload": {"arena_id": "default", "robot_id": "202601002029", "request_id": "91b74980286c48739bc47616a6e9cd7c", "position": {"x": -980.0, "y": 1.2001538631644062e-13}, "channel": 11}, "attempt": 1}
2026-09-12 22:12:30,957 INFO response {"request_id": "91b74980286c48739bc47616a6e9cd7c", "http_status": 200, "body": {"accepted": true, "real_timestamp_ms": 1789222347824, "virtual_time_s": 1515.742396, "measure_result": "no_signal"}}
2026-09-12 22:12:30,972 INFO request {"path": "/measure", "payload": {"arena_id": "default", "robot_id": "202601002029", "request_id": "681871edac3c4ae9bafff66508ebf124", "position": {"x": -980.0, "y": 1.2001538631644062e-13}, "channel": 13}, "attempt": 1}
2026-09-12 22:12:30,973 INFO response {"request_id": "681871edac3c4ae9bafff66508ebf124", "http_status": 200, "body": {"accepted": true, "real_timestamp_ms": 1789222347841, "virtual_time_s": 1521.742396, "measure_result": "no_signal"}}
2026-09-12 22:12:30,989 INFO request {"path": "/measure", "payload": {"arena_id": "default", "robot_id": "202601002029", "request_id": "972ccb2def65418aa6ba6285a27574b3", "position": {"x": -980.0, "y": 1.2001538631644062e-13}, "channel": 14}, "attempt": 1}
2026-09-12 22:12:31,004 INFO response {"request_id": "972ccb2def65418aa6ba6285a27574b3", "http_status": 200, "body": {"accepted": true, "real_timestamp_ms": 1789222347871, "virtual_time_s": 1527.742396, "measure_result": "no_signal"}}
2026-09-12 22:12:31,019 INFO request {"path": "/measure", "payload": {"arena_id": "default", "robot_id": "202601002029", "request_id": "df633ba2e49d479baefdf47aaa68a643", "position": {"x": -980.0, "y": 1.2001538631644062e-13}, "channel": 15}, "attempt": 1}
2026-09-12 22:12:31,033 INFO response {"request_id": "df633ba2e49d479baefdf47aaa68a643", "http_status": 200, "body": {"accepted": true, "real_timestamp_ms": 1789222347901, "virtual_time_s": 1533.742396, "measure_result": "no_signal"}}
2026-09-12 22:12:31,049 INFO request {"path": "/measure", "payload": {"arena_id": "default", "robot_id": "202601002029", "request_id": "ec91b730da184da8b224d6309917f821", "position": {"x": -980.0, "y": 1.2001538631644062e-13}, "channel": 16}, "attempt": 1}
2026-09-12 22:12:31,051 INFO response {"request_id": "ec91b730da184da8b224d6309917f821", "http_status": 200, "body": {"accepted": true, "real_timestamp_ms": 1789222347918, "virtual_time_s": 1539.742396, "measure_result": "no_signal"}}
2026-09-12 22:12:31,066 INFO request {"path": "/measure", "payload": {"arena_id": "default", "robot_id": "202601002029", "request_id": "5333605a05cd44ffa89d4052fe6796f1", "position": {"x": -980.0, "y": 1.2001538631644062e-13}, "channel": 17}, "attempt": 1}
2026-09-12 22:12:31,067 INFO response {"request_id": "5333605a05cd44ffa89d4052fe6796f1", "http_status": 200, "body": {"accepted": true, "real_timestamp_ms": 1789222347935, "virtual_time_s": 1545.742396, "measure_result": "no_signal"}}
2026-09-12 22:12:31,112 INFO request {"path": "/measure", "payload": {"arena_id": "default", "robot_id": "202601002029", "request_id": "7022bf06be1148ffb0d09ac571a66f83", "position": {"x": -980.0, "y": 1.2001538631644062e-13}, "channel": 1}, "attempt": 1}
2026-09-12 22:12:31,114 INFO response {"request_id": "7022bf06be1148ffb0d09ac571a66f83", "http_status": 200, "body": {"accepted": true, "real_timestamp_ms": 1789222347982, "virtual_time_s": 1551.742396, "measure_result": "direction", "svd_deg": 314.98}}
2026-09-12 22:12:31,131 INFO request {"path": "/measure", "payload": {"arena_id": "default", "robot_id": "202601002029", "request_id": "1eced64919114953a11f31c22c1465dd", "position": {"x": -980.0, "y": 1.2001538631644062e-13}, "channel": 20}, "attempt": 1}
2026-09-12 22:12:31,132 INFO response {"request_id": "1eced64919114953a11f31c22c1465dd", "http_status": 200, "body": {"accepted": true, "real_timestamp_ms": 1789222348000, "virtual_time_s": 1557.742396, "measure_result": "direction", "svd_deg": 92.94}}
2026-09-12 22:12:31,166 INFO request {"path": "/measure", "payload": {"arena_id": "default", "robot_id": "202601002029", "request_id": "c248fc47d98e456db7b3bd3148baf03a", "position": {"x": -848.7048957087501, "y": -489.9999999999997}, "channel": 2}, "attempt": 1}
2026-09-12 22:12:31,181 INFO response {"request_id": "c248fc47d98e456db7b3bd3148baf03a", "http_status": 200, "body": {"accepted": true, "real_timestamp_ms": 1789222348049, "virtual_time_s": 1665.199462, "measure_result": "no_signal"}}
2026-09-12 22:12:31,196 INFO request {"path": "/measure", "payload": {"arena_id": "default", "robot_id": "202601002029", "request_id": "9f4737b16c5a42acafdd5ca9c64a8b6d", "position": {"x": -848.7048957087501, "y": -489.9999999999997}, "channel": 4}, "attempt": 1}
2026-09-12 22:12:31,211 INFO response {"request_id": "9f4737b16c5a42acafdd5ca9c64a8b6d", "http_status": 200, "body": {"accepted": true, "real_timestamp_ms": 1789222348078, "virtual_time_s": 1671.199462, "measure_result": "no_signal"}}
2026-09-12 22:12:31,226 INFO request {"path": "/measure", "payload": {"arena_id": "default", "robot_id": "202601002029", "request_id": "d999078a4f0540d79c5b8aeeae19ba3f", "position": {"x": -848.7048957087501, "y": -489.9999999999997}, "channel": 5}, "attempt": 1}
2026-09-12 22:12:31,240 INFO response {"request_id": "d999078a4f0540d79c5b8aeeae19ba3f", "http_status": 200, "body": {"accepted": true, "real_timestamp_ms": 1789222348108, "virtual_time_s": 1677.199462, "measure_result": "no_signal"}}
2026-09-12 22:12:31,255 INFO request {"path": "/measure", "payload": {"arena_id": "default", "robot_id": "202601002029", "request_id": "936ab59d4a3a451c811e03fe2ae4e696", "position": {"x": -848.7048957087501, "y": -489.9999999999997}, "channel": 6}, "attempt": 1}
2026-09-12 22:12:31,257 INFO response {"request_id": "936ab59d4a3a451c811e03fe2ae4e696", "http_status": 200, "body": {"accepted": true, "real_timestamp_ms": 1789222348124, "virtual_time_s": 1683.199462, "measure_result": "no_signal"}}
2026-09-12 22:12:31,287 INFO request {"path": "/measure", "payload": {"arena_id": "default", "robot_id": "202601002029", "request_id": "ea75625dad0d4b1f894380747802ed63", "position": {"x": -848.7048957087501, "y": -489.9999999999997}, "channel": 7}, "attempt": 1}
2026-09-12 22:12:31,300 INFO response {"request_id": "ea75625dad0d4b1f894380747802ed63", "http_status": 200, "body": {"accepted": true, "real_timestamp_ms": 1789222348166, "virtual_time_s": 1689.199462, "measure_result": "no_signal"}}
2026-09-12 22:12:31,331 INFO request {"path": "/measure", "payload": {"arena_id": "default", "robot_id": "202601002029", "request_id": "ab70f85c6c054ad2a10739e086fa13d7", "position": {"x": -848.7048957087501, "y": -489.9999999999997}, "channel": 9}, "attempt": 1}
2026-09-12 22:12:31,348 INFO response {"request_id": "ab70f85c6c054ad2a10739e086fa13d7", "http_status": 200, "body": {"accepted": true, "real_timestamp_ms": 1789222348216, "virtual_time_s": 1695.199462, "measure_result": "no_signal"}}
2026-09-12 22:12:31,349 INFO request {"path": "/measure", "payload": {"arena_id": "default", "robot_id": "202601002029", "request_id": "afec13dda9b24fed9a3da2872c9345e3", "position": {"x": -848.7048957087501, "y": -489.9999999999997}, "channel": 11}, "attempt": 1}
2026-09-12 22:12:31,369 INFO response {"request_id": "afec13dda9b24fed9a3da2872c9345e3", "http_status": 200, "body": {"accepted": true, "real_timestamp_ms": 1789222348236, "virtual_time_s": 1701.199462, "measure_result": "no_signal"}}
2026-09-12 22:12:31,384 INFO request {"path": "/measure", "payload": {"arena_id": "default", "robot_id": "202601002029", "request_id": "dd06811f5b9947888c56dc05c36b3f28", "position": {"x": -848.7048957087501, "y": -489.9999999999997}, "channel": 13}, "attempt": 1}
2026-09-12 22:12:31,386 INFO response {"request_id": "dd06811f5b9947888c56dc05c36b3f28", "http_status": 200, "body": {"accepted": true, "real_timestamp_ms": 1789222348253, "virtual_time_s": 1707.199462, "measure_result": "direction", "svd_deg": 313.14}}
2026-09-12 22:12:31,421 INFO request {"path": "/measure", "payload": {"arena_id": "default", "robot_id": "202601002029", "request_id": "3b1c09cd972e4a9aab44e750f3cd5210", "position": {"x": -848.7048957087501, "y": -489.9999999999997}, "channel": 14}, "attempt": 1}
2026-09-12 22:12:31,423 INFO response {"request_id": "3b1c09cd972e4a9aab44e750f3cd5210", "http_status": 200, "body": {"accepted": true, "real_timestamp_ms": 1789222348290, "virtual_time_s": 1713.199462, "measure_result": "direction", "svd_deg": 300.54}}
2026-09-12 22:12:31,442 INFO request {"path": "/measure", "payload": {"arena_id": "default", "robot_id": "202601002029", "request_id": "49db38d158984142942b0b1def2a304e", "position": {"x": -848.7048957087501, "y": -489.9999999999997}, "channel": 15}, "attempt": 1}
2026-09-12 22:12:31,444 INFO response {"request_id": "49db38d158984142942b0b1def2a304e", "http_status": 200, "body": {"accepted": true, "real_timestamp_ms": 1789222348311, "virtual_time_s": 1719.199462, "measure_result": "no_signal"}}
2026-09-12 22:12:31,475 INFO request {"path": "/measure", "payload": {"arena_id": "default", "robot_id": "202601002029", "request_id": "b7e40011fe724a7ca7a7ca9b647fb6aa", "position": {"x": -848.7048957087501, "y": -489.9999999999997}, "channel": 16}, "attempt": 1}
2026-09-12 22:12:31,495 INFO response {"request_id": "b7e40011fe724a7ca7a7ca9b647fb6aa", "http_status": 200, "body": {"accepted": true, "real_timestamp_ms": 1789222348362, "virtual_time_s": 1725.199462, "measure_result": "no_signal"}}
2026-09-12 22:12:31,509 INFO request {"path": "/measure", "payload": {"arena_id": "default", "robot_id": "202601002029", "request_id": "4ec1c12fb3194a12ae90499443c646ed", "position": {"x": -848.7048957087501, "y": -489.9999999999997}, "channel": 17}, "attempt": 1}
2026-09-12 22:12:31,524 INFO response {"request_id": "4ec1c12fb3194a12ae90499443c646ed", "http_status": 200, "body": {"accepted": true, "real_timestamp_ms": 1789222348392, "virtual_time_s": 1731.199462, "measure_result": "no_signal"}}
2026-09-12 22:12:31,540 INFO request {"path": "/measure", "payload": {"arena_id": "default", "robot_id": "202601002029", "request_id": "3978c477917c4601aded61b92a8f1d79", "position": {"x": -848.7048957087501, "y": -489.9999999999997}, "channel": 18}, "attempt": 1}
2026-09-12 22:12:31,541 INFO response {"request_id": "3978c477917c4601aded61b92a8f1d79", "http_status": 200, "body": {"accepted": true, "real_timestamp_ms": 1789222348409, "virtual_time_s": 1737.199462, "measure_result": "no_signal"}}
2026-09-12 22:12:31,566 INFO request {"path": "/measure", "payload": {"arena_id": "default", "robot_id": "202601002029", "request_id": "42d43e3a20c74b49829ef1a23d04db53", "position": {"x": -490.00000000000045, "y": -848.7048957087497}, "channel": 18}, "attempt": 1}
2026-09-12 22:12:31,583 INFO response {"request_id": "42d43e3a20c74b49829ef1a23d04db53", "http_status": 200, "body": {"accepted": true, "real_timestamp_ms": 1789222348451, "virtual_time_s": 1843.656528, "measure_result": "no_signal"}}
2026-09-12 22:12:31,598 INFO request {"path": "/measure", "payload": {"arena_id": "default", "robot_id": "202601002029", "request_id": "9515daffc7414914b401e2b4b06c2e87", "position": {"x": -490.00000000000045, "y": -848.7048957087497}, "channel": 2}, "attempt": 1}
2026-09-12 22:12:31,613 INFO response {"request_id": "9515daffc7414914b401e2b4b06c2e87", "http_status": 200, "body": {"accepted": true, "real_timestamp_ms": 1789222348481, "virtual_time_s": 1849.656528, "measure_result": "no_signal"}}
2026-09-12 22:12:31,628 INFO request {"path": "/measure", "payload": {"arena_id": "default", "robot_id": "202601002029", "request_id": "7579c17c97024a5ab3f2e876666cfe54", "position": {"x": -490.00000000000045, "y": -848.7048957087497}, "channel": 4}, "attempt": 1}
2026-09-12 22:12:31,643 INFO response {"request_id": "7579c17c97024a5ab3f2e876666cfe54", "http_status": 200, "body": {"accepted": true, "real_timestamp_ms": 1789222348510, "virtual_time_s": 1855.656528, "measure_result": "no_signal"}}
2026-09-12 22:12:31,658 INFO request {"path": "/measure", "payload": {"arena_id": "default", "robot_id": "202601002029", "request_id": "c65c88f500d14822955b5840422d09e8", "position": {"x": -490.00000000000045, "y": -848.7048957087497}, "channel": 5}, "attempt": 1}
2026-09-12 22:12:31,673 INFO response {"request_id": "c65c88f500d14822955b5840422d09e8", "http_status": 200, "body": {"accepted": true, "real_timestamp_ms": 1789222348540, "virtual_time_s": 1861.656528, "measure_result": "no_signal"}}
2026-09-12 22:12:31,688 INFO request {"path": "/measure", "payload": {"arena_id": "default", "robot_id": "202601002029", "request_id": "8feb8a40e5914a8797040973500929c0", "position": {"x": -490.00000000000045, "y": -848.7048957087497}, "channel": 6}, "attempt": 1}
2026-09-12 22:12:31,702 INFO response {"request_id": "8feb8a40e5914a8797040973500929c0", "http_status": 200, "body": {"accepted": true, "real_timestamp_ms": 1789222348570, "virtual_time_s": 1867.656528, "measure_result": "no_signal"}}
2026-09-12 22:12:31,719 INFO request {"path": "/measure", "payload": {"arena_id": "default", "robot_id": "202601002029", "request_id": "808edd0e22b04802a7743609e09e09b0", "position": {"x": -490.00000000000045, "y": -848.7048957087497}, "channel": 7}, "attempt": 1}
2026-09-12 22:12:31,720 INFO response {"request_id": "808edd0e22b04802a7743609e09e09b0", "http_status": 200, "body": {"accepted": true, "real_timestamp_ms": 1789222348587, "virtual_time_s": 1873.656528, "measure_result": "no_signal"}}
2026-09-12 22:12:31,751 INFO request {"path": "/measure", "payload": {"arena_id": "default", "robot_id": "202601002029", "request_id": "b741d80191324852b6342b42e7565f64", "position": {"x": -490.00000000000045, "y": -848.7048957087497}, "channel": 9}, "attempt": 1}
2026-09-12 22:12:31,752 INFO response {"request_id": "b741d80191324852b6342b42e7565f64", "http_status": 200, "body": {"accepted": true, "real_timestamp_ms": 1789222348620, "virtual_time_s": 1879.656528, "measure_result": "no_signal"}}
2026-09-12 22:12:31,783 INFO request {"path": "/measure", "payload": {"arena_id": "default", "robot_id": "202601002029", "request_id": "3b551ac684174f3abe012e89032b5372", "position": {"x": -490.00000000000045, "y": -848.7048957087497}, "channel": 11}, "attempt": 1}
2026-09-12 22:12:31,785 INFO response {"request_id": "3b551ac684174f3abe012e89032b5372", "http_status": 200, "body": {"accepted": true, "real_timestamp_ms": 1789222348653, "virtual_time_s": 1885.656528, "measure_result": "no_signal"}}
2026-09-12 22:12:31,800 INFO request {"path": "/measure", "payload": {"arena_id": "default", "robot_id": "202601002029", "request_id": "ac15ba74503846ce99664296f2e35d88", "position": {"x": -490.00000000000045, "y": -848.7048957087497}, "channel": 15}, "attempt": 1}
2026-09-12 22:12:31,820 INFO response {"request_id": "ac15ba74503846ce99664296f2e35d88", "http_status": 200, "body": {"accepted": true, "real_timestamp_ms": 1789222348688, "virtual_time_s": 1891.656528, "measure_result": "no_signal"}}
2026-09-12 22:12:31,820 INFO request {"path": "/measure", "payload": {"arena_id": "default", "robot_id": "202601002029", "request_id": "f6f9598e2cac4ff28d28d88ef1a8ac80", "position": {"x": -490.00000000000045, "y": -848.7048957087497}, "channel": 16}, "attempt": 1}
2026-09-12 22:12:31,839 INFO response {"request_id": "f6f9598e2cac4ff28d28d88ef1a8ac80", "http_status": 200, "body": {"accepted": true, "real_timestamp_ms": 1789222348707, "virtual_time_s": 1897.656528, "measure_result": "no_signal"}}
2026-09-12 22:12:31,854 INFO request {"path": "/measure", "payload": {"arena_id": "default", "robot_id": "202601002029", "request_id": "6712e9cf57184edf87ca031e9b3ad5f0", "position": {"x": -490.00000000000045, "y": -848.7048957087497}, "channel": 17}, "attempt": 1}
2026-09-12 22:12:31,869 INFO response {"request_id": "6712e9cf57184edf87ca031e9b3ad5f0", "http_status": 200, "body": {"accepted": true, "real_timestamp_ms": 1789222348737, "virtual_time_s": 1903.656528, "measure_result": "no_signal"}}
2026-09-12 22:12:31,932 INFO request {"path": "/measure", "payload": {"arena_id": "default", "robot_id": "202601002029", "request_id": "b3fffc9523a345d5959fc18acbdaa637", "position": {"x": -490.00000000000045, "y": -848.7048957087497}, "channel": 14}, "attempt": 1}
2026-09-12 22:12:31,948 INFO response {"request_id": "b3fffc9523a345d5959fc18acbdaa637", "http_status": 200, "body": {"accepted": true, "real_timestamp_ms": 1789222348815, "virtual_time_s": 1909.656528, "measure_result": "direction", "svd_deg": 284.66}}
2026-09-12 22:12:31,969 INFO request {"path": "/measure", "payload": {"arena_id": "default", "robot_id": "202601002029", "request_id": "9dadff5f094c49b3a129acfaf570cdee", "position": {"x": -490.00000000000045, "y": -848.7048957087497}, "channel": 13}, "attempt": 1}
2026-09-12 22:12:31,970 INFO response {"request_id": "9dadff5f094c49b3a129acfaf570cdee", "http_status": 200, "body": {"accepted": true, "real_timestamp_ms": 1789222348838, "virtual_time_s": 1915.656528, "measure_result": "direction", "svd_deg": 308.56}}
2026-09-12 22:12:31,990 INFO request {"path": "/measure", "payload": {"arena_id": "default", "robot_id": "202601002029", "request_id": "70d351dfea4c493dbe43b990c67a27c2", "position": {"x": -1.8002307947466092e-13, "y": -980.0}, "channel": 2}, "attempt": 1}
2026-09-12 22:12:32,005 INFO response {"request_id": "70d351dfea4c493dbe43b990c67a27c2", "http_status": 200, "body": {"accepted": true, "real_timestamp_ms": 1789222348873, "virtual_time_s": 2023.113594, "measure_result": "no_signal"}}
2026-09-12 22:12:32,020 INFO request {"path": "/measure", "payload": {"arena_id": "default", "robot_id": "202601002029", "request_id": "c344cfce813742b28ee0e79fea1d4d12", "position": {"x": -1.8002307947466092e-13, "y": -980.0}, "channel": 4}, "attempt": 1}
2026-09-12 22:12:32,021 INFO response {"request_id": "c344cfce813742b28ee0e79fea1d4d12", "http_status": 200, "body": {"accepted": true, "real_timestamp_ms": 1789222348889, "virtual_time_s": 2029.113594, "measure_result": "no_signal"}}
2026-09-12 22:12:32,052 INFO request {"path": "/measure", "payload": {"arena_id": "default", "robot_id": "202601002029", "request_id": "2e9ff83c45cc4e0793f5e88cef95d5a6", "position": {"x": -1.8002307947466092e-13, "y": -980.0}, "channel": 5}, "attempt": 1}
2026-09-12 22:12:32,065 INFO response {"request_id": "2e9ff83c45cc4e0793f5e88cef95d5a6", "http_status": 200, "body": {"accepted": true, "real_timestamp_ms": 1789222348933, "virtual_time_s": 2035.113594, "measure_result": "no_signal"}}
2026-09-12 22:12:32,096 INFO request {"path": "/measure", "payload": {"arena_id": "default", "robot_id": "202601002029", "request_id": "6d2e8086fd7b464581b919c3829200e2", "position": {"x": -1.8002307947466092e-13, "y": -980.0}, "channel": 6}, "attempt": 1}
2026-09-12 22:12:32,098 INFO response {"request_id": "6d2e8086fd7b464581b919c3829200e2", "http_status": 200, "body": {"accepted": true, "real_timestamp_ms": 1789222348965, "virtual_time_s": 2041.113594, "measure_result": "no_signal"}}
2026-09-12 22:12:32,114 INFO request {"path": "/measure", "payload": {"arena_id": "default", "robot_id": "202601002029", "request_id": "d7989b4b84cc44a78416bf8be677b84a", "position": {"x": -1.8002307947466092e-13, "y": -980.0}, "channel": 7}, "attempt": 1}
2026-09-12 22:12:32,134 INFO response {"request_id": "d7989b4b84cc44a78416bf8be677b84a", "http_status": 200, "body": {"accepted": true, "real_timestamp_ms": 1789222349002, "virtual_time_s": 2047.113594, "measure_result": "no_signal"}}
2026-09-12 22:12:32,148 INFO request {"path": "/measure", "payload": {"arena_id": "default", "robot_id": "202601002029", "request_id": "9567fd73edd94f1eb4d5ce580549d75b", "position": {"x": -1.8002307947466092e-13, "y": -980.0}, "channel": 9}, "attempt": 1}
2026-09-12 22:12:32,164 INFO response {"request_id": "9567fd73edd94f1eb4d5ce580549d75b", "http_status": 200, "body": {"accepted": true, "real_timestamp_ms": 1789222349031, "virtual_time_s": 2053.113594, "measure_result": "no_signal"}}
2026-09-12 22:12:32,178 INFO request {"path": "/measure", "payload": {"arena_id": "default", "robot_id": "202601002029", "request_id": "c661d4ae83a44da78ea38155bb9c71a7", "position": {"x": -1.8002307947466092e-13, "y": -980.0}, "channel": 11}, "attempt": 1}
2026-09-12 22:12:32,180 INFO response {"request_id": "c661d4ae83a44da78ea38155bb9c71a7", "http_status": 200, "body": {"accepted": true, "real_timestamp_ms": 1789222349048, "virtual_time_s": 2059.113594, "measure_result": "direction", "svd_deg": 347.44}}
2026-09-12 22:12:32,216 INFO request {"path": "/measure", "payload": {"arena_id": "default", "robot_id": "202601002029", "request_id": "72bc96fffcea4fcd9e38151b27a444d9", "position": {"x": -1.8002307947466092e-13, "y": -980.0}, "channel": 15}, "attempt": 1}
2026-09-12 22:12:32,217 INFO response {"request_id": "72bc96fffcea4fcd9e38151b27a444d9", "http_status": 200, "body": {"accepted": true, "real_timestamp_ms": 1789222349085, "virtual_time_s": 2065.113594, "measure_result": "no_signal"}}
2026-09-12 22:12:32,248 INFO request {"path": "/measure", "payload": {"arena_id": "default", "robot_id": "202601002029", "request_id": "ead4dc82a4054e9f840e3527ed5212a8", "position": {"x": -1.8002307947466092e-13, "y": -980.0}, "channel": 16}, "attempt": 1}
2026-09-12 22:12:32,251 INFO response {"request_id": "ead4dc82a4054e9f840e3527ed5212a8", "http_status": 200, "body": {"accepted": true, "real_timestamp_ms": 1789222349118, "virtual_time_s": 2071.113594, "measure_result": "no_signal"}}
2026-09-12 22:12:32,281 INFO request {"path": "/measure", "payload": {"arena_id": "default", "robot_id": "202601002029", "request_id": "37d149418db74698a8c828c27aaf1f28", "position": {"x": -1.8002307947466092e-13, "y": -980.0}, "channel": 17}, "attempt": 1}
2026-09-12 22:12:32,302 INFO response {"request_id": "37d149418db74698a8c828c27aaf1f28", "http_status": 200, "body": {"accepted": true, "real_timestamp_ms": 1789222349170, "virtual_time_s": 2077.113594, "measure_result": "no_signal"}}
2026-09-12 22:12:32,303 INFO request {"path": "/measure", "payload": {"arena_id": "default", "robot_id": "202601002029", "request_id": "13f60e4acc674278be566ff8b93373c6", "position": {"x": -1.8002307947466092e-13, "y": -980.0}, "channel": 18}, "attempt": 1}
2026-09-12 22:12:32,322 INFO response {"request_id": "13f60e4acc674278be566ff8b93373c6", "http_status": 200, "body": {"accepted": true, "real_timestamp_ms": 1789222349190, "virtual_time_s": 2083.113594, "measure_result": "no_signal"}}
2026-09-12 22:12:32,362 INFO request {"path": "/measure", "payload": {"arena_id": "default", "robot_id": "202601002029", "request_id": "f68e7e93ce3646acbb81d5b1e57f587c", "position": {"x": -1.8002307947466092e-13, "y": -980.0}, "channel": 14}, "attempt": 1}
2026-09-12 22:12:32,381 INFO response {"request_id": "f68e7e93ce3646acbb81d5b1e57f587c", "http_status": 200, "body": {"accepted": true, "real_timestamp_ms": 1789222349248, "virtual_time_s": 2089.113594, "measure_result": "direction", "svd_deg": 222.33}}
2026-09-12 22:12:32,385 INFO request {"path": "/measure", "payload": {"arena_id": "default", "robot_id": "202601002029", "request_id": "72043834669f46c2b6c2178d79ba4b7f", "position": {"x": 489.9999999999994, "y": -848.7048957087503}, "channel": 2}, "attempt": 1}
2026-09-12 22:12:32,401 INFO response {"request_id": "72043834669f46c2b6c2178d79ba4b7f", "http_status": 200, "body": {"accepted": true, "real_timestamp_ms": 1789222349269, "virtual_time_s": 2196.57066, "measure_result": "no_signal"}}
2026-09-12 22:12:32,417 INFO request {"path": "/measure", "payload": {"arena_id": "default", "robot_id": "202601002029", "request_id": "875bab82502b4ff29dcb4985bee10ace", "position": {"x": 489.9999999999994, "y": -848.7048957087503}, "channel": 4}, "attempt": 1}
2026-09-12 22:12:32,431 INFO response {"request_id": "875bab82502b4ff29dcb4985bee10ace", "http_status": 200, "body": {"accepted": true, "real_timestamp_ms": 1789222349299, "virtual_time_s": 2202.57066, "measure_result": "no_signal"}}
2026-09-12 22:12:32,446 INFO request {"path": "/measure", "payload": {"arena_id": "default", "robot_id": "202601002029", "request_id": "c58787ce8e6644f9ba1d79af50d9f6a5", "position": {"x": 489.9999999999994, "y": -848.7048957087503}, "channel": 5}, "attempt": 1}
2026-09-12 22:12:32,459 INFO response {"request_id": "c58787ce8e6644f9ba1d79af50d9f6a5", "http_status": 200, "body": {"accepted": true, "real_timestamp_ms": 1789222349327, "virtual_time_s": 2208.57066, "measure_result": "no_signal"}}
2026-09-12 22:12:32,475 INFO request {"path": "/measure", "payload": {"arena_id": "default", "robot_id": "202601002029", "request_id": "e2b4ac6b774447cdaa111131851e282d", "position": {"x": 489.9999999999994, "y": -848.7048957087503}, "channel": 6}, "attempt": 1}
2026-09-12 22:12:32,489 INFO response {"request_id": "e2b4ac6b774447cdaa111131851e282d", "http_status": 200, "body": {"accepted": true, "real_timestamp_ms": 1789222349356, "virtual_time_s": 2214.57066, "measure_result": "no_signal"}}
2026-09-12 22:12:32,504 INFO request {"path": "/measure", "payload": {"arena_id": "default", "robot_id": "202601002029", "request_id": "1edec91a200640519c6d7eb9c416beff", "position": {"x": 489.9999999999994, "y": -848.7048957087503}, "channel": 7}, "attempt": 1}
2026-09-12 22:12:32,518 INFO response {"request_id": "1edec91a200640519c6d7eb9c416beff", "http_status": 200, "body": {"accepted": true, "real_timestamp_ms": 1789222349385, "virtual_time_s": 2220.57066, "measure_result": "no_signal"}}
2026-09-12 22:12:32,549 INFO request {"path": "/measure", "payload": {"arena_id": "default", "robot_id": "202601002029", "request_id": "aa1c2014a58d48d4ab6d758e2ebfa1b7", "position": {"x": 489.9999999999994, "y": -848.7048957087503}, "channel": 9}, "attempt": 1}
2026-09-12 22:12:32,567 INFO response {"request_id": "aa1c2014a58d48d4ab6d758e2ebfa1b7", "http_status": 200, "body": {"accepted": true, "real_timestamp_ms": 1789222349434, "virtual_time_s": 2226.57066, "measure_result": "no_signal"}}
2026-09-12 22:12:32,567 INFO request {"path": "/measure", "payload": {"arena_id": "default", "robot_id": "202601002029", "request_id": "96de0f0eb07849ae802abc97c1b7dee5", "position": {"x": 489.9999999999994, "y": -848.7048957087503}, "channel": 15}, "attempt": 1}
2026-09-12 22:12:32,586 INFO response {"request_id": "96de0f0eb07849ae802abc97c1b7dee5", "http_status": 200, "body": {"accepted": true, "real_timestamp_ms": 1789222349454, "virtual_time_s": 2232.57066, "measure_result": "no_signal"}}
2026-09-12 22:12:32,601 INFO request {"path": "/measure", "payload": {"arena_id": "default", "robot_id": "202601002029", "request_id": "01516f29be884cb69669d5a9e2200c50", "position": {"x": 489.9999999999994, "y": -848.7048957087503}, "channel": 16}, "attempt": 1}
2026-09-12 22:12:32,616 INFO response {"request_id": "01516f29be884cb69669d5a9e2200c50", "http_status": 200, "body": {"accepted": true, "real_timestamp_ms": 1789222349484, "virtual_time_s": 2238.57066, "measure_result": "no_signal"}}
2026-09-12 22:12:32,631 INFO request {"path": "/measure", "payload": {"arena_id": "default", "robot_id": "202601002029", "request_id": "c35e6eca34b049a2824db1598b6aa23d", "position": {"x": 489.9999999999994, "y": -848.7048957087503}, "channel": 17}, "attempt": 1}
2026-09-12 22:12:32,633 INFO response {"request_id": "c35e6eca34b049a2824db1598b6aa23d", "http_status": 200, "body": {"accepted": true, "real_timestamp_ms": 1789222349500, "virtual_time_s": 2244.57066, "measure_result": "no_signal"}}
2026-09-12 22:12:32,663 INFO request {"path": "/measure", "payload": {"arena_id": "default", "robot_id": "202601002029", "request_id": "32fe56c9300c4272a8227ee981000dd4", "position": {"x": 489.9999999999994, "y": -848.7048957087503}, "channel": 18}, "attempt": 1}
2026-09-12 22:12:32,674 INFO response {"request_id": "32fe56c9300c4272a8227ee981000dd4", "http_status": 200, "body": {"accepted": true, "real_timestamp_ms": 1789222349542, "virtual_time_s": 2250.57066, "measure_result": "no_signal"}}
2026-09-12 22:12:32,708 INFO request {"path": "/measure", "payload": {"arena_id": "default", "robot_id": "202601002029", "request_id": "f753b3b83a83428183175733ae44379d", "position": {"x": 489.9999999999994, "y": -848.7048957087503}, "channel": 11}, "attempt": 1}
2026-09-12 22:12:32,724 INFO response {"request_id": "f753b3b83a83428183175733ae44379d", "http_status": 200, "body": {"accepted": true, "real_timestamp_ms": 1789222349591, "virtual_time_s": 2256.57066, "measure_result": "direction", "svd_deg": 320.43}}
2026-09-12 22:12:32,742 INFO request {"path": "/measure", "payload": {"arena_id": "default", "robot_id": "202601002029", "request_id": "a554c7e3e0e3407db96ad4acf263acdf", "position": {"x": 489.9999999999994, "y": -848.7048957087503}, "channel": 13}, "attempt": 1}
2026-09-12 22:12:32,743 INFO response {"request_id": "a554c7e3e0e3407db96ad4acf263acdf", "http_status": 200, "body": {"accepted": true, "real_timestamp_ms": 1789222349611, "virtual_time_s": 2262.57066, "measure_result": "direction", "svd_deg": 189.17}}
2026-09-12 22:12:32,779 INFO request {"path": "/measure", "payload": {"arena_id": "default", "robot_id": "202601002029", "request_id": "202e0d83b22241dcbb226fa63e6c88cd", "position": {"x": 848.7048957087496, "y": -490.00000000000045}, "channel": 2}, "attempt": 1}
2026-09-12 22:12:32,792 INFO response {"request_id": "202e0d83b22241dcbb226fa63e6c88cd", "http_status": 200, "body": {"accepted": true, "real_timestamp_ms": 1789222349660, "virtual_time_s": 2370.027726, "measure_result": "no_signal"}}
2026-09-12 22:12:32,807 INFO request {"path": "/measure", "payload": {"arena_id": "default", "robot_id": "202601002029", "request_id": "1caa4f328b6b4c0eb43fb721bdde8e0e", "position": {"x": 848.7048957087496, "y": -490.00000000000045}, "channel": 4}, "attempt": 1}
2026-09-12 22:12:32,821 INFO response {"request_id": "1caa4f328b6b4c0eb43fb721bdde8e0e", "http_status": 200, "body": {"accepted": true, "real_timestamp_ms": 1789222349688, "virtual_time_s": 2376.027726, "measure_result": "no_signal"}}
2026-09-12 22:12:32,837 INFO request {"path": "/measure", "payload": {"arena_id": "default", "robot_id": "202601002029", "request_id": "74b8d2ee8fe04157be345bb3cc29d0c5", "position": {"x": 848.7048957087496, "y": -490.00000000000045}, "channel": 5}, "attempt": 1}
2026-09-12 22:12:32,851 INFO response {"request_id": "74b8d2ee8fe04157be345bb3cc29d0c5", "http_status": 200, "body": {"accepted": true, "real_timestamp_ms": 1789222349718, "virtual_time_s": 2382.027726, "measure_result": "no_signal"}}
2026-09-12 22:12:32,866 INFO request {"path": "/measure", "payload": {"arena_id": "default", "robot_id": "202601002029", "request_id": "0b68bad309be4e5aa54f9c2387f42aaf", "position": {"x": 848.7048957087496, "y": -490.00000000000045}, "channel": 6}, "attempt": 1}
2026-09-12 22:12:32,868 INFO response {"request_id": "0b68bad309be4e5aa54f9c2387f42aaf", "http_status": 200, "body": {"accepted": true, "real_timestamp_ms": 1789222349735, "virtual_time_s": 2388.027726, "measure_result": "no_signal"}}
2026-09-12 22:12:32,900 INFO request {"path": "/measure", "payload": {"arena_id": "default", "robot_id": "202601002029", "request_id": "a42c5cc23e2c42bdad72c2d5a48f3032", "position": {"x": 848.7048957087496, "y": -490.00000000000045}, "channel": 7}, "attempt": 1}
2026-09-12 22:12:32,920 INFO response {"request_id": "a42c5cc23e2c42bdad72c2d5a48f3032", "http_status": 200, "body": {"accepted": true, "real_timestamp_ms": 1789222349787, "virtual_time_s": 2394.027726, "measure_result": "no_signal"}}
2026-09-12 22:12:32,935 INFO request {"path": "/measure", "payload": {"arena_id": "default", "robot_id": "202601002029", "request_id": "e867d74212e04382b3466bbfbbda6231", "position": {"x": 848.7048957087496, "y": -490.00000000000045}, "channel": 9}, "attempt": 1}
2026-09-12 22:12:32,949 INFO response {"request_id": "e867d74212e04382b3466bbfbbda6231", "http_status": 200, "body": {"accepted": true, "real_timestamp_ms": 1789222349817, "virtual_time_s": 2400.027726, "measure_result": "no_signal"}}
2026-09-12 22:12:32,965 INFO request {"path": "/measure", "payload": {"arena_id": "default", "robot_id": "202601002029", "request_id": "2738f64d102042e99da5f7eb77bbe735", "position": {"x": 848.7048957087496, "y": -490.00000000000045}, "channel": 15}, "attempt": 1}
2026-09-12 22:12:32,979 INFO response {"request_id": "2738f64d102042e99da5f7eb77bbe735", "http_status": 200, "body": {"accepted": true, "real_timestamp_ms": 1789222349847, "virtual_time_s": 2406.027726, "measure_result": "no_signal"}}
2026-09-12 22:12:32,995 INFO request {"path": "/measure", "payload": {"arena_id": "default", "robot_id": "202601002029", "request_id": "fd531b0ce1fb442a8bc5c53c03065840", "position": {"x": 848.7048957087496, "y": -490.00000000000045}, "channel": 16}, "attempt": 1}
2026-09-12 22:12:32,998 INFO response {"request_id": "fd531b0ce1fb442a8bc5c53c03065840", "http_status": 200, "body": {"accepted": true, "real_timestamp_ms": 1789222349864, "virtual_time_s": 2412.027726, "measure_result": "no_signal"}}
2026-09-12 22:12:33,029 INFO request {"path": "/measure", "payload": {"arena_id": "default", "robot_id": "202601002029", "request_id": "f4d31ff05ae64bdabe3d4ff8eb0312e7", "position": {"x": 848.7048957087496, "y": -490.00000000000045}, "channel": 17}, "attempt": 1}
2026-09-12 22:12:33,030 INFO response {"request_id": "f4d31ff05ae64bdabe3d4ff8eb0312e7", "http_status": 200, "body": {"accepted": true, "real_timestamp_ms": 1789222349898, "virtual_time_s": 2418.027726, "measure_result": "no_signal"}}
2026-09-12 22:12:33,061 INFO request {"path": "/measure", "payload": {"arena_id": "default", "robot_id": "202601002029", "request_id": "ffc4502d591a43d9bbcf6c6e5717a948", "position": {"x": 848.7048957087496, "y": -490.00000000000045}, "channel": 18}, "attempt": 1}
2026-09-12 22:12:33,078 INFO response {"request_id": "ffc4502d591a43d9bbcf6c6e5717a948", "http_status": 200, "body": {"accepted": true, "real_timestamp_ms": 1789222349946, "virtual_time_s": 2424.027726, "measure_result": "no_signal"}}
2026-09-12 22:12:33,136 INFO request {"path": "/measure", "payload": {"arena_id": "default", "robot_id": "202601002029", "request_id": "f63a2a39eee14c229998249c856a6693", "position": {"x": 848.7048957087496, "y": -490.00000000000045}, "channel": 11}, "attempt": 1}
2026-09-12 22:12:33,137 INFO response {"request_id": "f63a2a39eee14c229998249c856a6693", "http_status": 200, "body": {"accepted": true, "real_timestamp_ms": 1789222350004, "virtual_time_s": 2430.027726, "measure_result": "direction", "svd_deg": 274.59}}
2026-09-12 22:12:33,171 INFO request {"path": "/measure", "payload": {"arena_id": "default", "robot_id": "202601002029", "request_id": "9ff49e4bca1741289b733e23b3976791", "position": {"x": 1801.9999999999995, "y": -482.84444476088464}, "channel": 2}, "attempt": 1}
2026-09-12 22:12:33,173 INFO response {"request_id": "9ff49e4bca1741289b733e23b3976791", "http_status": 200, "body": {"accepted": true, "real_timestamp_ms": 1789222350040, "virtual_time_s": 2626.692118, "measure_result": "no_signal"}}
2026-09-12 22:12:33,204 INFO request {"path": "/measure", "payload": {"arena_id": "default", "robot_id": "202601002029", "request_id": "66def4e80f4e4f95af5f098425f1ecb4", "position": {"x": 1801.9999999999995, "y": -482.84444476088464}, "channel": 4}, "attempt": 1}
2026-09-12 22:12:33,216 INFO response {"request_id": "66def4e80f4e4f95af5f098425f1ecb4", "http_status": 200, "body": {"accepted": true, "real_timestamp_ms": 1789222350084, "virtual_time_s": 2632.692118, "measure_result": "no_signal"}}
2026-09-12 22:12:33,231 INFO request {"path": "/measure", "payload": {"arena_id": "default", "robot_id": "202601002029", "request_id": "8e51ff6864c241249c6e55ec912cdaf9", "position": {"x": 1801.9999999999995, "y": -482.84444476088464}, "channel": 5}, "attempt": 1}
2026-09-12 22:12:33,232 INFO response {"request_id": "8e51ff6864c241249c6e55ec912cdaf9", "http_status": 200, "body": {"accepted": true, "real_timestamp_ms": 1789222350100, "virtual_time_s": 2638.692118, "measure_result": "no_signal"}}
2026-09-12 22:12:33,263 INFO request {"path": "/measure", "payload": {"arena_id": "default", "robot_id": "202601002029", "request_id": "7a43a6fa5eee4f77ac7859b43bfb4755", "position": {"x": 1801.9999999999995, "y": -482.84444476088464}, "channel": 6}, "attempt": 1}
2026-09-12 22:12:33,265 INFO response {"request_id": "7a43a6fa5eee4f77ac7859b43bfb4755", "http_status": 200, "body": {"accepted": true, "real_timestamp_ms": 1789222350132, "virtual_time_s": 2644.692118, "measure_result": "no_signal"}}
2026-09-12 22:12:33,296 INFO request {"path": "/measure", "payload": {"arena_id": "default", "robot_id": "202601002029", "request_id": "170d52dd2b934cc0b15f32e7dc0c67cc", "position": {"x": 1801.9999999999995, "y": -482.84444476088464}, "channel": 7}, "attempt": 1}
2026-09-12 22:12:33,316 INFO response {"request_id": "170d52dd2b934cc0b15f32e7dc0c67cc", "http_status": 200, "body": {"accepted": true, "real_timestamp_ms": 1789222350184, "virtual_time_s": 2650.692118, "measure_result": "no_signal"}}
2026-09-12 22:12:33,316 INFO request {"path": "/measure", "payload": {"arena_id": "default", "robot_id": "202601002029", "request_id": "e84a37fd8edf4405b36f90d586679ea8", "position": {"x": 1801.9999999999995, "y": -482.84444476088464}, "channel": 9}, "attempt": 1}
2026-09-12 22:12:33,335 INFO response {"request_id": "e84a37fd8edf4405b36f90d586679ea8", "http_status": 200, "body": {"accepted": true, "real_timestamp_ms": 1789222350203, "virtual_time_s": 2656.692118, "measure_result": "no_signal"}}
2026-09-12 22:12:33,350 INFO request {"path": "/measure", "payload": {"arena_id": "default", "robot_id": "202601002029", "request_id": "e109b21a5db4442b9929496ab1558ba8", "position": {"x": 1801.9999999999995, "y": -482.84444476088464}, "channel": 15}, "attempt": 1}
2026-09-12 22:12:33,366 INFO response {"request_id": "e109b21a5db4442b9929496ab1558ba8", "http_status": 200, "body": {"accepted": true, "real_timestamp_ms": 1789222350233, "virtual_time_s": 2662.692118, "measure_result": "no_signal"}}
2026-09-12 22:12:33,381 INFO request {"path": "/measure", "payload": {"arena_id": "default", "robot_id": "202601002029", "request_id": "d6a54886653a42eb9e98d631c42aed9b", "position": {"x": 1801.9999999999995, "y": -482.84444476088464}, "channel": 16}, "attempt": 1}
2026-09-12 22:12:33,395 INFO response {"request_id": "d6a54886653a42eb9e98d631c42aed9b", "http_status": 200, "body": {"accepted": true, "real_timestamp_ms": 1789222350263, "virtual_time_s": 2668.692118, "measure_result": "no_signal"}}
2026-09-12 22:12:33,411 INFO request {"path": "/measure", "payload": {"arena_id": "default", "robot_id": "202601002029", "request_id": "211f4bd8504b4ddc8a17915ad029bf31", "position": {"x": 1801.9999999999995, "y": -482.84444476088464}, "channel": 17}, "attempt": 1}
2026-09-12 22:12:33,412 INFO response {"request_id": "211f4bd8504b4ddc8a17915ad029bf31", "http_status": 200, "body": {"accepted": true, "real_timestamp_ms": 1789222350279, "virtual_time_s": 2674.692118, "measure_result": "no_signal"}}
2026-09-12 22:12:33,444 INFO request {"path": "/measure", "payload": {"arena_id": "default", "robot_id": "202601002029", "request_id": "2bb8fd94be1344e090fae7aeba08933d", "position": {"x": 1801.9999999999995, "y": -482.84444476088464}, "channel": 18}, "attempt": 1}
2026-09-12 22:12:33,465 INFO response {"request_id": "2bb8fd94be1344e090fae7aeba08933d", "http_status": 200, "body": {"accepted": true, "real_timestamp_ms": 1789222350332, "virtual_time_s": 2680.692118, "measure_result": "no_signal"}}
2026-09-12 22:12:33,489 INFO request {"path": "/measure", "payload": {"arena_id": "default", "robot_id": "202601002029", "request_id": "e1c7dd463d37411089560de6631dff98", "position": {"x": 1319.1555552391164, "y": -1319.1555552391171}, "channel": 18}, "attempt": 1}
2026-09-12 22:12:33,490 INFO response {"request_id": "e1c7dd463d37411089560de6631dff98", "http_status": 200, "body": {"accepted": true, "real_timestamp_ms": 1789222350358, "virtual_time_s": 2878.829896, "measure_result": "no_signal"}}
2026-09-12 22:12:33,521 INFO request {"path": "/measure", "payload": {"arena_id": "default", "robot_id": "202601002029", "request_id": "f72c8dca2c0b485ab4614c57496617db", "position": {"x": 1319.1555552391164, "y": -1319.1555552391171}, "channel": 2}, "attempt": 1}
2026-09-12 22:12:33,534 INFO response {"request_id": "f72c8dca2c0b485ab4614c57496617db", "http_status": 200, "body": {"accepted": true, "real_timestamp_ms": 1789222350401, "virtual_time_s": 2884.829896, "measure_result": "no_signal"}}
2026-09-12 22:12:33,564 INFO request {"path": "/measure", "payload": {"arena_id": "default", "robot_id": "202601002029", "request_id": "da3d1c1a13984a5588c08bee832098a2", "position": {"x": 1319.1555552391164, "y": -1319.1555552391171}, "channel": 4}, "attempt": 1}
2026-09-12 22:12:33,584 INFO response {"request_id": "da3d1c1a13984a5588c08bee832098a2", "http_status": 200, "body": {"accepted": true, "real_timestamp_ms": 1789222350451, "virtual_time_s": 2890.829896, "measure_result": "no_signal"}}
2026-09-12 22:12:33,584 INFO request {"path": "/measure", "payload": {"arena_id": "default", "robot_id": "202601002029", "request_id": "fb632244e0ef4192b33dbcb37abfaaf6", "position": {"x": 1319.1555552391164, "y": -1319.1555552391171}, "channel": 5}, "attempt": 1}
2026-09-12 22:12:33,604 INFO response {"request_id": "fb632244e0ef4192b33dbcb37abfaaf6", "http_status": 200, "body": {"accepted": true, "real_timestamp_ms": 1789222350471, "virtual_time_s": 2896.829896, "measure_result": "no_signal"}}
2026-09-12 22:12:33,620 INFO request {"path": "/measure", "payload": {"arena_id": "default", "robot_id": "202601002029", "request_id": "eba7a73ebf7d4281af9f401eaf02d027", "position": {"x": 1319.1555552391164, "y": -1319.1555552391171}, "channel": 6}, "attempt": 1}
2026-09-12 22:12:33,633 INFO response {"request_id": "eba7a73ebf7d4281af9f401eaf02d027", "http_status": 200, "body": {"accepted": true, "real_timestamp_ms": 1789222350500, "virtual_time_s": 2902.829896, "measure_result": "no_signal"}}
2026-09-12 22:12:33,648 INFO request {"path": "/measure", "payload": {"arena_id": "default", "robot_id": "202601002029", "request_id": "3d626efa2b4e46bc93d37a4c793a477a", "position": {"x": 1319.1555552391164, "y": -1319.1555552391171}, "channel": 7}, "attempt": 1}
2026-09-12 22:12:33,649 INFO response {"request_id": "3d626efa2b4e46bc93d37a4c793a477a", "http_status": 200, "body": {"accepted": true, "real_timestamp_ms": 1789222350517, "virtual_time_s": 2908.829896, "measure_result": "no_signal"}}
2026-09-12 22:12:33,680 INFO request {"path": "/measure", "payload": {"arena_id": "default", "robot_id": "202601002029", "request_id": "57d62bce263c463787df6321d363ed0f", "position": {"x": 1319.1555552391164, "y": -1319.1555552391171}, "channel": 9}, "attempt": 1}
2026-09-12 22:12:33,682 INFO response {"request_id": "57d62bce263c463787df6321d363ed0f", "http_status": 200, "body": {"accepted": true, "real_timestamp_ms": 1789222350549, "virtual_time_s": 2914.829896, "measure_result": "no_signal"}}
2026-09-12 22:12:33,712 INFO request {"path": "/measure", "payload": {"arena_id": "default", "robot_id": "202601002029", "request_id": "f24d5bc8ada24d158ef292a7e4f924ec", "position": {"x": 1319.1555552391164, "y": -1319.1555552391171}, "channel": 15}, "attempt": 1}
2026-09-12 22:12:33,714 INFO response {"request_id": "f24d5bc8ada24d158ef292a7e4f924ec", "http_status": 200, "body": {"accepted": true, "real_timestamp_ms": 1789222350581, "virtual_time_s": 2920.829896, "measure_result": "no_signal"}}
2026-09-12 22:12:33,744 INFO request {"path": "/measure", "payload": {"arena_id": "default", "robot_id": "202601002029", "request_id": "92bf47e370fc4cc2bf5e23c632988b59", "position": {"x": 1319.1555552391164, "y": -1319.1555552391171}, "channel": 16}, "attempt": 1}
2026-09-12 22:12:33,747 INFO response {"request_id": "92bf47e370fc4cc2bf5e23c632988b59", "http_status": 200, "body": {"accepted": true, "real_timestamp_ms": 1789222350614, "virtual_time_s": 2926.829896, "measure_result": "no_signal"}}
2026-09-12 22:12:33,777 INFO request {"path": "/measure", "payload": {"arena_id": "default", "robot_id": "202601002029", "request_id": "ad662611281c41c7a5e86108ec7c968b", "position": {"x": 1319.1555552391164, "y": -1319.1555552391171}, "channel": 17}, "attempt": 1}
2026-09-12 22:12:33,789 INFO response {"request_id": "ad662611281c41c7a5e86108ec7c968b", "http_status": 200, "body": {"accepted": true, "real_timestamp_ms": 1789222350657, "virtual_time_s": 2932.829896, "measure_result": "no_signal"}}
2026-09-12 22:12:33,807 INFO request {"path": "/measure", "payload": {"arena_id": "default", "robot_id": "202601002029", "request_id": "10b7aee3b9dc418394d8f527c643efdc", "position": {"x": 482.84444476088225, "y": -1802.0000000000002}, "channel": 17}, "attempt": 1}
2026-09-12 22:12:33,819 INFO response {"request_id": "10b7aee3b9dc418394d8f527c643efdc", "http_status": 200, "body": {"accepted": true, "real_timestamp_ms": 1789222350687, "virtual_time_s": 3130.967674, "measure_result": "no_signal"}}
2026-09-12 22:12:33,834 INFO request {"path": "/measure", "payload": {"arena_id": "default", "robot_id": "202601002029", "request_id": "aa288fa516554148b23b3e9ccdce928a", "position": {"x": 482.84444476088225, "y": -1802.0000000000002}, "channel": 2}, "attempt": 1}
2026-09-12 22:12:33,849 INFO response {"request_id": "aa288fa516554148b23b3e9ccdce928a", "http_status": 200, "body": {"accepted": true, "real_timestamp_ms": 1789222350716, "virtual_time_s": 3136.967674, "measure_result": "no_signal"}}
2026-09-12 22:12:33,865 INFO request {"path": "/measure", "payload": {"arena_id": "default", "robot_id": "202601002029", "request_id": "b4f83150c611430286d3964533fd6745", "position": {"x": 482.84444476088225, "y": -1802.0000000000002}, "channel": 4}, "attempt": 1}
2026-09-12 22:12:33,867 INFO response {"request_id": "b4f83150c611430286d3964533fd6745", "http_status": 200, "body": {"accepted": true, "real_timestamp_ms": 1789222350735, "virtual_time_s": 3142.967674, "measure_result": "no_signal"}}
2026-09-12 22:12:33,898 INFO request {"path": "/measure", "payload": {"arena_id": "default", "robot_id": "202601002029", "request_id": "fddfb2250ee84988846606166febd56a", "position": {"x": 482.84444476088225, "y": -1802.0000000000002}, "channel": 5}, "attempt": 1}
2026-09-12 22:12:33,917 INFO response {"request_id": "fddfb2250ee84988846606166febd56a", "http_status": 200, "body": {"accepted": true, "real_timestamp_ms": 1789222350785, "virtual_time_s": 3148.967674, "measure_result": "no_signal"}}
2026-09-12 22:12:33,932 INFO request {"path": "/measure", "payload": {"arena_id": "default", "robot_id": "202601002029", "request_id": "76cd7224f8c94df8b408ee26aa083905", "position": {"x": 482.84444476088225, "y": -1802.0000000000002}, "channel": 6}, "attempt": 1}
2026-09-12 22:12:33,946 INFO response {"request_id": "76cd7224f8c94df8b408ee26aa083905", "http_status": 200, "body": {"accepted": true, "real_timestamp_ms": 1789222350814, "virtual_time_s": 3154.967674, "measure_result": "no_signal"}}
2026-09-12 22:12:33,962 INFO request {"path": "/measure", "payload": {"arena_id": "default", "robot_id": "202601002029", "request_id": "9453f9b2b61f44f1ab339f67c9691e15", "position": {"x": 482.84444476088225, "y": -1802.0000000000002}, "channel": 7}, "attempt": 1}
2026-09-12 22:12:33,976 INFO response {"request_id": "9453f9b2b61f44f1ab339f67c9691e15", "http_status": 200, "body": {"accepted": true, "real_timestamp_ms": 1789222350844, "virtual_time_s": 3160.967674, "measure_result": "no_signal"}}
2026-09-12 22:12:33,992 INFO request {"path": "/measure", "payload": {"arena_id": "default", "robot_id": "202601002029", "request_id": "560f3b9ad8c14f279f40620e7767bba0", "position": {"x": 482.84444476088225, "y": -1802.0000000000002}, "channel": 9}, "attempt": 1}
2026-09-12 22:12:34,005 INFO response {"request_id": "560f3b9ad8c14f279f40620e7767bba0", "http_status": 200, "body": {"accepted": true, "real_timestamp_ms": 1789222350873, "virtual_time_s": 3166.967674, "measure_result": "no_signal"}}
2026-09-12 22:12:34,020 INFO request {"path": "/measure", "payload": {"arena_id": "default", "robot_id": "202601002029", "request_id": "0a97db07d3c54d3fb7ec6f04a6941c22", "position": {"x": 482.84444476088225, "y": -1802.0000000000002}, "channel": 15}, "attempt": 1}
2026-09-12 22:12:34,035 INFO response {"request_id": "0a97db07d3c54d3fb7ec6f04a6941c22", "http_status": 200, "body": {"accepted": true, "real_timestamp_ms": 1789222350903, "virtual_time_s": 3172.967674, "measure_result": "no_signal"}}
2026-09-12 22:12:34,050 INFO request {"path": "/measure", "payload": {"arena_id": "default", "robot_id": "202601002029", "request_id": "3a195e7532f748ebbcfb4e2bfc527d18", "position": {"x": 482.84444476088225, "y": -1802.0000000000002}, "channel": 16}, "attempt": 1}
2026-09-12 22:12:34,066 INFO response {"request_id": "3a195e7532f748ebbcfb4e2bfc527d18", "http_status": 200, "body": {"accepted": true, "real_timestamp_ms": 1789222350933, "virtual_time_s": 3178.967674, "measure_result": "no_signal"}}
2026-09-12 22:12:34,066 INFO request {"path": "/measure", "payload": {"arena_id": "default", "robot_id": "202601002029", "request_id": "9e36b850d8bb42d1a34a87a264db21cd", "position": {"x": 482.84444476088225, "y": -1802.0000000000002}, "channel": 18}, "attempt": 1}
2026-09-12 22:12:34,085 INFO response {"request_id": "9e36b850d8bb42d1a34a87a264db21cd", "http_status": 200, "body": {"accepted": true, "real_timestamp_ms": 1789222350953, "virtual_time_s": 3184.967674, "measure_result": "no_signal"}}
2026-09-12 22:12:34,101 INFO request {"path": "/measure", "payload": {"arena_id": "default", "robot_id": "202601002029", "request_id": "0e8b82752c7a497eafcfa3907ed65430", "position": {"x": 482.84444476088225, "y": -1802.0000000000002}, "channel": 11}, "attempt": 1}
2026-09-12 22:12:34,115 INFO response {"request_id": "0e8b82752c7a497eafcfa3907ed65430", "http_status": 200, "body": {"accepted": true, "real_timestamp_ms": 1789222350983, "virtual_time_s": 3190.967674, "measure_result": "direction", "svd_deg": 56.49}}
2026-09-12 22:12:34,139 INFO request {"path": "/measure", "payload": {"arena_id": "default", "robot_id": "202601002029", "request_id": "45cd2a7f5ab949d69857546ff1d24b62", "position": {"x": -482.8444447608845, "y": -1801.9999999999995}, "channel": 2}, "attempt": 1}
2026-09-12 22:12:34,154 INFO response {"request_id": "45cd2a7f5ab949d69857546ff1d24b62", "http_status": 200, "body": {"accepted": true, "real_timestamp_ms": 1789222351022, "virtual_time_s": 3390.105452, "measure_result": "no_signal"}}
2026-09-12 22:12:34,170 INFO request {"path": "/measure", "payload": {"arena_id": "default", "robot_id": "202601002029", "request_id": "d6ae209453a34ffeb5a4ade51de30285", "position": {"x": -482.8444447608845, "y": -1801.9999999999995}, "channel": 4}, "attempt": 1}
2026-09-12 22:12:34,184 INFO response {"request_id": "d6ae209453a34ffeb5a4ade51de30285", "http_status": 200, "body": {"accepted": true, "real_timestamp_ms": 1789222351052, "virtual_time_s": 3396.105452, "measure_result": "no_signal"}}
2026-09-12 22:12:34,199 INFO request {"path": "/measure", "payload": {"arena_id": "default", "robot_id": "202601002029", "request_id": "228904ee576a4e62ba29d42dda5e99e0", "position": {"x": -482.8444447608845, "y": -1801.9999999999995}, "channel": 5}, "attempt": 1}
2026-09-12 22:12:34,214 INFO response {"request_id": "228904ee576a4e62ba29d42dda5e99e0", "http_status": 200, "body": {"accepted": true, "real_timestamp_ms": 1789222351080, "virtual_time_s": 3402.105452, "measure_result": "no_signal"}}
2026-09-12 22:12:34,228 INFO request {"path": "/measure", "payload": {"arena_id": "default", "robot_id": "202601002029", "request_id": "dcce392b842546eda4b8b9a737b4fdc8", "position": {"x": -482.8444447608845, "y": -1801.9999999999995}, "channel": 6}, "attempt": 1}
2026-09-12 22:12:34,242 INFO response {"request_id": "dcce392b842546eda4b8b9a737b4fdc8", "http_status": 200, "body": {"accepted": true, "real_timestamp_ms": 1789222351109, "virtual_time_s": 3408.105452, "measure_result": "no_signal"}}
2026-09-12 22:12:34,257 INFO request {"path": "/measure", "payload": {"arena_id": "default", "robot_id": "202601002029", "request_id": "598c37ddae6a457685c11ea858dc9d4d", "position": {"x": -482.8444447608845, "y": -1801.9999999999995}, "channel": 7}, "attempt": 1}
2026-09-12 22:12:34,272 INFO response {"request_id": "598c37ddae6a457685c11ea858dc9d4d", "http_status": 200, "body": {"accepted": true, "real_timestamp_ms": 1789222351139, "virtual_time_s": 3414.105452, "measure_result": "no_signal"}}
2026-09-12 22:12:34,287 INFO request {"path": "/measure", "payload": {"arena_id": "default", "robot_id": "202601002029", "request_id": "23e5072e89ad4e67ac80d660adf41edd", "position": {"x": -482.8444447608845, "y": -1801.9999999999995}, "channel": 9}, "attempt": 1}
2026-09-12 22:12:34,301 INFO response {"request_id": "23e5072e89ad4e67ac80d660adf41edd", "http_status": 200, "body": {"accepted": true, "real_timestamp_ms": 1789222351169, "virtual_time_s": 3420.105452, "measure_result": "no_signal"}}
2026-09-12 22:12:34,316 INFO request {"path": "/measure", "payload": {"arena_id": "default", "robot_id": "202601002029", "request_id": "b2aca9dca54a4a32b38dbb8826782b34", "position": {"x": -482.8444447608845, "y": -1801.9999999999995}, "channel": 15}, "attempt": 1}
2026-09-12 22:12:34,331 INFO response {"request_id": "b2aca9dca54a4a32b38dbb8826782b34", "http_status": 200, "body": {"accepted": true, "real_timestamp_ms": 1789222351199, "virtual_time_s": 3426.105452, "measure_result": "no_signal"}}
2026-09-12 22:12:34,362 INFO request {"path": "/measure", "payload": {"arena_id": "default", "robot_id": "202601002029", "request_id": "d4b65e5d52bb44d487d061cd7798bc01", "position": {"x": -482.8444447608845, "y": -1801.9999999999995}, "channel": 16}, "attempt": 1}
2026-09-12 22:12:34,383 INFO response {"request_id": "d4b65e5d52bb44d487d061cd7798bc01", "http_status": 200, "body": {"accepted": true, "real_timestamp_ms": 1789222351249, "virtual_time_s": 3432.105452, "measure_result": "no_signal"}}
2026-09-12 22:12:34,383 INFO request {"path": "/measure", "payload": {"arena_id": "default", "robot_id": "202601002029", "request_id": "8982ee3371574d97ad8cf938dc8426d4", "position": {"x": -482.8444447608845, "y": -1801.9999999999995}, "channel": 17}, "attempt": 1}
2026-09-12 22:12:34,385 INFO response {"request_id": "8982ee3371574d97ad8cf938dc8426d4", "http_status": 200, "body": {"accepted": true, "real_timestamp_ms": 1789222351252, "virtual_time_s": 3438.105452, "measure_result": "no_signal"}}
2026-09-12 22:12:34,416 INFO request {"path": "/measure", "payload": {"arena_id": "default", "robot_id": "202601002029", "request_id": "954514062cf2484180b60d44bf56d211", "position": {"x": -482.8444447608845, "y": -1801.9999999999995}, "channel": 18}, "attempt": 1}
2026-09-12 22:12:34,431 INFO response {"request_id": "954514062cf2484180b60d44bf56d211", "http_status": 200, "body": {"accepted": true, "real_timestamp_ms": 1789222351298, "virtual_time_s": 3444.105452, "measure_result": "no_signal"}}
2026-09-12 22:12:34,447 INFO request {"path": "/measure", "payload": {"arena_id": "default", "robot_id": "202601002029", "request_id": "e8fc4ff79c034b00bb0cb9885ad60d2b", "position": {"x": -1319.1555552391176, "y": -1319.1555552391162}, "channel": 18}, "attempt": 1}
2026-09-12 22:12:34,449 INFO response {"request_id": "e8fc4ff79c034b00bb0cb9885ad60d2b", "http_status": 200, "body": {"accepted": true, "real_timestamp_ms": 1789222351317, "virtual_time_s": 3642.24323, "measure_result": "no_signal"}}
2026-09-12 22:12:34,481 INFO request {"path": "/measure", "payload": {"arena_id": "default", "robot_id": "202601002029", "request_id": "e1ce33ee83c948a0b60fc6f511ddaf48", "position": {"x": -1319.1555552391176, "y": -1319.1555552391162}, "channel": 2}, "attempt": 1}
2026-09-12 22:12:34,498 INFO response {"request_id": "e1ce33ee83c948a0b60fc6f511ddaf48", "http_status": 200, "body": {"accepted": true, "real_timestamp_ms": 1789222351366, "virtual_time_s": 3648.24323, "measure_result": "no_signal"}}
2026-09-12 22:12:34,513 INFO request {"path": "/measure", "payload": {"arena_id": "default", "robot_id": "202601002029", "request_id": "cd0c7bc03ff048ee9b5aa26459444f61", "position": {"x": -1319.1555552391176, "y": -1319.1555552391162}, "channel": 4}, "attempt": 1}
2026-09-12 22:12:34,526 INFO response {"request_id": "cd0c7bc03ff048ee9b5aa26459444f61", "http_status": 200, "body": {"accepted": true, "real_timestamp_ms": 1789222351394, "virtual_time_s": 3654.24323, "measure_result": "no_signal"}}
2026-09-12 22:12:34,542 INFO request {"path": "/measure", "payload": {"arena_id": "default", "robot_id": "202601002029", "request_id": "7d3a082a61874cd898cf10cece5d94f2", "position": {"x": -1319.1555552391176, "y": -1319.1555552391162}, "channel": 5}, "attempt": 1}
2026-09-12 22:12:34,545 INFO response {"request_id": "7d3a082a61874cd898cf10cece5d94f2", "http_status": 200, "body": {"accepted": true, "real_timestamp_ms": 1789222351412, "virtual_time_s": 3660.24323, "measure_result": "no_signal"}}
2026-09-12 22:12:34,576 INFO request {"path": "/measure", "payload": {"arena_id": "default", "robot_id": "202601002029", "request_id": "6b1c7def2f0f4661b772c9bac7a7475a", "position": {"x": -1319.1555552391176, "y": -1319.1555552391162}, "channel": 6}, "attempt": 1}
2026-09-12 22:12:34,596 INFO response {"request_id": "6b1c7def2f0f4661b772c9bac7a7475a", "http_status": 200, "body": {"accepted": true, "real_timestamp_ms": 1789222351464, "virtual_time_s": 3666.24323, "measure_result": "no_signal"}}
2026-09-12 22:12:34,611 INFO request {"path": "/measure", "payload": {"arena_id": "default", "robot_id": "202601002029", "request_id": "43e534c32e50405dbf3e06b890f836bf", "position": {"x": -1319.1555552391176, "y": -1319.1555552391162}, "channel": 7}, "attempt": 1}
2026-09-12 22:12:34,626 INFO response {"request_id": "43e534c32e50405dbf3e06b890f836bf", "http_status": 200, "body": {"accepted": true, "real_timestamp_ms": 1789222351493, "virtual_time_s": 3672.24323, "measure_result": "no_signal"}}
2026-09-12 22:12:34,640 INFO request {"path": "/measure", "payload": {"arena_id": "default", "robot_id": "202601002029", "request_id": "03faac44b2b74eef9b91e6b9668bd0b7", "position": {"x": -1319.1555552391176, "y": -1319.1555552391162}, "channel": 9}, "attempt": 1}
2026-09-12 22:12:34,643 INFO response {"request_id": "03faac44b2b74eef9b91e6b9668bd0b7", "http_status": 200, "body": {"accepted": true, "real_timestamp_ms": 1789222351510, "virtual_time_s": 3678.24323, "measure_result": "no_signal"}}
2026-09-12 22:12:34,673 INFO request {"path": "/measure", "payload": {"arena_id": "default", "robot_id": "202601002029", "request_id": "e03b3af5c40d42f3bede463fc5e6a74e", "position": {"x": -1319.1555552391176, "y": -1319.1555552391162}, "channel": 15}, "attempt": 1}
2026-09-12 22:12:34,676 INFO response {"request_id": "e03b3af5c40d42f3bede463fc5e6a74e", "http_status": 200, "body": {"accepted": true, "real_timestamp_ms": 1789222351543, "virtual_time_s": 3684.24323, "measure_result": "no_signal"}}
2026-09-12 22:12:34,690 INFO request {"path": "/measure", "payload": {"arena_id": "default", "robot_id": "202601002029", "request_id": "72b32b7afe734445833e6aae6164605c", "position": {"x": -1319.1555552391176, "y": -1319.1555552391162}, "channel": 16}, "attempt": 1}
2026-09-12 22:12:34,704 INFO response {"request_id": "72b32b7afe734445833e6aae6164605c", "http_status": 200, "body": {"accepted": true, "real_timestamp_ms": 1789222351572, "virtual_time_s": 3690.24323, "measure_result": "no_signal"}}
2026-09-12 22:12:34,720 INFO request {"path": "/measure", "payload": {"arena_id": "default", "robot_id": "202601002029", "request_id": "1de5da0e82874435986834dc005d3c1e", "position": {"x": -1319.1555552391176, "y": -1319.1555552391162}, "channel": 17}, "attempt": 1}
2026-09-12 22:12:34,733 INFO response {"request_id": "1de5da0e82874435986834dc005d3c1e", "http_status": 200, "body": {"accepted": true, "real_timestamp_ms": 1789222351600, "virtual_time_s": 3696.24323, "measure_result": "no_signal"}}
2026-09-12 22:12:34,751 INFO request {"path": "/measure", "payload": {"arena_id": "default", "robot_id": "202601002029", "request_id": "093fbb7c28b948e98dd95b9552bd30ce", "position": {"x": -1802.0000000000002, "y": -482.84444476088237}, "channel": 17}, "attempt": 1}
2026-09-12 22:12:34,763 INFO response {"request_id": "093fbb7c28b948e98dd95b9552bd30ce", "http_status": 200, "body": {"accepted": true, "real_timestamp_ms": 1789222351630, "virtual_time_s": 3894.381008, "measure_result": "no_signal"}}
2026-09-12 22:12:34,777 INFO request {"path": "/measure", "payload": {"arena_id": "default", "robot_id": "202601002029", "request_id": "b1a6c43ca571424cb419f4be148715b4", "position": {"x": -1802.0000000000002, "y": -482.84444476088237}, "channel": 2}, "attempt": 1}
2026-09-12 22:12:34,793 INFO response {"request_id": "b1a6c43ca571424cb419f4be148715b4", "http_status": 200, "body": {"accepted": true, "real_timestamp_ms": 1789222351660, "virtual_time_s": 3900.381008, "measure_result": "no_signal"}}
2026-09-12 22:12:34,807 INFO request {"path": "/measure", "payload": {"arena_id": "default", "robot_id": "202601002029", "request_id": "8c9e3b6462754788bd43e3bfdf7e2511", "position": {"x": -1802.0000000000002, "y": -482.84444476088237}, "channel": 4}, "attempt": 1}
2026-09-12 22:12:34,823 INFO response {"request_id": "8c9e3b6462754788bd43e3bfdf7e2511", "http_status": 200, "body": {"accepted": true, "real_timestamp_ms": 1789222351690, "virtual_time_s": 3906.381008, "measure_result": "no_signal"}}
2026-09-12 22:12:34,845 INFO request {"path": "/measure", "payload": {"arena_id": "default", "robot_id": "202601002029", "request_id": "16e8d9b67821482382c755a39f4d2b13", "position": {"x": -1802.0000000000002, "y": -482.84444476088237}, "channel": 5}, "attempt": 1}
2026-09-12 22:12:34,863 INFO response {"request_id": "16e8d9b67821482382c755a39f4d2b13", "http_status": 200, "body": {"accepted": true, "real_timestamp_ms": 1789222351731, "virtual_time_s": 3912.381008, "measure_result": "no_signal"}}
2026-09-12 22:12:34,863 INFO request {"path": "/measure", "payload": {"arena_id": "default", "robot_id": "202601002029", "request_id": "71f827134fab4455b13ec6478b705ec4", "position": {"x": -1802.0000000000002, "y": -482.84444476088237}, "channel": 6}, "attempt": 1}
2026-09-12 22:12:34,865 INFO response {"request_id": "71f827134fab4455b13ec6478b705ec4", "http_status": 200, "body": {"accepted": true, "real_timestamp_ms": 1789222351733, "virtual_time_s": 3918.381008, "measure_result": "no_signal"}}
2026-09-12 22:12:34,896 INFO request {"path": "/measure", "payload": {"arena_id": "default", "robot_id": "202601002029", "request_id": "0575880ead114a2f9c72ce8cddc2c4b8", "position": {"x": -1802.0000000000002, "y": -482.84444476088237}, "channel": 7}, "attempt": 1}
2026-09-12 22:12:34,898 INFO response {"request_id": "0575880ead114a2f9c72ce8cddc2c4b8", "http_status": 200, "body": {"accepted": true, "real_timestamp_ms": 1789222351765, "virtual_time_s": 3924.381008, "measure_result": "no_signal"}}
2026-09-12 22:12:34,928 INFO request {"path": "/measure", "payload": {"arena_id": "default", "robot_id": "202601002029", "request_id": "5ac58f824f9e4cf4b073b04a4e903c35", "position": {"x": -1802.0000000000002, "y": -482.84444476088237}, "channel": 9}, "attempt": 1}
2026-09-12 22:12:34,930 INFO response {"request_id": "5ac58f824f9e4cf4b073b04a4e903c35", "http_status": 200, "body": {"accepted": true, "real_timestamp_ms": 1789222351797, "virtual_time_s": 3930.381008, "measure_result": "no_signal"}}
2026-09-12 22:12:34,961 INFO request {"path": "/measure", "payload": {"arena_id": "default", "robot_id": "202601002029", "request_id": "d3b07fcf29e94836862bb2a34faa782b", "position": {"x": -1802.0000000000002, "y": -482.84444476088237}, "channel": 15}, "attempt": 1}
2026-09-12 22:12:34,962 INFO response {"request_id": "d3b07fcf29e94836862bb2a34faa782b", "http_status": 200, "body": {"accepted": true, "real_timestamp_ms": 1789222351830, "virtual_time_s": 3936.381008, "measure_result": "no_signal"}}
2026-09-12 22:12:34,993 INFO request {"path": "/measure", "payload": {"arena_id": "default", "robot_id": "202601002029", "request_id": "38db4812953f43359b52bf52294ac736", "position": {"x": -1802.0000000000002, "y": -482.84444476088237}, "channel": 16}, "attempt": 1}
2026-09-12 22:12:35,012 INFO response {"request_id": "38db4812953f43359b52bf52294ac736", "http_status": 200, "body": {"accepted": true, "real_timestamp_ms": 1789222351879, "virtual_time_s": 3942.381008, "measure_result": "no_signal"}}
2026-09-12 22:12:35,027 INFO request {"path": "/measure", "payload": {"arena_id": "default", "robot_id": "202601002029", "request_id": "0193997c914942d6a6633de034e45624", "position": {"x": -1802.0000000000002, "y": -482.84444476088237}, "channel": 18}, "attempt": 1}
2026-09-12 22:12:35,041 INFO response {"request_id": "0193997c914942d6a6633de034e45624", "http_status": 200, "body": {"accepted": true, "real_timestamp_ms": 1789222351909, "virtual_time_s": 3948.381008, "measure_result": "no_signal"}}
2026-09-12 22:12:35,063 INFO request {"path": "/measure", "payload": {"arena_id": "default", "robot_id": "202601002029", "request_id": "c546a40bd1844246872d322124897232", "position": {"x": -1801.9999999999998, "y": 482.84444476088356}, "channel": 18}, "attempt": 1}
2026-09-12 22:12:35,066 INFO response {"request_id": "c546a40bd1844246872d322124897232", "http_status": 200, "body": {"accepted": true, "real_timestamp_ms": 1789222351932, "virtual_time_s": 4146.518786, "measure_result": "no_signal"}}
2026-09-12 22:12:35,081 INFO request {"path": "/measure", "payload": {"arena_id": "default", "robot_id": "202601002029", "request_id": "1f8fa4ea69b340259ac5209f452dd16d", "position": {"x": -1801.9999999999998, "y": 482.84444476088356}, "channel": 2}, "attempt": 1}
2026-09-12 22:12:35,100 INFO response {"request_id": "1f8fa4ea69b340259ac5209f452dd16d", "http_status": 200, "body": {"accepted": true, "real_timestamp_ms": 1789222351968, "virtual_time_s": 4152.518786, "measure_result": "no_signal"}}
2026-09-12 22:12:35,100 INFO request {"path": "/measure", "payload": {"arena_id": "default", "robot_id": "202601002029", "request_id": "e05ca4e49dd24153878a7b02f3be64fa", "position": {"x": -1801.9999999999998, "y": 482.84444476088356}, "channel": 4}, "attempt": 1}
2026-09-12 22:12:35,119 INFO response {"request_id": "e05ca4e49dd24153878a7b02f3be64fa", "http_status": 200, "body": {"accepted": true, "real_timestamp_ms": 1789222351987, "virtual_time_s": 4158.518786, "measure_result": "no_signal"}}
2026-09-12 22:12:35,134 INFO request {"path": "/measure", "payload": {"arena_id": "default", "robot_id": "202601002029", "request_id": "16652f21f6084289bd19d87257b998bb", "position": {"x": -1801.9999999999998, "y": 482.84444476088356}, "channel": 5}, "attempt": 1}
2026-09-12 22:12:35,149 INFO response {"request_id": "16652f21f6084289bd19d87257b998bb", "http_status": 200, "body": {"accepted": true, "real_timestamp_ms": 1789222352016, "virtual_time_s": 4164.518786, "measure_result": "no_signal"}}
2026-09-12 22:12:35,164 INFO request {"path": "/measure", "payload": {"arena_id": "default", "robot_id": "202601002029", "request_id": "55d22578579c4711b520d566f9246884", "position": {"x": -1801.9999999999998, "y": 482.84444476088356}, "channel": 6}, "attempt": 1}
2026-09-12 22:12:35,178 INFO response {"request_id": "55d22578579c4711b520d566f9246884", "http_status": 200, "body": {"accepted": true, "real_timestamp_ms": 1789222352046, "virtual_time_s": 4170.518786, "measure_result": "no_signal"}}
2026-09-12 22:12:35,193 INFO request {"path": "/measure", "payload": {"arena_id": "default", "robot_id": "202601002029", "request_id": "50636dacb46048419f479ef632ad452f", "position": {"x": -1801.9999999999998, "y": 482.84444476088356}, "channel": 7}, "attempt": 1}
2026-09-12 22:12:35,208 INFO response {"request_id": "50636dacb46048419f479ef632ad452f", "http_status": 200, "body": {"accepted": true, "real_timestamp_ms": 1789222352076, "virtual_time_s": 4176.518786, "measure_result": "no_signal"}}
2026-09-12 22:12:35,223 INFO request {"path": "/measure", "payload": {"arena_id": "default", "robot_id": "202601002029", "request_id": "2ed3ef345ffa4bffb7fdd43435b8ec74", "position": {"x": -1801.9999999999998, "y": 482.84444476088356}, "channel": 9}, "attempt": 1}
2026-09-12 22:12:35,225 INFO response {"request_id": "2ed3ef345ffa4bffb7fdd43435b8ec74", "http_status": 200, "body": {"accepted": true, "real_timestamp_ms": 1789222352092, "virtual_time_s": 4182.518786, "measure_result": "no_signal"}}
2026-09-12 22:12:35,255 INFO request {"path": "/measure", "payload": {"arena_id": "default", "robot_id": "202601002029", "request_id": "7257db52e54a4c4a8bdd390068b95b77", "position": {"x": -1801.9999999999998, "y": 482.84444476088356}, "channel": 15}, "attempt": 1}
2026-09-12 22:12:35,276 INFO response {"request_id": "7257db52e54a4c4a8bdd390068b95b77", "http_status": 200, "body": {"accepted": true, "real_timestamp_ms": 1789222352144, "virtual_time_s": 4188.518786, "measure_result": "no_signal"}}
2026-09-12 22:12:35,292 INFO request {"path": "/measure", "payload": {"arena_id": "default", "robot_id": "202601002029", "request_id": "38fa52545f174168b834254975f0c9e8", "position": {"x": -1801.9999999999998, "y": 482.84444476088356}, "channel": 16}, "attempt": 1}
2026-09-12 22:12:35,307 INFO response {"request_id": "38fa52545f174168b834254975f0c9e8", "http_status": 200, "body": {"accepted": true, "real_timestamp_ms": 1789222352174, "virtual_time_s": 4194.518786, "measure_result": "no_signal"}}
2026-09-12 22:12:35,321 INFO request {"path": "/measure", "payload": {"arena_id": "default", "robot_id": "202601002029", "request_id": "4f7924ff59f54aaab60279df3d389062", "position": {"x": -1801.9999999999998, "y": 482.84444476088356}, "channel": 17}, "attempt": 1}
2026-09-12 22:12:35,335 INFO response {"request_id": "4f7924ff59f54aaab60279df3d389062", "http_status": 200, "body": {"accepted": true, "real_timestamp_ms": 1789222352203, "virtual_time_s": 4200.518786, "measure_result": "no_signal"}}
2026-09-12 22:12:35,348 INFO request {"path": "/measure", "payload": {"arena_id": "default", "robot_id": "202601002029", "request_id": "ffbdc37d9aee407183717dc8b294deb2", "position": {"x": -1319.1555552391167, "y": 1319.155555239117}, "channel": 17}, "attempt": 1}
2026-09-12 22:12:35,365 INFO response {"request_id": "ffbdc37d9aee407183717dc8b294deb2", "http_status": 200, "body": {"accepted": true, "real_timestamp_ms": 1789222352232, "virtual_time_s": 4398.656564, "measure_result": "no_signal"}}
2026-09-12 22:12:35,379 INFO request {"path": "/measure", "payload": {"arena_id": "default", "robot_id": "202601002029", "request_id": "20eb86bdcc8a4eb79387416637ce3186", "position": {"x": -1319.1555552391167, "y": 1319.155555239117}, "channel": 2}, "attempt": 1}
2026-09-12 22:12:35,394 INFO response {"request_id": "20eb86bdcc8a4eb79387416637ce3186", "http_status": 200, "body": {"accepted": true, "real_timestamp_ms": 1789222352262, "virtual_time_s": 4404.656564, "measure_result": "no_signal"}}
2026-09-12 22:12:35,410 INFO request {"path": "/measure", "payload": {"arena_id": "default", "robot_id": "202601002029", "request_id": "674856d427254c899e2231c82d4de055", "position": {"x": -1319.1555552391167, "y": 1319.155555239117}, "channel": 4}, "attempt": 1}
2026-09-12 22:12:35,424 INFO response {"request_id": "674856d427254c899e2231c82d4de055", "http_status": 200, "body": {"accepted": true, "real_timestamp_ms": 1789222352292, "virtual_time_s": 4410.656564, "measure_result": "no_signal"}}
2026-09-12 22:12:35,455 INFO request {"path": "/measure", "payload": {"arena_id": "default", "robot_id": "202601002029", "request_id": "b46991afecff42bcab4b822a83d738b2", "position": {"x": -1319.1555552391167, "y": 1319.155555239117}, "channel": 5}, "attempt": 1}
2026-09-12 22:12:35,457 INFO response {"request_id": "b46991afecff42bcab4b822a83d738b2", "http_status": 200, "body": {"accepted": true, "real_timestamp_ms": 1789222352324, "virtual_time_s": 4416.656564, "measure_result": "no_signal"}}
2026-09-12 22:12:35,472 INFO request {"path": "/measure", "payload": {"arena_id": "default", "robot_id": "202601002029", "request_id": "db871ee4371b4c328be6dcd553a6ed75", "position": {"x": -1319.1555552391167, "y": 1319.155555239117}, "channel": 6}, "attempt": 1}
2026-09-12 22:12:35,492 INFO response {"request_id": "db871ee4371b4c328be6dcd553a6ed75", "http_status": 200, "body": {"accepted": true, "real_timestamp_ms": 1789222352360, "virtual_time_s": 4422.656564, "measure_result": "no_signal"}}
2026-09-12 22:12:35,492 INFO request {"path": "/measure", "payload": {"arena_id": "default", "robot_id": "202601002029", "request_id": "7810cb9bc0f041a893c02c8c3a8fcf03", "position": {"x": -1319.1555552391167, "y": 1319.155555239117}, "channel": 7}, "attempt": 1}
2026-09-12 22:12:35,511 INFO response {"request_id": "7810cb9bc0f041a893c02c8c3a8fcf03", "http_status": 200, "body": {"accepted": true, "real_timestamp_ms": 1789222352379, "virtual_time_s": 4428.656564, "measure_result": "no_signal"}}
2026-09-12 22:12:35,525 INFO request {"path": "/measure", "payload": {"arena_id": "default", "robot_id": "202601002029", "request_id": "e313a691cef942f8a9b2fd725fac6373", "position": {"x": -1319.1555552391167, "y": 1319.155555239117}, "channel": 9}, "attempt": 1}
2026-09-12 22:12:35,541 INFO response {"request_id": "e313a691cef942f8a9b2fd725fac6373", "http_status": 200, "body": {"accepted": true, "real_timestamp_ms": 1789222352409, "virtual_time_s": 4434.656564, "measure_result": "no_signal"}}
2026-09-12 22:12:35,556 INFO request {"path": "/measure", "payload": {"arena_id": "default", "robot_id": "202601002029", "request_id": "be934b16dd3b4f109dbc3990175c8c36", "position": {"x": -1319.1555552391167, "y": 1319.155555239117}, "channel": 15}, "attempt": 1}
2026-09-12 22:12:35,571 INFO response {"request_id": "be934b16dd3b4f109dbc3990175c8c36", "http_status": 200, "body": {"accepted": true, "real_timestamp_ms": 1789222352438, "virtual_time_s": 4440.656564, "measure_result": "no_signal"}}
2026-09-12 22:12:35,587 INFO request {"path": "/measure", "payload": {"arena_id": "default", "robot_id": "202601002029", "request_id": "5f76316dd16c4734ad5b028f1e383efe", "position": {"x": -1319.1555552391167, "y": 1319.155555239117}, "channel": 16}, "attempt": 1}
2026-09-12 22:12:35,589 INFO response {"request_id": "5f76316dd16c4734ad5b028f1e383efe", "http_status": 200, "body": {"accepted": true, "real_timestamp_ms": 1789222352456, "virtual_time_s": 4446.656564, "measure_result": "no_signal"}}
2026-09-12 22:12:35,620 INFO request {"path": "/measure", "payload": {"arena_id": "default", "robot_id": "202601002029", "request_id": "312c1ead0a8046b592f539cecfef8f3a", "position": {"x": -1319.1555552391167, "y": 1319.155555239117}, "channel": 18}, "attempt": 1}
2026-09-12 22:12:35,641 INFO response {"request_id": "312c1ead0a8046b592f539cecfef8f3a", "http_status": 200, "body": {"accepted": true, "real_timestamp_ms": 1789222352508, "virtual_time_s": 4452.656564, "measure_result": "no_signal"}}
2026-09-12 22:12:35,667 INFO request {"path": "/measure", "payload": {"arena_id": "default", "robot_id": "202601002029", "request_id": "e22be55918db4619b617a68ae933607e", "position": {"x": -482.8444447608829, "y": 1802.0}, "channel": 18}, "attempt": 1}
2026-09-12 22:12:35,679 INFO response {"request_id": "e22be55918db4619b617a68ae933607e", "http_status": 200, "body": {"accepted": true, "real_timestamp_ms": 1789222352547, "virtual_time_s": 4650.794342, "measure_result": "no_signal"}}
2026-09-12 22:12:35,694 INFO request {"path": "/measure", "payload": {"arena_id": "default", "robot_id": "202601002029", "request_id": "81048ba4b9c84a128905276b167cc9d8", "position": {"x": -482.8444447608829, "y": 1802.0}, "channel": 2}, "attempt": 1}
2026-09-12 22:12:35,709 INFO response {"request_id": "81048ba4b9c84a128905276b167cc9d8", "http_status": 200, "body": {"accepted": true, "real_timestamp_ms": 1789222352576, "virtual_time_s": 4656.794342, "measure_result": "no_signal"}}
2026-09-12 22:12:35,723 INFO request {"path": "/measure", "payload": {"arena_id": "default", "robot_id": "202601002029", "request_id": "641476990c8e4bd2ba19108041479b53", "position": {"x": -482.8444447608829, "y": 1802.0}, "channel": 4}, "attempt": 1}
2026-09-12 22:12:35,739 INFO response {"request_id": "641476990c8e4bd2ba19108041479b53", "http_status": 200, "body": {"accepted": true, "real_timestamp_ms": 1789222352606, "virtual_time_s": 4662.794342, "measure_result": "no_signal"}}
2026-09-12 22:12:35,753 INFO request {"path": "/measure", "payload": {"arena_id": "default", "robot_id": "202601002029", "request_id": "1e6b5faab43645faa72751f3462ab07e", "position": {"x": -482.8444447608829, "y": 1802.0}, "channel": 5}, "attempt": 1}
2026-09-12 22:12:35,767 INFO response {"request_id": "1e6b5faab43645faa72751f3462ab07e", "http_status": 200, "body": {"accepted": true, "real_timestamp_ms": 1789222352635, "virtual_time_s": 4668.794342, "measure_result": "no_signal"}}
2026-09-12 22:12:35,782 INFO request {"path": "/measure", "payload": {"arena_id": "default", "robot_id": "202601002029", "request_id": "3f8a3fee904947d4be1dfad989b2d129", "position": {"x": -482.8444447608829, "y": 1802.0}, "channel": 6}, "attempt": 1}
2026-09-12 22:12:35,783 INFO response {"request_id": "3f8a3fee904947d4be1dfad989b2d129", "http_status": 200, "body": {"accepted": true, "real_timestamp_ms": 1789222352651, "virtual_time_s": 4674.794342, "measure_result": "no_signal"}}
2026-09-12 22:12:35,814 INFO request {"path": "/measure", "payload": {"arena_id": "default", "robot_id": "202601002029", "request_id": "226bbfa758ef48dd8fba35fd5ea5729c", "position": {"x": -482.8444447608829, "y": 1802.0}, "channel": 7}, "attempt": 1}
2026-09-12 22:12:35,815 INFO response {"request_id": "226bbfa758ef48dd8fba35fd5ea5729c", "http_status": 200, "body": {"accepted": true, "real_timestamp_ms": 1789222352683, "virtual_time_s": 4680.794342, "measure_result": "no_signal"}}
2026-09-12 22:12:35,846 INFO request {"path": "/measure", "payload": {"arena_id": "default", "robot_id": "202601002029", "request_id": "4cf400094dfc43ee970b5216fe698629", "position": {"x": -482.8444447608829, "y": 1802.0}, "channel": 9}, "attempt": 1}
2026-09-12 22:12:35,866 INFO response {"request_id": "4cf400094dfc43ee970b5216fe698629", "http_status": 200, "body": {"accepted": true, "real_timestamp_ms": 1789222352733, "virtual_time_s": 4686.794342, "measure_result": "no_signal"}}
2026-09-12 22:12:35,866 INFO request {"path": "/measure", "payload": {"arena_id": "default", "robot_id": "202601002029", "request_id": "06b94d9337564abb97a7e7c418a71d4d", "position": {"x": -482.8444447608829, "y": 1802.0}, "channel": 15}, "attempt": 1}
2026-09-12 22:12:35,885 INFO response {"request_id": "06b94d9337564abb97a7e7c418a71d4d", "http_status": 200, "body": {"accepted": true, "real_timestamp_ms": 1789222352753, "virtual_time_s": 4692.794342, "measure_result": "no_signal"}}
2026-09-12 22:12:35,900 INFO request {"path": "/measure", "payload": {"arena_id": "default", "robot_id": "202601002029", "request_id": "4bcfe2ca8dc24590843d1fae199194e0", "position": {"x": -482.8444447608829, "y": 1802.0}, "channel": 16}, "attempt": 1}
2026-09-12 22:12:35,916 INFO response {"request_id": "4bcfe2ca8dc24590843d1fae199194e0", "http_status": 200, "body": {"accepted": true, "real_timestamp_ms": 1789222352783, "virtual_time_s": 4698.794342, "measure_result": "no_signal"}}
2026-09-12 22:12:35,930 INFO request {"path": "/measure", "payload": {"arena_id": "default", "robot_id": "202601002029", "request_id": "3b07ff9af1ad4e10ab22c34132f228e7", "position": {"x": -482.8444447608829, "y": 1802.0}, "channel": 17}, "attempt": 1}
2026-09-12 22:12:35,946 INFO response {"request_id": "3b07ff9af1ad4e10ab22c34132f228e7", "http_status": 200, "body": {"accepted": true, "real_timestamp_ms": 1789222352813, "virtual_time_s": 4704.794342, "measure_result": "no_signal"}}
2026-09-12 22:12:36,021 INFO request {"path": "/measure", "payload": {"arena_id": "default", "robot_id": "202601002029", "request_id": "25da4a5040494f318ea3cc4774480f67", "position": {"x": -482.8444447608829, "y": 1802.0}, "channel": 10}, "attempt": 1}
2026-09-12 22:12:36,033 INFO response {"request_id": "25da4a5040494f318ea3cc4774480f67", "http_status": 200, "body": {"accepted": true, "real_timestamp_ms": 1789222352900, "virtual_time_s": 4710.794342, "measure_result": "direction", "svd_deg": 342.39}}
2026-09-12 22:12:36,054 INFO request {"path": "/measure", "payload": {"arena_id": "default", "robot_id": "202601002029", "request_id": "769e5e8116834308a6b61ae08c20f5e2", "position": {"x": 482.8444447608835, "y": 1801.9999999999998}, "channel": 2}, "attempt": 1}
2026-09-12 22:12:36,073 INFO response {"request_id": "769e5e8116834308a6b61ae08c20f5e2", "http_status": 200, "body": {"accepted": true, "real_timestamp_ms": 1789222352941, "virtual_time_s": 4909.93212, "measure_result": "no_signal"}}
2026-09-12 22:12:36,089 INFO request {"path": "/measure", "payload": {"arena_id": "default", "robot_id": "202601002029", "request_id": "80c853ff10344ad69bf3b503f11551e8", "position": {"x": 482.8444447608835, "y": 1801.9999999999998}, "channel": 4}, "attempt": 1}
2026-09-12 22:12:36,102 INFO response {"request_id": "80c853ff10344ad69bf3b503f11551e8", "http_status": 200, "body": {"accepted": true, "real_timestamp_ms": 1789222352970, "virtual_time_s": 4915.93212, "measure_result": "no_signal"}}
2026-09-12 22:12:36,118 INFO request {"path": "/measure", "payload": {"arena_id": "default", "robot_id": "202601002029", "request_id": "277953ea21994c9fafd00c774ec48a1d", "position": {"x": 482.8444447608835, "y": 1801.9999999999998}, "channel": 5}, "attempt": 1}
2026-09-12 22:12:36,133 INFO response {"request_id": "277953ea21994c9fafd00c774ec48a1d", "http_status": 200, "body": {"accepted": true, "real_timestamp_ms": 1789222353000, "virtual_time_s": 4921.93212, "measure_result": "no_signal"}}
2026-09-12 22:12:36,148 INFO request {"path": "/measure", "payload": {"arena_id": "default", "robot_id": "202601002029", "request_id": "05e29afdfeb54acbac87499244070c49", "position": {"x": 482.8444447608835, "y": 1801.9999999999998}, "channel": 6}, "attempt": 1}
2026-09-12 22:12:36,150 INFO response {"request_id": "05e29afdfeb54acbac87499244070c49", "http_status": 200, "body": {"accepted": true, "real_timestamp_ms": 1789222353017, "virtual_time_s": 4927.93212, "measure_result": "no_signal"}}
2026-09-12 22:12:36,181 INFO request {"path": "/measure", "payload": {"arena_id": "default", "robot_id": "202601002029", "request_id": "db379246f0e64255b4e07f2573f17a86", "position": {"x": 482.8444447608835, "y": 1801.9999999999998}, "channel": 7}, "attempt": 1}
2026-09-12 22:12:36,192 INFO response {"request_id": "db379246f0e64255b4e07f2573f17a86", "http_status": 200, "body": {"accepted": true, "real_timestamp_ms": 1789222353059, "virtual_time_s": 4933.93212, "measure_result": "no_signal"}}
2026-09-12 22:12:36,208 INFO request {"path": "/measure", "payload": {"arena_id": "default", "robot_id": "202601002029", "request_id": "75efbaced1c64ea3b7a9d20e02afbf72", "position": {"x": 482.8444447608835, "y": 1801.9999999999998}, "channel": 9}, "attempt": 1}
2026-09-12 22:12:36,209 INFO response {"request_id": "75efbaced1c64ea3b7a9d20e02afbf72", "http_status": 200, "body": {"accepted": true, "real_timestamp_ms": 1789222353077, "virtual_time_s": 4939.93212, "measure_result": "no_signal"}}
2026-09-12 22:12:36,239 INFO request {"path": "/measure", "payload": {"arena_id": "default", "robot_id": "202601002029", "request_id": "223d8d3db53b4955b8eea7b858faa6ed", "position": {"x": 482.8444447608835, "y": 1801.9999999999998}, "channel": 15}, "attempt": 1}
2026-09-12 22:12:36,240 INFO response {"request_id": "223d8d3db53b4955b8eea7b858faa6ed", "http_status": 200, "body": {"accepted": true, "real_timestamp_ms": 1789222353108, "virtual_time_s": 4945.93212, "measure_result": "no_signal"}}
2026-09-12 22:12:36,271 INFO request {"path": "/measure", "payload": {"arena_id": "default", "robot_id": "202601002029", "request_id": "8b36d6e18603404ba6fe7b094b0bcecf", "position": {"x": 482.8444447608835, "y": 1801.9999999999998}, "channel": 16}, "attempt": 1}
2026-09-12 22:12:36,273 INFO response {"request_id": "8b36d6e18603404ba6fe7b094b0bcecf", "http_status": 200, "body": {"accepted": true, "real_timestamp_ms": 1789222353141, "virtual_time_s": 4951.93212, "measure_result": "no_signal"}}
2026-09-12 22:12:36,304 INFO request {"path": "/measure", "payload": {"arena_id": "default", "robot_id": "202601002029", "request_id": "6d39ee51aa764ec7ab8652a1c34273cb", "position": {"x": 482.8444447608835, "y": 1801.9999999999998}, "channel": 17}, "attempt": 1}
2026-09-12 22:12:36,321 INFO response {"request_id": "6d39ee51aa764ec7ab8652a1c34273cb", "http_status": 200, "body": {"accepted": true, "real_timestamp_ms": 1789222353188, "virtual_time_s": 4957.93212, "measure_result": "no_signal"}}
2026-09-12 22:12:36,337 INFO request {"path": "/measure", "payload": {"arena_id": "default", "robot_id": "202601002029", "request_id": "474fde05afe04920ad2b15dcb2d308a1", "position": {"x": 482.8444447608835, "y": 1801.9999999999998}, "channel": 18}, "attempt": 1}
2026-09-12 22:12:36,351 INFO response {"request_id": "474fde05afe04920ad2b15dcb2d308a1", "http_status": 200, "body": {"accepted": true, "real_timestamp_ms": 1789222353218, "virtual_time_s": 4963.93212, "measure_result": "no_signal"}}
2026-09-12 22:12:36,368 INFO request {"path": "/measure", "payload": {"arena_id": "default", "robot_id": "202601002029", "request_id": "4a089a42c5b4406a9c88a31d609ccffc", "position": {"x": 1319.155555239117, "y": 1319.155555239117}, "channel": 18}, "attempt": 1}
2026-09-12 22:12:36,380 INFO response {"request_id": "4a089a42c5b4406a9c88a31d609ccffc", "http_status": 200, "body": {"accepted": true, "real_timestamp_ms": 1789222353247, "virtual_time_s": 5162.069898, "measure_result": "no_signal"}}
2026-09-12 22:12:36,394 INFO request {"path": "/measure", "payload": {"arena_id": "default", "robot_id": "202601002029", "request_id": "4de94330c9eb4f89acc64ca1220b819e", "position": {"x": 1319.155555239117, "y": 1319.155555239117}, "channel": 2}, "attempt": 1}
2026-09-12 22:12:36,396 INFO response {"request_id": "4de94330c9eb4f89acc64ca1220b819e", "http_status": 200, "body": {"accepted": true, "real_timestamp_ms": 1789222353263, "virtual_time_s": 5168.069898, "measure_result": "no_signal"}}
2026-09-12 22:12:36,426 INFO request {"path": "/measure", "payload": {"arena_id": "default", "robot_id": "202601002029", "request_id": "2b02a9d0b63641369da4c5548f2d508d", "position": {"x": 1319.155555239117, "y": 1319.155555239117}, "channel": 4}, "attempt": 1}
2026-09-12 22:12:36,439 INFO response {"request_id": "2b02a9d0b63641369da4c5548f2d508d", "http_status": 200, "body": {"accepted": true, "real_timestamp_ms": 1789222353306, "virtual_time_s": 5174.069898, "measure_result": "no_signal"}}
2026-09-12 22:12:36,470 INFO request {"path": "/measure", "payload": {"arena_id": "default", "robot_id": "202601002029", "request_id": "812d2c2861324caea5a3b93de6cad7d7", "position": {"x": 1319.155555239117, "y": 1319.155555239117}, "channel": 5}, "attempt": 1}
2026-09-12 22:12:36,488 INFO response {"request_id": "812d2c2861324caea5a3b93de6cad7d7", "http_status": 200, "body": {"accepted": true, "real_timestamp_ms": 1789222353355, "virtual_time_s": 5180.069898, "measure_result": "no_signal"}}
2026-09-12 22:12:36,503 INFO request {"path": "/measure", "payload": {"arena_id": "default", "robot_id": "202601002029", "request_id": "4b6e858ff7ec4e21b3de66fd7b71ac14", "position": {"x": 1319.155555239117, "y": 1319.155555239117}, "channel": 6}, "attempt": 1}
2026-09-12 22:12:36,517 INFO response {"request_id": "4b6e858ff7ec4e21b3de66fd7b71ac14", "http_status": 200, "body": {"accepted": true, "real_timestamp_ms": 1789222353385, "virtual_time_s": 5186.069898, "measure_result": "no_signal"}}
2026-09-12 22:12:36,532 INFO request {"path": "/measure", "payload": {"arena_id": "default", "robot_id": "202601002029", "request_id": "2e2aaf6d21864c1886819a63e0d96106", "position": {"x": 1319.155555239117, "y": 1319.155555239117}, "channel": 7}, "attempt": 1}
2026-09-12 22:12:36,546 INFO response {"request_id": "2e2aaf6d21864c1886819a63e0d96106", "http_status": 200, "body": {"accepted": true, "real_timestamp_ms": 1789222353414, "virtual_time_s": 5192.069898, "measure_result": "no_signal"}}
2026-09-12 22:12:36,561 INFO request {"path": "/measure", "payload": {"arena_id": "default", "robot_id": "202601002029", "request_id": "368ed6a35e654ba2852a4c66ad8539ed", "position": {"x": 1319.155555239117, "y": 1319.155555239117}, "channel": 9}, "attempt": 1}
2026-09-12 22:12:36,576 INFO response {"request_id": "368ed6a35e654ba2852a4c66ad8539ed", "http_status": 200, "body": {"accepted": true, "real_timestamp_ms": 1789222353443, "virtual_time_s": 5198.069898, "measure_result": "no_signal"}}
2026-09-12 22:12:36,591 INFO request {"path": "/measure", "payload": {"arena_id": "default", "robot_id": "202601002029", "request_id": "380106c83e1949218e9e9c2098bcd8c2", "position": {"x": 1319.155555239117, "y": 1319.155555239117}, "channel": 15}, "attempt": 1}
2026-09-12 22:12:36,605 INFO response {"request_id": "380106c83e1949218e9e9c2098bcd8c2", "http_status": 200, "body": {"accepted": true, "real_timestamp_ms": 1789222353473, "virtual_time_s": 5204.069898, "measure_result": "no_signal"}}
2026-09-12 22:12:36,621 INFO request {"path": "/measure", "payload": {"arena_id": "default", "robot_id": "202601002029", "request_id": "a31f0491b6794e69bae2ae35051c2826", "position": {"x": 1319.155555239117, "y": 1319.155555239117}, "channel": 16}, "attempt": 1}
2026-09-12 22:12:36,635 INFO response {"request_id": "a31f0491b6794e69bae2ae35051c2826", "http_status": 200, "body": {"accepted": true, "real_timestamp_ms": 1789222353503, "virtual_time_s": 5210.069898, "measure_result": "no_signal"}}
2026-09-12 22:12:36,650 INFO request {"path": "/measure", "payload": {"arena_id": "default", "robot_id": "202601002029", "request_id": "ab6c1b5babef4a19aabe5b0796daa588", "position": {"x": 1319.155555239117, "y": 1319.155555239117}, "channel": 17}, "attempt": 1}
2026-09-12 22:12:36,665 INFO response {"request_id": "ab6c1b5babef4a19aabe5b0796daa588", "http_status": 200, "body": {"accepted": true, "real_timestamp_ms": 1789222353532, "virtual_time_s": 5216.069898, "measure_result": "no_signal"}}
2026-09-12 22:12:36,681 INFO request {"path": "/measure", "payload": {"arena_id": "default", "robot_id": "202601002029", "request_id": "c34637b3e70a4b19ab4a97e710f5db2d", "position": {"x": 1802.0, "y": 482.84444476088305}, "channel": 17}, "attempt": 1}
2026-09-12 22:12:36,694 INFO response {"request_id": "c34637b3e70a4b19ab4a97e710f5db2d", "http_status": 200, "body": {"accepted": true, "real_timestamp_ms": 1789222353562, "virtual_time_s": 5414.207676, "measure_result": "no_signal"}}
2026-09-12 22:12:36,710 INFO request {"path": "/measure", "payload": {"arena_id": "default", "robot_id": "202601002029", "request_id": "f937e7da70a241c8b295df33077358b6", "position": {"x": 1802.0, "y": 482.84444476088305}, "channel": 2}, "attempt": 1}
2026-09-12 22:12:36,723 INFO response {"request_id": "f937e7da70a241c8b295df33077358b6", "http_status": 200, "body": {"accepted": true, "real_timestamp_ms": 1789222353590, "virtual_time_s": 5420.207676, "measure_result": "no_signal"}}
2026-09-12 22:12:36,739 INFO request {"path": "/measure", "payload": {"arena_id": "default", "robot_id": "202601002029", "request_id": "d85d74a4735d48f9b89ece9980f71ae9", "position": {"x": 1802.0, "y": 482.84444476088305}, "channel": 4}, "attempt": 1}
2026-09-12 22:12:36,753 INFO response {"request_id": "d85d74a4735d48f9b89ece9980f71ae9", "http_status": 200, "body": {"accepted": true, "real_timestamp_ms": 1789222353620, "virtual_time_s": 5426.207676, "measure_result": "no_signal"}}
2026-09-12 22:12:36,784 INFO request {"path": "/measure", "payload": {"arena_id": "default", "robot_id": "202601002029", "request_id": "152ce8ee5c8c4ef4b90b6c15f9793c77", "position": {"x": 1802.0, "y": 482.84444476088305}, "channel": 5}, "attempt": 1}
2026-09-12 22:12:36,803 INFO response {"request_id": "152ce8ee5c8c4ef4b90b6c15f9793c77", "http_status": 200, "body": {"accepted": true, "real_timestamp_ms": 1789222353670, "virtual_time_s": 5432.207676, "measure_result": "no_signal"}}
2026-09-12 22:12:36,804 INFO request {"path": "/measure", "payload": {"arena_id": "default", "robot_id": "202601002029", "request_id": "43b283c393a24b82bc19b2725b00071c", "position": {"x": 1802.0, "y": 482.84444476088305}, "channel": 6}, "attempt": 1}
2026-09-12 22:12:36,822 INFO response {"request_id": "43b283c393a24b82bc19b2725b00071c", "http_status": 200, "body": {"accepted": true, "real_timestamp_ms": 1789222353689, "virtual_time_s": 5438.207676, "measure_result": "no_signal"}}
2026-09-12 22:12:36,838 INFO request {"path": "/measure", "payload": {"arena_id": "default", "robot_id": "202601002029", "request_id": "2f9c9415f8f54cf6b789cdb59100254a", "position": {"x": 1802.0, "y": 482.84444476088305}, "channel": 7}, "attempt": 1}
2026-09-12 22:12:36,851 INFO response {"request_id": "2f9c9415f8f54cf6b789cdb59100254a", "http_status": 200, "body": {"accepted": true, "real_timestamp_ms": 1789222353719, "virtual_time_s": 5444.207676, "measure_result": "no_signal"}}
2026-09-12 22:12:36,867 INFO request {"path": "/measure", "payload": {"arena_id": "default", "robot_id": "202601002029", "request_id": "882eb3c7b6984e9997fa50f92a9de32b", "position": {"x": 1802.0, "y": 482.84444476088305}, "channel": 9}, "attempt": 1}
2026-09-12 22:12:36,881 INFO response {"request_id": "882eb3c7b6984e9997fa50f92a9de32b", "http_status": 200, "body": {"accepted": true, "real_timestamp_ms": 1789222353749, "virtual_time_s": 5450.207676, "measure_result": "no_signal"}}
2026-09-12 22:12:36,896 INFO request {"path": "/measure", "payload": {"arena_id": "default", "robot_id": "202601002029", "request_id": "337233f511764fb6a5bf4b5a639fd6f3", "position": {"x": 1802.0, "y": 482.84444476088305}, "channel": 15}, "attempt": 1}
2026-09-12 22:12:36,910 INFO response {"request_id": "337233f511764fb6a5bf4b5a639fd6f3", "http_status": 200, "body": {"accepted": true, "real_timestamp_ms": 1789222353778, "virtual_time_s": 5456.207676, "measure_result": "no_signal"}}
2026-09-12 22:12:36,925 INFO request {"path": "/measure", "payload": {"arena_id": "default", "robot_id": "202601002029", "request_id": "913263bd07a546dcb8a26e8be1b41d05", "position": {"x": 1802.0, "y": 482.84444476088305}, "channel": 16}, "attempt": 1}
2026-09-12 22:12:36,940 INFO response {"request_id": "913263bd07a546dcb8a26e8be1b41d05", "http_status": 200, "body": {"accepted": true, "real_timestamp_ms": 1789222353807, "virtual_time_s": 5462.207676, "measure_result": "no_signal"}}
2026-09-12 22:12:36,971 INFO request {"path": "/measure", "payload": {"arena_id": "default", "robot_id": "202601002029", "request_id": "2f7cd38003ef4aeb8c528a03dd53d9d4", "position": {"x": 1802.0, "y": 482.84444476088305}, "channel": 18}, "attempt": 1}
2026-09-12 22:12:36,989 INFO response {"request_id": "2f7cd38003ef4aeb8c528a03dd53d9d4", "http_status": 200, "body": {"accepted": true, "real_timestamp_ms": 1789222353856, "virtual_time_s": 5468.207676, "measure_result": "no_signal"}}
2026-09-12 22:12:39,963 INFO request {"path": "/clear", "payload": {"arena_id": "default", "robot_id": "202601002029", "request_id": "e653daaded0f4d9795e4179e868bb6c0", "position": {"x": 1356.876511211882, "y": 259.45299496567105}, "channel": 12}, "attempt": 1}
2026-09-12 22:12:39,964 INFO response {"request_id": "e653daaded0f4d9795e4179e868bb6c0", "http_status": 200, "body": {"accepted": true, "real_timestamp_ms": 1789222356832, "virtual_time_s": 5572.814636, "clear_result": "success"}}
2026-09-12 22:12:43,105 INFO request {"path": "/measure", "payload": {"arena_id": "default", "robot_id": "202601002029", "request_id": "e4cb590db6034dc3834fa56ae872bee0", "position": {"x": 979.7681145658456, "y": 280.70208413594014}, "channel": 8}, "attempt": 1}
2026-09-12 22:12:43,125 INFO response {"request_id": "e4cb590db6034dc3834fa56ae872bee0", "http_status": 200, "body": {"accepted": true, "real_timestamp_ms": 1789222359992, "virtual_time_s": 5654.355954, "measure_result": "direction", "svd_deg": 227.88}}
2026-09-12 22:12:44,910 INFO request {"path": "/clear", "payload": {"arena_id": "default", "robot_id": "202601002029", "request_id": "9d6280f2f7594354b237ef2a925584d8", "position": {"x": 663.4863998302435, "y": -61.67195223765382}, "channel": 8}, "attempt": 1}
2026-09-12 22:12:44,924 INFO response {"request_id": "9d6280f2f7594354b237ef2a925584d8", "http_status": 200, "body": {"accepted": true, "real_timestamp_ms": 1789222361792, "virtual_time_s": 5752.577004, "clear_result": "success"}}
2026-09-12 22:12:46,703 INFO request {"path": "/clear", "payload": {"arena_id": "default", "robot_id": "202601002029", "request_id": "5a982e0f77174f30beea063485ff4189", "position": {"x": -450.89349905244353, "y": -529.8028202987473}, "channel": 1}, "attempt": 1}
2026-09-12 22:12:46,705 INFO response {"request_id": "5a982e0f77174f30beea063485ff4189", "http_status": 200, "body": {"accepted": true, "real_timestamp_ms": 1789222363572, "virtual_time_s": 5999.319766, "clear_result": "success"}}
2026-09-12 22:12:48,419 INFO request {"path": "/clear", "payload": {"arena_id": "default", "robot_id": "202601002029", "request_id": "c04d316ba37a49e69596dedc92b13033", "position": {"x": -582.0769134159218, "y": 62.88701397734815}, "channel": 3}, "attempt": 1}
2026-09-12 22:12:48,421 INFO response {"request_id": "c04d316ba37a49e69596dedc92b13033", "http_status": 200, "body": {"accepted": true, "real_timestamp_ms": 1789222365288, "virtual_time_s": 6125.726574, "clear_result": "success"}}
2026-09-12 22:12:50,306 INFO request {"path": "/measure", "payload": {"arena_id": "default", "robot_id": "202601002029", "request_id": "4090ba57621947f6816e1333eb390d88", "position": {"x": -602.7135939442809, "y": 259.990866636757}, "channel": 20}, "attempt": 1}
2026-09-12 22:12:50,322 INFO response {"request_id": "4090ba57621947f6816e1333eb390d88", "http_status": 200, "body": {"accepted": true, "real_timestamp_ms": 1789222367189, "virtual_time_s": 6171.362821, "measure_result": "direction", "svd_deg": 153.27}}
2026-09-12 22:12:50,333 INFO request {"path": "/clear", "payload": {"arena_id": "default", "robot_id": "202601002029", "request_id": "da07636d87cb4a5cb72bb2cbcc69bfcb", "position": {"x": -1003.5080483537067, "y": 459.22093503007545}, "channel": 20}, "attempt": 1}
2026-09-12 22:12:50,352 INFO response {"request_id": "da07636d87cb4a5cb72bb2cbcc69bfcb", "http_status": 200, "body": {"accepted": true, "real_timestamp_ms": 1789222367219, "virtual_time_s": 6265.879035, "clear_result": "success"}}
2026-09-12 22:12:50,369 INFO request {"path": "/clear", "payload": {"arena_id": "default", "robot_id": "202601002029", "request_id": "b63b1f21443a450b810086e534fae935", "position": {"x": -378.0394202828336, "y": -988.6139062268155}, "channel": 13}, "attempt": 1}
2026-09-12 22:12:50,381 INFO response {"request_id": "b63b1f21443a450b810086e534fae935", "http_status": 200, "body": {"accepted": true, "real_timestamp_ms": 1789222367248, "virtual_time_s": 6586.311229, "clear_result": "success"}}
2026-09-12 22:12:50,396 INFO request {"path": "/clear", "payload": {"arena_id": "default", "robot_id": "202601002029", "request_id": "4d1aae8d10c2419691652d4b5f16b7c1", "position": {"x": -367.83216007693215, "y": -1315.3770135902541}, "channel": 14}, "attempt": 1}
2026-09-12 22:12:50,411 INFO response {"request_id": "4d1aae8d10c2419691652d4b5f16b7c1", "http_status": 200, "body": {"accepted": true, "real_timestamp_ms": 1789222367278, "virtual_time_s": 6656.695728, "clear_result": "success"}}
2026-09-12 22:12:50,427 INFO request {"path": "/clear", "payload": {"arena_id": "default", "robot_id": "202601002029", "request_id": "d54cb867e4a6487ab83d6d37e6597804", "position": {"x": 895.1106142809244, "y": -1182.7573889780483}, "channel": 11}, "attempt": 1}
2026-09-12 22:12:50,441 INFO response {"request_id": "d54cb867e4a6487ab83d6d37e6597804", "http_status": 200, "body": {"accepted": true, "real_timestamp_ms": 1789222367308, "virtual_time_s": 6915.673083, "clear_result": "success"}}
2026-09-12 22:12:50,457 INFO request {"path": "/clear", "payload": {"arena_id": "default", "robot_id": "202601002029", "request_id": "dd1a3ace619f46a6bef2765a57bc76ff", "position": {"x": -434.93997241518105, "y": 1156.1791638537043}, "channel": 19}, "attempt": 1}
2026-09-12 22:12:50,460 INFO response {"request_id": "dd1a3ace619f46a6bef2765a57bc76ff", "http_status": 200, "body": {"accepted": true, "real_timestamp_ms": 1789222367327, "virtual_time_s": 7458.805363, "clear_result": "success"}}
2026-09-12 22:12:50,491 INFO request {"path": "/clear", "payload": {"arena_id": "default", "robot_id": "202601002029", "request_id": "209d6a1f542d4f50bd0fd34de596d6f5", "position": {"x": 454.6681434731713, "y": 1504.317447952547}, "channel": 10}, "attempt": 1}
2026-09-12 22:12:50,494 INFO response {"request_id": "209d6a1f542d4f50bd0fd34de596d6f5", "http_status": 200, "body": {"accepted": true, "real_timestamp_ms": 1789222367361, "virtual_time_s": 7654.865863, "clear_result": "success"}}
2026-09-12 22:12:50,524 INFO request {"path": "/exit", "payload": {"arena_id": "default", "robot_id": "202601002029", "request_id": "5f9fa87c15144f868842a83c060ac5d4"}, "attempt": 1}
2026-09-12 22:12:50,539 INFO response {"request_id": "5f9fa87c15144f868842a83c060ac5d4", "http_status": 200, "body": {"accepted": true, "real_timestamp_ms": 1789222367406, "virtual_time_s": 7654.865863, "exit_reason": "user_exit"}}
