2026-09-13 01:09:15,474 INFO request {"path": "/enter", "payload": {"arena_id": "default", "robot_id": "202601002029", "request_id": "87ddfe7ac988469c99d9268ef9f3f1cc"}, "attempt": 1}
2026-09-13 01:09:15,478 INFO response {"request_id": "87ddfe7ac988469c99d9268ef9f3f1cc", "http_status": 200, "body": {"accepted": true, "real_timestamp_ms": 1789232952408, "virtual_time_s": 0, "max_virtual_duration_s": 360000, "max_real_duration_s": 1200, "remaining_real_duration_s": 1200}}
2026-09-13 01:09:15,503 INFO request {"path": "/measure", "payload": {"arena_id": "default", "robot_id": "202601002029", "request_id": "f25743a5050e465180224536d314c82c", "position": {"x": 0.0, "y": 0.0}, "channel": 1}, "attempt": 1}
2026-09-13 01:09:15,505 INFO response {"request_id": "f25743a5050e465180224536d314c82c", "http_status": 200, "body": {"accepted": true, "real_timestamp_ms": 1789232952435, "virtual_time_s": 5, "measure_result": "no_signal"}}
2026-09-13 01:09:15,536 INFO request {"path": "/measure", "payload": {"arena_id": "default", "robot_id": "202601002029", "request_id": "98cb10a657794774868dff9bd1d6ba96", "position": {"x": 0.0, "y": 0.0}, "channel": 2}, "attempt": 1}
2026-09-13 01:09:15,552 INFO response {"request_id": "98cb10a657794774868dff9bd1d6ba96", "http_status": 200, "body": {"accepted": true, "real_timestamp_ms": 1789232952482, "virtual_time_s": 11, "measure_result": "no_signal"}}
2026-09-13 01:09:15,569 INFO request {"path": "/measure", "payload": {"arena_id": "default", "robot_id": "202601002029", "request_id": "19837358aece4816bc7426f47f1362db", "position": {"x": 0.0, "y": 0.0}, "channel": 3}, "attempt": 1}
2026-09-13 01:09:15,570 INFO response {"request_id": "19837358aece4816bc7426f47f1362db", "http_status": 200, "body": {"accepted": true, "real_timestamp_ms": 1789232952500, "virtual_time_s": 17, "measure_result": "no_signal"}}
2026-09-13 01:09:15,601 INFO request {"path": "/measure", "payload": {"arena_id": "default", "robot_id": "202601002029", "request_id": "caf8dce901d64712bc3f855b113a91b6", "position": {"x": 0.0, "y": 0.0}, "channel": 4}, "attempt": 1}
2026-09-13 01:09:15,603 INFO response {"request_id": "caf8dce901d64712bc3f855b113a91b6", "http_status": 200, "body": {"accepted": true, "real_timestamp_ms": 1789232952533, "virtual_time_s": 23, "measure_result": "no_signal"}}
2026-09-13 01:09:15,634 INFO request {"path": "/measure", "payload": {"arena_id": "default", "robot_id": "202601002029", "request_id": "79e6af3c784a4991a336f4211d1d294a", "position": {"x": 0.0, "y": 0.0}, "channel": 5}, "attempt": 1}
2026-09-13 01:09:15,636 INFO response {"request_id": "79e6af3c784a4991a336f4211d1d294a", "http_status": 200, "body": {"accepted": true, "real_timestamp_ms": 1789232952566, "virtual_time_s": 29, "measure_result": "no_signal"}}
2026-09-13 01:09:15,667 INFO request {"path": "/measure", "payload": {"arena_id": "default", "robot_id": "202601002029", "request_id": "667b45651a3b4368a9f99472d8a2c8da", "position": {"x": 0.0, "y": 0.0}, "channel": 6}, "attempt": 1}
2026-09-13 01:09:15,669 INFO response {"request_id": "667b45651a3b4368a9f99472d8a2c8da", "http_status": 200, "body": {"accepted": true, "real_timestamp_ms": 1789232952599, "virtual_time_s": 35, "measure_result": "direction", "svd_deg": 101.74}}
2026-09-13 01:09:15,693 INFO request {"path": "/measure", "payload": {"arena_id": "default", "robot_id": "202601002029", "request_id": "c5a28d88f7c54ff9a5029db41ed91e46", "position": {"x": 0.0, "y": 0.0}, "channel": 7}, "attempt": 1}
2026-09-13 01:09:15,711 INFO response {"request_id": "c5a28d88f7c54ff9a5029db41ed91e46", "http_status": 200, "body": {"accepted": true, "real_timestamp_ms": 1789232952641, "virtual_time_s": 41, "measure_result": "no_signal"}}
2026-09-13 01:09:15,726 INFO request {"path": "/measure", "payload": {"arena_id": "default", "robot_id": "202601002029", "request_id": "db691e9ae921402596d8cec21a505883", "position": {"x": 0.0, "y": 0.0}, "channel": 8}, "attempt": 1}
2026-09-13 01:09:15,742 INFO response {"request_id": "db691e9ae921402596d8cec21a505883", "http_status": 200, "body": {"accepted": true, "real_timestamp_ms": 1789232952671, "virtual_time_s": 47, "measure_result": "no_signal"}}
2026-09-13 01:09:15,757 INFO request {"path": "/measure", "payload": {"arena_id": "default", "robot_id": "202601002029", "request_id": "5ccfa01ad3134ae4addededc550eb563", "position": {"x": 0.0, "y": 0.0}, "channel": 9}, "attempt": 1}
2026-09-13 01:09:15,771 INFO response {"request_id": "5ccfa01ad3134ae4addededc550eb563", "http_status": 200, "body": {"accepted": true, "real_timestamp_ms": 1789232952701, "virtual_time_s": 53, "measure_result": "no_signal"}}
2026-09-13 01:09:15,786 INFO request {"path": "/measure", "payload": {"arena_id": "default", "robot_id": "202601002029", "request_id": "5fee4fc436514e6d810cd37a9445c6b6", "position": {"x": 0.0, "y": 0.0}, "channel": 10}, "attempt": 1}
2026-09-13 01:09:15,787 INFO response {"request_id": "5fee4fc436514e6d810cd37a9445c6b6", "http_status": 200, "body": {"accepted": true, "real_timestamp_ms": 1789232952718, "virtual_time_s": 59, "measure_result": "no_signal"}}
2026-09-13 01:09:15,818 INFO request {"path": "/measure", "payload": {"arena_id": "default", "robot_id": "202601002029", "request_id": "8604ca6240844037b9ff6c50f6545bb2", "position": {"x": 0.0, "y": 0.0}, "channel": 11}, "attempt": 1}
2026-09-13 01:09:15,841 INFO response {"request_id": "8604ca6240844037b9ff6c50f6545bb2", "http_status": 200, "body": {"accepted": true, "real_timestamp_ms": 1789232952771, "virtual_time_s": 65, "measure_result": "direction", "svd_deg": 238.48}}
2026-09-13 01:09:15,859 INFO request {"path": "/measure", "payload": {"arena_id": "default", "robot_id": "202601002029", "request_id": "32465512c0844cd2a72552ef5cde54f3", "position": {"x": 0.0, "y": 0.0}, "channel": 12}, "attempt": 1}
2026-09-13 01:09:15,878 INFO response {"request_id": "32465512c0844cd2a72552ef5cde54f3", "http_status": 200, "body": {"accepted": true, "real_timestamp_ms": 1789232952808, "virtual_time_s": 71, "measure_result": "direction", "svd_deg": 148.98}}
2026-09-13 01:09:15,880 INFO request {"path": "/measure", "payload": {"arena_id": "default", "robot_id": "202601002029", "request_id": "7607c39f49824039a1efafe1c7105a3f", "position": {"x": 0.0, "y": 0.0}, "channel": 13}, "attempt": 1}
2026-09-13 01:09:15,898 INFO response {"request_id": "7607c39f49824039a1efafe1c7105a3f", "http_status": 200, "body": {"accepted": true, "real_timestamp_ms": 1789232952829, "virtual_time_s": 77, "measure_result": "direction", "svd_deg": 133.94}}
2026-09-13 01:09:15,916 INFO request {"path": "/measure", "payload": {"arena_id": "default", "robot_id": "202601002029", "request_id": "c72a8c76831842f8a816dc97482c0f65", "position": {"x": 0.0, "y": 0.0}, "channel": 14}, "attempt": 1}
2026-09-13 01:09:15,928 INFO response {"request_id": "c72a8c76831842f8a816dc97482c0f65", "http_status": 200, "body": {"accepted": true, "real_timestamp_ms": 1789232952858, "virtual_time_s": 83, "measure_result": "direction", "svd_deg": 224.8}}
2026-09-13 01:09:15,945 INFO request {"path": "/measure", "payload": {"arena_id": "default", "robot_id": "202601002029", "request_id": "51125208285944af9ac47620d7174f99", "position": {"x": 0.0, "y": 0.0}, "channel": 15}, "attempt": 1}
2026-09-13 01:09:15,946 INFO response {"request_id": "51125208285944af9ac47620d7174f99", "http_status": 200, "body": {"accepted": true, "real_timestamp_ms": 1789232952876, "virtual_time_s": 89, "measure_result": "direction", "svd_deg": 14.72}}
2026-09-13 01:09:15,978 INFO request {"path": "/measure", "payload": {"arena_id": "default", "robot_id": "202601002029", "request_id": "b97887d00eee4786a22b31a91667b375", "position": {"x": 0.0, "y": 0.0}, "channel": 16}, "attempt": 1}
2026-09-13 01:09:15,979 INFO response {"request_id": "b97887d00eee4786a22b31a91667b375", "http_status": 200, "body": {"accepted": true, "real_timestamp_ms": 1789232952910, "virtual_time_s": 95, "measure_result": "direction", "svd_deg": 30.83}}
2026-09-13 01:09:16,012 INFO request {"path": "/measure", "payload": {"arena_id": "default", "robot_id": "202601002029", "request_id": "786a0abc84354490853f3e4fffba554e", "position": {"x": 0.0, "y": 0.0}, "channel": 17}, "attempt": 1}
2026-09-13 01:09:16,013 INFO response {"request_id": "786a0abc84354490853f3e4fffba554e", "http_status": 200, "body": {"accepted": true, "real_timestamp_ms": 1789232952943, "virtual_time_s": 101, "measure_result": "direction", "svd_deg": 261.36}}
2026-09-13 01:09:16,046 INFO request {"path": "/measure", "payload": {"arena_id": "default", "robot_id": "202601002029", "request_id": "a883aff1ac054fb48a57ed5cdd352353", "position": {"x": 0.0, "y": 0.0}, "channel": 18}, "attempt": 1}
2026-09-13 01:09:16,047 INFO response {"request_id": "a883aff1ac054fb48a57ed5cdd352353", "http_status": 200, "body": {"accepted": true, "real_timestamp_ms": 1789232952977, "virtual_time_s": 107, "measure_result": "no_signal"}}
2026-09-13 01:09:16,078 INFO request {"path": "/measure", "payload": {"arena_id": "default", "robot_id": "202601002029", "request_id": "40fa25f8e9b249bb8e6a7be336ea8495", "position": {"x": 0.0, "y": 0.0}, "channel": 19}, "attempt": 1}
2026-09-13 01:09:16,079 INFO response {"request_id": "40fa25f8e9b249bb8e6a7be336ea8495", "http_status": 200, "body": {"accepted": true, "real_timestamp_ms": 1789232953009, "virtual_time_s": 113, "measure_result": "no_signal"}}
2026-09-13 01:09:16,110 INFO request {"path": "/measure", "payload": {"arena_id": "default", "robot_id": "202601002029", "request_id": "8b2b22f9e20440c8a10a60c662fbf715", "position": {"x": 0.0, "y": 0.0}, "channel": 20}, "attempt": 1}
2026-09-13 01:09:16,111 INFO response {"request_id": "8b2b22f9e20440c8a10a60c662fbf715", "http_status": 200, "body": {"accepted": true, "real_timestamp_ms": 1789232953041, "virtual_time_s": 119, "measure_result": "direction", "svd_deg": 197.87}}
2026-09-13 01:09:16,672 INFO request {"path": "/measure", "payload": {"arena_id": "default", "robot_id": "202601002029", "request_id": "44d28f4a84594ee6add68c6310310450", "position": {"x": 802.6270275583847, "y": -463.39693041970315}, "channel": 1}, "attempt": 1}
2026-09-13 01:09:16,685 INFO response {"request_id": "44d28f4a84594ee6add68c6310310450", "http_status": 200, "body": {"accepted": true, "real_timestamp_ms": 1789232953615, "virtual_time_s": 310.358772, "measure_result": "no_signal"}}
2026-09-13 01:09:16,700 INFO request {"path": "/measure", "payload": {"arena_id": "default", "robot_id": "202601002029", "request_id": "5753b109770b45a9ab3a7b6728d2fe16", "position": {"x": 802.6270275583847, "y": -463.39693041970315}, "channel": 2}, "attempt": 1}
2026-09-13 01:09:16,714 INFO response {"request_id": "5753b109770b45a9ab3a7b6728d2fe16", "http_status": 200, "body": {"accepted": true, "real_timestamp_ms": 1789232953645, "virtual_time_s": 316.358772, "measure_result": "no_signal"}}
2026-09-13 01:09:16,729 INFO request {"path": "/measure", "payload": {"arena_id": "default", "robot_id": "202601002029", "request_id": "fada1f70e36e4474994c620bb5d754ba", "position": {"x": 802.6270275583847, "y": -463.39693041970315}, "channel": 3}, "attempt": 1}
2026-09-13 01:09:16,744 INFO response {"request_id": "fada1f70e36e4474994c620bb5d754ba", "http_status": 200, "body": {"accepted": true, "real_timestamp_ms": 1789232953674, "virtual_time_s": 322.358772, "measure_result": "no_signal"}}
2026-09-13 01:09:16,759 INFO request {"path": "/measure", "payload": {"arena_id": "default", "robot_id": "202601002029", "request_id": "5ac520b92d4c45309c2e9451c0b1de46", "position": {"x": 802.6270275583847, "y": -463.39693041970315}, "channel": 4}, "attempt": 1}
2026-09-13 01:09:16,773 INFO response {"request_id": "5ac520b92d4c45309c2e9451c0b1de46", "http_status": 200, "body": {"accepted": true, "real_timestamp_ms": 1789232953703, "virtual_time_s": 328.358772, "measure_result": "no_signal"}}
2026-09-13 01:09:16,789 INFO request {"path": "/measure", "payload": {"arena_id": "default", "robot_id": "202601002029", "request_id": "3ca969b1d10d4128aaae8e48de1264aa", "position": {"x": 802.6270275583847, "y": -463.39693041970315}, "channel": 5}, "attempt": 1}
2026-09-13 01:09:16,790 INFO response {"request_id": "3ca969b1d10d4128aaae8e48de1264aa", "http_status": 200, "body": {"accepted": true, "real_timestamp_ms": 1789232953720, "virtual_time_s": 334.358772, "measure_result": "no_signal"}}
2026-09-13 01:09:16,821 INFO request {"path": "/measure", "payload": {"arena_id": "default", "robot_id": "202601002029", "request_id": "0c5b8563d02f49f1ab8390a81d9935b2", "position": {"x": 802.6270275583847, "y": -463.39693041970315}, "channel": 7}, "attempt": 1}
2026-09-13 01:09:16,842 INFO response {"request_id": "0c5b8563d02f49f1ab8390a81d9935b2", "http_status": 200, "body": {"accepted": true, "real_timestamp_ms": 1789232953772, "virtual_time_s": 340.358772, "measure_result": "no_signal"}}
2026-09-13 01:09:16,856 INFO request {"path": "/measure", "payload": {"arena_id": "default", "robot_id": "202601002029", "request_id": "1825cb4ff8f0443f8dbe5c8f1017d631", "position": {"x": 802.6270275583847, "y": -463.39693041970315}, "channel": 8}, "attempt": 1}
2026-09-13 01:09:16,871 INFO response {"request_id": "1825cb4ff8f0443f8dbe5c8f1017d631", "http_status": 200, "body": {"accepted": true, "real_timestamp_ms": 1789232953802, "virtual_time_s": 346.358772, "measure_result": "no_signal"}}
2026-09-13 01:09:16,886 INFO request {"path": "/measure", "payload": {"arena_id": "default", "robot_id": "202601002029", "request_id": "e47e6344f1684fea8d3f1c181c847692", "position": {"x": 802.6270275583847, "y": -463.39693041970315}, "channel": 9}, "attempt": 1}
2026-09-13 01:09:16,901 INFO response {"request_id": "e47e6344f1684fea8d3f1c181c847692", "http_status": 200, "body": {"accepted": true, "real_timestamp_ms": 1789232953831, "virtual_time_s": 352.358772, "measure_result": "no_signal"}}
2026-09-13 01:09:16,917 INFO request {"path": "/measure", "payload": {"arena_id": "default", "robot_id": "202601002029", "request_id": "2454d8bfad934934b87fdd19b211ed61", "position": {"x": 802.6270275583847, "y": -463.39693041970315}, "channel": 10}, "attempt": 1}
2026-09-13 01:09:16,932 INFO response {"request_id": "2454d8bfad934934b87fdd19b211ed61", "http_status": 200, "body": {"accepted": true, "real_timestamp_ms": 1789232953862, "virtual_time_s": 358.358772, "measure_result": "no_signal"}}
2026-09-13 01:09:16,947 INFO request {"path": "/measure", "payload": {"arena_id": "default", "robot_id": "202601002029", "request_id": "05e206839e564d4b83897a26bf460312", "position": {"x": 802.6270275583847, "y": -463.39693041970315}, "channel": 18}, "attempt": 1}
2026-09-13 01:09:16,962 INFO response {"request_id": "05e206839e564d4b83897a26bf460312", "http_status": 200, "body": {"accepted": true, "real_timestamp_ms": 1789232953892, "virtual_time_s": 364.358772, "measure_result": "direction", "svd_deg": 9.62}}
2026-09-13 01:09:16,983 INFO request {"path": "/measure", "payload": {"arena_id": "default", "robot_id": "202601002029", "request_id": "3e978e3fef214be2917c3ac4a26d084e", "position": {"x": 802.6270275583847, "y": -463.39693041970315}, "channel": 19}, "attempt": 1}
2026-09-13 01:09:17,000 INFO response {"request_id": "3e978e3fef214be2917c3ac4a26d084e", "http_status": 200, "body": {"accepted": true, "real_timestamp_ms": 1789232953931, "virtual_time_s": 370.358772, "measure_result": "no_signal"}}
2026-09-13 01:09:17,068 INFO request {"path": "/measure", "payload": {"arena_id": "default", "robot_id": "202601002029", "request_id": "6ab8524db5634c78a73bede2fefca0ad", "position": {"x": 802.6270275583847, "y": -463.39693041970315}, "channel": 16}, "attempt": 1}
2026-09-13 01:09:17,079 INFO response {"request_id": "6ab8524db5634c78a73bede2fefca0ad", "http_status": 200, "body": {"accepted": true, "real_timestamp_ms": 1789232954010, "virtual_time_s": 376.358772, "measure_result": "direction", "svd_deg": 81.12}}
2026-09-13 01:09:17,097 INFO request {"path": "/measure", "payload": {"arena_id": "default", "robot_id": "202601002029", "request_id": "74da53a6315d4377baa55cf8c7aa8b8a", "position": {"x": 802.6270275583847, "y": -463.39693041970315}, "channel": 15}, "attempt": 1}
2026-09-13 01:09:17,108 INFO response {"request_id": "74da53a6315d4377baa55cf8c7aa8b8a", "http_status": 200, "body": {"accepted": true, "real_timestamp_ms": 1789232954039, "virtual_time_s": 382.358772, "measure_result": "direction", "svd_deg": 63.44}}
2026-09-13 01:09:17,127 INFO request {"path": "/measure", "payload": {"arena_id": "default", "robot_id": "202601002029", "request_id": "b5a11a6fdacc4df8a09bfda61661849a", "position": {"x": 802.6270275583847, "y": -463.39693041970315}, "channel": 17}, "attempt": 1}
2026-09-13 01:09:17,138 INFO response {"request_id": "b5a11a6fdacc4df8a09bfda61661849a", "http_status": 200, "body": {"accepted": true, "real_timestamp_ms": 1789232954068, "virtual_time_s": 388.358772, "measure_result": "direction", "svd_deg": 199.91}}
2026-09-13 01:09:17,746 INFO request {"path": "/measure", "payload": {"arena_id": "default", "robot_id": "202601002029", "request_id": "3aadca2594aa41f8a26e0ce6d288ecf2", "position": {"x": 926.7938608394055, "y": 0.0}, "channel": 1}, "attempt": 1}
2026-09-13 01:09:17,761 INFO response {"request_id": "3aadca2594aa41f8a26e0ce6d288ecf2", "http_status": 200, "body": {"accepted": true, "real_timestamp_ms": 1789232954691, "virtual_time_s": 490.307533, "measure_result": "no_signal"}}
2026-09-13 01:09:17,776 INFO request {"path": "/measure", "payload": {"arena_id": "default", "robot_id": "202601002029", "request_id": "22ae120a90804e279d518cb4d75402b3", "position": {"x": 926.7938608394055, "y": 0.0}, "channel": 2}, "attempt": 1}
2026-09-13 01:09:17,777 INFO response {"request_id": "22ae120a90804e279d518cb4d75402b3", "http_status": 200, "body": {"accepted": true, "real_timestamp_ms": 1789232954707, "virtual_time_s": 496.307533, "measure_result": "no_signal"}}
2026-09-13 01:09:17,808 INFO request {"path": "/measure", "payload": {"arena_id": "default", "robot_id": "202601002029", "request_id": "d6d82ad52361426fae28bd292e98e51d", "position": {"x": 926.7938608394055, "y": 0.0}, "channel": 3}, "attempt": 1}
2026-09-13 01:09:17,820 INFO response {"request_id": "d6d82ad52361426fae28bd292e98e51d", "http_status": 200, "body": {"accepted": true, "real_timestamp_ms": 1789232954750, "virtual_time_s": 502.307533, "measure_result": "direction", "svd_deg": 73.26}}
2026-09-13 01:09:17,837 INFO request {"path": "/measure", "payload": {"arena_id": "default", "robot_id": "202601002029", "request_id": "5324df029d274c51bb1c8c133f47fe6c", "position": {"x": 926.7938608394055, "y": 0.0}, "channel": 4}, "attempt": 1}
2026-09-13 01:09:17,840 INFO response {"request_id": "5324df029d274c51bb1c8c133f47fe6c", "http_status": 200, "body": {"accepted": true, "real_timestamp_ms": 1789232954769, "virtual_time_s": 508.307533, "measure_result": "no_signal"}}
2026-09-13 01:09:17,871 INFO request {"path": "/measure", "payload": {"arena_id": "default", "robot_id": "202601002029", "request_id": "00040e2700474fe38a5532ee9a6c8be5", "position": {"x": 926.7938608394055, "y": 0.0}, "channel": 5}, "attempt": 1}
2026-09-13 01:09:17,873 INFO response {"request_id": "00040e2700474fe38a5532ee9a6c8be5", "http_status": 200, "body": {"accepted": true, "real_timestamp_ms": 1789232954803, "virtual_time_s": 514.307533, "measure_result": "no_signal"}}
2026-09-13 01:09:17,904 INFO request {"path": "/measure", "payload": {"arena_id": "default", "robot_id": "202601002029", "request_id": "7c50006181c64b85aa2c162ddce4f4c5", "position": {"x": 926.7938608394055, "y": 0.0}, "channel": 7}, "attempt": 1}
2026-09-13 01:09:17,906 INFO response {"request_id": "7c50006181c64b85aa2c162ddce4f4c5", "http_status": 200, "body": {"accepted": true, "real_timestamp_ms": 1789232954836, "virtual_time_s": 520.307533, "measure_result": "no_signal"}}
2026-09-13 01:09:17,938 INFO request {"path": "/measure", "payload": {"arena_id": "default", "robot_id": "202601002029", "request_id": "798896c92a514455a5976b31f79bf960", "position": {"x": 926.7938608394055, "y": 0.0}, "channel": 8}, "attempt": 1}
2026-09-13 01:09:17,939 INFO response {"request_id": "798896c92a514455a5976b31f79bf960", "http_status": 200, "body": {"accepted": true, "real_timestamp_ms": 1789232954869, "virtual_time_s": 526.307533, "measure_result": "no_signal"}}
2026-09-13 01:09:17,970 INFO request {"path": "/measure", "payload": {"arena_id": "default", "robot_id": "202601002029", "request_id": "e8bb5089123a4d179ae962ad5475873f", "position": {"x": 926.7938608394055, "y": 0.0}, "channel": 9}, "attempt": 1}
2026-09-13 01:09:17,988 INFO response {"request_id": "e8bb5089123a4d179ae962ad5475873f", "http_status": 200, "body": {"accepted": true, "real_timestamp_ms": 1789232954917, "virtual_time_s": 532.307533, "measure_result": "no_signal"}}
2026-09-13 01:09:17,988 INFO request {"path": "/measure", "payload": {"arena_id": "default", "robot_id": "202601002029", "request_id": "0c1ae09da1cd41fdbb28f7752c0e729b", "position": {"x": 926.7938608394055, "y": 0.0}, "channel": 10}, "attempt": 1}
2026-09-13 01:09:18,006 INFO response {"request_id": "0c1ae09da1cd41fdbb28f7752c0e729b", "http_status": 200, "body": {"accepted": true, "real_timestamp_ms": 1789232954936, "virtual_time_s": 538.307533, "measure_result": "no_signal"}}
2026-09-13 01:09:18,021 INFO request {"path": "/measure", "payload": {"arena_id": "default", "robot_id": "202601002029", "request_id": "8e57d86cef534b38ac5abe8759870927", "position": {"x": 926.7938608394055, "y": 0.0}, "channel": 19}, "attempt": 1}
2026-09-13 01:09:18,035 INFO response {"request_id": "8e57d86cef534b38ac5abe8759870927", "http_status": 200, "body": {"accepted": true, "real_timestamp_ms": 1789232954966, "virtual_time_s": 544.307533, "measure_result": "no_signal"}}
2026-09-13 01:09:18,127 INFO request {"path": "/measure", "payload": {"arena_id": "default", "robot_id": "202601002029", "request_id": "b106932448f34448b437f00437f9ff8c", "position": {"x": 926.7938608394055, "y": 0.0}, "channel": 18}, "attempt": 1}
2026-09-13 01:09:18,129 INFO response {"request_id": "b106932448f34448b437f00437f9ff8c", "http_status": 200, "body": {"accepted": true, "real_timestamp_ms": 1789232955060, "virtual_time_s": 550.307533, "measure_result": "direction", "svd_deg": 339.07}}
2026-09-13 01:09:18,146 INFO request {"path": "/measure", "payload": {"arena_id": "default", "robot_id": "202601002029", "request_id": "e6a54ae2fd1c4a56968ecdf9fe0bc300", "position": {"x": 926.7938608394055, "y": 0.0}, "channel": 16}, "attempt": 1}
2026-09-13 01:09:18,147 INFO response {"request_id": "e6a54ae2fd1c4a56968ecdf9fe0bc300", "http_status": 200, "body": {"accepted": true, "real_timestamp_ms": 1789232955077, "virtual_time_s": 556.307533, "measure_result": "direction", "svd_deg": 86.84}}
2026-09-13 01:09:18,736 INFO request {"path": "/measure", "payload": {"arena_id": "default", "robot_id": "202601002029", "request_id": "83916047c6dd4aca82440c8ebd7f6064", "position": {"x": 802.6270275583851, "y": 463.3969304197027}, "channel": 1}, "attempt": 1}
2026-09-13 01:09:18,736 INFO response {"request_id": "83916047c6dd4aca82440c8ebd7f6064", "http_status": 200, "body": {"accepted": true, "real_timestamp_ms": 1789232955667, "virtual_time_s": 658.256294, "measure_result": "no_signal"}}
2026-09-13 01:09:18,767 INFO request {"path": "/measure", "payload": {"arena_id": "default", "robot_id": "202601002029", "request_id": "81d97c331f314de487a12a8eea67044f", "position": {"x": 802.6270275583851, "y": 463.3969304197027}, "channel": 2}, "attempt": 1}
2026-09-13 01:09:18,783 INFO response {"request_id": "81d97c331f314de487a12a8eea67044f", "http_status": 200, "body": {"accepted": true, "real_timestamp_ms": 1789232955713, "virtual_time_s": 664.256294, "measure_result": "no_signal"}}
2026-09-13 01:09:18,799 INFO request {"path": "/measure", "payload": {"arena_id": "default", "robot_id": "202601002029", "request_id": "545cd7fe4dd44d71ac305453fa23c941", "position": {"x": 802.6270275583851, "y": 463.3969304197027}, "channel": 4}, "attempt": 1}
2026-09-13 01:09:18,812 INFO response {"request_id": "545cd7fe4dd44d71ac305453fa23c941", "http_status": 200, "body": {"accepted": true, "real_timestamp_ms": 1789232955742, "virtual_time_s": 670.256294, "measure_result": "direction", "svd_deg": 119.45}}
2026-09-13 01:09:18,828 INFO request {"path": "/measure", "payload": {"arena_id": "default", "robot_id": "202601002029", "request_id": "b9303b4f9eca417ea1bc14372ba7b3c5", "position": {"x": 802.6270275583851, "y": 463.3969304197027}, "channel": 5}, "attempt": 1}
2026-09-13 01:09:18,842 INFO response {"request_id": "b9303b4f9eca417ea1bc14372ba7b3c5", "http_status": 200, "body": {"accepted": true, "real_timestamp_ms": 1789232955772, "virtual_time_s": 676.256294, "measure_result": "no_signal"}}
2026-09-13 01:09:18,856 INFO request {"path": "/measure", "payload": {"arena_id": "default", "robot_id": "202601002029", "request_id": "453d27df45db450c879659a45d3d1511", "position": {"x": 802.6270275583851, "y": 463.3969304197027}, "channel": 7}, "attempt": 1}
2026-09-13 01:09:18,858 INFO response {"request_id": "453d27df45db450c879659a45d3d1511", "http_status": 200, "body": {"accepted": true, "real_timestamp_ms": 1789232955788, "virtual_time_s": 682.256294, "measure_result": "no_signal"}}
2026-09-13 01:09:18,888 INFO request {"path": "/measure", "payload": {"arena_id": "default", "robot_id": "202601002029", "request_id": "3da49426dee149b4b134c9e01aa8962c", "position": {"x": 802.6270275583851, "y": 463.3969304197027}, "channel": 8}, "attempt": 1}
2026-09-13 01:09:18,889 INFO response {"request_id": "3da49426dee149b4b134c9e01aa8962c", "http_status": 200, "body": {"accepted": true, "real_timestamp_ms": 1789232955820, "virtual_time_s": 688.256294, "measure_result": "no_signal"}}
2026-09-13 01:09:18,920 INFO request {"path": "/measure", "payload": {"arena_id": "default", "robot_id": "202601002029", "request_id": "188d95829f2347f59623354b9893a8a3", "position": {"x": 802.6270275583851, "y": 463.3969304197027}, "channel": 9}, "attempt": 1}
2026-09-13 01:09:18,921 INFO response {"request_id": "188d95829f2347f59623354b9893a8a3", "http_status": 200, "body": {"accepted": true, "real_timestamp_ms": 1789232955851, "virtual_time_s": 694.256294, "measure_result": "no_signal"}}
2026-09-13 01:09:18,952 INFO request {"path": "/measure", "payload": {"arena_id": "default", "robot_id": "202601002029", "request_id": "c8fd822a9306407ea3ce7f5be61b58df", "position": {"x": 802.6270275583851, "y": 463.3969304197027}, "channel": 10}, "attempt": 1}
2026-09-13 01:09:18,968 INFO response {"request_id": "c8fd822a9306407ea3ce7f5be61b58df", "http_status": 200, "body": {"accepted": true, "real_timestamp_ms": 1789232955898, "virtual_time_s": 700.256294, "measure_result": "no_signal"}}
2026-09-13 01:09:18,983 INFO request {"path": "/measure", "payload": {"arena_id": "default", "robot_id": "202601002029", "request_id": "d23d2ec3d35d4d2d91959002ec331367", "position": {"x": 802.6270275583851, "y": 463.3969304197027}, "channel": 19}, "attempt": 1}
2026-09-13 01:09:18,997 INFO response {"request_id": "d23d2ec3d35d4d2d91959002ec331367", "http_status": 200, "body": {"accepted": true, "real_timestamp_ms": 1789232955928, "virtual_time_s": 706.256294, "measure_result": "direction", "svd_deg": 127.46}}
2026-09-13 01:09:19,110 INFO request {"path": "/measure", "payload": {"arena_id": "default", "robot_id": "202601002029", "request_id": "e2f8e530bd24410b961bd4e693f43145", "position": {"x": 802.6270275583851, "y": 463.3969304197027}, "channel": 16}, "attempt": 1}
2026-09-13 01:09:19,111 INFO response {"request_id": "e2f8e530bd24410b961bd4e693f43145", "http_status": 200, "body": {"accepted": true, "real_timestamp_ms": 1789232956041, "virtual_time_s": 712.256294, "measure_result": "direction", "svd_deg": 37.02}}
2026-09-13 01:09:19,129 INFO request {"path": "/measure", "payload": {"arena_id": "default", "robot_id": "202601002029", "request_id": "3a4cde0b7c3542979190dcad41ddb45a", "position": {"x": 802.6270275583851, "y": 463.3969304197027}, "channel": 15}, "attempt": 1}
2026-09-13 01:09:19,131 INFO response {"request_id": "3a4cde0b7c3542979190dcad41ddb45a", "http_status": 200, "body": {"accepted": true, "real_timestamp_ms": 1789232956061, "virtual_time_s": 718.256294, "measure_result": "direction", "svd_deg": 341.41}}
2026-09-13 01:09:19,164 INFO request {"path": "/measure", "payload": {"arena_id": "default", "robot_id": "202601002029", "request_id": "b1aef1e19d6e44f6a83e0b10869fee3d", "position": {"x": 802.6270275583851, "y": 463.3969304197027}, "channel": 3}, "attempt": 1}
2026-09-13 01:09:19,166 INFO response {"request_id": "b1aef1e19d6e44f6a83e0b10869fee3d", "http_status": 200, "body": {"accepted": true, "real_timestamp_ms": 1789232956096, "virtual_time_s": 724.256294, "measure_result": "direction", "svd_deg": 45.68}}
2026-09-13 01:09:20,349 INFO request {"path": "/measure", "payload": {"arena_id": "default", "robot_id": "202601002029", "request_id": "a173e281e0dd4b1b935c2adea6989cbe", "position": {"x": 463.39693041970287, "y": 802.627027558385}, "channel": 1}, "attempt": 1}
2026-09-13 01:09:20,350 INFO response {"request_id": "a173e281e0dd4b1b935c2adea6989cbe", "http_status": 200, "body": {"accepted": true, "real_timestamp_ms": 1789232957280, "virtual_time_s": 826.205055, "measure_result": "no_signal"}}
2026-09-13 01:09:20,380 INFO request {"path": "/measure", "payload": {"arena_id": "default", "robot_id": "202601002029", "request_id": "97b8cb66437f42bd97e78b47cfefc10a", "position": {"x": 463.39693041970287, "y": 802.627027558385}, "channel": 2}, "attempt": 1}
2026-09-13 01:09:20,393 INFO response {"request_id": "97b8cb66437f42bd97e78b47cfefc10a", "http_status": 200, "body": {"accepted": true, "real_timestamp_ms": 1789232957323, "virtual_time_s": 832.205055, "measure_result": "no_signal"}}
2026-09-13 01:09:20,424 INFO request {"path": "/measure", "payload": {"arena_id": "default", "robot_id": "202601002029", "request_id": "314b7d33f04049d1b87721d900b1302f", "position": {"x": 463.39693041970287, "y": 802.627027558385}, "channel": 5}, "attempt": 1}
2026-09-13 01:09:20,443 INFO response {"request_id": "314b7d33f04049d1b87721d900b1302f", "http_status": 200, "body": {"accepted": true, "real_timestamp_ms": 1789232957373, "virtual_time_s": 838.205055, "measure_result": "no_signal"}}
2026-09-13 01:09:20,443 INFO request {"path": "/measure", "payload": {"arena_id": "default", "robot_id": "202601002029", "request_id": "a28e92ea25304079bd4796b5c3010cc1", "position": {"x": 463.39693041970287, "y": 802.627027558385}, "channel": 7}, "attempt": 1}
2026-09-13 01:09:20,444 INFO response {"request_id": "a28e92ea25304079bd4796b5c3010cc1", "http_status": 200, "body": {"accepted": true, "real_timestamp_ms": 1789232957375, "virtual_time_s": 844.205055, "measure_result": "no_signal"}}
2026-09-13 01:09:20,475 INFO request {"path": "/measure", "payload": {"arena_id": "default", "robot_id": "202601002029", "request_id": "332eb006c2f04417913a17f1ba993776", "position": {"x": 463.39693041970287, "y": 802.627027558385}, "channel": 8}, "attempt": 1}
2026-09-13 01:09:20,477 INFO response {"request_id": "332eb006c2f04417913a17f1ba993776", "http_status": 200, "body": {"accepted": true, "real_timestamp_ms": 1789232957407, "virtual_time_s": 850.205055, "measure_result": "no_signal"}}
2026-09-13 01:09:20,508 INFO request {"path": "/measure", "payload": {"arena_id": "default", "robot_id": "202601002029", "request_id": "ac4c9ad8a9a24ed080f37501bbbcd095", "position": {"x": 463.39693041970287, "y": 802.627027558385}, "channel": 9}, "attempt": 1}
2026-09-13 01:09:20,521 INFO response {"request_id": "ac4c9ad8a9a24ed080f37501bbbcd095", "http_status": 200, "body": {"accepted": true, "real_timestamp_ms": 1789232957451, "virtual_time_s": 856.205055, "measure_result": "no_signal"}}
2026-09-13 01:09:20,537 INFO request {"path": "/measure", "payload": {"arena_id": "default", "robot_id": "202601002029", "request_id": "2100eb08e1b4410294629071abe7c64d", "position": {"x": 463.39693041970287, "y": 802.627027558385}, "channel": 10}, "attempt": 1}
2026-09-13 01:09:20,540 INFO response {"request_id": "2100eb08e1b4410294629071abe7c64d", "http_status": 200, "body": {"accepted": true, "real_timestamp_ms": 1789232957470, "virtual_time_s": 862.205055, "measure_result": "no_signal"}}
2026-09-13 01:09:20,658 INFO request {"path": "/measure", "payload": {"arena_id": "default", "robot_id": "202601002029", "request_id": "510f91e226484d0aabce7a97bfc565c9", "position": {"x": 463.39693041970287, "y": 802.627027558385}, "channel": 6}, "attempt": 1}
2026-09-13 01:09:20,659 INFO response {"request_id": "510f91e226484d0aabce7a97bfc565c9", "http_status": 200, "body": {"accepted": true, "real_timestamp_ms": 1789232957589, "virtual_time_s": 868.205055, "measure_result": "direction", "svd_deg": 174.88}}
2026-09-13 01:09:20,676 INFO request {"path": "/measure", "payload": {"arena_id": "default", "robot_id": "202601002029", "request_id": "d5a6a0f287ca4dc3ae9d9dd451eabdd5", "position": {"x": 463.39693041970287, "y": 802.627027558385}, "channel": 13}, "attempt": 1}
2026-09-13 01:09:20,678 INFO response {"request_id": "d5a6a0f287ca4dc3ae9d9dd451eabdd5", "http_status": 200, "body": {"accepted": true, "real_timestamp_ms": 1789232957608, "virtual_time_s": 874.205055, "measure_result": "no_signal"}}
2026-09-13 01:09:20,708 INFO request {"path": "/measure", "payload": {"arena_id": "default", "robot_id": "202601002029", "request_id": "8e477544874f44b98c4dcec89de21dc6", "position": {"x": 463.39693041970287, "y": 802.627027558385}, "channel": 4}, "attempt": 1}
2026-09-13 01:09:20,710 INFO response {"request_id": "8e477544874f44b98c4dcec89de21dc6", "http_status": 200, "body": {"accepted": true, "real_timestamp_ms": 1789232957641, "virtual_time_s": 880.205055, "measure_result": "direction", "svd_deg": 108.8}}
2026-09-13 01:09:21,907 INFO request {"path": "/measure", "payload": {"arena_id": "default", "robot_id": "202601002029", "request_id": "0d0ee661c5f041d989b6cfaca06e11eb", "position": {"x": 5.674975675731977e-14, "y": 926.7938608394055}, "channel": 1}, "attempt": 1}
2026-09-13 01:09:21,924 INFO response {"request_id": "0d0ee661c5f041d989b6cfaca06e11eb", "http_status": 200, "body": {"accepted": true, "real_timestamp_ms": 1789232958854, "virtual_time_s": 982.153816, "measure_result": "no_signal"}}
2026-09-13 01:09:21,939 INFO request {"path": "/measure", "payload": {"arena_id": "default", "robot_id": "202601002029", "request_id": "e94c6288297a4baeb1fea4053e54554a", "position": {"x": 5.674975675731977e-14, "y": 926.7938608394055}, "channel": 2}, "attempt": 1}
2026-09-13 01:09:21,954 INFO response {"request_id": "e94c6288297a4baeb1fea4053e54554a", "http_status": 200, "body": {"accepted": true, "real_timestamp_ms": 1789232958884, "virtual_time_s": 988.153816, "measure_result": "no_signal"}}
2026-09-13 01:09:21,970 INFO request {"path": "/measure", "payload": {"arena_id": "default", "robot_id": "202601002029", "request_id": "17a9706b0bfc4a829fd58c6fbcda4510", "position": {"x": 5.674975675731977e-14, "y": 926.7938608394055}, "channel": 5}, "attempt": 1}
2026-09-13 01:09:21,972 INFO response {"request_id": "17a9706b0bfc4a829fd58c6fbcda4510", "http_status": 200, "body": {"accepted": true, "real_timestamp_ms": 1789232958902, "virtual_time_s": 994.153816, "measure_result": "no_signal"}}
2026-09-13 01:09:21,988 INFO request {"path": "/measure", "payload": {"arena_id": "default", "robot_id": "202601002029", "request_id": "89e3e700093545c5ba196877b3cdf471", "position": {"x": 5.674975675731977e-14, "y": 926.7938608394055}, "channel": 7}, "attempt": 1}
2026-09-13 01:09:22,005 INFO response {"request_id": "89e3e700093545c5ba196877b3cdf471", "http_status": 200, "body": {"accepted": true, "real_timestamp_ms": 1789232958936, "virtual_time_s": 1000.153816, "measure_result": "no_signal"}}
2026-09-13 01:09:22,021 INFO request {"path": "/measure", "payload": {"arena_id": "default", "robot_id": "202601002029", "request_id": "23a843cf09684a8f8356023cf8f5da7d", "position": {"x": 5.674975675731977e-14, "y": 926.7938608394055}, "channel": 8}, "attempt": 1}
2026-09-13 01:09:22,024 INFO response {"request_id": "23a843cf09684a8f8356023cf8f5da7d", "http_status": 200, "body": {"accepted": true, "real_timestamp_ms": 1789232958953, "virtual_time_s": 1006.153816, "measure_result": "no_signal"}}
2026-09-13 01:09:22,056 INFO request {"path": "/measure", "payload": {"arena_id": "default", "robot_id": "202601002029", "request_id": "2ca3a0407be142fc8c043aae4edde719", "position": {"x": 5.674975675731977e-14, "y": 926.7938608394055}, "channel": 9}, "attempt": 1}
2026-09-13 01:09:22,058 INFO response {"request_id": "2ca3a0407be142fc8c043aae4edde719", "http_status": 200, "body": {"accepted": true, "real_timestamp_ms": 1789232958988, "virtual_time_s": 1012.153816, "measure_result": "no_signal"}}
2026-09-13 01:09:22,089 INFO request {"path": "/measure", "payload": {"arena_id": "default", "robot_id": "202601002029", "request_id": "145addf5e49b4f80a846f2d822c972f6", "position": {"x": 5.674975675731977e-14, "y": 926.7938608394055}, "channel": 10}, "attempt": 1}
2026-09-13 01:09:22,102 INFO response {"request_id": "145addf5e49b4f80a846f2d822c972f6", "http_status": 200, "body": {"accepted": true, "real_timestamp_ms": 1789232959031, "virtual_time_s": 1018.153816, "measure_result": "no_signal"}}
2026-09-13 01:09:22,228 INFO request {"path": "/measure", "payload": {"arena_id": "default", "robot_id": "202601002029", "request_id": "919eec23c6dd4d03a02328143b82cc24", "position": {"x": 5.674975675731977e-14, "y": 926.7938608394055}, "channel": 6}, "attempt": 1}
2026-09-13 01:09:22,229 INFO response {"request_id": "919eec23c6dd4d03a02328143b82cc24", "http_status": 200, "body": {"accepted": true, "real_timestamp_ms": 1789232959159, "virtual_time_s": 1024.153816, "measure_result": "direction", "svd_deg": 203.65}}
2026-09-13 01:09:22,263 INFO request {"path": "/measure", "payload": {"arena_id": "default", "robot_id": "202601002029", "request_id": "46c785c748fe4388b4c715730e1fac90", "position": {"x": 5.674975675731977e-14, "y": 926.7938608394055}, "channel": 12}, "attempt": 1}
2026-09-13 01:09:22,282 INFO response {"request_id": "46c785c748fe4388b4c715730e1fac90", "http_status": 200, "body": {"accepted": true, "real_timestamp_ms": 1789232959211, "virtual_time_s": 1030.153816, "measure_result": "direction", "svd_deg": 229.73}}
2026-09-13 01:09:22,290 INFO request {"path": "/measure", "payload": {"arena_id": "default", "robot_id": "202601002029", "request_id": "0ce87f28db4741669cc95a1a627b8bfd", "position": {"x": 5.674975675731977e-14, "y": 926.7938608394055}, "channel": 13}, "attempt": 1}
2026-09-13 01:09:22,292 INFO response {"request_id": "0ce87f28db4741669cc95a1a627b8bfd", "http_status": 200, "body": {"accepted": true, "real_timestamp_ms": 1789232959222, "virtual_time_s": 1036.153816, "measure_result": "direction", "svd_deg": 206.35}}
2026-09-13 01:09:22,972 INFO request {"path": "/clear", "payload": {"arena_id": "default", "robot_id": "202601002029", "request_id": "b1224707be7c4585a5cda4b716c485e8", "position": {"x": -173.9658069779401, "y": 853.4904398864103}, "channel": 6}, "attempt": 1}
2026-09-13 01:09:22,989 INFO response {"request_id": "b1224707be7c4585a5cda4b716c485e8", "http_status": 200, "body": {"accepted": true, "real_timestamp_ms": 1789232959918, "virtual_time_s": 1078.909607, "clear_result": "success"}}
2026-09-13 01:09:23,041 INFO request {"path": "/measure", "payload": {"arena_id": "default", "robot_id": "202601002029", "request_id": "8aa0fcc0ba664e9dba8e2193e0128736", "position": {"x": -463.3969304197025, "y": 802.6270275583851}, "channel": 1}, "attempt": 1}
2026-09-13 01:09:23,056 INFO response {"request_id": "8aa0fcc0ba664e9dba8e2193e0128736", "http_status": 200, "body": {"accepted": true, "real_timestamp_ms": 1789232959986, "virtual_time_s": 1143.682887, "measure_result": "no_signal"}}
2026-09-13 01:09:23,071 INFO request {"path": "/measure", "payload": {"arena_id": "default", "robot_id": "202601002029", "request_id": "955cfaa6e3e741f7849da2019e0bdea6", "position": {"x": -463.3969304197025, "y": 802.6270275583851}, "channel": 2}, "attempt": 1}
2026-09-13 01:09:23,086 INFO response {"request_id": "955cfaa6e3e741f7849da2019e0bdea6", "http_status": 200, "body": {"accepted": true, "real_timestamp_ms": 1789232960017, "virtual_time_s": 1149.682887, "measure_result": "no_signal"}}
2026-09-13 01:09:23,101 INFO request {"path": "/measure", "payload": {"arena_id": "default", "robot_id": "202601002029", "request_id": "e846109df42943a48bd7287ec4897669", "position": {"x": -463.3969304197025, "y": 802.6270275583851}, "channel": 5}, "attempt": 1}
2026-09-13 01:09:23,115 INFO response {"request_id": "e846109df42943a48bd7287ec4897669", "http_status": 200, "body": {"accepted": true, "real_timestamp_ms": 1789232960045, "virtual_time_s": 1155.682887, "measure_result": "no_signal"}}
2026-09-13 01:09:23,130 INFO request {"path": "/measure", "payload": {"arena_id": "default", "robot_id": "202601002029", "request_id": "14830827baca4f65971efe018e72646d", "position": {"x": -463.3969304197025, "y": 802.6270275583851}, "channel": 7}, "attempt": 1}
2026-09-13 01:09:23,144 INFO response {"request_id": "14830827baca4f65971efe018e72646d", "http_status": 200, "body": {"accepted": true, "real_timestamp_ms": 1789232960075, "virtual_time_s": 1161.682887, "measure_result": "no_signal"}}
2026-09-13 01:09:23,160 INFO request {"path": "/measure", "payload": {"arena_id": "default", "robot_id": "202601002029", "request_id": "57fac285e19e4d428bf23b71466c2bd6", "position": {"x": -463.3969304197025, "y": 802.6270275583851}, "channel": 8}, "attempt": 1}
2026-09-13 01:09:23,173 INFO response {"request_id": "57fac285e19e4d428bf23b71466c2bd6", "http_status": 200, "body": {"accepted": true, "real_timestamp_ms": 1789232960104, "virtual_time_s": 1167.682887, "measure_result": "no_signal"}}
2026-09-13 01:09:23,204 INFO request {"path": "/measure", "payload": {"arena_id": "default", "robot_id": "202601002029", "request_id": "ce68b86264f84841a0162055e511fe3f", "position": {"x": -463.3969304197025, "y": 802.6270275583851}, "channel": 9}, "attempt": 1}
2026-09-13 01:09:23,223 INFO response {"request_id": "ce68b86264f84841a0162055e511fe3f", "http_status": 200, "body": {"accepted": true, "real_timestamp_ms": 1789232960153, "virtual_time_s": 1173.682887, "measure_result": "no_signal"}}
2026-09-13 01:09:23,223 INFO request {"path": "/measure", "payload": {"arena_id": "default", "robot_id": "202601002029", "request_id": "1cfd60cf7c704d62bfff52b871b44a56", "position": {"x": -463.3969304197025, "y": 802.6270275583851}, "channel": 10}, "attempt": 1}
2026-09-13 01:09:23,224 INFO response {"request_id": "1cfd60cf7c704d62bfff52b871b44a56", "http_status": 200, "body": {"accepted": true, "real_timestamp_ms": 1789232960154, "virtual_time_s": 1179.682887, "measure_result": "no_signal"}}
2026-09-13 01:09:23,295 INFO request {"path": "/measure", "payload": {"arena_id": "default", "robot_id": "202601002029", "request_id": "55099123db5d40529d15bafe78da4cb9", "position": {"x": -463.3969304197025, "y": 802.6270275583851}, "channel": 13}, "attempt": 1}
2026-09-13 01:09:23,297 INFO response {"request_id": "55099123db5d40529d15bafe78da4cb9", "http_status": 200, "body": {"accepted": true, "real_timestamp_ms": 1789232960227, "virtual_time_s": 1185.682887, "measure_result": "no_signal"}}
2026-09-13 01:09:23,327 INFO request {"path": "/measure", "payload": {"arena_id": "default", "robot_id": "202601002029", "request_id": "a319322b5edb4146ac67cce28d0b57ab", "position": {"x": -463.3969304197025, "y": 802.6270275583851}, "channel": 19}, "attempt": 1}
2026-09-13 01:09:23,343 INFO response {"request_id": "a319322b5edb4146ac67cce28d0b57ab", "http_status": 200, "body": {"accepted": true, "real_timestamp_ms": 1789232960272, "virtual_time_s": 1191.682887, "measure_result": "direction", "svd_deg": 35.23}}
2026-09-13 01:09:23,350 INFO request {"path": "/measure", "payload": {"arena_id": "default", "robot_id": "202601002029", "request_id": "875d6df0be8544e09e8b53d50a04b431", "position": {"x": -463.3969304197025, "y": 802.6270275583851}, "channel": 20}, "attempt": 1}
2026-09-13 01:09:23,352 INFO response {"request_id": "875d6df0be8544e09e8b53d50a04b431", "http_status": 200, "body": {"accepted": true, "real_timestamp_ms": 1789232960282, "virtual_time_s": 1197.682887, "measure_result": "direction", "svd_deg": 258.44}}
2026-09-13 01:09:24,436 INFO request {"path": "/measure", "payload": {"arena_id": "default", "robot_id": "202601002029", "request_id": "283f3b247793481e86bd6938b707a8b5", "position": {"x": -802.6270275583848, "y": 463.39693041970304}, "channel": 1}, "attempt": 1}
2026-09-13 01:09:24,450 INFO response {"request_id": "283f3b247793481e86bd6938b707a8b5", "http_status": 200, "body": {"accepted": true, "real_timestamp_ms": 1789232961380, "virtual_time_s": 1299.631648, "measure_result": "no_signal"}}
2026-09-13 01:09:24,465 INFO request {"path": "/measure", "payload": {"arena_id": "default", "robot_id": "202601002029", "request_id": "84ff45fbba964325b57902af73bc501d", "position": {"x": -802.6270275583848, "y": 463.39693041970304}, "channel": 2}, "attempt": 1}
2026-09-13 01:09:24,479 INFO response {"request_id": "84ff45fbba964325b57902af73bc501d", "http_status": 200, "body": {"accepted": true, "real_timestamp_ms": 1789232961410, "virtual_time_s": 1305.631648, "measure_result": "no_signal"}}
2026-09-13 01:09:24,496 INFO request {"path": "/measure", "payload": {"arena_id": "default", "robot_id": "202601002029", "request_id": "54365c52532d44a2a0cf08e0b0b10076", "position": {"x": -802.6270275583848, "y": 463.39693041970304}, "channel": 5}, "attempt": 1}
2026-09-13 01:09:24,509 INFO response {"request_id": "54365c52532d44a2a0cf08e0b0b10076", "http_status": 200, "body": {"accepted": true, "real_timestamp_ms": 1789232961439, "virtual_time_s": 1311.631648, "measure_result": "no_signal"}}
2026-09-13 01:09:24,524 INFO request {"path": "/measure", "payload": {"arena_id": "default", "robot_id": "202601002029", "request_id": "d1fc8be750e0477b9f673605879ca780", "position": {"x": -802.6270275583848, "y": 463.39693041970304}, "channel": 7}, "attempt": 1}
2026-09-13 01:09:24,540 INFO response {"request_id": "d1fc8be750e0477b9f673605879ca780", "http_status": 200, "body": {"accepted": true, "real_timestamp_ms": 1789232961469, "virtual_time_s": 1317.631648, "measure_result": "no_signal"}}
2026-09-13 01:09:24,554 INFO request {"path": "/measure", "payload": {"arena_id": "default", "robot_id": "202601002029", "request_id": "3bea851ee75d4c4298f1e9bc26b81a8b", "position": {"x": -802.6270275583848, "y": 463.39693041970304}, "channel": 8}, "attempt": 1}
2026-09-13 01:09:24,569 INFO response {"request_id": "3bea851ee75d4c4298f1e9bc26b81a8b", "http_status": 200, "body": {"accepted": true, "real_timestamp_ms": 1789232961499, "virtual_time_s": 1323.631648, "measure_result": "direction", "svd_deg": 223.22}}
2026-09-13 01:09:24,589 INFO request {"path": "/measure", "payload": {"arena_id": "default", "robot_id": "202601002029", "request_id": "7c134047fe5b40a087a6cc27b02ad75e", "position": {"x": -802.6270275583848, "y": 463.39693041970304}, "channel": 9}, "attempt": 1}
2026-09-13 01:09:24,607 INFO response {"request_id": "7c134047fe5b40a087a6cc27b02ad75e", "http_status": 200, "body": {"accepted": true, "real_timestamp_ms": 1789232961537, "virtual_time_s": 1329.631648, "measure_result": "no_signal"}}
2026-09-13 01:09:24,623 INFO request {"path": "/measure", "payload": {"arena_id": "default", "robot_id": "202601002029", "request_id": "e904093d6ae345559d48100545f66fc1", "position": {"x": -802.6270275583848, "y": 463.39693041970304}, "channel": 10}, "attempt": 1}
2026-09-13 01:09:24,625 INFO response {"request_id": "e904093d6ae345559d48100545f66fc1", "http_status": 200, "body": {"accepted": true, "real_timestamp_ms": 1789232961555, "virtual_time_s": 1335.631648, "measure_result": "no_signal"}}
2026-09-13 01:09:24,732 INFO request {"path": "/measure", "payload": {"arena_id": "default", "robot_id": "202601002029", "request_id": "9a6b6d04904646009b666ad86665b258", "position": {"x": -802.6270275583848, "y": 463.39693041970304}, "channel": 20}, "attempt": 1}
2026-09-13 01:09:24,745 INFO response {"request_id": "9a6b6d04904646009b666ad86665b258", "http_status": 200, "body": {"accepted": true, "real_timestamp_ms": 1789232961675, "virtual_time_s": 1341.631648, "measure_result": "direction", "svd_deg": 281.67}}
2026-09-13 01:09:26,053 INFO request {"path": "/measure", "payload": {"arena_id": "default", "robot_id": "202601002029", "request_id": "58c1adb9d53644cf94dc36fbe09e4af5", "position": {"x": -926.7938608394055, "y": 1.1349951351463954e-13}, "channel": 1}, "attempt": 1}
2026-09-13 01:09:26,054 INFO response {"request_id": "58c1adb9d53644cf94dc36fbe09e4af5", "http_status": 200, "body": {"accepted": true, "real_timestamp_ms": 1789232962985, "virtual_time_s": 1443.580409, "measure_result": "no_signal"}}
2026-09-13 01:09:26,086 INFO request {"path": "/measure", "payload": {"arena_id": "default", "robot_id": "202601002029", "request_id": "db858d04b2e242d0aee97510d0e5637c", "position": {"x": -926.7938608394055, "y": 1.1349951351463954e-13}, "channel": 2}, "attempt": 1}
2026-09-13 01:09:26,087 INFO response {"request_id": "db858d04b2e242d0aee97510d0e5637c", "http_status": 200, "body": {"accepted": true, "real_timestamp_ms": 1789232963017, "virtual_time_s": 1449.580409, "measure_result": "no_signal"}}
2026-09-13 01:09:26,117 INFO request {"path": "/measure", "payload": {"arena_id": "default", "robot_id": "202601002029", "request_id": "59a616a5a9b64f168607f2ad9e8a72b4", "position": {"x": -926.7938608394055, "y": 1.1349951351463954e-13}, "channel": 5}, "attempt": 1}
2026-09-13 01:09:26,137 INFO response {"request_id": "59a616a5a9b64f168607f2ad9e8a72b4", "http_status": 200, "body": {"accepted": true, "real_timestamp_ms": 1789232963067, "virtual_time_s": 1455.580409, "measure_result": "no_signal"}}
2026-09-13 01:09:26,152 INFO request {"path": "/measure", "payload": {"arena_id": "default", "robot_id": "202601002029", "request_id": "1542f1e02bfa418a81edb5454b62d10c", "position": {"x": -926.7938608394055, "y": 1.1349951351463954e-13}, "channel": 7}, "attempt": 1}
2026-09-13 01:09:26,167 INFO response {"request_id": "1542f1e02bfa418a81edb5454b62d10c", "http_status": 200, "body": {"accepted": true, "real_timestamp_ms": 1789232963097, "virtual_time_s": 1461.580409, "measure_result": "no_signal"}}
2026-09-13 01:09:26,182 INFO request {"path": "/measure", "payload": {"arena_id": "default", "robot_id": "202601002029", "request_id": "8cfc781a70fe43aab2b7088646f1b182", "position": {"x": -926.7938608394055, "y": 1.1349951351463954e-13}, "channel": 9}, "attempt": 1}
2026-09-13 01:09:26,183 INFO response {"request_id": "8cfc781a70fe43aab2b7088646f1b182", "http_status": 200, "body": {"accepted": true, "real_timestamp_ms": 1789232963113, "virtual_time_s": 1467.580409, "measure_result": "no_signal"}}
2026-09-13 01:09:26,214 INFO request {"path": "/measure", "payload": {"arena_id": "default", "robot_id": "202601002029", "request_id": "db897abc4493421bbfa629009adedb75", "position": {"x": -926.7938608394055, "y": 1.1349951351463954e-13}, "channel": 10}, "attempt": 1}
2026-09-13 01:09:26,226 INFO response {"request_id": "db897abc4493421bbfa629009adedb75", "http_status": 200, "body": {"accepted": true, "real_timestamp_ms": 1789232963156, "virtual_time_s": 1473.580409, "measure_result": "no_signal"}}
2026-09-13 01:09:26,325 INFO request {"path": "/measure", "payload": {"arena_id": "default", "robot_id": "202601002029", "request_id": "4cf2bfb0815c4429b74a056b45dfd4a5", "position": {"x": -926.7938608394055, "y": 1.1349951351463954e-13}, "channel": 13}, "attempt": 1}
2026-09-13 01:09:26,330 INFO response {"request_id": "4cf2bfb0815c4429b74a056b45dfd4a5", "http_status": 200, "body": {"accepted": true, "real_timestamp_ms": 1789232963260, "virtual_time_s": 1479.580409, "measure_result": "direction", "svd_deg": 63.52}}
2026-09-13 01:09:26,348 INFO request {"path": "/measure", "payload": {"arena_id": "default", "robot_id": "202601002029", "request_id": "cfd4d6f8093040b8a928b37738ee0cab", "position": {"x": -926.7938608394055, "y": 1.1349951351463954e-13}, "channel": 14}, "attempt": 1}
2026-09-13 01:09:26,350 INFO response {"request_id": "cfd4d6f8093040b8a928b37738ee0cab", "http_status": 200, "body": {"accepted": true, "real_timestamp_ms": 1789232963280, "virtual_time_s": 1485.580409, "measure_result": "direction", "svd_deg": 273.59}}
2026-09-13 01:09:26,384 INFO request {"path": "/measure", "payload": {"arena_id": "default", "robot_id": "202601002029", "request_id": "b5b5e8d8fc5a4e9fb53e219ec9bb3847", "position": {"x": -926.7938608394055, "y": 1.1349951351463954e-13}, "channel": 11}, "attempt": 1}
2026-09-13 01:09:26,387 INFO response {"request_id": "b5b5e8d8fc5a4e9fb53e219ec9bb3847", "http_status": 200, "body": {"accepted": true, "real_timestamp_ms": 1789232963317, "virtual_time_s": 1491.580409, "measure_result": "direction", "svd_deg": 295.08}}
2026-09-13 01:09:27,035 INFO request {"path": "/clear", "payload": {"arena_id": "default", "robot_id": "202601002029", "request_id": "ef176e1d357249e9aaca08c4023d1d55", "position": {"x": -662.9575268701376, "y": -213.9931140265753}, "channel": 20}, "attempt": 1}
2026-09-13 01:09:27,037 INFO response {"request_id": "ef176e1d357249e9aaca08c4023d1d55", "http_status": 200, "body": {"accepted": true, "real_timestamp_ms": 1789232963967, "virtual_time_s": 1564.522344, "clear_result": "success"}}
2026-09-13 01:09:27,082 INFO request {"path": "/measure", "payload": {"arena_id": "default", "robot_id": "202601002029", "request_id": "a547900c99fd473fa1be7d5d3f7f99d5", "position": {"x": -802.6270275583852, "y": -463.39693041970247}, "channel": 1}, "attempt": 1}
2026-09-13 01:09:27,083 INFO response {"request_id": "a547900c99fd473fa1be7d5d3f7f99d5", "http_status": 200, "body": {"accepted": true, "real_timestamp_ms": 1789232964014, "virtual_time_s": 1627.692208, "measure_result": "no_signal"}}
2026-09-13 01:09:27,114 INFO request {"path": "/measure", "payload": {"arena_id": "default", "robot_id": "202601002029", "request_id": "9a3b8a4e8af34165905e8515d43862ac", "position": {"x": -802.6270275583852, "y": -463.39693041970247}, "channel": 2}, "attempt": 1}
2026-09-13 01:09:27,128 INFO response {"request_id": "9a3b8a4e8af34165905e8515d43862ac", "http_status": 200, "body": {"accepted": true, "real_timestamp_ms": 1789232964058, "virtual_time_s": 1633.692208, "measure_result": "no_signal"}}
2026-09-13 01:09:27,159 INFO request {"path": "/measure", "payload": {"arena_id": "default", "robot_id": "202601002029", "request_id": "230333146df741e680cbab0e6d29525e", "position": {"x": -802.6270275583852, "y": -463.39693041970247}, "channel": 5}, "attempt": 1}
2026-09-13 01:09:27,176 INFO response {"request_id": "230333146df741e680cbab0e6d29525e", "http_status": 200, "body": {"accepted": true, "real_timestamp_ms": 1789232964106, "virtual_time_s": 1639.692208, "measure_result": "no_signal"}}
2026-09-13 01:09:27,177 INFO request {"path": "/measure", "payload": {"arena_id": "default", "robot_id": "202601002029", "request_id": "34ab3fe4ac334bdea9e8bf41f961c5a1", "position": {"x": -802.6270275583852, "y": -463.39693041970247}, "channel": 7}, "attempt": 1}
2026-09-13 01:09:27,178 INFO response {"request_id": "34ab3fe4ac334bdea9e8bf41f961c5a1", "http_status": 200, "body": {"accepted": true, "real_timestamp_ms": 1789232964108, "virtual_time_s": 1645.692208, "measure_result": "direction", "svd_deg": 285.72}}
2026-09-13 01:09:27,213 INFO request {"path": "/measure", "payload": {"arena_id": "default", "robot_id": "202601002029", "request_id": "75495be8de29444a973754dea7e920d4", "position": {"x": -802.6270275583852, "y": -463.39693041970247}, "channel": 9}, "attempt": 1}
2026-09-13 01:09:27,216 INFO response {"request_id": "75495be8de29444a973754dea7e920d4", "http_status": 200, "body": {"accepted": true, "real_timestamp_ms": 1789232964146, "virtual_time_s": 1651.692208, "measure_result": "no_signal"}}
2026-09-13 01:09:27,247 INFO request {"path": "/measure", "payload": {"arena_id": "default", "robot_id": "202601002029", "request_id": "b71eb4e299ab4b508efa0fdc9759db66", "position": {"x": -802.6270275583852, "y": -463.39693041970247}, "channel": 10}, "attempt": 1}
2026-09-13 01:09:27,265 INFO response {"request_id": "b71eb4e299ab4b508efa0fdc9759db66", "http_status": 200, "body": {"accepted": true, "real_timestamp_ms": 1789232964195, "virtual_time_s": 1657.692208, "measure_result": "no_signal"}}
2026-09-13 01:09:27,332 INFO request {"path": "/measure", "payload": {"arena_id": "default", "robot_id": "202601002029", "request_id": "cccf580fa75c417a951fed405885e0a5", "position": {"x": -802.6270275583852, "y": -463.39693041970247}, "channel": 17}, "attempt": 1}
2026-09-13 01:09:27,344 INFO response {"request_id": "cccf580fa75c417a951fed405885e0a5", "http_status": 200, "body": {"accepted": true, "real_timestamp_ms": 1789232964274, "virtual_time_s": 1663.692208, "measure_result": "direction", "svd_deg": 331.59}}
2026-09-13 01:09:27,364 INFO request {"path": "/measure", "payload": {"arena_id": "default", "robot_id": "202601002029", "request_id": "8d13a00f41b0463693c38bd5264f2c21", "position": {"x": -802.6270275583852, "y": -463.39693041970247}, "channel": 8}, "attempt": 1}
2026-09-13 01:09:27,365 INFO response {"request_id": "8d13a00f41b0463693c38bd5264f2c21", "http_status": 200, "body": {"accepted": true, "real_timestamp_ms": 1789232964296, "virtual_time_s": 1669.692208, "measure_result": "direction", "svd_deg": 167.98}}
2026-09-13 01:09:27,399 INFO request {"path": "/measure", "payload": {"arena_id": "default", "robot_id": "202601002029", "request_id": "213e4838ddae4e38ad75ee00bd4ed57a", "position": {"x": -802.6270275583852, "y": -463.39693041970247}, "channel": 11}, "attempt": 1}
2026-09-13 01:09:27,413 INFO response {"request_id": "213e4838ddae4e38ad75ee00bd4ed57a", "http_status": 200, "body": {"accepted": true, "real_timestamp_ms": 1789232964342, "virtual_time_s": 1675.692208, "measure_result": "direction", "svd_deg": 304.81}}
2026-09-13 01:09:28,610 INFO request {"path": "/measure", "payload": {"arena_id": "default", "robot_id": "202601002029", "request_id": "fc87205dfd1b47fea9a8a27c1d42529d", "position": {"x": -463.39693041970315, "y": -802.6270275583848}, "channel": 1}, "attempt": 1}
2026-09-13 01:09:28,611 INFO response {"request_id": "fc87205dfd1b47fea9a8a27c1d42529d", "http_status": 200, "body": {"accepted": true, "real_timestamp_ms": 1789232965542, "virtual_time_s": 1777.640969, "measure_result": "no_signal"}}
2026-09-13 01:09:28,642 INFO request {"path": "/measure", "payload": {"arena_id": "default", "robot_id": "202601002029", "request_id": "d46a5c39f15742dc9d424ce9c02c2c07", "position": {"x": -463.39693041970315, "y": -802.6270275583848}, "channel": 2}, "attempt": 1}
2026-09-13 01:09:28,661 INFO response {"request_id": "d46a5c39f15742dc9d424ce9c02c2c07", "http_status": 200, "body": {"accepted": true, "real_timestamp_ms": 1789232965591, "virtual_time_s": 1783.640969, "measure_result": "no_signal"}}
2026-09-13 01:09:28,661 INFO request {"path": "/measure", "payload": {"arena_id": "default", "robot_id": "202601002029", "request_id": "9e0d8e1f58cc4a67a988529810cfe281", "position": {"x": -463.39693041970315, "y": -802.6270275583848}, "channel": 5}, "attempt": 1}
2026-09-13 01:09:28,680 INFO response {"request_id": "9e0d8e1f58cc4a67a988529810cfe281", "http_status": 200, "body": {"accepted": true, "real_timestamp_ms": 1789232965610, "virtual_time_s": 1789.640969, "measure_result": "no_signal"}}
2026-09-13 01:09:28,695 INFO request {"path": "/measure", "payload": {"arena_id": "default", "robot_id": "202601002029", "request_id": "3d44420e2f734e1da1d10c31841d8fa3", "position": {"x": -463.39693041970315, "y": -802.6270275583848}, "channel": 9}, "attempt": 1}
2026-09-13 01:09:28,698 INFO response {"request_id": "3d44420e2f734e1da1d10c31841d8fa3", "http_status": 200, "body": {"accepted": true, "real_timestamp_ms": 1789232965628, "virtual_time_s": 1795.640969, "measure_result": "no_signal"}}
2026-09-13 01:09:28,729 INFO request {"path": "/measure", "payload": {"arena_id": "default", "robot_id": "202601002029", "request_id": "14d57ebe229e4cf48a9912385fbd5330", "position": {"x": -463.39693041970315, "y": -802.6270275583848}, "channel": 10}, "attempt": 1}
2026-09-13 01:09:28,732 INFO response {"request_id": "14d57ebe229e4cf48a9912385fbd5330", "http_status": 200, "body": {"accepted": true, "real_timestamp_ms": 1789232965662, "virtual_time_s": 1801.640969, "measure_result": "no_signal"}}
2026-09-13 01:09:28,812 INFO request {"path": "/measure", "payload": {"arena_id": "default", "robot_id": "202601002029", "request_id": "e54a554dddb4481086c3a509ef4d37fa", "position": {"x": -463.39693041970315, "y": -802.6270275583848}, "channel": 11}, "attempt": 1}
2026-09-13 01:09:28,829 INFO response {"request_id": "e54a554dddb4481086c3a509ef4d37fa", "http_status": 200, "body": {"accepted": true, "real_timestamp_ms": 1789232965759, "virtual_time_s": 1807.640969, "measure_result": "direction", "svd_deg": 230.96}}
2026-09-13 01:09:28,833 INFO request {"path": "/measure", "payload": {"arena_id": "default", "robot_id": "202601002029", "request_id": "d4d25950e06f48788d99e52807b26ebb", "position": {"x": -463.39693041970315, "y": -802.6270275583848}, "channel": 14}, "attempt": 1}
2026-09-13 01:09:28,849 INFO response {"request_id": "d4d25950e06f48788d99e52807b26ebb", "http_status": 200, "body": {"accepted": true, "real_timestamp_ms": 1789232965779, "virtual_time_s": 1813.640969, "measure_result": "direction", "svd_deg": 191.91}}
2026-09-13 01:09:28,873 INFO request {"path": "/measure", "payload": {"arena_id": "default", "robot_id": "202601002029", "request_id": "fc741bf558b342bb88e2e911226cfa65", "position": {"x": -463.39693041970315, "y": -802.6270275583848}, "channel": 7}, "attempt": 1}
2026-09-13 01:09:28,874 INFO response {"request_id": "fc741bf558b342bb88e2e911226cfa65", "http_status": 200, "body": {"accepted": true, "real_timestamp_ms": 1789232965804, "virtual_time_s": 1819.640969, "measure_result": "direction", "svd_deg": 249.51}}
2026-09-13 01:09:29,765 INFO request {"path": "/clear", "payload": {"arena_id": "default", "robot_id": "202601002029", "request_id": "3f4c087a4d514c9cbf63491d590769dd", "position": {"x": -131.87995767338, "y": -817.0914501875938}, "channel": 17}, "attempt": 1}
2026-09-13 01:09:29,766 INFO response {"request_id": "3f4c087a4d514c9cbf63491d590769dd", "http_status": 200, "body": {"accepted": true, "real_timestamp_ms": 1789232966696, "virtual_time_s": 1891.007443, "clear_result": "success"}}
2026-09-13 01:09:29,811 INFO request {"path": "/measure", "payload": {"arena_id": "default", "robot_id": "202601002029", "request_id": "263e68d97d7346d782bc8042ca362ddb", "position": {"x": -1.702492702719593e-13, "y": -926.7938608394055}, "channel": 1}, "attempt": 1}
2026-09-13 01:09:29,813 INFO response {"request_id": "263e68d97d7346d782bc8042ca362ddb", "http_status": 200, "body": {"accepted": true, "real_timestamp_ms": 1789232966743, "virtual_time_s": 1931.316009, "measure_result": "no_signal"}}
2026-09-13 01:09:29,844 INFO request {"path": "/measure", "payload": {"arena_id": "default", "robot_id": "202601002029", "request_id": "1977c344b2774e10a27c86afe580fb4c", "position": {"x": -1.702492702719593e-13, "y": -926.7938608394055}, "channel": 2}, "attempt": 1}
2026-09-13 01:09:29,846 INFO response {"request_id": "1977c344b2774e10a27c86afe580fb4c", "http_status": 200, "body": {"accepted": true, "real_timestamp_ms": 1789232966776, "virtual_time_s": 1937.316009, "measure_result": "no_signal"}}
2026-09-13 01:09:29,877 INFO request {"path": "/measure", "payload": {"arena_id": "default", "robot_id": "202601002029", "request_id": "2a9d91faa43e4f1ca0fe7d9d5bf6cbd6", "position": {"x": -1.702492702719593e-13, "y": -926.7938608394055}, "channel": 5}, "attempt": 1}
2026-09-13 01:09:29,893 INFO response {"request_id": "2a9d91faa43e4f1ca0fe7d9d5bf6cbd6", "http_status": 200, "body": {"accepted": true, "real_timestamp_ms": 1789232966823, "virtual_time_s": 1943.316009, "measure_result": "no_signal"}}
2026-09-13 01:09:29,908 INFO request {"path": "/measure", "payload": {"arena_id": "default", "robot_id": "202601002029", "request_id": "dfd7d503d3df45349d80f4c5e55cf421", "position": {"x": -1.702492702719593e-13, "y": -926.7938608394055}, "channel": 9}, "attempt": 1}
2026-09-13 01:09:29,910 INFO response {"request_id": "dfd7d503d3df45349d80f4c5e55cf421", "http_status": 200, "body": {"accepted": true, "real_timestamp_ms": 1789232966840, "virtual_time_s": 1949.316009, "measure_result": "no_signal"}}
2026-09-13 01:09:29,925 INFO request {"path": "/measure", "payload": {"arena_id": "default", "robot_id": "202601002029", "request_id": "001c707985784b0eafd0ac31947a9ac2", "position": {"x": -1.702492702719593e-13, "y": -926.7938608394055}, "channel": 10}, "attempt": 1}
2026-09-13 01:09:29,927 INFO response {"request_id": "001c707985784b0eafd0ac31947a9ac2", "http_status": 200, "body": {"accepted": true, "real_timestamp_ms": 1789232966857, "virtual_time_s": 1955.316009, "measure_result": "no_signal"}}
2026-09-13 01:09:29,966 INFO request {"path": "/measure", "payload": {"arena_id": "default", "robot_id": "202601002029", "request_id": "54f9f69b689349a1b165d47885a414d6", "position": {"x": -1.702492702719593e-13, "y": -926.7938608394055}, "channel": 7}, "attempt": 1}
2026-09-13 01:09:29,981 INFO response {"request_id": "54f9f69b689349a1b165d47885a414d6", "http_status": 200, "body": {"accepted": true, "real_timestamp_ms": 1789232966911, "virtual_time_s": 1961.316009, "measure_result": "direction", "svd_deg": 201.82}}
2026-09-13 01:09:31,062 INFO request {"path": "/measure", "payload": {"arena_id": "default", "robot_id": "202601002029", "request_id": "4d5007f956be4c32becaeb8fb52a88e0", "position": {"x": 463.39693041970213, "y": -802.6270275583854}, "channel": 1}, "attempt": 1}
2026-09-13 01:09:31,079 INFO response {"request_id": "4d5007f956be4c32becaeb8fb52a88e0", "http_status": 200, "body": {"accepted": true, "real_timestamp_ms": 1789232968009, "virtual_time_s": 2063.26477, "measure_result": "no_signal"}}
2026-09-13 01:09:31,095 INFO request {"path": "/measure", "payload": {"arena_id": "default", "robot_id": "202601002029", "request_id": "202a8b697fa848a99c41e9f17a599e4b", "position": {"x": 463.39693041970213, "y": -802.6270275583854}, "channel": 2}, "attempt": 1}
2026-09-13 01:09:31,096 INFO response {"request_id": "202a8b697fa848a99c41e9f17a599e4b", "http_status": 200, "body": {"accepted": true, "real_timestamp_ms": 1789232968026, "virtual_time_s": 2069.26477, "measure_result": "no_signal"}}
2026-09-13 01:09:31,127 INFO request {"path": "/measure", "payload": {"arena_id": "default", "robot_id": "202601002029", "request_id": "a104db6a7e984957a9e49771338e6900", "position": {"x": 463.39693041970213, "y": -802.6270275583854}, "channel": 5}, "attempt": 1}
2026-09-13 01:09:31,150 INFO response {"request_id": "a104db6a7e984957a9e49771338e6900", "http_status": 200, "body": {"accepted": true, "real_timestamp_ms": 1789232968079, "virtual_time_s": 2075.26477, "measure_result": "no_signal"}}
2026-09-13 01:09:31,150 INFO request {"path": "/measure", "payload": {"arena_id": "default", "robot_id": "202601002029", "request_id": "361bdd4880f6486f8ab827347f45641a", "position": {"x": 463.39693041970213, "y": -802.6270275583854}, "channel": 9}, "attempt": 1}
2026-09-13 01:09:31,169 INFO response {"request_id": "361bdd4880f6486f8ab827347f45641a", "http_status": 200, "body": {"accepted": true, "real_timestamp_ms": 1789232968098, "virtual_time_s": 2081.26477, "measure_result": "no_signal"}}
2026-09-13 01:09:31,184 INFO request {"path": "/measure", "payload": {"arena_id": "default", "robot_id": "202601002029", "request_id": "c8b9b0fe4f604a9ab679af1588f32378", "position": {"x": 463.39693041970213, "y": -802.6270275583854}, "channel": 10}, "attempt": 1}
2026-09-13 01:09:31,185 INFO response {"request_id": "c8b9b0fe4f604a9ab679af1588f32378", "http_status": 200, "body": {"accepted": true, "real_timestamp_ms": 1789232968115, "virtual_time_s": 2087.26477, "measure_result": "no_signal"}}
2026-09-13 01:09:32,371 INFO request {"path": "/measure", "payload": {"arena_id": "default", "robot_id": "202601002029", "request_id": "9db87df4a8b14b98bd37238888f014b9", "position": {"x": 1319.1555552391164, "y": -1319.1555552391171}, "channel": 10}, "attempt": 1}
2026-09-13 01:09:32,373 INFO response {"request_id": "9db87df4a8b14b98bd37238888f014b9", "http_status": 200, "body": {"accepted": true, "real_timestamp_ms": 1789232969303, "virtual_time_s": 2292.177205, "measure_result": "no_signal"}}
2026-09-13 01:09:32,404 INFO request {"path": "/measure", "payload": {"arena_id": "default", "robot_id": "202601002029", "request_id": "42a475a307064c74b2c5fefa44f31570", "position": {"x": 1319.1555552391164, "y": -1319.1555552391171}, "channel": 1}, "attempt": 1}
2026-09-13 01:09:32,420 INFO response {"request_id": "42a475a307064c74b2c5fefa44f31570", "http_status": 200, "body": {"accepted": true, "real_timestamp_ms": 1789232969351, "virtual_time_s": 2298.177205, "measure_result": "no_signal"}}
2026-09-13 01:09:32,435 INFO request {"path": "/measure", "payload": {"arena_id": "default", "robot_id": "202601002029", "request_id": "327179a9d3e7485da14025aa46168c34", "position": {"x": 1319.1555552391164, "y": -1319.1555552391171}, "channel": 2}, "attempt": 1}
2026-09-13 01:09:32,450 INFO response {"request_id": "327179a9d3e7485da14025aa46168c34", "http_status": 200, "body": {"accepted": true, "real_timestamp_ms": 1789232969380, "virtual_time_s": 2304.177205, "measure_result": "no_signal"}}
2026-09-13 01:09:32,466 INFO request {"path": "/measure", "payload": {"arena_id": "default", "robot_id": "202601002029", "request_id": "41885f015a3b4618977816fd606c9f84", "position": {"x": 1319.1555552391164, "y": -1319.1555552391171}, "channel": 5}, "attempt": 1}
2026-09-13 01:09:32,479 INFO response {"request_id": "41885f015a3b4618977816fd606c9f84", "http_status": 200, "body": {"accepted": true, "real_timestamp_ms": 1789232969409, "virtual_time_s": 2310.177205, "measure_result": "no_signal"}}
2026-09-13 01:09:32,495 INFO request {"path": "/measure", "payload": {"arena_id": "default", "robot_id": "202601002029", "request_id": "8e0121fa7e054c2494edebc353de088d", "position": {"x": 1319.1555552391164, "y": -1319.1555552391171}, "channel": 9}, "attempt": 1}
2026-09-13 01:09:32,496 INFO response {"request_id": "8e0121fa7e054c2494edebc353de088d", "http_status": 200, "body": {"accepted": true, "real_timestamp_ms": 1789232969426, "virtual_time_s": 2316.177205, "measure_result": "no_signal"}}
2026-09-13 01:09:32,528 INFO request {"path": "/measure", "payload": {"arena_id": "default", "robot_id": "202601002029", "request_id": "db084e0a83d84ce8b878057adaa9a48b", "position": {"x": 1319.1555552391164, "y": -1319.1555552391171}, "channel": 18}, "attempt": 1}
2026-09-13 01:09:32,529 INFO response {"request_id": "db084e0a83d84ce8b878057adaa9a48b", "http_status": 200, "body": {"accepted": true, "real_timestamp_ms": 1789232969460, "virtual_time_s": 2322.177205, "measure_result": "direction", "svd_deg": 67.53}}
2026-09-13 01:09:33,630 INFO request {"path": "/measure", "payload": {"arena_id": "default", "robot_id": "202601002029", "request_id": "e9bbc12d04c149b6b436aad3c530bc99", "position": {"x": 1801.9999999999995, "y": -482.84444476088464}, "channel": 1}, "attempt": 1}
2026-09-13 01:09:33,631 INFO response {"request_id": "e9bbc12d04c149b6b436aad3c530bc99", "http_status": 200, "body": {"accepted": true, "real_timestamp_ms": 1789232970562, "virtual_time_s": 2521.314983, "measure_result": "no_signal"}}
2026-09-13 01:09:33,662 INFO request {"path": "/measure", "payload": {"arena_id": "default", "robot_id": "202601002029", "request_id": "7dcbea9aad474c9095ccf818c26a6c35", "position": {"x": 1801.9999999999995, "y": -482.84444476088464}, "channel": 2}, "attempt": 1}
2026-09-13 01:09:33,664 INFO response {"request_id": "7dcbea9aad474c9095ccf818c26a6c35", "http_status": 200, "body": {"accepted": true, "real_timestamp_ms": 1789232970594, "virtual_time_s": 2527.314983, "measure_result": "no_signal"}}
2026-09-13 01:09:33,695 INFO request {"path": "/measure", "payload": {"arena_id": "default", "robot_id": "202601002029", "request_id": "d0e460e47da64503b63efeeb19470308", "position": {"x": 1801.9999999999995, "y": -482.84444476088464}, "channel": 5}, "attempt": 1}
2026-09-13 01:09:33,697 INFO response {"request_id": "d0e460e47da64503b63efeeb19470308", "http_status": 200, "body": {"accepted": true, "real_timestamp_ms": 1789232970627, "virtual_time_s": 2533.314983, "measure_result": "no_signal"}}
2026-09-13 01:09:33,728 INFO request {"path": "/measure", "payload": {"arena_id": "default", "robot_id": "202601002029", "request_id": "6109b5e841534ba88c4b762c755a7980", "position": {"x": 1801.9999999999995, "y": -482.84444476088464}, "channel": 9}, "attempt": 1}
2026-09-13 01:09:33,747 INFO response {"request_id": "6109b5e841534ba88c4b762c755a7980", "http_status": 200, "body": {"accepted": true, "real_timestamp_ms": 1789232970678, "virtual_time_s": 2539.314983, "measure_result": "no_signal"}}
2026-09-13 01:09:33,762 INFO request {"path": "/measure", "payload": {"arena_id": "default", "robot_id": "202601002029", "request_id": "e915598bff5f499cade2eafe2892a002", "position": {"x": 1801.9999999999995, "y": -482.84444476088464}, "channel": 10}, "attempt": 1}
2026-09-13 01:09:33,778 INFO response {"request_id": "e915598bff5f499cade2eafe2892a002", "http_status": 200, "body": {"accepted": true, "real_timestamp_ms": 1789232970708, "virtual_time_s": 2545.314983, "measure_result": "no_signal"}}
2026-09-13 01:09:33,809 INFO request {"path": "/measure", "payload": {"arena_id": "default", "robot_id": "202601002029", "request_id": "f38fdaf91d2b44aea7c7d5afaf8ba6d2", "position": {"x": 1801.9999999999995, "y": -482.84444476088464}, "channel": 18}, "attempt": 1}
2026-09-13 01:09:33,826 INFO response {"request_id": "f38fdaf91d2b44aea7c7d5afaf8ba6d2", "http_status": 200, "body": {"accepted": true, "real_timestamp_ms": 1789232970756, "virtual_time_s": 2551.314983, "measure_result": "direction", "svd_deg": 109.4}}
2026-09-13 01:09:34,177 INFO request {"path": "/clear", "payload": {"arena_id": "default", "robot_id": "202601002029", "request_id": "24f2e3bf12d5496e9624eba991a5ed82", "position": {"x": 1739.359743151314, "y": -305.8241256762451}, "channel": 18}, "attempt": 1}
2026-09-13 01:09:34,178 INFO response {"request_id": "24f2e3bf12d5496e9624eba991a5ed82", "http_status": 200, "body": {"accepted": true, "real_timestamp_ms": 1789232971108, "virtual_time_s": 2593.870273, "clear_result": "success"}}
2026-09-13 01:09:34,209 INFO request {"path": "/measure", "payload": {"arena_id": "default", "robot_id": "202601002029", "request_id": "adf0098a42424090851c544bc96c105f", "position": {"x": 1802.0, "y": 482.84444476088305}, "channel": 1}, "attempt": 1}
2026-09-13 01:09:34,211 INFO response {"request_id": "adf0098a42424090851c544bc96c105f", "http_status": 200, "body": {"accepted": true, "real_timestamp_ms": 1789232971141, "virtual_time_s": 2758.100727, "measure_result": "no_signal"}}
2026-09-13 01:09:34,242 INFO request {"path": "/measure", "payload": {"arena_id": "default", "robot_id": "202601002029", "request_id": "c4052963afb047cebb4bdd4ab0f9e378", "position": {"x": 1802.0, "y": 482.84444476088305}, "channel": 2}, "attempt": 1}
2026-09-13 01:09:34,253 INFO response {"request_id": "c4052963afb047cebb4bdd4ab0f9e378", "http_status": 200, "body": {"accepted": true, "real_timestamp_ms": 1789232971174, "virtual_time_s": 2764.100727, "measure_result": "no_signal"}}
2026-09-13 01:09:34,268 INFO request {"path": "/measure", "payload": {"arena_id": "default", "robot_id": "202601002029", "request_id": "01bfad5881814b89aa087856d5b0e5af", "position": {"x": 1802.0, "y": 482.84444476088305}, "channel": 5}, "attempt": 1}
2026-09-13 01:09:34,270 INFO response {"request_id": "01bfad5881814b89aa087856d5b0e5af", "http_status": 200, "body": {"accepted": true, "real_timestamp_ms": 1789232971200, "virtual_time_s": 2770.100727, "measure_result": "no_signal"}}
2026-09-13 01:09:34,286 INFO request {"path": "/measure", "payload": {"arena_id": "default", "robot_id": "202601002029", "request_id": "6e0125d1a762470081c18d33791751c6", "position": {"x": 1802.0, "y": 482.84444476088305}, "channel": 9}, "attempt": 1}
2026-09-13 01:09:34,289 INFO response {"request_id": "6e0125d1a762470081c18d33791751c6", "http_status": 200, "body": {"accepted": true, "real_timestamp_ms": 1789232971218, "virtual_time_s": 2776.100727, "measure_result": "no_signal"}}
2026-09-13 01:09:34,320 INFO request {"path": "/measure", "payload": {"arena_id": "default", "robot_id": "202601002029", "request_id": "77df05b8ff9f434785087f2b500ece10", "position": {"x": 1802.0, "y": 482.84444476088305}, "channel": 10}, "attempt": 1}
2026-09-13 01:09:34,327 INFO response {"request_id": "77df05b8ff9f434785087f2b500ece10", "http_status": 200, "body": {"accepted": true, "real_timestamp_ms": 1789232971257, "virtual_time_s": 2782.100727, "measure_result": "no_signal"}}
2026-09-13 01:09:34,352 INFO request {"path": "/measure", "payload": {"arena_id": "default", "robot_id": "202601002029", "request_id": "80c3fc96740b44009fc33c12e5364aae", "position": {"x": 1802.0, "y": 482.84444476088305}, "channel": 3}, "attempt": 1}
2026-09-13 01:09:34,368 INFO response {"request_id": "80c3fc96740b44009fc33c12e5364aae", "http_status": 200, "body": {"accepted": true, "real_timestamp_ms": 1789232971297, "virtual_time_s": 2788.100727, "measure_result": "direction", "svd_deg": 150.63}}
2026-09-13 01:09:34,855 INFO request {"path": "/measure", "payload": {"arena_id": "default", "robot_id": "202601002029", "request_id": "364109734856435da772a0f2b0fa5e9e", "position": {"x": 1319.155555239117, "y": 1319.155555239117}, "channel": 1}, "attempt": 1}
2026-09-13 01:09:34,872 INFO response {"request_id": "364109734856435da772a0f2b0fa5e9e", "http_status": 200, "body": {"accepted": true, "real_timestamp_ms": 1789232971802, "virtual_time_s": 2987.238505, "measure_result": "no_signal"}}
2026-09-13 01:09:34,887 INFO request {"path": "/measure", "payload": {"arena_id": "default", "robot_id": "202601002029", "request_id": "623979f528db4b8dbe5bdcbb387b5dd0", "position": {"x": 1319.155555239117, "y": 1319.155555239117}, "channel": 2}, "attempt": 1}
2026-09-13 01:09:34,889 INFO response {"request_id": "623979f528db4b8dbe5bdcbb387b5dd0", "http_status": 200, "body": {"accepted": true, "real_timestamp_ms": 1789232971819, "virtual_time_s": 2993.238505, "measure_result": "no_signal"}}
2026-09-13 01:09:34,920 INFO request {"path": "/measure", "payload": {"arena_id": "default", "robot_id": "202601002029", "request_id": "8076226497e04c0facf5dbc7b204e680", "position": {"x": 1319.155555239117, "y": 1319.155555239117}, "channel": 5}, "attempt": 1}
2026-09-13 01:09:34,933 INFO response {"request_id": "8076226497e04c0facf5dbc7b204e680", "http_status": 200, "body": {"accepted": true, "real_timestamp_ms": 1789232971862, "virtual_time_s": 2999.238505, "measure_result": "no_signal"}}
2026-09-13 01:09:34,947 INFO request {"path": "/measure", "payload": {"arena_id": "default", "robot_id": "202601002029", "request_id": "ebc7b66a4ff84fb29cd0a6ff4e3b2cd2", "position": {"x": 1319.155555239117, "y": 1319.155555239117}, "channel": 9}, "attempt": 1}
2026-09-13 01:09:34,962 INFO response {"request_id": "ebc7b66a4ff84fb29cd0a6ff4e3b2cd2", "http_status": 200, "body": {"accepted": true, "real_timestamp_ms": 1789232971891, "virtual_time_s": 3005.238505, "measure_result": "no_signal"}}
2026-09-13 01:09:34,976 INFO request {"path": "/measure", "payload": {"arena_id": "default", "robot_id": "202601002029", "request_id": "553d54d1d9ed457d9092b3cac8e25a32", "position": {"x": 1319.155555239117, "y": 1319.155555239117}, "channel": 10}, "attempt": 1}
2026-09-13 01:09:34,978 INFO response {"request_id": "553d54d1d9ed457d9092b3cac8e25a32", "http_status": 200, "body": {"accepted": true, "real_timestamp_ms": 1789232971908, "virtual_time_s": 3011.238505, "measure_result": "no_signal"}}
2026-09-13 01:09:35,028 INFO request {"path": "/measure", "payload": {"arena_id": "default", "robot_id": "202601002029", "request_id": "9b26ddf6367c4930a0df622921dee3bd", "position": {"x": 1319.155555239117, "y": 1319.155555239117}, "channel": 4}, "attempt": 1}
2026-09-13 01:09:35,041 INFO response {"request_id": "9b26ddf6367c4930a0df622921dee3bd", "http_status": 200, "body": {"accepted": true, "real_timestamp_ms": 1789232971971, "virtual_time_s": 3017.238505, "measure_result": "direction", "svd_deg": 172.3}}
2026-09-13 01:09:35,483 INFO request {"path": "/measure", "payload": {"arena_id": "default", "robot_id": "202601002029", "request_id": "94b0910df7e240e7bde7d3a6e25b8c13", "position": {"x": 482.8444447608835, "y": 1801.9999999999998}, "channel": 1}, "attempt": 1}
2026-09-13 01:09:35,485 INFO response {"request_id": "94b0910df7e240e7bde7d3a6e25b8c13", "http_status": 200, "body": {"accepted": true, "real_timestamp_ms": 1789232972415, "virtual_time_s": 3216.376283, "measure_result": "no_signal"}}
2026-09-13 01:09:35,515 INFO request {"path": "/measure", "payload": {"arena_id": "default", "robot_id": "202601002029", "request_id": "10cf5aaaaaf54e96b21ac3b15947970a", "position": {"x": 482.8444447608835, "y": 1801.9999999999998}, "channel": 2}, "attempt": 1}
2026-09-13 01:09:35,517 INFO response {"request_id": "10cf5aaaaaf54e96b21ac3b15947970a", "http_status": 200, "body": {"accepted": true, "real_timestamp_ms": 1789232972447, "virtual_time_s": 3222.376283, "measure_result": "no_signal"}}
2026-09-13 01:09:35,548 INFO request {"path": "/measure", "payload": {"arena_id": "default", "robot_id": "202601002029", "request_id": "1f8a013652c744ae9e78abde57e9eab0", "position": {"x": 482.8444447608835, "y": 1801.9999999999998}, "channel": 5}, "attempt": 1}
2026-09-13 01:09:35,549 INFO response {"request_id": "1f8a013652c744ae9e78abde57e9eab0", "http_status": 200, "body": {"accepted": true, "real_timestamp_ms": 1789232972479, "virtual_time_s": 3228.376283, "measure_result": "no_signal"}}
2026-09-13 01:09:35,580 INFO request {"path": "/measure", "payload": {"arena_id": "default", "robot_id": "202601002029", "request_id": "615923ce9b8c4a7a9d5d904df0cbfb9c", "position": {"x": 482.8444447608835, "y": 1801.9999999999998}, "channel": 9}, "attempt": 1}
2026-09-13 01:09:35,581 INFO response {"request_id": "615923ce9b8c4a7a9d5d904df0cbfb9c", "http_status": 200, "body": {"accepted": true, "real_timestamp_ms": 1789232972512, "virtual_time_s": 3234.376283, "measure_result": "no_signal"}}
2026-09-13 01:09:35,612 INFO request {"path": "/measure", "payload": {"arena_id": "default", "robot_id": "202601002029", "request_id": "9d8feb5d378145f3bdef29b06122777c", "position": {"x": 482.8444447608835, "y": 1801.9999999999998}, "channel": 10}, "attempt": 1}
2026-09-13 01:09:35,614 INFO response {"request_id": "9d8feb5d378145f3bdef29b06122777c", "http_status": 200, "body": {"accepted": true, "real_timestamp_ms": 1789232972544, "virtual_time_s": 3240.376283, "measure_result": "no_signal"}}
2026-09-13 01:09:35,671 INFO request {"path": "/measure", "payload": {"arena_id": "default", "robot_id": "202601002029", "request_id": "52b28c7f2d5d4adbb409e722be0b84e0", "position": {"x": 482.8444447608835, "y": 1801.9999999999998}, "channel": 4}, "attempt": 1}
2026-09-13 01:09:35,684 INFO response {"request_id": "52b28c7f2d5d4adbb409e722be0b84e0", "http_status": 200, "body": {"accepted": true, "real_timestamp_ms": 1789232972614, "virtual_time_s": 3246.376283, "measure_result": "direction", "svd_deg": 235.01}}
2026-09-13 01:09:35,694 INFO request {"path": "/measure", "payload": {"arena_id": "default", "robot_id": "202601002029", "request_id": "8ebee27f87f845d8ac9b995deb467241", "position": {"x": 482.8444447608835, "y": 1801.9999999999998}, "channel": 19}, "attempt": 1}
2026-09-13 01:09:35,714 INFO response {"request_id": "8ebee27f87f845d8ac9b995deb467241", "http_status": 200, "body": {"accepted": true, "real_timestamp_ms": 1789232972645, "virtual_time_s": 3252.376283, "measure_result": "direction", "svd_deg": 242.37}}
2026-09-13 01:09:36,026 INFO request {"path": "/measure", "payload": {"arena_id": "default", "robot_id": "202601002029", "request_id": "e6443be42f064316a50f7fa235552ddf", "position": {"x": -482.8444447608829, "y": 1802.0}, "channel": 1}, "attempt": 1}
2026-09-13 01:09:36,039 INFO response {"request_id": "e6443be42f064316a50f7fa235552ddf", "http_status": 200, "body": {"accepted": true, "real_timestamp_ms": 1789232972969, "virtual_time_s": 3451.514061, "measure_result": "no_signal"}}
2026-09-13 01:09:36,054 INFO request {"path": "/measure", "payload": {"arena_id": "default", "robot_id": "202601002029", "request_id": "ddb3a96c93b64f08b1e008675c450594", "position": {"x": -482.8444447608829, "y": 1802.0}, "channel": 2}, "attempt": 1}
2026-09-13 01:09:36,056 INFO response {"request_id": "ddb3a96c93b64f08b1e008675c450594", "http_status": 200, "body": {"accepted": true, "real_timestamp_ms": 1789232972986, "virtual_time_s": 3457.514061, "measure_result": "no_signal"}}
2026-09-13 01:09:36,087 INFO request {"path": "/measure", "payload": {"arena_id": "default", "robot_id": "202601002029", "request_id": "fe7ffc76f29b435c80d628bf783d4fea", "position": {"x": -482.8444447608829, "y": 1802.0}, "channel": 5}, "attempt": 1}
2026-09-13 01:09:36,099 INFO response {"request_id": "fe7ffc76f29b435c80d628bf783d4fea", "http_status": 200, "body": {"accepted": true, "real_timestamp_ms": 1789232973029, "virtual_time_s": 3463.514061, "measure_result": "no_signal"}}
2026-09-13 01:09:36,115 INFO request {"path": "/measure", "payload": {"arena_id": "default", "robot_id": "202601002029", "request_id": "bd5a931a11c645df8eb16e91de7bf449", "position": {"x": -482.8444447608829, "y": 1802.0}, "channel": 9}, "attempt": 1}
2026-09-13 01:09:36,117 INFO response {"request_id": "bd5a931a11c645df8eb16e91de7bf449", "http_status": 200, "body": {"accepted": true, "real_timestamp_ms": 1789232973047, "virtual_time_s": 3469.514061, "measure_result": "no_signal"}}
2026-09-13 01:09:36,148 INFO request {"path": "/measure", "payload": {"arena_id": "default", "robot_id": "202601002029", "request_id": "976de9e9590c44d59bfadcd35e4ac5cf", "position": {"x": -482.8444447608829, "y": 1802.0}, "channel": 10}, "attempt": 1}
2026-09-13 01:09:36,150 INFO response {"request_id": "976de9e9590c44d59bfadcd35e4ac5cf", "http_status": 200, "body": {"accepted": true, "real_timestamp_ms": 1789232973080, "virtual_time_s": 3475.514061, "measure_result": "no_signal"}}
2026-09-13 01:09:36,190 INFO request {"path": "/measure", "payload": {"arena_id": "default", "robot_id": "202601002029", "request_id": "9d318dec613b4f9598c367f656e1dfbe", "position": {"x": -482.8444447608829, "y": 1802.0}, "channel": 19}, "attempt": 1}
2026-09-13 01:09:36,192 INFO response {"request_id": "9d318dec613b4f9598c367f656e1dfbe", "http_status": 200, "body": {"accepted": true, "real_timestamp_ms": 1789232973122, "virtual_time_s": 3481.514061, "measure_result": "direction", "svd_deg": 320.81}}
2026-09-13 01:09:36,347 INFO request {"path": "/measure", "payload": {"arena_id": "default", "robot_id": "202601002029", "request_id": "779e5a9109d34c7b8923bdb0a3e66990", "position": {"x": -1319.1555552391167, "y": 1319.155555239117}, "channel": 1}, "attempt": 1}
2026-09-13 01:09:36,366 INFO response {"request_id": "779e5a9109d34c7b8923bdb0a3e66990", "http_status": 200, "body": {"accepted": true, "real_timestamp_ms": 1789232973296, "virtual_time_s": 3680.651839, "measure_result": "no_signal"}}
2026-09-13 01:09:36,366 INFO request {"path": "/measure", "payload": {"arena_id": "default", "robot_id": "202601002029", "request_id": "2029086d7e0d4faca0dd73ee9002dd0a", "position": {"x": -1319.1555552391167, "y": 1319.155555239117}, "channel": 2}, "attempt": 1}
2026-09-13 01:09:36,385 INFO response {"request_id": "2029086d7e0d4faca0dd73ee9002dd0a", "http_status": 200, "body": {"accepted": true, "real_timestamp_ms": 1789232973315, "virtual_time_s": 3686.651839, "measure_result": "no_signal"}}
2026-09-13 01:09:36,400 INFO request {"path": "/measure", "payload": {"arena_id": "default", "robot_id": "202601002029", "request_id": "c1c7385ff5be4148bb78b89f0c6d68b9", "position": {"x": -1319.1555552391167, "y": 1319.155555239117}, "channel": 5}, "attempt": 1}
2026-09-13 01:09:36,402 INFO response {"request_id": "c1c7385ff5be4148bb78b89f0c6d68b9", "http_status": 200, "body": {"accepted": true, "real_timestamp_ms": 1789232973332, "virtual_time_s": 3692.651839, "measure_result": "no_signal"}}
2026-09-13 01:09:36,433 INFO request {"path": "/measure", "payload": {"arena_id": "default", "robot_id": "202601002029", "request_id": "e377aa79ce6848dabe1de93b297b140b", "position": {"x": -1319.1555552391167, "y": 1319.155555239117}, "channel": 9}, "attempt": 1}
2026-09-13 01:09:36,436 INFO response {"request_id": "e377aa79ce6848dabe1de93b297b140b", "http_status": 200, "body": {"accepted": true, "real_timestamp_ms": 1789232973366, "virtual_time_s": 3698.651839, "measure_result": "no_signal"}}
2026-09-13 01:09:36,467 INFO request {"path": "/measure", "payload": {"arena_id": "default", "robot_id": "202601002029", "request_id": "15e0ff7038544372ae4865faf29fb9ad", "position": {"x": -1319.1555552391167, "y": 1319.155555239117}, "channel": 10}, "attempt": 1}
2026-09-13 01:09:36,470 INFO response {"request_id": "15e0ff7038544372ae4865faf29fb9ad", "http_status": 200, "body": {"accepted": true, "real_timestamp_ms": 1789232973399, "virtual_time_s": 3704.651839, "measure_result": "no_signal"}}
2026-09-13 01:09:36,582 INFO request {"path": "/measure", "payload": {"arena_id": "default", "robot_id": "202601002029", "request_id": "10a6d51fdc94496ab013a06e92423760", "position": {"x": -1801.9999999999998, "y": 482.84444476088356}, "channel": 10}, "attempt": 1}
2026-09-13 01:09:36,602 INFO response {"request_id": "10a6d51fdc94496ab013a06e92423760", "http_status": 200, "body": {"accepted": true, "real_timestamp_ms": 1789232973532, "virtual_time_s": 3902.789617, "measure_result": "no_signal"}}
2026-09-13 01:09:36,618 INFO request {"path": "/measure", "payload": {"arena_id": "default", "robot_id": "202601002029", "request_id": "a2684d1d69944a85af152d4270812d32", "position": {"x": -1801.9999999999998, "y": 482.84444476088356}, "channel": 1}, "attempt": 1}
2026-09-13 01:09:36,618 INFO response {"request_id": "a2684d1d69944a85af152d4270812d32", "http_status": 200, "body": {"accepted": true, "real_timestamp_ms": 1789232973549, "virtual_time_s": 3908.789617, "measure_result": "no_signal"}}
2026-09-13 01:09:36,650 INFO request {"path": "/measure", "payload": {"arena_id": "default", "robot_id": "202601002029", "request_id": "56c9c68165e44fe793c32e1464d8c84b", "position": {"x": -1801.9999999999998, "y": 482.84444476088356}, "channel": 2}, "attempt": 1}
2026-09-13 01:09:36,653 INFO response {"request_id": "56c9c68165e44fe793c32e1464d8c84b", "http_status": 200, "body": {"accepted": true, "real_timestamp_ms": 1789232973582, "virtual_time_s": 3914.789617, "measure_result": "no_signal"}}
2026-09-13 01:09:36,683 INFO request {"path": "/measure", "payload": {"arena_id": "default", "robot_id": "202601002029", "request_id": "4ebf806ecfd04643ac3113f59ec1e6c0", "position": {"x": -1801.9999999999998, "y": 482.84444476088356}, "channel": 5}, "attempt": 1}
2026-09-13 01:09:36,685 INFO response {"request_id": "4ebf806ecfd04643ac3113f59ec1e6c0", "http_status": 200, "body": {"accepted": true, "real_timestamp_ms": 1789232973615, "virtual_time_s": 3920.789617, "measure_result": "no_signal"}}
2026-09-13 01:09:36,716 INFO request {"path": "/measure", "payload": {"arena_id": "default", "robot_id": "202601002029", "request_id": "16b22778cc6740fa8e354ebfde5a8aea", "position": {"x": -1801.9999999999998, "y": 482.84444476088356}, "channel": 9}, "attempt": 1}
2026-09-13 01:09:36,730 INFO response {"request_id": "16b22778cc6740fa8e354ebfde5a8aea", "http_status": 200, "body": {"accepted": true, "real_timestamp_ms": 1789232973660, "virtual_time_s": 3926.789617, "measure_result": "no_signal"}}
2026-09-13 01:09:36,773 INFO request {"path": "/measure", "payload": {"arena_id": "default", "robot_id": "202601002029", "request_id": "a73e367ff5f845358c765b7b53b8f3d6", "position": {"x": -1801.9999999999998, "y": 482.84444476088356}, "channel": 8}, "attempt": 1}
2026-09-13 01:09:36,776 INFO response {"request_id": "a73e367ff5f845358c765b7b53b8f3d6", "http_status": 200, "body": {"accepted": true, "real_timestamp_ms": 1789232973705, "virtual_time_s": 3932.789617, "measure_result": "direction", "svd_deg": 284.37}}
2026-09-13 01:09:36,802 INFO request {"path": "/clear", "payload": {"arena_id": "default", "robot_id": "202601002029", "request_id": "c3125909fe8f427283530c0f8ee7b4be", "position": {"x": -1604.7053002981772, "y": -290.78181151457386}, "channel": 8}, "attempt": 1}
2026-09-13 01:09:36,804 INFO response {"request_id": "c3125909fe8f427283530c0f8ee7b4be", "http_status": 200, "body": {"accepted": true, "real_timestamp_ms": 1789232973734, "virtual_time_s": 4097.46714, "clear_result": "success"}}
2026-09-13 01:09:36,836 INFO request {"path": "/measure", "payload": {"arena_id": "default", "robot_id": "202601002029", "request_id": "9a373454fe7a4f67a069db5d7647771a", "position": {"x": -1802.0000000000002, "y": -482.84444476088237}, "channel": 1}, "attempt": 1}
2026-09-13 01:09:36,849 INFO response {"request_id": "9a373454fe7a4f67a069db5d7647771a", "http_status": 200, "body": {"accepted": true, "real_timestamp_ms": 1789232973779, "virtual_time_s": 4158.535553, "measure_result": "no_signal"}}
2026-09-13 01:09:36,865 INFO request {"path": "/measure", "payload": {"arena_id": "default", "robot_id": "202601002029", "request_id": "b971767dd9104f7fbebcc431ab93f295", "position": {"x": -1802.0000000000002, "y": -482.84444476088237}, "channel": 2}, "attempt": 1}
2026-09-13 01:09:36,880 INFO response {"request_id": "b971767dd9104f7fbebcc431ab93f295", "http_status": 200, "body": {"accepted": true, "real_timestamp_ms": 1789232973809, "virtual_time_s": 4164.535553, "measure_result": "no_signal"}}
2026-09-13 01:09:36,894 INFO request {"path": "/measure", "payload": {"arena_id": "default", "robot_id": "202601002029", "request_id": "f83a2eb4f6824aa0a7659eda65c2b011", "position": {"x": -1802.0000000000002, "y": -482.84444476088237}, "channel": 5}, "attempt": 1}
2026-09-13 01:09:36,909 INFO response {"request_id": "f83a2eb4f6824aa0a7659eda65c2b011", "http_status": 200, "body": {"accepted": true, "real_timestamp_ms": 1789232973839, "virtual_time_s": 4170.535553, "measure_result": "no_signal"}}
2026-09-13 01:09:36,924 INFO request {"path": "/measure", "payload": {"arena_id": "default", "robot_id": "202601002029", "request_id": "1676efdfe9d94644ab0a5872f6298030", "position": {"x": -1802.0000000000002, "y": -482.84444476088237}, "channel": 9}, "attempt": 1}
2026-09-13 01:09:36,938 INFO response {"request_id": "1676efdfe9d94644ab0a5872f6298030", "http_status": 200, "body": {"accepted": true, "real_timestamp_ms": 1789232973868, "virtual_time_s": 4176.535553, "measure_result": "no_signal"}}
2026-09-13 01:09:36,953 INFO request {"path": "/measure", "payload": {"arena_id": "default", "robot_id": "202601002029", "request_id": "260bac8e3a864a1fb047f56a724473ad", "position": {"x": -1802.0000000000002, "y": -482.84444476088237}, "channel": 10}, "attempt": 1}
2026-09-13 01:09:36,955 INFO response {"request_id": "260bac8e3a864a1fb047f56a724473ad", "http_status": 200, "body": {"accepted": true, "real_timestamp_ms": 1789232973885, "virtual_time_s": 4182.535553, "measure_result": "no_signal"}}
2026-09-13 01:09:36,973 INFO request {"path": "/measure", "payload": {"arena_id": "default", "robot_id": "202601002029", "request_id": "6619862454e540b4923dcc0d1becf115", "position": {"x": -1319.1555552391176, "y": -1319.1555552391162}, "channel": 10}, "attempt": 1}
2026-09-13 01:09:36,987 INFO response {"request_id": "6619862454e540b4923dcc0d1becf115", "http_status": 200, "body": {"accepted": true, "real_timestamp_ms": 1789232973917, "virtual_time_s": 4380.673331, "measure_result": "no_signal"}}
2026-09-13 01:09:37,002 INFO request {"path": "/measure", "payload": {"arena_id": "default", "robot_id": "202601002029", "request_id": "3a03830b47944d90b8fd4bde4107957f", "position": {"x": -1319.1555552391176, "y": -1319.1555552391162}, "channel": 1}, "attempt": 1}
2026-09-13 01:09:37,004 INFO response {"request_id": "3a03830b47944d90b8fd4bde4107957f", "http_status": 200, "body": {"accepted": true, "real_timestamp_ms": 1789232973934, "virtual_time_s": 4386.673331, "measure_result": "no_signal"}}
2026-09-13 01:09:37,019 INFO request {"path": "/measure", "payload": {"arena_id": "default", "robot_id": "202601002029", "request_id": "4dcd5d74cb794d9996887374173f7e5a", "position": {"x": -1319.1555552391176, "y": -1319.1555552391162}, "channel": 2}, "attempt": 1}
2026-09-13 01:09:37,020 INFO response {"request_id": "4dcd5d74cb794d9996887374173f7e5a", "http_status": 200, "body": {"accepted": true, "real_timestamp_ms": 1789232973950, "virtual_time_s": 4392.673331, "measure_result": "no_signal"}}
2026-09-13 01:09:37,036 INFO request {"path": "/measure", "payload": {"arena_id": "default", "robot_id": "202601002029", "request_id": "b5a58f5c284a4317aed7665de9b6ada2", "position": {"x": -1319.1555552391176, "y": -1319.1555552391162}, "channel": 5}, "attempt": 1}
2026-09-13 01:09:37,041 INFO response {"request_id": "b5a58f5c284a4317aed7665de9b6ada2", "http_status": 200, "body": {"accepted": true, "real_timestamp_ms": 1789232973970, "virtual_time_s": 4398.673331, "measure_result": "direction", "svd_deg": 335.05}}
2026-09-13 01:09:37,105 INFO request {"path": "/measure", "payload": {"arena_id": "default", "robot_id": "202601002029", "request_id": "4cd3e4f7d2ec4d018540f27730e62fc1", "position": {"x": -1237.5546931080494, "y": -1357.120003074774}, "channel": 5}, "attempt": 1}
2026-09-13 01:09:37,125 INFO response {"request_id": "4cd3e4f7d2ec4d018540f27730e62fc1", "http_status": 200, "body": {"accepted": true, "real_timestamp_ms": 1789232974056, "virtual_time_s": 4421.673331, "measure_result": "direction", "svd_deg": 333.95}}
2026-09-13 01:09:37,129 INFO request {"path": "/measure", "payload": {"arena_id": "default", "robot_id": "202601002029", "request_id": "6549b4ee879e4b75ae733480a4169325", "position": {"x": -1170.2832377396226, "y": -1376.4733307631527}, "channel": 5}, "attempt": 1}
2026-09-13 01:09:37,129 INFO response {"request_id": "6549b4ee879e4b75ae733480a4169325", "http_status": 200, "body": {"accepted": true, "real_timestamp_ms": 1789232974060, "virtual_time_s": 4440.673331, "measure_result": "direction", "svd_deg": 332.77}}
2026-09-13 01:09:37,165 INFO request {"path": "/measure", "payload": {"arena_id": "default", "robot_id": "202601002029", "request_id": "f70d960e3d1d42b9badf63eb897c3d1f", "position": {"x": -1135.425632367107, "y": -1404.9329046829073}, "channel": 5}, "attempt": 1}
2026-09-13 01:09:37,168 INFO response {"request_id": "f70d960e3d1d42b9badf63eb897c3d1f", "http_status": 200, "body": {"accepted": true, "real_timestamp_ms": 1789232974098, "virtual_time_s": 4454.673331, "measure_result": "direction", "svd_deg": 333.98}}
2026-09-13 01:09:37,194 INFO request {"path": "/measure", "payload": {"arena_id": "default", "robot_id": "202601002029", "request_id": "308fb60d32da44608bede2de4efc82f6", "position": {"x": -1111.6519175902135, "y": -1412.6666286052437}, "channel": 5}, "attempt": 1}
2026-09-13 01:09:37,214 INFO response {"request_id": "308fb60d32da44608bede2de4efc82f6", "http_status": 200, "body": {"accepted": true, "real_timestamp_ms": 1789232974144, "virtual_time_s": 4464.673331, "measure_result": "direction", "svd_deg": 333.7}}
2026-09-13 01:09:39,282 INFO request {"path": "/measure", "payload": {"arena_id": "default", "robot_id": "202601002029", "request_id": "95c0aa25b570410fbcf3e713eafffc9c", "position": {"x": -917.4563679834139, "y": -1703.8505713509126}, "channel": 5}, "attempt": 1}
2026-09-13 01:09:39,283 INFO response {"request_id": "95c0aa25b570410fbcf3e713eafffc9c", "http_status": 200, "body": {"accepted": true, "real_timestamp_ms": 1789232976213, "virtual_time_s": 4539.673331, "measure_result": "direction", "svd_deg": 9.02}}
2026-09-13 01:09:39,304 INFO request {"path": "/clear", "payload": {"arena_id": "default", "robot_id": "202601002029", "request_id": "582174f8f51841f484dbc7a4e08f06dd", "position": {"x": -614.7984934021683, "y": -1656.1027649860064}, "channel": 5}, "attempt": 1}
2026-09-13 01:09:39,306 INFO response {"request_id": "582174f8f51841f484dbc7a4e08f06dd", "http_status": 200, "body": {"accepted": true, "real_timestamp_ms": 1789232976236, "virtual_time_s": 4605.953554, "clear_result": "success"}}
2026-09-13 01:09:39,337 INFO request {"path": "/clear", "payload": {"arena_id": "default", "robot_id": "202601002029", "request_id": "c6ea9c3310504ceab9b894187b364e28", "position": {"x": -604.2599747537577, "y": -1168.990061592841}, "channel": 7}, "attempt": 1}
2026-09-13 01:09:39,339 INFO response {"request_id": "c6ea9c3310504ceab9b894187b364e28", "http_status": 200, "body": {"accepted": true, "real_timestamp_ms": 1789232976269, "virtual_time_s": 4708.398892, "clear_result": "success"}}
2026-09-13 01:09:39,370 INFO request {"path": "/clear", "payload": {"arena_id": "default", "robot_id": "202601002029", "request_id": "171c2ccb2b3d486e85f11d1006123e94", "position": {"x": -519.000354072897, "y": -871.4562615182618}, "channel": 11}, "attempt": 1}
2026-09-13 01:09:39,389 INFO response {"request_id": "171c2ccb2b3d486e85f11d1006123e94", "http_status": 200, "body": {"accepted": true, "real_timestamp_ms": 1789232976319, "virtual_time_s": 4775.300609, "clear_result": "success"}}
2026-09-13 01:09:39,405 INFO request {"path": "/clear", "payload": {"arena_id": "default", "robot_id": "202601002029", "request_id": "2de732c083ce4e37b58b9e0f13780545", "position": {"x": -871.1908559588601, "y": -888.9362942480718}, "channel": 14}, "attempt": 1}
2026-09-13 01:09:39,418 INFO response {"request_id": "2de732c083ce4e37b58b9e0f13780545", "http_status": 200, "body": {"accepted": true, "real_timestamp_ms": 1789232976348, "virtual_time_s": 4850.825413, "clear_result": "success"}}
2026-09-13 01:09:39,432 INFO request {"path": "/clear", "payload": {"arena_id": "default", "robot_id": "202601002029", "request_id": "8bdc0fbe122a4604a4d32348e46eff03", "position": {"x": -520.5399059245785, "y": 312.69414639309645}, "channel": 12}, "attempt": 1}
2026-09-13 01:09:39,448 INFO response {"request_id": "8bdc0fbe122a4604a4d32348e46eff03", "http_status": 200, "body": {"accepted": true, "real_timestamp_ms": 1789232976377, "virtual_time_s": 5106.174913, "clear_result": "success"}}
2026-09-13 01:09:39,464 INFO request {"path": "/clear", "payload": {"arena_id": "default", "robot_id": "202601002029", "request_id": "0df39b3671494c8cb1236e0f222e91f6", "position": {"x": -609.4260464013637, "y": 629.1011079114634}, "channel": 13}, "attempt": 1}
2026-09-13 01:09:39,466 INFO response {"request_id": "0df39b3671494c8cb1236e0f222e91f6", "http_status": 200, "body": {"accepted": true, "real_timestamp_ms": 1789232976396, "virtual_time_s": 5176.905914, "clear_result": "success"}}
2026-09-13 01:09:39,497 INFO request {"path": "/clear", "payload": {"arena_id": "default", "robot_id": "202601002029", "request_id": "a9333bc3cc9d43f88de4420bdf9b4b14", "position": {"x": 192.54489485657206, "y": 1255.2232023405445}, "channel": 19}, "attempt": 1}
2026-09-13 01:09:39,516 INFO response {"request_id": "a9333bc3cc9d43f88de4420bdf9b4b14", "http_status": 200, "body": {"accepted": true, "real_timestamp_ms": 1789232976446, "virtual_time_s": 5385.394122, "clear_result": "success"}}
2026-09-13 01:09:39,531 INFO request {"path": "/clear", "payload": {"arena_id": "default", "robot_id": "202601002029", "request_id": "c5e0cf90dd1d4ec0aa197b7e06c18ae3", "position": {"x": 239.1444135370544, "y": 1462.0024889362376}, "channel": 4}, "attempt": 1}
2026-09-13 01:09:39,549 INFO response {"request_id": "c5e0cf90dd1d4ec0aa197b7e06c18ae3", "http_status": 200, "body": {"accepted": true, "real_timestamp_ms": 1789232976476, "virtual_time_s": 5432.787135, "clear_result": "success"}}
2026-09-13 01:09:39,564 INFO request {"path": "/clear", "payload": {"arena_id": "default", "robot_id": "202601002029", "request_id": "d0337d12febc414e8d2e5c147f0d72eb", "position": {"x": 1172.6316838343296, "y": 838.239568791054}, "channel": 3}, "attempt": 1}
2026-09-13 01:09:39,575 INFO response {"request_id": "d0337d12febc414e8d2e5c147f0d72eb", "http_status": 200, "body": {"accepted": true, "real_timestamp_ms": 1789232976506, "virtual_time_s": 5662.329217, "clear_result": "success"}}
2026-09-13 01:09:39,592 INFO request {"path": "/clear", "payload": {"arena_id": "default", "robot_id": "202601002029", "request_id": "e0bb6dee51ad4d98ae9fc734ce4f7c06", "position": {"x": 959.1414663665039, "y": 581.7789641199761}, "channel": 16}, "attempt": 1}
2026-09-13 01:09:39,594 INFO response {"request_id": "e0bb6dee51ad4d98ae9fc734ce4f7c06", "http_status": 200, "body": {"accepted": true, "real_timestamp_ms": 1789232976524, "virtual_time_s": 5734.067546, "clear_result": "success"}}
2026-09-13 01:09:39,625 INFO request {"path": "/clear", "payload": {"arena_id": "default", "robot_id": "202601002029", "request_id": "96c15baa94164d2e92d2418028438c3d", "position": {"x": 1199.5287149047144, "y": 330.208723289335}, "channel": 15}, "attempt": 1}
2026-09-13 01:09:39,643 INFO response {"request_id": "96c15baa94164d2e92d2418028438c3d", "http_status": 200, "body": {"accepted": true, "real_timestamp_ms": 1789232976573, "virtual_time_s": 5808.658814, "clear_result": "success"}}
2026-09-13 01:09:39,658 INFO request {"path": "/exit", "payload": {"arena_id": "default", "robot_id": "202601002029", "request_id": "d1a6189d8c9248409eb0d164dd5fb6e8"}, "attempt": 1}
2026-09-13 01:09:39,673 INFO response {"request_id": "d1a6189d8c9248409eb0d164dd5fb6e8", "http_status": 200, "body": {"accepted": true, "real_timestamp_ms": 1789232976603, "virtual_time_s": 5808.658814, "exit_reason": "user_exit"}}
