2026-09-12 22:14:34,112 INFO request {"path": "/enter", "payload": {"arena_id": "default", "robot_id": "202601002029", "request_id": "2733b01adc534b03881ce5c003773de3"}, "attempt": 1}
2026-09-12 22:14:34,115 INFO response {"request_id": "2733b01adc534b03881ce5c003773de3", "http_status": 200, "body": {"accepted": true, "real_timestamp_ms": 1789222470984, "virtual_time_s": 0, "max_virtual_duration_s": 360000, "max_real_duration_s": 1200, "remaining_real_duration_s": 1200}}
2026-09-12 22:14:34,130 INFO request {"path": "/measure", "payload": {"arena_id": "default", "robot_id": "202601002029", "request_id": "906be383ca484993b4a0997a2c788db7", "position": {"x": 0.0, "y": 0.0}, "channel": 1}, "attempt": 1}
2026-09-12 22:14:34,130 INFO response {"request_id": "906be383ca484993b4a0997a2c788db7", "http_status": 200, "body": {"accepted": true, "real_timestamp_ms": 1789222471000, "virtual_time_s": 5, "measure_result": "direction", "svd_deg": 97.6}}
2026-09-12 22:14:34,167 INFO request {"path": "/measure", "payload": {"arena_id": "default", "robot_id": "202601002029", "request_id": "a5e26a1cd95b41d0959a284f2ad2673a", "position": {"x": 0.0, "y": 0.0}, "channel": 2}, "attempt": 1}
2026-09-12 22:14:34,169 INFO response {"request_id": "a5e26a1cd95b41d0959a284f2ad2673a", "http_status": 200, "body": {"accepted": true, "real_timestamp_ms": 1789222471038, "virtual_time_s": 11, "measure_result": "no_signal"}}
2026-09-12 22:14:34,200 INFO request {"path": "/measure", "payload": {"arena_id": "default", "robot_id": "202601002029", "request_id": "ab8439e7c53d4d998c257b6558782878", "position": {"x": 0.0, "y": 0.0}, "channel": 3}, "attempt": 1}
2026-09-12 22:14:34,217 INFO response {"request_id": "ab8439e7c53d4d998c257b6558782878", "http_status": 200, "body": {"accepted": true, "real_timestamp_ms": 1789222471086, "virtual_time_s": 17, "measure_result": "no_signal"}}
2026-09-12 22:14:34,232 INFO request {"path": "/measure", "payload": {"arena_id": "default", "robot_id": "202601002029", "request_id": "e8ba59cc564e41de94e70318b30ef613", "position": {"x": 0.0, "y": 0.0}, "channel": 4}, "attempt": 1}
2026-09-12 22:14:34,234 INFO response {"request_id": "e8ba59cc564e41de94e70318b30ef613", "http_status": 200, "body": {"accepted": true, "real_timestamp_ms": 1789222471103, "virtual_time_s": 23, "measure_result": "no_signal"}}
2026-09-12 22:14:34,265 INFO request {"path": "/measure", "payload": {"arena_id": "default", "robot_id": "202601002029", "request_id": "c71d7b23721142e987583bde0c1b9700", "position": {"x": 0.0, "y": 0.0}, "channel": 5}, "attempt": 1}
2026-09-12 22:14:34,286 INFO response {"request_id": "c71d7b23721142e987583bde0c1b9700", "http_status": 200, "body": {"accepted": true, "real_timestamp_ms": 1789222471155, "virtual_time_s": 29, "measure_result": "no_signal"}}
2026-09-12 22:14:34,286 INFO request {"path": "/measure", "payload": {"arena_id": "default", "robot_id": "202601002029", "request_id": "3a1f40daf63b4c06a230a0a69875f9bd", "position": {"x": 0.0, "y": 0.0}, "channel": 6}, "attempt": 1}
2026-09-12 22:14:34,288 INFO response {"request_id": "3a1f40daf63b4c06a230a0a69875f9bd", "http_status": 200, "body": {"accepted": true, "real_timestamp_ms": 1789222471157, "virtual_time_s": 35, "measure_result": "no_signal"}}
2026-09-12 22:14:34,319 INFO request {"path": "/measure", "payload": {"arena_id": "default", "robot_id": "202601002029", "request_id": "08c6a9978eb140439ebb5907ba161775", "position": {"x": 0.0, "y": 0.0}, "channel": 7}, "attempt": 1}
2026-09-12 22:14:34,335 INFO response {"request_id": "08c6a9978eb140439ebb5907ba161775", "http_status": 200, "body": {"accepted": true, "real_timestamp_ms": 1789222471204, "virtual_time_s": 41, "measure_result": "no_signal"}}
2026-09-12 22:14:34,350 INFO request {"path": "/measure", "payload": {"arena_id": "default", "robot_id": "202601002029", "request_id": "e3308ce438df4060a67092e7c62d09fb", "position": {"x": 0.0, "y": 0.0}, "channel": 8}, "attempt": 1}
2026-09-12 22:14:34,365 INFO response {"request_id": "e3308ce438df4060a67092e7c62d09fb", "http_status": 200, "body": {"accepted": true, "real_timestamp_ms": 1789222471234, "virtual_time_s": 47, "measure_result": "no_signal"}}
2026-09-12 22:14:34,380 INFO request {"path": "/measure", "payload": {"arena_id": "default", "robot_id": "202601002029", "request_id": "257c28e907254f8992f95dad00009ae8", "position": {"x": 0.0, "y": 0.0}, "channel": 9}, "attempt": 1}
2026-09-12 22:14:34,395 INFO response {"request_id": "257c28e907254f8992f95dad00009ae8", "http_status": 200, "body": {"accepted": true, "real_timestamp_ms": 1789222471263, "virtual_time_s": 53, "measure_result": "direction", "svd_deg": 355.66}}
2026-09-12 22:14:34,414 INFO request {"path": "/measure", "payload": {"arena_id": "default", "robot_id": "202601002029", "request_id": "a79fedb7df94480cb7b7751b6460ab71", "position": {"x": 0.0, "y": 0.0}, "channel": 10}, "attempt": 1}
2026-09-12 22:14:34,434 INFO response {"request_id": "a79fedb7df94480cb7b7751b6460ab71", "http_status": 200, "body": {"accepted": true, "real_timestamp_ms": 1789222471302, "virtual_time_s": 59, "measure_result": "no_signal"}}
2026-09-12 22:14:34,448 INFO request {"path": "/measure", "payload": {"arena_id": "default", "robot_id": "202601002029", "request_id": "f5b520d9d81540cb8b4735130d5c84a3", "position": {"x": 0.0, "y": 0.0}, "channel": 11}, "attempt": 1}
2026-09-12 22:14:34,463 INFO response {"request_id": "f5b520d9d81540cb8b4735130d5c84a3", "http_status": 200, "body": {"accepted": true, "real_timestamp_ms": 1789222471332, "virtual_time_s": 65, "measure_result": "no_signal"}}
2026-09-12 22:14:34,478 INFO request {"path": "/measure", "payload": {"arena_id": "default", "robot_id": "202601002029", "request_id": "aeb1a118293c408790ef809a17a5ea74", "position": {"x": 0.0, "y": 0.0}, "channel": 12}, "attempt": 1}
2026-09-12 22:14:34,492 INFO response {"request_id": "aeb1a118293c408790ef809a17a5ea74", "http_status": 200, "body": {"accepted": true, "real_timestamp_ms": 1789222471361, "virtual_time_s": 71, "measure_result": "no_signal"}}
2026-09-12 22:14:34,507 INFO request {"path": "/measure", "payload": {"arena_id": "default", "robot_id": "202601002029", "request_id": "d36414ff21ec43caadd15b41f0dd3a16", "position": {"x": 0.0, "y": 0.0}, "channel": 13}, "attempt": 1}
2026-09-12 22:14:34,510 INFO response {"request_id": "d36414ff21ec43caadd15b41f0dd3a16", "http_status": 200, "body": {"accepted": true, "real_timestamp_ms": 1789222471378, "virtual_time_s": 77, "measure_result": "no_signal"}}
2026-09-12 22:14:34,542 INFO request {"path": "/measure", "payload": {"arena_id": "default", "robot_id": "202601002029", "request_id": "6f644ba3f6b5457c8ecac273bb5c9a1d", "position": {"x": 0.0, "y": 0.0}, "channel": 14}, "attempt": 1}
2026-09-12 22:14:34,544 INFO response {"request_id": "6f644ba3f6b5457c8ecac273bb5c9a1d", "http_status": 200, "body": {"accepted": true, "real_timestamp_ms": 1789222471413, "virtual_time_s": 83, "measure_result": "direction", "svd_deg": 295.2}}
2026-09-12 22:14:34,579 INFO request {"path": "/measure", "payload": {"arena_id": "default", "robot_id": "202601002029", "request_id": "9bdbe7ab855845b2b59fa429a8c910df", "position": {"x": 0.0, "y": 0.0}, "channel": 15}, "attempt": 1}
2026-09-12 22:14:34,581 INFO response {"request_id": "9bdbe7ab855845b2b59fa429a8c910df", "http_status": 200, "body": {"accepted": true, "real_timestamp_ms": 1789222471450, "virtual_time_s": 89, "measure_result": "direction", "svd_deg": 247.25}}
2026-09-12 22:14:34,600 INFO request {"path": "/measure", "payload": {"arena_id": "default", "robot_id": "202601002029", "request_id": "bd9f3a6b024a4cd0a02781a627c45488", "position": {"x": 0.0, "y": 0.0}, "channel": 16}, "attempt": 1}
2026-09-12 22:14:34,602 INFO response {"request_id": "bd9f3a6b024a4cd0a02781a627c45488", "http_status": 200, "body": {"accepted": true, "real_timestamp_ms": 1789222471471, "virtual_time_s": 95, "measure_result": "no_signal"}}
2026-09-12 22:14:34,633 INFO request {"path": "/measure", "payload": {"arena_id": "default", "robot_id": "202601002029", "request_id": "5a64d97a4df340a180036053298f4c01", "position": {"x": 0.0, "y": 0.0}, "channel": 17}, "attempt": 1}
2026-09-12 22:14:34,652 INFO response {"request_id": "5a64d97a4df340a180036053298f4c01", "http_status": 200, "body": {"accepted": true, "real_timestamp_ms": 1789222471521, "virtual_time_s": 101, "measure_result": "no_signal"}}
2026-09-12 22:14:34,668 INFO request {"path": "/measure", "payload": {"arena_id": "default", "robot_id": "202601002029", "request_id": "b2906fd8029e4b98a6cc93a153fb60c1", "position": {"x": 0.0, "y": 0.0}, "channel": 18}, "attempt": 1}
2026-09-12 22:14:34,679 INFO response {"request_id": "b2906fd8029e4b98a6cc93a153fb60c1", "http_status": 200, "body": {"accepted": true, "real_timestamp_ms": 1789222471549, "virtual_time_s": 107, "measure_result": "direction", "svd_deg": 139.34}}
2026-09-12 22:14:34,696 INFO request {"path": "/measure", "payload": {"arena_id": "default", "robot_id": "202601002029", "request_id": "3e9808ee050a4f53b75593b615ec0ffa", "position": {"x": 0.0, "y": 0.0}, "channel": 19}, "attempt": 1}
2026-09-12 22:14:34,698 INFO response {"request_id": "3e9808ee050a4f53b75593b615ec0ffa", "http_status": 200, "body": {"accepted": true, "real_timestamp_ms": 1789222471567, "virtual_time_s": 113, "measure_result": "no_signal"}}
2026-09-12 22:14:34,729 INFO request {"path": "/measure", "payload": {"arena_id": "default", "robot_id": "202601002029", "request_id": "7cddcccd85914da187a7c6a339549c59", "position": {"x": 0.0, "y": 0.0}, "channel": 20}, "attempt": 1}
2026-09-12 22:14:34,750 INFO response {"request_id": "7cddcccd85914da187a7c6a339549c59", "http_status": 200, "body": {"accepted": true, "real_timestamp_ms": 1789222471619, "virtual_time_s": 119, "measure_result": "direction", "svd_deg": 211.03}}
2026-09-12 22:14:34,758 INFO request {"path": "/measure", "payload": {"arena_id": "default", "robot_id": "202601002029", "request_id": "941691f364014c2da0efb08e551891c8", "position": {"x": 980.0, "y": 0.0}, "channel": 2}, "attempt": 1}
2026-09-12 22:14:34,760 INFO response {"request_id": "941691f364014c2da0efb08e551891c8", "http_status": 200, "body": {"accepted": true, "real_timestamp_ms": 1789222471629, "virtual_time_s": 321, "measure_result": "no_signal"}}
2026-09-12 22:14:34,791 INFO request {"path": "/measure", "payload": {"arena_id": "default", "robot_id": "202601002029", "request_id": "99e81a3ab73e429cbcc465304edb3cab", "position": {"x": 980.0, "y": 0.0}, "channel": 3}, "attempt": 1}
2026-09-12 22:14:34,794 INFO response {"request_id": "99e81a3ab73e429cbcc465304edb3cab", "http_status": 200, "body": {"accepted": true, "real_timestamp_ms": 1789222471662, "virtual_time_s": 327, "measure_result": "no_signal"}}
2026-09-12 22:14:34,825 INFO request {"path": "/measure", "payload": {"arena_id": "default", "robot_id": "202601002029", "request_id": "108563e99064463e87fa1954e38352e6", "position": {"x": 980.0, "y": 0.0}, "channel": 4}, "attempt": 1}
2026-09-12 22:14:34,827 INFO response {"request_id": "108563e99064463e87fa1954e38352e6", "http_status": 200, "body": {"accepted": true, "real_timestamp_ms": 1789222471696, "virtual_time_s": 333, "measure_result": "no_signal"}}
2026-09-12 22:14:34,858 INFO request {"path": "/measure", "payload": {"arena_id": "default", "robot_id": "202601002029", "request_id": "398f197512564c8db49f331e0f12cfc4", "position": {"x": 980.0, "y": 0.0}, "channel": 5}, "attempt": 1}
2026-09-12 22:14:34,881 INFO response {"request_id": "398f197512564c8db49f331e0f12cfc4", "http_status": 200, "body": {"accepted": true, "real_timestamp_ms": 1789222471749, "virtual_time_s": 339, "measure_result": "no_signal"}}
2026-09-12 22:14:34,881 INFO request {"path": "/measure", "payload": {"arena_id": "default", "robot_id": "202601002029", "request_id": "ea1af1ded27c4f14bc44d88d1a1edd38", "position": {"x": 980.0, "y": 0.0}, "channel": 6}, "attempt": 1}
2026-09-12 22:14:34,884 INFO response {"request_id": "ea1af1ded27c4f14bc44d88d1a1edd38", "http_status": 200, "body": {"accepted": true, "real_timestamp_ms": 1789222471752, "virtual_time_s": 345, "measure_result": "no_signal"}}
2026-09-12 22:14:34,914 INFO request {"path": "/measure", "payload": {"arena_id": "default", "robot_id": "202601002029", "request_id": "f80cc07b40ca42c6927f74d9dd67b414", "position": {"x": 980.0, "y": 0.0}, "channel": 7}, "attempt": 1}
2026-09-12 22:14:34,930 INFO response {"request_id": "f80cc07b40ca42c6927f74d9dd67b414", "http_status": 200, "body": {"accepted": true, "real_timestamp_ms": 1789222471799, "virtual_time_s": 351, "measure_result": "no_signal"}}
2026-09-12 22:14:34,945 INFO request {"path": "/measure", "payload": {"arena_id": "default", "robot_id": "202601002029", "request_id": "62a19da05c404487aef8547cd36b8661", "position": {"x": 980.0, "y": 0.0}, "channel": 8}, "attempt": 1}
2026-09-12 22:14:34,947 INFO response {"request_id": "62a19da05c404487aef8547cd36b8661", "http_status": 200, "body": {"accepted": true, "real_timestamp_ms": 1789222471816, "virtual_time_s": 357, "measure_result": "no_signal"}}
2026-09-12 22:14:34,978 INFO request {"path": "/measure", "payload": {"arena_id": "default", "robot_id": "202601002029", "request_id": "988211d5d8d34119987432be71b33c84", "position": {"x": 980.0, "y": 0.0}, "channel": 10}, "attempt": 1}
2026-09-12 22:14:34,980 INFO response {"request_id": "988211d5d8d34119987432be71b33c84", "http_status": 200, "body": {"accepted": true, "real_timestamp_ms": 1789222471848, "virtual_time_s": 363, "measure_result": "direction", "svd_deg": 65.17}}
2026-09-12 22:14:35,015 INFO request {"path": "/measure", "payload": {"arena_id": "default", "robot_id": "202601002029", "request_id": "6c355198db0f48d49a453c32278bdf22", "position": {"x": 980.0, "y": 0.0}, "channel": 11}, "attempt": 1}
2026-09-12 22:14:35,017 INFO response {"request_id": "6c355198db0f48d49a453c32278bdf22", "http_status": 200, "body": {"accepted": true, "real_timestamp_ms": 1789222471886, "virtual_time_s": 369, "measure_result": "no_signal"}}
2026-09-12 22:14:35,047 INFO request {"path": "/measure", "payload": {"arena_id": "default", "robot_id": "202601002029", "request_id": "a7c4969176c34c508fa762874237a71a", "position": {"x": 980.0, "y": 0.0}, "channel": 12}, "attempt": 1}
2026-09-12 22:14:35,049 INFO response {"request_id": "a7c4969176c34c508fa762874237a71a", "http_status": 200, "body": {"accepted": true, "real_timestamp_ms": 1789222471918, "virtual_time_s": 375, "measure_result": "no_signal"}}
2026-09-12 22:14:35,079 INFO request {"path": "/measure", "payload": {"arena_id": "default", "robot_id": "202601002029", "request_id": "43f36c926321452286a7990e5d229972", "position": {"x": 980.0, "y": 0.0}, "channel": 13}, "attempt": 1}
2026-09-12 22:14:35,080 INFO response {"request_id": "43f36c926321452286a7990e5d229972", "http_status": 200, "body": {"accepted": true, "real_timestamp_ms": 1789222471949, "virtual_time_s": 381, "measure_result": "no_signal"}}
2026-09-12 22:14:35,111 INFO request {"path": "/measure", "payload": {"arena_id": "default", "robot_id": "202601002029", "request_id": "062bab761d6a4d2494342c68035c0f6e", "position": {"x": 980.0, "y": 0.0}, "channel": 16}, "attempt": 1}
2026-09-12 22:14:35,112 INFO response {"request_id": "062bab761d6a4d2494342c68035c0f6e", "http_status": 200, "body": {"accepted": true, "real_timestamp_ms": 1789222471981, "virtual_time_s": 387, "measure_result": "no_signal"}}
2026-09-12 22:14:35,143 INFO request {"path": "/measure", "payload": {"arena_id": "default", "robot_id": "202601002029", "request_id": "3657b9d6b77e4e0f80ab104d1f1694ea", "position": {"x": 980.0, "y": 0.0}, "channel": 17}, "attempt": 1}
2026-09-12 22:14:35,144 INFO response {"request_id": "3657b9d6b77e4e0f80ab104d1f1694ea", "http_status": 200, "body": {"accepted": true, "real_timestamp_ms": 1789222472013, "virtual_time_s": 393, "measure_result": "no_signal"}}
2026-09-12 22:14:35,159 INFO request {"path": "/measure", "payload": {"arena_id": "default", "robot_id": "202601002029", "request_id": "2eb3ed39bc2c45c5b29ae423dc997823", "position": {"x": 980.0, "y": 0.0}, "channel": 19}, "attempt": 1}
2026-09-12 22:14:35,175 INFO response {"request_id": "2eb3ed39bc2c45c5b29ae423dc997823", "http_status": 200, "body": {"accepted": true, "real_timestamp_ms": 1789222472044, "virtual_time_s": 399, "measure_result": "no_signal"}}
2026-09-12 22:14:35,213 INFO request {"path": "/measure", "payload": {"arena_id": "default", "robot_id": "202601002029", "request_id": "90faac26e3a54d0487d486bbb9a11065", "position": {"x": 980.0, "y": 0.0}, "channel": 14}, "attempt": 1}
2026-09-12 22:14:35,215 INFO response {"request_id": "90faac26e3a54d0487d486bbb9a11065", "http_status": 200, "body": {"accepted": true, "real_timestamp_ms": 1789222472084, "virtual_time_s": 405, "measure_result": "no_signal"}}
2026-09-12 22:14:35,246 INFO request {"path": "/measure", "payload": {"arena_id": "default", "robot_id": "202601002029", "request_id": "27c49061a4204d028184330c0f066a84", "position": {"x": 848.70489570875, "y": 489.99999999999994}, "channel": 2}, "attempt": 1}
2026-09-12 22:14:35,264 INFO response {"request_id": "27c49061a4204d028184330c0f066a84", "http_status": 200, "body": {"accepted": true, "real_timestamp_ms": 1789222472133, "virtual_time_s": 512.457066, "measure_result": "no_signal"}}
2026-09-12 22:14:35,279 INFO request {"path": "/measure", "payload": {"arena_id": "default", "robot_id": "202601002029", "request_id": "a2bef1f42e794fb28cfbccb2b7a85756", "position": {"x": 848.70489570875, "y": 489.99999999999994}, "channel": 3}, "attempt": 1}
2026-09-12 22:14:35,294 INFO response {"request_id": "a2bef1f42e794fb28cfbccb2b7a85756", "http_status": 200, "body": {"accepted": true, "real_timestamp_ms": 1789222472163, "virtual_time_s": 518.457066, "measure_result": "no_signal"}}
2026-09-12 22:14:35,308 INFO request {"path": "/measure", "payload": {"arena_id": "default", "robot_id": "202601002029", "request_id": "b4d7f36f31754b8a9da306b3eccf64c3", "position": {"x": 848.70489570875, "y": 489.99999999999994}, "channel": 4}, "attempt": 1}
2026-09-12 22:14:35,310 INFO response {"request_id": "b4d7f36f31754b8a9da306b3eccf64c3", "http_status": 200, "body": {"accepted": true, "real_timestamp_ms": 1789222472179, "virtual_time_s": 524.457066, "measure_result": "no_signal"}}
2026-09-12 22:14:35,341 INFO request {"path": "/measure", "payload": {"arena_id": "default", "robot_id": "202601002029", "request_id": "93d21e2a49124c97a2888381fa6fb7a7", "position": {"x": 848.70489570875, "y": 489.99999999999994}, "channel": 5}, "attempt": 1}
2026-09-12 22:14:35,352 INFO response {"request_id": "93d21e2a49124c97a2888381fa6fb7a7", "http_status": 200, "body": {"accepted": true, "real_timestamp_ms": 1789222472221, "virtual_time_s": 530.457066, "measure_result": "no_signal"}}
2026-09-12 22:14:35,368 INFO request {"path": "/measure", "payload": {"arena_id": "default", "robot_id": "202601002029", "request_id": "4508c9f542d34235b8edd35430ea9a14", "position": {"x": 848.70489570875, "y": 489.99999999999994}, "channel": 6}, "attempt": 1}
2026-09-12 22:14:35,370 INFO response {"request_id": "4508c9f542d34235b8edd35430ea9a14", "http_status": 200, "body": {"accepted": true, "real_timestamp_ms": 1789222472239, "virtual_time_s": 536.457066, "measure_result": "no_signal"}}
2026-09-12 22:14:35,401 INFO request {"path": "/measure", "payload": {"arena_id": "default", "robot_id": "202601002029", "request_id": "e378f03e54844945afab8ed7ce327009", "position": {"x": 848.70489570875, "y": 489.99999999999994}, "channel": 7}, "attempt": 1}
2026-09-12 22:14:35,403 INFO response {"request_id": "e378f03e54844945afab8ed7ce327009", "http_status": 200, "body": {"accepted": true, "real_timestamp_ms": 1789222472271, "virtual_time_s": 542.457066, "measure_result": "no_signal"}}
2026-09-12 22:14:35,434 INFO request {"path": "/measure", "payload": {"arena_id": "default", "robot_id": "202601002029", "request_id": "57d927e2a885465cbfce9c177ac52d9d", "position": {"x": 848.70489570875, "y": 489.99999999999994}, "channel": 8}, "attempt": 1}
2026-09-12 22:14:35,436 INFO response {"request_id": "57d927e2a885465cbfce9c177ac52d9d", "http_status": 200, "body": {"accepted": true, "real_timestamp_ms": 1789222472305, "virtual_time_s": 548.457066, "measure_result": "no_signal"}}
2026-09-12 22:14:35,467 INFO request {"path": "/measure", "payload": {"arena_id": "default", "robot_id": "202601002029", "request_id": "61a71cdac38e4e71b25d3c2b07a4954d", "position": {"x": 848.70489570875, "y": 489.99999999999994}, "channel": 11}, "attempt": 1}
2026-09-12 22:14:35,489 INFO response {"request_id": "61a71cdac38e4e71b25d3c2b07a4954d", "http_status": 200, "body": {"accepted": true, "real_timestamp_ms": 1789222472358, "virtual_time_s": 554.457066, "measure_result": "no_signal"}}
2026-09-12 22:14:35,489 INFO request {"path": "/measure", "payload": {"arena_id": "default", "robot_id": "202601002029", "request_id": "42b6357d365f41b38b5584e1297ba6eb", "position": {"x": 848.70489570875, "y": 489.99999999999994}, "channel": 12}, "attempt": 1}
2026-09-12 22:14:35,490 INFO response {"request_id": "42b6357d365f41b38b5584e1297ba6eb", "http_status": 200, "body": {"accepted": true, "real_timestamp_ms": 1789222472360, "virtual_time_s": 560.457066, "measure_result": "no_signal"}}
2026-09-12 22:14:35,521 INFO request {"path": "/measure", "payload": {"arena_id": "default", "robot_id": "202601002029", "request_id": "f4af4ad30cf04dc6be1b3b18ba0da619", "position": {"x": 848.70489570875, "y": 489.99999999999994}, "channel": 13}, "attempt": 1}
2026-09-12 22:14:35,523 INFO response {"request_id": "f4af4ad30cf04dc6be1b3b18ba0da619", "http_status": 200, "body": {"accepted": true, "real_timestamp_ms": 1789222472392, "virtual_time_s": 566.457066, "measure_result": "no_signal"}}
2026-09-12 22:14:35,554 INFO request {"path": "/measure", "payload": {"arena_id": "default", "robot_id": "202601002029", "request_id": "e5762f6b231d429092f178aecb413457", "position": {"x": 848.70489570875, "y": 489.99999999999994}, "channel": 16}, "attempt": 1}
2026-09-12 22:14:35,555 INFO response {"request_id": "e5762f6b231d429092f178aecb413457", "http_status": 200, "body": {"accepted": true, "real_timestamp_ms": 1789222472424, "virtual_time_s": 572.457066, "measure_result": "no_signal"}}
2026-09-12 22:14:35,586 INFO request {"path": "/measure", "payload": {"arena_id": "default", "robot_id": "202601002029", "request_id": "70e223615ba24752929ea935e4022dff", "position": {"x": 848.70489570875, "y": 489.99999999999994}, "channel": 17}, "attempt": 1}
2026-09-12 22:14:35,588 INFO response {"request_id": "70e223615ba24752929ea935e4022dff", "http_status": 200, "body": {"accepted": true, "real_timestamp_ms": 1789222472456, "virtual_time_s": 578.457066, "measure_result": "no_signal"}}
2026-09-12 22:14:35,618 INFO request {"path": "/measure", "payload": {"arena_id": "default", "robot_id": "202601002029", "request_id": "6d4dd23073cd424d9be5a0835f6cda59", "position": {"x": 848.70489570875, "y": 489.99999999999994}, "channel": 19}, "attempt": 1}
2026-09-12 22:14:35,619 INFO response {"request_id": "6d4dd23073cd424d9be5a0835f6cda59", "http_status": 200, "body": {"accepted": true, "real_timestamp_ms": 1789222472488, "virtual_time_s": 584.457066, "measure_result": "no_signal"}}
2026-09-12 22:14:35,686 INFO request {"path": "/measure", "payload": {"arena_id": "default", "robot_id": "202601002029", "request_id": "f6f37110635a423682cd1aac1153b022", "position": {"x": 848.70489570875, "y": 489.99999999999994}, "channel": 10}, "attempt": 1}
2026-09-12 22:14:35,687 INFO response {"request_id": "f6f37110635a423682cd1aac1153b022", "http_status": 200, "body": {"accepted": true, "real_timestamp_ms": 1789222472557, "virtual_time_s": 590.457066, "measure_result": "direction", "svd_deg": 38.4}}
2026-09-12 22:14:35,721 INFO request {"path": "/measure", "payload": {"arena_id": "default", "robot_id": "202601002029", "request_id": "ea47e23e0f7742aabdbeb70d544ee96b", "position": {"x": 848.70489570875, "y": 489.99999999999994}, "channel": 1}, "attempt": 1}
2026-09-12 22:14:35,722 INFO response {"request_id": "ea47e23e0f7742aabdbeb70d544ee96b", "http_status": 200, "body": {"accepted": true, "real_timestamp_ms": 1789222472591, "virtual_time_s": 596.457066, "measure_result": "direction", "svd_deg": 194.9}}
2026-09-12 22:14:35,740 INFO request {"path": "/measure", "payload": {"arena_id": "default", "robot_id": "202601002029", "request_id": "d60f9dce8edc4446b2db8a57babbc67a", "position": {"x": 490.0000000000001, "y": 848.7048957087499}, "channel": 2}, "attempt": 1}
2026-09-12 22:14:35,741 INFO response {"request_id": "d60f9dce8edc4446b2db8a57babbc67a", "http_status": 200, "body": {"accepted": true, "real_timestamp_ms": 1789222472610, "virtual_time_s": 703.914132, "measure_result": "no_signal"}}
2026-09-12 22:14:35,772 INFO request {"path": "/measure", "payload": {"arena_id": "default", "robot_id": "202601002029", "request_id": "32682fde817343bcab27b12c36d866ee", "position": {"x": 490.0000000000001, "y": 848.7048957087499}, "channel": 3}, "attempt": 1}
2026-09-12 22:14:35,793 INFO response {"request_id": "32682fde817343bcab27b12c36d866ee", "http_status": 200, "body": {"accepted": true, "real_timestamp_ms": 1789222472662, "virtual_time_s": 709.914132, "measure_result": "no_signal"}}
2026-09-12 22:14:35,808 INFO request {"path": "/measure", "payload": {"arena_id": "default", "robot_id": "202601002029", "request_id": "ed765548c0a74e51b8d472d8e6a4a62f", "position": {"x": 490.0000000000001, "y": 848.7048957087499}, "channel": 4}, "attempt": 1}
2026-09-12 22:14:35,808 INFO response {"request_id": "ed765548c0a74e51b8d472d8e6a4a62f", "http_status": 200, "body": {"accepted": true, "real_timestamp_ms": 1789222472678, "virtual_time_s": 715.914132, "measure_result": "no_signal"}}
2026-09-12 22:14:35,839 INFO request {"path": "/measure", "payload": {"arena_id": "default", "robot_id": "202601002029", "request_id": "b632a16f318f43e49e70613ae7959887", "position": {"x": 490.0000000000001, "y": 848.7048957087499}, "channel": 5}, "attempt": 1}
2026-09-12 22:14:35,842 INFO response {"request_id": "b632a16f318f43e49e70613ae7959887", "http_status": 200, "body": {"accepted": true, "real_timestamp_ms": 1789222472710, "virtual_time_s": 721.914132, "measure_result": "no_signal"}}
2026-09-12 22:14:35,872 INFO request {"path": "/measure", "payload": {"arena_id": "default", "robot_id": "202601002029", "request_id": "bf156593236c41f8b020be985fc5a916", "position": {"x": 490.0000000000001, "y": 848.7048957087499}, "channel": 6}, "attempt": 1}
2026-09-12 22:14:35,890 INFO response {"request_id": "bf156593236c41f8b020be985fc5a916", "http_status": 200, "body": {"accepted": true, "real_timestamp_ms": 1789222472759, "virtual_time_s": 727.914132, "measure_result": "no_signal"}}
2026-09-12 22:14:35,905 INFO request {"path": "/measure", "payload": {"arena_id": "default", "robot_id": "202601002029", "request_id": "c7e5ba6ef945460c8d8bb986b652d499", "position": {"x": 490.0000000000001, "y": 848.7048957087499}, "channel": 7}, "attempt": 1}
2026-09-12 22:14:35,907 INFO response {"request_id": "c7e5ba6ef945460c8d8bb986b652d499", "http_status": 200, "body": {"accepted": true, "real_timestamp_ms": 1789222472776, "virtual_time_s": 733.914132, "measure_result": "no_signal"}}
2026-09-12 22:14:35,938 INFO request {"path": "/measure", "payload": {"arena_id": "default", "robot_id": "202601002029", "request_id": "f3a4f2e2d4734bf79b27e9f1e8f4337d", "position": {"x": 490.0000000000001, "y": 848.7048957087499}, "channel": 8}, "attempt": 1}
2026-09-12 22:14:35,941 INFO response {"request_id": "f3a4f2e2d4734bf79b27e9f1e8f4337d", "http_status": 200, "body": {"accepted": true, "real_timestamp_ms": 1789222472809, "virtual_time_s": 739.914132, "measure_result": "no_signal"}}
2026-09-12 22:14:35,971 INFO request {"path": "/measure", "payload": {"arena_id": "default", "robot_id": "202601002029", "request_id": "1707ddc6c99f4258b8f45a3ace860119", "position": {"x": 490.0000000000001, "y": 848.7048957087499}, "channel": 11}, "attempt": 1}
2026-09-12 22:14:35,973 INFO response {"request_id": "1707ddc6c99f4258b8f45a3ace860119", "http_status": 200, "body": {"accepted": true, "real_timestamp_ms": 1789222472842, "virtual_time_s": 745.914132, "measure_result": "no_signal"}}
2026-09-12 22:14:35,988 INFO request {"path": "/measure", "payload": {"arena_id": "default", "robot_id": "202601002029", "request_id": "6b35f77a65254e719a318b72bae639bc", "position": {"x": 490.0000000000001, "y": 848.7048957087499}, "channel": 12}, "attempt": 1}
2026-09-12 22:14:35,989 INFO response {"request_id": "6b35f77a65254e719a318b72bae639bc", "http_status": 200, "body": {"accepted": true, "real_timestamp_ms": 1789222472858, "virtual_time_s": 751.914132, "measure_result": "no_signal"}}
2026-09-12 22:14:36,020 INFO request {"path": "/measure", "payload": {"arena_id": "default", "robot_id": "202601002029", "request_id": "f6d96b14ab624feda61f6e9d74a0aac4", "position": {"x": 490.0000000000001, "y": 848.7048957087499}, "channel": 13}, "attempt": 1}
2026-09-12 22:14:36,021 INFO response {"request_id": "f6d96b14ab624feda61f6e9d74a0aac4", "http_status": 200, "body": {"accepted": true, "real_timestamp_ms": 1789222472890, "virtual_time_s": 757.914132, "measure_result": "no_signal"}}
2026-09-12 22:14:36,052 INFO request {"path": "/measure", "payload": {"arena_id": "default", "robot_id": "202601002029", "request_id": "65623b1d4fc24f5c8721f89a8e33229a", "position": {"x": 490.0000000000001, "y": 848.7048957087499}, "channel": 16}, "attempt": 1}
2026-09-12 22:14:36,053 INFO response {"request_id": "65623b1d4fc24f5c8721f89a8e33229a", "http_status": 200, "body": {"accepted": true, "real_timestamp_ms": 1789222472922, "virtual_time_s": 763.914132, "measure_result": "no_signal"}}
2026-09-12 22:14:36,083 INFO request {"path": "/measure", "payload": {"arena_id": "default", "robot_id": "202601002029", "request_id": "9b20e138508146dfafe13b9f8b09eac1", "position": {"x": 490.0000000000001, "y": 848.7048957087499}, "channel": 17}, "attempt": 1}
2026-09-12 22:14:36,094 INFO response {"request_id": "9b20e138508146dfafe13b9f8b09eac1", "http_status": 200, "body": {"accepted": true, "real_timestamp_ms": 1789222472963, "virtual_time_s": 769.914132, "measure_result": "no_signal"}}
2026-09-12 22:14:36,125 INFO request {"path": "/measure", "payload": {"arena_id": "default", "robot_id": "202601002029", "request_id": "a30cadf14fa24e369c1c1a4afa446eca", "position": {"x": 490.0000000000001, "y": 848.7048957087499}, "channel": 19}, "attempt": 1}
2026-09-12 22:14:36,143 INFO response {"request_id": "a30cadf14fa24e369c1c1a4afa446eca", "http_status": 200, "body": {"accepted": true, "real_timestamp_ms": 1789222473013, "virtual_time_s": 775.914132, "measure_result": "no_signal"}}
2026-09-12 22:14:36,180 INFO request {"path": "/measure", "payload": {"arena_id": "default", "robot_id": "202601002029", "request_id": "af3e873c640345b180d301e61d75a301", "position": {"x": 490.0000000000001, "y": 848.7048957087499}, "channel": 9}, "attempt": 1}
2026-09-12 22:14:36,181 INFO response {"request_id": "af3e873c640345b180d301e61d75a301", "http_status": 200, "body": {"accepted": true, "real_timestamp_ms": 1789222473051, "virtual_time_s": 781.914132, "measure_result": "direction", "svd_deg": 263.54}}
2026-09-12 22:14:36,215 INFO request {"path": "/measure", "payload": {"arena_id": "default", "robot_id": "202601002029", "request_id": "f267877ba6a0490fb4c303b47f778e1c", "position": {"x": 490.0000000000001, "y": 848.7048957087499}, "channel": 10}, "attempt": 1}
2026-09-12 22:14:36,216 INFO response {"request_id": "f267877ba6a0490fb4c303b47f778e1c", "http_status": 200, "body": {"accepted": true, "real_timestamp_ms": 1789222473085, "virtual_time_s": 787.914132, "measure_result": "no_signal"}}
2026-09-12 22:14:36,246 INFO request {"path": "/measure", "payload": {"arena_id": "default", "robot_id": "202601002029", "request_id": "0bb1128af2954f2f941492ef2b77e74f", "position": {"x": 6.000769315822031e-14, "y": 980.0}, "channel": 2}, "attempt": 1}
2026-09-12 22:14:36,263 INFO response {"request_id": "0bb1128af2954f2f941492ef2b77e74f", "http_status": 200, "body": {"accepted": true, "real_timestamp_ms": 1789222473131, "virtual_time_s": 895.371198, "measure_result": "no_signal"}}
2026-09-12 22:14:36,279 INFO request {"path": "/measure", "payload": {"arena_id": "default", "robot_id": "202601002029", "request_id": "cd479bf937c8477692c21a64133c45bd", "position": {"x": 6.000769315822031e-14, "y": 980.0}, "channel": 3}, "attempt": 1}
2026-09-12 22:14:36,292 INFO response {"request_id": "cd479bf937c8477692c21a64133c45bd", "http_status": 200, "body": {"accepted": true, "real_timestamp_ms": 1789222473161, "virtual_time_s": 901.371198, "measure_result": "no_signal"}}
2026-09-12 22:14:36,307 INFO request {"path": "/measure", "payload": {"arena_id": "default", "robot_id": "202601002029", "request_id": "0aa1cd72e62a401b953725f4424b4a01", "position": {"x": 6.000769315822031e-14, "y": 980.0}, "channel": 4}, "attempt": 1}
2026-09-12 22:14:36,322 INFO response {"request_id": "0aa1cd72e62a401b953725f4424b4a01", "http_status": 200, "body": {"accepted": true, "real_timestamp_ms": 1789222473190, "virtual_time_s": 907.371198, "measure_result": "no_signal"}}
2026-09-12 22:14:36,338 INFO request {"path": "/measure", "payload": {"arena_id": "default", "robot_id": "202601002029", "request_id": "aa39b8353a2c46668c00ff0807bdac87", "position": {"x": 6.000769315822031e-14, "y": 980.0}, "channel": 5}, "attempt": 1}
2026-09-12 22:14:36,350 INFO response {"request_id": "aa39b8353a2c46668c00ff0807bdac87", "http_status": 200, "body": {"accepted": true, "real_timestamp_ms": 1789222473219, "virtual_time_s": 913.371198, "measure_result": "no_signal"}}
2026-09-12 22:14:36,366 INFO request {"path": "/measure", "payload": {"arena_id": "default", "robot_id": "202601002029", "request_id": "e7d1aefb82134ed0a19148a127201a46", "position": {"x": 6.000769315822031e-14, "y": 980.0}, "channel": 6}, "attempt": 1}
2026-09-12 22:14:36,379 INFO response {"request_id": "e7d1aefb82134ed0a19148a127201a46", "http_status": 200, "body": {"accepted": true, "real_timestamp_ms": 1789222473248, "virtual_time_s": 919.371198, "measure_result": "direction", "svd_deg": 187.88}}
2026-09-12 22:14:36,395 INFO request {"path": "/measure", "payload": {"arena_id": "default", "robot_id": "202601002029", "request_id": "9e4a42b267344172bca89cebe0d32b21", "position": {"x": 6.000769315822031e-14, "y": 980.0}, "channel": 7}, "attempt": 1}
2026-09-12 22:14:36,409 INFO response {"request_id": "9e4a42b267344172bca89cebe0d32b21", "http_status": 200, "body": {"accepted": true, "real_timestamp_ms": 1789222473278, "virtual_time_s": 925.371198, "measure_result": "no_signal"}}
2026-09-12 22:14:36,424 INFO request {"path": "/measure", "payload": {"arena_id": "default", "robot_id": "202601002029", "request_id": "5b2b8b6826e247bfbd7e6b6be0ae6e12", "position": {"x": 6.000769315822031e-14, "y": 980.0}, "channel": 8}, "attempt": 1}
2026-09-12 22:14:36,427 INFO response {"request_id": "5b2b8b6826e247bfbd7e6b6be0ae6e12", "http_status": 200, "body": {"accepted": true, "real_timestamp_ms": 1789222473295, "virtual_time_s": 931.371198, "measure_result": "no_signal"}}
2026-09-12 22:14:36,442 INFO request {"path": "/measure", "payload": {"arena_id": "default", "robot_id": "202601002029", "request_id": "4186127f402d43cdbdc6260edf3b9d38", "position": {"x": 6.000769315822031e-14, "y": 980.0}, "channel": 11}, "attempt": 1}
2026-09-12 22:14:36,458 INFO response {"request_id": "4186127f402d43cdbdc6260edf3b9d38", "http_status": 200, "body": {"accepted": true, "real_timestamp_ms": 1789222473327, "virtual_time_s": 937.371198, "measure_result": "no_signal"}}
2026-09-12 22:14:36,472 INFO request {"path": "/measure", "payload": {"arena_id": "default", "robot_id": "202601002029", "request_id": "5d1146047a3a4ecc86c8c926b46cbd6c", "position": {"x": 6.000769315822031e-14, "y": 980.0}, "channel": 12}, "attempt": 1}
2026-09-12 22:14:36,488 INFO response {"request_id": "5d1146047a3a4ecc86c8c926b46cbd6c", "http_status": 200, "body": {"accepted": true, "real_timestamp_ms": 1789222473357, "virtual_time_s": 943.371198, "measure_result": "no_signal"}}
2026-09-12 22:14:36,502 INFO request {"path": "/measure", "payload": {"arena_id": "default", "robot_id": "202601002029", "request_id": "e67cb44dbf914edfb72f88e5d4f88d18", "position": {"x": 6.000769315822031e-14, "y": 980.0}, "channel": 13}, "attempt": 1}
2026-09-12 22:14:36,517 INFO response {"request_id": "e67cb44dbf914edfb72f88e5d4f88d18", "http_status": 200, "body": {"accepted": true, "real_timestamp_ms": 1789222473385, "virtual_time_s": 949.371198, "measure_result": "no_signal"}}
2026-09-12 22:14:36,532 INFO request {"path": "/measure", "payload": {"arena_id": "default", "robot_id": "202601002029", "request_id": "5da855f1a270491689eeada67852d953", "position": {"x": 6.000769315822031e-14, "y": 980.0}, "channel": 16}, "attempt": 1}
2026-09-12 22:14:36,547 INFO response {"request_id": "5da855f1a270491689eeada67852d953", "http_status": 200, "body": {"accepted": true, "real_timestamp_ms": 1789222473416, "virtual_time_s": 955.371198, "measure_result": "no_signal"}}
2026-09-12 22:14:36,562 INFO request {"path": "/measure", "payload": {"arena_id": "default", "robot_id": "202601002029", "request_id": "0449c643c2af49a4af905da110d54abc", "position": {"x": 6.000769315822031e-14, "y": 980.0}, "channel": 17}, "attempt": 1}
2026-09-12 22:14:36,564 INFO response {"request_id": "0449c643c2af49a4af905da110d54abc", "http_status": 200, "body": {"accepted": true, "real_timestamp_ms": 1789222473433, "virtual_time_s": 961.371198, "measure_result": "no_signal"}}
2026-09-12 22:14:36,596 INFO request {"path": "/measure", "payload": {"arena_id": "default", "robot_id": "202601002029", "request_id": "6a93d68333b148fdb6cac50f8b08753a", "position": {"x": 6.000769315822031e-14, "y": 980.0}, "channel": 19}, "attempt": 1}
2026-09-12 22:14:36,598 INFO response {"request_id": "6a93d68333b148fdb6cac50f8b08753a", "http_status": 200, "body": {"accepted": true, "real_timestamp_ms": 1789222473467, "virtual_time_s": 967.371198, "measure_result": "no_signal"}}
2026-09-12 22:14:36,638 INFO request {"path": "/measure", "payload": {"arena_id": "default", "robot_id": "202601002029", "request_id": "d78e9914ccc74795a41e17d6c7965bc1", "position": {"x": 6.000769315822031e-14, "y": 980.0}, "channel": 18}, "attempt": 1}
2026-09-12 22:14:36,640 INFO response {"request_id": "d78e9914ccc74795a41e17d6c7965bc1", "http_status": 200, "body": {"accepted": true, "real_timestamp_ms": 1789222473509, "virtual_time_s": 973.371198, "measure_result": "direction", "svd_deg": 210.27}}
2026-09-12 22:14:36,673 INFO request {"path": "/measure", "payload": {"arena_id": "default", "robot_id": "202601002029", "request_id": "6b5cd4c384314a36b85748fc41fc4b72", "position": {"x": -489.9999999999998, "y": 848.70489570875}, "channel": 2}, "attempt": 1}
2026-09-12 22:14:36,674 INFO response {"request_id": "6b5cd4c384314a36b85748fc41fc4b72", "http_status": 200, "body": {"accepted": true, "real_timestamp_ms": 1789222473543, "virtual_time_s": 1080.828264, "measure_result": "no_signal"}}
2026-09-12 22:14:36,705 INFO request {"path": "/measure", "payload": {"arena_id": "default", "robot_id": "202601002029", "request_id": "71e9f0065ca14b6590471eaa754f9c1b", "position": {"x": -489.9999999999998, "y": 848.70489570875}, "channel": 3}, "attempt": 1}
2026-09-12 22:14:36,725 INFO response {"request_id": "71e9f0065ca14b6590471eaa754f9c1b", "http_status": 200, "body": {"accepted": true, "real_timestamp_ms": 1789222473593, "virtual_time_s": 1086.828264, "measure_result": "no_signal"}}
2026-09-12 22:14:36,725 INFO request {"path": "/measure", "payload": {"arena_id": "default", "robot_id": "202601002029", "request_id": "11511fbc9add4d2495fd9aadf3b988df", "position": {"x": -489.9999999999998, "y": 848.70489570875}, "channel": 4}, "attempt": 1}
2026-09-12 22:14:36,726 INFO response {"request_id": "11511fbc9add4d2495fd9aadf3b988df", "http_status": 200, "body": {"accepted": true, "real_timestamp_ms": 1789222473595, "virtual_time_s": 1092.828264, "measure_result": "no_signal"}}
2026-09-12 22:14:36,757 INFO request {"path": "/measure", "payload": {"arena_id": "default", "robot_id": "202601002029", "request_id": "0fc84a97788b49528ec91b3a86cc347b", "position": {"x": -489.9999999999998, "y": 848.70489570875}, "channel": 5}, "attempt": 1}
2026-09-12 22:14:36,774 INFO response {"request_id": "0fc84a97788b49528ec91b3a86cc347b", "http_status": 200, "body": {"accepted": true, "real_timestamp_ms": 1789222473644, "virtual_time_s": 1098.828264, "measure_result": "no_signal"}}
2026-09-12 22:14:36,790 INFO request {"path": "/measure", "payload": {"arena_id": "default", "robot_id": "202601002029", "request_id": "cea78dcc8d4341d0943814b72cccd038", "position": {"x": -489.9999999999998, "y": 848.70489570875}, "channel": 7}, "attempt": 1}
2026-09-12 22:14:36,804 INFO response {"request_id": "cea78dcc8d4341d0943814b72cccd038", "http_status": 200, "body": {"accepted": true, "real_timestamp_ms": 1789222473673, "virtual_time_s": 1104.828264, "measure_result": "no_signal"}}
2026-09-12 22:14:36,819 INFO request {"path": "/measure", "payload": {"arena_id": "default", "robot_id": "202601002029", "request_id": "6e6b8213de93486b99754fb06be1ebb6", "position": {"x": -489.9999999999998, "y": 848.70489570875}, "channel": 8}, "attempt": 1}
2026-09-12 22:14:36,821 INFO response {"request_id": "6e6b8213de93486b99754fb06be1ebb6", "http_status": 200, "body": {"accepted": true, "real_timestamp_ms": 1789222473690, "virtual_time_s": 1110.828264, "measure_result": "no_signal"}}
2026-09-12 22:14:36,852 INFO request {"path": "/measure", "payload": {"arena_id": "default", "robot_id": "202601002029", "request_id": "fac1e5ca6733472b86c0819658110cb0", "position": {"x": -489.9999999999998, "y": 848.70489570875}, "channel": 11}, "attempt": 1}
2026-09-12 22:14:36,874 INFO response {"request_id": "fac1e5ca6733472b86c0819658110cb0", "http_status": 200, "body": {"accepted": true, "real_timestamp_ms": 1789222473741, "virtual_time_s": 1116.828264, "measure_result": "no_signal"}}
2026-09-12 22:14:36,889 INFO request {"path": "/measure", "payload": {"arena_id": "default", "robot_id": "202601002029", "request_id": "28634ad101d44a25871b044d5d8760f1", "position": {"x": -489.9999999999998, "y": 848.70489570875}, "channel": 12}, "attempt": 1}
2026-09-12 22:14:36,902 INFO response {"request_id": "28634ad101d44a25871b044d5d8760f1", "http_status": 200, "body": {"accepted": true, "real_timestamp_ms": 1789222473771, "virtual_time_s": 1122.828264, "measure_result": "no_signal"}}
2026-09-12 22:14:36,918 INFO request {"path": "/measure", "payload": {"arena_id": "default", "robot_id": "202601002029", "request_id": "e7cbd6d49ae74e8cb07ad59385adbd5c", "position": {"x": -489.9999999999998, "y": 848.70489570875}, "channel": 13}, "attempt": 1}
2026-09-12 22:14:36,920 INFO response {"request_id": "e7cbd6d49ae74e8cb07ad59385adbd5c", "http_status": 200, "body": {"accepted": true, "real_timestamp_ms": 1789222473789, "virtual_time_s": 1128.828264, "measure_result": "direction", "svd_deg": 186.69}}
2026-09-12 22:14:36,955 INFO request {"path": "/measure", "payload": {"arena_id": "default", "robot_id": "202601002029", "request_id": "cb01dac4a6d14ce3b95fe0199150b33b", "position": {"x": -489.9999999999998, "y": 848.70489570875}, "channel": 16}, "attempt": 1}
2026-09-12 22:14:36,957 INFO response {"request_id": "cb01dac4a6d14ce3b95fe0199150b33b", "http_status": 200, "body": {"accepted": true, "real_timestamp_ms": 1789222473825, "virtual_time_s": 1134.828264, "measure_result": "no_signal"}}
2026-09-12 22:14:36,971 INFO request {"path": "/measure", "payload": {"arena_id": "default", "robot_id": "202601002029", "request_id": "a6886d2ba35b4943bd756900b06d4897", "position": {"x": -489.9999999999998, "y": 848.70489570875}, "channel": 17}, "attempt": 1}
2026-09-12 22:14:36,973 INFO response {"request_id": "a6886d2ba35b4943bd756900b06d4897", "http_status": 200, "body": {"accepted": true, "real_timestamp_ms": 1789222473842, "virtual_time_s": 1140.828264, "measure_result": "no_signal"}}
2026-09-12 22:14:36,990 INFO request {"path": "/measure", "payload": {"arena_id": "default", "robot_id": "202601002029", "request_id": "3ae18a2539fd43768a499a4d2fe74187", "position": {"x": -489.9999999999998, "y": 848.70489570875}, "channel": 19}, "attempt": 1}
2026-09-12 22:14:36,992 INFO response {"request_id": "3ae18a2539fd43768a499a4d2fe74187", "http_status": 200, "body": {"accepted": true, "real_timestamp_ms": 1789222473860, "virtual_time_s": 1146.828264, "measure_result": "direction", "svd_deg": 206.11}}
2026-09-12 22:14:37,052 INFO request {"path": "/measure", "payload": {"arena_id": "default", "robot_id": "202601002029", "request_id": "970868136fc74124a7b9778756d83363", "position": {"x": -489.9999999999998, "y": 848.70489570875}, "channel": 18}, "attempt": 1}
2026-09-12 22:14:37,053 INFO response {"request_id": "970868136fc74124a7b9778756d83363", "http_status": 200, "body": {"accepted": true, "real_timestamp_ms": 1789222473922, "virtual_time_s": 1152.828264, "measure_result": "direction", "svd_deg": 235.16}}
2026-09-12 22:14:37,087 INFO request {"path": "/measure", "payload": {"arena_id": "default", "robot_id": "202601002029", "request_id": "eb08b1aed7a7438193a443157f276c1c", "position": {"x": -489.9999999999998, "y": 848.70489570875}, "channel": 6}, "attempt": 1}
2026-09-12 22:14:37,089 INFO response {"request_id": "eb08b1aed7a7438193a443157f276c1c", "http_status": 200, "body": {"accepted": true, "real_timestamp_ms": 1789222473958, "virtual_time_s": 1158.828264, "measure_result": "direction", "svd_deg": 180.71}}
2026-09-12 22:14:37,123 INFO request {"path": "/measure", "payload": {"arena_id": "default", "robot_id": "202601002029", "request_id": "08e77a2ff4394627b8a73969b10c3337", "position": {"x": -848.7048957087497, "y": 490.00000000000034}, "channel": 2}, "attempt": 1}
2026-09-12 22:14:37,139 INFO response {"request_id": "08e77a2ff4394627b8a73969b10c3337", "http_status": 200, "body": {"accepted": true, "real_timestamp_ms": 1789222474008, "virtual_time_s": 1266.28533, "measure_result": "no_signal"}}
2026-09-12 22:14:37,153 INFO request {"path": "/measure", "payload": {"arena_id": "default", "robot_id": "202601002029", "request_id": "61d5728a110648b19d3e57fd2b4ae675", "position": {"x": -848.7048957087497, "y": 490.00000000000034}, "channel": 3}, "attempt": 1}
2026-09-12 22:14:37,168 INFO response {"request_id": "61d5728a110648b19d3e57fd2b4ae675", "http_status": 200, "body": {"accepted": true, "real_timestamp_ms": 1789222474037, "virtual_time_s": 1272.28533, "measure_result": "no_signal"}}
2026-09-12 22:14:37,182 INFO request {"path": "/measure", "payload": {"arena_id": "default", "robot_id": "202601002029", "request_id": "ab1375d29a364f70993da18ab5deda67", "position": {"x": -848.7048957087497, "y": 490.00000000000034}, "channel": 4}, "attempt": 1}
2026-09-12 22:14:37,196 INFO response {"request_id": "ab1375d29a364f70993da18ab5deda67", "http_status": 200, "body": {"accepted": true, "real_timestamp_ms": 1789222474066, "virtual_time_s": 1278.28533, "measure_result": "no_signal"}}
2026-09-12 22:14:37,212 INFO request {"path": "/measure", "payload": {"arena_id": "default", "robot_id": "202601002029", "request_id": "375957adf74d4d7eba236bef9b4aed7d", "position": {"x": -848.7048957087497, "y": 490.00000000000034}, "channel": 5}, "attempt": 1}
2026-09-12 22:14:37,213 INFO response {"request_id": "375957adf74d4d7eba236bef9b4aed7d", "http_status": 200, "body": {"accepted": true, "real_timestamp_ms": 1789222474082, "virtual_time_s": 1284.28533, "measure_result": "no_signal"}}
2026-09-12 22:14:37,244 INFO request {"path": "/measure", "payload": {"arena_id": "default", "robot_id": "202601002029", "request_id": "b57c856f2cae40c8a0d0fcc27a80daa2", "position": {"x": -848.7048957087497, "y": 490.00000000000034}, "channel": 7}, "attempt": 1}
2026-09-12 22:14:37,257 INFO response {"request_id": "b57c856f2cae40c8a0d0fcc27a80daa2", "http_status": 200, "body": {"accepted": true, "real_timestamp_ms": 1789222474125, "virtual_time_s": 1290.28533, "measure_result": "no_signal"}}
2026-09-12 22:14:37,271 INFO request {"path": "/measure", "payload": {"arena_id": "default", "robot_id": "202601002029", "request_id": "babae4cb34e342cea648dbe683984ccc", "position": {"x": -848.7048957087497, "y": 490.00000000000034}, "channel": 8}, "attempt": 1}
2026-09-12 22:14:37,285 INFO response {"request_id": "babae4cb34e342cea648dbe683984ccc", "http_status": 200, "body": {"accepted": true, "real_timestamp_ms": 1789222474154, "virtual_time_s": 1296.28533, "measure_result": "no_signal"}}
2026-09-12 22:14:37,300 INFO request {"path": "/measure", "payload": {"arena_id": "default", "robot_id": "202601002029", "request_id": "f89ae1b8cc124d919b2f01f972a2b897", "position": {"x": -848.7048957087497, "y": 490.00000000000034}, "channel": 11}, "attempt": 1}
2026-09-12 22:14:37,300 INFO response {"request_id": "f89ae1b8cc124d919b2f01f972a2b897", "http_status": 200, "body": {"accepted": true, "real_timestamp_ms": 1789222474170, "virtual_time_s": 1302.28533, "measure_result": "no_signal"}}
2026-09-12 22:14:37,315 INFO request {"path": "/measure", "payload": {"arena_id": "default", "robot_id": "202601002029", "request_id": "0d831b88089248e1a4808e63099f8c6e", "position": {"x": -848.7048957087497, "y": 490.00000000000034}, "channel": 12}, "attempt": 1}
2026-09-12 22:14:37,316 INFO response {"request_id": "0d831b88089248e1a4808e63099f8c6e", "http_status": 200, "body": {"accepted": true, "real_timestamp_ms": 1789222474185, "virtual_time_s": 1308.28533, "measure_result": "no_signal"}}
2026-09-12 22:14:37,332 INFO request {"path": "/measure", "payload": {"arena_id": "default", "robot_id": "202601002029", "request_id": "b7f5c9029b494a7183724b9edfc73b27", "position": {"x": -848.7048957087497, "y": 490.00000000000034}, "channel": 16}, "attempt": 1}
2026-09-12 22:14:37,333 INFO response {"request_id": "b7f5c9029b494a7183724b9edfc73b27", "http_status": 200, "body": {"accepted": true, "real_timestamp_ms": 1789222474202, "virtual_time_s": 1314.28533, "measure_result": "no_signal"}}
2026-09-12 22:14:37,364 INFO request {"path": "/measure", "payload": {"arena_id": "default", "robot_id": "202601002029", "request_id": "177477d210684cdf9429a0984a695a40", "position": {"x": -848.7048957087497, "y": 490.00000000000034}, "channel": 17}, "attempt": 1}
2026-09-12 22:14:37,383 INFO response {"request_id": "177477d210684cdf9429a0984a695a40", "http_status": 200, "body": {"accepted": true, "real_timestamp_ms": 1789222474252, "virtual_time_s": 1320.28533, "measure_result": "no_signal"}}
2026-09-12 22:14:37,450 INFO request {"path": "/measure", "payload": {"arena_id": "default", "robot_id": "202601002029", "request_id": "f405822bacde4d94bcdbeeed9206d567", "position": {"x": -848.7048957087497, "y": 490.00000000000034}, "channel": 6}, "attempt": 1}
2026-09-12 22:14:37,470 INFO response {"request_id": "f405822bacde4d94bcdbeeed9206d567", "http_status": 200, "body": {"accepted": true, "real_timestamp_ms": 1789222474339, "virtual_time_s": 1326.28533, "measure_result": "direction", "svd_deg": 118.19}}
2026-09-12 22:14:37,473 INFO request {"path": "/measure", "payload": {"arena_id": "default", "robot_id": "202601002029", "request_id": "b8a350be007d45b090ba818208a005d1", "position": {"x": -848.7048957087497, "y": 490.00000000000034}, "channel": 20}, "attempt": 1}
2026-09-12 22:14:37,474 INFO response {"request_id": "b8a350be007d45b090ba818208a005d1", "http_status": 200, "body": {"accepted": true, "real_timestamp_ms": 1789222474343, "virtual_time_s": 1332.28533, "measure_result": "direction", "svd_deg": 302.56}}
2026-09-12 22:14:37,507 INFO request {"path": "/measure", "payload": {"arena_id": "default", "robot_id": "202601002029", "request_id": "a82c1406a87d4425b807093188562d92", "position": {"x": -980.0, "y": 1.2001538631644062e-13}, "channel": 2}, "attempt": 1}
2026-09-12 22:14:37,508 INFO response {"request_id": "a82c1406a87d4425b807093188562d92", "http_status": 200, "body": {"accepted": true, "real_timestamp_ms": 1789222474377, "virtual_time_s": 1439.742396, "measure_result": "no_signal"}}
2026-09-12 22:14:37,539 INFO request {"path": "/measure", "payload": {"arena_id": "default", "robot_id": "202601002029", "request_id": "76b40fbd3bbc45db9e18ae83f50132d1", "position": {"x": -980.0, "y": 1.2001538631644062e-13}, "channel": 3}, "attempt": 1}
2026-09-12 22:14:37,540 INFO response {"request_id": "76b40fbd3bbc45db9e18ae83f50132d1", "http_status": 200, "body": {"accepted": true, "real_timestamp_ms": 1789222474409, "virtual_time_s": 1445.742396, "measure_result": "no_signal"}}
2026-09-12 22:14:37,571 INFO request {"path": "/measure", "payload": {"arena_id": "default", "robot_id": "202601002029", "request_id": "e143cd2db85540b7a70d611ede37999b", "position": {"x": -980.0, "y": 1.2001538631644062e-13}, "channel": 4}, "attempt": 1}
2026-09-12 22:14:37,573 INFO response {"request_id": "e143cd2db85540b7a70d611ede37999b", "http_status": 200, "body": {"accepted": true, "real_timestamp_ms": 1789222474442, "virtual_time_s": 1451.742396, "measure_result": "no_signal"}}
2026-09-12 22:14:37,604 INFO request {"path": "/measure", "payload": {"arena_id": "default", "robot_id": "202601002029", "request_id": "dea18c3f6cc84d0cbc8d389aa35612ee", "position": {"x": -980.0, "y": 1.2001538631644062e-13}, "channel": 5}, "attempt": 1}
2026-09-12 22:14:37,605 INFO response {"request_id": "dea18c3f6cc84d0cbc8d389aa35612ee", "http_status": 200, "body": {"accepted": true, "real_timestamp_ms": 1789222474474, "virtual_time_s": 1457.742396, "measure_result": "no_signal"}}
2026-09-12 22:14:37,636 INFO request {"path": "/measure", "payload": {"arena_id": "default", "robot_id": "202601002029", "request_id": "7c515c8678e0408c80b7378c1d11762d", "position": {"x": -980.0, "y": 1.2001538631644062e-13}, "channel": 7}, "attempt": 1}
2026-09-12 22:14:37,637 INFO response {"request_id": "7c515c8678e0408c80b7378c1d11762d", "http_status": 200, "body": {"accepted": true, "real_timestamp_ms": 1789222474506, "virtual_time_s": 1463.742396, "measure_result": "no_signal"}}
2026-09-12 22:14:37,668 INFO request {"path": "/measure", "payload": {"arena_id": "default", "robot_id": "202601002029", "request_id": "f1caeb7236994d9580a32e96295a6ce4", "position": {"x": -980.0, "y": 1.2001538631644062e-13}, "channel": 8}, "attempt": 1}
2026-09-12 22:14:37,686 INFO response {"request_id": "f1caeb7236994d9580a32e96295a6ce4", "http_status": 200, "body": {"accepted": true, "real_timestamp_ms": 1789222474555, "virtual_time_s": 1469.742396, "measure_result": "no_signal"}}
2026-09-12 22:14:37,700 INFO request {"path": "/measure", "payload": {"arena_id": "default", "robot_id": "202601002029", "request_id": "a9545c801e844a9ab8dc14cfbb5a594e", "position": {"x": -980.0, "y": 1.2001538631644062e-13}, "channel": 11}, "attempt": 1}
2026-09-12 22:14:37,702 INFO response {"request_id": "a9545c801e844a9ab8dc14cfbb5a594e", "http_status": 200, "body": {"accepted": true, "real_timestamp_ms": 1789222474571, "virtual_time_s": 1475.742396, "measure_result": "no_signal"}}
2026-09-12 22:14:37,732 INFO request {"path": "/measure", "payload": {"arena_id": "default", "robot_id": "202601002029", "request_id": "0abebfe0241b4eeab080a189d41a18ed", "position": {"x": -980.0, "y": 1.2001538631644062e-13}, "channel": 12}, "attempt": 1}
2026-09-12 22:14:37,735 INFO response {"request_id": "0abebfe0241b4eeab080a189d41a18ed", "http_status": 200, "body": {"accepted": true, "real_timestamp_ms": 1789222474603, "virtual_time_s": 1481.742396, "measure_result": "no_signal"}}
2026-09-12 22:14:37,765 INFO request {"path": "/measure", "payload": {"arena_id": "default", "robot_id": "202601002029", "request_id": "ebde6553c7ba47b695dfe55ab0a5b6e4", "position": {"x": -980.0, "y": 1.2001538631644062e-13}, "channel": 16}, "attempt": 1}
2026-09-12 22:14:37,767 INFO response {"request_id": "ebde6553c7ba47b695dfe55ab0a5b6e4", "http_status": 200, "body": {"accepted": true, "real_timestamp_ms": 1789222474636, "virtual_time_s": 1487.742396, "measure_result": "no_signal"}}
2026-09-12 22:14:37,799 INFO request {"path": "/measure", "payload": {"arena_id": "default", "robot_id": "202601002029", "request_id": "b838d84645f644fa9f8d2ee726c85505", "position": {"x": -980.0, "y": 1.2001538631644062e-13}, "channel": 17}, "attempt": 1}
2026-09-12 22:14:37,800 INFO response {"request_id": "b838d84645f644fa9f8d2ee726c85505", "http_status": 200, "body": {"accepted": true, "real_timestamp_ms": 1789222474669, "virtual_time_s": 1493.742396, "measure_result": "no_signal"}}
2026-09-12 22:14:37,878 INFO request {"path": "/measure", "payload": {"arena_id": "default", "robot_id": "202601002029", "request_id": "82495d53ae1742b8b193d5510baf37ee", "position": {"x": -980.0, "y": 1.2001538631644062e-13}, "channel": 15}, "attempt": 1}
2026-09-12 22:14:37,891 INFO response {"request_id": "82495d53ae1742b8b193d5510baf37ee", "http_status": 200, "body": {"accepted": true, "real_timestamp_ms": 1789222474760, "virtual_time_s": 1499.742396, "measure_result": "direction", "svd_deg": 339.16}}
2026-09-12 22:14:37,894 INFO request {"path": "/measure", "payload": {"arena_id": "default", "robot_id": "202601002029", "request_id": "a04989d12a6846cca9c00726c0d7eb1e", "position": {"x": -980.0, "y": 1.2001538631644062e-13}, "channel": 19}, "attempt": 1}
2026-09-12 22:14:37,910 INFO response {"request_id": "a04989d12a6846cca9c00726c0d7eb1e", "http_status": 200, "body": {"accepted": true, "real_timestamp_ms": 1789222474779, "virtual_time_s": 1505.742396, "measure_result": "direction", "svd_deg": 158.15}}
2026-09-12 22:14:37,927 INFO request {"path": "/measure", "payload": {"arena_id": "default", "robot_id": "202601002029", "request_id": "7f1e3afd1be24b5bb76cf0e7b8d47f25", "position": {"x": -848.7048957087501, "y": -489.9999999999997}, "channel": 2}, "attempt": 1}
2026-09-12 22:14:37,940 INFO response {"request_id": "7f1e3afd1be24b5bb76cf0e7b8d47f25", "http_status": 200, "body": {"accepted": true, "real_timestamp_ms": 1789222474808, "virtual_time_s": 1613.199462, "measure_result": "no_signal"}}
2026-09-12 22:14:37,971 INFO request {"path": "/measure", "payload": {"arena_id": "default", "robot_id": "202601002029", "request_id": "ff84a5726a9749afa87e5ee36edad6bc", "position": {"x": -848.7048957087501, "y": -489.9999999999997}, "channel": 3}, "attempt": 1}
2026-09-12 22:14:37,973 INFO response {"request_id": "ff84a5726a9749afa87e5ee36edad6bc", "http_status": 200, "body": {"accepted": true, "real_timestamp_ms": 1789222474842, "virtual_time_s": 1619.199462, "measure_result": "no_signal"}}
2026-09-12 22:14:37,988 INFO request {"path": "/measure", "payload": {"arena_id": "default", "robot_id": "202601002029", "request_id": "65d6d5eeda3248a28f0ed55d5961e183", "position": {"x": -848.7048957087501, "y": -489.9999999999997}, "channel": 4}, "attempt": 1}
2026-09-12 22:14:37,990 INFO response {"request_id": "65d6d5eeda3248a28f0ed55d5961e183", "http_status": 200, "body": {"accepted": true, "real_timestamp_ms": 1789222474859, "virtual_time_s": 1625.199462, "measure_result": "no_signal"}}
2026-09-12 22:14:38,021 INFO request {"path": "/measure", "payload": {"arena_id": "default", "robot_id": "202601002029", "request_id": "fed81e6371b74e21a95411e75a4f5ecf", "position": {"x": -848.7048957087501, "y": -489.9999999999997}, "channel": 5}, "attempt": 1}
2026-09-12 22:14:38,022 INFO response {"request_id": "fed81e6371b74e21a95411e75a4f5ecf", "http_status": 200, "body": {"accepted": true, "real_timestamp_ms": 1789222474891, "virtual_time_s": 1631.199462, "measure_result": "no_signal"}}
2026-09-12 22:14:38,053 INFO request {"path": "/measure", "payload": {"arena_id": "default", "robot_id": "202601002029", "request_id": "f91b33a1fe7146ea94eb85c9099a1252", "position": {"x": -848.7048957087501, "y": -489.9999999999997}, "channel": 7}, "attempt": 1}
2026-09-12 22:14:38,054 INFO response {"request_id": "f91b33a1fe7146ea94eb85c9099a1252", "http_status": 200, "body": {"accepted": true, "real_timestamp_ms": 1789222474923, "virtual_time_s": 1637.199462, "measure_result": "no_signal"}}
2026-09-12 22:14:38,084 INFO request {"path": "/measure", "payload": {"arena_id": "default", "robot_id": "202601002029", "request_id": "9c9600816d4c4b72b4f140bca812786a", "position": {"x": -848.7048957087501, "y": -489.9999999999997}, "channel": 8}, "attempt": 1}
2026-09-12 22:14:38,097 INFO response {"request_id": "9c9600816d4c4b72b4f140bca812786a", "http_status": 200, "body": {"accepted": true, "real_timestamp_ms": 1789222474967, "virtual_time_s": 1643.199462, "measure_result": "no_signal"}}
2026-09-12 22:14:38,113 INFO request {"path": "/measure", "payload": {"arena_id": "default", "robot_id": "202601002029", "request_id": "ebdce781ae194fb9a90e7e72e602c320", "position": {"x": -848.7048957087501, "y": -489.9999999999997}, "channel": 11}, "attempt": 1}
2026-09-12 22:14:38,115 INFO response {"request_id": "ebdce781ae194fb9a90e7e72e602c320", "http_status": 200, "body": {"accepted": true, "real_timestamp_ms": 1789222474983, "virtual_time_s": 1649.199462, "measure_result": "no_signal"}}
2026-09-12 22:14:38,146 INFO request {"path": "/measure", "payload": {"arena_id": "default", "robot_id": "202601002029", "request_id": "549510b5fd884cdcb46baaefeceed0b5", "position": {"x": -848.7048957087501, "y": -489.9999999999997}, "channel": 12}, "attempt": 1}
2026-09-12 22:14:38,148 INFO response {"request_id": "549510b5fd884cdcb46baaefeceed0b5", "http_status": 200, "body": {"accepted": true, "real_timestamp_ms": 1789222475017, "virtual_time_s": 1655.199462, "measure_result": "no_signal"}}
2026-09-12 22:14:38,180 INFO request {"path": "/measure", "payload": {"arena_id": "default", "robot_id": "202601002029", "request_id": "a5a4a9fbff774174840e3bb3a19d1974", "position": {"x": -848.7048957087501, "y": -489.9999999999997}, "channel": 16}, "attempt": 1}
2026-09-12 22:14:38,198 INFO response {"request_id": "a5a4a9fbff774174840e3bb3a19d1974", "http_status": 200, "body": {"accepted": true, "real_timestamp_ms": 1789222475067, "virtual_time_s": 1661.199462, "measure_result": "no_signal"}}
2026-09-12 22:14:38,214 INFO request {"path": "/measure", "payload": {"arena_id": "default", "robot_id": "202601002029", "request_id": "3c3c7464ab8a4a46aa65e9b2f88c5e6e", "position": {"x": -848.7048957087501, "y": -489.9999999999997}, "channel": 17}, "attempt": 1}
2026-09-12 22:14:38,226 INFO response {"request_id": "3c3c7464ab8a4a46aa65e9b2f88c5e6e", "http_status": 200, "body": {"accepted": true, "real_timestamp_ms": 1789222475095, "virtual_time_s": 1667.199462, "measure_result": "no_signal"}}
2026-09-12 22:14:38,262 INFO request {"path": "/measure", "payload": {"arena_id": "default", "robot_id": "202601002029", "request_id": "cf7846ea848d4e9fa0996d847275ccc5", "position": {"x": -848.7048957087501, "y": -489.9999999999997}, "channel": 19}, "attempt": 1}
2026-09-12 22:14:38,275 INFO response {"request_id": "cf7846ea848d4e9fa0996d847275ccc5", "http_status": 200, "body": {"accepted": true, "real_timestamp_ms": 1789222475144, "virtual_time_s": 1673.199462, "measure_result": "direction", "svd_deg": 137.39}}
2026-09-12 22:14:38,297 INFO request {"path": "/measure", "payload": {"arena_id": "default", "robot_id": "202601002029", "request_id": "f58c9b585f954be2a9d6f7527b78944f", "position": {"x": -490.00000000000045, "y": -848.7048957087497}, "channel": 2}, "attempt": 1}
2026-09-12 22:14:38,315 INFO response {"request_id": "f58c9b585f954be2a9d6f7527b78944f", "http_status": 200, "body": {"accepted": true, "real_timestamp_ms": 1789222475183, "virtual_time_s": 1780.656528, "measure_result": "no_signal"}}
2026-09-12 22:14:38,330 INFO request {"path": "/measure", "payload": {"arena_id": "default", "robot_id": "202601002029", "request_id": "a0b4f1a3f7b349449a34bf1c3c6d3452", "position": {"x": -490.00000000000045, "y": -848.7048957087497}, "channel": 3}, "attempt": 1}
2026-09-12 22:14:38,331 INFO response {"request_id": "a0b4f1a3f7b349449a34bf1c3c6d3452", "http_status": 200, "body": {"accepted": true, "real_timestamp_ms": 1789222475200, "virtual_time_s": 1786.656528, "measure_result": "no_signal"}}
2026-09-12 22:14:38,346 INFO request {"path": "/measure", "payload": {"arena_id": "default", "robot_id": "202601002029", "request_id": "5ed62d36f6584c828be4c7341de9b48d", "position": {"x": -490.00000000000045, "y": -848.7048957087497}, "channel": 4}, "attempt": 1}
2026-09-12 22:14:38,347 INFO response {"request_id": "5ed62d36f6584c828be4c7341de9b48d", "http_status": 200, "body": {"accepted": true, "real_timestamp_ms": 1789222475217, "virtual_time_s": 1792.656528, "measure_result": "no_signal"}}
2026-09-12 22:14:38,363 INFO request {"path": "/measure", "payload": {"arena_id": "default", "robot_id": "202601002029", "request_id": "f807a73c34a849a8b44a3f2f97235d6f", "position": {"x": -490.00000000000045, "y": -848.7048957087497}, "channel": 5}, "attempt": 1}
2026-09-12 22:14:38,365 INFO response {"request_id": "f807a73c34a849a8b44a3f2f97235d6f", "http_status": 200, "body": {"accepted": true, "real_timestamp_ms": 1789222475233, "virtual_time_s": 1798.656528, "measure_result": "no_signal"}}
2026-09-12 22:14:38,395 INFO request {"path": "/measure", "payload": {"arena_id": "default", "robot_id": "202601002029", "request_id": "b8537ba9d0b3406fbd71f132dacd0a60", "position": {"x": -490.00000000000045, "y": -848.7048957087497}, "channel": 7}, "attempt": 1}
2026-09-12 22:14:38,410 INFO response {"request_id": "b8537ba9d0b3406fbd71f132dacd0a60", "http_status": 200, "body": {"accepted": true, "real_timestamp_ms": 1789222475279, "virtual_time_s": 1804.656528, "measure_result": "no_signal"}}
2026-09-12 22:14:38,425 INFO request {"path": "/measure", "payload": {"arena_id": "default", "robot_id": "202601002029", "request_id": "67bcdb3de3c244f096d95452806a49bd", "position": {"x": -490.00000000000045, "y": -848.7048957087497}, "channel": 8}, "attempt": 1}
2026-09-12 22:14:38,440 INFO response {"request_id": "67bcdb3de3c244f096d95452806a49bd", "http_status": 200, "body": {"accepted": true, "real_timestamp_ms": 1789222475309, "virtual_time_s": 1810.656528, "measure_result": "no_signal"}}
2026-09-12 22:14:38,470 INFO request {"path": "/measure", "payload": {"arena_id": "default", "robot_id": "202601002029", "request_id": "4acbcb3914b24ed691d0c177226f9498", "position": {"x": -490.00000000000045, "y": -848.7048957087497}, "channel": 11}, "attempt": 1}
2026-09-12 22:14:38,490 INFO response {"request_id": "4acbcb3914b24ed691d0c177226f9498", "http_status": 200, "body": {"accepted": true, "real_timestamp_ms": 1789222475359, "virtual_time_s": 1816.656528, "measure_result": "no_signal"}}
2026-09-12 22:14:38,490 INFO request {"path": "/measure", "payload": {"arena_id": "default", "robot_id": "202601002029", "request_id": "17890eab979e459e84c09ff723a04e9d", "position": {"x": -490.00000000000045, "y": -848.7048957087497}, "channel": 12}, "attempt": 1}
2026-09-12 22:14:38,510 INFO response {"request_id": "17890eab979e459e84c09ff723a04e9d", "http_status": 200, "body": {"accepted": true, "real_timestamp_ms": 1789222475378, "virtual_time_s": 1822.656528, "measure_result": "no_signal"}}
2026-09-12 22:14:38,525 INFO request {"path": "/measure", "payload": {"arena_id": "default", "robot_id": "202601002029", "request_id": "4c469bcfc42f4947b485c51981804160", "position": {"x": -490.00000000000045, "y": -848.7048957087497}, "channel": 16}, "attempt": 1}
2026-09-12 22:14:38,526 INFO response {"request_id": "4c469bcfc42f4947b485c51981804160", "http_status": 200, "body": {"accepted": true, "real_timestamp_ms": 1789222475395, "virtual_time_s": 1828.656528, "measure_result": "no_signal"}}
2026-09-12 22:14:38,557 INFO request {"path": "/measure", "payload": {"arena_id": "default", "robot_id": "202601002029", "request_id": "9def3c304f2d46d18c8a45183ecb62c8", "position": {"x": -490.00000000000045, "y": -848.7048957087497}, "channel": 17}, "attempt": 1}
2026-09-12 22:14:38,559 INFO response {"request_id": "9def3c304f2d46d18c8a45183ecb62c8", "http_status": 200, "body": {"accepted": true, "real_timestamp_ms": 1789222475427, "virtual_time_s": 1834.656528, "measure_result": "no_signal"}}
2026-09-12 22:14:38,596 INFO request {"path": "/measure", "payload": {"arena_id": "default", "robot_id": "202601002029", "request_id": "8a1c3116ead040bca9df1a180c46b72b", "position": {"x": -490.00000000000045, "y": -848.7048957087497}, "channel": 14}, "attempt": 1}
2026-09-12 22:14:38,616 INFO response {"request_id": "8a1c3116ead040bca9df1a180c46b72b", "http_status": 200, "body": {"accepted": true, "real_timestamp_ms": 1789222475485, "virtual_time_s": 1840.656528, "measure_result": "no_signal"}}
2026-09-12 22:14:38,616 INFO request {"path": "/measure", "payload": {"arena_id": "default", "robot_id": "202601002029", "request_id": "79d877a5462c44379fb86e91588c7b0d", "position": {"x": -1.8002307947466092e-13, "y": -980.0}, "channel": 2}, "attempt": 1}
2026-09-12 22:14:38,636 INFO response {"request_id": "79d877a5462c44379fb86e91588c7b0d", "http_status": 200, "body": {"accepted": true, "real_timestamp_ms": 1789222475505, "virtual_time_s": 1948.113594, "measure_result": "no_signal"}}
2026-09-12 22:14:38,651 INFO request {"path": "/measure", "payload": {"arena_id": "default", "robot_id": "202601002029", "request_id": "2e59cfac9b294835b7339bb91c56fdd7", "position": {"x": -1.8002307947466092e-13, "y": -980.0}, "channel": 3}, "attempt": 1}
2026-09-12 22:14:38,665 INFO response {"request_id": "2e59cfac9b294835b7339bb91c56fdd7", "http_status": 200, "body": {"accepted": true, "real_timestamp_ms": 1789222475534, "virtual_time_s": 1954.113594, "measure_result": "no_signal"}}
2026-09-12 22:14:38,680 INFO request {"path": "/measure", "payload": {"arena_id": "default", "robot_id": "202601002029", "request_id": "c3e85004fc7b496ba09806eeba81d82c", "position": {"x": -1.8002307947466092e-13, "y": -980.0}, "channel": 4}, "attempt": 1}
2026-09-12 22:14:38,695 INFO response {"request_id": "c3e85004fc7b496ba09806eeba81d82c", "http_status": 200, "body": {"accepted": true, "real_timestamp_ms": 1789222475564, "virtual_time_s": 1960.113594, "measure_result": "no_signal"}}
2026-09-12 22:14:38,710 INFO request {"path": "/measure", "payload": {"arena_id": "default", "robot_id": "202601002029", "request_id": "6ceaaa4f01bf4640bef6dde1922f4bbe", "position": {"x": -1.8002307947466092e-13, "y": -980.0}, "channel": 5}, "attempt": 1}
2026-09-12 22:14:38,724 INFO response {"request_id": "6ceaaa4f01bf4640bef6dde1922f4bbe", "http_status": 200, "body": {"accepted": true, "real_timestamp_ms": 1789222475593, "virtual_time_s": 1966.113594, "measure_result": "no_signal"}}
2026-09-12 22:14:38,740 INFO request {"path": "/measure", "payload": {"arena_id": "default", "robot_id": "202601002029", "request_id": "956c6f4dd9994f04b2649d9cda0db207", "position": {"x": -1.8002307947466092e-13, "y": -980.0}, "channel": 7}, "attempt": 1}
2026-09-12 22:14:38,754 INFO response {"request_id": "956c6f4dd9994f04b2649d9cda0db207", "http_status": 200, "body": {"accepted": true, "real_timestamp_ms": 1789222475622, "virtual_time_s": 1972.113594, "measure_result": "no_signal"}}
2026-09-12 22:14:38,769 INFO request {"path": "/measure", "payload": {"arena_id": "default", "robot_id": "202601002029", "request_id": "a311f6b1342b449bba3956f7922c9eba", "position": {"x": -1.8002307947466092e-13, "y": -980.0}, "channel": 8}, "attempt": 1}
2026-09-12 22:14:38,784 INFO response {"request_id": "a311f6b1342b449bba3956f7922c9eba", "http_status": 200, "body": {"accepted": true, "real_timestamp_ms": 1789222475652, "virtual_time_s": 1978.113594, "measure_result": "no_signal"}}
2026-09-12 22:14:38,792 INFO request {"path": "/measure", "payload": {"arena_id": "default", "robot_id": "202601002029", "request_id": "d212f99eb81742799c67477a26233b05", "position": {"x": -1.8002307947466092e-13, "y": -980.0}, "channel": 11}, "attempt": 1}
2026-09-12 22:14:38,802 INFO response {"request_id": "d212f99eb81742799c67477a26233b05", "http_status": 200, "body": {"accepted": true, "real_timestamp_ms": 1789222475672, "virtual_time_s": 1984.113594, "measure_result": "no_signal"}}
2026-09-12 22:14:38,817 INFO request {"path": "/measure", "payload": {"arena_id": "default", "robot_id": "202601002029", "request_id": "d33e8df389a0494fb7b56aae9c0814f7", "position": {"x": -1.8002307947466092e-13, "y": -980.0}, "channel": 12}, "attempt": 1}
2026-09-12 22:14:38,832 INFO response {"request_id": "d33e8df389a0494fb7b56aae9c0814f7", "http_status": 200, "body": {"accepted": true, "real_timestamp_ms": 1789222475701, "virtual_time_s": 1990.113594, "measure_result": "no_signal"}}
2026-09-12 22:14:38,847 INFO request {"path": "/measure", "payload": {"arena_id": "default", "robot_id": "202601002029", "request_id": "0b0d5561c3814e15b72ce7388f76d783", "position": {"x": -1.8002307947466092e-13, "y": -980.0}, "channel": 16}, "attempt": 1}
2026-09-12 22:14:38,862 INFO response {"request_id": "0b0d5561c3814e15b72ce7388f76d783", "http_status": 200, "body": {"accepted": true, "real_timestamp_ms": 1789222475731, "virtual_time_s": 1996.113594, "measure_result": "no_signal"}}
2026-09-12 22:14:38,878 INFO request {"path": "/measure", "payload": {"arena_id": "default", "robot_id": "202601002029", "request_id": "7c6fb9b1b9d340e3a384b972b5c533bc", "position": {"x": -1.8002307947466092e-13, "y": -980.0}, "channel": 17}, "attempt": 1}
2026-09-12 22:14:38,879 INFO response {"request_id": "7c6fb9b1b9d340e3a384b972b5c533bc", "http_status": 200, "body": {"accepted": true, "real_timestamp_ms": 1789222475748, "virtual_time_s": 2002.113594, "measure_result": "no_signal"}}
2026-09-12 22:14:38,899 INFO request {"path": "/measure", "payload": {"arena_id": "default", "robot_id": "202601002029", "request_id": "7deda0bb76c74b4c90259fd30a6f15cf", "position": {"x": 489.9999999999994, "y": -848.7048957087503}, "channel": 17}, "attempt": 1}
2026-09-12 22:14:38,900 INFO response {"request_id": "7deda0bb76c74b4c90259fd30a6f15cf", "http_status": 200, "body": {"accepted": true, "real_timestamp_ms": 1789222475769, "virtual_time_s": 2108.57066, "measure_result": "no_signal"}}
2026-09-12 22:14:38,931 INFO request {"path": "/measure", "payload": {"arena_id": "default", "robot_id": "202601002029", "request_id": "7fc928f7e89b429abf783fbe71e67e90", "position": {"x": 489.9999999999994, "y": -848.7048957087503}, "channel": 2}, "attempt": 1}
2026-09-12 22:14:38,933 INFO response {"request_id": "7fc928f7e89b429abf783fbe71e67e90", "http_status": 200, "body": {"accepted": true, "real_timestamp_ms": 1789222475802, "virtual_time_s": 2114.57066, "measure_result": "no_signal"}}
2026-09-12 22:14:38,964 INFO request {"path": "/measure", "payload": {"arena_id": "default", "robot_id": "202601002029", "request_id": "4aaec2eca04e464d9c9680b190d451ed", "position": {"x": 489.9999999999994, "y": -848.7048957087503}, "channel": 3}, "attempt": 1}
2026-09-12 22:14:38,966 INFO response {"request_id": "4aaec2eca04e464d9c9680b190d451ed", "http_status": 200, "body": {"accepted": true, "real_timestamp_ms": 1789222475835, "virtual_time_s": 2120.57066, "measure_result": "no_signal"}}
2026-09-12 22:14:38,997 INFO request {"path": "/measure", "payload": {"arena_id": "default", "robot_id": "202601002029", "request_id": "c2aaa47b8a9e4e7397b4f7fa08240f88", "position": {"x": 489.9999999999994, "y": -848.7048957087503}, "channel": 4}, "attempt": 1}
2026-09-12 22:14:38,999 INFO response {"request_id": "c2aaa47b8a9e4e7397b4f7fa08240f88", "http_status": 200, "body": {"accepted": true, "real_timestamp_ms": 1789222475867, "virtual_time_s": 2126.57066, "measure_result": "no_signal"}}
2026-09-12 22:14:39,029 INFO request {"path": "/measure", "payload": {"arena_id": "default", "robot_id": "202601002029", "request_id": "2ff7bd0712b24c12a0b6f085c02f0e4f", "position": {"x": 489.9999999999994, "y": -848.7048957087503}, "channel": 5}, "attempt": 1}
2026-09-12 22:14:39,033 INFO response {"request_id": "2ff7bd0712b24c12a0b6f085c02f0e4f", "http_status": 200, "body": {"accepted": true, "real_timestamp_ms": 1789222475901, "virtual_time_s": 2132.57066, "measure_result": "no_signal"}}
2026-09-12 22:14:39,063 INFO request {"path": "/measure", "payload": {"arena_id": "default", "robot_id": "202601002029", "request_id": "cb8177e71e5846b0aee32008771b3d72", "position": {"x": 489.9999999999994, "y": -848.7048957087503}, "channel": 7}, "attempt": 1}
2026-09-12 22:14:39,066 INFO response {"request_id": "cb8177e71e5846b0aee32008771b3d72", "http_status": 200, "body": {"accepted": true, "real_timestamp_ms": 1789222475934, "virtual_time_s": 2138.57066, "measure_result": "no_signal"}}
2026-09-12 22:14:39,082 INFO request {"path": "/measure", "payload": {"arena_id": "default", "robot_id": "202601002029", "request_id": "4a9faf0474924f97bcecb5718bc6d306", "position": {"x": 489.9999999999994, "y": -848.7048957087503}, "channel": 8}, "attempt": 1}
2026-09-12 22:14:39,098 INFO response {"request_id": "4a9faf0474924f97bcecb5718bc6d306", "http_status": 200, "body": {"accepted": true, "real_timestamp_ms": 1789222475967, "virtual_time_s": 2144.57066, "measure_result": "no_signal"}}
2026-09-12 22:14:39,113 INFO request {"path": "/measure", "payload": {"arena_id": "default", "robot_id": "202601002029", "request_id": "2758087108c340179d4adb29f30237a9", "position": {"x": 489.9999999999994, "y": -848.7048957087503}, "channel": 11}, "attempt": 1}
2026-09-12 22:14:39,114 INFO response {"request_id": "2758087108c340179d4adb29f30237a9", "http_status": 200, "body": {"accepted": true, "real_timestamp_ms": 1789222475983, "virtual_time_s": 2150.57066, "measure_result": "no_signal"}}
2026-09-12 22:14:39,145 INFO request {"path": "/measure", "payload": {"arena_id": "default", "robot_id": "202601002029", "request_id": "4e33e7bf366e4adfa30a5fc75688f4d1", "position": {"x": 489.9999999999994, "y": -848.7048957087503}, "channel": 12}, "attempt": 1}
2026-09-12 22:14:39,156 INFO response {"request_id": "4e33e7bf366e4adfa30a5fc75688f4d1", "http_status": 200, "body": {"accepted": true, "real_timestamp_ms": 1789222476025, "virtual_time_s": 2156.57066, "measure_result": "no_signal"}}
2026-09-12 22:14:39,187 INFO request {"path": "/measure", "payload": {"arena_id": "default", "robot_id": "202601002029", "request_id": "c396b0a95da346a98b16441f5db7c4a6", "position": {"x": 489.9999999999994, "y": -848.7048957087503}, "channel": 16}, "attempt": 1}
2026-09-12 22:14:39,188 INFO response {"request_id": "c396b0a95da346a98b16441f5db7c4a6", "http_status": 200, "body": {"accepted": true, "real_timestamp_ms": 1789222476057, "virtual_time_s": 2162.57066, "measure_result": "no_signal"}}
2026-09-12 22:14:39,210 INFO request {"path": "/measure", "payload": {"arena_id": "default", "robot_id": "202601002029", "request_id": "eb0af70fe1784f4fac4cde984ebdfb07", "position": {"x": 848.7048957087496, "y": -490.00000000000045}, "channel": 16}, "attempt": 1}
2026-09-12 22:14:39,226 INFO response {"request_id": "eb0af70fe1784f4fac4cde984ebdfb07", "http_status": 200, "body": {"accepted": true, "real_timestamp_ms": 1789222476095, "virtual_time_s": 2269.027726, "measure_result": "no_signal"}}
2026-09-12 22:14:39,242 INFO request {"path": "/measure", "payload": {"arena_id": "default", "robot_id": "202601002029", "request_id": "831b3c1b7dde4618ad2d56e17b9385fd", "position": {"x": 848.7048957087496, "y": -490.00000000000045}, "channel": 2}, "attempt": 1}
2026-09-12 22:14:39,255 INFO response {"request_id": "831b3c1b7dde4618ad2d56e17b9385fd", "http_status": 200, "body": {"accepted": true, "real_timestamp_ms": 1789222476124, "virtual_time_s": 2275.027726, "measure_result": "no_signal"}}
2026-09-12 22:14:39,271 INFO request {"path": "/measure", "payload": {"arena_id": "default", "robot_id": "202601002029", "request_id": "c70a222714604439b54ff46fbabc089d", "position": {"x": 848.7048957087496, "y": -490.00000000000045}, "channel": 3}, "attempt": 1}
2026-09-12 22:14:39,272 INFO response {"request_id": "c70a222714604439b54ff46fbabc089d", "http_status": 200, "body": {"accepted": true, "real_timestamp_ms": 1789222476141, "virtual_time_s": 2281.027726, "measure_result": "no_signal"}}
2026-09-12 22:14:39,303 INFO request {"path": "/measure", "payload": {"arena_id": "default", "robot_id": "202601002029", "request_id": "744b586d5b7b4130af4b5e61461d97e0", "position": {"x": 848.7048957087496, "y": -490.00000000000045}, "channel": 4}, "attempt": 1}
2026-09-12 22:14:39,306 INFO response {"request_id": "744b586d5b7b4130af4b5e61461d97e0", "http_status": 200, "body": {"accepted": true, "real_timestamp_ms": 1789222476175, "virtual_time_s": 2287.027726, "measure_result": "no_signal"}}
2026-09-12 22:14:39,337 INFO request {"path": "/measure", "payload": {"arena_id": "default", "robot_id": "202601002029", "request_id": "6ca4072d382a484591ba54ed2e366aaf", "position": {"x": 848.7048957087496, "y": -490.00000000000045}, "channel": 5}, "attempt": 1}
2026-09-12 22:14:39,339 INFO response {"request_id": "6ca4072d382a484591ba54ed2e366aaf", "http_status": 200, "body": {"accepted": true, "real_timestamp_ms": 1789222476207, "virtual_time_s": 2293.027726, "measure_result": "no_signal"}}
2026-09-12 22:14:39,370 INFO request {"path": "/measure", "payload": {"arena_id": "default", "robot_id": "202601002029", "request_id": "efe36f3dfe954c83bf3258f75fba5ccc", "position": {"x": 848.7048957087496, "y": -490.00000000000045}, "channel": 7}, "attempt": 1}
2026-09-12 22:14:39,384 INFO response {"request_id": "efe36f3dfe954c83bf3258f75fba5ccc", "http_status": 200, "body": {"accepted": true, "real_timestamp_ms": 1789222476252, "virtual_time_s": 2299.027726, "measure_result": "no_signal"}}
2026-09-12 22:14:39,399 INFO request {"path": "/measure", "payload": {"arena_id": "default", "robot_id": "202601002029", "request_id": "4ef785db4c974258a96f0f9057bceb30", "position": {"x": 848.7048957087496, "y": -490.00000000000045}, "channel": 8}, "attempt": 1}
2026-09-12 22:14:39,401 INFO response {"request_id": "4ef785db4c974258a96f0f9057bceb30", "http_status": 200, "body": {"accepted": true, "real_timestamp_ms": 1789222476270, "virtual_time_s": 2305.027726, "measure_result": "no_signal"}}
2026-09-12 22:14:39,432 INFO request {"path": "/measure", "payload": {"arena_id": "default", "robot_id": "202601002029", "request_id": "892aa288e9a54301b7c387eedade4230", "position": {"x": 848.7048957087496, "y": -490.00000000000045}, "channel": 11}, "attempt": 1}
2026-09-12 22:14:39,435 INFO response {"request_id": "892aa288e9a54301b7c387eedade4230", "http_status": 200, "body": {"accepted": true, "real_timestamp_ms": 1789222476304, "virtual_time_s": 2311.027726, "measure_result": "no_signal"}}
2026-09-12 22:14:39,467 INFO request {"path": "/measure", "payload": {"arena_id": "default", "robot_id": "202601002029", "request_id": "31f28665fe644060ac135123bdfb2c8d", "position": {"x": 848.7048957087496, "y": -490.00000000000045}, "channel": 12}, "attempt": 1}
2026-09-12 22:14:39,483 INFO response {"request_id": "31f28665fe644060ac135123bdfb2c8d", "http_status": 200, "body": {"accepted": true, "real_timestamp_ms": 1789222476351, "virtual_time_s": 2317.027726, "measure_result": "no_signal"}}
2026-09-12 22:14:39,498 INFO request {"path": "/measure", "payload": {"arena_id": "default", "robot_id": "202601002029", "request_id": "58300d5c8cc44092bd59745aad88254b", "position": {"x": 848.7048957087496, "y": -490.00000000000045}, "channel": 17}, "attempt": 1}
2026-09-12 22:14:39,504 INFO response {"request_id": "58300d5c8cc44092bd59745aad88254b", "http_status": 200, "body": {"accepted": true, "real_timestamp_ms": 1789222476372, "virtual_time_s": 2323.027726, "measure_result": "no_signal"}}
2026-09-12 22:14:39,530 INFO request {"path": "/measure", "payload": {"arena_id": "default", "robot_id": "202601002029", "request_id": "a763e67f5a844e848a41b55723037802", "position": {"x": 848.7048957087496, "y": -490.00000000000045}, "channel": 14}, "attempt": 1}
2026-09-12 22:14:39,552 INFO response {"request_id": "a763e67f5a844e848a41b55723037802", "http_status": 200, "body": {"accepted": true, "real_timestamp_ms": 1789222476420, "virtual_time_s": 2329.027726, "measure_result": "no_signal"}}
2026-09-12 22:14:39,552 INFO request {"path": "/measure", "payload": {"arena_id": "default", "robot_id": "202601002029", "request_id": "96633ece0d714782ae0a5b7c30b65ef1", "position": {"x": 1801.9999999999995, "y": -482.84444476088464}, "channel": 2}, "attempt": 1}
2026-09-12 22:14:39,553 INFO response {"request_id": "96633ece0d714782ae0a5b7c30b65ef1", "http_status": 200, "body": {"accepted": true, "real_timestamp_ms": 1789222476422, "virtual_time_s": 2525.692118, "measure_result": "no_signal"}}
2026-09-12 22:14:39,584 INFO request {"path": "/measure", "payload": {"arena_id": "default", "robot_id": "202601002029", "request_id": "9b948f4e4dd04d8ca156864516d24cac", "position": {"x": 1801.9999999999995, "y": -482.84444476088464}, "channel": 3}, "attempt": 1}
2026-09-12 22:14:39,586 INFO response {"request_id": "9b948f4e4dd04d8ca156864516d24cac", "http_status": 200, "body": {"accepted": true, "real_timestamp_ms": 1789222476455, "virtual_time_s": 2531.692118, "measure_result": "no_signal"}}
2026-09-12 22:14:39,617 INFO request {"path": "/measure", "payload": {"arena_id": "default", "robot_id": "202601002029", "request_id": "429d720bdb9a49598d669937fa37280b", "position": {"x": 1801.9999999999995, "y": -482.84444476088464}, "channel": 4}, "attempt": 1}
2026-09-12 22:14:39,619 INFO response {"request_id": "429d720bdb9a49598d669937fa37280b", "http_status": 200, "body": {"accepted": true, "real_timestamp_ms": 1789222476487, "virtual_time_s": 2537.692118, "measure_result": "no_signal"}}
2026-09-12 22:14:39,650 INFO request {"path": "/measure", "payload": {"arena_id": "default", "robot_id": "202601002029", "request_id": "a4f0240eac7947a1933341ba13bdcc3a", "position": {"x": 1801.9999999999995, "y": -482.84444476088464}, "channel": 5}, "attempt": 1}
2026-09-12 22:14:39,669 INFO response {"request_id": "a4f0240eac7947a1933341ba13bdcc3a", "http_status": 200, "body": {"accepted": true, "real_timestamp_ms": 1789222476537, "virtual_time_s": 2543.692118, "measure_result": "no_signal"}}
2026-09-12 22:14:39,684 INFO request {"path": "/measure", "payload": {"arena_id": "default", "robot_id": "202601002029", "request_id": "63433a21e9b3400b95d9dd7ebb1f3947", "position": {"x": 1801.9999999999995, "y": -482.84444476088464}, "channel": 7}, "attempt": 1}
2026-09-12 22:14:39,686 INFO response {"request_id": "63433a21e9b3400b95d9dd7ebb1f3947", "http_status": 200, "body": {"accepted": true, "real_timestamp_ms": 1789222476554, "virtual_time_s": 2549.692118, "measure_result": "no_signal"}}
2026-09-12 22:14:39,717 INFO request {"path": "/measure", "payload": {"arena_id": "default", "robot_id": "202601002029", "request_id": "4061aa6b2db84988a9cd3fbe39d68421", "position": {"x": 1801.9999999999995, "y": -482.84444476088464}, "channel": 8}, "attempt": 1}
2026-09-12 22:14:39,738 INFO response {"request_id": "4061aa6b2db84988a9cd3fbe39d68421", "http_status": 200, "body": {"accepted": true, "real_timestamp_ms": 1789222476607, "virtual_time_s": 2555.692118, "measure_result": "no_signal"}}
2026-09-12 22:14:39,738 INFO request {"path": "/measure", "payload": {"arena_id": "default", "robot_id": "202601002029", "request_id": "84eded72a5bf4c8f87b14765d50ffde3", "position": {"x": 1801.9999999999995, "y": -482.84444476088464}, "channel": 11}, "attempt": 1}
2026-09-12 22:14:39,757 INFO response {"request_id": "84eded72a5bf4c8f87b14765d50ffde3", "http_status": 200, "body": {"accepted": true, "real_timestamp_ms": 1789222476626, "virtual_time_s": 2561.692118, "measure_result": "no_signal"}}
2026-09-12 22:14:39,771 INFO request {"path": "/measure", "payload": {"arena_id": "default", "robot_id": "202601002029", "request_id": "814371d8080649889b3e35bff60c85b3", "position": {"x": 1801.9999999999995, "y": -482.84444476088464}, "channel": 12}, "attempt": 1}
2026-09-12 22:14:39,787 INFO response {"request_id": "814371d8080649889b3e35bff60c85b3", "http_status": 200, "body": {"accepted": true, "real_timestamp_ms": 1789222476656, "virtual_time_s": 2567.692118, "measure_result": "no_signal"}}
2026-09-12 22:14:39,801 INFO request {"path": "/measure", "payload": {"arena_id": "default", "robot_id": "202601002029", "request_id": "f4082c79902b41209ac1328536f6165c", "position": {"x": 1801.9999999999995, "y": -482.84444476088464}, "channel": 16}, "attempt": 1}
2026-09-12 22:14:39,802 INFO response {"request_id": "f4082c79902b41209ac1328536f6165c", "http_status": 200, "body": {"accepted": true, "real_timestamp_ms": 1789222476672, "virtual_time_s": 2573.692118, "measure_result": "no_signal"}}
2026-09-12 22:14:39,833 INFO request {"path": "/measure", "payload": {"arena_id": "default", "robot_id": "202601002029", "request_id": "cc7fb129ba67413bb0be1a30886b7fec", "position": {"x": 1801.9999999999995, "y": -482.84444476088464}, "channel": 17}, "attempt": 1}
2026-09-12 22:14:39,846 INFO response {"request_id": "cc7fb129ba67413bb0be1a30886b7fec", "http_status": 200, "body": {"accepted": true, "real_timestamp_ms": 1789222476715, "virtual_time_s": 2579.692118, "measure_result": "no_signal"}}
2026-09-12 22:14:39,869 INFO request {"path": "/measure", "payload": {"arena_id": "default", "robot_id": "202601002029", "request_id": "a28ed6db6d9d4ff8a391daf38b532b34", "position": {"x": 1319.1555552391164, "y": -1319.1555552391171}, "channel": 17}, "attempt": 1}
2026-09-12 22:14:39,870 INFO response {"request_id": "a28ed6db6d9d4ff8a391daf38b532b34", "http_status": 200, "body": {"accepted": true, "real_timestamp_ms": 1789222476739, "virtual_time_s": 2777.829896, "measure_result": "no_signal"}}
2026-09-12 22:14:39,900 INFO request {"path": "/measure", "payload": {"arena_id": "default", "robot_id": "202601002029", "request_id": "04c39b6a406f4b978485c30a4596f18c", "position": {"x": 1319.1555552391164, "y": -1319.1555552391171}, "channel": 2}, "attempt": 1}
2026-09-12 22:14:39,918 INFO response {"request_id": "04c39b6a406f4b978485c30a4596f18c", "http_status": 200, "body": {"accepted": true, "real_timestamp_ms": 1789222476786, "virtual_time_s": 2783.829896, "measure_result": "no_signal"}}
2026-09-12 22:14:39,932 INFO request {"path": "/measure", "payload": {"arena_id": "default", "robot_id": "202601002029", "request_id": "a764285de69e4c0a9496a92fefd4e208", "position": {"x": 1319.1555552391164, "y": -1319.1555552391171}, "channel": 3}, "attempt": 1}
2026-09-12 22:14:39,935 INFO response {"request_id": "a764285de69e4c0a9496a92fefd4e208", "http_status": 200, "body": {"accepted": true, "real_timestamp_ms": 1789222476803, "virtual_time_s": 2789.829896, "measure_result": "no_signal"}}
2026-09-12 22:14:39,965 INFO request {"path": "/measure", "payload": {"arena_id": "default", "robot_id": "202601002029", "request_id": "2eecbfbc2baa4703baac10bb02b9c2a0", "position": {"x": 1319.1555552391164, "y": -1319.1555552391171}, "channel": 4}, "attempt": 1}
2026-09-12 22:14:39,986 INFO response {"request_id": "2eecbfbc2baa4703baac10bb02b9c2a0", "http_status": 200, "body": {"accepted": true, "real_timestamp_ms": 1789222476855, "virtual_time_s": 2795.829896, "measure_result": "no_signal"}}
2026-09-12 22:14:40,002 INFO request {"path": "/measure", "payload": {"arena_id": "default", "robot_id": "202601002029", "request_id": "a93689a3a43d4b17b6a51a372eed79f7", "position": {"x": 1319.1555552391164, "y": -1319.1555552391171}, "channel": 5}, "attempt": 1}
2026-09-12 22:14:40,004 INFO response {"request_id": "a93689a3a43d4b17b6a51a372eed79f7", "http_status": 200, "body": {"accepted": true, "real_timestamp_ms": 1789222476873, "virtual_time_s": 2801.829896, "measure_result": "no_signal"}}
2026-09-12 22:14:40,019 INFO request {"path": "/measure", "payload": {"arena_id": "default", "robot_id": "202601002029", "request_id": "37e1aa235ea74e92b23dc09e26deff85", "position": {"x": 1319.1555552391164, "y": -1319.1555552391171}, "channel": 7}, "attempt": 1}
2026-09-12 22:14:40,035 INFO response {"request_id": "37e1aa235ea74e92b23dc09e26deff85", "http_status": 200, "body": {"accepted": true, "real_timestamp_ms": 1789222476904, "virtual_time_s": 2807.829896, "measure_result": "no_signal"}}
2026-09-12 22:14:40,050 INFO request {"path": "/measure", "payload": {"arena_id": "default", "robot_id": "202601002029", "request_id": "c31bea6e90fe443797e7357e539bd1e5", "position": {"x": 1319.1555552391164, "y": -1319.1555552391171}, "channel": 8}, "attempt": 1}
2026-09-12 22:14:40,051 INFO response {"request_id": "c31bea6e90fe443797e7357e539bd1e5", "http_status": 200, "body": {"accepted": true, "real_timestamp_ms": 1789222476920, "virtual_time_s": 2813.829896, "measure_result": "no_signal"}}
2026-09-12 22:14:40,065 INFO request {"path": "/measure", "payload": {"arena_id": "default", "robot_id": "202601002029", "request_id": "5fec2d929c8a4cf6aad74851a1670135", "position": {"x": 1319.1555552391164, "y": -1319.1555552391171}, "channel": 11}, "attempt": 1}
2026-09-12 22:14:40,067 INFO response {"request_id": "5fec2d929c8a4cf6aad74851a1670135", "http_status": 200, "body": {"accepted": true, "real_timestamp_ms": 1789222476936, "virtual_time_s": 2819.829896, "measure_result": "no_signal"}}
2026-09-12 22:14:40,083 INFO request {"path": "/measure", "payload": {"arena_id": "default", "robot_id": "202601002029", "request_id": "6529a516ea3341fd9537c8c0dbff51e7", "position": {"x": 1319.1555552391164, "y": -1319.1555552391171}, "channel": 12}, "attempt": 1}
2026-09-12 22:14:40,085 INFO response {"request_id": "6529a516ea3341fd9537c8c0dbff51e7", "http_status": 200, "body": {"accepted": true, "real_timestamp_ms": 1789222476954, "virtual_time_s": 2825.829896, "measure_result": "no_signal"}}
2026-09-12 22:14:40,116 INFO request {"path": "/measure", "payload": {"arena_id": "default", "robot_id": "202601002029", "request_id": "39fa35b2cd7741a2967a5920c69ec326", "position": {"x": 1319.1555552391164, "y": -1319.1555552391171}, "channel": 16}, "attempt": 1}
2026-09-12 22:14:40,117 INFO response {"request_id": "39fa35b2cd7741a2967a5920c69ec326", "http_status": 200, "body": {"accepted": true, "real_timestamp_ms": 1789222476986, "virtual_time_s": 2831.829896, "measure_result": "no_signal"}}
2026-09-12 22:14:40,148 INFO request {"path": "/measure", "payload": {"arena_id": "default", "robot_id": "202601002029", "request_id": "717840943c984e1ba1f3a05f6dc082a8", "position": {"x": 482.84444476088225, "y": -1802.0000000000002}, "channel": 16}, "attempt": 1}
2026-09-12 22:14:40,150 INFO response {"request_id": "717840943c984e1ba1f3a05f6dc082a8", "http_status": 200, "body": {"accepted": true, "real_timestamp_ms": 1789222477019, "virtual_time_s": 3029.967674, "measure_result": "no_signal"}}
2026-09-12 22:14:40,181 INFO request {"path": "/measure", "payload": {"arena_id": "default", "robot_id": "202601002029", "request_id": "cd2746bfa1eb41c88e90012f2923bf15", "position": {"x": 482.84444476088225, "y": -1802.0000000000002}, "channel": 2}, "attempt": 1}
2026-09-12 22:14:40,185 INFO response {"request_id": "cd2746bfa1eb41c88e90012f2923bf15", "http_status": 200, "body": {"accepted": true, "real_timestamp_ms": 1789222477053, "virtual_time_s": 3035.967674, "measure_result": "no_signal"}}
2026-09-12 22:14:40,215 INFO request {"path": "/measure", "payload": {"arena_id": "default", "robot_id": "202601002029", "request_id": "3da617963ebc4302abcaaeff7c015fd3", "position": {"x": 482.84444476088225, "y": -1802.0000000000002}, "channel": 3}, "attempt": 1}
2026-09-12 22:14:40,232 INFO response {"request_id": "3da617963ebc4302abcaaeff7c015fd3", "http_status": 200, "body": {"accepted": true, "real_timestamp_ms": 1789222477101, "virtual_time_s": 3041.967674, "measure_result": "no_signal"}}
2026-09-12 22:14:40,248 INFO request {"path": "/measure", "payload": {"arena_id": "default", "robot_id": "202601002029", "request_id": "35e30cc8837049dfb3072cb337ba75e2", "position": {"x": 482.84444476088225, "y": -1802.0000000000002}, "channel": 4}, "attempt": 1}
2026-09-12 22:14:40,250 INFO response {"request_id": "35e30cc8837049dfb3072cb337ba75e2", "http_status": 200, "body": {"accepted": true, "real_timestamp_ms": 1789222477119, "virtual_time_s": 3047.967674, "measure_result": "no_signal"}}
2026-09-12 22:14:40,280 INFO request {"path": "/measure", "payload": {"arena_id": "default", "robot_id": "202601002029", "request_id": "43d39fdb7af047a98bfa3e316b34a192", "position": {"x": 482.84444476088225, "y": -1802.0000000000002}, "channel": 5}, "attempt": 1}
2026-09-12 22:14:40,282 INFO response {"request_id": "43d39fdb7af047a98bfa3e316b34a192", "http_status": 200, "body": {"accepted": true, "real_timestamp_ms": 1789222477150, "virtual_time_s": 3053.967674, "measure_result": "no_signal"}}
2026-09-12 22:14:40,313 INFO request {"path": "/measure", "payload": {"arena_id": "default", "robot_id": "202601002029", "request_id": "58885aa3c8f04f5182b0cc2391945205", "position": {"x": 482.84444476088225, "y": -1802.0000000000002}, "channel": 7}, "attempt": 1}
2026-09-12 22:14:40,329 INFO response {"request_id": "58885aa3c8f04f5182b0cc2391945205", "http_status": 200, "body": {"accepted": true, "real_timestamp_ms": 1789222477198, "virtual_time_s": 3059.967674, "measure_result": "no_signal"}}
2026-09-12 22:14:40,345 INFO request {"path": "/measure", "payload": {"arena_id": "default", "robot_id": "202601002029", "request_id": "430edabbb51b4800a7663e4bbe930514", "position": {"x": 482.84444476088225, "y": -1802.0000000000002}, "channel": 8}, "attempt": 1}
2026-09-12 22:14:40,346 INFO response {"request_id": "430edabbb51b4800a7663e4bbe930514", "http_status": 200, "body": {"accepted": true, "real_timestamp_ms": 1789222477215, "virtual_time_s": 3065.967674, "measure_result": "no_signal"}}
2026-09-12 22:14:40,377 INFO request {"path": "/measure", "payload": {"arena_id": "default", "robot_id": "202601002029", "request_id": "6ed3626c0b2a441cbc64b9eebde9fb20", "position": {"x": 482.84444476088225, "y": -1802.0000000000002}, "channel": 11}, "attempt": 1}
2026-09-12 22:14:40,389 INFO response {"request_id": "6ed3626c0b2a441cbc64b9eebde9fb20", "http_status": 200, "body": {"accepted": true, "real_timestamp_ms": 1789222477258, "virtual_time_s": 3071.967674, "measure_result": "no_signal"}}
2026-09-12 22:14:40,404 INFO request {"path": "/measure", "payload": {"arena_id": "default", "robot_id": "202601002029", "request_id": "8eb301a6435a4b7183acd1441081c0cb", "position": {"x": 482.84444476088225, "y": -1802.0000000000002}, "channel": 12}, "attempt": 1}
2026-09-12 22:14:40,419 INFO response {"request_id": "8eb301a6435a4b7183acd1441081c0cb", "http_status": 200, "body": {"accepted": true, "real_timestamp_ms": 1789222477287, "virtual_time_s": 3077.967674, "measure_result": "no_signal"}}
2026-09-12 22:14:40,434 INFO request {"path": "/measure", "payload": {"arena_id": "default", "robot_id": "202601002029", "request_id": "b4a85ac68fb34736822a45aab7877fc3", "position": {"x": 482.84444476088225, "y": -1802.0000000000002}, "channel": 17}, "attempt": 1}
2026-09-12 22:14:40,448 INFO response {"request_id": "b4a85ac68fb34736822a45aab7877fc3", "http_status": 200, "body": {"accepted": true, "real_timestamp_ms": 1789222477317, "virtual_time_s": 3083.967674, "measure_result": "no_signal"}}
2026-09-12 22:14:40,465 INFO request {"path": "/measure", "payload": {"arena_id": "default", "robot_id": "202601002029", "request_id": "28e96d010751402084d7627c7629d3f8", "position": {"x": -482.8444447608845, "y": -1801.9999999999995}, "channel": 17}, "attempt": 1}
2026-09-12 22:14:40,477 INFO response {"request_id": "28e96d010751402084d7627c7629d3f8", "http_status": 200, "body": {"accepted": true, "real_timestamp_ms": 1789222477347, "virtual_time_s": 3282.105452, "measure_result": "no_signal"}}
2026-09-12 22:14:40,493 INFO request {"path": "/measure", "payload": {"arena_id": "default", "robot_id": "202601002029", "request_id": "9acc295fe0474c25b54c7dd84c467764", "position": {"x": -482.8444447608845, "y": -1801.9999999999995}, "channel": 2}, "attempt": 1}
2026-09-12 22:14:40,508 INFO response {"request_id": "9acc295fe0474c25b54c7dd84c467764", "http_status": 200, "body": {"accepted": true, "real_timestamp_ms": 1789222477377, "virtual_time_s": 3288.105452, "measure_result": "no_signal"}}
2026-09-12 22:14:40,523 INFO request {"path": "/measure", "payload": {"arena_id": "default", "robot_id": "202601002029", "request_id": "d97ac23ad4a641b1a3aea91f64126c6e", "position": {"x": -482.8444447608845, "y": -1801.9999999999995}, "channel": 3}, "attempt": 1}
2026-09-12 22:14:40,537 INFO response {"request_id": "d97ac23ad4a641b1a3aea91f64126c6e", "http_status": 200, "body": {"accepted": true, "real_timestamp_ms": 1789222477406, "virtual_time_s": 3294.105452, "measure_result": "no_signal"}}
2026-09-12 22:14:40,552 INFO request {"path": "/measure", "payload": {"arena_id": "default", "robot_id": "202601002029", "request_id": "7bf423ca62f345dd9405134990ef21e4", "position": {"x": -482.8444447608845, "y": -1801.9999999999995}, "channel": 4}, "attempt": 1}
2026-09-12 22:14:40,566 INFO response {"request_id": "7bf423ca62f345dd9405134990ef21e4", "http_status": 200, "body": {"accepted": true, "real_timestamp_ms": 1789222477436, "virtual_time_s": 3300.105452, "measure_result": "no_signal"}}
2026-09-12 22:14:40,582 INFO request {"path": "/measure", "payload": {"arena_id": "default", "robot_id": "202601002029", "request_id": "9b129d1f3fe64e309d73844dc7287dfe", "position": {"x": -482.8444447608845, "y": -1801.9999999999995}, "channel": 5}, "attempt": 1}
2026-09-12 22:14:40,596 INFO response {"request_id": "9b129d1f3fe64e309d73844dc7287dfe", "http_status": 200, "body": {"accepted": true, "real_timestamp_ms": 1789222477465, "virtual_time_s": 3306.105452, "measure_result": "no_signal"}}
2026-09-12 22:14:40,626 INFO request {"path": "/measure", "payload": {"arena_id": "default", "robot_id": "202601002029", "request_id": "3e20d1381239461a9238649080e61b5c", "position": {"x": -482.8444447608845, "y": -1801.9999999999995}, "channel": 7}, "attempt": 1}
2026-09-12 22:14:40,645 INFO response {"request_id": "3e20d1381239461a9238649080e61b5c", "http_status": 200, "body": {"accepted": true, "real_timestamp_ms": 1789222477514, "virtual_time_s": 3312.105452, "measure_result": "no_signal"}}
2026-09-12 22:14:40,645 INFO request {"path": "/measure", "payload": {"arena_id": "default", "robot_id": "202601002029", "request_id": "3ef945db6daf421a8ab3ad1b39bf4875", "position": {"x": -482.8444447608845, "y": -1801.9999999999995}, "channel": 8}, "attempt": 1}
2026-09-12 22:14:40,665 INFO response {"request_id": "3ef945db6daf421a8ab3ad1b39bf4875", "http_status": 200, "body": {"accepted": true, "real_timestamp_ms": 1789222477533, "virtual_time_s": 3318.105452, "measure_result": "no_signal"}}
2026-09-12 22:14:40,679 INFO request {"path": "/measure", "payload": {"arena_id": "default", "robot_id": "202601002029", "request_id": "9ba43f2760724b7db9a2bb8558c39123", "position": {"x": -482.8444447608845, "y": -1801.9999999999995}, "channel": 11}, "attempt": 1}
2026-09-12 22:14:40,693 INFO response {"request_id": "9ba43f2760724b7db9a2bb8558c39123", "http_status": 200, "body": {"accepted": true, "real_timestamp_ms": 1789222477562, "virtual_time_s": 3324.105452, "measure_result": "no_signal"}}
2026-09-12 22:14:40,709 INFO request {"path": "/measure", "payload": {"arena_id": "default", "robot_id": "202601002029", "request_id": "a388e008767e43d6b81f16ed500ac9d1", "position": {"x": -482.8444447608845, "y": -1801.9999999999995}, "channel": 12}, "attempt": 1}
2026-09-12 22:14:40,722 INFO response {"request_id": "a388e008767e43d6b81f16ed500ac9d1", "http_status": 200, "body": {"accepted": true, "real_timestamp_ms": 1789222477591, "virtual_time_s": 3330.105452, "measure_result": "no_signal"}}
2026-09-12 22:14:40,739 INFO request {"path": "/measure", "payload": {"arena_id": "default", "robot_id": "202601002029", "request_id": "827afcd574e74c9fa756190612392774", "position": {"x": -482.8444447608845, "y": -1801.9999999999995}, "channel": 16}, "attempt": 1}
2026-09-12 22:14:40,751 INFO response {"request_id": "827afcd574e74c9fa756190612392774", "http_status": 200, "body": {"accepted": true, "real_timestamp_ms": 1789222477620, "virtual_time_s": 3336.105452, "measure_result": "no_signal"}}
2026-09-12 22:14:40,783 INFO request {"path": "/measure", "payload": {"arena_id": "default", "robot_id": "202601002029", "request_id": "fd331c9e2bb54bff8ec1b03b35e568f5", "position": {"x": -1319.1555552391176, "y": -1319.1555552391162}, "channel": 16}, "attempt": 1}
2026-09-12 22:14:40,799 INFO response {"request_id": "fd331c9e2bb54bff8ec1b03b35e568f5", "http_status": 200, "body": {"accepted": true, "real_timestamp_ms": 1789222477668, "virtual_time_s": 3534.24323, "measure_result": "no_signal"}}
2026-09-12 22:14:40,814 INFO request {"path": "/measure", "payload": {"arena_id": "default", "robot_id": "202601002029", "request_id": "df7a2d7f4b954e9caeee88f47439873d", "position": {"x": -1319.1555552391176, "y": -1319.1555552391162}, "channel": 2}, "attempt": 1}
2026-09-12 22:14:40,829 INFO response {"request_id": "df7a2d7f4b954e9caeee88f47439873d", "http_status": 200, "body": {"accepted": true, "real_timestamp_ms": 1789222477697, "virtual_time_s": 3540.24323, "measure_result": "no_signal"}}
2026-09-12 22:14:40,844 INFO request {"path": "/measure", "payload": {"arena_id": "default", "robot_id": "202601002029", "request_id": "ca425744543a484396a4e253243eb1a5", "position": {"x": -1319.1555552391176, "y": -1319.1555552391162}, "channel": 3}, "attempt": 1}
2026-09-12 22:14:40,846 INFO response {"request_id": "ca425744543a484396a4e253243eb1a5", "http_status": 200, "body": {"accepted": true, "real_timestamp_ms": 1789222477715, "virtual_time_s": 3546.24323, "measure_result": "no_signal"}}
2026-09-12 22:14:40,877 INFO request {"path": "/measure", "payload": {"arena_id": "default", "robot_id": "202601002029", "request_id": "f613485447d84db6ae87a0e108926dd5", "position": {"x": -1319.1555552391176, "y": -1319.1555552391162}, "channel": 4}, "attempt": 1}
2026-09-12 22:14:40,898 INFO response {"request_id": "f613485447d84db6ae87a0e108926dd5", "http_status": 200, "body": {"accepted": true, "real_timestamp_ms": 1789222477767, "virtual_time_s": 3552.24323, "measure_result": "no_signal"}}
2026-09-12 22:14:40,899 INFO request {"path": "/measure", "payload": {"arena_id": "default", "robot_id": "202601002029", "request_id": "5cf305f7f74c4809b6761a6c09bc4f67", "position": {"x": -1319.1555552391176, "y": -1319.1555552391162}, "channel": 5}, "attempt": 1}
2026-09-12 22:14:40,919 INFO response {"request_id": "5cf305f7f74c4809b6761a6c09bc4f67", "http_status": 200, "body": {"accepted": true, "real_timestamp_ms": 1789222477787, "virtual_time_s": 3558.24323, "measure_result": "no_signal"}}
2026-09-12 22:14:40,933 INFO request {"path": "/measure", "payload": {"arena_id": "default", "robot_id": "202601002029", "request_id": "70bf442b1ac242a68fe1a0223b46a597", "position": {"x": -1319.1555552391176, "y": -1319.1555552391162}, "channel": 7}, "attempt": 1}
2026-09-12 22:14:40,935 INFO response {"request_id": "70bf442b1ac242a68fe1a0223b46a597", "http_status": 200, "body": {"accepted": true, "real_timestamp_ms": 1789222477804, "virtual_time_s": 3564.24323, "measure_result": "no_signal"}}
2026-09-12 22:14:40,965 INFO request {"path": "/measure", "payload": {"arena_id": "default", "robot_id": "202601002029", "request_id": "9b00492696ca4f4d99799ff0bcbc2a0c", "position": {"x": -1319.1555552391176, "y": -1319.1555552391162}, "channel": 8}, "attempt": 1}
2026-09-12 22:14:40,979 INFO response {"request_id": "9b00492696ca4f4d99799ff0bcbc2a0c", "http_status": 200, "body": {"accepted": true, "real_timestamp_ms": 1789222477847, "virtual_time_s": 3570.24323, "measure_result": "no_signal"}}
2026-09-12 22:14:40,994 INFO request {"path": "/measure", "payload": {"arena_id": "default", "robot_id": "202601002029", "request_id": "d86164813f1e47189c5e4d44e0a48734", "position": {"x": -1319.1555552391176, "y": -1319.1555552391162}, "channel": 11}, "attempt": 1}
2026-09-12 22:14:41,007 INFO response {"request_id": "d86164813f1e47189c5e4d44e0a48734", "http_status": 200, "body": {"accepted": true, "real_timestamp_ms": 1789222477876, "virtual_time_s": 3576.24323, "measure_result": "no_signal"}}
2026-09-12 22:14:41,022 INFO request {"path": "/measure", "payload": {"arena_id": "default", "robot_id": "202601002029", "request_id": "0de91c89a127465988435d3465f965f8", "position": {"x": -1319.1555552391176, "y": -1319.1555552391162}, "channel": 12}, "attempt": 1}
2026-09-12 22:14:41,037 INFO response {"request_id": "0de91c89a127465988435d3465f965f8", "http_status": 200, "body": {"accepted": true, "real_timestamp_ms": 1789222477906, "virtual_time_s": 3582.24323, "measure_result": "no_signal"}}
2026-09-12 22:14:41,052 INFO request {"path": "/measure", "payload": {"arena_id": "default", "robot_id": "202601002029", "request_id": "b16a0aa8ef5f48e6b2971e64d4b69d1a", "position": {"x": -1319.1555552391176, "y": -1319.1555552391162}, "channel": 17}, "attempt": 1}
2026-09-12 22:14:41,066 INFO response {"request_id": "b16a0aa8ef5f48e6b2971e64d4b69d1a", "http_status": 200, "body": {"accepted": true, "real_timestamp_ms": 1789222477935, "virtual_time_s": 3588.24323, "measure_result": "no_signal"}}
2026-09-12 22:14:41,082 INFO request {"path": "/measure", "payload": {"arena_id": "default", "robot_id": "202601002029", "request_id": "2306893d760a4c0bb54f2a020a7e60c1", "position": {"x": -1802.0000000000002, "y": -482.84444476088237}, "channel": 17}, "attempt": 1}
2026-09-12 22:14:41,096 INFO response {"request_id": "2306893d760a4c0bb54f2a020a7e60c1", "http_status": 200, "body": {"accepted": true, "real_timestamp_ms": 1789222477965, "virtual_time_s": 3786.381008, "measure_result": "no_signal"}}
2026-09-12 22:14:41,126 INFO request {"path": "/measure", "payload": {"arena_id": "default", "robot_id": "202601002029", "request_id": "f9135abf29fe415fa04e984d0a775913", "position": {"x": -1802.0000000000002, "y": -482.84444476088237}, "channel": 2}, "attempt": 1}
2026-09-12 22:14:41,146 INFO response {"request_id": "f9135abf29fe415fa04e984d0a775913", "http_status": 200, "body": {"accepted": true, "real_timestamp_ms": 1789222478014, "virtual_time_s": 3792.381008, "measure_result": "no_signal"}}
2026-09-12 22:14:41,146 INFO request {"path": "/measure", "payload": {"arena_id": "default", "robot_id": "202601002029", "request_id": "faa02c3577974610844633cc05b82334", "position": {"x": -1802.0000000000002, "y": -482.84444476088237}, "channel": 3}, "attempt": 1}
2026-09-12 22:14:41,147 INFO response {"request_id": "faa02c3577974610844633cc05b82334", "http_status": 200, "body": {"accepted": true, "real_timestamp_ms": 1789222478016, "virtual_time_s": 3798.381008, "measure_result": "no_signal"}}
2026-09-12 22:14:41,178 INFO request {"path": "/measure", "payload": {"arena_id": "default", "robot_id": "202601002029", "request_id": "510278c1340044f3b28e94cb0f670f1a", "position": {"x": -1802.0000000000002, "y": -482.84444476088237}, "channel": 4}, "attempt": 1}
2026-09-12 22:14:41,182 INFO response {"request_id": "510278c1340044f3b28e94cb0f670f1a", "http_status": 200, "body": {"accepted": true, "real_timestamp_ms": 1789222478050, "virtual_time_s": 3804.381008, "measure_result": "no_signal"}}
2026-09-12 22:14:41,212 INFO request {"path": "/measure", "payload": {"arena_id": "default", "robot_id": "202601002029", "request_id": "8c2a2d29420b4541b7a2dc35c7147742", "position": {"x": -1802.0000000000002, "y": -482.84444476088237}, "channel": 5}, "attempt": 1}
2026-09-12 22:14:41,233 INFO response {"request_id": "8c2a2d29420b4541b7a2dc35c7147742", "http_status": 200, "body": {"accepted": true, "real_timestamp_ms": 1789222478102, "virtual_time_s": 3810.381008, "measure_result": "no_signal"}}
2026-09-12 22:14:41,249 INFO request {"path": "/measure", "payload": {"arena_id": "default", "robot_id": "202601002029", "request_id": "ed7a55ac23944763bc45cdf061105ae2", "position": {"x": -1802.0000000000002, "y": -482.84444476088237}, "channel": 7}, "attempt": 1}
2026-09-12 22:14:41,263 INFO response {"request_id": "ed7a55ac23944763bc45cdf061105ae2", "http_status": 200, "body": {"accepted": true, "real_timestamp_ms": 1789222478132, "virtual_time_s": 3816.381008, "measure_result": "no_signal"}}
2026-09-12 22:14:41,277 INFO request {"path": "/measure", "payload": {"arena_id": "default", "robot_id": "202601002029", "request_id": "91d88bd4c9b6463baf96db3a5d6ec8d8", "position": {"x": -1802.0000000000002, "y": -482.84444476088237}, "channel": 8}, "attempt": 1}
2026-09-12 22:14:41,291 INFO response {"request_id": "91d88bd4c9b6463baf96db3a5d6ec8d8", "http_status": 200, "body": {"accepted": true, "real_timestamp_ms": 1789222478161, "virtual_time_s": 3822.381008, "measure_result": "no_signal"}}
2026-09-12 22:14:41,306 INFO request {"path": "/measure", "payload": {"arena_id": "default", "robot_id": "202601002029", "request_id": "dfdaf682fd404b21b9d8f3cf0a62b406", "position": {"x": -1802.0000000000002, "y": -482.84444476088237}, "channel": 11}, "attempt": 1}
2026-09-12 22:14:41,307 INFO response {"request_id": "dfdaf682fd404b21b9d8f3cf0a62b406", "http_status": 200, "body": {"accepted": true, "real_timestamp_ms": 1789222478176, "virtual_time_s": 3828.381008, "measure_result": "no_signal"}}
2026-09-12 22:14:41,338 INFO request {"path": "/measure", "payload": {"arena_id": "default", "robot_id": "202601002029", "request_id": "1a328fa182684d4399ab30337d2bb665", "position": {"x": -1802.0000000000002, "y": -482.84444476088237}, "channel": 12}, "attempt": 1}
2026-09-12 22:14:41,350 INFO response {"request_id": "1a328fa182684d4399ab30337d2bb665", "http_status": 200, "body": {"accepted": true, "real_timestamp_ms": 1789222478219, "virtual_time_s": 3834.381008, "measure_result": "no_signal"}}
2026-09-12 22:14:41,366 INFO request {"path": "/measure", "payload": {"arena_id": "default", "robot_id": "202601002029", "request_id": "1b5a74304e4849d98159551f7e7ddb2e", "position": {"x": -1802.0000000000002, "y": -482.84444476088237}, "channel": 16}, "attempt": 1}
2026-09-12 22:14:41,367 INFO response {"request_id": "1b5a74304e4849d98159551f7e7ddb2e", "http_status": 200, "body": {"accepted": true, "real_timestamp_ms": 1789222478236, "virtual_time_s": 3840.381008, "measure_result": "no_signal"}}
2026-09-12 22:14:41,395 INFO request {"path": "/measure", "payload": {"arena_id": "default", "robot_id": "202601002029", "request_id": "c446d8fd8409477c830ed785c7afc74c", "position": {"x": -1802.0000000000002, "y": -482.84444476088237}, "channel": 19}, "attempt": 1}
2026-09-12 22:14:41,409 INFO response {"request_id": "c446d8fd8409477c830ed785c7afc74c", "http_status": 200, "body": {"accepted": true, "real_timestamp_ms": 1789222478278, "virtual_time_s": 3846.381008, "measure_result": "direction", "svd_deg": 80.98}}
2026-09-12 22:14:41,430 INFO request {"path": "/measure", "payload": {"arena_id": "default", "robot_id": "202601002029", "request_id": "69d6dfd2984f41568fea3d808159bb0a", "position": {"x": -1801.9999999999998, "y": 482.84444476088356}, "channel": 2}, "attempt": 1}
2026-09-12 22:14:41,431 INFO response {"request_id": "69d6dfd2984f41568fea3d808159bb0a", "http_status": 200, "body": {"accepted": true, "real_timestamp_ms": 1789222478300, "virtual_time_s": 4045.518786, "measure_result": "no_signal"}}
2026-09-12 22:14:41,461 INFO request {"path": "/measure", "payload": {"arena_id": "default", "robot_id": "202601002029", "request_id": "ac3a9b5d9a8146e588015fd5a54ddcc8", "position": {"x": -1801.9999999999998, "y": 482.84444476088356}, "channel": 3}, "attempt": 1}
2026-09-12 22:14:41,462 INFO response {"request_id": "ac3a9b5d9a8146e588015fd5a54ddcc8", "http_status": 200, "body": {"accepted": true, "real_timestamp_ms": 1789222478332, "virtual_time_s": 4051.518786, "measure_result": "no_signal"}}
2026-09-12 22:14:41,493 INFO request {"path": "/measure", "payload": {"arena_id": "default", "robot_id": "202601002029", "request_id": "94e4be33726d4f5b932fbb68ed3bcc00", "position": {"x": -1801.9999999999998, "y": 482.84444476088356}, "channel": 4}, "attempt": 1}
2026-09-12 22:14:41,507 INFO response {"request_id": "94e4be33726d4f5b932fbb68ed3bcc00", "http_status": 200, "body": {"accepted": true, "real_timestamp_ms": 1789222478377, "virtual_time_s": 4057.518786, "measure_result": "no_signal"}}
2026-09-12 22:14:41,531 INFO request {"path": "/measure", "payload": {"arena_id": "default", "robot_id": "202601002029", "request_id": "6f434ec41c4d42609a4070d032ca76fb", "position": {"x": -1801.9999999999998, "y": 482.84444476088356}, "channel": 5}, "attempt": 1}
2026-09-12 22:14:41,547 INFO response {"request_id": "6f434ec41c4d42609a4070d032ca76fb", "http_status": 200, "body": {"accepted": true, "real_timestamp_ms": 1789222478416, "virtual_time_s": 4063.518786, "measure_result": "no_signal"}}
2026-09-12 22:14:41,562 INFO request {"path": "/measure", "payload": {"arena_id": "default", "robot_id": "202601002029", "request_id": "8a00d6626a994a3cb041cf09f2816e17", "position": {"x": -1801.9999999999998, "y": 482.84444476088356}, "channel": 7}, "attempt": 1}
2026-09-12 22:14:41,576 INFO response {"request_id": "8a00d6626a994a3cb041cf09f2816e17", "http_status": 200, "body": {"accepted": true, "real_timestamp_ms": 1789222478444, "virtual_time_s": 4069.518786, "measure_result": "no_signal"}}
2026-09-12 22:14:41,591 INFO request {"path": "/measure", "payload": {"arena_id": "default", "robot_id": "202601002029", "request_id": "025237c68adf4a828d4ef264f73d2b74", "position": {"x": -1801.9999999999998, "y": 482.84444476088356}, "channel": 8}, "attempt": 1}
2026-09-12 22:14:41,606 INFO response {"request_id": "025237c68adf4a828d4ef264f73d2b74", "http_status": 200, "body": {"accepted": true, "real_timestamp_ms": 1789222478474, "virtual_time_s": 4075.518786, "measure_result": "no_signal"}}
2026-09-12 22:14:41,622 INFO request {"path": "/measure", "payload": {"arena_id": "default", "robot_id": "202601002029", "request_id": "aea8b304be594205bbf3ed4d175a65c0", "position": {"x": -1801.9999999999998, "y": 482.84444476088356}, "channel": 11}, "attempt": 1}
2026-09-12 22:14:41,636 INFO response {"request_id": "aea8b304be594205bbf3ed4d175a65c0", "http_status": 200, "body": {"accepted": true, "real_timestamp_ms": 1789222478505, "virtual_time_s": 4081.518786, "measure_result": "no_signal"}}
2026-09-12 22:14:41,651 INFO request {"path": "/measure", "payload": {"arena_id": "default", "robot_id": "202601002029", "request_id": "09a03837c5a74c5093022b1227c0956e", "position": {"x": -1801.9999999999998, "y": 482.84444476088356}, "channel": 12}, "attempt": 1}
2026-09-12 22:14:41,666 INFO response {"request_id": "09a03837c5a74c5093022b1227c0956e", "http_status": 200, "body": {"accepted": true, "real_timestamp_ms": 1789222478534, "virtual_time_s": 4087.518786, "measure_result": "no_signal"}}
2026-09-12 22:14:41,680 INFO request {"path": "/measure", "payload": {"arena_id": "default", "robot_id": "202601002029", "request_id": "9c3a8f3c10034716a575394f51f0e57c", "position": {"x": -1801.9999999999998, "y": 482.84444476088356}, "channel": 16}, "attempt": 1}
2026-09-12 22:14:41,695 INFO response {"request_id": "9c3a8f3c10034716a575394f51f0e57c", "http_status": 200, "body": {"accepted": true, "real_timestamp_ms": 1789222478564, "virtual_time_s": 4093.518786, "measure_result": "no_signal"}}
2026-09-12 22:14:41,710 INFO request {"path": "/measure", "payload": {"arena_id": "default", "robot_id": "202601002029", "request_id": "fac8ca18e93b4052b3dd6645e4ddcdf3", "position": {"x": -1801.9999999999998, "y": 482.84444476088356}, "channel": 17}, "attempt": 1}
2026-09-12 22:14:41,712 INFO response {"request_id": "fac8ca18e93b4052b3dd6645e4ddcdf3", "http_status": 200, "body": {"accepted": true, "real_timestamp_ms": 1789222478581, "virtual_time_s": 4099.518786, "measure_result": "no_signal"}}
2026-09-12 22:14:41,751 INFO request {"path": "/measure", "payload": {"arena_id": "default", "robot_id": "202601002029", "request_id": "ad97827908f54ed2a66907e51ec5371b", "position": {"x": -1319.1555552391167, "y": 1319.155555239117}, "channel": 17}, "attempt": 1}
2026-09-12 22:14:41,765 INFO response {"request_id": "ad97827908f54ed2a66907e51ec5371b", "http_status": 200, "body": {"accepted": true, "real_timestamp_ms": 1789222478634, "virtual_time_s": 4297.656564, "measure_result": "no_signal"}}
2026-09-12 22:14:41,780 INFO request {"path": "/measure", "payload": {"arena_id": "default", "robot_id": "202601002029", "request_id": "942aca1d0b944e469d0acfa7c87ce939", "position": {"x": -1319.1555552391167, "y": 1319.155555239117}, "channel": 2}, "attempt": 1}
2026-09-12 22:14:41,794 INFO response {"request_id": "942aca1d0b944e469d0acfa7c87ce939", "http_status": 200, "body": {"accepted": true, "real_timestamp_ms": 1789222478663, "virtual_time_s": 4303.656564, "measure_result": "no_signal"}}
2026-09-12 22:14:41,809 INFO request {"path": "/measure", "payload": {"arena_id": "default", "robot_id": "202601002029", "request_id": "19c073ede4f646c2b91df494c81aef99", "position": {"x": -1319.1555552391167, "y": 1319.155555239117}, "channel": 3}, "attempt": 1}
2026-09-12 22:14:41,823 INFO response {"request_id": "19c073ede4f646c2b91df494c81aef99", "http_status": 200, "body": {"accepted": true, "real_timestamp_ms": 1789222478692, "virtual_time_s": 4309.656564, "measure_result": "no_signal"}}
2026-09-12 22:14:41,839 INFO request {"path": "/measure", "payload": {"arena_id": "default", "robot_id": "202601002029", "request_id": "b1fea22f364240dd9536ba42e69919ad", "position": {"x": -1319.1555552391167, "y": 1319.155555239117}, "channel": 4}, "attempt": 1}
2026-09-12 22:14:41,853 INFO response {"request_id": "b1fea22f364240dd9536ba42e69919ad", "http_status": 200, "body": {"accepted": true, "real_timestamp_ms": 1789222478722, "virtual_time_s": 4315.656564, "measure_result": "no_signal"}}
2026-09-12 22:14:41,869 INFO request {"path": "/measure", "payload": {"arena_id": "default", "robot_id": "202601002029", "request_id": "dbb4653e0f19479a90dd6b6e306cbf4e", "position": {"x": -1319.1555552391167, "y": 1319.155555239117}, "channel": 5}, "attempt": 1}
2026-09-12 22:14:41,883 INFO response {"request_id": "dbb4653e0f19479a90dd6b6e306cbf4e", "http_status": 200, "body": {"accepted": true, "real_timestamp_ms": 1789222478752, "virtual_time_s": 4321.656564, "measure_result": "no_signal"}}
2026-09-12 22:14:41,898 INFO request {"path": "/measure", "payload": {"arena_id": "default", "robot_id": "202601002029", "request_id": "6b5646816547411d8e00490e4888e20b", "position": {"x": -1319.1555552391167, "y": 1319.155555239117}, "channel": 7}, "attempt": 1}
2026-09-12 22:14:41,900 INFO response {"request_id": "6b5646816547411d8e00490e4888e20b", "http_status": 200, "body": {"accepted": true, "real_timestamp_ms": 1789222478769, "virtual_time_s": 4327.656564, "measure_result": "no_signal"}}
2026-09-12 22:14:41,932 INFO request {"path": "/measure", "payload": {"arena_id": "default", "robot_id": "202601002029", "request_id": "0fd604f9ea1940799221b1494e337fda", "position": {"x": -1319.1555552391167, "y": 1319.155555239117}, "channel": 8}, "attempt": 1}
2026-09-12 22:14:41,934 INFO response {"request_id": "0fd604f9ea1940799221b1494e337fda", "http_status": 200, "body": {"accepted": true, "real_timestamp_ms": 1789222478802, "virtual_time_s": 4333.656564, "measure_result": "no_signal"}}
2026-09-12 22:14:41,965 INFO request {"path": "/measure", "payload": {"arena_id": "default", "robot_id": "202601002029", "request_id": "3a507775c5d6495799bd5507a0f89d90", "position": {"x": -1319.1555552391167, "y": 1319.155555239117}, "channel": 11}, "attempt": 1}
2026-09-12 22:14:41,967 INFO response {"request_id": "3a507775c5d6495799bd5507a0f89d90", "http_status": 200, "body": {"accepted": true, "real_timestamp_ms": 1789222478836, "virtual_time_s": 4339.656564, "measure_result": "no_signal"}}
2026-09-12 22:14:41,998 INFO request {"path": "/measure", "payload": {"arena_id": "default", "robot_id": "202601002029", "request_id": "a815ec7b747b4f39befb1e073cd9e795", "position": {"x": -1319.1555552391167, "y": 1319.155555239117}, "channel": 12}, "attempt": 1}
2026-09-12 22:14:42,000 INFO response {"request_id": "a815ec7b747b4f39befb1e073cd9e795", "http_status": 200, "body": {"accepted": true, "real_timestamp_ms": 1789222478869, "virtual_time_s": 4345.656564, "measure_result": "no_signal"}}
2026-09-12 22:14:42,031 INFO request {"path": "/measure", "payload": {"arena_id": "default", "robot_id": "202601002029", "request_id": "9c3ad61f3a394f9cb22efc579fd516d2", "position": {"x": -1319.1555552391167, "y": 1319.155555239117}, "channel": 16}, "attempt": 1}
2026-09-12 22:14:42,033 INFO response {"request_id": "9c3ad61f3a394f9cb22efc579fd516d2", "http_status": 200, "body": {"accepted": true, "real_timestamp_ms": 1789222478902, "virtual_time_s": 4351.656564, "measure_result": "no_signal"}}
2026-09-12 22:14:42,061 INFO request {"path": "/measure", "payload": {"arena_id": "default", "robot_id": "202601002029", "request_id": "2a6fee03c00746d387250b38cf784771", "position": {"x": -1319.1555552391167, "y": 1319.155555239117}, "channel": 13}, "attempt": 1}
2026-09-12 22:14:42,062 INFO response {"request_id": "2a6fee03c00746d387250b38cf784771", "http_status": 200, "body": {"accepted": true, "real_timestamp_ms": 1789222478931, "virtual_time_s": 4357.656564, "measure_result": "direction", "svd_deg": 264.8}}
2026-09-12 22:14:42,082 INFO request {"path": "/measure", "payload": {"arena_id": "default", "robot_id": "202601002029", "request_id": "3a75c87eba1247d995a8eb12a83a3bf6", "position": {"x": -482.8444447608829, "y": 1802.0}, "channel": 2}, "attempt": 1}
2026-09-12 22:14:42,100 INFO response {"request_id": "3a75c87eba1247d995a8eb12a83a3bf6", "http_status": 200, "body": {"accepted": true, "real_timestamp_ms": 1789222478969, "virtual_time_s": 4556.794342, "measure_result": "no_signal"}}
2026-09-12 22:14:42,116 INFO request {"path": "/measure", "payload": {"arena_id": "default", "robot_id": "202601002029", "request_id": "5bf6880f357c4bcbb48ea4cff649cfa1", "position": {"x": -482.8444447608829, "y": 1802.0}, "channel": 3}, "attempt": 1}
2026-09-12 22:14:42,117 INFO response {"request_id": "5bf6880f357c4bcbb48ea4cff649cfa1", "http_status": 200, "body": {"accepted": true, "real_timestamp_ms": 1789222478987, "virtual_time_s": 4562.794342, "measure_result": "no_signal"}}
2026-09-12 22:14:42,148 INFO request {"path": "/measure", "payload": {"arena_id": "default", "robot_id": "202601002029", "request_id": "077be895948d4f7cb4779149685ccfa7", "position": {"x": -482.8444447608829, "y": 1802.0}, "channel": 4}, "attempt": 1}
2026-09-12 22:14:42,150 INFO response {"request_id": "077be895948d4f7cb4779149685ccfa7", "http_status": 200, "body": {"accepted": true, "real_timestamp_ms": 1789222479019, "virtual_time_s": 4568.794342, "measure_result": "no_signal"}}
2026-09-12 22:14:42,182 INFO request {"path": "/measure", "payload": {"arena_id": "default", "robot_id": "202601002029", "request_id": "fe46bc1869c44d7b8b0ae6350283a958", "position": {"x": -482.8444447608829, "y": 1802.0}, "channel": 5}, "attempt": 1}
2026-09-12 22:14:42,184 INFO response {"request_id": "fe46bc1869c44d7b8b0ae6350283a958", "http_status": 200, "body": {"accepted": true, "real_timestamp_ms": 1789222479053, "virtual_time_s": 4574.794342, "measure_result": "no_signal"}}
2026-09-12 22:14:42,214 INFO request {"path": "/measure", "payload": {"arena_id": "default", "robot_id": "202601002029", "request_id": "beca0b9c92bf4585a0f0f9d1526ec1ad", "position": {"x": -482.8444447608829, "y": 1802.0}, "channel": 7}, "attempt": 1}
2026-09-12 22:14:42,230 INFO response {"request_id": "beca0b9c92bf4585a0f0f9d1526ec1ad", "http_status": 200, "body": {"accepted": true, "real_timestamp_ms": 1789222479099, "virtual_time_s": 4580.794342, "measure_result": "no_signal"}}
2026-09-12 22:14:42,245 INFO request {"path": "/measure", "payload": {"arena_id": "default", "robot_id": "202601002029", "request_id": "f94186f59ed84af69f16304e3a0d5ebf", "position": {"x": -482.8444447608829, "y": 1802.0}, "channel": 8}, "attempt": 1}
2026-09-12 22:14:42,259 INFO response {"request_id": "f94186f59ed84af69f16304e3a0d5ebf", "http_status": 200, "body": {"accepted": true, "real_timestamp_ms": 1789222479128, "virtual_time_s": 4586.794342, "measure_result": "no_signal"}}
2026-09-12 22:14:42,274 INFO request {"path": "/measure", "payload": {"arena_id": "default", "robot_id": "202601002029", "request_id": "75d22ae9876846679c97bb3d2c8324a9", "position": {"x": -482.8444447608829, "y": 1802.0}, "channel": 11}, "attempt": 1}
2026-09-12 22:14:42,289 INFO response {"request_id": "75d22ae9876846679c97bb3d2c8324a9", "http_status": 200, "body": {"accepted": true, "real_timestamp_ms": 1789222479158, "virtual_time_s": 4592.794342, "measure_result": "no_signal"}}
2026-09-12 22:14:42,304 INFO request {"path": "/measure", "payload": {"arena_id": "default", "robot_id": "202601002029", "request_id": "c762eb02de684dd7a7aa931055055331", "position": {"x": -482.8444447608829, "y": 1802.0}, "channel": 12}, "attempt": 1}
2026-09-12 22:14:42,318 INFO response {"request_id": "c762eb02de684dd7a7aa931055055331", "http_status": 200, "body": {"accepted": true, "real_timestamp_ms": 1789222479186, "virtual_time_s": 4598.794342, "measure_result": "no_signal"}}
2026-09-12 22:14:42,333 INFO request {"path": "/measure", "payload": {"arena_id": "default", "robot_id": "202601002029", "request_id": "405bb20e8b144082b16792f54940c4f1", "position": {"x": -482.8444447608829, "y": 1802.0}, "channel": 16}, "attempt": 1}
2026-09-12 22:14:42,335 INFO response {"request_id": "405bb20e8b144082b16792f54940c4f1", "http_status": 200, "body": {"accepted": true, "real_timestamp_ms": 1789222479204, "virtual_time_s": 4604.794342, "measure_result": "no_signal"}}
2026-09-12 22:14:42,366 INFO request {"path": "/measure", "payload": {"arena_id": "default", "robot_id": "202601002029", "request_id": "7507cf256757406e9ffb57a677f06a8b", "position": {"x": -482.8444447608829, "y": 1802.0}, "channel": 17}, "attempt": 1}
2026-09-12 22:14:42,385 INFO response {"request_id": "7507cf256757406e9ffb57a677f06a8b", "http_status": 200, "body": {"accepted": true, "real_timestamp_ms": 1789222479255, "virtual_time_s": 4610.794342, "measure_result": "no_signal"}}
2026-09-12 22:14:42,405 INFO request {"path": "/measure", "payload": {"arena_id": "default", "robot_id": "202601002029", "request_id": "2b9c4959036c4377bd1fd79c9ff4dd08", "position": {"x": 482.8444447608835, "y": 1801.9999999999998}, "channel": 17}, "attempt": 1}
2026-09-12 22:14:42,407 INFO response {"request_id": "2b9c4959036c4377bd1fd79c9ff4dd08", "http_status": 200, "body": {"accepted": true, "real_timestamp_ms": 1789222479275, "virtual_time_s": 4808.93212, "measure_result": "no_signal"}}
2026-09-12 22:14:42,437 INFO request {"path": "/measure", "payload": {"arena_id": "default", "robot_id": "202601002029", "request_id": "5089dc8ff9c14f6ebeb2bf8a965f4e65", "position": {"x": 482.8444447608835, "y": 1801.9999999999998}, "channel": 2}, "attempt": 1}
2026-09-12 22:14:42,438 INFO response {"request_id": "5089dc8ff9c14f6ebeb2bf8a965f4e65", "http_status": 200, "body": {"accepted": true, "real_timestamp_ms": 1789222479307, "virtual_time_s": 4814.93212, "measure_result": "no_signal"}}
2026-09-12 22:14:42,469 INFO request {"path": "/measure", "payload": {"arena_id": "default", "robot_id": "202601002029", "request_id": "57e68caee4e247e8b27819b2eab1207f", "position": {"x": 482.8444447608835, "y": 1801.9999999999998}, "channel": 3}, "attempt": 1}
2026-09-12 22:14:42,484 INFO response {"request_id": "57e68caee4e247e8b27819b2eab1207f", "http_status": 200, "body": {"accepted": true, "real_timestamp_ms": 1789222479354, "virtual_time_s": 4820.93212, "measure_result": "no_signal"}}
2026-09-12 22:14:42,500 INFO request {"path": "/measure", "payload": {"arena_id": "default", "robot_id": "202601002029", "request_id": "ac9f1b56b22f4966be09282f2bc9dc9b", "position": {"x": 482.8444447608835, "y": 1801.9999999999998}, "channel": 4}, "attempt": 1}
2026-09-12 22:14:42,514 INFO response {"request_id": "ac9f1b56b22f4966be09282f2bc9dc9b", "http_status": 200, "body": {"accepted": true, "real_timestamp_ms": 1789222479383, "virtual_time_s": 4826.93212, "measure_result": "no_signal"}}
2026-09-12 22:14:42,529 INFO request {"path": "/measure", "payload": {"arena_id": "default", "robot_id": "202601002029", "request_id": "17a12cfb89be49e0ae21e0da83137249", "position": {"x": 482.8444447608835, "y": 1801.9999999999998}, "channel": 5}, "attempt": 1}
2026-09-12 22:14:42,544 INFO response {"request_id": "17a12cfb89be49e0ae21e0da83137249", "http_status": 200, "body": {"accepted": true, "real_timestamp_ms": 1789222479413, "virtual_time_s": 4832.93212, "measure_result": "no_signal"}}
2026-09-12 22:14:42,559 INFO request {"path": "/measure", "payload": {"arena_id": "default", "robot_id": "202601002029", "request_id": "ab6688133a4c4665b217c5afd629d485", "position": {"x": 482.8444447608835, "y": 1801.9999999999998}, "channel": 7}, "attempt": 1}
2026-09-12 22:14:42,574 INFO response {"request_id": "ab6688133a4c4665b217c5afd629d485", "http_status": 200, "body": {"accepted": true, "real_timestamp_ms": 1789222479443, "virtual_time_s": 4838.93212, "measure_result": "no_signal"}}
2026-09-12 22:14:42,590 INFO request {"path": "/measure", "payload": {"arena_id": "default", "robot_id": "202601002029", "request_id": "c756ac5b799e4220a93a65b748025ec4", "position": {"x": 482.8444447608835, "y": 1801.9999999999998}, "channel": 8}, "attempt": 1}
2026-09-12 22:14:42,591 INFO response {"request_id": "c756ac5b799e4220a93a65b748025ec4", "http_status": 200, "body": {"accepted": true, "real_timestamp_ms": 1789222479460, "virtual_time_s": 4844.93212, "measure_result": "no_signal"}}
2026-09-12 22:14:42,622 INFO request {"path": "/measure", "payload": {"arena_id": "default", "robot_id": "202601002029", "request_id": "12f8460edd524871a3338ed8c3892319", "position": {"x": 482.8444447608835, "y": 1801.9999999999998}, "channel": 11}, "attempt": 1}
2026-09-12 22:14:42,643 INFO response {"request_id": "12f8460edd524871a3338ed8c3892319", "http_status": 200, "body": {"accepted": true, "real_timestamp_ms": 1789222479512, "virtual_time_s": 4850.93212, "measure_result": "no_signal"}}
2026-09-12 22:14:42,658 INFO request {"path": "/measure", "payload": {"arena_id": "default", "robot_id": "202601002029", "request_id": "f6993ccf9cb945bdbc362d314c63623b", "position": {"x": 482.8444447608835, "y": 1801.9999999999998}, "channel": 12}, "attempt": 1}
2026-09-12 22:14:42,672 INFO response {"request_id": "f6993ccf9cb945bdbc362d314c63623b", "http_status": 200, "body": {"accepted": true, "real_timestamp_ms": 1789222479541, "virtual_time_s": 4856.93212, "measure_result": "no_signal"}}
2026-09-12 22:14:42,686 INFO request {"path": "/measure", "payload": {"arena_id": "default", "robot_id": "202601002029", "request_id": "c9136224bbae4a77a4a9d23dc879e7fa", "position": {"x": 482.8444447608835, "y": 1801.9999999999998}, "channel": 16}, "attempt": 1}
2026-09-12 22:14:42,702 INFO response {"request_id": "c9136224bbae4a77a4a9d23dc879e7fa", "http_status": 200, "body": {"accepted": true, "real_timestamp_ms": 1789222479571, "virtual_time_s": 4862.93212, "measure_result": "no_signal"}}
2026-09-12 22:14:42,717 INFO request {"path": "/measure", "payload": {"arena_id": "default", "robot_id": "202601002029", "request_id": "bb426ba1592640c5886d5a7e1b0cccb5", "position": {"x": 1319.155555239117, "y": 1319.155555239117}, "channel": 16}, "attempt": 1}
2026-09-12 22:14:42,731 INFO response {"request_id": "bb426ba1592640c5886d5a7e1b0cccb5", "http_status": 200, "body": {"accepted": true, "real_timestamp_ms": 1789222479600, "virtual_time_s": 5061.069898, "measure_result": "no_signal"}}
2026-09-12 22:14:42,747 INFO request {"path": "/measure", "payload": {"arena_id": "default", "robot_id": "202601002029", "request_id": "e82c04351ed746f7b6ecfb5b1b21cd31", "position": {"x": 1319.155555239117, "y": 1319.155555239117}, "channel": 2}, "attempt": 1}
2026-09-12 22:14:42,761 INFO response {"request_id": "e82c04351ed746f7b6ecfb5b1b21cd31", "http_status": 200, "body": {"accepted": true, "real_timestamp_ms": 1789222479629, "virtual_time_s": 5067.069898, "measure_result": "no_signal"}}
2026-09-12 22:14:42,776 INFO request {"path": "/measure", "payload": {"arena_id": "default", "robot_id": "202601002029", "request_id": "1721096644ef44b49c43815d23b95a56", "position": {"x": 1319.155555239117, "y": 1319.155555239117}, "channel": 3}, "attempt": 1}
2026-09-12 22:14:42,777 INFO response {"request_id": "1721096644ef44b49c43815d23b95a56", "http_status": 200, "body": {"accepted": true, "real_timestamp_ms": 1789222479646, "virtual_time_s": 5073.069898, "measure_result": "no_signal"}}
2026-09-12 22:14:42,808 INFO request {"path": "/measure", "payload": {"arena_id": "default", "robot_id": "202601002029", "request_id": "78e6919120454104aebe563a5baacbf3", "position": {"x": 1319.155555239117, "y": 1319.155555239117}, "channel": 4}, "attempt": 1}
2026-09-12 22:14:42,819 INFO response {"request_id": "78e6919120454104aebe563a5baacbf3", "http_status": 200, "body": {"accepted": true, "real_timestamp_ms": 1789222479688, "virtual_time_s": 5079.069898, "measure_result": "no_signal"}}
2026-09-12 22:14:42,835 INFO request {"path": "/measure", "payload": {"arena_id": "default", "robot_id": "202601002029", "request_id": "2f2a70e5783847a19a014f5e40d3c5dc", "position": {"x": 1319.155555239117, "y": 1319.155555239117}, "channel": 5}, "attempt": 1}
2026-09-12 22:14:42,837 INFO response {"request_id": "2f2a70e5783847a19a014f5e40d3c5dc", "http_status": 200, "body": {"accepted": true, "real_timestamp_ms": 1789222479706, "virtual_time_s": 5085.069898, "measure_result": "no_signal"}}
2026-09-12 22:14:42,868 INFO request {"path": "/measure", "payload": {"arena_id": "default", "robot_id": "202601002029", "request_id": "b1ac08dfeb4e4d59a7d9b7b668731f96", "position": {"x": 1319.155555239117, "y": 1319.155555239117}, "channel": 7}, "attempt": 1}
2026-09-12 22:14:42,870 INFO response {"request_id": "b1ac08dfeb4e4d59a7d9b7b668731f96", "http_status": 200, "body": {"accepted": true, "real_timestamp_ms": 1789222479739, "virtual_time_s": 5091.069898, "measure_result": "no_signal"}}
2026-09-12 22:14:42,901 INFO request {"path": "/measure", "payload": {"arena_id": "default", "robot_id": "202601002029", "request_id": "e5d58e4143544edf84171bf5776938cd", "position": {"x": 1319.155555239117, "y": 1319.155555239117}, "channel": 8}, "attempt": 1}
2026-09-12 22:14:42,903 INFO response {"request_id": "e5d58e4143544edf84171bf5776938cd", "http_status": 200, "body": {"accepted": true, "real_timestamp_ms": 1789222479772, "virtual_time_s": 5097.069898, "measure_result": "no_signal"}}
2026-09-12 22:14:42,934 INFO request {"path": "/measure", "payload": {"arena_id": "default", "robot_id": "202601002029", "request_id": "726481beff4e4df68a55912f60aff3cd", "position": {"x": 1319.155555239117, "y": 1319.155555239117}, "channel": 11}, "attempt": 1}
2026-09-12 22:14:42,947 INFO response {"request_id": "726481beff4e4df68a55912f60aff3cd", "http_status": 200, "body": {"accepted": true, "real_timestamp_ms": 1789222479815, "virtual_time_s": 5103.069898, "measure_result": "no_signal"}}
2026-09-12 22:14:42,962 INFO request {"path": "/measure", "payload": {"arena_id": "default", "robot_id": "202601002029", "request_id": "a29418a371d44f558d9214701d65bb77", "position": {"x": 1319.155555239117, "y": 1319.155555239117}, "channel": 12}, "attempt": 1}
2026-09-12 22:14:42,964 INFO response {"request_id": "a29418a371d44f558d9214701d65bb77", "http_status": 200, "body": {"accepted": true, "real_timestamp_ms": 1789222479833, "virtual_time_s": 5109.069898, "measure_result": "no_signal"}}
2026-09-12 22:14:42,995 INFO request {"path": "/measure", "payload": {"arena_id": "default", "robot_id": "202601002029", "request_id": "1dcb979131f34a18bf1f0feae47260b2", "position": {"x": 1319.155555239117, "y": 1319.155555239117}, "channel": 17}, "attempt": 1}
2026-09-12 22:14:42,997 INFO response {"request_id": "1dcb979131f34a18bf1f0feae47260b2", "http_status": 200, "body": {"accepted": true, "real_timestamp_ms": 1789222479865, "virtual_time_s": 5115.069898, "measure_result": "no_signal"}}
2026-09-12 22:14:43,030 INFO request {"path": "/measure", "payload": {"arena_id": "default", "robot_id": "202601002029", "request_id": "3f85511e9f9d45988e20b1cc843d96b8", "position": {"x": 1802.0, "y": 482.84444476088305}, "channel": 17}, "attempt": 1}
2026-09-12 22:14:43,044 INFO response {"request_id": "3f85511e9f9d45988e20b1cc843d96b8", "http_status": 200, "body": {"accepted": true, "real_timestamp_ms": 1789222479913, "virtual_time_s": 5313.207676, "measure_result": "no_signal"}}
2026-09-12 22:14:43,059 INFO request {"path": "/measure", "payload": {"arena_id": "default", "robot_id": "202601002029", "request_id": "49a6d55d0cd9472e89376357fe5e2ca6", "position": {"x": 1802.0, "y": 482.84444476088305}, "channel": 2}, "attempt": 1}
2026-09-12 22:14:43,061 INFO response {"request_id": "49a6d55d0cd9472e89376357fe5e2ca6", "http_status": 200, "body": {"accepted": true, "real_timestamp_ms": 1789222479930, "virtual_time_s": 5319.207676, "measure_result": "no_signal"}}
2026-09-12 22:14:43,092 INFO request {"path": "/measure", "payload": {"arena_id": "default", "robot_id": "202601002029", "request_id": "e162062d095144f5ba0bb84dc5ecca69", "position": {"x": 1802.0, "y": 482.84444476088305}, "channel": 3}, "attempt": 1}
2026-09-12 22:14:43,094 INFO response {"request_id": "e162062d095144f5ba0bb84dc5ecca69", "http_status": 200, "body": {"accepted": true, "real_timestamp_ms": 1789222479963, "virtual_time_s": 5325.207676, "measure_result": "no_signal"}}
2026-09-12 22:14:43,125 INFO request {"path": "/measure", "payload": {"arena_id": "default", "robot_id": "202601002029", "request_id": "4cf3b87a81a04f27a5246531d8663fe9", "position": {"x": 1802.0, "y": 482.84444476088305}, "channel": 4}, "attempt": 1}
2026-09-12 22:14:43,141 INFO response {"request_id": "4cf3b87a81a04f27a5246531d8663fe9", "http_status": 200, "body": {"accepted": true, "real_timestamp_ms": 1789222480010, "virtual_time_s": 5331.207676, "measure_result": "no_signal"}}
2026-09-12 22:14:43,156 INFO request {"path": "/measure", "payload": {"arena_id": "default", "robot_id": "202601002029", "request_id": "39a76dd3bb7c4710bf5d85775fe8f8bc", "position": {"x": 1802.0, "y": 482.84444476088305}, "channel": 5}, "attempt": 1}
2026-09-12 22:14:43,171 INFO response {"request_id": "39a76dd3bb7c4710bf5d85775fe8f8bc", "http_status": 200, "body": {"accepted": true, "real_timestamp_ms": 1789222480039, "virtual_time_s": 5337.207676, "measure_result": "no_signal"}}
2026-09-12 22:14:43,186 INFO request {"path": "/measure", "payload": {"arena_id": "default", "robot_id": "202601002029", "request_id": "c931a9ff119f446d977437fe46cd99ca", "position": {"x": 1802.0, "y": 482.84444476088305}, "channel": 7}, "attempt": 1}
2026-09-12 22:14:43,200 INFO response {"request_id": "c931a9ff119f446d977437fe46cd99ca", "http_status": 200, "body": {"accepted": true, "real_timestamp_ms": 1789222480069, "virtual_time_s": 5343.207676, "measure_result": "no_signal"}}
2026-09-12 22:14:43,216 INFO request {"path": "/measure", "payload": {"arena_id": "default", "robot_id": "202601002029", "request_id": "c736d9a6dfcc4ad08348f0e9dc863237", "position": {"x": 1802.0, "y": 482.84444476088305}, "channel": 8}, "attempt": 1}
2026-09-12 22:14:43,218 INFO response {"request_id": "c736d9a6dfcc4ad08348f0e9dc863237", "http_status": 200, "body": {"accepted": true, "real_timestamp_ms": 1789222480087, "virtual_time_s": 5349.207676, "measure_result": "no_signal"}}
2026-09-12 22:14:43,249 INFO request {"path": "/measure", "payload": {"arena_id": "default", "robot_id": "202601002029", "request_id": "94f461ef10204e29b6e3e94343681516", "position": {"x": 1802.0, "y": 482.84444476088305}, "channel": 11}, "attempt": 1}
2026-09-12 22:14:43,251 INFO response {"request_id": "94f461ef10204e29b6e3e94343681516", "http_status": 200, "body": {"accepted": true, "real_timestamp_ms": 1789222480120, "virtual_time_s": 5355.207676, "measure_result": "no_signal"}}
2026-09-12 22:14:43,283 INFO request {"path": "/measure", "payload": {"arena_id": "default", "robot_id": "202601002029", "request_id": "35616947b036405daddc15a31a4edc00", "position": {"x": 1802.0, "y": 482.84444476088305}, "channel": 12}, "attempt": 1}
2026-09-12 22:14:43,285 INFO response {"request_id": "35616947b036405daddc15a31a4edc00", "http_status": 200, "body": {"accepted": true, "real_timestamp_ms": 1789222480154, "virtual_time_s": 5361.207676, "measure_result": "no_signal"}}
2026-09-12 22:14:43,300 INFO request {"path": "/measure", "payload": {"arena_id": "default", "robot_id": "202601002029", "request_id": "caf3964389944ac3848cd6f05f3e6b54", "position": {"x": 1802.0, "y": 482.84444476088305}, "channel": 16}, "attempt": 1}
2026-09-12 22:14:43,316 INFO response {"request_id": "caf3964389944ac3848cd6f05f3e6b54", "http_status": 200, "body": {"accepted": true, "real_timestamp_ms": 1789222480185, "virtual_time_s": 5367.207676, "measure_result": "no_signal"}}
2026-09-12 22:14:43,331 INFO request {"path": "/measure", "payload": {"arena_id": "default", "robot_id": "202601002029", "request_id": "c76d2d97863b4080a2dcbc6744759569", "position": {"x": 1802.0, "y": 482.84444476088305}, "channel": 10}, "attempt": 1}
2026-09-12 22:14:43,333 INFO response {"request_id": "c76d2d97863b4080a2dcbc6744759569", "http_status": 200, "body": {"accepted": true, "real_timestamp_ms": 1789222480201, "virtual_time_s": 5373.207676, "measure_result": "direction", "svd_deg": 130.24}}
2026-09-12 22:14:45,596 INFO request {"path": "/clear", "payload": {"arena_id": "default", "robot_id": "202601002029", "request_id": "64c655185bb045bbadee4fb24a4ef93d", "position": {"x": 390.44817111724933, "y": -29.357455832998532}, "channel": 9}, "attempt": 1}
2026-09-12 22:14:45,598 INFO response {"request_id": "64c655185bb045bbadee4fb24a4ef93d", "http_status": 200, "body": {"accepted": true, "real_timestamp_ms": 1789222482467, "virtual_time_s": 5678.52946, "clear_result": "success"}}
2026-09-12 22:14:47,050 INFO request {"path": "/clear", "payload": {"arena_id": "default", "robot_id": "202601002029", "request_id": "bf84009faecf457ebe3bf92935f52b01", "position": {"x": -33.741873838538005, "y": 255.08040238795093}, "channel": 1}, "attempt": 1}
2026-09-12 22:14:47,067 INFO response {"request_id": "bf84009faecf457ebe3bf92935f52b01", "http_status": 200, "body": {"accepted": true, "real_timestamp_ms": 1789222483936, "virtual_time_s": 5785.674864, "clear_result": "success"}}
2026-09-12 22:14:48,415 INFO request {"path": "/clear", "payload": {"arena_id": "default", "robot_id": "202601002029", "request_id": "fdeec80f7a8e4ab392ab6ad66dfe1f7a", "position": {"x": -676.8916628023258, "y": 581.5409741897383}, "channel": 18}, "attempt": 1}
2026-09-12 22:14:48,434 INFO response {"request_id": "fdeec80f7a8e4ab392ab6ad66dfe1f7a", "http_status": 200, "body": {"accepted": true, "real_timestamp_ms": 1789222485303, "virtual_time_s": 5934.927165, "clear_result": "success"}}
2026-09-12 22:14:49,872 INFO request {"path": "/measure", "payload": {"arena_id": "default", "robot_id": "202601002029", "request_id": "8e96307b4448455cac929a8d32e7fe3f", "position": {"x": -795.3236826562061, "y": 807.4777760834368}, "channel": 13}, "attempt": 1}
2026-09-12 22:14:49,874 INFO response {"request_id": "8e96307b4448455cac929a8d32e7fe3f", "http_status": 200, "body": {"accepted": true, "real_timestamp_ms": 1789222486742, "virtual_time_s": 5991.946213, "measure_result": "direction", "svd_deg": 185.47}}
2026-09-12 22:14:49,908 INFO request {"path": "/clear", "payload": {"arena_id": "default", "robot_id": "202601002029", "request_id": "f31f81b0c4614172911e83b534d958a6", "position": {"x": -1037.7275616378843, "y": 842.1412758565132}, "channel": 6}, "attempt": 1}
2026-09-12 22:14:49,926 INFO response {"request_id": "f31f81b0c4614172911e83b534d958a6", "http_status": 200, "body": {"accepted": true, "real_timestamp_ms": 1789222486795, "virtual_time_s": 6045.920165, "clear_result": "success"}}
2026-09-12 22:14:49,926 INFO request {"path": "/clear", "payload": {"arena_id": "default", "robot_id": "202601002029", "request_id": "9164031bee08467286aa76bcc5354b5d", "position": {"x": -1371.0191815304252, "y": 751.4814581460514}, "channel": 13}, "attempt": 1}
2026-09-12 22:14:49,946 INFO response {"request_id": "9164031bee08467286aa76bcc5354b5d", "http_status": 200, "body": {"accepted": true, "real_timestamp_ms": 1789222486814, "virtual_time_s": 6120.000555, "clear_result": "success"}}
2026-09-12 22:14:49,962 INFO request {"path": "/clear", "payload": {"arena_id": "default", "robot_id": "202601002029", "request_id": "821212d4b34245c684a6777ebec74f1a", "position": {"x": -1679.146081446642, "y": 277.57809819743187}, "channel": 19}, "attempt": 1}
2026-09-12 22:14:49,975 INFO response {"request_id": "821212d4b34245c684a6777ebec74f1a", "http_status": 200, "body": {"accepted": true, "real_timestamp_ms": 1789222486843, "virtual_time_s": 6238.05392, "clear_result": "success"}}
2026-09-12 22:14:49,991 INFO request {"path": "/clear", "payload": {"arena_id": "default", "robot_id": "202601002029", "request_id": "5f66be19b3394248afa3b0e41f259a8a", "position": {"x": -387.1254915860352, "y": -232.7205077904565}, "channel": 20}, "attempt": 1}
2026-09-12 22:14:50,005 INFO response {"request_id": "5f66be19b3394248afa3b0e41f259a8a", "http_status": 200, "body": {"accepted": true, "real_timestamp_ms": 1789222486873, "virtual_time_s": 6520.882779, "clear_result": "success"}}
2026-09-12 22:14:50,020 INFO request {"path": "/clear", "payload": {"arena_id": "default", "robot_id": "202601002029", "request_id": "d9acc8627761403e937a5acd1d2e77dc", "position": {"x": -135.09637841086442, "y": -321.5114662140648}, "channel": 15}, "attempt": 1}
2026-09-12 22:14:50,034 INFO response {"request_id": "d9acc8627761403e937a5acd1d2e77dc", "http_status": 200, "body": {"accepted": true, "real_timestamp_ms": 1789222486903, "virtual_time_s": 6579.325275, "clear_result": "success"}}
2026-09-12 22:14:50,065 INFO request {"path": "/measure", "payload": {"arena_id": "default", "robot_id": "202601002029", "request_id": "caabb3880c3341aabee59d9356326e75", "position": {"x": 250.0, "y": 433.0127018922193}, "channel": 14}, "attempt": 1}
2026-09-12 22:14:50,067 INFO response {"request_id": "caabb3880c3341aabee59d9356326e75", "http_status": 200, "body": {"accepted": true, "real_timestamp_ms": 1789222486936, "virtual_time_s": 6754.748525, "measure_result": "direction", "svd_deg": 257.4}}
2026-09-12 22:14:51,376 INFO request {"path": "/measure", "payload": {"arena_id": "default", "robot_id": "202601002029", "request_id": "631bd9f143284c12991eceace8b682d8", "position": {"x": 309.80815845121725, "y": 242.1646361889639}, "channel": 14}, "attempt": 1}
2026-09-12 22:14:51,387 INFO response {"request_id": "631bd9f143284c12991eceace8b682d8", "http_status": 200, "body": {"accepted": true, "real_timestamp_ms": 1789222488257, "virtual_time_s": 6799.748525, "measure_result": "direction", "svd_deg": 245.16}}
2026-09-12 22:14:51,406 INFO request {"path": "/clear", "payload": {"arena_id": "default", "robot_id": "202601002029", "request_id": "4310fc00aa7243efaf989dea15b85407", "position": {"x": 99.8132636542341, "y": -212.70649717973066}, "channel": 14}, "attempt": 1}
2026-09-12 22:14:51,407 INFO response {"request_id": "4310fc00aa7243efaf989dea15b85407", "http_status": 200, "body": {"accepted": true, "real_timestamp_ms": 1789222488276, "virtual_time_s": 6904.949444, "clear_result": "success"}}
2026-09-12 22:14:51,438 INFO request {"path": "/clear", "payload": {"arena_id": "default", "robot_id": "202601002029", "request_id": "5a992c33134f417288a4409b808e6b8b", "position": {"x": 1415.6168454385402, "y": 939.1259359814851}, "channel": 10}, "attempt": 1}
2026-09-12 22:14:51,440 INFO response {"request_id": "5a992c33134f417288a4409b808e6b8b", "http_status": 200, "body": {"accepted": true, "real_timestamp_ms": 1789222488308, "virtual_time_s": 7259.695467, "clear_result": "success"}}
2026-09-12 22:14:51,471 INFO request {"path": "/exit", "payload": {"arena_id": "default", "robot_id": "202601002029", "request_id": "d881468f285f47509006fc68e7d74fef"}, "attempt": 1}
2026-09-12 22:14:51,473 INFO response {"request_id": "d881468f285f47509006fc68e7d74fef", "http_status": 200, "body": {"accepted": true, "real_timestamp_ms": 1789222488342, "virtual_time_s": 7259.695467, "exit_reason": "user_exit"}}
