2026-09-12 23:20:03,055 INFO request {"path": "/enter", "payload": {"arena_id": "default", "robot_id": "202601002029", "request_id": "1568c91e5df9489e8c7731e87a668621"}, "attempt": 1}
2026-09-12 23:20:03,059 INFO response {"request_id": "1568c91e5df9489e8c7731e87a668621", "http_status": 200, "body": {"accepted": true, "real_timestamp_ms": 1789226399966, "virtual_time_s": 0, "max_virtual_duration_s": 360000, "max_real_duration_s": 1200, "remaining_real_duration_s": 1200}}
2026-09-12 23:20:03,090 INFO request {"path": "/measure", "payload": {"arena_id": "default", "robot_id": "202601002029", "request_id": "3d3d6ecc922345d5a5a1ed567d848294", "position": {"x": 0.0, "y": 0.0}, "channel": 1}, "attempt": 1}
2026-09-12 23:20:03,092 INFO response {"request_id": "3d3d6ecc922345d5a5a1ed567d848294", "http_status": 200, "body": {"accepted": true, "real_timestamp_ms": 1789226399999, "virtual_time_s": 5, "measure_result": "direction", "svd_deg": 59.92}}
2026-09-12 23:20:03,118 INFO request {"path": "/measure", "payload": {"arena_id": "default", "robot_id": "202601002029", "request_id": "77751f779218453f84a47d8abb018cec", "position": {"x": 0.0, "y": 0.0}, "channel": 2}, "attempt": 1}
2026-09-12 23:20:03,140 INFO response {"request_id": "77751f779218453f84a47d8abb018cec", "http_status": 200, "body": {"accepted": true, "real_timestamp_ms": 1789226400047, "virtual_time_s": 11, "measure_result": "no_signal"}}
2026-09-12 23:20:03,155 INFO request {"path": "/measure", "payload": {"arena_id": "default", "robot_id": "202601002029", "request_id": "deb2d3e2b86b4d8399a14b75e7652052", "position": {"x": 0.0, "y": 0.0}, "channel": 3}, "attempt": 1}
2026-09-12 23:20:03,169 INFO response {"request_id": "deb2d3e2b86b4d8399a14b75e7652052", "http_status": 200, "body": {"accepted": true, "real_timestamp_ms": 1789226400076, "virtual_time_s": 17, "measure_result": "no_signal"}}
2026-09-12 23:20:03,184 INFO request {"path": "/measure", "payload": {"arena_id": "default", "robot_id": "202601002029", "request_id": "3f2177c0351c4b09bd75c9d674501d4a", "position": {"x": 0.0, "y": 0.0}, "channel": 4}, "attempt": 1}
2026-09-12 23:20:03,187 INFO response {"request_id": "3f2177c0351c4b09bd75c9d674501d4a", "http_status": 200, "body": {"accepted": true, "real_timestamp_ms": 1789226400094, "virtual_time_s": 23, "measure_result": "no_signal"}}
2026-09-12 23:20:03,218 INFO request {"path": "/measure", "payload": {"arena_id": "default", "robot_id": "202601002029", "request_id": "91797f38d47b4fb1a9c44c2ab51451f7", "position": {"x": 0.0, "y": 0.0}, "channel": 5}, "attempt": 1}
2026-09-12 23:20:03,221 INFO response {"request_id": "91797f38d47b4fb1a9c44c2ab51451f7", "http_status": 200, "body": {"accepted": true, "real_timestamp_ms": 1789226400128, "virtual_time_s": 29, "measure_result": "direction", "svd_deg": 133.65}}
2026-09-12 23:20:03,242 INFO request {"path": "/measure", "payload": {"arena_id": "default", "robot_id": "202601002029", "request_id": "7ed89110bc844e32b0e245643137422d", "position": {"x": 0.0, "y": 0.0}, "channel": 6}, "attempt": 1}
2026-09-12 23:20:03,244 INFO response {"request_id": "7ed89110bc844e32b0e245643137422d", "http_status": 200, "body": {"accepted": true, "real_timestamp_ms": 1789226400152, "virtual_time_s": 35, "measure_result": "no_signal"}}
2026-09-12 23:20:03,275 INFO request {"path": "/measure", "payload": {"arena_id": "default", "robot_id": "202601002029", "request_id": "58f71dc2b49e45f7b80f69ba4aeff2e5", "position": {"x": 0.0, "y": 0.0}, "channel": 7}, "attempt": 1}
2026-09-12 23:20:03,278 INFO response {"request_id": "58f71dc2b49e45f7b80f69ba4aeff2e5", "http_status": 200, "body": {"accepted": true, "real_timestamp_ms": 1789226400185, "virtual_time_s": 41, "measure_result": "direction", "svd_deg": 263.9}}
2026-09-12 23:20:03,314 INFO request {"path": "/measure", "payload": {"arena_id": "default", "robot_id": "202601002029", "request_id": "797d2500eaee40b5807d72c525a49dc1", "position": {"x": 0.0, "y": 0.0}, "channel": 8}, "attempt": 1}
2026-09-12 23:20:03,317 INFO response {"request_id": "797d2500eaee40b5807d72c525a49dc1", "http_status": 200, "body": {"accepted": true, "real_timestamp_ms": 1789226400224, "virtual_time_s": 47, "measure_result": "no_signal"}}
2026-09-12 23:20:03,332 INFO request {"path": "/measure", "payload": {"arena_id": "default", "robot_id": "202601002029", "request_id": "97294ee81dbe4a0882603febdca5f306", "position": {"x": 0.0, "y": 0.0}, "channel": 9}, "attempt": 1}
2026-09-12 23:20:03,334 INFO response {"request_id": "97294ee81dbe4a0882603febdca5f306", "http_status": 200, "body": {"accepted": true, "real_timestamp_ms": 1789226400241, "virtual_time_s": 53, "measure_result": "direction", "svd_deg": 217.57}}
2026-09-12 23:20:03,368 INFO request {"path": "/measure", "payload": {"arena_id": "default", "robot_id": "202601002029", "request_id": "9886eea77b5b40d09bc3e724ca6b6394", "position": {"x": 0.0, "y": 0.0}, "channel": 10}, "attempt": 1}
2026-09-12 23:20:03,369 INFO response {"request_id": "9886eea77b5b40d09bc3e724ca6b6394", "http_status": 200, "body": {"accepted": true, "real_timestamp_ms": 1789226400277, "virtual_time_s": 59, "measure_result": "no_signal"}}
2026-09-12 23:20:03,400 INFO request {"path": "/measure", "payload": {"arena_id": "default", "robot_id": "202601002029", "request_id": "e1fa047675f547efa60358aa5478a28c", "position": {"x": 0.0, "y": 0.0}, "channel": 11}, "attempt": 1}
2026-09-12 23:20:03,414 INFO response {"request_id": "e1fa047675f547efa60358aa5478a28c", "http_status": 200, "body": {"accepted": true, "real_timestamp_ms": 1789226400322, "virtual_time_s": 65, "measure_result": "no_signal"}}
2026-09-12 23:20:03,429 INFO request {"path": "/measure", "payload": {"arena_id": "default", "robot_id": "202601002029", "request_id": "b8b22ec970294d63acb17205ca6e6343", "position": {"x": 0.0, "y": 0.0}, "channel": 12}, "attempt": 1}
2026-09-12 23:20:03,444 INFO response {"request_id": "b8b22ec970294d63acb17205ca6e6343", "http_status": 200, "body": {"accepted": true, "real_timestamp_ms": 1789226400351, "virtual_time_s": 71, "measure_result": "no_signal"}}
2026-09-12 23:20:03,459 INFO request {"path": "/measure", "payload": {"arena_id": "default", "robot_id": "202601002029", "request_id": "b3c515fb7988413184cde063e2a6ffe6", "position": {"x": 0.0, "y": 0.0}, "channel": 13}, "attempt": 1}
2026-09-12 23:20:03,461 INFO response {"request_id": "b3c515fb7988413184cde063e2a6ffe6", "http_status": 200, "body": {"accepted": true, "real_timestamp_ms": 1789226400368, "virtual_time_s": 77, "measure_result": "no_signal"}}
2026-09-12 23:20:03,491 INFO request {"path": "/measure", "payload": {"arena_id": "default", "robot_id": "202601002029", "request_id": "a81a9e93cd724bf4a10c2341cdb4f00c", "position": {"x": 0.0, "y": 0.0}, "channel": 14}, "attempt": 1}
2026-09-12 23:20:03,493 INFO response {"request_id": "a81a9e93cd724bf4a10c2341cdb4f00c", "http_status": 200, "body": {"accepted": true, "real_timestamp_ms": 1789226400400, "virtual_time_s": 83, "measure_result": "no_signal"}}
2026-09-12 23:20:03,523 INFO request {"path": "/measure", "payload": {"arena_id": "default", "robot_id": "202601002029", "request_id": "5547c97316bd40c6a3ec98845d42944c", "position": {"x": 0.0, "y": 0.0}, "channel": 15}, "attempt": 1}
2026-09-12 23:20:03,542 INFO response {"request_id": "5547c97316bd40c6a3ec98845d42944c", "http_status": 200, "body": {"accepted": true, "real_timestamp_ms": 1789226400450, "virtual_time_s": 89, "measure_result": "no_signal"}}
2026-09-12 23:20:03,557 INFO request {"path": "/measure", "payload": {"arena_id": "default", "robot_id": "202601002029", "request_id": "65d8cdc9efb54983933b9c35c0399787", "position": {"x": 0.0, "y": 0.0}, "channel": 16}, "attempt": 1}
2026-09-12 23:20:03,558 INFO response {"request_id": "65d8cdc9efb54983933b9c35c0399787", "http_status": 200, "body": {"accepted": true, "real_timestamp_ms": 1789226400466, "virtual_time_s": 95, "measure_result": "no_signal"}}
2026-09-12 23:20:03,589 INFO request {"path": "/measure", "payload": {"arena_id": "default", "robot_id": "202601002029", "request_id": "1dea12e49f49445bb64f7bf2989c0377", "position": {"x": 0.0, "y": 0.0}, "channel": 17}, "attempt": 1}
2026-09-12 23:20:03,590 INFO response {"request_id": "1dea12e49f49445bb64f7bf2989c0377", "http_status": 200, "body": {"accepted": true, "real_timestamp_ms": 1789226400498, "virtual_time_s": 101, "measure_result": "no_signal"}}
2026-09-12 23:20:03,621 INFO request {"path": "/measure", "payload": {"arena_id": "default", "robot_id": "202601002029", "request_id": "538c61e337114721bcee7dc17271171e", "position": {"x": 0.0, "y": 0.0}, "channel": 18}, "attempt": 1}
2026-09-12 23:20:03,642 INFO response {"request_id": "538c61e337114721bcee7dc17271171e", "http_status": 200, "body": {"accepted": true, "real_timestamp_ms": 1789226400549, "virtual_time_s": 107, "measure_result": "no_signal"}}
2026-09-12 23:20:03,657 INFO request {"path": "/measure", "payload": {"arena_id": "default", "robot_id": "202601002029", "request_id": "71330de4adf64138bfd3bb0254c2ec84", "position": {"x": 0.0, "y": 0.0}, "channel": 19}, "attempt": 1}
2026-09-12 23:20:03,659 INFO response {"request_id": "71330de4adf64138bfd3bb0254c2ec84", "http_status": 200, "body": {"accepted": true, "real_timestamp_ms": 1789226400567, "virtual_time_s": 113, "measure_result": "no_signal"}}
2026-09-12 23:20:03,674 INFO request {"path": "/measure", "payload": {"arena_id": "default", "robot_id": "202601002029", "request_id": "2ce74e1b388d4adca6f96076ab087a4b", "position": {"x": 0.0, "y": 0.0}, "channel": 20}, "attempt": 1}
2026-09-12 23:20:03,677 INFO response {"request_id": "2ce74e1b388d4adca6f96076ab087a4b", "http_status": 200, "body": {"accepted": true, "real_timestamp_ms": 1789226400584, "virtual_time_s": 119, "measure_result": "no_signal"}}
2026-09-12 23:20:03,938 INFO request {"path": "/measure", "payload": {"arena_id": "default", "robot_id": "202601002029", "request_id": "dc16d32b649b41feb5a89d1f172f2848", "position": {"x": 6.000769315822031e-14, "y": 980.0}, "channel": 20}, "attempt": 1}
2026-09-12 23:20:03,940 INFO response {"request_id": "dc16d32b649b41feb5a89d1f172f2848", "http_status": 200, "body": {"accepted": true, "real_timestamp_ms": 1789226400847, "virtual_time_s": 320, "measure_result": "no_signal"}}
2026-09-12 23:20:03,970 INFO request {"path": "/measure", "payload": {"arena_id": "default", "robot_id": "202601002029", "request_id": "f5a78e33c92a432c8c2f1f821c827160", "position": {"x": 6.000769315822031e-14, "y": 980.0}, "channel": 2}, "attempt": 1}
2026-09-12 23:20:03,988 INFO response {"request_id": "f5a78e33c92a432c8c2f1f821c827160", "http_status": 200, "body": {"accepted": true, "real_timestamp_ms": 1789226400895, "virtual_time_s": 326, "measure_result": "direction", "svd_deg": 142.44}}
2026-09-12 23:20:03,993 INFO request {"path": "/measure", "payload": {"arena_id": "default", "robot_id": "202601002029", "request_id": "cf0f84d0b5e94b6aa140c8ee4d281033", "position": {"x": 6.000769315822031e-14, "y": 980.0}, "channel": 3}, "attempt": 1}
2026-09-12 23:20:03,996 INFO response {"request_id": "cf0f84d0b5e94b6aa140c8ee4d281033", "http_status": 200, "body": {"accepted": true, "real_timestamp_ms": 1789226400903, "virtual_time_s": 332, "measure_result": "no_signal"}}
2026-09-12 23:20:04,027 INFO request {"path": "/measure", "payload": {"arena_id": "default", "robot_id": "202601002029", "request_id": "c74208977baf4cb99f9e59216ab646a9", "position": {"x": 6.000769315822031e-14, "y": 980.0}, "channel": 4}, "attempt": 1}
2026-09-12 23:20:04,049 INFO response {"request_id": "c74208977baf4cb99f9e59216ab646a9", "http_status": 200, "body": {"accepted": true, "real_timestamp_ms": 1789226400955, "virtual_time_s": 338, "measure_result": "no_signal"}}
2026-09-12 23:20:04,063 INFO request {"path": "/measure", "payload": {"arena_id": "default", "robot_id": "202601002029", "request_id": "990a03fe35cf4266a7c3a436cd1798b5", "position": {"x": 6.000769315822031e-14, "y": 980.0}, "channel": 6}, "attempt": 1}
2026-09-12 23:20:04,064 INFO response {"request_id": "990a03fe35cf4266a7c3a436cd1798b5", "http_status": 200, "body": {"accepted": true, "real_timestamp_ms": 1789226400972, "virtual_time_s": 344, "measure_result": "direction", "svd_deg": 259.56}}
2026-09-12 23:20:04,097 INFO request {"path": "/measure", "payload": {"arena_id": "default", "robot_id": "202601002029", "request_id": "0bd90cd711e44e1589e1de658acdc63f", "position": {"x": 6.000769315822031e-14, "y": 980.0}, "channel": 8}, "attempt": 1}
2026-09-12 23:20:04,098 INFO response {"request_id": "0bd90cd711e44e1589e1de658acdc63f", "http_status": 200, "body": {"accepted": true, "real_timestamp_ms": 1789226401006, "virtual_time_s": 350, "measure_result": "direction", "svd_deg": 334.88}}
2026-09-12 23:20:04,115 INFO request {"path": "/measure", "payload": {"arena_id": "default", "robot_id": "202601002029", "request_id": "6c8e71a7a74741bda8dff1cc3d4b1f7c", "position": {"x": 6.000769315822031e-14, "y": 980.0}, "channel": 10}, "attempt": 1}
2026-09-12 23:20:04,126 INFO response {"request_id": "6c8e71a7a74741bda8dff1cc3d4b1f7c", "http_status": 200, "body": {"accepted": true, "real_timestamp_ms": 1789226401033, "virtual_time_s": 356, "measure_result": "direction", "svd_deg": 15.71}}
2026-09-12 23:20:04,158 INFO request {"path": "/measure", "payload": {"arena_id": "default", "robot_id": "202601002029", "request_id": "eb237219f158483eb02c2d51e6df3a99", "position": {"x": 6.000769315822031e-14, "y": 980.0}, "channel": 11}, "attempt": 1}
2026-09-12 23:20:04,175 INFO response {"request_id": "eb237219f158483eb02c2d51e6df3a99", "http_status": 200, "body": {"accepted": true, "real_timestamp_ms": 1789226401083, "virtual_time_s": 362, "measure_result": "no_signal"}}
2026-09-12 23:20:04,175 INFO request {"path": "/measure", "payload": {"arena_id": "default", "robot_id": "202601002029", "request_id": "b131bef6fa3249fcb5cfd0ab199f33fb", "position": {"x": 6.000769315822031e-14, "y": 980.0}, "channel": 12}, "attempt": 1}
2026-09-12 23:20:04,176 INFO response {"request_id": "b131bef6fa3249fcb5cfd0ab199f33fb", "http_status": 200, "body": {"accepted": true, "real_timestamp_ms": 1789226401084, "virtual_time_s": 368, "measure_result": "no_signal"}}
2026-09-12 23:20:04,207 INFO request {"path": "/measure", "payload": {"arena_id": "default", "robot_id": "202601002029", "request_id": "4becb44596a547c4887bb87fd177235b", "position": {"x": 6.000769315822031e-14, "y": 980.0}, "channel": 13}, "attempt": 1}
2026-09-12 23:20:04,208 INFO response {"request_id": "4becb44596a547c4887bb87fd177235b", "http_status": 200, "body": {"accepted": true, "real_timestamp_ms": 1789226401115, "virtual_time_s": 374, "measure_result": "no_signal"}}
2026-09-12 23:20:04,239 INFO request {"path": "/measure", "payload": {"arena_id": "default", "robot_id": "202601002029", "request_id": "4e818a97b3e94da9a8f80aa922235d2b", "position": {"x": 6.000769315822031e-14, "y": 980.0}, "channel": 14}, "attempt": 1}
2026-09-12 23:20:04,254 INFO response {"request_id": "4e818a97b3e94da9a8f80aa922235d2b", "http_status": 200, "body": {"accepted": true, "real_timestamp_ms": 1789226401161, "virtual_time_s": 380, "measure_result": "no_signal"}}
2026-09-12 23:20:04,269 INFO request {"path": "/measure", "payload": {"arena_id": "default", "robot_id": "202601002029", "request_id": "2a49bcf7dad44535ac72e95132dbc502", "position": {"x": 6.000769315822031e-14, "y": 980.0}, "channel": 15}, "attempt": 1}
2026-09-12 23:20:04,285 INFO response {"request_id": "2a49bcf7dad44535ac72e95132dbc502", "http_status": 200, "body": {"accepted": true, "real_timestamp_ms": 1789226401192, "virtual_time_s": 386, "measure_result": "direction", "svd_deg": 115.78}}
2026-09-12 23:20:04,289 INFO request {"path": "/measure", "payload": {"arena_id": "default", "robot_id": "202601002029", "request_id": "07bb8bebe71a4a74a30bdbb00ef1f36a", "position": {"x": 6.000769315822031e-14, "y": 980.0}, "channel": 16}, "attempt": 1}
2026-09-12 23:20:04,303 INFO response {"request_id": "07bb8bebe71a4a74a30bdbb00ef1f36a", "http_status": 200, "body": {"accepted": true, "real_timestamp_ms": 1789226401210, "virtual_time_s": 392, "measure_result": "no_signal"}}
2026-09-12 23:20:04,318 INFO request {"path": "/measure", "payload": {"arena_id": "default", "robot_id": "202601002029", "request_id": "42ca654e954842ca982cee8ca3ccb1b6", "position": {"x": 6.000769315822031e-14, "y": 980.0}, "channel": 17}, "attempt": 1}
2026-09-12 23:20:04,319 INFO response {"request_id": "42ca654e954842ca982cee8ca3ccb1b6", "http_status": 200, "body": {"accepted": true, "real_timestamp_ms": 1789226401227, "virtual_time_s": 398, "measure_result": "no_signal"}}
2026-09-12 23:20:04,350 INFO request {"path": "/measure", "payload": {"arena_id": "default", "robot_id": "202601002029", "request_id": "9822866d21b343329bd882a3c2d62cb3", "position": {"x": 6.000769315822031e-14, "y": 980.0}, "channel": 18}, "attempt": 1}
2026-09-12 23:20:04,351 INFO response {"request_id": "9822866d21b343329bd882a3c2d62cb3", "http_status": 200, "body": {"accepted": true, "real_timestamp_ms": 1789226401259, "virtual_time_s": 404, "measure_result": "direction", "svd_deg": 124.54}}
2026-09-12 23:20:04,384 INFO request {"path": "/measure", "payload": {"arena_id": "default", "robot_id": "202601002029", "request_id": "25f08e0dca8d42bf8619956a326eb7e5", "position": {"x": 6.000769315822031e-14, "y": 980.0}, "channel": 19}, "attempt": 1}
2026-09-12 23:20:04,401 INFO response {"request_id": "25f08e0dca8d42bf8619956a326eb7e5", "http_status": 200, "body": {"accepted": true, "real_timestamp_ms": 1789226401309, "virtual_time_s": 410, "measure_result": "no_signal"}}
2026-09-12 23:20:04,439 INFO request {"path": "/measure", "payload": {"arena_id": "default", "robot_id": "202601002029", "request_id": "c102a3fd06e048268ffefb6ad559b085", "position": {"x": 6.000769315822031e-14, "y": 980.0}, "channel": 5}, "attempt": 1}
2026-09-12 23:20:04,451 INFO response {"request_id": "c102a3fd06e048268ffefb6ad559b085", "http_status": 200, "body": {"accepted": true, "real_timestamp_ms": 1789226401359, "virtual_time_s": 416, "measure_result": "direction", "svd_deg": 190.07}}
2026-09-12 23:20:04,469 INFO request {"path": "/measure", "payload": {"arena_id": "default", "robot_id": "202601002029", "request_id": "655796d3bb314c55b45c209067d72b9e", "position": {"x": 6.000769315822031e-14, "y": 980.0}, "channel": 1}, "attempt": 1}
2026-09-12 23:20:04,471 INFO response {"request_id": "655796d3bb314c55b45c209067d72b9e", "http_status": 200, "body": {"accepted": true, "real_timestamp_ms": 1789226401379, "virtual_time_s": 422, "measure_result": "no_signal"}}
2026-09-12 23:20:04,827 INFO request {"path": "/measure", "payload": {"arena_id": "default", "robot_id": "202601002029", "request_id": "ba822c955a0e4b8581be0600efb28334", "position": {"x": -489.9999999999998, "y": 848.70489570875}, "channel": 3}, "attempt": 1}
2026-09-12 23:20:04,828 INFO response {"request_id": "ba822c955a0e4b8581be0600efb28334", "http_status": 200, "body": {"accepted": true, "real_timestamp_ms": 1789226401736, "virtual_time_s": 529.457066, "measure_result": "no_signal"}}
2026-09-12 23:20:04,859 INFO request {"path": "/measure", "payload": {"arena_id": "default", "robot_id": "202601002029", "request_id": "d52c98b9337247d5bfb388713998668f", "position": {"x": -489.9999999999998, "y": 848.70489570875}, "channel": 4}, "attempt": 1}
2026-09-12 23:20:04,861 INFO response {"request_id": "d52c98b9337247d5bfb388713998668f", "http_status": 200, "body": {"accepted": true, "real_timestamp_ms": 1789226401768, "virtual_time_s": 535.457066, "measure_result": "no_signal"}}
2026-09-12 23:20:04,892 INFO request {"path": "/measure", "payload": {"arena_id": "default", "robot_id": "202601002029", "request_id": "accb2e94496349e2b5d269a7e49ef569", "position": {"x": -489.9999999999998, "y": 848.70489570875}, "channel": 11}, "attempt": 1}
2026-09-12 23:20:04,895 INFO response {"request_id": "accb2e94496349e2b5d269a7e49ef569", "http_status": 200, "body": {"accepted": true, "real_timestamp_ms": 1789226401802, "virtual_time_s": 541.457066, "measure_result": "no_signal"}}
2026-09-12 23:20:04,911 INFO request {"path": "/measure", "payload": {"arena_id": "default", "robot_id": "202601002029", "request_id": "18ab542392b74edcbfb560a68a74064c", "position": {"x": -489.9999999999998, "y": 848.70489570875}, "channel": 12}, "attempt": 1}
2026-09-12 23:20:04,913 INFO response {"request_id": "18ab542392b74edcbfb560a68a74064c", "http_status": 200, "body": {"accepted": true, "real_timestamp_ms": 1789226401820, "virtual_time_s": 547.457066, "measure_result": "no_signal"}}
2026-09-12 23:20:04,944 INFO request {"path": "/measure", "payload": {"arena_id": "default", "robot_id": "202601002029", "request_id": "a85b74d525454ae48d05b4e0f0b5d45e", "position": {"x": -489.9999999999998, "y": 848.70489570875}, "channel": 13}, "attempt": 1}
2026-09-12 23:20:04,945 INFO response {"request_id": "a85b74d525454ae48d05b4e0f0b5d45e", "http_status": 200, "body": {"accepted": true, "real_timestamp_ms": 1789226401853, "virtual_time_s": 553.457066, "measure_result": "no_signal"}}
2026-09-12 23:20:04,976 INFO request {"path": "/measure", "payload": {"arena_id": "default", "robot_id": "202601002029", "request_id": "b74f4af6bad1437ca196e311e6305bc4", "position": {"x": -489.9999999999998, "y": 848.70489570875}, "channel": 14}, "attempt": 1}
2026-09-12 23:20:04,978 INFO response {"request_id": "b74f4af6bad1437ca196e311e6305bc4", "http_status": 200, "body": {"accepted": true, "real_timestamp_ms": 1789226401885, "virtual_time_s": 559.457066, "measure_result": "no_signal"}}
2026-09-12 23:20:05,011 INFO request {"path": "/measure", "payload": {"arena_id": "default", "robot_id": "202601002029", "request_id": "5ebb2f03a80346b19bb0c305024a3e08", "position": {"x": -489.9999999999998, "y": 848.70489570875}, "channel": 16}, "attempt": 1}
2026-09-12 23:20:05,030 INFO response {"request_id": "5ebb2f03a80346b19bb0c305024a3e08", "http_status": 200, "body": {"accepted": true, "real_timestamp_ms": 1789226401937, "virtual_time_s": 565.457066, "measure_result": "no_signal"}}
2026-09-12 23:20:05,045 INFO request {"path": "/measure", "payload": {"arena_id": "default", "robot_id": "202601002029", "request_id": "622a8e7c4de14424ae23cf73486e3662", "position": {"x": -489.9999999999998, "y": 848.70489570875}, "channel": 17}, "attempt": 1}
2026-09-12 23:20:05,048 INFO response {"request_id": "622a8e7c4de14424ae23cf73486e3662", "http_status": 200, "body": {"accepted": true, "real_timestamp_ms": 1789226401955, "virtual_time_s": 571.457066, "measure_result": "no_signal"}}
2026-09-12 23:20:05,079 INFO request {"path": "/measure", "payload": {"arena_id": "default", "robot_id": "202601002029", "request_id": "ea79c95f4c62492f9893a4eb587928b6", "position": {"x": -489.9999999999998, "y": 848.70489570875}, "channel": 19}, "attempt": 1}
2026-09-12 23:20:05,099 INFO response {"request_id": "ea79c95f4c62492f9893a4eb587928b6", "http_status": 200, "body": {"accepted": true, "real_timestamp_ms": 1789226402007, "virtual_time_s": 577.457066, "measure_result": "no_signal"}}
2026-09-12 23:20:05,099 INFO request {"path": "/measure", "payload": {"arena_id": "default", "robot_id": "202601002029", "request_id": "7e1588337fb54d5baeb24eb757c7b3fb", "position": {"x": -489.9999999999998, "y": 848.70489570875}, "channel": 20}, "attempt": 1}
2026-09-12 23:20:05,102 INFO response {"request_id": "7e1588337fb54d5baeb24eb757c7b3fb", "http_status": 200, "body": {"accepted": true, "real_timestamp_ms": 1789226402009, "virtual_time_s": 583.457066, "measure_result": "direction", "svd_deg": 193.06}}
2026-09-12 23:20:05,214 INFO request {"path": "/measure", "payload": {"arena_id": "default", "robot_id": "202601002029", "request_id": "261a717245f84d71aa2c31ae33d9bc87", "position": {"x": -489.9999999999998, "y": 848.70489570875}, "channel": 6}, "attempt": 1}
2026-09-12 23:20:05,216 INFO response {"request_id": "261a717245f84d71aa2c31ae33d9bc87", "http_status": 200, "body": {"accepted": true, "real_timestamp_ms": 1789226402123, "virtual_time_s": 589.457066, "measure_result": "direction", "svd_deg": 322.28}}
2026-09-12 23:20:05,250 INFO request {"path": "/measure", "payload": {"arena_id": "default", "robot_id": "202601002029", "request_id": "450c0bb13b904814ad55de8bec19bc5f", "position": {"x": -489.9999999999998, "y": 848.70489570875}, "channel": 2}, "attempt": 1}
2026-09-12 23:20:05,252 INFO response {"request_id": "450c0bb13b904814ad55de8bec19bc5f", "http_status": 200, "body": {"accepted": true, "real_timestamp_ms": 1789226402159, "virtual_time_s": 595.457066, "measure_result": "direction", "svd_deg": 110.89}}
2026-09-12 23:20:05,269 INFO request {"path": "/measure", "payload": {"arena_id": "default", "robot_id": "202601002029", "request_id": "47171635f8924bc1a88d0d115f0c48ff", "position": {"x": -489.9999999999998, "y": 848.70489570875}, "channel": 18}, "attempt": 1}
2026-09-12 23:20:05,285 INFO response {"request_id": "47171635f8924bc1a88d0d115f0c48ff", "http_status": 200, "body": {"accepted": true, "real_timestamp_ms": 1789226402193, "virtual_time_s": 601.457066, "measure_result": "direction", "svd_deg": 89.39}}
2026-09-12 23:20:05,998 INFO request {"path": "/measure", "payload": {"arena_id": "default", "robot_id": "202601002029", "request_id": "9eedda97321049fa846cdab0347719b4", "position": {"x": -848.7048957087497, "y": 490.00000000000034}, "channel": 3}, "attempt": 1}
2026-09-12 23:20:06,016 INFO response {"request_id": "9eedda97321049fa846cdab0347719b4", "http_status": 200, "body": {"accepted": true, "real_timestamp_ms": 1789226402923, "virtual_time_s": 708.914132, "measure_result": "no_signal"}}
2026-09-12 23:20:06,030 INFO request {"path": "/measure", "payload": {"arena_id": "default", "robot_id": "202601002029", "request_id": "fd832b92ea194409815216b11e63455b", "position": {"x": -848.7048957087497, "y": 490.00000000000034}, "channel": 4}, "attempt": 1}
2026-09-12 23:20:06,033 INFO response {"request_id": "fd832b92ea194409815216b11e63455b", "http_status": 200, "body": {"accepted": true, "real_timestamp_ms": 1789226402940, "virtual_time_s": 714.914132, "measure_result": "no_signal"}}
2026-09-12 23:20:06,065 INFO request {"path": "/measure", "payload": {"arena_id": "default", "robot_id": "202601002029", "request_id": "2d66c1654b434f0280ff582e6c4c7ffd", "position": {"x": -848.7048957087497, "y": 490.00000000000034}, "channel": 11}, "attempt": 1}
2026-09-12 23:20:06,066 INFO response {"request_id": "2d66c1654b434f0280ff582e6c4c7ffd", "http_status": 200, "body": {"accepted": true, "real_timestamp_ms": 1789226402974, "virtual_time_s": 720.914132, "measure_result": "no_signal"}}
2026-09-12 23:20:06,082 INFO request {"path": "/measure", "payload": {"arena_id": "default", "robot_id": "202601002029", "request_id": "200371c88aa84e038fe93cb27f37b92e", "position": {"x": -848.7048957087497, "y": 490.00000000000034}, "channel": 12}, "attempt": 1}
2026-09-12 23:20:06,093 INFO response {"request_id": "200371c88aa84e038fe93cb27f37b92e", "http_status": 200, "body": {"accepted": true, "real_timestamp_ms": 1789226403001, "virtual_time_s": 726.914132, "measure_result": "no_signal"}}
2026-09-12 23:20:06,124 INFO request {"path": "/measure", "payload": {"arena_id": "default", "robot_id": "202601002029", "request_id": "0c95918f817a4807ba2cb31872781a9a", "position": {"x": -848.7048957087497, "y": 490.00000000000034}, "channel": 13}, "attempt": 1}
2026-09-12 23:20:06,126 INFO response {"request_id": "0c95918f817a4807ba2cb31872781a9a", "http_status": 200, "body": {"accepted": true, "real_timestamp_ms": 1789226403034, "virtual_time_s": 732.914132, "measure_result": "no_signal"}}
2026-09-12 23:20:06,157 INFO request {"path": "/measure", "payload": {"arena_id": "default", "robot_id": "202601002029", "request_id": "cb889d845081496fa69235abf688bdf3", "position": {"x": -848.7048957087497, "y": 490.00000000000034}, "channel": 14}, "attempt": 1}
2026-09-12 23:20:06,157 INFO response {"request_id": "cb889d845081496fa69235abf688bdf3", "http_status": 200, "body": {"accepted": true, "real_timestamp_ms": 1789226403065, "virtual_time_s": 738.914132, "measure_result": "no_signal"}}
2026-09-12 23:20:06,188 INFO request {"path": "/measure", "payload": {"arena_id": "default", "robot_id": "202601002029", "request_id": "c495292402634604a65f63553857dea1", "position": {"x": -848.7048957087497, "y": 490.00000000000034}, "channel": 16}, "attempt": 1}
2026-09-12 23:20:06,189 INFO response {"request_id": "c495292402634604a65f63553857dea1", "http_status": 200, "body": {"accepted": true, "real_timestamp_ms": 1789226403097, "virtual_time_s": 744.914132, "measure_result": "no_signal"}}
2026-09-12 23:20:06,220 INFO request {"path": "/measure", "payload": {"arena_id": "default", "robot_id": "202601002029", "request_id": "feb42c8185cd4714a9f2753647474c23", "position": {"x": -848.7048957087497, "y": 490.00000000000034}, "channel": 17}, "attempt": 1}
2026-09-12 23:20:06,232 INFO response {"request_id": "feb42c8185cd4714a9f2753647474c23", "http_status": 200, "body": {"accepted": true, "real_timestamp_ms": 1789226403139, "virtual_time_s": 750.914132, "measure_result": "no_signal"}}
2026-09-12 23:20:06,247 INFO request {"path": "/measure", "payload": {"arena_id": "default", "robot_id": "202601002029", "request_id": "2eaecbcfff4e44669e3722a5411dc075", "position": {"x": -848.7048957087497, "y": 490.00000000000034}, "channel": 19}, "attempt": 1}
2026-09-12 23:20:06,248 INFO response {"request_id": "2eaecbcfff4e44669e3722a5411dc075", "http_status": 200, "body": {"accepted": true, "real_timestamp_ms": 1789226403156, "virtual_time_s": 756.914132, "measure_result": "no_signal"}}
2026-09-12 23:20:06,323 INFO request {"path": "/measure", "payload": {"arena_id": "default", "robot_id": "202601002029", "request_id": "5950677bc50a4c1890ab1b7f827f7657", "position": {"x": -848.7048957087497, "y": 490.00000000000034}, "channel": 5}, "attempt": 1}
2026-09-12 23:20:06,338 INFO response {"request_id": "5950677bc50a4c1890ab1b7f827f7657", "http_status": 200, "body": {"accepted": true, "real_timestamp_ms": 1789226403245, "virtual_time_s": 762.914132, "measure_result": "direction", "svd_deg": 80.97}}
2026-09-12 23:20:06,356 INFO request {"path": "/measure", "payload": {"arena_id": "default", "robot_id": "202601002029", "request_id": "6db1117e458e4e99b89660355a62d7cb", "position": {"x": -848.7048957087497, "y": 490.00000000000034}, "channel": 9}, "attempt": 1}
2026-09-12 23:20:06,358 INFO response {"request_id": "6db1117e458e4e99b89660355a62d7cb", "http_status": 200, "body": {"accepted": true, "real_timestamp_ms": 1789226403265, "virtual_time_s": 768.914132, "measure_result": "direction", "svd_deg": 282.46}}
2026-09-12 23:20:06,391 INFO request {"path": "/measure", "payload": {"arena_id": "default", "robot_id": "202601002029", "request_id": "c4e73f06107745bdbb3c3ebf6a2ac01d", "position": {"x": -848.7048957087497, "y": 490.00000000000034}, "channel": 20}, "attempt": 1}
2026-09-12 23:20:06,392 INFO response {"request_id": "c4e73f06107745bdbb3c3ebf6a2ac01d", "http_status": 200, "body": {"accepted": true, "real_timestamp_ms": 1789226403300, "virtual_time_s": 774.914132, "measure_result": "no_signal"}}
2026-09-12 23:20:07,129 INFO request {"path": "/measure", "payload": {"arena_id": "default", "robot_id": "202601002029", "request_id": "2c066651285845e5bee61020a801b829", "position": {"x": -980.0, "y": 1.2001538631644062e-13}, "channel": 3}, "attempt": 1}
2026-09-12 23:20:07,142 INFO response {"request_id": "2c066651285845e5bee61020a801b829", "http_status": 200, "body": {"accepted": true, "real_timestamp_ms": 1789226404049, "virtual_time_s": 882.371198, "measure_result": "no_signal"}}
2026-09-12 23:20:07,172 INFO request {"path": "/measure", "payload": {"arena_id": "default", "robot_id": "202601002029", "request_id": "89bacb767fc245498b3ab12fd3b62cf6", "position": {"x": -980.0, "y": 1.2001538631644062e-13}, "channel": 4}, "attempt": 1}
2026-09-12 23:20:07,193 INFO response {"request_id": "89bacb767fc245498b3ab12fd3b62cf6", "http_status": 200, "body": {"accepted": true, "real_timestamp_ms": 1789226404100, "virtual_time_s": 888.371198, "measure_result": "no_signal"}}
2026-09-12 23:20:07,194 INFO request {"path": "/measure", "payload": {"arena_id": "default", "robot_id": "202601002029", "request_id": "7874ee6f36b9465db390a9b63283bc25", "position": {"x": -980.0, "y": 1.2001538631644062e-13}, "channel": 11}, "attempt": 1}
2026-09-12 23:20:07,195 INFO response {"request_id": "7874ee6f36b9465db390a9b63283bc25", "http_status": 200, "body": {"accepted": true, "real_timestamp_ms": 1789226404103, "virtual_time_s": 894.371198, "measure_result": "no_signal"}}
2026-09-12 23:20:07,226 INFO request {"path": "/measure", "payload": {"arena_id": "default", "robot_id": "202601002029", "request_id": "a4abef2890804461b240c97edc284c93", "position": {"x": -980.0, "y": 1.2001538631644062e-13}, "channel": 12}, "attempt": 1}
2026-09-12 23:20:07,242 INFO response {"request_id": "a4abef2890804461b240c97edc284c93", "http_status": 200, "body": {"accepted": true, "real_timestamp_ms": 1789226404149, "virtual_time_s": 900.371198, "measure_result": "no_signal"}}
2026-09-12 23:20:07,257 INFO request {"path": "/measure", "payload": {"arena_id": "default", "robot_id": "202601002029", "request_id": "953011a9a1574a79a32a0f28a26553ed", "position": {"x": -980.0, "y": 1.2001538631644062e-13}, "channel": 13}, "attempt": 1}
2026-09-12 23:20:07,272 INFO response {"request_id": "953011a9a1574a79a32a0f28a26553ed", "http_status": 200, "body": {"accepted": true, "real_timestamp_ms": 1789226404179, "virtual_time_s": 906.371198, "measure_result": "no_signal"}}
2026-09-12 23:20:07,287 INFO request {"path": "/measure", "payload": {"arena_id": "default", "robot_id": "202601002029", "request_id": "94124737ccc14e3781b45806a74b034e", "position": {"x": -980.0, "y": 1.2001538631644062e-13}, "channel": 14}, "attempt": 1}
2026-09-12 23:20:07,301 INFO response {"request_id": "94124737ccc14e3781b45806a74b034e", "http_status": 200, "body": {"accepted": true, "real_timestamp_ms": 1789226404209, "virtual_time_s": 912.371198, "measure_result": "no_signal"}}
2026-09-12 23:20:07,316 INFO request {"path": "/measure", "payload": {"arena_id": "default", "robot_id": "202601002029", "request_id": "ed354c794fe4417aba99d033fa5e3a66", "position": {"x": -980.0, "y": 1.2001538631644062e-13}, "channel": 16}, "attempt": 1}
2026-09-12 23:20:07,332 INFO response {"request_id": "ed354c794fe4417aba99d033fa5e3a66", "http_status": 200, "body": {"accepted": true, "real_timestamp_ms": 1789226404239, "virtual_time_s": 918.371198, "measure_result": "no_signal"}}
2026-09-12 23:20:07,347 INFO request {"path": "/measure", "payload": {"arena_id": "default", "robot_id": "202601002029", "request_id": "88d92ea1b3bf43ddbf218b39301c20b6", "position": {"x": -980.0, "y": 1.2001538631644062e-13}, "channel": 17}, "attempt": 1}
2026-09-12 23:20:07,348 INFO response {"request_id": "88d92ea1b3bf43ddbf218b39301c20b6", "http_status": 200, "body": {"accepted": true, "real_timestamp_ms": 1789226404255, "virtual_time_s": 924.371198, "measure_result": "no_signal"}}
2026-09-12 23:20:07,363 INFO request {"path": "/measure", "payload": {"arena_id": "default", "robot_id": "202601002029", "request_id": "ed2ac2e9b0ce4042bd9a4f16f773e1c1", "position": {"x": -980.0, "y": 1.2001538631644062e-13}, "channel": 19}, "attempt": 1}
2026-09-12 23:20:07,364 INFO response {"request_id": "ed2ac2e9b0ce4042bd9a4f16f773e1c1", "http_status": 200, "body": {"accepted": true, "real_timestamp_ms": 1789226404272, "virtual_time_s": 930.371198, "measure_result": "no_signal"}}
2026-09-12 23:20:07,400 INFO request {"path": "/measure", "payload": {"arena_id": "default", "robot_id": "202601002029", "request_id": "b3b9692ac80b475a92e256952e509914", "position": {"x": -980.0, "y": 1.2001538631644062e-13}, "channel": 9}, "attempt": 1}
2026-09-12 23:20:07,421 INFO response {"request_id": "b3b9692ac80b475a92e256952e509914", "http_status": 200, "body": {"accepted": true, "real_timestamp_ms": 1789226404328, "virtual_time_s": 936.371198, "measure_result": "direction", "svd_deg": 305.71}}
2026-09-12 23:20:08,175 INFO request {"path": "/measure", "payload": {"arena_id": "default", "robot_id": "202601002029", "request_id": "0c2f366ee3684dc8a1892942b634ebb5", "position": {"x": -848.7048957087501, "y": -489.9999999999997}, "channel": 3}, "attempt": 1}
2026-09-12 23:20:08,193 INFO response {"request_id": "0c2f366ee3684dc8a1892942b634ebb5", "http_status": 200, "body": {"accepted": true, "real_timestamp_ms": 1789226405100, "virtual_time_s": 1043.828264, "measure_result": "no_signal"}}
2026-09-12 23:20:08,193 INFO request {"path": "/measure", "payload": {"arena_id": "default", "robot_id": "202601002029", "request_id": "6b469e1331584066b0212bdeb8298827", "position": {"x": -848.7048957087501, "y": -489.9999999999997}, "channel": 4}, "attempt": 1}
2026-09-12 23:20:08,212 INFO response {"request_id": "6b469e1331584066b0212bdeb8298827", "http_status": 200, "body": {"accepted": true, "real_timestamp_ms": 1789226405119, "virtual_time_s": 1049.828264, "measure_result": "no_signal"}}
2026-09-12 23:20:08,227 INFO request {"path": "/measure", "payload": {"arena_id": "default", "robot_id": "202601002029", "request_id": "df360de1594f4437a1b73b6594ce398b", "position": {"x": -848.7048957087501, "y": -489.9999999999997}, "channel": 11}, "attempt": 1}
2026-09-12 23:20:08,229 INFO response {"request_id": "df360de1594f4437a1b73b6594ce398b", "http_status": 200, "body": {"accepted": true, "real_timestamp_ms": 1789226405136, "virtual_time_s": 1055.828264, "measure_result": "no_signal"}}
2026-09-12 23:20:08,261 INFO request {"path": "/measure", "payload": {"arena_id": "default", "robot_id": "202601002029", "request_id": "ed0c1df5a97d4965a4f168b573b5bd78", "position": {"x": -848.7048957087501, "y": -489.9999999999997}, "channel": 12}, "attempt": 1}
2026-09-12 23:20:08,281 INFO response {"request_id": "ed0c1df5a97d4965a4f168b573b5bd78", "http_status": 200, "body": {"accepted": true, "real_timestamp_ms": 1789226405188, "virtual_time_s": 1061.828264, "measure_result": "no_signal"}}
2026-09-12 23:20:08,297 INFO request {"path": "/measure", "payload": {"arena_id": "default", "robot_id": "202601002029", "request_id": "696d6a15cdf146098732250155a14cb4", "position": {"x": -848.7048957087501, "y": -489.9999999999997}, "channel": 13}, "attempt": 1}
2026-09-12 23:20:08,298 INFO response {"request_id": "696d6a15cdf146098732250155a14cb4", "http_status": 200, "body": {"accepted": true, "real_timestamp_ms": 1789226405206, "virtual_time_s": 1067.828264, "measure_result": "no_signal"}}
2026-09-12 23:20:08,330 INFO request {"path": "/measure", "payload": {"arena_id": "default", "robot_id": "202601002029", "request_id": "951b619defd445ce907fa947a2806941", "position": {"x": -848.7048957087501, "y": -489.9999999999997}, "channel": 14}, "attempt": 1}
2026-09-12 23:20:08,349 INFO response {"request_id": "951b619defd445ce907fa947a2806941", "http_status": 200, "body": {"accepted": true, "real_timestamp_ms": 1789226405256, "virtual_time_s": 1073.828264, "measure_result": "no_signal"}}
2026-09-12 23:20:08,349 INFO request {"path": "/measure", "payload": {"arena_id": "default", "robot_id": "202601002029", "request_id": "9e1d63830f674cb3a1b25f81881f961a", "position": {"x": -848.7048957087501, "y": -489.9999999999997}, "channel": 16}, "attempt": 1}
2026-09-12 23:20:08,351 INFO response {"request_id": "9e1d63830f674cb3a1b25f81881f961a", "http_status": 200, "body": {"accepted": true, "real_timestamp_ms": 1789226405258, "virtual_time_s": 1079.828264, "measure_result": "no_signal"}}
2026-09-12 23:20:08,381 INFO request {"path": "/measure", "payload": {"arena_id": "default", "robot_id": "202601002029", "request_id": "5738c46aba7d437299f3aa64a231e412", "position": {"x": -848.7048957087501, "y": -489.9999999999997}, "channel": 17}, "attempt": 1}
2026-09-12 23:20:08,399 INFO response {"request_id": "5738c46aba7d437299f3aa64a231e412", "http_status": 200, "body": {"accepted": true, "real_timestamp_ms": 1789226405306, "virtual_time_s": 1085.828264, "measure_result": "no_signal"}}
2026-09-12 23:20:08,415 INFO request {"path": "/measure", "payload": {"arena_id": "default", "robot_id": "202601002029", "request_id": "53a1f5b6b0ad4742b435bb4f687312c4", "position": {"x": -848.7048957087501, "y": -489.9999999999997}, "channel": 19}, "attempt": 1}
2026-09-12 23:20:08,417 INFO response {"request_id": "53a1f5b6b0ad4742b435bb4f687312c4", "http_status": 200, "body": {"accepted": true, "real_timestamp_ms": 1789226405324, "virtual_time_s": 1091.828264, "measure_result": "no_signal"}}
2026-09-12 23:20:08,460 INFO request {"path": "/measure", "payload": {"arena_id": "default", "robot_id": "202601002029", "request_id": "bc277b4cb73a43f4a7de798587994e93", "position": {"x": -848.7048957087501, "y": -489.9999999999997}, "channel": 7}, "attempt": 1}
2026-09-12 23:20:08,478 INFO response {"request_id": "bc277b4cb73a43f4a7de798587994e93", "http_status": 200, "body": {"accepted": true, "real_timestamp_ms": 1789226405385, "virtual_time_s": 1097.828264, "measure_result": "no_signal"}}
2026-09-12 23:20:08,820 INFO request {"path": "/clear", "payload": {"arena_id": "default", "robot_id": "202601002029", "request_id": "623aa36d4e86459fb41be4094c56f2e6", "position": {"x": -631.1309426316533, "y": -485.74998062688564}, "channel": 9}, "attempt": 1}
2026-09-12 23:20:08,822 INFO response {"request_id": "623aa36d4e86459fb41be4094c56f2e6", "http_status": 200, "body": {"accepted": true, "real_timestamp_ms": 1789226405730, "virtual_time_s": 1146.351356, "clear_result": "success"}}
2026-09-12 23:20:08,862 INFO request {"path": "/measure", "payload": {"arena_id": "default", "robot_id": "202601002029", "request_id": "5db394e63063457bac60e4edf33bc221", "position": {"x": -490.00000000000045, "y": -848.7048957087497}, "channel": 3}, "attempt": 1}
2026-09-12 23:20:08,882 INFO response {"request_id": "5db394e63063457bac60e4edf33bc221", "http_status": 200, "body": {"accepted": true, "real_timestamp_ms": 1789226405790, "virtual_time_s": 1230.236968, "measure_result": "no_signal"}}
2026-09-12 23:20:08,883 INFO request {"path": "/measure", "payload": {"arena_id": "default", "robot_id": "202601002029", "request_id": "a6bfd7db1efc4f0791e39e7df872b4d5", "position": {"x": -490.00000000000045, "y": -848.7048957087497}, "channel": 4}, "attempt": 1}
2026-09-12 23:20:08,884 INFO response {"request_id": "a6bfd7db1efc4f0791e39e7df872b4d5", "http_status": 200, "body": {"accepted": true, "real_timestamp_ms": 1789226405790, "virtual_time_s": 1236.236968, "measure_result": "no_signal"}}
2026-09-12 23:20:08,914 INFO request {"path": "/measure", "payload": {"arena_id": "default", "robot_id": "202601002029", "request_id": "e450170a722748ec93bf83ef6b155a3d", "position": {"x": -490.00000000000045, "y": -848.7048957087497}, "channel": 11}, "attempt": 1}
2026-09-12 23:20:08,915 INFO response {"request_id": "e450170a722748ec93bf83ef6b155a3d", "http_status": 200, "body": {"accepted": true, "real_timestamp_ms": 1789226405823, "virtual_time_s": 1242.236968, "measure_result": "no_signal"}}
2026-09-12 23:20:08,946 INFO request {"path": "/measure", "payload": {"arena_id": "default", "robot_id": "202601002029", "request_id": "e86decb543e04e2ea737953deb3a1498", "position": {"x": -490.00000000000045, "y": -848.7048957087497}, "channel": 12}, "attempt": 1}
2026-09-12 23:20:08,948 INFO response {"request_id": "e86decb543e04e2ea737953deb3a1498", "http_status": 200, "body": {"accepted": true, "real_timestamp_ms": 1789226405855, "virtual_time_s": 1248.236968, "measure_result": "no_signal"}}
2026-09-12 23:20:08,979 INFO request {"path": "/measure", "payload": {"arena_id": "default", "robot_id": "202601002029", "request_id": "3392f7938078443faeb75ad564d27090", "position": {"x": -490.00000000000045, "y": -848.7048957087497}, "channel": 13}, "attempt": 1}
2026-09-12 23:20:08,981 INFO response {"request_id": "3392f7938078443faeb75ad564d27090", "http_status": 200, "body": {"accepted": true, "real_timestamp_ms": 1789226405888, "virtual_time_s": 1254.236968, "measure_result": "no_signal"}}
2026-09-12 23:20:09,012 INFO request {"path": "/measure", "payload": {"arena_id": "default", "robot_id": "202601002029", "request_id": "b6a1e8aa06be43649d83049c6046ccb5", "position": {"x": -490.00000000000045, "y": -848.7048957087497}, "channel": 14}, "attempt": 1}
2026-09-12 23:20:09,014 INFO response {"request_id": "b6a1e8aa06be43649d83049c6046ccb5", "http_status": 200, "body": {"accepted": true, "real_timestamp_ms": 1789226405921, "virtual_time_s": 1260.236968, "measure_result": "no_signal"}}
2026-09-12 23:20:09,045 INFO request {"path": "/measure", "payload": {"arena_id": "default", "robot_id": "202601002029", "request_id": "b600de76ff6444d09a4a85cf22a44117", "position": {"x": -490.00000000000045, "y": -848.7048957087497}, "channel": 16}, "attempt": 1}
2026-09-12 23:20:09,047 INFO response {"request_id": "b600de76ff6444d09a4a85cf22a44117", "http_status": 200, "body": {"accepted": true, "real_timestamp_ms": 1789226405954, "virtual_time_s": 1266.236968, "measure_result": "no_signal"}}
2026-09-12 23:20:09,078 INFO request {"path": "/measure", "payload": {"arena_id": "default", "robot_id": "202601002029", "request_id": "c3d24991cb0a49c282ac91794c07647b", "position": {"x": -490.00000000000045, "y": -848.7048957087497}, "channel": 17}, "attempt": 1}
2026-09-12 23:20:09,099 INFO response {"request_id": "c3d24991cb0a49c282ac91794c07647b", "http_status": 200, "body": {"accepted": true, "real_timestamp_ms": 1789226406007, "virtual_time_s": 1272.236968, "measure_result": "no_signal"}}
2026-09-12 23:20:09,099 INFO request {"path": "/measure", "payload": {"arena_id": "default", "robot_id": "202601002029", "request_id": "c2bc3e68da5f4607bd479baa08a7188d", "position": {"x": -490.00000000000045, "y": -848.7048957087497}, "channel": 19}, "attempt": 1}
2026-09-12 23:20:09,100 INFO response {"request_id": "c2bc3e68da5f4607bd479baa08a7188d", "http_status": 200, "body": {"accepted": true, "real_timestamp_ms": 1789226406008, "virtual_time_s": 1278.236968, "measure_result": "no_signal"}}
2026-09-12 23:20:09,763 INFO request {"path": "/measure", "payload": {"arena_id": "default", "robot_id": "202601002029", "request_id": "c5e3024657c44fe7bf69801ca296551b", "position": {"x": -1.8002307947466092e-13, "y": -980.0}, "channel": 19}, "attempt": 1}
2026-09-12 23:20:09,764 INFO response {"request_id": "c5e3024657c44fe7bf69801ca296551b", "http_status": 200, "body": {"accepted": true, "real_timestamp_ms": 1789226406672, "virtual_time_s": 1384.694034, "measure_result": "no_signal"}}
2026-09-12 23:20:09,795 INFO request {"path": "/measure", "payload": {"arena_id": "default", "robot_id": "202601002029", "request_id": "770f46634c794c7090d9371a55a2d6a3", "position": {"x": -1.8002307947466092e-13, "y": -980.0}, "channel": 3}, "attempt": 1}
2026-09-12 23:20:09,797 INFO response {"request_id": "770f46634c794c7090d9371a55a2d6a3", "http_status": 200, "body": {"accepted": true, "real_timestamp_ms": 1789226406704, "virtual_time_s": 1390.694034, "measure_result": "no_signal"}}
2026-09-12 23:20:09,827 INFO request {"path": "/measure", "payload": {"arena_id": "default", "robot_id": "202601002029", "request_id": "e4aefb86991f4cbfb78e392a09f92e12", "position": {"x": -1.8002307947466092e-13, "y": -980.0}, "channel": 4}, "attempt": 1}
2026-09-12 23:20:09,845 INFO response {"request_id": "e4aefb86991f4cbfb78e392a09f92e12", "http_status": 200, "body": {"accepted": true, "real_timestamp_ms": 1789226406752, "virtual_time_s": 1396.694034, "measure_result": "no_signal"}}
2026-09-12 23:20:09,859 INFO request {"path": "/measure", "payload": {"arena_id": "default", "robot_id": "202601002029", "request_id": "d26bb3d1d3af489e80b4fd8f9e7e39d8", "position": {"x": -1.8002307947466092e-13, "y": -980.0}, "channel": 11}, "attempt": 1}
2026-09-12 23:20:09,862 INFO response {"request_id": "d26bb3d1d3af489e80b4fd8f9e7e39d8", "http_status": 200, "body": {"accepted": true, "real_timestamp_ms": 1789226406768, "virtual_time_s": 1402.694034, "measure_result": "no_signal"}}
2026-09-12 23:20:09,892 INFO request {"path": "/measure", "payload": {"arena_id": "default", "robot_id": "202601002029", "request_id": "3208e4f72e5a463f81c12fa5c742b6cd", "position": {"x": -1.8002307947466092e-13, "y": -980.0}, "channel": 12}, "attempt": 1}
2026-09-12 23:20:09,895 INFO response {"request_id": "3208e4f72e5a463f81c12fa5c742b6cd", "http_status": 200, "body": {"accepted": true, "real_timestamp_ms": 1789226406802, "virtual_time_s": 1408.694034, "measure_result": "no_signal"}}
2026-09-12 23:20:09,911 INFO request {"path": "/measure", "payload": {"arena_id": "default", "robot_id": "202601002029", "request_id": "56bafdbaf44b407fb7b6f57599a83595", "position": {"x": -1.8002307947466092e-13, "y": -980.0}, "channel": 13}, "attempt": 1}
2026-09-12 23:20:09,915 INFO response {"request_id": "56bafdbaf44b407fb7b6f57599a83595", "http_status": 200, "body": {"accepted": true, "real_timestamp_ms": 1789226406821, "virtual_time_s": 1414.694034, "measure_result": "no_signal"}}
2026-09-12 23:20:09,946 INFO request {"path": "/measure", "payload": {"arena_id": "default", "robot_id": "202601002029", "request_id": "1dd4a4d4c05945c5bac5cf75da9c6249", "position": {"x": -1.8002307947466092e-13, "y": -980.0}, "channel": 14}, "attempt": 1}
2026-09-12 23:20:09,948 INFO response {"request_id": "1dd4a4d4c05945c5bac5cf75da9c6249", "http_status": 200, "body": {"accepted": true, "real_timestamp_ms": 1789226406855, "virtual_time_s": 1420.694034, "measure_result": "no_signal"}}
2026-09-12 23:20:09,979 INFO request {"path": "/measure", "payload": {"arena_id": "default", "robot_id": "202601002029", "request_id": "0637ec4f33da40109a6cf14952d56739", "position": {"x": -1.8002307947466092e-13, "y": -980.0}, "channel": 16}, "attempt": 1}
2026-09-12 23:20:09,982 INFO response {"request_id": "0637ec4f33da40109a6cf14952d56739", "http_status": 200, "body": {"accepted": true, "real_timestamp_ms": 1789226406889, "virtual_time_s": 1426.694034, "measure_result": "no_signal"}}
2026-09-12 23:20:10,012 INFO request {"path": "/measure", "payload": {"arena_id": "default", "robot_id": "202601002029", "request_id": "a1627e0913f04f24b3de2b213bfb3f14", "position": {"x": -1.8002307947466092e-13, "y": -980.0}, "channel": 17}, "attempt": 1}
2026-09-12 23:20:10,031 INFO response {"request_id": "a1627e0913f04f24b3de2b213bfb3f14", "http_status": 200, "body": {"accepted": true, "real_timestamp_ms": 1789226406939, "virtual_time_s": 1432.694034, "measure_result": "no_signal"}}
2026-09-12 23:20:10,704 INFO request {"path": "/measure", "payload": {"arena_id": "default", "robot_id": "202601002029", "request_id": "c27fe571769c4fb68eeefe39ed96972e", "position": {"x": 489.9999999999994, "y": -848.7048957087503}, "channel": 17}, "attempt": 1}
2026-09-12 23:20:10,706 INFO response {"request_id": "c27fe571769c4fb68eeefe39ed96972e", "http_status": 200, "body": {"accepted": true, "real_timestamp_ms": 1789226407614, "virtual_time_s": 1539.1511, "measure_result": "no_signal"}}
2026-09-12 23:20:10,736 INFO request {"path": "/measure", "payload": {"arena_id": "default", "robot_id": "202601002029", "request_id": "069f4e5b5ee8445f91572f8484ad6403", "position": {"x": 489.9999999999994, "y": -848.7048957087503}, "channel": 3}, "attempt": 1}
2026-09-12 23:20:10,738 INFO response {"request_id": "069f4e5b5ee8445f91572f8484ad6403", "http_status": 200, "body": {"accepted": true, "real_timestamp_ms": 1789226407645, "virtual_time_s": 1545.1511, "measure_result": "no_signal"}}
2026-09-12 23:20:10,752 INFO request {"path": "/measure", "payload": {"arena_id": "default", "robot_id": "202601002029", "request_id": "1dddcb64c7454838b09b3849d7a9db7a", "position": {"x": 489.9999999999994, "y": -848.7048957087503}, "channel": 4}, "attempt": 1}
2026-09-12 23:20:10,754 INFO response {"request_id": "1dddcb64c7454838b09b3849d7a9db7a", "http_status": 200, "body": {"accepted": true, "real_timestamp_ms": 1789226407662, "virtual_time_s": 1551.1511, "measure_result": "no_signal"}}
2026-09-12 23:20:10,770 INFO request {"path": "/measure", "payload": {"arena_id": "default", "robot_id": "202601002029", "request_id": "4d849b8aa28b40d9b2163f22247d4119", "position": {"x": 489.9999999999994, "y": -848.7048957087503}, "channel": 11}, "attempt": 1}
2026-09-12 23:20:10,783 INFO response {"request_id": "4d849b8aa28b40d9b2163f22247d4119", "http_status": 200, "body": {"accepted": true, "real_timestamp_ms": 1789226407691, "virtual_time_s": 1557.1511, "measure_result": "no_signal"}}
2026-09-12 23:20:10,814 INFO request {"path": "/measure", "payload": {"arena_id": "default", "robot_id": "202601002029", "request_id": "5d343be69ec045929433eeb5df6679e5", "position": {"x": 489.9999999999994, "y": -848.7048957087503}, "channel": 12}, "attempt": 1}
2026-09-12 23:20:10,833 INFO response {"request_id": "5d343be69ec045929433eeb5df6679e5", "http_status": 200, "body": {"accepted": true, "real_timestamp_ms": 1789226407741, "virtual_time_s": 1563.1511, "measure_result": "no_signal"}}
2026-09-12 23:20:10,834 INFO request {"path": "/measure", "payload": {"arena_id": "default", "robot_id": "202601002029", "request_id": "308d50eab35d4616a202c2fa09613062", "position": {"x": 489.9999999999994, "y": -848.7048957087503}, "channel": 13}, "attempt": 1}
2026-09-12 23:20:10,836 INFO response {"request_id": "308d50eab35d4616a202c2fa09613062", "http_status": 200, "body": {"accepted": true, "real_timestamp_ms": 1789226407743, "virtual_time_s": 1569.1511, "measure_result": "no_signal"}}
2026-09-12 23:20:10,866 INFO request {"path": "/measure", "payload": {"arena_id": "default", "robot_id": "202601002029", "request_id": "824cf912595140d0a1dcdfb25dc53004", "position": {"x": 489.9999999999994, "y": -848.7048957087503}, "channel": 14}, "attempt": 1}
2026-09-12 23:20:10,869 INFO response {"request_id": "824cf912595140d0a1dcdfb25dc53004", "http_status": 200, "body": {"accepted": true, "real_timestamp_ms": 1789226407776, "virtual_time_s": 1575.1511, "measure_result": "no_signal"}}
2026-09-12 23:20:10,900 INFO request {"path": "/measure", "payload": {"arena_id": "default", "robot_id": "202601002029", "request_id": "e8e00df4340f4e3aa1dd4a6dab4f4d61", "position": {"x": 489.9999999999994, "y": -848.7048957087503}, "channel": 16}, "attempt": 1}
2026-09-12 23:20:10,902 INFO response {"request_id": "e8e00df4340f4e3aa1dd4a6dab4f4d61", "http_status": 200, "body": {"accepted": true, "real_timestamp_ms": 1789226407809, "virtual_time_s": 1581.1511, "measure_result": "no_signal"}}
2026-09-12 23:20:10,933 INFO request {"path": "/measure", "payload": {"arena_id": "default", "robot_id": "202601002029", "request_id": "902abb284f5f48d4a43001f1c28139d5", "position": {"x": 489.9999999999994, "y": -848.7048957087503}, "channel": 19}, "attempt": 1}
2026-09-12 23:20:10,934 INFO response {"request_id": "902abb284f5f48d4a43001f1c28139d5", "http_status": 200, "body": {"accepted": true, "real_timestamp_ms": 1789226407842, "virtual_time_s": 1587.1511, "measure_result": "no_signal"}}
2026-09-12 23:20:10,962 INFO request {"path": "/measure", "payload": {"arena_id": "default", "robot_id": "202601002029", "request_id": "c754ebe204934e40a179d226fa0051e6", "position": {"x": 489.9999999999994, "y": -848.7048957087503}, "channel": 7}, "attempt": 1}
2026-09-12 23:20:10,964 INFO response {"request_id": "c754ebe204934e40a179d226fa0051e6", "http_status": 200, "body": {"accepted": true, "real_timestamp_ms": 1789226407871, "virtual_time_s": 1593.1511, "measure_result": "direction", "svd_deg": 146.2}}
2026-09-12 23:20:11,624 INFO request {"path": "/measure", "payload": {"arena_id": "default", "robot_id": "202601002029", "request_id": "7e94c07c07af4828bf52b17286271345", "position": {"x": 848.7048957087496, "y": -490.00000000000045}, "channel": 3}, "attempt": 1}
2026-09-12 23:20:11,643 INFO response {"request_id": "7e94c07c07af4828bf52b17286271345", "http_status": 200, "body": {"accepted": true, "real_timestamp_ms": 1789226408550, "virtual_time_s": 1700.608166, "measure_result": "no_signal"}}
2026-09-12 23:20:11,658 INFO request {"path": "/measure", "payload": {"arena_id": "default", "robot_id": "202601002029", "request_id": "285cf45018a84e90a6dce26198850f67", "position": {"x": 848.7048957087496, "y": -490.00000000000045}, "channel": 4}, "attempt": 1}
2026-09-12 23:20:11,673 INFO response {"request_id": "285cf45018a84e90a6dce26198850f67", "http_status": 200, "body": {"accepted": true, "real_timestamp_ms": 1789226408580, "virtual_time_s": 1706.608166, "measure_result": "no_signal"}}
2026-09-12 23:20:11,688 INFO request {"path": "/measure", "payload": {"arena_id": "default", "robot_id": "202601002029", "request_id": "f56213ab2db0412db0f207ff3d2ad622", "position": {"x": 848.7048957087496, "y": -490.00000000000045}, "channel": 11}, "attempt": 1}
2026-09-12 23:20:11,702 INFO response {"request_id": "f56213ab2db0412db0f207ff3d2ad622", "http_status": 200, "body": {"accepted": true, "real_timestamp_ms": 1789226408609, "virtual_time_s": 1712.608166, "measure_result": "direction", "svd_deg": 8.81}}
2026-09-12 23:20:11,720 INFO request {"path": "/measure", "payload": {"arena_id": "default", "robot_id": "202601002029", "request_id": "a4017705b56647ab9418eb2ed5a28de6", "position": {"x": 848.7048957087496, "y": -490.00000000000045}, "channel": 12}, "attempt": 1}
2026-09-12 23:20:11,741 INFO response {"request_id": "a4017705b56647ab9418eb2ed5a28de6", "http_status": 200, "body": {"accepted": true, "real_timestamp_ms": 1789226408649, "virtual_time_s": 1718.608166, "measure_result": "no_signal"}}
2026-09-12 23:20:11,742 INFO request {"path": "/measure", "payload": {"arena_id": "default", "robot_id": "202601002029", "request_id": "ad76401563634f6494a7caf356cf5fd0", "position": {"x": 848.7048957087496, "y": -490.00000000000045}, "channel": 13}, "attempt": 1}
2026-09-12 23:20:11,762 INFO response {"request_id": "ad76401563634f6494a7caf356cf5fd0", "http_status": 200, "body": {"accepted": true, "real_timestamp_ms": 1789226408669, "virtual_time_s": 1724.608166, "measure_result": "no_signal"}}
2026-09-12 23:20:11,776 INFO request {"path": "/measure", "payload": {"arena_id": "default", "robot_id": "202601002029", "request_id": "1b53b1024edf49ac9c8a9be30c153b7b", "position": {"x": 848.7048957087496, "y": -490.00000000000045}, "channel": 14}, "attempt": 1}
2026-09-12 23:20:11,791 INFO response {"request_id": "1b53b1024edf49ac9c8a9be30c153b7b", "http_status": 200, "body": {"accepted": true, "real_timestamp_ms": 1789226408698, "virtual_time_s": 1730.608166, "measure_result": "no_signal"}}
2026-09-12 23:20:11,806 INFO request {"path": "/measure", "payload": {"arena_id": "default", "robot_id": "202601002029", "request_id": "692a68fa23b24ec7bdb845ce46610a57", "position": {"x": 848.7048957087496, "y": -490.00000000000045}, "channel": 16}, "attempt": 1}
2026-09-12 23:20:11,821 INFO response {"request_id": "692a68fa23b24ec7bdb845ce46610a57", "http_status": 200, "body": {"accepted": true, "real_timestamp_ms": 1789226408728, "virtual_time_s": 1736.608166, "measure_result": "no_signal"}}
2026-09-12 23:20:11,836 INFO request {"path": "/measure", "payload": {"arena_id": "default", "robot_id": "202601002029", "request_id": "100bca82bf86499c99bfa1b5c8817462", "position": {"x": 848.7048957087496, "y": -490.00000000000045}, "channel": 17}, "attempt": 1}
2026-09-12 23:20:11,850 INFO response {"request_id": "100bca82bf86499c99bfa1b5c8817462", "http_status": 200, "body": {"accepted": true, "real_timestamp_ms": 1789226408757, "virtual_time_s": 1742.608166, "measure_result": "no_signal"}}
2026-09-12 23:20:11,866 INFO request {"path": "/measure", "payload": {"arena_id": "default", "robot_id": "202601002029", "request_id": "add7e6ef18174d3b8a04fd8d511074e1", "position": {"x": 848.7048957087496, "y": -490.00000000000045}, "channel": 19}, "attempt": 1}
2026-09-12 23:20:11,881 INFO response {"request_id": "add7e6ef18174d3b8a04fd8d511074e1", "http_status": 200, "body": {"accepted": true, "real_timestamp_ms": 1789226408788, "virtual_time_s": 1748.608166, "measure_result": "no_signal"}}
2026-09-12 23:20:12,594 INFO request {"path": "/measure", "payload": {"arena_id": "default", "robot_id": "202601002029", "request_id": "f030fc6fcd324718a058d53962553852", "position": {"x": 980.0, "y": 0.0}, "channel": 19}, "attempt": 1}
2026-09-12 23:20:12,595 INFO response {"request_id": "f030fc6fcd324718a058d53962553852", "http_status": 200, "body": {"accepted": true, "real_timestamp_ms": 1789226409503, "virtual_time_s": 1855.065232, "measure_result": "no_signal"}}
2026-09-12 23:20:12,626 INFO request {"path": "/measure", "payload": {"arena_id": "default", "robot_id": "202601002029", "request_id": "5a802838b32b4898b954c8216d358f09", "position": {"x": 980.0, "y": 0.0}, "channel": 3}, "attempt": 1}
2026-09-12 23:20:12,627 INFO response {"request_id": "5a802838b32b4898b954c8216d358f09", "http_status": 200, "body": {"accepted": true, "real_timestamp_ms": 1789226409535, "virtual_time_s": 1861.065232, "measure_result": "no_signal"}}
2026-09-12 23:20:12,657 INFO request {"path": "/measure", "payload": {"arena_id": "default", "robot_id": "202601002029", "request_id": "c69d6bfd27054b59b5a1b391123368a9", "position": {"x": 980.0, "y": 0.0}, "channel": 4}, "attempt": 1}
2026-09-12 23:20:12,668 INFO response {"request_id": "c69d6bfd27054b59b5a1b391123368a9", "http_status": 200, "body": {"accepted": true, "real_timestamp_ms": 1789226409576, "virtual_time_s": 1867.065232, "measure_result": "no_signal"}}
2026-09-12 23:20:12,683 INFO request {"path": "/measure", "payload": {"arena_id": "default", "robot_id": "202601002029", "request_id": "4dc5e6da640745059ecb3bca7ca9c188", "position": {"x": 980.0, "y": 0.0}, "channel": 12}, "attempt": 1}
2026-09-12 23:20:12,698 INFO response {"request_id": "4dc5e6da640745059ecb3bca7ca9c188", "http_status": 200, "body": {"accepted": true, "real_timestamp_ms": 1789226409605, "virtual_time_s": 1873.065232, "measure_result": "no_signal"}}
2026-09-12 23:20:12,714 INFO request {"path": "/measure", "payload": {"arena_id": "default", "robot_id": "202601002029", "request_id": "b1c730f44bb5464baa9583c0ce2a744b", "position": {"x": 980.0, "y": 0.0}, "channel": 13}, "attempt": 1}
2026-09-12 23:20:12,727 INFO response {"request_id": "b1c730f44bb5464baa9583c0ce2a744b", "http_status": 200, "body": {"accepted": true, "real_timestamp_ms": 1789226409634, "virtual_time_s": 1879.065232, "measure_result": "no_signal"}}
2026-09-12 23:20:12,743 INFO request {"path": "/measure", "payload": {"arena_id": "default", "robot_id": "202601002029", "request_id": "f871b4be415742efb801f248c9323118", "position": {"x": 980.0, "y": 0.0}, "channel": 14}, "attempt": 1}
2026-09-12 23:20:12,756 INFO response {"request_id": "f871b4be415742efb801f248c9323118", "http_status": 200, "body": {"accepted": true, "real_timestamp_ms": 1789226409664, "virtual_time_s": 1885.065232, "measure_result": "no_signal"}}
2026-09-12 23:20:12,771 INFO request {"path": "/measure", "payload": {"arena_id": "default", "robot_id": "202601002029", "request_id": "d4c7fe8ff8bc4796ae4e980b36d9b04a", "position": {"x": 980.0, "y": 0.0}, "channel": 16}, "attempt": 1}
2026-09-12 23:20:12,773 INFO response {"request_id": "d4c7fe8ff8bc4796ae4e980b36d9b04a", "http_status": 200, "body": {"accepted": true, "real_timestamp_ms": 1789226409681, "virtual_time_s": 1891.065232, "measure_result": "no_signal"}}
2026-09-12 23:20:12,804 INFO request {"path": "/measure", "payload": {"arena_id": "default", "robot_id": "202601002029", "request_id": "4399281d89464b5193d1507181fcf4ae", "position": {"x": 980.0, "y": 0.0}, "channel": 17}, "attempt": 1}
2026-09-12 23:20:12,825 INFO response {"request_id": "4399281d89464b5193d1507181fcf4ae", "http_status": 200, "body": {"accepted": true, "real_timestamp_ms": 1789226409732, "virtual_time_s": 1897.065232, "measure_result": "no_signal"}}
2026-09-12 23:20:12,887 INFO request {"path": "/measure", "payload": {"arena_id": "default", "robot_id": "202601002029", "request_id": "a9281dcda4644db1b85f60f36e42dea2", "position": {"x": 980.0, "y": 0.0}, "channel": 1}, "attempt": 1}
2026-09-12 23:20:12,904 INFO response {"request_id": "a9281dcda4644db1b85f60f36e42dea2", "http_status": 200, "body": {"accepted": true, "real_timestamp_ms": 1789226409811, "virtual_time_s": 1903.065232, "measure_result": "direction", "svd_deg": 133.21}}
2026-09-12 23:20:12,924 INFO request {"path": "/measure", "payload": {"arena_id": "default", "robot_id": "202601002029", "request_id": "f10edeb5f5824954a6f091f7cc274f8f", "position": {"x": 980.0, "y": 0.0}, "channel": 10}, "attempt": 1}
2026-09-12 23:20:12,943 INFO response {"request_id": "f10edeb5f5824954a6f091f7cc274f8f", "http_status": 200, "body": {"accepted": true, "real_timestamp_ms": 1789226409851, "virtual_time_s": 1909.065232, "measure_result": "no_signal"}}
2026-09-12 23:20:12,944 INFO request {"path": "/measure", "payload": {"arena_id": "default", "robot_id": "202601002029", "request_id": "0e09a469e98c4b5aa99c8c7b7350418c", "position": {"x": 980.0, "y": 0.0}, "channel": 11}, "attempt": 1}
2026-09-12 23:20:12,964 INFO response {"request_id": "0e09a469e98c4b5aa99c8c7b7350418c", "http_status": 200, "body": {"accepted": true, "real_timestamp_ms": 1789226409872, "virtual_time_s": 1915.065232, "measure_result": "direction", "svd_deg": 332.56}}
2026-09-12 23:20:13,746 INFO request {"path": "/measure", "payload": {"arena_id": "default", "robot_id": "202601002029", "request_id": "0183931a09984b85bb4024ec45692b6b", "position": {"x": 848.70489570875, "y": 489.99999999999994}, "channel": 3}, "attempt": 1}
2026-09-12 23:20:13,762 INFO response {"request_id": "0183931a09984b85bb4024ec45692b6b", "http_status": 200, "body": {"accepted": true, "real_timestamp_ms": 1789226410670, "virtual_time_s": 2022.522298, "measure_result": "no_signal"}}
2026-09-12 23:20:13,778 INFO request {"path": "/measure", "payload": {"arena_id": "default", "robot_id": "202601002029", "request_id": "5b5c269f9441493d8d3d48ef50615a57", "position": {"x": 848.70489570875, "y": 489.99999999999994}, "channel": 4}, "attempt": 1}
2026-09-12 23:20:13,779 INFO response {"request_id": "5b5c269f9441493d8d3d48ef50615a57", "http_status": 200, "body": {"accepted": true, "real_timestamp_ms": 1789226410686, "virtual_time_s": 2028.522298, "measure_result": "no_signal"}}
2026-09-12 23:20:13,810 INFO request {"path": "/measure", "payload": {"arena_id": "default", "robot_id": "202601002029", "request_id": "c341261117f54a258e5d1ee5293432da", "position": {"x": 848.70489570875, "y": 489.99999999999994}, "channel": 12}, "attempt": 1}
2026-09-12 23:20:13,811 INFO response {"request_id": "c341261117f54a258e5d1ee5293432da", "http_status": 200, "body": {"accepted": true, "real_timestamp_ms": 1789226410719, "virtual_time_s": 2034.522298, "measure_result": "no_signal"}}
2026-09-12 23:20:13,842 INFO request {"path": "/measure", "payload": {"arena_id": "default", "robot_id": "202601002029", "request_id": "57cdf216a884437e8fd8d4342dbf3845", "position": {"x": 848.70489570875, "y": 489.99999999999994}, "channel": 13}, "attempt": 1}
2026-09-12 23:20:13,844 INFO response {"request_id": "57cdf216a884437e8fd8d4342dbf3845", "http_status": 200, "body": {"accepted": true, "real_timestamp_ms": 1789226410751, "virtual_time_s": 2040.522298, "measure_result": "no_signal"}}
2026-09-12 23:20:13,875 INFO request {"path": "/measure", "payload": {"arena_id": "default", "robot_id": "202601002029", "request_id": "f883304ef8444b5faa84a04803e4d4a3", "position": {"x": 848.70489570875, "y": 489.99999999999994}, "channel": 14}, "attempt": 1}
2026-09-12 23:20:13,891 INFO response {"request_id": "f883304ef8444b5faa84a04803e4d4a3", "http_status": 200, "body": {"accepted": true, "real_timestamp_ms": 1789226410799, "virtual_time_s": 2046.522298, "measure_result": "no_signal"}}
2026-09-12 23:20:13,906 INFO request {"path": "/measure", "payload": {"arena_id": "default", "robot_id": "202601002029", "request_id": "74b64c7c62f44deaab3162a78dfbddec", "position": {"x": 848.70489570875, "y": 489.99999999999994}, "channel": 16}, "attempt": 1}
2026-09-12 23:20:13,921 INFO response {"request_id": "74b64c7c62f44deaab3162a78dfbddec", "http_status": 200, "body": {"accepted": true, "real_timestamp_ms": 1789226410829, "virtual_time_s": 2052.522298, "measure_result": "no_signal"}}
2026-09-12 23:20:13,937 INFO request {"path": "/measure", "payload": {"arena_id": "default", "robot_id": "202601002029", "request_id": "29d54c0233794cf7a12531b9f8cfb9df", "position": {"x": 848.70489570875, "y": 489.99999999999994}, "channel": 17}, "attempt": 1}
2026-09-12 23:20:13,938 INFO response {"request_id": "29d54c0233794cf7a12531b9f8cfb9df", "http_status": 200, "body": {"accepted": true, "real_timestamp_ms": 1789226410846, "virtual_time_s": 2058.522298, "measure_result": "no_signal"}}
2026-09-12 23:20:13,970 INFO request {"path": "/measure", "payload": {"arena_id": "default", "robot_id": "202601002029", "request_id": "a60089d3be994cccbe2fc62bc493f89d", "position": {"x": 848.70489570875, "y": 489.99999999999994}, "channel": 19}, "attempt": 1}
2026-09-12 23:20:13,991 INFO response {"request_id": "a60089d3be994cccbe2fc62bc493f89d", "http_status": 200, "body": {"accepted": true, "real_timestamp_ms": 1789226410897, "virtual_time_s": 2064.522298, "measure_result": "no_signal"}}
2026-09-12 23:20:14,077 INFO request {"path": "/measure", "payload": {"arena_id": "default", "robot_id": "202601002029", "request_id": "f9e6890b3a48406682d5f83101b52846", "position": {"x": 848.70489570875, "y": 489.99999999999994}, "channel": 1}, "attempt": 1}
2026-09-12 23:20:14,079 INFO response {"request_id": "f9e6890b3a48406682d5f83101b52846", "http_status": 200, "body": {"accepted": true, "real_timestamp_ms": 1789226410986, "virtual_time_s": 2070.522298, "measure_result": "direction", "svd_deg": 161.38}}
2026-09-12 23:20:14,100 INFO request {"path": "/measure", "payload": {"arena_id": "default", "robot_id": "202601002029", "request_id": "0436cacd79b444809485a70c9afbaac3", "position": {"x": 848.70489570875, "y": 489.99999999999994}, "channel": 10}, "attempt": 1}
2026-09-12 23:20:14,117 INFO response {"request_id": "0436cacd79b444809485a70c9afbaac3", "http_status": 200, "body": {"accepted": true, "real_timestamp_ms": 1789226411024, "virtual_time_s": 2076.522298, "measure_result": "no_signal"}}
2026-09-12 23:20:14,556 INFO request {"path": "/clear", "payload": {"arena_id": "default", "robot_id": "202601002029", "request_id": "692f73fc131a49489f87d798d184e541", "position": {"x": 375.1224691533382, "y": 647.3062746564295}, "channel": 1}, "attempt": 1}
2026-09-12 23:20:14,558 INFO response {"request_id": "692f73fc131a49489f87d798d184e541", "http_status": 200, "body": {"accepted": true, "real_timestamp_ms": 1789226411465, "virtual_time_s": 2181.327223, "clear_result": "success"}}
2026-09-12 23:20:14,585 INFO request {"path": "/measure", "payload": {"arena_id": "default", "robot_id": "202601002029", "request_id": "880b3dc7166d4082a3e0bc1945a82051", "position": {"x": 490.0000000000001, "y": 848.7048957087499}, "channel": 3}, "attempt": 1}
2026-09-12 23:20:14,587 INFO response {"request_id": "880b3dc7166d4082a3e0bc1945a82051", "http_status": 200, "body": {"accepted": true, "real_timestamp_ms": 1789226411494, "virtual_time_s": 2233.698875, "measure_result": "no_signal"}}
2026-09-12 23:20:14,617 INFO request {"path": "/measure", "payload": {"arena_id": "default", "robot_id": "202601002029", "request_id": "7693c83db0eb4bda975f1202f4cbf85e", "position": {"x": 490.0000000000001, "y": 848.7048957087499}, "channel": 4}, "attempt": 1}
2026-09-12 23:20:14,618 INFO response {"request_id": "7693c83db0eb4bda975f1202f4cbf85e", "http_status": 200, "body": {"accepted": true, "real_timestamp_ms": 1789226411526, "virtual_time_s": 2239.698875, "measure_result": "no_signal"}}
2026-09-12 23:20:14,650 INFO request {"path": "/measure", "payload": {"arena_id": "default", "robot_id": "202601002029", "request_id": "ed9713ce96e44bbca1d28a13058e9791", "position": {"x": 490.0000000000001, "y": 848.7048957087499}, "channel": 12}, "attempt": 1}
2026-09-12 23:20:14,652 INFO response {"request_id": "ed9713ce96e44bbca1d28a13058e9791", "http_status": 200, "body": {"accepted": true, "real_timestamp_ms": 1789226411559, "virtual_time_s": 2245.698875, "measure_result": "no_signal"}}
2026-09-12 23:20:14,683 INFO request {"path": "/measure", "payload": {"arena_id": "default", "robot_id": "202601002029", "request_id": "c6ef3d0cd32840f78d1b498bbf7ebf07", "position": {"x": 490.0000000000001, "y": 848.7048957087499}, "channel": 13}, "attempt": 1}
2026-09-12 23:20:14,685 INFO response {"request_id": "c6ef3d0cd32840f78d1b498bbf7ebf07", "http_status": 200, "body": {"accepted": true, "real_timestamp_ms": 1789226411593, "virtual_time_s": 2251.698875, "measure_result": "no_signal"}}
2026-09-12 23:20:14,716 INFO request {"path": "/measure", "payload": {"arena_id": "default", "robot_id": "202601002029", "request_id": "c841ec8cbcab4cfea57fb1fd01720e5c", "position": {"x": 490.0000000000001, "y": 848.7048957087499}, "channel": 14}, "attempt": 1}
2026-09-12 23:20:14,719 INFO response {"request_id": "c841ec8cbcab4cfea57fb1fd01720e5c", "http_status": 200, "body": {"accepted": true, "real_timestamp_ms": 1789226411627, "virtual_time_s": 2257.698875, "measure_result": "no_signal"}}
2026-09-12 23:20:14,750 INFO request {"path": "/measure", "payload": {"arena_id": "default", "robot_id": "202601002029", "request_id": "3054732f63a54a288f42b612df6ffcd7", "position": {"x": 490.0000000000001, "y": 848.7048957087499}, "channel": 16}, "attempt": 1}
2026-09-12 23:20:14,752 INFO response {"request_id": "3054732f63a54a288f42b612df6ffcd7", "http_status": 200, "body": {"accepted": true, "real_timestamp_ms": 1789226411659, "virtual_time_s": 2263.698875, "measure_result": "no_signal"}}
2026-09-12 23:20:14,782 INFO request {"path": "/measure", "payload": {"arena_id": "default", "robot_id": "202601002029", "request_id": "ec15189760914bd58271b1b385d4445c", "position": {"x": 490.0000000000001, "y": 848.7048957087499}, "channel": 17}, "attempt": 1}
2026-09-12 23:20:14,784 INFO response {"request_id": "ec15189760914bd58271b1b385d4445c", "http_status": 200, "body": {"accepted": true, "real_timestamp_ms": 1789226411691, "virtual_time_s": 2269.698875, "measure_result": "no_signal"}}
2026-09-12 23:20:14,815 INFO request {"path": "/measure", "payload": {"arena_id": "default", "robot_id": "202601002029", "request_id": "481487025be84b24a8c1e812f7c879d7", "position": {"x": 490.0000000000001, "y": 848.7048957087499}, "channel": 19}, "attempt": 1}
2026-09-12 23:20:14,816 INFO response {"request_id": "481487025be84b24a8c1e812f7c879d7", "http_status": 200, "body": {"accepted": true, "real_timestamp_ms": 1789226411723, "virtual_time_s": 2275.698875, "measure_result": "no_signal"}}
2026-09-12 23:20:14,867 INFO request {"path": "/measure", "payload": {"arena_id": "default", "robot_id": "202601002029", "request_id": "3ca3fe426e0a4d96989e342195c54c72", "position": {"x": 490.0000000000001, "y": 848.7048957087499}, "channel": 8}, "attempt": 1}
2026-09-12 23:20:14,868 INFO response {"request_id": "3ca3fe426e0a4d96989e342195c54c72", "http_status": 200, "body": {"accepted": true, "real_timestamp_ms": 1789226411776, "virtual_time_s": 2281.698875, "measure_result": "direction", "svd_deg": 320.0}}
2026-09-12 23:20:14,901 INFO request {"path": "/measure", "payload": {"arena_id": "default", "robot_id": "202601002029", "request_id": "a7a67273396d47f2996b854ec1199423", "position": {"x": 490.0000000000001, "y": 848.7048957087499}, "channel": 15}, "attempt": 1}
2026-09-12 23:20:14,903 INFO response {"request_id": "a7a67273396d47f2996b854ec1199423", "http_status": 200, "body": {"accepted": true, "real_timestamp_ms": 1789226411810, "virtual_time_s": 2287.698875, "measure_result": "direction", "svd_deg": 138.89}}
2026-09-12 23:20:15,642 INFO request {"path": "/measure", "payload": {"arena_id": "default", "robot_id": "202601002029", "request_id": "8d5c3bba81f249859e2eb09fd3741938", "position": {"x": 482.8444447608835, "y": 1801.9999999999998}, "channel": 3}, "attempt": 1}
2026-09-12 23:20:15,643 INFO response {"request_id": "8d5c3bba81f249859e2eb09fd3741938", "http_status": 200, "body": {"accepted": true, "real_timestamp_ms": 1789226412551, "virtual_time_s": 2484.363267, "measure_result": "no_signal"}}
2026-09-12 23:20:15,674 INFO request {"path": "/measure", "payload": {"arena_id": "default", "robot_id": "202601002029", "request_id": "48198d48da6f4657a5775ac732c6ed58", "position": {"x": 482.8444447608835, "y": 1801.9999999999998}, "channel": 4}, "attempt": 1}
2026-09-12 23:20:15,676 INFO response {"request_id": "48198d48da6f4657a5775ac732c6ed58", "http_status": 200, "body": {"accepted": true, "real_timestamp_ms": 1789226412583, "virtual_time_s": 2490.363267, "measure_result": "no_signal"}}
2026-09-12 23:20:15,691 INFO request {"path": "/measure", "payload": {"arena_id": "default", "robot_id": "202601002029", "request_id": "542e25d51f004dbe829fc5e17431c36b", "position": {"x": 482.8444447608835, "y": 1801.9999999999998}, "channel": 12}, "attempt": 1}
2026-09-12 23:20:15,702 INFO response {"request_id": "542e25d51f004dbe829fc5e17431c36b", "http_status": 200, "body": {"accepted": true, "real_timestamp_ms": 1789226412609, "virtual_time_s": 2496.363267, "measure_result": "no_signal"}}
2026-09-12 23:20:15,718 INFO request {"path": "/measure", "payload": {"arena_id": "default", "robot_id": "202601002029", "request_id": "f1280340218f4642a16d82b36b698eb2", "position": {"x": 482.8444447608835, "y": 1801.9999999999998}, "channel": 13}, "attempt": 1}
2026-09-12 23:20:15,719 INFO response {"request_id": "f1280340218f4642a16d82b36b698eb2", "http_status": 200, "body": {"accepted": true, "real_timestamp_ms": 1789226412627, "virtual_time_s": 2502.363267, "measure_result": "no_signal"}}
2026-09-12 23:20:15,750 INFO request {"path": "/measure", "payload": {"arena_id": "default", "robot_id": "202601002029", "request_id": "63e96d3641064e09b5f74b60b2d2dba1", "position": {"x": 482.8444447608835, "y": 1801.9999999999998}, "channel": 14}, "attempt": 1}
2026-09-12 23:20:15,769 INFO response {"request_id": "63e96d3641064e09b5f74b60b2d2dba1", "http_status": 200, "body": {"accepted": true, "real_timestamp_ms": 1789226412677, "virtual_time_s": 2508.363267, "measure_result": "no_signal"}}
2026-09-12 23:20:15,769 INFO request {"path": "/measure", "payload": {"arena_id": "default", "robot_id": "202601002029", "request_id": "95695bccba4447f2add80a6a09f53c6a", "position": {"x": 482.8444447608835, "y": 1801.9999999999998}, "channel": 16}, "attempt": 1}
2026-09-12 23:20:15,789 INFO response {"request_id": "95695bccba4447f2add80a6a09f53c6a", "http_status": 200, "body": {"accepted": true, "real_timestamp_ms": 1789226412696, "virtual_time_s": 2514.363267, "measure_result": "no_signal"}}
2026-09-12 23:20:15,803 INFO request {"path": "/measure", "payload": {"arena_id": "default", "robot_id": "202601002029", "request_id": "210b48aacdea42bd9fbe2823ba691e25", "position": {"x": 482.8444447608835, "y": 1801.9999999999998}, "channel": 17}, "attempt": 1}
2026-09-12 23:20:15,818 INFO response {"request_id": "210b48aacdea42bd9fbe2823ba691e25", "http_status": 200, "body": {"accepted": true, "real_timestamp_ms": 1789226412726, "virtual_time_s": 2520.363267, "measure_result": "no_signal"}}
2026-09-12 23:20:15,834 INFO request {"path": "/measure", "payload": {"arena_id": "default", "robot_id": "202601002029", "request_id": "259337242d364149b738ebb50beeae3b", "position": {"x": 482.8444447608835, "y": 1801.9999999999998}, "channel": 19}, "attempt": 1}
2026-09-12 23:20:15,847 INFO response {"request_id": "259337242d364149b738ebb50beeae3b", "http_status": 200, "body": {"accepted": true, "real_timestamp_ms": 1789226412755, "virtual_time_s": 2526.363267, "measure_result": "no_signal"}}
2026-09-12 23:20:15,918 INFO request {"path": "/measure", "payload": {"arena_id": "default", "robot_id": "202601002029", "request_id": "8bbea47c0a0745bc8726a9349d33f4ab", "position": {"x": 482.8444447608835, "y": 1801.9999999999998}, "channel": 15}, "attempt": 1}
2026-09-12 23:20:15,920 INFO response {"request_id": "8bbea47c0a0745bc8726a9349d33f4ab", "http_status": 200, "body": {"accepted": true, "real_timestamp_ms": 1789226412826, "virtual_time_s": 2532.363267, "measure_result": "direction", "svd_deg": 202.49}}
2026-09-12 23:20:15,953 INFO request {"path": "/measure", "payload": {"arena_id": "default", "robot_id": "202601002029", "request_id": "c4a08f6c657548a68d900b1af2bc00fd", "position": {"x": 482.8444447608835, "y": 1801.9999999999998}, "channel": 10}, "attempt": 1}
2026-09-12 23:20:15,967 INFO response {"request_id": "c4a08f6c657548a68d900b1af2bc00fd", "http_status": 200, "body": {"accepted": true, "real_timestamp_ms": 1789226412874, "virtual_time_s": 2538.363267, "measure_result": "direction", "svd_deg": 281.61}}
2026-09-12 23:20:15,973 INFO request {"path": "/measure", "payload": {"arena_id": "default", "robot_id": "202601002029", "request_id": "963df81ac34340b6880a6223d0c7f17a", "position": {"x": 482.8444447608835, "y": 1801.9999999999998}, "channel": 8}, "attempt": 1}
2026-09-12 23:20:15,974 INFO response {"request_id": "963df81ac34340b6880a6223d0c7f17a", "http_status": 200, "body": {"accepted": true, "real_timestamp_ms": 1789226412882, "virtual_time_s": 2544.363267, "measure_result": "direction", "svd_deg": 282.85}}
2026-09-12 23:20:16,368 INFO request {"path": "/clear", "payload": {"arena_id": "default", "robot_id": "202601002029", "request_id": "fbbfe68ea3a24ed49cd3e50f59cfbfbc", "position": {"x": -250.71259216475397, "y": 1498.505994685305}, "channel": 15}, "attempt": 1}
2026-09-12 23:20:16,370 INFO response {"request_id": "fbbfe68ea3a24ed49cd3e50f59cfbfbc", "http_status": 200, "body": {"accepted": true, "real_timestamp_ms": 1789226413277, "virtual_time_s": 2708.135373, "clear_result": "success"}}
2026-09-12 23:20:16,424 INFO request {"path": "/measure", "payload": {"arena_id": "default", "robot_id": "202601002029", "request_id": "3777fd28aee0494285000596daf208df", "position": {"x": -482.8444447608829, "y": 1802.0}, "channel": 3}, "attempt": 1}
2026-09-12 23:20:16,440 INFO response {"request_id": "3777fd28aee0494285000596daf208df", "http_status": 200, "body": {"accepted": true, "real_timestamp_ms": 1789226413347, "virtual_time_s": 2790.553645, "measure_result": "no_signal"}}
2026-09-12 23:20:16,455 INFO request {"path": "/measure", "payload": {"arena_id": "default", "robot_id": "202601002029", "request_id": "a6df6c3639814d299c0779e14747562c", "position": {"x": -482.8444447608829, "y": 1802.0}, "channel": 4}, "attempt": 1}
2026-09-12 23:20:16,456 INFO response {"request_id": "a6df6c3639814d299c0779e14747562c", "http_status": 200, "body": {"accepted": true, "real_timestamp_ms": 1789226413364, "virtual_time_s": 2796.553645, "measure_result": "no_signal"}}
2026-09-12 23:20:16,487 INFO request {"path": "/measure", "payload": {"arena_id": "default", "robot_id": "202601002029", "request_id": "0f6c30269d4b4705beb58a3674f61ae3", "position": {"x": -482.8444447608829, "y": 1802.0}, "channel": 12}, "attempt": 1}
2026-09-12 23:20:16,489 INFO response {"request_id": "0f6c30269d4b4705beb58a3674f61ae3", "http_status": 200, "body": {"accepted": true, "real_timestamp_ms": 1789226413396, "virtual_time_s": 2802.553645, "measure_result": "no_signal"}}
2026-09-12 23:20:16,503 INFO request {"path": "/measure", "payload": {"arena_id": "default", "robot_id": "202601002029", "request_id": "b6ed2cd6cca94b9a8c57cf3736a2e688", "position": {"x": -482.8444447608829, "y": 1802.0}, "channel": 13}, "attempt": 1}
2026-09-12 23:20:16,519 INFO response {"request_id": "b6ed2cd6cca94b9a8c57cf3736a2e688", "http_status": 200, "body": {"accepted": true, "real_timestamp_ms": 1789226413426, "virtual_time_s": 2808.553645, "measure_result": "no_signal"}}
2026-09-12 23:20:16,519 INFO request {"path": "/measure", "payload": {"arena_id": "default", "robot_id": "202601002029", "request_id": "dc6db29faf384d49a0e5e7f8f5ab419f", "position": {"x": -482.8444447608829, "y": 1802.0}, "channel": 14}, "attempt": 1}
2026-09-12 23:20:16,540 INFO response {"request_id": "dc6db29faf384d49a0e5e7f8f5ab419f", "http_status": 200, "body": {"accepted": true, "real_timestamp_ms": 1789226413448, "virtual_time_s": 2814.553645, "measure_result": "no_signal"}}
2026-09-12 23:20:16,555 INFO request {"path": "/measure", "payload": {"arena_id": "default", "robot_id": "202601002029", "request_id": "3457b08a4819413ea5eb1b2dc3505bd1", "position": {"x": -482.8444447608829, "y": 1802.0}, "channel": 16}, "attempt": 1}
2026-09-12 23:20:16,569 INFO response {"request_id": "3457b08a4819413ea5eb1b2dc3505bd1", "http_status": 200, "body": {"accepted": true, "real_timestamp_ms": 1789226413477, "virtual_time_s": 2820.553645, "measure_result": "no_signal"}}
2026-09-12 23:20:16,585 INFO request {"path": "/measure", "payload": {"arena_id": "default", "robot_id": "202601002029", "request_id": "11b08982865c451fa5f9b9190fce4ad2", "position": {"x": -482.8444447608829, "y": 1802.0}, "channel": 17}, "attempt": 1}
2026-09-12 23:20:16,599 INFO response {"request_id": "11b08982865c451fa5f9b9190fce4ad2", "http_status": 200, "body": {"accepted": true, "real_timestamp_ms": 1789226413506, "virtual_time_s": 2826.553645, "measure_result": "direction", "svd_deg": 218.0}}
2026-09-12 23:20:16,619 INFO request {"path": "/measure", "payload": {"arena_id": "default", "robot_id": "202601002029", "request_id": "74f4ed9f89694a359ceaf772351f4f28", "position": {"x": -482.8444447608829, "y": 1802.0}, "channel": 19}, "attempt": 1}
2026-09-12 23:20:16,639 INFO response {"request_id": "74f4ed9f89694a359ceaf772351f4f28", "http_status": 200, "body": {"accepted": true, "real_timestamp_ms": 1789226413546, "virtual_time_s": 2832.553645, "measure_result": "no_signal"}}
2026-09-12 23:20:16,698 INFO request {"path": "/measure", "payload": {"arena_id": "default", "robot_id": "202601002029", "request_id": "5ea822e3057a4b57a9565c40c933c169", "position": {"x": -482.8444447608829, "y": 1802.0}, "channel": 2}, "attempt": 1}
2026-09-12 23:20:16,700 INFO response {"request_id": "5ea822e3057a4b57a9565c40c933c169", "http_status": 200, "body": {"accepted": true, "real_timestamp_ms": 1789226413607, "virtual_time_s": 2838.553645, "measure_result": "direction", "svd_deg": 222.94}}
2026-09-12 23:20:16,723 INFO request {"path": "/measure", "payload": {"arena_id": "default", "robot_id": "202601002029", "request_id": "124117866ae149daa46ce91b5c940cd9", "position": {"x": -482.8444447608829, "y": 1802.0}, "channel": 18}, "attempt": 1}
2026-09-12 23:20:16,737 INFO response {"request_id": "124117866ae149daa46ce91b5c940cd9", "http_status": 200, "body": {"accepted": true, "real_timestamp_ms": 1789226413643, "virtual_time_s": 2844.553645, "measure_result": "direction", "svd_deg": 273.91}}
2026-09-12 23:20:16,987 INFO request {"path": "/clear", "payload": {"arena_id": "default", "robot_id": "202601002029", "request_id": "9dca6c1ec40941b1a397a8e089bd9e40", "position": {"x": -754.1036621491241, "y": 1552.1997110792254}, "channel": 2}, "attempt": 1}
2026-09-12 23:20:17,003 INFO response {"request_id": "9dca6c1ec40941b1a397a8e089bd9e40", "http_status": 200, "body": {"accepted": true, "real_timestamp_ms": 1789226413910, "virtual_time_s": 2923.305051, "clear_result": "success"}}
2026-09-12 23:20:17,041 INFO request {"path": "/measure", "payload": {"arena_id": "default", "robot_id": "202601002029", "request_id": "aae1dc493cd343edb85a156532ca55f7", "position": {"x": -1319.1555552391167, "y": 1319.155555239117}, "channel": 3}, "attempt": 1}
2026-09-12 23:20:17,062 INFO response {"request_id": "aae1dc493cd343edb85a156532ca55f7", "http_status": 200, "body": {"accepted": true, "real_timestamp_ms": 1789226413969, "virtual_time_s": 3051.549596, "measure_result": "no_signal"}}
2026-09-12 23:20:17,076 INFO request {"path": "/measure", "payload": {"arena_id": "default", "robot_id": "202601002029", "request_id": "0df242ceb7694a93863105cc0d92b601", "position": {"x": -1319.1555552391167, "y": 1319.155555239117}, "channel": 4}, "attempt": 1}
2026-09-12 23:20:17,078 INFO response {"request_id": "0df242ceb7694a93863105cc0d92b601", "http_status": 200, "body": {"accepted": true, "real_timestamp_ms": 1789226413985, "virtual_time_s": 3057.549596, "measure_result": "no_signal"}}
2026-09-12 23:20:17,109 INFO request {"path": "/measure", "payload": {"arena_id": "default", "robot_id": "202601002029", "request_id": "3c69f3f502714a9b8c6a8c978eb6485a", "position": {"x": -1319.1555552391167, "y": 1319.155555239117}, "channel": 12}, "attempt": 1}
2026-09-12 23:20:17,111 INFO response {"request_id": "3c69f3f502714a9b8c6a8c978eb6485a", "http_status": 200, "body": {"accepted": true, "real_timestamp_ms": 1789226414018, "virtual_time_s": 3063.549596, "measure_result": "no_signal"}}
2026-09-12 23:20:17,141 INFO request {"path": "/measure", "payload": {"arena_id": "default", "robot_id": "202601002029", "request_id": "efe4d5da03f04dd09840f6570abccc40", "position": {"x": -1319.1555552391167, "y": 1319.155555239117}, "channel": 13}, "attempt": 1}
2026-09-12 23:20:17,159 INFO response {"request_id": "efe4d5da03f04dd09840f6570abccc40", "http_status": 200, "body": {"accepted": true, "real_timestamp_ms": 1789226414067, "virtual_time_s": 3069.549596, "measure_result": "no_signal"}}
2026-09-12 23:20:17,160 INFO request {"path": "/measure", "payload": {"arena_id": "default", "robot_id": "202601002029", "request_id": "5937767e2a094d4aa393d88030d71c40", "position": {"x": -1319.1555552391167, "y": 1319.155555239117}, "channel": 14}, "attempt": 1}
2026-09-12 23:20:17,179 INFO response {"request_id": "5937767e2a094d4aa393d88030d71c40", "http_status": 200, "body": {"accepted": true, "real_timestamp_ms": 1789226414087, "virtual_time_s": 3075.549596, "measure_result": "no_signal"}}
2026-09-12 23:20:17,195 INFO request {"path": "/measure", "payload": {"arena_id": "default", "robot_id": "202601002029", "request_id": "f8ac5999b68148acb3796f37d45c5f18", "position": {"x": -1319.1555552391167, "y": 1319.155555239117}, "channel": 16}, "attempt": 1}
2026-09-12 23:20:17,210 INFO response {"request_id": "f8ac5999b68148acb3796f37d45c5f18", "http_status": 200, "body": {"accepted": true, "real_timestamp_ms": 1789226414117, "virtual_time_s": 3081.549596, "measure_result": "no_signal"}}
2026-09-12 23:20:17,225 INFO request {"path": "/measure", "payload": {"arena_id": "default", "robot_id": "202601002029", "request_id": "a9c83b9810ed4082ac2d800e9285f53d", "position": {"x": -1319.1555552391167, "y": 1319.155555239117}, "channel": 19}, "attempt": 1}
2026-09-12 23:20:17,238 INFO response {"request_id": "a9c83b9810ed4082ac2d800e9285f53d", "http_status": 200, "body": {"accepted": true, "real_timestamp_ms": 1789226414146, "virtual_time_s": 3087.549596, "measure_result": "no_signal"}}
2026-09-12 23:20:17,277 INFO request {"path": "/measure", "payload": {"arena_id": "default", "robot_id": "202601002029", "request_id": "9433413aa2ce49e38137db8a9b4bdc20", "position": {"x": -1319.1555552391167, "y": 1319.155555239117}, "channel": 18}, "attempt": 1}
2026-09-12 23:20:17,278 INFO response {"request_id": "9433413aa2ce49e38137db8a9b4bdc20", "http_status": 200, "body": {"accepted": true, "real_timestamp_ms": 1789226414186, "virtual_time_s": 3093.549596, "measure_result": "direction", "svd_deg": 23.57}}
2026-09-12 23:20:17,313 INFO request {"path": "/measure", "payload": {"arena_id": "default", "robot_id": "202601002029", "request_id": "94091873461a407e801eff1ed3162fca", "position": {"x": -1319.1555552391167, "y": 1319.155555239117}, "channel": 20}, "attempt": 1}
2026-09-12 23:20:17,316 INFO response {"request_id": "94091873461a407e801eff1ed3162fca", "http_status": 200, "body": {"accepted": true, "real_timestamp_ms": 1789226414223, "virtual_time_s": 3099.549596, "measure_result": "direction", "svd_deg": 270.55}}
2026-09-12 23:20:17,339 INFO request {"path": "/measure", "payload": {"arena_id": "default", "robot_id": "202601002029", "request_id": "447a6704d5c545e1b19dda70c8c66cdc", "position": {"x": -1319.1555552391167, "y": 1319.155555239117}, "channel": 17}, "attempt": 1}
2026-09-12 23:20:17,356 INFO response {"request_id": "447a6704d5c545e1b19dda70c8c66cdc", "http_status": 200, "body": {"accepted": true, "real_timestamp_ms": 1789226414263, "virtual_time_s": 3105.549596, "measure_result": "direction", "svd_deg": 255.99}}
2026-09-12 23:20:17,774 INFO request {"path": "/measure", "payload": {"arena_id": "default", "robot_id": "202601002029", "request_id": "80a2e955b29b4146b77aa4963501c5aa", "position": {"x": -1801.9999999999998, "y": 482.84444476088356}, "channel": 3}, "attempt": 1}
2026-09-12 23:20:17,776 INFO response {"request_id": "80a2e955b29b4146b77aa4963501c5aa", "http_status": 200, "body": {"accepted": true, "real_timestamp_ms": 1789226414683, "virtual_time_s": 3304.687374, "measure_result": "no_signal"}}
2026-09-12 23:20:17,806 INFO request {"path": "/measure", "payload": {"arena_id": "default", "robot_id": "202601002029", "request_id": "3db5600e840942c3ab7dc57bb71a70fe", "position": {"x": -1801.9999999999998, "y": 482.84444476088356}, "channel": 4}, "attempt": 1}
2026-09-12 23:20:17,822 INFO response {"request_id": "3db5600e840942c3ab7dc57bb71a70fe", "http_status": 200, "body": {"accepted": true, "real_timestamp_ms": 1789226414729, "virtual_time_s": 3310.687374, "measure_result": "no_signal"}}
2026-09-12 23:20:17,837 INFO request {"path": "/measure", "payload": {"arena_id": "default", "robot_id": "202601002029", "request_id": "1c50136bd78e4bcdb74653eec095ff4a", "position": {"x": -1801.9999999999998, "y": 482.84444476088356}, "channel": 12}, "attempt": 1}
2026-09-12 23:20:17,852 INFO response {"request_id": "1c50136bd78e4bcdb74653eec095ff4a", "http_status": 200, "body": {"accepted": true, "real_timestamp_ms": 1789226414759, "virtual_time_s": 3316.687374, "measure_result": "no_signal"}}
2026-09-12 23:20:17,867 INFO request {"path": "/measure", "payload": {"arena_id": "default", "robot_id": "202601002029", "request_id": "f78cdb6449184183b95a7d8299e3f223", "position": {"x": -1801.9999999999998, "y": 482.84444476088356}, "channel": 13}, "attempt": 1}
2026-09-12 23:20:17,882 INFO response {"request_id": "f78cdb6449184183b95a7d8299e3f223", "http_status": 200, "body": {"accepted": true, "real_timestamp_ms": 1789226414789, "virtual_time_s": 3322.687374, "measure_result": "no_signal"}}
2026-09-12 23:20:17,897 INFO request {"path": "/measure", "payload": {"arena_id": "default", "robot_id": "202601002029", "request_id": "18e763c1168b4995ac30d77d68c3a4d1", "position": {"x": -1801.9999999999998, "y": 482.84444476088356}, "channel": 14}, "attempt": 1}
2026-09-12 23:20:17,911 INFO response {"request_id": "18e763c1168b4995ac30d77d68c3a4d1", "http_status": 200, "body": {"accepted": true, "real_timestamp_ms": 1789226414818, "virtual_time_s": 3328.687374, "measure_result": "no_signal"}}
2026-09-12 23:20:17,926 INFO request {"path": "/measure", "payload": {"arena_id": "default", "robot_id": "202601002029", "request_id": "e5a3e4a5501c4a4a80f7912279f1228e", "position": {"x": -1801.9999999999998, "y": 482.84444476088356}, "channel": 16}, "attempt": 1}
2026-09-12 23:20:17,928 INFO response {"request_id": "e5a3e4a5501c4a4a80f7912279f1228e", "http_status": 200, "body": {"accepted": true, "real_timestamp_ms": 1789226414835, "virtual_time_s": 3334.687374, "measure_result": "no_signal"}}
2026-09-12 23:20:17,959 INFO request {"path": "/measure", "payload": {"arena_id": "default", "robot_id": "202601002029", "request_id": "156663c0e72b4ccabd256a2b6b4cd61d", "position": {"x": -1801.9999999999998, "y": 482.84444476088356}, "channel": 19}, "attempt": 1}
2026-09-12 23:20:17,961 INFO response {"request_id": "156663c0e72b4ccabd256a2b6b4cd61d", "http_status": 200, "body": {"accepted": true, "real_timestamp_ms": 1789226414869, "virtual_time_s": 3340.687374, "measure_result": "no_signal"}}
2026-09-12 23:20:18,364 INFO request {"path": "/measure", "payload": {"arena_id": "default", "robot_id": "202601002029", "request_id": "a7c7e631f1e94836b1c48d82a132c818", "position": {"x": -1802.0000000000002, "y": -482.84444476088237}, "channel": 19}, "attempt": 1}
2026-09-12 23:20:18,366 INFO response {"request_id": "a7c7e631f1e94836b1c48d82a132c818", "http_status": 200, "body": {"accepted": true, "real_timestamp_ms": 1789226415273, "virtual_time_s": 3538.825152, "measure_result": "no_signal"}}
2026-09-12 23:20:18,397 INFO request {"path": "/measure", "payload": {"arena_id": "default", "robot_id": "202601002029", "request_id": "c77071bff7aa4ad9adcb34aa627fdca6", "position": {"x": -1802.0000000000002, "y": -482.84444476088237}, "channel": 3}, "attempt": 1}
2026-09-12 23:20:18,415 INFO response {"request_id": "c77071bff7aa4ad9adcb34aa627fdca6", "http_status": 200, "body": {"accepted": true, "real_timestamp_ms": 1789226415322, "virtual_time_s": 3544.825152, "measure_result": "no_signal"}}
2026-09-12 23:20:18,430 INFO request {"path": "/measure", "payload": {"arena_id": "default", "robot_id": "202601002029", "request_id": "07a6740e2b614932956102b48e8f809b", "position": {"x": -1802.0000000000002, "y": -482.84444476088237}, "channel": 4}, "attempt": 1}
2026-09-12 23:20:18,444 INFO response {"request_id": "07a6740e2b614932956102b48e8f809b", "http_status": 200, "body": {"accepted": true, "real_timestamp_ms": 1789226415352, "virtual_time_s": 3550.825152, "measure_result": "no_signal"}}
2026-09-12 23:20:18,460 INFO request {"path": "/measure", "payload": {"arena_id": "default", "robot_id": "202601002029", "request_id": "d2ab7640395d4a03ae7be7d856c37bf3", "position": {"x": -1802.0000000000002, "y": -482.84444476088237}, "channel": 12}, "attempt": 1}
2026-09-12 23:20:18,462 INFO response {"request_id": "d2ab7640395d4a03ae7be7d856c37bf3", "http_status": 200, "body": {"accepted": true, "real_timestamp_ms": 1789226415369, "virtual_time_s": 3556.825152, "measure_result": "no_signal"}}
2026-09-12 23:20:18,493 INFO request {"path": "/measure", "payload": {"arena_id": "default", "robot_id": "202601002029", "request_id": "b05347907de040499714ed5d2f2bce42", "position": {"x": -1802.0000000000002, "y": -482.84444476088237}, "channel": 13}, "attempt": 1}
2026-09-12 23:20:18,495 INFO response {"request_id": "b05347907de040499714ed5d2f2bce42", "http_status": 200, "body": {"accepted": true, "real_timestamp_ms": 1789226415402, "virtual_time_s": 3562.825152, "measure_result": "no_signal"}}
2026-09-12 23:20:18,526 INFO request {"path": "/measure", "payload": {"arena_id": "default", "robot_id": "202601002029", "request_id": "dc4706f516a94d23954096ebe7514d27", "position": {"x": -1802.0000000000002, "y": -482.84444476088237}, "channel": 14}, "attempt": 1}
2026-09-12 23:20:18,542 INFO response {"request_id": "dc4706f516a94d23954096ebe7514d27", "http_status": 200, "body": {"accepted": true, "real_timestamp_ms": 1789226415449, "virtual_time_s": 3568.825152, "measure_result": "no_signal"}}
2026-09-12 23:20:18,557 INFO request {"path": "/measure", "payload": {"arena_id": "default", "robot_id": "202601002029", "request_id": "4e0a2e6789484d008021938e73905edb", "position": {"x": -1802.0000000000002, "y": -482.84444476088237}, "channel": 16}, "attempt": 1}
2026-09-12 23:20:18,571 INFO response {"request_id": "4e0a2e6789484d008021938e73905edb", "http_status": 200, "body": {"accepted": true, "real_timestamp_ms": 1789226415479, "virtual_time_s": 3574.825152, "measure_result": "no_signal"}}
2026-09-12 23:20:18,876 INFO request {"path": "/measure", "payload": {"arena_id": "default", "robot_id": "202601002029", "request_id": "2780ce055ea44066b7d7b3faa30ce140", "position": {"x": -1319.1555552391176, "y": -1319.1555552391162}, "channel": 16}, "attempt": 1}
2026-09-12 23:20:18,890 INFO response {"request_id": "2780ce055ea44066b7d7b3faa30ce140", "http_status": 200, "body": {"accepted": true, "real_timestamp_ms": 1789226415797, "virtual_time_s": 3772.96293, "measure_result": "no_signal"}}
2026-09-12 23:20:18,904 INFO request {"path": "/measure", "payload": {"arena_id": "default", "robot_id": "202601002029", "request_id": "71f9843462b44d588e11349d5a22d4f1", "position": {"x": -1319.1555552391176, "y": -1319.1555552391162}, "channel": 3}, "attempt": 1}
2026-09-12 23:20:18,920 INFO response {"request_id": "71f9843462b44d588e11349d5a22d4f1", "http_status": 200, "body": {"accepted": true, "real_timestamp_ms": 1789226415827, "virtual_time_s": 3778.96293, "measure_result": "no_signal"}}
2026-09-12 23:20:18,935 INFO request {"path": "/measure", "payload": {"arena_id": "default", "robot_id": "202601002029", "request_id": "40852d2a599249679bbeb31ad920d722", "position": {"x": -1319.1555552391176, "y": -1319.1555552391162}, "channel": 4}, "attempt": 1}
2026-09-12 23:20:18,937 INFO response {"request_id": "40852d2a599249679bbeb31ad920d722", "http_status": 200, "body": {"accepted": true, "real_timestamp_ms": 1789226415844, "virtual_time_s": 3784.96293, "measure_result": "no_signal"}}
2026-09-12 23:20:18,968 INFO request {"path": "/measure", "payload": {"arena_id": "default", "robot_id": "202601002029", "request_id": "dfdeb4e756fa454abc86c10e67e76cf2", "position": {"x": -1319.1555552391176, "y": -1319.1555552391162}, "channel": 12}, "attempt": 1}
2026-09-12 23:20:18,970 INFO response {"request_id": "dfdeb4e756fa454abc86c10e67e76cf2", "http_status": 200, "body": {"accepted": true, "real_timestamp_ms": 1789226415877, "virtual_time_s": 3790.96293, "measure_result": "no_signal"}}
2026-09-12 23:20:19,000 INFO request {"path": "/measure", "payload": {"arena_id": "default", "robot_id": "202601002029", "request_id": "a4d09ab102f34715a8a8715420aaa661", "position": {"x": -1319.1555552391176, "y": -1319.1555552391162}, "channel": 13}, "attempt": 1}
2026-09-12 23:20:19,002 INFO response {"request_id": "a4d09ab102f34715a8a8715420aaa661", "http_status": 200, "body": {"accepted": true, "real_timestamp_ms": 1789226415909, "virtual_time_s": 3796.96293, "measure_result": "no_signal"}}
2026-09-12 23:20:19,033 INFO request {"path": "/measure", "payload": {"arena_id": "default", "robot_id": "202601002029", "request_id": "63a663440c2345a4b333d0171da45caa", "position": {"x": -1319.1555552391176, "y": -1319.1555552391162}, "channel": 14}, "attempt": 1}
2026-09-12 23:20:19,036 INFO response {"request_id": "63a663440c2345a4b333d0171da45caa", "http_status": 200, "body": {"accepted": true, "real_timestamp_ms": 1789226415942, "virtual_time_s": 3802.96293, "measure_result": "no_signal"}}
2026-09-12 23:20:19,051 INFO request {"path": "/measure", "payload": {"arena_id": "default", "robot_id": "202601002029", "request_id": "8fd9c3c05f9f43aa98fb27b82fd5a70b", "position": {"x": -1319.1555552391176, "y": -1319.1555552391162}, "channel": 19}, "attempt": 1}
2026-09-12 23:20:19,053 INFO response {"request_id": "8fd9c3c05f9f43aa98fb27b82fd5a70b", "http_status": 200, "body": {"accepted": true, "real_timestamp_ms": 1789226415960, "virtual_time_s": 3808.96293, "measure_result": "no_signal"}}
2026-09-12 23:20:19,380 INFO request {"path": "/measure", "payload": {"arena_id": "default", "robot_id": "202601002029", "request_id": "f58507bae9804a09a40aeb8c98c5a0d7", "position": {"x": -482.8444447608845, "y": -1801.9999999999995}, "channel": 19}, "attempt": 1}
2026-09-12 23:20:19,392 INFO response {"request_id": "f58507bae9804a09a40aeb8c98c5a0d7", "http_status": 200, "body": {"accepted": true, "real_timestamp_ms": 1789226416299, "virtual_time_s": 4007.100708, "measure_result": "no_signal"}}
2026-09-12 23:20:19,422 INFO request {"path": "/measure", "payload": {"arena_id": "default", "robot_id": "202601002029", "request_id": "71262ec566f1416b9db81262cb45cfcf", "position": {"x": -482.8444447608845, "y": -1801.9999999999995}, "channel": 3}, "attempt": 1}
2026-09-12 23:20:19,441 INFO response {"request_id": "71262ec566f1416b9db81262cb45cfcf", "http_status": 200, "body": {"accepted": true, "real_timestamp_ms": 1789226416349, "virtual_time_s": 4013.100708, "measure_result": "no_signal"}}
2026-09-12 23:20:19,441 INFO request {"path": "/measure", "payload": {"arena_id": "default", "robot_id": "202601002029", "request_id": "7b162eae8c324f659825c80cfc8d7552", "position": {"x": -482.8444447608845, "y": -1801.9999999999995}, "channel": 4}, "attempt": 1}
2026-09-12 23:20:19,461 INFO response {"request_id": "7b162eae8c324f659825c80cfc8d7552", "http_status": 200, "body": {"accepted": true, "real_timestamp_ms": 1789226416368, "virtual_time_s": 4019.100708, "measure_result": "no_signal"}}
2026-09-12 23:20:19,475 INFO request {"path": "/measure", "payload": {"arena_id": "default", "robot_id": "202601002029", "request_id": "4b23905817e04ecdac44ce4c4baf6034", "position": {"x": -482.8444447608845, "y": -1801.9999999999995}, "channel": 12}, "attempt": 1}
2026-09-12 23:20:19,490 INFO response {"request_id": "4b23905817e04ecdac44ce4c4baf6034", "http_status": 200, "body": {"accepted": true, "real_timestamp_ms": 1789226416398, "virtual_time_s": 4025.100708, "measure_result": "no_signal"}}
2026-09-12 23:20:19,505 INFO request {"path": "/measure", "payload": {"arena_id": "default", "robot_id": "202601002029", "request_id": "e516b7910635453da52d599a6f527fb6", "position": {"x": -482.8444447608845, "y": -1801.9999999999995}, "channel": 13}, "attempt": 1}
2026-09-12 23:20:19,507 INFO response {"request_id": "e516b7910635453da52d599a6f527fb6", "http_status": 200, "body": {"accepted": true, "real_timestamp_ms": 1789226416414, "virtual_time_s": 4031.100708, "measure_result": "no_signal"}}
2026-09-12 23:20:19,537 INFO request {"path": "/measure", "payload": {"arena_id": "default", "robot_id": "202601002029", "request_id": "9ca4b9e88b324f678c4b6e037e140dfe", "position": {"x": -482.8444447608845, "y": -1801.9999999999995}, "channel": 14}, "attempt": 1}
2026-09-12 23:20:19,538 INFO response {"request_id": "9ca4b9e88b324f678c4b6e037e140dfe", "http_status": 200, "body": {"accepted": true, "real_timestamp_ms": 1789226416446, "virtual_time_s": 4037.100708, "measure_result": "no_signal"}}
2026-09-12 23:20:19,569 INFO request {"path": "/measure", "payload": {"arena_id": "default", "robot_id": "202601002029", "request_id": "006f996aadce4d2c9b6f88eeb5b3ff86", "position": {"x": -482.8444447608845, "y": -1801.9999999999995}, "channel": 16}, "attempt": 1}
2026-09-12 23:20:19,571 INFO response {"request_id": "006f996aadce4d2c9b6f88eeb5b3ff86", "http_status": 200, "body": {"accepted": true, "real_timestamp_ms": 1789226416478, "virtual_time_s": 4043.100708, "measure_result": "no_signal"}}
2026-09-12 23:20:19,771 INFO request {"path": "/measure", "payload": {"arena_id": "default", "robot_id": "202601002029", "request_id": "f9df8656c40d4d9fbfcc5bbfbf267d8d", "position": {"x": 482.84444476088225, "y": -1802.0000000000002}, "channel": 16}, "attempt": 1}
2026-09-12 23:20:19,772 INFO response {"request_id": "f9df8656c40d4d9fbfcc5bbfbf267d8d", "http_status": 200, "body": {"accepted": true, "real_timestamp_ms": 1789226416680, "virtual_time_s": 4241.238486, "measure_result": "no_signal"}}
2026-09-12 23:20:19,803 INFO request {"path": "/measure", "payload": {"arena_id": "default", "robot_id": "202601002029", "request_id": "6cda1ff47ae340c2959b823c394c81de", "position": {"x": 482.84444476088225, "y": -1802.0000000000002}, "channel": 3}, "attempt": 1}
2026-09-12 23:20:19,818 INFO response {"request_id": "6cda1ff47ae340c2959b823c394c81de", "http_status": 200, "body": {"accepted": true, "real_timestamp_ms": 1789226416724, "virtual_time_s": 4247.238486, "measure_result": "no_signal"}}
2026-09-12 23:20:19,834 INFO request {"path": "/measure", "payload": {"arena_id": "default", "robot_id": "202601002029", "request_id": "bf4e3aac77e0400aa9c1bf00222552cf", "position": {"x": 482.84444476088225, "y": -1802.0000000000002}, "channel": 4}, "attempt": 1}
2026-09-12 23:20:19,837 INFO response {"request_id": "bf4e3aac77e0400aa9c1bf00222552cf", "http_status": 200, "body": {"accepted": true, "real_timestamp_ms": 1789226416744, "virtual_time_s": 4253.238486, "measure_result": "no_signal"}}
2026-09-12 23:20:19,869 INFO request {"path": "/measure", "payload": {"arena_id": "default", "robot_id": "202601002029", "request_id": "456cb829d84548db8a91c48e4f23dbb5", "position": {"x": 482.84444476088225, "y": -1802.0000000000002}, "channel": 12}, "attempt": 1}
2026-09-12 23:20:19,871 INFO response {"request_id": "456cb829d84548db8a91c48e4f23dbb5", "http_status": 200, "body": {"accepted": true, "real_timestamp_ms": 1789226416778, "virtual_time_s": 4259.238486, "measure_result": "no_signal"}}
2026-09-12 23:20:19,902 INFO request {"path": "/measure", "payload": {"arena_id": "default", "robot_id": "202601002029", "request_id": "b66969a0e47843deb622d02bf95780d5", "position": {"x": 482.84444476088225, "y": -1802.0000000000002}, "channel": 13}, "attempt": 1}
2026-09-12 23:20:19,904 INFO response {"request_id": "b66969a0e47843deb622d02bf95780d5", "http_status": 200, "body": {"accepted": true, "real_timestamp_ms": 1789226416811, "virtual_time_s": 4265.238486, "measure_result": "no_signal"}}
2026-09-12 23:20:19,935 INFO request {"path": "/measure", "payload": {"arena_id": "default", "robot_id": "202601002029", "request_id": "0dc534324b2949daaae4c51f0bdaa6b0", "position": {"x": 482.84444476088225, "y": -1802.0000000000002}, "channel": 14}, "attempt": 1}
2026-09-12 23:20:19,954 INFO response {"request_id": "0dc534324b2949daaae4c51f0bdaa6b0", "http_status": 200, "body": {"accepted": true, "real_timestamp_ms": 1789226416860, "virtual_time_s": 4271.238486, "measure_result": "no_signal"}}
2026-09-12 23:20:19,970 INFO request {"path": "/measure", "payload": {"arena_id": "default", "robot_id": "202601002029", "request_id": "53d94a75fca14585ae944bdde5547699", "position": {"x": 482.84444476088225, "y": -1802.0000000000002}, "channel": 19}, "attempt": 1}
2026-09-12 23:20:19,983 INFO response {"request_id": "53d94a75fca14585ae944bdde5547699", "http_status": 200, "body": {"accepted": true, "real_timestamp_ms": 1789226416889, "virtual_time_s": 4277.238486, "measure_result": "no_signal"}}
2026-09-12 23:20:20,181 INFO request {"path": "/measure", "payload": {"arena_id": "default", "robot_id": "202601002029", "request_id": "5d6a475c68534d62a9c5a679d1483288", "position": {"x": 1319.1555552391164, "y": -1319.1555552391171}, "channel": 19}, "attempt": 1}
2026-09-12 23:20:20,182 INFO response {"request_id": "5d6a475c68534d62a9c5a679d1483288", "http_status": 200, "body": {"accepted": true, "real_timestamp_ms": 1789226417090, "virtual_time_s": 4475.376264, "measure_result": "no_signal"}}
2026-09-12 23:20:20,213 INFO request {"path": "/measure", "payload": {"arena_id": "default", "robot_id": "202601002029", "request_id": "c09486ed54c040269a560adcdac40c71", "position": {"x": 1319.1555552391164, "y": -1319.1555552391171}, "channel": 3}, "attempt": 1}
2026-09-12 23:20:20,215 INFO response {"request_id": "c09486ed54c040269a560adcdac40c71", "http_status": 200, "body": {"accepted": true, "real_timestamp_ms": 1789226417122, "virtual_time_s": 4481.376264, "measure_result": "no_signal"}}
2026-09-12 23:20:20,246 INFO request {"path": "/measure", "payload": {"arena_id": "default", "robot_id": "202601002029", "request_id": "4ead527415f445c893e961ff81a22a86", "position": {"x": 1319.1555552391164, "y": -1319.1555552391171}, "channel": 4}, "attempt": 1}
2026-09-12 23:20:20,247 INFO response {"request_id": "4ead527415f445c893e961ff81a22a86", "http_status": 200, "body": {"accepted": true, "real_timestamp_ms": 1789226417155, "virtual_time_s": 4487.376264, "measure_result": "no_signal"}}
2026-09-12 23:20:20,279 INFO request {"path": "/measure", "payload": {"arena_id": "default", "robot_id": "202601002029", "request_id": "b32d6cb4092e4da7b596702550f7afa2", "position": {"x": 1319.1555552391164, "y": -1319.1555552391171}, "channel": 12}, "attempt": 1}
2026-09-12 23:20:20,281 INFO response {"request_id": "b32d6cb4092e4da7b596702550f7afa2", "http_status": 200, "body": {"accepted": true, "real_timestamp_ms": 1789226417188, "virtual_time_s": 4493.376264, "measure_result": "no_signal"}}
2026-09-12 23:20:20,312 INFO request {"path": "/measure", "payload": {"arena_id": "default", "robot_id": "202601002029", "request_id": "901236406a834fffb46210fe1f149f03", "position": {"x": 1319.1555552391164, "y": -1319.1555552391171}, "channel": 13}, "attempt": 1}
2026-09-12 23:20:20,327 INFO response {"request_id": "901236406a834fffb46210fe1f149f03", "http_status": 200, "body": {"accepted": true, "real_timestamp_ms": 1789226417234, "virtual_time_s": 4499.376264, "measure_result": "no_signal"}}
2026-09-12 23:20:20,343 INFO request {"path": "/measure", "payload": {"arena_id": "default", "robot_id": "202601002029", "request_id": "0954178e1e074f2aaf954c22652bc7d7", "position": {"x": 1319.1555552391164, "y": -1319.1555552391171}, "channel": 14}, "attempt": 1}
2026-09-12 23:20:20,346 INFO response {"request_id": "0954178e1e074f2aaf954c22652bc7d7", "http_status": 200, "body": {"accepted": true, "real_timestamp_ms": 1789226417253, "virtual_time_s": 4505.376264, "measure_result": "no_signal"}}
2026-09-12 23:20:20,377 INFO request {"path": "/measure", "payload": {"arena_id": "default", "robot_id": "202601002029", "request_id": "8ba0d2255a844df9a6133fb6044d70d3", "position": {"x": 1319.1555552391164, "y": -1319.1555552391171}, "channel": 16}, "attempt": 1}
2026-09-12 23:20:20,378 INFO response {"request_id": "8ba0d2255a844df9a6133fb6044d70d3", "http_status": 200, "body": {"accepted": true, "real_timestamp_ms": 1789226417286, "virtual_time_s": 4511.376264, "measure_result": "no_signal"}}
2026-09-12 23:20:20,559 INFO request {"path": "/measure", "payload": {"arena_id": "default", "robot_id": "202601002029", "request_id": "e125d20508b44a1b8777972b598a77d9", "position": {"x": 1801.9999999999995, "y": -482.84444476088464}, "channel": 16}, "attempt": 1}
2026-09-12 23:20:20,573 INFO response {"request_id": "e125d20508b44a1b8777972b598a77d9", "http_status": 200, "body": {"accepted": true, "real_timestamp_ms": 1789226417480, "virtual_time_s": 4709.514042, "measure_result": "no_signal"}}
2026-09-12 23:20:20,589 INFO request {"path": "/measure", "payload": {"arena_id": "default", "robot_id": "202601002029", "request_id": "c998202c33f84a3f94b9a8369947da3b", "position": {"x": 1801.9999999999995, "y": -482.84444476088464}, "channel": 3}, "attempt": 1}
2026-09-12 23:20:20,603 INFO response {"request_id": "c998202c33f84a3f94b9a8369947da3b", "http_status": 200, "body": {"accepted": true, "real_timestamp_ms": 1789226417510, "virtual_time_s": 4715.514042, "measure_result": "no_signal"}}
2026-09-12 23:20:20,618 INFO request {"path": "/measure", "payload": {"arena_id": "default", "robot_id": "202601002029", "request_id": "4def3e4a89d4480498b4609c9adfaf61", "position": {"x": 1801.9999999999995, "y": -482.84444476088464}, "channel": 4}, "attempt": 1}
2026-09-12 23:20:20,632 INFO response {"request_id": "4def3e4a89d4480498b4609c9adfaf61", "http_status": 200, "body": {"accepted": true, "real_timestamp_ms": 1789226417540, "virtual_time_s": 4721.514042, "measure_result": "no_signal"}}
2026-09-12 23:20:20,648 INFO request {"path": "/measure", "payload": {"arena_id": "default", "robot_id": "202601002029", "request_id": "916f8633b91147caa41510ceefbe08d8", "position": {"x": 1801.9999999999995, "y": -482.84444476088464}, "channel": 12}, "attempt": 1}
2026-09-12 23:20:20,663 INFO response {"request_id": "916f8633b91147caa41510ceefbe08d8", "http_status": 200, "body": {"accepted": true, "real_timestamp_ms": 1789226417570, "virtual_time_s": 4727.514042, "measure_result": "no_signal"}}
2026-09-12 23:20:20,678 INFO request {"path": "/measure", "payload": {"arena_id": "default", "robot_id": "202601002029", "request_id": "facca47b0a4b4d0d839cc3fac397e92e", "position": {"x": 1801.9999999999995, "y": -482.84444476088464}, "channel": 13}, "attempt": 1}
2026-09-12 23:20:20,693 INFO response {"request_id": "facca47b0a4b4d0d839cc3fac397e92e", "http_status": 200, "body": {"accepted": true, "real_timestamp_ms": 1789226417600, "virtual_time_s": 4733.514042, "measure_result": "no_signal"}}
2026-09-12 23:20:20,709 INFO request {"path": "/measure", "payload": {"arena_id": "default", "robot_id": "202601002029", "request_id": "972e345faf3742bfaed1c45cad7b85d9", "position": {"x": 1801.9999999999995, "y": -482.84444476088464}, "channel": 14}, "attempt": 1}
2026-09-12 23:20:20,722 INFO response {"request_id": "972e345faf3742bfaed1c45cad7b85d9", "http_status": 200, "body": {"accepted": true, "real_timestamp_ms": 1789226417629, "virtual_time_s": 4739.514042, "measure_result": "no_signal"}}
2026-09-12 23:20:20,738 INFO request {"path": "/measure", "payload": {"arena_id": "default", "robot_id": "202601002029", "request_id": "789afc37fa384974b7399b7efe6e17b7", "position": {"x": 1801.9999999999995, "y": -482.84444476088464}, "channel": 19}, "attempt": 1}
2026-09-12 23:20:20,750 INFO response {"request_id": "789afc37fa384974b7399b7efe6e17b7", "http_status": 200, "body": {"accepted": true, "real_timestamp_ms": 1789226417658, "virtual_time_s": 4745.514042, "measure_result": "no_signal"}}
2026-09-12 23:20:20,780 INFO request {"path": "/measure", "payload": {"arena_id": "default", "robot_id": "202601002029", "request_id": "adf80ed242e64a32a1140f9d963bb97f", "position": {"x": 1801.9999999999995, "y": -482.84444476088464}, "channel": 11}, "attempt": 1}
2026-09-12 23:20:20,781 INFO response {"request_id": "adf80ed242e64a32a1140f9d963bb97f", "http_status": 200, "body": {"accepted": true, "real_timestamp_ms": 1789226417689, "virtual_time_s": 4751.514042, "measure_result": "direction", "svd_deg": 137.01}}
2026-09-12 23:20:20,886 INFO request {"path": "/measure", "payload": {"arena_id": "default", "robot_id": "202601002029", "request_id": "82d88ea224c54957ac9a90e1daea42ec", "position": {"x": 1802.0, "y": 482.84444476088305}, "channel": 3}, "attempt": 1}
2026-09-12 23:20:20,888 INFO response {"request_id": "82d88ea224c54957ac9a90e1daea42ec", "http_status": 200, "body": {"accepted": true, "real_timestamp_ms": 1789226417795, "virtual_time_s": 4950.65182, "measure_result": "no_signal"}}
2026-09-12 23:20:20,918 INFO request {"path": "/measure", "payload": {"arena_id": "default", "robot_id": "202601002029", "request_id": "aa03abd7427c4f959f4fc0418b1bf6e3", "position": {"x": 1802.0, "y": 482.84444476088305}, "channel": 4}, "attempt": 1}
2026-09-12 23:20:20,920 INFO response {"request_id": "aa03abd7427c4f959f4fc0418b1bf6e3", "http_status": 200, "body": {"accepted": true, "real_timestamp_ms": 1789226417827, "virtual_time_s": 4956.65182, "measure_result": "no_signal"}}
2026-09-12 23:20:20,951 INFO request {"path": "/measure", "payload": {"arena_id": "default", "robot_id": "202601002029", "request_id": "bad5b097c17a4eefbc165b776d734d10", "position": {"x": 1802.0, "y": 482.84444476088305}, "channel": 12}, "attempt": 1}
2026-09-12 23:20:20,967 INFO response {"request_id": "bad5b097c17a4eefbc165b776d734d10", "http_status": 200, "body": {"accepted": true, "real_timestamp_ms": 1789226417875, "virtual_time_s": 4962.65182, "measure_result": "no_signal"}}
2026-09-12 23:20:20,982 INFO request {"path": "/measure", "payload": {"arena_id": "default", "robot_id": "202601002029", "request_id": "77eda84e0f514f3f9f12454fa69731dd", "position": {"x": 1802.0, "y": 482.84444476088305}, "channel": 13}, "attempt": 1}
2026-09-12 23:20:20,983 INFO response {"request_id": "77eda84e0f514f3f9f12454fa69731dd", "http_status": 200, "body": {"accepted": true, "real_timestamp_ms": 1789226417890, "virtual_time_s": 4968.65182, "measure_result": "no_signal"}}
2026-09-12 23:20:21,013 INFO request {"path": "/measure", "payload": {"arena_id": "default", "robot_id": "202601002029", "request_id": "71986411fe384fcd80a3590c949c890d", "position": {"x": 1802.0, "y": 482.84444476088305}, "channel": 14}, "attempt": 1}
2026-09-12 23:20:21,025 INFO response {"request_id": "71986411fe384fcd80a3590c949c890d", "http_status": 200, "body": {"accepted": true, "real_timestamp_ms": 1789226417932, "virtual_time_s": 4974.65182, "measure_result": "no_signal"}}
2026-09-12 23:20:21,042 INFO request {"path": "/measure", "payload": {"arena_id": "default", "robot_id": "202601002029", "request_id": "b7ce257b62424826a5bbac5035aa3ad2", "position": {"x": 1802.0, "y": 482.84444476088305}, "channel": 16}, "attempt": 1}
2026-09-12 23:20:21,054 INFO response {"request_id": "b7ce257b62424826a5bbac5035aa3ad2", "http_status": 200, "body": {"accepted": true, "real_timestamp_ms": 1789226417961, "virtual_time_s": 4980.65182, "measure_result": "no_signal"}}
2026-09-12 23:20:21,069 INFO request {"path": "/measure", "payload": {"arena_id": "default", "robot_id": "202601002029", "request_id": "bfd5286b12bb4047ba4046e5464ac34b", "position": {"x": 1802.0, "y": 482.84444476088305}, "channel": 19}, "attempt": 1}
2026-09-12 23:20:21,085 INFO response {"request_id": "bfd5286b12bb4047ba4046e5464ac34b", "http_status": 200, "body": {"accepted": true, "real_timestamp_ms": 1789226417991, "virtual_time_s": 4986.65182, "measure_result": "no_signal"}}
2026-09-12 23:20:21,124 INFO request {"path": "/measure", "payload": {"arena_id": "default", "robot_id": "202601002029", "request_id": "fe331cd6a6a545b9a84a0f4d473d97d3", "position": {"x": 1802.0, "y": 482.84444476088305}, "channel": 11}, "attempt": 1}
2026-09-12 23:20:21,126 INFO response {"request_id": "fe331cd6a6a545b9a84a0f4d473d97d3", "http_status": 200, "body": {"accepted": true, "real_timestamp_ms": 1789226418033, "virtual_time_s": 4992.65182, "measure_result": "direction", "svd_deg": 261.19}}
2026-09-12 23:20:21,156 INFO request {"path": "/measure", "payload": {"arena_id": "default", "robot_id": "202601002029", "request_id": "1981910299f14ce0abbba3f96b3dee5f", "position": {"x": 1319.155555239117, "y": 1319.155555239117}, "channel": 3}, "attempt": 1}
2026-09-12 23:20:21,173 INFO response {"request_id": "1981910299f14ce0abbba3f96b3dee5f", "http_status": 200, "body": {"accepted": true, "real_timestamp_ms": 1789226418081, "virtual_time_s": 5191.789598, "measure_result": "no_signal"}}
2026-09-12 23:20:21,188 INFO request {"path": "/measure", "payload": {"arena_id": "default", "robot_id": "202601002029", "request_id": "2dd8ce7b273a47d98c1e1245ee30d420", "position": {"x": 1319.155555239117, "y": 1319.155555239117}, "channel": 4}, "attempt": 1}
2026-09-12 23:20:21,189 INFO response {"request_id": "2dd8ce7b273a47d98c1e1245ee30d420", "http_status": 200, "body": {"accepted": true, "real_timestamp_ms": 1789226418096, "virtual_time_s": 5197.789598, "measure_result": "no_signal"}}
2026-09-12 23:20:21,220 INFO request {"path": "/measure", "payload": {"arena_id": "default", "robot_id": "202601002029", "request_id": "3ee0b7b3c01840b1b25c01f3525c38cd", "position": {"x": 1319.155555239117, "y": 1319.155555239117}, "channel": 12}, "attempt": 1}
2026-09-12 23:20:21,242 INFO response {"request_id": "3ee0b7b3c01840b1b25c01f3525c38cd", "http_status": 200, "body": {"accepted": true, "real_timestamp_ms": 1789226418149, "virtual_time_s": 5203.789598, "measure_result": "no_signal"}}
2026-09-12 23:20:21,242 INFO request {"path": "/measure", "payload": {"arena_id": "default", "robot_id": "202601002029", "request_id": "0dbc3dc594534361bd08f783102deb9f", "position": {"x": 1319.155555239117, "y": 1319.155555239117}, "channel": 13}, "attempt": 1}
2026-09-12 23:20:21,244 INFO response {"request_id": "0dbc3dc594534361bd08f783102deb9f", "http_status": 200, "body": {"accepted": true, "real_timestamp_ms": 1789226418151, "virtual_time_s": 5209.789598, "measure_result": "no_signal"}}
2026-09-12 23:20:21,275 INFO request {"path": "/measure", "payload": {"arena_id": "default", "robot_id": "202601002029", "request_id": "c4000f8de3e54cc5be325cdc8ffa5e1b", "position": {"x": 1319.155555239117, "y": 1319.155555239117}, "channel": 14}, "attempt": 1}
2026-09-12 23:20:21,277 INFO response {"request_id": "c4000f8de3e54cc5be325cdc8ffa5e1b", "http_status": 200, "body": {"accepted": true, "real_timestamp_ms": 1789226418184, "virtual_time_s": 5215.789598, "measure_result": "no_signal"}}
2026-09-12 23:20:21,308 INFO request {"path": "/measure", "payload": {"arena_id": "default", "robot_id": "202601002029", "request_id": "473e03f2b5c14f85a524dc3f1bd228c6", "position": {"x": 1319.155555239117, "y": 1319.155555239117}, "channel": 16}, "attempt": 1}
2026-09-12 23:20:21,320 INFO response {"request_id": "473e03f2b5c14f85a524dc3f1bd228c6", "http_status": 200, "body": {"accepted": true, "real_timestamp_ms": 1789226418227, "virtual_time_s": 5221.789598, "measure_result": "no_signal"}}
2026-09-12 23:20:21,336 INFO request {"path": "/measure", "payload": {"arena_id": "default", "robot_id": "202601002029", "request_id": "13bf203bfcac4e4c91f3427823d8ffa9", "position": {"x": 1319.155555239117, "y": 1319.155555239117}, "channel": 19}, "attempt": 1}
2026-09-12 23:20:21,339 INFO response {"request_id": "13bf203bfcac4e4c91f3427823d8ffa9", "http_status": 200, "body": {"accepted": true, "real_timestamp_ms": 1789226418245, "virtual_time_s": 5227.789598, "measure_result": "no_signal"}}
2026-09-12 23:20:21,365 INFO request {"path": "/measure", "payload": {"arena_id": "default", "robot_id": "202601002029", "request_id": "01c502a938b14168b7a569ca73e25069", "position": {"x": 1319.155555239117, "y": 1319.155555239117}, "channel": 8}, "attempt": 1}
2026-09-12 23:20:21,366 INFO response {"request_id": "01c502a938b14168b7a569ca73e25069", "http_status": 200, "body": {"accepted": true, "real_timestamp_ms": 1789226418274, "virtual_time_s": 5233.789598, "measure_result": "direction", "svd_deg": 231.34}}
2026-09-12 23:20:24,373 INFO request {"path": "/clear", "payload": {"arena_id": "default", "robot_id": "202601002029", "request_id": "3ca1c61c00d04e3195575675574fb08a", "position": {"x": 615.8752304660234, "y": 1153.455302346379}, "channel": 10}, "attempt": 1}
2026-09-12 23:20:24,374 INFO response {"request_id": "3ca1c61c00d04e3195575675574fb08a", "http_status": 200, "body": {"accepted": true, "real_timestamp_ms": 1789226421281, "virtual_time_s": 5383.297008, "clear_result": "success"}}
2026-09-12 23:20:24,404 INFO request {"path": "/clear", "payload": {"arena_id": "default", "robot_id": "202601002029", "request_id": "8a46a2253e5441ebb3de78f024e70420", "position": {"x": -794.3559656845426, "y": 838.7560500263564}, "channel": 5}, "attempt": 1}
2026-09-12 23:20:24,408 INFO response {"request_id": "8a46a2253e5441ebb3de78f024e70420", "http_status": 200, "body": {"accepted": true, "real_timestamp_ms": 1789226421314, "virtual_time_s": 5677.280582, "clear_result": "success"}}
2026-09-12 23:20:27,556 INFO request {"path": "/measure", "payload": {"arena_id": "default", "robot_id": "202601002029", "request_id": "8d20623de3c244f8af2cd46e60a0aa63", "position": {"x": -781.9876590307543, "y": 786.3213481032893}, "channel": 20}, "attempt": 1}
2026-09-12 23:20:27,572 INFO response {"request_id": "8d20623de3c244f8af2cd46e60a0aa63", "http_status": 200, "body": {"accepted": true, "real_timestamp_ms": 1789226424479, "virtual_time_s": 5694.055317, "measure_result": "direction", "svd_deg": 193.07}}
2026-09-12 23:20:27,582 INFO request {"path": "/clear", "payload": {"arena_id": "default", "robot_id": "202601002029", "request_id": "30e527ad0126423ca0874fe0eb0a39af", "position": {"x": -1313.069203001547, "y": 662.7797132650076}, "channel": 20}, "attempt": 1}
2026-09-12 23:20:27,584 INFO response {"request_id": "30e527ad0126423ca0874fe0eb0a39af", "http_status": 200, "body": {"accepted": true, "real_timestamp_ms": 1789226424492, "virtual_time_s": 5808.107624, "clear_result": "success"}}
2026-09-12 23:20:29,276 INFO request {"path": "/measure", "payload": {"arena_id": "default", "robot_id": "202601002029", "request_id": "da88388806bf430685e325c9dc0dea49", "position": {"x": -1375.747325582973, "y": 1108.0995448096432}, "channel": 17}, "attempt": 1}
2026-09-12 23:20:29,292 INFO response {"request_id": "da88388806bf430685e325c9dc0dea49", "http_status": 200, "body": {"accepted": true, "real_timestamp_ms": 1789226426199, "virtual_time_s": 5904.04945, "measure_result": "direction", "svd_deg": 285.92}}
2026-09-12 23:20:29,315 INFO request {"path": "/clear", "payload": {"arena_id": "default", "robot_id": "202601002029", "request_id": "d8a216a86b624a3d930d05eb24ad19d3", "position": {"x": -1373.6513784581812, "y": 1100.2334474763786}, "channel": 17}, "attempt": 1}
2026-09-12 23:20:29,331 INFO response {"request_id": "d8a216a86b624a3d930d05eb24ad19d3", "http_status": 200, "body": {"accepted": true, "real_timestamp_ms": 1789226426239, "virtual_time_s": 5910.677559, "clear_result": "success"}}
2026-09-12 23:20:29,331 INFO request {"path": "/clear", "payload": {"arena_id": "default", "robot_id": "202601002029", "request_id": "49c0577b37b04865ab5774d9b4d4376f", "position": {"x": -476.90162147967385, "y": 1685.0907675510678}, "channel": 18}, "attempt": 1}
2026-09-12 23:20:29,332 INFO response {"request_id": "49c0577b37b04865ab5774d9b4d4376f", "http_status": 200, "body": {"accepted": true, "real_timestamp_ms": 1789226426240, "virtual_time_s": 6129.800721, "clear_result": "success"}}
2026-09-12 23:20:29,363 INFO request {"path": "/clear", "payload": {"arena_id": "default", "robot_id": "202601002029", "request_id": "a3253267d9124de8897c817c30a4999a", "position": {"x": -82.12217660342668, "y": 532.9341512510871}, "channel": 6}, "attempt": 1}
2026-09-12 23:20:29,364 INFO response {"request_id": "a3253267d9124de8897c817c30a4999a", "http_status": 200, "body": {"accepted": true, "real_timestamp_ms": 1789226426272, "virtual_time_s": 6378.383617, "clear_result": "success"}}
2026-09-12 23:20:29,395 INFO request {"path": "/clear", "payload": {"arena_id": "default", "robot_id": "202601002029", "request_id": "b16947e38dcf4a4592c2bd32835f2899", "position": {"x": -51.61271688031472, "y": -485.7989807224949}, "channel": 7}, "attempt": 1}
2026-09-12 23:20:29,397 INFO response {"request_id": "b16947e38dcf4a4592c2bd32835f2899", "http_status": 200, "body": {"accepted": true, "real_timestamp_ms": 1789226426304, "virtual_time_s": 6587.221594, "clear_result": "success"}}
2026-09-12 23:20:29,427 INFO request {"path": "/clear", "payload": {"arena_id": "default", "robot_id": "202601002029", "request_id": "85184841dc66467e971ca0722ea65b3b", "position": {"x": 760.8405439275482, "y": 621.083783402107}, "channel": 8}, "attempt": 1}
2026-09-12 23:20:29,433 INFO response {"request_id": "85184841dc66467e971ca0722ea65b3b", "http_status": 200, "body": {"accepted": true, "real_timestamp_ms": 1789226426337, "virtual_time_s": 6866.831845, "clear_result": "success"}}
2026-09-12 23:20:29,464 INFO request {"path": "/clear", "payload": {"arena_id": "default", "robot_id": "202601002029", "request_id": "660c101e38e64e50b236804af15d3608", "position": {"x": 1671.132500205344, "y": -362.72979724978853}, "channel": 11}, "attempt": 1}
2026-09-12 23:20:29,467 INFO response {"request_id": "660c101e38e64e50b236804af15d3608", "http_status": 200, "body": {"accepted": true, "real_timestamp_ms": 1789226426374, "virtual_time_s": 7139.900538, "clear_result": "success"}}
2026-09-12 23:20:29,498 INFO request {"path": "/exit", "payload": {"arena_id": "default", "robot_id": "202601002029", "request_id": "b4946e944096442f8297900383b05439"}, "attempt": 1}
2026-09-12 23:20:29,510 INFO response {"request_id": "b4946e944096442f8297900383b05439", "http_status": 200, "body": {"accepted": true, "real_timestamp_ms": 1789226426416, "virtual_time_s": 7139.900538, "exit_reason": "user_exit"}}
