2026-09-13 13:28:28,308 INFO request {"path": "/enter", "payload": {"arena_id": "default", "robot_id": "202601002029", "request_id": "5b8c04b4ac074b88941758d7234a6928"}, "attempt": 1}
2026-09-13 13:28:28,312 INFO response {"request_id": "5b8c04b4ac074b88941758d7234a6928", "http_status": 200, "body": {"accepted": true, "real_timestamp_ms": 1789277303407, "virtual_time_s": 0, "max_virtual_duration_s": 360000, "max_real_duration_s": 1200, "remaining_real_duration_s": 1200}}
2026-09-13 13:28:28,345 INFO request {"path": "/measure", "payload": {"arena_id": "default", "robot_id": "202601002029", "request_id": "f0c1f0ff549f4ab0a6b9e6c54f7f1483", "position": {"x": 0.0, "y": 0.0}, "channel": 1}, "attempt": 1}
2026-09-13 13:28:28,346 INFO response {"request_id": "f0c1f0ff549f4ab0a6b9e6c54f7f1483", "http_status": 200, "body": {"accepted": true, "real_timestamp_ms": 1789277303441, "virtual_time_s": 5, "measure_result": "no_signal"}}
2026-09-13 13:28:28,363 INFO request {"path": "/measure", "payload": {"arena_id": "default", "robot_id": "202601002029", "request_id": "88bfc31d817c4405bbfba7752df8c98f", "position": {"x": 0.0, "y": 0.0}, "channel": 2}, "attempt": 1}
2026-09-13 13:28:28,380 INFO response {"request_id": "88bfc31d817c4405bbfba7752df8c98f", "http_status": 200, "body": {"accepted": true, "real_timestamp_ms": 1789277303474, "virtual_time_s": 11, "measure_result": "no_signal"}}
2026-09-13 13:28:28,395 INFO request {"path": "/measure", "payload": {"arena_id": "default", "robot_id": "202601002029", "request_id": "dc80cef9775a465f826ddd4bfa72a117", "position": {"x": 0.0, "y": 0.0}, "channel": 3}, "attempt": 1}
2026-09-13 13:28:28,411 INFO response {"request_id": "dc80cef9775a465f826ddd4bfa72a117", "http_status": 200, "body": {"accepted": true, "real_timestamp_ms": 1789277303506, "virtual_time_s": 17, "measure_result": "no_signal"}}
2026-09-13 13:28:28,426 INFO request {"path": "/measure", "payload": {"arena_id": "default", "robot_id": "202601002029", "request_id": "4d0c82f2e116440ca5ab2da3df329b9c", "position": {"x": 0.0, "y": 0.0}, "channel": 4}, "attempt": 1}
2026-09-13 13:28:28,428 INFO response {"request_id": "4d0c82f2e116440ca5ab2da3df329b9c", "http_status": 200, "body": {"accepted": true, "real_timestamp_ms": 1789277303522, "virtual_time_s": 23, "measure_result": "no_signal"}}
2026-09-13 13:28:28,459 INFO request {"path": "/measure", "payload": {"arena_id": "default", "robot_id": "202601002029", "request_id": "0ce226a8e7654c5682bde85e636c411d", "position": {"x": 0.0, "y": 0.0}, "channel": 5}, "attempt": 1}
2026-09-13 13:28:28,473 INFO response {"request_id": "0ce226a8e7654c5682bde85e636c411d", "http_status": 200, "body": {"accepted": true, "real_timestamp_ms": 1789277303567, "virtual_time_s": 29, "measure_result": "no_signal"}}
2026-09-13 13:28:28,489 INFO request {"path": "/measure", "payload": {"arena_id": "default", "robot_id": "202601002029", "request_id": "366e8f08679d4ab28f92f9f2ff0fc8c9", "position": {"x": 0.0, "y": 0.0}, "channel": 6}, "attempt": 1}
2026-09-13 13:28:28,503 INFO response {"request_id": "366e8f08679d4ab28f92f9f2ff0fc8c9", "http_status": 200, "body": {"accepted": true, "real_timestamp_ms": 1789277303597, "virtual_time_s": 35, "measure_result": "no_signal"}}
2026-09-13 13:28:28,518 INFO request {"path": "/measure", "payload": {"arena_id": "default", "robot_id": "202601002029", "request_id": "2a2e2ef806c342cc918f9cb2807321ec", "position": {"x": 0.0, "y": 0.0}, "channel": 7}, "attempt": 1}
2026-09-13 13:28:28,535 INFO response {"request_id": "2a2e2ef806c342cc918f9cb2807321ec", "http_status": 200, "body": {"accepted": true, "real_timestamp_ms": 1789277303629, "virtual_time_s": 41, "measure_result": "no_signal"}}
2026-09-13 13:28:28,549 INFO request {"path": "/measure", "payload": {"arena_id": "default", "robot_id": "202601002029", "request_id": "9c55024f21304ea881f7f9f860b5cb3c", "position": {"x": 0.0, "y": 0.0}, "channel": 8}, "attempt": 1}
2026-09-13 13:28:28,566 INFO response {"request_id": "9c55024f21304ea881f7f9f860b5cb3c", "http_status": 200, "body": {"accepted": true, "real_timestamp_ms": 1789277303660, "virtual_time_s": 47, "measure_result": "direction", "svd_deg": 39.32}}
2026-09-13 13:28:28,590 INFO request {"path": "/measure", "payload": {"arena_id": "default", "robot_id": "202601002029", "request_id": "35d0f045ffad4f5ba2fe30f699fdf716", "position": {"x": 0.0, "y": 0.0}, "channel": 9}, "attempt": 1}
2026-09-13 13:28:28,613 INFO response {"request_id": "35d0f045ffad4f5ba2fe30f699fdf716", "http_status": 200, "body": {"accepted": true, "real_timestamp_ms": 1789277303707, "virtual_time_s": 53, "measure_result": "no_signal"}}
2026-09-13 13:28:28,613 INFO request {"path": "/measure", "payload": {"arena_id": "default", "robot_id": "202601002029", "request_id": "7ceaa9e75f774f40a68ad3fae1c162c1", "position": {"x": 0.0, "y": 0.0}, "channel": 10}, "attempt": 1}
2026-09-13 13:28:28,613 INFO response {"request_id": "7ceaa9e75f774f40a68ad3fae1c162c1", "http_status": 200, "body": {"accepted": true, "real_timestamp_ms": 1789277303708, "virtual_time_s": 59, "measure_result": "no_signal"}}
2026-09-13 13:28:28,644 INFO request {"path": "/measure", "payload": {"arena_id": "default", "robot_id": "202601002029", "request_id": "b7a93df3a09c42b3b27a7f2cb1d3a0b0", "position": {"x": 0.0, "y": 0.0}, "channel": 11}, "attempt": 1}
2026-09-13 13:28:28,661 INFO response {"request_id": "b7a93df3a09c42b3b27a7f2cb1d3a0b0", "http_status": 200, "body": {"accepted": true, "real_timestamp_ms": 1789277303755, "virtual_time_s": 65, "measure_result": "no_signal"}}
2026-09-13 13:28:28,675 INFO request {"path": "/measure", "payload": {"arena_id": "default", "robot_id": "202601002029", "request_id": "e1262f9c02b3447d94f5948b5d90a028", "position": {"x": 0.0, "y": 0.0}, "channel": 12}, "attempt": 1}
2026-09-13 13:28:28,676 INFO response {"request_id": "e1262f9c02b3447d94f5948b5d90a028", "http_status": 200, "body": {"accepted": true, "real_timestamp_ms": 1789277303771, "virtual_time_s": 71, "measure_result": "direction", "svd_deg": 22.57}}
2026-09-13 13:28:28,709 INFO request {"path": "/measure", "payload": {"arena_id": "default", "robot_id": "202601002029", "request_id": "8190fcc5c1d548989a3f14688c45aa85", "position": {"x": 0.0, "y": 0.0}, "channel": 13}, "attempt": 1}
2026-09-13 13:28:28,722 INFO response {"request_id": "8190fcc5c1d548989a3f14688c45aa85", "http_status": 200, "body": {"accepted": true, "real_timestamp_ms": 1789277303818, "virtual_time_s": 77, "measure_result": "no_signal"}}
2026-09-13 13:28:28,738 INFO request {"path": "/measure", "payload": {"arena_id": "default", "robot_id": "202601002029", "request_id": "f84d046f5e2b412783e27bab118ba656", "position": {"x": 0.0, "y": 0.0}, "channel": 14}, "attempt": 1}
2026-09-13 13:28:28,753 INFO response {"request_id": "f84d046f5e2b412783e27bab118ba656", "http_status": 200, "body": {"accepted": true, "real_timestamp_ms": 1789277303847, "virtual_time_s": 83, "measure_result": "no_signal"}}
2026-09-13 13:28:28,768 INFO request {"path": "/measure", "payload": {"arena_id": "default", "robot_id": "202601002029", "request_id": "bed79c37630549d0b18735f214d4e1e6", "position": {"x": 0.0, "y": 0.0}, "channel": 15}, "attempt": 1}
2026-09-13 13:28:28,769 INFO response {"request_id": "bed79c37630549d0b18735f214d4e1e6", "http_status": 200, "body": {"accepted": true, "real_timestamp_ms": 1789277303864, "virtual_time_s": 89, "measure_result": "direction", "svd_deg": 230.71}}
2026-09-13 13:28:28,802 INFO request {"path": "/measure", "payload": {"arena_id": "default", "robot_id": "202601002029", "request_id": "b902056e1ad94979a378d095a5465606", "position": {"x": 0.0, "y": 0.0}, "channel": 16}, "attempt": 1}
2026-09-13 13:28:28,803 INFO response {"request_id": "b902056e1ad94979a378d095a5465606", "http_status": 200, "body": {"accepted": true, "real_timestamp_ms": 1789277303898, "virtual_time_s": 95, "measure_result": "no_signal"}}
2026-09-13 13:28:28,834 INFO request {"path": "/measure", "payload": {"arena_id": "default", "robot_id": "202601002029", "request_id": "2f39f45eb94646fdaaeb89c00d899f72", "position": {"x": 0.0, "y": 0.0}, "channel": 17}, "attempt": 1}
2026-09-13 13:28:28,847 INFO response {"request_id": "2f39f45eb94646fdaaeb89c00d899f72", "http_status": 200, "body": {"accepted": true, "real_timestamp_ms": 1789277303941, "virtual_time_s": 101, "measure_result": "no_signal"}}
2026-09-13 13:28:28,863 INFO request {"path": "/measure", "payload": {"arena_id": "default", "robot_id": "202601002029", "request_id": "d728212e0f0a4fd5a7a0421fa32e4ede", "position": {"x": 0.0, "y": 0.0}, "channel": 18}, "attempt": 1}
2026-09-13 13:28:28,877 INFO response {"request_id": "d728212e0f0a4fd5a7a0421fa32e4ede", "http_status": 200, "body": {"accepted": true, "real_timestamp_ms": 1789277303971, "virtual_time_s": 107, "measure_result": "direction", "svd_deg": 170.49}}
2026-09-13 13:28:28,896 INFO request {"path": "/measure", "payload": {"arena_id": "default", "robot_id": "202601002029", "request_id": "3816507068bc49a19947b244736969be", "position": {"x": 0.0, "y": 0.0}, "channel": 19}, "attempt": 1}
2026-09-13 13:28:28,922 INFO response {"request_id": "3816507068bc49a19947b244736969be", "http_status": 200, "body": {"accepted": true, "real_timestamp_ms": 1789277304016, "virtual_time_s": 113, "measure_result": "direction", "svd_deg": 333.36}}
2026-09-13 13:28:28,926 INFO request {"path": "/measure", "payload": {"arena_id": "default", "robot_id": "202601002029", "request_id": "7c7da43187d54a6580c8806311c0ac81", "position": {"x": 0.0, "y": 0.0}, "channel": 20}, "attempt": 1}
2026-09-13 13:28:28,954 INFO response {"request_id": "7c7da43187d54a6580c8806311c0ac81", "http_status": 200, "body": {"accepted": true, "real_timestamp_ms": 1789277304048, "virtual_time_s": 119, "measure_result": "no_signal"}}
2026-09-13 13:28:29,492 INFO request {"path": "/measure", "payload": {"arena_id": "default", "robot_id": "202601002029", "request_id": "9ae80fce7df4483f9da51172a516899c", "position": {"x": 926.7938608394055, "y": 0.0}, "channel": 20}, "attempt": 1}
2026-09-13 13:28:29,493 INFO response {"request_id": "9ae80fce7df4483f9da51172a516899c", "http_status": 200, "body": {"accepted": true, "real_timestamp_ms": 1789277304588, "virtual_time_s": 309.358772, "measure_result": "no_signal"}}
2026-09-13 13:28:29,524 INFO request {"path": "/measure", "payload": {"arena_id": "default", "robot_id": "202601002029", "request_id": "57b8ef24e4e1486fbb5fa57d9433c7dc", "position": {"x": 926.7938608394055, "y": 0.0}, "channel": 1}, "attempt": 1}
2026-09-13 13:28:29,538 INFO response {"request_id": "57b8ef24e4e1486fbb5fa57d9433c7dc", "http_status": 200, "body": {"accepted": true, "real_timestamp_ms": 1789277304632, "virtual_time_s": 315.358772, "measure_result": "no_signal"}}
2026-09-13 13:28:29,553 INFO request {"path": "/measure", "payload": {"arena_id": "default", "robot_id": "202601002029", "request_id": "c7bae5ca43974c4ea45962a89c14f428", "position": {"x": 926.7938608394055, "y": 0.0}, "channel": 2}, "attempt": 1}
2026-09-13 13:28:29,568 INFO response {"request_id": "c7bae5ca43974c4ea45962a89c14f428", "http_status": 200, "body": {"accepted": true, "real_timestamp_ms": 1789277304663, "virtual_time_s": 321.358772, "measure_result": "no_signal"}}
2026-09-13 13:28:29,585 INFO request {"path": "/measure", "payload": {"arena_id": "default", "robot_id": "202601002029", "request_id": "fbd916cde87c45b1a7de694ad0ce3687", "position": {"x": 926.7938608394055, "y": 0.0}, "channel": 3}, "attempt": 1}
2026-09-13 13:28:29,587 INFO response {"request_id": "fbd916cde87c45b1a7de694ad0ce3687", "http_status": 200, "body": {"accepted": true, "real_timestamp_ms": 1789277304681, "virtual_time_s": 327.358772, "measure_result": "no_signal"}}
2026-09-13 13:28:29,618 INFO request {"path": "/measure", "payload": {"arena_id": "default", "robot_id": "202601002029", "request_id": "c050f82b4f6d437db31e1e07ee13bafd", "position": {"x": 926.7938608394055, "y": 0.0}, "channel": 4}, "attempt": 1}
2026-09-13 13:28:29,620 INFO response {"request_id": "c050f82b4f6d437db31e1e07ee13bafd", "http_status": 200, "body": {"accepted": true, "real_timestamp_ms": 1789277304714, "virtual_time_s": 333.358772, "measure_result": "no_signal"}}
2026-09-13 13:28:29,651 INFO request {"path": "/measure", "payload": {"arena_id": "default", "robot_id": "202601002029", "request_id": "1e771ef996774bc5a2f26f8cb40bd3c6", "position": {"x": 926.7938608394055, "y": 0.0}, "channel": 5}, "attempt": 1}
2026-09-13 13:28:29,679 INFO response {"request_id": "1e771ef996774bc5a2f26f8cb40bd3c6", "http_status": 200, "body": {"accepted": true, "real_timestamp_ms": 1789277304774, "virtual_time_s": 339.358772, "measure_result": "no_signal"}}
2026-09-13 13:28:29,680 INFO request {"path": "/measure", "payload": {"arena_id": "default", "robot_id": "202601002029", "request_id": "5306ed579c59449c827d449de3794cd0", "position": {"x": 926.7938608394055, "y": 0.0}, "channel": 6}, "attempt": 1}
2026-09-13 13:28:29,681 INFO response {"request_id": "5306ed579c59449c827d449de3794cd0", "http_status": 200, "body": {"accepted": true, "real_timestamp_ms": 1789277304776, "virtual_time_s": 345.358772, "measure_result": "no_signal"}}
2026-09-13 13:28:29,712 INFO request {"path": "/measure", "payload": {"arena_id": "default", "robot_id": "202601002029", "request_id": "4a257671751b4afda2ab1b31b1c0e1aa", "position": {"x": 926.7938608394055, "y": 0.0}, "channel": 7}, "attempt": 1}
2026-09-13 13:28:29,725 INFO response {"request_id": "4a257671751b4afda2ab1b31b1c0e1aa", "http_status": 200, "body": {"accepted": true, "real_timestamp_ms": 1789277304820, "virtual_time_s": 351.358772, "measure_result": "no_signal"}}
2026-09-13 13:28:29,740 INFO request {"path": "/measure", "payload": {"arena_id": "default", "robot_id": "202601002029", "request_id": "1f53712ec7ad4184a54d15c261d040e7", "position": {"x": 926.7938608394055, "y": 0.0}, "channel": 9}, "attempt": 1}
2026-09-13 13:28:29,757 INFO response {"request_id": "1f53712ec7ad4184a54d15c261d040e7", "http_status": 200, "body": {"accepted": true, "real_timestamp_ms": 1789277304851, "virtual_time_s": 357.358772, "measure_result": "no_signal"}}
2026-09-13 13:28:29,772 INFO request {"path": "/measure", "payload": {"arena_id": "default", "robot_id": "202601002029", "request_id": "3b5c61b64a64473f88822c05e542536a", "position": {"x": 926.7938608394055, "y": 0.0}, "channel": 10}, "attempt": 1}
2026-09-13 13:28:29,774 INFO response {"request_id": "3b5c61b64a64473f88822c05e542536a", "http_status": 200, "body": {"accepted": true, "real_timestamp_ms": 1789277304869, "virtual_time_s": 363.358772, "measure_result": "no_signal"}}
2026-09-13 13:28:29,805 INFO request {"path": "/measure", "payload": {"arena_id": "default", "robot_id": "202601002029", "request_id": "41642555fd0c460ba522613c6f27ca27", "position": {"x": 926.7938608394055, "y": 0.0}, "channel": 11}, "attempt": 1}
2026-09-13 13:28:29,819 INFO response {"request_id": "41642555fd0c460ba522613c6f27ca27", "http_status": 200, "body": {"accepted": true, "real_timestamp_ms": 1789277304913, "virtual_time_s": 369.358772, "measure_result": "no_signal"}}
2026-09-13 13:28:29,835 INFO request {"path": "/measure", "payload": {"arena_id": "default", "robot_id": "202601002029", "request_id": "8bcf492436e14e4c8d629747a95094b1", "position": {"x": 926.7938608394055, "y": 0.0}, "channel": 13}, "attempt": 1}
2026-09-13 13:28:29,849 INFO response {"request_id": "8bcf492436e14e4c8d629747a95094b1", "http_status": 200, "body": {"accepted": true, "real_timestamp_ms": 1789277304944, "virtual_time_s": 375.358772, "measure_result": "no_signal"}}
2026-09-13 13:28:29,864 INFO request {"path": "/measure", "payload": {"arena_id": "default", "robot_id": "202601002029", "request_id": "fb7796c6f0fb4b56b63afc43376809b5", "position": {"x": 926.7938608394055, "y": 0.0}, "channel": 14}, "attempt": 1}
2026-09-13 13:28:29,882 INFO response {"request_id": "fb7796c6f0fb4b56b63afc43376809b5", "http_status": 200, "body": {"accepted": true, "real_timestamp_ms": 1789277304976, "virtual_time_s": 381.358772, "measure_result": "direction", "svd_deg": 75.57}}
2026-09-13 13:28:29,898 INFO request {"path": "/measure", "payload": {"arena_id": "default", "robot_id": "202601002029", "request_id": "55a36df5d6594974ba9b7062ddf8b5c1", "position": {"x": 926.7938608394055, "y": 0.0}, "channel": 16}, "attempt": 1}
2026-09-13 13:28:29,912 INFO response {"request_id": "55a36df5d6594974ba9b7062ddf8b5c1", "http_status": 200, "body": {"accepted": true, "real_timestamp_ms": 1789277305007, "virtual_time_s": 387.358772, "measure_result": "direction", "svd_deg": 297.56}}
2026-09-13 13:28:29,929 INFO request {"path": "/measure", "payload": {"arena_id": "default", "robot_id": "202601002029", "request_id": "397ceed9e95047ab98f3b72c7a5d553c", "position": {"x": 926.7938608394055, "y": 0.0}, "channel": 17}, "attempt": 1}
2026-09-13 13:28:29,943 INFO response {"request_id": "397ceed9e95047ab98f3b72c7a5d553c", "http_status": 200, "body": {"accepted": true, "real_timestamp_ms": 1789277305038, "virtual_time_s": 393.358772, "measure_result": "no_signal"}}
2026-09-13 13:28:29,987 INFO request {"path": "/measure", "payload": {"arena_id": "default", "robot_id": "202601002029", "request_id": "e1c7c0f0eed54f7bb4b1e9dbad4c57ae", "position": {"x": 926.7938608394055, "y": 0.0}, "channel": 8}, "attempt": 1}
2026-09-13 13:28:29,989 INFO response {"request_id": "e1c7c0f0eed54f7bb4b1e9dbad4c57ae", "http_status": 200, "body": {"accepted": true, "real_timestamp_ms": 1789277305084, "virtual_time_s": 399.358772, "measure_result": "direction", "svd_deg": 118.16}}
2026-09-13 13:28:30,022 INFO request {"path": "/measure", "payload": {"arena_id": "default", "robot_id": "202601002029", "request_id": "85c75a89eb8e486892ae200ded1d425a", "position": {"x": 926.7938608394055, "y": 0.0}, "channel": 12}, "attempt": 1}
2026-09-13 13:28:30,038 INFO response {"request_id": "85c75a89eb8e486892ae200ded1d425a", "http_status": 200, "body": {"accepted": true, "real_timestamp_ms": 1789277305132, "virtual_time_s": 405.358772, "measure_result": "direction", "svd_deg": 63.46}}
2026-09-13 13:28:30,059 INFO request {"path": "/measure", "payload": {"arena_id": "default", "robot_id": "202601002029", "request_id": "6643a910493f402f97e07f19ea9235b9", "position": {"x": 926.7938608394055, "y": 0.0}, "channel": 19}, "attempt": 1}
2026-09-13 13:28:30,085 INFO response {"request_id": "6643a910493f402f97e07f19ea9235b9", "http_status": 200, "body": {"accepted": true, "real_timestamp_ms": 1789277305179, "virtual_time_s": 411.358772, "measure_result": "no_signal"}}
2026-09-13 13:28:31,385 INFO request {"path": "/measure", "payload": {"arena_id": "default", "robot_id": "202601002029", "request_id": "1cc1f534726443b293f80d8f7134d248", "position": {"x": 802.6270275583847, "y": -463.39693041970315}, "channel": 1}, "attempt": 1}
2026-09-13 13:28:31,395 INFO response {"request_id": "1cc1f534726443b293f80d8f7134d248", "http_status": 200, "body": {"accepted": true, "real_timestamp_ms": 1789277306490, "virtual_time_s": 513.307533, "measure_result": "no_signal"}}
2026-09-13 13:28:31,411 INFO request {"path": "/measure", "payload": {"arena_id": "default", "robot_id": "202601002029", "request_id": "404232f6b64746ca802372ea1167be80", "position": {"x": 802.6270275583847, "y": -463.39693041970315}, "channel": 2}, "attempt": 1}
2026-09-13 13:28:31,412 INFO response {"request_id": "404232f6b64746ca802372ea1167be80", "http_status": 200, "body": {"accepted": true, "real_timestamp_ms": 1789277306507, "virtual_time_s": 519.307533, "measure_result": "no_signal"}}
2026-09-13 13:28:31,443 INFO request {"path": "/measure", "payload": {"arena_id": "default", "robot_id": "202601002029", "request_id": "131e9e3c75a04b16995738b952ee2073", "position": {"x": 802.6270275583847, "y": -463.39693041970315}, "channel": 3}, "attempt": 1}
2026-09-13 13:28:31,445 INFO response {"request_id": "131e9e3c75a04b16995738b952ee2073", "http_status": 200, "body": {"accepted": true, "real_timestamp_ms": 1789277306539, "virtual_time_s": 525.307533, "measure_result": "no_signal"}}
2026-09-13 13:28:31,476 INFO request {"path": "/measure", "payload": {"arena_id": "default", "robot_id": "202601002029", "request_id": "d02b771ab4e1402aa54d5e7fd82e1d96", "position": {"x": 802.6270275583847, "y": -463.39693041970315}, "channel": 4}, "attempt": 1}
2026-09-13 13:28:31,491 INFO response {"request_id": "d02b771ab4e1402aa54d5e7fd82e1d96", "http_status": 200, "body": {"accepted": true, "real_timestamp_ms": 1789277306585, "virtual_time_s": 531.307533, "measure_result": "no_signal"}}
2026-09-13 13:28:31,506 INFO request {"path": "/measure", "payload": {"arena_id": "default", "robot_id": "202601002029", "request_id": "883f86b7c9b4498d941f1d914dbc7ef4", "position": {"x": 802.6270275583847, "y": -463.39693041970315}, "channel": 5}, "attempt": 1}
2026-09-13 13:28:31,522 INFO response {"request_id": "883f86b7c9b4498d941f1d914dbc7ef4", "http_status": 200, "body": {"accepted": true, "real_timestamp_ms": 1789277306616, "virtual_time_s": 537.307533, "measure_result": "no_signal"}}
2026-09-13 13:28:31,538 INFO request {"path": "/measure", "payload": {"arena_id": "default", "robot_id": "202601002029", "request_id": "7b62dffc73d04122bf4b397eb60e7f3d", "position": {"x": 802.6270275583847, "y": -463.39693041970315}, "channel": 6}, "attempt": 1}
2026-09-13 13:28:31,540 INFO response {"request_id": "7b62dffc73d04122bf4b397eb60e7f3d", "http_status": 200, "body": {"accepted": true, "real_timestamp_ms": 1789277306634, "virtual_time_s": 543.307533, "measure_result": "no_signal"}}
2026-09-13 13:28:31,572 INFO request {"path": "/measure", "payload": {"arena_id": "default", "robot_id": "202601002029", "request_id": "3381be5bc38548b29b7c266a623ffa05", "position": {"x": 802.6270275583847, "y": -463.39693041970315}, "channel": 7}, "attempt": 1}
2026-09-13 13:28:31,598 INFO response {"request_id": "3381be5bc38548b29b7c266a623ffa05", "http_status": 200, "body": {"accepted": true, "real_timestamp_ms": 1789277306693, "virtual_time_s": 549.307533, "measure_result": "no_signal"}}
2026-09-13 13:28:31,599 INFO request {"path": "/measure", "payload": {"arena_id": "default", "robot_id": "202601002029", "request_id": "f6d585c5c2cc437aa1502c3717175da5", "position": {"x": 802.6270275583847, "y": -463.39693041970315}, "channel": 9}, "attempt": 1}
2026-09-13 13:28:31,613 INFO response {"request_id": "f6d585c5c2cc437aa1502c3717175da5", "http_status": 200, "body": {"accepted": true, "real_timestamp_ms": 1789277306708, "virtual_time_s": 555.307533, "measure_result": "no_signal"}}
2026-09-13 13:28:31,629 INFO request {"path": "/measure", "payload": {"arena_id": "default", "robot_id": "202601002029", "request_id": "c9746125acf248afb53571d3215bc42f", "position": {"x": 802.6270275583847, "y": -463.39693041970315}, "channel": 10}, "attempt": 1}
2026-09-13 13:28:31,645 INFO response {"request_id": "c9746125acf248afb53571d3215bc42f", "http_status": 200, "body": {"accepted": true, "real_timestamp_ms": 1789277306739, "virtual_time_s": 561.307533, "measure_result": "no_signal"}}
2026-09-13 13:28:31,660 INFO request {"path": "/measure", "payload": {"arena_id": "default", "robot_id": "202601002029", "request_id": "36bc80a9e41c4832871f4559b996c143", "position": {"x": 802.6270275583847, "y": -463.39693041970315}, "channel": 11}, "attempt": 1}
2026-09-13 13:28:31,662 INFO response {"request_id": "36bc80a9e41c4832871f4559b996c143", "http_status": 200, "body": {"accepted": true, "real_timestamp_ms": 1789277306757, "virtual_time_s": 567.307533, "measure_result": "no_signal"}}
2026-09-13 13:28:31,693 INFO request {"path": "/measure", "payload": {"arena_id": "default", "robot_id": "202601002029", "request_id": "57bed4ae8e254f038106402983de79fa", "position": {"x": 802.6270275583847, "y": -463.39693041970315}, "channel": 13}, "attempt": 1}
2026-09-13 13:28:31,696 INFO response {"request_id": "57bed4ae8e254f038106402983de79fa", "http_status": 200, "body": {"accepted": true, "real_timestamp_ms": 1789277306790, "virtual_time_s": 573.307533, "measure_result": "direction", "svd_deg": 245.76}}
2026-09-13 13:28:31,732 INFO request {"path": "/measure", "payload": {"arena_id": "default", "robot_id": "202601002029", "request_id": "89511647f84a4d20af2de5a62760946f", "position": {"x": 802.6270275583847, "y": -463.39693041970315}, "channel": 17}, "attempt": 1}
2026-09-13 13:28:31,753 INFO response {"request_id": "89511647f84a4d20af2de5a62760946f", "http_status": 200, "body": {"accepted": true, "real_timestamp_ms": 1789277306847, "virtual_time_s": 579.307533, "measure_result": "direction", "svd_deg": 247.77}}
2026-09-13 13:28:31,759 INFO request {"path": "/measure", "payload": {"arena_id": "default", "robot_id": "202601002029", "request_id": "bde52b239857454aa198e98d679d7b68", "position": {"x": 802.6270275583847, "y": -463.39693041970315}, "channel": 20}, "attempt": 1}
2026-09-13 13:28:31,783 INFO response {"request_id": "bde52b239857454aa198e98d679d7b68", "http_status": 200, "body": {"accepted": true, "real_timestamp_ms": 1789277306878, "virtual_time_s": 585.307533, "measure_result": "no_signal"}}
2026-09-13 13:28:31,853 INFO request {"path": "/measure", "payload": {"arena_id": "default", "robot_id": "202601002029", "request_id": "5e02cf7ef2f849fd8489bc4ebf557422", "position": {"x": 802.6270275583847, "y": -463.39693041970315}, "channel": 16}, "attempt": 1}
2026-09-13 13:28:31,854 INFO response {"request_id": "5e02cf7ef2f849fd8489bc4ebf557422", "http_status": 200, "body": {"accepted": true, "real_timestamp_ms": 1789277306949, "virtual_time_s": 591.307533, "measure_result": "direction", "svd_deg": 330.56}}
2026-09-13 13:28:33,145 INFO request {"path": "/measure", "payload": {"arena_id": "default", "robot_id": "202601002029", "request_id": "b0ce52d18a27433485dc6ae8d807e9d5", "position": {"x": 463.39693041970213, "y": -802.6270275583854}, "channel": 1}, "attempt": 1}
2026-09-13 13:28:33,157 INFO response {"request_id": "b0ce52d18a27433485dc6ae8d807e9d5", "http_status": 200, "body": {"accepted": true, "real_timestamp_ms": 1789277308251, "virtual_time_s": 693.256294, "measure_result": "no_signal"}}
2026-09-13 13:28:33,187 INFO request {"path": "/measure", "payload": {"arena_id": "default", "robot_id": "202601002029", "request_id": "a910dc366a63448f9f720e5d685b57f5", "position": {"x": 463.39693041970213, "y": -802.6270275583854}, "channel": 2}, "attempt": 1}
2026-09-13 13:28:33,190 INFO response {"request_id": "a910dc366a63448f9f720e5d685b57f5", "http_status": 200, "body": {"accepted": true, "real_timestamp_ms": 1789277308284, "virtual_time_s": 699.256294, "measure_result": "no_signal"}}
2026-09-13 13:28:33,206 INFO request {"path": "/measure", "payload": {"arena_id": "default", "robot_id": "202601002029", "request_id": "1f88175862064f1db957fb04d0157e79", "position": {"x": 463.39693041970213, "y": -802.6270275583854}, "channel": 3}, "attempt": 1}
2026-09-13 13:28:33,218 INFO response {"request_id": "1f88175862064f1db957fb04d0157e79", "http_status": 200, "body": {"accepted": true, "real_timestamp_ms": 1789277308313, "virtual_time_s": 705.256294, "measure_result": "no_signal"}}
2026-09-13 13:28:33,250 INFO request {"path": "/measure", "payload": {"arena_id": "default", "robot_id": "202601002029", "request_id": "ee540002093b43d2a9925a9cc487b3df", "position": {"x": 463.39693041970213, "y": -802.6270275583854}, "channel": 4}, "attempt": 1}
2026-09-13 13:28:33,252 INFO response {"request_id": "ee540002093b43d2a9925a9cc487b3df", "http_status": 200, "body": {"accepted": true, "real_timestamp_ms": 1789277308346, "virtual_time_s": 711.256294, "measure_result": "no_signal"}}
2026-09-13 13:28:33,283 INFO request {"path": "/measure", "payload": {"arena_id": "default", "robot_id": "202601002029", "request_id": "ea8f45e6e54e431987e720a8100c3dcf", "position": {"x": 463.39693041970213, "y": -802.6270275583854}, "channel": 5}, "attempt": 1}
2026-09-13 13:28:33,296 INFO response {"request_id": "ea8f45e6e54e431987e720a8100c3dcf", "http_status": 200, "body": {"accepted": true, "real_timestamp_ms": 1789277308391, "virtual_time_s": 717.256294, "measure_result": "no_signal"}}
2026-09-13 13:28:33,311 INFO request {"path": "/measure", "payload": {"arena_id": "default", "robot_id": "202601002029", "request_id": "1c6b646fb12f41029e38759e15214b38", "position": {"x": 463.39693041970213, "y": -802.6270275583854}, "channel": 6}, "attempt": 1}
2026-09-13 13:28:33,313 INFO response {"request_id": "1c6b646fb12f41029e38759e15214b38", "http_status": 200, "body": {"accepted": true, "real_timestamp_ms": 1789277308408, "virtual_time_s": 723.256294, "measure_result": "no_signal"}}
2026-09-13 13:28:33,344 INFO request {"path": "/measure", "payload": {"arena_id": "default", "robot_id": "202601002029", "request_id": "95665873611f4e7cbffdcfdf4965bd3c", "position": {"x": 463.39693041970213, "y": -802.6270275583854}, "channel": 7}, "attempt": 1}
2026-09-13 13:28:33,358 INFO response {"request_id": "95665873611f4e7cbffdcfdf4965bd3c", "http_status": 200, "body": {"accepted": true, "real_timestamp_ms": 1789277308452, "virtual_time_s": 729.256294, "measure_result": "no_signal"}}
2026-09-13 13:28:33,374 INFO request {"path": "/measure", "payload": {"arena_id": "default", "robot_id": "202601002029", "request_id": "98abe5e2c0be46c58a473f7715227d37", "position": {"x": 463.39693041970213, "y": -802.6270275583854}, "channel": 9}, "attempt": 1}
2026-09-13 13:28:33,376 INFO response {"request_id": "98abe5e2c0be46c58a473f7715227d37", "http_status": 200, "body": {"accepted": true, "real_timestamp_ms": 1789277308470, "virtual_time_s": 735.256294, "measure_result": "direction", "svd_deg": 213.86}}
2026-09-13 13:28:33,395 INFO request {"path": "/measure", "payload": {"arena_id": "default", "robot_id": "202601002029", "request_id": "007570f11b8c4cb197c7cf4ea41fc11c", "position": {"x": 463.39693041970213, "y": -802.6270275583854}, "channel": 10}, "attempt": 1}
2026-09-13 13:28:33,398 INFO response {"request_id": "007570f11b8c4cb197c7cf4ea41fc11c", "http_status": 200, "body": {"accepted": true, "real_timestamp_ms": 1789277308492, "virtual_time_s": 741.256294, "measure_result": "no_signal"}}
2026-09-13 13:28:33,429 INFO request {"path": "/measure", "payload": {"arena_id": "default", "robot_id": "202601002029", "request_id": "a1b5789179c04398bcf8dbe4688cd739", "position": {"x": 463.39693041970213, "y": -802.6270275583854}, "channel": 11}, "attempt": 1}
2026-09-13 13:28:33,431 INFO response {"request_id": "a1b5789179c04398bcf8dbe4688cd739", "http_status": 200, "body": {"accepted": true, "real_timestamp_ms": 1789277308525, "virtual_time_s": 747.256294, "measure_result": "no_signal"}}
2026-09-13 13:28:33,461 INFO request {"path": "/measure", "payload": {"arena_id": "default", "robot_id": "202601002029", "request_id": "1d30dabb07bc4e0f9ac7e1441381d061", "position": {"x": 463.39693041970213, "y": -802.6270275583854}, "channel": 20}, "attempt": 1}
2026-09-13 13:28:33,482 INFO response {"request_id": "1d30dabb07bc4e0f9ac7e1441381d061", "http_status": 200, "body": {"accepted": true, "real_timestamp_ms": 1789277308576, "virtual_time_s": 753.256294, "measure_result": "no_signal"}}
2026-09-13 13:28:33,571 INFO request {"path": "/measure", "payload": {"arena_id": "default", "robot_id": "202601002029", "request_id": "68bc6a48142b4fe092ab6c537fba6338", "position": {"x": 463.39693041970213, "y": -802.6270275583854}, "channel": 15}, "attempt": 1}
2026-09-13 13:28:33,591 INFO response {"request_id": "68bc6a48142b4fe092ab6c537fba6338", "http_status": 200, "body": {"accepted": true, "real_timestamp_ms": 1789277308685, "virtual_time_s": 759.256294, "measure_result": "direction", "svd_deg": 170.32}}
2026-09-13 13:28:33,608 INFO request {"path": "/measure", "payload": {"arena_id": "default", "robot_id": "202601002029", "request_id": "600ccaf04ce540ec8584487a7b4d651d", "position": {"x": 463.39693041970213, "y": -802.6270275583854}, "channel": 13}, "attempt": 1}
2026-09-13 13:28:33,610 INFO response {"request_id": "600ccaf04ce540ec8584487a7b4d651d", "http_status": 200, "body": {"accepted": true, "real_timestamp_ms": 1789277308704, "virtual_time_s": 765.256294, "measure_result": "no_signal"}}
2026-09-13 13:28:33,641 INFO request {"path": "/measure", "payload": {"arena_id": "default", "robot_id": "202601002029", "request_id": "1af94034981d4a598214895fcca90aaa", "position": {"x": 463.39693041970213, "y": -802.6270275583854}, "channel": 17}, "attempt": 1}
2026-09-13 13:28:33,642 INFO response {"request_id": "1af94034981d4a598214895fcca90aaa", "http_status": 200, "body": {"accepted": true, "real_timestamp_ms": 1789277308737, "virtual_time_s": 771.256294, "measure_result": "direction", "svd_deg": 258.71}}
2026-09-13 13:28:34,837 INFO request {"path": "/measure", "payload": {"arena_id": "default", "robot_id": "202601002029", "request_id": "ea3daabe170d4b10b2f9a1598af73237", "position": {"x": -1.702492702719593e-13, "y": -926.7938608394055}, "channel": 1}, "attempt": 1}
2026-09-13 13:28:34,838 INFO response {"request_id": "ea3daabe170d4b10b2f9a1598af73237", "http_status": 200, "body": {"accepted": true, "real_timestamp_ms": 1789277309933, "virtual_time_s": 873.205055, "measure_result": "no_signal"}}
2026-09-13 13:28:34,869 INFO request {"path": "/measure", "payload": {"arena_id": "default", "robot_id": "202601002029", "request_id": "5a65aafbef0d4bca992873d6f5aaaa94", "position": {"x": -1.702492702719593e-13, "y": -926.7938608394055}, "channel": 2}, "attempt": 1}
2026-09-13 13:28:34,870 INFO response {"request_id": "5a65aafbef0d4bca992873d6f5aaaa94", "http_status": 200, "body": {"accepted": true, "real_timestamp_ms": 1789277309965, "virtual_time_s": 879.205055, "measure_result": "no_signal"}}
2026-09-13 13:28:34,901 INFO request {"path": "/measure", "payload": {"arena_id": "default", "robot_id": "202601002029", "request_id": "4cbc3435dbea4673b353ca74b09bfa06", "position": {"x": -1.702492702719593e-13, "y": -926.7938608394055}, "channel": 3}, "attempt": 1}
2026-09-13 13:28:34,902 INFO response {"request_id": "4cbc3435dbea4673b353ca74b09bfa06", "http_status": 200, "body": {"accepted": true, "real_timestamp_ms": 1789277309997, "virtual_time_s": 885.205055, "measure_result": "no_signal"}}
2026-09-13 13:28:34,933 INFO request {"path": "/measure", "payload": {"arena_id": "default", "robot_id": "202601002029", "request_id": "5b5cbc3ebfe84c85acc49ebbf026d0dc", "position": {"x": -1.702492702719593e-13, "y": -926.7938608394055}, "channel": 4}, "attempt": 1}
2026-09-13 13:28:34,949 INFO response {"request_id": "5b5cbc3ebfe84c85acc49ebbf026d0dc", "http_status": 200, "body": {"accepted": true, "real_timestamp_ms": 1789277310043, "virtual_time_s": 891.205055, "measure_result": "no_signal"}}
2026-09-13 13:28:34,965 INFO request {"path": "/measure", "payload": {"arena_id": "default", "robot_id": "202601002029", "request_id": "4b6962dfa4124e44a1c090a4f00a3893", "position": {"x": -1.702492702719593e-13, "y": -926.7938608394055}, "channel": 5}, "attempt": 1}
2026-09-13 13:28:34,980 INFO response {"request_id": "4b6962dfa4124e44a1c090a4f00a3893", "http_status": 200, "body": {"accepted": true, "real_timestamp_ms": 1789277310074, "virtual_time_s": 897.205055, "measure_result": "no_signal"}}
2026-09-13 13:28:34,996 INFO request {"path": "/measure", "payload": {"arena_id": "default", "robot_id": "202601002029", "request_id": "df33a2fc6ec3482fa0882bd5786ff52e", "position": {"x": -1.702492702719593e-13, "y": -926.7938608394055}, "channel": 6}, "attempt": 1}
2026-09-13 13:28:35,011 INFO response {"request_id": "df33a2fc6ec3482fa0882bd5786ff52e", "http_status": 200, "body": {"accepted": true, "real_timestamp_ms": 1789277310106, "virtual_time_s": 903.205055, "measure_result": "no_signal"}}
2026-09-13 13:28:35,026 INFO request {"path": "/measure", "payload": {"arena_id": "default", "robot_id": "202601002029", "request_id": "4b1e120905c74780a8eba6e90c0cdfbe", "position": {"x": -1.702492702719593e-13, "y": -926.7938608394055}, "channel": 7}, "attempt": 1}
2026-09-13 13:28:35,028 INFO response {"request_id": "4b1e120905c74780a8eba6e90c0cdfbe", "http_status": 200, "body": {"accepted": true, "real_timestamp_ms": 1789277310122, "virtual_time_s": 909.205055, "measure_result": "no_signal"}}
2026-09-13 13:28:35,059 INFO request {"path": "/measure", "payload": {"arena_id": "default", "robot_id": "202601002029", "request_id": "253fa4aa3814402c82a7d1dbd537a90c", "position": {"x": -1.702492702719593e-13, "y": -926.7938608394055}, "channel": 10}, "attempt": 1}
2026-09-13 13:28:35,060 INFO response {"request_id": "253fa4aa3814402c82a7d1dbd537a90c", "http_status": 200, "body": {"accepted": true, "real_timestamp_ms": 1789277310155, "virtual_time_s": 915.205055, "measure_result": "no_signal"}}
2026-09-13 13:28:35,091 INFO request {"path": "/measure", "payload": {"arena_id": "default", "robot_id": "202601002029", "request_id": "38e2289d024f4242b43fa482b2d8b2a3", "position": {"x": -1.702492702719593e-13, "y": -926.7938608394055}, "channel": 11}, "attempt": 1}
2026-09-13 13:28:35,092 INFO response {"request_id": "38e2289d024f4242b43fa482b2d8b2a3", "http_status": 200, "body": {"accepted": true, "real_timestamp_ms": 1789277310187, "virtual_time_s": 921.205055, "measure_result": "no_signal"}}
2026-09-13 13:28:35,123 INFO request {"path": "/measure", "payload": {"arena_id": "default", "robot_id": "202601002029", "request_id": "7123873412b84c1887b6d156b3938b3c", "position": {"x": -1.702492702719593e-13, "y": -926.7938608394055}, "channel": 20}, "attempt": 1}
2026-09-13 13:28:35,125 INFO response {"request_id": "7123873412b84c1887b6d156b3938b3c", "http_status": 200, "body": {"accepted": true, "real_timestamp_ms": 1789277310219, "virtual_time_s": 927.205055, "measure_result": "no_signal"}}
2026-09-13 13:28:35,250 INFO request {"path": "/measure", "payload": {"arena_id": "default", "robot_id": "202601002029", "request_id": "c8aec3e687cd468ca105d2b3dcd67160", "position": {"x": -1.702492702719593e-13, "y": -926.7938608394055}, "channel": 15}, "attempt": 1}
2026-09-13 13:28:35,277 INFO response {"request_id": "c8aec3e687cd468ca105d2b3dcd67160", "http_status": 200, "body": {"accepted": true, "real_timestamp_ms": 1789277310372, "virtual_time_s": 933.205055, "measure_result": "direction", "svd_deg": 150.56}}
2026-09-13 13:28:35,284 INFO request {"path": "/measure", "payload": {"arena_id": "default", "robot_id": "202601002029", "request_id": "8af2ccdb57a54c7fa6b602ac09941983", "position": {"x": -1.702492702719593e-13, "y": -926.7938608394055}, "channel": 9}, "attempt": 1}
2026-09-13 13:28:35,286 INFO response {"request_id": "8af2ccdb57a54c7fa6b602ac09941983", "http_status": 200, "body": {"accepted": true, "real_timestamp_ms": 1789277310380, "virtual_time_s": 939.205055, "measure_result": "direction", "svd_deg": 234.89}}
2026-09-13 13:28:35,322 INFO request {"path": "/measure", "payload": {"arena_id": "default", "robot_id": "202601002029", "request_id": "c5c9fafdd0e54551ab68c2b24174b9a6", "position": {"x": -1.702492702719593e-13, "y": -926.7938608394055}, "channel": 19}, "attempt": 1}
2026-09-13 13:28:35,323 INFO response {"request_id": "c5c9fafdd0e54551ab68c2b24174b9a6", "http_status": 200, "body": {"accepted": true, "real_timestamp_ms": 1789277310418, "virtual_time_s": 945.205055, "measure_result": "direction", "svd_deg": 31.89}}
2026-09-13 13:28:36,396 INFO request {"path": "/measure", "payload": {"arena_id": "default", "robot_id": "202601002029", "request_id": "0d0c0b2ace504e29b80ddc853273482a", "position": {"x": -463.39693041970315, "y": -802.6270275583848}, "channel": 1}, "attempt": 1}
2026-09-13 13:28:36,397 INFO response {"request_id": "0d0c0b2ace504e29b80ddc853273482a", "http_status": 200, "body": {"accepted": true, "real_timestamp_ms": 1789277311492, "virtual_time_s": 1047.153816, "measure_result": "no_signal"}}
2026-09-13 13:28:36,428 INFO request {"path": "/measure", "payload": {"arena_id": "default", "robot_id": "202601002029", "request_id": "576f2680778842eb83605c4c9dbfba46", "position": {"x": -463.39693041970315, "y": -802.6270275583848}, "channel": 2}, "attempt": 1}
2026-09-13 13:28:36,446 INFO response {"request_id": "576f2680778842eb83605c4c9dbfba46", "http_status": 200, "body": {"accepted": true, "real_timestamp_ms": 1789277311540, "virtual_time_s": 1053.153816, "measure_result": "no_signal"}}
2026-09-13 13:28:36,462 INFO request {"path": "/measure", "payload": {"arena_id": "default", "robot_id": "202601002029", "request_id": "7a91e2425e984e128f5587a966f4baf2", "position": {"x": -463.39693041970315, "y": -802.6270275583848}, "channel": 3}, "attempt": 1}
2026-09-13 13:28:36,493 INFO response {"request_id": "7a91e2425e984e128f5587a966f4baf2", "http_status": 200, "body": {"accepted": true, "real_timestamp_ms": 1789277311588, "virtual_time_s": 1059.153816, "measure_result": "no_signal"}}
2026-09-13 13:28:36,494 INFO request {"path": "/measure", "payload": {"arena_id": "default", "robot_id": "202601002029", "request_id": "3367d16c1f5b4a4e92327997fa711696", "position": {"x": -463.39693041970315, "y": -802.6270275583848}, "channel": 4}, "attempt": 1}
2026-09-13 13:28:36,495 INFO response {"request_id": "3367d16c1f5b4a4e92327997fa711696", "http_status": 200, "body": {"accepted": true, "real_timestamp_ms": 1789277311590, "virtual_time_s": 1065.153816, "measure_result": "no_signal"}}
2026-09-13 13:28:36,526 INFO request {"path": "/measure", "payload": {"arena_id": "default", "robot_id": "202601002029", "request_id": "ef362aa9867047b4b72af09a397db335", "position": {"x": -463.39693041970315, "y": -802.6270275583848}, "channel": 5}, "attempt": 1}
2026-09-13 13:28:36,539 INFO response {"request_id": "ef362aa9867047b4b72af09a397db335", "http_status": 200, "body": {"accepted": true, "real_timestamp_ms": 1789277311634, "virtual_time_s": 1071.153816, "measure_result": "no_signal"}}
2026-09-13 13:28:36,553 INFO request {"path": "/measure", "payload": {"arena_id": "default", "robot_id": "202601002029", "request_id": "d756f0bad5f24462bcf17fc0a22c41d7", "position": {"x": -463.39693041970315, "y": -802.6270275583848}, "channel": 6}, "attempt": 1}
2026-09-13 13:28:36,570 INFO response {"request_id": "d756f0bad5f24462bcf17fc0a22c41d7", "http_status": 200, "body": {"accepted": true, "real_timestamp_ms": 1789277311664, "virtual_time_s": 1077.153816, "measure_result": "no_signal"}}
2026-09-13 13:28:36,586 INFO request {"path": "/measure", "payload": {"arena_id": "default", "robot_id": "202601002029", "request_id": "ef8a0c7bb9394318a03968493d6fecb8", "position": {"x": -463.39693041970315, "y": -802.6270275583848}, "channel": 7}, "attempt": 1}
2026-09-13 13:28:36,602 INFO response {"request_id": "ef8a0c7bb9394318a03968493d6fecb8", "http_status": 200, "body": {"accepted": true, "real_timestamp_ms": 1789277311696, "virtual_time_s": 1083.153816, "measure_result": "no_signal"}}
2026-09-13 13:28:36,617 INFO request {"path": "/measure", "payload": {"arena_id": "default", "robot_id": "202601002029", "request_id": "2256bd98056d4794aa74d4233a5f4c66", "position": {"x": -463.39693041970315, "y": -802.6270275583848}, "channel": 10}, "attempt": 1}
2026-09-13 13:28:36,632 INFO response {"request_id": "2256bd98056d4794aa74d4233a5f4c66", "http_status": 200, "body": {"accepted": true, "real_timestamp_ms": 1789277311727, "virtual_time_s": 1089.153816, "measure_result": "no_signal"}}
2026-09-13 13:28:36,647 INFO request {"path": "/measure", "payload": {"arena_id": "default", "robot_id": "202601002029", "request_id": "77a2bd7d40164bc3b3328cfd37ba1a0c", "position": {"x": -463.39693041970315, "y": -802.6270275583848}, "channel": 11}, "attempt": 1}
2026-09-13 13:28:36,648 INFO response {"request_id": "77a2bd7d40164bc3b3328cfd37ba1a0c", "http_status": 200, "body": {"accepted": true, "real_timestamp_ms": 1789277311743, "virtual_time_s": 1095.153816, "measure_result": "no_signal"}}
2026-09-13 13:28:36,679 INFO request {"path": "/measure", "payload": {"arena_id": "default", "robot_id": "202601002029", "request_id": "25f7e7d5618f4447b96c6b27ac973b6a", "position": {"x": -463.39693041970315, "y": -802.6270275583848}, "channel": 20}, "attempt": 1}
2026-09-13 13:28:36,681 INFO response {"request_id": "25f7e7d5618f4447b96c6b27ac973b6a", "http_status": 200, "body": {"accepted": true, "real_timestamp_ms": 1789277311775, "virtual_time_s": 1101.153816, "measure_result": "no_signal"}}
2026-09-13 13:28:36,757 INFO request {"path": "/measure", "payload": {"arena_id": "default", "robot_id": "202601002029", "request_id": "b527fc0a065949e8a28b17284e7345ec", "position": {"x": -463.39693041970315, "y": -802.6270275583848}, "channel": 9}, "attempt": 1}
2026-09-13 13:28:36,759 INFO response {"request_id": "b527fc0a065949e8a28b17284e7345ec", "http_status": 200, "body": {"accepted": true, "real_timestamp_ms": 1789277311854, "virtual_time_s": 1107.153816, "measure_result": "direction", "svd_deg": 292.82}}
2026-09-13 13:28:36,793 INFO request {"path": "/measure", "payload": {"arena_id": "default", "robot_id": "202601002029", "request_id": "589e887ae24d4463ae3a99eac7e19744", "position": {"x": -463.39693041970315, "y": -802.6270275583848}, "channel": 18}, "attempt": 1}
2026-09-13 13:28:36,804 INFO response {"request_id": "589e887ae24d4463ae3a99eac7e19744", "http_status": 200, "body": {"accepted": true, "real_timestamp_ms": 1789277311899, "virtual_time_s": 1113.153816, "measure_result": "direction", "svd_deg": 113.17}}
2026-09-13 13:28:36,824 INFO request {"path": "/measure", "payload": {"arena_id": "default", "robot_id": "202601002029", "request_id": "d064373251444dab9adf28221b8b6f5d", "position": {"x": -463.39693041970315, "y": -802.6270275583848}, "channel": 17}, "attempt": 1}
2026-09-13 13:28:36,825 INFO response {"request_id": "d064373251444dab9adf28221b8b6f5d", "http_status": 200, "body": {"accepted": true, "real_timestamp_ms": 1789277311920, "virtual_time_s": 1119.153816, "measure_result": "direction", "svd_deg": 309.1}}
2026-09-13 13:28:37,385 INFO request {"path": "/clear", "payload": {"arena_id": "default", "robot_id": "202601002029", "request_id": "c4ed3d5cea074068a18c5a4b667912e5", "position": {"x": -519.1352243274, "y": -634.1257181637518}, "channel": 15}, "attempt": 1}
2026-09-13 13:28:37,387 INFO response {"request_id": "c4ed3d5cea074068a18c5a4b667912e5", "http_status": 200, "body": {"accepted": true, "real_timestamp_ms": 1789277312482, "virtual_time_s": 1159.649984, "clear_result": "success"}}
2026-09-13 13:28:37,429 INFO request {"path": "/measure", "payload": {"arena_id": "default", "robot_id": "202601002029", "request_id": "16ca673fcda44f08b20d73e5450becc4", "position": {"x": -802.6270275583852, "y": -463.39693041970247}, "channel": 1}, "attempt": 1}
2026-09-13 13:28:37,430 INFO response {"request_id": "16ca673fcda44f08b20d73e5450becc4", "http_status": 200, "body": {"accepted": true, "real_timestamp_ms": 1789277312526, "virtual_time_s": 1231.836364, "measure_result": "no_signal"}}
2026-09-13 13:28:37,461 INFO request {"path": "/measure", "payload": {"arena_id": "default", "robot_id": "202601002029", "request_id": "55bf8cd7fab34eb494c152becb6742b3", "position": {"x": -802.6270275583852, "y": -463.39693041970247}, "channel": 2}, "attempt": 1}
2026-09-13 13:28:37,481 INFO response {"request_id": "55bf8cd7fab34eb494c152becb6742b3", "http_status": 200, "body": {"accepted": true, "real_timestamp_ms": 1789277312575, "virtual_time_s": 1237.836364, "measure_result": "no_signal"}}
2026-09-13 13:28:37,497 INFO request {"path": "/measure", "payload": {"arena_id": "default", "robot_id": "202601002029", "request_id": "a5afb35042ff4561b5f0a0f629877bee", "position": {"x": -802.6270275583852, "y": -463.39693041970247}, "channel": 3}, "attempt": 1}
2026-09-13 13:28:37,513 INFO response {"request_id": "a5afb35042ff4561b5f0a0f629877bee", "http_status": 200, "body": {"accepted": true, "real_timestamp_ms": 1789277312607, "virtual_time_s": 1243.836364, "measure_result": "no_signal"}}
2026-09-13 13:28:37,527 INFO request {"path": "/measure", "payload": {"arena_id": "default", "robot_id": "202601002029", "request_id": "b18745b3df4144d6b27ce6ed0056ce5f", "position": {"x": -802.6270275583852, "y": -463.39693041970247}, "channel": 4}, "attempt": 1}
2026-09-13 13:28:37,544 INFO response {"request_id": "b18745b3df4144d6b27ce6ed0056ce5f", "http_status": 200, "body": {"accepted": true, "real_timestamp_ms": 1789277312638, "virtual_time_s": 1249.836364, "measure_result": "no_signal"}}
2026-09-13 13:28:37,559 INFO request {"path": "/measure", "payload": {"arena_id": "default", "robot_id": "202601002029", "request_id": "706f24bda652419f8cf2491203ab76ca", "position": {"x": -802.6270275583852, "y": -463.39693041970247}, "channel": 5}, "attempt": 1}
2026-09-13 13:28:37,575 INFO response {"request_id": "706f24bda652419f8cf2491203ab76ca", "http_status": 200, "body": {"accepted": true, "real_timestamp_ms": 1789277312669, "virtual_time_s": 1255.836364, "measure_result": "no_signal"}}
2026-09-13 13:28:37,591 INFO request {"path": "/measure", "payload": {"arena_id": "default", "robot_id": "202601002029", "request_id": "6fbbf87a11fa41b6bcc1f4f9d61eff71", "position": {"x": -802.6270275583852, "y": -463.39693041970247}, "channel": 6}, "attempt": 1}
2026-09-13 13:28:37,607 INFO response {"request_id": "6fbbf87a11fa41b6bcc1f4f9d61eff71", "http_status": 200, "body": {"accepted": true, "real_timestamp_ms": 1789277312702, "virtual_time_s": 1261.836364, "measure_result": "no_signal"}}
2026-09-13 13:28:37,623 INFO request {"path": "/measure", "payload": {"arena_id": "default", "robot_id": "202601002029", "request_id": "a2c294118eb34ae8a35908fb723b2837", "position": {"x": -802.6270275583852, "y": -463.39693041970247}, "channel": 7}, "attempt": 1}
2026-09-13 13:28:37,624 INFO response {"request_id": "a2c294118eb34ae8a35908fb723b2837", "http_status": 200, "body": {"accepted": true, "real_timestamp_ms": 1789277312719, "virtual_time_s": 1267.836364, "measure_result": "no_signal"}}
2026-09-13 13:28:37,655 INFO request {"path": "/measure", "payload": {"arena_id": "default", "robot_id": "202601002029", "request_id": "8bbecc821a6749ebb6c52526bf17f9be", "position": {"x": -802.6270275583852, "y": -463.39693041970247}, "channel": 10}, "attempt": 1}
2026-09-13 13:28:37,656 INFO response {"request_id": "8bbecc821a6749ebb6c52526bf17f9be", "http_status": 200, "body": {"accepted": true, "real_timestamp_ms": 1789277312751, "virtual_time_s": 1273.836364, "measure_result": "no_signal"}}
2026-09-13 13:28:37,687 INFO request {"path": "/measure", "payload": {"arena_id": "default", "robot_id": "202601002029", "request_id": "cce86671a5064246b273832e62ae2671", "position": {"x": -802.6270275583852, "y": -463.39693041970247}, "channel": 11}, "attempt": 1}
2026-09-13 13:28:37,702 INFO response {"request_id": "cce86671a5064246b273832e62ae2671", "http_status": 200, "body": {"accepted": true, "real_timestamp_ms": 1789277312797, "virtual_time_s": 1279.836364, "measure_result": "no_signal"}}
2026-09-13 13:28:37,718 INFO request {"path": "/measure", "payload": {"arena_id": "default", "robot_id": "202601002029", "request_id": "52529fe4085649249c1a0fc775c2150c", "position": {"x": -802.6270275583852, "y": -463.39693041970247}, "channel": 20}, "attempt": 1}
2026-09-13 13:28:37,733 INFO response {"request_id": "52529fe4085649249c1a0fc775c2150c", "http_status": 200, "body": {"accepted": true, "real_timestamp_ms": 1789277312828, "virtual_time_s": 1285.836364, "measure_result": "no_signal"}}
2026-09-13 13:28:37,792 INFO request {"path": "/measure", "payload": {"arena_id": "default", "robot_id": "202601002029", "request_id": "4ae6661c03a94966877439aa678cb496", "position": {"x": -802.6270275583852, "y": -463.39693041970247}, "channel": 18}, "attempt": 1}
2026-09-13 13:28:37,813 INFO response {"request_id": "4ae6661c03a94966877439aa678cb496", "http_status": 200, "body": {"accepted": true, "real_timestamp_ms": 1789277312908, "virtual_time_s": 1291.836364, "measure_result": "direction", "svd_deg": 95.8}}
2026-09-13 13:28:39,023 INFO request {"path": "/measure", "payload": {"arena_id": "default", "robot_id": "202601002029", "request_id": "335931404ecc4a11bded5806d1b040d0", "position": {"x": -926.7938608394055, "y": 1.1349951351463954e-13}, "channel": 1}, "attempt": 1}
2026-09-13 13:28:39,024 INFO response {"request_id": "335931404ecc4a11bded5806d1b040d0", "http_status": 200, "body": {"accepted": true, "real_timestamp_ms": 1789277314119, "virtual_time_s": 1393.785125, "measure_result": "no_signal"}}
2026-09-13 13:28:39,055 INFO request {"path": "/measure", "payload": {"arena_id": "default", "robot_id": "202601002029", "request_id": "d988c80e18dd4817a87fb8b582a1ea6a", "position": {"x": -926.7938608394055, "y": 1.1349951351463954e-13}, "channel": 2}, "attempt": 1}
2026-09-13 13:28:39,073 INFO response {"request_id": "d988c80e18dd4817a87fb8b582a1ea6a", "http_status": 200, "body": {"accepted": true, "real_timestamp_ms": 1789277314168, "virtual_time_s": 1399.785125, "measure_result": "no_signal"}}
2026-09-13 13:28:39,089 INFO request {"path": "/measure", "payload": {"arena_id": "default", "robot_id": "202601002029", "request_id": "22518efc733f4b7cb5322da82c9da4d6", "position": {"x": -926.7938608394055, "y": 1.1349951351463954e-13}, "channel": 3}, "attempt": 1}
2026-09-13 13:28:39,092 INFO response {"request_id": "22518efc733f4b7cb5322da82c9da4d6", "http_status": 200, "body": {"accepted": true, "real_timestamp_ms": 1789277314186, "virtual_time_s": 1405.785125, "measure_result": "no_signal"}}
2026-09-13 13:28:39,126 INFO request {"path": "/measure", "payload": {"arena_id": "default", "robot_id": "202601002029", "request_id": "1e17bc1d9428417faefc72f42bd3d6bf", "position": {"x": -926.7938608394055, "y": 1.1349951351463954e-13}, "channel": 4}, "attempt": 1}
2026-09-13 13:28:39,128 INFO response {"request_id": "1e17bc1d9428417faefc72f42bd3d6bf", "http_status": 200, "body": {"accepted": true, "real_timestamp_ms": 1789277314223, "virtual_time_s": 1411.785125, "measure_result": "no_signal"}}
2026-09-13 13:28:39,143 INFO request {"path": "/measure", "payload": {"arena_id": "default", "robot_id": "202601002029", "request_id": "7b362596250d4784860b0be9e74fd504", "position": {"x": -926.7938608394055, "y": 1.1349951351463954e-13}, "channel": 5}, "attempt": 1}
2026-09-13 13:28:39,166 INFO response {"request_id": "7b362596250d4784860b0be9e74fd504", "http_status": 200, "body": {"accepted": true, "real_timestamp_ms": 1789277314261, "virtual_time_s": 1417.785125, "measure_result": "no_signal"}}
2026-09-13 13:28:39,181 INFO request {"path": "/measure", "payload": {"arena_id": "default", "robot_id": "202601002029", "request_id": "dd903de69abd48099bc81294b3ef5963", "position": {"x": -926.7938608394055, "y": 1.1349951351463954e-13}, "channel": 6}, "attempt": 1}
2026-09-13 13:28:39,197 INFO response {"request_id": "dd903de69abd48099bc81294b3ef5963", "http_status": 200, "body": {"accepted": true, "real_timestamp_ms": 1789277314292, "virtual_time_s": 1423.785125, "measure_result": "no_signal"}}
2026-09-13 13:28:39,213 INFO request {"path": "/measure", "payload": {"arena_id": "default", "robot_id": "202601002029", "request_id": "d40a6e7fff8f4ac88dbad5627def77fd", "position": {"x": -926.7938608394055, "y": 1.1349951351463954e-13}, "channel": 7}, "attempt": 1}
2026-09-13 13:28:39,229 INFO response {"request_id": "d40a6e7fff8f4ac88dbad5627def77fd", "http_status": 200, "body": {"accepted": true, "real_timestamp_ms": 1789277314323, "virtual_time_s": 1429.785125, "measure_result": "no_signal"}}
2026-09-13 13:28:39,245 INFO request {"path": "/measure", "payload": {"arena_id": "default", "robot_id": "202601002029", "request_id": "f82d4a1c503c4ca2ad99497a38d2ce37", "position": {"x": -926.7938608394055, "y": 1.1349951351463954e-13}, "channel": 10}, "attempt": 1}
2026-09-13 13:28:39,247 INFO response {"request_id": "f82d4a1c503c4ca2ad99497a38d2ce37", "http_status": 200, "body": {"accepted": true, "real_timestamp_ms": 1789277314341, "virtual_time_s": 1435.785125, "measure_result": "no_signal"}}
2026-09-13 13:28:39,279 INFO request {"path": "/measure", "payload": {"arena_id": "default", "robot_id": "202601002029", "request_id": "a54c7ff2c8fc4da1aa233dfda162cffb", "position": {"x": -926.7938608394055, "y": 1.1349951351463954e-13}, "channel": 11}, "attempt": 1}
2026-09-13 13:28:39,306 INFO response {"request_id": "a54c7ff2c8fc4da1aa233dfda162cffb", "http_status": 200, "body": {"accepted": true, "real_timestamp_ms": 1789277314401, "virtual_time_s": 1441.785125, "measure_result": "no_signal"}}
2026-09-13 13:28:39,306 INFO request {"path": "/measure", "payload": {"arena_id": "default", "robot_id": "202601002029", "request_id": "dd12e2c9be1a48d49f5d4efc5e10af92", "position": {"x": -926.7938608394055, "y": 1.1349951351463954e-13}, "channel": 20}, "attempt": 1}
2026-09-13 13:28:39,321 INFO response {"request_id": "dd12e2c9be1a48d49f5d4efc5e10af92", "http_status": 200, "body": {"accepted": true, "real_timestamp_ms": 1789277314416, "virtual_time_s": 1447.785125, "measure_result": "no_signal"}}
2026-09-13 13:28:39,352 INFO request {"path": "/measure", "payload": {"arena_id": "default", "robot_id": "202601002029", "request_id": "19c92e24fcae45eea3120a04ecf1997b", "position": {"x": -926.7938608394055, "y": 1.1349951351463954e-13}, "channel": 18}, "attempt": 1}
2026-09-13 13:28:39,367 INFO response {"request_id": "19c92e24fcae45eea3120a04ecf1997b", "http_status": 200, "body": {"accepted": true, "real_timestamp_ms": 1789277314462, "virtual_time_s": 1453.785125, "measure_result": "direction", "svd_deg": 67.21}}
2026-09-13 13:28:40,075 INFO request {"path": "/clear", "payload": {"arena_id": "default", "robot_id": "202601002029", "request_id": "be32fe4a976343e497e10ec2c38f4476", "position": {"x": -865.0973550277712, "y": 144.8180449218619}, "channel": 18}, "attempt": 1}
2026-09-13 13:28:40,091 INFO response {"request_id": "be32fe4a976343e497e10ec2c38f4476", "http_status": 200, "body": {"accepted": true, "real_timestamp_ms": 1789277315185, "virtual_time_s": 1490.267644, "clear_result": "success"}}
2026-09-13 13:28:40,161 INFO request {"path": "/measure", "payload": {"arena_id": "default", "robot_id": "202601002029", "request_id": "56d65ca4321f40f3882dcb32997752d7", "position": {"x": -802.6270275583848, "y": 463.39693041970304}, "channel": 1}, "attempt": 1}
2026-09-13 13:28:40,161 INFO response {"request_id": "56d65ca4321f40f3882dcb32997752d7", "http_status": 200, "body": {"accepted": true, "real_timestamp_ms": 1789277315256, "virtual_time_s": 1561.196851, "measure_result": "no_signal"}}
2026-09-13 13:28:40,192 INFO request {"path": "/measure", "payload": {"arena_id": "default", "robot_id": "202601002029", "request_id": "dc2bb00d88e64ae4a74142b60a443f7a", "position": {"x": -802.6270275583848, "y": 463.39693041970304}, "channel": 2}, "attempt": 1}
2026-09-13 13:28:40,194 INFO response {"request_id": "dc2bb00d88e64ae4a74142b60a443f7a", "http_status": 200, "body": {"accepted": true, "real_timestamp_ms": 1789277315288, "virtual_time_s": 1567.196851, "measure_result": "no_signal"}}
2026-09-13 13:28:40,225 INFO request {"path": "/measure", "payload": {"arena_id": "default", "robot_id": "202601002029", "request_id": "29145f6c9a4544d9a6e4794de0b43bbf", "position": {"x": -802.6270275583848, "y": 463.39693041970304}, "channel": 3}, "attempt": 1}
2026-09-13 13:28:40,226 INFO response {"request_id": "29145f6c9a4544d9a6e4794de0b43bbf", "http_status": 200, "body": {"accepted": true, "real_timestamp_ms": 1789277315321, "virtual_time_s": 1573.196851, "measure_result": "no_signal"}}
2026-09-13 13:28:40,258 INFO request {"path": "/measure", "payload": {"arena_id": "default", "robot_id": "202601002029", "request_id": "d1f8a5cbc2474bab84bf830338473f1c", "position": {"x": -802.6270275583848, "y": 463.39693041970304}, "channel": 4}, "attempt": 1}
2026-09-13 13:28:40,259 INFO response {"request_id": "d1f8a5cbc2474bab84bf830338473f1c", "http_status": 200, "body": {"accepted": true, "real_timestamp_ms": 1789277315354, "virtual_time_s": 1579.196851, "measure_result": "no_signal"}}
2026-09-13 13:28:40,290 INFO request {"path": "/measure", "payload": {"arena_id": "default", "robot_id": "202601002029", "request_id": "39581e14115744e08e77b547e7d3066d", "position": {"x": -802.6270275583848, "y": 463.39693041970304}, "channel": 5}, "attempt": 1}
2026-09-13 13:28:40,311 INFO response {"request_id": "39581e14115744e08e77b547e7d3066d", "http_status": 200, "body": {"accepted": true, "real_timestamp_ms": 1789277315406, "virtual_time_s": 1585.196851, "measure_result": "no_signal"}}
2026-09-13 13:28:40,326 INFO request {"path": "/measure", "payload": {"arena_id": "default", "robot_id": "202601002029", "request_id": "a33989c092134ca5a29cf29173d789d3", "position": {"x": -802.6270275583848, "y": 463.39693041970304}, "channel": 6}, "attempt": 1}
2026-09-13 13:28:40,343 INFO response {"request_id": "a33989c092134ca5a29cf29173d789d3", "http_status": 200, "body": {"accepted": true, "real_timestamp_ms": 1789277315437, "virtual_time_s": 1591.196851, "measure_result": "no_signal"}}
2026-09-13 13:28:40,358 INFO request {"path": "/measure", "payload": {"arena_id": "default", "robot_id": "202601002029", "request_id": "a68cc359ef644be194b39204feb41594", "position": {"x": -802.6270275583848, "y": 463.39693041970304}, "channel": 7}, "attempt": 1}
2026-09-13 13:28:40,373 INFO response {"request_id": "a68cc359ef644be194b39204feb41594", "http_status": 200, "body": {"accepted": true, "real_timestamp_ms": 1789277315468, "virtual_time_s": 1597.196851, "measure_result": "no_signal"}}
2026-09-13 13:28:40,388 INFO request {"path": "/measure", "payload": {"arena_id": "default", "robot_id": "202601002029", "request_id": "02f950c2be164aae92a773d4bf44fe00", "position": {"x": -802.6270275583848, "y": 463.39693041970304}, "channel": 10}, "attempt": 1}
2026-09-13 13:28:40,403 INFO response {"request_id": "02f950c2be164aae92a773d4bf44fe00", "http_status": 200, "body": {"accepted": true, "real_timestamp_ms": 1789277315498, "virtual_time_s": 1603.196851, "measure_result": "no_signal"}}
2026-09-13 13:28:40,419 INFO request {"path": "/measure", "payload": {"arena_id": "default", "robot_id": "202601002029", "request_id": "d361a7136641484e83f3462d43523c72", "position": {"x": -802.6270275583848, "y": 463.39693041970304}, "channel": 11}, "attempt": 1}
2026-09-13 13:28:40,421 INFO response {"request_id": "d361a7136641484e83f3462d43523c72", "http_status": 200, "body": {"accepted": true, "real_timestamp_ms": 1789277315515, "virtual_time_s": 1609.196851, "measure_result": "no_signal"}}
2026-09-13 13:28:40,452 INFO request {"path": "/measure", "payload": {"arena_id": "default", "robot_id": "202601002029", "request_id": "72c86f41ddc441b4895856c3f17bab85", "position": {"x": -802.6270275583848, "y": 463.39693041970304}, "channel": 20}, "attempt": 1}
2026-09-13 13:28:40,454 INFO response {"request_id": "72c86f41ddc441b4895856c3f17bab85", "http_status": 200, "body": {"accepted": true, "real_timestamp_ms": 1789277315549, "virtual_time_s": 1615.196851, "measure_result": "no_signal"}}
2026-09-13 13:28:41,795 INFO request {"path": "/measure", "payload": {"arena_id": "default", "robot_id": "202601002029", "request_id": "5687b962b1754eebadea29ee4a1a5884", "position": {"x": -463.3969304197025, "y": 802.6270275583851}, "channel": 20}, "attempt": 1}
2026-09-13 13:28:41,798 INFO response {"request_id": "5687b962b1754eebadea29ee4a1a5884", "http_status": 200, "body": {"accepted": true, "real_timestamp_ms": 1789277316892, "virtual_time_s": 1716.145612, "measure_result": "no_signal"}}
2026-09-13 13:28:41,828 INFO request {"path": "/measure", "payload": {"arena_id": "default", "robot_id": "202601002029", "request_id": "255c8662285f425697b6d95d7fd6b4e7", "position": {"x": -463.3969304197025, "y": 802.6270275583851}, "channel": 1}, "attempt": 1}
2026-09-13 13:28:41,830 INFO response {"request_id": "255c8662285f425697b6d95d7fd6b4e7", "http_status": 200, "body": {"accepted": true, "real_timestamp_ms": 1789277316925, "virtual_time_s": 1722.145612, "measure_result": "no_signal"}}
2026-09-13 13:28:41,845 INFO request {"path": "/measure", "payload": {"arena_id": "default", "robot_id": "202601002029", "request_id": "ef11851a46e9470c9bbd22f109d27655", "position": {"x": -463.3969304197025, "y": 802.6270275583851}, "channel": 2}, "attempt": 1}
2026-09-13 13:28:41,847 INFO response {"request_id": "ef11851a46e9470c9bbd22f109d27655", "http_status": 200, "body": {"accepted": true, "real_timestamp_ms": 1789277316941, "virtual_time_s": 1728.145612, "measure_result": "no_signal"}}
2026-09-13 13:28:41,863 INFO request {"path": "/measure", "payload": {"arena_id": "default", "robot_id": "202601002029", "request_id": "d8830589ee64439db3265a96df94a02f", "position": {"x": -463.3969304197025, "y": 802.6270275583851}, "channel": 3}, "attempt": 1}
2026-09-13 13:28:41,865 INFO response {"request_id": "d8830589ee64439db3265a96df94a02f", "http_status": 200, "body": {"accepted": true, "real_timestamp_ms": 1789277316960, "virtual_time_s": 1734.145612, "measure_result": "no_signal"}}
2026-09-13 13:28:41,896 INFO request {"path": "/measure", "payload": {"arena_id": "default", "robot_id": "202601002029", "request_id": "335f52f54ec64c12af18564adf1be423", "position": {"x": -463.3969304197025, "y": 802.6270275583851}, "channel": 4}, "attempt": 1}
2026-09-13 13:28:41,898 INFO response {"request_id": "335f52f54ec64c12af18564adf1be423", "http_status": 200, "body": {"accepted": true, "real_timestamp_ms": 1789277316993, "virtual_time_s": 1740.145612, "measure_result": "no_signal"}}
2026-09-13 13:28:41,929 INFO request {"path": "/measure", "payload": {"arena_id": "default", "robot_id": "202601002029", "request_id": "9c3f02bafa8a4ade8f3f29fc4c39ba77", "position": {"x": -463.3969304197025, "y": 802.6270275583851}, "channel": 5}, "attempt": 1}
2026-09-13 13:28:41,931 INFO response {"request_id": "9c3f02bafa8a4ade8f3f29fc4c39ba77", "http_status": 200, "body": {"accepted": true, "real_timestamp_ms": 1789277317025, "virtual_time_s": 1746.145612, "measure_result": "no_signal"}}
2026-09-13 13:28:41,962 INFO request {"path": "/measure", "payload": {"arena_id": "default", "robot_id": "202601002029", "request_id": "09975d35bed74e149d79e637cd596d76", "position": {"x": -463.3969304197025, "y": 802.6270275583851}, "channel": 6}, "attempt": 1}
2026-09-13 13:28:41,964 INFO response {"request_id": "09975d35bed74e149d79e637cd596d76", "http_status": 200, "body": {"accepted": true, "real_timestamp_ms": 1789277317059, "virtual_time_s": 1752.145612, "measure_result": "no_signal"}}
2026-09-13 13:28:41,995 INFO request {"path": "/measure", "payload": {"arena_id": "default", "robot_id": "202601002029", "request_id": "ca31e8f4411c436989c9072c4000d41f", "position": {"x": -463.3969304197025, "y": 802.6270275583851}, "channel": 7}, "attempt": 1}
2026-09-13 13:28:41,998 INFO response {"request_id": "ca31e8f4411c436989c9072c4000d41f", "http_status": 200, "body": {"accepted": true, "real_timestamp_ms": 1789277317092, "virtual_time_s": 1758.145612, "measure_result": "no_signal"}}
2026-09-13 13:28:42,029 INFO request {"path": "/measure", "payload": {"arena_id": "default", "robot_id": "202601002029", "request_id": "fb478914676a4b28b5103f6d5d9ff1d1", "position": {"x": -463.3969304197025, "y": 802.6270275583851}, "channel": 10}, "attempt": 1}
2026-09-13 13:28:42,050 INFO response {"request_id": "fb478914676a4b28b5103f6d5d9ff1d1", "http_status": 200, "body": {"accepted": true, "real_timestamp_ms": 1789277317145, "virtual_time_s": 1764.145612, "measure_result": "no_signal"}}
2026-09-13 13:28:42,050 INFO request {"path": "/measure", "payload": {"arena_id": "default", "robot_id": "202601002029", "request_id": "1ff9a441ec1b4429b70cddad0d80a1e8", "position": {"x": -463.3969304197025, "y": 802.6270275583851}, "channel": 11}, "attempt": 1}
2026-09-13 13:28:42,052 INFO response {"request_id": "1ff9a441ec1b4429b70cddad0d80a1e8", "http_status": 200, "body": {"accepted": true, "real_timestamp_ms": 1789277317147, "virtual_time_s": 1770.145612, "measure_result": "no_signal"}}
2026-09-13 13:28:43,445 INFO request {"path": "/measure", "payload": {"arena_id": "default", "robot_id": "202601002029", "request_id": "6833bab963774d94b393695c394f704a", "position": {"x": 5.674975675731977e-14, "y": 926.7938608394055}, "channel": 11}, "attempt": 1}
2026-09-13 13:28:43,470 INFO response {"request_id": "6833bab963774d94b393695c394f704a", "http_status": 200, "body": {"accepted": true, "real_timestamp_ms": 1789277318564, "virtual_time_s": 1871.094373, "measure_result": "no_signal"}}
2026-09-13 13:28:43,485 INFO request {"path": "/measure", "payload": {"arena_id": "default", "robot_id": "202601002029", "request_id": "36a793e7ca6948c2835f23f999051ad0", "position": {"x": 5.674975675731977e-14, "y": 926.7938608394055}, "channel": 1}, "attempt": 1}
2026-09-13 13:28:43,487 INFO response {"request_id": "36a793e7ca6948c2835f23f999051ad0", "http_status": 200, "body": {"accepted": true, "real_timestamp_ms": 1789277318581, "virtual_time_s": 1877.094373, "measure_result": "no_signal"}}
2026-09-13 13:28:43,502 INFO request {"path": "/measure", "payload": {"arena_id": "default", "robot_id": "202601002029", "request_id": "354cbb5b7c4e484dac702a95bfad11fc", "position": {"x": 5.674975675731977e-14, "y": 926.7938608394055}, "channel": 2}, "attempt": 1}
2026-09-13 13:28:43,504 INFO response {"request_id": "354cbb5b7c4e484dac702a95bfad11fc", "http_status": 200, "body": {"accepted": true, "real_timestamp_ms": 1789277318598, "virtual_time_s": 1883.094373, "measure_result": "no_signal"}}
2026-09-13 13:28:43,535 INFO request {"path": "/measure", "payload": {"arena_id": "default", "robot_id": "202601002029", "request_id": "f010c5f672504359b25265bf0a7968bc", "position": {"x": 5.674975675731977e-14, "y": 926.7938608394055}, "channel": 3}, "attempt": 1}
2026-09-13 13:28:43,536 INFO response {"request_id": "f010c5f672504359b25265bf0a7968bc", "http_status": 200, "body": {"accepted": true, "real_timestamp_ms": 1789277318631, "virtual_time_s": 1889.094373, "measure_result": "no_signal"}}
2026-09-13 13:28:43,568 INFO request {"path": "/measure", "payload": {"arena_id": "default", "robot_id": "202601002029", "request_id": "d42cb37937934f4ea77174e3c63955d1", "position": {"x": 5.674975675731977e-14, "y": 926.7938608394055}, "channel": 4}, "attempt": 1}
2026-09-13 13:28:43,580 INFO response {"request_id": "d42cb37937934f4ea77174e3c63955d1", "http_status": 200, "body": {"accepted": true, "real_timestamp_ms": 1789277318674, "virtual_time_s": 1895.094373, "measure_result": "no_signal"}}
2026-09-13 13:28:43,595 INFO request {"path": "/measure", "payload": {"arena_id": "default", "robot_id": "202601002029", "request_id": "451fba681a61474e9b8271b304561862", "position": {"x": 5.674975675731977e-14, "y": 926.7938608394055}, "channel": 5}, "attempt": 1}
2026-09-13 13:28:43,612 INFO response {"request_id": "451fba681a61474e9b8271b304561862", "http_status": 200, "body": {"accepted": true, "real_timestamp_ms": 1789277318706, "virtual_time_s": 1901.094373, "measure_result": "no_signal"}}
2026-09-13 13:28:43,613 INFO request {"path": "/measure", "payload": {"arena_id": "default", "robot_id": "202601002029", "request_id": "64ea9bab3e7e4147978afe679abb92a4", "position": {"x": 5.674975675731977e-14, "y": 926.7938608394055}, "channel": 6}, "attempt": 1}
2026-09-13 13:28:43,627 INFO response {"request_id": "64ea9bab3e7e4147978afe679abb92a4", "http_status": 200, "body": {"accepted": true, "real_timestamp_ms": 1789277318721, "virtual_time_s": 1907.094373, "measure_result": "no_signal"}}
2026-09-13 13:28:43,658 INFO request {"path": "/measure", "payload": {"arena_id": "default", "robot_id": "202601002029", "request_id": "230e341687554e5394f2cf924f901582", "position": {"x": 5.674975675731977e-14, "y": 926.7938608394055}, "channel": 7}, "attempt": 1}
2026-09-13 13:28:43,660 INFO response {"request_id": "230e341687554e5394f2cf924f901582", "http_status": 200, "body": {"accepted": true, "real_timestamp_ms": 1789277318753, "virtual_time_s": 1913.094373, "measure_result": "no_signal"}}
2026-09-13 13:28:43,674 INFO request {"path": "/measure", "payload": {"arena_id": "default", "robot_id": "202601002029", "request_id": "da475b2f5c32416382fa859037b0276a", "position": {"x": 5.674975675731977e-14, "y": 926.7938608394055}, "channel": 10}, "attempt": 1}
2026-09-13 13:28:43,690 INFO response {"request_id": "da475b2f5c32416382fa859037b0276a", "http_status": 200, "body": {"accepted": true, "real_timestamp_ms": 1789277318784, "virtual_time_s": 1919.094373, "measure_result": "no_signal"}}
2026-09-13 13:28:43,706 INFO request {"path": "/measure", "payload": {"arena_id": "default", "robot_id": "202601002029", "request_id": "c81b91fd26a341c3add5e60c6421eb32", "position": {"x": 5.674975675731977e-14, "y": 926.7938608394055}, "channel": 20}, "attempt": 1}
2026-09-13 13:28:43,722 INFO response {"request_id": "c81b91fd26a341c3add5e60c6421eb32", "http_status": 200, "body": {"accepted": true, "real_timestamp_ms": 1789277318817, "virtual_time_s": 1925.094373, "measure_result": "no_signal"}}
2026-09-13 13:28:43,781 INFO request {"path": "/measure", "payload": {"arena_id": "default", "robot_id": "202601002029", "request_id": "31e25af26bcc40b2a5fa0d8163e3e963", "position": {"x": 5.674975675731977e-14, "y": 926.7938608394055}, "channel": 14}, "attempt": 1}
2026-09-13 13:28:43,782 INFO response {"request_id": "31e25af26bcc40b2a5fa0d8163e3e963", "http_status": 200, "body": {"accepted": true, "real_timestamp_ms": 1789277318877, "virtual_time_s": 1931.094373, "measure_result": "direction", "svd_deg": 10.42}}
2026-09-13 13:28:43,801 INFO request {"path": "/measure", "payload": {"arena_id": "default", "robot_id": "202601002029", "request_id": "7ebefb34ae744af380f07b330476e76c", "position": {"x": 5.674975675731977e-14, "y": 926.7938608394055}, "channel": 12}, "attempt": 1}
2026-09-13 13:28:43,804 INFO response {"request_id": "7ebefb34ae744af380f07b330476e76c", "http_status": 200, "body": {"accepted": true, "real_timestamp_ms": 1789277318898, "virtual_time_s": 1937.094373, "measure_result": "direction", "svd_deg": 338.97}}
2026-09-13 13:28:45,190 INFO request {"path": "/measure", "payload": {"arena_id": "default", "robot_id": "202601002029", "request_id": "817550a5a013497085ac5caf9fa3bfad", "position": {"x": 463.39693041970287, "y": 802.627027558385}, "channel": 1}, "attempt": 1}
2026-09-13 13:28:45,191 INFO response {"request_id": "817550a5a013497085ac5caf9fa3bfad", "http_status": 200, "body": {"accepted": true, "real_timestamp_ms": 1789277320286, "virtual_time_s": 2039.043134, "measure_result": "no_signal"}}
2026-09-13 13:28:45,221 INFO request {"path": "/measure", "payload": {"arena_id": "default", "robot_id": "202601002029", "request_id": "37ac874c0fa54a26bda6ffda7d5b32b2", "position": {"x": 463.39693041970287, "y": 802.627027558385}, "channel": 2}, "attempt": 1}
2026-09-13 13:28:45,245 INFO response {"request_id": "37ac874c0fa54a26bda6ffda7d5b32b2", "http_status": 200, "body": {"accepted": true, "real_timestamp_ms": 1789277320340, "virtual_time_s": 2045.043134, "measure_result": "no_signal"}}
2026-09-13 13:28:45,261 INFO request {"path": "/measure", "payload": {"arena_id": "default", "robot_id": "202601002029", "request_id": "c9e4944c36ee432f9d4edaee7dc3be54", "position": {"x": 463.39693041970287, "y": 802.627027558385}, "channel": 3}, "attempt": 1}
2026-09-13 13:28:45,264 INFO response {"request_id": "c9e4944c36ee432f9d4edaee7dc3be54", "http_status": 200, "body": {"accepted": true, "real_timestamp_ms": 1789277320358, "virtual_time_s": 2051.043134, "measure_result": "no_signal"}}
2026-09-13 13:28:45,295 INFO request {"path": "/measure", "payload": {"arena_id": "default", "robot_id": "202601002029", "request_id": "af3280e801d24f2c835dce0244ad940a", "position": {"x": 463.39693041970287, "y": 802.627027558385}, "channel": 4}, "attempt": 1}
2026-09-13 13:28:45,323 INFO response {"request_id": "af3280e801d24f2c835dce0244ad940a", "http_status": 200, "body": {"accepted": true, "real_timestamp_ms": 1789277320417, "virtual_time_s": 2057.043134, "measure_result": "no_signal"}}
2026-09-13 13:28:45,323 INFO request {"path": "/measure", "payload": {"arena_id": "default", "robot_id": "202601002029", "request_id": "d26935767ffa4d7bb3f0697d89b6ab96", "position": {"x": 463.39693041970287, "y": 802.627027558385}, "channel": 5}, "attempt": 1}
2026-09-13 13:28:45,326 INFO response {"request_id": "d26935767ffa4d7bb3f0697d89b6ab96", "http_status": 200, "body": {"accepted": true, "real_timestamp_ms": 1789277320420, "virtual_time_s": 2063.043134, "measure_result": "no_signal"}}
2026-09-13 13:28:45,357 INFO request {"path": "/measure", "payload": {"arena_id": "default", "robot_id": "202601002029", "request_id": "e0bbc7f4e4584b4f862304d0a998adeb", "position": {"x": 463.39693041970287, "y": 802.627027558385}, "channel": 6}, "attempt": 1}
2026-09-13 13:28:45,386 INFO response {"request_id": "e0bbc7f4e4584b4f862304d0a998adeb", "http_status": 200, "body": {"accepted": true, "real_timestamp_ms": 1789277320480, "virtual_time_s": 2069.043134, "measure_result": "no_signal"}}
2026-09-13 13:28:45,386 INFO request {"path": "/measure", "payload": {"arena_id": "default", "robot_id": "202601002029", "request_id": "f315a69b6b5b461f8a1a5ed50124cf56", "position": {"x": 463.39693041970287, "y": 802.627027558385}, "channel": 7}, "attempt": 1}
2026-09-13 13:28:45,388 INFO response {"request_id": "f315a69b6b5b461f8a1a5ed50124cf56", "http_status": 200, "body": {"accepted": true, "real_timestamp_ms": 1789277320483, "virtual_time_s": 2075.043134, "measure_result": "no_signal"}}
2026-09-13 13:28:45,419 INFO request {"path": "/measure", "payload": {"arena_id": "default", "robot_id": "202601002029", "request_id": "607cc263a8e942cebe1cfbf8577febca", "position": {"x": 463.39693041970287, "y": 802.627027558385}, "channel": 10}, "attempt": 1}
2026-09-13 13:28:45,445 INFO response {"request_id": "607cc263a8e942cebe1cfbf8577febca", "http_status": 200, "body": {"accepted": true, "real_timestamp_ms": 1789277320540, "virtual_time_s": 2081.043134, "measure_result": "no_signal"}}
2026-09-13 13:28:45,445 INFO request {"path": "/measure", "payload": {"arena_id": "default", "robot_id": "202601002029", "request_id": "dffb7b24739945aebce7824e6ca0c6ed", "position": {"x": 463.39693041970287, "y": 802.627027558385}, "channel": 11}, "attempt": 1}
2026-09-13 13:28:45,446 INFO response {"request_id": "dffb7b24739945aebce7824e6ca0c6ed", "http_status": 200, "body": {"accepted": true, "real_timestamp_ms": 1789277320541, "virtual_time_s": 2087.043134, "measure_result": "no_signal"}}
2026-09-13 13:28:45,477 INFO request {"path": "/measure", "payload": {"arena_id": "default", "robot_id": "202601002029", "request_id": "5065e62353ed433b951d5c6f2e799ee4", "position": {"x": 463.39693041970287, "y": 802.627027558385}, "channel": 20}, "attempt": 1}
2026-09-13 13:28:45,479 INFO response {"request_id": "5065e62353ed433b951d5c6f2e799ee4", "http_status": 200, "body": {"accepted": true, "real_timestamp_ms": 1789277320572, "virtual_time_s": 2093.043134, "measure_result": "no_signal"}}
2026-09-13 13:28:45,545 INFO request {"path": "/measure", "payload": {"arena_id": "default", "robot_id": "202601002029", "request_id": "63878daf21d2474a8f3cfd861dbf7883", "position": {"x": 463.39693041970287, "y": 802.627027558385}, "channel": 12}, "attempt": 1}
2026-09-13 13:28:45,546 INFO response {"request_id": "63878daf21d2474a8f3cfd861dbf7883", "http_status": 200, "body": {"accepted": true, "real_timestamp_ms": 1789277320641, "virtual_time_s": 2099.043134, "measure_result": "direction", "svd_deg": 335.62}}
2026-09-13 13:28:46,129 INFO request {"path": "/clear", "payload": {"arena_id": "default", "robot_id": "202601002029", "request_id": "4eae480136fa435fac45a480a4c38b97", "position": {"x": 644.4203632753486, "y": 528.1328475986465}, "channel": 8}, "attempt": 1}
2026-09-13 13:28:46,130 INFO response {"request_id": "4eae480136fa435fac45a480a4c38b97", "http_status": 200, "body": {"accepted": true, "real_timestamp_ms": 1789277321225, "virtual_time_s": 2169.805293, "clear_result": "success"}}
2026-09-13 13:28:46,187 INFO request {"path": "/measure", "payload": {"arena_id": "default", "robot_id": "202601002029", "request_id": "2429084186dd43e083d71fda448f7900", "position": {"x": 802.6270275583851, "y": 463.3969304197027}, "channel": 1}, "attempt": 1}
2026-09-13 13:28:46,188 INFO response {"request_id": "2429084186dd43e083d71fda448f7900", "http_status": 200, "body": {"accepted": true, "real_timestamp_ms": 1789277321282, "virtual_time_s": 2209.993061, "measure_result": "no_signal"}}
2026-09-13 13:28:46,219 INFO request {"path": "/measure", "payload": {"arena_id": "default", "robot_id": "202601002029", "request_id": "150b572f943143998a72b3d41fe507f9", "position": {"x": 802.6270275583851, "y": 463.3969304197027}, "channel": 2}, "attempt": 1}
2026-09-13 13:28:46,244 INFO response {"request_id": "150b572f943143998a72b3d41fe507f9", "http_status": 200, "body": {"accepted": true, "real_timestamp_ms": 1789277321338, "virtual_time_s": 2215.993061, "measure_result": "no_signal"}}
2026-09-13 13:28:46,244 INFO request {"path": "/measure", "payload": {"arena_id": "default", "robot_id": "202601002029", "request_id": "15e2b13cb16941d7b965c92e91a583c5", "position": {"x": 802.6270275583851, "y": 463.3969304197027}, "channel": 3}, "attempt": 1}
2026-09-13 13:28:46,259 INFO response {"request_id": "15e2b13cb16941d7b965c92e91a583c5", "http_status": 200, "body": {"accepted": true, "real_timestamp_ms": 1789277321353, "virtual_time_s": 2221.993061, "measure_result": "no_signal"}}
2026-09-13 13:28:46,274 INFO request {"path": "/measure", "payload": {"arena_id": "default", "robot_id": "202601002029", "request_id": "ecac359b03174dab9e44a4ff51d96e71", "position": {"x": 802.6270275583851, "y": 463.3969304197027}, "channel": 4}, "attempt": 1}
2026-09-13 13:28:46,290 INFO response {"request_id": "ecac359b03174dab9e44a4ff51d96e71", "http_status": 200, "body": {"accepted": true, "real_timestamp_ms": 1789277321384, "virtual_time_s": 2227.993061, "measure_result": "no_signal"}}
2026-09-13 13:28:46,304 INFO request {"path": "/measure", "payload": {"arena_id": "default", "robot_id": "202601002029", "request_id": "10571b244cad46a1a87f3fd4cb4a465f", "position": {"x": 802.6270275583851, "y": 463.3969304197027}, "channel": 5}, "attempt": 1}
2026-09-13 13:28:46,308 INFO response {"request_id": "10571b244cad46a1a87f3fd4cb4a465f", "http_status": 200, "body": {"accepted": true, "real_timestamp_ms": 1789277321402, "virtual_time_s": 2233.993061, "measure_result": "no_signal"}}
2026-09-13 13:28:46,339 INFO request {"path": "/measure", "payload": {"arena_id": "default", "robot_id": "202601002029", "request_id": "a5667b63095f434bb0890fc51b0f0646", "position": {"x": 802.6270275583851, "y": 463.3969304197027}, "channel": 6}, "attempt": 1}
2026-09-13 13:28:46,341 INFO response {"request_id": "a5667b63095f434bb0890fc51b0f0646", "http_status": 200, "body": {"accepted": true, "real_timestamp_ms": 1789277321435, "virtual_time_s": 2239.993061, "measure_result": "no_signal"}}
2026-09-13 13:28:46,371 INFO request {"path": "/measure", "payload": {"arena_id": "default", "robot_id": "202601002029", "request_id": "0c546676ff524d989a60bb76aeb3fb4c", "position": {"x": 802.6270275583851, "y": 463.3969304197027}, "channel": 7}, "attempt": 1}
2026-09-13 13:28:46,374 INFO response {"request_id": "0c546676ff524d989a60bb76aeb3fb4c", "http_status": 200, "body": {"accepted": true, "real_timestamp_ms": 1789277321468, "virtual_time_s": 2245.993061, "measure_result": "no_signal"}}
2026-09-13 13:28:46,406 INFO request {"path": "/measure", "payload": {"arena_id": "default", "robot_id": "202601002029", "request_id": "ff0ccdfc33984b85ab75b9f19817ec63", "position": {"x": 802.6270275583851, "y": 463.3969304197027}, "channel": 10}, "attempt": 1}
2026-09-13 13:28:46,431 INFO response {"request_id": "ff0ccdfc33984b85ab75b9f19817ec63", "http_status": 200, "body": {"accepted": true, "real_timestamp_ms": 1789277321525, "virtual_time_s": 2251.993061, "measure_result": "no_signal"}}
2026-09-13 13:28:46,431 INFO request {"path": "/measure", "payload": {"arena_id": "default", "robot_id": "202601002029", "request_id": "068d78321dc840f590f71a62fad099ef", "position": {"x": 802.6270275583851, "y": 463.3969304197027}, "channel": 11}, "attempt": 1}
2026-09-13 13:28:46,433 INFO response {"request_id": "068d78321dc840f590f71a62fad099ef", "http_status": 200, "body": {"accepted": true, "real_timestamp_ms": 1789277321527, "virtual_time_s": 2257.993061, "measure_result": "no_signal"}}
2026-09-13 13:28:46,463 INFO request {"path": "/measure", "payload": {"arena_id": "default", "robot_id": "202601002029", "request_id": "9932b35c9ba24454a25f459e9cc15a4f", "position": {"x": 802.6270275583851, "y": 463.3969304197027}, "channel": 20}, "attempt": 1}
2026-09-13 13:28:46,478 INFO response {"request_id": "9932b35c9ba24454a25f459e9cc15a4f", "http_status": 200, "body": {"accepted": true, "real_timestamp_ms": 1789277321572, "virtual_time_s": 2263.993061, "measure_result": "no_signal"}}
2026-09-13 13:28:47,065 INFO request {"path": "/clear", "payload": {"arena_id": "default", "robot_id": "202601002029", "request_id": "709971e9c3584923b468b20d54933d72", "position": {"x": 1168.4455728087007, "y": 483.29012363453046}, "channel": 12}, "attempt": 1}
2026-09-13 13:28:47,088 INFO response {"request_id": "709971e9c3584923b468b20d54933d72", "http_status": 200, "body": {"accepted": true, "real_timestamp_ms": 1789277322182, "virtual_time_s": 2342.264869, "clear_result": "success"}}
2026-09-13 13:28:47,135 INFO request {"path": "/measure", "payload": {"arena_id": "default", "robot_id": "202601002029", "request_id": "7223b4ad75cd42e3a3b512bc7b64b03b", "position": {"x": 1802.0, "y": 482.84444476088305}, "channel": 20}, "attempt": 1}
2026-09-13 13:28:47,136 INFO response {"request_id": "7223b4ad75cd42e3a3b512bc7b64b03b", "http_status": 200, "body": {"accepted": true, "real_timestamp_ms": 1789277322231, "virtual_time_s": 2473.975786, "measure_result": "no_signal"}}
2026-09-13 13:28:47,167 INFO request {"path": "/measure", "payload": {"arena_id": "default", "robot_id": "202601002029", "request_id": "8f30f153777743af818f2cea0bb624bf", "position": {"x": 1802.0, "y": 482.84444476088305}, "channel": 1}, "attempt": 1}
2026-09-13 13:28:47,180 INFO response {"request_id": "8f30f153777743af818f2cea0bb624bf", "http_status": 200, "body": {"accepted": true, "real_timestamp_ms": 1789277322274, "virtual_time_s": 2479.975786, "measure_result": "no_signal"}}
2026-09-13 13:28:47,194 INFO request {"path": "/measure", "payload": {"arena_id": "default", "robot_id": "202601002029", "request_id": "2dc8f33bbf7347c59dbfb6b612bcc88d", "position": {"x": 1802.0, "y": 482.84444476088305}, "channel": 2}, "attempt": 1}
2026-09-13 13:28:47,196 INFO response {"request_id": "2dc8f33bbf7347c59dbfb6b612bcc88d", "http_status": 200, "body": {"accepted": true, "real_timestamp_ms": 1789277322290, "virtual_time_s": 2485.975786, "measure_result": "no_signal"}}
2026-09-13 13:28:47,227 INFO request {"path": "/measure", "payload": {"arena_id": "default", "robot_id": "202601002029", "request_id": "b212c3a4efe94f2ba139a181b8838993", "position": {"x": 1802.0, "y": 482.84444476088305}, "channel": 3}, "attempt": 1}
2026-09-13 13:28:47,241 INFO response {"request_id": "b212c3a4efe94f2ba139a181b8838993", "http_status": 200, "body": {"accepted": true, "real_timestamp_ms": 1789277322336, "virtual_time_s": 2491.975786, "measure_result": "no_signal"}}
2026-09-13 13:28:47,256 INFO request {"path": "/measure", "payload": {"arena_id": "default", "robot_id": "202601002029", "request_id": "5bafa1c9e1964d548414fd355cdecf0e", "position": {"x": 1802.0, "y": 482.84444476088305}, "channel": 4}, "attempt": 1}
2026-09-13 13:28:47,257 INFO response {"request_id": "5bafa1c9e1964d548414fd355cdecf0e", "http_status": 200, "body": {"accepted": true, "real_timestamp_ms": 1789277322352, "virtual_time_s": 2497.975786, "measure_result": "no_signal"}}
2026-09-13 13:28:47,288 INFO request {"path": "/measure", "payload": {"arena_id": "default", "robot_id": "202601002029", "request_id": "dcf4affed8f141daae55ea3a4e43a2cc", "position": {"x": 1802.0, "y": 482.84444476088305}, "channel": 5}, "attempt": 1}
2026-09-13 13:28:47,289 INFO response {"request_id": "dcf4affed8f141daae55ea3a4e43a2cc", "http_status": 200, "body": {"accepted": true, "real_timestamp_ms": 1789277322384, "virtual_time_s": 2503.975786, "measure_result": "no_signal"}}
2026-09-13 13:28:47,320 INFO request {"path": "/measure", "payload": {"arena_id": "default", "robot_id": "202601002029", "request_id": "f58d0035615f485ab1a6bbf4fb530754", "position": {"x": 1802.0, "y": 482.84444476088305}, "channel": 6}, "attempt": 1}
2026-09-13 13:28:47,322 INFO response {"request_id": "f58d0035615f485ab1a6bbf4fb530754", "http_status": 200, "body": {"accepted": true, "real_timestamp_ms": 1789277322417, "virtual_time_s": 2509.975786, "measure_result": "no_signal"}}
2026-09-13 13:28:47,353 INFO request {"path": "/measure", "payload": {"arena_id": "default", "robot_id": "202601002029", "request_id": "f63dc959257d4e4b84f5a4358a11504c", "position": {"x": 1802.0, "y": 482.84444476088305}, "channel": 7}, "attempt": 1}
2026-09-13 13:28:47,365 INFO response {"request_id": "f63dc959257d4e4b84f5a4358a11504c", "http_status": 200, "body": {"accepted": true, "real_timestamp_ms": 1789277322459, "virtual_time_s": 2515.975786, "measure_result": "no_signal"}}
2026-09-13 13:28:47,380 INFO request {"path": "/measure", "payload": {"arena_id": "default", "robot_id": "202601002029", "request_id": "0eee8d6fc49d418d8c90b1db06dc0745", "position": {"x": 1802.0, "y": 482.84444476088305}, "channel": 10}, "attempt": 1}
2026-09-13 13:28:47,397 INFO response {"request_id": "0eee8d6fc49d418d8c90b1db06dc0745", "http_status": 200, "body": {"accepted": true, "real_timestamp_ms": 1789277322491, "virtual_time_s": 2521.975786, "measure_result": "no_signal"}}
2026-09-13 13:28:47,413 INFO request {"path": "/measure", "payload": {"arena_id": "default", "robot_id": "202601002029", "request_id": "2a46ca464abc403db4a1ee8728d8fa1c", "position": {"x": 1802.0, "y": 482.84444476088305}, "channel": 11}, "attempt": 1}
2026-09-13 13:28:47,415 INFO response {"request_id": "2a46ca464abc403db4a1ee8728d8fa1c", "http_status": 200, "body": {"accepted": true, "real_timestamp_ms": 1789277322510, "virtual_time_s": 2527.975786, "measure_result": "no_signal"}}
2026-09-13 13:28:47,494 INFO request {"path": "/measure", "payload": {"arena_id": "default", "robot_id": "202601002029", "request_id": "45f9a895aa794ae393b7699058a9b952", "position": {"x": 1802.0, "y": 482.84444476088305}, "channel": 14}, "attempt": 1}
2026-09-13 13:28:47,495 INFO response {"request_id": "45f9a895aa794ae393b7699058a9b952", "http_status": 200, "body": {"accepted": true, "real_timestamp_ms": 1789277322590, "virtual_time_s": 2533.975786, "measure_result": "direction", "svd_deg": 129.65}}
2026-09-13 13:28:48,426 INFO request {"path": "/measure", "payload": {"arena_id": "default", "robot_id": "202601002029", "request_id": "a22a20172fb54ac78778d7b91f37f3c4", "position": {"x": 1801.9999999999995, "y": -482.84444476088464}, "channel": 1}, "attempt": 1}
2026-09-13 13:28:48,428 INFO response {"request_id": "a22a20172fb54ac78778d7b91f37f3c4", "http_status": 200, "body": {"accepted": true, "real_timestamp_ms": 1789277323523, "virtual_time_s": 2733.113564, "measure_result": "no_signal"}}
2026-09-13 13:28:48,458 INFO request {"path": "/measure", "payload": {"arena_id": "default", "robot_id": "202601002029", "request_id": "80867a84818f415eb77ef95bd277d122", "position": {"x": 1801.9999999999995, "y": -482.84444476088464}, "channel": 2}, "attempt": 1}
2026-09-13 13:28:48,461 INFO response {"request_id": "80867a84818f415eb77ef95bd277d122", "http_status": 200, "body": {"accepted": true, "real_timestamp_ms": 1789277323555, "virtual_time_s": 2739.113564, "measure_result": "no_signal"}}
2026-09-13 13:28:48,492 INFO request {"path": "/measure", "payload": {"arena_id": "default", "robot_id": "202601002029", "request_id": "fdc524617e2c425386dafcce1467c146", "position": {"x": 1801.9999999999995, "y": -482.84444476088464}, "channel": 3}, "attempt": 1}
2026-09-13 13:28:48,494 INFO response {"request_id": "fdc524617e2c425386dafcce1467c146", "http_status": 200, "body": {"accepted": true, "real_timestamp_ms": 1789277323587, "virtual_time_s": 2745.113564, "measure_result": "no_signal"}}
2026-09-13 13:28:48,525 INFO request {"path": "/measure", "payload": {"arena_id": "default", "robot_id": "202601002029", "request_id": "cb67e694d3d2458b8a40fb945df32b0b", "position": {"x": 1801.9999999999995, "y": -482.84444476088464}, "channel": 4}, "attempt": 1}
2026-09-13 13:28:48,526 INFO response {"request_id": "cb67e694d3d2458b8a40fb945df32b0b", "http_status": 200, "body": {"accepted": true, "real_timestamp_ms": 1789277323621, "virtual_time_s": 2751.113564, "measure_result": "no_signal"}}
2026-09-13 13:28:48,557 INFO request {"path": "/measure", "payload": {"arena_id": "default", "robot_id": "202601002029", "request_id": "0ebf664a1a8841b4a2057303ed300c05", "position": {"x": 1801.9999999999995, "y": -482.84444476088464}, "channel": 5}, "attempt": 1}
2026-09-13 13:28:48,560 INFO response {"request_id": "0ebf664a1a8841b4a2057303ed300c05", "http_status": 200, "body": {"accepted": true, "real_timestamp_ms": 1789277323654, "virtual_time_s": 2757.113564, "measure_result": "no_signal"}}
2026-09-13 13:28:48,591 INFO request {"path": "/measure", "payload": {"arena_id": "default", "robot_id": "202601002029", "request_id": "72561d72837a476eb02bd16eaededdd6", "position": {"x": 1801.9999999999995, "y": -482.84444476088464}, "channel": 6}, "attempt": 1}
2026-09-13 13:28:48,592 INFO response {"request_id": "72561d72837a476eb02bd16eaededdd6", "http_status": 200, "body": {"accepted": true, "real_timestamp_ms": 1789277323687, "virtual_time_s": 2763.113564, "measure_result": "no_signal"}}
2026-09-13 13:28:48,624 INFO request {"path": "/measure", "payload": {"arena_id": "default", "robot_id": "202601002029", "request_id": "e62321fb477348c48a42d05f79877681", "position": {"x": 1801.9999999999995, "y": -482.84444476088464}, "channel": 7}, "attempt": 1}
2026-09-13 13:28:48,626 INFO response {"request_id": "e62321fb477348c48a42d05f79877681", "http_status": 200, "body": {"accepted": true, "real_timestamp_ms": 1789277323720, "virtual_time_s": 2769.113564, "measure_result": "no_signal"}}
2026-09-13 13:28:48,657 INFO request {"path": "/measure", "payload": {"arena_id": "default", "robot_id": "202601002029", "request_id": "aba46a354fb948dcbcc5708fee7b5e13", "position": {"x": 1801.9999999999995, "y": -482.84444476088464}, "channel": 10}, "attempt": 1}
2026-09-13 13:28:48,658 INFO response {"request_id": "aba46a354fb948dcbcc5708fee7b5e13", "http_status": 200, "body": {"accepted": true, "real_timestamp_ms": 1789277323753, "virtual_time_s": 2775.113564, "measure_result": "no_signal"}}
2026-09-13 13:28:48,673 INFO request {"path": "/measure", "payload": {"arena_id": "default", "robot_id": "202601002029", "request_id": "2b5e9d5a72774cc5b3c643854b176453", "position": {"x": 1801.9999999999995, "y": -482.84444476088464}, "channel": 11}, "attempt": 1}
2026-09-13 13:28:48,686 INFO response {"request_id": "2b5e9d5a72774cc5b3c643854b176453", "http_status": 200, "body": {"accepted": true, "real_timestamp_ms": 1789277323780, "virtual_time_s": 2781.113564, "measure_result": "no_signal"}}
2026-09-13 13:28:48,701 INFO request {"path": "/measure", "payload": {"arena_id": "default", "robot_id": "202601002029", "request_id": "4fa30b284bde41759c437e51c8687c21", "position": {"x": 1801.9999999999995, "y": -482.84444476088464}, "channel": 20}, "attempt": 1}
2026-09-13 13:28:48,704 INFO response {"request_id": "4fa30b284bde41759c437e51c8687c21", "http_status": 200, "body": {"accepted": true, "real_timestamp_ms": 1789277323798, "virtual_time_s": 2787.113564, "measure_result": "no_signal"}}
2026-09-13 13:28:48,757 INFO request {"path": "/measure", "payload": {"arena_id": "default", "robot_id": "202601002029", "request_id": "d8c91211e90b4412b96803699085fe7a", "position": {"x": 1801.9999999999995, "y": -482.84444476088464}, "channel": 16}, "attempt": 1}
2026-09-13 13:28:48,757 INFO response {"request_id": "d8c91211e90b4412b96803699085fe7a", "http_status": 200, "body": {"accepted": true, "real_timestamp_ms": 1789277323852, "virtual_time_s": 2793.113564, "measure_result": "direction", "svd_deg": 212.65}}
2026-09-13 13:28:49,143 INFO request {"path": "/clear", "payload": {"arena_id": "default", "robot_id": "202601002029", "request_id": "7601260f0cbe428f967350d10c516202", "position": {"x": 1341.6749550366821, "y": -777.207560028374}, "channel": 16}, "attempt": 1}
2026-09-13 13:28:49,159 INFO response {"request_id": "7601260f0cbe428f967350d10c516202", "http_status": 200, "body": {"accepted": true, "real_timestamp_ms": 1789277324253, "virtual_time_s": 2907.392801, "clear_result": "success"}}
2026-09-13 13:28:49,209 INFO request {"path": "/measure", "payload": {"arena_id": "default", "robot_id": "202601002029", "request_id": "ec9b8cc8cc0d47b6b285923100ffc614", "position": {"x": 1319.1555552391164, "y": -1319.1555552391171}, "channel": 1}, "attempt": 1}
2026-09-13 13:28:49,211 INFO response {"request_id": "ec9b8cc8cc0d47b6b285923100ffc614", "http_status": 200, "body": {"accepted": true, "real_timestamp_ms": 1789277324306, "virtual_time_s": 3021.875934, "measure_result": "no_signal"}}
2026-09-13 13:28:49,242 INFO request {"path": "/measure", "payload": {"arena_id": "default", "robot_id": "202601002029", "request_id": "39b79ea7d73d4c0f826ac67daa95ea4b", "position": {"x": 1319.1555552391164, "y": -1319.1555552391171}, "channel": 2}, "attempt": 1}
2026-09-13 13:28:49,268 INFO response {"request_id": "39b79ea7d73d4c0f826ac67daa95ea4b", "http_status": 200, "body": {"accepted": true, "real_timestamp_ms": 1789277324362, "virtual_time_s": 3027.875934, "measure_result": "no_signal"}}
2026-09-13 13:28:49,268 INFO request {"path": "/measure", "payload": {"arena_id": "default", "robot_id": "202601002029", "request_id": "97d1d3e9636a4be89de2bbf3313fe76e", "position": {"x": 1319.1555552391164, "y": -1319.1555552391171}, "channel": 3}, "attempt": 1}
2026-09-13 13:28:49,271 INFO response {"request_id": "97d1d3e9636a4be89de2bbf3313fe76e", "http_status": 200, "body": {"accepted": true, "real_timestamp_ms": 1789277324365, "virtual_time_s": 3033.875934, "measure_result": "no_signal"}}
2026-09-13 13:28:49,301 INFO request {"path": "/measure", "payload": {"arena_id": "default", "robot_id": "202601002029", "request_id": "bbd73a2635224164980738a644221cd6", "position": {"x": 1319.1555552391164, "y": -1319.1555552391171}, "channel": 4}, "attempt": 1}
2026-09-13 13:28:49,316 INFO response {"request_id": "bbd73a2635224164980738a644221cd6", "http_status": 200, "body": {"accepted": true, "real_timestamp_ms": 1789277324409, "virtual_time_s": 3039.875934, "measure_result": "no_signal"}}
2026-09-13 13:28:49,331 INFO request {"path": "/measure", "payload": {"arena_id": "default", "robot_id": "202601002029", "request_id": "aad39b2e873a4cffac68a165151b8a2b", "position": {"x": 1319.1555552391164, "y": -1319.1555552391171}, "channel": 5}, "attempt": 1}
2026-09-13 13:28:49,345 INFO response {"request_id": "aad39b2e873a4cffac68a165151b8a2b", "http_status": 200, "body": {"accepted": true, "real_timestamp_ms": 1789277324440, "virtual_time_s": 3045.875934, "measure_result": "no_signal"}}
2026-09-13 13:28:49,376 INFO request {"path": "/measure", "payload": {"arena_id": "default", "robot_id": "202601002029", "request_id": "509c8d8223454598afd4dec5aa68a10c", "position": {"x": 1319.1555552391164, "y": -1319.1555552391171}, "channel": 6}, "attempt": 1}
2026-09-13 13:28:49,392 INFO response {"request_id": "509c8d8223454598afd4dec5aa68a10c", "http_status": 200, "body": {"accepted": true, "real_timestamp_ms": 1789277324486, "virtual_time_s": 3051.875934, "measure_result": "no_signal"}}
2026-09-13 13:28:49,407 INFO request {"path": "/measure", "payload": {"arena_id": "default", "robot_id": "202601002029", "request_id": "40de445f8b5540068ff2eb29635ddedf", "position": {"x": 1319.1555552391164, "y": -1319.1555552391171}, "channel": 7}, "attempt": 1}
2026-09-13 13:28:49,422 INFO response {"request_id": "40de445f8b5540068ff2eb29635ddedf", "http_status": 200, "body": {"accepted": true, "real_timestamp_ms": 1789277324516, "virtual_time_s": 3057.875934, "measure_result": "no_signal"}}
2026-09-13 13:28:49,436 INFO request {"path": "/measure", "payload": {"arena_id": "default", "robot_id": "202601002029", "request_id": "3168143997fa4ab7b3ca742c49019784", "position": {"x": 1319.1555552391164, "y": -1319.1555552391171}, "channel": 10}, "attempt": 1}
2026-09-13 13:28:49,452 INFO response {"request_id": "3168143997fa4ab7b3ca742c49019784", "http_status": 200, "body": {"accepted": true, "real_timestamp_ms": 1789277324547, "virtual_time_s": 3063.875934, "measure_result": "no_signal"}}
2026-09-13 13:28:49,468 INFO request {"path": "/measure", "payload": {"arena_id": "default", "robot_id": "202601002029", "request_id": "0d1e0a1e7a204cd3bc08120059e1b2fd", "position": {"x": 1319.1555552391164, "y": -1319.1555552391171}, "channel": 11}, "attempt": 1}
2026-09-13 13:28:49,469 INFO response {"request_id": "0d1e0a1e7a204cd3bc08120059e1b2fd", "http_status": 200, "body": {"accepted": true, "real_timestamp_ms": 1789277324564, "virtual_time_s": 3069.875934, "measure_result": "no_signal"}}
2026-09-13 13:28:49,499 INFO request {"path": "/measure", "payload": {"arena_id": "default", "robot_id": "202601002029", "request_id": "9935eef490ba45fdb1398e52fcf03adf", "position": {"x": 1319.1555552391164, "y": -1319.1555552391171}, "channel": 20}, "attempt": 1}
2026-09-13 13:28:49,501 INFO response {"request_id": "9935eef490ba45fdb1398e52fcf03adf", "http_status": 200, "body": {"accepted": true, "real_timestamp_ms": 1789277324595, "virtual_time_s": 3075.875934, "measure_result": "no_signal"}}
2026-09-13 13:28:49,541 INFO request {"path": "/measure", "payload": {"arena_id": "default", "robot_id": "202601002029", "request_id": "d76b6b7626d54eb58379739dbbc0cc84", "position": {"x": 1319.1555552391164, "y": -1319.1555552391171}, "channel": 13}, "attempt": 1}
2026-09-13 13:28:49,542 INFO response {"request_id": "d76b6b7626d54eb58379739dbbc0cc84", "http_status": 200, "body": {"accepted": true, "real_timestamp_ms": 1789277324638, "virtual_time_s": 3081.875934, "measure_result": "direction", "svd_deg": 194.27}}
2026-09-13 13:28:49,576 INFO request {"path": "/measure", "payload": {"arena_id": "default", "robot_id": "202601002029", "request_id": "3a86759336444a6dbd142f9ac4b387ab", "position": {"x": 1319.1555552391164, "y": -1319.1555552391171}, "channel": 17}, "attempt": 1}
2026-09-13 13:28:49,578 INFO response {"request_id": "3a86759336444a6dbd142f9ac4b387ab", "http_status": 200, "body": {"accepted": true, "real_timestamp_ms": 1789277324672, "virtual_time_s": 3087.875934, "measure_result": "direction", "svd_deg": 200.77}}
2026-09-13 13:28:50,181 INFO request {"path": "/measure", "payload": {"arena_id": "default", "robot_id": "202601002029", "request_id": "d3ac42f2c4eb426184918aa1bf5fb6ee", "position": {"x": 482.84444476088225, "y": -1802.0000000000002}, "channel": 1}, "attempt": 1}
2026-09-13 13:28:50,183 INFO response {"request_id": "d3ac42f2c4eb426184918aa1bf5fb6ee", "http_status": 200, "body": {"accepted": true, "real_timestamp_ms": 1789277325277, "virtual_time_s": 3287.013712, "measure_result": "no_signal"}}
2026-09-13 13:28:50,214 INFO request {"path": "/measure", "payload": {"arena_id": "default", "robot_id": "202601002029", "request_id": "41de54998bae4e4ba32458880db66dae", "position": {"x": 482.84444476088225, "y": -1802.0000000000002}, "channel": 2}, "attempt": 1}
2026-09-13 13:28:50,216 INFO response {"request_id": "41de54998bae4e4ba32458880db66dae", "http_status": 200, "body": {"accepted": true, "real_timestamp_ms": 1789277325310, "virtual_time_s": 3293.013712, "measure_result": "no_signal"}}
2026-09-13 13:28:50,246 INFO request {"path": "/measure", "payload": {"arena_id": "default", "robot_id": "202601002029", "request_id": "e19e3ed8d0af407391a4e8481180c591", "position": {"x": 482.84444476088225, "y": -1802.0000000000002}, "channel": 3}, "attempt": 1}
2026-09-13 13:28:50,248 INFO response {"request_id": "e19e3ed8d0af407391a4e8481180c591", "http_status": 200, "body": {"accepted": true, "real_timestamp_ms": 1789277325343, "virtual_time_s": 3299.013712, "measure_result": "no_signal"}}
2026-09-13 13:28:50,279 INFO request {"path": "/measure", "payload": {"arena_id": "default", "robot_id": "202601002029", "request_id": "8e0fb77f2fb04c46b7ba95458dfe2a90", "position": {"x": 482.84444476088225, "y": -1802.0000000000002}, "channel": 4}, "attempt": 1}
2026-09-13 13:28:50,281 INFO response {"request_id": "8e0fb77f2fb04c46b7ba95458dfe2a90", "http_status": 200, "body": {"accepted": true, "real_timestamp_ms": 1789277325376, "virtual_time_s": 3305.013712, "measure_result": "no_signal"}}
2026-09-13 13:28:50,312 INFO request {"path": "/measure", "payload": {"arena_id": "default", "robot_id": "202601002029", "request_id": "74219156f5344be5909108ca5528c7cb", "position": {"x": 482.84444476088225, "y": -1802.0000000000002}, "channel": 5}, "attempt": 1}
2026-09-13 13:28:50,314 INFO response {"request_id": "74219156f5344be5909108ca5528c7cb", "http_status": 200, "body": {"accepted": true, "real_timestamp_ms": 1789277325408, "virtual_time_s": 3311.013712, "measure_result": "no_signal"}}
2026-09-13 13:28:50,344 INFO request {"path": "/measure", "payload": {"arena_id": "default", "robot_id": "202601002029", "request_id": "629bc62478b440d5bee20c2605186e01", "position": {"x": 482.84444476088225, "y": -1802.0000000000002}, "channel": 6}, "attempt": 1}
2026-09-13 13:28:50,365 INFO response {"request_id": "629bc62478b440d5bee20c2605186e01", "http_status": 200, "body": {"accepted": true, "real_timestamp_ms": 1789277325460, "virtual_time_s": 3317.013712, "measure_result": "no_signal"}}
2026-09-13 13:28:50,366 INFO request {"path": "/measure", "payload": {"arena_id": "default", "robot_id": "202601002029", "request_id": "86e5842814bf452687e8dd4d6ffe721a", "position": {"x": 482.84444476088225, "y": -1802.0000000000002}, "channel": 7}, "attempt": 1}
2026-09-13 13:28:50,369 INFO response {"request_id": "86e5842814bf452687e8dd4d6ffe721a", "http_status": 200, "body": {"accepted": true, "real_timestamp_ms": 1789277325463, "virtual_time_s": 3323.013712, "measure_result": "no_signal"}}
2026-09-13 13:28:50,400 INFO request {"path": "/measure", "payload": {"arena_id": "default", "robot_id": "202601002029", "request_id": "014ffca065954a6b9d467caaae8b4ce6", "position": {"x": 482.84444476088225, "y": -1802.0000000000002}, "channel": 10}, "attempt": 1}
2026-09-13 13:28:50,402 INFO response {"request_id": "014ffca065954a6b9d467caaae8b4ce6", "http_status": 200, "body": {"accepted": true, "real_timestamp_ms": 1789277325496, "virtual_time_s": 3329.013712, "measure_result": "no_signal"}}
2026-09-13 13:28:50,434 INFO request {"path": "/measure", "payload": {"arena_id": "default", "robot_id": "202601002029", "request_id": "c5a5454aeead4118aa681635e7096a2f", "position": {"x": 482.84444476088225, "y": -1802.0000000000002}, "channel": 11}, "attempt": 1}
2026-09-13 13:28:50,436 INFO response {"request_id": "c5a5454aeead4118aa681635e7096a2f", "http_status": 200, "body": {"accepted": true, "real_timestamp_ms": 1789277325530, "virtual_time_s": 3335.013712, "measure_result": "no_signal"}}
2026-09-13 13:28:50,466 INFO request {"path": "/measure", "payload": {"arena_id": "default", "robot_id": "202601002029", "request_id": "331712bdec764dc4a88ce69d094d5589", "position": {"x": 482.84444476088225, "y": -1802.0000000000002}, "channel": 20}, "attempt": 1}
2026-09-13 13:28:50,468 INFO response {"request_id": "331712bdec764dc4a88ce69d094d5589", "http_status": 200, "body": {"accepted": true, "real_timestamp_ms": 1789277325562, "virtual_time_s": 3341.013712, "measure_result": "no_signal"}}
2026-09-13 13:28:50,534 INFO request {"path": "/measure", "payload": {"arena_id": "default", "robot_id": "202601002029", "request_id": "1c795e47e8344c53a789255258286ff2", "position": {"x": 482.84444476088225, "y": -1802.0000000000002}, "channel": 17}, "attempt": 1}
2026-09-13 13:28:50,535 INFO response {"request_id": "1c795e47e8344c53a789255258286ff2", "http_status": 200, "body": {"accepted": true, "real_timestamp_ms": 1789277325631, "virtual_time_s": 3347.013712, "measure_result": "direction", "svd_deg": 160.01}}
2026-09-13 13:28:50,577 INFO request {"path": "/measure", "payload": {"arena_id": "default", "robot_id": "202601002029", "request_id": "366ad37804144c499fbe87d97054ac2d", "position": {"x": 482.84444476088225, "y": -1802.0000000000002}, "channel": 13}, "attempt": 1}
2026-09-13 13:28:50,598 INFO response {"request_id": "366ad37804144c499fbe87d97054ac2d", "http_status": 200, "body": {"accepted": true, "real_timestamp_ms": 1789277325692, "virtual_time_s": 3353.013712, "measure_result": "direction", "svd_deg": 125.25}}
2026-09-13 13:28:50,765 INFO request {"path": "/clear", "payload": {"arena_id": "default", "robot_id": "202601002029", "request_id": "fdae72018f7245889ac5dbdf4a04bf34", "position": {"x": 277.6893391550083, "y": -1725.4757969399238}, "channel": 17}, "attempt": 1}
2026-09-13 13:28:50,766 INFO response {"request_id": "fdae72018f7245889ac5dbdf4a04bf34", "http_status": 200, "body": {"accepted": true, "real_timestamp_ms": 1789277325861, "virtual_time_s": 3401.80621, "clear_result": "success"}}
2026-09-13 13:28:50,797 INFO request {"path": "/clear", "payload": {"arena_id": "default", "robot_id": "202601002029", "request_id": "c961501afded420a8cd9ef8f5b15d7b5", "position": {"x": 313.1485994255653, "y": -1570.5640692385095}, "channel": 13}, "attempt": 1}
2026-09-13 13:28:50,798 INFO response {"request_id": "c961501afded420a8cd9ef8f5b15d7b5", "http_status": 200, "body": {"accepted": true, "real_timestamp_ms": 1789277325893, "virtual_time_s": 3438.589855, "clear_result": "success"}}
2026-09-13 13:28:50,827 INFO request {"path": "/measure", "payload": {"arena_id": "default", "robot_id": "202601002029", "request_id": "13b8647b3f0c4ae7af26af02b9522724", "position": {"x": -482.8444447608845, "y": -1801.9999999999995}, "channel": 1}, "attempt": 1}
2026-09-13 13:28:50,849 INFO response {"request_id": "13b8647b3f0c4ae7af26af02b9522724", "http_status": 200, "body": {"accepted": true, "real_timestamp_ms": 1789277325944, "virtual_time_s": 3610.380991, "measure_result": "no_signal"}}
2026-09-13 13:28:50,849 INFO request {"path": "/measure", "payload": {"arena_id": "default", "robot_id": "202601002029", "request_id": "a90f5698d814494695f175ff56f2d2aa", "position": {"x": -482.8444447608845, "y": -1801.9999999999995}, "channel": 2}, "attempt": 1}
2026-09-13 13:28:50,865 INFO response {"request_id": "a90f5698d814494695f175ff56f2d2aa", "http_status": 200, "body": {"accepted": true, "real_timestamp_ms": 1789277325959, "virtual_time_s": 3616.380991, "measure_result": "no_signal"}}
2026-09-13 13:28:50,879 INFO request {"path": "/measure", "payload": {"arena_id": "default", "robot_id": "202601002029", "request_id": "d0cf374eb1654af882da5ce39eb5c42a", "position": {"x": -482.8444447608845, "y": -1801.9999999999995}, "channel": 3}, "attempt": 1}
2026-09-13 13:28:50,897 INFO response {"request_id": "d0cf374eb1654af882da5ce39eb5c42a", "http_status": 200, "body": {"accepted": true, "real_timestamp_ms": 1789277325991, "virtual_time_s": 3622.380991, "measure_result": "no_signal"}}
2026-09-13 13:28:50,913 INFO request {"path": "/measure", "payload": {"arena_id": "default", "robot_id": "202601002029", "request_id": "41ad227c43824d73af56e62eb6dfd35a", "position": {"x": -482.8444447608845, "y": -1801.9999999999995}, "channel": 4}, "attempt": 1}
2026-09-13 13:28:50,915 INFO response {"request_id": "41ad227c43824d73af56e62eb6dfd35a", "http_status": 200, "body": {"accepted": true, "real_timestamp_ms": 1789277326010, "virtual_time_s": 3628.380991, "measure_result": "no_signal"}}
2026-09-13 13:28:50,946 INFO request {"path": "/measure", "payload": {"arena_id": "default", "robot_id": "202601002029", "request_id": "cf240710e3394ea09047bc8a2696e9af", "position": {"x": -482.8444447608845, "y": -1801.9999999999995}, "channel": 5}, "attempt": 1}
2026-09-13 13:28:50,948 INFO response {"request_id": "cf240710e3394ea09047bc8a2696e9af", "http_status": 200, "body": {"accepted": true, "real_timestamp_ms": 1789277326043, "virtual_time_s": 3634.380991, "measure_result": "no_signal"}}
2026-09-13 13:28:50,979 INFO request {"path": "/measure", "payload": {"arena_id": "default", "robot_id": "202601002029", "request_id": "91ac0b69b7f9440b86d44b0a613bd670", "position": {"x": -482.8444447608845, "y": -1801.9999999999995}, "channel": 6}, "attempt": 1}
2026-09-13 13:28:50,981 INFO response {"request_id": "91ac0b69b7f9440b86d44b0a613bd670", "http_status": 200, "body": {"accepted": true, "real_timestamp_ms": 1789277326075, "virtual_time_s": 3640.380991, "measure_result": "no_signal"}}
2026-09-13 13:28:51,013 INFO request {"path": "/measure", "payload": {"arena_id": "default", "robot_id": "202601002029", "request_id": "1c75980afee0429c83f062a0637c4e34", "position": {"x": -482.8444447608845, "y": -1801.9999999999995}, "channel": 7}, "attempt": 1}
2026-09-13 13:28:51,015 INFO response {"request_id": "1c75980afee0429c83f062a0637c4e34", "http_status": 200, "body": {"accepted": true, "real_timestamp_ms": 1789277326109, "virtual_time_s": 3646.380991, "measure_result": "no_signal"}}
2026-09-13 13:28:51,046 INFO request {"path": "/measure", "payload": {"arena_id": "default", "robot_id": "202601002029", "request_id": "240d22aef6b94b74b73ca4c9e63e1851", "position": {"x": -482.8444447608845, "y": -1801.9999999999995}, "channel": 10}, "attempt": 1}
2026-09-13 13:28:51,049 INFO response {"request_id": "240d22aef6b94b74b73ca4c9e63e1851", "http_status": 200, "body": {"accepted": true, "real_timestamp_ms": 1789277326143, "virtual_time_s": 3652.380991, "measure_result": "no_signal"}}
2026-09-13 13:28:51,063 INFO request {"path": "/measure", "payload": {"arena_id": "default", "robot_id": "202601002029", "request_id": "86d81d0a7281435ca126d485c9a16165", "position": {"x": -482.8444447608845, "y": -1801.9999999999995}, "channel": 11}, "attempt": 1}
2026-09-13 13:28:51,065 INFO response {"request_id": "86d81d0a7281435ca126d485c9a16165", "http_status": 200, "body": {"accepted": true, "real_timestamp_ms": 1789277326160, "virtual_time_s": 3658.380991, "measure_result": "no_signal"}}
2026-09-13 13:28:51,081 INFO request {"path": "/measure", "payload": {"arena_id": "default", "robot_id": "202601002029", "request_id": "54f234d467204f03882b2c5a9c69c416", "position": {"x": -482.8444447608845, "y": -1801.9999999999995}, "channel": 20}, "attempt": 1}
2026-09-13 13:28:51,099 INFO response {"request_id": "54f234d467204f03882b2c5a9c69c416", "http_status": 200, "body": {"accepted": true, "real_timestamp_ms": 1789277326194, "virtual_time_s": 3664.380991, "measure_result": "no_signal"}}
2026-09-13 13:28:51,350 INFO request {"path": "/measure", "payload": {"arena_id": "default", "robot_id": "202601002029", "request_id": "592fe2ad91c841a8a6d63688fae8053d", "position": {"x": -1319.1555552391176, "y": -1319.1555552391162}, "channel": 20}, "attempt": 1}
2026-09-13 13:28:51,351 INFO response {"request_id": "592fe2ad91c841a8a6d63688fae8053d", "http_status": 200, "body": {"accepted": true, "real_timestamp_ms": 1789277326446, "virtual_time_s": 3862.518769, "measure_result": "no_signal"}}
2026-09-13 13:28:51,382 INFO request {"path": "/measure", "payload": {"arena_id": "default", "robot_id": "202601002029", "request_id": "d063e6f01f704300b67927840a28191c", "position": {"x": -1319.1555552391176, "y": -1319.1555552391162}, "channel": 1}, "attempt": 1}
2026-09-13 13:28:51,396 INFO response {"request_id": "d063e6f01f704300b67927840a28191c", "http_status": 200, "body": {"accepted": true, "real_timestamp_ms": 1789277326490, "virtual_time_s": 3868.518769, "measure_result": "no_signal"}}
2026-09-13 13:28:51,412 INFO request {"path": "/measure", "payload": {"arena_id": "default", "robot_id": "202601002029", "request_id": "e36c81e299954c7bb3acb0e5f963d80b", "position": {"x": -1319.1555552391176, "y": -1319.1555552391162}, "channel": 2}, "attempt": 1}
2026-09-13 13:28:51,428 INFO response {"request_id": "e36c81e299954c7bb3acb0e5f963d80b", "http_status": 200, "body": {"accepted": true, "real_timestamp_ms": 1789277326522, "virtual_time_s": 3874.518769, "measure_result": "no_signal"}}
2026-09-13 13:28:51,442 INFO request {"path": "/measure", "payload": {"arena_id": "default", "robot_id": "202601002029", "request_id": "f2223b7c305148369aadfbcbdf971742", "position": {"x": -1319.1555552391176, "y": -1319.1555552391162}, "channel": 3}, "attempt": 1}
2026-09-13 13:28:51,444 INFO response {"request_id": "f2223b7c305148369aadfbcbdf971742", "http_status": 200, "body": {"accepted": true, "real_timestamp_ms": 1789277326538, "virtual_time_s": 3880.518769, "measure_result": "no_signal"}}
2026-09-13 13:28:51,475 INFO request {"path": "/measure", "payload": {"arena_id": "default", "robot_id": "202601002029", "request_id": "caf830239b5e4c30b9b6970a274cc67d", "position": {"x": -1319.1555552391176, "y": -1319.1555552391162}, "channel": 4}, "attempt": 1}
2026-09-13 13:28:51,490 INFO response {"request_id": "caf830239b5e4c30b9b6970a274cc67d", "http_status": 200, "body": {"accepted": true, "real_timestamp_ms": 1789277326584, "virtual_time_s": 3886.518769, "measure_result": "no_signal"}}
2026-09-13 13:28:51,505 INFO request {"path": "/measure", "payload": {"arena_id": "default", "robot_id": "202601002029", "request_id": "4c1d76a37d7e4e679511ed8dbdf31c48", "position": {"x": -1319.1555552391176, "y": -1319.1555552391162}, "channel": 5}, "attempt": 1}
2026-09-13 13:28:51,507 INFO response {"request_id": "4c1d76a37d7e4e679511ed8dbdf31c48", "http_status": 200, "body": {"accepted": true, "real_timestamp_ms": 1789277326602, "virtual_time_s": 3892.518769, "measure_result": "no_signal"}}
2026-09-13 13:28:51,537 INFO request {"path": "/measure", "payload": {"arena_id": "default", "robot_id": "202601002029", "request_id": "f83918ed02554b5d813594ba466471f9", "position": {"x": -1319.1555552391176, "y": -1319.1555552391162}, "channel": 6}, "attempt": 1}
2026-09-13 13:28:51,538 INFO response {"request_id": "f83918ed02554b5d813594ba466471f9", "http_status": 200, "body": {"accepted": true, "real_timestamp_ms": 1789277326633, "virtual_time_s": 3898.518769, "measure_result": "no_signal"}}
2026-09-13 13:28:51,569 INFO request {"path": "/measure", "payload": {"arena_id": "default", "robot_id": "202601002029", "request_id": "8a973d8c4c334d839f4d88fdaea6f525", "position": {"x": -1319.1555552391176, "y": -1319.1555552391162}, "channel": 7}, "attempt": 1}
2026-09-13 13:28:51,571 INFO response {"request_id": "8a973d8c4c334d839f4d88fdaea6f525", "http_status": 200, "body": {"accepted": true, "real_timestamp_ms": 1789277326665, "virtual_time_s": 3904.518769, "measure_result": "no_signal"}}
2026-09-13 13:28:51,602 INFO request {"path": "/measure", "payload": {"arena_id": "default", "robot_id": "202601002029", "request_id": "5f957850e47e4132829e2f0e344c3f25", "position": {"x": -1319.1555552391176, "y": -1319.1555552391162}, "channel": 10}, "attempt": 1}
2026-09-13 13:28:51,604 INFO response {"request_id": "5f957850e47e4132829e2f0e344c3f25", "http_status": 200, "body": {"accepted": true, "real_timestamp_ms": 1789277326699, "virtual_time_s": 3910.518769, "measure_result": "no_signal"}}
2026-09-13 13:28:51,635 INFO request {"path": "/measure", "payload": {"arena_id": "default", "robot_id": "202601002029", "request_id": "4803ac57f38d4ef2b80d7b30791629e8", "position": {"x": -1319.1555552391176, "y": -1319.1555552391162}, "channel": 11}, "attempt": 1}
2026-09-13 13:28:51,648 INFO response {"request_id": "4803ac57f38d4ef2b80d7b30791629e8", "http_status": 200, "body": {"accepted": true, "real_timestamp_ms": 1789277326743, "virtual_time_s": 3916.518769, "measure_result": "no_signal"}}
2026-09-13 13:28:51,851 INFO request {"path": "/measure", "payload": {"arena_id": "default", "robot_id": "202601002029", "request_id": "133df8f260b2469da070b3a8c04d1920", "position": {"x": -1802.0000000000002, "y": -482.84444476088237}, "channel": 11}, "attempt": 1}
2026-09-13 13:28:51,854 INFO response {"request_id": "133df8f260b2469da070b3a8c04d1920", "http_status": 200, "body": {"accepted": true, "real_timestamp_ms": 1789277326948, "virtual_time_s": 4114.656547, "measure_result": "no_signal"}}
2026-09-13 13:28:51,885 INFO request {"path": "/measure", "payload": {"arena_id": "default", "robot_id": "202601002029", "request_id": "005ed939cc2c4879ac1f074bbeabb247", "position": {"x": -1802.0000000000002, "y": -482.84444476088237}, "channel": 1}, "attempt": 1}
2026-09-13 13:28:51,897 INFO response {"request_id": "005ed939cc2c4879ac1f074bbeabb247", "http_status": 200, "body": {"accepted": true, "real_timestamp_ms": 1789277326992, "virtual_time_s": 4120.656547, "measure_result": "no_signal"}}
2026-09-13 13:28:51,913 INFO request {"path": "/measure", "payload": {"arena_id": "default", "robot_id": "202601002029", "request_id": "fa1e537bf9174010824bf3cf5d961b50", "position": {"x": -1802.0000000000002, "y": -482.84444476088237}, "channel": 2}, "attempt": 1}
2026-09-13 13:28:51,913 INFO response {"request_id": "fa1e537bf9174010824bf3cf5d961b50", "http_status": 200, "body": {"accepted": true, "real_timestamp_ms": 1789277327009, "virtual_time_s": 4126.656547, "measure_result": "no_signal"}}
2026-09-13 13:28:51,945 INFO request {"path": "/measure", "payload": {"arena_id": "default", "robot_id": "202601002029", "request_id": "455824b27e0f4a85b06f6f9b3244af24", "position": {"x": -1802.0000000000002, "y": -482.84444476088237}, "channel": 3}, "attempt": 1}
2026-09-13 13:28:51,947 INFO response {"request_id": "455824b27e0f4a85b06f6f9b3244af24", "http_status": 200, "body": {"accepted": true, "real_timestamp_ms": 1789277327041, "virtual_time_s": 4132.656547, "measure_result": "no_signal"}}
2026-09-13 13:28:51,978 INFO request {"path": "/measure", "payload": {"arena_id": "default", "robot_id": "202601002029", "request_id": "32f40b3d6a764d6fa6674e8fe954c70a", "position": {"x": -1802.0000000000002, "y": -482.84444476088237}, "channel": 4}, "attempt": 1}
2026-09-13 13:28:51,980 INFO response {"request_id": "32f40b3d6a764d6fa6674e8fe954c70a", "http_status": 200, "body": {"accepted": true, "real_timestamp_ms": 1789277327074, "virtual_time_s": 4138.656547, "measure_result": "no_signal"}}
2026-09-13 13:28:52,011 INFO request {"path": "/measure", "payload": {"arena_id": "default", "robot_id": "202601002029", "request_id": "76d2561f4f5c499e9b9c4f1aacc4bd94", "position": {"x": -1802.0000000000002, "y": -482.84444476088237}, "channel": 5}, "attempt": 1}
2026-09-13 13:28:52,013 INFO response {"request_id": "76d2561f4f5c499e9b9c4f1aacc4bd94", "http_status": 200, "body": {"accepted": true, "real_timestamp_ms": 1789277327108, "virtual_time_s": 4144.656547, "measure_result": "no_signal"}}
2026-09-13 13:28:52,044 INFO request {"path": "/measure", "payload": {"arena_id": "default", "robot_id": "202601002029", "request_id": "6455db527a2a429990bb1a5e3ba1f39f", "position": {"x": -1802.0000000000002, "y": -482.84444476088237}, "channel": 6}, "attempt": 1}
2026-09-13 13:28:52,047 INFO response {"request_id": "6455db527a2a429990bb1a5e3ba1f39f", "http_status": 200, "body": {"accepted": true, "real_timestamp_ms": 1789277327141, "virtual_time_s": 4150.656547, "measure_result": "no_signal"}}
2026-09-13 13:28:52,078 INFO request {"path": "/measure", "payload": {"arena_id": "default", "robot_id": "202601002029", "request_id": "57d2c5a0b5ac4b0485486f29769cc05f", "position": {"x": -1802.0000000000002, "y": -482.84444476088237}, "channel": 7}, "attempt": 1}
2026-09-13 13:28:52,081 INFO response {"request_id": "57d2c5a0b5ac4b0485486f29769cc05f", "http_status": 200, "body": {"accepted": true, "real_timestamp_ms": 1789277327175, "virtual_time_s": 4156.656547, "measure_result": "no_signal"}}
2026-09-13 13:28:52,096 INFO request {"path": "/measure", "payload": {"arena_id": "default", "robot_id": "202601002029", "request_id": "4b9bc945a4434f77a876672d3b3301ab", "position": {"x": -1802.0000000000002, "y": -482.84444476088237}, "channel": 10}, "attempt": 1}
2026-09-13 13:28:52,116 INFO response {"request_id": "4b9bc945a4434f77a876672d3b3301ab", "http_status": 200, "body": {"accepted": true, "real_timestamp_ms": 1789277327211, "virtual_time_s": 4162.656547, "measure_result": "no_signal"}}
2026-09-13 13:28:52,132 INFO request {"path": "/measure", "payload": {"arena_id": "default", "robot_id": "202601002029", "request_id": "97e0fe5c076b442dac221c8aceeaa145", "position": {"x": -1802.0000000000002, "y": -482.84444476088237}, "channel": 20}, "attempt": 1}
2026-09-13 13:28:52,134 INFO response {"request_id": "97e0fe5c076b442dac221c8aceeaa145", "http_status": 200, "body": {"accepted": true, "real_timestamp_ms": 1789277327228, "virtual_time_s": 4168.656547, "measure_result": "no_signal"}}
2026-09-13 13:28:52,317 INFO request {"path": "/measure", "payload": {"arena_id": "default", "robot_id": "202601002029", "request_id": "d2b070c3f6c64e0d8a3b5c2168454315", "position": {"x": -1801.9999999999998, "y": 482.84444476088356}, "channel": 20}, "attempt": 1}
2026-09-13 13:28:52,320 INFO response {"request_id": "d2b070c3f6c64e0d8a3b5c2168454315", "http_status": 200, "body": {"accepted": true, "real_timestamp_ms": 1789277327414, "virtual_time_s": 4366.794325, "measure_result": "no_signal"}}
2026-09-13 13:28:52,350 INFO request {"path": "/measure", "payload": {"arena_id": "default", "robot_id": "202601002029", "request_id": "5a59a669d21d411f95018f1f3be1894c", "position": {"x": -1801.9999999999998, "y": 482.84444476088356}, "channel": 1}, "attempt": 1}
2026-09-13 13:28:52,353 INFO response {"request_id": "5a59a669d21d411f95018f1f3be1894c", "http_status": 200, "body": {"accepted": true, "real_timestamp_ms": 1789277327448, "virtual_time_s": 4372.794325, "measure_result": "no_signal"}}
2026-09-13 13:28:52,385 INFO request {"path": "/measure", "payload": {"arena_id": "default", "robot_id": "202601002029", "request_id": "7241f6aea02c4616acae3f4567ce5fa0", "position": {"x": -1801.9999999999998, "y": 482.84444476088356}, "channel": 2}, "attempt": 1}
2026-09-13 13:28:52,398 INFO response {"request_id": "7241f6aea02c4616acae3f4567ce5fa0", "http_status": 200, "body": {"accepted": true, "real_timestamp_ms": 1789277327492, "virtual_time_s": 4378.794325, "measure_result": "no_signal"}}
2026-09-13 13:28:52,414 INFO request {"path": "/measure", "payload": {"arena_id": "default", "robot_id": "202601002029", "request_id": "9fa4e57829c14b8f90f373864a2e7ff4", "position": {"x": -1801.9999999999998, "y": 482.84444476088356}, "channel": 3}, "attempt": 1}
2026-09-13 13:28:52,416 INFO response {"request_id": "9fa4e57829c14b8f90f373864a2e7ff4", "http_status": 200, "body": {"accepted": true, "real_timestamp_ms": 1789277327511, "virtual_time_s": 4384.794325, "measure_result": "no_signal"}}
2026-09-13 13:28:52,447 INFO request {"path": "/measure", "payload": {"arena_id": "default", "robot_id": "202601002029", "request_id": "7dc167b97bec40a3ac2b0de8fcf21a90", "position": {"x": -1801.9999999999998, "y": 482.84444476088356}, "channel": 4}, "attempt": 1}
2026-09-13 13:28:52,449 INFO response {"request_id": "7dc167b97bec40a3ac2b0de8fcf21a90", "http_status": 200, "body": {"accepted": true, "real_timestamp_ms": 1789277327543, "virtual_time_s": 4390.794325, "measure_result": "no_signal"}}
2026-09-13 13:28:52,481 INFO request {"path": "/measure", "payload": {"arena_id": "default", "robot_id": "202601002029", "request_id": "f2d41d19841340c897d5badf4a608a7f", "position": {"x": -1801.9999999999998, "y": 482.84444476088356}, "channel": 5}, "attempt": 1}
2026-09-13 13:28:52,507 INFO response {"request_id": "f2d41d19841340c897d5badf4a608a7f", "http_status": 200, "body": {"accepted": true, "real_timestamp_ms": 1789277327601, "virtual_time_s": 4396.794325, "measure_result": "no_signal"}}
2026-09-13 13:28:52,508 INFO request {"path": "/measure", "payload": {"arena_id": "default", "robot_id": "202601002029", "request_id": "68baa9f0009d4e98b5abd55fed10cc4b", "position": {"x": -1801.9999999999998, "y": 482.84444476088356}, "channel": 6}, "attempt": 1}
2026-09-13 13:28:52,510 INFO response {"request_id": "68baa9f0009d4e98b5abd55fed10cc4b", "http_status": 200, "body": {"accepted": true, "real_timestamp_ms": 1789277327604, "virtual_time_s": 4402.794325, "measure_result": "no_signal"}}
2026-09-13 13:28:52,540 INFO request {"path": "/measure", "payload": {"arena_id": "default", "robot_id": "202601002029", "request_id": "d01535108d40423f8710b9c6373e3f47", "position": {"x": -1801.9999999999998, "y": 482.84444476088356}, "channel": 7}, "attempt": 1}
2026-09-13 13:28:52,542 INFO response {"request_id": "d01535108d40423f8710b9c6373e3f47", "http_status": 200, "body": {"accepted": true, "real_timestamp_ms": 1789277327637, "virtual_time_s": 4408.794325, "measure_result": "no_signal"}}
2026-09-13 13:28:52,573 INFO request {"path": "/measure", "payload": {"arena_id": "default", "robot_id": "202601002029", "request_id": "d4788aa2156f40f9b30ad3bb79eec046", "position": {"x": -1801.9999999999998, "y": 482.84444476088356}, "channel": 10}, "attempt": 1}
2026-09-13 13:28:52,575 INFO response {"request_id": "d4788aa2156f40f9b30ad3bb79eec046", "http_status": 200, "body": {"accepted": true, "real_timestamp_ms": 1789277327669, "virtual_time_s": 4414.794325, "measure_result": "no_signal"}}
2026-09-13 13:28:52,606 INFO request {"path": "/measure", "payload": {"arena_id": "default", "robot_id": "202601002029", "request_id": "b8af2c43bba5496bb71aa0ebe44df2e7", "position": {"x": -1801.9999999999998, "y": 482.84444476088356}, "channel": 11}, "attempt": 1}
2026-09-13 13:28:52,630 INFO response {"request_id": "b8af2c43bba5496bb71aa0ebe44df2e7", "http_status": 200, "body": {"accepted": true, "real_timestamp_ms": 1789277327725, "virtual_time_s": 4420.794325, "measure_result": "no_signal"}}
2026-09-13 13:28:52,751 INFO request {"path": "/measure", "payload": {"arena_id": "default", "robot_id": "202601002029", "request_id": "14c0eb275f2841828f28ce80c4a3aa67", "position": {"x": -1319.1555552391167, "y": 1319.155555239117}, "channel": 11}, "attempt": 1}
2026-09-13 13:28:52,752 INFO response {"request_id": "14c0eb275f2841828f28ce80c4a3aa67", "http_status": 200, "body": {"accepted": true, "real_timestamp_ms": 1789277327847, "virtual_time_s": 4618.932103, "measure_result": "no_signal"}}
2026-09-13 13:28:52,767 INFO request {"path": "/measure", "payload": {"arena_id": "default", "robot_id": "202601002029", "request_id": "8e193e2f45c04a5d9631bd231daa24c3", "position": {"x": -1319.1555552391167, "y": 1319.155555239117}, "channel": 1}, "attempt": 1}
2026-09-13 13:28:52,788 INFO response {"request_id": "8e193e2f45c04a5d9631bd231daa24c3", "http_status": 200, "body": {"accepted": true, "real_timestamp_ms": 1789277327882, "virtual_time_s": 4624.932103, "measure_result": "no_signal"}}
2026-09-13 13:28:52,788 INFO request {"path": "/measure", "payload": {"arena_id": "default", "robot_id": "202601002029", "request_id": "0a86c3d395ee475488da43cf77ff1518", "position": {"x": -1319.1555552391167, "y": 1319.155555239117}, "channel": 2}, "attempt": 1}
2026-09-13 13:28:52,790 INFO response {"request_id": "0a86c3d395ee475488da43cf77ff1518", "http_status": 200, "body": {"accepted": true, "real_timestamp_ms": 1789277327885, "virtual_time_s": 4630.932103, "measure_result": "no_signal"}}
2026-09-13 13:28:52,821 INFO request {"path": "/measure", "payload": {"arena_id": "default", "robot_id": "202601002029", "request_id": "b78c0fc4b1d84952bad2343e0da8deb7", "position": {"x": -1319.1555552391167, "y": 1319.155555239117}, "channel": 3}, "attempt": 1}
2026-09-13 13:28:52,824 INFO response {"request_id": "b78c0fc4b1d84952bad2343e0da8deb7", "http_status": 200, "body": {"accepted": true, "real_timestamp_ms": 1789277327918, "virtual_time_s": 4636.932103, "measure_result": "no_signal"}}
2026-09-13 13:28:52,854 INFO request {"path": "/measure", "payload": {"arena_id": "default", "robot_id": "202601002029", "request_id": "3ddd46cda74a4479bbc6c65e6ccba508", "position": {"x": -1319.1555552391167, "y": 1319.155555239117}, "channel": 4}, "attempt": 1}
2026-09-13 13:28:52,857 INFO response {"request_id": "3ddd46cda74a4479bbc6c65e6ccba508", "http_status": 200, "body": {"accepted": true, "real_timestamp_ms": 1789277327951, "virtual_time_s": 4642.932103, "measure_result": "no_signal"}}
2026-09-13 13:28:52,888 INFO request {"path": "/measure", "payload": {"arena_id": "default", "robot_id": "202601002029", "request_id": "e3fa86f572cd4ff0bbde1f266a881ff5", "position": {"x": -1319.1555552391167, "y": 1319.155555239117}, "channel": 5}, "attempt": 1}
2026-09-13 13:28:52,891 INFO response {"request_id": "e3fa86f572cd4ff0bbde1f266a881ff5", "http_status": 200, "body": {"accepted": true, "real_timestamp_ms": 1789277327985, "virtual_time_s": 4648.932103, "measure_result": "no_signal"}}
2026-09-13 13:28:52,922 INFO request {"path": "/measure", "payload": {"arena_id": "default", "robot_id": "202601002029", "request_id": "7bf24b13af9741f19be18217d07127b3", "position": {"x": -1319.1555552391167, "y": 1319.155555239117}, "channel": 6}, "attempt": 1}
2026-09-13 13:28:52,923 INFO response {"request_id": "7bf24b13af9741f19be18217d07127b3", "http_status": 200, "body": {"accepted": true, "real_timestamp_ms": 1789277328018, "virtual_time_s": 4654.932103, "measure_result": "no_signal"}}
2026-09-13 13:28:52,954 INFO request {"path": "/measure", "payload": {"arena_id": "default", "robot_id": "202601002029", "request_id": "b0b7bda3df8b4b0a921ab39abf8cb4ee", "position": {"x": -1319.1555552391167, "y": 1319.155555239117}, "channel": 7}, "attempt": 1}
2026-09-13 13:28:52,974 INFO response {"request_id": "b0b7bda3df8b4b0a921ab39abf8cb4ee", "http_status": 200, "body": {"accepted": true, "real_timestamp_ms": 1789277328068, "virtual_time_s": 4660.932103, "measure_result": "no_signal"}}
2026-09-13 13:28:52,975 INFO request {"path": "/measure", "payload": {"arena_id": "default", "robot_id": "202601002029", "request_id": "1723c03b59f74ea8b5edeef4cc9319f3", "position": {"x": -1319.1555552391167, "y": 1319.155555239117}, "channel": 10}, "attempt": 1}
2026-09-13 13:28:52,977 INFO response {"request_id": "1723c03b59f74ea8b5edeef4cc9319f3", "http_status": 200, "body": {"accepted": true, "real_timestamp_ms": 1789277328071, "virtual_time_s": 4666.932103, "measure_result": "no_signal"}}
2026-09-13 13:28:53,008 INFO request {"path": "/measure", "payload": {"arena_id": "default", "robot_id": "202601002029", "request_id": "ea986ff3422e42eb918c8db5806b2431", "position": {"x": -1319.1555552391167, "y": 1319.155555239117}, "channel": 20}, "attempt": 1}
2026-09-13 13:28:53,021 INFO response {"request_id": "ea986ff3422e42eb918c8db5806b2431", "http_status": 200, "body": {"accepted": true, "real_timestamp_ms": 1789277328115, "virtual_time_s": 4672.932103, "measure_result": "no_signal"}}
2026-09-13 13:28:53,138 INFO request {"path": "/measure", "payload": {"arena_id": "default", "robot_id": "202601002029", "request_id": "84ac286c7f7e44029fda4968682997fe", "position": {"x": -482.8444447608829, "y": 1802.0}, "channel": 20}, "attempt": 1}
2026-09-13 13:28:53,139 INFO response {"request_id": "84ac286c7f7e44029fda4968682997fe", "http_status": 200, "body": {"accepted": true, "real_timestamp_ms": 1789277328235, "virtual_time_s": 4871.069881, "measure_result": "no_signal"}}
2026-09-13 13:28:53,171 INFO request {"path": "/measure", "payload": {"arena_id": "default", "robot_id": "202601002029", "request_id": "5ba3ab159c184c76864f4c836a5a1f72", "position": {"x": -482.8444447608829, "y": 1802.0}, "channel": 1}, "attempt": 1}
2026-09-13 13:28:53,172 INFO response {"request_id": "5ba3ab159c184c76864f4c836a5a1f72", "http_status": 200, "body": {"accepted": true, "real_timestamp_ms": 1789277328267, "virtual_time_s": 4877.069881, "measure_result": "no_signal"}}
2026-09-13 13:28:53,203 INFO request {"path": "/measure", "payload": {"arena_id": "default", "robot_id": "202601002029", "request_id": "ce80b996d3ee4029998b5bba7585a3ef", "position": {"x": -482.8444447608829, "y": 1802.0}, "channel": 2}, "attempt": 1}
2026-09-13 13:28:53,225 INFO response {"request_id": "ce80b996d3ee4029998b5bba7585a3ef", "http_status": 200, "body": {"accepted": true, "real_timestamp_ms": 1789277328320, "virtual_time_s": 4883.069881, "measure_result": "no_signal"}}
2026-09-13 13:28:53,226 INFO request {"path": "/measure", "payload": {"arena_id": "default", "robot_id": "202601002029", "request_id": "96d6d526326545f69c19e92ad283dc6d", "position": {"x": -482.8444447608829, "y": 1802.0}, "channel": 3}, "attempt": 1}
2026-09-13 13:28:53,240 INFO response {"request_id": "96d6d526326545f69c19e92ad283dc6d", "http_status": 200, "body": {"accepted": true, "real_timestamp_ms": 1789277328335, "virtual_time_s": 4889.069881, "measure_result": "no_signal"}}
2026-09-13 13:28:53,255 INFO request {"path": "/measure", "payload": {"arena_id": "default", "robot_id": "202601002029", "request_id": "bf7ad1fe6d404dbd9b101a74724b715e", "position": {"x": -482.8444447608829, "y": 1802.0}, "channel": 4}, "attempt": 1}
2026-09-13 13:28:53,257 INFO response {"request_id": "bf7ad1fe6d404dbd9b101a74724b715e", "http_status": 200, "body": {"accepted": true, "real_timestamp_ms": 1789277328351, "virtual_time_s": 4895.069881, "measure_result": "no_signal"}}
2026-09-13 13:28:53,287 INFO request {"path": "/measure", "payload": {"arena_id": "default", "robot_id": "202601002029", "request_id": "a5a2466a62b24c86887d170b07e7dd0b", "position": {"x": -482.8444447608829, "y": 1802.0}, "channel": 5}, "attempt": 1}
2026-09-13 13:28:53,290 INFO response {"request_id": "a5a2466a62b24c86887d170b07e7dd0b", "http_status": 200, "body": {"accepted": true, "real_timestamp_ms": 1789277328384, "virtual_time_s": 4901.069881, "measure_result": "no_signal"}}
2026-09-13 13:28:53,321 INFO request {"path": "/measure", "payload": {"arena_id": "default", "robot_id": "202601002029", "request_id": "f16c431a0b3b4f7e8b6a289968d913db", "position": {"x": -482.8444447608829, "y": 1802.0}, "channel": 6}, "attempt": 1}
2026-09-13 13:28:53,334 INFO response {"request_id": "f16c431a0b3b4f7e8b6a289968d913db", "http_status": 200, "body": {"accepted": true, "real_timestamp_ms": 1789277328428, "virtual_time_s": 4907.069881, "measure_result": "no_signal"}}
2026-09-13 13:28:53,349 INFO request {"path": "/measure", "payload": {"arena_id": "default", "robot_id": "202601002029", "request_id": "d77633c71c2a4e9f814e3f66e498cc81", "position": {"x": -482.8444447608829, "y": 1802.0}, "channel": 7}, "attempt": 1}
2026-09-13 13:28:53,352 INFO response {"request_id": "d77633c71c2a4e9f814e3f66e498cc81", "http_status": 200, "body": {"accepted": true, "real_timestamp_ms": 1789277328446, "virtual_time_s": 4913.069881, "measure_result": "no_signal"}}
2026-09-13 13:28:53,383 INFO request {"path": "/measure", "payload": {"arena_id": "default", "robot_id": "202601002029", "request_id": "2cb397c408d345a3aa5927c88ad11add", "position": {"x": -482.8444447608829, "y": 1802.0}, "channel": 10}, "attempt": 1}
2026-09-13 13:28:53,396 INFO response {"request_id": "2cb397c408d345a3aa5927c88ad11add", "http_status": 200, "body": {"accepted": true, "real_timestamp_ms": 1789277328491, "virtual_time_s": 4919.069881, "measure_result": "no_signal"}}
2026-09-13 13:28:53,412 INFO request {"path": "/measure", "payload": {"arena_id": "default", "robot_id": "202601002029", "request_id": "e45fd39787b947a7bf4cd1433b03163f", "position": {"x": -482.8444447608829, "y": 1802.0}, "channel": 11}, "attempt": 1}
2026-09-13 13:28:53,415 INFO response {"request_id": "e45fd39787b947a7bf4cd1433b03163f", "http_status": 200, "body": {"accepted": true, "real_timestamp_ms": 1789277328509, "virtual_time_s": 4925.069881, "measure_result": "no_signal"}}
2026-09-13 13:28:53,486 INFO request {"path": "/measure", "payload": {"arena_id": "default", "robot_id": "202601002029", "request_id": "b3cc03b23a2f48c6a887e1ca8aef4240", "position": {"x": 482.8444447608835, "y": 1801.9999999999998}, "channel": 11}, "attempt": 1}
2026-09-13 13:28:53,506 INFO response {"request_id": "b3cc03b23a2f48c6a887e1ca8aef4240", "http_status": 200, "body": {"accepted": true, "real_timestamp_ms": 1789277328601, "virtual_time_s": 5123.207659, "measure_result": "no_signal"}}
2026-09-13 13:28:53,506 INFO request {"path": "/measure", "payload": {"arena_id": "default", "robot_id": "202601002029", "request_id": "ba7d59e210c846a0a84d6d06e29c684b", "position": {"x": 482.8444447608835, "y": 1801.9999999999998}, "channel": 1}, "attempt": 1}
2026-09-13 13:28:53,521 INFO response {"request_id": "ba7d59e210c846a0a84d6d06e29c684b", "http_status": 200, "body": {"accepted": true, "real_timestamp_ms": 1789277328616, "virtual_time_s": 5129.207659, "measure_result": "no_signal"}}
2026-09-13 13:28:53,537 INFO request {"path": "/measure", "payload": {"arena_id": "default", "robot_id": "202601002029", "request_id": "5b2efb0842854cb19ea01ba67c47e4ca", "position": {"x": 482.8444447608835, "y": 1801.9999999999998}, "channel": 2}, "attempt": 1}
2026-09-13 13:28:53,540 INFO response {"request_id": "5b2efb0842854cb19ea01ba67c47e4ca", "http_status": 200, "body": {"accepted": true, "real_timestamp_ms": 1789277328634, "virtual_time_s": 5135.207659, "measure_result": "no_signal"}}
2026-09-13 13:28:53,571 INFO request {"path": "/measure", "payload": {"arena_id": "default", "robot_id": "202601002029", "request_id": "42c83b14076044988b5b2b7a829ded0d", "position": {"x": 482.8444447608835, "y": 1801.9999999999998}, "channel": 3}, "attempt": 1}
2026-09-13 13:28:53,573 INFO response {"request_id": "42c83b14076044988b5b2b7a829ded0d", "http_status": 200, "body": {"accepted": true, "real_timestamp_ms": 1789277328668, "virtual_time_s": 5141.207659, "measure_result": "no_signal"}}
2026-09-13 13:28:53,605 INFO request {"path": "/measure", "payload": {"arena_id": "default", "robot_id": "202601002029", "request_id": "176f6d8ad9cf483684654fbc1bd800e6", "position": {"x": 482.8444447608835, "y": 1801.9999999999998}, "channel": 4}, "attempt": 1}
2026-09-13 13:28:53,628 INFO response {"request_id": "176f6d8ad9cf483684654fbc1bd800e6", "http_status": 200, "body": {"accepted": true, "real_timestamp_ms": 1789277328723, "virtual_time_s": 5147.207659, "measure_result": "no_signal"}}
2026-09-13 13:28:53,629 INFO request {"path": "/measure", "payload": {"arena_id": "default", "robot_id": "202601002029", "request_id": "8cfc2659c55f4ac0bd7750a1bd433722", "position": {"x": 482.8444447608835, "y": 1801.9999999999998}, "channel": 5}, "attempt": 1}
2026-09-13 13:28:53,631 INFO response {"request_id": "8cfc2659c55f4ac0bd7750a1bd433722", "http_status": 200, "body": {"accepted": true, "real_timestamp_ms": 1789277328725, "virtual_time_s": 5153.207659, "measure_result": "no_signal"}}
2026-09-13 13:28:53,661 INFO request {"path": "/measure", "payload": {"arena_id": "default", "robot_id": "202601002029", "request_id": "12bf41a47dd643b2aa94fbe8bb1bb166", "position": {"x": 482.8444447608835, "y": 1801.9999999999998}, "channel": 6}, "attempt": 1}
2026-09-13 13:28:53,662 INFO response {"request_id": "12bf41a47dd643b2aa94fbe8bb1bb166", "http_status": 200, "body": {"accepted": true, "real_timestamp_ms": 1789277328757, "virtual_time_s": 5159.207659, "measure_result": "no_signal"}}
2026-09-13 13:28:53,693 INFO request {"path": "/measure", "payload": {"arena_id": "default", "robot_id": "202601002029", "request_id": "dd094ac8d724400e92b8ef8fb24eb07c", "position": {"x": 482.8444447608835, "y": 1801.9999999999998}, "channel": 7}, "attempt": 1}
2026-09-13 13:28:53,695 INFO response {"request_id": "dd094ac8d724400e92b8ef8fb24eb07c", "http_status": 200, "body": {"accepted": true, "real_timestamp_ms": 1789277328789, "virtual_time_s": 5165.207659, "measure_result": "no_signal"}}
2026-09-13 13:28:53,725 INFO request {"path": "/measure", "payload": {"arena_id": "default", "robot_id": "202601002029", "request_id": "cef260c36a794017920d436d038b5e90", "position": {"x": 482.8444447608835, "y": 1801.9999999999998}, "channel": 10}, "attempt": 1}
2026-09-13 13:28:53,738 INFO response {"request_id": "cef260c36a794017920d436d038b5e90", "http_status": 200, "body": {"accepted": true, "real_timestamp_ms": 1789277328833, "virtual_time_s": 5171.207659, "measure_result": "no_signal"}}
2026-09-13 13:28:53,753 INFO request {"path": "/measure", "payload": {"arena_id": "default", "robot_id": "202601002029", "request_id": "458b60b2d158466aa13e67c3d7acf81a", "position": {"x": 482.8444447608835, "y": 1801.9999999999998}, "channel": 20}, "attempt": 1}
2026-09-13 13:28:53,756 INFO response {"request_id": "458b60b2d158466aa13e67c3d7acf81a", "http_status": 200, "body": {"accepted": true, "real_timestamp_ms": 1789277328850, "virtual_time_s": 5177.207659, "measure_result": "no_signal"}}
2026-09-13 13:28:53,821 INFO request {"path": "/measure", "payload": {"arena_id": "default", "robot_id": "202601002029", "request_id": "ca916a7a74154f7aa79a90b7be8c2956", "position": {"x": 1319.155555239117, "y": 1319.155555239117}, "channel": 20}, "attempt": 1}
2026-09-13 13:28:53,848 INFO response {"request_id": "ca916a7a74154f7aa79a90b7be8c2956", "http_status": 200, "body": {"accepted": true, "real_timestamp_ms": 1789277328942, "virtual_time_s": 5375.345437, "measure_result": "no_signal"}}
2026-09-13 13:28:53,848 INFO request {"path": "/measure", "payload": {"arena_id": "default", "robot_id": "202601002029", "request_id": "9e42ef74b062487da60dc9635fd9978c", "position": {"x": 1319.155555239117, "y": 1319.155555239117}, "channel": 1}, "attempt": 1}
2026-09-13 13:28:53,850 INFO response {"request_id": "9e42ef74b062487da60dc9635fd9978c", "http_status": 200, "body": {"accepted": true, "real_timestamp_ms": 1789277328945, "virtual_time_s": 5381.345437, "measure_result": "no_signal"}}
2026-09-13 13:28:53,881 INFO request {"path": "/measure", "payload": {"arena_id": "default", "robot_id": "202601002029", "request_id": "172c53fd437142ff86b88a0c1a67f4c5", "position": {"x": 1319.155555239117, "y": 1319.155555239117}, "channel": 2}, "attempt": 1}
2026-09-13 13:28:53,884 INFO response {"request_id": "172c53fd437142ff86b88a0c1a67f4c5", "http_status": 200, "body": {"accepted": true, "real_timestamp_ms": 1789277328978, "virtual_time_s": 5387.345437, "measure_result": "no_signal"}}
2026-09-13 13:28:53,915 INFO request {"path": "/measure", "payload": {"arena_id": "default", "robot_id": "202601002029", "request_id": "bbfcf99c37154265b1a938ec08d7e524", "position": {"x": 1319.155555239117, "y": 1319.155555239117}, "channel": 3}, "attempt": 1}
2026-09-13 13:28:53,917 INFO response {"request_id": "bbfcf99c37154265b1a938ec08d7e524", "http_status": 200, "body": {"accepted": true, "real_timestamp_ms": 1789277329011, "virtual_time_s": 5393.345437, "measure_result": "no_signal"}}
2026-09-13 13:28:53,948 INFO request {"path": "/measure", "payload": {"arena_id": "default", "robot_id": "202601002029", "request_id": "2ef688aaaa9c4ec68d9a004dab7026aa", "position": {"x": 1319.155555239117, "y": 1319.155555239117}, "channel": 4}, "attempt": 1}
2026-09-13 13:28:53,950 INFO response {"request_id": "2ef688aaaa9c4ec68d9a004dab7026aa", "http_status": 200, "body": {"accepted": true, "real_timestamp_ms": 1789277329044, "virtual_time_s": 5399.345437, "measure_result": "no_signal"}}
2026-09-13 13:28:53,980 INFO request {"path": "/measure", "payload": {"arena_id": "default", "robot_id": "202601002029", "request_id": "24a58b6e1f8c43f6b9cca40a5ca4b07f", "position": {"x": 1319.155555239117, "y": 1319.155555239117}, "channel": 5}, "attempt": 1}
2026-09-13 13:28:54,003 INFO response {"request_id": "24a58b6e1f8c43f6b9cca40a5ca4b07f", "http_status": 200, "body": {"accepted": true, "real_timestamp_ms": 1789277329097, "virtual_time_s": 5405.345437, "measure_result": "no_signal"}}
2026-09-13 13:28:54,004 INFO request {"path": "/measure", "payload": {"arena_id": "default", "robot_id": "202601002029", "request_id": "19e9c98a8269419e96deb986261611bb", "position": {"x": 1319.155555239117, "y": 1319.155555239117}, "channel": 6}, "attempt": 1}
2026-09-13 13:28:54,005 INFO response {"request_id": "19e9c98a8269419e96deb986261611bb", "http_status": 200, "body": {"accepted": true, "real_timestamp_ms": 1789277329100, "virtual_time_s": 5411.345437, "measure_result": "no_signal"}}
2026-09-13 13:28:54,036 INFO request {"path": "/measure", "payload": {"arena_id": "default", "robot_id": "202601002029", "request_id": "59ac813b8876423d894ff696c9c44200", "position": {"x": 1319.155555239117, "y": 1319.155555239117}, "channel": 7}, "attempt": 1}
2026-09-13 13:28:54,050 INFO response {"request_id": "59ac813b8876423d894ff696c9c44200", "http_status": 200, "body": {"accepted": true, "real_timestamp_ms": 1789277329144, "virtual_time_s": 5417.345437, "measure_result": "no_signal"}}
2026-09-13 13:28:54,065 INFO request {"path": "/measure", "payload": {"arena_id": "default", "robot_id": "202601002029", "request_id": "e92d3b7523764ca18c89f746d5524bb0", "position": {"x": 1319.155555239117, "y": 1319.155555239117}, "channel": 10}, "attempt": 1}
2026-09-13 13:28:54,067 INFO response {"request_id": "e92d3b7523764ca18c89f746d5524bb0", "http_status": 200, "body": {"accepted": true, "real_timestamp_ms": 1789277329162, "virtual_time_s": 5423.345437, "measure_result": "no_signal"}}
2026-09-13 13:28:54,098 INFO request {"path": "/measure", "payload": {"arena_id": "default", "robot_id": "202601002029", "request_id": "2441ff3c7c6143fb8f0ad43abc5aa19a", "position": {"x": 1319.155555239117, "y": 1319.155555239117}, "channel": 11}, "attempt": 1}
2026-09-13 13:28:54,101 INFO response {"request_id": "2441ff3c7c6143fb8f0ad43abc5aa19a", "http_status": 200, "body": {"accepted": true, "real_timestamp_ms": 1789277329195, "virtual_time_s": 5429.345437, "measure_result": "no_signal"}}
2026-09-13 13:28:54,136 INFO request {"path": "/measure", "payload": {"arena_id": "default", "robot_id": "202601002029", "request_id": "c6ef87b4484d45f3bc5afdbab45ee8a9", "position": {"x": 1319.155555239117, "y": 1319.155555239117}, "channel": 14}, "attempt": 1}
2026-09-13 13:28:54,138 INFO response {"request_id": "c6ef87b4484d45f3bc5afdbab45ee8a9", "http_status": 200, "body": {"accepted": true, "real_timestamp_ms": 1789277329232, "virtual_time_s": 5435.345437, "measure_result": "no_signal"}}
2026-09-13 13:28:57,448 INFO request {"path": "/measure", "payload": {"arena_id": "default", "robot_id": "202601002029", "request_id": "003cb3521e7049f1bb663e3863b5a44c", "position": {"x": 1239.904330100915, "y": 1144.7491211451522}, "channel": 14}, "attempt": 1}
2026-09-13 13:28:57,450 INFO response {"request_id": "003cb3521e7049f1bb663e3863b5a44c", "http_status": 200, "body": {"accepted": true, "real_timestamp_ms": 1789277332544, "virtual_time_s": 5478.65907, "measure_result": "direction", "svd_deg": 91.78}}
2026-09-13 13:28:57,485 INFO request {"path": "/clear", "payload": {"arena_id": "default", "robot_id": "202601002029", "request_id": "2ffc5098a186424ebb3cf498c18b3202", "position": {"x": 1239.683677281345, "y": 1160.9564215074815}, "channel": 14}, "attempt": 1}
2026-09-13 13:28:57,487 INFO response {"request_id": "2ffc5098a186424ebb3cf498c18b3202", "http_status": 200, "body": {"accepted": true, "real_timestamp_ms": 1789277332582, "virtual_time_s": 5486.90083, "clear_result": "success"}}
2026-09-13 13:28:57,503 INFO request {"path": "/measure", "payload": {"arena_id": "default", "robot_id": "202601002029", "request_id": "f59d0e027d774a3b9357156186cd40c7", "position": {"x": 779.3800594738477, "y": -462.9792746342335}, "channel": 19}, "attempt": 1}
2026-09-13 13:28:57,505 INFO response {"request_id": "f59d0e027d774a3b9357156186cd40c7", "http_status": 200, "body": {"accepted": true, "real_timestamp_ms": 1789277332599, "virtual_time_s": 5830.483209, "measure_result": "direction", "svd_deg": 40.96}}
2026-09-13 13:28:57,543 INFO request {"path": "/clear", "payload": {"arena_id": "default", "robot_id": "202601002029", "request_id": "a6ea5dc34bbf40b296801d049a5f4dc3", "position": {"x": 832.3761144655562, "y": -417.39339581678973}, "channel": 19}, "attempt": 1}
2026-09-13 13:28:57,571 INFO response {"request_id": "a6ea5dc34bbf40b296801d049a5f4dc3", "http_status": 200, "body": {"accepted": true, "real_timestamp_ms": 1789277332665, "virtual_time_s": 5849.464131, "clear_result": "success"}}
2026-09-13 13:28:57,571 INFO request {"path": "/clear", "payload": {"arena_id": "default", "robot_id": "202601002029", "request_id": "b0b63f6542e042d3bdfde687bba1961b", "position": {"x": -257.91351244761097, "y": -1291.574063550804}, "channel": 9}, "attempt": 1}
2026-09-13 13:28:57,573 INFO response {"request_id": "b0b63f6542e042d3bdfde687bba1961b", "http_status": 200, "body": {"accepted": true, "real_timestamp_ms": 1789277332667, "virtual_time_s": 6133.958196, "clear_result": "success"}}
2026-09-13 13:28:57,604 INFO request {"path": "/exit", "payload": {"arena_id": "default", "robot_id": "202601002029", "request_id": "658bd1f9dcca4c64b8a011e7773f980c"}, "attempt": 1}
2026-09-13 13:28:57,617 INFO response {"request_id": "658bd1f9dcca4c64b8a011e7773f980c", "http_status": 200, "body": {"accepted": true, "real_timestamp_ms": 1789277332710, "virtual_time_s": 6133.958196, "exit_reason": "user_exit"}}
