2026-09-13 01:38:28,659 INFO request {"path": "/enter", "payload": {"arena_id": "default", "robot_id": "202601002029", "request_id": "b87c36af8beb4a8c847db1cb734dcaa8"}, "attempt": 1}
2026-09-13 01:38:28,665 INFO response {"request_id": "b87c36af8beb4a8c847db1cb734dcaa8", "http_status": 200, "body": {"accepted": true, "real_timestamp_ms": 1789234705642, "virtual_time_s": 0, "max_virtual_duration_s": 360000, "max_real_duration_s": 1200, "remaining_real_duration_s": 1200}}
2026-09-13 01:38:28,702 INFO request {"path": "/measure", "payload": {"arena_id": "default", "robot_id": "202601002029", "request_id": "c8304c64d3d1499abd37b55c7ec2124d", "position": {"x": 0.0, "y": 0.0}, "channel": 1}, "attempt": 1}
2026-09-13 01:38:28,720 INFO response {"request_id": "c8304c64d3d1499abd37b55c7ec2124d", "http_status": 200, "body": {"accepted": true, "real_timestamp_ms": 1789234705697, "virtual_time_s": 5, "measure_result": "direction", "svd_deg": 167.59}}
2026-09-13 01:38:28,730 INFO request {"path": "/measure", "payload": {"arena_id": "default", "robot_id": "202601002029", "request_id": "e5da3c096b8a4fdbb30b6e55261b655e", "position": {"x": 0.0, "y": 0.0}, "channel": 2}, "attempt": 1}
2026-09-13 01:38:28,732 INFO response {"request_id": "e5da3c096b8a4fdbb30b6e55261b655e", "http_status": 200, "body": {"accepted": true, "real_timestamp_ms": 1789234705709, "virtual_time_s": 11, "measure_result": "direction", "svd_deg": 142.9}}
2026-09-13 01:38:28,769 INFO request {"path": "/measure", "payload": {"arena_id": "default", "robot_id": "202601002029", "request_id": "6fe932c93b5244f49f3d9fc80eb8a08a", "position": {"x": 0.0, "y": 0.0}, "channel": 3}, "attempt": 1}
2026-09-13 01:38:28,788 INFO response {"request_id": "6fe932c93b5244f49f3d9fc80eb8a08a", "http_status": 200, "body": {"accepted": true, "real_timestamp_ms": 1789234705765, "virtual_time_s": 17, "measure_result": "no_signal"}}
2026-09-13 01:38:28,789 INFO request {"path": "/measure", "payload": {"arena_id": "default", "robot_id": "202601002029", "request_id": "4ef1ba6538404ac5967621a7284463a7", "position": {"x": 0.0, "y": 0.0}, "channel": 4}, "attempt": 1}
2026-09-13 01:38:28,808 INFO response {"request_id": "4ef1ba6538404ac5967621a7284463a7", "http_status": 200, "body": {"accepted": true, "real_timestamp_ms": 1789234705785, "virtual_time_s": 23, "measure_result": "direction", "svd_deg": 60.07}}
2026-09-13 01:38:28,828 INFO request {"path": "/measure", "payload": {"arena_id": "default", "robot_id": "202601002029", "request_id": "03b7d5b68095460bab20ac655c1132bc", "position": {"x": 0.0, "y": 0.0}, "channel": 5}, "attempt": 1}
2026-09-13 01:38:28,830 INFO response {"request_id": "03b7d5b68095460bab20ac655c1132bc", "http_status": 200, "body": {"accepted": true, "real_timestamp_ms": 1789234705807, "virtual_time_s": 29, "measure_result": "no_signal"}}
2026-09-13 01:38:28,861 INFO request {"path": "/measure", "payload": {"arena_id": "default", "robot_id": "202601002029", "request_id": "c81f9e545b2643018f7cf1afb9dbef8d", "position": {"x": 0.0, "y": 0.0}, "channel": 6}, "attempt": 1}
2026-09-13 01:38:28,874 INFO response {"request_id": "c81f9e545b2643018f7cf1afb9dbef8d", "http_status": 200, "body": {"accepted": true, "real_timestamp_ms": 1789234705852, "virtual_time_s": 35, "measure_result": "no_signal"}}
2026-09-13 01:38:28,889 INFO request {"path": "/measure", "payload": {"arena_id": "default", "robot_id": "202601002029", "request_id": "859a965cd14d422cbe362518b756a99e", "position": {"x": 0.0, "y": 0.0}, "channel": 7}, "attempt": 1}
2026-09-13 01:38:28,890 INFO response {"request_id": "859a965cd14d422cbe362518b756a99e", "http_status": 200, "body": {"accepted": true, "real_timestamp_ms": 1789234705868, "virtual_time_s": 41, "measure_result": "no_signal"}}
2026-09-13 01:38:28,922 INFO request {"path": "/measure", "payload": {"arena_id": "default", "robot_id": "202601002029", "request_id": "3e52291395c948ca9fe0618501c3b83d", "position": {"x": 0.0, "y": 0.0}, "channel": 8}, "attempt": 1}
2026-09-13 01:38:28,923 INFO response {"request_id": "3e52291395c948ca9fe0618501c3b83d", "http_status": 200, "body": {"accepted": true, "real_timestamp_ms": 1789234705900, "virtual_time_s": 47, "measure_result": "no_signal"}}
2026-09-13 01:38:28,953 INFO request {"path": "/measure", "payload": {"arena_id": "default", "robot_id": "202601002029", "request_id": "fec2afb3bdd94acc954cf84fe3168ba7", "position": {"x": 0.0, "y": 0.0}, "channel": 9}, "attempt": 1}
2026-09-13 01:38:28,955 INFO response {"request_id": "fec2afb3bdd94acc954cf84fe3168ba7", "http_status": 200, "body": {"accepted": true, "real_timestamp_ms": 1789234705933, "virtual_time_s": 53, "measure_result": "no_signal"}}
2026-09-13 01:38:28,985 INFO request {"path": "/measure", "payload": {"arena_id": "default", "robot_id": "202601002029", "request_id": "35d295e3723547929702407f0e6b1541", "position": {"x": 0.0, "y": 0.0}, "channel": 10}, "attempt": 1}
2026-09-13 01:38:28,987 INFO response {"request_id": "35d295e3723547929702407f0e6b1541", "http_status": 200, "body": {"accepted": true, "real_timestamp_ms": 1789234705965, "virtual_time_s": 59, "measure_result": "no_signal"}}
2026-09-13 01:38:29,002 INFO request {"path": "/measure", "payload": {"arena_id": "default", "robot_id": "202601002029", "request_id": "424cd8cbc43743d59841e810165616c8", "position": {"x": 0.0, "y": 0.0}, "channel": 11}, "attempt": 1}
2026-09-13 01:38:29,004 INFO response {"request_id": "424cd8cbc43743d59841e810165616c8", "http_status": 200, "body": {"accepted": true, "real_timestamp_ms": 1789234705981, "virtual_time_s": 65, "measure_result": "no_signal"}}
2026-09-13 01:38:29,019 INFO request {"path": "/measure", "payload": {"arena_id": "default", "robot_id": "202601002029", "request_id": "2973bc0103f64f52ab48afd4effb8349", "position": {"x": 0.0, "y": 0.0}, "channel": 12}, "attempt": 1}
2026-09-13 01:38:29,020 INFO response {"request_id": "2973bc0103f64f52ab48afd4effb8349", "http_status": 200, "body": {"accepted": true, "real_timestamp_ms": 1789234705998, "virtual_time_s": 71, "measure_result": "no_signal"}}
2026-09-13 01:38:29,051 INFO request {"path": "/measure", "payload": {"arena_id": "default", "robot_id": "202601002029", "request_id": "34dee3db1e04488c8ec2a93c696183c7", "position": {"x": 0.0, "y": 0.0}, "channel": 13}, "attempt": 1}
2026-09-13 01:38:29,052 INFO response {"request_id": "34dee3db1e04488c8ec2a93c696183c7", "http_status": 200, "body": {"accepted": true, "real_timestamp_ms": 1789234706030, "virtual_time_s": 77, "measure_result": "no_signal"}}
2026-09-13 01:38:29,083 INFO request {"path": "/measure", "payload": {"arena_id": "default", "robot_id": "202601002029", "request_id": "556d3bc61970437b99ce606525f60c94", "position": {"x": 0.0, "y": 0.0}, "channel": 14}, "attempt": 1}
2026-09-13 01:38:29,084 INFO response {"request_id": "556d3bc61970437b99ce606525f60c94", "http_status": 200, "body": {"accepted": true, "real_timestamp_ms": 1789234706062, "virtual_time_s": 83, "measure_result": "direction", "svd_deg": 348.4}}
2026-09-13 01:38:29,118 INFO request {"path": "/measure", "payload": {"arena_id": "default", "robot_id": "202601002029", "request_id": "dbd9e75f95384f2ea6ff9442fc988718", "position": {"x": 0.0, "y": 0.0}, "channel": 15}, "attempt": 1}
2026-09-13 01:38:29,132 INFO response {"request_id": "dbd9e75f95384f2ea6ff9442fc988718", "http_status": 200, "body": {"accepted": true, "real_timestamp_ms": 1789234706110, "virtual_time_s": 89, "measure_result": "no_signal"}}
2026-09-13 01:38:29,147 INFO request {"path": "/measure", "payload": {"arena_id": "default", "robot_id": "202601002029", "request_id": "74e2f147e991441d87ee5738099e8b2c", "position": {"x": 0.0, "y": 0.0}, "channel": 16}, "attempt": 1}
2026-09-13 01:38:29,161 INFO response {"request_id": "74e2f147e991441d87ee5738099e8b2c", "http_status": 200, "body": {"accepted": true, "real_timestamp_ms": 1789234706138, "virtual_time_s": 95, "measure_result": "no_signal"}}
2026-09-13 01:38:29,176 INFO request {"path": "/measure", "payload": {"arena_id": "default", "robot_id": "202601002029", "request_id": "43183e47ff124908be54797059813f6b", "position": {"x": 0.0, "y": 0.0}, "channel": 17}, "attempt": 1}
2026-09-13 01:38:29,190 INFO response {"request_id": "43183e47ff124908be54797059813f6b", "http_status": 200, "body": {"accepted": true, "real_timestamp_ms": 1789234706168, "virtual_time_s": 101, "measure_result": "no_signal"}}
2026-09-13 01:38:29,221 INFO request {"path": "/measure", "payload": {"arena_id": "default", "robot_id": "202601002029", "request_id": "62c5b64325e444a58ca82a1c2d673b5e", "position": {"x": 0.0, "y": 0.0}, "channel": 18}, "attempt": 1}
2026-09-13 01:38:29,222 INFO response {"request_id": "62c5b64325e444a58ca82a1c2d673b5e", "http_status": 200, "body": {"accepted": true, "real_timestamp_ms": 1789234706200, "virtual_time_s": 107, "measure_result": "direction", "svd_deg": 171.32}}
2026-09-13 01:38:29,239 INFO request {"path": "/measure", "payload": {"arena_id": "default", "robot_id": "202601002029", "request_id": "2442333adb6848289b2d3ea697aceabf", "position": {"x": 0.0, "y": 0.0}, "channel": 19}, "attempt": 1}
2026-09-13 01:38:29,241 INFO response {"request_id": "2442333adb6848289b2d3ea697aceabf", "http_status": 200, "body": {"accepted": true, "real_timestamp_ms": 1789234706219, "virtual_time_s": 113, "measure_result": "no_signal"}}
2026-09-13 01:38:29,272 INFO request {"path": "/measure", "payload": {"arena_id": "default", "robot_id": "202601002029", "request_id": "a0700a17977b4af39e2b3d7c3dd723ef", "position": {"x": 0.0, "y": 0.0}, "channel": 20}, "attempt": 1}
2026-09-13 01:38:29,274 INFO response {"request_id": "a0700a17977b4af39e2b3d7c3dd723ef", "http_status": 200, "body": {"accepted": true, "real_timestamp_ms": 1789234706251, "virtual_time_s": 119, "measure_result": "no_signal"}}
2026-09-13 01:38:29,771 INFO request {"path": "/measure", "payload": {"arena_id": "default", "robot_id": "202601002029", "request_id": "150032fc91c34709a1535bd596951886", "position": {"x": -257.5249498770082, "y": 961.096197157623}, "channel": 20}, "attempt": 1}
2026-09-13 01:38:29,772 INFO response {"request_id": "150032fc91c34709a1535bd596951886", "http_status": 200, "body": {"accepted": true, "real_timestamp_ms": 1789234706750, "virtual_time_s": 323, "measure_result": "no_signal"}}
2026-09-13 01:38:29,803 INFO request {"path": "/measure", "payload": {"arena_id": "default", "robot_id": "202601002029", "request_id": "0068f0eaba6540dc83b25b15b1df5178", "position": {"x": -257.5249498770082, "y": 961.096197157623}, "channel": 3}, "attempt": 1}
2026-09-13 01:38:29,805 INFO response {"request_id": "0068f0eaba6540dc83b25b15b1df5178", "http_status": 200, "body": {"accepted": true, "real_timestamp_ms": 1789234706783, "virtual_time_s": 329, "measure_result": "no_signal"}}
2026-09-13 01:38:29,836 INFO request {"path": "/measure", "payload": {"arena_id": "default", "robot_id": "202601002029", "request_id": "d54157114660410c86d6d86eb2dbba9b", "position": {"x": -257.5249498770082, "y": 961.096197157623}, "channel": 5}, "attempt": 1}
2026-09-13 01:38:29,838 INFO response {"request_id": "d54157114660410c86d6d86eb2dbba9b", "http_status": 200, "body": {"accepted": true, "real_timestamp_ms": 1789234706816, "virtual_time_s": 335, "measure_result": "direction", "svd_deg": 107.81}}
2026-09-13 01:38:29,873 INFO request {"path": "/measure", "payload": {"arena_id": "default", "robot_id": "202601002029", "request_id": "9bc241faad5f49398f9b58b89cce8880", "position": {"x": -257.5249498770082, "y": 961.096197157623}, "channel": 6}, "attempt": 1}
2026-09-13 01:38:29,886 INFO response {"request_id": "9bc241faad5f49398f9b58b89cce8880", "http_status": 200, "body": {"accepted": true, "real_timestamp_ms": 1789234706864, "virtual_time_s": 341, "measure_result": "no_signal"}}
2026-09-13 01:38:29,901 INFO request {"path": "/measure", "payload": {"arena_id": "default", "robot_id": "202601002029", "request_id": "c741ed7ecf8c4ac5a7f7e9540c37b27b", "position": {"x": -257.5249498770082, "y": 961.096197157623}, "channel": 7}, "attempt": 1}
2026-09-13 01:38:29,916 INFO response {"request_id": "c741ed7ecf8c4ac5a7f7e9540c37b27b", "http_status": 200, "body": {"accepted": true, "real_timestamp_ms": 1789234706894, "virtual_time_s": 347, "measure_result": "no_signal"}}
2026-09-13 01:38:29,931 INFO request {"path": "/measure", "payload": {"arena_id": "default", "robot_id": "202601002029", "request_id": "eb79713c9e934e2098cafcdce4c63e8b", "position": {"x": -257.5249498770082, "y": 961.096197157623}, "channel": 8}, "attempt": 1}
2026-09-13 01:38:29,946 INFO response {"request_id": "eb79713c9e934e2098cafcdce4c63e8b", "http_status": 200, "body": {"accepted": true, "real_timestamp_ms": 1789234706923, "virtual_time_s": 353, "measure_result": "no_signal"}}
2026-09-13 01:38:29,961 INFO request {"path": "/measure", "payload": {"arena_id": "default", "robot_id": "202601002029", "request_id": "08cbe357ebbb4ce199b57dd89f1d4feb", "position": {"x": -257.5249498770082, "y": 961.096197157623}, "channel": 9}, "attempt": 1}
2026-09-13 01:38:29,962 INFO response {"request_id": "08cbe357ebbb4ce199b57dd89f1d4feb", "http_status": 200, "body": {"accepted": true, "real_timestamp_ms": 1789234706940, "virtual_time_s": 359, "measure_result": "direction", "svd_deg": 64.63}}
2026-09-13 01:38:29,995 INFO request {"path": "/measure", "payload": {"arena_id": "default", "robot_id": "202601002029", "request_id": "6ccb859ddd7045938daa12e23acab4e5", "position": {"x": -257.5249498770082, "y": 961.096197157623}, "channel": 10}, "attempt": 1}
2026-09-13 01:38:30,016 INFO response {"request_id": "6ccb859ddd7045938daa12e23acab4e5", "http_status": 200, "body": {"accepted": true, "real_timestamp_ms": 1789234706994, "virtual_time_s": 365, "measure_result": "no_signal"}}
2026-09-13 01:38:30,031 INFO request {"path": "/measure", "payload": {"arena_id": "default", "robot_id": "202601002029", "request_id": "49af5cf9410340af8a6499636a3b0058", "position": {"x": -257.5249498770082, "y": 961.096197157623}, "channel": 11}, "attempt": 1}
2026-09-13 01:38:30,032 INFO response {"request_id": "49af5cf9410340af8a6499636a3b0058", "http_status": 200, "body": {"accepted": true, "real_timestamp_ms": 1789234707009, "virtual_time_s": 371, "measure_result": "no_signal"}}
2026-09-13 01:38:30,062 INFO request {"path": "/measure", "payload": {"arena_id": "default", "robot_id": "202601002029", "request_id": "46e77e27cbc4495991ad53ccd8f7b78e", "position": {"x": -257.5249498770082, "y": 961.096197157623}, "channel": 12}, "attempt": 1}
2026-09-13 01:38:30,064 INFO response {"request_id": "46e77e27cbc4495991ad53ccd8f7b78e", "http_status": 200, "body": {"accepted": true, "real_timestamp_ms": 1789234707041, "virtual_time_s": 377, "measure_result": "no_signal"}}
2026-09-13 01:38:30,094 INFO request {"path": "/measure", "payload": {"arena_id": "default", "robot_id": "202601002029", "request_id": "76f101eb6a984859b9d02863806b6f20", "position": {"x": -257.5249498770082, "y": 961.096197157623}, "channel": 13}, "attempt": 1}
2026-09-13 01:38:30,095 INFO response {"request_id": "76f101eb6a984859b9d02863806b6f20", "http_status": 200, "body": {"accepted": true, "real_timestamp_ms": 1789234707073, "virtual_time_s": 383, "measure_result": "no_signal"}}
2026-09-13 01:38:30,126 INFO request {"path": "/measure", "payload": {"arena_id": "default", "robot_id": "202601002029", "request_id": "426ec33c5ed04c8981a06b398dade55f", "position": {"x": -257.5249498770082, "y": 961.096197157623}, "channel": 15}, "attempt": 1}
2026-09-13 01:38:30,142 INFO response {"request_id": "426ec33c5ed04c8981a06b398dade55f", "http_status": 200, "body": {"accepted": true, "real_timestamp_ms": 1789234707120, "virtual_time_s": 389, "measure_result": "no_signal"}}
2026-09-13 01:38:30,157 INFO request {"path": "/measure", "payload": {"arena_id": "default", "robot_id": "202601002029", "request_id": "76e8cb8ca94f4191b3e3453fe1da7571", "position": {"x": -257.5249498770082, "y": 961.096197157623}, "channel": 16}, "attempt": 1}
2026-09-13 01:38:30,172 INFO response {"request_id": "76e8cb8ca94f4191b3e3453fe1da7571", "http_status": 200, "body": {"accepted": true, "real_timestamp_ms": 1789234707149, "virtual_time_s": 395, "measure_result": "no_signal"}}
2026-09-13 01:38:30,186 INFO request {"path": "/measure", "payload": {"arena_id": "default", "robot_id": "202601002029", "request_id": "cd4ea280f87c41efb77eb7198bc5033c", "position": {"x": -257.5249498770082, "y": 961.096197157623}, "channel": 17}, "attempt": 1}
2026-09-13 01:38:30,200 INFO response {"request_id": "cd4ea280f87c41efb77eb7198bc5033c", "http_status": 200, "body": {"accepted": true, "real_timestamp_ms": 1789234707178, "virtual_time_s": 401, "measure_result": "no_signal"}}
2026-09-13 01:38:30,216 INFO request {"path": "/measure", "payload": {"arena_id": "default", "robot_id": "202601002029", "request_id": "d72443d0b8a74a278c2d3524a63a82fb", "position": {"x": -257.5249498770082, "y": 961.096197157623}, "channel": 19}, "attempt": 1}
2026-09-13 01:38:30,230 INFO response {"request_id": "d72443d0b8a74a278c2d3524a63a82fb", "http_status": 200, "body": {"accepted": true, "real_timestamp_ms": 1789234707208, "virtual_time_s": 407, "measure_result": "no_signal"}}
2026-09-13 01:38:30,290 INFO request {"path": "/measure", "payload": {"arena_id": "default", "robot_id": "202601002029", "request_id": "a98088918e0d471f85fdc14fb4cde2cc", "position": {"x": -257.5249498770082, "y": 961.096197157623}, "channel": 2}, "attempt": 1}
2026-09-13 01:38:30,292 INFO response {"request_id": "a98088918e0d471f85fdc14fb4cde2cc", "http_status": 200, "body": {"accepted": true, "real_timestamp_ms": 1789234707270, "virtual_time_s": 413, "measure_result": "direction", "svd_deg": 203.97}}
2026-09-13 01:38:30,325 INFO request {"path": "/measure", "payload": {"arena_id": "default", "robot_id": "202601002029", "request_id": "ceff374dfba243149ccff93149d81007", "position": {"x": -257.5249498770082, "y": 961.096197157623}, "channel": 4}, "attempt": 1}
2026-09-13 01:38:30,328 INFO response {"request_id": "ceff374dfba243149ccff93149d81007", "http_status": 200, "body": {"accepted": true, "real_timestamp_ms": 1789234707305, "virtual_time_s": 419, "measure_result": "direction", "svd_deg": 6.23}}
2026-09-13 01:38:30,351 INFO request {"path": "/measure", "payload": {"arena_id": "default", "robot_id": "202601002029", "request_id": "424bc18b05d841e5badd43d9ff796913", "position": {"x": -257.5249498770082, "y": 961.096197157623}, "channel": 1}, "attempt": 1}
2026-09-13 01:38:30,353 INFO response {"request_id": "424bc18b05d841e5badd43d9ff796913", "http_status": 200, "body": {"accepted": true, "real_timestamp_ms": 1789234707331, "virtual_time_s": 425, "measure_result": "direction", "svd_deg": 216.22}}
2026-09-13 01:38:30,988 INFO request {"path": "/measure", "payload": {"arena_id": "default", "robot_id": "202601002029", "request_id": "cbb05dc8f2fa460a9877dd5afa8bf6b3", "position": {"x": -861.6952767655165, "y": 497.49999999999994}, "channel": 3}, "attempt": 1}
2026-09-13 01:38:30,990 INFO response {"request_id": "cbb05dc8f2fa460a9877dd5afa8bf6b3", "http_status": 200, "body": {"accepted": true, "real_timestamp_ms": 1789234707967, "virtual_time_s": 583.308006, "measure_result": "direction", "svd_deg": 327.64}}
2026-09-13 01:38:31,022 INFO request {"path": "/measure", "payload": {"arena_id": "default", "robot_id": "202601002029", "request_id": "ab93ad0eeaea4bacae636d3af8d54237", "position": {"x": -861.6952767655165, "y": 497.49999999999994}, "channel": 6}, "attempt": 1}
2026-09-13 01:38:31,037 INFO response {"request_id": "ab93ad0eeaea4bacae636d3af8d54237", "http_status": 200, "body": {"accepted": true, "real_timestamp_ms": 1789234708015, "virtual_time_s": 589.308006, "measure_result": "no_signal"}}
2026-09-13 01:38:31,052 INFO request {"path": "/measure", "payload": {"arena_id": "default", "robot_id": "202601002029", "request_id": "09fc05c20c974bf392ddce31dde95cc7", "position": {"x": -861.6952767655165, "y": 497.49999999999994}, "channel": 7}, "attempt": 1}
2026-09-13 01:38:31,053 INFO response {"request_id": "09fc05c20c974bf392ddce31dde95cc7", "http_status": 200, "body": {"accepted": true, "real_timestamp_ms": 1789234708030, "virtual_time_s": 595.308006, "measure_result": "no_signal"}}
2026-09-13 01:38:31,083 INFO request {"path": "/measure", "payload": {"arena_id": "default", "robot_id": "202601002029", "request_id": "d53a786988d44ab6ba978feb5a1326fa", "position": {"x": -861.6952767655165, "y": 497.49999999999994}, "channel": 8}, "attempt": 1}
2026-09-13 01:38:31,096 INFO response {"request_id": "d53a786988d44ab6ba978feb5a1326fa", "http_status": 200, "body": {"accepted": true, "real_timestamp_ms": 1789234708074, "virtual_time_s": 601.308006, "measure_result": "no_signal"}}
2026-09-13 01:38:31,127 INFO request {"path": "/measure", "payload": {"arena_id": "default", "robot_id": "202601002029", "request_id": "27ef85f687ce4483bcc4f10160d0ed8d", "position": {"x": -861.6952767655165, "y": 497.49999999999994}, "channel": 10}, "attempt": 1}
2026-09-13 01:38:31,128 INFO response {"request_id": "27ef85f687ce4483bcc4f10160d0ed8d", "http_status": 200, "body": {"accepted": true, "real_timestamp_ms": 1789234708106, "virtual_time_s": 607.308006, "measure_result": "no_signal"}}
2026-09-13 01:38:31,143 INFO request {"path": "/measure", "payload": {"arena_id": "default", "robot_id": "202601002029", "request_id": "b4ad5d357e45439a8718dcdd5a820aa1", "position": {"x": -861.6952767655165, "y": 497.49999999999994}, "channel": 11}, "attempt": 1}
2026-09-13 01:38:31,145 INFO response {"request_id": "b4ad5d357e45439a8718dcdd5a820aa1", "http_status": 200, "body": {"accepted": true, "real_timestamp_ms": 1789234708122, "virtual_time_s": 613.308006, "measure_result": "no_signal"}}
2026-09-13 01:38:31,161 INFO request {"path": "/measure", "payload": {"arena_id": "default", "robot_id": "202601002029", "request_id": "6efaa5fa2e6642ce850bb4dd411072c1", "position": {"x": -861.6952767655165, "y": 497.49999999999994}, "channel": 12}, "attempt": 1}
2026-09-13 01:38:31,163 INFO response {"request_id": "6efaa5fa2e6642ce850bb4dd411072c1", "http_status": 200, "body": {"accepted": true, "real_timestamp_ms": 1789234708140, "virtual_time_s": 619.308006, "measure_result": "no_signal"}}
2026-09-13 01:38:31,194 INFO request {"path": "/measure", "payload": {"arena_id": "default", "robot_id": "202601002029", "request_id": "616334485797476c913629e387b3d302", "position": {"x": -861.6952767655165, "y": 497.49999999999994}, "channel": 13}, "attempt": 1}
2026-09-13 01:38:31,195 INFO response {"request_id": "616334485797476c913629e387b3d302", "http_status": 200, "body": {"accepted": true, "real_timestamp_ms": 1789234708173, "virtual_time_s": 625.308006, "measure_result": "no_signal"}}
2026-09-13 01:38:31,226 INFO request {"path": "/measure", "payload": {"arena_id": "default", "robot_id": "202601002029", "request_id": "2f80c5aaec724e1bbdff8c5468ea275c", "position": {"x": -861.6952767655165, "y": 497.49999999999994}, "channel": 15}, "attempt": 1}
2026-09-13 01:38:31,244 INFO response {"request_id": "2f80c5aaec724e1bbdff8c5468ea275c", "http_status": 200, "body": {"accepted": true, "real_timestamp_ms": 1789234708222, "virtual_time_s": 631.308006, "measure_result": "no_signal"}}
2026-09-13 01:38:31,259 INFO request {"path": "/measure", "payload": {"arena_id": "default", "robot_id": "202601002029", "request_id": "ad54119c0ac8417ead9c509792caa19e", "position": {"x": -861.6952767655165, "y": 497.49999999999994}, "channel": 16}, "attempt": 1}
2026-09-13 01:38:31,274 INFO response {"request_id": "ad54119c0ac8417ead9c509792caa19e", "http_status": 200, "body": {"accepted": true, "real_timestamp_ms": 1789234708251, "virtual_time_s": 637.308006, "measure_result": "no_signal"}}
2026-09-13 01:38:31,289 INFO request {"path": "/measure", "payload": {"arena_id": "default", "robot_id": "202601002029", "request_id": "b5d6469a9430480ab85b0f169c6f0bc9", "position": {"x": -861.6952767655165, "y": 497.49999999999994}, "channel": 17}, "attempt": 1}
2026-09-13 01:38:31,304 INFO response {"request_id": "b5d6469a9430480ab85b0f169c6f0bc9", "http_status": 200, "body": {"accepted": true, "real_timestamp_ms": 1789234708281, "virtual_time_s": 643.308006, "measure_result": "no_signal"}}
2026-09-13 01:38:31,318 INFO request {"path": "/measure", "payload": {"arena_id": "default", "robot_id": "202601002029", "request_id": "e6d832f8dcc04aabb983dea657eb82e7", "position": {"x": -861.6952767655165, "y": 497.49999999999994}, "channel": 19}, "attempt": 1}
2026-09-13 01:38:31,320 INFO response {"request_id": "e6d832f8dcc04aabb983dea657eb82e7", "http_status": 200, "body": {"accepted": true, "real_timestamp_ms": 1789234708297, "virtual_time_s": 649.308006, "measure_result": "no_signal"}}
2026-09-13 01:38:31,350 INFO request {"path": "/measure", "payload": {"arena_id": "default", "robot_id": "202601002029", "request_id": "5b883e6c9fd54a4e92cf331d1a3fd742", "position": {"x": -861.6952767655165, "y": 497.49999999999994}, "channel": 20}, "attempt": 1}
2026-09-13 01:38:31,352 INFO response {"request_id": "5b883e6c9fd54a4e92cf331d1a3fd742", "http_status": 200, "body": {"accepted": true, "real_timestamp_ms": 1789234708330, "virtual_time_s": 655.308006, "measure_result": "no_signal"}}
2026-09-13 01:38:31,438 INFO request {"path": "/measure", "payload": {"arena_id": "default", "robot_id": "202601002029", "request_id": "c805aabc3c1946c1aaf653b33dc2784c", "position": {"x": -861.6952767655165, "y": 497.49999999999994}, "channel": 2}, "attempt": 1}
2026-09-13 01:38:31,439 INFO response {"request_id": "c805aabc3c1946c1aaf653b33dc2784c", "http_status": 200, "body": {"accepted": true, "real_timestamp_ms": 1789234708417, "virtual_time_s": 661.308006, "measure_result": "direction", "svd_deg": 106.1}}
2026-09-13 01:38:31,458 INFO request {"path": "/measure", "payload": {"arena_id": "default", "robot_id": "202601002029", "request_id": "7bde7d4579174d0887b4ed8a536e6e07", "position": {"x": -861.6952767655165, "y": 497.49999999999994}, "channel": 18}, "attempt": 1}
2026-09-13 01:38:31,472 INFO response {"request_id": "7bde7d4579174d0887b4ed8a536e6e07", "http_status": 200, "body": {"accepted": true, "real_timestamp_ms": 1789234708449, "virtual_time_s": 667.308006, "measure_result": "direction", "svd_deg": 301.06}}
2026-09-13 01:38:31,493 INFO request {"path": "/measure", "payload": {"arena_id": "default", "robot_id": "202601002029", "request_id": "1cf7f247936a465ba1fce706968e5679", "position": {"x": -861.6952767655165, "y": 497.49999999999994}, "channel": 5}, "attempt": 1}
2026-09-13 01:38:31,511 INFO response {"request_id": "1cf7f247936a465ba1fce706968e5679", "http_status": 200, "body": {"accepted": true, "real_timestamp_ms": 1789234708488, "virtual_time_s": 673.308006, "measure_result": "no_signal"}}
2026-09-13 01:38:32,687 INFO request {"path": "/measure", "payload": {"arena_id": "default", "robot_id": "202601002029", "request_id": "ddeffb561dc04111a820d656818e7073", "position": {"x": -961.096197157623, "y": -257.52494987700817}, "channel": 6}, "attempt": 1}
2026-09-13 01:38:32,689 INFO response {"request_id": "ddeffb561dc04111a820d656818e7073", "http_status": 200, "body": {"accepted": true, "real_timestamp_ms": 1789234709666, "virtual_time_s": 831.616012, "measure_result": "no_signal"}}
2026-09-13 01:38:32,719 INFO request {"path": "/measure", "payload": {"arena_id": "default", "robot_id": "202601002029", "request_id": "350bf57c1c6d49c4a669aa650136afa8", "position": {"x": -961.096197157623, "y": -257.52494987700817}, "channel": 7}, "attempt": 1}
2026-09-13 01:38:32,722 INFO response {"request_id": "350bf57c1c6d49c4a669aa650136afa8", "http_status": 200, "body": {"accepted": true, "real_timestamp_ms": 1789234709699, "virtual_time_s": 837.616012, "measure_result": "no_signal"}}
2026-09-13 01:38:32,738 INFO request {"path": "/measure", "payload": {"arena_id": "default", "robot_id": "202601002029", "request_id": "86852696a42d41d4abb32ecff5b491a0", "position": {"x": -961.096197157623, "y": -257.52494987700817}, "channel": 8}, "attempt": 1}
2026-09-13 01:38:32,742 INFO response {"request_id": "86852696a42d41d4abb32ecff5b491a0", "http_status": 200, "body": {"accepted": true, "real_timestamp_ms": 1789234709718, "virtual_time_s": 843.616012, "measure_result": "direction", "svd_deg": 271.97}}
2026-09-13 01:38:32,776 INFO request {"path": "/measure", "payload": {"arena_id": "default", "robot_id": "202601002029", "request_id": "60899742af7643f191f982a701e44988", "position": {"x": -961.096197157623, "y": -257.52494987700817}, "channel": 10}, "attempt": 1}
2026-09-13 01:38:32,778 INFO response {"request_id": "60899742af7643f191f982a701e44988", "http_status": 200, "body": {"accepted": true, "real_timestamp_ms": 1789234709755, "virtual_time_s": 849.616012, "measure_result": "no_signal"}}
2026-09-13 01:38:32,808 INFO request {"path": "/measure", "payload": {"arena_id": "default", "robot_id": "202601002029", "request_id": "8cb75b8e90ed495cb4f6c41316021f1d", "position": {"x": -961.096197157623, "y": -257.52494987700817}, "channel": 11}, "attempt": 1}
2026-09-13 01:38:32,810 INFO response {"request_id": "8cb75b8e90ed495cb4f6c41316021f1d", "http_status": 200, "body": {"accepted": true, "real_timestamp_ms": 1789234709787, "virtual_time_s": 855.616012, "measure_result": "no_signal"}}
2026-09-13 01:38:32,840 INFO request {"path": "/measure", "payload": {"arena_id": "default", "robot_id": "202601002029", "request_id": "9065bfd183534a61ae2292447397d435", "position": {"x": -961.096197157623, "y": -257.52494987700817}, "channel": 12}, "attempt": 1}
2026-09-13 01:38:32,858 INFO response {"request_id": "9065bfd183534a61ae2292447397d435", "http_status": 200, "body": {"accepted": true, "real_timestamp_ms": 1789234709836, "virtual_time_s": 861.616012, "measure_result": "no_signal"}}
2026-09-13 01:38:32,874 INFO request {"path": "/measure", "payload": {"arena_id": "default", "robot_id": "202601002029", "request_id": "668fb4d5b050456b836504884d27d665", "position": {"x": -961.096197157623, "y": -257.52494987700817}, "channel": 13}, "attempt": 1}
2026-09-13 01:38:32,888 INFO response {"request_id": "668fb4d5b050456b836504884d27d665", "http_status": 200, "body": {"accepted": true, "real_timestamp_ms": 1789234709866, "virtual_time_s": 867.616012, "measure_result": "direction", "svd_deg": 298.47}}
2026-09-13 01:38:32,904 INFO request {"path": "/measure", "payload": {"arena_id": "default", "robot_id": "202601002029", "request_id": "19f26fb5e2b346f5b6a2d131a4848428", "position": {"x": -961.096197157623, "y": -257.52494987700817}, "channel": 15}, "attempt": 1}
2026-09-13 01:38:32,918 INFO response {"request_id": "19f26fb5e2b346f5b6a2d131a4848428", "http_status": 200, "body": {"accepted": true, "real_timestamp_ms": 1789234709896, "virtual_time_s": 873.616012, "measure_result": "no_signal"}}
2026-09-13 01:38:32,933 INFO request {"path": "/measure", "payload": {"arena_id": "default", "robot_id": "202601002029", "request_id": "0bbc6804bacb4e28b553f8ef6b6d806b", "position": {"x": -961.096197157623, "y": -257.52494987700817}, "channel": 16}, "attempt": 1}
2026-09-13 01:38:32,934 INFO response {"request_id": "0bbc6804bacb4e28b553f8ef6b6d806b", "http_status": 200, "body": {"accepted": true, "real_timestamp_ms": 1789234709912, "virtual_time_s": 879.616012, "measure_result": "no_signal"}}
2026-09-13 01:38:32,965 INFO request {"path": "/measure", "payload": {"arena_id": "default", "robot_id": "202601002029", "request_id": "54ee2b8fe6ab4545aaed8436e1977343", "position": {"x": -961.096197157623, "y": -257.52494987700817}, "channel": 17}, "attempt": 1}
2026-09-13 01:38:32,977 INFO response {"request_id": "54ee2b8fe6ab4545aaed8436e1977343", "http_status": 200, "body": {"accepted": true, "real_timestamp_ms": 1789234709954, "virtual_time_s": 885.616012, "measure_result": "no_signal"}}
2026-09-13 01:38:32,993 INFO request {"path": "/measure", "payload": {"arena_id": "default", "robot_id": "202601002029", "request_id": "3dd00fb682944bafa7de0f1d6a08bdc0", "position": {"x": -961.096197157623, "y": -257.52494987700817}, "channel": 19}, "attempt": 1}
2026-09-13 01:38:33,006 INFO response {"request_id": "3dd00fb682944bafa7de0f1d6a08bdc0", "http_status": 200, "body": {"accepted": true, "real_timestamp_ms": 1789234709984, "virtual_time_s": 891.616012, "measure_result": "no_signal"}}
2026-09-13 01:38:33,020 INFO request {"path": "/measure", "payload": {"arena_id": "default", "robot_id": "202601002029", "request_id": "ea19d2ed797241c186e87bd62d345e92", "position": {"x": -961.096197157623, "y": -257.52494987700817}, "channel": 20}, "attempt": 1}
2026-09-13 01:38:33,035 INFO response {"request_id": "ea19d2ed797241c186e87bd62d345e92", "http_status": 200, "body": {"accepted": true, "real_timestamp_ms": 1789234710013, "virtual_time_s": 897.616012, "measure_result": "no_signal"}}
2026-09-13 01:38:33,087 INFO request {"path": "/measure", "payload": {"arena_id": "default", "robot_id": "202601002029", "request_id": "5f76359129fc4ef39c462226d79d6a25", "position": {"x": -961.096197157623, "y": -257.52494987700817}, "channel": 18}, "attempt": 1}
2026-09-13 01:38:33,105 INFO response {"request_id": "5f76359129fc4ef39c462226d79d6a25", "http_status": 200, "body": {"accepted": true, "real_timestamp_ms": 1789234710082, "virtual_time_s": 903.616012, "measure_result": "direction", "svd_deg": 47.2}}
2026-09-13 01:38:33,113 INFO request {"path": "/measure", "payload": {"arena_id": "default", "robot_id": "202601002029", "request_id": "86f01887f4544e3c85605e7fe3415070", "position": {"x": -961.096197157623, "y": -257.52494987700817}, "channel": 3}, "attempt": 1}
2026-09-13 01:38:33,134 INFO response {"request_id": "86f01887f4544e3c85605e7fe3415070", "http_status": 200, "body": {"accepted": true, "real_timestamp_ms": 1789234710110, "virtual_time_s": 909.616012, "measure_result": "direction", "svd_deg": 77.27}}
2026-09-13 01:38:33,157 INFO request {"path": "/measure", "payload": {"arena_id": "default", "robot_id": "202601002029", "request_id": "d5a2269f6300430f9cdb9eb8396e9f2f", "position": {"x": -961.096197157623, "y": -257.52494987700817}, "channel": 1}, "attempt": 1}
2026-09-13 01:38:33,159 INFO response {"request_id": "d5a2269f6300430f9cdb9eb8396e9f2f", "http_status": 200, "body": {"accepted": true, "real_timestamp_ms": 1789234710137, "virtual_time_s": 915.616012, "measure_result": "direction", "svd_deg": 114.89}}
2026-09-13 01:38:34,371 INFO request {"path": "/measure", "payload": {"arena_id": "default", "robot_id": "202601002029", "request_id": "990fb4c8c3a94f02a5a175cacd947bfe", "position": {"x": -497.50000000000045, "y": -861.6952767655163}, "channel": 6}, "attempt": 1}
2026-09-13 01:38:34,372 INFO response {"request_id": "990fb4c8c3a94f02a5a175cacd947bfe", "http_status": 200, "body": {"accepted": true, "real_timestamp_ms": 1789234711350, "virtual_time_s": 1073.924018, "measure_result": "no_signal"}}
2026-09-13 01:38:34,402 INFO request {"path": "/measure", "payload": {"arena_id": "default", "robot_id": "202601002029", "request_id": "fc0f15e93ac343cbbe63316e66ea69e4", "position": {"x": -497.50000000000045, "y": -861.6952767655163}, "channel": 7}, "attempt": 1}
2026-09-13 01:38:34,418 INFO response {"request_id": "fc0f15e93ac343cbbe63316e66ea69e4", "http_status": 200, "body": {"accepted": true, "real_timestamp_ms": 1789234711395, "virtual_time_s": 1079.924018, "measure_result": "no_signal"}}
2026-09-13 01:38:34,433 INFO request {"path": "/measure", "payload": {"arena_id": "default", "robot_id": "202601002029", "request_id": "06bee50fee4a4c6eb8efb3f1eae0c81d", "position": {"x": -497.50000000000045, "y": -861.6952767655163}, "channel": 10}, "attempt": 1}
2026-09-13 01:38:34,447 INFO response {"request_id": "06bee50fee4a4c6eb8efb3f1eae0c81d", "http_status": 200, "body": {"accepted": true, "real_timestamp_ms": 1789234711424, "virtual_time_s": 1085.924018, "measure_result": "no_signal"}}
2026-09-13 01:38:34,463 INFO request {"path": "/measure", "payload": {"arena_id": "default", "robot_id": "202601002029", "request_id": "ea1ce62d10b34ac88d966130ebdb1a0e", "position": {"x": -497.50000000000045, "y": -861.6952767655163}, "channel": 11}, "attempt": 1}
2026-09-13 01:38:34,467 INFO response {"request_id": "ea1ce62d10b34ac88d966130ebdb1a0e", "http_status": 200, "body": {"accepted": true, "real_timestamp_ms": 1789234711443, "virtual_time_s": 1091.924018, "measure_result": "direction", "svd_deg": 229.3}}
2026-09-13 01:38:34,488 INFO request {"path": "/measure", "payload": {"arena_id": "default", "robot_id": "202601002029", "request_id": "baea9320b2414464812a46da47c519ac", "position": {"x": -497.50000000000045, "y": -861.6952767655163}, "channel": 12}, "attempt": 1}
2026-09-13 01:38:34,490 INFO response {"request_id": "baea9320b2414464812a46da47c519ac", "http_status": 200, "body": {"accepted": true, "real_timestamp_ms": 1789234711468, "virtual_time_s": 1097.924018, "measure_result": "no_signal"}}
2026-09-13 01:38:34,521 INFO request {"path": "/measure", "payload": {"arena_id": "default", "robot_id": "202601002029", "request_id": "dbf9f5c414144c36998c8b79eec0b5b8", "position": {"x": -497.50000000000045, "y": -861.6952767655163}, "channel": 15}, "attempt": 1}
2026-09-13 01:38:34,536 INFO response {"request_id": "dbf9f5c414144c36998c8b79eec0b5b8", "http_status": 200, "body": {"accepted": true, "real_timestamp_ms": 1789234711512, "virtual_time_s": 1103.924018, "measure_result": "no_signal"}}
2026-09-13 01:38:34,551 INFO request {"path": "/measure", "payload": {"arena_id": "default", "robot_id": "202601002029", "request_id": "2a370a293872474f96dc96ba7a14affb", "position": {"x": -497.50000000000045, "y": -861.6952767655163}, "channel": 16}, "attempt": 1}
2026-09-13 01:38:34,553 INFO response {"request_id": "2a370a293872474f96dc96ba7a14affb", "http_status": 200, "body": {"accepted": true, "real_timestamp_ms": 1789234711530, "virtual_time_s": 1109.924018, "measure_result": "no_signal"}}
2026-09-13 01:38:34,583 INFO request {"path": "/measure", "payload": {"arena_id": "default", "robot_id": "202601002029", "request_id": "8f892c4c886c4cbc8f2a4c1881afd8cd", "position": {"x": -497.50000000000045, "y": -861.6952767655163}, "channel": 17}, "attempt": 1}
2026-09-13 01:38:34,586 INFO response {"request_id": "8f892c4c886c4cbc8f2a4c1881afd8cd", "http_status": 200, "body": {"accepted": true, "real_timestamp_ms": 1789234711563, "virtual_time_s": 1115.924018, "measure_result": "no_signal"}}
2026-09-13 01:38:34,618 INFO request {"path": "/measure", "payload": {"arena_id": "default", "robot_id": "202601002029", "request_id": "4258b6fb520f449c8c76a1d4f56139df", "position": {"x": -497.50000000000045, "y": -861.6952767655163}, "channel": 19}, "attempt": 1}
2026-09-13 01:38:34,633 INFO response {"request_id": "4258b6fb520f449c8c76a1d4f56139df", "http_status": 200, "body": {"accepted": true, "real_timestamp_ms": 1789234711610, "virtual_time_s": 1121.924018, "measure_result": "no_signal"}}
2026-09-13 01:38:34,647 INFO request {"path": "/measure", "payload": {"arena_id": "default", "robot_id": "202601002029", "request_id": "1ab4ea08195743c7a922e5aeb5552142", "position": {"x": -497.50000000000045, "y": -861.6952767655163}, "channel": 20}, "attempt": 1}
2026-09-13 01:38:34,662 INFO response {"request_id": "1ab4ea08195743c7a922e5aeb5552142", "http_status": 200, "body": {"accepted": true, "real_timestamp_ms": 1789234711640, "virtual_time_s": 1127.924018, "measure_result": "no_signal"}}
2026-09-13 01:38:34,726 INFO request {"path": "/measure", "payload": {"arena_id": "default", "robot_id": "202601002029", "request_id": "0f545b7dccf94c0f848bb22019a03ad9", "position": {"x": -497.50000000000045, "y": -861.6952767655163}, "channel": 8}, "attempt": 1}
2026-09-13 01:38:34,727 INFO response {"request_id": "0f545b7dccf94c0f848bb22019a03ad9", "http_status": 200, "body": {"accepted": true, "real_timestamp_ms": 1789234711705, "virtual_time_s": 1133.924018, "measure_result": "direction", "svd_deg": 217.11}}
2026-09-13 01:38:34,760 INFO request {"path": "/measure", "payload": {"arena_id": "default", "robot_id": "202601002029", "request_id": "6cd47a8aceea43db80011718b2c7fdd4", "position": {"x": -497.50000000000045, "y": -861.6952767655163}, "channel": 13}, "attempt": 1}
2026-09-13 01:38:34,762 INFO response {"request_id": "6cd47a8aceea43db80011718b2c7fdd4", "http_status": 200, "body": {"accepted": true, "real_timestamp_ms": 1789234711740, "virtual_time_s": 1139.924018, "measure_result": "direction", "svd_deg": 269.73}}
2026-09-13 01:38:35,985 INFO request {"path": "/measure", "payload": {"arena_id": "default", "robot_id": "202601002029", "request_id": "0b7471744fe54eb7b49654905b90b88d", "position": {"x": 257.5249498770077, "y": -961.0961971576231}, "channel": 6}, "attempt": 1}
2026-09-13 01:38:35,997 INFO response {"request_id": "0b7471744fe54eb7b49654905b90b88d", "http_status": 200, "body": {"accepted": true, "real_timestamp_ms": 1789234712975, "virtual_time_s": 1298.232024, "measure_result": "no_signal"}}
2026-09-13 01:38:36,012 INFO request {"path": "/measure", "payload": {"arena_id": "default", "robot_id": "202601002029", "request_id": "fed46a14372544d6a7f6b325b8bcc7a8", "position": {"x": 257.5249498770077, "y": -961.0961971576231}, "channel": 7}, "attempt": 1}
2026-09-13 01:38:36,013 INFO response {"request_id": "fed46a14372544d6a7f6b325b8bcc7a8", "http_status": 200, "body": {"accepted": true, "real_timestamp_ms": 1789234712991, "virtual_time_s": 1304.232024, "measure_result": "no_signal"}}
2026-09-13 01:38:36,044 INFO request {"path": "/measure", "payload": {"arena_id": "default", "robot_id": "202601002029", "request_id": "78d47d5f243946aca40612ce7b19f003", "position": {"x": 257.5249498770077, "y": -961.0961971576231}, "channel": 10}, "attempt": 1}
2026-09-13 01:38:36,057 INFO response {"request_id": "78d47d5f243946aca40612ce7b19f003", "http_status": 200, "body": {"accepted": true, "real_timestamp_ms": 1789234713034, "virtual_time_s": 1310.232024, "measure_result": "no_signal"}}
2026-09-13 01:38:36,072 INFO request {"path": "/measure", "payload": {"arena_id": "default", "robot_id": "202601002029", "request_id": "63dafecb8e3d4cf7b20d1596b88fee80", "position": {"x": 257.5249498770077, "y": -961.0961971576231}, "channel": 12}, "attempt": 1}
2026-09-13 01:38:36,085 INFO response {"request_id": "63dafecb8e3d4cf7b20d1596b88fee80", "http_status": 200, "body": {"accepted": true, "real_timestamp_ms": 1789234713063, "virtual_time_s": 1316.232024, "measure_result": "no_signal"}}
2026-09-13 01:38:36,100 INFO request {"path": "/measure", "payload": {"arena_id": "default", "robot_id": "202601002029", "request_id": "c1051e950c444d1caf810696e3e41e43", "position": {"x": 257.5249498770077, "y": -961.0961971576231}, "channel": 15}, "attempt": 1}
2026-09-13 01:38:36,102 INFO response {"request_id": "c1051e950c444d1caf810696e3e41e43", "http_status": 200, "body": {"accepted": true, "real_timestamp_ms": 1789234713079, "virtual_time_s": 1322.232024, "measure_result": "no_signal"}}
2026-09-13 01:38:36,133 INFO request {"path": "/measure", "payload": {"arena_id": "default", "robot_id": "202601002029", "request_id": "f8443908049c43778f4c8d7899ae1af2", "position": {"x": 257.5249498770077, "y": -961.0961971576231}, "channel": 16}, "attempt": 1}
2026-09-13 01:38:36,135 INFO response {"request_id": "f8443908049c43778f4c8d7899ae1af2", "http_status": 200, "body": {"accepted": true, "real_timestamp_ms": 1789234713112, "virtual_time_s": 1328.232024, "measure_result": "no_signal"}}
2026-09-13 01:38:36,166 INFO request {"path": "/measure", "payload": {"arena_id": "default", "robot_id": "202601002029", "request_id": "a4e28745bc554314bc88eec87b652816", "position": {"x": 257.5249498770077, "y": -961.0961971576231}, "channel": 17}, "attempt": 1}
2026-09-13 01:38:36,183 INFO response {"request_id": "a4e28745bc554314bc88eec87b652816", "http_status": 200, "body": {"accepted": true, "real_timestamp_ms": 1789234713161, "virtual_time_s": 1334.232024, "measure_result": "direction", "svd_deg": 334.72}}
2026-09-13 01:38:36,203 INFO request {"path": "/measure", "payload": {"arena_id": "default", "robot_id": "202601002029", "request_id": "980354a717e0417ab2a7aec7031edbc2", "position": {"x": 257.5249498770077, "y": -961.0961971576231}, "channel": 19}, "attempt": 1}
2026-09-13 01:38:36,223 INFO response {"request_id": "980354a717e0417ab2a7aec7031edbc2", "http_status": 200, "body": {"accepted": true, "real_timestamp_ms": 1789234713200, "virtual_time_s": 1340.232024, "measure_result": "no_signal"}}
2026-09-13 01:38:36,224 INFO request {"path": "/measure", "payload": {"arena_id": "default", "robot_id": "202601002029", "request_id": "a24d9df8f67743d79627071f41ba4c1d", "position": {"x": 257.5249498770077, "y": -961.0961971576231}, "channel": 20}, "attempt": 1}
2026-09-13 01:38:36,225 INFO response {"request_id": "a24d9df8f67743d79627071f41ba4c1d", "http_status": 200, "body": {"accepted": true, "real_timestamp_ms": 1789234713202, "virtual_time_s": 1346.232024, "measure_result": "no_signal"}}
2026-09-13 01:38:36,283 INFO request {"path": "/measure", "payload": {"arena_id": "default", "robot_id": "202601002029", "request_id": "a7e902f193ab471c85eaf7b0d30d2b44", "position": {"x": 257.5249498770077, "y": -961.0961971576231}, "channel": 13}, "attempt": 1}
2026-09-13 01:38:36,302 INFO response {"request_id": "a7e902f193ab471c85eaf7b0d30d2b44", "http_status": 200, "body": {"accepted": true, "real_timestamp_ms": 1789234713279, "virtual_time_s": 1352.232024, "measure_result": "direction", "svd_deg": 191.7}}
2026-09-13 01:38:36,306 INFO request {"path": "/measure", "payload": {"arena_id": "default", "robot_id": "202601002029", "request_id": "52d90f971fa94cd58eabf92a50520bda", "position": {"x": 257.5249498770077, "y": -961.0961971576231}, "channel": 14}, "attempt": 1}
2026-09-13 01:38:36,321 INFO response {"request_id": "52d90f971fa94cd58eabf92a50520bda", "http_status": 200, "body": {"accepted": true, "real_timestamp_ms": 1789234713299, "virtual_time_s": 1358.232024, "measure_result": "direction", "svd_deg": 60.39}}
2026-09-13 01:38:37,501 INFO request {"path": "/measure", "payload": {"arena_id": "default", "robot_id": "202601002029", "request_id": "fe98c18ce4ae4d908868df16a1025392", "position": {"x": 861.6952767655162, "y": -497.50000000000045}, "channel": 6}, "attempt": 1}
2026-09-13 01:38:37,503 INFO response {"request_id": "fe98c18ce4ae4d908868df16a1025392", "http_status": 200, "body": {"accepted": true, "real_timestamp_ms": 1789234714481, "virtual_time_s": 1516.54003, "measure_result": "no_signal"}}
2026-09-13 01:38:37,534 INFO request {"path": "/measure", "payload": {"arena_id": "default", "robot_id": "202601002029", "request_id": "99ebe65a221b41fa91b1122ac7686dcb", "position": {"x": 861.6952767655162, "y": -497.50000000000045}, "channel": 7}, "attempt": 1}
2026-09-13 01:38:37,534 INFO response {"request_id": "99ebe65a221b41fa91b1122ac7686dcb", "http_status": 200, "body": {"accepted": true, "real_timestamp_ms": 1789234714512, "virtual_time_s": 1522.54003, "measure_result": "direction", "svd_deg": 25.0}}
2026-09-13 01:38:37,551 INFO request {"path": "/measure", "payload": {"arena_id": "default", "robot_id": "202601002029", "request_id": "b1488267dd994642bbc500e1a04f8477", "position": {"x": 861.6952767655162, "y": -497.50000000000045}, "channel": 10}, "attempt": 1}
2026-09-13 01:38:37,565 INFO response {"request_id": "b1488267dd994642bbc500e1a04f8477", "http_status": 200, "body": {"accepted": true, "real_timestamp_ms": 1789234714543, "virtual_time_s": 1528.54003, "measure_result": "no_signal"}}
2026-09-13 01:38:37,581 INFO request {"path": "/measure", "payload": {"arena_id": "default", "robot_id": "202601002029", "request_id": "b43ff71d0875452e84efbb1ddc5f3ef0", "position": {"x": 861.6952767655162, "y": -497.50000000000045}, "channel": 12}, "attempt": 1}
2026-09-13 01:38:37,595 INFO response {"request_id": "b43ff71d0875452e84efbb1ddc5f3ef0", "http_status": 200, "body": {"accepted": true, "real_timestamp_ms": 1789234714573, "virtual_time_s": 1534.54003, "measure_result": "no_signal"}}
2026-09-13 01:38:37,610 INFO request {"path": "/measure", "payload": {"arena_id": "default", "robot_id": "202601002029", "request_id": "5403f403a8ad4002937e827749b1907f", "position": {"x": 861.6952767655162, "y": -497.50000000000045}, "channel": 15}, "attempt": 1}
2026-09-13 01:38:37,625 INFO response {"request_id": "5403f403a8ad4002937e827749b1907f", "http_status": 200, "body": {"accepted": true, "real_timestamp_ms": 1789234714602, "virtual_time_s": 1540.54003, "measure_result": "direction", "svd_deg": 332.18}}
2026-09-13 01:38:37,643 INFO request {"path": "/measure", "payload": {"arena_id": "default", "robot_id": "202601002029", "request_id": "5a29629231ca45dfa55239715ba94764", "position": {"x": 861.6952767655162, "y": -497.50000000000045}, "channel": 16}, "attempt": 1}
2026-09-13 01:38:37,655 INFO response {"request_id": "5a29629231ca45dfa55239715ba94764", "http_status": 200, "body": {"accepted": true, "real_timestamp_ms": 1789234714633, "virtual_time_s": 1546.54003, "measure_result": "no_signal"}}
2026-09-13 01:38:37,670 INFO request {"path": "/measure", "payload": {"arena_id": "default", "robot_id": "202601002029", "request_id": "ac1af63713824ec3b7ac136e228933c3", "position": {"x": 861.6952767655162, "y": -497.50000000000045}, "channel": 19}, "attempt": 1}
2026-09-13 01:38:37,684 INFO response {"request_id": "ac1af63713824ec3b7ac136e228933c3", "http_status": 200, "body": {"accepted": true, "real_timestamp_ms": 1789234714662, "virtual_time_s": 1552.54003, "measure_result": "no_signal"}}
2026-09-13 01:38:37,698 INFO request {"path": "/measure", "payload": {"arena_id": "default", "robot_id": "202601002029", "request_id": "63533f1c3bd5422c847813a857e83b08", "position": {"x": 861.6952767655162, "y": -497.50000000000045}, "channel": 20}, "attempt": 1}
2026-09-13 01:38:37,699 INFO response {"request_id": "63533f1c3bd5422c847813a857e83b08", "http_status": 200, "body": {"accepted": true, "real_timestamp_ms": 1789234714677, "virtual_time_s": 1558.54003, "measure_result": "direction", "svd_deg": 357.47}}
2026-09-13 01:38:37,739 INFO request {"path": "/measure", "payload": {"arena_id": "default", "robot_id": "202601002029", "request_id": "a0aa03dbcca9458597f4f8f5fb528984", "position": {"x": 861.6952767655162, "y": -497.50000000000045}, "channel": 14}, "attempt": 1}
2026-09-13 01:38:37,741 INFO response {"request_id": "a0aa03dbcca9458597f4f8f5fb528984", "http_status": 200, "body": {"accepted": true, "real_timestamp_ms": 1789234714719, "virtual_time_s": 1564.54003, "measure_result": "direction", "svd_deg": 114.3}}
2026-09-13 01:38:37,775 INFO request {"path": "/measure", "payload": {"arena_id": "default", "robot_id": "202601002029", "request_id": "cfb001396c06471586d7d001dae1a0b6", "position": {"x": 861.6952767655162, "y": -497.50000000000045}, "channel": 17}, "attempt": 1}
2026-09-13 01:38:37,776 INFO response {"request_id": "cfb001396c06471586d7d001dae1a0b6", "http_status": 200, "body": {"accepted": true, "real_timestamp_ms": 1789234714754, "virtual_time_s": 1570.54003, "measure_result": "direction", "svd_deg": 276.27}}
2026-09-13 01:38:38,417 INFO request {"path": "/clear", "payload": {"arena_id": "default", "robot_id": "202601002029", "request_id": "060f107fcea5423880b99878537f4693", "position": {"x": 710.4970150634834, "y": -149.3201320302831}, "channel": 14}, "attempt": 1}
2026-09-13 01:38:38,419 INFO response {"request_id": "060f107fcea5423880b99878537f4693", "http_status": 200, "body": {"accepted": true, "real_timestamp_ms": 1789234715396, "virtual_time_s": 1651.458443, "clear_result": "success"}}
2026-09-13 01:38:38,462 INFO request {"path": "/measure", "payload": {"arena_id": "default", "robot_id": "202601002029", "request_id": "6875c321fcd14046aff74c1cd1ec92c9", "position": {"x": 961.096197157623, "y": 257.5249498770081}, "channel": 6}, "attempt": 1}
2026-09-13 01:38:38,473 INFO response {"request_id": "6875c321fcd14046aff74c1cd1ec92c9", "http_status": 200, "body": {"accepted": true, "real_timestamp_ms": 1789234715450, "virtual_time_s": 1753.024728, "measure_result": "no_signal"}}
2026-09-13 01:38:38,489 INFO request {"path": "/measure", "payload": {"arena_id": "default", "robot_id": "202601002029", "request_id": "b6d7c1fe38f8494fa7abe05c0ceaeb37", "position": {"x": 961.096197157623, "y": 257.5249498770081}, "channel": 10}, "attempt": 1}
2026-09-13 01:38:38,490 INFO response {"request_id": "b6d7c1fe38f8494fa7abe05c0ceaeb37", "http_status": 200, "body": {"accepted": true, "real_timestamp_ms": 1789234715468, "virtual_time_s": 1759.024728, "measure_result": "no_signal"}}
2026-09-13 01:38:38,523 INFO request {"path": "/measure", "payload": {"arena_id": "default", "robot_id": "202601002029", "request_id": "3451b4f3759340e0b4ced393688957c0", "position": {"x": 961.096197157623, "y": 257.5249498770081}, "channel": 12}, "attempt": 1}
2026-09-13 01:38:38,525 INFO response {"request_id": "3451b4f3759340e0b4ced393688957c0", "http_status": 200, "body": {"accepted": true, "real_timestamp_ms": 1789234715502, "virtual_time_s": 1765.024728, "measure_result": "no_signal"}}
2026-09-13 01:38:38,556 INFO request {"path": "/measure", "payload": {"arena_id": "default", "robot_id": "202601002029", "request_id": "eab1f9d99a3e45b082127b80b775a2b9", "position": {"x": 961.096197157623, "y": 257.5249498770081}, "channel": 16}, "attempt": 1}
2026-09-13 01:38:38,557 INFO response {"request_id": "eab1f9d99a3e45b082127b80b775a2b9", "http_status": 200, "body": {"accepted": true, "real_timestamp_ms": 1789234715535, "virtual_time_s": 1771.024728, "measure_result": "no_signal"}}
2026-09-13 01:38:38,588 INFO request {"path": "/measure", "payload": {"arena_id": "default", "robot_id": "202601002029", "request_id": "2001489392574ecf9ee549c511605e25", "position": {"x": 961.096197157623, "y": 257.5249498770081}, "channel": 19}, "attempt": 1}
2026-09-13 01:38:38,601 INFO response {"request_id": "2001489392574ecf9ee549c511605e25", "http_status": 200, "body": {"accepted": true, "real_timestamp_ms": 1789234715579, "virtual_time_s": 1777.024728, "measure_result": "no_signal"}}
2026-09-13 01:38:38,669 INFO request {"path": "/measure", "payload": {"arena_id": "default", "robot_id": "202601002029", "request_id": "fb598ed6f0b145ae92c7ed0c00d2bf4c", "position": {"x": 961.096197157623, "y": 257.5249498770081}, "channel": 7}, "attempt": 1}
2026-09-13 01:38:38,670 INFO response {"request_id": "fb598ed6f0b145ae92c7ed0c00d2bf4c", "http_status": 200, "body": {"accepted": true, "real_timestamp_ms": 1789234715648, "virtual_time_s": 1783.024728, "measure_result": "direction", "svd_deg": 334.02}}
2026-09-13 01:38:38,703 INFO request {"path": "/measure", "payload": {"arena_id": "default", "robot_id": "202601002029", "request_id": "275e2a947da04518a074912f5c8ed192", "position": {"x": 961.096197157623, "y": 257.5249498770081}, "channel": 20}, "attempt": 1}
2026-09-13 01:38:38,720 INFO response {"request_id": "275e2a947da04518a074912f5c8ed192", "http_status": 200, "body": {"accepted": true, "real_timestamp_ms": 1789234715697, "virtual_time_s": 1789.024728, "measure_result": "no_signal"}}
2026-09-13 01:38:38,734 INFO request {"path": "/measure", "payload": {"arena_id": "default", "robot_id": "202601002029", "request_id": "79d3f410c30d495cba57238aa575ce6b", "position": {"x": 961.096197157623, "y": 257.5249498770081}, "channel": 4}, "attempt": 1}
2026-09-13 01:38:38,749 INFO response {"request_id": "79d3f410c30d495cba57238aa575ce6b", "http_status": 200, "body": {"accepted": true, "real_timestamp_ms": 1789234715727, "virtual_time_s": 1795.024728, "measure_result": "direction", "svd_deg": 114.83}}
2026-09-13 01:38:39,970 INFO request {"path": "/measure", "payload": {"arena_id": "default", "robot_id": "202601002029", "request_id": "28064f09a3f34101ae259f29d5673e48", "position": {"x": 497.5000000000001, "y": 861.6952767655164}, "channel": 6}, "attempt": 1}
2026-09-13 01:38:39,972 INFO response {"request_id": "28064f09a3f34101ae259f29d5673e48", "http_status": 200, "body": {"accepted": true, "real_timestamp_ms": 1789234716949, "virtual_time_s": 1953.332734, "measure_result": "no_signal"}}
2026-09-13 01:38:40,002 INFO request {"path": "/measure", "payload": {"arena_id": "default", "robot_id": "202601002029", "request_id": "d9d8e4fafc4f4022910c4d0df588335f", "position": {"x": 497.5000000000001, "y": 861.6952767655164}, "channel": 10}, "attempt": 1}
2026-09-13 01:38:40,014 INFO response {"request_id": "d9d8e4fafc4f4022910c4d0df588335f", "http_status": 200, "body": {"accepted": true, "real_timestamp_ms": 1789234716991, "virtual_time_s": 1959.332734, "measure_result": "no_signal"}}
2026-09-13 01:38:40,028 INFO request {"path": "/measure", "payload": {"arena_id": "default", "robot_id": "202601002029", "request_id": "0840389f7def4113859f0dd7d7bea67a", "position": {"x": 497.5000000000001, "y": 861.6952767655164}, "channel": 12}, "attempt": 1}
2026-09-13 01:38:40,044 INFO response {"request_id": "0840389f7def4113859f0dd7d7bea67a", "http_status": 200, "body": {"accepted": true, "real_timestamp_ms": 1789234717021, "virtual_time_s": 1965.332734, "measure_result": "no_signal"}}
2026-09-13 01:38:40,059 INFO request {"path": "/measure", "payload": {"arena_id": "default", "robot_id": "202601002029", "request_id": "10b979794b674938b56366788216d8d5", "position": {"x": 497.5000000000001, "y": 861.6952767655164}, "channel": 16}, "attempt": 1}
2026-09-13 01:38:40,060 INFO response {"request_id": "10b979794b674938b56366788216d8d5", "http_status": 200, "body": {"accepted": true, "real_timestamp_ms": 1789234717037, "virtual_time_s": 1971.332734, "measure_result": "no_signal"}}
2026-09-13 01:38:40,091 INFO request {"path": "/measure", "payload": {"arena_id": "default", "robot_id": "202601002029", "request_id": "e44c7682521642438ebfb9e9690fb075", "position": {"x": 497.5000000000001, "y": 861.6952767655164}, "channel": 19}, "attempt": 1}
2026-09-13 01:38:40,094 INFO response {"request_id": "e44c7682521642438ebfb9e9690fb075", "http_status": 200, "body": {"accepted": true, "real_timestamp_ms": 1789234717071, "virtual_time_s": 1977.332734, "measure_result": "no_signal"}}
2026-09-13 01:38:40,147 INFO request {"path": "/measure", "payload": {"arena_id": "default", "robot_id": "202601002029", "request_id": "0317333ed8114e4982dec53d0b5e4c4d", "position": {"x": 497.5000000000001, "y": 861.6952767655164}, "channel": 9}, "attempt": 1}
2026-09-13 01:38:40,160 INFO response {"request_id": "0317333ed8114e4982dec53d0b5e4c4d", "http_status": 200, "body": {"accepted": true, "real_timestamp_ms": 1789234717137, "virtual_time_s": 1983.332734, "measure_result": "direction", "svd_deg": 124.63}}
2026-09-13 01:38:40,844 INFO request {"path": "/clear", "payload": {"arena_id": "default", "robot_id": "202601002029", "request_id": "18a7cf5b79454f0998a15245ce544749", "position": {"x": 598.1219984675384, "y": 1050.9271370211359}, "channel": 4}, "attempt": 1}
2026-09-13 01:38:40,845 INFO response {"request_id": "18a7cf5b79454f0998a15245ce544749", "http_status": 200, "body": {"accepted": true, "real_timestamp_ms": 1789234717823, "virtual_time_s": 2031.19693, "clear_result": "success"}}
2026-09-13 01:38:40,899 INFO request {"path": "/measure", "payload": {"arena_id": "default", "robot_id": "202601002029", "request_id": "7f85e48e9ee14cb28671eba762c4d137", "position": {"x": 931.8000000000002, "y": 1613.9249424926797}, "channel": 6}, "attempt": 1}
2026-09-13 01:38:40,900 INFO response {"request_id": "7f85e48e9ee14cb28671eba762c4d137", "http_status": 200, "body": {"accepted": true, "real_timestamp_ms": 1789234717878, "virtual_time_s": 2168.087348, "measure_result": "no_signal"}}
2026-09-13 01:38:40,931 INFO request {"path": "/measure", "payload": {"arena_id": "default", "robot_id": "202601002029", "request_id": "6af6ae870ff64b1d9cdfd6082d1510fc", "position": {"x": 931.8000000000002, "y": 1613.9249424926797}, "channel": 10}, "attempt": 1}
2026-09-13 01:38:40,933 INFO response {"request_id": "6af6ae870ff64b1d9cdfd6082d1510fc", "http_status": 200, "body": {"accepted": true, "real_timestamp_ms": 1789234717910, "virtual_time_s": 2174.087348, "measure_result": "no_signal"}}
2026-09-13 01:38:40,964 INFO request {"path": "/measure", "payload": {"arena_id": "default", "robot_id": "202601002029", "request_id": "02f5359f078f439e9dcea9fad3d58115", "position": {"x": 931.8000000000002, "y": 1613.9249424926797}, "channel": 12}, "attempt": 1}
2026-09-13 01:38:40,981 INFO response {"request_id": "02f5359f078f439e9dcea9fad3d58115", "http_status": 200, "body": {"accepted": true, "real_timestamp_ms": 1789234717958, "virtual_time_s": 2180.087348, "measure_result": "no_signal"}}
2026-09-13 01:38:40,997 INFO request {"path": "/measure", "payload": {"arena_id": "default", "robot_id": "202601002029", "request_id": "d4810b0667544b68aee7cca299c8d8d1", "position": {"x": 931.8000000000002, "y": 1613.9249424926797}, "channel": 16}, "attempt": 1}
2026-09-13 01:38:40,999 INFO response {"request_id": "d4810b0667544b68aee7cca299c8d8d1", "http_status": 200, "body": {"accepted": true, "real_timestamp_ms": 1789234717976, "virtual_time_s": 2186.087348, "measure_result": "no_signal"}}
2026-09-13 01:38:41,030 INFO request {"path": "/measure", "payload": {"arena_id": "default", "robot_id": "202601002029", "request_id": "b63538a1b92740c19b9b3ac2cbc19482", "position": {"x": 931.8000000000002, "y": 1613.9249424926797}, "channel": 19}, "attempt": 1}
2026-09-13 01:38:41,048 INFO response {"request_id": "b63538a1b92740c19b9b3ac2cbc19482", "http_status": 200, "body": {"accepted": true, "real_timestamp_ms": 1789234718025, "virtual_time_s": 2192.087348, "measure_result": "no_signal"}}
2026-09-13 01:38:41,081 INFO request {"path": "/measure", "payload": {"arena_id": "default", "robot_id": "202601002029", "request_id": "5beb4558a9664f958c9c5bc14c604b50", "position": {"x": 931.8000000000002, "y": 1613.9249424926797}, "channel": 9}, "attempt": 1}
2026-09-13 01:38:41,097 INFO response {"request_id": "5beb4558a9664f958c9c5bc14c604b50", "http_status": 200, "body": {"accepted": true, "real_timestamp_ms": 1789234718075, "virtual_time_s": 2198.087348, "measure_result": "direction", "svd_deg": 183.05}}
2026-09-13 01:38:42,276 INFO request {"path": "/measure", "payload": {"arena_id": "default", "robot_id": "202601002029", "request_id": "7300a7cfc692484c879e2a907517e731", "position": {"x": 1613.92494249268, "y": 931.7999999999998}, "channel": 6}, "attempt": 1}
2026-09-13 01:38:42,278 INFO response {"request_id": "7300a7cfc692484c879e2a907517e731", "http_status": 200, "body": {"accepted": true, "real_timestamp_ms": 1789234719255, "virtual_time_s": 2397.021417, "measure_result": "no_signal"}}
2026-09-13 01:38:42,308 INFO request {"path": "/measure", "payload": {"arena_id": "default", "robot_id": "202601002029", "request_id": "5f40b5d31d2141719446401d71249cc5", "position": {"x": 1613.92494249268, "y": 931.7999999999998}, "channel": 10}, "attempt": 1}
2026-09-13 01:38:42,323 INFO response {"request_id": "5f40b5d31d2141719446401d71249cc5", "http_status": 200, "body": {"accepted": true, "real_timestamp_ms": 1789234719300, "virtual_time_s": 2403.021417, "measure_result": "no_signal"}}
2026-09-13 01:38:42,339 INFO request {"path": "/measure", "payload": {"arena_id": "default", "robot_id": "202601002029", "request_id": "ebf736b9984f4f3d8f404a10a08bab74", "position": {"x": 1613.92494249268, "y": 931.7999999999998}, "channel": 12}, "attempt": 1}
2026-09-13 01:38:42,341 INFO response {"request_id": "ebf736b9984f4f3d8f404a10a08bab74", "http_status": 200, "body": {"accepted": true, "real_timestamp_ms": 1789234719318, "virtual_time_s": 2409.021417, "measure_result": "no_signal"}}
2026-09-13 01:38:42,372 INFO request {"path": "/measure", "payload": {"arena_id": "default", "robot_id": "202601002029", "request_id": "b7cbde467bf440ddae83c7aff147bfc0", "position": {"x": 1613.92494249268, "y": 931.7999999999998}, "channel": 16}, "attempt": 1}
2026-09-13 01:38:42,374 INFO response {"request_id": "b7cbde467bf440ddae83c7aff147bfc0", "http_status": 200, "body": {"accepted": true, "real_timestamp_ms": 1789234719352, "virtual_time_s": 2415.021417, "measure_result": "no_signal"}}
2026-09-13 01:38:42,405 INFO request {"path": "/measure", "payload": {"arena_id": "default", "robot_id": "202601002029", "request_id": "b6dc0082959649ea8e11912f79a00f20", "position": {"x": 1613.92494249268, "y": 931.7999999999998}, "channel": 19}, "attempt": 1}
2026-09-13 01:38:42,407 INFO response {"request_id": "b6dc0082959649ea8e11912f79a00f20", "http_status": 200, "body": {"accepted": true, "real_timestamp_ms": 1789234719385, "virtual_time_s": 2421.021417, "measure_result": "no_signal"}}
2026-09-13 01:38:42,444 INFO request {"path": "/measure", "payload": {"arena_id": "default", "robot_id": "202601002029", "request_id": "a3753cb802fc43b8892608d849a775f8", "position": {"x": 1613.92494249268, "y": 931.7999999999998}, "channel": 7}, "attempt": 1}
2026-09-13 01:38:42,460 INFO response {"request_id": "a3753cb802fc43b8892608d849a775f8", "http_status": 200, "body": {"accepted": true, "real_timestamp_ms": 1789234719437, "virtual_time_s": 2427.021417, "measure_result": "direction", "svd_deg": 275.09}}
2026-09-13 01:38:43,469 INFO request {"path": "/measure", "payload": {"arena_id": "default", "robot_id": "202601002029", "request_id": "36dca34cb4b44785bfd4c23e2cbfbca5", "position": {"x": 1863.6, "y": 0.0}, "channel": 6}, "attempt": 1}
2026-09-13 01:38:43,470 INFO response {"request_id": "36dca34cb4b44785bfd4c23e2cbfbca5", "http_status": 200, "body": {"accepted": true, "real_timestamp_ms": 1789234720448, "virtual_time_s": 2625.955486, "measure_result": "no_signal"}}
2026-09-13 01:38:43,501 INFO request {"path": "/measure", "payload": {"arena_id": "default", "robot_id": "202601002029", "request_id": "fabdad7239a5498cb42ca6c7328eaa69", "position": {"x": 1863.6, "y": 0.0}, "channel": 10}, "attempt": 1}
2026-09-13 01:38:43,504 INFO response {"request_id": "fabdad7239a5498cb42ca6c7328eaa69", "http_status": 200, "body": {"accepted": true, "real_timestamp_ms": 1789234720481, "virtual_time_s": 2631.955486, "measure_result": "no_signal"}}
2026-09-13 01:38:43,519 INFO request {"path": "/measure", "payload": {"arena_id": "default", "robot_id": "202601002029", "request_id": "d972dfaeed714d338e77ac05da06a461", "position": {"x": 1863.6, "y": 0.0}, "channel": 12}, "attempt": 1}
2026-09-13 01:38:43,521 INFO response {"request_id": "d972dfaeed714d338e77ac05da06a461", "http_status": 200, "body": {"accepted": true, "real_timestamp_ms": 1789234720498, "virtual_time_s": 2637.955486, "measure_result": "no_signal"}}
2026-09-13 01:38:43,552 INFO request {"path": "/measure", "payload": {"arena_id": "default", "robot_id": "202601002029", "request_id": "0b40aa04ee534aedad51dd0c9f257eb5", "position": {"x": 1863.6, "y": 0.0}, "channel": 16}, "attempt": 1}
2026-09-13 01:38:43,571 INFO response {"request_id": "0b40aa04ee534aedad51dd0c9f257eb5", "http_status": 200, "body": {"accepted": true, "real_timestamp_ms": 1789234720549, "virtual_time_s": 2643.955486, "measure_result": "no_signal"}}
2026-09-13 01:38:43,587 INFO request {"path": "/measure", "payload": {"arena_id": "default", "robot_id": "202601002029", "request_id": "008be2c232aa48f8b81c6b8a5f6af694", "position": {"x": 1863.6, "y": 0.0}, "channel": 19}, "attempt": 1}
2026-09-13 01:38:43,601 INFO response {"request_id": "008be2c232aa48f8b81c6b8a5f6af694", "http_status": 200, "body": {"accepted": true, "real_timestamp_ms": 1789234720578, "virtual_time_s": 2649.955486, "measure_result": "no_signal"}}
2026-09-13 01:38:43,655 INFO request {"path": "/measure", "payload": {"arena_id": "default", "robot_id": "202601002029", "request_id": "dd3d47f8a6214d01819ba5391c351c10", "position": {"x": 1863.6, "y": 0.0}, "channel": 7}, "attempt": 1}
2026-09-13 01:38:43,670 INFO response {"request_id": "dd3d47f8a6214d01819ba5391c351c10", "http_status": 200, "body": {"accepted": true, "real_timestamp_ms": 1789234720647, "virtual_time_s": 2655.955486, "measure_result": "no_signal"}}
2026-09-13 01:38:43,684 INFO request {"path": "/measure", "payload": {"arena_id": "default", "robot_id": "202601002029", "request_id": "b3410bbcf6a54b0eb8562834e67c1350", "position": {"x": 1863.6, "y": 0.0}, "channel": 15}, "attempt": 1}
2026-09-13 01:38:43,686 INFO response {"request_id": "b3410bbcf6a54b0eb8562834e67c1350", "http_status": 200, "body": {"accepted": true, "real_timestamp_ms": 1789234720663, "virtual_time_s": 2661.955486, "measure_result": "direction", "svd_deg": 239.92}}
2026-09-13 01:38:44,159 INFO request {"path": "/clear", "payload": {"arena_id": "default", "robot_id": "202601002029", "request_id": "ec77f6e01098455e909d39b85a002690", "position": {"x": 1408.3239023838005, "y": -785.6270238798197}, "channel": 15}, "attempt": 1}
2026-09-13 01:38:44,160 INFO response {"request_id": "ec77f6e01098455e909d39b85a002690", "http_status": 200, "body": {"accepted": true, "real_timestamp_ms": 1789234721138, "virtual_time_s": 2848.557925, "clear_result": "success"}}
2026-09-13 01:38:44,207 INFO request {"path": "/measure", "payload": {"arena_id": "default", "robot_id": "202601002029", "request_id": "493437d6abd54250b65c94363d71555f", "position": {"x": 1613.9249424926793, "y": -931.8000000000008}, "channel": 6}, "attempt": 1}
2026-09-13 01:38:44,208 INFO response {"request_id": "493437d6abd54250b65c94363d71555f", "http_status": 200, "body": {"accepted": true, "real_timestamp_ms": 1789234721185, "virtual_time_s": 2905.011201, "measure_result": "no_signal"}}
2026-09-13 01:38:44,238 INFO request {"path": "/measure", "payload": {"arena_id": "default", "robot_id": "202601002029", "request_id": "82eda8894dc14af2800410446298d847", "position": {"x": 1613.9249424926793, "y": -931.8000000000008}, "channel": 10}, "attempt": 1}
2026-09-13 01:38:44,240 INFO response {"request_id": "82eda8894dc14af2800410446298d847", "http_status": 200, "body": {"accepted": true, "real_timestamp_ms": 1789234721217, "virtual_time_s": 2911.011201, "measure_result": "no_signal"}}
2026-09-13 01:38:44,270 INFO request {"path": "/measure", "payload": {"arena_id": "default", "robot_id": "202601002029", "request_id": "453714fc08d8461a8f9f19aa740cfd5b", "position": {"x": 1613.9249424926793, "y": -931.8000000000008}, "channel": 12}, "attempt": 1}
2026-09-13 01:38:44,274 INFO response {"request_id": "453714fc08d8461a8f9f19aa740cfd5b", "http_status": 200, "body": {"accepted": true, "real_timestamp_ms": 1789234721250, "virtual_time_s": 2917.011201, "measure_result": "no_signal"}}
2026-09-13 01:38:44,305 INFO request {"path": "/measure", "payload": {"arena_id": "default", "robot_id": "202601002029", "request_id": "81944d1149e64429a4069aa678e61dde", "position": {"x": 1613.9249424926793, "y": -931.8000000000008}, "channel": 16}, "attempt": 1}
2026-09-13 01:38:44,308 INFO response {"request_id": "81944d1149e64429a4069aa678e61dde", "http_status": 200, "body": {"accepted": true, "real_timestamp_ms": 1789234721285, "virtual_time_s": 2923.011201, "measure_result": "no_signal"}}
2026-09-13 01:38:44,339 INFO request {"path": "/measure", "payload": {"arena_id": "default", "robot_id": "202601002029", "request_id": "ee7bb01264544936b95b687e6c912079", "position": {"x": 1613.9249424926793, "y": -931.8000000000008}, "channel": 19}, "attempt": 1}
2026-09-13 01:38:44,341 INFO response {"request_id": "ee7bb01264544936b95b687e6c912079", "http_status": 200, "body": {"accepted": true, "real_timestamp_ms": 1789234721318, "virtual_time_s": 2929.011201, "measure_result": "no_signal"}}
2026-09-13 01:38:44,414 INFO request {"path": "/measure", "payload": {"arena_id": "default", "robot_id": "202601002029", "request_id": "9554443ef7a540bab19ed571b695892b", "position": {"x": 1613.9249424926793, "y": -931.8000000000008}, "channel": 17}, "attempt": 1}
2026-09-13 01:38:44,415 INFO response {"request_id": "9554443ef7a540bab19ed571b695892b", "http_status": 200, "body": {"accepted": true, "real_timestamp_ms": 1789234721393, "virtual_time_s": 2935.011201, "measure_result": "direction", "svd_deg": 208.43}}
2026-09-13 01:38:44,449 INFO request {"path": "/measure", "payload": {"arena_id": "default", "robot_id": "202601002029", "request_id": "1da5507117474c4ca64948667ff37003", "position": {"x": 1613.9249424926793, "y": -931.8000000000008}, "channel": 20}, "attempt": 1}
2026-09-13 01:38:44,451 INFO response {"request_id": "1da5507117474c4ca64948667ff37003", "http_status": 200, "body": {"accepted": true, "real_timestamp_ms": 1789234721428, "virtual_time_s": 2941.011201, "measure_result": "direction", "svd_deg": 131.09}}
2026-09-13 01:38:44,867 INFO request {"path": "/clear", "payload": {"arena_id": "default", "robot_id": "202601002029", "request_id": "4cfb1b9984f14e28a116f48270017e0d", "position": {"x": 949.7172171364255, "y": -1290.2013498911415}, "channel": 17}, "attempt": 1}
2026-09-13 01:38:44,882 INFO response {"request_id": "4cfb1b9984f14e28a116f48270017e0d", "http_status": 200, "body": {"accepted": true, "real_timestamp_ms": 1789234721859, "virtual_time_s": 3096.958004, "clear_result": "success"}}
2026-09-13 01:38:44,932 INFO request {"path": "/measure", "payload": {"arena_id": "default", "robot_id": "202601002029", "request_id": "5a479c665b954476a9e344c8b283d577", "position": {"x": 931.8000000000002, "y": -1613.9249424926797}, "channel": 6}, "attempt": 1}
2026-09-13 01:38:44,933 INFO response {"request_id": "5a479c665b954476a9e344c8b283d577", "http_status": 200, "body": {"accepted": true, "real_timestamp_ms": 1789234721911, "virtual_time_s": 3167.801814, "measure_result": "no_signal"}}
2026-09-13 01:38:44,964 INFO request {"path": "/measure", "payload": {"arena_id": "default", "robot_id": "202601002029", "request_id": "8e847e944fdf4db7b8ad2dd2c6765360", "position": {"x": 931.8000000000002, "y": -1613.9249424926797}, "channel": 10}, "attempt": 1}
2026-09-13 01:38:44,979 INFO response {"request_id": "8e847e944fdf4db7b8ad2dd2c6765360", "http_status": 200, "body": {"accepted": true, "real_timestamp_ms": 1789234721956, "virtual_time_s": 3173.801814, "measure_result": "no_signal"}}
2026-09-13 01:38:44,994 INFO request {"path": "/measure", "payload": {"arena_id": "default", "robot_id": "202601002029", "request_id": "f8fff4ac76534b81b4832bac04227b25", "position": {"x": 931.8000000000002, "y": -1613.9249424926797}, "channel": 12}, "attempt": 1}
2026-09-13 01:38:45,010 INFO response {"request_id": "f8fff4ac76534b81b4832bac04227b25", "http_status": 200, "body": {"accepted": true, "real_timestamp_ms": 1789234721987, "virtual_time_s": 3179.801814, "measure_result": "no_signal"}}
2026-09-13 01:38:45,024 INFO request {"path": "/measure", "payload": {"arena_id": "default", "robot_id": "202601002029", "request_id": "e3f979b9f4c248dbb612b1b8ec544e18", "position": {"x": 931.8000000000002, "y": -1613.9249424926797}, "channel": 16}, "attempt": 1}
2026-09-13 01:38:45,039 INFO response {"request_id": "e3f979b9f4c248dbb612b1b8ec544e18", "http_status": 200, "body": {"accepted": true, "real_timestamp_ms": 1789234722016, "virtual_time_s": 3185.801814, "measure_result": "no_signal"}}
2026-09-13 01:38:45,054 INFO request {"path": "/measure", "payload": {"arena_id": "default", "robot_id": "202601002029", "request_id": "099c83c633224eadb0f1e23c3dbde519", "position": {"x": 931.8000000000002, "y": -1613.9249424926797}, "channel": 19}, "attempt": 1}
2026-09-13 01:38:45,068 INFO response {"request_id": "099c83c633224eadb0f1e23c3dbde519", "http_status": 200, "body": {"accepted": true, "real_timestamp_ms": 1789234722046, "virtual_time_s": 3191.801814, "measure_result": "no_signal"}}
2026-09-13 01:38:45,775 INFO request {"path": "/measure", "payload": {"arena_id": "default", "robot_id": "202601002029", "request_id": "5ec32ede4dec4f2dbe1bd87875f82bbc", "position": {"x": -3.4233776623365105e-13, "y": -1863.6}, "channel": 19}, "attempt": 1}
2026-09-13 01:38:45,776 INFO response {"request_id": "5ec32ede4dec4f2dbe1bd87875f82bbc", "http_status": 200, "body": {"accepted": true, "real_timestamp_ms": 1789234722754, "virtual_time_s": 3389.735883, "measure_result": "no_signal"}}
2026-09-13 01:38:45,807 INFO request {"path": "/measure", "payload": {"arena_id": "default", "robot_id": "202601002029", "request_id": "170b47913f46454cae0b7f8bb48e9ea6", "position": {"x": -3.4233776623365105e-13, "y": -1863.6}, "channel": 6}, "attempt": 1}
2026-09-13 01:38:45,808 INFO response {"request_id": "170b47913f46454cae0b7f8bb48e9ea6", "http_status": 200, "body": {"accepted": true, "real_timestamp_ms": 1789234722786, "virtual_time_s": 3395.735883, "measure_result": "no_signal"}}
2026-09-13 01:38:45,839 INFO request {"path": "/measure", "payload": {"arena_id": "default", "robot_id": "202601002029", "request_id": "e89682eb341a4d22b758a29105fda3f4", "position": {"x": -3.4233776623365105e-13, "y": -1863.6}, "channel": 10}, "attempt": 1}
2026-09-13 01:38:45,856 INFO response {"request_id": "e89682eb341a4d22b758a29105fda3f4", "http_status": 200, "body": {"accepted": true, "real_timestamp_ms": 1789234722833, "virtual_time_s": 3401.735883, "measure_result": "no_signal"}}
2026-09-13 01:38:45,872 INFO request {"path": "/measure", "payload": {"arena_id": "default", "robot_id": "202601002029", "request_id": "bdfa894e50794dbe89e518fc019606e1", "position": {"x": -3.4233776623365105e-13, "y": -1863.6}, "channel": 12}, "attempt": 1}
2026-09-13 01:38:45,874 INFO response {"request_id": "bdfa894e50794dbe89e518fc019606e1", "http_status": 200, "body": {"accepted": true, "real_timestamp_ms": 1789234722851, "virtual_time_s": 3407.735883, "measure_result": "no_signal"}}
2026-09-13 01:38:45,905 INFO request {"path": "/measure", "payload": {"arena_id": "default", "robot_id": "202601002029", "request_id": "2af1c75e4e5d4de5a94e7f534f7d9c55", "position": {"x": -3.4233776623365105e-13, "y": -1863.6}, "channel": 16}, "attempt": 1}
2026-09-13 01:38:45,908 INFO response {"request_id": "2af1c75e4e5d4de5a94e7f534f7d9c55", "http_status": 200, "body": {"accepted": true, "real_timestamp_ms": 1789234722885, "virtual_time_s": 3413.735883, "measure_result": "no_signal"}}
2026-09-13 01:38:46,545 INFO request {"path": "/measure", "payload": {"arena_id": "default", "robot_id": "202601002029", "request_id": "76b0a4734114481ca9d0f542bce8c1da", "position": {"x": -931.8000000000008, "y": -1613.9249424926795}, "channel": 16}, "attempt": 1}
2026-09-13 01:38:46,547 INFO response {"request_id": "76b0a4734114481ca9d0f542bce8c1da", "http_status": 200, "body": {"accepted": true, "real_timestamp_ms": 1789234723524, "virtual_time_s": 3611.669952, "measure_result": "no_signal"}}
2026-09-13 01:38:46,577 INFO request {"path": "/measure", "payload": {"arena_id": "default", "robot_id": "202601002029", "request_id": "7739920d51834e79817b1c94b3cddc1f", "position": {"x": -931.8000000000008, "y": -1613.9249424926795}, "channel": 6}, "attempt": 1}
2026-09-13 01:38:46,590 INFO response {"request_id": "7739920d51834e79817b1c94b3cddc1f", "http_status": 200, "body": {"accepted": true, "real_timestamp_ms": 1789234723567, "virtual_time_s": 3617.669952, "measure_result": "no_signal"}}
2026-09-13 01:38:46,606 INFO request {"path": "/measure", "payload": {"arena_id": "default", "robot_id": "202601002029", "request_id": "92494fdeb85e48678e84b093359cea9d", "position": {"x": -931.8000000000008, "y": -1613.9249424926795}, "channel": 10}, "attempt": 1}
2026-09-13 01:38:46,608 INFO response {"request_id": "92494fdeb85e48678e84b093359cea9d", "http_status": 200, "body": {"accepted": true, "real_timestamp_ms": 1789234723586, "virtual_time_s": 3623.669952, "measure_result": "no_signal"}}
2026-09-13 01:38:46,639 INFO request {"path": "/measure", "payload": {"arena_id": "default", "robot_id": "202601002029", "request_id": "3f0e4966365642bb96adf67133cfb414", "position": {"x": -931.8000000000008, "y": -1613.9249424926795}, "channel": 12}, "attempt": 1}
2026-09-13 01:38:46,642 INFO response {"request_id": "3f0e4966365642bb96adf67133cfb414", "http_status": 200, "body": {"accepted": true, "real_timestamp_ms": 1789234723619, "virtual_time_s": 3629.669952, "measure_result": "no_signal"}}
2026-09-13 01:38:46,673 INFO request {"path": "/measure", "payload": {"arena_id": "default", "robot_id": "202601002029", "request_id": "dd984059b1a94d6c8dad615cc6072fc8", "position": {"x": -931.8000000000008, "y": -1613.9249424926795}, "channel": 19}, "attempt": 1}
2026-09-13 01:38:46,690 INFO response {"request_id": "dd984059b1a94d6c8dad615cc6072fc8", "http_status": 200, "body": {"accepted": true, "real_timestamp_ms": 1789234723667, "virtual_time_s": 3635.669952, "measure_result": "no_signal"}}
2026-09-13 01:38:46,736 INFO request {"path": "/measure", "payload": {"arena_id": "default", "robot_id": "202601002029", "request_id": "3993b56424384928b33dab376d8cbe9d", "position": {"x": -931.8000000000008, "y": -1613.9249424926795}, "channel": 8}, "attempt": 1}
2026-09-13 01:38:46,739 INFO response {"request_id": "3993b56424384928b33dab376d8cbe9d", "http_status": 200, "body": {"accepted": true, "real_timestamp_ms": 1789234723715, "virtual_time_s": 3641.669952, "measure_result": "direction", "svd_deg": 88.73}}
2026-09-13 01:38:46,757 INFO request {"path": "/measure", "payload": {"arena_id": "default", "robot_id": "202601002029", "request_id": "d8c5d49dff5e4abe9af85937aa28bf20", "position": {"x": -931.8000000000008, "y": -1613.9249424926795}, "channel": 11}, "attempt": 1}
2026-09-13 01:38:46,768 INFO response {"request_id": "d8c5d49dff5e4abe9af85937aa28bf20", "http_status": 200, "body": {"accepted": true, "real_timestamp_ms": 1789234723745, "virtual_time_s": 3647.669952, "measure_result": "direction", "svd_deg": 80.42}}
2026-09-13 01:38:46,953 INFO request {"path": "/clear", "payload": {"arena_id": "default", "robot_id": "202601002029", "request_id": "70772c7441c149eb9762b93bc44ce8ba", "position": {"x": -921.9397798683407, "y": -1183.1841280994058}, "channel": 8}, "attempt": 1}
2026-09-13 01:38:46,954 INFO response {"request_id": "70772c7441c149eb9762b93bc44ce8ba", "http_status": 200, "body": {"accepted": true, "real_timestamp_ms": 1789234723932, "virtual_time_s": 3738.840683, "clear_result": "success"}}
2026-09-13 01:38:46,992 INFO request {"path": "/measure", "payload": {"arena_id": "default", "robot_id": "202601002029", "request_id": "714da463684840cbb8c01baabc06122c", "position": {"x": -1613.9249424926797, "y": -931.8000000000002}, "channel": 6}, "attempt": 1}
2026-09-13 01:38:46,993 INFO response {"request_id": "714da463684840cbb8c01baabc06122c", "http_status": 200, "body": {"accepted": true, "real_timestamp_ms": 1789234723971, "virtual_time_s": 3892.087068, "measure_result": "no_signal"}}
2026-09-13 01:38:47,024 INFO request {"path": "/measure", "payload": {"arena_id": "default", "robot_id": "202601002029", "request_id": "9353aefadaf7408a96a082aa194a0687", "position": {"x": -1613.9249424926797, "y": -931.8000000000002}, "channel": 10}, "attempt": 1}
2026-09-13 01:38:47,026 INFO response {"request_id": "9353aefadaf7408a96a082aa194a0687", "http_status": 200, "body": {"accepted": true, "real_timestamp_ms": 1789234724003, "virtual_time_s": 3898.087068, "measure_result": "no_signal"}}
2026-09-13 01:38:47,057 INFO request {"path": "/measure", "payload": {"arena_id": "default", "robot_id": "202601002029", "request_id": "5b1f85a2396240f58269c35a0f311b75", "position": {"x": -1613.9249424926797, "y": -931.8000000000002}, "channel": 12}, "attempt": 1}
2026-09-13 01:38:47,072 INFO response {"request_id": "5b1f85a2396240f58269c35a0f311b75", "http_status": 200, "body": {"accepted": true, "real_timestamp_ms": 1789234724050, "virtual_time_s": 3904.087068, "measure_result": "no_signal"}}
2026-09-13 01:38:47,088 INFO request {"path": "/measure", "payload": {"arena_id": "default", "robot_id": "202601002029", "request_id": "473a9ee8271a4ea9858ddd80061aaa08", "position": {"x": -1613.9249424926797, "y": -931.8000000000002}, "channel": 16}, "attempt": 1}
2026-09-13 01:38:47,089 INFO response {"request_id": "473a9ee8271a4ea9858ddd80061aaa08", "http_status": 200, "body": {"accepted": true, "real_timestamp_ms": 1789234724067, "virtual_time_s": 3910.087068, "measure_result": "no_signal"}}
2026-09-13 01:38:47,120 INFO request {"path": "/measure", "payload": {"arena_id": "default", "robot_id": "202601002029", "request_id": "7f28b30b766b4b73b456d736f951fa69", "position": {"x": -1613.9249424926797, "y": -931.8000000000002}, "channel": 19}, "attempt": 1}
2026-09-13 01:38:47,140 INFO response {"request_id": "7f28b30b766b4b73b456d736f951fa69", "http_status": 200, "body": {"accepted": true, "real_timestamp_ms": 1789234724117, "virtual_time_s": 3916.087068, "measure_result": "no_signal"}}
2026-09-13 01:38:47,194 INFO request {"path": "/measure", "payload": {"arena_id": "default", "robot_id": "202601002029", "request_id": "2fc10265cc3c42cbb089ec7337aebdc8", "position": {"x": -1613.9249424926797, "y": -931.8000000000002}, "channel": 11}, "attempt": 1}
2026-09-13 01:38:47,209 INFO response {"request_id": "2fc10265cc3c42cbb089ec7337aebdc8", "http_status": 200, "body": {"accepted": true, "real_timestamp_ms": 1789234724187, "virtual_time_s": 3922.087068, "measure_result": "direction", "svd_deg": 331.87}}
2026-09-13 01:38:47,529 INFO request {"path": "/measure", "payload": {"arena_id": "default", "robot_id": "202601002029", "request_id": "c91a03a57af047ac8e58dcc69a3f940c", "position": {"x": -1863.6, "y": 2.2822517748910074e-13}, "channel": 6}, "attempt": 1}
2026-09-13 01:38:47,531 INFO response {"request_id": "c91a03a57af047ac8e58dcc69a3f940c", "http_status": 200, "body": {"accepted": true, "real_timestamp_ms": 1789234724508, "virtual_time_s": 4121.021137, "measure_result": "no_signal"}}
2026-09-13 01:38:47,563 INFO request {"path": "/measure", "payload": {"arena_id": "default", "robot_id": "202601002029", "request_id": "88c0ac0197994d1a8fc303b32e2b7dac", "position": {"x": -1863.6, "y": 2.2822517748910074e-13}, "channel": 10}, "attempt": 1}
2026-09-13 01:38:47,585 INFO response {"request_id": "88c0ac0197994d1a8fc303b32e2b7dac", "http_status": 200, "body": {"accepted": true, "real_timestamp_ms": 1789234724561, "virtual_time_s": 4127.021137, "measure_result": "no_signal"}}
2026-09-13 01:38:47,586 INFO request {"path": "/measure", "payload": {"arena_id": "default", "robot_id": "202601002029", "request_id": "afced6faab414e71b4e577db790d60b6", "position": {"x": -1863.6, "y": 2.2822517748910074e-13}, "channel": 12}, "attempt": 1}
2026-09-13 01:38:47,588 INFO response {"request_id": "afced6faab414e71b4e577db790d60b6", "http_status": 200, "body": {"accepted": true, "real_timestamp_ms": 1789234724565, "virtual_time_s": 4133.021137, "measure_result": "no_signal"}}
2026-09-13 01:38:47,619 INFO request {"path": "/measure", "payload": {"arena_id": "default", "robot_id": "202601002029", "request_id": "db652c50b86843e595800807d3c4de20", "position": {"x": -1863.6, "y": 2.2822517748910074e-13}, "channel": 16}, "attempt": 1}
2026-09-13 01:38:47,621 INFO response {"request_id": "db652c50b86843e595800807d3c4de20", "http_status": 200, "body": {"accepted": true, "real_timestamp_ms": 1789234724598, "virtual_time_s": 4139.021137, "measure_result": "no_signal"}}
2026-09-13 01:38:47,652 INFO request {"path": "/measure", "payload": {"arena_id": "default", "robot_id": "202601002029", "request_id": "1dec73b4183a4ea2b3a1355ee1835fdd", "position": {"x": -1863.6, "y": 2.2822517748910074e-13}, "channel": 19}, "attempt": 1}
2026-09-13 01:38:47,673 INFO response {"request_id": "1dec73b4183a4ea2b3a1355ee1835fdd", "http_status": 200, "body": {"accepted": true, "real_timestamp_ms": 1789234724650, "virtual_time_s": 4145.021137, "measure_result": "no_signal"}}
2026-09-13 01:38:47,716 INFO request {"path": "/measure", "payload": {"arena_id": "default", "robot_id": "202601002029", "request_id": "697429255baa47a1bab8f4a7cf584c10", "position": {"x": -1863.6, "y": 2.2822517748910074e-13}, "channel": 1}, "attempt": 1}
2026-09-13 01:38:47,733 INFO response {"request_id": "697429255baa47a1bab8f4a7cf584c10", "http_status": 200, "body": {"accepted": true, "real_timestamp_ms": 1789234724710, "virtual_time_s": 4151.021137, "measure_result": "direction", "svd_deg": 22.0}}
2026-09-13 01:38:47,914 INFO request {"path": "/measure", "payload": {"arena_id": "default", "robot_id": "202601002029", "request_id": "0623a996695b417eafce188e0bade49b", "position": {"x": -1613.92494249268, "y": 931.7999999999998}, "channel": 6}, "attempt": 1}
2026-09-13 01:38:47,916 INFO response {"request_id": "0623a996695b417eafce188e0bade49b", "http_status": 200, "body": {"accepted": true, "real_timestamp_ms": 1789234724893, "virtual_time_s": 4349.955206, "measure_result": "no_signal"}}
2026-09-13 01:38:47,946 INFO request {"path": "/measure", "payload": {"arena_id": "default", "robot_id": "202601002029", "request_id": "118049de4af34936b2b7dbfa17ceaca0", "position": {"x": -1613.92494249268, "y": 931.7999999999998}, "channel": 10}, "attempt": 1}
2026-09-13 01:38:47,960 INFO response {"request_id": "118049de4af34936b2b7dbfa17ceaca0", "http_status": 200, "body": {"accepted": true, "real_timestamp_ms": 1789234724937, "virtual_time_s": 4355.955206, "measure_result": "no_signal"}}
2026-09-13 01:38:47,975 INFO request {"path": "/measure", "payload": {"arena_id": "default", "robot_id": "202601002029", "request_id": "93d8fa717ca94fa3a93fd79534bfceb9", "position": {"x": -1613.92494249268, "y": 931.7999999999998}, "channel": 12}, "attempt": 1}
2026-09-13 01:38:47,977 INFO response {"request_id": "93d8fa717ca94fa3a93fd79534bfceb9", "http_status": 200, "body": {"accepted": true, "real_timestamp_ms": 1789234724955, "virtual_time_s": 4361.955206, "measure_result": "no_signal"}}
2026-09-13 01:38:48,008 INFO request {"path": "/measure", "payload": {"arena_id": "default", "robot_id": "202601002029", "request_id": "a7b37f3699364ee5a529e6e389d2809a", "position": {"x": -1613.92494249268, "y": 931.7999999999998}, "channel": 16}, "attempt": 1}
2026-09-13 01:38:48,010 INFO response {"request_id": "a7b37f3699364ee5a529e6e389d2809a", "http_status": 200, "body": {"accepted": true, "real_timestamp_ms": 1789234724987, "virtual_time_s": 4367.955206, "measure_result": "no_signal"}}
2026-09-13 01:38:48,040 INFO request {"path": "/measure", "payload": {"arena_id": "default", "robot_id": "202601002029", "request_id": "b540b3ff3a1544dcb8644fdd2c07dbdb", "position": {"x": -1613.92494249268, "y": 931.7999999999998}, "channel": 19}, "attempt": 1}
2026-09-13 01:38:48,056 INFO response {"request_id": "b540b3ff3a1544dcb8644fdd2c07dbdb", "http_status": 200, "body": {"accepted": true, "real_timestamp_ms": 1789234725034, "virtual_time_s": 4373.955206, "measure_result": "no_signal"}}
2026-09-13 01:38:48,158 INFO request {"path": "/measure", "payload": {"arena_id": "default", "robot_id": "202601002029", "request_id": "bb585e458b26409f9b0e652793fc6e3f", "position": {"x": -931.7999999999995, "y": 1613.92494249268}, "channel": 19}, "attempt": 1}
2026-09-13 01:38:48,160 INFO response {"request_id": "bb585e458b26409f9b0e652793fc6e3f", "http_status": 200, "body": {"accepted": true, "real_timestamp_ms": 1789234725137, "virtual_time_s": 4571.889275, "measure_result": "no_signal"}}
2026-09-13 01:38:48,174 INFO request {"path": "/measure", "payload": {"arena_id": "default", "robot_id": "202601002029", "request_id": "42f23fd6a3f242098e6957b096a92426", "position": {"x": -931.7999999999995, "y": 1613.92494249268}, "channel": 6}, "attempt": 1}
2026-09-13 01:38:48,193 INFO response {"request_id": "42f23fd6a3f242098e6957b096a92426", "http_status": 200, "body": {"accepted": true, "real_timestamp_ms": 1789234725170, "virtual_time_s": 4577.889275, "measure_result": "no_signal"}}
2026-09-13 01:38:48,193 INFO request {"path": "/measure", "payload": {"arena_id": "default", "robot_id": "202601002029", "request_id": "8aa8dc52e31b40ad8cb59ac78aadc223", "position": {"x": -931.7999999999995, "y": 1613.92494249268}, "channel": 10}, "attempt": 1}
2026-09-13 01:38:48,194 INFO response {"request_id": "8aa8dc52e31b40ad8cb59ac78aadc223", "http_status": 200, "body": {"accepted": true, "real_timestamp_ms": 1789234725173, "virtual_time_s": 4583.889275, "measure_result": "no_signal"}}
2026-09-13 01:38:48,225 INFO request {"path": "/measure", "payload": {"arena_id": "default", "robot_id": "202601002029", "request_id": "6378df5363584ffcac3cf177a904735f", "position": {"x": -931.7999999999995, "y": 1613.92494249268}, "channel": 12}, "attempt": 1}
2026-09-13 01:38:48,227 INFO response {"request_id": "6378df5363584ffcac3cf177a904735f", "http_status": 200, "body": {"accepted": true, "real_timestamp_ms": 1789234725204, "virtual_time_s": 4589.889275, "measure_result": "no_signal"}}
2026-09-13 01:38:48,257 INFO request {"path": "/measure", "payload": {"arena_id": "default", "robot_id": "202601002029", "request_id": "5518281d48b34bfb88cdbe87300ce25f", "position": {"x": -931.7999999999995, "y": 1613.92494249268}, "channel": 16}, "attempt": 1}
2026-09-13 01:38:48,272 INFO response {"request_id": "5518281d48b34bfb88cdbe87300ce25f", "http_status": 200, "body": {"accepted": true, "real_timestamp_ms": 1789234725249, "virtual_time_s": 4595.889275, "measure_result": "no_signal"}}
2026-09-13 01:38:48,303 INFO request {"path": "/measure", "payload": {"arena_id": "default", "robot_id": "202601002029", "request_id": "af864ae9a9754701865e4e1d59c5f9c9", "position": {"x": -931.7999999999995, "y": 1613.92494249268}, "channel": 5}, "attempt": 1}
2026-09-13 01:38:48,321 INFO response {"request_id": "af864ae9a9754701865e4e1d59c5f9c9", "http_status": 200, "body": {"accepted": true, "real_timestamp_ms": 1789234725298, "virtual_time_s": 4601.889275, "measure_result": "direction", "svd_deg": 353.66}}
2026-09-13 01:38:48,360 INFO request {"path": "/clear", "payload": {"arena_id": "default", "robot_id": "202601002029", "request_id": "f103b8d31287496fa7bd58736203103c", "position": {"x": -450.232794916102, "y": 1560.1410930192721}, "channel": 5}, "attempt": 1}
2026-09-13 01:38:48,378 INFO response {"request_id": "f103b8d31287496fa7bd58736203103c", "http_status": 200, "body": {"accepted": true, "real_timestamp_ms": 1789234725357, "virtual_time_s": 4703.80154, "clear_result": "success"}}
2026-09-13 01:38:48,379 INFO request {"path": "/clear", "payload": {"arena_id": "default", "robot_id": "202601002029", "request_id": "74b49b7e986e4eae9270eff5f26c2de0", "position": {"x": 20.84210823260213, "y": 1560.2758750546332}, "channel": 9}, "attempt": 1}
2026-09-13 01:38:48,399 INFO response {"request_id": "74b49b7e986e4eae9270eff5f26c2de0", "http_status": 200, "body": {"accepted": true, "real_timestamp_ms": 1789234725377, "virtual_time_s": 4803.016524, "clear_result": "success"}}
2026-09-13 01:38:48,437 INFO request {"path": "/measure", "payload": {"arena_id": "default", "robot_id": "202601002029", "request_id": "2fbba37e47234fc38f13562d6a66306c", "position": {"x": 1.1411258874455037e-13, "y": 1863.6}, "channel": 6}, "attempt": 1}
2026-09-13 01:38:48,458 INFO response {"request_id": "2fbba37e47234fc38f13562d6a66306c", "http_status": 200, "body": {"accepted": true, "real_timestamp_ms": 1789234725436, "virtual_time_s": 4869.824391, "measure_result": "no_signal"}}
2026-09-13 01:38:48,458 INFO request {"path": "/measure", "payload": {"arena_id": "default", "robot_id": "202601002029", "request_id": "093b05b06389483db495e535cb8fbb1e", "position": {"x": 1.1411258874455037e-13, "y": 1863.6}, "channel": 10}, "attempt": 1}
2026-09-13 01:38:48,461 INFO response {"request_id": "093b05b06389483db495e535cb8fbb1e", "http_status": 200, "body": {"accepted": true, "real_timestamp_ms": 1789234725438, "virtual_time_s": 4875.824391, "measure_result": "no_signal"}}
2026-09-13 01:38:48,491 INFO request {"path": "/measure", "payload": {"arena_id": "default", "robot_id": "202601002029", "request_id": "fa2655397e80473c80a8b9b3df5d49ce", "position": {"x": 1.1411258874455037e-13, "y": 1863.6}, "channel": 12}, "attempt": 1}
2026-09-13 01:38:48,494 INFO response {"request_id": "fa2655397e80473c80a8b9b3df5d49ce", "http_status": 200, "body": {"accepted": true, "real_timestamp_ms": 1789234725471, "virtual_time_s": 4881.824391, "measure_result": "no_signal"}}
2026-09-13 01:38:48,524 INFO request {"path": "/measure", "payload": {"arena_id": "default", "robot_id": "202601002029", "request_id": "16d422264dc94a209aa41b1e35e46f9f", "position": {"x": 1.1411258874455037e-13, "y": 1863.6}, "channel": 16}, "attempt": 1}
2026-09-13 01:38:48,527 INFO response {"request_id": "16d422264dc94a209aa41b1e35e46f9f", "http_status": 200, "body": {"accepted": true, "real_timestamp_ms": 1789234725504, "virtual_time_s": 4887.824391, "measure_result": "no_signal"}}
2026-09-13 01:38:48,559 INFO request {"path": "/measure", "payload": {"arena_id": "default", "robot_id": "202601002029", "request_id": "72d6924d4db644f885f27ab442f89a13", "position": {"x": 1.1411258874455037e-13, "y": 1863.6}, "channel": 19}, "attempt": 1}
2026-09-13 01:38:48,561 INFO response {"request_id": "72d6924d4db644f885f27ab442f89a13", "http_status": 200, "body": {"accepted": true, "real_timestamp_ms": 1789234725538, "virtual_time_s": 4893.824391, "measure_result": "no_signal"}}
2026-09-13 01:38:52,224 INFO request {"path": "/clear", "payload": {"arena_id": "default", "robot_id": "202601002029", "request_id": "0d8f675b093744ab8d46fe0bf5e9a2c2", "position": {"x": -910.4836248131948, "y": 671.6102142551289}, "channel": 2}, "attempt": 1}
2026-09-13 01:38:52,225 INFO response {"request_id": "0d8f675b093744ab8d46fe0bf5e9a2c2", "http_status": 200, "body": {"accepted": true, "real_timestamp_ms": 1789234729202, "virtual_time_s": 5198.812396, "clear_result": "success"}}
2026-09-13 01:38:52,256 INFO request {"path": "/clear", "payload": {"arena_id": "default", "robot_id": "202601002029", "request_id": "42d69adbafce4d35a8b8aef67537216f", "position": {"x": -799.5903075695558, "y": 457.8574505389577}, "channel": 3}, "attempt": 1}
2026-09-13 01:38:52,259 INFO response {"request_id": "42d69adbafce4d35a8b8aef67537216f", "http_status": 200, "body": {"accepted": true, "real_timestamp_ms": 1789234729236, "virtual_time_s": 5251.973614, "clear_result": "success"}}
2026-09-13 01:38:52,290 INFO request {"path": "/clear", "payload": {"arena_id": "default", "robot_id": "202601002029", "request_id": "df1e140b349d4c138bebd583e9f8db7e", "position": {"x": -625.6574692806232, "y": 102.08335759923264}, "channel": 18}, "attempt": 1}
2026-09-13 01:38:52,307 INFO response {"request_id": "df1e140b349d4c138bebd583e9f8db7e", "http_status": 200, "body": {"accepted": true, "real_timestamp_ms": 1789234729284, "virtual_time_s": 5336.176603, "clear_result": "success"}}
2026-09-13 01:38:56,012 INFO request {"path": "/clear", "payload": {"arena_id": "default", "robot_id": "202601002029", "request_id": "acc6d627e0e144b2a39c79b804356340", "position": {"x": -1204.3222037026753, "y": 266.1637408512917}, "channel": 1}, "attempt": 1}
2026-09-13 01:38:56,014 INFO response {"request_id": "acc6d627e0e144b2a39c79b804356340", "http_status": 200, "body": {"accepted": true, "real_timestamp_ms": 1789234732991, "virtual_time_s": 5461.472114, "clear_result": "success"}}
2026-09-13 01:38:59,716 INFO request {"path": "/clear", "payload": {"arena_id": "default", "robot_id": "202601002029", "request_id": "f2fcf8f52d794e00b7ebb40ca1841ddf", "position": {"x": -498.96446767965057, "y": -1117.8900735539949}, "channel": 13}, "attempt": 1}
2026-09-13 01:38:59,717 INFO response {"request_id": "f2fcf8f52d794e00b7ebb40ca1841ddf", "http_status": 200, "body": {"accepted": true, "real_timestamp_ms": 1789234736695, "virtual_time_s": 5777.157453, "clear_result": "success"}}
2026-09-13 01:39:03,196 INFO request {"path": "/clear", "payload": {"arena_id": "default", "robot_id": "202601002029", "request_id": "7fc52be1fe694b3c92b574f8c0d6bce5", "position": {"x": -886.2804512138426, "y": -1319.720340585436}, "channel": 11}, "attempt": 1}
2026-09-13 01:39:03,197 INFO response {"request_id": "7fc52be1fe694b3c92b574f8c0d6bce5", "http_status": 200, "body": {"accepted": true, "real_timestamp_ms": 1789234740175, "virtual_time_s": 5869.507125, "clear_result": "success"}}
2026-09-13 01:39:06,437 INFO request {"path": "/measure", "payload": {"arena_id": "default", "robot_id": "202601002029", "request_id": "46c7c804ce964003ae7a33b1f074376b", "position": {"x": 904.403334869974, "y": -688.7380977683023}, "channel": 20}, "attempt": 1}
2026-09-13 01:39:06,458 INFO response {"request_id": "46c7c804ce964003ae7a33b1f074376b", "http_status": 200, "body": {"accepted": true, "real_timestamp_ms": 1789234743435, "virtual_time_s": 6255.227391, "measure_result": "direction", "svd_deg": 26.81}}
2026-09-13 01:39:06,462 INFO request {"path": "/clear", "payload": {"arena_id": "default", "robot_id": "202601002029", "request_id": "ea11ff3c9ea3462e81b5129a8d738e11", "position": {"x": 1249.7513915756215, "y": -514.443309564894}, "channel": 20}, "attempt": 1}
2026-09-13 01:39:06,463 INFO response {"request_id": "ea11ff3c9ea3462e81b5129a8d738e11", "http_status": 200, "body": {"accepted": true, "real_timestamp_ms": 1789234743441, "virtual_time_s": 6337.595072, "clear_result": "success"}}
2026-09-13 01:39:08,470 INFO request {"path": "/measure", "payload": {"arena_id": "default", "robot_id": "202601002029", "request_id": "4111bebd7adb46f5968f46b7b3ad3e22", "position": {"x": 1368.2129062617205, "y": -271.9838217338091}, "channel": 7}, "attempt": 1}
2026-09-13 01:39:08,471 INFO response {"request_id": "4111bebd7adb46f5968f46b7b3ad3e22", "http_status": 200, "body": {"accepted": true, "real_timestamp_ms": 1789234745449, "virtual_time_s": 6397.565336, "measure_result": "direction", "svd_deg": 27.91}}
2026-09-13 01:39:08,491 INFO request {"path": "/clear", "payload": {"arena_id": "default", "robot_id": "202601002029", "request_id": "2ec19a5707e24366bf307fd57cf4ca25", "position": {"x": 1702.5568913163806, "y": -101.54825000087214}, "channel": 7}, "attempt": 1}
2026-09-13 01:39:08,492 INFO response {"request_id": "2ec19a5707e24366bf307fd57cf4ca25", "http_status": 200, "body": {"accepted": true, "real_timestamp_ms": 1789234745470, "virtual_time_s": 6477.621098, "clear_result": "success"}}
2026-09-13 01:39:08,523 INFO request {"path": "/exit", "payload": {"arena_id": "default", "robot_id": "202601002029", "request_id": "b83d6ef470da48aea458f308bcdeb391"}, "attempt": 1}
2026-09-13 01:39:08,537 INFO response {"request_id": "b83d6ef470da48aea458f308bcdeb391", "http_status": 200, "body": {"accepted": true, "real_timestamp_ms": 1789234745515, "virtual_time_s": 6477.621098, "exit_reason": "user_exit"}}
