2026-09-13 13:25:48,560 INFO request {"path": "/enter", "payload": {"arena_id": "default", "robot_id": "202601002029", "request_id": "b7aef1943cd14a1f82e84123709ab553"}, "attempt": 1}
2026-09-13 13:25:48,566 INFO response {"request_id": "b7aef1943cd14a1f82e84123709ab553", "http_status": 200, "body": {"accepted": true, "real_timestamp_ms": 1789277143653, "virtual_time_s": 0, "max_virtual_duration_s": 360000, "max_real_duration_s": 1200, "remaining_real_duration_s": 1200}}
2026-09-13 13:25:48,611 INFO request {"path": "/measure", "payload": {"arena_id": "default", "robot_id": "202601002029", "request_id": "12decebd08624fc4ae44ef9394f2e8eb", "position": {"x": 0.0, "y": 0.0}, "channel": 1}, "attempt": 1}
2026-09-13 13:25:48,613 INFO response {"request_id": "12decebd08624fc4ae44ef9394f2e8eb", "http_status": 200, "body": {"accepted": true, "real_timestamp_ms": 1789277143699, "virtual_time_s": 5, "measure_result": "no_signal"}}
2026-09-13 13:25:48,643 INFO request {"path": "/measure", "payload": {"arena_id": "default", "robot_id": "202601002029", "request_id": "f1204c87e2a7482eb2d098d53d9dc208", "position": {"x": 0.0, "y": 0.0}, "channel": 2}, "attempt": 1}
2026-09-13 13:25:48,658 INFO response {"request_id": "f1204c87e2a7482eb2d098d53d9dc208", "http_status": 200, "body": {"accepted": true, "real_timestamp_ms": 1789277143745, "virtual_time_s": 11, "measure_result": "direction", "svd_deg": 56.97}}
2026-09-13 13:25:48,682 INFO request {"path": "/measure", "payload": {"arena_id": "default", "robot_id": "202601002029", "request_id": "1ea766bb92dc4d46875c63c426d26fa6", "position": {"x": 0.0, "y": 0.0}, "channel": 3}, "attempt": 1}
2026-09-13 13:25:48,705 INFO response {"request_id": "1ea766bb92dc4d46875c63c426d26fa6", "http_status": 200, "body": {"accepted": true, "real_timestamp_ms": 1789277143792, "virtual_time_s": 17, "measure_result": "no_signal"}}
2026-09-13 13:25:48,707 INFO request {"path": "/measure", "payload": {"arena_id": "default", "robot_id": "202601002029", "request_id": "dc278920af394154a10a20a50941d603", "position": {"x": 0.0, "y": 0.0}, "channel": 4}, "attempt": 1}
2026-09-13 13:25:48,721 INFO response {"request_id": "dc278920af394154a10a20a50941d603", "http_status": 200, "body": {"accepted": true, "real_timestamp_ms": 1789277143807, "virtual_time_s": 23, "measure_result": "no_signal"}}
2026-09-13 13:25:48,737 INFO request {"path": "/measure", "payload": {"arena_id": "default", "robot_id": "202601002029", "request_id": "9f3ac89f713549919ddfa414930ca028", "position": {"x": 0.0, "y": 0.0}, "channel": 5}, "attempt": 1}
2026-09-13 13:25:48,739 INFO response {"request_id": "9f3ac89f713549919ddfa414930ca028", "http_status": 200, "body": {"accepted": true, "real_timestamp_ms": 1789277143826, "virtual_time_s": 29, "measure_result": "direction", "svd_deg": 27.43}}
2026-09-13 13:25:48,774 INFO request {"path": "/measure", "payload": {"arena_id": "default", "robot_id": "202601002029", "request_id": "a6a60423b14a461fae56a40841b7c517", "position": {"x": 0.0, "y": 0.0}, "channel": 6}, "attempt": 1}
2026-09-13 13:25:48,776 INFO response {"request_id": "a6a60423b14a461fae56a40841b7c517", "http_status": 200, "body": {"accepted": true, "real_timestamp_ms": 1789277143863, "virtual_time_s": 35, "measure_result": "no_signal"}}
2026-09-13 13:25:48,806 INFO request {"path": "/measure", "payload": {"arena_id": "default", "robot_id": "202601002029", "request_id": "c4ec0c120b2b4931961b6da566668465", "position": {"x": 0.0, "y": 0.0}, "channel": 7}, "attempt": 1}
2026-09-13 13:25:48,829 INFO response {"request_id": "c4ec0c120b2b4931961b6da566668465", "http_status": 200, "body": {"accepted": true, "real_timestamp_ms": 1789277143917, "virtual_time_s": 41, "measure_result": "no_signal"}}
2026-09-13 13:25:48,830 INFO request {"path": "/measure", "payload": {"arena_id": "default", "robot_id": "202601002029", "request_id": "9cd715ae7fcb47b2baf0096bab1d5333", "position": {"x": 0.0, "y": 0.0}, "channel": 8}, "attempt": 1}
2026-09-13 13:25:48,845 INFO response {"request_id": "9cd715ae7fcb47b2baf0096bab1d5333", "http_status": 200, "body": {"accepted": true, "real_timestamp_ms": 1789277143932, "virtual_time_s": 47, "measure_result": "no_signal"}}
2026-09-13 13:25:48,876 INFO request {"path": "/measure", "payload": {"arena_id": "default", "robot_id": "202601002029", "request_id": "f128a0d69ab74bc8b0ec31803ab39f13", "position": {"x": 0.0, "y": 0.0}, "channel": 9}, "attempt": 1}
2026-09-13 13:25:48,891 INFO response {"request_id": "f128a0d69ab74bc8b0ec31803ab39f13", "http_status": 200, "body": {"accepted": true, "real_timestamp_ms": 1789277143978, "virtual_time_s": 53, "measure_result": "direction", "svd_deg": 141.3}}
2026-09-13 13:25:48,893 INFO request {"path": "/measure", "payload": {"arena_id": "default", "robot_id": "202601002029", "request_id": "06e9a242af194f7bafd959aa193e64ca", "position": {"x": 0.0, "y": 0.0}, "channel": 10}, "attempt": 1}
2026-09-13 13:25:48,894 INFO response {"request_id": "06e9a242af194f7bafd959aa193e64ca", "http_status": 200, "body": {"accepted": true, "real_timestamp_ms": 1789277143981, "virtual_time_s": 59, "measure_result": "direction", "svd_deg": 71.34}}
2026-09-13 13:25:48,926 INFO request {"path": "/measure", "payload": {"arena_id": "default", "robot_id": "202601002029", "request_id": "823570fa37354f818d78236f23654526", "position": {"x": 0.0, "y": 0.0}, "channel": 11}, "attempt": 1}
2026-09-13 13:25:48,928 INFO response {"request_id": "823570fa37354f818d78236f23654526", "http_status": 200, "body": {"accepted": true, "real_timestamp_ms": 1789277144015, "virtual_time_s": 65, "measure_result": "direction", "svd_deg": 18.05}}
2026-09-13 13:25:48,960 INFO request {"path": "/measure", "payload": {"arena_id": "default", "robot_id": "202601002029", "request_id": "8abb7f8f1210406688cee626ea363d38", "position": {"x": 0.0, "y": 0.0}, "channel": 12}, "attempt": 1}
2026-09-13 13:25:48,985 INFO response {"request_id": "8abb7f8f1210406688cee626ea363d38", "http_status": 200, "body": {"accepted": true, "real_timestamp_ms": 1789277144071, "virtual_time_s": 71, "measure_result": "no_signal"}}
2026-09-13 13:25:49,000 INFO request {"path": "/measure", "payload": {"arena_id": "default", "robot_id": "202601002029", "request_id": "796483b8fc524530adea5815498634fc", "position": {"x": 0.0, "y": 0.0}, "channel": 13}, "attempt": 1}
2026-09-13 13:25:49,002 INFO response {"request_id": "796483b8fc524530adea5815498634fc", "http_status": 200, "body": {"accepted": true, "real_timestamp_ms": 1789277144089, "virtual_time_s": 77, "measure_result": "direction", "svd_deg": 123.22}}
2026-09-13 13:25:49,019 INFO request {"path": "/measure", "payload": {"arena_id": "default", "robot_id": "202601002029", "request_id": "976b86827d464db9bfc19c2b5bed42b7", "position": {"x": 0.0, "y": 0.0}, "channel": 14}, "attempt": 1}
2026-09-13 13:25:49,032 INFO response {"request_id": "976b86827d464db9bfc19c2b5bed42b7", "http_status": 200, "body": {"accepted": true, "real_timestamp_ms": 1789277144118, "virtual_time_s": 83, "measure_result": "no_signal"}}
2026-09-13 13:25:49,063 INFO request {"path": "/measure", "payload": {"arena_id": "default", "robot_id": "202601002029", "request_id": "4766ad83adac40f99959072681f4b441", "position": {"x": 0.0, "y": 0.0}, "channel": 15}, "attempt": 1}
2026-09-13 13:25:49,065 INFO response {"request_id": "4766ad83adac40f99959072681f4b441", "http_status": 200, "body": {"accepted": true, "real_timestamp_ms": 1789277144151, "virtual_time_s": 89, "measure_result": "direction", "svd_deg": 146.5}}
2026-09-13 13:25:50,108 INFO request {"path": "/measure", "payload": {"arena_id": "default", "robot_id": "202601002029", "request_id": "980e356250bc4a929a40e7d1988c2dfe", "position": {"x": 0.0, "y": 0.0}, "channel": 16}, "attempt": 1}
2026-09-13 13:25:50,109 INFO response {"request_id": "980e356250bc4a929a40e7d1988c2dfe", "http_status": 200, "body": {"accepted": true, "real_timestamp_ms": 1789277145195, "virtual_time_s": 95, "measure_result": "no_signal"}}
2026-09-13 13:25:50,140 INFO request {"path": "/measure", "payload": {"arena_id": "default", "robot_id": "202601002029", "request_id": "91b5af34243142519b8432d28ff25b32", "position": {"x": 0.0, "y": 0.0}, "channel": 17}, "attempt": 1}
2026-09-13 13:25:50,142 INFO response {"request_id": "91b5af34243142519b8432d28ff25b32", "http_status": 200, "body": {"accepted": true, "real_timestamp_ms": 1789277145229, "virtual_time_s": 101, "measure_result": "direction", "svd_deg": 316.02}}
2026-09-13 13:25:50,160 INFO request {"path": "/measure", "payload": {"arena_id": "default", "robot_id": "202601002029", "request_id": "06f47e582ecc4c49b1a0552887e101ca", "position": {"x": 0.0, "y": 0.0}, "channel": 18}, "attempt": 1}
2026-09-13 13:25:50,161 INFO response {"request_id": "06f47e582ecc4c49b1a0552887e101ca", "http_status": 200, "body": {"accepted": true, "real_timestamp_ms": 1789277145248, "virtual_time_s": 107, "measure_result": "direction", "svd_deg": 359.54}}
2026-09-13 13:25:50,195 INFO request {"path": "/measure", "payload": {"arena_id": "default", "robot_id": "202601002029", "request_id": "a848994a52094798a42fb3c0d6e2055d", "position": {"x": 0.0, "y": 0.0}, "channel": 19}, "attempt": 1}
2026-09-13 13:25:50,196 INFO response {"request_id": "a848994a52094798a42fb3c0d6e2055d", "http_status": 200, "body": {"accepted": true, "real_timestamp_ms": 1789277145283, "virtual_time_s": 113, "measure_result": "no_signal"}}
2026-09-13 13:25:50,227 INFO request {"path": "/measure", "payload": {"arena_id": "default", "robot_id": "202601002029", "request_id": "b99b343f9ccd45bb8b79c77c322373c2", "position": {"x": 0.0, "y": 0.0}, "channel": 20}, "attempt": 1}
2026-09-13 13:25:50,247 INFO response {"request_id": "b99b343f9ccd45bb8b79c77c322373c2", "http_status": 200, "body": {"accepted": true, "real_timestamp_ms": 1789277145334, "virtual_time_s": 119, "measure_result": "direction", "svd_deg": 4.52}}
2026-09-13 13:25:50,843 INFO request {"path": "/measure", "payload": {"arena_id": "default", "robot_id": "202601002029", "request_id": "ce34870f648b4613b1858010882216bc", "position": {"x": 463.39693041970287, "y": 802.627027558385}, "channel": 1}, "attempt": 1}
2026-09-13 13:25:50,856 INFO response {"request_id": "ce34870f648b4613b1858010882216bc", "http_status": 200, "body": {"accepted": true, "real_timestamp_ms": 1789277145943, "virtual_time_s": 310.358772, "measure_result": "no_signal"}}
2026-09-13 13:25:50,872 INFO request {"path": "/measure", "payload": {"arena_id": "default", "robot_id": "202601002029", "request_id": "857c5916cb3b443d9ee1765c087c4894", "position": {"x": 463.39693041970287, "y": 802.627027558385}, "channel": 3}, "attempt": 1}
2026-09-13 13:25:50,889 INFO response {"request_id": "857c5916cb3b443d9ee1765c087c4894", "http_status": 200, "body": {"accepted": true, "real_timestamp_ms": 1789277145975, "virtual_time_s": 316.358772, "measure_result": "no_signal"}}
2026-09-13 13:25:50,903 INFO request {"path": "/measure", "payload": {"arena_id": "default", "robot_id": "202601002029", "request_id": "a3eb194121aa432d81f0b4ae5e3f4a52", "position": {"x": 463.39693041970287, "y": 802.627027558385}, "channel": 4}, "attempt": 1}
2026-09-13 13:25:50,920 INFO response {"request_id": "a3eb194121aa432d81f0b4ae5e3f4a52", "http_status": 200, "body": {"accepted": true, "real_timestamp_ms": 1789277146007, "virtual_time_s": 322.358772, "measure_result": "no_signal"}}
2026-09-13 13:25:50,935 INFO request {"path": "/measure", "payload": {"arena_id": "default", "robot_id": "202601002029", "request_id": "70750a005fc94655956d8ea4714ec515", "position": {"x": 463.39693041970287, "y": 802.627027558385}, "channel": 6}, "attempt": 1}
2026-09-13 13:25:50,952 INFO response {"request_id": "70750a005fc94655956d8ea4714ec515", "http_status": 200, "body": {"accepted": true, "real_timestamp_ms": 1789277146038, "virtual_time_s": 328.358772, "measure_result": "no_signal"}}
2026-09-13 13:25:50,968 INFO request {"path": "/measure", "payload": {"arena_id": "default", "robot_id": "202601002029", "request_id": "0c1b9572301f4c739ecfddacd7dce706", "position": {"x": 463.39693041970287, "y": 802.627027558385}, "channel": 7}, "attempt": 1}
2026-09-13 13:25:51,690 INFO response {"request_id": "0c1b9572301f4c739ecfddacd7dce706", "http_status": 200, "body": {"accepted": true, "real_timestamp_ms": 1789277146776, "virtual_time_s": 334.358772, "measure_result": "no_signal"}}
2026-09-13 13:25:51,690 INFO request {"path": "/measure", "payload": {"arena_id": "default", "robot_id": "202601002029", "request_id": "645997123026483bab61508ccc3ac620", "position": {"x": 463.39693041970287, "y": 802.627027558385}, "channel": 8}, "attempt": 1}
2026-09-13 13:25:51,702 INFO response {"request_id": "645997123026483bab61508ccc3ac620", "http_status": 200, "body": {"accepted": true, "real_timestamp_ms": 1789277146788, "virtual_time_s": 340.358772, "measure_result": "no_signal"}}
2026-09-13 13:25:51,733 INFO request {"path": "/measure", "payload": {"arena_id": "default", "robot_id": "202601002029", "request_id": "0fe6f4312037461c808733a01735dfc6", "position": {"x": 463.39693041970287, "y": 802.627027558385}, "channel": 12}, "attempt": 1}
2026-09-13 13:25:51,750 INFO response {"request_id": "0fe6f4312037461c808733a01735dfc6", "http_status": 200, "body": {"accepted": true, "real_timestamp_ms": 1789277146836, "virtual_time_s": 346.358772, "measure_result": "no_signal"}}
2026-09-13 13:25:51,765 INFO request {"path": "/measure", "payload": {"arena_id": "default", "robot_id": "202601002029", "request_id": "e61294a8cd2a4d18b7b8b28630c99749", "position": {"x": 463.39693041970287, "y": 802.627027558385}, "channel": 14}, "attempt": 1}
2026-09-13 13:25:51,767 INFO response {"request_id": "e61294a8cd2a4d18b7b8b28630c99749", "http_status": 200, "body": {"accepted": true, "real_timestamp_ms": 1789277146853, "virtual_time_s": 352.358772, "measure_result": "direction", "svd_deg": 51.49}}
2026-09-13 13:25:51,786 INFO request {"path": "/measure", "payload": {"arena_id": "default", "robot_id": "202601002029", "request_id": "76103858794c4824aac360f6516b967b", "position": {"x": 463.39693041970287, "y": 802.627027558385}, "channel": 16}, "attempt": 1}
2026-09-13 13:25:51,789 INFO response {"request_id": "76103858794c4824aac360f6516b967b", "http_status": 200, "body": {"accepted": true, "real_timestamp_ms": 1789277146875, "virtual_time_s": 358.358772, "measure_result": "no_signal"}}
2026-09-13 13:25:51,820 INFO request {"path": "/measure", "payload": {"arena_id": "default", "robot_id": "202601002029", "request_id": "8d9179f83fbf4c13beb58703cbf65966", "position": {"x": 463.39693041970287, "y": 802.627027558385}, "channel": 19}, "attempt": 1}
2026-09-13 13:25:51,842 INFO response {"request_id": "8d9179f83fbf4c13beb58703cbf65966", "http_status": 200, "body": {"accepted": true, "real_timestamp_ms": 1789277146928, "virtual_time_s": 364.358772, "measure_result": "no_signal"}}
2026-09-13 13:25:52,008 INFO request {"path": "/measure", "payload": {"arena_id": "default", "robot_id": "202601002029", "request_id": "6e9f541bb671452cbee35e80bd6ea664", "position": {"x": 463.39693041970287, "y": 802.627027558385}, "channel": 13}, "attempt": 1}
2026-09-13 13:25:52,008 INFO response {"request_id": "6e9f541bb671452cbee35e80bd6ea664", "http_status": 200, "body": {"accepted": true, "real_timestamp_ms": 1789277147096, "virtual_time_s": 370.358772, "measure_result": "direction", "svd_deg": 183.41}}
2026-09-13 13:25:52,042 INFO request {"path": "/measure", "payload": {"arena_id": "default", "robot_id": "202601002029", "request_id": "0a213c323651406cbd59165185608116", "position": {"x": 463.39693041970287, "y": 802.627027558385}, "channel": 5}, "attempt": 1}
2026-09-13 13:25:52,063 INFO response {"request_id": "0a213c323651406cbd59165185608116", "http_status": 200, "body": {"accepted": true, "real_timestamp_ms": 1789277147150, "virtual_time_s": 376.358772, "measure_result": "direction", "svd_deg": 251.92}}
2026-09-13 13:25:52,070 INFO request {"path": "/measure", "payload": {"arena_id": "default", "robot_id": "202601002029", "request_id": "4f5e2e4836f5422faf95def479e2e6a2", "position": {"x": 463.39693041970287, "y": 802.627027558385}, "channel": 11}, "attempt": 1}
2026-09-13 13:25:52,095 INFO response {"request_id": "4f5e2e4836f5422faf95def479e2e6a2", "http_status": 200, "body": {"accepted": true, "real_timestamp_ms": 1789277147181, "virtual_time_s": 382.358772, "measure_result": "direction", "svd_deg": 300.28}}
2026-09-13 13:25:53,180 INFO request {"path": "/measure", "payload": {"arena_id": "default", "robot_id": "202601002029", "request_id": "92eecb22f3c84663ab3aecae0682d3ef", "position": {"x": 802.6270275583851, "y": 463.3969304197027}, "channel": 1}, "attempt": 1}
2026-09-13 13:25:53,206 INFO response {"request_id": "92eecb22f3c84663ab3aecae0682d3ef", "http_status": 200, "body": {"accepted": true, "real_timestamp_ms": 1789277148292, "virtual_time_s": 484.307533, "measure_result": "no_signal"}}
2026-09-13 13:25:53,206 INFO request {"path": "/measure", "payload": {"arena_id": "default", "robot_id": "202601002029", "request_id": "b6d44de2b85246d4bf0697d705e19ef1", "position": {"x": 802.6270275583851, "y": 463.3969304197027}, "channel": 3}, "attempt": 1}
2026-09-13 13:25:53,208 INFO response {"request_id": "b6d44de2b85246d4bf0697d705e19ef1", "http_status": 200, "body": {"accepted": true, "real_timestamp_ms": 1789277148295, "virtual_time_s": 490.307533, "measure_result": "no_signal"}}
2026-09-13 13:25:53,239 INFO request {"path": "/measure", "payload": {"arena_id": "default", "robot_id": "202601002029", "request_id": "b9fe03d48c864574a748a9534786fc7d", "position": {"x": 802.6270275583851, "y": 463.3969304197027}, "channel": 4}, "attempt": 1}
2026-09-13 13:25:53,253 INFO response {"request_id": "b9fe03d48c864574a748a9534786fc7d", "http_status": 200, "body": {"accepted": true, "real_timestamp_ms": 1789277148340, "virtual_time_s": 496.307533, "measure_result": "no_signal"}}
2026-09-13 13:25:53,268 INFO request {"path": "/measure", "payload": {"arena_id": "default", "robot_id": "202601002029", "request_id": "cd004061b592409e8f9cdc8c4e1eb5ca", "position": {"x": 802.6270275583851, "y": 463.3969304197027}, "channel": 6}, "attempt": 1}
2026-09-13 13:25:53,270 INFO response {"request_id": "cd004061b592409e8f9cdc8c4e1eb5ca", "http_status": 200, "body": {"accepted": true, "real_timestamp_ms": 1789277148357, "virtual_time_s": 502.307533, "measure_result": "no_signal"}}
2026-09-13 13:25:53,301 INFO request {"path": "/measure", "payload": {"arena_id": "default", "robot_id": "202601002029", "request_id": "c5fc70773838461e9f038dfe589004af", "position": {"x": 802.6270275583851, "y": 463.3969304197027}, "channel": 7}, "attempt": 1}
2026-09-13 13:25:53,303 INFO response {"request_id": "c5fc70773838461e9f038dfe589004af", "http_status": 200, "body": {"accepted": true, "real_timestamp_ms": 1789277148390, "virtual_time_s": 508.307533, "measure_result": "no_signal"}}
2026-09-13 13:25:53,334 INFO request {"path": "/measure", "payload": {"arena_id": "default", "robot_id": "202601002029", "request_id": "ebe3076276854ab38fb8ddb14edbfaba", "position": {"x": 802.6270275583851, "y": 463.3969304197027}, "channel": 8}, "attempt": 1}
2026-09-13 13:25:53,360 INFO response {"request_id": "ebe3076276854ab38fb8ddb14edbfaba", "http_status": 200, "body": {"accepted": true, "real_timestamp_ms": 1789277148447, "virtual_time_s": 514.307533, "measure_result": "no_signal"}}
2026-09-13 13:25:53,376 INFO request {"path": "/measure", "payload": {"arena_id": "default", "robot_id": "202601002029", "request_id": "b98991046b4b40b795d619ca7f2a6744", "position": {"x": 802.6270275583851, "y": 463.3969304197027}, "channel": 12}, "attempt": 1}
2026-09-13 13:25:53,378 INFO response {"request_id": "b98991046b4b40b795d619ca7f2a6744", "http_status": 200, "body": {"accepted": true, "real_timestamp_ms": 1789277148465, "virtual_time_s": 520.307533, "measure_result": "no_signal"}}
2026-09-13 13:25:53,392 INFO request {"path": "/measure", "payload": {"arena_id": "default", "robot_id": "202601002029", "request_id": "49f818354f23405296703a736816cafa", "position": {"x": 802.6270275583851, "y": 463.3969304197027}, "channel": 16}, "attempt": 1}
2026-09-13 13:25:53,394 INFO response {"request_id": "49f818354f23405296703a736816cafa", "http_status": 200, "body": {"accepted": true, "real_timestamp_ms": 1789277148481, "virtual_time_s": 526.307533, "measure_result": "no_signal"}}
2026-09-13 13:25:53,425 INFO request {"path": "/measure", "payload": {"arena_id": "default", "robot_id": "202601002029", "request_id": "d72fe8df123940b38d8d477016da99a6", "position": {"x": 802.6270275583851, "y": 463.3969304197027}, "channel": 19}, "attempt": 1}
2026-09-13 13:25:53,439 INFO response {"request_id": "d72fe8df123940b38d8d477016da99a6", "http_status": 200, "body": {"accepted": true, "real_timestamp_ms": 1789277148525, "virtual_time_s": 532.307533, "measure_result": "no_signal"}}
2026-09-13 13:25:53,588 INFO request {"path": "/measure", "payload": {"arena_id": "default", "robot_id": "202601002029", "request_id": "43e3b283a1e742dc84e923bd608518a0", "position": {"x": 802.6270275583851, "y": 463.3969304197027}, "channel": 11}, "attempt": 1}
2026-09-13 13:25:53,589 INFO response {"request_id": "43e3b283a1e742dc84e923bd608518a0", "http_status": 200, "body": {"accepted": true, "real_timestamp_ms": 1789277148676, "virtual_time_s": 538.307533, "measure_result": "direction", "svd_deg": 264.52}}
2026-09-13 13:25:53,624 INFO request {"path": "/measure", "payload": {"arena_id": "default", "robot_id": "202601002029", "request_id": "4025fbd5a04e4d0f9758fd96fdf24de1", "position": {"x": 802.6270275583851, "y": 463.3969304197027}, "channel": 2}, "attempt": 1}
2026-09-13 13:25:53,625 INFO response {"request_id": "4025fbd5a04e4d0f9758fd96fdf24de1", "http_status": 200, "body": {"accepted": true, "real_timestamp_ms": 1789277148712, "virtual_time_s": 544.307533, "measure_result": "direction", "svd_deg": 109.79}}
2026-09-13 13:25:53,643 INFO request {"path": "/measure", "payload": {"arena_id": "default", "robot_id": "202601002029", "request_id": "e26e29f1d0ad4d27a0032b9401ac04b4", "position": {"x": 802.6270275583851, "y": 463.3969304197027}, "channel": 10}, "attempt": 1}
2026-09-13 13:25:53,670 INFO response {"request_id": "e26e29f1d0ad4d27a0032b9401ac04b4", "http_status": 200, "body": {"accepted": true, "real_timestamp_ms": 1789277148756, "virtual_time_s": 550.307533, "measure_result": "direction", "svd_deg": 172.55}}
2026-09-13 13:25:54,275 INFO request {"path": "/clear", "payload": {"arena_id": "default", "robot_id": "202601002029", "request_id": "973858485d1446329dca18de11768a61", "position": {"x": 782.759124347606, "y": 255.2398827888877}, "channel": 11}, "attempt": 1}
2026-09-13 13:25:54,277 INFO response {"request_id": "973858485d1446329dca18de11768a61", "http_status": 200, "body": {"accepted": true, "real_timestamp_ms": 1789277149363, "virtual_time_s": 597.128145, "clear_result": "success"}}
2026-09-13 13:25:54,322 INFO request {"path": "/measure", "payload": {"arena_id": "default", "robot_id": "202601002029", "request_id": "2d9cdd217f7240b5b2519e250ac01c1c", "position": {"x": 926.7938608394055, "y": 0.0}, "channel": 1}, "attempt": 1}
2026-09-13 13:25:54,324 INFO response {"request_id": "2d9cdd217f7240b5b2519e250ac01c1c", "http_status": 200, "body": {"accepted": true, "real_timestamp_ms": 1789277149411, "virtual_time_s": 661.743298, "measure_result": "no_signal"}}
2026-09-13 13:25:54,355 INFO request {"path": "/measure", "payload": {"arena_id": "default", "robot_id": "202601002029", "request_id": "8b3266ae46da46e6969da5a701cdcd6c", "position": {"x": 926.7938608394055, "y": 0.0}, "channel": 3}, "attempt": 1}
2026-09-13 13:25:54,357 INFO response {"request_id": "8b3266ae46da46e6969da5a701cdcd6c", "http_status": 200, "body": {"accepted": true, "real_timestamp_ms": 1789277149443, "virtual_time_s": 667.743298, "measure_result": "no_signal"}}
2026-09-13 13:25:54,388 INFO request {"path": "/measure", "payload": {"arena_id": "default", "robot_id": "202601002029", "request_id": "7af7393cbc7f4d45963bf7ce53d26d38", "position": {"x": 926.7938608394055, "y": 0.0}, "channel": 4}, "attempt": 1}
2026-09-13 13:25:54,391 INFO response {"request_id": "7af7393cbc7f4d45963bf7ce53d26d38", "http_status": 200, "body": {"accepted": true, "real_timestamp_ms": 1789277149477, "virtual_time_s": 673.743298, "measure_result": "no_signal"}}
2026-09-13 13:25:54,422 INFO request {"path": "/measure", "payload": {"arena_id": "default", "robot_id": "202601002029", "request_id": "b27e8068ebff4a7296632a9aabf40f87", "position": {"x": 926.7938608394055, "y": 0.0}, "channel": 6}, "attempt": 1}
2026-09-13 13:25:54,423 INFO response {"request_id": "b27e8068ebff4a7296632a9aabf40f87", "http_status": 200, "body": {"accepted": true, "real_timestamp_ms": 1789277149510, "virtual_time_s": 679.743298, "measure_result": "no_signal"}}
2026-09-13 13:25:54,454 INFO request {"path": "/measure", "payload": {"arena_id": "default", "robot_id": "202601002029", "request_id": "b66b96e678d8450296929cb41cee5882", "position": {"x": 926.7938608394055, "y": 0.0}, "channel": 7}, "attempt": 1}
2026-09-13 13:25:54,456 INFO response {"request_id": "b66b96e678d8450296929cb41cee5882", "http_status": 200, "body": {"accepted": true, "real_timestamp_ms": 1789277149543, "virtual_time_s": 685.743298, "measure_result": "no_signal"}}
2026-09-13 13:25:54,471 INFO request {"path": "/measure", "payload": {"arena_id": "default", "robot_id": "202601002029", "request_id": "eac7f1a8298c4939bf375a935b6ac6b1", "position": {"x": 926.7938608394055, "y": 0.0}, "channel": 8}, "attempt": 1}
2026-09-13 13:25:54,486 INFO response {"request_id": "eac7f1a8298c4939bf375a935b6ac6b1", "http_status": 200, "body": {"accepted": true, "real_timestamp_ms": 1789277149573, "virtual_time_s": 691.743298, "measure_result": "no_signal"}}
2026-09-13 13:25:54,501 INFO request {"path": "/measure", "payload": {"arena_id": "default", "robot_id": "202601002029", "request_id": "a47b7c9003be47eebc6bd2a399b51b7f", "position": {"x": 926.7938608394055, "y": 0.0}, "channel": 12}, "attempt": 1}
2026-09-13 13:25:54,519 INFO response {"request_id": "a47b7c9003be47eebc6bd2a399b51b7f", "http_status": 200, "body": {"accepted": true, "real_timestamp_ms": 1789277149606, "virtual_time_s": 697.743298, "measure_result": "no_signal"}}
2026-09-13 13:25:54,519 INFO request {"path": "/measure", "payload": {"arena_id": "default", "robot_id": "202601002029", "request_id": "0be2cda75323475fb48e52721576985b", "position": {"x": 926.7938608394055, "y": 0.0}, "channel": 16}, "attempt": 1}
2026-09-13 13:25:54,522 INFO response {"request_id": "0be2cda75323475fb48e52721576985b", "http_status": 200, "body": {"accepted": true, "real_timestamp_ms": 1789277149608, "virtual_time_s": 703.743298, "measure_result": "direction", "svd_deg": 298.24}}
2026-09-13 13:25:54,558 INFO request {"path": "/measure", "payload": {"arena_id": "default", "robot_id": "202601002029", "request_id": "4c5c820ac682424abdb859b3a9b7dab0", "position": {"x": 926.7938608394055, "y": 0.0}, "channel": 19}, "attempt": 1}
2026-09-13 13:25:54,560 INFO response {"request_id": "4c5c820ac682424abdb859b3a9b7dab0", "http_status": 200, "body": {"accepted": true, "real_timestamp_ms": 1789277149647, "virtual_time_s": 709.743298, "measure_result": "direction", "svd_deg": 299.3}}
2026-09-13 13:25:54,680 INFO request {"path": "/measure", "payload": {"arena_id": "default", "robot_id": "202601002029", "request_id": "fe6706f0e22d47a38ca6f7b30bd6f853", "position": {"x": 926.7938608394055, "y": 0.0}, "channel": 5}, "attempt": 1}
2026-09-13 13:25:54,704 INFO response {"request_id": "fe6706f0e22d47a38ca6f7b30bd6f853", "http_status": 200, "body": {"accepted": true, "real_timestamp_ms": 1789277149791, "virtual_time_s": 715.743298, "measure_result": "direction", "svd_deg": 169.61}}
2026-09-13 13:25:54,713 INFO request {"path": "/measure", "payload": {"arena_id": "default", "robot_id": "202601002029", "request_id": "374f755b1bb143749a1bebd5bd462718", "position": {"x": 926.7938608394055, "y": 0.0}, "channel": 17}, "attempt": 1}
2026-09-13 13:25:54,714 INFO response {"request_id": "374f755b1bb143749a1bebd5bd462718", "http_status": 200, "body": {"accepted": true, "real_timestamp_ms": 1789277149801, "virtual_time_s": 721.743298, "measure_result": "direction", "svd_deg": 202.4}}
2026-09-13 13:25:54,750 INFO request {"path": "/measure", "payload": {"arena_id": "default", "robot_id": "202601002029", "request_id": "ade2bc727d894111bfd0fdc3e30b3f35", "position": {"x": 926.7938608394055, "y": 0.0}, "channel": 20}, "attempt": 1}
2026-09-13 13:25:54,752 INFO response {"request_id": "ade2bc727d894111bfd0fdc3e30b3f35", "http_status": 200, "body": {"accepted": true, "real_timestamp_ms": 1789277149839, "virtual_time_s": 727.743298, "measure_result": "direction", "svd_deg": 32.98}}
2026-09-13 13:25:55,902 INFO request {"path": "/measure", "payload": {"arena_id": "default", "robot_id": "202601002029", "request_id": "034952e76c034217a8d1349cdd27b51e", "position": {"x": 802.6270275583847, "y": -463.39693041970315}, "channel": 1}, "attempt": 1}
2026-09-13 13:25:55,903 INFO response {"request_id": "034952e76c034217a8d1349cdd27b51e", "http_status": 200, "body": {"accepted": true, "real_timestamp_ms": 1789277150990, "virtual_time_s": 829.692059, "measure_result": "no_signal"}}
2026-09-13 13:25:55,933 INFO request {"path": "/measure", "payload": {"arena_id": "default", "robot_id": "202601002029", "request_id": "544522712f1749c49b2c23e123fdcdc1", "position": {"x": 802.6270275583847, "y": -463.39693041970315}, "channel": 3}, "attempt": 1}
2026-09-13 13:25:55,936 INFO response {"request_id": "544522712f1749c49b2c23e123fdcdc1", "http_status": 200, "body": {"accepted": true, "real_timestamp_ms": 1789277151022, "virtual_time_s": 835.692059, "measure_result": "no_signal"}}
2026-09-13 13:25:55,967 INFO request {"path": "/measure", "payload": {"arena_id": "default", "robot_id": "202601002029", "request_id": "cdc7e66e05904ba88b743280a487b78a", "position": {"x": 802.6270275583847, "y": -463.39693041970315}, "channel": 4}, "attempt": 1}
2026-09-13 13:25:55,969 INFO response {"request_id": "cdc7e66e05904ba88b743280a487b78a", "http_status": 200, "body": {"accepted": true, "real_timestamp_ms": 1789277151056, "virtual_time_s": 841.692059, "measure_result": "no_signal"}}
2026-09-13 13:25:56,001 INFO request {"path": "/measure", "payload": {"arena_id": "default", "robot_id": "202601002029", "request_id": "edf22a92009544f8869133677a54afdf", "position": {"x": 802.6270275583847, "y": -463.39693041970315}, "channel": 6}, "attempt": 1}
2026-09-13 13:25:56,026 INFO response {"request_id": "edf22a92009544f8869133677a54afdf", "http_status": 200, "body": {"accepted": true, "real_timestamp_ms": 1789277151112, "virtual_time_s": 847.692059, "measure_result": "no_signal"}}
2026-09-13 13:25:56,026 INFO request {"path": "/measure", "payload": {"arena_id": "default", "robot_id": "202601002029", "request_id": "ff91e6f0c55448adb0823fb16657d8ad", "position": {"x": 802.6270275583847, "y": -463.39693041970315}, "channel": 7}, "attempt": 1}
2026-09-13 13:25:56,028 INFO response {"request_id": "ff91e6f0c55448adb0823fb16657d8ad", "http_status": 200, "body": {"accepted": true, "real_timestamp_ms": 1789277151114, "virtual_time_s": 853.692059, "measure_result": "no_signal"}}
2026-09-13 13:25:56,059 INFO request {"path": "/measure", "payload": {"arena_id": "default", "robot_id": "202601002029", "request_id": "f0a631d5bc6749d08ba8560ded7c4fd4", "position": {"x": 802.6270275583847, "y": -463.39693041970315}, "channel": 8}, "attempt": 1}
2026-09-13 13:25:56,061 INFO response {"request_id": "f0a631d5bc6749d08ba8560ded7c4fd4", "http_status": 200, "body": {"accepted": true, "real_timestamp_ms": 1789277151148, "virtual_time_s": 859.692059, "measure_result": "no_signal"}}
2026-09-13 13:25:56,092 INFO request {"path": "/measure", "payload": {"arena_id": "default", "robot_id": "202601002029", "request_id": "2cf5dd7a122f421dbf899b71a27126ca", "position": {"x": 802.6270275583847, "y": -463.39693041970315}, "channel": 12}, "attempt": 1}
2026-09-13 13:25:56,121 INFO response {"request_id": "2cf5dd7a122f421dbf899b71a27126ca", "http_status": 200, "body": {"accepted": true, "real_timestamp_ms": 1789277151207, "virtual_time_s": 865.692059, "measure_result": "no_signal"}}
2026-09-13 13:25:56,210 INFO request {"path": "/measure", "payload": {"arena_id": "default", "robot_id": "202601002029", "request_id": "c6de65da4d1c4d34a6bb93fd39a51055", "position": {"x": 802.6270275583847, "y": -463.39693041970315}, "channel": 16}, "attempt": 1}
2026-09-13 13:25:56,229 INFO response {"request_id": "c6de65da4d1c4d34a6bb93fd39a51055", "http_status": 200, "body": {"accepted": true, "real_timestamp_ms": 1789277151316, "virtual_time_s": 871.692059, "measure_result": "direction", "svd_deg": 330.53}}
2026-09-13 13:25:56,249 INFO request {"path": "/measure", "payload": {"arena_id": "default", "robot_id": "202601002029", "request_id": "ba565692230a4fa0a3a53500751f1ca6", "position": {"x": 802.6270275583847, "y": -463.39693041970315}, "channel": 19}, "attempt": 1}
2026-09-13 13:25:56,250 INFO response {"request_id": "ba565692230a4fa0a3a53500751f1ca6", "http_status": 200, "body": {"accepted": true, "real_timestamp_ms": 1789277151337, "virtual_time_s": 877.692059, "measure_result": "direction", "svd_deg": 327.93}}
2026-09-13 13:25:56,267 INFO request {"path": "/measure", "payload": {"arena_id": "default", "robot_id": "202601002029", "request_id": "0dfd00676be64d7f81152c940cf90b57", "position": {"x": 802.6270275583847, "y": -463.39693041970315}, "channel": 18}, "attempt": 1}
2026-09-13 13:25:56,292 INFO response {"request_id": "0dfd00676be64d7f81152c940cf90b57", "http_status": 200, "body": {"accepted": true, "real_timestamp_ms": 1789277151379, "virtual_time_s": 883.692059, "measure_result": "direction", "svd_deg": 78.58}}
2026-09-13 13:25:57,507 INFO request {"path": "/measure", "payload": {"arena_id": "default", "robot_id": "202601002029", "request_id": "deb9339659a0431996d82d486c4629a0", "position": {"x": 463.39693041970213, "y": -802.6270275583854}, "channel": 1}, "attempt": 1}
2026-09-13 13:25:57,509 INFO response {"request_id": "deb9339659a0431996d82d486c4629a0", "http_status": 200, "body": {"accepted": true, "real_timestamp_ms": 1789277152596, "virtual_time_s": 985.64082, "measure_result": "no_signal"}}
2026-09-13 13:25:57,540 INFO request {"path": "/measure", "payload": {"arena_id": "default", "robot_id": "202601002029", "request_id": "441129251fab461d87b0cc036884996f", "position": {"x": 463.39693041970213, "y": -802.6270275583854}, "channel": 3}, "attempt": 1}
2026-09-13 13:25:57,543 INFO response {"request_id": "441129251fab461d87b0cc036884996f", "http_status": 200, "body": {"accepted": true, "real_timestamp_ms": 1789277152629, "virtual_time_s": 991.64082, "measure_result": "no_signal"}}
2026-09-13 13:25:57,574 INFO request {"path": "/measure", "payload": {"arena_id": "default", "robot_id": "202601002029", "request_id": "11216d91e6fb4ca6a1d3ef71d7d8cd27", "position": {"x": 463.39693041970213, "y": -802.6270275583854}, "channel": 4}, "attempt": 1}
2026-09-13 13:25:57,596 INFO response {"request_id": "11216d91e6fb4ca6a1d3ef71d7d8cd27", "http_status": 200, "body": {"accepted": true, "real_timestamp_ms": 1789277152683, "virtual_time_s": 997.64082, "measure_result": "no_signal"}}
2026-09-13 13:25:57,596 INFO request {"path": "/measure", "payload": {"arena_id": "default", "robot_id": "202601002029", "request_id": "05111145b2ae4433864c61a36498fa04", "position": {"x": 463.39693041970213, "y": -802.6270275583854}, "channel": 6}, "attempt": 1}
2026-09-13 13:25:57,599 INFO response {"request_id": "05111145b2ae4433864c61a36498fa04", "http_status": 200, "body": {"accepted": true, "real_timestamp_ms": 1789277152686, "virtual_time_s": 1003.64082, "measure_result": "no_signal"}}
2026-09-13 13:25:57,631 INFO request {"path": "/measure", "payload": {"arena_id": "default", "robot_id": "202601002029", "request_id": "ed0bc2e044f1470bbdcbecd916ac2736", "position": {"x": 463.39693041970213, "y": -802.6270275583854}, "channel": 7}, "attempt": 1}
2026-09-13 13:25:57,633 INFO response {"request_id": "ed0bc2e044f1470bbdcbecd916ac2736", "http_status": 200, "body": {"accepted": true, "real_timestamp_ms": 1789277152719, "virtual_time_s": 1009.64082, "measure_result": "no_signal"}}
2026-09-13 13:25:57,664 INFO request {"path": "/measure", "payload": {"arena_id": "default", "robot_id": "202601002029", "request_id": "7de50b24eddc4163b51ac85f1fe33ba6", "position": {"x": 463.39693041970213, "y": -802.6270275583854}, "channel": 8}, "attempt": 1}
2026-09-13 13:25:57,689 INFO response {"request_id": "7de50b24eddc4163b51ac85f1fe33ba6", "http_status": 200, "body": {"accepted": true, "real_timestamp_ms": 1789277152776, "virtual_time_s": 1015.64082, "measure_result": "no_signal"}}
2026-09-13 13:25:57,703 INFO request {"path": "/measure", "payload": {"arena_id": "default", "robot_id": "202601002029", "request_id": "cb9e3c37cc604cd6838cf3342fadd822", "position": {"x": 463.39693041970213, "y": -802.6270275583854}, "channel": 12}, "attempt": 1}
2026-09-13 13:25:57,720 INFO response {"request_id": "cb9e3c37cc604cd6838cf3342fadd822", "http_status": 200, "body": {"accepted": true, "real_timestamp_ms": 1789277152807, "virtual_time_s": 1021.64082, "measure_result": "no_signal"}}
2026-09-13 13:25:57,771 INFO request {"path": "/measure", "payload": {"arena_id": "default", "robot_id": "202601002029", "request_id": "a51b4b19a75b40af8bb8c7405332c5fb", "position": {"x": 463.39693041970213, "y": -802.6270275583854}, "channel": 19}, "attempt": 1}
2026-09-13 13:25:57,782 INFO response {"request_id": "a51b4b19a75b40af8bb8c7405332c5fb", "http_status": 200, "body": {"accepted": true, "real_timestamp_ms": 1789277152869, "virtual_time_s": 1027.64082, "measure_result": "direction", "svd_deg": 357.54}}
2026-09-13 13:25:57,811 INFO request {"path": "/measure", "payload": {"arena_id": "default", "robot_id": "202601002029", "request_id": "011a557ca39643f5b8a930cad69e7f5c", "position": {"x": 463.39693041970213, "y": -802.6270275583854}, "channel": 16}, "attempt": 1}
2026-09-13 13:25:57,813 INFO response {"request_id": "011a557ca39643f5b8a930cad69e7f5c", "http_status": 200, "body": {"accepted": true, "real_timestamp_ms": 1789277152900, "virtual_time_s": 1033.64082, "measure_result": "direction", "svd_deg": 2.69}}
2026-09-13 13:25:57,837 INFO request {"path": "/measure", "payload": {"arena_id": "default", "robot_id": "202601002029", "request_id": "d01fca03f11046d683561b04aa77da54", "position": {"x": 463.39693041970213, "y": -802.6270275583854}, "channel": 20}, "attempt": 1}
2026-09-13 13:25:57,861 INFO response {"request_id": "d01fca03f11046d683561b04aa77da54", "http_status": 200, "body": {"accepted": true, "real_timestamp_ms": 1789277152947, "virtual_time_s": 1039.64082, "measure_result": "direction", "svd_deg": 56.09}}
2026-09-13 13:25:59,117 INFO request {"path": "/measure", "payload": {"arena_id": "default", "robot_id": "202601002029", "request_id": "1b39fa620b6f4274a721a8bd39e469df", "position": {"x": -1.702492702719593e-13, "y": -926.7938608394055}, "channel": 1}, "attempt": 1}
2026-09-13 13:25:59,118 INFO response {"request_id": "1b39fa620b6f4274a721a8bd39e469df", "http_status": 200, "body": {"accepted": true, "real_timestamp_ms": 1789277154205, "virtual_time_s": 1141.589581, "measure_result": "no_signal"}}
2026-09-13 13:25:59,149 INFO request {"path": "/measure", "payload": {"arena_id": "default", "robot_id": "202601002029", "request_id": "a7333217bf904205a7f6b90b6620599b", "position": {"x": -1.702492702719593e-13, "y": -926.7938608394055}, "channel": 3}, "attempt": 1}
2026-09-13 13:25:59,150 INFO response {"request_id": "a7333217bf904205a7f6b90b6620599b", "http_status": 200, "body": {"accepted": true, "real_timestamp_ms": 1789277154237, "virtual_time_s": 1147.589581, "measure_result": "no_signal"}}
2026-09-13 13:25:59,181 INFO request {"path": "/measure", "payload": {"arena_id": "default", "robot_id": "202601002029", "request_id": "a83d7184fc8243dc94f87bc57e1a1675", "position": {"x": -1.702492702719593e-13, "y": -926.7938608394055}, "channel": 4}, "attempt": 1}
2026-09-13 13:25:59,184 INFO response {"request_id": "a83d7184fc8243dc94f87bc57e1a1675", "http_status": 200, "body": {"accepted": true, "real_timestamp_ms": 1789277154270, "virtual_time_s": 1153.589581, "measure_result": "no_signal"}}
2026-09-13 13:25:59,215 INFO request {"path": "/measure", "payload": {"arena_id": "default", "robot_id": "202601002029", "request_id": "eda45213ef8b4cf4a06b4711c3f17b0e", "position": {"x": -1.702492702719593e-13, "y": -926.7938608394055}, "channel": 6}, "attempt": 1}
2026-09-13 13:25:59,217 INFO response {"request_id": "eda45213ef8b4cf4a06b4711c3f17b0e", "http_status": 200, "body": {"accepted": true, "real_timestamp_ms": 1789277154303, "virtual_time_s": 1159.589581, "measure_result": "no_signal"}}
2026-09-13 13:25:59,247 INFO request {"path": "/measure", "payload": {"arena_id": "default", "robot_id": "202601002029", "request_id": "42ae143455834867874d67ea787a0a18", "position": {"x": -1.702492702719593e-13, "y": -926.7938608394055}, "channel": 7}, "attempt": 1}
2026-09-13 13:25:59,249 INFO response {"request_id": "42ae143455834867874d67ea787a0a18", "http_status": 200, "body": {"accepted": true, "real_timestamp_ms": 1789277154336, "virtual_time_s": 1165.589581, "measure_result": "no_signal"}}
2026-09-13 13:25:59,280 INFO request {"path": "/measure", "payload": {"arena_id": "default", "robot_id": "202601002029", "request_id": "7bc2809c5a66438ca889c648747617a3", "position": {"x": -1.702492702719593e-13, "y": -926.7938608394055}, "channel": 8}, "attempt": 1}
2026-09-13 13:25:59,294 INFO response {"request_id": "7bc2809c5a66438ca889c648747617a3", "http_status": 200, "body": {"accepted": true, "real_timestamp_ms": 1789277154380, "virtual_time_s": 1171.589581, "measure_result": "no_signal"}}
2026-09-13 13:25:59,309 INFO request {"path": "/measure", "payload": {"arena_id": "default", "robot_id": "202601002029", "request_id": "59d5bc46fbed4389a968b7911849c4d5", "position": {"x": -1.702492702719593e-13, "y": -926.7938608394055}, "channel": 12}, "attempt": 1}
2026-09-13 13:25:59,311 INFO response {"request_id": "59d5bc46fbed4389a968b7911849c4d5", "http_status": 200, "body": {"accepted": true, "real_timestamp_ms": 1789277154398, "virtual_time_s": 1177.589581, "measure_result": "no_signal"}}
2026-09-13 13:26:00,596 INFO request {"path": "/measure", "payload": {"arena_id": "default", "robot_id": "202601002029", "request_id": "78ed11fd14c140628603aba2df3809bb", "position": {"x": -463.39693041970315, "y": -802.6270275583848}, "channel": 12}, "attempt": 1}
2026-09-13 13:26:00,599 INFO response {"request_id": "78ed11fd14c140628603aba2df3809bb", "http_status": 200, "body": {"accepted": true, "real_timestamp_ms": 1789277155685, "virtual_time_s": 1278.538342, "measure_result": "direction", "svd_deg": 207.57}}
2026-09-13 13:26:00,631 INFO request {"path": "/measure", "payload": {"arena_id": "default", "robot_id": "202601002029", "request_id": "c183944aaa6348e58a550ef53d95bdac", "position": {"x": -463.39693041970315, "y": -802.6270275583848}, "channel": 1}, "attempt": 1}
2026-09-13 13:26:00,632 INFO response {"request_id": "c183944aaa6348e58a550ef53d95bdac", "http_status": 200, "body": {"accepted": true, "real_timestamp_ms": 1789277155719, "virtual_time_s": 1284.538342, "measure_result": "no_signal"}}
2026-09-13 13:26:00,663 INFO request {"path": "/measure", "payload": {"arena_id": "default", "robot_id": "202601002029", "request_id": "829e87131f6140968c6e352eec215b8b", "position": {"x": -463.39693041970315, "y": -802.6270275583848}, "channel": 3}, "attempt": 1}
2026-09-13 13:26:00,665 INFO response {"request_id": "829e87131f6140968c6e352eec215b8b", "http_status": 200, "body": {"accepted": true, "real_timestamp_ms": 1789277155752, "virtual_time_s": 1290.538342, "measure_result": "no_signal"}}
2026-09-13 13:26:00,697 INFO request {"path": "/measure", "payload": {"arena_id": "default", "robot_id": "202601002029", "request_id": "ee2cce79b71d4078bf1761eca04ff3b9", "position": {"x": -463.39693041970315, "y": -802.6270275583848}, "channel": 4}, "attempt": 1}
2026-09-13 13:26:00,700 INFO response {"request_id": "ee2cce79b71d4078bf1761eca04ff3b9", "http_status": 200, "body": {"accepted": true, "real_timestamp_ms": 1789277155786, "virtual_time_s": 1296.538342, "measure_result": "no_signal"}}
2026-09-13 13:26:00,732 INFO request {"path": "/measure", "payload": {"arena_id": "default", "robot_id": "202601002029", "request_id": "7e9be6db6ace4f3c88431d625ab803e4", "position": {"x": -463.39693041970315, "y": -802.6270275583848}, "channel": 6}, "attempt": 1}
2026-09-13 13:26:00,734 INFO response {"request_id": "7e9be6db6ace4f3c88431d625ab803e4", "http_status": 200, "body": {"accepted": true, "real_timestamp_ms": 1789277155821, "virtual_time_s": 1302.538342, "measure_result": "no_signal"}}
2026-09-13 13:26:00,766 INFO request {"path": "/measure", "payload": {"arena_id": "default", "robot_id": "202601002029", "request_id": "2b9dd7118fe84826bd2e838872bc3f50", "position": {"x": -463.39693041970315, "y": -802.6270275583848}, "channel": 7}, "attempt": 1}
2026-09-13 13:26:00,768 INFO response {"request_id": "2b9dd7118fe84826bd2e838872bc3f50", "http_status": 200, "body": {"accepted": true, "real_timestamp_ms": 1789277155854, "virtual_time_s": 1308.538342, "measure_result": "no_signal"}}
2026-09-13 13:26:00,784 INFO request {"path": "/measure", "payload": {"arena_id": "default", "robot_id": "202601002029", "request_id": "e852a1a0b9b842198a00bc4d2b772c5d", "position": {"x": -463.39693041970315, "y": -802.6270275583848}, "channel": 8}, "attempt": 1}
2026-09-13 13:26:00,786 INFO response {"request_id": "e852a1a0b9b842198a00bc4d2b772c5d", "http_status": 200, "body": {"accepted": true, "real_timestamp_ms": 1789277155873, "virtual_time_s": 1314.538342, "measure_result": "no_signal"}}
2026-09-13 13:26:02,029 INFO request {"path": "/measure", "payload": {"arena_id": "default", "robot_id": "202601002029", "request_id": "5d205fc95bbd47138be837d739b0831a", "position": {"x": -802.6270275583852, "y": -463.39693041970247}, "channel": 8}, "attempt": 1}
2026-09-13 13:26:02,030 INFO response {"request_id": "5d205fc95bbd47138be837d739b0831a", "http_status": 200, "body": {"accepted": true, "real_timestamp_ms": 1789277157116, "virtual_time_s": 1415.487103, "measure_result": "no_signal"}}
2026-09-13 13:26:02,060 INFO request {"path": "/measure", "payload": {"arena_id": "default", "robot_id": "202601002029", "request_id": "6ca9a97600384b5b99d346d62c7bb65c", "position": {"x": -802.6270275583852, "y": -463.39693041970247}, "channel": 1}, "attempt": 1}
2026-09-13 13:26:02,062 INFO response {"request_id": "6ca9a97600384b5b99d346d62c7bb65c", "http_status": 200, "body": {"accepted": true, "real_timestamp_ms": 1789277157149, "virtual_time_s": 1421.487103, "measure_result": "no_signal"}}
2026-09-13 13:26:02,093 INFO request {"path": "/measure", "payload": {"arena_id": "default", "robot_id": "202601002029", "request_id": "4725d96a659445ccb0ef66e948251da9", "position": {"x": -802.6270275583852, "y": -463.39693041970247}, "channel": 3}, "attempt": 1}
2026-09-13 13:26:02,095 INFO response {"request_id": "4725d96a659445ccb0ef66e948251da9", "http_status": 200, "body": {"accepted": true, "real_timestamp_ms": 1789277157182, "virtual_time_s": 1427.487103, "measure_result": "no_signal"}}
2026-09-13 13:26:02,126 INFO request {"path": "/measure", "payload": {"arena_id": "default", "robot_id": "202601002029", "request_id": "1a26b2f9caff436aaad7c252be85102d", "position": {"x": -802.6270275583852, "y": -463.39693041970247}, "channel": 4}, "attempt": 1}
2026-09-13 13:26:02,139 INFO response {"request_id": "1a26b2f9caff436aaad7c252be85102d", "http_status": 200, "body": {"accepted": true, "real_timestamp_ms": 1789277157226, "virtual_time_s": 1433.487103, "measure_result": "no_signal"}}
2026-09-13 13:26:02,155 INFO request {"path": "/measure", "payload": {"arena_id": "default", "robot_id": "202601002029", "request_id": "0aa5029197a64b60a72df105a8fdc884", "position": {"x": -802.6270275583852, "y": -463.39693041970247}, "channel": 6}, "attempt": 1}
2026-09-13 13:26:02,157 INFO response {"request_id": "0aa5029197a64b60a72df105a8fdc884", "http_status": 200, "body": {"accepted": true, "real_timestamp_ms": 1789277157244, "virtual_time_s": 1439.487103, "measure_result": "no_signal"}}
2026-09-13 13:26:02,188 INFO request {"path": "/measure", "payload": {"arena_id": "default", "robot_id": "202601002029", "request_id": "f9cdb1cb97294bca9956639133ee3aa0", "position": {"x": -802.6270275583852, "y": -463.39693041970247}, "channel": 7}, "attempt": 1}
2026-09-13 13:26:02,190 INFO response {"request_id": "f9cdb1cb97294bca9956639133ee3aa0", "http_status": 200, "body": {"accepted": true, "real_timestamp_ms": 1789277157277, "virtual_time_s": 1445.487103, "measure_result": "no_signal"}}
2026-09-13 13:26:02,253 INFO request {"path": "/measure", "payload": {"arena_id": "default", "robot_id": "202601002029", "request_id": "d1d4c03aecfc4cf6ad5d77a0f27f40c7", "position": {"x": -802.6270275583852, "y": -463.39693041970247}, "channel": 15}, "attempt": 1}
2026-09-13 13:26:02,255 INFO response {"request_id": "d1d4c03aecfc4cf6ad5d77a0f27f40c7", "http_status": 200, "body": {"accepted": true, "real_timestamp_ms": 1789277157342, "virtual_time_s": 1451.487103, "measure_result": "direction", "svd_deg": 95.48}}
2026-09-13 13:26:02,288 INFO request {"path": "/measure", "payload": {"arena_id": "default", "robot_id": "202601002029", "request_id": "014af87662784bc5b862db72cc9803a5", "position": {"x": -802.6270275583852, "y": -463.39693041970247}, "channel": 9}, "attempt": 1}
2026-09-13 13:26:02,290 INFO response {"request_id": "014af87662784bc5b862db72cc9803a5", "http_status": 200, "body": {"accepted": true, "real_timestamp_ms": 1789277157377, "virtual_time_s": 1457.487103, "measure_result": "direction", "svd_deg": 71.04}}
2026-09-13 13:26:02,328 INFO request {"path": "/measure", "payload": {"arena_id": "default", "robot_id": "202601002029", "request_id": "3d33178db4ba48ef93290ff84b3af51c", "position": {"x": -802.6270275583852, "y": -463.39693041970247}, "channel": 12}, "attempt": 1}
2026-09-13 13:26:02,331 INFO response {"request_id": "3d33178db4ba48ef93290ff84b3af51c", "http_status": 200, "body": {"accepted": true, "real_timestamp_ms": 1789277157417, "virtual_time_s": 1463.487103, "measure_result": "direction", "svd_deg": 238.31}}
2026-09-13 13:26:03,727 INFO request {"path": "/measure", "payload": {"arena_id": "default", "robot_id": "202601002029", "request_id": "046e5692b501413fbc6d27d9e254cd8b", "position": {"x": -926.7938608394055, "y": 1.1349951351463954e-13}, "channel": 1}, "attempt": 1}
2026-09-13 13:26:03,729 INFO response {"request_id": "046e5692b501413fbc6d27d9e254cd8b", "http_status": 200, "body": {"accepted": true, "real_timestamp_ms": 1789277158816, "virtual_time_s": 1565.435864, "measure_result": "no_signal"}}
2026-09-13 13:26:03,760 INFO request {"path": "/measure", "payload": {"arena_id": "default", "robot_id": "202601002029", "request_id": "102eb0cb5f424614ba5d216facebcbaa", "position": {"x": -926.7938608394055, "y": 1.1349951351463954e-13}, "channel": 3}, "attempt": 1}
2026-09-13 13:26:03,762 INFO response {"request_id": "102eb0cb5f424614ba5d216facebcbaa", "http_status": 200, "body": {"accepted": true, "real_timestamp_ms": 1789277158848, "virtual_time_s": 1571.435864, "measure_result": "no_signal"}}
2026-09-13 13:26:03,793 INFO request {"path": "/measure", "payload": {"arena_id": "default", "robot_id": "202601002029", "request_id": "73261d3efe2245d8b5f551a797b8af56", "position": {"x": -926.7938608394055, "y": 1.1349951351463954e-13}, "channel": 4}, "attempt": 1}
2026-09-13 13:26:03,795 INFO response {"request_id": "73261d3efe2245d8b5f551a797b8af56", "http_status": 200, "body": {"accepted": true, "real_timestamp_ms": 1789277158882, "virtual_time_s": 1577.435864, "measure_result": "no_signal"}}
2026-09-13 13:26:03,826 INFO request {"path": "/measure", "payload": {"arena_id": "default", "robot_id": "202601002029", "request_id": "e5fd51b572a344e88f99d5b4478f1662", "position": {"x": -926.7938608394055, "y": 1.1349951351463954e-13}, "channel": 6}, "attempt": 1}
2026-09-13 13:26:03,828 INFO response {"request_id": "e5fd51b572a344e88f99d5b4478f1662", "http_status": 200, "body": {"accepted": true, "real_timestamp_ms": 1789277158914, "virtual_time_s": 1583.435864, "measure_result": "no_signal"}}
2026-09-13 13:26:03,858 INFO request {"path": "/measure", "payload": {"arena_id": "default", "robot_id": "202601002029", "request_id": "31620ab463fd41ad81579909d0f98c67", "position": {"x": -926.7938608394055, "y": 1.1349951351463954e-13}, "channel": 7}, "attempt": 1}
2026-09-13 13:26:03,885 INFO response {"request_id": "31620ab463fd41ad81579909d0f98c67", "http_status": 200, "body": {"accepted": true, "real_timestamp_ms": 1789277158971, "virtual_time_s": 1589.435864, "measure_result": "no_signal"}}
2026-09-13 13:26:03,885 INFO request {"path": "/measure", "payload": {"arena_id": "default", "robot_id": "202601002029", "request_id": "bcc071e0ff514a86bc20f10c1a4f956c", "position": {"x": -926.7938608394055, "y": 1.1349951351463954e-13}, "channel": 8}, "attempt": 1}
2026-09-13 13:26:03,887 INFO response {"request_id": "bcc071e0ff514a86bc20f10c1a4f956c", "http_status": 200, "body": {"accepted": true, "real_timestamp_ms": 1789277158973, "virtual_time_s": 1595.435864, "measure_result": "no_signal"}}
2026-09-13 13:26:03,968 INFO request {"path": "/measure", "payload": {"arena_id": "default", "robot_id": "202601002029", "request_id": "b59833df00424874873aaf7b831e676c", "position": {"x": -926.7938608394055, "y": 1.1349951351463954e-13}, "channel": 9}, "attempt": 1}
2026-09-13 13:26:03,969 INFO response {"request_id": "b59833df00424874873aaf7b831e676c", "http_status": 200, "body": {"accepted": true, "real_timestamp_ms": 1789277159056, "virtual_time_s": 1601.435864, "measure_result": "direction", "svd_deg": 44.3}}
2026-09-13 13:26:03,990 INFO request {"path": "/measure", "payload": {"arena_id": "default", "robot_id": "202601002029", "request_id": "ebdbc79767ea4457925a5f9817cf5107", "position": {"x": -926.7938608394055, "y": 1.1349951351463954e-13}, "channel": 15}, "attempt": 1}
2026-09-13 13:26:03,990 INFO response {"request_id": "ebdbc79767ea4457925a5f9817cf5107", "http_status": 200, "body": {"accepted": true, "real_timestamp_ms": 1789277159078, "virtual_time_s": 1607.435864, "measure_result": "direction", "svd_deg": 87.8}}
2026-09-13 13:26:04,024 INFO request {"path": "/measure", "payload": {"arena_id": "default", "robot_id": "202601002029", "request_id": "9bf6894685c942ec975f48ec981e5f50", "position": {"x": -926.7938608394055, "y": 1.1349951351463954e-13}, "channel": 13}, "attempt": 1}
2026-09-13 13:26:04,042 INFO response {"request_id": "9bf6894685c942ec975f48ec981e5f50", "http_status": 200, "body": {"accepted": true, "real_timestamp_ms": 1789277159129, "virtual_time_s": 1613.435864, "measure_result": "direction", "svd_deg": 58.36}}
2026-09-13 13:26:05,394 INFO request {"path": "/measure", "payload": {"arena_id": "default", "robot_id": "202601002029", "request_id": "4221eeec380a4fe28d9340e9bea0cb77", "position": {"x": -802.6270275583848, "y": 463.39693041970304}, "channel": 1}, "attempt": 1}
2026-09-13 13:26:05,395 INFO response {"request_id": "4221eeec380a4fe28d9340e9bea0cb77", "http_status": 200, "body": {"accepted": true, "real_timestamp_ms": 1789277160481, "virtual_time_s": 1715.384625, "measure_result": "no_signal"}}
2026-09-13 13:26:05,425 INFO request {"path": "/measure", "payload": {"arena_id": "default", "robot_id": "202601002029", "request_id": "8cb38b24b3914dd1a7bf9b811e95bb44", "position": {"x": -802.6270275583848, "y": 463.39693041970304}, "channel": 3}, "attempt": 1}
2026-09-13 13:26:05,427 INFO response {"request_id": "8cb38b24b3914dd1a7bf9b811e95bb44", "http_status": 200, "body": {"accepted": true, "real_timestamp_ms": 1789277160514, "virtual_time_s": 1721.384625, "measure_result": "no_signal"}}
2026-09-13 13:26:05,458 INFO request {"path": "/measure", "payload": {"arena_id": "default", "robot_id": "202601002029", "request_id": "815dec1005f74e95a3caef1315bf4609", "position": {"x": -802.6270275583848, "y": 463.39693041970304}, "channel": 4}, "attempt": 1}
2026-09-13 13:26:05,484 INFO response {"request_id": "815dec1005f74e95a3caef1315bf4609", "http_status": 200, "body": {"accepted": true, "real_timestamp_ms": 1789277160571, "virtual_time_s": 1727.384625, "measure_result": "no_signal"}}
2026-09-13 13:26:05,500 INFO request {"path": "/measure", "payload": {"arena_id": "default", "robot_id": "202601002029", "request_id": "1bf79c5fce034c11bac47ad51b9e6727", "position": {"x": -802.6270275583848, "y": 463.39693041970304}, "channel": 6}, "attempt": 1}
2026-09-13 13:26:05,501 INFO response {"request_id": "1bf79c5fce034c11bac47ad51b9e6727", "http_status": 200, "body": {"accepted": true, "real_timestamp_ms": 1789277160587, "virtual_time_s": 1733.384625, "measure_result": "no_signal"}}
2026-09-13 13:26:05,532 INFO request {"path": "/measure", "payload": {"arena_id": "default", "robot_id": "202601002029", "request_id": "5cd8ab506cdf41839f92f4c2ebd058e6", "position": {"x": -802.6270275583848, "y": 463.39693041970304}, "channel": 7}, "attempt": 1}
2026-09-13 13:26:05,534 INFO response {"request_id": "5cd8ab506cdf41839f92f4c2ebd058e6", "http_status": 200, "body": {"accepted": true, "real_timestamp_ms": 1789277160621, "virtual_time_s": 1739.384625, "measure_result": "no_signal"}}
2026-09-13 13:26:05,548 INFO request {"path": "/measure", "payload": {"arena_id": "default", "robot_id": "202601002029", "request_id": "27b4c1074b7c4ae4bc9affd61f247696", "position": {"x": -802.6270275583848, "y": 463.39693041970304}, "channel": 8}, "attempt": 1}
2026-09-13 13:26:05,550 INFO response {"request_id": "27b4c1074b7c4ae4bc9affd61f247696", "http_status": 200, "body": {"accepted": true, "real_timestamp_ms": 1789277160637, "virtual_time_s": 1745.384625, "measure_result": "no_signal"}}
2026-09-13 13:26:05,581 INFO request {"path": "/measure", "payload": {"arena_id": "default", "robot_id": "202601002029", "request_id": "394e87276ccb45b8a48859f3ee04d277", "position": {"x": -802.6270275583848, "y": 463.39693041970304}, "channel": 15}, "attempt": 1}
2026-09-13 13:26:05,608 INFO response {"request_id": "394e87276ccb45b8a48859f3ee04d277", "http_status": 200, "body": {"accepted": true, "real_timestamp_ms": 1789277160695, "virtual_time_s": 1751.384625, "measure_result": "direction", "svd_deg": 131.3}}
2026-09-13 13:26:06,305 INFO request {"path": "/clear", "payload": {"arena_id": "default", "robot_id": "202601002029", "request_id": "ef89fadf5c104532b5bfb1f5f86dd379", "position": {"x": -478.70775005213545, "y": 738.8000645211415}, "channel": 13}, "attempt": 1}
2026-09-13 13:26:06,305 INFO response {"request_id": "ef89fadf5c104532b5bfb1f5f86dd379", "http_status": 200, "body": {"accepted": true, "real_timestamp_ms": 1789277161393, "virtual_time_s": 1841.418873, "clear_result": "success"}}
2026-09-13 13:26:06,356 INFO request {"path": "/measure", "payload": {"arena_id": "default", "robot_id": "202601002029", "request_id": "5abf5ee090f94b50aa08359f04f614b1", "position": {"x": -463.3969304197025, "y": 802.6270275583851}, "channel": 1}, "attempt": 1}
2026-09-13 13:26:06,357 INFO response {"request_id": "5abf5ee090f94b50aa08359f04f614b1", "http_status": 200, "body": {"accepted": true, "real_timestamp_ms": 1789277161444, "virtual_time_s": 1860.546405, "measure_result": "no_signal"}}
2026-09-13 13:26:06,388 INFO request {"path": "/measure", "payload": {"arena_id": "default", "robot_id": "202601002029", "request_id": "6834311202b64d9bafc43df43515e896", "position": {"x": -463.3969304197025, "y": 802.6270275583851}, "channel": 3}, "attempt": 1}
2026-09-13 13:26:06,389 INFO response {"request_id": "6834311202b64d9bafc43df43515e896", "http_status": 200, "body": {"accepted": true, "real_timestamp_ms": 1789277161476, "virtual_time_s": 1866.546405, "measure_result": "no_signal"}}
2026-09-13 13:26:06,420 INFO request {"path": "/measure", "payload": {"arena_id": "default", "robot_id": "202601002029", "request_id": "83c8f1004b7f4d92a3e458e7a62141ae", "position": {"x": -463.3969304197025, "y": 802.6270275583851}, "channel": 4}, "attempt": 1}
2026-09-13 13:26:06,440 INFO response {"request_id": "83c8f1004b7f4d92a3e458e7a62141ae", "http_status": 200, "body": {"accepted": true, "real_timestamp_ms": 1789277161527, "virtual_time_s": 1872.546405, "measure_result": "no_signal"}}
2026-09-13 13:26:06,441 INFO request {"path": "/measure", "payload": {"arena_id": "default", "robot_id": "202601002029", "request_id": "17a81cdf06164891b270bada124fc84f", "position": {"x": -463.3969304197025, "y": 802.6270275583851}, "channel": 6}, "attempt": 1}
2026-09-13 13:26:06,443 INFO response {"request_id": "17a81cdf06164891b270bada124fc84f", "http_status": 200, "body": {"accepted": true, "real_timestamp_ms": 1789277161530, "virtual_time_s": 1878.546405, "measure_result": "no_signal"}}
2026-09-13 13:26:06,474 INFO request {"path": "/measure", "payload": {"arena_id": "default", "robot_id": "202601002029", "request_id": "ddac1e6ebb334fe6b2991ecd3483f0d8", "position": {"x": -463.3969304197025, "y": 802.6270275583851}, "channel": 7}, "attempt": 1}
2026-09-13 13:26:06,476 INFO response {"request_id": "ddac1e6ebb334fe6b2991ecd3483f0d8", "http_status": 200, "body": {"accepted": true, "real_timestamp_ms": 1789277161563, "virtual_time_s": 1884.546405, "measure_result": "no_signal"}}
2026-09-13 13:26:06,507 INFO request {"path": "/measure", "payload": {"arena_id": "default", "robot_id": "202601002029", "request_id": "3069835b328f4bf1924dafc5e793c557", "position": {"x": -463.3969304197025, "y": 802.6270275583851}, "channel": 8}, "attempt": 1}
2026-09-13 13:26:06,534 INFO response {"request_id": "3069835b328f4bf1924dafc5e793c557", "http_status": 200, "body": {"accepted": true, "real_timestamp_ms": 1789277161620, "virtual_time_s": 1890.546405, "measure_result": "no_signal"}}
2026-09-13 13:26:06,582 INFO request {"path": "/measure", "payload": {"arena_id": "default", "robot_id": "202601002029", "request_id": "33a3273eaa964fd3aa6ae4ca984765ed", "position": {"x": -463.3969304197025, "y": 802.6270275583851}, "channel": 2}, "attempt": 1}
2026-09-13 13:26:06,583 INFO response {"request_id": "33a3273eaa964fd3aa6ae4ca984765ed", "http_status": 200, "body": {"accepted": true, "real_timestamp_ms": 1789277161669, "virtual_time_s": 1896.546405, "measure_result": "direction", "svd_deg": 9.26}}
2026-09-13 13:26:07,687 INFO request {"path": "/measure", "payload": {"arena_id": "default", "robot_id": "202601002029", "request_id": "07092a12f27c4fa2a8b69a7acb5ae47e", "position": {"x": 5.674975675731977e-14, "y": 926.7938608394055}, "channel": 1}, "attempt": 1}
2026-09-13 13:26:07,688 INFO response {"request_id": "07092a12f27c4fa2a8b69a7acb5ae47e", "http_status": 200, "body": {"accepted": true, "real_timestamp_ms": 1789277162776, "virtual_time_s": 1998.495166, "measure_result": "no_signal"}}
2026-09-13 13:26:07,720 INFO request {"path": "/measure", "payload": {"arena_id": "default", "robot_id": "202601002029", "request_id": "2eb99ef54baa465db467312953534ebb", "position": {"x": 5.674975675731977e-14, "y": 926.7938608394055}, "channel": 3}, "attempt": 1}
2026-09-13 13:26:07,744 INFO response {"request_id": "2eb99ef54baa465db467312953534ebb", "http_status": 200, "body": {"accepted": true, "real_timestamp_ms": 1789277162831, "virtual_time_s": 2004.495166, "measure_result": "no_signal"}}
2026-09-13 13:26:07,745 INFO request {"path": "/measure", "payload": {"arena_id": "default", "robot_id": "202601002029", "request_id": "6dd8cc3986ae4200bd00057197e79b14", "position": {"x": 5.674975675731977e-14, "y": 926.7938608394055}, "channel": 4}, "attempt": 1}
2026-09-13 13:26:07,747 INFO response {"request_id": "6dd8cc3986ae4200bd00057197e79b14", "http_status": 200, "body": {"accepted": true, "real_timestamp_ms": 1789277162833, "virtual_time_s": 2010.495166, "measure_result": "no_signal"}}
2026-09-13 13:26:07,778 INFO request {"path": "/measure", "payload": {"arena_id": "default", "robot_id": "202601002029", "request_id": "64ddb27733604c16b3adb83ffe548f29", "position": {"x": 5.674975675731977e-14, "y": 926.7938608394055}, "channel": 6}, "attempt": 1}
2026-09-13 13:26:07,806 INFO response {"request_id": "64ddb27733604c16b3adb83ffe548f29", "http_status": 200, "body": {"accepted": true, "real_timestamp_ms": 1789277162892, "virtual_time_s": 2016.495166, "measure_result": "no_signal"}}
2026-09-13 13:26:07,806 INFO request {"path": "/measure", "payload": {"arena_id": "default", "robot_id": "202601002029", "request_id": "f84322b8d941439cab3d424a1359c588", "position": {"x": 5.674975675731977e-14, "y": 926.7938608394055}, "channel": 7}, "attempt": 1}
2026-09-13 13:26:07,809 INFO response {"request_id": "f84322b8d941439cab3d424a1359c588", "http_status": 200, "body": {"accepted": true, "real_timestamp_ms": 1789277162895, "virtual_time_s": 2022.495166, "measure_result": "no_signal"}}
2026-09-13 13:26:07,840 INFO request {"path": "/measure", "payload": {"arena_id": "default", "robot_id": "202601002029", "request_id": "0cd07623e993462eb942353a66f86a8c", "position": {"x": 5.674975675731977e-14, "y": 926.7938608394055}, "channel": 8}, "attempt": 1}
2026-09-13 13:26:07,841 INFO response {"request_id": "0cd07623e993462eb942353a66f86a8c", "http_status": 200, "body": {"accepted": true, "real_timestamp_ms": 1789277162928, "virtual_time_s": 2028.495166, "measure_result": "no_signal"}}
2026-09-13 13:26:07,891 INFO request {"path": "/measure", "payload": {"arena_id": "default", "robot_id": "202601002029", "request_id": "f8ac0ce1cb4b4811a6b97d7f21c97b9b", "position": {"x": 5.674975675731977e-14, "y": 926.7938608394055}, "channel": 14}, "attempt": 1}
2026-09-13 13:26:07,892 INFO response {"request_id": "f8ac0ce1cb4b4811a6b97d7f21c97b9b", "http_status": 200, "body": {"accepted": true, "real_timestamp_ms": 1789277162979, "virtual_time_s": 2034.495166, "measure_result": "no_signal"}}
2026-09-13 13:26:08,922 INFO request {"path": "/measure", "payload": {"arena_id": "default", "robot_id": "202601002029", "request_id": "f78bbb59d0c841339fa94a63bc5b32e0", "position": {"x": 482.8444447608835, "y": 1801.9999999999998}, "channel": 1}, "attempt": 1}
2026-09-13 13:26:08,924 INFO response {"request_id": "f78bbb59d0c841339fa94a63bc5b32e0", "http_status": 200, "body": {"accepted": true, "real_timestamp_ms": 1789277164011, "virtual_time_s": 2240.407601, "measure_result": "no_signal"}}
2026-09-13 13:26:08,938 INFO request {"path": "/measure", "payload": {"arena_id": "default", "robot_id": "202601002029", "request_id": "306df4e7225342c88612f3e368463e74", "position": {"x": 482.8444447608835, "y": 1801.9999999999998}, "channel": 3}, "attempt": 1}
2026-09-13 13:26:08,939 INFO response {"request_id": "306df4e7225342c88612f3e368463e74", "http_status": 200, "body": {"accepted": true, "real_timestamp_ms": 1789277164026, "virtual_time_s": 2246.407601, "measure_result": "no_signal"}}
2026-09-13 13:26:08,970 INFO request {"path": "/measure", "payload": {"arena_id": "default", "robot_id": "202601002029", "request_id": "fc7a34543c474856a53f9e07b3fa607a", "position": {"x": 482.8444447608835, "y": 1801.9999999999998}, "channel": 4}, "attempt": 1}
2026-09-13 13:26:08,972 INFO response {"request_id": "fc7a34543c474856a53f9e07b3fa607a", "http_status": 200, "body": {"accepted": true, "real_timestamp_ms": 1789277164058, "virtual_time_s": 2252.407601, "measure_result": "no_signal"}}
2026-09-13 13:26:08,988 INFO request {"path": "/measure", "payload": {"arena_id": "default", "robot_id": "202601002029", "request_id": "68d2d29b222c4300bbe414a76d630737", "position": {"x": 482.8444447608835, "y": 1801.9999999999998}, "channel": 6}, "attempt": 1}
2026-09-13 13:26:08,990 INFO response {"request_id": "68d2d29b222c4300bbe414a76d630737", "http_status": 200, "body": {"accepted": true, "real_timestamp_ms": 1789277164076, "virtual_time_s": 2258.407601, "measure_result": "no_signal"}}
2026-09-13 13:26:09,021 INFO request {"path": "/measure", "payload": {"arena_id": "default", "robot_id": "202601002029", "request_id": "1b57b7b9d6e349dfae7402120842ca63", "position": {"x": 482.8444447608835, "y": 1801.9999999999998}, "channel": 7}, "attempt": 1}
2026-09-13 13:26:09,023 INFO response {"request_id": "1b57b7b9d6e349dfae7402120842ca63", "http_status": 200, "body": {"accepted": true, "real_timestamp_ms": 1789277164110, "virtual_time_s": 2264.407601, "measure_result": "no_signal"}}
2026-09-13 13:26:09,054 INFO request {"path": "/measure", "payload": {"arena_id": "default", "robot_id": "202601002029", "request_id": "3265cc0742584369a8411d1d2d73b055", "position": {"x": 482.8444447608835, "y": 1801.9999999999998}, "channel": 8}, "attempt": 1}
2026-09-13 13:26:09,075 INFO response {"request_id": "3265cc0742584369a8411d1d2d73b055", "http_status": 200, "body": {"accepted": true, "real_timestamp_ms": 1789277164162, "virtual_time_s": 2270.407601, "measure_result": "no_signal"}}
2026-09-13 13:26:09,104 INFO request {"path": "/measure", "payload": {"arena_id": "default", "robot_id": "202601002029", "request_id": "ebc9c201fae94b2d888f4517b0a812e3", "position": {"x": 482.8444447608835, "y": 1801.9999999999998}, "channel": 14}, "attempt": 1}
2026-09-13 13:26:09,122 INFO response {"request_id": "ebc9c201fae94b2d888f4517b0a812e3", "http_status": 200, "body": {"accepted": true, "real_timestamp_ms": 1789277164209, "virtual_time_s": 2276.407601, "measure_result": "no_signal"}}
2026-09-13 13:26:10,127 INFO request {"path": "/measure", "payload": {"arena_id": "default", "robot_id": "202601002029", "request_id": "f41c18fcc6df4e288d944a377a6a73ed", "position": {"x": 1319.155555239117, "y": 1319.155555239117}, "channel": 1}, "attempt": 1}
2026-09-13 13:26:10,128 INFO response {"request_id": "f41c18fcc6df4e288d944a377a6a73ed", "http_status": 200, "body": {"accepted": true, "real_timestamp_ms": 1789277165216, "virtual_time_s": 2475.545379, "measure_result": "no_signal"}}
2026-09-13 13:26:10,160 INFO request {"path": "/measure", "payload": {"arena_id": "default", "robot_id": "202601002029", "request_id": "425c720ef4154ed2b09a8787380db2cb", "position": {"x": 1319.155555239117, "y": 1319.155555239117}, "channel": 3}, "attempt": 1}
2026-09-13 13:26:10,163 INFO response {"request_id": "425c720ef4154ed2b09a8787380db2cb", "http_status": 200, "body": {"accepted": true, "real_timestamp_ms": 1789277165249, "virtual_time_s": 2481.545379, "measure_result": "no_signal"}}
2026-09-13 13:26:10,194 INFO request {"path": "/measure", "payload": {"arena_id": "default", "robot_id": "202601002029", "request_id": "679670f2753a42f8910a779d8b1c2c99", "position": {"x": 1319.155555239117, "y": 1319.155555239117}, "channel": 4}, "attempt": 1}
2026-09-13 13:26:10,196 INFO response {"request_id": "679670f2753a42f8910a779d8b1c2c99", "http_status": 200, "body": {"accepted": true, "real_timestamp_ms": 1789277165282, "virtual_time_s": 2487.545379, "measure_result": "no_signal"}}
2026-09-13 13:26:10,227 INFO request {"path": "/measure", "payload": {"arena_id": "default", "robot_id": "202601002029", "request_id": "07b454a7827d40e3860189ba4f25ee36", "position": {"x": 1319.155555239117, "y": 1319.155555239117}, "channel": 6}, "attempt": 1}
2026-09-13 13:26:10,229 INFO response {"request_id": "07b454a7827d40e3860189ba4f25ee36", "http_status": 200, "body": {"accepted": true, "real_timestamp_ms": 1789277165316, "virtual_time_s": 2493.545379, "measure_result": "no_signal"}}
2026-09-13 13:26:10,260 INFO request {"path": "/measure", "payload": {"arena_id": "default", "robot_id": "202601002029", "request_id": "f487b95e90e84224af0658f35259d44d", "position": {"x": 1319.155555239117, "y": 1319.155555239117}, "channel": 7}, "attempt": 1}
2026-09-13 13:26:10,262 INFO response {"request_id": "f487b95e90e84224af0658f35259d44d", "http_status": 200, "body": {"accepted": true, "real_timestamp_ms": 1789277165348, "virtual_time_s": 2499.545379, "measure_result": "no_signal"}}
2026-09-13 13:26:10,293 INFO request {"path": "/measure", "payload": {"arena_id": "default", "robot_id": "202601002029", "request_id": "9c78f1079ba34ee584e57d421a1802c1", "position": {"x": 1319.155555239117, "y": 1319.155555239117}, "channel": 8}, "attempt": 1}
2026-09-13 13:26:10,309 INFO response {"request_id": "9c78f1079ba34ee584e57d421a1802c1", "http_status": 200, "body": {"accepted": true, "real_timestamp_ms": 1789277165396, "virtual_time_s": 2505.545379, "measure_result": "direction", "svd_deg": 255.0}}
2026-09-13 13:26:10,359 INFO request {"path": "/measure", "payload": {"arena_id": "default", "robot_id": "202601002029", "request_id": "e6d28dda3fd74a78af04e92bddcf6ed4", "position": {"x": 1319.155555239117, "y": 1319.155555239117}, "channel": 14}, "attempt": 1}
2026-09-13 13:26:10,361 INFO response {"request_id": "e6d28dda3fd74a78af04e92bddcf6ed4", "http_status": 200, "body": {"accepted": true, "real_timestamp_ms": 1789277165447, "virtual_time_s": 2511.545379, "measure_result": "direction", "svd_deg": 156.2}}
2026-09-13 13:26:11,333 INFO request {"path": "/measure", "payload": {"arena_id": "default", "robot_id": "202601002029", "request_id": "f79b4e42b928410e9d8152a32150ff30", "position": {"x": 1802.0, "y": 482.84444476088305}, "channel": 1}, "attempt": 1}
2026-09-13 13:26:11,334 INFO response {"request_id": "f79b4e42b928410e9d8152a32150ff30", "http_status": 200, "body": {"accepted": true, "real_timestamp_ms": 1789277166422, "virtual_time_s": 2710.683157, "measure_result": "no_signal"}}
2026-09-13 13:26:11,365 INFO request {"path": "/measure", "payload": {"arena_id": "default", "robot_id": "202601002029", "request_id": "5c9e3111e2564ec582d11d51102beaad", "position": {"x": 1802.0, "y": 482.84444476088305}, "channel": 3}, "attempt": 1}
2026-09-13 13:26:11,379 INFO response {"request_id": "5c9e3111e2564ec582d11d51102beaad", "http_status": 200, "body": {"accepted": true, "real_timestamp_ms": 1789277166465, "virtual_time_s": 2716.683157, "measure_result": "no_signal"}}
2026-09-13 13:26:11,393 INFO request {"path": "/measure", "payload": {"arena_id": "default", "robot_id": "202601002029", "request_id": "619a8f22e57e4bbfa394c7f510e7fd61", "position": {"x": 1802.0, "y": 482.84444476088305}, "channel": 4}, "attempt": 1}
2026-09-13 13:26:11,409 INFO response {"request_id": "619a8f22e57e4bbfa394c7f510e7fd61", "http_status": 200, "body": {"accepted": true, "real_timestamp_ms": 1789277166496, "virtual_time_s": 2722.683157, "measure_result": "no_signal"}}
2026-09-13 13:26:11,475 INFO request {"path": "/measure", "payload": {"arena_id": "default", "robot_id": "202601002029", "request_id": "a3c0a7088b0d48fe9d8c57df723123b5", "position": {"x": 1802.0, "y": 482.84444476088305}, "channel": 6}, "attempt": 1}
2026-09-13 13:26:11,477 INFO response {"request_id": "a3c0a7088b0d48fe9d8c57df723123b5", "http_status": 200, "body": {"accepted": true, "real_timestamp_ms": 1789277166564, "virtual_time_s": 2728.683157, "measure_result": "no_signal"}}
2026-09-13 13:26:11,508 INFO request {"path": "/measure", "payload": {"arena_id": "default", "robot_id": "202601002029", "request_id": "10143fac491f406598b97cb7f18c6c2b", "position": {"x": 1802.0, "y": 482.84444476088305}, "channel": 7}, "attempt": 1}
2026-09-13 13:26:11,533 INFO response {"request_id": "10143fac491f406598b97cb7f18c6c2b", "http_status": 200, "body": {"accepted": true, "real_timestamp_ms": 1789277166620, "virtual_time_s": 2734.683157, "measure_result": "no_signal"}}
2026-09-13 13:26:11,623 INFO request {"path": "/measure", "payload": {"arena_id": "default", "robot_id": "202601002029", "request_id": "08e63c77c0b04cdd83d037b60c920794", "position": {"x": 1802.0, "y": 482.84444476088305}, "channel": 8}, "attempt": 1}
2026-09-13 13:26:11,624 INFO response {"request_id": "08e63c77c0b04cdd83d037b60c920794", "http_status": 200, "body": {"accepted": true, "real_timestamp_ms": 1789277166711, "virtual_time_s": 2740.683157, "measure_result": "direction", "svd_deg": 191.47}}
2026-09-13 13:26:12,544 INFO request {"path": "/measure", "payload": {"arena_id": "default", "robot_id": "202601002029", "request_id": "f98f20e1da0948449182952e93167163", "position": {"x": 1801.9999999999995, "y": -482.84444476088464}, "channel": 1}, "attempt": 1}
2026-09-13 13:26:12,555 INFO response {"request_id": "f98f20e1da0948449182952e93167163", "http_status": 200, "body": {"accepted": true, "real_timestamp_ms": 1789277167642, "virtual_time_s": 2939.820935, "measure_result": "no_signal"}}
2026-09-13 13:26:12,570 INFO request {"path": "/measure", "payload": {"arena_id": "default", "robot_id": "202601002029", "request_id": "a4cf083ffb9f4433b577479f832447f3", "position": {"x": 1801.9999999999995, "y": -482.84444476088464}, "channel": 3}, "attempt": 1}
2026-09-13 13:26:12,586 INFO response {"request_id": "a4cf083ffb9f4433b577479f832447f3", "http_status": 200, "body": {"accepted": true, "real_timestamp_ms": 1789277167673, "virtual_time_s": 2945.820935, "measure_result": "no_signal"}}
2026-09-13 13:26:12,601 INFO request {"path": "/measure", "payload": {"arena_id": "default", "robot_id": "202601002029", "request_id": "a4a54ff541f0498aa4253991f2b1be42", "position": {"x": 1801.9999999999995, "y": -482.84444476088464}, "channel": 4}, "attempt": 1}
2026-09-13 13:26:12,603 INFO response {"request_id": "a4a54ff541f0498aa4253991f2b1be42", "http_status": 200, "body": {"accepted": true, "real_timestamp_ms": 1789277167690, "virtual_time_s": 2951.820935, "measure_result": "no_signal"}}
2026-09-13 13:26:12,635 INFO request {"path": "/measure", "payload": {"arena_id": "default", "robot_id": "202601002029", "request_id": "5348198d2a6b4b4db8178573d4991145", "position": {"x": 1801.9999999999995, "y": -482.84444476088464}, "channel": 6}, "attempt": 1}
2026-09-13 13:26:12,636 INFO response {"request_id": "5348198d2a6b4b4db8178573d4991145", "http_status": 200, "body": {"accepted": true, "real_timestamp_ms": 1789277167723, "virtual_time_s": 2957.820935, "measure_result": "no_signal"}}
2026-09-13 13:26:12,667 INFO request {"path": "/measure", "payload": {"arena_id": "default", "robot_id": "202601002029", "request_id": "da3b1e682d634910899e70558019cff4", "position": {"x": 1801.9999999999995, "y": -482.84444476088464}, "channel": 7}, "attempt": 1}
2026-09-13 13:26:12,693 INFO response {"request_id": "da3b1e682d634910899e70558019cff4", "http_status": 200, "body": {"accepted": true, "real_timestamp_ms": 1789277167780, "virtual_time_s": 2963.820935, "measure_result": "no_signal"}}
2026-09-13 13:26:12,799 INFO request {"path": "/measure", "payload": {"arena_id": "default", "robot_id": "202601002029", "request_id": "52ec7e7566be4da2b09e988467aeea20", "position": {"x": 1801.9999999999995, "y": -482.84444476088464}, "channel": 19}, "attempt": 1}
2026-09-13 13:26:12,820 INFO response {"request_id": "52ec7e7566be4da2b09e988467aeea20", "http_status": 200, "body": {"accepted": true, "real_timestamp_ms": 1789277167906, "virtual_time_s": 2969.820935, "measure_result": "direction", "svd_deg": 221.91}}
2026-09-13 13:26:12,831 INFO request {"path": "/measure", "payload": {"arena_id": "default", "robot_id": "202601002029", "request_id": "62a3d3d4786949869d10e7f9119aac5a", "position": {"x": 1801.9999999999995, "y": -482.84444476088464}, "channel": 20}, "attempt": 1}
2026-09-13 13:26:12,850 INFO response {"request_id": "62a3d3d4786949869d10e7f9119aac5a", "http_status": 200, "body": {"accepted": true, "real_timestamp_ms": 1789277167937, "virtual_time_s": 2975.820935, "measure_result": "direction", "svd_deg": 141.69}}
2026-09-13 13:26:12,862 INFO request {"path": "/measure", "payload": {"arena_id": "default", "robot_id": "202601002029", "request_id": "d90a042b456843338860c7e2201a11e2", "position": {"x": 1801.9999999999995, "y": -482.84444476088464}, "channel": 16}, "attempt": 1}
2026-09-13 13:26:12,881 INFO response {"request_id": "d90a042b456843338860c7e2201a11e2", "http_status": 200, "body": {"accepted": true, "real_timestamp_ms": 1789277167967, "virtual_time_s": 2981.820935, "measure_result": "direction", "svd_deg": 210.37}}
2026-09-13 13:26:13,056 INFO request {"path": "/clear", "payload": {"arena_id": "default", "robot_id": "202601002029", "request_id": "1357309f690b44bfb4b927dd36d05fba", "position": {"x": 1401.8707422070631, "y": -841.6846053228757}, "channel": 19}, "attempt": 1}
2026-09-13 13:26:13,057 INFO response {"request_id": "1357309f690b44bfb4b927dd36d05fba", "http_status": 200, "body": {"accepted": true, "real_timestamp_ms": 1789277168144, "virtual_time_s": 3094.314132, "clear_result": "success"}}
2026-09-13 13:26:13,088 INFO request {"path": "/clear", "payload": {"arena_id": "default", "robot_id": "202601002029", "request_id": "cc6a40c6be1c4e2380035ad263dc5d95", "position": {"x": 1332.2853800481196, "y": -757.82783443021}, "channel": 16}, "attempt": 1}
2026-09-13 13:26:13,093 INFO response {"request_id": "cc6a40c6be1c4e2380035ad263dc5d95", "http_status": 200, "body": {"accepted": true, "real_timestamp_ms": 1789277168180, "virtual_time_s": 3121.107783, "clear_result": "success"}}
2026-09-13 13:26:13,136 INFO request {"path": "/measure", "payload": {"arena_id": "default", "robot_id": "202601002029", "request_id": "8bb45b89d557421d89478c2cff88f0d2", "position": {"x": 1319.1555552391164, "y": -1319.1555552391171}, "channel": 1}, "attempt": 1}
2026-09-13 13:26:13,137 INFO response {"request_id": "8bb45b89d557421d89478c2cff88f0d2", "http_status": 200, "body": {"accepted": true, "real_timestamp_ms": 1789277168225, "virtual_time_s": 3239.404034, "measure_result": "no_signal"}}
2026-09-13 13:26:13,168 INFO request {"path": "/measure", "payload": {"arena_id": "default", "robot_id": "202601002029", "request_id": "35a122c87a68488e89de8e0608ec19be", "position": {"x": 1319.1555552391164, "y": -1319.1555552391171}, "channel": 3}, "attempt": 1}
2026-09-13 13:26:13,194 INFO response {"request_id": "35a122c87a68488e89de8e0608ec19be", "http_status": 200, "body": {"accepted": true, "real_timestamp_ms": 1789277168280, "virtual_time_s": 3245.404034, "measure_result": "no_signal"}}
2026-09-13 13:26:13,195 INFO request {"path": "/measure", "payload": {"arena_id": "default", "robot_id": "202601002029", "request_id": "5c3e63a17964448b883b26f71a0934ed", "position": {"x": 1319.1555552391164, "y": -1319.1555552391171}, "channel": 4}, "attempt": 1}
2026-09-13 13:26:13,197 INFO response {"request_id": "5c3e63a17964448b883b26f71a0934ed", "http_status": 200, "body": {"accepted": true, "real_timestamp_ms": 1789277168283, "virtual_time_s": 3251.404034, "measure_result": "no_signal"}}
2026-09-13 13:26:13,228 INFO request {"path": "/measure", "payload": {"arena_id": "default", "robot_id": "202601002029", "request_id": "78fbe46f433b4dbfa6077b489a5070ed", "position": {"x": 1319.1555552391164, "y": -1319.1555552391171}, "channel": 6}, "attempt": 1}
2026-09-13 13:26:13,240 INFO response {"request_id": "78fbe46f433b4dbfa6077b489a5070ed", "http_status": 200, "body": {"accepted": true, "real_timestamp_ms": 1789277168327, "virtual_time_s": 3257.404034, "measure_result": "no_signal"}}
2026-09-13 13:26:13,255 INFO request {"path": "/measure", "payload": {"arena_id": "default", "robot_id": "202601002029", "request_id": "b95c7c6d42eb4a48a60921778fd36919", "position": {"x": 1319.1555552391164, "y": -1319.1555552391171}, "channel": 7}, "attempt": 1}
2026-09-13 13:26:13,270 INFO response {"request_id": "b95c7c6d42eb4a48a60921778fd36919", "http_status": 200, "body": {"accepted": true, "real_timestamp_ms": 1789277168357, "virtual_time_s": 3263.404034, "measure_result": "no_signal"}}
2026-09-13 13:26:13,573 INFO request {"path": "/measure", "payload": {"arena_id": "default", "robot_id": "202601002029", "request_id": "b4b5559063ee448ab63bfabcfc8acc27", "position": {"x": 482.84444476088225, "y": -1802.0000000000002}, "channel": 7}, "attempt": 1}
2026-09-13 13:26:13,575 INFO response {"request_id": "b4b5559063ee448ab63bfabcfc8acc27", "http_status": 200, "body": {"accepted": true, "real_timestamp_ms": 1789277168662, "virtual_time_s": 3461.541812, "measure_result": "no_signal"}}
2026-09-13 13:26:13,605 INFO request {"path": "/measure", "payload": {"arena_id": "default", "robot_id": "202601002029", "request_id": "99070e8151af46b2bb371d408b0b9219", "position": {"x": 482.84444476088225, "y": -1802.0000000000002}, "channel": 1}, "attempt": 1}
2026-09-13 13:26:13,608 INFO response {"request_id": "99070e8151af46b2bb371d408b0b9219", "http_status": 200, "body": {"accepted": true, "real_timestamp_ms": 1789277168694, "virtual_time_s": 3467.541812, "measure_result": "no_signal"}}
2026-09-13 13:26:13,639 INFO request {"path": "/measure", "payload": {"arena_id": "default", "robot_id": "202601002029", "request_id": "66858dd6a3bf407abb1cc450c604f77f", "position": {"x": 482.84444476088225, "y": -1802.0000000000002}, "channel": 3}, "attempt": 1}
2026-09-13 13:26:13,640 INFO response {"request_id": "66858dd6a3bf407abb1cc450c604f77f", "http_status": 200, "body": {"accepted": true, "real_timestamp_ms": 1789277168727, "virtual_time_s": 3473.541812, "measure_result": "no_signal"}}
2026-09-13 13:26:13,671 INFO request {"path": "/measure", "payload": {"arena_id": "default", "robot_id": "202601002029", "request_id": "7e8e8d5d840642fbaed7fc85be983648", "position": {"x": 482.84444476088225, "y": -1802.0000000000002}, "channel": 4}, "attempt": 1}
2026-09-13 13:26:13,692 INFO response {"request_id": "7e8e8d5d840642fbaed7fc85be983648", "http_status": 200, "body": {"accepted": true, "real_timestamp_ms": 1789277168778, "virtual_time_s": 3479.541812, "measure_result": "no_signal"}}
2026-09-13 13:26:13,692 INFO request {"path": "/measure", "payload": {"arena_id": "default", "robot_id": "202601002029", "request_id": "0743b384350843e08bba41f0cc8134ea", "position": {"x": 482.84444476088225, "y": -1802.0000000000002}, "channel": 6}, "attempt": 1}
2026-09-13 13:26:13,694 INFO response {"request_id": "0743b384350843e08bba41f0cc8134ea", "http_status": 200, "body": {"accepted": true, "real_timestamp_ms": 1789277168781, "virtual_time_s": 3485.541812, "measure_result": "no_signal"}}
2026-09-13 13:26:14,069 INFO request {"path": "/measure", "payload": {"arena_id": "default", "robot_id": "202601002029", "request_id": "e46aa859926e41fea7995d7a0f628d5a", "position": {"x": -482.8444447608845, "y": -1801.9999999999995}, "channel": 6}, "attempt": 1}
2026-09-13 13:26:14,071 INFO response {"request_id": "e46aa859926e41fea7995d7a0f628d5a", "http_status": 200, "body": {"accepted": true, "real_timestamp_ms": 1789277169158, "virtual_time_s": 3683.67959, "measure_result": "no_signal"}}
2026-09-13 13:26:14,101 INFO request {"path": "/measure", "payload": {"arena_id": "default", "robot_id": "202601002029", "request_id": "ca627119fc0e49c68eecc0594a4b8cff", "position": {"x": -482.8444447608845, "y": -1801.9999999999995}, "channel": 1}, "attempt": 1}
2026-09-13 13:26:14,103 INFO response {"request_id": "ca627119fc0e49c68eecc0594a4b8cff", "http_status": 200, "body": {"accepted": true, "real_timestamp_ms": 1789277169190, "virtual_time_s": 3689.67959, "measure_result": "no_signal"}}
2026-09-13 13:26:14,135 INFO request {"path": "/measure", "payload": {"arena_id": "default", "robot_id": "202601002029", "request_id": "a5942107d9604c9fa977919e5382b1b7", "position": {"x": -482.8444447608845, "y": -1801.9999999999995}, "channel": 3}, "attempt": 1}
2026-09-13 13:26:14,136 INFO response {"request_id": "a5942107d9604c9fa977919e5382b1b7", "http_status": 200, "body": {"accepted": true, "real_timestamp_ms": 1789277169223, "virtual_time_s": 3695.67959, "measure_result": "no_signal"}}
2026-09-13 13:26:14,168 INFO request {"path": "/measure", "payload": {"arena_id": "default", "robot_id": "202601002029", "request_id": "fc0b82b97cde4e6d97ea95b019fb4813", "position": {"x": -482.8444447608845, "y": -1801.9999999999995}, "channel": 4}, "attempt": 1}
2026-09-13 13:26:14,193 INFO response {"request_id": "fc0b82b97cde4e6d97ea95b019fb4813", "http_status": 200, "body": {"accepted": true, "real_timestamp_ms": 1789277169280, "virtual_time_s": 3701.67959, "measure_result": "no_signal"}}
2026-09-13 13:26:14,193 INFO request {"path": "/measure", "payload": {"arena_id": "default", "robot_id": "202601002029", "request_id": "e06fcd8ab5164aa399434366167c5a4c", "position": {"x": -482.8444447608845, "y": -1801.9999999999995}, "channel": 7}, "attempt": 1}
2026-09-13 13:26:14,209 INFO response {"request_id": "e06fcd8ab5164aa399434366167c5a4c", "http_status": 200, "body": {"accepted": true, "real_timestamp_ms": 1789277169295, "virtual_time_s": 3707.67959, "measure_result": "no_signal"}}
2026-09-13 13:26:14,237 INFO request {"path": "/measure", "payload": {"arena_id": "default", "robot_id": "202601002029", "request_id": "0179cf7a523542e6b5eee4b5a6aa36b4", "position": {"x": -482.8444447608845, "y": -1801.9999999999995}, "channel": 12}, "attempt": 1}
2026-09-13 13:26:14,238 INFO response {"request_id": "0179cf7a523542e6b5eee4b5a6aa36b4", "http_status": 200, "body": {"accepted": true, "real_timestamp_ms": 1789277169325, "virtual_time_s": 3713.67959, "measure_result": "direction", "svd_deg": 143.66}}
2026-09-13 13:26:14,448 INFO request {"path": "/measure", "payload": {"arena_id": "default", "robot_id": "202601002029", "request_id": "ac5ef89106a04b8ab5672ca68691d708", "position": {"x": -1319.1555552391176, "y": -1319.1555552391162}, "channel": 1}, "attempt": 1}
2026-09-13 13:26:14,474 INFO response {"request_id": "ac5ef89106a04b8ab5672ca68691d708", "http_status": 200, "body": {"accepted": true, "real_timestamp_ms": 1789277169561, "virtual_time_s": 3912.817368, "measure_result": "no_signal"}}
2026-09-13 13:26:14,474 INFO request {"path": "/measure", "payload": {"arena_id": "default", "robot_id": "202601002029", "request_id": "8392c436f940436d85040c00fc9da2a3", "position": {"x": -1319.1555552391176, "y": -1319.1555552391162}, "channel": 3}, "attempt": 1}
2026-09-13 13:26:14,490 INFO response {"request_id": "8392c436f940436d85040c00fc9da2a3", "http_status": 200, "body": {"accepted": true, "real_timestamp_ms": 1789277169577, "virtual_time_s": 3918.817368, "measure_result": "no_signal"}}
2026-09-13 13:26:14,505 INFO request {"path": "/measure", "payload": {"arena_id": "default", "robot_id": "202601002029", "request_id": "2aa530da20d5401e94ef47fbb21217d8", "position": {"x": -1319.1555552391176, "y": -1319.1555552391162}, "channel": 4}, "attempt": 1}
2026-09-13 13:26:14,506 INFO response {"request_id": "2aa530da20d5401e94ef47fbb21217d8", "http_status": 200, "body": {"accepted": true, "real_timestamp_ms": 1789277169593, "virtual_time_s": 3924.817368, "measure_result": "no_signal"}}
2026-09-13 13:26:14,537 INFO request {"path": "/measure", "payload": {"arena_id": "default", "robot_id": "202601002029", "request_id": "7f0a800221cf4ba282daf720ccf2852e", "position": {"x": -1319.1555552391176, "y": -1319.1555552391162}, "channel": 6}, "attempt": 1}
2026-09-13 13:26:14,541 INFO response {"request_id": "7f0a800221cf4ba282daf720ccf2852e", "http_status": 200, "body": {"accepted": true, "real_timestamp_ms": 1789277169626, "virtual_time_s": 3930.817368, "measure_result": "no_signal"}}
2026-09-13 13:26:14,571 INFO request {"path": "/measure", "payload": {"arena_id": "default", "robot_id": "202601002029", "request_id": "0c7cd00adc11413b9fa000b983f86cad", "position": {"x": -1319.1555552391176, "y": -1319.1555552391162}, "channel": 7}, "attempt": 1}
2026-09-13 13:26:14,573 INFO response {"request_id": "0c7cd00adc11413b9fa000b983f86cad", "http_status": 200, "body": {"accepted": true, "real_timestamp_ms": 1789277169660, "virtual_time_s": 3936.817368, "measure_result": "no_signal"}}
2026-09-13 13:26:14,606 INFO request {"path": "/measure", "payload": {"arena_id": "default", "robot_id": "202601002029", "request_id": "5e50fb215c214bc588d2bfaf29fc2c48", "position": {"x": -1319.1555552391176, "y": -1319.1555552391162}, "channel": 12}, "attempt": 1}
2026-09-13 13:26:14,607 INFO response {"request_id": "5e50fb215c214bc588d2bfaf29fc2c48", "http_status": 200, "body": {"accepted": true, "real_timestamp_ms": 1789277169694, "virtual_time_s": 3942.817368, "measure_result": "direction", "svd_deg": 62.54}}
2026-09-13 13:26:14,669 INFO request {"path": "/clear", "payload": {"arena_id": "default", "robot_id": "202601002029", "request_id": "13a376d73d3945e88f25d1850d58ed58", "position": {"x": -1269.5970091687605, "y": -1223.1276256296542}, "channel": 12}, "attempt": 1}
2026-09-13 13:26:14,690 INFO response {"request_id": "13a376d73d3945e88f25d1850d58ed58", "http_status": 200, "body": {"accepted": true, "real_timestamp_ms": 1789277169777, "virtual_time_s": 3969.429784, "clear_result": "success"}}
2026-09-13 13:26:14,700 INFO request {"path": "/measure", "payload": {"arena_id": "default", "robot_id": "202601002029", "request_id": "d1693c8594e84f03a8919ef0c87ec743", "position": {"x": -1802.0000000000002, "y": -482.84444476088237}, "channel": 1}, "attempt": 1}
2026-09-13 13:26:14,722 INFO response {"request_id": "d1693c8594e84f03a8919ef0c87ec743", "http_status": 200, "body": {"accepted": true, "real_timestamp_ms": 1789277169809, "virtual_time_s": 4157.799972, "measure_result": "no_signal"}}
2026-09-13 13:26:14,723 INFO request {"path": "/measure", "payload": {"arena_id": "default", "robot_id": "202601002029", "request_id": "9d5e58aacd9b46378bce68eb7c95caf6", "position": {"x": -1802.0000000000002, "y": -482.84444476088237}, "channel": 3}, "attempt": 1}
2026-09-13 13:26:14,738 INFO response {"request_id": "9d5e58aacd9b46378bce68eb7c95caf6", "http_status": 200, "body": {"accepted": true, "real_timestamp_ms": 1789277169824, "virtual_time_s": 4163.799972, "measure_result": "no_signal"}}
2026-09-13 13:26:14,752 INFO request {"path": "/measure", "payload": {"arena_id": "default", "robot_id": "202601002029", "request_id": "862ccb8939f348999c8fea492283a5ee", "position": {"x": -1802.0000000000002, "y": -482.84444476088237}, "channel": 4}, "attempt": 1}
2026-09-13 13:26:14,755 INFO response {"request_id": "862ccb8939f348999c8fea492283a5ee", "http_status": 200, "body": {"accepted": true, "real_timestamp_ms": 1789277169841, "virtual_time_s": 4169.799972, "measure_result": "no_signal"}}
2026-09-13 13:26:14,786 INFO request {"path": "/measure", "payload": {"arena_id": "default", "robot_id": "202601002029", "request_id": "baccd934ef95475fac05bdf05e4f8650", "position": {"x": -1802.0000000000002, "y": -482.84444476088237}, "channel": 6}, "attempt": 1}
2026-09-13 13:26:14,788 INFO response {"request_id": "baccd934ef95475fac05bdf05e4f8650", "http_status": 200, "body": {"accepted": true, "real_timestamp_ms": 1789277169874, "virtual_time_s": 4175.799972, "measure_result": "no_signal"}}
2026-09-13 13:26:14,818 INFO request {"path": "/measure", "payload": {"arena_id": "default", "robot_id": "202601002029", "request_id": "6ee9d721953b48298590bb8671764cba", "position": {"x": -1802.0000000000002, "y": -482.84444476088237}, "channel": 7}, "attempt": 1}
2026-09-13 13:26:14,820 INFO response {"request_id": "6ee9d721953b48298590bb8671764cba", "http_status": 200, "body": {"accepted": true, "real_timestamp_ms": 1789277169907, "virtual_time_s": 4181.799972, "measure_result": "no_signal"}}
2026-09-13 13:26:14,921 INFO request {"path": "/measure", "payload": {"arena_id": "default", "robot_id": "202601002029", "request_id": "e355730708f94458a0425dc085647cc4", "position": {"x": -1801.9999999999998, "y": 482.84444476088356}, "channel": 7}, "attempt": 1}
2026-09-13 13:26:14,939 INFO response {"request_id": "e355730708f94458a0425dc085647cc4", "http_status": 200, "body": {"accepted": true, "real_timestamp_ms": 1789277170026, "virtual_time_s": 4379.93775, "measure_result": "no_signal"}}
2026-09-13 13:26:14,954 INFO request {"path": "/measure", "payload": {"arena_id": "default", "robot_id": "202601002029", "request_id": "93dacb1aa0534a53922f967bb93f1c3d", "position": {"x": -1801.9999999999998, "y": 482.84444476088356}, "channel": 1}, "attempt": 1}
2026-09-13 13:26:14,956 INFO response {"request_id": "93dacb1aa0534a53922f967bb93f1c3d", "http_status": 200, "body": {"accepted": true, "real_timestamp_ms": 1789277170042, "virtual_time_s": 4385.93775, "measure_result": "no_signal"}}
2026-09-13 13:26:14,971 INFO request {"path": "/measure", "payload": {"arena_id": "default", "robot_id": "202601002029", "request_id": "1491d77dec0143e9b080ef618fc8c527", "position": {"x": -1801.9999999999998, "y": 482.84444476088356}, "channel": 3}, "attempt": 1}
2026-09-13 13:26:14,974 INFO response {"request_id": "1491d77dec0143e9b080ef618fc8c527", "http_status": 200, "body": {"accepted": true, "real_timestamp_ms": 1789277170060, "virtual_time_s": 4391.93775, "measure_result": "no_signal"}}
2026-09-13 13:26:15,005 INFO request {"path": "/measure", "payload": {"arena_id": "default", "robot_id": "202601002029", "request_id": "2cc1d543743548c29bfdbfe6ec32b211", "position": {"x": -1801.9999999999998, "y": 482.84444476088356}, "channel": 4}, "attempt": 1}
2026-09-13 13:26:15,008 INFO response {"request_id": "2cc1d543743548c29bfdbfe6ec32b211", "http_status": 200, "body": {"accepted": true, "real_timestamp_ms": 1789277170094, "virtual_time_s": 4397.93775, "measure_result": "no_signal"}}
2026-09-13 13:26:15,039 INFO request {"path": "/measure", "payload": {"arena_id": "default", "robot_id": "202601002029", "request_id": "b18b611ee2e147f1adf1bf635e9538d7", "position": {"x": -1801.9999999999998, "y": 482.84444476088356}, "channel": 6}, "attempt": 1}
2026-09-13 13:26:15,041 INFO response {"request_id": "b18b611ee2e147f1adf1bf635e9538d7", "http_status": 200, "body": {"accepted": true, "real_timestamp_ms": 1789277170128, "virtual_time_s": 4403.93775, "measure_result": "no_signal"}}
2026-09-13 13:26:15,100 INFO request {"path": "/measure", "payload": {"arena_id": "default", "robot_id": "202601002029", "request_id": "ca01616f3d944fe1975e7a34560a5c7f", "position": {"x": -1319.1555552391167, "y": 1319.155555239117}, "channel": 6}, "attempt": 1}
2026-09-13 13:26:15,125 INFO response {"request_id": "ca01616f3d944fe1975e7a34560a5c7f", "http_status": 200, "body": {"accepted": true, "real_timestamp_ms": 1789277170212, "virtual_time_s": 4602.075528, "measure_result": "no_signal"}}
2026-09-13 13:26:15,140 INFO request {"path": "/measure", "payload": {"arena_id": "default", "robot_id": "202601002029", "request_id": "188aa40bf4124bfc91f2c4f648411d38", "position": {"x": -1319.1555552391167, "y": 1319.155555239117}, "channel": 1}, "attempt": 1}
2026-09-13 13:26:15,142 INFO response {"request_id": "188aa40bf4124bfc91f2c4f648411d38", "http_status": 200, "body": {"accepted": true, "real_timestamp_ms": 1789277170228, "virtual_time_s": 4608.075528, "measure_result": "no_signal"}}
2026-09-13 13:26:15,172 INFO request {"path": "/measure", "payload": {"arena_id": "default", "robot_id": "202601002029", "request_id": "8e09b36b1fb84d258aca7a26bdaf881a", "position": {"x": -1319.1555552391167, "y": 1319.155555239117}, "channel": 3}, "attempt": 1}
2026-09-13 13:26:15,187 INFO response {"request_id": "8e09b36b1fb84d258aca7a26bdaf881a", "http_status": 200, "body": {"accepted": true, "real_timestamp_ms": 1789277170274, "virtual_time_s": 4614.075528, "measure_result": "no_signal"}}
2026-09-13 13:26:15,202 INFO request {"path": "/measure", "payload": {"arena_id": "default", "robot_id": "202601002029", "request_id": "dd37f001d8b44c5d81f5b9afb81d5989", "position": {"x": -1319.1555552391167, "y": 1319.155555239117}, "channel": 4}, "attempt": 1}
2026-09-13 13:26:15,219 INFO response {"request_id": "dd37f001d8b44c5d81f5b9afb81d5989", "http_status": 200, "body": {"accepted": true, "real_timestamp_ms": 1789277170306, "virtual_time_s": 4620.075528, "measure_result": "no_signal"}}
2026-09-13 13:26:15,234 INFO request {"path": "/measure", "payload": {"arena_id": "default", "robot_id": "202601002029", "request_id": "a6a7da52ab5044f2bd519e68b785474c", "position": {"x": -1319.1555552391167, "y": 1319.155555239117}, "channel": 7}, "attempt": 1}
2026-09-13 13:26:15,251 INFO response {"request_id": "a6a7da52ab5044f2bd519e68b785474c", "http_status": 200, "body": {"accepted": true, "real_timestamp_ms": 1789277170337, "virtual_time_s": 4626.075528, "measure_result": "no_signal"}}
2026-09-13 13:26:15,288 INFO request {"path": "/measure", "payload": {"arena_id": "default", "robot_id": "202601002029", "request_id": "57764c728c3447ac817d7a1871e46fd1", "position": {"x": -482.8444447608829, "y": 1802.0}, "channel": 7}, "attempt": 1}
2026-09-13 13:26:15,289 INFO response {"request_id": "57764c728c3447ac817d7a1871e46fd1", "http_status": 200, "body": {"accepted": true, "real_timestamp_ms": 1789277170377, "virtual_time_s": 4824.213306, "measure_result": "no_signal"}}
2026-09-13 13:26:15,320 INFO request {"path": "/measure", "payload": {"arena_id": "default", "robot_id": "202601002029", "request_id": "c83e85d315fd4121b3d1f31e396f83d7", "position": {"x": -482.8444447608829, "y": 1802.0}, "channel": 1}, "attempt": 1}
2026-09-13 13:26:15,322 INFO response {"request_id": "c83e85d315fd4121b3d1f31e396f83d7", "http_status": 200, "body": {"accepted": true, "real_timestamp_ms": 1789277170409, "virtual_time_s": 4830.213306, "measure_result": "no_signal"}}
2026-09-13 13:26:15,353 INFO request {"path": "/measure", "payload": {"arena_id": "default", "robot_id": "202601002029", "request_id": "127106b8e48d4f80802922f0b5fd0236", "position": {"x": -482.8444447608829, "y": 1802.0}, "channel": 3}, "attempt": 1}
2026-09-13 13:26:15,355 INFO response {"request_id": "127106b8e48d4f80802922f0b5fd0236", "http_status": 200, "body": {"accepted": true, "real_timestamp_ms": 1789277170442, "virtual_time_s": 4836.213306, "measure_result": "no_signal"}}
2026-09-13 13:26:15,388 INFO request {"path": "/measure", "payload": {"arena_id": "default", "robot_id": "202601002029", "request_id": "8c1c7126cf074774aaaffbaa72e980d4", "position": {"x": -482.8444447608829, "y": 1802.0}, "channel": 4}, "attempt": 1}
2026-09-13 13:26:15,390 INFO response {"request_id": "8c1c7126cf074774aaaffbaa72e980d4", "http_status": 200, "body": {"accepted": true, "real_timestamp_ms": 1789277170477, "virtual_time_s": 4842.213306, "measure_result": "no_signal"}}
2026-09-13 13:26:15,421 INFO request {"path": "/measure", "payload": {"arena_id": "default", "robot_id": "202601002029", "request_id": "a0ddef773f024b63b77ddb8220bdf55a", "position": {"x": -482.8444447608829, "y": 1802.0}, "channel": 6}, "attempt": 1}
2026-09-13 13:26:15,437 INFO response {"request_id": "a0ddef773f024b63b77ddb8220bdf55a", "http_status": 200, "body": {"accepted": true, "real_timestamp_ms": 1789277170524, "virtual_time_s": 4848.213306, "measure_result": "no_signal"}}
2026-09-13 13:26:16,897 INFO request {"path": "/clear", "payload": {"arena_id": "default", "robot_id": "202601002029", "request_id": "5dfcfaba5ce546fe9644915c9bc7c75d", "position": {"x": -904.6234677909611, "y": 582.6182388750959}, "channel": 15}, "attempt": 1}
2026-09-13 13:26:16,899 INFO response {"request_id": "5dfcfaba5ce546fe9644915c9bc7c75d", "http_status": 200, "body": {"accepted": true, "real_timestamp_ms": 1789277171985, "virtual_time_s": 5111.266744, "clear_result": "success"}}
2026-09-13 13:26:16,929 INFO request {"path": "/clear", "payload": {"arena_id": "default", "robot_id": "202601002029", "request_id": "389a5ffd74f64d1fbb962a12a427a36b", "position": {"x": 183.97765085772784, "y": 544.0765930967991}, "channel": 10}, "attempt": 1}
2026-09-13 13:26:16,931 INFO response {"request_id": "389a5ffd74f64d1fbb962a12a427a36b", "http_status": 200, "body": {"accepted": true, "real_timestamp_ms": 1789277172018, "virtual_time_s": 5334.123381, "clear_result": "success"}}
2026-09-13 13:26:16,962 INFO request {"path": "/clear", "payload": {"arena_id": "default", "robot_id": "202601002029", "request_id": "682cc23dd9bb439290b7667347567505", "position": {"x": 621.4865853788287, "y": 975.9751486975853}, "channel": 2}, "attempt": 1}
2026-09-13 13:26:16,984 INFO response {"request_id": "682cc23dd9bb439290b7667347567505", "http_status": 200, "body": {"accepted": true, "real_timestamp_ms": 1789277172071, "virtual_time_s": 5462.078727, "clear_result": "success"}}
2026-09-13 13:26:18,511 INFO request {"path": "/measure", "payload": {"arena_id": "default", "robot_id": "202601002029", "request_id": "3b896f0b2e0f43a484e82b49a03c3d3e", "position": {"x": 1145.913868044018, "y": 714.9899930395594}, "channel": 8}, "attempt": 1}
2026-09-13 13:26:18,524 INFO response {"request_id": "3b896f0b2e0f43a484e82b49a03c3d3e", "http_status": 200, "body": {"accepted": true, "real_timestamp_ms": 1789277173611, "virtual_time_s": 5585.234559, "measure_result": "direction", "svd_deg": 256.97}}
2026-09-13 13:26:18,543 INFO request {"path": "/clear", "payload": {"arena_id": "default", "robot_id": "202601002029", "request_id": "387c1103b52540958d9c68d6c9decdd4", "position": {"x": 1056.8263734386346, "y": 331.4011607096227}, "channel": 8}, "attempt": 1}
2026-09-13 13:26:18,545 INFO response {"request_id": "387c1103b52540958d9c68d6c9decdd4", "http_status": 200, "body": {"accepted": true, "real_timestamp_ms": 1789277173632, "virtual_time_s": 5668.994187, "clear_result": "success"}}
2026-09-13 13:26:18,576 INFO request {"path": "/clear", "payload": {"arena_id": "default", "robot_id": "202601002029", "request_id": "b57e4f2545f74c6b966af0b225af69b7", "position": {"x": 1071.889252823284, "y": 93.77604430802552}, "channel": 20}, "attempt": 1}
2026-09-13 13:26:18,579 INFO response {"request_id": "b57e4f2545f74c6b966af0b225af69b7", "http_status": 200, "body": {"accepted": true, "real_timestamp_ms": 1789277173665, "virtual_time_s": 5721.614597, "clear_result": "success"}}
2026-09-13 13:26:18,609 INFO request {"path": "/clear", "payload": {"arena_id": "default", "robot_id": "202601002029", "request_id": "2b748634923f49a2acb0c996f47d3114", "position": {"x": 895.1321821023387, "y": -6.989391347941312}, "channel": 18}, "attempt": 1}
2026-09-13 13:26:18,611 INFO response {"request_id": "2b748634923f49a2acb0c996f47d3114", "http_status": 200, "body": {"accepted": true, "real_timestamp_ms": 1789277173698, "virtual_time_s": 5767.306972, "clear_result": "success"}}
2026-09-13 13:26:18,642 INFO request {"path": "/clear", "payload": {"arena_id": "default", "robot_id": "202601002029", "request_id": "5f020112e341427b926c20dad098fbc4", "position": {"x": 277.4885125319694, "y": -267.3845549002532}, "channel": 17}, "attempt": 1}
2026-09-13 13:26:18,644 INFO response {"request_id": "5f020112e341427b926c20dad098fbc4", "http_status": 200, "body": {"accepted": true, "real_timestamp_ms": 1789277173731, "virtual_time_s": 5906.36507, "clear_result": "success"}}
2026-09-13 13:26:18,660 INFO request {"path": "/clear", "payload": {"arena_id": "default", "robot_id": "202601002029", "request_id": "a97500ce902f47b88aaf1609322e2f21", "position": {"x": 242.01939867570798, "y": 125.30424600304065}, "channel": 5}, "attempt": 1}
2026-09-13 13:26:18,661 INFO response {"request_id": "a97500ce902f47b88aaf1609322e2f21", "http_status": 200, "body": {"accepted": true, "real_timestamp_ms": 1789277173748, "virtual_time_s": 5990.22255, "clear_result": "success"}}
2026-09-13 13:26:18,692 INFO request {"path": "/clear", "payload": {"arena_id": "default", "robot_id": "202601002029", "request_id": "925e6882da0c486aa98f719ad5a60c8f", "position": {"x": -507.50511870855405, "y": 407.59576420856155}, "channel": 9}, "attempt": 1}
2026-09-13 13:26:18,710 INFO response {"request_id": "925e6882da0c486aa98f719ad5a60c8f", "http_status": 200, "body": {"accepted": true, "real_timestamp_ms": 1789277173797, "virtual_time_s": 6155.406882, "clear_result": "success"}}
2026-09-13 13:26:18,725 INFO request {"path": "/clear", "payload": {"arena_id": "default", "robot_id": "202601002029", "request_id": "b4322642a04743dd8cc5677897806e5a", "position": {"x": 989.9280397610156, "y": 1464.039689484127}, "channel": 14}, "attempt": 1}
2026-09-13 13:26:18,727 INFO response {"request_id": "b4322642a04743dd8cc5677897806e5a", "http_status": 200, "body": {"accepted": true, "real_timestamp_ms": 1789277173814, "virtual_time_s": 6526.924539, "clear_result": "success"}}
2026-09-13 13:26:18,758 INFO request {"path": "/exit", "payload": {"arena_id": "default", "robot_id": "202601002029", "request_id": "7dfb6d7f16ba4c1799dd53d79a4a22db"}, "attempt": 1}
2026-09-13 13:26:18,761 INFO response {"request_id": "7dfb6d7f16ba4c1799dd53d79a4a22db", "http_status": 200, "body": {"accepted": true, "real_timestamp_ms": 1789277173847, "virtual_time_s": 6526.924539, "exit_reason": "user_exit"}}
