2026-09-13 00:12:43,546 INFO request {"path": "/enter", "payload": {"arena_id": "default", "robot_id": "202601002029", "request_id": "11a6bf7170324a8eb858c60c91dad161"}, "attempt": 1}
2026-09-13 00:12:43,550 INFO response {"request_id": "11a6bf7170324a8eb858c60c91dad161", "http_status": 200, "body": {"accepted": true, "real_timestamp_ms": 1789229560485, "virtual_time_s": 0, "max_virtual_duration_s": 360000, "max_real_duration_s": 1200, "remaining_real_duration_s": 1200}}
2026-09-13 00:12:43,578 INFO request {"path": "/measure", "payload": {"arena_id": "default", "robot_id": "202601002029", "request_id": "99e1bc0bf34a4e839b9c56c9193f7e28", "position": {"x": 0.0, "y": 0.0}, "channel": 1}, "attempt": 1}
2026-09-13 00:12:43,591 INFO response {"request_id": "99e1bc0bf34a4e839b9c56c9193f7e28", "http_status": 200, "body": {"accepted": true, "real_timestamp_ms": 1789229560525, "virtual_time_s": 5, "measure_result": "no_signal"}}
2026-09-13 00:12:43,607 INFO request {"path": "/measure", "payload": {"arena_id": "default", "robot_id": "202601002029", "request_id": "8c09481d3c494d3986196b2f9eabb309", "position": {"x": 0.0, "y": 0.0}, "channel": 2}, "attempt": 1}
2026-09-13 00:12:43,620 INFO response {"request_id": "8c09481d3c494d3986196b2f9eabb309", "http_status": 200, "body": {"accepted": true, "real_timestamp_ms": 1789229560555, "virtual_time_s": 11, "measure_result": "no_signal"}}
2026-09-13 00:12:43,635 INFO request {"path": "/measure", "payload": {"arena_id": "default", "robot_id": "202601002029", "request_id": "8f60671762a3471a9765dfd4b75ec319", "position": {"x": 0.0, "y": 0.0}, "channel": 3}, "attempt": 1}
2026-09-13 00:12:43,649 INFO response {"request_id": "8f60671762a3471a9765dfd4b75ec319", "http_status": 200, "body": {"accepted": true, "real_timestamp_ms": 1789229560584, "virtual_time_s": 17, "measure_result": "no_signal"}}
2026-09-13 00:12:43,664 INFO request {"path": "/measure", "payload": {"arena_id": "default", "robot_id": "202601002029", "request_id": "12f6bf26a2704d69b4137b2ca6bbd0bb", "position": {"x": 0.0, "y": 0.0}, "channel": 4}, "attempt": 1}
2026-09-13 00:12:43,665 INFO response {"request_id": "12f6bf26a2704d69b4137b2ca6bbd0bb", "http_status": 200, "body": {"accepted": true, "real_timestamp_ms": 1789229560601, "virtual_time_s": 23, "measure_result": "no_signal"}}
2026-09-13 00:12:43,696 INFO request {"path": "/measure", "payload": {"arena_id": "default", "robot_id": "202601002029", "request_id": "e3c55ead852949fc8391867afcab15d0", "position": {"x": 0.0, "y": 0.0}, "channel": 5}, "attempt": 1}
2026-09-13 00:12:43,707 INFO response {"request_id": "e3c55ead852949fc8391867afcab15d0", "http_status": 200, "body": {"accepted": true, "real_timestamp_ms": 1789229560643, "virtual_time_s": 29, "measure_result": "no_signal"}}
2026-09-13 00:12:43,722 INFO request {"path": "/measure", "payload": {"arena_id": "default", "robot_id": "202601002029", "request_id": "160c3cc251564077beef1c58862106e1", "position": {"x": 0.0, "y": 0.0}, "channel": 6}, "attempt": 1}
2026-09-13 00:12:43,736 INFO response {"request_id": "160c3cc251564077beef1c58862106e1", "http_status": 200, "body": {"accepted": true, "real_timestamp_ms": 1789229560671, "virtual_time_s": 35, "measure_result": "no_signal"}}
2026-09-13 00:12:43,767 INFO request {"path": "/measure", "payload": {"arena_id": "default", "robot_id": "202601002029", "request_id": "97c4ac3e6fee4aebaf3725c88d3b8bd0", "position": {"x": 0.0, "y": 0.0}, "channel": 7}, "attempt": 1}
2026-09-13 00:12:43,787 INFO response {"request_id": "97c4ac3e6fee4aebaf3725c88d3b8bd0", "http_status": 200, "body": {"accepted": true, "real_timestamp_ms": 1789229560721, "virtual_time_s": 41, "measure_result": "no_signal"}}
2026-09-13 00:12:43,787 INFO request {"path": "/measure", "payload": {"arena_id": "default", "robot_id": "202601002029", "request_id": "811133ab40544a89a84f0c1c5accede5", "position": {"x": 0.0, "y": 0.0}, "channel": 8}, "attempt": 1}
2026-09-13 00:12:43,788 INFO response {"request_id": "811133ab40544a89a84f0c1c5accede5", "http_status": 200, "body": {"accepted": true, "real_timestamp_ms": 1789229560723, "virtual_time_s": 47, "measure_result": "no_signal"}}
2026-09-13 00:12:43,819 INFO request {"path": "/measure", "payload": {"arena_id": "default", "robot_id": "202601002029", "request_id": "7b1b9ae6aa734b428adaf0592002c947", "position": {"x": 0.0, "y": 0.0}, "channel": 9}, "attempt": 1}
2026-09-13 00:12:43,821 INFO response {"request_id": "7b1b9ae6aa734b428adaf0592002c947", "http_status": 200, "body": {"accepted": true, "real_timestamp_ms": 1789229560756, "virtual_time_s": 53, "measure_result": "direction", "svd_deg": 123.06}}
2026-09-13 00:12:43,860 INFO request {"path": "/measure", "payload": {"arena_id": "default", "robot_id": "202601002029", "request_id": "9d47586468494137aa29738806f70215", "position": {"x": 0.0, "y": 0.0}, "channel": 10}, "attempt": 1}
2026-09-13 00:12:43,861 INFO response {"request_id": "9d47586468494137aa29738806f70215", "http_status": 200, "body": {"accepted": true, "real_timestamp_ms": 1789229560796, "virtual_time_s": 59, "measure_result": "no_signal"}}
2026-09-13 00:12:43,892 INFO request {"path": "/measure", "payload": {"arena_id": "default", "robot_id": "202601002029", "request_id": "91d655bd862e4e9e9be7551a25d9b2c5", "position": {"x": 0.0, "y": 0.0}, "channel": 11}, "attempt": 1}
2026-09-13 00:12:43,894 INFO response {"request_id": "91d655bd862e4e9e9be7551a25d9b2c5", "http_status": 200, "body": {"accepted": true, "real_timestamp_ms": 1789229560828, "virtual_time_s": 65, "measure_result": "no_signal"}}
2026-09-13 00:12:43,910 INFO request {"path": "/measure", "payload": {"arena_id": "default", "robot_id": "202601002029", "request_id": "3b38f331caeb449189fa32bf91e9962e", "position": {"x": 0.0, "y": 0.0}, "channel": 12}, "attempt": 1}
2026-09-13 00:12:43,924 INFO response {"request_id": "3b38f331caeb449189fa32bf91e9962e", "http_status": 200, "body": {"accepted": true, "real_timestamp_ms": 1789229560859, "virtual_time_s": 71, "measure_result": "direction", "svd_deg": 65.8}}
2026-09-13 00:12:43,942 INFO request {"path": "/measure", "payload": {"arena_id": "default", "robot_id": "202601002029", "request_id": "d56a9dd606ba4385882a48fd13ace56c", "position": {"x": 0.0, "y": 0.0}, "channel": 13}, "attempt": 1}
2026-09-13 00:12:43,944 INFO response {"request_id": "d56a9dd606ba4385882a48fd13ace56c", "http_status": 200, "body": {"accepted": true, "real_timestamp_ms": 1789229560879, "virtual_time_s": 77, "measure_result": "no_signal"}}
2026-09-13 00:12:43,975 INFO request {"path": "/measure", "payload": {"arena_id": "default", "robot_id": "202601002029", "request_id": "4f3d1e7afa514f8cb2f4fcc0f58dd40e", "position": {"x": 0.0, "y": 0.0}, "channel": 14}, "attempt": 1}
2026-09-13 00:12:43,976 INFO response {"request_id": "4f3d1e7afa514f8cb2f4fcc0f58dd40e", "http_status": 200, "body": {"accepted": true, "real_timestamp_ms": 1789229560911, "virtual_time_s": 83, "measure_result": "no_signal"}}
2026-09-13 00:12:44,007 INFO request {"path": "/measure", "payload": {"arena_id": "default", "robot_id": "202601002029", "request_id": "10e96ae4a6e14dafa3a25af5b0915b57", "position": {"x": 0.0, "y": 0.0}, "channel": 15}, "attempt": 1}
2026-09-13 00:12:44,008 INFO response {"request_id": "10e96ae4a6e14dafa3a25af5b0915b57", "http_status": 200, "body": {"accepted": true, "real_timestamp_ms": 1789229560943, "virtual_time_s": 89, "measure_result": "no_signal"}}
2026-09-13 00:12:44,039 INFO request {"path": "/measure", "payload": {"arena_id": "default", "robot_id": "202601002029", "request_id": "7c8abad0f02747c6b10ffc0a63040857", "position": {"x": 0.0, "y": 0.0}, "channel": 16}, "attempt": 1}
2026-09-13 00:12:44,051 INFO response {"request_id": "7c8abad0f02747c6b10ffc0a63040857", "http_status": 200, "body": {"accepted": true, "real_timestamp_ms": 1789229560986, "virtual_time_s": 95, "measure_result": "no_signal"}}
2026-09-13 00:12:44,066 INFO request {"path": "/measure", "payload": {"arena_id": "default", "robot_id": "202601002029", "request_id": "ed8fe75406fd4a3e9a2814044bcaedd1", "position": {"x": 0.0, "y": 0.0}, "channel": 17}, "attempt": 1}
2026-09-13 00:12:44,067 INFO response {"request_id": "ed8fe75406fd4a3e9a2814044bcaedd1", "http_status": 200, "body": {"accepted": true, "real_timestamp_ms": 1789229561002, "virtual_time_s": 101, "measure_result": "direction", "svd_deg": 195.57}}
2026-09-13 00:12:44,100 INFO request {"path": "/measure", "payload": {"arena_id": "default", "robot_id": "202601002029", "request_id": "a3299077132447e78d8885d0f5d23425", "position": {"x": 0.0, "y": 0.0}, "channel": 18}, "attempt": 1}
2026-09-13 00:12:44,101 INFO response {"request_id": "a3299077132447e78d8885d0f5d23425", "http_status": 200, "body": {"accepted": true, "real_timestamp_ms": 1789229561036, "virtual_time_s": 107, "measure_result": "direction", "svd_deg": 357.51}}
2026-09-13 00:12:44,134 INFO request {"path": "/measure", "payload": {"arena_id": "default", "robot_id": "202601002029", "request_id": "711795244f4f49d5b9ec3a736f34039b", "position": {"x": 0.0, "y": 0.0}, "channel": 19}, "attempt": 1}
2026-09-13 00:12:44,150 INFO response {"request_id": "711795244f4f49d5b9ec3a736f34039b", "http_status": 200, "body": {"accepted": true, "real_timestamp_ms": 1789229561084, "virtual_time_s": 113, "measure_result": "direction", "svd_deg": 101.9}}
2026-09-13 00:12:44,170 INFO request {"path": "/measure", "payload": {"arena_id": "default", "robot_id": "202601002029", "request_id": "d3ce4de260674e5e9afbc2a797fa7165", "position": {"x": 0.0, "y": 0.0}, "channel": 20}, "attempt": 1}
2026-09-13 00:12:44,189 INFO response {"request_id": "d3ce4de260674e5e9afbc2a797fa7165", "http_status": 200, "body": {"accepted": true, "real_timestamp_ms": 1789229561124, "virtual_time_s": 119, "measure_result": "no_signal"}}
2026-09-13 00:12:44,694 INFO request {"path": "/measure", "payload": {"arena_id": "default", "robot_id": "202601002029", "request_id": "f1f8860408e84682901f36280e4efc5d", "position": {"x": 490.0000000000001, "y": 848.7048957087499}, "channel": 20}, "attempt": 1}
2026-09-13 00:12:44,713 INFO response {"request_id": "f1f8860408e84682901f36280e4efc5d", "http_status": 200, "body": {"accepted": true, "real_timestamp_ms": 1789229561648, "virtual_time_s": 320, "measure_result": "no_signal"}}
2026-09-13 00:12:44,728 INFO request {"path": "/measure", "payload": {"arena_id": "default", "robot_id": "202601002029", "request_id": "1642c9197a864169af19919025a96433", "position": {"x": 490.0000000000001, "y": 848.7048957087499}, "channel": 1}, "attempt": 1}
2026-09-13 00:12:44,731 INFO response {"request_id": "1642c9197a864169af19919025a96433", "http_status": 200, "body": {"accepted": true, "real_timestamp_ms": 1789229561666, "virtual_time_s": 326, "measure_result": "no_signal"}}
2026-09-13 00:12:44,761 INFO request {"path": "/measure", "payload": {"arena_id": "default", "robot_id": "202601002029", "request_id": "2d10cc78d74c4e2a94e870c3595cb9b1", "position": {"x": 490.0000000000001, "y": 848.7048957087499}, "channel": 2}, "attempt": 1}
2026-09-13 00:12:44,782 INFO response {"request_id": "2d10cc78d74c4e2a94e870c3595cb9b1", "http_status": 200, "body": {"accepted": true, "real_timestamp_ms": 1789229561717, "virtual_time_s": 332, "measure_result": "no_signal"}}
2026-09-13 00:12:44,798 INFO request {"path": "/measure", "payload": {"arena_id": "default", "robot_id": "202601002029", "request_id": "2ce7861e38f04fdb9f30b014e1b799e4", "position": {"x": 490.0000000000001, "y": 848.7048957087499}, "channel": 3}, "attempt": 1}
2026-09-13 00:12:44,812 INFO response {"request_id": "2ce7861e38f04fdb9f30b014e1b799e4", "http_status": 200, "body": {"accepted": true, "real_timestamp_ms": 1789229561747, "virtual_time_s": 338, "measure_result": "no_signal"}}
2026-09-13 00:12:44,826 INFO request {"path": "/measure", "payload": {"arena_id": "default", "robot_id": "202601002029", "request_id": "93e364bc55ef4d59b95983520f9fa26d", "position": {"x": 490.0000000000001, "y": 848.7048957087499}, "channel": 4}, "attempt": 1}
2026-09-13 00:12:44,828 INFO response {"request_id": "93e364bc55ef4d59b95983520f9fa26d", "http_status": 200, "body": {"accepted": true, "real_timestamp_ms": 1789229561763, "virtual_time_s": 344, "measure_result": "no_signal"}}
2026-09-13 00:12:44,859 INFO request {"path": "/measure", "payload": {"arena_id": "default", "robot_id": "202601002029", "request_id": "2f2f3fc3901544d797bc607a3f0b7972", "position": {"x": 490.0000000000001, "y": 848.7048957087499}, "channel": 5}, "attempt": 1}
2026-09-13 00:12:44,880 INFO response {"request_id": "2f2f3fc3901544d797bc607a3f0b7972", "http_status": 200, "body": {"accepted": true, "real_timestamp_ms": 1789229561815, "virtual_time_s": 350, "measure_result": "no_signal"}}
2026-09-13 00:12:44,880 INFO request {"path": "/measure", "payload": {"arena_id": "default", "robot_id": "202601002029", "request_id": "ce559d452a0144e99f7bc6bfd5d35944", "position": {"x": 490.0000000000001, "y": 848.7048957087499}, "channel": 6}, "attempt": 1}
2026-09-13 00:12:44,898 INFO response {"request_id": "ce559d452a0144e99f7bc6bfd5d35944", "http_status": 200, "body": {"accepted": true, "real_timestamp_ms": 1789229561834, "virtual_time_s": 356, "measure_result": "direction", "svd_deg": 247.6}}
2026-09-13 00:12:44,916 INFO request {"path": "/measure", "payload": {"arena_id": "default", "robot_id": "202601002029", "request_id": "f3a7f21cfb5941c9affc3013d17a4010", "position": {"x": 490.0000000000001, "y": 848.7048957087499}, "channel": 7}, "attempt": 1}
2026-09-13 00:12:44,917 INFO response {"request_id": "f3a7f21cfb5941c9affc3013d17a4010", "http_status": 200, "body": {"accepted": true, "real_timestamp_ms": 1789229561852, "virtual_time_s": 362, "measure_result": "no_signal"}}
2026-09-13 00:12:44,948 INFO request {"path": "/measure", "payload": {"arena_id": "default", "robot_id": "202601002029", "request_id": "987853216eb84a9ab3ff88344878a866", "position": {"x": 490.0000000000001, "y": 848.7048957087499}, "channel": 8}, "attempt": 1}
2026-09-13 00:12:44,959 INFO response {"request_id": "987853216eb84a9ab3ff88344878a866", "http_status": 200, "body": {"accepted": true, "real_timestamp_ms": 1789229561894, "virtual_time_s": 368, "measure_result": "direction", "svd_deg": 54.09}}
2026-09-13 00:12:44,975 INFO request {"path": "/measure", "payload": {"arena_id": "default", "robot_id": "202601002029", "request_id": "8f5529df07ba484b9289f205a2e1cfed", "position": {"x": 490.0000000000001, "y": 848.7048957087499}, "channel": 10}, "attempt": 1}
2026-09-13 00:12:44,976 INFO response {"request_id": "8f5529df07ba484b9289f205a2e1cfed", "http_status": 200, "body": {"accepted": true, "real_timestamp_ms": 1789229561912, "virtual_time_s": 374, "measure_result": "no_signal"}}
2026-09-13 00:12:45,007 INFO request {"path": "/measure", "payload": {"arena_id": "default", "robot_id": "202601002029", "request_id": "2b72f2aa632f4c8cbc80d319134a9ad6", "position": {"x": 490.0000000000001, "y": 848.7048957087499}, "channel": 11}, "attempt": 1}
2026-09-13 00:12:45,027 INFO response {"request_id": "2b72f2aa632f4c8cbc80d319134a9ad6", "http_status": 200, "body": {"accepted": true, "real_timestamp_ms": 1789229561961, "virtual_time_s": 380, "measure_result": "no_signal"}}
2026-09-13 00:12:45,042 INFO request {"path": "/measure", "payload": {"arena_id": "default", "robot_id": "202601002029", "request_id": "6a43d1b9a59449179aec8d42d754fde4", "position": {"x": 490.0000000000001, "y": 848.7048957087499}, "channel": 13}, "attempt": 1}
2026-09-13 00:12:45,044 INFO response {"request_id": "6a43d1b9a59449179aec8d42d754fde4", "http_status": 200, "body": {"accepted": true, "real_timestamp_ms": 1789229561979, "virtual_time_s": 386, "measure_result": "no_signal"}}
2026-09-13 00:12:45,075 INFO request {"path": "/measure", "payload": {"arena_id": "default", "robot_id": "202601002029", "request_id": "04c22a9dcae74b978eed9ecc95580b06", "position": {"x": 490.0000000000001, "y": 848.7048957087499}, "channel": 14}, "attempt": 1}
2026-09-13 00:12:45,096 INFO response {"request_id": "04c22a9dcae74b978eed9ecc95580b06", "http_status": 200, "body": {"accepted": true, "real_timestamp_ms": 1789229562031, "virtual_time_s": 392, "measure_result": "no_signal"}}
2026-09-13 00:12:45,110 INFO request {"path": "/measure", "payload": {"arena_id": "default", "robot_id": "202601002029", "request_id": "cc376f91eac74bb28c66651161994597", "position": {"x": 490.0000000000001, "y": 848.7048957087499}, "channel": 15}, "attempt": 1}
2026-09-13 00:12:45,111 INFO response {"request_id": "cc376f91eac74bb28c66651161994597", "http_status": 200, "body": {"accepted": true, "real_timestamp_ms": 1789229562046, "virtual_time_s": 398, "measure_result": "no_signal"}}
2026-09-13 00:12:45,142 INFO request {"path": "/measure", "payload": {"arena_id": "default", "robot_id": "202601002029", "request_id": "27f43818441b419d84dedf84d5525c10", "position": {"x": 490.0000000000001, "y": 848.7048957087499}, "channel": 16}, "attempt": 1}
2026-09-13 00:12:45,153 INFO response {"request_id": "27f43818441b419d84dedf84d5525c10", "http_status": 200, "body": {"accepted": true, "real_timestamp_ms": 1789229562089, "virtual_time_s": 404, "measure_result": "no_signal"}}
2026-09-13 00:12:45,215 INFO request {"path": "/measure", "payload": {"arena_id": "default", "robot_id": "202601002029", "request_id": "de655abfb25e4ea190db85a6ba075048", "position": {"x": 490.0000000000001, "y": 848.7048957087499}, "channel": 9}, "attempt": 1}
2026-09-13 00:12:45,217 INFO response {"request_id": "de655abfb25e4ea190db85a6ba075048", "http_status": 200, "body": {"accepted": true, "real_timestamp_ms": 1789229562152, "virtual_time_s": 410, "measure_result": "direction", "svd_deg": 192.85}}
2026-09-13 00:12:45,250 INFO request {"path": "/measure", "payload": {"arena_id": "default", "robot_id": "202601002029", "request_id": "13022c570116433e98118d1e57af4d9b", "position": {"x": 490.0000000000001, "y": 848.7048957087499}, "channel": 19}, "attempt": 1}
2026-09-13 00:12:45,252 INFO response {"request_id": "13022c570116433e98118d1e57af4d9b", "http_status": 200, "body": {"accepted": true, "real_timestamp_ms": 1789229562187, "virtual_time_s": 416, "measure_result": "no_signal"}}
2026-09-13 00:12:45,282 INFO request {"path": "/measure", "payload": {"arena_id": "default", "robot_id": "202601002029", "request_id": "58cb25cf6ef2416c90ceadac5bebafd3", "position": {"x": 490.0000000000001, "y": 848.7048957087499}, "channel": 12}, "attempt": 1}
2026-09-13 00:12:45,301 INFO response {"request_id": "58cb25cf6ef2416c90ceadac5bebafd3", "http_status": 200, "body": {"accepted": true, "real_timestamp_ms": 1789229562235, "virtual_time_s": 422, "measure_result": "direction", "svd_deg": 80.41}}
2026-09-13 00:12:45,912 INFO request {"path": "/measure", "payload": {"arena_id": "default", "robot_id": "202601002029", "request_id": "f51e4f08880740d99991d020cd60e252", "position": {"x": 848.70489570875, "y": 489.99999999999994}, "channel": 1}, "attempt": 1}
2026-09-13 00:12:45,931 INFO response {"request_id": "f51e4f08880740d99991d020cd60e252", "http_status": 200, "body": {"accepted": true, "real_timestamp_ms": 1789229562866, "virtual_time_s": 529.457066, "measure_result": "no_signal"}}
2026-09-13 00:12:45,946 INFO request {"path": "/measure", "payload": {"arena_id": "default", "robot_id": "202601002029", "request_id": "12e5234aad864bba99c7aecc2a649edf", "position": {"x": 848.70489570875, "y": 489.99999999999994}, "channel": 2}, "attempt": 1}
2026-09-13 00:12:45,947 INFO response {"request_id": "12e5234aad864bba99c7aecc2a649edf", "http_status": 200, "body": {"accepted": true, "real_timestamp_ms": 1789229562883, "virtual_time_s": 535.457066, "measure_result": "no_signal"}}
2026-09-13 00:12:45,978 INFO request {"path": "/measure", "payload": {"arena_id": "default", "robot_id": "202601002029", "request_id": "615e13ee1c354edaa1d23e761bdb9065", "position": {"x": 848.70489570875, "y": 489.99999999999994}, "channel": 3}, "attempt": 1}
2026-09-13 00:12:45,990 INFO response {"request_id": "615e13ee1c354edaa1d23e761bdb9065", "http_status": 200, "body": {"accepted": true, "real_timestamp_ms": 1789229562925, "virtual_time_s": 541.457066, "measure_result": "no_signal"}}
2026-09-13 00:12:46,004 INFO request {"path": "/measure", "payload": {"arena_id": "default", "robot_id": "202601002029", "request_id": "87f7aeaefb97407fa672711c2342866e", "position": {"x": 848.70489570875, "y": 489.99999999999994}, "channel": 4}, "attempt": 1}
2026-09-13 00:12:46,019 INFO response {"request_id": "87f7aeaefb97407fa672711c2342866e", "http_status": 200, "body": {"accepted": true, "real_timestamp_ms": 1789229562954, "virtual_time_s": 547.457066, "measure_result": "no_signal"}}
2026-09-13 00:12:46,034 INFO request {"path": "/measure", "payload": {"arena_id": "default", "robot_id": "202601002029", "request_id": "268de4e6501c4ad4915413029c4fc60a", "position": {"x": 848.70489570875, "y": 489.99999999999994}, "channel": 5}, "attempt": 1}
2026-09-13 00:12:46,048 INFO response {"request_id": "268de4e6501c4ad4915413029c4fc60a", "http_status": 200, "body": {"accepted": true, "real_timestamp_ms": 1789229562984, "virtual_time_s": 553.457066, "measure_result": "no_signal"}}
2026-09-13 00:12:46,063 INFO request {"path": "/measure", "payload": {"arena_id": "default", "robot_id": "202601002029", "request_id": "f5f5822f0ea14325a7c670e570e44992", "position": {"x": 848.70489570875, "y": 489.99999999999994}, "channel": 7}, "attempt": 1}
2026-09-13 00:12:46,078 INFO response {"request_id": "f5f5822f0ea14325a7c670e570e44992", "http_status": 200, "body": {"accepted": true, "real_timestamp_ms": 1789229563013, "virtual_time_s": 559.457066, "measure_result": "no_signal"}}
2026-09-13 00:12:46,093 INFO request {"path": "/measure", "payload": {"arena_id": "default", "robot_id": "202601002029", "request_id": "022e164f1e4040bca859d35fd1ab1515", "position": {"x": 848.70489570875, "y": 489.99999999999994}, "channel": 10}, "attempt": 1}
2026-09-13 00:12:46,095 INFO response {"request_id": "022e164f1e4040bca859d35fd1ab1515", "http_status": 200, "body": {"accepted": true, "real_timestamp_ms": 1789229563030, "virtual_time_s": 565.457066, "measure_result": "no_signal"}}
2026-09-13 00:12:46,125 INFO request {"path": "/measure", "payload": {"arena_id": "default", "robot_id": "202601002029", "request_id": "b0abe1b60de747a0965ec36d99be01dd", "position": {"x": 848.70489570875, "y": 489.99999999999994}, "channel": 11}, "attempt": 1}
2026-09-13 00:12:46,127 INFO response {"request_id": "b0abe1b60de747a0965ec36d99be01dd", "http_status": 200, "body": {"accepted": true, "real_timestamp_ms": 1789229563062, "virtual_time_s": 571.457066, "measure_result": "no_signal"}}
2026-09-13 00:12:46,158 INFO request {"path": "/measure", "payload": {"arena_id": "default", "robot_id": "202601002029", "request_id": "1249bf83e2b84c9b9b5a9288f20e6131", "position": {"x": 848.70489570875, "y": 489.99999999999994}, "channel": 13}, "attempt": 1}
2026-09-13 00:12:46,175 INFO response {"request_id": "1249bf83e2b84c9b9b5a9288f20e6131", "http_status": 200, "body": {"accepted": true, "real_timestamp_ms": 1789229563110, "virtual_time_s": 577.457066, "measure_result": "no_signal"}}
2026-09-13 00:12:46,190 INFO request {"path": "/measure", "payload": {"arena_id": "default", "robot_id": "202601002029", "request_id": "76a2266523cc4de19b69c7c4fcf8f9b0", "position": {"x": 848.70489570875, "y": 489.99999999999994}, "channel": 14}, "attempt": 1}
2026-09-13 00:12:46,193 INFO response {"request_id": "76a2266523cc4de19b69c7c4fcf8f9b0", "http_status": 200, "body": {"accepted": true, "real_timestamp_ms": 1789229563128, "virtual_time_s": 583.457066, "measure_result": "no_signal"}}
2026-09-13 00:12:46,209 INFO request {"path": "/measure", "payload": {"arena_id": "default", "robot_id": "202601002029", "request_id": "362652be6e4f4d9592190d154ae17282", "position": {"x": 848.70489570875, "y": 489.99999999999994}, "channel": 15}, "attempt": 1}
2026-09-13 00:12:46,212 INFO response {"request_id": "362652be6e4f4d9592190d154ae17282", "http_status": 200, "body": {"accepted": true, "real_timestamp_ms": 1789229563146, "virtual_time_s": 589.457066, "measure_result": "no_signal"}}
2026-09-13 00:12:46,243 INFO request {"path": "/measure", "payload": {"arena_id": "default", "robot_id": "202601002029", "request_id": "a045376211f54f8d8b2bcb7cd7b3f444", "position": {"x": 848.70489570875, "y": 489.99999999999994}, "channel": 16}, "attempt": 1}
2026-09-13 00:12:46,244 INFO response {"request_id": "a045376211f54f8d8b2bcb7cd7b3f444", "http_status": 200, "body": {"accepted": true, "real_timestamp_ms": 1789229563179, "virtual_time_s": 595.457066, "measure_result": "no_signal"}}
2026-09-13 00:12:46,275 INFO request {"path": "/measure", "payload": {"arena_id": "default", "robot_id": "202601002029", "request_id": "e2baed4c063b43eea62dea9bdc72697e", "position": {"x": 848.70489570875, "y": 489.99999999999994}, "channel": 20}, "attempt": 1}
2026-09-13 00:12:46,294 INFO response {"request_id": "e2baed4c063b43eea62dea9bdc72697e", "http_status": 200, "body": {"accepted": true, "real_timestamp_ms": 1789229563228, "virtual_time_s": 601.457066, "measure_result": "no_signal"}}
2026-09-13 00:12:46,428 INFO request {"path": "/measure", "payload": {"arena_id": "default", "robot_id": "202601002029", "request_id": "621148cd705442b9883816ac8d4c2f58", "position": {"x": 848.70489570875, "y": 489.99999999999994}, "channel": 6}, "attempt": 1}
2026-09-13 00:12:46,430 INFO response {"request_id": "621148cd705442b9883816ac8d4c2f58", "http_status": 200, "body": {"accepted": true, "real_timestamp_ms": 1789229563365, "virtual_time_s": 607.457066, "measure_result": "direction", "svd_deg": 201.55}}
2026-09-13 00:12:46,463 INFO request {"path": "/measure", "payload": {"arena_id": "default", "robot_id": "202601002029", "request_id": "54e4e73036b947c1b8e6b7608075c186", "position": {"x": 848.70489570875, "y": 489.99999999999994}, "channel": 18}, "attempt": 1}
2026-09-13 00:12:46,480 INFO response {"request_id": "54e4e73036b947c1b8e6b7608075c186", "http_status": 200, "body": {"accepted": true, "real_timestamp_ms": 1789229563415, "virtual_time_s": 613.457066, "measure_result": "no_signal"}}
2026-09-13 00:12:46,496 INFO request {"path": "/measure", "payload": {"arena_id": "default", "robot_id": "202601002029", "request_id": "5b26ceafb86b4c5d80e1791d84286be3", "position": {"x": 848.70489570875, "y": 489.99999999999994}, "channel": 8}, "attempt": 1}
2026-09-13 00:12:46,510 INFO response {"request_id": "5b26ceafb86b4c5d80e1791d84286be3", "http_status": 200, "body": {"accepted": true, "real_timestamp_ms": 1789229563444, "virtual_time_s": 619.457066, "measure_result": "direction", "svd_deg": 98.77}}
2026-09-13 00:12:47,092 INFO request {"path": "/measure", "payload": {"arena_id": "default", "robot_id": "202601002029", "request_id": "524cee62c3844379bcdb471f44821b24", "position": {"x": 6.000769315822031e-14, "y": 980.0}, "channel": 1}, "attempt": 1}
2026-09-13 00:12:47,107 INFO response {"request_id": "524cee62c3844379bcdb471f44821b24", "http_status": 200, "body": {"accepted": true, "real_timestamp_ms": 1789229564042, "virtual_time_s": 821.457066, "measure_result": "no_signal"}}
2026-09-13 00:12:47,123 INFO request {"path": "/measure", "payload": {"arena_id": "default", "robot_id": "202601002029", "request_id": "769e030850e24cc2b0f8ba0249946c68", "position": {"x": 6.000769315822031e-14, "y": 980.0}, "channel": 2}, "attempt": 1}
2026-09-13 00:12:47,137 INFO response {"request_id": "769e030850e24cc2b0f8ba0249946c68", "http_status": 200, "body": {"accepted": true, "real_timestamp_ms": 1789229564072, "virtual_time_s": 827.457066, "measure_result": "no_signal"}}
2026-09-13 00:12:47,151 INFO request {"path": "/measure", "payload": {"arena_id": "default", "robot_id": "202601002029", "request_id": "33652c3c0dde4290b5b68fc7459a719b", "position": {"x": 6.000769315822031e-14, "y": 980.0}, "channel": 3}, "attempt": 1}
2026-09-13 00:12:47,166 INFO response {"request_id": "33652c3c0dde4290b5b68fc7459a719b", "http_status": 200, "body": {"accepted": true, "real_timestamp_ms": 1789229564101, "virtual_time_s": 833.457066, "measure_result": "no_signal"}}
2026-09-13 00:12:47,181 INFO request {"path": "/measure", "payload": {"arena_id": "default", "robot_id": "202601002029", "request_id": "f4fbec613ef340379b6e31af65ee1e0d", "position": {"x": 6.000769315822031e-14, "y": 980.0}, "channel": 4}, "attempt": 1}
2026-09-13 00:12:47,196 INFO response {"request_id": "f4fbec613ef340379b6e31af65ee1e0d", "http_status": 200, "body": {"accepted": true, "real_timestamp_ms": 1789229564131, "virtual_time_s": 839.457066, "measure_result": "no_signal"}}
2026-09-13 00:12:47,211 INFO request {"path": "/measure", "payload": {"arena_id": "default", "robot_id": "202601002029", "request_id": "3164f85f86b84b9d9885cb149bff52e5", "position": {"x": 6.000769315822031e-14, "y": 980.0}, "channel": 5}, "attempt": 1}
2026-09-13 00:12:47,226 INFO response {"request_id": "3164f85f86b84b9d9885cb149bff52e5", "http_status": 200, "body": {"accepted": true, "real_timestamp_ms": 1789229564160, "virtual_time_s": 845.457066, "measure_result": "no_signal"}}
2026-09-13 00:12:47,242 INFO request {"path": "/measure", "payload": {"arena_id": "default", "robot_id": "202601002029", "request_id": "42c9c45c5eb24434b64f6790670fd554", "position": {"x": 6.000769315822031e-14, "y": 980.0}, "channel": 7}, "attempt": 1}
2026-09-13 00:12:47,254 INFO response {"request_id": "42c9c45c5eb24434b64f6790670fd554", "http_status": 200, "body": {"accepted": true, "real_timestamp_ms": 1789229564189, "virtual_time_s": 851.457066, "measure_result": "no_signal"}}
2026-09-13 00:12:47,269 INFO request {"path": "/measure", "payload": {"arena_id": "default", "robot_id": "202601002029", "request_id": "66c8e529bc3d44df85b34df7f713ea69", "position": {"x": 6.000769315822031e-14, "y": 980.0}, "channel": 10}, "attempt": 1}
2026-09-13 00:12:47,271 INFO response {"request_id": "66c8e529bc3d44df85b34df7f713ea69", "http_status": 200, "body": {"accepted": true, "real_timestamp_ms": 1789229564205, "virtual_time_s": 857.457066, "measure_result": "no_signal"}}
2026-09-13 00:12:47,287 INFO request {"path": "/measure", "payload": {"arena_id": "default", "robot_id": "202601002029", "request_id": "24630433e0ba4482809ce4c04a455b8e", "position": {"x": 6.000769315822031e-14, "y": 980.0}, "channel": 11}, "attempt": 1}
2026-09-13 00:12:47,289 INFO response {"request_id": "24630433e0ba4482809ce4c04a455b8e", "http_status": 200, "body": {"accepted": true, "real_timestamp_ms": 1789229564224, "virtual_time_s": 863.457066, "measure_result": "no_signal"}}
2026-09-13 00:12:47,320 INFO request {"path": "/measure", "payload": {"arena_id": "default", "robot_id": "202601002029", "request_id": "9eade123798f45a1a34c6a313d8cdfa1", "position": {"x": 6.000769315822031e-14, "y": 980.0}, "channel": 13}, "attempt": 1}
2026-09-13 00:12:47,322 INFO response {"request_id": "9eade123798f45a1a34c6a313d8cdfa1", "http_status": 200, "body": {"accepted": true, "real_timestamp_ms": 1789229564257, "virtual_time_s": 869.457066, "measure_result": "no_signal"}}
2026-09-13 00:12:47,353 INFO request {"path": "/measure", "payload": {"arena_id": "default", "robot_id": "202601002029", "request_id": "82cf8cbacf5e47c88d58e1100177eb55", "position": {"x": 6.000769315822031e-14, "y": 980.0}, "channel": 14}, "attempt": 1}
2026-09-13 00:12:47,372 INFO response {"request_id": "82cf8cbacf5e47c88d58e1100177eb55", "http_status": 200, "body": {"accepted": true, "real_timestamp_ms": 1789229564306, "virtual_time_s": 875.457066, "measure_result": "no_signal"}}
2026-09-13 00:12:47,387 INFO request {"path": "/measure", "payload": {"arena_id": "default", "robot_id": "202601002029", "request_id": "86433e4377e64e89ba9dcdde4101cea7", "position": {"x": 6.000769315822031e-14, "y": 980.0}, "channel": 15}, "attempt": 1}
2026-09-13 00:12:47,388 INFO response {"request_id": "86433e4377e64e89ba9dcdde4101cea7", "http_status": 200, "body": {"accepted": true, "real_timestamp_ms": 1789229564323, "virtual_time_s": 881.457066, "measure_result": "no_signal"}}
2026-09-13 00:12:47,419 INFO request {"path": "/measure", "payload": {"arena_id": "default", "robot_id": "202601002029", "request_id": "88b163e6442b406b9e673543bba32f42", "position": {"x": 6.000769315822031e-14, "y": 980.0}, "channel": 16}, "attempt": 1}
2026-09-13 00:12:47,440 INFO response {"request_id": "88b163e6442b406b9e673543bba32f42", "http_status": 200, "body": {"accepted": true, "real_timestamp_ms": 1789229564375, "virtual_time_s": 887.457066, "measure_result": "no_signal"}}
2026-09-13 00:12:47,455 INFO request {"path": "/measure", "payload": {"arena_id": "default", "robot_id": "202601002029", "request_id": "5e7d7194ed094f7daeb69e0be7b46e3e", "position": {"x": 6.000769315822031e-14, "y": 980.0}, "channel": 20}, "attempt": 1}
2026-09-13 00:12:47,469 INFO response {"request_id": "5e7d7194ed094f7daeb69e0be7b46e3e", "http_status": 200, "body": {"accepted": true, "real_timestamp_ms": 1789229564404, "virtual_time_s": 893.457066, "measure_result": "no_signal"}}
2026-09-13 00:12:47,570 INFO request {"path": "/measure", "payload": {"arena_id": "default", "robot_id": "202601002029", "request_id": "fc6f390023014440908a25e77452dd06", "position": {"x": 6.000769315822031e-14, "y": 980.0}, "channel": 9}, "attempt": 1}
2026-09-13 00:12:47,587 INFO response {"request_id": "fc6f390023014440908a25e77452dd06", "http_status": 200, "body": {"accepted": true, "real_timestamp_ms": 1789229564522, "virtual_time_s": 899.457066, "measure_result": "direction", "svd_deg": 218.64}}
2026-09-13 00:12:47,609 INFO request {"path": "/measure", "payload": {"arena_id": "default", "robot_id": "202601002029", "request_id": "46d99c855553433d83f25c5da72f83ac", "position": {"x": 6.000769315822031e-14, "y": 980.0}, "channel": 8}, "attempt": 1}
2026-09-13 00:12:47,626 INFO response {"request_id": "46d99c855553433d83f25c5da72f83ac", "http_status": 200, "body": {"accepted": true, "real_timestamp_ms": 1789229564561, "virtual_time_s": 905.457066, "measure_result": "direction", "svd_deg": 15.85}}
2026-09-13 00:12:47,635 INFO request {"path": "/measure", "payload": {"arena_id": "default", "robot_id": "202601002029", "request_id": "b65d5846dccc486b83360c90730e474b", "position": {"x": 6.000769315822031e-14, "y": 980.0}, "channel": 6}, "attempt": 1}
2026-09-13 00:12:47,637 INFO response {"request_id": "b65d5846dccc486b83360c90730e474b", "http_status": 200, "body": {"accepted": true, "real_timestamp_ms": 1789229564572, "virtual_time_s": 911.457066, "measure_result": "no_signal"}}
2026-09-13 00:12:48,588 INFO request {"path": "/measure", "payload": {"arena_id": "default", "robot_id": "202601002029", "request_id": "e68b0dcea52e444591194c1734c06bdf", "position": {"x": -489.9999999999998, "y": 848.70489570875}, "channel": 1}, "attempt": 1}
2026-09-13 00:12:48,601 INFO response {"request_id": "e68b0dcea52e444591194c1734c06bdf", "http_status": 200, "body": {"accepted": true, "real_timestamp_ms": 1789229565536, "virtual_time_s": 1018.914132, "measure_result": "no_signal"}}
2026-09-13 00:12:48,617 INFO request {"path": "/measure", "payload": {"arena_id": "default", "robot_id": "202601002029", "request_id": "b6d917189a464f5998955e58650bb141", "position": {"x": -489.9999999999998, "y": 848.70489570875}, "channel": 2}, "attempt": 1}
2026-09-13 00:12:48,630 INFO response {"request_id": "b6d917189a464f5998955e58650bb141", "http_status": 200, "body": {"accepted": true, "real_timestamp_ms": 1789229565565, "virtual_time_s": 1024.914132, "measure_result": "no_signal"}}
2026-09-13 00:12:48,645 INFO request {"path": "/measure", "payload": {"arena_id": "default", "robot_id": "202601002029", "request_id": "bc9c61a324294503821e734f848a906b", "position": {"x": -489.9999999999998, "y": 848.70489570875}, "channel": 3}, "attempt": 1}
2026-09-13 00:12:48,659 INFO response {"request_id": "bc9c61a324294503821e734f848a906b", "http_status": 200, "body": {"accepted": true, "real_timestamp_ms": 1789229565594, "virtual_time_s": 1030.914132, "measure_result": "no_signal"}}
2026-09-13 00:12:48,690 INFO request {"path": "/measure", "payload": {"arena_id": "default", "robot_id": "202601002029", "request_id": "761bc444296349609746bd471619d607", "position": {"x": -489.9999999999998, "y": 848.70489570875}, "channel": 4}, "attempt": 1}
2026-09-13 00:12:48,708 INFO response {"request_id": "761bc444296349609746bd471619d607", "http_status": 200, "body": {"accepted": true, "real_timestamp_ms": 1789229565642, "virtual_time_s": 1036.914132, "measure_result": "no_signal"}}
2026-09-13 00:12:48,708 INFO request {"path": "/measure", "payload": {"arena_id": "default", "robot_id": "202601002029", "request_id": "31a1a148446c441795d2015f8a0a9658", "position": {"x": -489.9999999999998, "y": 848.70489570875}, "channel": 5}, "attempt": 1}
2026-09-13 00:12:48,709 INFO response {"request_id": "31a1a148446c441795d2015f8a0a9658", "http_status": 200, "body": {"accepted": true, "real_timestamp_ms": 1789229565644, "virtual_time_s": 1042.914132, "measure_result": "no_signal"}}
2026-09-13 00:12:48,740 INFO request {"path": "/measure", "payload": {"arena_id": "default", "robot_id": "202601002029", "request_id": "f9e916d62be54aef9dc020c4f543d808", "position": {"x": -489.9999999999998, "y": 848.70489570875}, "channel": 7}, "attempt": 1}
2026-09-13 00:12:48,742 INFO response {"request_id": "f9e916d62be54aef9dc020c4f543d808", "http_status": 200, "body": {"accepted": true, "real_timestamp_ms": 1789229565677, "virtual_time_s": 1048.914132, "measure_result": "no_signal"}}
2026-09-13 00:12:48,773 INFO request {"path": "/measure", "payload": {"arena_id": "default", "robot_id": "202601002029", "request_id": "c2e94222628745d6adbe541c65793474", "position": {"x": -489.9999999999998, "y": 848.70489570875}, "channel": 10}, "attempt": 1}
2026-09-13 00:12:48,774 INFO response {"request_id": "c2e94222628745d6adbe541c65793474", "http_status": 200, "body": {"accepted": true, "real_timestamp_ms": 1789229565709, "virtual_time_s": 1054.914132, "measure_result": "no_signal"}}
2026-09-13 00:12:48,805 INFO request {"path": "/measure", "payload": {"arena_id": "default", "robot_id": "202601002029", "request_id": "013e1283e50441f9bc64eaead0eec0c8", "position": {"x": -489.9999999999998, "y": 848.70489570875}, "channel": 11}, "attempt": 1}
2026-09-13 00:12:48,824 INFO response {"request_id": "013e1283e50441f9bc64eaead0eec0c8", "http_status": 200, "body": {"accepted": true, "real_timestamp_ms": 1789229565759, "virtual_time_s": 1060.914132, "measure_result": "no_signal"}}
2026-09-13 00:12:48,839 INFO request {"path": "/measure", "payload": {"arena_id": "default", "robot_id": "202601002029", "request_id": "9018e0c2b18d4266a020b257ef2110bb", "position": {"x": -489.9999999999998, "y": 848.70489570875}, "channel": 13}, "attempt": 1}
2026-09-13 00:12:48,840 INFO response {"request_id": "9018e0c2b18d4266a020b257ef2110bb", "http_status": 200, "body": {"accepted": true, "real_timestamp_ms": 1789229565776, "virtual_time_s": 1066.914132, "measure_result": "no_signal"}}
2026-09-13 00:12:48,871 INFO request {"path": "/measure", "payload": {"arena_id": "default", "robot_id": "202601002029", "request_id": "fbc5a6baff4c45f084ddf125d466d7da", "position": {"x": -489.9999999999998, "y": 848.70489570875}, "channel": 14}, "attempt": 1}
2026-09-13 00:12:48,883 INFO response {"request_id": "fbc5a6baff4c45f084ddf125d466d7da", "http_status": 200, "body": {"accepted": true, "real_timestamp_ms": 1789229565818, "virtual_time_s": 1072.914132, "measure_result": "no_signal"}}
2026-09-13 00:12:48,898 INFO request {"path": "/measure", "payload": {"arena_id": "default", "robot_id": "202601002029", "request_id": "c154d2960e924bedb411c266ee931e11", "position": {"x": -489.9999999999998, "y": 848.70489570875}, "channel": 15}, "attempt": 1}
2026-09-13 00:12:48,899 INFO response {"request_id": "c154d2960e924bedb411c266ee931e11", "http_status": 200, "body": {"accepted": true, "real_timestamp_ms": 1789229565834, "virtual_time_s": 1078.914132, "measure_result": "no_signal"}}
2026-09-13 00:12:48,930 INFO request {"path": "/measure", "payload": {"arena_id": "default", "robot_id": "202601002029", "request_id": "949e49175f304f2ea914f1e1cb6a8ba5", "position": {"x": -489.9999999999998, "y": 848.70489570875}, "channel": 16}, "attempt": 1}
2026-09-13 00:12:48,933 INFO response {"request_id": "949e49175f304f2ea914f1e1cb6a8ba5", "http_status": 200, "body": {"accepted": true, "real_timestamp_ms": 1789229565867, "virtual_time_s": 1084.914132, "measure_result": "no_signal"}}
2026-09-13 00:12:48,963 INFO request {"path": "/measure", "payload": {"arena_id": "default", "robot_id": "202601002029", "request_id": "e7c492b5f95b4db2b8d7e4a754ebc887", "position": {"x": -489.9999999999998, "y": 848.70489570875}, "channel": 20}, "attempt": 1}
2026-09-13 00:12:48,964 INFO response {"request_id": "e7c492b5f95b4db2b8d7e4a754ebc887", "http_status": 200, "body": {"accepted": true, "real_timestamp_ms": 1789229565899, "virtual_time_s": 1090.914132, "measure_result": "no_signal"}}
2026-09-13 00:12:49,052 INFO request {"path": "/measure", "payload": {"arena_id": "default", "robot_id": "202601002029", "request_id": "66783f72c5734362ae388b9f2b947a4a", "position": {"x": -489.9999999999998, "y": 848.70489570875}, "channel": 19}, "attempt": 1}
2026-09-13 00:12:49,053 INFO response {"request_id": "66783f72c5734362ae388b9f2b947a4a", "http_status": 200, "body": {"accepted": true, "real_timestamp_ms": 1789229565988, "virtual_time_s": 1096.914132, "measure_result": "direction", "svd_deg": 22.49}}
2026-09-13 00:12:49,086 INFO request {"path": "/measure", "payload": {"arena_id": "default", "robot_id": "202601002029", "request_id": "dc09b8f153a24aa5aa1882e48a773028", "position": {"x": -489.9999999999998, "y": 848.70489570875}, "channel": 17}, "attempt": 1}
2026-09-13 00:12:49,087 INFO response {"request_id": "dc09b8f153a24aa5aa1882e48a773028", "http_status": 200, "body": {"accepted": true, "real_timestamp_ms": 1789229566022, "virtual_time_s": 1102.914132, "measure_result": "direction", "svd_deg": 270.76}}
2026-09-13 00:12:49,120 INFO request {"path": "/measure", "payload": {"arena_id": "default", "robot_id": "202601002029", "request_id": "50e45a3998284f27ab25175ec540c830", "position": {"x": -489.9999999999998, "y": 848.70489570875}, "channel": 12}, "attempt": 1}
2026-09-13 00:12:49,137 INFO response {"request_id": "50e45a3998284f27ab25175ec540c830", "http_status": 200, "body": {"accepted": true, "real_timestamp_ms": 1789229566072, "virtual_time_s": 1108.914132, "measure_result": "direction", "svd_deg": 19.51}}
2026-09-13 00:12:49,527 INFO request {"path": "/clear", "payload": {"arena_id": "default", "robot_id": "202601002029", "request_id": "a88fb4597cf44e6faee30a6b7b65c01f", "position": {"x": -418.8638462826368, "y": 643.7461047250172}, "channel": 9}, "attempt": 1}
2026-09-13 00:12:49,542 INFO response {"request_id": "a88fb4597cf44e6faee30a6b7b65c01f", "http_status": 200, "body": {"accepted": true, "real_timestamp_ms": 1789229566476, "virtual_time_s": 1157.304665, "clear_result": "success"}}
2026-09-13 00:12:49,579 INFO request {"path": "/measure", "payload": {"arena_id": "default", "robot_id": "202601002029", "request_id": "a26e07a1c68a4f50ba25a874208e5ab9", "position": {"x": -848.7048957087497, "y": 490.00000000000034}, "channel": 1}, "attempt": 1}
2026-09-13 00:12:49,580 INFO response {"request_id": "a26e07a1c68a4f50ba25a874208e5ab9", "http_status": 200, "body": {"accepted": true, "real_timestamp_ms": 1789229566515, "virtual_time_s": 1254.606624, "measure_result": "no_signal"}}
2026-09-13 00:12:49,611 INFO request {"path": "/measure", "payload": {"arena_id": "default", "robot_id": "202601002029", "request_id": "7e0111d024c5426ca4f56ad9656a7591", "position": {"x": -848.7048957087497, "y": 490.00000000000034}, "channel": 2}, "attempt": 1}
2026-09-13 00:12:49,613 INFO response {"request_id": "7e0111d024c5426ca4f56ad9656a7591", "http_status": 200, "body": {"accepted": true, "real_timestamp_ms": 1789229566547, "virtual_time_s": 1260.606624, "measure_result": "no_signal"}}
2026-09-13 00:12:49,628 INFO request {"path": "/measure", "payload": {"arena_id": "default", "robot_id": "202601002029", "request_id": "41586b05fe624ad1bfa5c717cebda921", "position": {"x": -848.7048957087497, "y": 490.00000000000034}, "channel": 3}, "attempt": 1}
2026-09-13 00:12:49,640 INFO response {"request_id": "41586b05fe624ad1bfa5c717cebda921", "http_status": 200, "body": {"accepted": true, "real_timestamp_ms": 1789229566575, "virtual_time_s": 1266.606624, "measure_result": "no_signal"}}
2026-09-13 00:12:49,655 INFO request {"path": "/measure", "payload": {"arena_id": "default", "robot_id": "202601002029", "request_id": "0a41e2c26bd54f908b105bc255083faf", "position": {"x": -848.7048957087497, "y": 490.00000000000034}, "channel": 4}, "attempt": 1}
2026-09-13 00:12:49,670 INFO response {"request_id": "0a41e2c26bd54f908b105bc255083faf", "http_status": 200, "body": {"accepted": true, "real_timestamp_ms": 1789229566605, "virtual_time_s": 1272.606624, "measure_result": "no_signal"}}
2026-09-13 00:12:49,684 INFO request {"path": "/measure", "payload": {"arena_id": "default", "robot_id": "202601002029", "request_id": "c5f330bc03f44e31bc8c7ddb5fa8b5c6", "position": {"x": -848.7048957087497, "y": 490.00000000000034}, "channel": 5}, "attempt": 1}
2026-09-13 00:12:49,686 INFO response {"request_id": "c5f330bc03f44e31bc8c7ddb5fa8b5c6", "http_status": 200, "body": {"accepted": true, "real_timestamp_ms": 1789229566621, "virtual_time_s": 1278.606624, "measure_result": "no_signal"}}
2026-09-13 00:12:49,717 INFO request {"path": "/measure", "payload": {"arena_id": "default", "robot_id": "202601002029", "request_id": "775928a7f5d9458ba31559f814f385a4", "position": {"x": -848.7048957087497, "y": 490.00000000000034}, "channel": 7}, "attempt": 1}
2026-09-13 00:12:49,718 INFO response {"request_id": "775928a7f5d9458ba31559f814f385a4", "http_status": 200, "body": {"accepted": true, "real_timestamp_ms": 1789229566653, "virtual_time_s": 1284.606624, "measure_result": "direction", "svd_deg": 298.77}}
2026-09-13 00:12:49,738 INFO request {"path": "/measure", "payload": {"arena_id": "default", "robot_id": "202601002029", "request_id": "0810e71aca8e413e85ad63761f75ab7a", "position": {"x": -848.7048957087497, "y": 490.00000000000034}, "channel": 10}, "attempt": 1}
2026-09-13 00:12:49,758 INFO response {"request_id": "0810e71aca8e413e85ad63761f75ab7a", "http_status": 200, "body": {"accepted": true, "real_timestamp_ms": 1789229566692, "virtual_time_s": 1290.606624, "measure_result": "no_signal"}}
2026-09-13 00:12:49,772 INFO request {"path": "/measure", "payload": {"arena_id": "default", "robot_id": "202601002029", "request_id": "e60cb07ad8bc4a498b1372c4899e1633", "position": {"x": -848.7048957087497, "y": 490.00000000000034}, "channel": 11}, "attempt": 1}
2026-09-13 00:12:49,788 INFO response {"request_id": "e60cb07ad8bc4a498b1372c4899e1633", "http_status": 200, "body": {"accepted": true, "real_timestamp_ms": 1789229566723, "virtual_time_s": 1296.606624, "measure_result": "no_signal"}}
2026-09-13 00:12:49,803 INFO request {"path": "/measure", "payload": {"arena_id": "default", "robot_id": "202601002029", "request_id": "46de1d59511c4618baf7c2046ca512c2", "position": {"x": -848.7048957087497, "y": 490.00000000000034}, "channel": 13}, "attempt": 1}
2026-09-13 00:12:49,804 INFO response {"request_id": "46de1d59511c4618baf7c2046ca512c2", "http_status": 200, "body": {"accepted": true, "real_timestamp_ms": 1789229566739, "virtual_time_s": 1302.606624, "measure_result": "no_signal"}}
2026-09-13 00:12:49,835 INFO request {"path": "/measure", "payload": {"arena_id": "default", "robot_id": "202601002029", "request_id": "5daf9a8b1b0d4de6a4eeb7ab7e087f14", "position": {"x": -848.7048957087497, "y": 490.00000000000034}, "channel": 14}, "attempt": 1}
2026-09-13 00:12:49,837 INFO response {"request_id": "5daf9a8b1b0d4de6a4eeb7ab7e087f14", "http_status": 200, "body": {"accepted": true, "real_timestamp_ms": 1789229566771, "virtual_time_s": 1308.606624, "measure_result": "no_signal"}}
2026-09-13 00:12:49,867 INFO request {"path": "/measure", "payload": {"arena_id": "default", "robot_id": "202601002029", "request_id": "834c9b9e6fd8490b99e2486e1e66dccb", "position": {"x": -848.7048957087497, "y": 490.00000000000034}, "channel": 15}, "attempt": 1}
2026-09-13 00:12:49,886 INFO response {"request_id": "834c9b9e6fd8490b99e2486e1e66dccb", "http_status": 200, "body": {"accepted": true, "real_timestamp_ms": 1789229566821, "virtual_time_s": 1314.606624, "measure_result": "no_signal"}}
2026-09-13 00:12:49,902 INFO request {"path": "/measure", "payload": {"arena_id": "default", "robot_id": "202601002029", "request_id": "911aca26492b49b9ae339fa680b90490", "position": {"x": -848.7048957087497, "y": 490.00000000000034}, "channel": 16}, "attempt": 1}
2026-09-13 00:12:49,916 INFO response {"request_id": "911aca26492b49b9ae339fa680b90490", "http_status": 200, "body": {"accepted": true, "real_timestamp_ms": 1789229566850, "virtual_time_s": 1320.606624, "measure_result": "no_signal"}}
2026-09-13 00:12:49,931 INFO request {"path": "/measure", "payload": {"arena_id": "default", "robot_id": "202601002029", "request_id": "c109845ff15b42e7aae70d0895d19574", "position": {"x": -848.7048957087497, "y": 490.00000000000034}, "channel": 20}, "attempt": 1}
2026-09-13 00:12:49,945 INFO response {"request_id": "c109845ff15b42e7aae70d0895d19574", "http_status": 200, "body": {"accepted": true, "real_timestamp_ms": 1789229566880, "virtual_time_s": 1326.606624, "measure_result": "no_signal"}}
2026-09-13 00:12:50,003 INFO request {"path": "/measure", "payload": {"arena_id": "default", "robot_id": "202601002029", "request_id": "6ee92fee270444eebc9c83dbe51253ab", "position": {"x": -848.7048957087497, "y": 490.00000000000034}, "channel": 17}, "attempt": 1}
2026-09-13 00:12:50,004 INFO response {"request_id": "6ee92fee270444eebc9c83dbe51253ab", "http_status": 200, "body": {"accepted": true, "real_timestamp_ms": 1789229566940, "virtual_time_s": 1332.606624, "measure_result": "direction", "svd_deg": 301.73}}
2026-09-13 00:12:50,744 INFO request {"path": "/measure", "payload": {"arena_id": "default", "robot_id": "202601002029", "request_id": "a8d064c5528844fdbe27dd1263c1305c", "position": {"x": -980.0, "y": 1.2001538631644062e-13}, "channel": 1}, "attempt": 1}
2026-09-13 00:12:50,746 INFO response {"request_id": "a8d064c5528844fdbe27dd1263c1305c", "http_status": 200, "body": {"accepted": true, "real_timestamp_ms": 1789229567681, "virtual_time_s": 1440.06369, "measure_result": "no_signal"}}
2026-09-13 00:12:50,776 INFO request {"path": "/measure", "payload": {"arena_id": "default", "robot_id": "202601002029", "request_id": "90a3d47f132a43afad3a4393db6a3ea8", "position": {"x": -980.0, "y": 1.2001538631644062e-13}, "channel": 2}, "attempt": 1}
2026-09-13 00:12:50,778 INFO response {"request_id": "90a3d47f132a43afad3a4393db6a3ea8", "http_status": 200, "body": {"accepted": true, "real_timestamp_ms": 1789229567713, "virtual_time_s": 1446.06369, "measure_result": "no_signal"}}
2026-09-13 00:12:50,810 INFO request {"path": "/measure", "payload": {"arena_id": "default", "robot_id": "202601002029", "request_id": "e6ab634df33440efbb6662be5d795edf", "position": {"x": -980.0, "y": 1.2001538631644062e-13}, "channel": 3}, "attempt": 1}
2026-09-13 00:12:50,811 INFO response {"request_id": "e6ab634df33440efbb6662be5d795edf", "http_status": 200, "body": {"accepted": true, "real_timestamp_ms": 1789229567746, "virtual_time_s": 1452.06369, "measure_result": "no_signal"}}
2026-09-13 00:12:50,842 INFO request {"path": "/measure", "payload": {"arena_id": "default", "robot_id": "202601002029", "request_id": "0a9f08fdbaf54bfb90297da474752eba", "position": {"x": -980.0, "y": 1.2001538631644062e-13}, "channel": 4}, "attempt": 1}
2026-09-13 00:12:50,845 INFO response {"request_id": "0a9f08fdbaf54bfb90297da474752eba", "http_status": 200, "body": {"accepted": true, "real_timestamp_ms": 1789229567779, "virtual_time_s": 1458.06369, "measure_result": "no_signal"}}
2026-09-13 00:12:50,876 INFO request {"path": "/measure", "payload": {"arena_id": "default", "robot_id": "202601002029", "request_id": "fcd7f8564d3b4df1bb2cd5a3607f320b", "position": {"x": -980.0, "y": 1.2001538631644062e-13}, "channel": 5}, "attempt": 1}
2026-09-13 00:12:50,893 INFO response {"request_id": "fcd7f8564d3b4df1bb2cd5a3607f320b", "http_status": 200, "body": {"accepted": true, "real_timestamp_ms": 1789229567828, "virtual_time_s": 1464.06369, "measure_result": "no_signal"}}
2026-09-13 00:12:50,908 INFO request {"path": "/measure", "payload": {"arena_id": "default", "robot_id": "202601002029", "request_id": "53b7b02560db46b0b376ca17197f7d12", "position": {"x": -980.0, "y": 1.2001538631644062e-13}, "channel": 10}, "attempt": 1}
2026-09-13 00:12:50,923 INFO response {"request_id": "53b7b02560db46b0b376ca17197f7d12", "http_status": 200, "body": {"accepted": true, "real_timestamp_ms": 1789229567858, "virtual_time_s": 1470.06369, "measure_result": "no_signal"}}
2026-09-13 00:12:50,938 INFO request {"path": "/measure", "payload": {"arena_id": "default", "robot_id": "202601002029", "request_id": "8ffe29b33366450db8db27b1db3e9ab6", "position": {"x": -980.0, "y": 1.2001538631644062e-13}, "channel": 11}, "attempt": 1}
2026-09-13 00:12:50,953 INFO response {"request_id": "8ffe29b33366450db8db27b1db3e9ab6", "http_status": 200, "body": {"accepted": true, "real_timestamp_ms": 1789229567888, "virtual_time_s": 1476.06369, "measure_result": "no_signal"}}
2026-09-13 00:12:50,969 INFO request {"path": "/measure", "payload": {"arena_id": "default", "robot_id": "202601002029", "request_id": "6fcfeccb7e4e4cfaacf4e74ea51cb034", "position": {"x": -980.0, "y": 1.2001538631644062e-13}, "channel": 13}, "attempt": 1}
2026-09-13 00:12:50,971 INFO response {"request_id": "6fcfeccb7e4e4cfaacf4e74ea51cb034", "http_status": 200, "body": {"accepted": true, "real_timestamp_ms": 1789229567905, "virtual_time_s": 1482.06369, "measure_result": "no_signal"}}
2026-09-13 00:12:51,001 INFO request {"path": "/measure", "payload": {"arena_id": "default", "robot_id": "202601002029", "request_id": "178eaed53a8e4614b8c23257ed9986cb", "position": {"x": -980.0, "y": 1.2001538631644062e-13}, "channel": 14}, "attempt": 1}
2026-09-13 00:12:51,022 INFO response {"request_id": "178eaed53a8e4614b8c23257ed9986cb", "http_status": 200, "body": {"accepted": true, "real_timestamp_ms": 1789229567956, "virtual_time_s": 1488.06369, "measure_result": "no_signal"}}
2026-09-13 00:12:51,022 INFO request {"path": "/measure", "payload": {"arena_id": "default", "robot_id": "202601002029", "request_id": "13fcef41705e42d4afe754b156391a6e", "position": {"x": -980.0, "y": 1.2001538631644062e-13}, "channel": 15}, "attempt": 1}
2026-09-13 00:12:51,025 INFO response {"request_id": "13fcef41705e42d4afe754b156391a6e", "http_status": 200, "body": {"accepted": true, "real_timestamp_ms": 1789229567959, "virtual_time_s": 1494.06369, "measure_result": "no_signal"}}
2026-09-13 00:12:51,056 INFO request {"path": "/measure", "payload": {"arena_id": "default", "robot_id": "202601002029", "request_id": "1e8365e2255846ef9994638455828929", "position": {"x": -980.0, "y": 1.2001538631644062e-13}, "channel": 16}, "attempt": 1}
2026-09-13 00:12:51,058 INFO response {"request_id": "1e8365e2255846ef9994638455828929", "http_status": 200, "body": {"accepted": true, "real_timestamp_ms": 1789229567993, "virtual_time_s": 1500.06369, "measure_result": "no_signal"}}
2026-09-13 00:12:51,089 INFO request {"path": "/measure", "payload": {"arena_id": "default", "robot_id": "202601002029", "request_id": "91275d2f6caf492890080514d328db12", "position": {"x": -980.0, "y": 1.2001538631644062e-13}, "channel": 20}, "attempt": 1}
2026-09-13 00:12:51,090 INFO response {"request_id": "91275d2f6caf492890080514d328db12", "http_status": 200, "body": {"accepted": true, "real_timestamp_ms": 1789229568025, "virtual_time_s": 1506.06369, "measure_result": "no_signal"}}
2026-09-13 00:12:51,147 INFO request {"path": "/measure", "payload": {"arena_id": "default", "robot_id": "202601002029", "request_id": "65b0bafd300e4e11afd0c2d41c23d5ce", "position": {"x": -980.0, "y": 1.2001538631644062e-13}, "channel": 7}, "attempt": 1}
2026-09-13 00:12:51,159 INFO response {"request_id": "65b0bafd300e4e11afd0c2d41c23d5ce", "http_status": 200, "body": {"accepted": true, "real_timestamp_ms": 1789229568095, "virtual_time_s": 1512.06369, "measure_result": "direction", "svd_deg": 322.32}}
2026-09-13 00:12:51,957 INFO request {"path": "/measure", "payload": {"arena_id": "default", "robot_id": "202601002029", "request_id": "517c977e8b674ac2ad12da99de2da5ed", "position": {"x": -848.7048957087501, "y": -489.9999999999997}, "channel": 1}, "attempt": 1}
2026-09-13 00:12:51,959 INFO response {"request_id": "517c977e8b674ac2ad12da99de2da5ed", "http_status": 200, "body": {"accepted": true, "real_timestamp_ms": 1789229568894, "virtual_time_s": 1619.520756, "measure_result": "no_signal"}}
2026-09-13 00:12:51,990 INFO request {"path": "/measure", "payload": {"arena_id": "default", "robot_id": "202601002029", "request_id": "2e0eb4df74d54932a881cd3bd563d3c7", "position": {"x": -848.7048957087501, "y": -489.9999999999997}, "channel": 2}, "attempt": 1}
2026-09-13 00:12:51,992 INFO response {"request_id": "2e0eb4df74d54932a881cd3bd563d3c7", "http_status": 200, "body": {"accepted": true, "real_timestamp_ms": 1789229568927, "virtual_time_s": 1625.520756, "measure_result": "no_signal"}}
2026-09-13 00:12:52,023 INFO request {"path": "/measure", "payload": {"arena_id": "default", "robot_id": "202601002029", "request_id": "8853c08632a44d1498f21fa1e8291674", "position": {"x": -848.7048957087501, "y": -489.9999999999997}, "channel": 3}, "attempt": 1}
2026-09-13 00:12:52,024 INFO response {"request_id": "8853c08632a44d1498f21fa1e8291674", "http_status": 200, "body": {"accepted": true, "real_timestamp_ms": 1789229568959, "virtual_time_s": 1631.520756, "measure_result": "no_signal"}}
2026-09-13 00:12:52,054 INFO request {"path": "/measure", "payload": {"arena_id": "default", "robot_id": "202601002029", "request_id": "e4c3023bba574ae4bc4107a2d1ff15a7", "position": {"x": -848.7048957087501, "y": -489.9999999999997}, "channel": 4}, "attempt": 1}
2026-09-13 00:12:52,056 INFO response {"request_id": "e4c3023bba574ae4bc4107a2d1ff15a7", "http_status": 200, "body": {"accepted": true, "real_timestamp_ms": 1789229568991, "virtual_time_s": 1637.520756, "measure_result": "direction", "svd_deg": 313.99}}
2026-09-13 00:12:52,089 INFO request {"path": "/measure", "payload": {"arena_id": "default", "robot_id": "202601002029", "request_id": "5b55f76869454c9bbe48a783a647f53b", "position": {"x": -848.7048957087501, "y": -489.9999999999997}, "channel": 5}, "attempt": 1}
2026-09-13 00:12:52,102 INFO response {"request_id": "5b55f76869454c9bbe48a783a647f53b", "http_status": 200, "body": {"accepted": true, "real_timestamp_ms": 1789229569037, "virtual_time_s": 1643.520756, "measure_result": "no_signal"}}
2026-09-13 00:12:52,118 INFO request {"path": "/measure", "payload": {"arena_id": "default", "robot_id": "202601002029", "request_id": "d3c27f18a87f47b2bf32170aaa12a2b5", "position": {"x": -848.7048957087501, "y": -489.9999999999997}, "channel": 10}, "attempt": 1}
2026-09-13 00:12:52,119 INFO response {"request_id": "d3c27f18a87f47b2bf32170aaa12a2b5", "http_status": 200, "body": {"accepted": true, "real_timestamp_ms": 1789229569054, "virtual_time_s": 1649.520756, "measure_result": "no_signal"}}
2026-09-13 00:12:52,151 INFO request {"path": "/measure", "payload": {"arena_id": "default", "robot_id": "202601002029", "request_id": "b5bb45c5f46d48e1834d84f37eeff16b", "position": {"x": -848.7048957087501, "y": -489.9999999999997}, "channel": 11}, "attempt": 1}
2026-09-13 00:12:52,172 INFO response {"request_id": "b5bb45c5f46d48e1834d84f37eeff16b", "http_status": 200, "body": {"accepted": true, "real_timestamp_ms": 1789229569107, "virtual_time_s": 1655.520756, "measure_result": "no_signal"}}
2026-09-13 00:12:52,187 INFO request {"path": "/measure", "payload": {"arena_id": "default", "robot_id": "202601002029", "request_id": "fea84a3d3b2b46ba93e39c12733f7888", "position": {"x": -848.7048957087501, "y": -489.9999999999997}, "channel": 13}, "attempt": 1}
2026-09-13 00:12:52,201 INFO response {"request_id": "fea84a3d3b2b46ba93e39c12733f7888", "http_status": 200, "body": {"accepted": true, "real_timestamp_ms": 1789229569136, "virtual_time_s": 1661.520756, "measure_result": "no_signal"}}
2026-09-13 00:12:52,217 INFO request {"path": "/measure", "payload": {"arena_id": "default", "robot_id": "202601002029", "request_id": "baa7578dcef84fc694416a9ca0eac3c0", "position": {"x": -848.7048957087501, "y": -489.9999999999997}, "channel": 14}, "attempt": 1}
2026-09-13 00:12:52,219 INFO response {"request_id": "baa7578dcef84fc694416a9ca0eac3c0", "http_status": 200, "body": {"accepted": true, "real_timestamp_ms": 1789229569154, "virtual_time_s": 1667.520756, "measure_result": "no_signal"}}
2026-09-13 00:12:52,250 INFO request {"path": "/measure", "payload": {"arena_id": "default", "robot_id": "202601002029", "request_id": "6c4b5ec99a1f4ecfae01763df4a56270", "position": {"x": -848.7048957087501, "y": -489.9999999999997}, "channel": 15}, "attempt": 1}
2026-09-13 00:12:52,270 INFO response {"request_id": "6c4b5ec99a1f4ecfae01763df4a56270", "http_status": 200, "body": {"accepted": true, "real_timestamp_ms": 1789229569205, "virtual_time_s": 1673.520756, "measure_result": "no_signal"}}
2026-09-13 00:12:52,270 INFO request {"path": "/measure", "payload": {"arena_id": "default", "robot_id": "202601002029", "request_id": "d14abe01d7354a83879f34d504bcd36d", "position": {"x": -848.7048957087501, "y": -489.9999999999997}, "channel": 16}, "attempt": 1}
2026-09-13 00:12:52,272 INFO response {"request_id": "d14abe01d7354a83879f34d504bcd36d", "http_status": 200, "body": {"accepted": true, "real_timestamp_ms": 1789229569207, "virtual_time_s": 1679.520756, "measure_result": "direction", "svd_deg": 323.0}}
2026-09-13 00:12:52,307 INFO request {"path": "/measure", "payload": {"arena_id": "default", "robot_id": "202601002029", "request_id": "13f080aec7894d759d0f838339d216ec", "position": {"x": -848.7048957087501, "y": -489.9999999999997}, "channel": 20}, "attempt": 1}
2026-09-13 00:12:52,309 INFO response {"request_id": "13f080aec7894d759d0f838339d216ec", "http_status": 200, "body": {"accepted": true, "real_timestamp_ms": 1789229569244, "virtual_time_s": 1685.520756, "measure_result": "no_signal"}}
2026-09-13 00:12:52,358 INFO request {"path": "/measure", "payload": {"arena_id": "default", "robot_id": "202601002029", "request_id": "66156577ac044ca49667897aeba89f0b", "position": {"x": -848.7048957087501, "y": -489.9999999999997}, "channel": 7}, "attempt": 1}
2026-09-13 00:12:52,360 INFO response {"request_id": "66156577ac044ca49667897aeba89f0b", "http_status": 200, "body": {"accepted": true, "real_timestamp_ms": 1789229569295, "virtual_time_s": 1691.520756, "measure_result": "direction", "svd_deg": 354.2}}
2026-09-13 00:12:53,601 INFO request {"path": "/measure", "payload": {"arena_id": "default", "robot_id": "202601002029", "request_id": "88186ef9efe544f68edb87e982b02bb9", "position": {"x": -490.00000000000045, "y": -848.7048957087497}, "channel": 1}, "attempt": 1}
2026-09-13 00:12:53,602 INFO response {"request_id": "88186ef9efe544f68edb87e982b02bb9", "http_status": 200, "body": {"accepted": true, "real_timestamp_ms": 1789229570537, "virtual_time_s": 1798.977822, "measure_result": "no_signal"}}
2026-09-13 00:12:53,633 INFO request {"path": "/measure", "payload": {"arena_id": "default", "robot_id": "202601002029", "request_id": "dc5905b3ae194cdaacb3e50b76e15a00", "position": {"x": -490.00000000000045, "y": -848.7048957087497}, "channel": 2}, "attempt": 1}
2026-09-13 00:12:53,635 INFO response {"request_id": "dc5905b3ae194cdaacb3e50b76e15a00", "http_status": 200, "body": {"accepted": true, "real_timestamp_ms": 1789229570570, "virtual_time_s": 1804.977822, "measure_result": "no_signal"}}
2026-09-13 00:12:53,666 INFO request {"path": "/measure", "payload": {"arena_id": "default", "robot_id": "202601002029", "request_id": "324834cdee06474aaa7e0476126a01bc", "position": {"x": -490.00000000000045, "y": -848.7048957087497}, "channel": 3}, "attempt": 1}
2026-09-13 00:12:53,667 INFO response {"request_id": "324834cdee06474aaa7e0476126a01bc", "http_status": 200, "body": {"accepted": true, "real_timestamp_ms": 1789229570602, "virtual_time_s": 1810.977822, "measure_result": "no_signal"}}
2026-09-13 00:12:53,698 INFO request {"path": "/measure", "payload": {"arena_id": "default", "robot_id": "202601002029", "request_id": "35377ef854774b51904494789f834d15", "position": {"x": -490.00000000000045, "y": -848.7048957087497}, "channel": 5}, "attempt": 1}
2026-09-13 00:12:53,714 INFO response {"request_id": "35377ef854774b51904494789f834d15", "http_status": 200, "body": {"accepted": true, "real_timestamp_ms": 1789229570649, "virtual_time_s": 1816.977822, "measure_result": "direction", "svd_deg": 322.04}}
2026-09-13 00:12:53,730 INFO request {"path": "/measure", "payload": {"arena_id": "default", "robot_id": "202601002029", "request_id": "4415012e2b6c4f9a8f765611e1adc863", "position": {"x": -490.00000000000045, "y": -848.7048957087497}, "channel": 10}, "attempt": 1}
2026-09-13 00:12:53,744 INFO response {"request_id": "4415012e2b6c4f9a8f765611e1adc863", "http_status": 200, "body": {"accepted": true, "real_timestamp_ms": 1789229570678, "virtual_time_s": 1822.977822, "measure_result": "no_signal"}}
2026-09-13 00:12:53,759 INFO request {"path": "/measure", "payload": {"arena_id": "default", "robot_id": "202601002029", "request_id": "d39005fc96da4c02a366415af78455af", "position": {"x": -490.00000000000045, "y": -848.7048957087497}, "channel": 11}, "attempt": 1}
2026-09-13 00:12:53,773 INFO response {"request_id": "d39005fc96da4c02a366415af78455af", "http_status": 200, "body": {"accepted": true, "real_timestamp_ms": 1789229570708, "virtual_time_s": 1828.977822, "measure_result": "no_signal"}}
2026-09-13 00:12:53,789 INFO request {"path": "/measure", "payload": {"arena_id": "default", "robot_id": "202601002029", "request_id": "e06bc083a95f4bdcb8bb39a1995310d7", "position": {"x": -490.00000000000045, "y": -848.7048957087497}, "channel": 13}, "attempt": 1}
2026-09-13 00:12:53,803 INFO response {"request_id": "e06bc083a95f4bdcb8bb39a1995310d7", "http_status": 200, "body": {"accepted": true, "real_timestamp_ms": 1789229570738, "virtual_time_s": 1834.977822, "measure_result": "no_signal"}}
2026-09-13 00:12:53,817 INFO request {"path": "/measure", "payload": {"arena_id": "default", "robot_id": "202601002029", "request_id": "6310b329b3f0418ba160d1e566da49a2", "position": {"x": -490.00000000000045, "y": -848.7048957087497}, "channel": 14}, "attempt": 1}
2026-09-13 00:12:53,819 INFO response {"request_id": "6310b329b3f0418ba160d1e566da49a2", "http_status": 200, "body": {"accepted": true, "real_timestamp_ms": 1789229570754, "virtual_time_s": 1840.977822, "measure_result": "no_signal"}}
2026-09-13 00:12:53,850 INFO request {"path": "/measure", "payload": {"arena_id": "default", "robot_id": "202601002029", "request_id": "35df0d5b36cc452ba9a6fbaecfd42c7e", "position": {"x": -490.00000000000045, "y": -848.7048957087497}, "channel": 15}, "attempt": 1}
2026-09-13 00:12:53,862 INFO response {"request_id": "35df0d5b36cc452ba9a6fbaecfd42c7e", "http_status": 200, "body": {"accepted": true, "real_timestamp_ms": 1789229570796, "virtual_time_s": 1846.977822, "measure_result": "no_signal"}}
2026-09-13 00:12:53,892 INFO request {"path": "/measure", "payload": {"arena_id": "default", "robot_id": "202601002029", "request_id": "c71107eb44114e36a28df6799b88ac00", "position": {"x": -490.00000000000045, "y": -848.7048957087497}, "channel": 20}, "attempt": 1}
2026-09-13 00:12:53,911 INFO response {"request_id": "c71107eb44114e36a28df6799b88ac00", "http_status": 200, "body": {"accepted": true, "real_timestamp_ms": 1789229570845, "virtual_time_s": 1852.977822, "measure_result": "no_signal"}}
2026-09-13 00:12:53,975 INFO request {"path": "/measure", "payload": {"arena_id": "default", "robot_id": "202601002029", "request_id": "064d4534ddf64f8ba56883c5684cf48d", "position": {"x": -490.00000000000045, "y": -848.7048957087497}, "channel": 7}, "attempt": 1}
2026-09-13 00:12:53,975 INFO response {"request_id": "064d4534ddf64f8ba56883c5684cf48d", "http_status": 200, "body": {"accepted": true, "real_timestamp_ms": 1789229570911, "virtual_time_s": 1858.977822, "measure_result": "direction", "svd_deg": 53.29}}
2026-09-13 00:12:54,011 INFO request {"path": "/measure", "payload": {"arena_id": "default", "robot_id": "202601002029", "request_id": "8430036817a84e37a0af8b2625ed809c", "position": {"x": -490.00000000000045, "y": -848.7048957087497}, "channel": 16}, "attempt": 1}
2026-09-13 00:12:54,013 INFO response {"request_id": "8430036817a84e37a0af8b2625ed809c", "http_status": 200, "body": {"accepted": true, "real_timestamp_ms": 1789229570948, "virtual_time_s": 1864.977822, "measure_result": "direction", "svd_deg": 334.49}}
2026-09-13 00:12:54,035 INFO request {"path": "/measure", "payload": {"arena_id": "default", "robot_id": "202601002029", "request_id": "89f418f4253a4f72acc1810ae26fffe6", "position": {"x": -490.00000000000045, "y": -848.7048957087497}, "channel": 4}, "attempt": 1}
2026-09-13 00:12:54,037 INFO response {"request_id": "89f418f4253a4f72acc1810ae26fffe6", "http_status": 200, "body": {"accepted": true, "real_timestamp_ms": 1789229570972, "virtual_time_s": 1870.977822, "measure_result": "direction", "svd_deg": 313.79}}
2026-09-13 00:12:55,288 INFO request {"path": "/measure", "payload": {"arena_id": "default", "robot_id": "202601002029", "request_id": "cea37300a81d40eebd393bc8c6ca469b", "position": {"x": -1.8002307947466092e-13, "y": -980.0}, "channel": 1}, "attempt": 1}
2026-09-13 00:12:55,290 INFO response {"request_id": "cea37300a81d40eebd393bc8c6ca469b", "http_status": 200, "body": {"accepted": true, "real_timestamp_ms": 1789229572225, "virtual_time_s": 1978.434888, "measure_result": "no_signal"}}
2026-09-13 00:12:55,321 INFO request {"path": "/measure", "payload": {"arena_id": "default", "robot_id": "202601002029", "request_id": "dca82eef4118435584eb3ffdec5cca09", "position": {"x": -1.8002307947466092e-13, "y": -980.0}, "channel": 2}, "attempt": 1}
2026-09-13 00:12:55,337 INFO response {"request_id": "dca82eef4118435584eb3ffdec5cca09", "http_status": 200, "body": {"accepted": true, "real_timestamp_ms": 1789229572272, "virtual_time_s": 1984.434888, "measure_result": "direction", "svd_deg": 281.83}}
2026-09-13 00:12:55,354 INFO request {"path": "/measure", "payload": {"arena_id": "default", "robot_id": "202601002029", "request_id": "a42ab91464a748a9bff898037fdc6d98", "position": {"x": -1.8002307947466092e-13, "y": -980.0}, "channel": 3}, "attempt": 1}
2026-09-13 00:12:55,356 INFO response {"request_id": "a42ab91464a748a9bff898037fdc6d98", "http_status": 200, "body": {"accepted": true, "real_timestamp_ms": 1789229572291, "virtual_time_s": 1990.434888, "measure_result": "no_signal"}}
2026-09-13 00:12:55,387 INFO request {"path": "/measure", "payload": {"arena_id": "default", "robot_id": "202601002029", "request_id": "5d873c3fc61d48e68c09d3306a8f8759", "position": {"x": -1.8002307947466092e-13, "y": -980.0}, "channel": 10}, "attempt": 1}
2026-09-13 00:12:55,407 INFO response {"request_id": "5d873c3fc61d48e68c09d3306a8f8759", "http_status": 200, "body": {"accepted": true, "real_timestamp_ms": 1789229572342, "virtual_time_s": 1996.434888, "measure_result": "no_signal"}}
2026-09-13 00:12:55,422 INFO request {"path": "/measure", "payload": {"arena_id": "default", "robot_id": "202601002029", "request_id": "965a76dc2f5f4ac097597ad9e566a2f0", "position": {"x": -1.8002307947466092e-13, "y": -980.0}, "channel": 11}, "attempt": 1}
2026-09-13 00:12:55,425 INFO response {"request_id": "965a76dc2f5f4ac097597ad9e566a2f0", "http_status": 200, "body": {"accepted": true, "real_timestamp_ms": 1789229572359, "virtual_time_s": 2002.434888, "measure_result": "no_signal"}}
2026-09-13 00:12:55,456 INFO request {"path": "/measure", "payload": {"arena_id": "default", "robot_id": "202601002029", "request_id": "a5807d05414847e29ec6b1fd969374e7", "position": {"x": -1.8002307947466092e-13, "y": -980.0}, "channel": 13}, "attempt": 1}
2026-09-13 00:12:55,477 INFO response {"request_id": "a5807d05414847e29ec6b1fd969374e7", "http_status": 200, "body": {"accepted": true, "real_timestamp_ms": 1789229572412, "virtual_time_s": 2008.434888, "measure_result": "no_signal"}}
2026-09-13 00:12:55,478 INFO request {"path": "/measure", "payload": {"arena_id": "default", "robot_id": "202601002029", "request_id": "70b511c021c6424985c69cacc3dd5e6a", "position": {"x": -1.8002307947466092e-13, "y": -980.0}, "channel": 14}, "attempt": 1}
2026-09-13 00:12:55,498 INFO response {"request_id": "70b511c021c6424985c69cacc3dd5e6a", "http_status": 200, "body": {"accepted": true, "real_timestamp_ms": 1789229572431, "virtual_time_s": 2014.434888, "measure_result": "no_signal"}}
2026-09-13 00:12:55,512 INFO request {"path": "/measure", "payload": {"arena_id": "default", "robot_id": "202601002029", "request_id": "fa0653693e7841bfb43c704c15ac2b65", "position": {"x": -1.8002307947466092e-13, "y": -980.0}, "channel": 15}, "attempt": 1}
2026-09-13 00:12:55,515 INFO response {"request_id": "fa0653693e7841bfb43c704c15ac2b65", "http_status": 200, "body": {"accepted": true, "real_timestamp_ms": 1789229572450, "virtual_time_s": 2020.434888, "measure_result": "no_signal"}}
2026-09-13 00:12:55,546 INFO request {"path": "/measure", "payload": {"arena_id": "default", "robot_id": "202601002029", "request_id": "4fe1b557a6d14fb887616013debb2fe9", "position": {"x": -1.8002307947466092e-13, "y": -980.0}, "channel": 20}, "attempt": 1}
2026-09-13 00:12:55,548 INFO response {"request_id": "4fe1b557a6d14fb887616013debb2fe9", "http_status": 200, "body": {"accepted": true, "real_timestamp_ms": 1789229572482, "virtual_time_s": 2026.434888, "measure_result": "no_signal"}}
2026-09-13 00:12:55,622 INFO request {"path": "/measure", "payload": {"arena_id": "default", "robot_id": "202601002029", "request_id": "aae2871bda544102a5170dc62d58336d", "position": {"x": -1.8002307947466092e-13, "y": -980.0}, "channel": 16}, "attempt": 1}
2026-09-13 00:12:55,623 INFO response {"request_id": "aae2871bda544102a5170dc62d58336d", "http_status": 200, "body": {"accepted": true, "real_timestamp_ms": 1789229572559, "virtual_time_s": 2032.434888, "measure_result": "no_signal"}}
2026-09-13 00:12:55,654 INFO request {"path": "/measure", "payload": {"arena_id": "default", "robot_id": "202601002029", "request_id": "dec408b78a5b4879ac68568d74106c4e", "position": {"x": -1.8002307947466092e-13, "y": -980.0}, "channel": 5}, "attempt": 1}
2026-09-13 00:12:55,676 INFO response {"request_id": "dec408b78a5b4879ac68568d74106c4e", "http_status": 200, "body": {"accepted": true, "real_timestamp_ms": 1789229572611, "virtual_time_s": 2038.434888, "measure_result": "direction", "svd_deg": 308.63}}
2026-09-13 00:12:55,681 INFO request {"path": "/measure", "payload": {"arena_id": "default", "robot_id": "202601002029", "request_id": "168432c5a4304914b03218144dd006b0", "position": {"x": -1.8002307947466092e-13, "y": -980.0}, "channel": 4}, "attempt": 1}
2026-09-13 00:12:55,682 INFO response {"request_id": "168432c5a4304914b03218144dd006b0", "http_status": 200, "body": {"accepted": true, "real_timestamp_ms": 1789229572617, "virtual_time_s": 2044.434888, "measure_result": "direction", "svd_deg": 284.33}}
2026-09-13 00:12:57,079 INFO request {"path": "/measure", "payload": {"arena_id": "default", "robot_id": "202601002029", "request_id": "23a4b6bdb9244398b4db77aa54a13c7e", "position": {"x": 489.9999999999994, "y": -848.7048957087503}, "channel": 1}, "attempt": 1}
2026-09-13 00:12:57,080 INFO response {"request_id": "23a4b6bdb9244398b4db77aa54a13c7e", "http_status": 200, "body": {"accepted": true, "real_timestamp_ms": 1789229574015, "virtual_time_s": 2151.891954, "measure_result": "no_signal"}}
2026-09-13 00:12:57,111 INFO request {"path": "/measure", "payload": {"arena_id": "default", "robot_id": "202601002029", "request_id": "7f3809dc904f484d8ece69c354d6429f", "position": {"x": 489.9999999999994, "y": -848.7048957087503}, "channel": 3}, "attempt": 1}
2026-09-13 00:12:57,123 INFO response {"request_id": "7f3809dc904f484d8ece69c354d6429f", "http_status": 200, "body": {"accepted": true, "real_timestamp_ms": 1789229574058, "virtual_time_s": 2157.891954, "measure_result": "no_signal"}}
2026-09-13 00:12:57,138 INFO request {"path": "/measure", "payload": {"arena_id": "default", "robot_id": "202601002029", "request_id": "ec16efd9def641c18effb918cf192370", "position": {"x": 489.9999999999994, "y": -848.7048957087503}, "channel": 10}, "attempt": 1}
2026-09-13 00:12:57,139 INFO response {"request_id": "ec16efd9def641c18effb918cf192370", "http_status": 200, "body": {"accepted": true, "real_timestamp_ms": 1789229574074, "virtual_time_s": 2163.891954, "measure_result": "direction", "svd_deg": 333.16}}
2026-09-13 00:12:57,174 INFO request {"path": "/measure", "payload": {"arena_id": "default", "robot_id": "202601002029", "request_id": "2e39958f563c49e3925f145513467269", "position": {"x": 489.9999999999994, "y": -848.7048957087503}, "channel": 11}, "attempt": 1}
2026-09-13 00:12:57,176 INFO response {"request_id": "2e39958f563c49e3925f145513467269", "http_status": 200, "body": {"accepted": true, "real_timestamp_ms": 1789229574111, "virtual_time_s": 2169.891954, "measure_result": "no_signal"}}
2026-09-13 00:12:57,191 INFO request {"path": "/measure", "payload": {"arena_id": "default", "robot_id": "202601002029", "request_id": "898c197107de49049d53df1349cee918", "position": {"x": 489.9999999999994, "y": -848.7048957087503}, "channel": 13}, "attempt": 1}
2026-09-13 00:12:57,213 INFO response {"request_id": "898c197107de49049d53df1349cee918", "http_status": 200, "body": {"accepted": true, "real_timestamp_ms": 1789229574147, "virtual_time_s": 2175.891954, "measure_result": "no_signal"}}
2026-09-13 00:12:57,228 INFO request {"path": "/measure", "payload": {"arena_id": "default", "robot_id": "202601002029", "request_id": "84e6309c701e4c3c8c584b20e7931034", "position": {"x": 489.9999999999994, "y": -848.7048957087503}, "channel": 14}, "attempt": 1}
2026-09-13 00:12:57,230 INFO response {"request_id": "84e6309c701e4c3c8c584b20e7931034", "http_status": 200, "body": {"accepted": true, "real_timestamp_ms": 1789229574165, "virtual_time_s": 2181.891954, "measure_result": "no_signal"}}
2026-09-13 00:12:57,261 INFO request {"path": "/measure", "payload": {"arena_id": "default", "robot_id": "202601002029", "request_id": "42a1063caf694640b12294c605405631", "position": {"x": 489.9999999999994, "y": -848.7048957087503}, "channel": 15}, "attempt": 1}
2026-09-13 00:12:57,264 INFO response {"request_id": "42a1063caf694640b12294c605405631", "http_status": 200, "body": {"accepted": true, "real_timestamp_ms": 1789229574198, "virtual_time_s": 2187.891954, "measure_result": "no_signal"}}
2026-09-13 00:12:57,294 INFO request {"path": "/measure", "payload": {"arena_id": "default", "robot_id": "202601002029", "request_id": "35d7c434544c458a944f27c06bb57d7c", "position": {"x": 489.9999999999994, "y": -848.7048957087503}, "channel": 20}, "attempt": 1}
2026-09-13 00:12:57,311 INFO response {"request_id": "35d7c434544c458a944f27c06bb57d7c", "http_status": 200, "body": {"accepted": true, "real_timestamp_ms": 1789229574246, "virtual_time_s": 2193.891954, "measure_result": "no_signal"}}
2026-09-13 00:12:57,415 INFO request {"path": "/measure", "payload": {"arena_id": "default", "robot_id": "202601002029", "request_id": "63109ab2158440f59f5a7bb0ee898063", "position": {"x": 489.9999999999994, "y": -848.7048957087503}, "channel": 18}, "attempt": 1}
2026-09-13 00:12:57,431 INFO response {"request_id": "63109ab2158440f59f5a7bb0ee898063", "http_status": 200, "body": {"accepted": true, "real_timestamp_ms": 1789229574365, "virtual_time_s": 2199.891954, "measure_result": "direction", "svd_deg": 51.7}}
2026-09-13 00:12:57,453 INFO request {"path": "/measure", "payload": {"arena_id": "default", "robot_id": "202601002029", "request_id": "7a98120eac4e4bfab5519610185a46ef", "position": {"x": 489.9999999999994, "y": -848.7048957087503}, "channel": 2}, "attempt": 1}
2026-09-13 00:12:57,456 INFO response {"request_id": "7a98120eac4e4bfab5519610185a46ef", "http_status": 200, "body": {"accepted": true, "real_timestamp_ms": 1789229574390, "virtual_time_s": 2205.891954, "measure_result": "direction", "svd_deg": 250.26}}
2026-09-13 00:12:57,476 INFO request {"path": "/measure", "payload": {"arena_id": "default", "robot_id": "202601002029", "request_id": "50134f54c1f44159b8637e4e9ef12f6d", "position": {"x": 489.9999999999994, "y": -848.7048957087503}, "channel": 5}, "attempt": 1}
2026-09-13 00:12:57,478 INFO response {"request_id": "50134f54c1f44159b8637e4e9ef12f6d", "http_status": 200, "body": {"accepted": true, "real_timestamp_ms": 1789229574413, "virtual_time_s": 2211.891954, "measure_result": "direction", "svd_deg": 274.45}}
2026-09-13 00:12:58,833 INFO request {"path": "/measure", "payload": {"arena_id": "default", "robot_id": "202601002029", "request_id": "d454fd0d157848ebb24f3c248ed3b928", "position": {"x": 848.7048957087496, "y": -490.00000000000045}, "channel": 1}, "attempt": 1}
2026-09-13 00:12:58,834 INFO response {"request_id": "d454fd0d157848ebb24f3c248ed3b928", "http_status": 200, "body": {"accepted": true, "real_timestamp_ms": 1789229575769, "virtual_time_s": 2319.34902, "measure_result": "no_signal"}}
2026-09-13 00:12:58,865 INFO request {"path": "/measure", "payload": {"arena_id": "default", "robot_id": "202601002029", "request_id": "28924f7c4e504a399d3793e1959bc3c7", "position": {"x": 848.7048957087496, "y": -490.00000000000045}, "channel": 3}, "attempt": 1}
2026-09-13 00:12:58,880 INFO response {"request_id": "28924f7c4e504a399d3793e1959bc3c7", "http_status": 200, "body": {"accepted": true, "real_timestamp_ms": 1789229575815, "virtual_time_s": 2325.34902, "measure_result": "no_signal"}}
2026-09-13 00:12:58,895 INFO request {"path": "/measure", "payload": {"arena_id": "default", "robot_id": "202601002029", "request_id": "900c2dc5f8a94d288ed82a9cbfe2d0b6", "position": {"x": 848.7048957087496, "y": -490.00000000000045}, "channel": 11}, "attempt": 1}
2026-09-13 00:12:58,910 INFO response {"request_id": "900c2dc5f8a94d288ed82a9cbfe2d0b6", "http_status": 200, "body": {"accepted": true, "real_timestamp_ms": 1789229575845, "virtual_time_s": 2331.34902, "measure_result": "no_signal"}}
2026-09-13 00:12:58,925 INFO request {"path": "/measure", "payload": {"arena_id": "default", "robot_id": "202601002029", "request_id": "f33e93cfb507415c85eca9ad8db3a293", "position": {"x": 848.7048957087496, "y": -490.00000000000045}, "channel": 13}, "attempt": 1}
2026-09-13 00:12:58,939 INFO response {"request_id": "f33e93cfb507415c85eca9ad8db3a293", "http_status": 200, "body": {"accepted": true, "real_timestamp_ms": 1789229575874, "virtual_time_s": 2337.34902, "measure_result": "no_signal"}}
2026-09-13 00:12:58,954 INFO request {"path": "/measure", "payload": {"arena_id": "default", "robot_id": "202601002029", "request_id": "fea712f50f604a9ba3b333c5dbbfd81b", "position": {"x": 848.7048957087496, "y": -490.00000000000045}, "channel": 14}, "attempt": 1}
2026-09-13 00:12:58,956 INFO response {"request_id": "fea712f50f604a9ba3b333c5dbbfd81b", "http_status": 200, "body": {"accepted": true, "real_timestamp_ms": 1789229575890, "virtual_time_s": 2343.34902, "measure_result": "direction", "svd_deg": 7.24}}
2026-09-13 00:12:58,973 INFO request {"path": "/measure", "payload": {"arena_id": "default", "robot_id": "202601002029", "request_id": "28cba03e961a4a85b5001e5e6a448bdb", "position": {"x": 848.7048957087496, "y": -490.00000000000045}, "channel": 15}, "attempt": 1}
2026-09-13 00:12:58,974 INFO response {"request_id": "28cba03e961a4a85b5001e5e6a448bdb", "http_status": 200, "body": {"accepted": true, "real_timestamp_ms": 1789229575909, "virtual_time_s": 2349.34902, "measure_result": "no_signal"}}
2026-09-13 00:12:59,006 INFO request {"path": "/measure", "payload": {"arena_id": "default", "robot_id": "202601002029", "request_id": "2a33f4fd605a478986a9407bb197c914", "position": {"x": 848.7048957087496, "y": -490.00000000000045}, "channel": 20}, "attempt": 1}
2026-09-13 00:12:59,007 INFO response {"request_id": "2a33f4fd605a478986a9407bb197c914", "http_status": 200, "body": {"accepted": true, "real_timestamp_ms": 1789229575943, "virtual_time_s": 2355.34902, "measure_result": "no_signal"}}
2026-09-13 00:12:59,152 INFO request {"path": "/measure", "payload": {"arena_id": "default", "robot_id": "202601002029", "request_id": "5a62dcd3ed9f4b41b9543369a1d5fe7a", "position": {"x": 848.7048957087496, "y": -490.00000000000045}, "channel": 6}, "attempt": 1}
2026-09-13 00:12:59,163 INFO response {"request_id": "5a62dcd3ed9f4b41b9543369a1d5fe7a", "http_status": 200, "body": {"accepted": true, "real_timestamp_ms": 1789229576098, "virtual_time_s": 2361.34902, "measure_result": "direction", "svd_deg": 129.54}}
2026-09-13 00:12:59,182 INFO request {"path": "/measure", "payload": {"arena_id": "default", "robot_id": "202601002029", "request_id": "c50adb01443e40698929e8371b49dd94", "position": {"x": 848.7048957087496, "y": -490.00000000000045}, "channel": 10}, "attempt": 1}
2026-09-13 00:12:59,194 INFO response {"request_id": "c50adb01443e40698929e8371b49dd94", "http_status": 200, "body": {"accepted": true, "real_timestamp_ms": 1789229576128, "virtual_time_s": 2367.34902, "measure_result": "direction", "svd_deg": 294.33}}
2026-09-13 00:12:59,215 INFO request {"path": "/measure", "payload": {"arena_id": "default", "robot_id": "202601002029", "request_id": "bb5ed0e890754a20917fbc9275ac8eb6", "position": {"x": 848.7048957087496, "y": -490.00000000000045}, "channel": 4}, "attempt": 1}
2026-09-13 00:12:59,233 INFO response {"request_id": "bb5ed0e890754a20917fbc9275ac8eb6", "http_status": 200, "body": {"accepted": true, "real_timestamp_ms": 1789229576169, "virtual_time_s": 2373.34902, "measure_result": "direction", "svd_deg": 233.69}}
2026-09-13 00:13:00,672 INFO request {"path": "/measure", "payload": {"arena_id": "default", "robot_id": "202601002029", "request_id": "0da43aacc0ca48f1bec5def813cbc1d4", "position": {"x": 980.0, "y": 0.0}, "channel": 1}, "attempt": 1}
2026-09-13 00:13:00,691 INFO response {"request_id": "0da43aacc0ca48f1bec5def813cbc1d4", "http_status": 200, "body": {"accepted": true, "real_timestamp_ms": 1789229577626, "virtual_time_s": 2480.806086, "measure_result": "no_signal"}}
2026-09-13 00:13:00,691 INFO request {"path": "/measure", "payload": {"arena_id": "default", "robot_id": "202601002029", "request_id": "2088045798e7491f95f178a4cb92f1e9", "position": {"x": 980.0, "y": 0.0}, "channel": 3}, "attempt": 1}
2026-09-13 00:13:00,711 INFO response {"request_id": "2088045798e7491f95f178a4cb92f1e9", "http_status": 200, "body": {"accepted": true, "real_timestamp_ms": 1789229577646, "virtual_time_s": 2486.806086, "measure_result": "no_signal"}}
2026-09-13 00:13:00,725 INFO request {"path": "/measure", "payload": {"arena_id": "default", "robot_id": "202601002029", "request_id": "f9b40ff6376a4f74bb7b56c74e329e09", "position": {"x": 980.0, "y": 0.0}, "channel": 11}, "attempt": 1}
2026-09-13 00:13:00,726 INFO response {"request_id": "f9b40ff6376a4f74bb7b56c74e329e09", "http_status": 200, "body": {"accepted": true, "real_timestamp_ms": 1789229577662, "virtual_time_s": 2492.806086, "measure_result": "no_signal"}}
2026-09-13 00:13:00,757 INFO request {"path": "/measure", "payload": {"arena_id": "default", "robot_id": "202601002029", "request_id": "6ca851ad8f5940808c990c8d3da21e63", "position": {"x": 980.0, "y": 0.0}, "channel": 13}, "attempt": 1}
2026-09-13 00:13:00,771 INFO response {"request_id": "6ca851ad8f5940808c990c8d3da21e63", "http_status": 200, "body": {"accepted": true, "real_timestamp_ms": 1789229577706, "virtual_time_s": 2498.806086, "measure_result": "no_signal"}}
2026-09-13 00:13:00,786 INFO request {"path": "/measure", "payload": {"arena_id": "default", "robot_id": "202601002029", "request_id": "b51c1c93fd0846dbbb7db7deccf3580b", "position": {"x": 980.0, "y": 0.0}, "channel": 15}, "attempt": 1}
2026-09-13 00:13:00,800 INFO response {"request_id": "b51c1c93fd0846dbbb7db7deccf3580b", "http_status": 200, "body": {"accepted": true, "real_timestamp_ms": 1789229577735, "virtual_time_s": 2504.806086, "measure_result": "no_signal"}}
2026-09-13 00:13:00,815 INFO request {"path": "/measure", "payload": {"arena_id": "default", "robot_id": "202601002029", "request_id": "1de877e522b94bcda5cff91b26f5c16d", "position": {"x": 980.0, "y": 0.0}, "channel": 20}, "attempt": 1}
2026-09-13 00:13:00,830 INFO response {"request_id": "1de877e522b94bcda5cff91b26f5c16d", "http_status": 200, "body": {"accepted": true, "real_timestamp_ms": 1789229577765, "virtual_time_s": 2510.806086, "measure_result": "no_signal"}}
2026-09-13 00:13:00,896 INFO request {"path": "/measure", "payload": {"arena_id": "default", "robot_id": "202601002029", "request_id": "521baf1d0b1646afb65d1a2edfa298e6", "position": {"x": 980.0, "y": 0.0}, "channel": 14}, "attempt": 1}
2026-09-13 00:13:00,910 INFO response {"request_id": "521baf1d0b1646afb65d1a2edfa298e6", "http_status": 200, "body": {"accepted": true, "real_timestamp_ms": 1789229577845, "virtual_time_s": 2516.806086, "measure_result": "direction", "svd_deg": 330.55}}
2026-09-13 00:13:00,927 INFO request {"path": "/measure", "payload": {"arena_id": "default", "robot_id": "202601002029", "request_id": "72000c5368b848aa8a9aca0f64cca282", "position": {"x": 980.0, "y": 0.0}, "channel": 18}, "attempt": 1}
2026-09-13 00:13:00,940 INFO response {"request_id": "72000c5368b848aa8a9aca0f64cca282", "http_status": 200, "body": {"accepted": true, "real_timestamp_ms": 1789229577875, "virtual_time_s": 2522.806086, "measure_result": "no_signal"}}
2026-09-13 00:13:02,270 INFO request {"path": "/measure", "payload": {"arena_id": "default", "robot_id": "202601002029", "request_id": "d735689ffc734ecba6f3ed368349f964", "position": {"x": 1801.9999999999995, "y": -482.84444476088464}, "channel": 1}, "attempt": 1}
2026-09-13 00:13:02,287 INFO response {"request_id": "d735689ffc734ecba6f3ed368349f964", "http_status": 200, "body": {"accepted": true, "real_timestamp_ms": 1789229579222, "virtual_time_s": 2719.470478, "measure_result": "no_signal"}}
2026-09-13 00:13:02,302 INFO request {"path": "/measure", "payload": {"arena_id": "default", "robot_id": "202601002029", "request_id": "581e8d54c2424a12b1c0a9c5173c71cb", "position": {"x": 1801.9999999999995, "y": -482.84444476088464}, "channel": 3}, "attempt": 1}
2026-09-13 00:13:02,316 INFO response {"request_id": "581e8d54c2424a12b1c0a9c5173c71cb", "http_status": 200, "body": {"accepted": true, "real_timestamp_ms": 1789229579252, "virtual_time_s": 2725.470478, "measure_result": "no_signal"}}
2026-09-13 00:13:02,333 INFO request {"path": "/measure", "payload": {"arena_id": "default", "robot_id": "202601002029", "request_id": "715dfca5372443a1a27b0b94abd2604e", "position": {"x": 1801.9999999999995, "y": -482.84444476088464}, "channel": 11}, "attempt": 1}
2026-09-13 00:13:02,333 INFO response {"request_id": "715dfca5372443a1a27b0b94abd2604e", "http_status": 200, "body": {"accepted": true, "real_timestamp_ms": 1789229579269, "virtual_time_s": 2731.470478, "measure_result": "no_signal"}}
2026-09-13 00:13:02,364 INFO request {"path": "/measure", "payload": {"arena_id": "default", "robot_id": "202601002029", "request_id": "c196c1a2d99a49e8bfdc0f023a22b016", "position": {"x": 1801.9999999999995, "y": -482.84444476088464}, "channel": 13}, "attempt": 1}
2026-09-13 00:13:02,375 INFO response {"request_id": "c196c1a2d99a49e8bfdc0f023a22b016", "http_status": 200, "body": {"accepted": true, "real_timestamp_ms": 1789229579310, "virtual_time_s": 2737.470478, "measure_result": "no_signal"}}
2026-09-13 00:13:02,406 INFO request {"path": "/measure", "payload": {"arena_id": "default", "robot_id": "202601002029", "request_id": "94a96454d03c4e97b9d3285f711c79be", "position": {"x": 1801.9999999999995, "y": -482.84444476088464}, "channel": 15}, "attempt": 1}
2026-09-13 00:13:02,425 INFO response {"request_id": "94a96454d03c4e97b9d3285f711c79be", "http_status": 200, "body": {"accepted": true, "real_timestamp_ms": 1789229579360, "virtual_time_s": 2743.470478, "measure_result": "no_signal"}}
2026-09-13 00:13:02,425 INFO request {"path": "/measure", "payload": {"arena_id": "default", "robot_id": "202601002029", "request_id": "d87bf2a6d3bd499b918272319d44b29a", "position": {"x": 1801.9999999999995, "y": -482.84444476088464}, "channel": 20}, "attempt": 1}
2026-09-13 00:13:02,444 INFO response {"request_id": "d87bf2a6d3bd499b918272319d44b29a", "http_status": 200, "body": {"accepted": true, "real_timestamp_ms": 1789229579379, "virtual_time_s": 2749.470478, "measure_result": "no_signal"}}
2026-09-13 00:13:02,492 INFO request {"path": "/measure", "payload": {"arena_id": "default", "robot_id": "202601002029", "request_id": "a123b3c5bc2a4b64a142529adabaeac1", "position": {"x": 1801.9999999999995, "y": -482.84444476088464}, "channel": 10}, "attempt": 1}
2026-09-13 00:13:02,503 INFO response {"request_id": "a123b3c5bc2a4b64a142529adabaeac1", "http_status": 200, "body": {"accepted": true, "real_timestamp_ms": 1789229579438, "virtual_time_s": 2755.470478, "measure_result": "direction", "svd_deg": 228.62}}
2026-09-13 00:13:02,522 INFO request {"path": "/measure", "payload": {"arena_id": "default", "robot_id": "202601002029", "request_id": "c8c47062b077442da510ead54faf7597", "position": {"x": 1801.9999999999995, "y": -482.84444476088464}, "channel": 14}, "attempt": 1}
2026-09-13 00:13:02,524 INFO response {"request_id": "c8c47062b077442da510ead54faf7597", "http_status": 200, "body": {"accepted": true, "real_timestamp_ms": 1789229579459, "virtual_time_s": 2761.470478, "measure_result": "direction", "svd_deg": 144.11}}
2026-09-13 00:13:02,560 INFO request {"path": "/measure", "payload": {"arena_id": "default", "robot_id": "202601002029", "request_id": "14ae826f579a4543a635c72dcb35878a", "position": {"x": 1801.9999999999995, "y": -482.84444476088464}, "channel": 18}, "attempt": 1}
2026-09-13 00:13:02,572 INFO response {"request_id": "14ae826f579a4543a635c72dcb35878a", "http_status": 200, "body": {"accepted": true, "real_timestamp_ms": 1789229579508, "virtual_time_s": 2767.470478, "measure_result": "direction", "svd_deg": 149.88}}
2026-09-13 00:13:03,193 INFO request {"path": "/clear", "payload": {"arena_id": "default", "robot_id": "202601002029", "request_id": "4cf633eb3a6f402ab5c0f42a961c95fd", "position": {"x": 1171.8276960326905, "y": -1196.2517494311176}, "channel": 10}, "attempt": 1}
2026-09-13 00:13:03,194 INFO response {"request_id": "4cf633eb3a6f402ab5c0f42a961c95fd", "http_status": 200, "body": {"accepted": true, "real_timestamp_ms": 1789229580129, "virtual_time_s": 2962.845594, "clear_result": "success"}}
2026-09-13 00:13:03,248 INFO request {"path": "/measure", "payload": {"arena_id": "default", "robot_id": "202601002029", "request_id": "de04f1f53e0046f1bb1cb9deb9ab72cd", "position": {"x": 1319.1555552391164, "y": -1319.1555552391171}, "channel": 1}, "attempt": 1}
2026-09-13 00:13:03,267 INFO response {"request_id": "de04f1f53e0046f1bb1cb9deb9ab72cd", "http_status": 200, "body": {"accepted": true, "real_timestamp_ms": 1789229580202, "virtual_time_s": 3007.217898, "measure_result": "direction", "svd_deg": 156.64}}
2026-09-13 00:13:03,270 INFO request {"path": "/measure", "payload": {"arena_id": "default", "robot_id": "202601002029", "request_id": "9aec79d2d8374d358fcdf005a987b1d5", "position": {"x": 1319.1555552391164, "y": -1319.1555552391171}, "channel": 3}, "attempt": 1}
2026-09-13 00:13:03,272 INFO response {"request_id": "9aec79d2d8374d358fcdf005a987b1d5", "http_status": 200, "body": {"accepted": true, "real_timestamp_ms": 1789229580207, "virtual_time_s": 3013.217898, "measure_result": "no_signal"}}
2026-09-13 00:13:03,303 INFO request {"path": "/measure", "payload": {"arena_id": "default", "robot_id": "202601002029", "request_id": "d1837354f89b4eb0b073f6ff46ea3e50", "position": {"x": 1319.1555552391164, "y": -1319.1555552391171}, "channel": 11}, "attempt": 1}
2026-09-13 00:13:03,317 INFO response {"request_id": "d1837354f89b4eb0b073f6ff46ea3e50", "http_status": 200, "body": {"accepted": true, "real_timestamp_ms": 1789229580252, "virtual_time_s": 3019.217898, "measure_result": "no_signal"}}
2026-09-13 00:13:03,332 INFO request {"path": "/measure", "payload": {"arena_id": "default", "robot_id": "202601002029", "request_id": "b8f334cd30fa41d5a047a8014f72c283", "position": {"x": 1319.1555552391164, "y": -1319.1555552391171}, "channel": 13}, "attempt": 1}
2026-09-13 00:13:03,334 INFO response {"request_id": "b8f334cd30fa41d5a047a8014f72c283", "http_status": 200, "body": {"accepted": true, "real_timestamp_ms": 1789229580269, "virtual_time_s": 3025.217898, "measure_result": "no_signal"}}
2026-09-13 00:13:03,365 INFO request {"path": "/measure", "payload": {"arena_id": "default", "robot_id": "202601002029", "request_id": "2d7b97e05c8c4e338d7d94517f0fe3c7", "position": {"x": 1319.1555552391164, "y": -1319.1555552391171}, "channel": 15}, "attempt": 1}
2026-09-13 00:13:03,368 INFO response {"request_id": "2d7b97e05c8c4e338d7d94517f0fe3c7", "http_status": 200, "body": {"accepted": true, "real_timestamp_ms": 1789229580303, "virtual_time_s": 3031.217898, "measure_result": "no_signal"}}
2026-09-13 00:13:03,399 INFO request {"path": "/measure", "payload": {"arena_id": "default", "robot_id": "202601002029", "request_id": "ceca6256cc6e4c04a0cbf96feabc54d8", "position": {"x": 1319.1555552391164, "y": -1319.1555552391171}, "channel": 20}, "attempt": 1}
2026-09-13 00:13:03,414 INFO response {"request_id": "ceca6256cc6e4c04a0cbf96feabc54d8", "http_status": 200, "body": {"accepted": true, "real_timestamp_ms": 1789229580349, "virtual_time_s": 3037.217898, "measure_result": "no_signal"}}
2026-09-13 00:13:03,506 INFO request {"path": "/measure", "payload": {"arena_id": "default", "robot_id": "202601002029", "request_id": "21efdddeef634a0fb4224e8cfef1e437", "position": {"x": 1319.1555552391164, "y": -1319.1555552391171}, "channel": 5}, "attempt": 1}
2026-09-13 00:13:03,524 INFO response {"request_id": "21efdddeef634a0fb4224e8cfef1e437", "http_status": 200, "body": {"accepted": true, "real_timestamp_ms": 1789229580460, "virtual_time_s": 3043.217898, "measure_result": "no_signal"}}
2026-09-13 00:13:03,540 INFO request {"path": "/measure", "payload": {"arena_id": "default", "robot_id": "202601002029", "request_id": "f49782a1adc14b57bbc675ae421b07fd", "position": {"x": 1319.1555552391164, "y": -1319.1555552391171}, "channel": 4}, "attempt": 1}
2026-09-13 00:13:03,554 INFO response {"request_id": "f49782a1adc14b57bbc675ae421b07fd", "http_status": 200, "body": {"accepted": true, "real_timestamp_ms": 1789229580490, "virtual_time_s": 3049.217898, "measure_result": "direction", "svd_deg": 188.73}}
2026-09-13 00:13:04,673 INFO request {"path": "/measure", "payload": {"arena_id": "default", "robot_id": "202601002029", "request_id": "791530eef0274446a2ed0e3d89ead063", "position": {"x": 482.84444476088225, "y": -1802.0000000000002}, "channel": 3}, "attempt": 1}
2026-09-13 00:13:04,685 INFO response {"request_id": "791530eef0274446a2ed0e3d89ead063", "http_status": 200, "body": {"accepted": true, "real_timestamp_ms": 1789229581620, "virtual_time_s": 3248.355676, "measure_result": "no_signal"}}
2026-09-13 00:13:04,699 INFO request {"path": "/measure", "payload": {"arena_id": "default", "robot_id": "202601002029", "request_id": "104654a2b07f457ca841d41021813886", "position": {"x": 482.84444476088225, "y": -1802.0000000000002}, "channel": 11}, "attempt": 1}
2026-09-13 00:13:04,701 INFO response {"request_id": "104654a2b07f457ca841d41021813886", "http_status": 200, "body": {"accepted": true, "real_timestamp_ms": 1789229581636, "virtual_time_s": 3254.355676, "measure_result": "no_signal"}}
2026-09-13 00:13:04,731 INFO request {"path": "/measure", "payload": {"arena_id": "default", "robot_id": "202601002029", "request_id": "1f7584947ce6428e9218d3c5c65392a1", "position": {"x": 482.84444476088225, "y": -1802.0000000000002}, "channel": 13}, "attempt": 1}
2026-09-13 00:13:04,744 INFO response {"request_id": "1f7584947ce6428e9218d3c5c65392a1", "http_status": 200, "body": {"accepted": true, "real_timestamp_ms": 1789229581679, "virtual_time_s": 3260.355676, "measure_result": "no_signal"}}
2026-09-13 00:13:04,758 INFO request {"path": "/measure", "payload": {"arena_id": "default", "robot_id": "202601002029", "request_id": "53be81e6241147998f8a9929c5e9fc86", "position": {"x": 482.84444476088225, "y": -1802.0000000000002}, "channel": 15}, "attempt": 1}
2026-09-13 00:13:04,760 INFO response {"request_id": "53be81e6241147998f8a9929c5e9fc86", "http_status": 200, "body": {"accepted": true, "real_timestamp_ms": 1789229581695, "virtual_time_s": 3266.355676, "measure_result": "no_signal"}}
2026-09-13 00:13:04,791 INFO request {"path": "/measure", "payload": {"arena_id": "default", "robot_id": "202601002029", "request_id": "ec345506ff55406c8f17317552b01fae", "position": {"x": 482.84444476088225, "y": -1802.0000000000002}, "channel": 20}, "attempt": 1}
2026-09-13 00:13:04,803 INFO response {"request_id": "ec345506ff55406c8f17317552b01fae", "http_status": 200, "body": {"accepted": true, "real_timestamp_ms": 1789229581738, "virtual_time_s": 3272.355676, "measure_result": "no_signal"}}
2026-09-13 00:13:04,882 INFO request {"path": "/measure", "payload": {"arena_id": "default", "robot_id": "202601002029", "request_id": "e16fca770f264fb28319f050af5614ff", "position": {"x": 482.84444476088225, "y": -1802.0000000000002}, "channel": 2}, "attempt": 1}
2026-09-13 00:13:04,903 INFO response {"request_id": "e16fca770f264fb28319f050af5614ff", "http_status": 200, "body": {"accepted": true, "real_timestamp_ms": 1789229581838, "virtual_time_s": 3278.355676, "measure_result": "direction", "svd_deg": 171.84}}
2026-09-13 00:13:04,910 INFO request {"path": "/measure", "payload": {"arena_id": "default", "robot_id": "202601002029", "request_id": "450c3fb5306c41e889484401e52c7a7f", "position": {"x": 482.84444476088225, "y": -1802.0000000000002}, "channel": 1}, "attempt": 1}
2026-09-13 00:13:04,932 INFO response {"request_id": "450c3fb5306c41e889484401e52c7a7f", "http_status": 200, "body": {"accepted": true, "real_timestamp_ms": 1789229581867, "virtual_time_s": 3284.355676, "measure_result": "direction", "svd_deg": 58.29}}
2026-09-13 00:13:05,272 INFO request {"path": "/clear", "payload": {"arena_id": "default", "robot_id": "202601002029", "request_id": "1fa93dddd274400b99589d269a6f3a42", "position": {"x": 163.8656956706737, "y": -1756.1375752868994}, "channel": 2}, "attempt": 1}
2026-09-13 00:13:05,290 INFO response {"request_id": "1fa93dddd274400b99589d269a6f3a42", "http_status": 200, "body": {"accepted": true, "real_timestamp_ms": 1789229582225, "virtual_time_s": 3353.807458, "clear_result": "success"}}
2026-09-13 00:13:05,334 INFO request {"path": "/measure", "payload": {"arena_id": "default", "robot_id": "202601002029", "request_id": "0be33864f1824c52bda5af03448b98ab", "position": {"x": -482.8444447608845, "y": -1801.9999999999995}, "channel": 3}, "attempt": 1}
2026-09-13 00:13:05,348 INFO response {"request_id": "0be33864f1824c52bda5af03448b98ab", "http_status": 200, "body": {"accepted": true, "real_timestamp_ms": 1789229582283, "virtual_time_s": 3489.474318, "measure_result": "no_signal"}}
2026-09-13 00:13:05,363 INFO request {"path": "/measure", "payload": {"arena_id": "default", "robot_id": "202601002029", "request_id": "ea4c5a699e6547ed8122900bae30af0d", "position": {"x": -482.8444447608845, "y": -1801.9999999999995}, "channel": 11}, "attempt": 1}
2026-09-13 00:13:05,377 INFO response {"request_id": "ea4c5a699e6547ed8122900bae30af0d", "http_status": 200, "body": {"accepted": true, "real_timestamp_ms": 1789229582312, "virtual_time_s": 3495.474318, "measure_result": "no_signal"}}
2026-09-13 00:13:05,408 INFO request {"path": "/measure", "payload": {"arena_id": "default", "robot_id": "202601002029", "request_id": "eb97ecd2a65042cbb70cd2ed0117fce5", "position": {"x": -482.8444447608845, "y": -1801.9999999999995}, "channel": 13}, "attempt": 1}
2026-09-13 00:13:05,426 INFO response {"request_id": "eb97ecd2a65042cbb70cd2ed0117fce5", "http_status": 200, "body": {"accepted": true, "real_timestamp_ms": 1789229582362, "virtual_time_s": 3501.474318, "measure_result": "no_signal"}}
2026-09-13 00:13:05,427 INFO request {"path": "/measure", "payload": {"arena_id": "default", "robot_id": "202601002029", "request_id": "4fec25e9e38a4ce1aa314199dd797b84", "position": {"x": -482.8444447608845, "y": -1801.9999999999995}, "channel": 15}, "attempt": 1}
2026-09-13 00:13:05,446 INFO response {"request_id": "4fec25e9e38a4ce1aa314199dd797b84", "http_status": 200, "body": {"accepted": true, "real_timestamp_ms": 1789229582381, "virtual_time_s": 3507.474318, "measure_result": "no_signal"}}
2026-09-13 00:13:05,462 INFO request {"path": "/measure", "payload": {"arena_id": "default", "robot_id": "202601002029", "request_id": "96915beaeed7424398cf3c0e78a8a951", "position": {"x": -482.8444447608845, "y": -1801.9999999999995}, "channel": 20}, "attempt": 1}
2026-09-13 00:13:05,463 INFO response {"request_id": "96915beaeed7424398cf3c0e78a8a951", "http_status": 200, "body": {"accepted": true, "real_timestamp_ms": 1789229582398, "virtual_time_s": 3513.474318, "measure_result": "no_signal"}}
2026-09-13 00:13:05,537 INFO request {"path": "/measure", "payload": {"arena_id": "default", "robot_id": "202601002029", "request_id": "74e83ab3b6d94b698ac69fbd33fe07d3", "position": {"x": -482.8444447608845, "y": -1801.9999999999995}, "channel": 16}, "attempt": 1}
2026-09-13 00:13:05,538 INFO response {"request_id": "74e83ab3b6d94b698ac69fbd33fe07d3", "http_status": 200, "body": {"accepted": true, "real_timestamp_ms": 1789229582473, "virtual_time_s": 3519.474318, "measure_result": "direction", "svd_deg": 65.57}}
2026-09-13 00:13:05,572 INFO request {"path": "/measure", "payload": {"arena_id": "default", "robot_id": "202601002029", "request_id": "140b3663a8264c25870d3fb0f99b1ff9", "position": {"x": -482.8444447608845, "y": -1801.9999999999995}, "channel": 5}, "attempt": 1}
2026-09-13 00:13:05,585 INFO response {"request_id": "140b3663a8264c25870d3fb0f99b1ff9", "http_status": 200, "body": {"accepted": true, "real_timestamp_ms": 1789229582519, "virtual_time_s": 3525.474318, "measure_result": "direction", "svd_deg": 6.57}}
2026-09-13 00:13:06,003 INFO request {"path": "/measure", "payload": {"arena_id": "default", "robot_id": "202601002029", "request_id": "48af5fe2db1c48b0b99acca5a07083cc", "position": {"x": -1319.1555552391176, "y": -1319.1555552391162}, "channel": 3}, "attempt": 1}
2026-09-13 00:13:06,017 INFO response {"request_id": "48af5fe2db1c48b0b99acca5a07083cc", "http_status": 200, "body": {"accepted": true, "real_timestamp_ms": 1789229582952, "virtual_time_s": 3724.612096, "measure_result": "no_signal"}}
2026-09-13 00:13:06,032 INFO request {"path": "/measure", "payload": {"arena_id": "default", "robot_id": "202601002029", "request_id": "0c4282baff2d4f61be538521f12b2597", "position": {"x": -1319.1555552391176, "y": -1319.1555552391162}, "channel": 11}, "attempt": 1}
2026-09-13 00:13:06,033 INFO response {"request_id": "0c4282baff2d4f61be538521f12b2597", "http_status": 200, "body": {"accepted": true, "real_timestamp_ms": 1789229582968, "virtual_time_s": 3730.612096, "measure_result": "no_signal"}}
2026-09-13 00:13:06,064 INFO request {"path": "/measure", "payload": {"arena_id": "default", "robot_id": "202601002029", "request_id": "0eeada24a9c749039622d07214a40f50", "position": {"x": -1319.1555552391176, "y": -1319.1555552391162}, "channel": 13}, "attempt": 1}
2026-09-13 00:13:06,066 INFO response {"request_id": "0eeada24a9c749039622d07214a40f50", "http_status": 200, "body": {"accepted": true, "real_timestamp_ms": 1789229583001, "virtual_time_s": 3736.612096, "measure_result": "no_signal"}}
2026-09-13 00:13:06,082 INFO request {"path": "/measure", "payload": {"arena_id": "default", "robot_id": "202601002029", "request_id": "b9163788f8d441e885b2b1a263a72b66", "position": {"x": -1319.1555552391176, "y": -1319.1555552391162}, "channel": 15}, "attempt": 1}
2026-09-13 00:13:06,083 INFO response {"request_id": "b9163788f8d441e885b2b1a263a72b66", "http_status": 200, "body": {"accepted": true, "real_timestamp_ms": 1789229583017, "virtual_time_s": 3742.612096, "measure_result": "no_signal"}}
2026-09-13 00:13:06,113 INFO request {"path": "/measure", "payload": {"arena_id": "default", "robot_id": "202601002029", "request_id": "cba35d5b3cbc454892e44b816f9d6ef9", "position": {"x": -1319.1555552391176, "y": -1319.1555552391162}, "channel": 20}, "attempt": 1}
2026-09-13 00:13:06,126 INFO response {"request_id": "cba35d5b3cbc454892e44b816f9d6ef9", "http_status": 200, "body": {"accepted": true, "real_timestamp_ms": 1789229583061, "virtual_time_s": 3748.612096, "measure_result": "no_signal"}}
2026-09-13 00:13:06,486 INFO request {"path": "/measure", "payload": {"arena_id": "default", "robot_id": "202601002029", "request_id": "8975e111371d4d8bbad95456ec7f777a", "position": {"x": -1802.0000000000002, "y": -482.84444476088237}, "channel": 20}, "attempt": 1}
2026-09-13 00:13:06,500 INFO response {"request_id": "8975e111371d4d8bbad95456ec7f777a", "http_status": 200, "body": {"accepted": true, "real_timestamp_ms": 1789229583436, "virtual_time_s": 3946.749874, "measure_result": "no_signal"}}
2026-09-13 00:13:06,515 INFO request {"path": "/measure", "payload": {"arena_id": "default", "robot_id": "202601002029", "request_id": "3ca40368ed964db2abeca872aa5dd696", "position": {"x": -1802.0000000000002, "y": -482.84444476088237}, "channel": 3}, "attempt": 1}
2026-09-13 00:13:06,517 INFO response {"request_id": "3ca40368ed964db2abeca872aa5dd696", "http_status": 200, "body": {"accepted": true, "real_timestamp_ms": 1789229583452, "virtual_time_s": 3952.749874, "measure_result": "no_signal"}}
2026-09-13 00:13:06,547 INFO request {"path": "/measure", "payload": {"arena_id": "default", "robot_id": "202601002029", "request_id": "e186521d347e4a6cb00250503c5b6d09", "position": {"x": -1802.0000000000002, "y": -482.84444476088237}, "channel": 11}, "attempt": 1}
2026-09-13 00:13:06,549 INFO response {"request_id": "e186521d347e4a6cb00250503c5b6d09", "http_status": 200, "body": {"accepted": true, "real_timestamp_ms": 1789229583484, "virtual_time_s": 3958.749874, "measure_result": "no_signal"}}
2026-09-13 00:13:06,579 INFO request {"path": "/measure", "payload": {"arena_id": "default", "robot_id": "202601002029", "request_id": "b5ea8dd3073d489da02bcb8a744a6951", "position": {"x": -1802.0000000000002, "y": -482.84444476088237}, "channel": 13}, "attempt": 1}
2026-09-13 00:13:06,581 INFO response {"request_id": "b5ea8dd3073d489da02bcb8a744a6951", "http_status": 200, "body": {"accepted": true, "real_timestamp_ms": 1789229583516, "virtual_time_s": 3964.749874, "measure_result": "no_signal"}}
2026-09-13 00:13:06,596 INFO request {"path": "/measure", "payload": {"arena_id": "default", "robot_id": "202601002029", "request_id": "e59195b2f4da4a1786316ba099a52c77", "position": {"x": -1802.0000000000002, "y": -482.84444476088237}, "channel": 15}, "attempt": 1}
2026-09-13 00:13:06,610 INFO response {"request_id": "e59195b2f4da4a1786316ba099a52c77", "http_status": 200, "body": {"accepted": true, "real_timestamp_ms": 1789229583544, "virtual_time_s": 3970.749874, "measure_result": "no_signal"}}
2026-09-13 00:13:06,932 INFO request {"path": "/measure", "payload": {"arena_id": "default", "robot_id": "202601002029", "request_id": "68189e2c2edf439788238e91de3533a4", "position": {"x": -1801.9999999999998, "y": 482.84444476088356}, "channel": 15}, "attempt": 1}
2026-09-13 00:13:06,953 INFO response {"request_id": "68189e2c2edf439788238e91de3533a4", "http_status": 200, "body": {"accepted": true, "real_timestamp_ms": 1789229583889, "virtual_time_s": 4168.887652, "measure_result": "no_signal"}}
2026-09-13 00:13:06,969 INFO request {"path": "/measure", "payload": {"arena_id": "default", "robot_id": "202601002029", "request_id": "c63d918df5f64a1ca27bda1df4b5428a", "position": {"x": -1801.9999999999998, "y": 482.84444476088356}, "channel": 3}, "attempt": 1}
2026-09-13 00:13:06,971 INFO response {"request_id": "c63d918df5f64a1ca27bda1df4b5428a", "http_status": 200, "body": {"accepted": true, "real_timestamp_ms": 1789229583907, "virtual_time_s": 4174.887652, "measure_result": "no_signal"}}
2026-09-13 00:13:07,002 INFO request {"path": "/measure", "payload": {"arena_id": "default", "robot_id": "202601002029", "request_id": "43ff2c4eeda04918997ec249cd479f48", "position": {"x": -1801.9999999999998, "y": 482.84444476088356}, "channel": 11}, "attempt": 1}
2026-09-13 00:13:07,005 INFO response {"request_id": "43ff2c4eeda04918997ec249cd479f48", "http_status": 200, "body": {"accepted": true, "real_timestamp_ms": 1789229583940, "virtual_time_s": 4180.887652, "measure_result": "no_signal"}}
2026-09-13 00:13:07,020 INFO request {"path": "/measure", "payload": {"arena_id": "default", "robot_id": "202601002029", "request_id": "c003c4b8143e4395878939e5ef3f768e", "position": {"x": -1801.9999999999998, "y": 482.84444476088356}, "channel": 13}, "attempt": 1}
2026-09-13 00:13:07,022 INFO response {"request_id": "c003c4b8143e4395878939e5ef3f768e", "http_status": 200, "body": {"accepted": true, "real_timestamp_ms": 1789229583956, "virtual_time_s": 4186.887652, "measure_result": "no_signal"}}
2026-09-13 00:13:07,052 INFO request {"path": "/measure", "payload": {"arena_id": "default", "robot_id": "202601002029", "request_id": "12fa1050d8f9491da7e161e53c1818ec", "position": {"x": -1801.9999999999998, "y": 482.84444476088356}, "channel": 20}, "attempt": 1}
2026-09-13 00:13:07,071 INFO response {"request_id": "12fa1050d8f9491da7e161e53c1818ec", "http_status": 200, "body": {"accepted": true, "real_timestamp_ms": 1789229584006, "virtual_time_s": 4192.887652, "measure_result": "no_signal"}}
2026-09-13 00:13:07,335 INFO request {"path": "/measure", "payload": {"arena_id": "default", "robot_id": "202601002029", "request_id": "4a63eb73894e4a16ac5d791d8edf22e6", "position": {"x": -1319.1555552391167, "y": 1319.155555239117}, "channel": 20}, "attempt": 1}
2026-09-13 00:13:07,335 INFO response {"request_id": "4a63eb73894e4a16ac5d791d8edf22e6", "http_status": 200, "body": {"accepted": true, "real_timestamp_ms": 1789229584271, "virtual_time_s": 4391.02543, "measure_result": "no_signal"}}
2026-09-13 00:13:07,366 INFO request {"path": "/measure", "payload": {"arena_id": "default", "robot_id": "202601002029", "request_id": "59f5f986f3734ae8a74338e2b0470d07", "position": {"x": -1319.1555552391167, "y": 1319.155555239117}, "channel": 3}, "attempt": 1}
2026-09-13 00:13:07,894 INFO response {"request_id": "59f5f986f3734ae8a74338e2b0470d07", "http_status": 200, "body": {"accepted": true, "real_timestamp_ms": 1789229584829, "virtual_time_s": 4397.02543, "measure_result": "no_signal"}}
2026-09-13 00:13:07,894 INFO request {"path": "/measure", "payload": {"arena_id": "default", "robot_id": "202601002029", "request_id": "9105a1533c6d4cafbd2775c1c2e470ff", "position": {"x": -1319.1555552391167, "y": 1319.155555239117}, "channel": 11}, "attempt": 1}
2026-09-13 00:13:07,914 INFO response {"request_id": "9105a1533c6d4cafbd2775c1c2e470ff", "http_status": 200, "body": {"accepted": true, "real_timestamp_ms": 1789229584849, "virtual_time_s": 4403.02543, "measure_result": "no_signal"}}
2026-09-13 00:13:07,929 INFO request {"path": "/measure", "payload": {"arena_id": "default", "robot_id": "202601002029", "request_id": "bb67351e8efc45cbbab2a13f33ace6a5", "position": {"x": -1319.1555552391167, "y": 1319.155555239117}, "channel": 13}, "attempt": 1}
2026-09-13 00:13:07,944 INFO response {"request_id": "bb67351e8efc45cbbab2a13f33ace6a5", "http_status": 200, "body": {"accepted": true, "real_timestamp_ms": 1789229584879, "virtual_time_s": 4409.02543, "measure_result": "no_signal"}}
2026-09-13 00:13:07,960 INFO request {"path": "/measure", "payload": {"arena_id": "default", "robot_id": "202601002029", "request_id": "e736600b7cc144bb932e04d889695125", "position": {"x": -1319.1555552391167, "y": 1319.155555239117}, "channel": 15}, "attempt": 1}
2026-09-13 00:13:07,961 INFO response {"request_id": "e736600b7cc144bb932e04d889695125", "http_status": 200, "body": {"accepted": true, "real_timestamp_ms": 1789229584896, "virtual_time_s": 4415.02543, "measure_result": "no_signal"}}
2026-09-13 00:13:08,189 INFO request {"path": "/measure", "payload": {"arena_id": "default", "robot_id": "202601002029", "request_id": "ee73b0840a7a4328a4f547cf15857317", "position": {"x": -482.8444447608829, "y": 1802.0}, "channel": 15}, "attempt": 1}
2026-09-13 00:13:08,209 INFO response {"request_id": "ee73b0840a7a4328a4f547cf15857317", "http_status": 200, "body": {"accepted": true, "real_timestamp_ms": 1789229585144, "virtual_time_s": 4613.163208, "measure_result": "no_signal"}}
2026-09-13 00:13:08,209 INFO request {"path": "/measure", "payload": {"arena_id": "default", "robot_id": "202601002029", "request_id": "37346f09db9f477c882b29526275c257", "position": {"x": -482.8444447608829, "y": 1802.0}, "channel": 3}, "attempt": 1}
2026-09-13 00:13:08,228 INFO response {"request_id": "37346f09db9f477c882b29526275c257", "http_status": 200, "body": {"accepted": true, "real_timestamp_ms": 1789229585163, "virtual_time_s": 4619.163208, "measure_result": "no_signal"}}
2026-09-13 00:13:08,244 INFO request {"path": "/measure", "payload": {"arena_id": "default", "robot_id": "202601002029", "request_id": "f996e5589b3a4139a8d2542ca4b257ef", "position": {"x": -482.8444447608829, "y": 1802.0}, "channel": 11}, "attempt": 1}
2026-09-13 00:13:08,259 INFO response {"request_id": "f996e5589b3a4139a8d2542ca4b257ef", "http_status": 200, "body": {"accepted": true, "real_timestamp_ms": 1789229585194, "virtual_time_s": 4625.163208, "measure_result": "no_signal"}}
2026-09-13 00:13:08,274 INFO request {"path": "/measure", "payload": {"arena_id": "default", "robot_id": "202601002029", "request_id": "c307ea8cd2e948e79c98ab84f4485b98", "position": {"x": -482.8444447608829, "y": 1802.0}, "channel": 13}, "attempt": 1}
2026-09-13 00:13:08,289 INFO response {"request_id": "c307ea8cd2e948e79c98ab84f4485b98", "http_status": 200, "body": {"accepted": true, "real_timestamp_ms": 1789229585224, "virtual_time_s": 4631.163208, "measure_result": "no_signal"}}
2026-09-13 00:13:08,304 INFO request {"path": "/measure", "payload": {"arena_id": "default", "robot_id": "202601002029", "request_id": "cde9ef7b4f4e41ea99c313facda97872", "position": {"x": -482.8444447608829, "y": 1802.0}, "channel": 20}, "attempt": 1}
2026-09-13 00:13:08,306 INFO response {"request_id": "cde9ef7b4f4e41ea99c313facda97872", "http_status": 200, "body": {"accepted": true, "real_timestamp_ms": 1789229585241, "virtual_time_s": 4637.163208, "measure_result": "no_signal"}}
2026-09-13 00:13:08,338 INFO request {"path": "/measure", "payload": {"arena_id": "default", "robot_id": "202601002029", "request_id": "7a2ec90cd44f4bf79b538cbe7db8380e", "position": {"x": -482.8444447608829, "y": 1802.0}, "channel": 12}, "attempt": 1}
2026-09-13 00:13:08,339 INFO response {"request_id": "7a2ec90cd44f4bf79b538cbe7db8380e", "http_status": 200, "body": {"accepted": true, "real_timestamp_ms": 1789229585274, "virtual_time_s": 4643.163208, "measure_result": "direction", "svd_deg": 330.19}}
2026-09-13 00:13:08,495 INFO request {"path": "/measure", "payload": {"arena_id": "default", "robot_id": "202601002029", "request_id": "963a867e6bee495c92266e725cdde15e", "position": {"x": 482.8444447608835, "y": 1801.9999999999998}, "channel": 3}, "attempt": 1}
2026-09-13 00:13:08,516 INFO response {"request_id": "963a867e6bee495c92266e725cdde15e", "http_status": 200, "body": {"accepted": true, "real_timestamp_ms": 1789229585451, "virtual_time_s": 4842.300986, "measure_result": "no_signal"}}
2026-09-13 00:13:08,530 INFO request {"path": "/measure", "payload": {"arena_id": "default", "robot_id": "202601002029", "request_id": "d6ae303b5d53402fba0d28ebb6e6a5cb", "position": {"x": 482.8444447608835, "y": 1801.9999999999998}, "channel": 11}, "attempt": 1}
2026-09-13 00:13:08,545 INFO response {"request_id": "d6ae303b5d53402fba0d28ebb6e6a5cb", "http_status": 200, "body": {"accepted": true, "real_timestamp_ms": 1789229585480, "virtual_time_s": 4848.300986, "measure_result": "no_signal"}}
2026-09-13 00:13:08,559 INFO request {"path": "/measure", "payload": {"arena_id": "default", "robot_id": "202601002029", "request_id": "dcd0220b506b46f79ff1b8b7ef66bc26", "position": {"x": 482.8444447608835, "y": 1801.9999999999998}, "channel": 13}, "attempt": 1}
2026-09-13 00:13:08,561 INFO response {"request_id": "dcd0220b506b46f79ff1b8b7ef66bc26", "http_status": 200, "body": {"accepted": true, "real_timestamp_ms": 1789229585496, "virtual_time_s": 4854.300986, "measure_result": "no_signal"}}
2026-09-13 00:13:08,591 INFO request {"path": "/measure", "payload": {"arena_id": "default", "robot_id": "202601002029", "request_id": "2a140087060140b59e179a8b8bb72637", "position": {"x": 482.8444447608835, "y": 1801.9999999999998}, "channel": 15}, "attempt": 1}
2026-09-13 00:13:08,593 INFO response {"request_id": "2a140087060140b59e179a8b8bb72637", "http_status": 200, "body": {"accepted": true, "real_timestamp_ms": 1789229585528, "virtual_time_s": 4860.300986, "measure_result": "no_signal"}}
2026-09-13 00:13:08,624 INFO request {"path": "/measure", "payload": {"arena_id": "default", "robot_id": "202601002029", "request_id": "bb9c91bf5f004bfab706d2d6348283b3", "position": {"x": 482.8444447608835, "y": 1801.9999999999998}, "channel": 20}, "attempt": 1}
2026-09-13 00:13:08,644 INFO response {"request_id": "bb9c91bf5f004bfab706d2d6348283b3", "http_status": 200, "body": {"accepted": true, "real_timestamp_ms": 1789229585579, "virtual_time_s": 4866.300986, "measure_result": "direction", "svd_deg": 306.58}}
2026-09-13 00:13:13,482 INFO request {"path": "/measure", "payload": {"arena_id": "default", "robot_id": "202601002029", "request_id": "e42a9d01ebae4462a3794d544cf8e86b", "position": {"x": 536.4794589843101, "y": 1729.7277006782483}, "channel": 20}, "attempt": 1}
2026-09-13 00:13:13,483 INFO response {"request_id": "e42a9d01ebae4462a3794d544cf8e86b", "http_status": 200, "body": {"accepted": true, "real_timestamp_ms": 1789229590419, "virtual_time_s": 4889.300986, "measure_result": "direction", "svd_deg": 306.39}}
2026-09-13 00:13:13,516 INFO request {"path": "/clear", "payload": {"arena_id": "default", "robot_id": "202601002029", "request_id": "838695a36696450885d683fccc1374a2", "position": {"x": 740.8875176693018, "y": 1190.6050578997038}, "channel": 8}, "attempt": 1}
2026-09-13 00:13:13,518 INFO response {"request_id": "838695a36696450885d683fccc1374a2", "http_status": 200, "body": {"accepted": true, "real_timestamp_ms": 1789229590453, "virtual_time_s": 5009.615491, "clear_result": "success"}}
2026-09-13 00:13:13,549 INFO request {"path": "/clear", "payload": {"arena_id": "default", "robot_id": "202601002029", "request_id": "4fab6a1d6c7c4a4d8340c1c54f64161f", "position": {"x": 239.2459758349899, "y": 248.70515079433926}, "channel": 6}, "attempt": 1}
2026-09-13 00:13:13,562 INFO response {"request_id": "4fab6a1d6c7c4a4d8340c1c54f64161f", "http_status": 200, "body": {"accepted": true, "real_timestamp_ms": 1789229590497, "virtual_time_s": 5228.04648, "clear_result": "success"}}
2026-09-13 00:13:13,578 INFO request {"path": "/clear", "payload": {"arena_id": "default", "robot_id": "202601002029", "request_id": "05bf97fc33994005b4f22b09661c3a5b", "position": {"x": 1100.4560779318992, "y": -67.11399483196816}, "channel": 18}, "attempt": 1}
2026-09-13 00:13:13,592 INFO response {"request_id": "05bf97fc33994005b4f22b09661c3a5b", "http_status": 200, "body": {"accepted": true, "real_timestamp_ms": 1789229590527, "virtual_time_s": 5416.504876, "clear_result": "success"}}
2026-09-13 00:13:20,247 INFO request {"path": "/measure", "payload": {"arena_id": "default", "robot_id": "202601002029", "request_id": "3b2df073de194b74b913a166e434648e", "position": {"x": 1254.9035915430347, "y": -426.40403500431165}, "channel": 14}, "attempt": 1}
2026-09-13 00:13:20,259 INFO response {"request_id": "3b2df073de194b74b913a166e434648e", "http_status": 200, "body": {"accepted": true, "real_timestamp_ms": 1789229597194, "virtual_time_s": 5500.720825, "measure_result": "direction", "svd_deg": 6.14}}
2026-09-13 00:13:20,279 INFO request {"path": "/clear", "payload": {"arena_id": "default", "robot_id": "202601002029", "request_id": "ad969ed3fb6a497c964cb312b675f0d3", "position": {"x": 894.5208768014643, "y": -1136.036732678453}, "channel": 1}, "attempt": 1}
2026-09-13 00:13:20,281 INFO response {"request_id": "ad969ed3fb6a497c964cb312b675f0d3", "http_status": 200, "body": {"accepted": true, "real_timestamp_ms": 1789229597216, "virtual_time_s": 5664.900505, "clear_result": "success"}}
2026-09-13 00:13:20,312 INFO request {"path": "/clear", "payload": {"arena_id": "default", "robot_id": "202601002029", "request_id": "2949cb6d239740ec872b8ec90f30cf86", "position": {"x": 1663.188417571994, "y": -382.70060185490786}, "channel": 14}, "attempt": 1}
2026-09-13 00:13:20,315 INFO response {"request_id": "2949cb6d239740ec872b8ec90f30cf86", "http_status": 200, "body": {"accepted": true, "real_timestamp_ms": 1789229597249, "virtual_time_s": 5885.155248, "clear_result": "success"}}
2026-09-13 00:13:26,106 INFO request {"path": "/measure", "payload": {"arena_id": "default", "robot_id": "202601002029", "request_id": "f759c8ed04f842fd8f5f5ca9149dca29", "position": {"x": 535.2265173245785, "y": -1337.0995028172547}, "channel": 5}, "attempt": 1}
2026-09-13 00:13:26,108 INFO response {"request_id": "f759c8ed04f842fd8f5f5ca9149dca29", "http_status": 200, "body": {"accepted": true, "real_timestamp_ms": 1789229603043, "virtual_time_s": 6186.66669, "measure_result": "direction", "svd_deg": 272.48}}
2026-09-13 00:13:29,353 INFO request {"path": "/clear", "payload": {"arena_id": "default", "robot_id": "202601002029", "request_id": "64e97d9ad45f4c0b8d49c445084c6d36", "position": {"x": 551.4273677165693, "y": -1679.9866673691602}, "channel": 5}, "attempt": 1}
2026-09-13 00:13:29,354 INFO response {"request_id": "64e97d9ad45f4c0b8d49c445084c6d36", "http_status": 200, "body": {"accepted": true, "real_timestamp_ms": 1789229606289, "virtual_time_s": 6260.320627, "clear_result": "success"}}
2026-09-13 00:13:29,385 INFO request {"path": "/clear", "payload": {"arena_id": "default", "robot_id": "202601002029", "request_id": "5f517ca8cce14b1b913c39a13cfd9e2e", "position": {"x": 129.54735847793188, "y": -1494.6772552977725}, "channel": 4}, "attempt": 1}
2026-09-13 00:13:29,387 INFO response {"request_id": "5f517ca8cce14b1b913c39a13cfd9e2e", "http_status": 200, "body": {"accepted": true, "real_timestamp_ms": 1789229606322, "virtual_time_s": 6357.477519, "clear_result": "success"}}
2026-09-13 00:13:29,418 INFO request {"path": "/clear", "payload": {"arena_id": "default", "robot_id": "202601002029", "request_id": "0db0d936d5cd43e788395927c149eede", "position": {"x": -128.45154402158136, "y": -1021.5241016619519}, "channel": 16}, "attempt": 1}
2026-09-13 00:13:29,420 INFO response {"request_id": "0db0d936d5cd43e788395927c149eede", "http_status": 200, "body": {"accepted": true, "real_timestamp_ms": 1789229606355, "virtual_time_s": 6470.261997, "clear_result": "success"}}
2026-09-13 00:13:29,451 INFO request {"path": "/clear", "payload": {"arena_id": "default", "robot_id": "202601002029", "request_id": "acf36bc47bb64a5987c48f4a3afe276c", "position": {"x": -269.59159164415297, "y": -549.4386471003129}, "channel": 7}, "attempt": 1}
2026-09-13 00:13:29,468 INFO response {"request_id": "acf36bc47bb64a5987c48f4a3afe276c", "http_status": 200, "body": {"accepted": true, "real_timestamp_ms": 1789229606403, "virtual_time_s": 6573.808471, "clear_result": "success"}}
2026-09-13 00:13:32,773 INFO request {"path": "/clear", "payload": {"arena_id": "default", "robot_id": "202601002029", "request_id": "caff5e906fd945ef81e6b28bcb9fd7aa", "position": {"x": -469.9830482205054, "y": -128.51412637494263}, "channel": 17}, "attempt": 1}
2026-09-13 00:13:32,775 INFO response {"request_id": "caff5e906fd945ef81e6b28bcb9fd7aa", "http_status": 200, "body": {"accepted": true, "real_timestamp_ms": 1789229609710, "virtual_time_s": 6672.046701, "clear_result": "success"}}
2026-09-13 00:13:32,806 INFO request {"path": "/clear", "payload": {"arena_id": "default", "robot_id": "202601002029", "request_id": "ff2259eda0dc409a96f4078bc4b199ce", "position": {"x": -203.7429670755993, "y": 967.5687327316492}, "channel": 19}, "attempt": 1}
2026-09-13 00:13:32,807 INFO response {"request_id": "ff2259eda0dc409a96f4078bc4b199ce", "http_status": 200, "body": {"accepted": true, "real_timestamp_ms": 1789229609742, "virtual_time_s": 6902.637606, "clear_result": "success"}}
2026-09-13 00:13:36,227 INFO request {"path": "/measure", "payload": {"arena_id": "default", "robot_id": "202601002029", "request_id": "5e24acf87e9d465b967bbdacde9f5252", "position": {"x": -105.69262384072704, "y": 1153.72806325076}, "channel": 12}, "attempt": 1}
2026-09-13 00:13:36,243 INFO response {"request_id": "5e24acf87e9d465b967bbdacde9f5252", "http_status": 200, "body": {"accepted": true, "real_timestamp_ms": 1789229613178, "virtual_time_s": 6950.718084, "measure_result": "direction", "svd_deg": 6.01}}
2026-09-13 00:13:36,263 INFO request {"path": "/clear", "payload": {"arena_id": "default", "robot_id": "202601002029", "request_id": "c8d64f7497714ab5a7fb81e7ae088a3f", "position": {"x": 550.3741128272943, "y": 1221.8470045631348}, "channel": 12}, "attempt": 1}
2026-09-13 00:13:36,283 INFO response {"request_id": "c8d64f7497714ab5a7fb81e7ae088a3f", "http_status": 200, "body": {"accepted": true, "real_timestamp_ms": 1789229613218, "virtual_time_s": 7087.636809, "clear_result": "success"}}
2026-09-13 00:13:37,796 INFO request {"path": "/measure", "payload": {"arena_id": "default", "robot_id": "202601002029", "request_id": "8248e398e22a4e32b2ff12d5f48887c8", "position": {"x": 857.1819535155537, "y": 1589.5495640040947}, "channel": 20}, "attempt": 1}
2026-09-13 00:13:37,816 INFO response {"request_id": "8248e398e22a4e32b2ff12d5f48887c8", "http_status": 200, "body": {"accepted": true, "real_timestamp_ms": 1789229614751, "virtual_time_s": 7189.414932, "measure_result": "direction", "svd_deg": 294.81}}
2026-09-13 00:13:39,387 INFO request {"path": "/measure", "payload": {"arena_id": "default", "robot_id": "202601002029", "request_id": "ab7e9c15b885486f9c976cead0bd3214", "position": {"x": 1020.6310519769756, "y": 1474.291626263788}, "channel": 20}, "attempt": 1}
2026-09-13 00:13:39,406 INFO response {"request_id": "ab7e9c15b885486f9c976cead0bd3214", "http_status": 200, "body": {"accepted": true, "real_timestamp_ms": 1789229616341, "virtual_time_s": 7234.414932, "measure_result": "direction", "svd_deg": 285.5}}
2026-09-13 00:13:41,406 INFO request {"path": "/measure", "payload": {"arena_id": "default", "robot_id": "202601002029", "request_id": "f1b7caf9f54441f3aaf3790729136443", "position": {"x": 1163.281141807812, "y": 1334.1097734038178}, "channel": 20}, "attempt": 1}
2026-09-13 00:13:41,408 INFO response {"request_id": "f1b7caf9f54441f3aaf3790729136443", "http_status": 200, "body": {"accepted": true, "real_timestamp_ms": 1789229618343, "virtual_time_s": 7279.414932, "measure_result": "direction", "svd_deg": 273.21}}
2026-09-13 00:13:43,181 INFO request {"path": "/measure", "payload": {"arena_id": "default", "robot_id": "202601002029", "request_id": "4f7f7418c13449a08d55ac50f0fcd6af", "position": {"x": 1354.9793821341577, "y": 1041.2757168875332}, "channel": 20}, "attempt": 1}
2026-09-13 00:13:43,181 INFO response {"request_id": "4f7f7418c13449a08d55ac50f0fcd6af", "http_status": 200, "body": {"accepted": true, "real_timestamp_ms": 1789229620117, "virtual_time_s": 7354.414932, "measure_result": "direction", "svd_deg": 231.16}}
2026-09-13 00:13:43,218 INFO request {"path": "/clear", "payload": {"arena_id": "default", "robot_id": "202601002029", "request_id": "19c4268e39bd49d48e31197d51f2b1c6", "position": {"x": 1195.2179714275385, "y": 842.5511107617983}, "channel": 20}, "attempt": 1}
2026-09-13 00:13:43,233 INFO response {"request_id": "19c4268e39bd49d48e31197d51f2b1c6", "http_status": 200, "body": {"accepted": true, "real_timestamp_ms": 1789229620168, "virtual_time_s": 7410.41108, "clear_result": "success"}}
2026-09-13 00:13:43,250 INFO request {"path": "/exit", "payload": {"arena_id": "default", "robot_id": "202601002029", "request_id": "740faea9cd1d494a8346aeeca3c71e70"}, "attempt": 1}
2026-09-13 00:13:43,263 INFO response {"request_id": "740faea9cd1d494a8346aeeca3c71e70", "http_status": 200, "body": {"accepted": true, "real_timestamp_ms": 1789229620197, "virtual_time_s": 7410.41108, "exit_reason": "user_exit"}}
